Timestamp,Thumb Flex,Pointer Flex,Middle Flex,Ring Flex,Pinky Flex,Thumb Acc. X,Thumb Acc. Y,Thumb Acc. Z,Thumb Gyro X,Thumb Gyro Y,Thumb Gyro Z,Pointer Acc. X,Pointer Acc. Y,Pointer Acc. Z,Pointer Gyro X,Pointer Gyro Y,Pointer Gyro Z,Middle Acc. X,Middle Acc. Y,Middle Acc. Z,Middle Gyro X,Middle Gyro Y,Middle Gyro Z,Ring Acc. X,Ring Acc. Y,Ring Acc. Z,Ring Gyro X,Ring Gyro Y,Ring Gyro Z,Pinky Acc. X,Pinky Acc. Y,Pinky Acc. Z,Pinky Gyro X,Pinky Gyro Y,Pinky Gyro Z,Wrist Gyro X,Wrist Gyro Y,Wrist Gyro Z,Wrist Acc. X,Wrist Acc. Y,Wrist Acc. Z,Hand
1.051,135,193,177,255,154,2.45,3.29,6.96,1.46,-0.25,0.42,-1.53,7.08,4.83,0.86,0.24,1.07,-1.79,8.80,1.80,0.67,0.50,1.05,-1.57,8.81,1.50,0.88,0.55,0.73,1.17,8.40,-2.69,1.04,0.57,0.34,0.88,0.24,0.33,15.01,69.46,-1.16,R
1.102,133,193,180,255,153,0.65,2.04,10.52,1.71,-0.56,0.60,-1.95,7.42,4.62,1.11,0.28,1.52,-1.05,9.19,0.58,1.00,0.79,1.57,-0.94,9.39,0.45,1.55,1.00,1.27,0.65,9.12,-2.75,1.99,1.00,0.63,0.85,0.22,0.25,20.81,119.38,-13.18,R
1.153,131,193,178,255,153,2.71,4.93,6.92,1.84,-0.22,0.40,-0.41,7.52,3.82,1.12,0.40,1.18,-0.76,8.83,1.05,0.86,0.62,1.14,-1.01,8.96,0.58,1.13,0.64,0.75,1.33,8.11,-3.75,1.27,0.56,0.22,0.99,0.21,0.18,19.96,84.29,-9.77,R
1.203,129,195,177,255,153,1.62,5.25,8.06,1.27,-0.10,0.40,-0.83,9.88,3.39,0.81,0.35,0.90,-0.17,10.40,-0.01,0.66,0.50,0.87,-0.57,9.95,-0.13,0.83,0.55,0.66,1.35,8.72,-3.82,0.94,0.49,0.37,0.96,0.18,0.10,16.24,65.80,-7.75,R
1.255,129,194,178,255,153,2.04,5.54,7.93,0.98,-0.04,0.33,-0.06,8.97,3.01,0.64,0.30,0.68,0.69,9.39,-0.33,0.56,0.47,0.67,0.20,9.35,-1.08,0.80,0.56,0.49,2.19,7.62,-5.05,0.97,0.52,0.17,0.93,0.21,0.07,17.70,54.02,-10.19,R
1.306,126,193,178,255,153,2.47,5.73,7.09,0.98,0.09,0.35,-0.05,9.09,2.53,0.67,0.46,0.55,-0.09,9.66,-0.06,0.46,0.37,0.45,-1.11,9.95,0.45,0.58,0.36,0.22,0.86,9.86,-3.04,0.38,0.23,-0.04,1.04,0.17,0.01,19.35,41.14,-6.53,R
1.357,126,193,177,255,153,2.68,7.56,5.86,-0.46,0.48,0.06,-0.63,9.52,3.43,-0.45,0.28,-0.41,0.19,9.97,-0.01,-0.41,-0.17,-0.51,0.43,9.60,-1.26,-0.51,-0.22,-0.46,2.91,7.23,-6.03,-0.57,-0.15,-0.27,0.98,0.20,0.00,8.97,-35.03,8.67,R
1.408,126,193,178,255,153,1.34,3.29,10.54,0.33,0.03,0.13,-0.71,8.67,3.46,0.36,0.33,0.39,0.82,9.28,-0.52,0.46,0.47,0.50,0.35,9.05,-1.31,0.79,0.60,0.43,1.77,7.68,-4.78,1.12,0.50,0.11,0.93,0.21,0.02,9.34,45.84,-15.56,R
1.46,124,191,178,255,153,2.16,7.45,6.68,0.98,0.07,0.31,-0.20,10.47,2.72,0.54,0.28,0.61,0.54,10.89,-0.87,0.39,0.40,0.50,-0.16,10.67,-1.33,0.38,0.46,0.29,1.99,8.79,-5.02,0.38,0.40,0.06,1.03,0.15,-0.02,13.79,37.66,-6.47,R
1.509,123,190,177,255,153,2.02,5.46,8.33,0.52,0.07,0.31,-0.24,9.16,2.90,0.35,0.21,0.60,1.00,9.57,-0.77,0.34,0.37,0.57,0.79,9.37,-2.09,0.58,0.42,0.47,2.74,7.39,-6.07,0.82,0.41,0.24,0.94,0.16,-0.05,14.47,40.65,-4.46,R
1.561,124,192,177,255,153,2.52,6.44,7.02,1.05,-0.13,0.35,0.30,9.31,2.49,0.61,0.26,0.90,1.37,9.42,-1.05,0.53,0.49,0.83,0.52,9.27,-1.80,0.74,0.56,0.59,2.33,7.52,-5.41,0.91,0.56,0.23,0.99,0.16,-0.10,16.78,62.32,-5.80,R
1.611,124,191,176,255,153,2.40,6.19,7.23,1.01,-0.00,0.40,0.29,9.04,2.50,0.68,0.29,0.95,1.99,9.76,-1.33,0.68,0.51,0.98,2.11,9.25,-3.56,0.99,0.65,0.79,3.99,5.70,-7.84,1.36,0.71,0.40,0.88,0.17,-0.15,17.88,67.02,-7.75,R
1.663,123,190,177,255,152,2.12,6.70,7.11,1.87,-0.35,0.69,1.12,9.35,1.91,1.14,0.30,1.71,2.30,9.77,-1.59,0.92,0.82,1.59,1.21,9.57,-2.44,1.39,0.99,1.26,2.87,7.05,-6.03,1.74,0.98,0.64,0.98,0.14,-0.24,20.26,119.26,-11.41,R
1.714,123,192,177,255,150,3.30,7.39,5.23,1.65,-0.22,0.74,2.42,9.09,1.13,0.87,0.25,1.61,3.52,8.62,-2.10,0.79,0.69,1.49,2.69,8.56,-3.82,1.22,0.82,1.09,4.12,5.44,-7.65,1.64,0.87,0.53,0.89,0.16,-0.32,21.18,101.81,-6.90,R
1.765,122,192,176,255,153,3.51,7.02,4.96,1.99,-0.46,0.86,2.99,9.61,0.92,1.14,0.25,1.95,4.69,8.95,-2.47,1.00,0.83,1.79,3.53,8.20,-4.41,1.53,1.15,1.43,4.26,4.48,-7.40,2.02,1.24,0.69,0.88,0.16,-0.43,22.28,128.42,-12.33,R
1.816,122,191,176,255,152,3.99,8.27,3.09,2.31,-0.36,0.78,3.96,8.56,0.10,1.32,0.34,1.99,5.51,8.72,-2.95,1.11,0.85,1.87,4.25,8.32,-4.72,1.54,1.08,1.45,4.88,4.84,-7.38,1.91,1.12,0.77,0.82,0.16,-0.54,22.40,129.82,-10.62,R
1.867,124,193,178,255,152,4.00,7.84,3.29,2.08,-0.37,1.10,4.99,8.27,-0.34,1.17,0.19,2.20,6.38,7.10,-3.16,1.06,1.00,2.11,5.41,6.53,-5.63,1.56,1.31,1.67,5.56,3.27,-7.77,2.14,1.51,0.77,0.70,0.17,-0.64,28.63,134.09,-12.08,R
1.918,122,190,176,255,152,4.71,8.26,1.55,2.32,-0.45,1.21,5.93,7.85,-0.80,1.24,0.32,2.36,6.82,7.06,-2.87,1.08,1.08,2.11,6.00,6.93,-5.60,1.50,1.38,1.63,6.10,2.86,-7.74,1.96,1.57,0.76,0.66,0.18,-0.73,29.05,136.41,-11.29,R
1.969,123,192,177,255,153,6.00,7.15,-0.11,1.93,-0.54,1.10,6.74,5.96,-0.95,1.00,0.18,2.13,7.47,4.92,-2.60,0.84,0.89,1.95,6.29,5.02,-4.76,1.26,1.09,1.51,6.93,1.08,-7.43,1.65,1.19,0.89,0.60,0.16,-0.78,26.86,118.59,-5.13,R
2.02,123,191,176,255,153,6.21,6.57,-0.48,1.94,-0.49,1.06,7.27,5.42,-1.03,1.06,0.38,2.12,7.95,4.20,-2.44,0.90,1.11,1.85,6.72,4.32,-4.35,1.40,1.38,1.49,7.35,1.00,-6.81,1.86,1.35,0.68,0.51,0.20,-0.83,29.60,123.23,-11.84,R
2.071,125,191,176,255,153,6.60,6.35,-1.81,1.95,-0.72,1.07,7.17,5.06,-0.63,0.94,0.02,2.10,7.61,4.00,-1.58,0.74,0.62,1.94,6.61,3.84,-3.23,1.14,0.88,1.67,6.74,0.27,-4.60,1.50,0.98,0.98,0.47,0.20,-0.89,21.42,116.27,-3.30,R
2.121,126,190,176,255,155,7.41,6.87,-3.60,1.25,-0.52,0.77,9.33,3.49,-2.27,0.41,0.06,1.48,10.16,1.93,-2.72,0.59,0.36,1.24,8.39,1.97,-4.82,0.61,0.62,0.97,7.87,-1.52,-5.93,0.79,0.82,0.38,0.39,0.23,-0.89,20.63,69.15,6.04,R
2.172,126,189,177,255,153,6.68,6.39,-2.41,0.98,-0.33,0.71,8.22,3.50,-1.42,0.42,0.16,1.08,8.75,2.66,-1.71,0.29,0.43,1.01,8.48,2.93,-4.19,0.49,0.56,0.89,8.51,-1.62,-5.84,0.92,0.94,0.20,0.27,0.25,-0.91,17.09,59.14,5.31,R
2.224,126,190,175,255,154,7.21,5.10,-2.85,1.04,-0.60,0.72,9.36,2.66,-1.87,0.20,0.09,1.36,9.39,0.67,-1.94,0.13,0.61,1.00,8.02,0.76,-3.53,0.40,0.82,0.89,7.41,-2.61,-4.19,0.75,0.70,0.22,0.33,0.25,-0.90,16.42,63.96,5.00,R
2.274,128,190,175,255,152,7.77,6.11,-4.74,0.43,-0.05,0.77,9.79,2.55,-2.23,-0.15,0.23,0.85,8.99,1.21,-0.86,-0.06,0.57,0.45,8.12,0.79,-2.95,-0.06,0.51,0.34,7.36,-2.12,-3.17,0.10,0.48,-0.26,0.24,0.26,-0.93,24.11,21.73,11.90,R
2.325,129,191,175,255,156,6.91,5.51,-3.49,0.30,0.28,0.70,13.60,4.73,-2.87,-0.52,0.25,0.72,11.15,1.75,-2.85,-0.18,0.44,0.23,9.45,1.02,-4.14,-0.12,0.65,0.10,8.25,-2.77,-4.51,0.02,0.30,-0.45,0.20,0.32,-0.88,23.56,10.99,7.63,R
2.377,134,188,173,255,156,8.00,5.58,-2.93,0.39,0.94,0.66,9.99,2.02,-3.15,-1.39,4.36,0.75,9.77,1.13,-1.90,-0.50,0.79,-0.34,9.99,1.88,-5.46,-0.16,0.40,-0.71,9.18,-1.10,-6.52,-0.14,-0.28,-1.01,0.26,0.32,-0.94,38.70,-5.13,0.98,R
2.428,134,190,167,255,153,7.86,4.37,-2.11,-0.00,0.84,0.41,8.46,3.05,1.96,-0.35,3.29,-0.09,8.58,1.92,0.24,-0.08,2.99,-1.10,8.78,0.20,-2.91,0.31,3.43,-0.67,8.95,-2.98,-5.58,0.57,1.62,-1.47,0.18,0.36,-0.93,45.72,-22.22,-10.68,R
2.479,136,192,170,255,166,8.78,4.09,-3.47,0.13,1.09,0.38,11.03,0.83,-0.11,-0.07,2.95,0.14,9.12,1.46,-0.27,0.31,1.13,-0.56,9.58,1.38,-3.53,0.29,1.36,-0.86,8.11,-0.45,-3.17,0.40,0.63,-1.28,0.32,0.38,-0.90,48.65,-29.24,-17.40,R
2.53,136,196,175,255,172,7.41,5.30,-1.45,-0.03,1.22,0.24,9.86,1.99,5.62,-0.04,2.80,-0.10,9.67,3.69,1.65,0.25,1.95,-0.78,9.05,2.61,-0.19,0.35,1.47,-0.88,8.81,-0.92,-3.08,0.17,-0.46,-1.10,0.22,0.42,-0.88,52.37,-31.19,-17.09,R
2.581,136,196,176,255,170,9.30,4.13,-2.57,0.07,0.92,0.26,8.97,0.86,3.78,0.24,3.22,-0.16,9.82,1.93,-0.16,0.53,1.46,-0.51,10.43,4.00,-2.19,0.60,1.39,-0.60,8.87,1.91,-3.92,0.21,0.65,-0.68,0.35,0.46,-0.84,36.07,-23.38,-11.60,R
2.632,135,207,183,255,179,8.15,4.31,-0.76,-0.35,0.95,0.14,7.44,2.23,5.81,0.20,3.13,-0.04,9.93,2.18,2.91,0.35,2.41,-0.56,9.19,2.85,0.55,0.29,1.35,-0.54,9.27,0.71,-3.36,0.02,0.25,-0.78,0.29,0.46,-0.81,46.33,-17.33,-11.17,R
2.682,134,209,186,255,178,8.50,3.40,0.12,-0.12,0.60,0.22,2.99,1.15,8.28,0.45,3.46,-0.11,6.58,2.28,3.10,0.24,1.68,-0.42,9.54,3.51,-1.91,0.17,1.28,-0.23,10.13,1.84,-6.91,0.33,1.07,-0.77,0.34,0.49,-0.81,30.58,-15.81,-4.33,R
2.734,134,222,197,255,187,8.40,3.12,0.09,-0.31,0.74,-0.15,2.42,0.66,8.20,0.28,5.10,-0.18,5.89,1.85,5.31,0.49,5.51,-0.20,7.38,2.84,3.06,0.38,3.68,0.05,7.57,1.33,0.59,0.35,4.81,-0.67,0.32,0.50,-0.76,30.27,-13.67,-5.07,R
2.785,133,229,215,255,206,9.84,3.62,-2.92,-0.20,0.54,0.11,4.19,1.60,8.41,-0.04,2.40,-0.49,6.21,2.26,6.63,0.59,3.09,-0.14,9.38,2.66,2.01,-0.08,2.23,-0.32,10.88,-0.95,-0.75,-0.05,2.30,-0.65,0.37,0.54,-0.77,28.87,-23.86,-3.05,R
2.835,131,239,233,255,214,8.33,3.90,-0.19,-0.18,0.64,0.12,-0.47,2.02,10.49,0.05,2.66,-0.24,4.34,5.50,7.31,0.72,3.82,0.24,7.47,5.02,3.17,0.11,2.77,0.03,12.20,1.59,-5.07,0.68,2.71,-0.62,0.33,0.55,-0.72,29.54,-7.51,-5.86,R
2.886,128,244,240,255,226,9.08,4.51,-0.47,0.09,0.28,-0.05,0.90,2.15,10.33,-0.23,1.61,-0.36,3.20,3.86,8.74,0.61,3.37,-0.07,5.63,3.48,7.40,0.36,2.63,-0.49,9.44,1.01,3.51,0.45,2.44,-0.71,0.43,0.54,-0.68,22.16,-13.12,-2.75,R
2.937,122,245,246,255,235,8.93,4.49,-0.27,0.10,-0.09,0.11,0.39,2.20,9.00,-0.11,1.21,-0.22,0.10,5.39,9.61,0.53,2.99,0.16,5.25,3.97,7.55,0.30,2.58,-0.12,7.79,2.96,4.97,0.59,2.37,-0.40,0.37,0.60,-0.75,23.01,-8.61,-4.27,R
2.988,117,248,250,255,239,9.67,4.44,-0.76,0.11,-0.06,-0.00,-1.07,0.84,10.11,-0.07,1.12,-0.23,0.27,4.23,10.02,0.34,2.24,-0.02,4.16,3.54,8.63,0.28,2.16,-0.17,6.73,1.80,6.84,0.58,1.57,-0.25,0.41,0.60,-0.69,12.76,-7.51,-2.01,R
3.039,114,250,255,255,243,9.09,3.58,0.24,0.08,-0.04,0.04,-1.13,1.47,9.70,0.07,1.24,-0.04,-2.36,5.38,10.35,0.54,1.76,-0.03,2.43,5.16,8.83,0.47,1.53,-0.23,7.14,3.32,5.67,0.41,0.24,-0.24,0.38,0.59,-0.67,24.84,-12.39,-11.11,R
3.09,102,252,255,255,243,7.86,3.51,1.16,0.08,-0.29,-0.29,-2.42,1.50,8.84,0.23,1.51,-0.05,-1.69,4.94,8.21,0.37,1.78,0.12,2.70,5.14,8.12,0.07,1.12,-0.47,7.31,4.33,4.81,0.01,-0.23,0.01,0.41,0.59,-0.65,8.61,-7.14,-7.69,R
3.141,99,253,255,255,242,8.21,4.00,1.33,0.01,0.19,-0.29,-3.36,2.75,8.85,0.11,1.88,-0.04,-0.65,5.43,8.86,0.32,1.33,0.08,3.22,5.05,8.25,0.23,1.09,-0.11,7.07,3.50,5.62,-0.12,-1.00,0.03,0.43,0.58,-0.65,9.64,-5.19,-4.15,R
3.192,99,255,255,255,237,8.91,3.29,1.21,0.08,-0.02,-0.27,-5.88,1.33,8.48,0.28,1.48,0.04,-2.69,5.50,7.83,0.15,0.67,0.15,2.83,5.77,7.84,0.14,0.48,-0.01,8.62,3.64,3.60,-0.15,-0.73,0.23,0.42,0.61,-0.67,-5.49,-1.53,-4.64,R
3.243,100,255,255,255,237,8.90,4.76,-0.75,-0.09,0.37,-0.22,-4.68,2.23,8.92,0.13,1.47,-0.01,-1.99,5.45,8.56,0.10,0.37,-0.06,3.07,4.72,8.48,0.11,0.28,-0.10,8.17,3.33,4.39,-0.03,-0.42,-0.04,0.45,0.60,-0.67,3.97,-5.49,-2.75,R
3.294,103,255,255,255,237,8.83,4.14,0.66,-0.02,0.26,-0.23,-6.28,1.14,7.07,0.14,1.48,0.12,-2.26,5.40,7.00,-0.08,0.09,0.09,2.24,4.49,7.99,0.01,0.04,0.12,7.68,3.05,4.19,-0.05,-0.16,0.19,0.45,0.60,-0.67,-3.42,2.44,-1.46,R
3.345,109,255,255,255,233,9.09,4.85,-2.10,0.19,0.20,-0.24,-5.31,4.15,9.36,0.20,0.99,-0.00,-1.24,5.45,8.47,0.12,0.17,-0.01,3.89,5.09,8.23,0.10,0.25,-0.09,9.37,2.60,3.86,0.08,0.07,-0.11,0.42,0.60,-0.66,3.97,-4.21,-1.95,R
3.396,107,255,255,255,234,9.02,3.41,0.14,0.01,0.07,-0.15,-6.17,1.70,6.86,0.07,0.66,0.02,-2.15,5.05,7.39,-0.04,0.05,0.02,3.24,4.22,7.79,0.02,0.07,0.04,8.26,2.63,3.86,0.03,0.01,0.07,0.46,0.58,-0.66,-2.50,-0.61,-1.22,R
3.447,112,255,255,255,234,8.74,4.61,-0.68,0.17,0.18,-0.23,-7.12,3.44,8.02,0.16,0.11,0.14,-2.62,5.63,7.98,0.03,-0.08,0.09,2.91,5.29,8.06,0.05,-0.09,0.04,8.62,3.73,3.96,0.02,-0.06,0.00,0.43,0.58,-0.65,-1.95,-0.18,-2.62,R
3.498,114,255,255,255,233,8.72,4.41,-0.47,-0.10,0.53,-0.18,-5.82,3.07,7.52,-0.04,0.10,-0.00,-2.19,5.37,8.26,-0.11,0.13,0.00,3.27,4.63,8.14,-0.05,0.13,0.05,8.55,3.39,3.85,-0.06,0.13,0.07,0.44,0.60,-0.69,2.32,3.78,0.67,R
3.55,117,255,255,255,232,8.78,4.77,0.81,0.07,-0.03,-0.06,-7.20,2.30,7.80,-0.04,-0.49,0.13,-3.57,5.61,8.50,-0.12,-0.51,0.05,2.05,4.92,9.12,-0.19,-0.64,0.10,7.95,2.88,6.04,-0.17,-0.52,0.06,0.44,0.58,-0.66,-4.88,3.11,0.55,R
3.6,112,255,255,255,232,9.01,4.65,-1.01,-0.03,0.08,-0.06,-5.18,3.44,7.69,0.06,-0.24,0.18,-1.38,5.63,7.96,0.05,-0.31,0.03,3.52,4.66,8.11,0.05,-0.23,-0.03,8.94,2.77,3.62,-0.03,-0.37,-0.11,0.44,0.59,-0.67,3.72,-4.94,-3.42,R
3.651,112,255,253,255,227,8.42,5.02,1.06,-0.10,0.01,0.06,-14.31,4.00,11.81,-0.38,-4.13,0.27,-5.07,6.54,9.26,-0.31,-2.34,0.09,6.56,4.24,6.20,-0.41,-2.03,0.10,10.46,2.38,2.08,-0.36,-1.59,0.04,0.46,0.59,-0.67,-13.79,1.40,2.62,R
3.702,108,252,249,255,225,9.09,5.68,-0.91,-0.21,0.24,-0.16,-3.59,2.16,9.20,0.37,0.31,0.32,-1.18,4.36,8.78,0.30,-0.33,-0.01,3.03,4.08,7.90,0.29,-0.40,-0.33,8.13,3.03,3.39,-0.18,-0.69,-0.43,0.52,0.55,-0.68,4.64,-18.92,-8.24,R
3.753,110,250,248,255,229,9.88,2.76,0.80,-0.87,0.58,-0.73,-8.08,0.64,10.65,1.23,-1.01,0.40,-6.52,4.36,10.36,0.82,-2.78,-0.10,-0.98,3.33,9.76,0.49,-3.29,-0.77,4.63,2.92,4.02,-0.47,-2.96,-1.10,0.67,0.50,-0.70,-25.76,-65.06,-26.79,R
3.804,107,247,243,255,217,9.43,6.12,-2.65,-2.28,1.14,-1.56,-0.37,3.89,8.08,3.02,-0.29,-0.16,1.01,6.85,7.79,2.61,-1.18,-0.55,5.24,6.12,6.47,1.67,-1.31,-1.91,9.52,4.65,0.72,-0.42,-2.40,-1.97,0.50,0.59,-0.73,-26.25,-162.90,-45.41,R
3.855,106,248,241,255,216,9.37,2.39,2.49,-2.57,1.40,-2.05,-9.12,1.52,8.83,3.15,-1.85,-0.58,-5.22,5.23,5.44,2.79,-2.65,-0.58,-3.30,5.42,5.89,1.91,-3.21,-2.37,0.49,6.50,2.49,-1.23,-4.12,-2.46,0.86,0.42,-0.57,-46.69,-170.78,-56.76,R
3.907,106,239,240,255,211,6.66,5.22,-0.86,-4.52,2.29,-3.06,0.46,5.91,3.43,4.52,-3.05,-3.12,1.47,8.57,3.81,4.36,-3.59,-1.92,5.46,8.58,2.78,2.18,-3.92,-4.09,10.88,5.52,-4.56,-1.47,-5.47,-3.43,0.67,0.51,-0.64,-104.43,-311.46,-49.32,R
3.958,106,232,237,255,208,4.38,2.91,8.09,-3.14,1.32,-2.91,-6.93,6.77,5.02,2.89,-4.01,-2.84,-3.55,9.95,2.47,2.78,-4.59,-1.36,-1.97,9.72,3.55,1.24,-5.65,-3.09,1.34,9.27,-1.01,-1.56,-6.35,-2.24,0.92,0.31,-0.30,-72.14,-210.33,-55.91,R
4.009,102,225,230,255,200,3.32,6.52,2.74,-4.34,1.54,-2.50,0.64,6.70,1.81,2.35,-3.76,-4.59,4.19,8.66,-2.27,3.52,-4.19,-3.14,4.55,10.60,-3.25,0.83,-4.54,-4.96,6.31,9.79,-8.56,-3.08,-5.17,-2.92,0.94,0.35,-0.14,-70.13,-298.83,-27.53,R
4.059,103,218,230,255,193,1.33,-0.29,11.31,-3.36,1.71,-2.10,-6.71,6.17,5.05,1.18,-2.36,-3.75,-3.78,9.82,-1.02,2.35,-3.57,-2.22,-2.66,9.86,1.42,0.54,-4.33,-3.46,1.58,8.62,-3.24,-1.87,-3.84,-1.90,0.76,0.28,0.15,-36.87,-192.63,-42.42,R
4.111,98,207,226,255,184,0.76,3.13,6.64,-2.88,1.12,-1.45,-1.94,6.04,2.64,-0.02,-3.17,-3.58,-1.92,7.45,-3.24,1.04,-5.81,-3.08,-2.26,8.85,-3.39,-0.72,-6.11,-4.27,-0.78,9.20,-3.48,-2.84,-5.06,-1.99,0.89,0.29,0.36,-18.55,-205.87,-26.61,R
4.162,98,195,212,255,174,1.05,-1.59,8.77,-3.07,1.90,-1.38,-6.30,3.43,5.31,0.22,-1.14,-4.04,-5.92,8.74,5.29,2.21,-9.71,-3.15,-6.19,8.50,2.44,-0.30,-3.77,-4.34,-0.62,10.82,-2.20,-2.35,-4.41,-2.51,0.76,0.26,0.49,-1.16,-214.05,-48.83,R
4.213,96,182,197,255,165,-1.59,-0.63,11.21,-2.36,0.37,-0.53,-6.82,6.40,5.60,-0.55,-1.49,-2.80,-7.88,9.60,-0.53,-0.21,-8.93,-2.48,-5.62,8.60,1.78,-1.18,-5.46,-2.91,-2.24,8.89,-0.25,-1.98,-3.48,-1.33,0.61,0.21,0.70,16.60,-134.09,-34.97,R
4.264,91,167,170,255,156,0.10,-2.83,10.12,-1.54,1.25,-1.08,-7.52,0.31,6.59,-0.49,0.38,-2.46,-9.16,5.70,-0.40,-0.21,-4.15,-2.75,-6.84,7.65,4.54,-0.82,-3.31,-2.84,-3.29,10.83,2.33,-1.70,-2.65,-1.36,0.71,0.15,0.73,-4.15,-127.87,-45.72,R
4.315,88,157,153,255,148,-2.83,0.95,11.56,-1.28,0.28,-1.73,-8.37,3.73,7.47,0.01,-0.74,-2.48,-6.79,8.35,3.64,-0.16,-2.35,-2.21,-5.05,7.03,4.30,-0.76,-2.30,-1.93,-2.33,8.42,1.44,-1.46,-2.13,-0.56,0.45,0.20,0.82,-27.77,-109.92,-41.32,R
4.366,85,142,145,255,147,0.91,-6.05,9.07,-1.10,0.59,-1.55,-6.12,-2.09,6.85,0.42,-1.03,-2.31,-7.48,0.22,7.14,-0.23,-2.63,-2.21,-4.94,0.04,6.91,-0.66,-2.13,-2.20,-3.60,5.94,4.78,-1.23,-2.15,-1.66,0.60,0.14,0.77,-14.16,-83.92,-70.50,R
4.417,66,131,139,255,143,-4.69,7.04,11.13,-1.52,0.19,-1.69,-7.49,5.02,7.59,0.03,-1.47,-2.92,-6.94,10.62,5.52,-0.10,-2.84,-2.36,-4.52,10.97,4.67,-1.11,-2.79,-1.95,-1.88,8.43,2.40,-1.87,-2.21,-0.47,0.23,0.20,0.85,-25.63,-138.12,-46.45,R
4.467,60,124,132,255,142,0.26,-6.69,9.64,-1.05,0.80,-1.20,-4.12,-0.04,5.35,-0.19,-1.17,-1.87,-4.04,-0.51,5.39,-1.21,-2.94,-1.73,-4.52,0.27,7.80,-1.13,-2.31,-1.64,-3.82,6.34,7.30,-1.44,-2.67,-1.10,0.43,0.18,0.84,-11.90,-72.75,-53.16,R
4.518,57,120,123,255,134,-1.51,-0.59,5.29,-0.67,0.57,-2.10,-6.07,-0.58,7.27,-0.02,-1.08,-3.21,-3.10,2.83,7.58,-0.67,-2.46,-2.94,-3.65,3.42,8.03,-1.87,-3.03,-2.76,-1.39,7.91,5.55,-2.19,-3.44,-1.78,0.15,0.19,0.92,17.40,-137.82,-81.36,R
4.569,40,103,110,255,120,-1.88,-8.16,9.34,-1.00,0.72,0.20,-5.85,1.42,8.06,0.16,-1.39,-1.76,-5.49,2.63,7.67,-0.72,-1.80,-1.63,-2.48,0.25,7.69,-1.60,-1.06,-1.03,-1.74,4.29,6.54,-1.05,-1.06,-1.01,0.15,0.03,0.98,43.21,-50.23,-65.49,R
4.621,29,87,95,255,109,-2.26,-8.33,10.89,0.17,0.42,-0.97,-5.84,-2.76,8.69,0.99,-0.78,-1.70,-4.01,0.69,8.59,-0.28,-1.40,-1.53,-3.29,0.56,9.52,-0.70,-1.14,-1.17,-1.28,5.82,7.57,-0.61,-1.25,-0.84,0.18,-0.04,1.04,42.42,-23.50,-68.05,R
4.671,19,70,80,255,91,-2.43,-2.10,10.33,0.27,0.31,0.51,-6.82,3.75,11.19,0.53,-0.44,-0.68,-9.16,4.48,8.38,0.04,-1.01,-0.49,-3.94,2.00,10.85,-0.44,-0.64,-0.37,-2.87,6.12,9.29,0.24,0.14,-0.62,0.25,-0.14,1.01,40.16,3.42,-46.08,R
4.722,12,59,70,255,80,-1.69,-3.51,10.32,0.21,0.25,-0.34,-5.56,-0.64,9.72,0.62,-0.79,-0.47,-5.82,2.18,9.94,0.08,-0.76,-0.48,-3.39,1.01,10.60,-0.13,-0.49,-0.44,-2.06,4.82,7.74,-0.24,-0.58,-0.12,0.31,-0.16,1.05,-0.12,-3.48,-30.46,R
4.773,13,49,63,255,68,-1.68,-2.45,10.18,0.43,-0.04,-0.46,-4.07,0.99,8.02,0.43,-0.40,-0.34,-4.26,1.78,8.62,0.25,-0.71,-0.10,-2.72,0.88,9.60,0.35,-0.18,-0.09,-1.56,5.43,7.48,0.50,-0.04,-0.39,0.14,-0.06,0.96,14.71,27.89,-24.78,R
4.824,14,41,55,255,59,-1.16,-3.23,7.90,0.42,0.17,-0.18,-4.62,0.09,9.94,0.50,-0.47,-0.41,-3.66,0.52,8.71,0.05,-0.60,-0.38,-2.67,1.30,11.93,-0.05,-0.29,-0.40,-1.85,7.14,8.49,-0.12,-0.39,-0.14,0.38,-0.18,0.96,8.91,-1.71,-20.75,R
4.876,12,34,50,255,50,-1.92,-2.01,9.72,0.15,0.16,-0.32,-4.10,2.41,8.50,0.07,-0.12,-0.15,-2.74,2.57,6.64,0.13,0.11,-0.11,-2.06,0.98,7.21,0.25,0.32,-0.11,-1.70,4.69,6.48,0.25,0.32,-0.13,0.18,-0.08,0.97,7.63,11.96,-11.11,R
4.926,12,33,48,255,48,-1.43,-1.95,9.19,0.63,0.12,0.07,-5.00,0.31,10.51,0.29,-0.07,0.62,-3.69,2.10,10.07,0.38,0.00,-0.08,-3.02,1.90,10.52,0.86,0.49,-0.89,-1.80,6.40,7.77,0.29,0.15,-0.54,0.37,-0.15,0.93,17.70,20.26,-9.40,R
4.977,11,30,45,255,48,-1.43,-2.75,9.30,0.25,0.14,0.43,-3.28,0.63,7.76,-0.11,-0.51,0.45,-2.95,3.47,8.09,0.22,-0.35,0.08,-2.32,0.83,7.54,0.12,0.34,0.31,-1.96,4.82,6.81,0.05,0.34,-0.10,0.22,-0.10,0.91,20.26,11.54,1.04,R
5.028,12,28,43,255,58,-1.59,-2.48,9.27,0.57,-0.11,0.42,-3.84,0.70,8.41,0.20,-0.45,0.50,-3.64,3.41,7.22,-0.54,-1.06,0.26,-3.16,2.79,9.01,-0.79,-1.11,0.11,-1.39,2.48,1.32,-1.33,-0.16,0.64,0.46,-0.25,0.96,26.18,20.08,5.37,R
5.079,14,28,40,255,43,-2.48,-1.02,10.81,-0.23,0.05,0.14,-3.45,2.48,8.82,-0.32,-0.20,0.24,-2.33,2.26,9.08,0.24,-0.06,0.05,-1.77,-0.07,9.15,0.15,-0.05,0.08,-1.40,5.44,8.00,0.20,-0.08,0.13,0.15,-0.03,1.08,-28.69,3.30,6.71,R
5.131,14,27,38,255,45,-0.66,-3.85,9.12,0.08,0.01,0.03,-4.18,0.44,13.51,0.39,-0.30,-0.07,-2.29,1.20,9.64,-0.40,-0.41,0.04,-2.22,0.84,9.84,-0.36,-0.26,-0.02,-1.73,5.93,7.87,-0.73,-0.02,0.07,0.40,-0.17,0.89,3.48,3.97,-4.46,R
5.182,12,23,38,255,52,-1.39,-3.83,9.44,-0.66,0.10,-0.24,-3.04,0.23,9.81,-0.37,-0.28,-0.24,-1.37,0.79,9.68,-0.34,-0.34,-0.10,-1.52,-0.69,9.74,-0.45,-0.19,-0.01,-1.39,4.72,8.34,-0.27,0.01,0.05,0.10,-0.10,1.12,-11.47,-18.49,4.58,R
5.232,14,25,34,255,43,-1.43,-3.51,9.29,0.30,0.06,0.13,-3.01,0.46,9.53,0.28,-0.00,0.10,-1.95,1.43,9.42,-0.03,-0.03,0.07,-1.92,0.87,9.73,0.06,0.04,0.03,-1.73,5.54,8.26,0.05,0.05,0.03,0.36,-0.14,0.92,0.37,19.35,0.00,R
5.283,15,22,34,255,42,-1.36,-3.22,9.43,-0.21,0.03,-0.06,-2.99,0.25,9.50,-0.05,-0.10,-0.07,-1.91,1.18,9.55,-0.15,-0.11,-0.03,-1.70,0.49,9.63,-0.15,-0.06,-0.03,-1.35,5.33,8.33,-0.13,-0.01,-0.01,0.26,-0.12,0.97,0.00,-3.05,2.93,R
5.334,15,22,32,255,43,-1.17,-3.65,9.22,-0.15,0.06,-0.07,-2.64,0.20,9.52,-0.05,-0.14,-0.04,-1.74,1.10,9.64,-0.18,-0.09,0.00,-1.65,0.52,9.71,-0.11,-0.02,-0.03,-1.55,5.35,8.32,-0.11,0.02,-0.04,0.29,-0.10,0.98,-2.20,0.61,0.31,R
5.386,18,21,32,255,43,-1.65,-3.40,9.29,-0.07,0.10,-0.03,-2.73,0.32,9.57,-0.09,-0.09,-0.04,-1.73,0.98,9.66,-0.23,-0.08,-0.00,-1.70,0.16,9.78,-0.13,-0.01,-0.02,-1.47,5.09,8.40,-0.13,0.01,-0.01,0.25,-0.13,0.96,0.31,-1.16,-0.24,R
5.436,17,20,30,255,43,-1.41,-3.52,9.26,0.01,0.01,-0.02,-2.74,0.22,9.50,0.09,-0.06,0.01,-1.82,1.11,9.59,0.04,-0.04,0.00,-1.78,0.60,9.67,0.01,-0.01,-0.01,-1.60,5.44,8.32,-0.02,-0.00,0.02,0.31,-0.12,0.97,-1.10,3.72,-0.67,R
5.487,18,19,31,255,43,-1.32,-3.78,9.15,-0.17,-0.01,-0.04,-2.46,0.23,9.54,-0.10,-0.11,-0.05,-1.58,0.97,9.69,-0.16,-0.09,-0.03,-1.62,0.33,9.75,-0.16,-0.03,-0.03,-1.40,5.00,8.47,-0.24,-0.01,-0.03,0.26,-0.10,0.97,1.16,-3.72,0.67,R
5.538,19,19,30,255,43,-1.72,-3.57,9.26,-0.15,-0.02,0.03,-2.68,0.31,9.61,-0.02,-0.05,-0.03,-1.61,0.95,9.69,-0.08,-0.06,-0.01,-1.58,0.38,9.79,-0.13,-0.05,-0.01,-1.44,5.09,8.51,-0.09,-0.00,-0.00,0.28,-0.12,0.96,3.23,-2.01,0.98,R
5.589,15,17,28,255,41,-1.46,-3.62,9.24,0.02,-0.03,0.21,-1.80,0.17,9.54,-0.24,-0.14,-0.01,-1.56,1.00,9.62,-0.05,-0.06,-0.03,-1.65,-0.09,9.81,-0.16,-0.06,-0.02,-1.43,4.86,8.47,-0.12,-0.04,-0.03,0.26,-0.12,0.97,3.72,-7.81,1.16,R
5.64,17,17,30,255,43,-2.24,-2.23,9.78,0.33,0.05,0.31,-2.65,0.81,9.52,-0.24,-0.22,0.04,-2.09,1.15,9.42,-0.02,-0.15,0.04,-1.54,-0.33,9.72,-0.17,-0.15,0.08,-1.38,4.72,8.57,0.48,-0.14,-0.04,0.28,-0.12,0.97,7.20,-4.46,0.98,R
5.691,15,13,30,255,41,-1.25,-4.05,9.25,0.24,-0.18,0.62,-2.52,0.59,9.53,-0.38,-0.23,0.47,-1.27,1.57,9.51,0.18,-0.21,-0.03,-0.97,2.54,10.20,0.64,-0.43,0.38,-0.97,5.98,7.78,0.09,-0.40,0.24,0.23,-0.11,0.93,5.55,1.46,6.53,R
5.743,15,10,30,255,36,-1.72,-2.38,9.83,0.12,-0.28,0.59,-2.90,2.23,8.97,-0.01,-0.21,1.08,-3.03,5.84,12.38,-0.68,-0.05,3.30,-1.71,-2.03,11.79,-0.86,-0.75,1.35,-1.61,4.62,9.06,-0.84,-0.21,-0.32,0.42,-0.12,1.02,9.46,1.83,21.06,R
5.794,16,8,27,255,29,-0.74,-5.35,8.53,0.02,-0.57,0.76,-1.83,-4.29,9.61,-0.61,-0.13,0.49,0.21,-0.64,5.82,0.25,-0.06,-0.14,-0.11,-1.08,7.52,0.07,-0.01,-0.22,-0.72,4.19,9.20,0.38,-0.03,-0.22,0.09,-0.08,0.96,7.93,-6.10,5.80,R
5.845,14,4,27,255,28,-1.89,-1.26,10.18,0.63,-0.51,0.72,-2.89,8.01,9.70,0.76,-0.31,1.11,-1.57,4.62,10.02,0.10,-0.22,0.45,-1.58,3.08,10.34,0.03,-0.23,0.12,-1.83,5.98,8.61,0.35,-0.40,-0.52,0.38,-0.19,0.96,12.51,1.71,14.16,R
5.896,9,1,24,255,24,-0.84,-3.45,9.10,0.12,-0.36,0.45,-1.54,-0.15,9.69,-0.28,-0.16,0.34,-0.19,-2.49,8.67,-0.25,0.50,0.46,-0.34,-2.39,8.90,-0.22,0.51,0.10,-0.65,4.75,8.46,0.27,-0.34,-0.34,0.14,-0.10,1.03,10.86,-14.16,9.52,R
5.947,9,0,25,255,17,-3.03,-1.93,8.76,0.48,-0.47,0.18,-1.84,0.15,10.05,-0.20,-0.22,0.02,-1.64,2.86,11.03,0.01,0.01,0.11,-0.99,1.03,10.09,-0.27,0.02,-0.12,-1.36,4.87,8.43,0.03,-0.11,-0.15,0.30,-0.19,0.93,9.22,-1.22,3.30,R
5.997,7,0,24,255,14,-0.55,-2.93,9.46,0.01,-0.13,0.28,-1.52,-0.96,9.76,0.06,-0.01,0.21,-1.30,-2.07,11.10,-0.41,0.25,0.02,-1.09,-0.24,9.97,-0.02,0.08,-0.04,-1.02,4.77,8.65,0.36,-0.17,-0.11,0.24,-0.16,0.97,-0.67,-0.67,5.37,R
6.048,7,0,23,255,8,-0.78,-2.80,9.69,-0.04,-0.04,0.15,-1.47,-1.11,9.86,-0.12,-0.06,0.02,-1.65,1.22,9.34,-0.24,0.03,0.02,-1.08,0.48,9.79,-0.11,0.09,-0.03,-0.99,5.20,8.49,-0.06,0.01,-0.08,0.27,-0.15,0.95,0.73,-0.55,1.04,R
6.099,6,0,23,255,6,-0.87,-2.76,9.84,-0.01,0.00,0.00,-1.82,-0.76,9.63,-0.20,0.02,0.05,-1.24,0.89,9.63,-0.15,-0.01,0.01,-1.19,0.05,9.86,-0.03,0.04,0.00,-1.11,4.67,8.68,0.01,0.02,0.00,0.25,-0.16,0.96,0.61,-0.92,2.26,R
6.15,7,0,20,255,7,-0.93,-2.58,9.60,0.04,0.01,-0.03,-1.56,0.00,9.71,0.01,-0.01,-0.01,-1.12,1.11,9.51,-0.26,0.02,0.02,-0.99,0.07,9.67,-0.19,0.04,0.00,-1.00,4.53,8.75,0.10,-0.05,-0.10,0.26,-0.13,1.00,-0.12,-0.31,0.43,R
6.202,7,0,21,255,7,-0.76,-2.75,9.50,-0.00,0.03,0.11,-1.61,-0.75,9.74,-0.28,0.03,0.01,-1.22,1.16,9.65,-0.17,0.02,-0.06,-1.07,0.02,10.08,-0.01,0.06,-0.07,-1.02,5.20,8.58,0.03,-0.01,-0.08,0.26,-0.15,0.93,-0.79,0.55,1.59,R
6.252,5,0,20,255,7,-0.94,-2.52,9.72,0.08,0.05,-0.05,-1.66,-0.63,9.67,0.11,0.08,-0.02,-1.29,1.21,9.63,0.06,0.05,-0.05,-1.15,0.47,9.85,-0.01,0.05,-0.03,-0.99,5.13,8.54,-0.09,0.04,-0.03,0.25,-0.15,0.97,-3.36,-0.18,3.23,R
6.304,9,0,19,255,7,-1.00,-1.70,10.08,0.00,0.06,0.04,-0.62,0.43,9.85,0.04,0.02,-0.02,-1.34,0.81,9.82,-0.09,0.01,-0.02,-1.22,0.14,9.91,-0.07,0.03,-0.02,-1.07,5.01,8.65,-0.10,0.03,-0.01,0.28,-0.14,0.95,-1.04,1.53,3.72,R
6.354,6,0,18,255,8,-0.71,-2.52,9.57,0.02,0.08,-0.04,-1.64,-0.60,9.72,0.20,0.07,-0.04,-1.29,0.97,9.73,0.06,0.01,-0.03,-1.30,0.37,9.82,-0.05,0.04,-0.00,-1.01,4.99,8.58,-0.07,0.02,0.01,0.27,-0.14,0.96,-0.98,1.10,1.46,R
6.405,6,0,17,255,7,-0.77,-2.70,9.62,-0.07,0.08,-0.02,-1.69,-0.39,9.65,0.20,0.05,-0.04,-1.27,0.97,9.66,-0.03,-0.01,-0.00,-1.22,0.23,9.75,-0.07,0.03,-0.00,-0.96,4.83,8.60,-0.15,0.05,0.03,0.28,-0.14,0.95,-1.10,1.59,1.95,R
6.456,7,0,17,255,8,-0.88,-2.64,9.62,-0.02,0.03,-0.02,-1.57,-0.30,9.71,0.16,0.05,-0.02,-1.25,1.04,9.70,-0.01,-0.00,-0.01,-1.19,0.13,9.79,-0.03,0.04,-0.01,-1.02,4.78,8.70,-0.05,0.03,-0.00,0.28,-0.13,0.96,0.06,2.14,0.85,R
6.507,7,0,16,255,8,-0.93,-2.72,9.64,-0.05,0.12,-0.03,-1.69,-0.24,9.75,0.11,0.09,-0.01,-1.26,0.96,9.67,0.04,0.03,-0.01,-1.30,0.11,9.77,0.02,0.10,-0.01,-1.02,4.99,8.65,-0.08,0.06,0.02,0.26,-0.13,0.95,-1.53,1.89,1.28,R
6.558,9,0,19,255,9,-1.20,-2.31,9.73,-0.14,0.12,-0.06,-1.76,-0.42,9.72,0.11,0.07,-0.03,-1.17,0.98,9.67,-0.02,0.01,-0.00,-1.12,-0.05,9.85,-0.00,0.09,0.00,-1.21,4.88,8.73,-0.22,0.12,0.04,0.26,-0.13,0.98,-1.95,0.55,3.17,R
6.609,11,0,16,255,10,-1.02,-2.75,9.54,-0.10,0.07,-0.05,-1.89,0.15,9.87,0.17,0.10,-0.04,-1.31,0.99,9.77,0.03,0.01,-0.01,-1.29,-0.05,9.86,0.03,0.06,-0.00,-1.00,4.66,8.79,-0.05,0.04,0.02,0.27,-0.13,0.98,-1.04,1.04,2.50,R
6.66,10,0,18,255,0,-1.02,-2.57,9.59,-0.03,0.05,-0.01,-1.77,0.06,9.78,0.10,0.08,-0.02,-1.29,1.20,9.71,0.01,0.04,-0.02,-1.35,0.16,9.83,0.00,0.03,-0.01,-1.08,4.64,8.76,-0.05,0.02,0.01,0.27,-0.13,0.96,-0.73,1.95,0.92,R
6.712,10,0,19,255,11,-1.01,-2.70,9.53,-0.02,0.05,-0.01,-1.84,-0.06,9.73,0.14,0.07,0.04,-1.34,1.24,9.65,0.03,0.03,-0.01,-1.27,0.17,9.79,-0.01,0.02,-0.00,-1.06,4.72,8.79,-0.03,0.03,-0.00,0.28,-0.12,0.97,-1.10,1.46,0.31,R
6.762,10,0,21,255,13,-1.14,-2.54,9.57,0.03,0.06,-0.03,-1.83,0.14,9.67,0.04,0.06,-0.02,-1.28,1.13,9.69,-0.04,0.03,-0.01,-1.36,0.02,9.76,-0.02,0.04,-0.01,-0.97,5.15,9.09,0.14,0.07,0.04,0.28,-0.12,0.96,0.67,1.46,0.79,R
6.813,11,0,16,255,11,-1.10,-2.82,9.56,0.01,0.07,-0.00,-1.95,0.23,9.68,0.10,0.05,0.01,-1.43,1.19,9.67,-0.00,0.01,-0.00,-1.40,0.12,9.82,-0.02,0.03,-0.00,-1.06,4.50,8.87,-0.20,0.08,0.01,0.28,-0.13,0.96,1.04,1.59,0.55,R
6.865,11,0,19,255,12,-1.31,-2.47,9.66,-0.01,0.05,-0.01,-1.88,0.12,9.73,-0.03,0.04,0.00,-1.27,1.03,9.66,-0.05,0.03,0.01,-1.34,0.09,9.76,0.03,0.05,-0.00,-1.12,4.63,8.86,-0.07,0.05,0.01,0.28,-0.12,0.97,0.31,0.98,0.49,R
6.915,11,0,17,255,12,-1.09,-2.67,9.55,-0.02,0.05,-0.01,-1.88,0.07,9.75,0.00,0.07,-0.00,-1.34,1.03,9.70,-0.02,0.04,-0.00,-1.44,0.12,9.77,0.03,0.03,-0.01,-1.10,4.51,8.84,-0.03,0.04,-0.00,0.27,-0.12,0.96,-0.37,0.67,-0.06,R
6.966,11,0,17,255,14,-1.24,-2.68,9.54,0.02,0.08,-0.02,-2.02,0.09,9.66,0.06,0.07,-0.01,-1.39,1.30,9.65,0.03,0.02,-0.01,-1.38,0.25,9.83,-0.03,0.03,0.00,-1.07,4.50,8.90,-0.06,0.04,0.00,0.28,-0.12,0.97,0.06,0.92,0.31,R
7.017,12,0,17,255,14,-1.12,-2.68,9.55,-0.04,0.05,-0.01,-2.00,0.32,9.72,0.02,0.05,0.00,-1.44,1.15,9.69,-0.02,0.03,-0.01,-1.41,0.14,9.78,0.01,0.03,-0.01,-1.23,4.58,8.79,0.01,0.02,-0.01,0.29,-0.12,0.96,0.43,0.85,-0.31,R
7.069,12,0,17,255,13,-1.15,-2.90,9.46,0.01,0.10,-0.03,-1.94,0.23,9.69,0.02,0.06,-0.00,-1.47,1.23,9.68,0.01,0.03,-0.01,-1.41,0.21,9.83,0.02,0.02,-0.01,-1.12,4.54,8.91,-0.04,0.02,0.00,0.28,-0.12,0.96,0.61,0.67,-0.24,R
7.12,13,0,19,255,13,-1.27,-2.74,9.60,-0.02,0.07,-0.01,-1.99,0.16,9.72,0.04,0.04,-0.01,-1.43,1.17,9.62,-0.02,0.01,-0.01,-1.40,0.25,9.77,-0.01,0.02,-0.01,-1.10,4.46,8.84,-0.07,0.03,-0.01,0.28,-0.12,0.96,1.53,0.18,0.43,R
7.171,12,0,19,255,13,-1.33,-2.77,9.53,0.03,0.04,0.01,-1.92,0.26,9.72,-0.01,0.06,0.01,-1.42,1.23,9.61,-0.01,0.04,-0.00,-1.45,0.18,9.77,0.00,0.03,-0.00,-1.19,4.54,8.94,-0.02,0.03,-0.01,0.29,-0.12,0.96,0.79,0.98,0.37,R
7.222,14,0,17,255,14,-1.33,-2.67,9.42,-0.01,0.03,-0.00,-2.00,0.25,9.68,0.02,0.05,-0.00,-1.43,1.21,9.71,-0.04,0.01,-0.00,-1.47,0.16,9.83,-0.01,0.02,-0.00,-1.20,4.46,8.89,-0.01,0.02,-0.00,0.28,-0.13,0.96,1.22,0.31,0.12,R
7.273,13,0,17,255,16,-1.30,-2.61,9.53,-0.02,0.04,-0.02,-2.08,0.43,9.69,0.02,0.06,-0.01,-1.51,1.18,9.66,-0.03,0.03,0.00,-1.43,0.12,9.80,0.00,0.03,-0.01,-1.12,4.43,8.85,-0.03,0.03,-0.00,0.29,-0.12,0.97,0.43,0.73,0.37,R
7.323,14,0,17,255,17,-1.27,-2.77,9.57,0.01,0.06,-0.01,-2.00,0.22,9.70,0.03,0.06,-0.01,-1.42,1.21,9.69,-0.01,0.03,-0.01,-1.43,0.19,9.71,0.02,0.03,-0.01,-1.10,4.49,8.86,-0.03,0.03,-0.01,0.28,-0.13,0.96,1.10,1.04,0.24,R
7.376,14,0,17,255,13,-1.37,-2.80,9.52,-0.01,0.07,-0.01,-2.16,0.31,9.70,0.00,0.06,0.01,-1.51,1.08,9.65,0.00,0.05,-0.00,-1.50,0.21,9.76,0.04,0.04,-0.01,-1.09,4.53,8.89,-0.03,0.03,0.01,0.29,-0.12,0.96,-0.24,1.40,0.18,R
7.427,14,0,16,255,15,-1.36,-2.80,9.56,-0.03,0.05,-0.01,-1.83,0.34,9.72,0.02,0.08,-0.01,-1.40,1.28,9.65,-0.02,0.04,-0.01,-1.45,0.23,9.79,-0.01,0.03,-0.02,-1.19,4.41,8.87,-0.05,0.03,-0.02,0.29,-0.12,0.96,1.04,-0.31,-0.12,R
7.476,15,0,21,255,14,-1.40,-2.74,9.53,0.01,0.07,-0.03,-2.11,0.40,9.61,0.05,0.08,-0.01,-1.54,1.23,9.63,-0.02,0.04,-0.01,-1.47,0.15,9.76,0.00,0.03,-0.01,-1.18,4.45,8.87,0.01,0.03,-0.01,0.29,-0.12,0.96,-0.12,0.00,-0.85,R
7.527,19,0,16,255,18,-1.42,-2.56,9.52,0.04,0.09,-0.06,-2.13,0.27,9.63,0.04,0.08,0.00,-1.52,1.18,9.66,-0.00,0.06,-0.01,-1.50,0.20,9.73,0.02,0.03,-0.01,-1.12,4.49,8.92,-0.02,0.03,-0.01,0.28,-0.12,0.96,0.18,0.31,-0.73,R
7.578,15,0,21,255,19,-1.41,-2.74,9.55,0.00,0.05,-0.00,-2.07,0.38,9.64,0.02,0.06,0.00,-1.59,1.35,9.65,-0.01,0.04,-0.01,-1.55,0.21,9.79,-0.00,0.03,-0.01,-1.24,4.39,8.95,0.00,0.03,-0.01,0.29,-0.13,0.96,1.53,0.49,-0.85,R
7.629,18,0,18,255,15,-1.53,-2.73,9.52,0.01,0.06,-0.03,-2.17,0.31,9.66,0.04,0.03,-0.00,-1.54,1.22,9.68,-0.03,0.01,-0.00,-1.46,0.18,9.78,0.00,0.03,-0.00,-1.12,4.39,8.94,-0.02,0.03,-0.00,0.28,-0.12,0.97,2.14,-0.37,-0.67,R
7.68,16,0,19,255,17,-1.47,-2.73,9.51,-0.00,0.04,-0.01,-2.14,0.28,9.63,0.04,0.06,0.01,-1.60,1.33,9.62,-0.02,0.02,0.00,-1.52,0.22,9.74,0.01,0.02,-0.00,-1.24,4.46,8.87,-0.03,0.04,0.01,0.29,-0.13,0.96,1.22,0.31,-0.55,R
7.732,17,0,19,255,18,-1.55,-2.79,9.51,0.01,0.04,-0.02,-2.19,0.34,9.63,0.02,0.03,0.00,-1.54,1.27,9.71,0.00,0.03,-0.00,-1.47,0.23,9.76,0.00,0.03,0.01,-1.14,4.35,8.94,-0.02,0.04,0.01,0.29,-0.12,0.96,0.24,0.06,-0.18,R
7.783,16,0,20,255,17,-1.51,-2.80,9.52,-0.00,0.01,0.00,-2.29,0.33,9.73,0.01,0.07,0.02,-1.61,1.25,9.61,0.03,0.06,0.01,-1.58,0.28,9.78,0.06,0.05,0.01,-1.21,4.25,8.77,0.05,0.04,0.02,0.29,-0.13,0.96,-1.65,1.77,0.18,R
7.833,17,0,19,255,19,-1.47,-2.66,9.47,0.02,0.03,-0.01,-2.25,0.34,9.70,0.09,0.06,0.00,-1.70,1.44,9.71,0.05,0.03,0.00,-1.60,0.50,9.87,-0.05,0.02,0.02,-1.16,4.56,8.94,-0.01,0.02,-0.00,0.29,-0.12,0.96,-1.28,1.04,-0.79,R
7.884,19,0,20,255,19,-1.48,-2.89,9.53,-0.05,0.07,-0.01,-2.19,0.69,9.67,0.10,0.06,-0.01,-1.67,1.36,9.60,0.01,0.01,-0.01,-1.57,0.29,9.79,0.02,0.02,-0.00,-1.13,4.39,8.95,-0.02,0.03,0.00,0.29,-0.12,0.96,-1.34,0.92,-0.61,R
7.935,18,0,20,255,20,-1.49,-2.91,9.43,-0.05,0.05,-0.02,-2.22,0.56,9.63,0.06,0.08,0.00,-1.56,1.33,9.59,0.04,0.05,-0.01,-1.53,0.34,9.73,0.04,0.04,-0.00,-1.14,4.38,8.92,0.01,0.02,0.00,0.29,-0.12,0.96,-4.03,0.18,-0.55,R
7.986,20,0,23,255,19,-1.57,-2.82,9.50,-0.02,0.06,-0.01,-2.34,0.51,9.66,0.01,0.10,0.01,-1.66,1.46,9.55,0.02,0.06,-0.00,-1.62,0.44,9.73,0.03,0.05,-0.01,-1.17,4.36,8.93,-0.01,0.02,-0.01,0.30,-0.11,0.96,-1.95,1.53,0.00,R
8.037,22,12,20,255,18,-1.57,-2.86,9.47,-0.06,0.02,-0.02,-2.44,0.55,9.49,0.02,0.05,0.00,-1.60,1.44,9.59,-0.05,0.03,-0.00,-1.61,0.34,9.74,-0.02,0.04,0.00,-1.21,4.40,8.93,-0.02,0.03,-0.01,0.29,-0.11,0.96,-0.55,-0.61,0.92,R
8.088,19,0,21,255,17,-1.44,-2.98,9.43,-0.04,0.02,-0.02,-2.33,0.53,9.53,-0.05,0.08,0.00,-1.67,1.37,9.57,0.01,0.04,-0.00,-1.62,0.34,9.78,0.03,0.04,-0.00,-1.18,4.41,8.68,-0.04,0.05,0.04,0.29,-0.12,0.97,-1.46,0.98,1.22,R
8.14,19,0,23,255,10,-1.58,-2.80,9.47,-0.00,0.01,-0.00,-2.33,0.59,9.58,-0.02,0.05,0.01,-1.70,1.52,9.59,-0.03,0.02,0.00,-1.58,0.41,9.77,-0.00,0.03,-0.00,-1.20,4.39,8.94,-0.02,0.02,0.00,0.30,-0.11,0.96,-0.67,0.18,0.98,R
8.191,20,0,21,255,20,-1.58,-2.88,9.51,-0.04,0.01,-0.01,-2.34,0.58,9.66,0.03,0.03,-0.01,-1.79,1.44,9.59,-0.03,0.01,-0.00,-1.61,0.45,9.76,-0.02,0.02,-0.01,-1.18,4.31,8.96,-0.02,0.02,-0.01,0.29,-0.11,0.96,-0.49,-0.67,0.73,R
8.241,18,0,19,255,19,-1.60,-2.94,9.49,-0.00,0.01,0.00,-2.33,0.43,9.61,-0.00,0.04,0.00,-1.70,1.30,9.56,-0.00,0.02,0.00,-1.62,0.45,9.74,0.00,0.03,-0.00,-1.16,4.26,8.99,-0.01,0.02,0.00,0.30,-0.11,0.96,-0.61,0.67,0.85,R
8.292,19,0,20,255,18,-1.53,-2.86,9.43,0.01,0.01,-0.02,-2.38,0.33,9.60,-0.03,0.05,0.00,-1.70,1.36,9.54,-0.01,0.01,0.00,-1.64,0.45,9.80,-0.01,0.02,0.00,-1.19,4.25,8.96,0.00,0.02,-0.00,0.30,-0.10,0.96,0.06,0.61,1.22,R
8.343,19,0,19,255,19,-1.59,-2.82,9.46,-0.02,0.01,-0.01,-2.37,0.58,9.51,-0.02,0.03,-0.01,-1.73,1.39,9.62,-0.03,0.01,-0.01,-1.62,0.32,9.75,-0.01,0.02,-0.00,-1.16,4.30,8.98,0.01,0.02,-0.01,0.29,-0.11,0.96,0.12,-0.06,1.16,R
8.395,19,0,20,255,18,-1.50,-3.00,9.47,-0.02,-0.00,-0.01,-2.40,0.50,9.58,0.00,0.03,-0.01,-1.70,1.47,9.59,-0.05,-0.00,0.01,-1.62,0.35,9.77,-0.02,0.01,0.00,-1.20,4.22,8.96,-0.02,0.01,-0.00,0.30,-0.10,0.96,-0.24,0.12,0.92,R
8.445,13,0,23,255,17,-1.57,-2.85,9.45,-0.04,0.02,-0.01,-2.38,0.52,9.57,-0.02,0.02,-0.01,-1.71,1.39,9.61,-0.04,0.00,-0.01,-1.64,0.31,9.71,-0.02,0.02,-0.00,-1.17,4.19,8.78,0.01,0.02,-0.01,0.29,-0.11,0.96,0.73,-0.06,0.55,R
8.496,17,0,23,255,20,-1.53,-3.03,9.53,-0.02,0.02,-0.01,-2.40,0.57,9.58,0.00,0.04,-0.00,-1.72,1.43,9.54,-0.04,0.02,-0.00,-1.65,0.28,9.77,-0.01,0.02,-0.00,-1.26,4.32,8.98,0.02,0.02,-0.01,0.30,-0.11,0.96,0.00,0.12,0.67,R
8.547,17,0,21,255,19,-1.52,-2.94,9.41,0.02,0.03,-0.01,-2.42,0.51,9.60,-0.00,0.03,-0.00,-1.72,1.41,9.58,-0.02,0.01,-0.01,-1.59,0.42,9.76,-0.00,0.01,-0.00,-1.21,4.30,8.94,0.01,0.02,-0.01,0.28,-0.11,0.96,0.61,-0.12,0.24,R
8.598,19,0,21,255,19,-1.63,-2.81,9.50,0.03,0.00,0.00,-2.41,0.45,9.62,-0.01,0.03,0.00,-1.76,1.30,9.58,-0.04,0.01,0.01,-1.74,0.38,9.77,0.01,0.02,0.00,-1.19,4.44,8.92,0.01,0.02,-0.01,0.31,-0.11,0.96,0.43,0.06,0.24,R
8.651,19,0,21,255,18,-1.46,-2.90,9.47,0.01,0.02,-0.01,-2.40,0.48,9.64,-0.01,0.03,-0.00,-1.74,1.35,9.56,-0.03,0.01,-0.01,-1.65,0.42,9.77,0.01,0.02,-0.01,-1.21,4.32,8.97,0.00,0.01,-0.01,0.29,-0.10,0.96,-0.55,-0.18,-0.24,R
8.7,19,0,20,255,19,-1.53,-2.90,9.46,-0.01,0.02,0.00,-2.39,0.51,9.56,0.02,0.01,-0.01,-1.75,1.42,9.57,-0.02,0.00,-0.00,-1.61,0.39,9.73,0.00,0.01,-0.01,-1.24,4.36,8.97,-0.01,0.02,-0.00,0.30,-0.11,0.96,0.85,-0.67,-0.37,R
8.751,18,0,24,255,18,-1.60,-2.85,9.41,0.00,0.03,-0.01,-2.42,0.51,9.55,-0.01,0.01,-0.00,-1.66,1.34,9.59,-0.03,0.01,-0.01,-1.61,0.34,9.73,-0.01,0.01,-0.01,-1.21,4.31,8.96,0.00,0.02,-0.01,0.30,-0.10,0.96,1.04,-0.43,-0.67,R
8.802,18,0,20,255,19,-1.66,-2.86,9.44,0.03,0.04,-0.02,-2.35,0.59,9.70,0.01,0.03,-0.01,-1.74,1.37,9.55,-0.01,0.00,-0.00,-1.65,0.40,9.74,0.01,0.02,0.00,-1.13,4.33,8.98,0.00,0.02,-0.00,0.29,-0.11,0.96,1.04,-0.12,-0.67,R
8.853,19,0,21,255,20,-1.61,-2.92,9.42,0.01,0.03,-0.02,-2.36,0.49,9.63,0.00,0.01,0.00,-1.71,1.36,9.55,-0.02,0.00,-0.00,-1.65,0.40,9.71,-0.00,0.01,-0.00,-1.21,4.35,8.93,-0.00,0.02,-0.00,0.29,-0.11,0.96,0.49,-0.73,-1.16,R
8.904,22,0,23,255,18,-1.64,-3.01,9.48,0.02,0.01,-0.01,-2.36,0.39,9.56,-0.03,0.02,0.01,-1.75,1.33,9.59,-0.04,0.01,0.01,-1.62,0.41,9.79,0.01,0.02,0.00,-1.18,4.38,8.93,0.01,0.02,-0.01,0.29,-0.10,0.96,0.92,-0.06,-0.49,R
8.955,20,0,24,255,19,-1.59,-2.95,9.51,-0.00,0.00,0.01,-2.44,0.41,9.56,0.02,0.04,0.01,-1.76,1.36,9.58,0.01,0.02,0.01,-1.67,0.42,9.66,0.02,0.02,0.00,-1.15,4.38,8.92,0.02,0.02,0.00,0.30,-0.11,0.96,0.37,0.31,-0.37,R
9.007,19,0,20,255,20,-1.63,-2.78,9.53,-0.01,0.02,-0.01,-2.42,0.52,9.53,0.04,0.03,-0.00,-1.77,1.44,9.56,-0.02,-0.00,-0.00,-1.67,0.43,9.72,-0.01,0.01,0.01,-1.19,4.48,8.96,-0.01,0.02,-0.00,0.29,-0.10,0.96,0.37,-0.18,-0.49,R
9.058,18,0,23,255,18,-1.65,-2.89,9.46,0.01,0.02,-0.01,-2.43,0.51,9.60,-0.00,0.03,-0.00,-1.78,1.50,9.56,-0.01,0.01,-0.00,-1.62,0.42,9.75,0.01,0.01,0.00,-1.15,4.32,8.94,0.01,0.02,-0.00,0.29,-0.10,0.96,-0.43,-0.06,-0.67,R
9.108,20,0,21,255,19,-1.58,-2.95,9.39,-0.01,0.01,-0.01,-2.49,0.46,9.19,0.01,0.09,0.02,-1.84,1.57,9.53,0.02,0.02,-0.00,-1.65,0.50,9.69,0.01,0.01,0.01,-1.20,4.32,8.96,0.02,0.02,0.00,0.29,-0.10,0.96,-0.24,0.37,-0.24,R
9.16,18,0,20,255,17,-1.61,-2.84,9.46,-0.00,0.02,0.00,-2.47,0.61,9.55,0.01,0.04,0.00,-1.79,1.45,9.55,-0.03,0.01,0.00,-1.59,0.47,9.76,0.01,0.02,0.00,-1.16,4.32,8.91,0.02,0.03,-0.00,0.29,-0.10,0.96,0.49,0.49,0.12,R
9.21,19,0,21,255,20,-1.65,-2.94,9.40,0.00,0.01,-0.01,-2.45,0.56,9.50,-0.02,0.03,0.01,-1.72,1.51,9.58,-0.04,0.01,0.00,-1.60,0.37,9.73,-0.03,0.02,0.01,-1.20,4.37,8.92,0.01,0.02,-0.01,0.29,-0.10,0.96,0.98,0.61,1.10,R
9.261,18,0,23,255,19,-1.60,-2.93,9.44,-0.02,0.01,0.01,-2.49,0.48,9.57,-0.04,0.05,0.01,-1.77,1.44,9.60,-0.02,0.03,0.00,-1.70,0.47,9.72,0.01,0.03,0.00,-1.23,4.31,8.95,0.01,0.02,-0.01,0.29,-0.10,0.96,0.31,0.73,1.16,R
9.312,19,0,21,255,19,-1.56,-2.95,9.43,0.01,0.01,0.00,-2.49,0.50,9.55,-0.02,0.04,0.01,-1.74,1.50,9.52,-0.01,0.02,0.00,-1.66,0.47,9.72,0.00,0.02,0.00,-1.16,4.39,8.96,-0.00,0.02,-0.00,0.30,-0.10,0.96,0.06,0.31,0.92,R
9.363,20,0,23,255,20,-1.67,-2.87,9.43,-0.04,0.01,0.01,-2.45,0.58,9.56,-0.03,0.03,0.00,-1.79,1.42,9.58,-0.05,0.01,0.01,-1.64,0.34,9.72,-0.01,0.03,0.01,-1.20,4.31,8.99,0.03,0.02,-0.01,0.29,-0.10,0.96,0.18,0.67,0.85,R
9.414,20,0,20,255,21,-1.57,-2.89,9.45,0.00,0.01,-0.00,-2.45,0.48,9.62,0.00,0.04,0.00,-1.80,1.42,9.62,-0.03,0.02,0.01,-1.67,0.43,9.77,0.01,0.02,0.00,-1.22,4.30,8.94,0.01,0.02,0.00,0.30,-0.10,0.96,-0.06,0.55,0.79,R
9.466,19,1,20,255,20,-1.55,-2.91,9.46,-0.01,0.01,-0.01,-2.44,0.57,9.52,0.01,0.04,0.00,-1.79,1.49,9.58,-0.02,0.01,0.00,-1.64,0.46,9.75,0.00,0.02,0.00,-1.17,4.28,8.94,0.02,0.02,-0.00,0.30,-0.10,0.96,-0.12,0.06,0.61,R
9.516,17,0,20,255,21,-1.60,-2.90,9.46,0.01,0.02,-0.01,-2.49,0.52,9.62,-0.02,0.03,0.00,-1.72,1.43,9.54,-0.03,0.01,0.00,-1.64,0.40,9.72,0.01,0.02,0.00,-1.23,4.31,8.98,0.04,0.02,-0.01,0.30,-0.10,0.96,0.24,0.12,0.37,R
9.568,20,0,21,255,21,-1.58,-2.98,9.47,-0.01,0.01,0.00,-2.45,0.48,9.52,-0.02,0.03,0.00,-1.74,1.45,9.50,-0.01,0.01,0.00,-1.68,0.45,9.74,0.01,0.02,-0.00,-1.27,4.37,8.91,-0.01,0.01,-0.00,0.30,-0.10,0.96,0.43,0.24,0.55,R
9.618,17,0,21,255,21,-1.69,-2.92,9.43,-0.03,0.00,-0.00,-2.49,0.50,9.54,0.01,0.02,0.00,-1.74,1.37,9.51,-0.03,0.01,0.00,-1.70,0.45,9.73,0.01,0.02,-0.00,-1.19,4.39,8.94,0.01,0.02,-0.00,0.29,-0.10,0.96,0.18,-0.18,0.73,R
9.669,19,0,21,255,20,0.01,-1.87,9.26,-0.05,0.06,-0.51,-2.47,0.66,9.62,-0.02,0.02,0.00,-1.76,1.48,9.52,-0.05,0.01,0.00,-1.68,0.39,9.76,-0.01,0.02,0.00,-1.19,4.29,9.03,0.03,0.03,-0.01,0.29,-0.10,0.96,0.18,0.12,0.79,R
9.72,19,0,23,255,21,-1.57,-2.97,9.46,0.01,0.01,-0.01,-2.52,0.56,9.60,0.00,0.04,0.01,-1.80,1.46,9.54,-0.00,0.01,0.01,-1.69,0.47,9.72,0.00,0.01,0.00,-1.17,4.42,8.94,0.00,0.02,0.00,0.30,-0.10,0.96,-0.24,0.24,0.43,R
9.772,19,0,21,255,20,-1.63,-2.99,9.40,-0.03,0.01,-0.01,-2.53,0.51,9.52,-0.02,0.03,-0.00,-1.78,1.45,9.55,-0.04,0.01,-0.00,-1.67,0.47,9.73,-0.02,0.02,-0.00,-1.14,4.33,8.95,0.01,0.02,-0.01,0.30,-0.10,0.96,0.18,-0.12,0.31,R
9.822,19,0,21,255,20,-1.58,-2.96,9.45,-0.01,0.02,-0.01,-2.48,0.64,9.53,0.01,0.03,-0.01,-1.74,1.48,9.54,-0.02,0.01,-0.00,-1.66,0.44,9.72,0.00,0.01,-0.00,-1.18,4.38,9.03,0.01,0.02,-0.00,0.30,-0.10,0.96,-0.06,0.06,-0.18,R
9.873,19,0,24,255,18,-1.76,-2.79,9.36,-0.00,0.02,-0.01,-2.58,0.65,9.54,-0.03,0.03,-0.00,-1.83,1.49,9.58,-0.07,0.01,0.01,-1.64,0.35,9.73,-0.02,0.02,-0.01,-1.18,4.39,8.95,-0.01,0.02,-0.00,0.30,-0.09,0.96,-0.06,-0.12,0.06,R
9.924,17,0,20,255,21,-1.48,-3.07,9.35,-0.02,0.02,-0.01,-2.67,0.46,9.58,0.01,0.06,0.01,-1.81,1.46,9.56,-0.03,0.00,-0.00,-1.67,0.45,9.81,0.00,0.01,0.00,-1.18,4.37,8.96,0.01,0.02,-0.01,0.30,-0.10,0.96,0.43,-0.43,-0.37,R
9.975,19,0,21,255,20,-1.58,-2.90,9.46,0.05,0.02,-0.01,-2.51,0.60,9.57,-0.01,0.03,0.01,-1.82,1.42,9.52,-0.01,0.02,0.01,-1.68,0.44,9.71,0.02,0.01,0.00,-1.17,4.38,8.95,0.02,0.03,0.00,0.30,-0.09,0.96,0.55,0.31,-0.55,R
10.026,19,0,21,255,20,-1.63,-2.96,9.48,-0.01,0.03,-0.02,-2.50,0.68,9.50,-0.02,0.01,0.00,-1.79,1.50,9.59,-0.05,-0.00,-0.00,-1.66,0.47,9.74,-0.01,0.02,-0.01,-1.16,4.30,8.94,-0.00,0.02,-0.01,0.29,-0.09,0.96,0.18,-1.10,-0.67,R
10.078,17,0,21,255,21,-1.62,-3.05,9.45,0.00,0.02,-0.00,-2.59,0.60,9.48,-0.02,0.03,0.01,-1.80,1.48,9.59,-0.02,0.01,-0.00,-1.72,0.52,9.74,0.00,0.02,0.00,-1.21,4.36,8.94,-0.01,0.02,0.00,0.30,-0.10,0.96,1.22,0.06,-0.24,R
10.13,20,0,23,255,21,-1.57,-2.98,9.45,0.04,0.02,-0.02,-2.53,0.60,9.48,0.02,0.02,0.00,-1.80,1.47,9.58,-0.04,-0.01,0.01,-1.64,0.40,9.74,-0.00,0.01,0.00,-1.15,4.41,8.97,0.01,0.02,-0.01,0.30,-0.09,0.96,0.79,-0.31,-1.10,R
10.179,21,2,23,255,20,-1.55,-3.06,9.41,0.01,0.02,-0.01,-2.52,0.57,9.48,0.01,0.02,0.01,-1.83,1.54,9.53,-0.01,0.00,-0.00,-1.70,0.51,9.73,0.01,0.01,-0.00,-1.22,4.34,8.91,0.01,0.03,-0.00,0.30,-0.10,0.96,0.06,-0.12,-1.28,R
10.23,19,0,23,255,19,-1.59,-3.02,9.44,0.03,0.03,-0.02,-2.49,0.63,9.53,0.01,0.04,-0.00,-1.74,1.49,9.43,-0.01,0.02,-0.00,-1.91,-0.39,9.53,-0.21,0.05,0.02,-1.33,4.53,9.05,0.01,0.02,0.00,0.29,-0.10,0.96,-0.37,-0.24,-0.67,R
10.281,20,1,21,255,21,-1.58,-2.94,9.46,-0.02,0.02,-0.01,-3.18,0.37,9.48,0.01,0.09,0.06,-1.76,1.58,9.54,-0.01,0.01,-0.00,-1.67,0.52,9.74,0.00,0.02,0.01,-1.18,4.44,8.92,0.01,0.03,0.00,0.30,-0.10,0.96,-0.43,-0.55,-0.98,R
10.333,21,1,26,255,21,-1.54,-2.94,9.45,-0.01,0.03,-0.00,-2.49,0.61,9.56,0.02,0.05,0.02,-1.82,1.44,9.55,-0.03,0.02,0.00,-1.69,0.48,9.71,-0.01,0.02,-0.01,-1.23,4.37,8.92,-0.01,0.03,-0.00,0.30,-0.10,0.96,-0.98,-0.24,-1.22,R
10.383,21,0,23,255,20,-1.53,-3.10,9.36,0.05,0.05,-0.04,-2.50,0.55,9.48,0.02,0.06,0.01,-1.77,1.42,9.56,-0.01,0.02,0.00,-1.65,0.50,9.75,0.02,0.02,-0.00,-1.15,4.38,8.92,-0.03,0.02,0.00,0.29,-0.09,0.96,-1.16,0.06,-1.22,R
10.435,20,1,21,255,21,-1.66,-2.89,9.40,-0.03,0.06,-0.01,-2.66,0.56,9.52,0.02,0.10,0.01,-1.83,1.46,9.48,-0.01,0.03,0.00,-1.69,0.52,9.71,0.01,0.09,-0.00,-1.24,4.41,8.92,0.03,0.02,-0.00,0.29,-0.10,0.96,-1.28,-0.18,-1.04,R
10.486,20,4,21,255,19,-1.57,-3.11,9.39,-0.02,0.02,0.00,-2.64,0.58,9.44,0.05,0.08,0.03,-1.87,1.53,9.53,0.00,0.04,0.00,-1.74,0.52,9.73,0.03,0.03,0.00,-1.23,4.36,8.93,0.02,0.03,0.00,0.29,-0.09,0.96,-2.87,0.12,-0.73,R
10.536,22,5,24,255,21,-1.65,-3.03,9.38,0.01,0.03,-0.00,-2.63,0.65,9.50,0.04,0.05,0.01,-1.87,1.50,9.50,-0.01,0.01,0.01,-1.68,0.53,9.70,0.01,0.03,0.00,-1.21,4.37,8.90,-0.02,0.02,0.00,0.30,-0.08,0.96,-2.38,0.43,-0.79,R
10.587,22,6,24,255,22,-1.68,-2.96,9.44,-0.02,0.03,-0.01,-2.60,0.70,9.49,-0.00,0.06,0.00,-1.84,1.52,9.49,-0.01,0.03,0.00,-1.70,0.53,9.72,0.00,0.04,-0.00,-1.22,4.34,8.93,-0.01,0.03,0.00,0.29,-0.09,0.96,-2.01,0.24,-0.18,R
10.638,20,5,21,255,21,-1.69,-2.99,9.38,-0.04,0.02,-0.01,-2.60,0.68,9.60,0.01,0.06,-0.01,-1.86,1.41,9.52,-0.03,0.02,0.00,-1.76,0.55,9.66,-0.01,0.04,-0.00,-1.23,4.36,8.94,0.01,0.03,-0.01,0.29,-0.08,0.96,-2.01,-0.43,0.24,R
10.689,23,8,25,255,22,-1.69,-3.14,9.41,-0.06,0.02,-0.01,-2.70,0.60,9.49,-0.02,0.05,-0.00,-1.90,1.51,9.49,-0.04,0.02,0.00,-1.80,0.53,9.73,0.01,0.04,0.00,-1.30,4.30,8.96,-0.01,0.03,-0.00,0.30,-0.08,0.96,-1.22,-0.06,0.06,R
10.74,24,9,26,255,21,-1.69,-3.03,9.35,-0.03,0.02,-0.02,-2.67,0.67,9.48,-0.02,0.03,-0.01,-1.86,1.54,9.53,-0.03,0.00,-0.00,-1.72,0.50,9.73,-0.00,0.02,0.00,-1.20,4.30,8.99,0.02,0.02,-0.00,0.29,-0.08,0.97,-0.73,-0.12,-0.24,R
10.791,23,9,21,255,21,-1.59,-3.06,9.39,-0.00,0.01,-0.01,-2.71,0.67,9.48,0.01,0.04,-0.00,-1.88,1.54,9.52,-0.02,0.01,0.00,-1.73,0.52,9.71,0.01,0.01,0.00,-1.24,4.35,8.95,0.02,0.02,-0.00,0.30,-0.08,0.96,-0.79,0.18,-0.43,R
10.842,23,9,25,255,21,-1.79,-2.81,9.40,-0.02,0.01,-0.04,-2.69,0.73,9.47,-0.02,0.03,-0.01,-1.92,1.48,9.51,-0.05,-0.01,0.00,-1.77,0.48,9.72,-0.03,0.01,-0.00,-1.21,4.46,8.95,-0.01,0.01,-0.00,0.29,-0.07,0.97,0.79,-0.31,0.31,R
10.893,24,9,25,255,20,-1.71,-3.04,9.50,-0.04,0.00,-0.01,-2.71,0.70,9.48,0.02,0.02,-0.00,-1.86,1.55,9.54,-0.04,-0.01,0.00,-1.79,0.53,9.73,-0.01,0.01,-0.00,-1.23,4.35,8.94,0.01,0.03,-0.00,0.29,-0.08,0.96,0.06,-0.61,-0.12,R
10.945,21,7,24,255,21,-1.64,-3.05,9.38,-0.00,0.01,-0.02,-2.66,0.68,9.49,-0.02,0.01,-0.00,-1.87,1.53,9.52,-0.03,-0.00,-0.00,-1.78,0.52,9.65,-0.02,0.01,0.00,-1.22,4.29,8.94,0.02,0.02,-0.01,0.29,-0.07,0.96,1.04,-0.12,0.24,R
10.996,22,9,23,255,21,-1.65,-3.06,9.32,0.00,0.02,-0.01,-2.73,0.73,9.49,0.01,0.03,-0.01,-1.81,1.54,9.52,-0.04,-0.00,-0.00,-1.69,0.54,9.73,-0.03,0.01,-0.01,-1.19,4.44,8.92,-0.03,0.02,-0.01,0.30,-0.08,0.96,1.65,-0.61,0.61,R
11.046,21,9,25,255,21,-1.66,-3.22,9.34,-0.05,0.01,0.00,-2.67,0.61,9.49,-0.02,0.02,-0.00,-1.93,1.53,9.50,-0.04,-0.00,0.00,-1.78,0.50,9.70,-0.02,0.01,-0.00,-1.25,4.31,8.91,0.02,0.02,-0.00,0.29,-0.08,0.96,1.83,0.06,0.55,R
11.097,23,10,26,255,21,-1.66,-3.14,9.38,0.03,0.01,-0.01,-2.71,0.69,9.45,-0.01,0.02,0.00,-1.89,1.49,9.56,-0.02,0.00,0.00,-1.71,0.55,9.64,-0.01,0.01,0.00,-1.20,4.33,8.98,0.04,0.02,-0.01,0.29,-0.08,0.96,0.98,0.12,0.55,R
11.148,23,9,25,255,23,-1.69,-3.17,9.39,-0.03,0.00,-0.01,-2.65,0.60,9.48,-0.02,0.00,0.00,-1.86,1.46,9.55,-0.04,-0.01,0.00,-1.74,0.51,9.68,-0.01,0.01,0.00,-1.21,4.35,8.98,-0.01,0.02,-0.00,0.30,-0.08,0.96,0.98,-0.31,0.43,R
11.199,23,11,24,255,22,-1.62,-3.16,9.38,-0.01,0.01,-0.01,-2.71,0.68,9.53,-0.00,0.02,-0.00,-1.84,1.43,9.52,-0.03,0.00,-0.01,-1.76,0.48,9.70,-0.01,0.01,0.00,-1.18,4.34,8.91,0.02,0.02,-0.00,0.29,-0.08,0.96,0.55,-0.37,0.31,R
11.25,24,9,24,255,21,-1.72,-3.13,9.28,-0.01,0.01,-0.02,-2.69,0.80,9.46,0.00,-0.01,-0.00,-1.88,1.44,9.54,-0.04,-0.02,0.00,-1.70,0.54,9.71,-0.02,-0.00,-0.00,-1.19,4.34,8.90,0.01,0.03,-0.00,0.29,-0.08,0.96,1.71,-0.85,0.12,R
11.302,22,8,25,255,21,-1.68,-3.15,9.32,-0.02,0.01,-0.01,-2.67,0.73,9.47,0.00,0.01,0.00,-1.85,1.54,9.51,-0.03,-0.01,0.00,-1.79,0.53,9.74,-0.02,0.00,-0.00,-1.13,4.68,8.84,0.05,0.02,-0.00,0.29,-0.08,0.96,1.16,-0.18,0.49,R
11.352,23,9,24,255,22,-1.58,-3.13,9.35,-0.00,0.01,-0.01,-2.62,0.69,9.50,0.08,-0.05,0.00,-1.86,1.39,9.61,-0.02,-0.09,0.02,-1.79,0.34,9.70,0.01,-0.05,0.02,-1.24,4.44,8.94,0.00,0.05,0.08,0.29,-0.08,0.97,5.25,0.98,-1.46,R
11.403,21,10,25,255,21,-1.65,-3.12,9.43,0.07,0.04,0.00,-2.51,0.87,9.56,0.15,-0.12,0.00,-1.70,1.42,9.56,-0.05,-0.14,0.04,-1.68,0.36,9.70,-0.02,-0.07,0.03,-1.16,4.22,8.98,-0.07,0.03,0.11,0.28,-0.09,0.97,8.24,0.79,-2.69,R
11.454,23,15,26,255,19,-1.45,-3.16,9.50,0.18,-0.08,0.00,-2.60,0.73,9.55,0.31,0.05,0.10,-2.53,1.02,9.74,0.23,-0.07,-0.22,-1.70,0.20,9.90,0.02,-0.07,0.12,-1.16,4.38,8.84,0.17,-0.02,0.13,0.31,-0.09,0.97,7.93,2.26,-9.64,R
11.506,20,23,26,255,19,-1.46,-3.07,9.32,0.15,-0.01,-0.13,-2.48,1.06,9.48,0.20,0.06,0.03,-1.88,1.38,9.62,-0.01,0.01,0.07,-1.51,-0.45,9.73,0.23,-0.08,0.21,-1.25,3.88,8.95,0.68,-0.16,0.29,0.27,-0.11,0.97,8.06,2.08,-13.31,R
11.556,19,27,31,255,14,-1.04,-3.50,9.34,0.18,-0.01,-0.35,-2.34,1.36,9.72,0.20,-0.17,-0.13,-1.40,1.16,9.73,0.09,-0.11,0.08,-1.58,-0.23,9.61,0.48,-0.11,0.05,-0.80,4.43,8.66,0.48,-0.08,0.16,0.31,-0.10,0.93,9.83,3.11,-16.66,R
11.608,14,27,28,255,13,-1.61,-2.72,9.21,0.15,-0.23,-1.10,-2.91,1.84,9.21,0.92,-0.23,-0.68,-1.51,2.32,9.29,1.15,-0.36,-0.22,-1.38,1.64,9.73,0.83,-0.31,-0.24,-0.76,5.08,8.69,0.37,-0.16,-0.13,0.33,-0.10,0.99,9.03,-1.34,-17.94,R
11.659,10,24,23,255,12,-0.95,-3.00,9.46,0.26,0.13,-0.32,-2.11,0.37,9.41,0.01,-0.15,-0.35,-1.06,2.24,9.50,0.80,-0.54,-0.39,-1.46,2.01,9.55,0.75,-0.28,-0.40,-0.94,5.06,8.89,0.32,-0.28,-0.38,0.37,-0.13,0.88,11.35,24.23,-14.47,R
11.709,11,23,19,255,14,-0.16,-4.82,9.55,0.22,-0.03,-0.92,-2.01,-0.20,9.82,0.09,-0.21,-1.01,-0.50,1.34,9.68,0.09,-0.56,-0.79,-0.88,1.94,9.50,0.36,-0.19,-0.53,-0.62,4.61,8.88,-0.09,-0.32,-0.60,0.34,-0.11,0.94,-3.11,0.67,-23.80,R
11.76,9,22,19,255,14,-2.43,-0.37,10.16,-0.15,0.23,-0.61,-2.67,2.51,9.13,-0.20,-0.26,-0.93,-1.36,3.19,9.60,-0.31,-0.29,-0.65,-1.28,1.65,9.64,-0.06,-0.09,-0.47,-0.86,4.24,8.79,-0.32,-0.27,-0.47,0.25,-0.17,0.96,3.42,-3.60,-15.08,R
11.811,6,18,18,255,15,-1.44,-3.30,9.34,0.11,0.14,-0.34,-2.59,2.06,9.56,0.03,-0.05,-0.48,-1.38,2.84,9.48,-0.22,-0.13,-0.42,-1.29,1.92,9.55,0.01,-0.05,-0.34,-0.82,5.07,8.63,-0.11,-0.13,-0.34,0.27,-0.19,0.94,0.12,1.95,-10.86,R
11.862,8,17,18,255,18,-2.63,-1.16,9.88,-0.24,0.14,-0.27,-2.65,1.40,9.31,-0.12,0.03,-0.22,-1.36,2.51,9.44,-0.31,0.09,-0.11,-1.20,1.75,9.66,-0.18,0.08,-0.10,-0.65,4.66,8.82,-0.08,0.03,-0.08,0.21,-0.19,0.97,-10.62,-3.11,-5.43,R
11.913,7,19,20,255,16,-1.18,-2.86,9.52,-0.09,-0.13,0.01,-2.24,0.86,9.50,0.04,0.01,0.01,-1.04,2.22,9.47,-0.24,0.15,0.07,-1.16,1.79,9.62,-0.07,0.09,0.04,-0.84,4.75,8.74,0.06,0.04,0.04,0.34,-0.12,0.98,-5.98,4.70,0.06,R
11.964,7,19,21,255,18,-1.07,-2.65,9.52,-0.03,0.02,0.00,-2.19,1.12,9.50,-0.07,0.04,-0.02,-1.39,1.93,9.68,-0.35,0.17,0.01,-1.27,1.67,9.64,-0.22,0.08,0.00,-0.94,4.87,8.77,-0.12,0.04,-0.04,0.31,-0.15,0.95,1.77,-0.92,0.98,R
12.015,7,18,23,255,14,-1.24,-2.87,9.47,-0.09,0.00,0.00,-2.47,1.01,9.68,-0.05,0.04,-0.03,-1.04,1.80,9.61,-0.23,0.08,0.00,-1.34,1.40,9.57,-0.19,0.09,0.01,-0.93,4.64,8.83,-0.05,0.03,-0.01,0.30,-0.15,0.94,-0.31,-0.12,2.08,R
12.068,7,17,25,255,16,-1.09,-2.84,9.54,-0.02,0.02,-0.02,-2.24,1.07,9.57,-0.02,0.02,-0.01,-1.15,1.73,9.54,-0.16,0.07,0.02,-1.36,1.47,9.68,-0.13,0.06,0.02,-0.93,4.66,8.87,-0.04,0.03,-0.01,0.32,-0.13,0.96,-0.61,0.55,0.49,R
12.118,5,16,26,255,16,-1.03,-2.92,9.50,-0.02,0.01,-0.01,-2.31,0.98,9.56,-0.04,0.04,-0.02,-1.26,1.69,9.58,-0.13,0.04,-0.00,-1.37,1.33,9.71,-0.09,0.05,-0.01,-0.92,4.73,8.77,-0.08,0.03,-0.02,0.30,-0.15,0.95,0.49,0.18,0.61,R
12.169,7,15,24,255,17,-1.33,-3.19,9.56,-0.09,0.04,-0.00,-2.31,1.05,9.51,-0.05,0.02,-0.02,-1.42,1.67,9.60,-0.10,0.04,0.01,-1.45,1.11,9.51,-0.02,0.05,0.02,-0.98,4.67,8.89,0.06,0.03,0.02,0.30,-0.15,0.95,-1.71,1.53,1.59,R
12.219,4,19,26,255,18,-1.08,-3.04,9.50,0.00,0.03,-0.01,-2.24,0.92,9.58,-0.00,0.02,0.00,-1.27,1.74,9.66,-0.02,0.01,0.01,-1.39,1.35,9.71,-0.01,0.02,0.02,-0.96,4.54,8.80,-0.01,0.03,0.02,0.32,-0.14,0.95,-0.31,1.65,0.37,R
12.27,7,13,24,255,16,-1.12,-2.92,9.45,0.00,0.01,-0.00,-2.23,1.08,9.51,-0.03,0.02,0.00,-1.24,1.84,9.57,-0.07,0.02,0.00,-1.40,1.26,9.73,-0.04,0.02,0.00,-0.89,4.67,8.85,-0.01,0.02,-0.01,0.31,-0.14,0.95,-0.55,-0.12,0.31,R
12.321,5,15,24,255,16,-1.13,-3.10,9.50,-0.03,0.01,-0.01,-2.25,1.02,9.59,-0.01,0.02,-0.00,-1.28,1.74,9.59,-0.05,0.02,0.00,-1.47,1.38,9.70,-0.03,0.03,0.00,-1.00,4.64,8.90,-0.01,0.02,-0.02,0.32,-0.14,0.95,-1.53,0.43,-0.43,R
12.372,5,16,23,255,16,-1.12,-3.04,9.48,-0.01,0.03,-0.01,-2.34,0.99,9.56,-0.02,0.03,-0.01,-1.34,1.72,9.59,-0.06,0.00,0.00,-1.50,1.22,9.67,-0.04,0.02,0.00,-0.90,4.55,8.84,0.01,0.02,-0.01,0.31,-0.14,0.95,-0.49,0.00,-0.18,R
12.423,6,17,23,255,15,-1.23,-3.05,9.51,-0.00,0.01,-0.00,-2.31,1.12,9.62,0.00,0.02,-0.00,-1.30,1.81,9.54,-0.05,0.01,0.00,-1.42,1.36,9.68,-0.03,0.02,0.00,-0.91,4.55,8.82,-0.02,0.02,-0.01,0.32,-0.14,0.95,1.77,0.49,0.61,R
12.474,6,15,23,255,16,-1.18,-3.11,9.49,-0.01,0.00,-0.00,-2.24,0.99,9.55,-0.01,0.04,0.00,-1.30,1.70,9.59,-0.03,0.03,0.01,-1.36,1.22,9.70,0.01,0.03,0.01,-0.94,4.53,8.85,0.04,0.04,0.00,0.31,-0.14,0.95,-0.92,0.98,0.31,R
12.525,7,16,23,255,18,-1.25,-3.13,9.37,-0.01,0.03,0.01,-2.38,1.09,9.50,0.01,0.06,0.00,-1.36,1.75,9.53,-0.00,0.03,0.01,-1.46,1.31,9.72,0.00,0.03,0.02,-0.90,4.56,8.84,0.03,0.04,0.02,0.31,-0.13,0.95,-3.60,1.40,0.49,R
12.576,8,17,25,255,17,-1.14,-3.01,9.54,-0.03,0.01,0.07,-2.21,0.78,9.59,-0.02,0.07,0.02,-1.35,1.59,9.56,0.04,0.05,0.02,-1.48,1.39,9.67,0.08,0.04,0.02,-0.95,4.65,8.78,0.09,0.05,0.01,0.31,-0.13,0.95,-0.92,2.32,2.32,R
12.627,7,16,25,255,17,-1.40,-2.86,9.57,0.03,-0.01,0.08,-2.37,1.13,9.82,0.01,0.08,-0.04,-1.34,1.56,9.59,0.04,0.11,0.01,-1.43,1.35,9.63,0.13,0.10,-0.01,-0.98,4.75,8.77,0.10,0.09,0.02,0.31,-0.13,0.96,-5.68,4.09,3.17,R
12.678,8,16,26,255,18,-1.71,-2.94,9.80,0.23,-0.09,0.23,-2.89,1.36,9.39,-0.08,0.22,-0.15,-1.64,1.64,9.64,0.23,0.32,0.00,-1.64,1.20,9.65,0.30,0.19,0.03,-0.96,4.39,8.96,0.28,0.20,0.03,0.27,-0.14,0.97,-12.27,10.01,6.65,R
12.729,8,21,31,255,24,-1.99,-2.92,13.10,0.72,-0.84,0.29,-4.11,2.73,15.16,0.06,-1.04,0.75,-1.98,1.62,9.80,0.34,0.77,0.01,-1.84,1.57,9.89,0.65,0.61,0.07,-1.01,4.48,8.81,0.88,0.15,-0.04,0.29,-0.14,1.00,-24.05,22.22,16.11,R
12.78,7,18,54,255,27,-1.11,-4.19,11.58,0.58,-0.98,0.69,-2.13,-0.39,8.73,0.77,-0.70,0.77,-3.51,2.00,9.39,1.25,2.26,0.21,-2.36,1.74,9.56,1.56,1.45,0.15,-1.27,5.42,8.12,2.11,0.08,0.10,0.34,-0.11,0.98,-40.77,61.34,23.50,R
12.832,12,21,95,255,28,-0.72,-2.20,9.78,0.29,-0.26,-0.54,-2.55,2.40,10.93,1.23,-0.11,0.68,-6.77,5.42,11.36,2.31,2.32,0.64,-3.69,5.57,7.70,2.39,2.26,0.24,-1.67,10.89,3.73,3.72,1.93,1.38,0.49,-0.03,0.91,-63.54,83.25,34.18,R
12.882,40,48,131,255,50,-1.47,-1.83,12.28,0.95,-0.68,-0.19,-2.00,2.65,8.66,1.49,0.19,1.20,-5.27,4.56,6.90,1.26,1.07,1.53,-4.57,2.85,9.80,1.99,0.89,1.83,-2.82,9.49,7.02,3.61,1.11,0.45,0.63,0.04,0.83,-29.79,112.43,30.58,R
12.933,60,68,146,255,64,0.17,-0.98,9.06,1.57,-0.90,-0.01,-1.09,6.17,7.24,1.53,0.28,1.23,-4.96,8.80,2.30,1.52,2.56,1.72,-4.19,10.02,5.79,1.92,1.65,1.21,-1.00,10.19,-0.87,2.00,0.97,0.55,0.77,0.10,0.85,-9.22,92.22,38.57,R
12.985,69,80,162,255,72,0.15,-0.03,12.60,1.97,-0.90,0.70,-1.44,5.19,10.24,1.97,0.56,1.70,-5.32,7.32,6.87,1.55,1.55,2.43,-3.95,6.62,5.81,2.30,1.51,1.93,-2.52,9.80,3.89,3.12,2.54,0.06,0.69,0.08,0.65,15.01,152.59,40.34,R
13.035,77,93,169,255,84,1.45,0.49,8.15,2.24,-0.88,0.62,-0.16,5.59,6.83,2.06,0.25,1.80,-3.48,7.64,4.81,1.41,1.19,2.15,-3.38,7.01,5.07,1.73,1.43,1.54,-1.82,9.27,1.28,1.97,1.79,0.39,0.85,0.15,0.61,14.95,128.30,38.27,R
13.087,81,99,168,255,94,1.00,0.42,11.47,2.33,-0.72,1.05,0.26,5.30,6.96,2.13,0.31,1.96,-3.15,6.60,3.78,1.65,1.30,2.22,-2.64,7.49,2.08,2.21,1.98,1.59,-2.08,7.43,-3.48,2.91,3.18,-0.34,0.72,0.16,0.48,48.89,161.50,32.04,R
13.138,85,105,170,255,116,2.28,1.60,9.17,3.05,-0.58,1.13,-0.21,7.83,7.53,2.82,0.62,2.32,-3.26,10.71,2.99,2.47,2.32,2.85,-3.53,11.48,2.27,3.02,3.11,1.94,-3.62,12.89,-1.18,3.59,4.33,-0.46,0.85,0.13,0.39,50.90,197.69,28.26,R
13.189,90,116,171,255,136,3.20,3.26,7.21,3.17,-0.07,1.16,1.27,6.71,4.73,2.93,0.79,2.51,-1.08,9.07,0.60,2.22,1.94,2.77,-2.81,8.94,-0.11,2.51,2.58,1.89,-3.36,10.05,-0.76,2.91,2.99,0.19,0.96,0.14,0.20,66.71,192.14,32.78,R
13.24,99,132,176,255,141,2.43,5.23,6.40,3.18,-0.10,1.24,1.34,9.20,4.36,2.61,0.74,2.31,-1.02,10.23,0.76,1.73,2.57,2.53,-1.60,8.99,-1.45,2.33,3.21,1.63,-0.82,5.19,-7.52,2.98,3.49,-1.20,0.92,0.18,0.04,56.52,175.60,28.81,R
13.29,111,143,186,255,146,3.78,3.40,5.13,2.88,0.66,1.38,2.79,8.15,1.86,2.34,2.07,3.10,-0.58,9.63,-0.58,1.91,3.17,3.03,-2.47,8.99,-1.57,2.90,3.45,2.45,-2.62,10.74,-4.05,2.77,4.49,0.03,0.88,0.18,-0.10,56.27,198.18,19.29,R
13.341,128,166,191,255,153,3.20,6.54,5.42,2.85,0.53,1.49,3.73,7.82,2.65,2.27,1.64,2.53,2.27,9.44,-0.74,1.69,2.41,2.31,0.58,9.01,-2.77,1.81,2.56,1.63,0.68,6.85,-7.81,1.91,3.05,-0.10,0.94,0.19,-0.14,56.52,160.46,15.69,R
13.393,134,177,195,255,157,3.29,6.27,4.84,2.47,0.63,1.65,3.14,8.52,2.82,1.92,1.34,2.61,2.42,8.98,-1.84,1.18,2.44,2.60,2.15,7.75,-5.16,1.99,3.61,2.30,-0.35,6.39,-6.26,2.58,4.36,-0.77,0.85,0.22,-0.34,60.42,157.90,4.82,R
13.443,143,186,200,255,164,3.62,7.77,4.32,2.34,0.72,1.77,5.07,9.28,1.99,1.82,1.43,2.63,4.56,10.08,-1.81,1.19,1.87,2.36,2.47,9.05,-3.43,1.53,2.49,1.93,2.10,6.56,-5.24,1.76,2.96,0.24,0.81,0.26,-0.45,45.41,144.78,6.29,R
13.495,152,193,200,255,169,5.25,5.89,3.19,1.91,0.98,1.42,5.86,6.30,2.15,1.11,2.17,2.35,3.45,8.21,0.02,1.03,4.02,1.90,4.17,7.70,-4.27,1.34,4.80,1.66,3.35,3.65,-7.55,1.63,7.07,-0.12,0.80,0.26,-0.53,42.42,120.91,6.47,R
13.545,156,200,211,255,190,5.20,8.61,2.69,1.43,0.62,1.89,7.07,7.58,1.36,0.74,0.75,2.25,7.54,7.38,-1.59,0.24,2.44,1.78,6.18,8.96,-3.01,0.93,3.42,1.44,7.81,4.38,-6.23,1.35,4.06,0.09,0.71,0.32,-0.64,54.50,100.89,10.25,R
13.596,161,204,214,255,197,5.44,5.81,2.28,1.49,0.82,1.90,8.72,6.32,0.58,0.87,1.98,2.76,6.63,6.83,0.69,0.47,3.49,2.42,4.64,5.87,-0.11,0.79,3.22,2.06,4.07,3.89,-1.23,1.29,3.30,0.67,0.69,0.35,-0.74,58.23,128.23,11.05,R
13.648,179,213,220,255,203,8.21,6.90,1.43,0.79,0.99,1.45,8.32,3.85,2.11,0.24,1.58,1.80,9.62,3.80,0.72,0.07,2.40,1.55,8.82,4.14,-1.55,0.47,2.54,1.14,11.06,2.15,-4.98,0.84,2.80,-0.23,0.52,0.40,-0.70,42.48,70.07,20.26,R
13.698,185,218,225,255,204,7.31,5.51,2.84,0.96,0.77,1.51,8.47,2.57,2.50,0.44,1.45,2.03,7.89,3.94,2.11,0.24,2.37,1.84,6.50,5.67,1.23,0.73,2.42,1.71,6.79,4.16,-0.91,0.77,2.60,0.55,0.54,0.41,-0.77,44.13,92.29,5.55,R
13.749,197,224,226,255,211,7.09,5.98,3.27,0.60,1.40,1.02,7.29,2.15,4.53,0.21,2.38,1.61,8.29,2.97,4.06,0.20,2.63,1.33,9.06,3.39,0.32,0.50,3.07,1.20,6.87,1.98,2.26,0.89,3.59,-0.08,0.39,0.44,-0.75,52.98,66.04,0.06,R
13.8,200,227,233,255,212,9.50,4.01,2.37,0.84,0.85,1.25,7.79,1.31,4.87,0.45,2.06,1.45,6.74,4.01,4.70,0.59,2.16,0.95,7.85,4.67,1.79,0.68,2.65,0.81,6.43,3.69,2.35,1.13,2.82,-0.11,0.55,0.44,-0.78,51.70,49.44,-17.70,R
13.851,204,228,236,255,218,5.91,6.27,4.96,0.58,1.39,0.60,6.22,4.08,6.22,0.39,2.61,1.00,6.66,6.20,5.40,0.36,2.70,0.75,8.45,5.68,2.56,0.48,3.23,0.78,7.45,3.79,3.51,0.92,3.26,-0.04,0.46,0.47,-0.78,43.82,41.44,-12.70,R
13.903,206,233,238,255,221,7.61,5.86,4.07,0.62,0.94,0.85,6.17,1.70,7.06,0.14,1.53,0.98,6.36,3.05,6.49,0.27,1.83,0.64,7.48,2.46,4.14,0.36,2.40,0.52,7.46,3.51,4.34,0.81,2.29,-0.24,0.47,0.47,-0.79,45.04,31.68,-7.02,R
13.953,206,235,246,255,222,7.01,6.06,3.69,0.57,0.58,0.66,5.61,3.93,7.27,0.14,1.33,0.96,5.55,4.72,6.31,0.22,1.65,0.57,7.71,4.77,4.01,0.41,1.82,0.45,8.64,4.87,3.62,0.58,1.93,-0.07,0.35,0.53,-0.80,45.04,32.96,-8.36,R
14.004,200,239,240,255,223,8.41,5.37,3.28,0.49,0.79,0.75,6.80,1.67,7.56,-0.13,1.96,0.89,6.34,2.78,7.24,0.02,1.50,0.50,8.01,3.59,4.88,0.18,1.70,0.41,6.05,4.30,5.57,0.49,1.93,-0.26,0.40,0.56,-0.75,45.96,27.71,-2.87,R
14.055,201,239,242,255,223,7.48,5.29,4.37,0.20,0.49,0.79,5.04,1.48,8.02,-0.01,0.98,0.81,6.90,3.09,7.03,0.10,1.15,0.32,7.98,4.11,5.24,0.14,1.32,0.22,7.62,4.43,4.75,0.51,1.19,-0.21,0.41,0.58,-0.74,47.91,20.81,1.22,R
14.107,200,240,242,255,222,7.71,3.61,4.35,0.50,0.37,0.79,4.75,2.80,8.28,-0.22,1.22,0.91,4.14,4.06,7.81,-0.14,1.41,0.45,6.06,3.74,5.97,0.01,1.91,0.30,5.88,3.78,4.66,0.29,2.43,-0.35,0.33,0.61,-0.73,51.88,32.10,3.60,R
14.157,199,240,243,255,224,7.69,5.01,4.15,0.03,0.39,0.87,5.09,1.12,8.42,-0.43,1.30,0.80,5.43,3.19,8.10,-0.14,1.47,0.29,7.51,4.24,6.54,-0.02,2.12,0.23,5.66,4.53,7.34,0.52,2.46,-0.39,0.27,0.70,-0.72,57.13,26.61,11.11,R
14.208,197,242,243,255,227,8.69,3.68,4.64,0.18,0.27,1.34,2.46,0.27,9.69,-0.52,1.41,0.99,3.09,2.38,9.16,-0.30,1.57,0.36,4.22,3.20,8.00,-0.17,1.56,0.26,3.27,5.48,7.41,0.22,1.37,-0.33,0.35,0.73,-0.70,59.63,40.34,16.36,R
14.259,199,241,244,255,225,8.75,3.23,4.38,0.11,0.58,1.11,4.53,-0.56,9.89,-0.59,1.87,0.61,5.11,1.88,9.52,-0.10,2.00,0.02,7.36,2.74,7.78,-0.07,2.55,-0.09,5.02,4.70,8.90,0.66,2.31,-0.63,0.25,0.81,-0.68,61.04,21.85,17.82,R
14.31,202,242,245,255,226,8.12,2.24,5.66,0.07,0.13,1.58,2.32,-1.20,10.30,-0.89,1.18,0.84,-0.49,2.87,10.74,-0.45,1.94,0.14,0.99,2.78,10.34,-0.27,1.96,0.09,1.02,7.46,9.19,0.33,1.49,-0.65,0.24,0.87,-0.63,80.38,36.32,29.24,R
14.361,202,240,245,255,225,8.67,2.05,4.48,-0.09,0.26,1.14,2.40,-2.04,9.61,-0.59,1.89,0.53,2.97,0.58,9.10,-0.28,1.89,-0.20,5.26,1.74,7.87,-0.20,2.28,-0.39,3.97,4.88,6.85,0.62,1.99,-0.93,0.09,0.87,-0.53,62.99,9.58,32.41,R
14.412,204,241,246,255,224,6.99,1.56,5.66,-0.21,-0.26,1.62,0.37,-1.68,9.47,-1.15,1.07,0.73,-0.57,2.67,8.84,-0.46,2.23,-0.11,-1.21,4.09,9.50,-0.39,2.29,-0.25,-1.03,7.34,7.84,0.25,1.74,-1.05,0.16,0.86,-0.48,85.39,30.09,39.31,R
14.463,200,242,246,255,222,7.74,0.06,3.87,-0.16,-0.20,1.60,2.84,-2.98,6.91,-1.13,1.36,0.66,2.09,0.21,7.76,-0.79,2.29,-0.15,3.46,0.35,5.56,-0.52,2.76,-0.35,1.48,2.31,2.81,0.51,2.79,-1.24,0.05,0.87,-0.36,83.74,31.31,42.91,R
14.514,201,248,244,255,222,9.27,-1.58,4.30,0.21,0.25,1.39,-0.60,-5.77,8.86,-0.62,1.29,0.85,-4.51,-0.45,8.82,-0.09,2.42,-0.10,-5.64,0.91,8.94,0.21,3.05,-0.56,-4.63,4.60,6.09,0.14,1.94,-1.87,0.09,0.82,-0.28,76.78,23.80,3.30,R
14.565,198,242,246,255,211,8.35,-1.22,5.05,0.19,0.57,0.67,-0.63,-3.41,8.99,0.05,1.65,0.67,-1.39,0.70,8.00,0.04,1.72,0.09,-2.26,2.67,7.26,0.58,2.44,-0.29,-1.66,6.62,7.05,0.59,1.33,-0.73,0.11,0.93,-0.29,34.73,14.04,-3.78,R
14.617,201,243,245,255,197,9.79,-0.40,3.76,0.26,1.24,0.72,-0.12,-3.30,10.16,0.01,2.06,0.88,-2.05,-0.82,9.14,0.66,3.05,0.01,-4.97,0.79,10.05,0.90,2.98,0.06,-5.69,6.01,7.62,1.51,1.53,-0.31,0.02,0.96,-0.34,107.12,15.81,-29.60,R
14.668,197,241,243,255,194,8.55,-1.81,5.09,0.40,1.19,0.53,-3.70,-2.23,9.07,0.35,1.82,0.80,-6.70,2.89,7.70,0.71,2.30,0.16,-4.71,4.47,5.81,0.94,2.20,0.22,-3.86,7.30,4.74,1.24,1.79,0.03,0.04,0.96,-0.20,83.01,9.58,-29.54,R
14.719,198,241,242,255,193,7.42,-0.06,5.32,0.09,1.30,0.53,-3.76,-2.47,8.00,0.13,1.93,0.80,-6.65,2.67,6.48,0.74,2.62,0.28,-6.04,4.10,6.04,0.97,2.41,0.49,-4.63,8.38,4.46,1.42,1.91,0.25,0.09,0.94,-0.16,93.44,21.18,-34.12,R
14.77,196,240,240,255,191,7.46,-0.81,6.37,0.58,0.62,0.41,-5.09,-1.87,8.11,0.24,1.48,0.72,-7.57,2.97,5.43,0.70,1.74,0.38,-5.92,4.70,5.03,1.09,1.64,0.62,-6.10,8.52,4.79,1.17,1.18,0.29,0.23,0.93,-0.05,69.40,11.47,-34.61,R
14.82,191,239,240,255,190,5.65,-0.74,6.99,0.14,0.82,0.10,-6.16,-0.97,7.28,0.16,1.52,0.36,-8.70,4.27,4.40,0.40,1.89,0.16,-8.00,4.98,4.62,0.39,1.86,0.12,-4.30,7.83,1.87,0.69,1.36,0.01,0.18,0.91,0.00,46.87,10.93,-18.49,R
14.872,191,241,236,255,189,6.39,-1.24,7.27,0.34,0.42,0.14,-5.70,-2.38,7.18,0.15,1.60,0.09,-8.79,3.25,4.51,0.37,1.04,0.17,-7.31,5.31,3.38,0.52,0.99,0.18,-5.74,9.00,2.32,0.62,0.82,0.12,0.22,0.96,0.05,32.78,5.74,-17.21,R
14.922,185,240,238,255,189,6.86,-0.71,7.72,0.16,-0.87,0.13,-6.32,-1.52,6.90,0.15,0.81,0.00,-8.58,3.84,4.31,0.35,0.44,0.15,-7.59,5.09,4.01,0.39,0.44,0.11,-5.25,7.22,2.37,0.48,0.35,0.18,0.22,0.97,0.08,17.94,-2.01,-12.70,R
14.973,177,239,236,255,190,6.98,-1.08,6.35,0.11,0.03,-0.10,-5.57,-1.63,7.02,0.20,1.34,0.09,-8.85,3.48,4.86,0.29,0.70,0.20,-8.48,5.47,4.49,0.37,0.49,0.12,-5.25,9.28,1.77,0.44,0.18,0.03,0.19,0.97,0.07,22.16,1.40,-15.81,R
15.024,173,241,236,255,191,7.02,-0.98,6.88,0.13,-0.18,0.04,-6.27,-2.64,6.97,0.07,0.73,0.10,-7.23,2.15,4.45,0.15,0.35,0.19,-6.85,3.91,3.47,0.31,0.35,0.16,-5.34,7.38,2.08,0.41,0.20,0.12,0.22,0.96,0.10,17.82,4.39,-9.40,R
15.075,170,240,237,255,189,6.34,-1.11,7.75,0.02,-0.04,-0.11,-5.94,-2.22,6.09,0.17,0.75,0.07,-7.48,3.40,3.85,0.31,0.57,0.24,-7.14,4.71,3.72,0.44,0.70,0.20,-5.65,8.08,2.93,0.52,0.62,0.16,0.21,0.98,0.10,16.11,0.31,-14.40,R
15.126,165,239,238,255,193,6.99,-0.23,7.05,0.14,-0.12,0.03,-7.03,-1.62,6.11,-0.00,0.77,0.06,-7.59,3.35,3.69,0.08,0.50,0.08,-6.87,4.06,3.58,0.26,0.58,0.17,-4.69,6.64,2.49,0.40,0.43,0.14,0.24,0.96,0.12,19.53,3.66,-6.53,R
15.177,159,237,236,255,191,7.45,-1.31,6.24,0.17,-0.44,-0.16,-8.69,-1.46,5.42,0.20,0.34,0.24,-8.95,4.48,2.37,0.35,0.46,0.27,-8.12,6.18,2.34,0.39,0.47,0.20,-5.12,9.17,1.43,0.42,0.30,0.15,0.25,0.96,0.15,21.18,0.06,-14.22,R
15.228,150,238,233,255,192,6.32,-0.99,7.38,0.09,-0.16,-0.02,-8.94,-0.38,5.15,0.00,0.39,0.14,-8.48,4.86,1.90,0.02,0.49,0.06,-7.80,6.46,1.38,-0.03,0.47,-0.07,-5.01,9.21,0.32,-0.08,0.28,-0.11,0.27,0.93,0.17,10.44,2.81,-1.22,R
15.28,148,237,231,255,192,8.64,-0.79,4.92,-0.03,0.11,0.01,-8.71,-1.68,5.94,0.03,0.47,-0.04,-9.00,3.90,2.83,0.14,0.26,0.05,-7.75,6.00,2.13,0.09,0.10,0.05,-5.33,8.96,0.73,0.26,0.01,0.05,0.27,0.94,0.16,8.00,-3.30,-6.71,R
15.33,141,237,235,255,191,7.41,-0.43,6.87,0.06,-0.58,-0.02,-8.93,-1.61,5.67,0.08,0.47,0.13,-8.09,3.61,3.07,0.14,0.60,0.19,-8.45,5.12,2.49,0.14,0.49,0.09,-6.10,8.21,0.83,0.33,0.24,0.06,0.26,0.94,0.16,13.55,2.81,-7.87,R
15.382,133,237,236,255,193,7.61,-0.45,6.20,-0.06,0.02,-0.15,-9.31,-1.27,5.09,0.24,0.37,0.21,-8.80,3.68,2.13,0.17,0.26,0.19,-8.35,5.73,1.77,0.15,0.17,0.11,-6.40,8.45,0.65,0.15,-0.02,0.03,0.26,0.94,0.19,5.43,-2.44,-9.52,R
15.432,129,236,235,255,191,7.39,-0.48,6.84,0.06,-0.43,-0.07,-8.67,-0.86,4.77,0.02,0.13,0.00,-8.52,4.41,2.36,-0.04,0.12,0.02,-7.63,5.43,2.58,-0.04,0.08,-0.06,-4.13,7.27,0.67,-0.01,0.09,0.11,0.28,0.97,0.18,2.62,0.85,-0.37,R
15.484,125,238,235,255,192,8.92,0.07,5.13,-0.06,-0.25,0.01,-9.16,-1.51,5.45,0.00,0.17,0.05,-9.18,3.45,2.76,0.02,0.11,0.06,-8.26,4.81,2.38,0.10,0.04,0.09,-5.42,7.66,0.97,0.19,0.02,0.16,0.27,0.94,0.16,6.29,-0.18,-5.25,R
15.535,126,236,236,255,191,8.06,-0.87,5.62,-0.05,0.02,-0.28,-8.69,-0.59,4.67,0.25,0.31,0.03,-8.47,4.15,2.13,0.09,0.15,0.01,-7.63,5.60,1.92,0.03,0.02,0.01,-5.26,8.58,0.62,0.02,-0.12,0.11,0.27,0.93,0.19,1.53,-3.85,-11.84,R
15.586,118,235,235,255,190,7.63,0.43,5.85,-0.21,0.08,-0.42,-10.52,-1.40,4.61,0.45,-0.11,0.32,-9.46,4.11,1.63,0.25,-0.32,0.21,-8.09,5.80,1.40,0.22,-0.44,0.24,-5.34,8.81,-0.24,0.05,-0.42,0.34,0.30,0.89,0.21,-8.30,-5.86,-14.53,R
15.636,114,236,236,255,193,7.79,-1.25,6.30,-0.91,0.40,-0.36,-8.08,-0.57,4.49,0.48,-0.29,0.29,-7.94,4.30,1.49,0.20,-0.27,0.29,-7.85,5.72,1.45,0.13,-0.28,0.24,-5.18,9.05,0.56,0.01,-0.27,0.36,0.30,0.90,0.18,-22.83,-8.79,-17.64,R
15.688,114,236,236,255,193,8.82,-1.38,6.41,-1.10,0.41,-0.89,-10.26,-4.58,5.52,1.18,-0.82,0.47,-11.77,0.61,1.70,0.81,-0.83,0.63,-10.85,3.46,1.00,0.79,-1.15,0.80,-7.30,8.74,0.17,0.32,-1.41,1.21,0.49,0.85,0.14,-64.15,-32.65,-56.88,R
15.74,107,235,236,255,191,6.26,2.49,8.94,-1.66,-0.43,-2.15,-12.03,1.67,3.24,3.24,-1.05,0.40,-8.05,8.07,-0.07,1.73,-1.67,1.21,-5.99,9.35,0.19,0.93,-1.81,0.78,-3.03,12.75,-2.92,-0.19,-1.30,1.09,0.46,0.94,0.04,-131.16,-77.09,-73.30,R
15.789,53,235,240,255,201,16.03,-7.29,-6.52,-3.26,-6.85,1.22,-2.83,-1.74,3.94,3.98,-1.67,0.74,-8.31,1.27,1.67,2.38,-2.37,1.42,-8.23,3.73,2.38,2.04,-3.13,1.13,-4.73,7.07,2.20,0.79,-3.60,1.48,0.89,0.72,-0.13,-172.49,-114.99,-98.88,R
15.841,9,238,241,255,204,10.47,-0.59,-6.77,-3.43,-2.88,-2.32,-7.26,3.74,3.86,6.49,-0.01,0.11,-2.94,7.11,0.27,4.30,-2.15,2.30,-0.62,8.42,-2.18,3.99,-1.74,1.78,1.03,8.42,-1.60,2.71,0.21,1.69,0.71,1.06,-0.34,-210.08,-218.14,-168.15,R
15.892,0,240,246,255,226,6.62,2.70,-2.96,-4.23,-3.61,-2.35,-2.25,5.81,-4.53,7.21,2.22,0.50,-3.28,4.34,-2.07,4.90,-1.74,3.40,-1.75,6.60,-1.68,3.91,-2.15,2.87,0.16,8.32,-0.56,1.99,-2.23,2.82,0.82,0.68,-0.14,-226.87,-246.52,-208.37,R
15.942,0,246,252,255,240,6.73,2.38,1.56,-5.06,-0.78,-0.67,-5.03,8.78,-2.83,6.57,0.42,1.24,-1.15,14.48,-1.36,4.40,-0.14,3.74,-2.80,14.59,0.04,3.27,-1.86,2.89,2.40,12.84,0.56,1.69,-3.07,3.22,0.58,0.69,-0.19,-147.83,-225.65,-176.88,R
15.993,0,250,255,255,240,9.74,-0.27,4.26,-4.22,-1.29,-2.30,-6.21,10.47,-3.51,3.94,0.57,1.37,-8.09,15.71,0.55,2.46,-0.22,2.97,8.41,-0.36,0.64,1.02,-1.67,1.54,3.35,5.80,2.56,0.31,-3.20,2.04,0.68,0.37,0.17,-147.58,-151.49,-113.59,R
16.044,0,255,255,255,240,6.96,-0.23,2.88,-2.46,-1.32,-1.38,-8.12,6.81,-5.58,3.02,-0.58,1.03,-1.24,9.44,-6.84,1.13,-1.58,2.57,3.05,7.18,-5.69,0.36,-2.59,1.83,3.86,9.27,-6.27,-0.57,-3.00,1.77,0.83,0.36,0.11,-96.50,-93.32,-106.51,R
16.095,0,251,255,255,239,0.40,16.81,-6.81,-2.80,-1.27,-3.08,-3.28,10.13,-2.88,2.47,-0.07,1.00,-3.18,13.85,-1.04,1.11,-0.37,1.51,2.36,10.53,1.16,0.13,-1.59,1.27,5.20,10.00,0.31,-0.60,-1.97,1.14,0.98,0.35,0.20,-123.29,-99.85,-60.36,R
16.146,0,255,255,255,240,9.84,1.20,2.90,-2.74,-1.92,-0.82,-5.97,6.82,-6.22,1.88,-0.96,0.95,2.81,9.34,-6.73,0.08,-1.21,1.30,2.38,10.17,-3.01,-0.44,-2.23,0.89,4.49,9.60,-2.46,-1.02,-2.36,0.97,1.00,0.27,0.15,-146.55,-50.90,-56.64,R
16.198,0,255,255,255,237,2.97,25.52,-2.52,-2.72,-1.02,-0.85,-2.60,9.61,-0.92,1.59,-0.49,1.34,0.43,8.63,0.42,0.32,-0.12,0.47,2.97,9.57,1.90,-0.16,-1.08,0.11,5.57,8.74,0.75,-0.68,-1.52,0.48,0.90,0.44,0.23,-124.08,-58.96,-15.01,R
16.248,0,255,255,255,236,7.68,6.04,-1.05,-2.01,-1.20,-0.42,-4.54,8.35,-4.66,1.73,-0.84,1.08,2.96,6.63,-4.00,0.05,-0.97,1.43,1.20,7.53,-1.51,0.46,-1.43,0.80,1.91,7.85,-1.88,0.39,-1.95,0.58,1.08,0.21,0.25,-86.79,-58.90,-36.32,R
16.299,0,255,255,255,235,8.71,3.39,1.08,-2.03,-0.33,0.65,-3.51,8.45,-5.34,1.52,-0.27,1.16,2.14,9.60,-3.57,0.42,-0.08,1.07,0.71,9.97,0.19,0.36,-0.25,0.65,3.88,9.70,-0.78,0.15,-0.59,0.51,0.67,0.38,0.30,-45.96,-53.34,-29.66,R
16.351,0,255,255,255,232,7.97,5.21,-0.63,-0.84,-0.51,-0.15,-4.43,5.23,-6.22,0.44,-0.45,1.27,1.45,7.29,-5.66,0.07,-0.53,0.99,0.33,9.26,-3.32,0.36,-1.05,0.68,2.63,8.60,-4.17,0.25,-1.41,0.46,1.11,0.13,0.39,-47.49,-34.91,-29.54,R
16.401,0,255,255,255,232,9.92,2.83,2.22,-1.49,-0.24,0.13,-2.53,9.48,-6.86,0.75,-0.11,0.86,4.84,10.64,-3.99,-0.02,-0.16,0.63,3.12,11.54,-0.56,-0.27,-0.16,0.33,4.44,10.66,-0.88,-0.33,-0.02,0.02,0.67,0.33,0.36,-44.92,-27.47,-24.17,R
16.453,0,255,255,255,230,7.02,5.99,0.04,-0.22,-0.32,-0.99,-3.31,4.84,-5.11,-0.04,-0.29,0.60,1.81,5.95,-4.91,-0.14,-0.47,0.56,1.36,8.09,-3.00,0.35,-0.88,0.33,3.24,8.17,-3.00,0.44,-1.18,0.21,1.14,0.12,0.38,-29.05,-12.08,-20.14,R
16.504,0,255,255,255,230,8.93,5.35,2.09,-1.01,-0.15,-0.03,-1.72,10.84,-7.03,0.49,-0.53,0.49,4.59,10.86,-4.59,-0.09,-0.29,0.26,2.28,10.72,-0.92,-0.42,-0.13,-0.09,4.54,9.64,-2.32,-0.45,-0.06,-0.18,0.74,0.29,0.33,-33.45,-15.44,-14.40,R
16.554,0,255,255,255,228,6.45,7.73,-1.00,-0.24,-0.37,-0.15,-4.69,4.63,-6.00,0.49,-0.16,0.69,2.47,6.49,-5.74,0.07,-0.57,0.82,0.75,10.22,-3.12,0.23,-1.05,0.36,2.99,9.00,-3.50,-0.05,-1.14,0.04,0.93,0.11,0.37,-32.65,-28.50,-17.46,R
16.605,0,255,255,255,227,8.77,3.60,1.03,-1.01,-0.65,0.13,-3.51,7.71,-7.23,0.54,-0.86,0.66,4.64,8.65,-5.22,-0.21,-1.14,0.50,3.65,9.51,-1.90,-0.27,-1.09,0.00,4.42,8.39,-2.69,-0.44,-0.87,0.01,0.85,0.24,0.41,-67.93,-18.68,-13.85,R
16.656,0,255,255,255,227,6.06,8.42,-1.29,-0.67,-0.47,0.17,-3.84,5.05,-6.38,0.90,-0.83,0.37,2.42,6.73,-5.34,0.42,-1.31,0.85,1.46,9.05,-2.49,0.75,-1.62,0.26,3.62,8.66,-2.45,0.34,-1.73,0.17,1.03,0.08,0.36,-49.32,-45.96,-11.29,R
16.708,0,255,255,255,227,9.94,2.50,2.11,-0.56,-0.41,0.44,-1.41,9.30,-5.74,0.36,-0.32,0.34,5.10,9.40,-3.85,-0.36,-0.05,0.25,3.66,9.66,-0.83,-0.59,0.16,0.30,4.60,8.65,-1.70,-0.52,0.65,0.37,0.69,0.35,0.35,-2.56,33.08,-25.82,R
16.759,0,255,255,255,227,7.20,5.98,1.97,0.43,0.08,-0.74,-3.74,5.48,-6.52,-0.39,0.20,0.46,2.58,7.10,-5.26,-0.48,0.12,0.27,1.53,8.53,-2.44,-0.29,-0.14,0.27,3.36,8.40,-2.65,-0.19,-0.20,0.19,1.02,0.12,0.35,-14.22,10.19,-17.94,R
16.81,0,255,255,255,226,8.66,7.03,1.35,0.44,-0.00,-0.50,-2.06,9.51,-5.56,-0.67,0.37,0.28,4.30,9.28,-3.51,-0.80,0.74,-0.19,3.01,9.44,-0.54,-0.90,0.95,0.21,4.29,8.26,-1.51,-0.66,1.29,0.26,0.80,0.29,0.27,29.85,63.54,-23.32,R
16.86,0,252,255,255,226,6.16,7.90,-0.34,0.49,0.26,-0.60,-3.77,5.10,-5.50,-0.49,0.26,0.27,2.11,6.89,-4.45,-0.29,0.25,0.11,1.83,8.26,-1.73,-0.05,0.02,0.27,3.50,8.16,-2.10,0.15,-0.03,0.25,1.05,0.07,0.32,2.99,0.61,-7.51,R
16.912,0,253,255,255,225,8.71,4.11,1.13,0.42,0.30,-0.14,-2.09,9.21,-5.80,-0.63,0.31,0.19,4.13,9.55,-3.61,-0.60,0.79,-0.28,3.46,10.10,-0.39,-0.78,1.02,0.11,5.17,8.81,-1.20,-0.59,1.34,0.11,0.79,0.25,0.26,36.80,55.30,-15.56,R
16.962,0,255,255,255,226,6.48,6.47,-0.27,0.90,0.42,-0.76,-2.96,7.13,-6.57,-0.74,0.53,0.15,2.74,8.08,-4.77,-0.49,0.60,-0.17,1.61,9.14,-1.85,-0.36,0.42,0.00,3.89,8.29,-2.36,-0.15,0.30,-0.02,1.07,0.06,0.28,21.48,26.00,-8.91,R
17.013,0,255,255,255,226,8.00,6.19,1.41,0.41,0.54,0.59,-2.16,9.27,-5.77,-0.17,0.01,0.12,5.19,10.06,-3.42,-0.30,0.25,-0.16,4.16,10.27,0.43,-0.56,0.55,-0.05,5.32,9.00,-0.48,-0.47,0.83,-0.00,0.84,0.20,0.21,12.39,20.69,-5.68,R
17.064,0,255,255,255,225,6.48,9.84,-2.33,0.76,0.52,-0.12,-3.39,5.56,-4.65,-0.70,0.48,0.09,2.21,7.40,-3.73,-0.34,0.54,-0.05,1.38,8.82,-1.25,-0.11,0.28,0.18,3.73,8.32,-1.83,0.09,0.09,0.14,1.13,0.04,0.24,23.86,23.44,-7.39,R
17.116,0,252,255,255,225,8.22,5.84,-0.70,-0.31,1.82,0.60,-2.26,9.45,-5.64,-0.06,-0.14,0.03,4.35,9.45,-2.95,-0.13,0.21,-0.22,3.48,10.13,0.39,-0.31,0.42,-0.09,5.04,9.00,-0.43,-0.24,0.56,-0.09,0.88,0.17,0.21,8.91,7.45,0.06,R
17.166,0,253,255,255,226,6.87,5.36,1.06,0.30,1.53,0.97,-2.66,7.23,-5.26,-0.55,0.16,0.21,2.63,8.32,-3.95,-0.21,0.50,-0.24,1.97,8.90,-1.11,-0.26,0.42,-0.01,3.75,7.91,-2.14,-0.04,0.29,-0.08,1.05,0.07,0.26,21.55,16.78,-1.46,R
17.218,0,255,255,255,226,4.97,7.59,-2.93,-1.70,3.38,2.15,1.60,11.63,-7.36,-0.49,-0.19,0.32,3.45,9.60,-3.10,-0.09,0.01,-0.13,3.31,10.82,0.23,-0.19,0.28,-0.26,5.96,9.62,0.08,-0.27,0.42,-0.37,0.91,0.16,0.26,-2.75,-12.76,3.60,R
17.268,17,255,255,255,225,8.71,-0.36,3.53,-3.08,6.79,2.41,-2.77,6.77,-4.04,-1.04,-0.83,1.11,1.32,7.06,-2.89,-0.30,0.31,-0.14,2.24,10.23,-0.00,-0.08,0.19,-0.10,5.85,10.60,0.71,-0.37,0.32,0.00,1.00,0.03,0.18,14.28,18.55,-6.41,R
17.319,23,255,255,255,225,7.30,0.74,9.85,-0.64,-0.73,1.64,-3.24,9.06,-4.36,-0.60,-0.41,0.92,3.31,10.12,-2.97,-0.46,0.27,-0.33,2.61,9.04,0.11,-0.60,0.43,-0.23,4.06,7.95,-0.99,-0.31,0.43,-0.21,0.97,0.12,0.21,1.40,24.29,-2.38,R
17.371,14,255,255,255,226,6.52,0.96,13.64,-0.41,0.31,1.11,-0.13,10.20,-3.66,-0.39,-0.36,-0.03,3.60,10.08,-2.70,-0.17,0.02,-0.19,2.93,9.68,1.08,-0.36,0.11,-0.11,5.20,8.30,-0.48,-0.37,0.22,-0.06,0.91,0.11,0.17,-8.18,4.09,3.91,R
17.421,12,255,255,255,225,7.52,4.72,5.54,0.03,-0.19,0.24,-2.06,7.80,-3.40,-0.51,0.06,0.21,2.39,8.42,-2.32,-0.29,0.23,-0.04,2.29,8.73,0.68,-0.19,0.17,0.10,4.32,8.34,0.17,-0.05,0.27,0.13,0.99,0.12,0.17,7.39,18.25,-5.55,R
17.472,10,255,255,255,225,8.06,3.72,4.74,-0.22,0.23,0.57,-2.50,9.24,-4.52,-0.42,-0.33,0.19,3.00,8.79,-2.44,-0.34,-0.04,-0.13,2.37,8.87,0.60,-0.30,0.03,-0.13,4.69,8.52,0.03,-0.24,0.06,-0.07,1.00,0.08,0.16,-4.27,15.50,-1.04,R
17.523,6,255,255,255,225,7.86,4.03,6.79,-0.04,0.06,0.54,-1.42,9.29,-3.31,-0.25,0.08,0.20,3.18,9.62,-2.28,-0.21,0.19,-0.15,2.38,9.44,1.20,-0.29,0.26,-0.03,4.23,8.69,0.47,-0.23,0.34,0.00,0.95,0.13,0.14,9.58,13.67,-3.23,R
17.574,5,255,255,255,225,7.85,1.12,5.49,0.18,-0.33,0.04,-1.84,9.39,-3.28,-0.58,-0.06,0.38,2.56,8.80,-2.24,-0.48,0.14,-0.20,1.98,8.95,0.92,-0.44,0.12,-0.04,4.01,8.62,0.11,-0.41,0.18,0.01,1.02,0.10,0.14,-1.34,27.28,-4.88,R
17.625,6,255,255,255,225,7.88,1.32,5.95,0.14,-0.03,-0.34,-0.89,9.87,-2.55,-0.27,0.11,0.39,3.29,9.51,-1.39,-0.45,0.27,-0.22,2.46,9.58,1.97,-0.51,0.42,-0.06,4.66,9.39,1.75,-0.52,0.63,-0.01,0.89,0.17,0.09,6.47,30.40,-6.71,R
17.677,4,255,255,255,225,7.70,2.88,5.25,0.62,-0.54,-0.19,-1.82,7.90,-2.63,-0.95,0.06,0.38,1.84,8.28,-1.68,-0.68,0.20,-0.37,1.97,8.25,1.32,-0.60,0.14,-0.02,4.19,8.16,0.68,-0.43,0.20,0.08,1.15,0.04,0.10,5.74,40.41,-5.31,R
17.727,3,255,255,255,225,7.84,0.89,7.49,0.31,-0.24,-0.46,-0.18,10.47,-2.32,-0.39,0.16,0.51,3.13,10.16,-1.00,-0.63,0.32,-0.26,2.60,10.08,2.51,-0.78,0.39,-0.03,4.44,9.35,1.66,-0.75,0.62,-0.01,0.90,0.12,0.02,7.08,43.21,-11.60,R
17.778,1,255,255,255,225,8.23,2.55,4.03,0.72,-0.89,-0.72,-0.97,8.61,-1.88,-0.78,0.09,0.18,2.46,8.53,-0.74,-0.54,0.14,-0.29,2.47,9.12,2.20,-0.49,0.19,-0.01,4.32,8.49,1.42,-0.44,0.31,0.02,1.12,0.05,0.05,2.50,36.07,-3.48,R
17.829,3,253,255,255,223,8.22,1.65,6.27,0.46,-0.35,-0.59,-0.69,11.97,-2.25,-0.59,0.11,0.26,2.79,10.52,-0.91,-0.62,0.21,-0.41,2.19,9.69,3.03,-0.82,0.31,-0.17,4.36,8.90,2.10,-0.78,0.47,-0.10,0.96,0.10,-0.05,2.20,44.74,-4.39,R
17.881,1,252,255,255,225,8.49,2.14,4.24,0.60,-0.82,-0.73,-0.36,9.19,-1.60,-0.72,0.09,0.14,2.53,9.55,-0.35,-0.61,0.16,-0.37,2.30,9.03,2.99,-0.66,0.25,-0.14,4.44,8.84,1.92,-0.54,0.40,-0.04,1.06,0.08,-0.03,-2.38,38.45,-1.46,R
17.932,0,251,255,255,224,8.54,2.30,4.56,0.54,-0.43,-0.44,-1.68,10.33,-2.36,-0.69,0.15,0.23,1.94,10.05,-1.17,-0.65,0.19,-0.37,1.81,9.67,2.62,-0.72,0.25,-0.21,3.98,8.90,1.77,-0.71,0.33,-0.16,1.01,0.07,-0.05,4.21,42.97,-1.77,R
17.982,0,253,255,255,225,8.84,2.96,3.98,0.20,-0.58,-0.43,-0.53,10.20,-1.61,-0.56,-0.22,0.04,2.35,10.07,-0.49,-0.39,-0.15,-0.36,2.30,9.61,2.89,-0.44,-0.01,-0.28,4.65,9.25,2.11,-0.42,0.08,-0.22,1.07,0.08,-0.03,-13.43,25.88,6.35,R
18.034,0,253,255,255,225,8.82,2.15,6.79,0.30,-0.76,-0.33,-0.61,10.94,-2.36,-0.88,-0.08,0.13,2.49,10.92,-0.20,-0.78,0.09,-0.62,2.44,9.53,3.76,-0.93,0.31,-0.44,4.68,8.80,2.91,-0.88,0.54,-0.37,1.00,0.05,-0.12,-10.19,51.39,3.66,R
18.084,0,253,255,255,225,8.78,2.28,3.16,0.36,-1.21,-0.54,-0.35,9.14,-0.68,-1.09,-0.33,0.27,1.48,9.05,0.97,-0.84,-0.12,-0.72,1.92,7.71,4.17,-0.92,0.16,-0.53,3.83,7.57,3.82,-0.85,0.37,-0.40,0.92,0.06,-0.20,-19.41,54.57,10.62,R
18.136,0,255,255,255,225,7.91,4.02,2.15,0.46,-0.98,-0.63,0.82,9.39,1.91,-1.15,0.00,0.14,0.45,8.60,2.65,-0.88,0.21,-0.78,0.85,7.18,5.66,-0.96,0.45,-0.44,2.67,7.47,5.35,-0.91,0.62,-0.34,0.88,0.07,-0.37,-8.24,66.16,4.09,R
18.187,0,253,255,255,225,8.03,5.53,-1.96,0.24,-0.73,-0.33,0.58,7.97,3.26,-0.64,-0.16,0.18,-0.49,8.61,3.41,-0.52,-0.03,-0.31,0.68,6.85,6.60,-0.52,0.08,-0.16,3.06,6.87,6.29,-0.56,0.25,-0.09,0.87,0.06,-0.47,-14.40,25.33,-1.10,R
18.237,0,253,255,255,225,8.26,3.57,1.36,0.52,-0.66,-0.52,0.75,9.15,2.55,-0.90,0.20,0.37,-0.50,8.81,3.48,-0.77,0.34,-0.50,0.40,6.56,6.37,-0.75,0.49,-0.20,2.42,7.01,5.69,-0.55,0.62,-0.18,0.86,0.09,-0.46,10.01,54.99,-2.20,R
18.288,0,255,255,255,225,7.99,5.36,-1.27,0.42,-0.43,-0.40,0.28,8.96,2.68,-0.54,0.06,0.10,-0.55,8.60,3.01,-0.42,0.16,-0.30,0.13,6.91,6.26,-0.45,0.21,-0.13,2.35,7.07,5.94,-0.36,0.29,-0.10,0.83,0.07,-0.47,-0.92,25.57,-0.92,R
18.34,0,253,255,255,225,8.13,5.30,-1.30,0.11,-0.20,-0.19,0.16,8.38,2.83,-0.15,0.03,0.08,-1.02,8.50,2.98,-0.16,-0.03,-0.05,-0.14,7.04,6.05,-0.09,-0.06,-0.04,2.42,7.49,6.03,-0.08,-0.04,-0.02,0.88,0.07,-0.45,-5.13,2.69,0.37,R
18.39,0,253,255,255,225,8.69,3.33,2.14,0.38,-0.37,-0.27,0.47,9.45,2.74,-0.61,0.26,0.14,-0.30,9.32,3.18,-0.57,0.39,-0.34,0.26,7.25,6.11,-0.56,0.50,-0.03,2.32,7.22,5.50,-0.41,0.58,-0.00,0.84,0.13,-0.45,18.86,44.74,-4.52,R
18.442,0,252,255,255,224,8.41,5.63,-1.91,0.14,-0.07,-0.19,-0.74,8.21,2.26,-0.14,0.11,0.06,-1.02,8.67,2.45,-0.10,-0.03,0.04,-0.23,7.25,5.84,-0.00,-0.14,0.03,2.37,7.63,5.63,0.01,-0.19,0.02,0.93,0.07,-0.43,-6.47,-2.99,-1.59,R
18.493,0,251,255,255,225,8.52,4.17,3.88,0.11,-0.10,-0.08,1.19,10.47,2.73,-0.47,0.25,0.11,0.10,10.13,3.20,-0.57,0.50,-0.36,0.79,8.09,6.69,-0.75,0.69,0.01,2.61,7.78,5.99,-0.67,0.94,0.01,0.70,0.13,-0.48,19.53,46.45,-7.39,R
18.543,0,252,255,255,224,8.28,5.95,-3.05,0.62,-0.36,-0.34,0.01,7.67,2.70,-0.41,0.16,0.32,-1.11,8.36,2.71,-0.31,0.19,-0.02,-0.39,6.69,5.97,-0.18,0.03,0.15,1.81,6.98,5.51,-0.11,-0.04,0.14,0.97,0.02,-0.46,-0.12,9.95,-7.26,R
18.594,0,253,255,255,225,8.11,4.69,0.72,-0.16,0.14,-0.13,0.96,9.73,3.25,0.08,0.04,0.12,-0.45,9.40,3.76,-0.18,0.07,0.06,0.36,7.18,7.17,-0.21,0.11,0.08,2.48,7.05,6.71,-0.18,0.22,0.11,0.74,0.10,-0.54,-0.85,4.33,-8.48,R
18.645,0,251,255,255,224,8.17,6.46,-1.45,0.22,0.06,-0.21,0.53,8.89,3.13,0.00,0.11,0.22,-0.83,8.70,3.47,-0.06,0.05,0.19,0.06,6.90,6.70,0.11,-0.08,0.20,2.59,7.47,6.45,0.13,-0.12,0.18,0.92,0.01,-0.51,7.51,-2.93,-9.40,R
18.697,0,252,255,255,225,8.55,4.86,2.40,0.07,0.09,-0.09,0.79,10.11,2.63,-0.13,0.19,0.08,-0.15,9.78,3.28,-0.24,0.18,-0.05,0.45,7.49,6.56,-0.25,0.19,0.04,2.56,7.32,5.70,-0.14,0.21,0.02,0.89,0.03,-0.47,10.25,14.16,-5.25,R
18.748,0,251,255,255,225,8.24,6.34,-1.20,-0.07,0.11,-0.07,0.36,8.90,2.66,0.21,-0.07,-0.03,-0.59,9.05,3.26,0.15,-0.19,0.18,0.47,7.30,6.80,0.21,-0.24,0.06,2.97,7.49,6.66,0.13,-0.20,0.04,0.84,0.06,-0.50,-6.59,-16.78,1.59,R
18.799,0,251,255,255,225,8.15,4.73,0.69,0.11,-0.02,-0.04,0.72,8.96,3.01,-0.16,0.04,0.13,-0.33,8.84,3.56,-0.15,0.11,-0.09,0.38,6.67,6.71,-0.10,0.16,-0.00,2.55,6.90,6.06,-0.03,0.17,0.01,0.87,0.06,-0.49,4.33,11.47,-1.71,R
18.85,0,252,255,255,224,8.12,5.06,-1.30,-0.09,0.25,-0.05,0.02,8.39,2.77,0.21,-0.03,0.06,-0.67,8.65,3.09,0.12,-0.19,0.21,0.29,6.85,6.58,0.24,-0.28,0.09,2.72,7.33,6.45,0.19,-0.30,0.06,0.87,0.06,-0.49,-5.68,-13.98,-2.75,R
18.9,0,251,255,255,223,8.22,4.52,2.68,0.07,-0.09,-0.10,1.03,9.88,2.67,-0.19,0.15,0.03,-0.07,9.41,3.44,-0.25,0.19,-0.11,0.72,7.09,6.49,-0.24,0.23,0.02,2.59,7.21,5.67,-0.13,0.26,0.04,0.89,0.04,-0.47,5.74,16.78,-4.94,R
18.951,0,251,255,255,223,8.15,5.62,-1.42,-0.16,0.22,0.03,0.30,8.57,2.67,0.25,-0.11,0.01,-0.70,8.86,3.19,0.15,-0.21,0.23,0.07,7.05,6.48,0.24,-0.31,0.08,2.69,7.30,6.33,0.17,-0.36,0.05,0.85,0.03,-0.49,-8.91,-21.06,0.31,R
19.003,0,251,255,255,223,8.05,4.27,2.44,0.12,-0.04,-0.11,1.48,10.00,3.04,-0.22,0.12,0.06,-0.14,9.07,3.70,-0.22,0.19,-0.14,0.35,6.75,6.53,-0.21,0.24,0.00,2.39,6.75,5.70,-0.07,0.22,0.04,0.88,0.05,-0.49,7.45,18.13,-4.58,R
19.053,0,250,255,255,225,8.12,5.92,-2.31,-0.22,0.25,0.02,0.48,8.35,3.01,0.35,-0.07,0.03,-0.75,8.70,3.41,0.24,-0.22,0.30,0.33,7.19,6.72,0.36,-0.35,0.13,2.92,7.41,6.51,0.27,-0.40,0.10,0.89,0.04,-0.50,-8.24,-26.79,-1.22,R
19.104,0,252,255,255,226,8.11,5.29,2.35,-0.06,0.09,-0.01,1.62,9.97,2.85,-0.06,0.05,0.06,0.03,9.33,3.66,-0.14,0.14,-0.02,0.68,7.16,6.63,-0.14,0.17,0.04,2.56,7.08,5.58,-0.05,0.18,0.05,0.85,0.06,-0.48,7.08,11.47,-4.70,R
19.155,0,251,255,255,225,8.17,5.02,-0.68,-0.13,0.25,0.02,0.59,8.84,2.28,0.21,-0.03,0.00,-0.43,9.01,3.06,0.11,-0.13,0.18,0.48,7.31,6.31,0.18,-0.20,0.08,2.90,7.40,6.08,0.15,-0.21,0.04,0.86,0.04,-0.47,-3.91,-15.44,-1.46,R
19.206,0,251,255,255,224,8.14,4.57,1.95,0.07,-0.05,-0.05,0.58,9.55,2.43,-0.13,0.13,0.03,-0.16,9.15,3.14,-0.19,0.15,-0.05,0.49,6.96,6.21,-0.14,0.18,0.03,2.82,7.08,5.64,-0.07,0.18,0.03,0.86,0.05,-0.46,6.41,12.63,-4.15,R
19.257,0,251,255,255,224,8.12,5.66,-0.22,-0.00,0.10,-0.01,0.45,9.34,2.17,0.08,0.01,0.13,-0.32,9.00,3.14,-0.00,-0.04,0.09,0.50,7.12,6.47,0.08,-0.09,0.06,2.94,7.38,6.14,0.07,-0.11,0.04,0.88,0.02,-0.47,-0.79,-6.41,-1.53,R
19.308,0,249,255,255,223,8.05,5.10,1.79,0.05,-0.00,-0.04,1.25,9.71,2.59,-0.14,0.11,-0.02,0.08,9.43,3.51,-0.16,0.12,-0.08,0.71,7.26,6.66,-0.18,0.17,-0.01,2.98,7.31,6.07,-0.11,0.21,-0.01,0.85,0.05,-0.48,4.94,11.29,-2.50,R
19.359,0,249,255,255,225,8.15,5.95,-0.54,0.08,0.02,-0.08,0.38,8.82,2.48,-0.02,0.03,0.10,-0.50,8.95,3.19,-0.02,-0.02,0.08,0.53,7.02,6.42,0.07,-0.08,0.04,2.97,7.30,6.00,0.08,-0.11,0.03,0.91,0.02,-0.48,0.18,-4.21,-0.85,R
19.41,0,250,255,255,224,8.02,5.15,2.44,-0.02,0.14,0.02,1.22,9.58,2.66,-0.11,0.07,-0.03,-0.01,9.28,3.58,-0.12,0.11,-0.08,0.69,7.19,6.70,-0.13,0.18,-0.02,2.90,7.15,6.02,-0.07,0.23,-0.02,0.85,0.05,-0.48,4.94,8.24,-0.43,R
19.461,0,249,255,255,225,8.15,5.70,-0.44,0.10,0.01,-0.03,0.50,8.83,2.48,0.00,0.04,-0.05,-0.52,8.72,3.14,0.03,-0.04,0.04,0.48,6.88,6.38,0.10,-0.08,0.04,2.67,7.30,6.00,0.11,-0.12,0.04,0.88,0.03,-0.47,0.31,-5.07,0.24,R
19.512,0,249,255,255,223,7.98,5.64,2.02,-0.13,0.13,0.07,1.22,9.66,2.74,0.05,-0.03,0.07,0.08,9.39,3.56,0.01,-0.03,0.02,0.89,7.33,6.94,0.02,0.01,-0.01,3.34,7.28,6.43,0.02,0.07,-0.01,0.85,0.05,-0.49,1.28,-2.08,0.37,R
19.564,0,244,255,255,222,8.12,6.17,-0.17,0.05,0.09,0.05,0.95,9.35,2.65,0.03,0.10,-0.08,-0.30,9.01,3.51,0.07,0.02,0.01,0.47,6.99,6.58,0.15,-0.03,0.00,2.77,7.22,5.92,0.20,-0.11,0.01,0.92,0.02,-0.49,3.48,-5.19,0.79,R
19.614,0,249,255,255,224,8.33,7.09,-1.59,-0.62,0.71,0.31,0.73,9.60,2.68,0.67,-0.31,-0.21,-0.22,9.44,3.85,0.60,-0.44,0.29,1.05,7.79,7.34,0.69,-0.44,-0.06,3.83,8.19,7.02,0.50,-0.47,-0.07,0.90,0.06,-0.50,-9.40,-43.15,7.87,R
19.665,0,250,255,255,222,8.61,5.51,0.39,-0.30,0.30,0.27,0.95,9.58,2.48,0.39,-0.01,-0.21,-0.38,8.94,2.90,0.45,-0.19,0.21,0.17,7.05,5.45,0.64,-0.39,0.04,2.48,7.07,4.35,0.73,-0.75,0.01,1.07,-0.00,-0.43,3.97,-23.56,4.64,R
19.718,0,249,255,255,222,7.66,8.64,-3.95,-2.11,1.83,0.79,0.25,9.79,1.87,2.54,-0.99,-0.83,0.63,9.81,3.04,2.21,-1.62,1.15,2.05,8.74,6.98,2.36,-1.73,-0.09,5.04,8.75,6.70,1.88,-2.05,-0.16,0.99,0.06,-0.47,-53.47,-177.25,26.49,R
19.768,0,250,255,255,222,8.44,2.95,5.01,-1.49,1.37,0.96,0.62,10.28,1.19,1.56,-0.25,-0.57,0.98,10.09,1.91,1.31,-0.50,0.74,1.62,8.58,4.76,1.46,-0.64,0.26,3.81,8.27,3.10,1.43,-0.97,0.17,1.03,0.05,-0.27,2.62,-85.51,6.16,R
19.819,0,252,255,255,223,8.27,6.01,-0.30,-2.01,2.00,1.13,-0.65,9.05,-1.32,2.64,-0.81,-0.91,1.56,9.29,-0.20,2.57,-1.38,1.35,1.81,9.14,3.20,2.96,-1.68,0.09,4.49,9.29,2.48,2.59,-2.31,-0.15,1.16,0.02,-0.15,-42.85,-194.34,24.90,R
19.87,4,249,255,255,223,6.83,0.56,7.25,-2.32,2.06,1.43,-0.41,9.86,-1.26,2.38,-0.53,-1.18,2.43,9.93,-0.56,2.18,-0.82,1.00,2.44,9.72,2.45,2.30,-0.86,0.20,4.67,9.09,1.03,2.07,-1.25,0.04,0.94,0.14,-0.02,-6.71,-133.67,19.04,R
19.921,6,250,255,255,222,7.38,2.39,3.27,-1.74,1.56,1.27,-2.26,8.21,-3.30,2.50,-0.35,-1.00,2.19,8.68,-2.87,2.44,-0.88,1.27,1.51,9.36,0.02,2.81,-1.17,0.24,3.86,9.09,-0.78,2.59,-1.83,-0.08,1.10,0.08,0.13,-13.06,-168.33,21.85,R
19.971,10,250,255,255,222,6.61,-0.75,6.90,-2.25,1.86,1.74,-1.57,8.46,-3.46,2.81,-0.38,-1.32,2.90,8.92,-3.25,2.71,-0.73,1.26,2.50,9.75,-0.69,2.98,-0.86,0.37,4.57,9.28,-2.16,2.74,-1.39,0.10,0.95,0.20,0.25,4.21,-171.39,23.99,R
20.023,12,250,255,255,222,5.83,-1.44,7.12,-1.86,1.74,1.86,-2.41,7.45,-6.25,2.79,-0.24,-1.34,3.79,7.67,-5.55,2.85,-0.64,1.32,2.54,9.39,-3.20,3.19,-0.90,0.38,4.04,8.78,-4.30,3.01,-1.58,0.06,0.99,0.12,0.46,5.55,-180.97,26.31,R
20.074,11,248,255,255,223,2.64,-2.12,5.91,-2.45,2.41,2.02,-3.38,6.24,-6.49,3.29,-0.37,-1.68,3.85,6.41,-6.50,3.38,-0.90,1.43,2.44,8.76,-4.97,3.73,-1.11,0.31,3.83,7.92,-5.97,3.43,-1.85,-0.01,0.89,0.17,0.60,-3.17,-214.84,37.41,R
20.124,14,250,255,255,223,2.99,-4.30,8.89,-2.39,2.26,2.01,-4.05,4.71,-8.20,3.17,-0.39,-1.77,4.17,5.04,-8.21,3.27,-0.86,1.38,1.83,7.89,-6.66,3.59,-1.05,0.25,2.71,7.14,-7.35,3.27,-1.82,-0.11,0.69,0.19,0.74,-4.76,-202.09,37.23,R
20.176,15,250,255,255,224,1.42,-5.30,7.91,-2.53,1.96,2.25,-4.58,3.01,-8.04,3.15,-0.47,-1.80,3.71,3.43,-8.75,3.37,-0.91,1.25,1.90,6.23,-7.61,3.57,-1.02,0.15,2.56,5.24,-8.02,3.19,-1.69,-0.15,0.44,0.24,0.80,-3.42,-208.19,45.41,R
20.226,14,250,255,255,223,-0.21,-7.04,9.16,-2.14,2.00,1.93,-4.74,1.68,-8.84,2.69,-0.44,-1.54,3.71,2.26,-9.47,2.85,-0.66,1.06,1.43,5.10,-8.27,2.97,-0.79,0.18,0.96,3.92,-8.52,2.64,-1.33,-0.13,0.26,0.24,0.84,5.07,-173.40,35.28,R
20.277,15,249,255,255,223,-0.49,-7.54,5.58,-2.08,1.36,1.62,-4.70,-0.18,-7.51,2.55,-0.47,-1.70,2.53,-0.50,-8.13,2.86,-0.87,0.87,0.81,2.63,-8.44,3.06,-0.97,-0.06,0.61,1.97,-8.60,2.81,-1.62,-0.29,0.17,0.20,0.83,7.14,-172.67,51.70,R
20.328,14,249,255,255,223,-1.73,-8.33,3.58,-2.21,2.09,1.81,-4.90,-2.15,-7.59,2.63,-0.35,-1.55,2.90,-0.98,-8.53,2.71,-0.65,1.03,0.84,2.24,-8.67,2.87,-0.74,0.20,0.41,1.40,-8.79,2.50,-1.25,-0.08,-0.08,0.19,0.86,18.86,-169.43,34.30,R
20.379,17,249,255,255,223,-3.19,-7.48,4.12,-1.98,1.42,1.53,-5.76,-3.52,-8.34,2.39,-0.47,-1.48,1.93,-3.15,-8.65,2.66,-1.00,1.02,0.65,-0.05,-9.46,3.10,-1.29,0.03,0.14,-0.03,-9.15,2.88,-1.94,-0.16,0.10,0.12,0.90,0.06,-157.78,43.21,R
20.431,15,250,255,255,222,-4.01,-8.89,5.46,-2.30,1.69,1.85,-3.87,-2.91,-7.16,2.62,-0.48,-1.61,3.16,-2.59,-8.03,2.64,-0.70,0.89,0.70,0.00,-8.70,2.74,-0.71,0.06,-0.94,-1.10,-9.28,2.37,-1.15,-0.22,-0.38,0.16,0.84,15.75,-148.19,38.15,R
20.482,20,249,255,255,221,-4.87,-8.98,4.58,-2.19,1.22,1.83,-5.01,-5.60,-7.83,2.33,-0.62,-1.65,2.08,-4.42,-8.76,2.69,-0.87,0.82,0.19,-1.37,-9.45,2.79,-0.96,-0.12,-1.16,-1.93,-9.14,2.41,-1.43,-0.42,-0.40,0.12,0.88,-1.04,-159.42,53.77,R
20.532,17,248,255,255,223,-5.66,-7.63,0.93,-2.09,1.05,1.67,-4.18,-6.64,-5.92,2.20,-0.41,-1.78,1.39,-6.35,-7.81,2.62,-0.77,0.61,-0.83,-3.68,-9.30,2.71,-0.85,-0.23,-2.47,-3.96,-8.96,2.36,-1.39,-0.45,-0.51,0.11,0.82,4.33,-154.42,58.11,R
20.583,21,249,255,255,224,-6.50,-12.41,2.15,-2.05,1.18,1.78,-4.84,-8.84,-5.69,1.78,-0.46,-1.58,0.32,-7.30,-7.16,2.17,-0.68,0.42,-1.57,-4.77,-8.73,2.22,-0.71,-0.33,-3.29,-4.92,-8.26,1.90,-1.11,-0.58,-0.77,0.10,0.72,3.54,-117.07,55.11,R
20.635,17,248,255,255,222,-6.59,-9.86,-1.15,-1.68,0.67,1.49,-3.72,-8.46,-3.95,1.59,-0.33,-1.55,0.07,-7.97,-5.97,2.01,-0.54,0.33,-1.39,-5.74,-7.92,2.03,-0.49,-0.27,-3.17,-5.86,-7.14,1.70,-0.81,-0.50,-0.79,0.08,0.67,10.13,-106.81,47.24,R
20.685,17,249,255,255,221,-8.62,-7.78,-1.66,-1.28,1.00,1.27,-3.75,-9.05,-4.07,1.21,-0.23,-1.22,-0.17,-8.20,-5.25,1.53,-0.45,0.27,-1.48,-6.13,-6.76,1.48,-0.43,-0.28,-3.37,-5.77,-5.63,1.20,-0.60,-0.56,-0.86,0.03,0.55,2.26,-83.31,35.52,R
20.737,17,250,255,255,220,-6.79,-5.72,-2.99,-0.69,-0.07,0.73,-1.89,-9.01,-1.73,0.71,0.02,-0.99,-0.23,-8.62,-3.13,1.16,-0.10,0.02,-1.21,-7.12,-5.74,1.18,-0.00,-0.26,-3.05,-6.77,-5.43,1.10,-0.24,-0.36,-0.74,0.00,0.49,18.92,-52.43,35.03,R
20.787,16,248,255,255,221,-7.38,-6.29,-1.87,-0.67,0.51,0.86,-2.48,-9.60,-2.88,0.59,-0.12,-0.61,-0.33,-8.92,-3.71,0.85,-0.13,0.05,-1.42,-7.49,-6.19,0.76,-0.06,-0.17,-3.29,-7.21,-5.60,0.67,-0.19,-0.24,-0.93,-0.04,0.47,8.73,-46.45,24.90,R
20.839,15,249,255,255,222,-7.33,-6.56,-2.98,-0.17,0.05,0.31,-1.60,-9.91,-1.79,0.43,0.13,-0.45,-0.36,-9.17,-2.96,0.57,0.13,0.13,-1.48,-7.58,-5.54,0.57,0.18,0.05,-3.45,-7.17,-4.85,0.49,0.13,-0.06,-0.90,-0.03,0.45,17.88,-27.28,9.95,R
20.89,14,247,255,255,220,-7.44,-7.51,-2.09,0.24,0.14,0.15,-3.05,-10.15,-2.43,-0.07,0.28,-0.00,-1.21,-9.94,-3.91,-0.04,0.27,0.07,-1.91,-8.33,-6.50,0.04,0.19,0.20,-3.58,-8.00,-5.73,0.11,0.12,0.18,-0.83,-0.07,0.48,17.88,5.74,-6.53,R
20.94,15,249,255,255,221,-7.66,-5.58,-2.22,0.27,0.39,-0.08,-1.58,-8.49,-2.03,0.16,0.21,0.23,0.15,-8.35,-3.07,-0.12,0.36,0.24,-0.97,-6.87,-5.20,-0.18,0.42,0.34,-3.27,-6.64,-4.47,-0.16,0.51,0.29,-0.93,-0.00,0.41,17.27,1.83,-18.43,R
20.992,15,248,255,255,221,-6.98,-5.63,-2.77,0.77,0.06,-0.33,-2.76,-9.54,-2.48,-0.44,0.35,0.41,-0.98,-9.13,-3.99,-0.50,0.49,-0.01,-2.26,-7.54,-6.66,-0.40,0.32,0.20,-4.01,-6.85,-5.85,-0.22,0.23,0.19,-0.76,-0.07,0.47,18.19,26.79,-14.89,R
21.043,13,250,255,255,219,-7.09,-6.10,-2.73,0.33,0.62,-0.64,-2.37,-7.78,-1.32,-0.27,-0.37,0.41,0.35,-8.00,-3.25,-0.41,0.47,-0.02,-0.65,-6.54,-5.40,-0.52,0.62,0.18,-2.61,-6.50,-4.61,-0.44,0.92,0.18,-0.94,0.10,0.48,12.21,14.77,-16.48,R
21.094,15,247,255,255,220,-6.28,-10.12,-5.87,1.04,1.70,-0.81,-6.18,-8.92,-2.05,-1.45,-1.44,1.34,-0.97,-9.78,-5.43,-0.81,0.96,-0.21,-2.65,-7.28,-8.34,-0.63,0.70,0.25,-4.78,-7.09,-7.53,-0.38,0.52,0.25,-0.65,-0.11,0.59,47.49,57.31,-24.90,R
21.144,2,242,255,255,220,-7.17,-9.72,-6.51,-0.57,3.40,-2.31,-6.16,-7.53,-2.82,-2.33,-6.70,-0.44,-0.58,-8.70,-4.26,-0.38,0.00,-0.05,-1.55,-6.86,-6.34,-0.34,-0.02,0.44,-2.44,-6.71,-5.41,-0.22,0.26,0.38,-0.94,0.15,0.50,-1.65,-26.25,-32.53,R
21.196,0,227,255,255,222,-6.80,-8.28,-7.15,-0.10,4.07,-2.37,-6.60,-13.49,-8.14,-2.11,-18.70,0.28,-0.24,-10.21,-3.89,-0.62,1.39,-0.14,-2.05,-7.78,-7.10,0.43,0.32,1.63,-4.07,-7.12,-6.42,0.73,0.39,1.07,-0.67,0.01,0.52,63.90,-32.17,-56.70,R
21.247,0,92,255,255,223,-5.29,-6.73,-0.10,-0.51,5.50,-2.87,-3.50,-8.82,-0.34,-0.29,-9.30,-0.35,1.10,-7.67,-5.24,-0.95,1.67,-0.37,0.26,-4.22,-7.97,0.09,0.01,0.91,-4.97,-6.57,-6.71,0.27,0.59,0.85,-1.03,0.07,0.47,43.58,-0.61,-70.98,R
21.298,0,1,255,255,226,-0.63,-7.43,-3.27,-0.23,2.51,-1.74,-2.03,-10.57,0.04,0.12,-3.63,-0.92,0.87,-8.50,-4.74,-0.90,0.58,0.69,-1.48,-6.95,-6.05,0.72,-0.00,1.50,-3.04,-6.59,-5.95,0.31,0.33,1.52,-0.90,0.11,0.53,30.40,-17.82,-55.54,R
21.348,0,0,255,255,225,0.79,-8.63,-4.67,0.66,1.11,-0.69,-2.67,-8.28,5.58,0.29,-1.66,-1.10,0.45,-8.37,-6.48,-1.05,0.51,0.69,-3.11,-5.96,-7.81,0.10,0.11,1.06,-5.06,-5.32,-6.03,-0.17,0.23,0.96,-0.91,0.07,0.51,22.64,18.19,-51.39,R
21.399,0,0,255,255,224,0.75,-7.06,-5.62,0.35,0.79,-0.38,-2.46,-8.48,5.67,0.93,-0.89,-1.45,1.21,-7.63,-6.17,-0.78,0.25,0.68,-2.64,-6.71,-7.08,-0.09,0.18,0.96,-3.69,-6.27,-6.62,-0.03,0.28,0.88,-0.83,0.12,0.56,24.23,8.24,-43.95,R
21.451,0,0,255,255,225,0.98,-8.09,-4.35,0.32,0.72,0.03,-2.26,-8.45,6.18,0.60,-0.06,-0.94,1.17,-6.36,-6.23,-0.45,0.39,0.49,-9.33,-6.94,-6.99,0.15,0.38,0.25,-3.75,-5.19,-6.76,-0.02,0.45,0.37,-0.78,0.11,0.55,26.67,7.39,-27.53,R
21.502,0,0,255,255,224,0.71,-7.87,-4.69,0.30,0.33,0.55,-1.77,-9.81,5.57,0.55,0.35,0.02,1.21,-7.57,-6.55,-0.22,0.45,0.12,-2.99,-6.62,-7.47,-0.18,0.53,0.17,-3.91,-6.13,-7.13,-0.07,0.46,0.17,-0.73,0.07,0.57,28.02,22.09,-11.84,R
21.552,0,0,255,255,224,0.79,-8.51,-4.75,-0.09,0.31,0.28,-1.14,-6.62,3.93,0.05,0.25,-0.25,1.56,-7.21,-6.13,0.10,0.27,0.22,-2.17,-5.99,-6.82,0.19,0.33,0.13,-3.32,-5.74,-6.36,0.19,0.38,0.09,-0.79,0.12,0.61,18.62,-6.96,-3.85,R
21.604,0,0,255,255,224,0.79,-8.63,-3.68,0.30,0.16,0.50,-1.64,-7.17,6.85,0.63,0.22,-0.07,1.03,-7.38,-7.43,-0.18,0.39,-0.24,-3.39,-6.64,-7.98,-0.15,0.42,-0.10,-4.33,-6.28,-7.59,-0.07,0.29,-0.07,-0.79,0.07,0.60,27.89,18.98,3.72,R
21.654,0,0,255,255,225,1.23,-8.71,-5.32,-0.02,0.02,-0.11,-0.81,-8.38,4.78,-0.11,0.04,-0.22,1.24,-7.61,-6.36,0.12,-0.02,0.13,-2.67,-6.51,-6.97,0.15,0.03,0.07,-3.64,-5.88,-6.51,0.16,0.07,0.05,-0.85,0.16,0.60,0.43,-10.13,1.40,R
21.705,0,0,255,255,224,0.91,-8.61,-4.30,0.08,0.04,0.29,-0.96,-7.86,5.36,0.23,0.25,0.11,0.93,-7.76,-6.68,-0.07,0.29,-0.13,-3.15,-6.67,-7.34,-0.03,0.31,-0.07,-4.07,-6.29,-7.05,0.06,0.23,-0.05,-0.78,0.10,0.58,18.19,7.75,3.05,R
21.756,0,0,255,255,224,1.06,-8.71,-4.66,-0.13,0.03,0.12,-0.94,-8.54,5.02,-0.12,0.19,-0.07,-0.21,-7.26,-6.21,0.12,0.02,-0.19,-2.74,-6.44,-7.11,0.09,0.11,-0.01,-3.53,-5.96,-6.74,0.07,0.16,-0.05,-0.84,0.12,0.59,6.77,-6.71,2.01,R
21.807,0,0,255,255,224,0.83,-8.58,-4.66,0.06,-0.03,0.29,-1.60,-9.14,6.59,0.15,0.31,0.16,0.98,-7.96,-6.64,-0.06,0.17,-0.09,-3.00,-6.88,-7.52,-0.02,0.15,-0.01,-4.06,-6.25,-7.25,0.05,0.13,-0.03,-0.76,0.08,0.59,10.68,7.32,1.59,R
21.858,0,0,255,255,224,0.81,-9.30,-4.53,-0.04,0.00,-0.01,-0.93,-7.58,4.64,0.05,0.06,-0.11,1.20,-7.63,-6.27,-0.05,-0.01,0.03,-2.48,-6.66,-7.02,-0.03,0.09,0.01,-3.43,-6.21,-6.69,0.01,0.15,-0.02,-0.83,0.13,0.60,0.61,0.73,-0.49,R
21.91,0,0,255,255,223,0.87,-8.52,-4.85,0.10,0.11,0.11,-1.13,-7.85,5.09,-0.02,0.29,0.11,1.03,-7.48,-6.41,0.05,0.15,0.01,-2.79,-6.26,-7.27,0.05,0.13,-0.04,-3.70,-5.94,-6.86,0.03,0.09,-0.04,-0.79,0.09,0.58,9.28,0.92,-0.85,R
21.96,0,0,255,255,224,0.77,-8.92,-4.37,0.01,-0.03,-0.01,-1.59,-7.92,6.07,0.06,-0.10,0.03,1.33,-7.62,-6.50,-0.04,-0.09,-0.09,-2.34,-6.61,-7.27,-0.09,-0.04,-0.11,-3.38,-6.36,-6.81,-0.09,0.00,-0.12,-0.83,0.09,0.61,-6.10,3.30,1.95,R
22.012,0,0,255,255,225,0.72,-8.46,-5.28,0.06,0.00,0.08,-1.29,-9.10,4.64,0.00,0.20,-0.03,1.31,-7.86,-6.13,0.03,0.13,0.08,-2.54,-6.61,-7.11,0.08,0.14,0.08,-3.84,-6.12,-6.86,0.10,0.13,0.06,-0.80,0.09,0.59,8.79,-2.81,-1.53,R
22.062,0,0,255,255,224,0.85,-9.55,-3.79,0.04,0.03,0.09,-1.66,-8.72,6.14,0.02,0.13,0.14,1.21,-7.67,-6.26,-0.07,0.01,-0.05,-2.57,-6.64,-7.06,-0.12,0.07,-0.05,-3.71,-6.40,-6.96,-0.09,0.08,-0.06,-0.80,0.09,0.59,-1.22,6.04,0.43,R
22.114,0,0,255,255,223,0.78,-8.51,-4.79,-0.12,0.00,0.05,-1.20,-9.23,4.41,-0.07,0.02,-0.10,1.30,-7.50,-5.91,0.04,0.06,0.06,-2.30,-6.29,-6.85,0.07,0.09,0.04,-3.62,-6.06,-6.62,0.03,0.13,0.04,-0.83,0.12,0.58,5.00,-3.66,-1.22,R
22.166,0,0,255,255,223,0.72,-8.87,-4.25,0.11,0.07,0.03,-1.48,-8.41,5.34,-0.09,0.17,0.29,1.31,-7.62,-6.03,-0.03,0.06,-0.04,-2.39,-6.60,-7.08,-0.05,0.11,-0.03,-3.38,-6.28,-6.83,-0.01,0.12,-0.03,-0.79,0.10,0.59,2.81,2.62,0.31,R
22.216,0,0,255,255,225,0.58,-8.74,-4.69,-0.05,0.09,0.15,-1.41,-7.83,4.78,0.01,0.17,-0.10,1.32,-7.44,-6.22,-0.01,0.12,0.05,-2.52,-6.37,-6.98,0.01,0.12,0.03,-3.58,-5.89,-6.74,0.02,0.12,-0.01,-0.81,0.09,0.58,7.08,-0.18,-1.53,R
22.266,0,0,255,255,224,0.59,-8.70,-4.74,0.03,-0.03,0.12,-1.50,-7.96,5.27,0.06,0.07,0.02,1.19,-7.70,-6.14,0.00,0.05,-0.06,-2.39,-6.59,-7.18,0.02,0.04,-0.06,-3.35,-6.18,-6.75,0.04,0.04,-0.04,-0.77,0.08,0.59,3.66,0.49,2.44,R
22.317,0,0,255,255,224,0.61,-8.75,-4.58,-0.02,0.02,0.03,-1.54,-8.17,5.54,0.00,0.04,0.03,1.44,-7.77,-6.14,-0.00,-0.00,0.02,-2.26,-6.63,-7.14,-0.02,0.03,0.01,-3.31,-6.22,-6.78,-0.00,0.06,-0.00,-0.80,0.10,0.61,0.85,0.67,-0.12,R
22.369,0,0,255,255,225,0.53,-8.50,-4.66,-0.06,0.03,0.14,-1.36,-7.25,4.98,-0.01,0.16,0.09,1.29,-7.64,-6.15,0.01,0.12,-0.06,-2.47,-6.43,-7.22,0.04,0.11,-0.05,-3.56,-6.00,-6.91,0.06,0.10,-0.05,-0.79,0.10,0.60,7.02,0.61,2.08,R
22.419,0,0,255,255,224,0.78,-9.70,-4.41,0.04,-0.02,-0.05,-1.70,-9.23,6.09,-0.01,0.01,0.01,1.33,-7.91,-6.27,-0.07,-0.07,-0.00,-2.27,-6.98,-7.18,-0.06,-0.03,0.01,-3.38,-6.60,-7.05,-0.02,-0.02,0.01,-0.79,0.10,0.61,-5.00,1.04,-0.12,R
22.47,0,0,255,255,224,0.42,-8.56,-4.44,-0.08,0.09,0.08,-1.47,-7.10,5.20,0.11,0.07,-0.24,1.35,-7.36,-6.19,-0.03,0.12,0.01,-2.33,-6.26,-7.16,0.01,0.13,0.01,-3.43,-6.04,-6.77,0.02,0.14,-0.04,-0.82,0.09,0.59,7.81,-0.67,-0.06,R
22.522,0,0,255,255,223,0.87,-9.50,-4.83,-0.06,-0.01,0.01,-1.54,-8.96,5.36,-0.17,0.02,0.14,1.26,-8.09,-6.12,0.05,-0.11,0.05,-2.28,-6.71,-7.08,0.11,-0.13,0.03,-3.26,-6.23,-6.73,0.11,-0.14,0.04,-0.78,0.09,0.60,-3.97,-5.74,0.31,R
22.572,0,0,255,255,225,0.14,-8.05,-4.30,-0.03,0.06,0.04,-1.49,-7.95,5.20,0.02,0.11,0.02,1.38,-7.24,-6.05,-0.05,0.13,-0.06,-2.28,-6.30,-7.00,-0.05,0.18,-0.05,-3.46,-6.04,-6.77,-0.06,0.22,-0.07,-0.82,0.10,0.58,6.84,2.50,0.18,R
22.623,0,0,255,255,225,0.91,-9.27,-5.16,-0.03,-0.01,0.07,-1.70,-8.80,5.85,-0.14,0.01,0.14,1.30,-7.97,-6.25,0.07,-0.11,0.05,-2.33,-6.60,-7.15,0.09,-0.15,0.03,-3.27,-6.22,-6.73,0.09,-0.14,0.03,-0.78,0.07,0.60,-2.56,-4.82,0.92,R
22.674,0,0,255,255,223,0.22,-7.81,-4.58,-0.06,0.04,0.02,-1.61,-8.45,5.03,0.01,0.13,-0.01,1.38,-7.43,-5.87,-0.03,0.11,-0.01,-2.37,-6.40,-6.91,-0.01,0.15,0.01,-3.55,-6.02,-6.63,-0.00,0.18,-0.02,-0.82,0.11,0.58,5.19,0.12,-1.22,R
22.725,0,0,255,255,224,0.66,-8.94,-4.83,0.01,-0.02,0.05,-1.80,-8.76,5.83,-0.02,-0.01,-0.11,1.40,-7.90,-6.26,0.03,-0.06,0.06,-2.50,-6.64,-7.18,0.02,-0.07,0.04,-3.44,-6.21,-6.90,0.04,-0.08,0.02,-0.80,0.07,0.59,-1.89,-4.64,0.92,R
22.776,0,0,255,255,222,0.23,-8.32,-4.74,-0.05,0.04,0.05,-1.46,-8.82,4.88,0.01,0.11,0.02,1.33,-7.78,-6.08,-0.07,0.10,-0.03,-2.47,-6.66,-7.15,0.00,0.12,0.02,-3.62,-6.29,-6.95,0.04,0.11,0.01,-0.81,0.09,0.59,6.41,2.14,-1.53,R
22.827,0,0,255,255,222,0.60,-9.10,-4.36,0.01,0.05,-0.01,-1.68,-8.32,5.70,0.02,-0.02,-0.09,1.35,-7.45,-6.26,-0.04,-0.04,0.03,-2.37,-6.27,-7.11,-0.08,-0.01,-0.02,-3.42,-6.16,-6.86,-0.12,0.01,-0.06,-0.81,0.08,0.59,-2.26,0.43,0.37,R
22.878,0,0,255,255,225,0.37,-8.25,-5.43,0.14,-0.01,-0.06,-1.21,-8.36,3.96,-0.04,0.13,0.01,1.36,-8.16,-5.86,0.04,0.06,0.07,-2.35,-6.81,-7.07,0.11,0.05,0.05,-3.45,-6.08,-6.64,0.14,0.04,0.06,-0.78,0.09,0.59,4.03,-3.91,-2.20,R
22.929,0,0,255,255,223,0.46,-8.75,-4.14,-0.07,0.06,0.01,-1.79,-8.67,5.83,-0.02,0.12,0.03,1.32,-7.64,-6.25,-0.07,-0.01,-0.03,-2.38,-6.67,-7.17,-0.07,0.00,-0.03,-3.33,-6.47,-6.79,-0.04,0.01,-0.03,-0.81,0.09,0.59,-0.61,2.44,0.31,R
22.98,0,0,255,255,223,0.33,-8.34,-4.71,-0.01,0.03,0.05,-1.65,-8.15,5.13,0.03,0.11,-0.11,1.30,-7.77,-5.96,-0.01,0.07,0.05,-2.37,-6.56,-7.14,0.06,0.06,0.04,-3.60,-6.04,-6.82,0.07,0.05,0.02,-0.80,0.08,0.58,5.19,-0.98,-1.46,R
23.031,0,0,255,255,223,0.51,-8.60,-4.64,-0.01,0.02,-0.02,-1.76,-9.03,5.39,-0.07,0.08,0.07,1.33,-7.86,-6.13,-0.03,-0.03,0.01,-2.42,-6.72,-7.19,0.01,-0.02,0.00,-3.39,-6.34,-6.86,0.02,-0.02,-0.01,-0.80,0.09,0.60,-1.04,-0.67,-0.43,R
23.083,0,0,255,255,223,0.37,-8.56,-4.66,-0.01,0.01,0.03,-1.63,-8.30,4.98,0.02,0.07,-0.07,1.43,-7.79,-6.08,0.01,0.03,0.02,-2.26,-6.62,-7.14,0.00,0.06,-0.01,-3.43,-6.12,-6.72,0.01,0.06,-0.01,-0.81,0.08,0.59,3.11,0.24,0.24,R
23.134,0,0,255,255,223,0.55,-8.85,-4.80,0.05,-0.01,-0.05,-1.68,-8.55,5.35,-0.01,-0.02,-0.00,1.63,-7.92,-6.03,-0.03,-0.07,-0.05,-2.32,-6.80,-7.11,-0.01,-0.02,0.01,-3.27,-6.36,-6.73,0.00,-0.01,0.01,-0.80,0.10,0.59,-2.20,-0.37,-1.34,R
23.185,0,0,255,255,225,0.38,-8.75,-4.58,-0.05,0.03,0.08,-1.50,-8.22,4.87,-0.03,0.09,0.01,1.39,-7.66,-6.00,0.01,0.05,0.02,-2.21,-6.63,-7.08,0.02,0.08,0.01,-3.39,-6.26,-6.70,0.04,0.08,0.00,-0.80,0.08,0.58,4.33,-0.73,-0.73,R
23.235,0,0,255,255,225,0.41,-9.17,-4.43,0.06,0.01,0.02,-1.84,-8.08,5.72,0.05,0.04,-0.04,1.30,-7.88,-6.38,-0.07,-0.04,-0.00,-2.44,-6.77,-7.35,-0.02,-0.06,0.01,-3.21,-6.29,-6.81,-0.01,-0.08,0.00,-0.78,0.06,0.59,0.43,2.08,0.37,R
23.287,0,0,255,255,223,0.07,-8.11,-4.60,-0.03,0.03,-0.06,-1.53,-8.28,4.43,-0.03,0.08,-0.06,1.54,-7.49,-5.66,0.00,0.07,0.02,-2.16,-6.42,-6.94,0.01,0.12,-0.01,-3.32,-6.03,-6.55,0.01,0.15,-0.03,-0.82,0.10,0.58,2.50,-1.22,-0.92,R
23.337,0,0,255,255,223,0.57,-8.85,-4.71,0.13,-0.00,0.03,-1.66,-8.25,5.65,0.05,0.02,0.00,1.26,-7.80,-6.28,-0.05,-0.01,-0.01,-2.58,-6.64,-7.17,-0.04,-0.02,-0.02,-3.57,-6.24,-6.87,-0.03,-0.05,-0.01,-0.79,0.07,0.59,0.73,1.59,1.34,R
23.389,0,0,255,255,223,0.02,-8.15,-4.56,-0.01,-0.02,-0.05,-1.74,-8.96,4.52,-0.16,0.21,0.24,1.55,-7.67,-5.72,-0.04,0.03,-0.06,-2.12,-6.76,-7.01,-0.03,0.09,-0.04,-3.28,-6.34,-6.83,0.01,0.10,-0.03,-0.81,0.09,0.59,0.06,0.67,1.40,R
23.439,0,0,255,255,224,0.43,-8.73,-4.35,-0.08,-0.01,0.10,-1.75,-8.46,5.40,0.03,0.02,-0.15,1.41,-7.22,-6.10,0.02,-0.04,0.06,-2.21,-6.21,-6.93,-0.07,0.04,-0.02,-3.32,-6.04,-6.68,-0.13,0.08,-0.04,-0.84,0.09,0.58,0.98,3.11,2.01,R
23.49,0,0,255,255,222,0.44,-8.83,-4.66,0.03,-0.04,-0.06,-1.86,-8.63,5.23,0.02,-0.10,0.09,1.44,-7.93,-6.09,-0.07,-0.11,-0.09,-2.15,-6.62,-7.13,-0.04,-0.11,-0.06,-3.08,-6.13,-6.76,-0.02,-0.10,-0.04,-0.77,0.06,0.61,-6.65,-1.22,2.32,R
23.541,0,0,255,255,223,0.11,-8.80,-3.93,0.18,-0.10,0.02,-1.97,-8.82,5.32,0.18,0.05,0.02,1.47,-7.64,-6.10,-0.21,-0.03,-0.13,-2.16,-6.65,-7.24,-0.26,0.05,-0.09,-3.42,-6.09,-6.79,-0.22,0.07,-0.08,-0.77,0.07,0.59,-2.08,14.95,2.69,R
23.593,0,0,255,255,223,0.53,-9.51,-4.60,0.29,-0.11,-0.08,-1.68,-7.81,5.22,0.30,0.28,-0.01,1.31,-7.23,-6.30,-0.39,-0.07,-0.28,-2.39,-5.97,-7.16,-0.49,0.04,-0.21,-3.40,-5.18,-6.68,-0.47,0.08,-0.19,-0.80,0.07,0.58,-7.57,20.87,4.15,R
23.644,0,0,255,255,224,0.13,-9.89,-3.86,0.72,-0.31,-0.32,-2.20,-8.43,5.61,0.69,-0.03,0.26,1.96,-7.28,-6.40,-0.78,-0.25,-0.63,-1.52,-6.05,-7.42,-1.00,0.10,-0.41,-2.53,-5.75,-7.06,-0.96,0.23,-0.32,-0.80,0.06,0.64,-21.12,48.58,3.85,R
23.695,0,0,255,255,223,-0.55,-8.50,-3.15,1.21,-0.28,-0.07,-2.24,-7.17,5.83,1.25,-0.02,0.42,2.65,-5.44,-6.49,-1.17,0.16,-1.01,-0.77,-4.12,-7.17,-1.55,0.69,-0.59,-1.73,-3.79,-6.33,-1.66,1.10,-0.53,-0.84,0.11,0.65,-3.48,86.00,3.36,R
23.746,0,0,255,255,224,-1.82,-10.63,0.96,3.19,-0.70,0.66,-3.48,-4.73,7.45,3.54,0.08,1.67,4.83,-3.31,-7.33,-3.21,0.85,-2.95,1.65,-2.71,-8.13,-4.14,2.14,-1.54,0.84,-2.96,-7.81,-3.99,2.84,-1.38,-0.81,0.06,0.63,10.99,253.72,24.78,R
23.796,0,0,255,255,223,-2.57,-8.79,-0.57,5.13,-0.93,1.39,-3.66,-4.12,7.54,5.13,-0.05,2.86,6.11,-2.15,-7.74,-4.27,1.90,-3.90,2.93,-0.84,-9.44,-5.05,3.41,-1.83,3.03,-0.78,-8.71,-4.76,4.40,-1.58,-0.52,0.08,0.73,67.63,325.38,51.57,R
23.848,0,0,255,255,224,-0.97,-13.13,1.52,7.07,-0.75,1.96,-4.01,-5.85,8.62,6.91,-0.28,2.57,4.84,-2.95,-9.13,-5.60,1.75,-4.00,1.04,-2.10,-11.06,-5.88,2.99,-1.36,0.38,-2.66,-12.20,-4.91,3.28,-1.13,0.15,-0.24,0.58,62.87,422.30,35.16,R
23.899,0,0,255,255,225,-0.41,-5.64,-1.74,2.36,-0.59,-0.01,-2.91,-1.15,8.60,1.69,-1.12,0.69,3.94,-1.16,-7.37,-0.93,-0.43,-0.92,2.55,2.15,-7.71,-1.25,-0.12,-0.56,3.32,2.94,-6.08,-1.47,0.22,-0.38,-0.15,0.05,0.88,-42.79,25.09,13.31,R
23.95,0,0,255,255,222,-0.88,-8.52,6.58,3.84,-0.15,0.11,-0.08,-0.15,3.33,4.13,-0.26,0.30,4.58,2.55,-6.06,-3.92,1.04,-2.01,2.03,2.22,-7.63,-4.02,2.10,-0.32,1.42,1.53,-9.48,-3.34,2.66,-0.19,0.41,0.18,0.74,19.96,281.07,-21.30,R
24.0,0,0,255,255,222,-0.33,-5.76,3.38,2.30,0.34,0.88,-1.74,2.15,9.18,2.23,-0.13,0.37,5.27,3.17,-8.30,-1.53,1.05,-0.73,3.50,5.36,-8.79,-1.42,1.32,0.08,4.16,5.29,-8.19,-1.41,1.62,0.16,0.22,0.02,1.01,46.26,77.94,-14.40,R
24.051,0,0,255,255,223,-1.42,-7.28,9.52,2.96,0.29,0.51,-2.49,5.26,9.12,2.91,0.27,-0.05,4.67,3.57,-7.48,-2.33,0.58,-1.03,2.54,3.51,-8.50,-1.95,0.77,-0.14,3.65,3.07,-9.61,-1.34,0.65,-0.07,0.97,-0.15,0.85,23.74,168.09,-17.03,R
24.102,0,0,255,255,222,-2.31,-4.39,7.06,-0.28,0.13,-0.14,-2.33,5.50,8.32,-0.37,-0.21,-0.24,6.47,6.00,-6.45,0.29,-0.19,0.40,5.54,7.32,-6.76,0.27,-0.22,0.24,6.52,6.57,-6.60,0.02,-0.05,0.26,0.45,-0.06,0.95,-13.73,-46.69,-10.44,R
24.153,0,0,255,255,222,-2.83,-6.51,10.68,0.98,0.30,0.08,-3.13,6.56,10.35,1.11,0.15,-0.14,5.96,6.06,-7.13,-0.98,0.24,-0.23,3.99,6.12,-7.88,-0.84,0.27,0.11,4.59,4.97,-8.66,-0.65,0.16,0.09,0.80,-0.17,0.91,10.62,70.13,-20.39,R
24.204,0,0,255,255,222,-2.59,-4.19,6.97,-0.30,-0.05,-0.48,-2.07,6.77,6.47,-0.94,-0.11,-0.15,6.45,5.53,-5.82,0.77,-0.36,0.44,5.48,6.45,-6.22,0.69,-0.40,0.07,6.45,5.90,-6.09,0.49,-0.34,0.15,0.56,-0.06,0.92,-13.79,-60.18,-2.69,R
24.256,0,0,255,255,222,-2.85,-6.41,10.34,0.42,0.19,0.18,-2.62,5.14,8.55,0.73,0.18,-0.07,5.84,5.35,-6.51,-0.71,0.29,-0.23,4.07,5.34,-7.39,-0.57,0.38,0.07,4.29,4.30,-8.07,-0.39,0.35,0.08,0.63,-0.13,0.89,16.85,48.58,-7.75,R
24.306,0,0,255,255,220,-2.30,-5.35,7.69,-0.05,0.02,-0.21,-2.64,4.93,7.92,-0.38,-0.04,-0.17,5.97,4.58,-6.25,0.25,-0.21,0.25,4.50,5.25,-7.11,0.38,-0.30,0.11,5.09,4.67,-7.24,0.39,-0.39,0.14,0.60,-0.12,0.90,-9.22,-31.25,-4.94,R
24.357,0,0,255,255,222,-2.80,-5.73,9.64,-0.15,0.11,-0.16,-2.83,5.15,8.18,0.06,-0.05,-0.21,6.21,6.14,-5.86,-0.21,-0.07,0.04,4.85,6.03,-6.37,-0.24,0.00,0.06,5.17,4.82,-6.89,-0.24,0.05,0.05,0.53,-0.12,0.84,-2.32,17.46,-8.12,R
24.408,0,0,255,255,222,-2.51,-4.53,7.25,-0.27,-0.03,-0.30,-3.09,5.51,8.20,-0.67,-0.21,-0.15,5.75,4.20,-6.13,0.61,-0.50,0.41,4.27,4.87,-7.13,0.74,-0.71,0.08,5.03,4.49,-7.17,0.71,-0.89,0.09,0.70,-0.19,0.87,-24.23,-56.70,-0.92,R
24.459,0,0,255,255,222,-3.04,-5.61,9.54,-0.60,0.03,-0.28,-2.32,4.69,7.53,-0.31,-0.06,-0.15,6.43,6.30,-5.71,0.00,-0.04,0.10,5.05,6.19,-6.41,-0.11,0.11,0.07,5.32,4.88,-6.84,-0.20,0.29,0.06,0.39,-0.02,0.87,1.59,5.86,-3.91,R
24.51,0,0,255,255,222,-1.88,-5.66,7.48,0.21,0.13,-0.08,-3.40,5.45,10.51,-0.19,0.01,-0.08,5.14,3.70,-7.20,0.29,-0.29,0.26,3.37,4.64,-8.05,0.50,-0.57,0.07,4.19,4.14,-8.15,0.56,-0.83,0.05,0.71,-0.20,0.88,-12.70,-29.97,-1.71,R
24.562,0,0,255,255,223,-2.64,-6.00,8.84,-1.02,-0.09,-0.54,-2.36,4.64,7.96,-0.89,-0.32,-0.25,6.35,6.01,-6.03,0.50,-0.45,0.26,5.09,6.19,-6.44,0.31,-0.38,-0.03,5.50,4.91,-6.67,0.13,-0.22,-0.04,0.37,-0.01,0.89,-23.74,-35.03,0.98,R
24.613,0,0,255,255,219,-2.34,-5.74,8.00,0.24,0.09,0.13,-2.43,4.88,8.37,0.30,0.19,-0.06,5.41,4.26,-6.90,-0.21,0.17,-0.04,3.32,4.81,-7.73,-0.08,0.11,0.05,3.70,4.06,-8.07,0.03,-0.00,0.01,0.54,-0.10,0.88,8.91,13.37,-2.87,R
24.663,0,0,255,255,222,-2.07,-5.94,7.79,-0.35,-0.07,-0.25,-2.74,3.94,8.96,-0.50,-0.17,-0.05,5.77,4.72,-6.75,0.32,-0.35,0.16,4.25,5.29,-7.22,0.28,-0.38,-0.04,4.76,4.36,-7.35,0.20,-0.37,-0.04,0.46,-0.06,0.89,-15.69,-25.76,2.08,R
24.715,0,0,255,255,223,-2.37,-5.96,8.23,-0.11,-0.01,0.00,-2.16,3.81,7.70,0.08,0.03,-0.05,5.70,4.52,-6.50,-0.13,0.08,-0.03,3.90,4.91,-7.38,-0.12,0.14,0.02,4.00,3.89,-7.88,-0.06,0.14,0.01,0.48,-0.07,0.90,4.09,8.00,-0.49,R
24.766,0,0,255,255,222,-1.48,-6.70,7.16,-0.17,0.00,-0.18,-3.11,4.76,9.96,-0.45,-0.17,-0.15,5.21,3.47,-7.48,0.46,-0.49,0.27,3.34,4.39,-8.09,0.57,-0.74,-0.02,3.86,3.90,-8.25,0.56,-0.95,-0.04,0.57,-0.14,0.90,-18.49,-33.69,1.53,R
24.816,0,0,255,255,221,-2.52,-6.00,8.32,-0.83,-0.16,-0.47,-2.06,3.45,7.33,-0.72,-0.21,-0.16,6.10,5.09,-6.23,0.37,-0.32,0.17,4.44,5.37,-6.80,0.20,-0.20,-0.05,4.53,4.22,-7.15,0.09,-0.09,-0.05,0.32,0.01,0.91,-19.23,-27.89,4.33,R
24.867,0,0,255,255,221,-1.52,-6.62,6.62,-0.07,0.01,-0.13,-2.90,3.17,9.67,-0.29,-0.07,-0.09,4.88,3.03,-7.45,0.36,-0.29,0.27,2.65,4.08,-8.25,0.52,-0.53,0.04,3.02,3.55,-8.52,0.55,-0.76,-0.01,0.55,-0.11,0.90,-9.22,-22.34,0.61,R
24.918,0,0,255,255,221,-1.92,-6.54,7.51,-0.97,-0.18,-0.47,-1.94,2.76,7.90,-1.01,-0.23,-0.07,5.43,4.18,-6.84,0.61,-0.45,0.26,3.70,4.77,-7.35,0.48,-0.45,-0.05,3.88,3.78,-7.56,0.33,-0.36,-0.04,0.26,0.05,0.92,-25.09,-48.28,6.96,R
24.969,0,0,255,255,222,-1.33,-6.76,6.52,-0.22,0.02,0.00,-2.36,2.63,9.23,-0.29,0.09,-0.11,4.61,2.19,-7.93,0.33,-0.14,0.29,2.04,3.25,-8.91,0.56,-0.41,0.11,2.09,2.71,-9.37,0.63,-0.69,0.06,0.49,-0.08,0.92,-5.98,-34.06,-0.31,R
25.021,0,0,255,255,220,-1.45,-7.32,7.29,-1.31,-0.16,-0.63,-2.33,2.60,9.34,-1.34,-0.33,-0.29,5.55,4.19,-7.57,0.90,-0.71,0.41,3.66,5.01,-7.55,0.65,-0.74,-0.11,3.79,3.90,-7.50,0.36,-0.65,-0.11,0.16,0.07,0.94,-33.26,-55.42,6.65,R
25.071,0,0,255,255,221,-1.54,-6.72,6.28,0.04,-0.01,-0.01,-1.64,1.47,7.64,0.11,0.29,0.01,5.02,2.71,-7.56,-0.14,0.21,-0.05,2.47,3.62,-8.44,-0.10,0.26,0.02,2.32,2.84,-8.90,-0.03,0.22,0.01,0.29,0.04,0.95,13.61,13.06,-2.08,R
25.122,0,0,255,255,222,-0.81,-7.73,5.88,-0.45,-0.07,-0.23,-2.93,3.14,10.82,-0.79,-0.09,-0.20,4.71,2.16,-8.46,0.72,-0.59,0.33,2.42,3.67,-8.86,0.73,-0.82,-0.09,2.89,3.22,-8.63,0.59,-0.96,-0.12,0.36,-0.05,0.96,-28.26,-59.33,7.81,R
25.173,0,0,252,255,223,-1.55,-7.09,6.71,-0.42,-0.20,-0.42,-1.81,0.85,8.42,-0.37,0.01,-0.02,5.30,2.93,-7.59,0.10,-0.11,-0.01,2.84,3.69,-8.21,-0.02,0.05,-0.05,2.65,2.92,-8.51,-0.06,0.14,-0.04,0.14,0.12,0.98,-3.85,1.16,1.22,R
25.225,0,0,255,255,222,-0.66,-8.16,5.85,0.15,0.01,0.02,-2.80,2.34,10.49,-0.11,0.05,-0.18,4.16,1.43,-8.81,0.29,-0.28,0.18,1.36,2.92,-9.36,0.36,-0.48,-0.08,1.55,2.59,-9.39,0.35,-0.72,-0.12,0.38,-0.05,0.96,-9.16,-21.06,6.04,R
25.275,0,0,255,255,221,-1.00,-7.83,6.58,-0.75,-0.35,-0.57,-1.93,1.22,8.67,-0.89,-0.39,-0.03,5.29,2.83,-7.82,0.54,-0.68,0.01,3.17,3.79,-8.11,0.20,-0.50,-0.30,2.74,2.72,-8.16,0.04,-0.40,-0.23,0.10,0.12,0.96,-33.39,-31.49,11.90,R
25.326,0,0,255,255,222,-0.62,-7.54,5.57,0.52,0.05,-0.18,-2.21,0.99,9.62,0.01,0.23,0.01,3.73,1.18,-8.57,0.14,-0.23,0.28,0.93,2.72,-9.30,0.13,-0.26,-0.12,1.04,2.35,-9.37,0.18,-0.47,-0.10,0.25,0.04,0.95,-1.65,1.83,4.15,R
25.378,0,0,255,255,222,-0.63,-7.54,6.24,-0.01,-0.09,-0.57,-2.41,2.34,9.90,-0.69,-0.25,-0.06,3.94,2.49,-8.74,0.63,-0.94,0.20,2.04,3.59,-9.05,0.17,-0.71,-0.49,2.54,2.00,-9.01,-0.03,-0.60,-0.42,0.11,0.08,0.96,-35.40,-29.79,17.21,R
25.428,0,0,255,255,220,-0.39,-7.34,4.81,0.14,-0.23,-0.39,-2.06,-0.70,9.38,-0.26,0.29,0.11,3.79,0.92,-8.51,0.17,-0.20,0.13,1.15,2.87,-8.95,0.09,-0.11,-0.12,1.10,2.52,-9.08,0.13,-0.16,-0.12,0.20,0.12,0.98,-10.31,-3.72,3.91,R
25.48,0,0,255,255,218,-0.47,-8.03,7.33,0.09,0.08,-0.18,-2.87,0.93,10.92,-0.31,-0.01,-0.06,4.07,1.72,-9.56,0.30,-0.48,0.23,1.22,3.50,-9.59,0.03,-0.31,-0.31,1.04,2.73,-9.73,-0.11,-0.37,-0.29,0.16,0.09,1.03,-15.93,-7.81,10.56,R
25.531,0,1,255,255,222,-0.10,-8.28,5.74,-0.02,-0.27,-0.40,-1.97,-0.52,8.50,-0.36,0.22,0.11,3.90,0.91,-8.64,0.17,-0.16,0.16,1.15,2.83,-9.16,0.09,-0.10,-0.15,1.01,2.40,-9.53,0.21,-0.17,-0.11,0.21,0.20,1.03,-21.30,-10.13,7.39,R
25.581,0,6,255,255,220,-0.08,-7.12,6.61,-0.27,-0.08,0.34,-2.63,0.12,10.59,-0.32,-0.04,-0.09,3.53,1.19,-9.57,0.36,-0.18,0.24,0.61,3.46,-9.64,0.28,-0.18,-0.07,0.59,2.82,-9.79,0.16,-0.27,-0.10,0.13,0.15,1.00,-1.65,-19.17,5.07,R
25.632,0,4,255,255,220,0.09,-7.90,6.55,-0.12,-0.40,0.05,-2.11,1.20,9.40,-0.31,-0.21,-0.16,3.98,1.06,-9.19,0.25,-0.38,0.11,0.97,3.22,-9.14,0.14,-0.24,-0.20,1.11,2.73,-9.19,0.08,-0.22,-0.19,0.14,0.20,1.02,-19.59,-15.38,10.80,R
25.683,0,7,255,255,221,0.00,-8.42,5.66,0.05,-0.19,0.46,-2.05,-0.85,9.72,-0.07,0.11,0.14,3.31,0.48,-9.43,0.06,0.08,0.07,0.50,2.85,-9.64,0.01,0.09,-0.05,0.26,2.52,-9.70,0.05,0.06,-0.03,0.13,0.18,1.00,6.04,2.08,2.32,R
25.734,0,6,255,255,222,0.04,-8.61,6.26,0.02,-0.17,0.33,-2.71,-0.11,10.94,-0.06,-0.01,-0.03,3.33,0.63,-9.94,0.10,-0.29,0.01,0.82,3.04,-9.87,0.05,-0.20,-0.15,0.65,2.39,-9.65,-0.06,-0.19,-0.15,0.12,0.16,1.01,-9.34,-2.01,8.73,R
25.785,0,5,255,255,219,0.27,-8.91,4.65,0.14,0.03,-0.34,-1.84,-1.03,9.25,-0.07,-0.04,0.23,3.13,0.49,-8.89,-0.13,-0.10,-0.11,0.43,2.71,-8.99,-0.11,-0.02,-0.05,0.33,2.43,-8.97,-0.11,0.03,-0.01,0.13,0.22,0.97,-4.03,8.54,-0.43,R
25.837,0,6,255,255,220,0.03,-7.30,5.77,0.08,0.09,0.06,-1.89,-0.29,9.40,0.11,0.06,-0.03,3.42,0.63,-9.32,-0.09,-0.04,0.00,0.68,3.00,-9.46,-0.06,0.06,-0.00,0.33,2.68,-9.44,-0.09,0.10,0.01,0.11,0.21,0.99,3.91,5.68,-1.83,R
25.887,0,4,255,255,220,-0.18,-8.71,6.39,0.09,-0.30,0.35,-2.44,0.29,10.07,0.25,0.00,-0.19,3.47,0.50,-9.60,-0.15,-0.18,-0.01,0.86,3.02,-9.62,-0.15,-0.06,-0.05,0.52,2.56,-9.58,-0.12,-0.00,-0.03,0.16,0.17,1.01,-6.23,7.51,1.10,R
25.939,0,9,253,255,221,-0.08,-7.82,6.25,0.13,0.02,-0.12,-2.61,-0.18,10.40,0.02,0.22,0.04,2.99,0.88,-9.58,-0.10,-0.21,-0.08,0.31,3.34,-9.25,-0.13,-0.15,-0.10,0.26,2.92,-9.02,-0.22,-0.13,-0.09,0.14,0.18,0.97,-8.85,5.25,2.14,R
25.989,0,11,255,255,219,-0.08,-7.07,6.78,0.26,-0.25,-0.05,-2.39,0.11,9.46,0.16,0.43,-0.09,2.12,1.07,-8.97,-0.02,-0.68,0.19,-0.03,3.30,-8.92,-0.07,-0.44,-0.22,0.36,2.59,-9.01,-0.28,-0.42,-0.11,0.18,0.20,0.95,-19.04,12.33,3.97,R
26.04,0,24,255,255,222,-0.55,-7.85,5.94,-0.08,-0.09,-0.01,-2.54,1.41,9.32,0.05,0.20,-0.19,2.18,0.90,-9.31,0.03,-0.84,0.02,-0.45,3.07,-8.98,-0.04,-0.78,-0.29,-0.74,3.01,-8.83,-0.13,-0.87,-0.22,0.18,0.23,0.95,-20.51,-0.79,7.93,R
26.091,0,33,253,255,220,0.23,-8.12,6.59,-0.22,-0.29,-0.00,-2.66,-0.52,9.84,-0.14,0.20,0.01,0.95,0.81,-9.15,-0.04,-1.71,-0.04,-1.89,2.61,-7.94,0.33,-1.91,-0.57,-2.22,2.58,-7.53,-0.23,-2.39,-0.61,0.15,0.24,0.94,-33.81,-0.31,12.39,R
26.143,0,53,251,255,217,0.06,-8.91,5.55,-0.45,-0.44,-0.02,-2.58,0.47,9.59,-0.10,0.34,-0.05,0.60,0.99,-10.58,0.05,-2.73,-0.02,-2.47,2.67,-8.12,0.42,-2.34,-0.59,-2.27,3.01,-8.04,-0.15,-2.93,-0.51,0.13,0.28,0.95,-41.26,-9.09,16.36,R
26.194,0,73,248,255,213,0.12,-9.23,5.99,-0.44,-0.32,-0.50,-3.50,-0.42,10.13,-0.26,0.07,-0.09,-3.90,0.08,-8.81,0.57,-4.73,0.55,-7.29,1.57,-8.17,0.90,-4.62,-0.81,-7.16,3.68,-7.81,-0.55,-5.31,-0.65,0.13,0.26,0.90,-58.65,-18.92,15.08,R
26.245,0,97,241,255,204,0.10,-7.14,5.88,-0.35,-0.50,-0.69,-2.41,0.63,8.68,-0.63,-0.63,0.04,-1.46,0.93,-10.66,-0.21,-4.71,-0.09,-4.38,2.10,-9.73,0.76,-4.30,-0.64,-5.88,3.66,-7.91,-0.24,-4.57,-0.21,0.10,0.39,0.94,-57.01,-28.20,24.35,R
26.295,0,111,234,255,195,2.69,-7.95,6.18,-0.03,-0.15,-0.33,-2.78,-0.62,11.00,-0.47,-0.90,0.33,-8.82,1.27,-9.30,-1.08,-5.33,0.01,-10.54,2.24,-6.87,-0.30,-5.21,0.36,-9.59,4.45,-4.44,-1.21,-5.61,0.99,0.04,0.40,0.90,-48.46,-5.25,14.47,R
26.346,109,0,0,255,21,0.72,-6.22,5.43,0.50,-0.38,0.02,-1.09,-0.47,8.36,-0.57,-1.13,0.62,-11.98,1.30,-4.42,-0.84,-8.93,0.39,-12.96,0.90,-0.50,-0.44,-6.66,1.18,-12.28,2.52,1.86,0.10,-6.95,1.85,0.05,0.46,0.85,-10.25,8.61,12.15,R
26.398,6,123,215,255,173,0.24,-5.34,6.37,0.78,-0.19,1.06,-0.62,-1.50,8.78,-0.53,-1.42,0.63,-12.20,-1.52,-0.15,0.12,-11.60,0.90,-14.06,-2.95,-0.74,-0.93,-13.81,0.04,-14.99,7.58,2.70,-0.23,-8.99,2.08,-0.00,0.50,0.86,38.27,5.43,0.73,R
26.449,25,113,192,255,165,2.49,-7.95,1.94,1.19,-0.78,2.32,2.04,-4.30,3.60,-0.36,-1.09,0.67,-8.05,-0.24,0.63,0.41,-8.44,-0.08,-6.02,1.02,-1.72,1.08,-8.81,-0.39,-0.34,0.46,-8.26,-0.15,-8.09,0.65,-0.00,0.47,0.88,106.63,28.44,-19.04,R
26.499,40,90,153,255,143,-0.45,-10.04,7.90,1.49,0.00,2.23,-2.19,-2.05,13.26,1.13,0.28,-0.18,-6.75,0.38,5.13,0.43,-5.71,0.24,-5.87,1.36,5.34,0.52,-5.95,-0.20,-7.20,5.95,6.23,0.75,-7.89,-0.30,-0.01,0.26,0.84,121.52,57.56,-32.96,R
26.551,60,68,108,255,80,-0.44,-7.10,5.96,2.78,-1.00,1.40,0.27,-0.67,8.35,0.87,-0.23,-0.08,-3.71,1.89,6.65,0.24,-4.00,-0.13,-3.60,2.85,7.52,-0.14,-4.61,-0.93,-3.15,7.46,6.34,0.34,-4.41,-0.08,0.29,0.20,1.09,127.08,43.58,-41.44,R
26.601,51,51,72,255,18,0.12,-3.79,3.48,1.73,0.64,1.71,-1.06,-0.64,9.94,0.23,1.13,-0.83,-2.80,1.19,7.24,-0.64,-2.93,-1.06,-2.65,2.84,8.05,-1.46,-2.24,-1.31,0.28,7.33,6.68,-1.30,-2.28,-0.25,0.23,0.03,0.92,134.89,-23.99,-51.94,R
26.652,36,33,53,255,0,-0.33,-7.76,12.29,2.29,-1.42,0.84,-1.23,2.28,11.80,0.55,1.16,-0.08,-3.11,4.96,9.36,0.05,-1.36,-0.19,-2.26,3.62,10.54,-0.40,-0.59,0.18,0.02,5.09,7.49,0.35,0.28,-0.40,0.19,-0.14,0.98,85.39,59.33,-21.30,R
26.703,23,23,41,255,0,-0.48,-0.67,4.54,1.62,-0.06,0.33,-1.32,0.45,7.20,0.45,0.78,-0.20,-1.76,1.01,7.86,-0.53,-1.12,-0.08,-1.19,1.41,7.82,-0.92,0.05,-0.00,-0.55,4.50,7.20,-0.86,1.00,-0.64,0.35,-0.09,0.87,70.07,-2.32,-26.00,R
26.754,19,18,32,255,0,-1.93,-8.44,38.81,2.15,-2.96,-0.36,-1.13,-0.53,9.43,0.56,0.61,-0.21,-0.72,0.73,4.32,0.99,0.65,-0.26,-4.72,31.92,73.21,10.74,-8.05,-0.46,-4.75,-9.31,-14.26,-7.64,0.91,1.86,0.05,-0.24,0.99,72.81,61.16,-13.12,R
26.805,14,6,23,255,0,-2.43,0.86,10.22,-1.22,0.36,-0.21,-1.13,-1.84,2.08,-1.66,0.26,0.34,-1.58,9.43,2.44,0.43,-0.29,-0.29,-0.79,-0.14,8.84,-0.58,-0.26,0.03,-0.13,4.70,7.74,-1.33,0.06,0.18,0.23,0.07,1.03,-47.61,-53.47,18.92,R
26.857,12,2,21,255,0,-0.62,-3.23,10.08,0.08,0.16,-0.24,-2.03,-1.93,9.75,-0.01,-0.05,-0.10,-1.47,1.05,9.91,-0.21,-0.11,-0.03,-1.19,-0.32,9.69,-0.29,0.05,-0.04,-0.93,4.81,8.71,-0.16,0.04,-0.04,0.34,-0.38,1.02,4.94,6.65,-1.53,R
26.907,13,3,19,255,0,-1.18,-1.98,9.83,-0.24,0.12,-0.08,-2.19,0.26,9.58,0.05,-0.05,-0.06,-1.27,0.96,9.82,0.07,0.00,-0.04,-0.79,0.27,9.82,0.06,0.02,0.01,-0.75,4.89,8.74,0.12,0.03,0.00,0.25,-0.20,1.01,-6.96,9.58,3.17,R
26.958,12,3,18,255,0,-0.39,-2.53,9.54,0.05,0.07,0.01,-1.82,0.37,9.59,-0.03,0.07,-0.00,-1.36,1.14,9.67,-0.23,-0.02,0.03,-0.98,0.07,9.81,-0.10,0.05,-0.00,-0.92,5.08,8.72,-0.09,0.05,-0.03,0.30,-0.19,0.94,1.89,3.66,1.53,R
27.01,15,3,17,255,0,-0.42,-4.13,9.12,-0.10,0.20,-0.28,-1.90,0.60,9.62,0.04,0.06,-0.03,-1.31,1.27,9.62,-0.08,-0.04,-0.02,-0.81,0.45,9.84,-0.04,0.03,-0.05,-0.56,4.92,8.71,-0.04,0.01,-0.06,0.30,-0.14,0.99,-7.93,2.08,-1.22,R
27.06,17,2,16,255,0,-0.70,-2.39,9.68,0.01,0.13,-0.03,-1.86,0.43,9.66,-0.06,0.04,-0.03,-1.41,1.14,9.57,-0.14,0.02,-0.02,-1.08,-0.03,9.73,-0.07,0.07,-0.02,-0.91,4.84,8.75,-0.01,0.05,-0.05,0.27,-0.18,0.93,-2.14,2.81,1.34,R
27.111,20,3,15,255,0,-0.99,-2.67,9.58,0.00,0.17,-0.05,-1.92,0.38,9.62,0.05,0.09,-0.01,-1.44,1.07,9.68,0.04,-0.00,-0.00,-1.02,0.07,9.80,0.05,0.06,0.00,-0.84,5.19,8.60,0.05,0.04,0.01,0.29,-0.16,0.96,-6.47,7.20,0.49,R
27.162,21,3,13,255,0,-0.84,-2.32,9.62,-0.04,0.13,-0.12,-1.86,0.56,9.74,0.02,-0.00,-0.02,-1.27,1.12,9.67,-0.04,-0.02,-0.03,-1.06,0.04,9.78,-0.05,0.04,-0.03,-0.86,4.84,8.66,-0.04,0.04,-0.04,0.31,-0.16,0.94,-1.28,2.93,-1.10,R
27.213,22,4,15,255,0,-1.02,-2.73,9.54,-0.04,0.12,-0.08,-1.96,0.44,9.68,0.00,0.07,-0.02,-1.39,1.15,9.68,0.00,0.02,-0.00,-1.07,0.02,9.78,0.07,0.06,-0.01,-0.82,4.81,8.75,0.04,0.02,0.00,0.28,-0.16,0.95,-4.82,4.88,-0.79,R
27.265,22,3,10,255,0,-0.75,-2.97,9.47,-0.04,0.06,-0.06,-1.96,0.49,9.68,0.07,0.05,-0.02,-1.30,1.12,9.71,0.03,0.01,-0.01,-1.09,0.23,9.84,0.03,0.05,-0.03,-0.82,4.92,8.69,0.04,0.04,-0.02,0.32,-0.15,0.94,0.55,3.72,-0.55,R
27.315,23,4,13,255,0,-1.02,-2.59,9.60,-0.05,0.08,-0.07,-2.05,0.50,9.52,-0.01,0.08,-0.01,-1.29,1.14,9.61,-0.03,-0.01,-0.01,-1.04,0.17,9.84,0.03,0.02,-0.01,-0.78,4.89,8.71,0.04,0.03,-0.01,0.30,-0.15,0.95,-1.65,1.71,-1.22,R
27.366,23,2,15,255,0,-0.80,-3.06,9.51,-0.06,0.06,-0.04,-2.05,0.54,9.68,0.02,0.05,0.00,-1.34,1.16,9.65,-0.01,0.01,-0.00,-1.11,0.27,9.79,0.05,0.04,-0.02,-0.84,4.92,8.64,0.01,0.03,-0.02,0.31,-0.15,0.94,-0.67,2.26,-1.22,R
27.418,23,3,12,255,0,-1.04,-2.48,9.73,-0.05,0.06,-0.07,-2.05,0.52,9.67,-0.00,0.04,-0.02,-1.31,1.13,9.65,-0.04,-0.01,-0.01,-1.07,0.27,9.82,0.02,0.05,-0.03,-0.82,4.87,8.67,-0.01,0.02,-0.02,0.31,-0.15,0.96,-1.53,0.06,-0.92,R
27.469,23,3,16,255,0,-0.97,-2.86,9.55,0.01,0.05,-0.01,-1.98,0.56,9.75,0.01,0.04,-0.01,-1.32,1.13,9.70,-0.01,0.01,-0.01,-1.12,0.18,9.82,0.02,0.03,-0.01,-0.87,4.83,8.69,0.02,0.03,-0.01,0.31,-0.15,0.95,-0.98,1.40,-0.92,R
27.519,23,3,12,255,0,-0.91,-3.66,9.36,-0.07,0.02,-0.08,-2.03,0.61,9.62,0.02,0.04,-0.00,-1.26,1.14,9.68,-0.02,-0.01,-0.00,-1.12,0.34,9.81,0.02,0.02,-0.02,-0.81,5.01,8.63,-0.06,0.02,-0.01,0.32,-0.14,0.96,0.06,0.31,-1.16,R
27.57,24,4,12,255,0,-1.02,-2.76,9.61,-0.02,0.04,-0.01,-2.00,0.51,9.68,0.01,0.04,0.00,-1.31,1.07,9.69,-0.01,0.01,0.00,-1.17,0.23,9.81,0.03,0.02,-0.00,-0.91,4.89,8.66,0.07,0.03,-0.02,0.30,-0.15,0.94,-1.10,1.16,-0.92,R
27.621,26,5,18,255,0,-1.00,-3.07,9.52,-0.03,0.02,-0.04,-1.97,0.59,9.60,0.03,0.02,0.00,-1.26,1.17,9.65,-0.01,-0.01,-0.00,-1.22,0.25,9.80,0.02,0.02,-0.01,-0.86,4.92,8.64,0.03,0.03,-0.01,0.32,-0.14,0.95,-0.31,0.67,-1.46,R
27.672,26,1,13,255,0,-0.96,-2.83,9.52,-0.04,0.04,-0.07,-1.96,0.56,9.65,0.05,0.06,0.00,-1.33,1.20,9.69,0.02,0.02,0.00,-1.11,0.24,9.83,0.10,0.04,-0.02,-0.85,4.92,8.63,0.09,0.02,0.01,0.31,-0.15,0.95,-0.61,0.61,-1.77,R
27.724,26,6,15,255,0,-1.00,-2.94,9.51,-0.05,0.05,-0.05,-2.01,0.50,9.68,0.07,0.03,0.02,-1.31,1.17,9.80,0.03,-0.00,0.02,-1.30,0.14,9.81,0.12,-0.01,0.00,-1.32,3.98,9.43,0.32,-0.11,-0.06,0.31,-0.16,0.93,2.75,-4.21,-3.17,R
27.774,27,5,15,255,1,-0.92,-2.93,9.48,-0.35,0.19,-0.39,-2.06,0.83,9.84,0.06,0.09,-0.02,-1.51,1.02,9.77,0.48,-0.05,-0.05,-1.01,0.53,9.61,1.05,-0.10,-0.42,-0.79,5.39,8.03,0.55,-0.37,-0.33,0.33,-0.16,0.98,0.00,-13.85,-7.69,R
27.825,28,6,16,255,3,-1.24,-3.22,9.45,-0.18,0.18,-0.15,-2.07,0.76,9.87,0.14,-0.08,-0.05,-1.62,1.41,9.97,0.38,-0.10,0.01,-1.00,-3.10,9.80,0.24,-0.18,-0.49,-3.06,0.53,15.50,0.45,-2.25,-1.30,0.28,-0.18,0.95,-2.62,-1.65,-4.52,R
27.876,28,6,13,255,0,-1.25,-3.31,9.41,-0.11,0.21,-0.22,-2.13,-3.35,9.98,-0.81,-0.05,-0.68,-1.19,0.76,9.54,0.12,0.06,-0.05,-1.16,9.88,7.42,0.33,-0.86,-1.85,0.58,5.20,6.37,0.21,-2.29,-1.07,0.24,-0.13,0.98,-11.66,-24.17,-13.73,R
27.927,25,4,13,255,0,-0.86,-3.74,9.29,-0.05,-0.09,-0.04,-1.69,1.93,10.60,-0.67,-0.36,0.12,-1.30,2.70,10.65,0.39,-0.54,-1.94,-0.54,1.11,8.23,0.49,-0.38,-1.32,0.08,2.40,7.91,-0.01,-1.11,-1.76,0.25,-0.12,0.99,2.62,-5.37,-5.80,R
27.978,20,3,16,255,0,-1.20,-2.83,9.50,0.09,0.12,0.04,-1.49,3.39,8.29,-0.12,-0.03,-0.36,-0.65,0.22,7.81,-0.23,-0.43,-0.12,-0.46,1.87,7.07,0.08,0.09,-0.72,0.52,7.18,7.05,-0.19,-0.42,-1.78,0.30,-0.14,0.96,0.49,-7.93,-2.32,R
28.029,22,5,16,255,0,-1.18,-3.36,9.42,0.09,0.05,0.01,-1.73,-0.47,10.20,-0.03,0.33,-0.01,-0.88,1.44,10.54,-0.04,0.37,-0.14,-1.14,0.29,11.39,0.18,0.92,-0.57,-0.14,6.82,12.62,-0.04,0.88,-2.48,0.24,-0.14,0.96,9.16,3.54,-4.39,R
28.08,19,2,12,255,0,-1.21,-2.26,9.63,-0.08,0.04,-0.02,-1.91,-0.49,8.89,-0.57,0.05,0.01,-1.25,0.22,11.13,-0.27,0.15,-0.06,-1.11,2.72,8.96,-0.54,0.08,0.02,-0.37,4.37,8.32,-0.12,-0.17,-0.20,0.25,-0.14,0.95,1.16,-13.49,2.14,R
28.132,20,3,12,255,0,-2.98,-3.43,9.35,0.09,-0.02,-0.02,-0.92,-0.48,9.66,-0.08,-0.10,-0.06,-0.52,1.22,9.88,-0.86,-0.01,0.11,-1.02,0.51,9.14,-0.69,0.11,0.04,-0.52,6.03,8.76,-0.19,-0.05,-0.11,0.25,-0.16,0.93,4.15,-2.93,-2.38,R
28.182,20,2,12,255,0,-1.17,-3.30,9.41,0.05,0.04,-0.01,-2.57,-0.32,9.01,-0.15,0.22,-0.06,-1.35,1.05,9.98,-0.24,0.07,0.01,-1.14,0.56,9.81,-0.32,0.08,0.08,-0.25,5.67,8.30,-0.11,0.00,-0.06,0.26,-0.15,0.96,-4.70,3.23,1.59,R
28.234,21,3,10,255,0,-1.11,-3.03,9.48,0.09,-0.05,-0.01,-1.85,-0.17,9.70,-0.09,0.06,-0.04,-1.15,0.11,9.75,-0.31,0.01,0.01,-1.12,-0.23,9.79,-0.13,0.07,0.01,-0.36,5.25,8.59,-0.18,0.07,-0.00,0.25,-0.17,0.95,0.43,-1.10,0.61,R
28.284,20,4,11,255,0,-1.22,-3.18,9.47,0.04,0.03,-0.03,-2.15,-0.25,9.69,0.04,0.09,0.01,-1.26,0.74,9.73,-0.06,-0.01,-0.01,-1.22,0.36,9.77,-0.29,-0.00,0.09,-0.23,5.18,8.55,-0.18,0.10,0.05,0.27,-0.15,0.97,0.85,-0.85,-0.12,R
28.336,19,4,10,255,0,-1.09,-3.18,9.40,0.03,-0.01,-0.02,-2.04,-0.25,9.72,-0.04,0.09,-0.02,-1.23,0.66,9.81,-0.21,0.02,-0.01,-1.21,-0.28,9.73,-0.20,0.03,0.02,-0.67,4.69,8.64,-0.26,0.16,0.05,0.25,-0.16,0.95,-0.73,0.85,1.71,R
28.387,22,4,10,255,0,-1.15,-3.25,9.40,0.06,0.03,-0.04,-2.10,-0.15,9.67,0.07,0.04,0.01,-1.15,0.79,9.68,0.04,-0.02,0.00,-1.16,-0.10,9.67,-0.29,-0.06,0.14,-0.40,4.67,8.78,-0.07,0.06,0.05,0.27,-0.14,0.99,-0.92,1.95,-0.06,R
28.438,21,4,8,255,0,-1.12,-3.04,9.44,-0.00,0.01,0.00,-1.91,-0.06,9.72,-0.01,0.04,-0.01,-1.07,0.58,9.69,-0.11,0.01,-0.00,-1.14,-0.19,9.87,-0.15,-0.01,0.04,-0.18,4.86,8.89,-0.16,0.10,0.02,0.26,-0.15,0.96,1.53,0.37,0.43,R
28.488,23,5,8,255,0,-1.21,-3.08,9.50,0.02,0.04,-0.00,-2.04,0.02,9.83,0.04,0.05,-0.00,-1.23,0.63,9.73,-0.01,0.00,-0.01,-1.14,0.36,9.94,-0.03,-0.01,0.01,-0.48,4.61,8.95,-0.11,0.08,0.02,0.26,-0.14,0.97,0.43,-0.24,0.37,R
28.54,22,3,6,255,0,-1.10,-3.04,9.50,0.03,0.02,-0.01,-1.95,-0.11,9.69,0.03,0.07,-0.01,-1.21,0.68,9.73,-0.03,0.02,-0.01,-1.07,-0.08,9.76,-0.05,0.01,0.01,-0.52,4.67,8.86,-0.03,0.04,-0.01,0.26,-0.15,0.96,0.12,1.16,0.06,R
28.591,23,5,8,255,0,-1.20,-3.05,9.49,0.01,0.02,-0.02,-2.09,-0.02,9.71,0.01,0.04,0.00,-1.20,0.59,9.74,-0.04,0.02,-0.01,-1.03,-0.13,9.86,0.01,0.04,-0.01,-0.50,4.60,8.84,0.01,0.02,-0.02,0.27,-0.14,0.97,0.24,0.49,-0.18,R
28.641,22,5,6,255,0,-1.15,-3.06,9.44,0.00,0.03,-0.01,-2.04,-0.12,9.66,-0.03,0.05,-0.02,-1.10,0.61,9.85,-0.04,0.03,-0.00,-1.10,-0.14,9.84,0.01,0.07,-0.03,-0.44,4.72,8.77,-0.01,0.01,-0.03,0.26,-0.15,0.96,0.43,0.31,0.37,R
28.693,23,6,8,255,0,-1.22,-3.15,9.46,0.01,0.01,-0.02,-2.13,-0.11,9.64,-0.02,0.04,-0.01,-1.29,0.55,9.74,-0.03,0.01,-0.01,-1.13,-0.16,9.84,-0.03,0.04,-0.00,-0.53,4.45,8.85,-0.09,0.05,0.01,0.25,-0.15,0.96,0.43,0.79,0.79,R
28.743,25,6,8,255,0,-1.18,-3.07,9.47,0.02,0.01,-0.01,-2.04,-0.04,9.64,0.03,0.05,-0.01,-1.20,0.66,9.75,-0.04,0.00,-0.01,-1.18,0.07,9.86,-0.12,-0.00,0.02,-0.57,4.50,8.94,-0.11,0.09,0.02,0.26,-0.14,0.96,0.06,1.16,0.92,R
28.794,25,6,5,255,0,-1.17,-2.97,9.49,0.01,0.02,-0.01,-2.07,-0.02,9.68,0.01,0.04,-0.00,-1.30,0.62,9.65,-0.03,0.02,-0.00,-1.09,-0.16,9.82,-0.12,-0.00,0.04,-0.53,4.52,8.92,-0.04,0.05,0.01,0.27,-0.14,0.97,-0.12,1.04,0.12,R
28.845,23,6,6,255,0,-1.10,-3.05,9.50,0.03,0.02,-0.01,-2.04,-0.05,9.72,0.04,0.04,-0.01,-1.25,0.50,9.78,-0.03,0.00,-0.00,-1.13,-0.12,9.81,-0.19,-0.07,0.08,-0.50,4.77,8.87,-0.22,0.11,0.08,0.26,-0.15,0.95,0.18,1.71,0.61,R
28.896,25,22,8,255,0,-1.21,-3.10,9.45,0.06,0.00,-0.02,-2.14,-0.07,9.66,0.16,0.01,-0.01,-1.28,0.45,9.76,0.02,-0.07,0.02,-1.04,-0.01,9.90,-0.18,-0.14,0.10,-0.48,4.57,9.16,-0.75,0.33,0.30,0.25,-0.15,0.95,0.00,4.76,1.83,R
28.947,26,8,8,255,0,-1.11,-3.02,9.46,0.12,-0.02,0.00,-1.95,0.26,9.86,0.30,-0.01,0.08,-1.12,-0.03,9.88,-0.24,-0.04,0.12,-0.86,-0.06,9.92,-0.16,-0.05,0.13,-0.80,3.68,9.29,-0.55,0.27,0.32,0.28,-0.13,0.97,0.06,9.34,-0.67,R
28.998,25,8,6,255,0,-1.21,-2.94,9.47,0.21,0.05,0.04,-2.15,0.37,9.75,0.61,0.01,0.01,-0.94,1.23,9.43,0.25,-0.09,0.02,-1.12,-1.13,9.75,0.01,-0.04,0.07,-1.08,3.05,9.48,-0.48,0.20,0.37,0.29,-0.13,0.96,-3.23,13.61,-1.89,R
29.049,25,7,6,255,0,-1.06,-2.70,9.58,0.09,0.04,0.01,-1.94,0.67,9.66,0.24,-0.00,0.01,-1.02,0.64,9.70,0.05,-0.05,0.01,-0.86,-0.27,9.84,-0.02,-0.06,0.07,-0.79,3.31,9.35,0.07,0.08,0.21,0.31,-0.13,0.96,-0.73,5.31,-2.69,R
29.1,26,6,8,255,0,-1.28,-2.59,9.55,0.02,0.06,-0.04,-1.99,0.70,9.70,0.01,0.02,0.01,-1.18,0.32,9.93,-0.03,-0.02,-0.01,-1.01,-0.61,9.90,-0.03,0.01,-0.01,-0.53,4.56,8.93,0.21,0.19,0.30,0.31,-0.12,0.96,0.85,2.81,-1.04,R
29.151,25,7,8,255,0,-1.26,-2.84,9.46,0.00,0.02,0.01,-2.04,0.60,9.68,-0.06,0.03,0.01,-1.11,0.81,9.69,-0.09,-0.00,0.00,-0.96,-0.54,9.84,-0.13,-0.02,0.04,-0.97,2.29,9.69,-0.12,0.13,0.23,0.29,-0.15,0.95,1.83,-0.06,0.92,R
29.202,27,5,6,255,0,-1.23,-2.72,9.52,0.00,0.01,0.00,-2.01,0.58,9.64,-0.04,0.05,0.00,-1.12,0.84,9.71,-0.05,0.04,0.00,-0.91,-0.59,9.87,-0.03,0.03,0.01,-0.72,3.75,9.30,0.15,0.01,-0.06,0.31,-0.13,0.96,0.67,-0.79,0.79,R
29.254,25,8,4,255,0,-1.15,-2.83,9.53,-0.07,0.01,-0.00,-2.06,0.33,9.67,-0.12,0.05,-0.00,-1.27,0.74,9.76,-0.10,0.03,0.00,-0.91,-0.55,9.84,-0.10,-0.03,0.05,-0.80,3.63,9.28,0.18,-0.01,-0.05,0.29,-0.15,0.96,1.10,-1.40,0.49,R
29.304,27,11,8,255,0,-1.19,-2.78,9.51,-0.02,0.01,-0.02,-2.03,0.61,9.67,-0.04,0.05,-0.01,-1.09,0.68,9.73,-0.08,0.03,-0.00,-0.88,-0.71,9.87,-0.02,0.03,0.01,-0.66,3.97,9.22,0.10,-0.01,-0.07,0.30,-0.14,0.95,-0.06,-1.34,0.43,R
29.356,26,11,6,255,0,-1.18,-2.88,9.50,-0.05,-0.01,-0.03,-2.07,0.51,9.66,-0.05,0.04,-0.01,-1.18,0.68,9.80,-0.03,0.05,-0.02,-0.92,-0.43,9.87,0.07,0.05,-0.04,-0.72,3.95,9.19,0.06,0.02,-0.05,0.30,-0.14,0.96,-0.43,0.24,0.92,R
29.407,26,8,9,255,0,-1.15,-3.03,9.48,-0.04,0.02,-0.02,-2.14,0.38,9.60,-0.03,0.03,0.00,-1.19,0.83,9.72,0.08,-0.03,-0.03,-0.92,-0.59,9.87,-0.02,-0.01,0.01,-0.69,3.81,9.25,-0.04,0.03,0.00,0.29,-0.14,0.96,-1.10,-0.06,-0.12,R
29.457,26,9,8,255,0,-1.17,-2.88,9.52,-0.00,0.02,-0.01,-2.07,0.37,9.65,-0.02,0.01,0.00,-1.25,0.73,9.74,0.03,-0.01,-0.01,-0.89,-0.61,9.83,0.03,0.01,0.00,-0.69,3.87,9.24,-0.04,0.05,0.03,0.29,-0.14,0.96,-2.99,0.92,-0.98,R
29.508,23,7,8,255,0,-1.19,-2.94,9.50,0.02,0.01,-0.03,-2.03,0.45,9.67,0.04,0.01,0.00,-1.14,0.83,9.70,0.01,-0.00,0.00,-0.92,-0.59,9.83,0.03,0.02,0.00,-0.79,3.73,9.28,-0.05,0.06,0.02,0.30,-0.13,0.95,0.06,1.65,-0.85,R
29.559,31,9,6,255,0,-1.31,-2.72,9.50,-0.02,0.01,-0.01,-2.15,0.49,9.62,0.01,0.04,0.01,-1.23,0.75,9.68,-0.02,0.02,0.00,-0.96,-0.61,9.81,0.03,0.04,0.00,-0.74,3.72,9.28,-0.00,0.05,0.02,0.29,-0.13,0.96,-0.12,1.04,0.18,R
29.61,25,9,6,255,0,-1.16,-2.95,9.50,0.01,0.01,-0.00,-2.04,0.45,9.61,-0.00,0.02,0.00,-1.13,0.82,9.69,-0.02,0.02,-0.00,-0.97,-0.58,9.87,0.06,0.09,-0.03,-0.81,3.77,9.27,-0.01,0.05,-0.01,0.31,-0.13,0.95,0.18,0.37,0.24,R
29.661,24,10,10,255,0,-1.23,-2.94,9.50,-0.00,0.02,-0.01,-2.14,0.48,9.60,-0.02,0.04,-0.00,-1.21,0.84,9.74,-0.03,0.01,-0.00,-0.98,-0.52,9.85,0.03,0.06,-0.02,-0.79,3.88,9.26,0.02,0.02,-0.02,0.30,-0.13,0.96,0.12,0.00,0.61,R
29.712,25,9,9,255,0,-1.22,-2.91,9.52,-0.03,0.02,-0.01,-2.07,0.45,9.65,-0.04,0.04,-0.01,-1.18,0.86,9.74,-0.03,0.01,-0.00,-0.97,-0.50,9.83,0.03,0.04,-0.01,-0.78,3.80,9.25,0.01,0.03,-0.01,0.29,-0.13,0.95,0.43,0.31,0.61,R
29.763,25,10,6,255,0,-1.21,-2.83,9.56,0.02,0.01,-0.01,-2.11,0.51,9.67,0.02,0.04,-0.01,-1.18,0.90,9.72,-0.01,0.01,-0.00,-1.00,-0.47,9.87,0.04,0.05,-0.01,-0.76,3.81,9.26,0.00,0.04,0.00,0.30,-0.13,0.95,-0.18,1.46,0.43,R
29.814,25,7,8,255,0,-1.24,-2.48,9.62,0.04,0.00,-0.06,-2.10,0.48,9.73,0.01,0.03,-0.01,-1.14,0.88,9.72,0.10,0.00,-0.04,-1.07,-0.43,9.76,0.06,0.05,-0.03,-0.79,3.81,9.21,-0.05,0.06,0.01,0.30,-0.13,0.95,-2.01,1.71,0.18,R
29.866,25,8,4,255,0,-1.17,-2.88,9.52,0.02,0.01,0.00,-2.12,0.54,9.65,0.04,0.03,-0.00,-1.05,0.84,9.78,0.01,0.00,-0.01,-1.10,-0.30,9.80,0.09,0.11,-0.02,-0.72,3.77,9.25,0.01,0.05,0.01,0.31,-0.13,0.96,-0.06,2.38,0.55,R
29.916,25,8,6,255,0,-1.14,-2.88,9.48,-0.01,0.02,-0.00,-2.07,0.42,9.67,-0.01,0.06,-0.01,-1.22,0.98,9.74,-0.00,0.03,-0.01,-1.13,-0.35,9.82,0.03,0.07,-0.01,-0.87,3.71,9.24,0.01,0.05,0.01,0.30,-0.13,0.95,-0.49,1.53,0.37,R
29.967,26,9,8,255,0,-1.25,-2.98,9.47,0.04,0.02,0.00,-2.15,0.57,9.55,0.05,0.04,0.01,-1.16,0.99,9.72,-0.01,0.01,0.01,-1.09,-0.35,9.78,0.02,0.04,0.01,-0.81,3.66,9.26,0.03,0.05,0.02,0.32,-0.12,0.96,-0.06,2.75,0.06,R
30.019,25,9,8,255,0,-1.16,-3.01,9.46,-0.03,0.01,0.00,-2.17,0.47,9.64,-0.03,0.05,-0.00,-1.24,0.93,9.70,-0.04,0.03,-0.00,-1.14,-0.33,9.84,0.01,0.05,-0.01,-0.87,3.83,9.25,0.03,0.03,-0.01,0.31,-0.13,0.95,0.12,0.24,0.85,R
30.069,26,9,10,255,0,-1.26,-2.89,9.50,0.01,0.01,0.00,-2.16,0.55,9.66,0.01,0.04,0.00,-1.18,0.84,9.73,-0.04,0.00,0.01,-1.16,-0.36,9.80,0.00,0.02,0.00,-0.82,3.83,9.24,0.03,0.03,0.00,0.31,-0.12,0.96,-0.43,1.04,0.24,R
30.12,25,8,9,255,0,-1.20,-2.96,9.48,0.02,0.01,0.00,-2.15,0.48,9.64,0.01,0.04,0.00,-1.21,0.89,9.68,0.00,0.01,-0.00,-1.20,-0.32,9.81,0.03,0.03,-0.00,-0.90,3.84,9.27,0.02,0.03,0.01,0.31,-0.12,0.95,0.31,1.10,0.61,R
30.171,22,8,9,255,0,-1.15,-2.91,9.48,0.01,0.01,0.01,-2.15,0.54,9.63,0.02,0.04,0.01,-1.24,0.88,9.77,-0.00,0.01,0.00,-1.19,-0.28,9.81,0.04,0.05,-0.01,-0.82,3.85,9.23,-0.00,0.03,0.02,0.31,-0.12,0.95,0.00,1.77,0.43,R
30.222,25,11,11,255,0,-1.20,-2.93,9.50,0.01,0.01,0.00,-2.19,0.59,9.66,0.01,0.02,0.00,-1.24,0.87,9.77,-0.01,0.00,0.00,-1.21,-0.24,9.82,0.06,0.06,-0.02,-0.89,3.85,9.22,0.01,0.02,0.01,0.31,-0.13,0.95,0.73,1.95,-0.06,R
30.273,25,9,13,255,0,-1.21,-2.83,9.56,0.02,0.01,0.01,-2.12,0.59,9.68,0.03,0.02,0.01,-1.22,0.94,9.67,0.01,-0.00,0.00,-1.18,-0.27,9.87,0.05,0.02,0.00,-0.84,3.82,9.20,0.02,0.02,0.02,0.32,-0.12,0.95,0.43,1.53,-0.43,R
30.324,25,9,11,255,0,-1.20,-2.60,9.54,0.04,0.02,-0.06,-2.12,0.60,9.70,0.03,0.02,-0.00,-1.19,1.02,9.69,-0.01,0.00,-0.00,-1.18,-0.26,9.85,0.02,0.02,-0.00,-0.87,3.79,9.24,0.03,0.03,0.01,0.32,-0.12,0.95,0.00,1.28,-0.43,R
30.375,23,9,9,255,0,-1.26,-2.91,9.50,0.00,0.01,-0.00,-2.17,0.56,9.61,0.02,0.05,0.01,-1.24,1.01,9.67,0.00,-0.01,0.01,-1.17,-0.16,9.80,0.02,0.03,-0.00,-0.88,3.73,9.28,-0.00,0.03,0.01,0.32,-0.12,0.95,-2.62,0.98,-0.73,R
30.426,23,9,6,255,0,-1.17,-3.02,9.45,-0.00,0.02,-0.04,-2.17,0.66,9.66,-0.00,0.02,0.00,-1.18,0.94,9.73,-0.04,0.00,0.00,-1.17,-0.22,9.70,-0.01,0.04,-0.01,-0.82,3.79,9.21,-0.01,0.03,0.01,0.32,-0.12,0.95,0.85,1.04,-0.18,R
30.477,25,9,9,255,0,-1.20,-2.90,9.50,0.00,0.01,-0.00,-2.15,0.61,9.58,0.02,0.04,0.00,-1.21,1.01,9.71,-0.01,0.01,-0.00,-1.24,-0.15,9.84,0.00,0.03,0.00,-0.76,3.83,9.17,0.02,0.03,0.02,0.32,-0.12,0.95,0.06,0.98,-0.18,R
30.528,25,12,10,255,0,-1.20,-2.76,9.52,-0.00,0.03,-0.02,-2.18,0.66,9.62,0.02,0.04,0.00,-1.26,1.03,9.69,-0.01,0.02,-0.01,-1.23,-0.26,9.83,0.02,0.03,-0.00,-0.83,3.85,9.18,0.04,0.03,0.01,0.32,-0.12,0.95,-0.06,0.98,0.24,R
30.579,23,10,17,255,0,-1.21,-2.98,9.49,-0.04,0.01,0.01,-2.18,0.54,9.60,-0.02,0.02,0.00,-1.18,0.90,9.73,-0.05,0.00,0.00,-1.27,-0.21,9.80,-0.00,0.04,-0.01,-0.84,3.85,9.29,0.01,0.03,0.01,0.32,-0.12,0.95,0.92,0.43,0.37,R
30.63,25,9,11,255,0,-1.23,-2.92,9.56,0.01,0.01,0.00,-2.16,0.57,9.64,0.00,0.03,0.01,-1.18,0.99,9.73,-0.02,0.02,0.01,-1.22,-0.19,9.81,0.02,0.05,0.00,-0.84,3.80,9.25,0.06,0.03,0.01,0.32,-0.12,0.95,0.00,1.53,0.06,R
30.681,25,10,11,255,0,-1.17,-2.86,9.49,0.02,0.01,-0.00,-2.13,0.58,9.61,-0.00,0.02,0.00,-1.24,1.02,9.65,-0.05,0.00,0.01,-1.32,-0.28,9.89,-0.01,0.05,0.00,-0.85,3.86,9.23,0.03,0.04,0.00,0.32,-0.12,0.95,0.67,0.67,0.06,R
30.733,24,10,11,255,0,-1.12,-3.19,9.43,-0.01,0.01,-0.06,-2.17,0.59,9.63,0.01,0.05,0.01,-1.24,1.02,9.74,-0.02,0.03,0.01,-1.24,-0.08,9.82,0.01,0.05,-0.00,-0.86,3.84,9.23,0.02,0.03,0.01,0.32,-0.12,0.95,-0.43,0.92,-0.24,R
30.783,25,11,9,255,0,-1.22,-2.76,9.53,0.00,0.02,-0.02,-2.20,0.60,9.67,-0.00,0.03,-0.00,-1.26,0.95,9.72,-0.02,0.01,0.00,-1.30,-0.23,9.76,0.01,0.04,-0.00,-0.88,3.89,9.22,0.03,0.03,0.01,0.32,-0.12,0.95,-1.89,0.67,-0.43,R
30.834,25,9,10,255,0,-1.21,-2.93,9.53,-0.01,0.01,-0.02,-2.16,0.65,9.65,0.02,0.05,0.00,-1.21,0.93,9.73,0.00,0.04,-0.00,-1.32,-0.13,9.81,0.02,0.04,0.01,-0.85,3.86,9.19,0.08,0.04,-0.00,0.32,-0.12,0.95,-0.43,1.40,0.31,R
30.885,26,11,11,255,0,-1.24,-2.85,9.57,-0.02,0.01,0.00,-2.24,0.67,9.60,0.02,0.06,0.01,-1.24,1.04,9.70,-0.00,0.04,0.00,-1.33,-0.16,9.76,0.03,0.04,0.01,-0.88,3.91,9.24,0.05,0.04,0.01,0.32,-0.12,0.95,-0.24,1.40,0.24,R
30.936,24,10,18,255,0,-1.19,-3.03,9.46,-0.00,0.02,0.00,-2.29,0.69,9.59,0.05,0.08,0.02,-1.26,1.01,9.70,0.06,0.06,0.01,-1.34,-0.06,9.83,0.07,0.04,0.02,-0.87,3.94,9.18,0.11,0.03,0.01,0.33,-0.11,0.95,-1.46,2.62,0.00,R
30.987,22,11,10,255,0,-1.13,-3.15,9.42,-0.07,0.02,-0.03,-2.34,0.71,9.64,0.10,0.11,0.03,-3.42,-0.17,9.90,0.18,0.31,0.30,-1.72,-1.75,9.68,-0.01,0.05,0.04,-0.84,3.91,9.09,0.19,0.03,0.02,0.32,-0.12,0.96,-6.59,5.62,-0.73,R
31.038,23,11,12,255,0,-1.19,-3.68,9.29,0.09,0.01,-0.05,-2.44,0.52,9.49,0.18,0.54,0.20,-1.64,1.28,9.68,0.46,0.37,0.05,-1.08,0.78,9.35,0.27,0.17,0.20,-1.02,4.21,9.06,0.53,0.09,0.13,0.32,-0.13,0.93,-19.23,21.55,-3.54,R
31.089,25,15,15,255,0,-1.12,-3.07,9.51,-0.22,0.11,-0.43,-2.42,0.87,9.45,0.40,0.95,0.18,-1.80,1.11,9.22,0.45,1.01,0.23,-1.83,0.01,9.46,0.46,0.45,0.21,-0.96,4.68,8.83,0.59,0.24,0.18,0.36,-0.12,0.94,-38.64,16.78,-3.54,R
31.14,25,35,25,255,1,-1.26,-3.62,9.28,-0.40,0.25,-0.77,-4.26,2.04,10.77,0.36,0.64,0.09,-2.03,1.89,8.94,0.73,1.00,0.18,-2.11,0.20,10.31,0.62,0.65,0.36,-1.10,4.83,8.73,0.88,0.71,0.52,0.41,-0.07,0.93,-45.10,6.90,-10.62,R
31.191,23,43,36,255,12,-1.45,-2.47,9.73,-0.57,0.07,-0.46,-2.54,0.97,7.52,-0.14,-0.31,0.22,-2.23,2.55,9.51,0.32,0.97,0.01,-2.00,1.31,9.09,0.44,0.64,0.25,-1.08,5.30,8.39,0.51,0.59,0.35,0.36,0.00,0.94,-34.85,-3.17,0.06,R
31.242,22,46,43,255,28,-1.15,-3.39,9.40,-0.52,0.08,-0.34,-1.01,1.47,8.26,-0.14,0.21,-0.10,-2.85,1.46,9.06,-0.13,0.72,0.07,-2.23,1.35,9.65,0.23,0.55,0.22,-1.33,4.79,8.84,0.33,0.51,0.24,0.38,0.03,0.94,-25.02,-6.41,1.28,R
31.293,21,52,57,255,34,-1.22,-3.28,9.32,-0.43,0.06,-0.28,-2.76,1.62,9.27,0.22,-0.36,-0.23,-2.81,2.08,9.22,-0.03,0.18,-0.02,-2.24,1.18,9.57,0.07,0.12,0.02,-1.17,5.18,8.58,0.06,0.16,0.07,0.32,0.08,0.96,-8.42,-8.54,1.34,R
31.344,20,52,58,255,36,-1.09,-4.30,9.07,-0.04,0.02,0.00,-2.86,0.95,8.89,-0.07,0.07,0.08,-3.26,2.17,9.06,-0.05,0.03,0.00,-2.64,1.40,9.47,-0.02,0.07,0.01,-1.40,5.50,8.28,0.04,0.06,0.01,0.35,0.02,0.95,-0.55,2.44,2.62,R
31.395,19,51,56,255,38,-1.03,-4.16,9.08,-0.12,0.00,-0.04,-2.72,0.96,9.78,0.00,0.21,-0.06,-3.20,2.11,8.98,-0.08,-0.03,-0.01,-2.54,1.19,9.41,-0.07,0.02,0.00,-1.45,5.37,8.30,-0.01,0.05,0.02,0.34,0.04,0.95,0.43,-2.32,4.15,R
31.446,16,53,55,255,36,-1.06,-4.15,9.02,-0.13,0.02,-0.01,-2.98,1.32,9.08,0.05,-0.00,-0.07,-3.21,1.98,9.05,-0.05,-0.01,0.00,-2.64,1.23,9.49,-0.02,0.03,0.00,-1.42,5.41,8.26,0.01,0.04,-0.00,0.35,0.03,0.95,0.12,0.49,3.11,R
31.498,17,55,53,255,36,-1.03,-4.21,8.97,-0.07,0.01,-0.00,-3.16,0.78,9.19,-0.02,0.30,-0.07,-3.20,1.94,9.08,-0.09,-0.04,0.01,-2.59,1.24,9.45,-0.01,0.01,0.01,-1.34,5.48,8.27,0.04,0.03,0.01,0.36,0.03,0.95,0.98,0.73,0.18,R
31.548,18,58,54,255,36,-1.07,-4.19,9.00,-0.04,0.01,-0.03,-3.33,1.24,8.73,0.02,0.44,-0.10,-3.24,2.03,9.03,-0.09,-0.04,-0.01,-2.59,1.24,9.41,-0.04,0.01,0.01,-1.46,5.41,8.21,0.03,0.03,0.02,0.35,0.03,0.95,0.73,0.06,-0.18,R
31.599,14,59,50,255,36,-1.03,-4.35,8.93,-0.10,0.03,-0.01,-3.11,1.44,8.69,0.02,-0.00,-0.02,-3.18,2.00,9.04,0.00,0.01,-0.01,-2.61,1.30,9.39,0.02,0.02,0.01,-1.40,5.45,8.28,0.03,0.04,0.01,0.34,0.04,0.94,-2.99,-1.10,1.65,R
31.65,15,62,50,255,38,-1.15,-4.27,8.97,-0.06,0.01,-0.03,-3.38,1.06,8.89,0.06,0.29,-0.14,-3.15,2.04,9.07,-0.10,-0.05,-0.00,-2.49,1.32,9.46,-0.05,-0.01,0.00,-1.34,5.44,8.28,-0.01,0.04,0.01,0.35,0.04,0.95,-0.06,-1.28,0.85,R
31.702,14,63,51,255,35,-0.96,-4.41,8.98,-0.08,0.03,-0.00,-3.45,0.71,9.16,0.01,-0.05,0.02,-3.16,1.97,9.10,-0.01,0.02,-0.01,-2.61,1.23,9.40,0.01,0.05,0.00,-1.39,5.45,8.26,0.04,0.04,-0.00,0.36,0.03,0.95,-2.01,-0.85,1.77,R
31.752,12,67,51,255,36,-1.08,-4.38,8.95,-0.02,0.01,-0.02,-3.61,1.46,9.17,0.04,0.16,-0.08,-3.19,2.04,9.04,-0.03,0.00,0.00,-2.60,1.30,9.40,-0.01,0.01,0.01,-1.47,5.42,8.26,0.03,0.06,0.03,0.36,0.03,0.95,-0.92,-1.77,1.46,R
31.803,15,70,53,255,35,-1.06,-4.36,8.89,-0.13,0.00,-0.03,-3.72,1.21,10.02,-0.01,-0.08,-0.01,-3.09,1.89,9.15,-0.07,0.01,-0.02,-2.63,1.17,9.42,-0.01,0.04,-0.01,-1.37,5.49,8.27,-0.02,0.04,-0.03,0.34,0.04,0.95,-0.06,-2.75,3.78,R
31.854,12,69,48,255,36,-1.07,-4.51,8.84,-0.01,0.02,0.02,-3.25,0.77,8.55,-0.03,0.15,0.04,-3.21,1.95,9.01,-0.02,0.09,0.00,-2.71,1.29,9.38,0.04,0.06,0.02,-1.51,5.51,8.20,0.05,0.04,0.00,0.36,0.04,0.94,-1.71,1.83,2.81,R
31.905,15,75,56,255,37,-1.05,-4.31,8.95,-0.07,0.02,-0.02,-3.71,1.46,9.64,0.05,0.20,-0.07,-3.18,2.01,9.01,-0.06,0.07,0.00,-2.56,1.31,9.43,0.02,0.05,0.01,-1.43,5.47,8.24,0.02,0.04,-0.01,0.34,0.05,0.95,-1.83,-1.16,2.69,R
31.957,13,80,56,255,37,-0.95,-4.72,9.13,-0.16,0.07,0.04,-3.76,0.93,9.73,0.12,-0.12,-0.05,-3.36,2.01,9.13,0.04,0.09,0.00,-2.59,1.35,9.45,0.08,0.05,0.01,-1.42,5.48,8.16,0.03,0.04,-0.00,0.36,0.05,0.95,-1.40,-0.61,2.56,R
32.008,13,88,61,255,36,-0.98,-4.71,8.83,-0.03,0.01,-0.01,-3.38,1.70,8.51,0.04,0.05,-0.05,-3.32,2.01,9.03,-0.01,0.09,-0.01,-2.69,1.37,9.35,0.02,0.06,0.01,-1.49,5.53,8.20,0.02,0.05,0.00,0.35,0.05,0.95,-0.73,-0.06,1.71,R
32.058,13,91,62,255,38,-1.09,-4.50,8.81,-0.02,0.01,-0.02,-3.99,1.12,9.41,0.00,0.34,-0.07,-3.39,1.98,9.00,-0.02,0.10,0.00,-2.60,1.36,9.37,0.03,0.05,0.02,-1.44,5.43,8.22,0.05,0.05,0.02,0.35,0.05,0.95,-2.93,-1.16,0.79,R
32.109,11,93,60,255,36,-1.02,-4.61,8.85,-0.10,0.04,0.02,-3.33,1.11,8.35,-0.03,0.00,0.05,-3.40,1.98,8.98,-0.08,0.02,0.00,-2.69,1.37,9.32,-0.02,0.03,0.01,-1.48,5.51,8.22,0.03,0.02,0.00,0.35,0.06,0.94,2.20,1.04,0.49,R
32.16,12,92,62,255,38,-1.09,-4.82,9.37,-0.05,0.01,0.01,-2.49,1.40,8.74,-0.00,0.23,-0.09,-3.44,2.09,8.98,-0.08,0.01,0.00,-2.77,1.37,9.38,-0.03,0.02,-0.00,-1.45,5.53,8.20,0.02,0.04,-0.01,0.35,0.05,0.95,0.73,0.31,0.06,R
32.211,12,93,60,255,39,-1.14,-4.61,8.87,-0.01,0.03,-0.01,-4.28,1.41,9.99,-0.01,0.11,-0.03,-3.44,2.02,9.05,-0.03,0.02,0.00,-2.73,1.30,9.38,-0.01,0.03,0.01,-1.47,5.48,8.18,0.04,0.02,-0.01,0.34,0.05,0.95,0.73,-0.43,0.06,R
32.262,11,94,61,255,37,-1.06,-4.63,8.84,-0.00,0.03,-0.01,-3.71,1.11,8.53,-0.04,0.28,-0.06,-3.40,1.94,9.04,-0.09,-0.01,0.00,-2.73,1.30,9.41,-0.03,0.01,0.00,-1.58,5.56,8.17,-0.00,0.03,-0.00,0.35,0.04,0.95,1.71,0.43,-0.37,R
32.313,11,94,58,255,37,-1.20,-4.30,8.97,-0.03,0.03,-0.02,-4.48,1.48,9.74,0.05,0.29,-0.09,-3.40,1.96,8.99,-0.05,0.02,0.00,-2.74,1.33,9.38,-0.01,0.03,-0.00,-1.54,5.54,8.13,0.01,0.03,-0.00,0.34,0.05,0.95,-0.12,-1.53,0.37,R
32.364,12,98,60,255,37,-1.08,-4.84,8.73,-0.02,0.03,0.01,-4.18,1.01,9.08,0.12,0.02,0.03,-3.39,1.92,8.96,0.04,0.05,0.01,-2.74,1.40,9.38,0.03,0.04,0.01,-1.47,5.61,8.15,0.02,0.03,-0.01,0.35,0.06,0.95,-1.40,-0.43,0.00,R
32.415,11,115,62,255,36,0.70,-2.39,8.16,-0.17,0.16,-0.57,-5.20,1.27,9.65,0.21,1.12,0.04,-3.45,2.08,8.91,0.05,0.12,0.01,-2.87,1.52,9.47,0.06,0.05,0.01,-1.48,5.55,8.11,0.02,0.03,0.01,0.35,0.06,0.94,-1.34,-1.34,1.65,R
32.466,12,139,68,255,38,-1.25,-4.87,8.65,-0.02,0.18,0.01,-5.08,1.27,8.68,0.38,0.76,-0.09,-3.56,2.06,8.87,0.09,0.20,0.04,-2.76,1.31,9.36,0.15,0.07,0.04,-1.44,5.59,8.11,0.12,0.02,0.01,0.35,0.06,0.96,-0.55,-0.18,-0.49,R
32.517,14,186,78,255,39,-1.58,-5.26,8.70,-0.06,0.34,0.07,-12.24,1.42,15.79,1.06,2.18,0.07,-4.02,2.04,8.76,0.18,0.64,0.16,-2.79,1.49,9.34,0.44,0.06,0.07,-1.40,5.76,8.09,0.22,-0.03,0.03,0.35,0.05,0.96,-2.44,1.34,-0.06,R
32.568,17,203,95,255,38,-1.63,-3.89,8.84,0.21,0.00,0.13,-3.88,3.16,3.70,-0.66,0.42,1.33,-5.19,4.01,8.08,0.53,0.34,0.07,-3.09,3.34,9.41,0.38,-0.07,-0.05,-1.52,6.09,7.92,0.04,-0.08,-0.02,0.40,0.09,0.91,0.73,5.55,1.28,R
32.619,17,219,99,255,37,-1.13,-4.86,8.76,-0.17,0.02,0.08,-4.99,1.38,6.75,0.62,1.60,0.37,-6.16,1.32,8.66,0.64,0.86,0.31,-2.78,0.70,9.15,-0.01,0.05,0.10,-1.38,5.60,8.06,0.11,-0.02,0.02,0.31,0.07,0.94,-8.30,1.10,1.40,R
32.67,15,228,107,255,38,-1.53,-4.93,8.71,0.22,0.06,0.03,-4.95,3.88,5.33,0.32,0.99,0.25,-4.91,2.57,8.40,0.08,0.21,0.11,-2.89,1.77,9.21,-0.10,-0.04,0.02,-1.31,6.00,7.83,-0.12,-0.01,-0.02,0.35,0.08,0.93,-0.43,0.98,-0.49,R
32.721,15,230,106,255,36,-1.29,-5.10,8.62,-0.01,-0.05,0.01,-9.48,2.55,7.05,0.14,2.09,0.04,-5.25,2.77,8.16,0.07,-0.01,-0.06,-3.01,1.82,9.39,0.06,-0.03,-0.05,-1.44,5.74,8.01,-0.03,-0.00,-0.01,0.35,0.05,0.95,2.56,-0.55,0.00,R
32.772,17,235,107,255,36,-1.46,-4.76,8.70,0.06,0.03,0.03,-6.22,2.73,4.69,0.50,1.17,0.04,-1.46,2.36,9.23,0.16,0.13,0.09,-3.12,1.57,9.47,0.02,0.05,0.04,-1.32,5.75,8.00,0.07,0.01,0.02,0.35,0.08,0.94,-1.22,3.36,-1.46,R
32.823,15,238,107,255,36,-1.41,-4.54,8.74,-0.07,-0.03,-0.01,-8.41,2.43,4.98,0.26,1.38,-0.18,-4.12,3.06,8.56,-0.04,-0.08,-0.06,-2.77,1.84,9.46,-0.13,-0.01,-0.03,-1.45,5.69,8.05,-0.08,0.02,-0.03,0.36,0.06,0.95,3.91,-2.08,0.31,R
32.875,15,238,103,255,36,-1.50,-4.79,8.86,0.05,0.05,0.01,-7.54,2.83,4.53,0.36,1.36,0.06,-4.11,2.92,8.28,0.14,0.04,0.01,-2.88,1.96,9.20,0.17,0.01,0.02,-1.41,5.79,8.03,0.06,0.01,0.02,0.34,0.07,0.94,-3.85,2.87,-0.37,R
32.926,18,240,100,255,36,-1.38,-4.54,8.74,-0.05,-0.03,-0.02,-7.02,2.96,3.53,0.20,1.32,-0.21,-4.44,3.14,8.27,-0.08,-0.04,-0.07,-2.82,1.52,9.06,-0.26,-0.02,-0.04,-1.46,5.73,8.01,-0.13,0.01,-0.02,0.35,0.07,0.94,3.78,-2.32,1.22,R
32.976,19,241,101,255,36,-1.42,-4.50,8.92,-0.01,0.05,0.00,-10.29,2.55,3.63,0.40,1.36,0.07,-4.07,2.62,8.76,0.10,0.04,0.04,-2.70,1.95,9.18,0.20,0.01,0.06,-1.32,5.75,8.13,0.07,0.02,0.03,0.33,0.07,0.94,-4.52,1.40,-0.73,R
33.027,19,242,101,255,36,-1.58,-4.24,8.87,0.14,0.01,0.01,-7.30,3.20,1.79,-0.02,1.08,0.04,-4.10,3.29,8.35,-0.07,0.03,-0.00,-2.71,1.94,9.27,-0.12,0.00,-0.02,-1.34,5.65,8.08,-0.05,0.03,-0.01,0.37,0.08,0.94,0.92,1.16,0.61,R
33.078,19,239,100,255,36,-1.41,-4.65,8.76,-0.04,0.02,0.00,-8.89,3.11,2.41,0.13,0.69,-0.16,-4.21,2.86,8.30,-0.13,0.00,-0.01,-2.83,1.97,9.24,-0.07,0.01,-0.02,-1.42,5.76,8.03,-0.03,0.02,-0.01,0.35,0.07,0.94,0.79,-0.55,-0.12,R
33.13,19,238,101,255,35,-1.44,-4.63,8.75,-0.07,0.02,-0.02,-8.29,2.72,1.45,0.27,0.42,-0.19,-4.18,2.85,8.40,-0.10,0.04,-0.01,-2.72,1.84,9.19,-0.03,0.03,0.00,-1.43,5.63,8.03,-0.01,0.03,0.01,0.34,0.07,0.94,-0.06,-1.22,0.24,R
33.18,19,238,99,255,36,-1.44,-4.59,8.71,0.01,0.03,0.02,-7.97,3.03,1.59,-0.12,0.12,0.06,-4.10,2.96,8.30,-0.03,0.01,0.01,-2.76,1.93,9.27,-0.05,0.01,-0.00,-1.46,5.71,8.05,0.01,0.03,-0.00,0.36,0.08,0.93,0.61,0.79,0.12,R
33.231,17,235,98,255,36,-1.40,-4.65,8.76,0.00,0.02,-0.00,-7.61,2.23,1.15,0.08,0.64,-0.22,-3.98,3.14,8.39,-0.09,0.05,0.03,-2.83,1.89,9.19,-0.04,0.02,-0.01,-1.43,5.64,7.97,-0.02,0.02,0.01,0.35,0.07,0.94,1.28,-1.40,-0.92,R
33.283,18,234,99,255,36,-1.40,-4.65,8.79,-0.11,0.05,0.02,-8.17,2.69,1.60,0.12,0.04,-0.02,-4.14,2.95,8.30,0.02,0.02,0.02,-2.84,2.00,9.30,0.04,0.01,0.01,-1.44,5.75,8.04,0.01,0.02,0.01,0.35,0.08,0.93,-0.31,0.37,-0.24,R
33.333,17,235,94,255,36,-1.39,-4.83,8.70,-0.05,0.04,-0.00,-8.37,2.95,0.90,0.18,0.25,-0.05,-4.27,2.95,8.27,0.00,0.09,0.01,-2.84,2.04,9.27,0.06,0.07,0.01,-1.43,5.84,7.97,0.06,0.04,-0.01,0.34,0.08,0.95,-2.81,0.79,0.12,R
33.385,18,241,98,255,36,-1.63,-4.41,8.79,0.08,0.06,0.01,-10.15,2.85,1.15,0.12,0.79,-0.12,-4.18,3.07,8.34,-0.06,0.10,0.02,-2.81,2.05,9.21,0.05,0.06,0.01,-1.39,5.83,8.01,0.06,0.02,-0.02,0.36,0.08,0.96,-0.18,1.46,-0.06,R
33.435,19,241,98,255,39,-1.49,-4.71,8.71,0.03,0.06,0.09,-10.15,2.77,0.91,0.08,0.37,0.17,-4.37,3.13,8.30,0.05,0.15,0.01,-2.89,2.04,9.21,0.16,0.11,-0.01,-1.41,6.05,7.97,0.11,0.01,-0.10,0.39,0.09,0.99,4.03,1.53,-2.14,R
33.488,21,241,99,255,36,-2.34,-4.69,8.60,0.03,0.06,0.45,-10.42,2.74,0.26,-0.33,1.03,0.31,-4.42,3.46,8.28,-0.07,0.22,0.03,-2.96,1.95,9.45,-0.11,0.22,0.10,-1.58,5.26,8.18,0.24,0.35,0.11,0.33,0.07,1.14,30.88,-0.92,-0.37,R
33.537,21,243,99,255,35,-2.85,-6.17,8.53,-0.09,0.13,1.27,-7.29,2.13,-1.21,0.17,0.88,-0.53,-5.88,3.29,7.28,-0.04,0.73,0.15,-4.21,4.58,9.83,-0.07,0.81,0.29,-1.86,5.42,7.20,0.98,1.80,-0.28,0.40,0.01,1.13,82.89,15.01,-17.88,R
33.588,10,238,98,255,38,-3.24,-5.11,8.26,-0.92,1.32,1.89,-15.53,3.89,-1.06,-0.29,0.88,-0.26,-6.76,2.63,7.33,-0.21,1.85,-0.18,-3.67,1.32,8.47,-0.17,2.11,0.06,-4.08,6.48,7.68,0.13,2.41,-0.99,0.38,-0.08,0.97,70.43,-30.09,4.58,R
33.64,4,240,117,255,70,-3.81,-6.79,13.35,-0.22,0.61,0.99,-9.13,1.45,-0.92,-0.02,1.14,0.07,-6.98,1.94,6.59,0.79,2.72,-0.11,-5.71,1.69,8.25,0.80,2.34,-0.39,-4.43,6.45,5.84,1.04,1.35,-1.28,0.35,-0.17,0.90,42.54,19.53,3.30,R
33.69,2,240,133,255,78,-3.39,-2.54,7.26,0.50,-0.36,0.37,-11.07,4.65,-1.47,-0.31,0.31,0.37,-8.35,6.47,9.22,0.35,0.80,0.11,-6.73,5.16,11.10,0.26,0.41,0.21,-4.93,9.74,9.75,0.05,0.14,-0.11,0.47,-0.17,0.85,13.73,13.55,16.42,R
33.741,1,239,135,255,74,-2.88,-4.14,7.24,-0.50,-0.13,0.13,-9.57,2.19,-1.10,-0.34,0.05,-0.47,-6.45,1.90,6.45,-0.64,-0.72,0.09,-4.79,1.61,6.30,-0.49,-0.88,0.13,-4.04,4.90,6.21,-0.54,-0.88,0.60,0.35,-0.09,0.88,-15.99,-26.25,21.91,R
33.792,0,237,132,255,71,-3.52,-4.72,8.43,-0.41,-0.04,-0.13,-9.21,2.10,-1.15,0.02,0.12,-0.30,-5.18,1.98,4.31,-0.26,0.05,-0.06,-4.25,1.60,5.48,-0.13,0.20,-0.01,-3.12,4.23,3.52,-0.08,0.05,-0.15,0.28,-0.06,0.92,-9.16,-10.07,8.12,R
33.844,0,238,132,255,69,-3.69,-4.43,8.09,0.26,-0.02,0.22,-7.96,2.81,-1.87,-0.11,0.55,0.20,-6.34,3.60,5.36,0.06,0.66,0.02,-5.15,2.81,6.44,0.06,0.73,0.07,-4.30,5.75,5.96,0.09,0.83,-0.21,0.34,-0.10,0.92,20.02,17.27,9.70,R
33.894,0,238,133,255,70,-3.85,-3.69,8.02,0.45,0.09,0.29,-7.77,1.85,-2.27,0.13,1.21,-0.09,-6.22,1.82,3.57,-0.26,1.31,-0.23,-5.55,1.81,4.50,-0.30,1.61,-0.10,-4.91,5.51,5.09,-0.22,1.54,-0.80,0.41,-0.14,0.96,49.87,16.36,9.70,R
33.946,0,239,133,255,72,-4.46,-3.35,7.79,0.19,0.36,0.64,-13.02,3.75,-1.68,0.36,0.86,-0.20,-7.41,2.44,3.19,-0.66,2.45,-0.73,-7.88,1.20,7.12,-0.94,3.11,-0.31,-6.39,4.88,4.07,-0.96,2.95,-1.02,0.38,-0.18,0.90,63.90,-14.47,3.97,R
33.997,0,239,137,255,80,-4.33,-5.34,8.80,0.37,0.47,1.02,-7.95,3.05,-3.77,-0.36,1.26,0.14,-10.48,3.53,7.13,-0.27,2.02,-0.26,-8.75,3.02,7.53,-0.19,1.99,-0.18,-7.87,6.00,6.47,0.17,2.44,-1.65,0.37,-0.24,0.89,67.69,19.35,11.35,R
34.048,0,236,146,255,86,-4.41,-3.39,7.58,0.03,0.10,0.68,-10.63,2.77,-3.33,0.03,1.49,-0.83,-8.99,1.36,2.64,-0.82,2.57,-0.37,-8.67,1.32,3.10,-0.70,3.30,0.08,-8.09,3.04,2.26,-0.56,3.67,-1.31,0.38,-0.28,0.92,42.60,-6.04,19.35,R
34.099,0,237,160,255,110,-5.08,-3.06,9.07,-0.01,0.21,0.85,-8.88,1.90,-4.16,-0.42,0.70,-0.23,-10.80,1.79,1.79,-0.42,3.80,-0.21,-10.52,1.22,3.57,-0.29,4.68,-0.03,-9.21,3.33,3.42,-0.11,4.51,-1.35,0.30,-0.27,0.90,47.85,13.12,23.44,R
34.149,0,239,178,255,131,-5.04,-3.13,8.25,0.24,-0.34,1.19,-8.26,2.78,-4.26,-0.72,0.96,0.12,-11.78,3.38,2.06,-0.44,3.78,0.13,-10.91,2.51,4.55,-0.11,1.96,-0.09,-10.01,5.40,2.90,0.05,2.83,-0.91,0.39,-0.30,0.86,54.20,24.17,39.00,R
34.2,0,239,188,255,133,-4.30,-3.09,7.89,-0.21,-0.24,1.27,-9.93,2.16,-3.41,-0.86,0.47,-0.19,-7.51,1.51,-1.51,-0.62,2.02,0.18,-8.13,0.46,-3.46,-0.62,2.27,0.27,-7.93,2.64,-4.91,0.03,3.02,-1.17,0.39,-0.26,0.82,29.79,5.25,40.34,R
34.252,0,238,201,255,150,-4.12,-2.54,7.60,0.21,-0.06,1.07,-8.30,1.91,-3.38,-0.84,0.24,0.06,-10.86,2.50,0.92,0.51,5.96,0.06,-10.29,0.88,1.44,0.48,4.83,0.42,-11.59,4.62,3.25,0.36,4.52,-1.27,0.36,-0.23,0.77,51.27,21.42,25.94,R
34.303,0,238,221,255,169,-4.12,-2.81,7.38,0.21,-0.20,1.16,-9.92,2.49,-2.85,-1.37,0.09,0.10,-10.49,2.28,-2.70,-0.10,3.25,0.19,-9.97,0.44,-0.59,0.77,1.04,0.53,-8.75,2.49,-2.03,0.24,0.86,-0.50,0.44,-0.31,0.78,43.46,6.65,36.56,R
34.354,0,238,231,255,163,-4.13,-3.05,7.92,-0.22,-0.16,1.00,-7.82,0.46,-3.52,-0.63,-0.03,-0.14,-6.19,-0.23,-4.74,0.24,3.83,0.16,-7.96,0.23,-4.34,0.63,1.20,-0.16,-8.15,1.23,-4.90,0.16,0.50,-0.47,0.44,-0.36,0.82,24.05,-3.23,19.29,R
34.404,0,238,238,255,162,-5.08,-2.30,8.70,0.02,0.05,0.60,-8.05,3.34,-3.96,-0.39,0.16,0.08,-7.81,3.28,-6.52,-0.03,1.92,0.03,-9.16,2.13,-3.16,0.21,0.80,-0.18,-8.78,2.89,-3.33,-0.01,0.20,-0.43,0.42,-0.36,0.80,29.17,2.44,16.60,R
34.455,0,239,243,255,160,-4.49,-2.38,8.49,0.02,-0.22,0.55,-8.83,3.45,-3.58,-0.45,0.23,0.14,-5.94,2.04,-6.61,-0.15,2.48,-0.01,-9.33,0.91,-2.81,-0.28,1.91,0.12,-8.60,-0.35,-4.00,-0.10,0.47,-0.22,0.48,-0.36,0.79,15.62,6.53,17.64,R
34.506,0,233,245,255,162,-4.75,-1.25,7.78,0.06,-0.02,0.43,-8.31,2.65,-3.98,-0.30,0.28,0.03,-5.20,1.79,-7.41,0.06,1.39,-0.24,-8.86,1.76,-3.45,-0.16,1.47,-0.30,-8.52,1.52,-3.88,-0.04,0.57,-0.47,0.47,-0.36,0.78,25.09,1.71,10.50,R
34.557,0,239,245,255,160,-4.76,-1.45,8.46,0.04,0.05,0.60,-8.10,2.49,-3.85,-0.21,0.44,-0.03,-4.48,1.28,-7.74,-0.07,0.88,-0.32,-7.99,0.73,-4.87,-0.34,1.09,-0.32,-8.72,0.97,-5.26,0.02,1.34,-0.54,0.48,-0.40,0.78,29.97,2.14,8.42,R
34.608,0,238,244,255,165,-5.09,-1.15,7.36,0.07,0.32,0.49,-9.09,2.71,-4.05,-0.31,0.61,-0.11,-3.94,1.64,-8.59,0.12,1.01,-0.57,-8.01,1.04,-5.50,-0.08,1.32,-0.74,-8.47,1.31,-4.95,0.00,1.33,-0.95,0.45,-0.40,0.76,39.18,-5.25,2.56,R
34.659,0,240,243,255,163,-5.06,-1.53,8.92,0.13,0.23,0.44,-8.34,3.11,-4.47,-0.08,0.60,0.01,-4.27,1.45,-8.91,-0.02,0.83,-0.54,-8.54,1.10,-5.32,-0.08,0.72,-0.45,-8.72,0.59,-4.77,-0.02,0.66,-0.78,0.50,-0.46,0.76,35.95,5.68,3.05,R
34.71,0,239,237,255,159,-5.32,-0.64,7.51,0.02,0.29,0.47,-6.96,3.13,-5.11,-0.24,0.65,-0.18,-3.53,1.60,-8.58,-0.14,0.15,-0.76,-7.44,0.76,-6.11,-0.02,-0.06,-0.69,-7.67,0.29,-5.57,-0.27,0.02,-0.99,0.51,-0.46,0.73,35.46,-6.29,2.75,R
34.761,0,238,233,255,153,-5.27,-0.57,8.55,0.03,0.43,0.54,-6.34,2.37,-5.05,-0.15,1.31,-0.30,-1.22,0.91,-9.47,-0.09,0.81,-1.01,-7.61,0.80,-6.83,0.33,0.45,-0.78,-7.48,-0.28,-6.26,-0.31,0.19,-1.07,0.49,-0.47,0.70,42.91,-0.98,1.53,R
34.813,0,238,228,255,145,-5.54,0.81,7.94,0.09,0.37,0.50,-8.31,4.45,-5.77,0.06,1.17,-0.38,-5.48,2.14,-8.67,-0.01,0.39,-0.96,-8.13,1.79,-5.46,0.03,0.08,-0.90,-7.67,0.87,-5.57,-0.41,-0.09,-1.19,0.48,-0.48,0.68,41.50,-5.80,4.46,R
34.863,0,237,225,255,133,-5.48,-0.74,8.81,0.11,0.27,0.67,-6.29,3.15,-6.25,-0.15,1.70,-0.40,-2.47,1.30,-9.25,-0.38,0.53,-0.58,-6.87,-0.24,-7.27,-0.09,0.06,-0.55,-7.98,-0.65,-6.93,-0.56,0.47,-1.04,0.47,-0.51,0.66,42.91,6.59,12.39,R
34.915,0,235,220,255,116,-5.70,-0.62,7.13,0.21,0.16,0.64,-5.83,2.88,-7.07,-0.25,2.00,-0.71,-1.85,0.43,-9.87,-0.12,1.49,-0.89,-7.59,-1.04,-6.42,-0.27,0.77,-0.83,-7.59,-1.23,-5.54,-0.51,1.13,-1.08,0.49,-0.55,0.66,41.20,4.46,4.76,R
34.965,0,233,219,255,96,-5.82,-0.73,8.22,0.25,0.26,0.55,-7.70,3.38,-7.09,-0.15,0.91,-0.51,-4.07,1.71,-8.96,-0.12,0.89,-0.42,-8.39,0.78,-5.20,-0.30,0.29,-0.73,-6.95,-0.59,-6.55,-0.56,1.02,-0.87,0.49,-0.57,0.63,36.99,5.92,3.85,R
35.017,0,228,213,255,81,-5.68,0.29,8.16,0.24,0.25,0.22,-6.21,3.03,-7.49,-0.29,0.93,-0.49,-1.90,1.59,-9.94,0.01,0.91,-0.28,-6.53,-0.83,-8.59,-0.07,0.91,-0.57,-6.27,-1.14,-7.14,-0.25,1.48,-0.64,0.51,-0.58,0.59,27.40,9.16,1.89,R
35.067,0,226,206,255,78,-6.02,0.69,7.39,0.35,0.18,0.22,-5.81,2.81,-7.27,-0.37,0.35,-0.05,-1.79,1.78,-8.92,-0.28,0.62,-0.21,-6.82,-1.13,-6.49,-0.36,1.88,-0.53,-5.75,-1.24,-6.85,-0.32,1.64,-0.58,0.47,-0.57,0.57,35.10,14.04,0.55,R
35.118,0,222,201,255,80,-5.96,1.02,7.12,0.45,0.22,0.36,-4.30,1.14,-8.30,-0.31,0.67,0.20,-0.79,0.38,-10.00,-0.18,0.85,-0.10,-6.16,-2.23,-7.75,-0.04,1.21,-0.35,-5.56,-1.95,-7.73,-0.09,1.17,-0.52,0.53,-0.64,0.54,42.54,16.24,-3.66,R
35.169,0,223,193,255,80,-5.81,0.75,6.82,0.47,0.54,0.27,-4.59,2.96,-7.30,0.26,0.78,-0.51,2.42,0.34,-9.31,0.34,0.01,-0.09,-5.04,-0.87,-7.13,0.28,1.45,-0.54,-4.51,-3.18,-7.84,0.11,1.31,-0.52,0.53,-0.61,0.48,40.04,12.57,-16.48,R
35.22,0,221,191,255,80,-6.87,1.62,6.78,0.32,0.80,0.12,-3.34,1.76,-9.89,0.54,0.70,-0.29,-2.38,0.39,-9.60,0.29,0.22,-0.06,-5.50,-2.55,-8.15,0.49,0.70,-0.53,-4.69,-2.03,-8.60,0.61,0.71,-0.67,0.51,-0.73,0.51,39.73,3.36,-26.12,R
35.272,0,219,186,255,80,-6.30,0.99,7.63,0.37,0.77,0.08,-5.16,2.47,-7.69,0.41,0.69,-0.08,-0.57,2.13,-9.59,0.25,0.56,-0.04,-4.30,-0.51,-8.43,0.32,0.58,-0.37,-3.70,-2.19,-9.34,0.15,0.87,-0.35,0.46,-0.71,0.47,43.64,6.96,-21.85,R
35.322,0,215,182,255,80,-7.68,1.71,6.26,0.42,0.70,0.04,-4.55,1.00,-9.05,0.44,0.29,0.13,-1.03,-0.14,-9.86,0.27,-0.14,0.05,-4.80,-2.38,-8.48,0.45,0.89,-0.36,-3.47,-2.33,-9.35,0.41,1.06,-0.43,0.49,-0.76,0.46,33.63,11.05,-25.76,R
35.374,0,214,176,255,83,-7.56,0.84,6.52,0.30,0.79,-0.15,-3.70,2.03,-9.74,0.38,0.59,0.06,-0.79,0.98,-10.90,0.26,-0.14,-0.06,-4.28,-2.70,-9.80,0.09,0.87,-0.41,-3.29,-3.05,-10.05,0.52,1.70,-0.28,0.47,-0.80,0.45,38.21,8.12,-27.34,R
35.425,0,210,166,255,97,-7.89,2.57,7.42,0.37,0.74,0.04,-4.78,3.30,-8.80,0.04,0.56,0.13,-0.36,1.92,-9.30,0.63,0.05,-0.07,-3.47,-1.81,-8.64,-0.25,0.82,-0.29,-1.75,-1.64,-10.09,-0.01,1.27,-0.33,0.54,-0.75,0.37,42.85,15.44,-8.24,R
35.475,0,209,161,255,104,-8.26,2.90,5.92,0.29,0.52,0.37,-4.05,1.48,-9.63,-0.19,0.59,0.15,-1.12,0.25,-10.90,-0.10,0.16,-0.14,-3.70,-2.83,-10.01,-0.09,0.62,-0.32,-1.78,-3.03,-10.18,-0.20,1.24,-0.38,0.54,-0.85,0.39,39.06,9.03,-4.33,R
35.526,0,209,154,255,111,-7.42,2.97,6.47,0.22,0.55,0.24,-4.17,3.11,-8.48,-0.25,0.84,0.02,-1.36,1.84,-9.31,-0.26,0.62,-0.27,-3.08,-0.33,-9.46,-0.07,0.70,-0.38,-1.01,-2.08,-8.72,-0.02,1.27,-0.35,0.55,-0.77,0.31,44.43,4.64,1.04,R
35.577,0,208,151,255,117,-8.60,3.13,5.68,0.11,0.47,0.47,-3.68,1.29,-9.57,-0.40,0.58,0.02,-0.69,-0.15,-10.54,-0.25,0.53,-0.21,-3.25,-3.27,-9.40,-0.11,0.59,-0.30,-1.16,-3.00,-8.91,0.14,1.01,-0.42,0.48,-0.87,0.35,35.89,2.32,2.26,R
35.628,0,206,147,255,124,-7.57,1.96,5.22,0.05,0.32,0.75,-4.02,1.73,-8.42,-0.14,0.55,-0.07,-1.27,0.34,-9.33,0.08,0.31,-0.20,-3.11,-2.54,-9.03,0.02,0.19,-0.19,-0.61,-3.41,-9.47,0.26,0.19,-0.22,0.52,-0.87,0.30,25.33,-8.12,-9.40,R
35.68,0,206,150,255,122,-8.55,2.03,5.17,0.02,0.39,0.18,-3.13,1.91,-9.67,0.22,0.55,-0.27,-0.24,0.56,-10.38,0.26,0.41,-0.21,-2.35,-3.27,-10.80,0.28,0.45,-0.23,-0.40,-3.05,-9.25,0.35,0.44,-0.21,0.46,-0.88,0.32,14.16,-6.10,-15.26,R
35.73,0,205,147,255,123,-8.42,2.30,6.45,0.06,0.14,0.26,-3.25,3.00,-9.74,0.06,0.19,-0.07,-0.43,1.42,-10.33,-0.04,0.08,-0.06,-2.42,-2.26,-9.63,-0.04,0.01,-0.01,0.20,-2.86,-9.79,0.02,0.13,-0.06,0.45,-0.87,0.29,10.07,-0.12,-2.32,R
35.782,0,206,144,255,123,-7.80,2.86,4.69,0.06,-0.03,0.14,-1.91,2.18,-9.56,-0.04,0.27,-0.04,0.26,0.41,-9.86,-0.06,0.16,-0.04,-1.92,-2.74,-9.40,-0.04,0.10,-0.09,0.41,-3.26,-9.32,0.09,0.14,-0.14,0.49,-0.83,0.26,9.03,0.24,-0.61,R
35.833,0,206,146,255,123,-8.14,2.90,5.65,0.02,0.12,0.21,-2.80,1.26,-9.28,0.52,-0.22,0.28,-0.50,0.63,-9.83,-0.07,-0.02,-0.01,-2.49,-2.09,-8.95,-0.13,-0.06,0.07,-0.24,-2.96,-8.76,-0.06,0.00,0.02,0.45,-0.87,0.27,7.81,0.92,1.40,R
35.883,0,206,148,255,121,-7.84,2.88,4.92,-0.01,-0.02,-0.05,-2.69,1.46,-9.58,0.53,-0.10,0.16,-0.03,-0.05,-10.07,0.16,-0.16,0.12,-1.96,-2.76,-10.18,0.01,-0.29,0.15,0.45,-3.58,-10.19,0.10,0.00,0.05,0.46,-0.87,0.26,-0.31,-0.49,-2.38,R
35.936,0,206,146,255,120,-8.33,3.36,5.22,-0.06,0.20,0.00,-2.40,1.80,-9.72,0.19,0.10,0.03,-1.72,0.73,-10.69,0.12,0.01,-0.01,-2.16,-0.32,-9.01,0.01,-0.01,-0.53,0.41,-2.59,-9.63,0.07,-0.06,-0.06,0.46,-0.86,0.25,0.18,-2.75,-3.48,R
35.986,0,206,146,255,121,-8.03,3.18,5.57,-0.01,-0.04,-0.09,-3.04,1.52,-9.60,0.02,-0.08,0.07,-0.32,0.34,-9.85,-0.07,-0.08,0.08,-2.28,-2.33,-9.42,0.02,-0.08,0.13,0.24,-3.39,-9.32,-0.06,-0.07,0.10,0.47,-0.86,0.26,-5.68,0.37,0.92,R
36.036,0,204,147,255,119,-7.93,3.79,4.58,-0.02,-0.04,-0.20,-2.15,2.32,-9.70,-0.05,-0.07,-0.17,-0.21,0.20,-9.67,0.01,-0.17,0.01,-2.19,-2.72,-9.35,0.08,-0.17,-0.01,0.48,-3.39,-9.80,0.09,-0.17,0.02,0.47,-0.86,0.27,-6.77,-3.97,-2.08,R
36.088,0,204,146,255,120,-8.01,2.62,5.41,-0.05,-0.01,-0.15,-3.00,1.74,-9.52,0.00,-0.18,-0.08,-0.43,0.47,-10.08,0.08,-0.19,0.05,-2.62,-2.10,-9.02,0.12,-0.14,0.10,-0.18,-2.97,-8.91,0.05,-0.16,0.13,0.46,-0.86,0.27,-10.25,-2.93,-4.21,R
36.138,0,205,150,255,121,-8.05,2.66,5.15,-0.06,-0.10,-0.40,-3.31,1.15,-9.51,0.09,-0.11,-0.04,-1.20,-0.39,-9.99,0.13,-0.38,0.09,-3.31,-3.34,-9.39,0.24,-0.52,0.22,-0.94,-3.56,-9.39,0.16,-0.78,0.35,0.55,-0.97,0.26,-19.10,-6.71,-10.31,R
36.189,0,207,150,255,119,-8.41,1.84,5.31,-0.42,0.01,-1.43,-5.91,-0.92,-10.34,1.22,-1.05,-0.36,-3.55,-1.30,-10.80,1.17,-1.39,0.06,-5.64,-3.66,-9.22,1.06,-1.89,0.34,-2.69,-3.69,-10.06,0.60,-2.45,0.73,0.64,-1.11,0.33,-93.08,-57.31,-52.67,R
36.24,0,207,154,255,119,-9.92,1.17,6.60,-1.09,-0.01,-2.25,-5.04,3.04,-11.58,1.59,-1.92,-0.76,-2.08,0.95,-12.16,1.27,-1.99,0.26,-4.41,-1.74,-11.24,0.78,-2.18,0.67,-2.26,-2.78,-10.55,0.21,-2.42,1.10,0.37,-0.95,0.45,-123.23,-60.55,-42.24,R
36.292,0,207,166,255,116,-11.05,2.43,7.58,-0.97,-0.52,-1.97,-6.53,2.60,-10.30,0.31,-2.50,-0.15,-4.09,-0.56,-11.58,0.14,-2.32,0.11,-7.31,-3.02,-9.93,-0.06,-2.35,0.64,-6.02,-1.42,-9.53,-0.64,-2.74,1.10,0.36,-0.92,0.59,-118.84,-43.70,3.54,R
36.343,0,206,168,255,112,-9.36,-1.37,8.91,-1.45,-1.41,-1.44,-7.27,0.15,-10.32,-0.25,-2.75,-0.26,-4.64,1.09,-11.27,-0.61,-2.52,0.31,-6.78,-0.44,-9.47,-0.90,-2.24,1.45,-5.85,-0.04,-9.71,-1.74,-2.26,1.98,0.26,-0.76,0.63,-150.76,-28.14,44.19,R
36.393,0,207,175,255,113,-7.51,-1.75,7.57,-0.97,-2.16,-1.51,-9.95,1.42,-5.10,-0.54,-2.94,0.68,-7.66,-0.64,-6.32,-1.47,-2.97,0.73,-9.18,-0.71,-3.41,-1.38,-2.71,1.80,-6.94,-1.92,-4.41,-1.37,-2.34,2.08,0.26,-0.50,0.64,-164.37,-3.11,52.73,R
36.444,0,206,169,255,113,-5.10,-3.00,5.19,-1.06,-2.24,-1.93,-8.97,-1.46,-5.62,-0.96,-6.95,0.45,-6.89,-0.20,-8.16,-0.97,-4.76,1.01,-8.61,-1.25,-5.94,-1.53,-3.80,2.21,-7.48,0.44,-5.09,-0.98,-3.87,2.11,0.22,-0.29,0.67,-183.29,-9.52,50.72,R
36.496,0,199,160,255,102,-3.76,-6.12,6.43,-0.92,-1.91,-2.43,-6.33,-2.87,-3.70,0.53,-3.63,0.40,-5.46,-2.18,-6.50,0.07,-2.89,1.51,-6.29,-3.37,-7.24,0.65,-2.11,1.93,-5.96,-0.15,-7.47,-1.04,-0.96,2.24,0.17,-0.12,0.71,-196.78,8.91,18.31,R
36.547,0,196,156,255,101,-3.88,-5.60,4.95,-0.37,-1.37,-2.90,-7.63,-1.15,-0.33,1.57,-2.04,0.55,-8.57,-1.75,-3.63,0.69,-2.59,1.86,-8.52,1.06,-0.12,0.84,-0.24,2.08,-8.13,0.46,-0.97,-0.56,-0.07,2.01,0.23,-0.07,0.77,-165.22,26.12,-9.28,R
36.597,0,193,151,255,113,-2.95,-3.07,4.39,-0.54,-0.72,-2.70,-7.30,-0.44,-1.09,0.84,-2.63,-0.03,-9.06,-0.61,-2.56,0.49,-2.59,0.76,-10.56,-0.82,-0.28,0.26,-2.58,0.80,-9.64,1.95,-2.66,-0.20,-3.15,1.16,0.45,-0.03,0.83,-153.75,-35.95,-19.96,R
36.648,0,193,150,255,111,-3.51,-5.05,6.39,-1.40,0.35,-2.06,-7.84,0.41,-0.11,0.84,-2.16,-1.09,-7.32,1.66,-4.14,0.65,-3.06,0.08,-8.96,1.33,-2.41,0.15,-2.99,0.29,-9.04,3.07,-1.88,-0.16,-3.39,1.00,0.28,0.14,0.93,-128.23,-77.64,-23.19,R
36.7,0,195,147,255,116,-2.05,-6.03,7.92,-0.94,0.49,-1.47,-10.69,0.90,3.35,0.37,-3.21,-0.47,-11.35,1.95,-0.02,0.24,-4.05,0.08,-13.22,3.18,3.68,-0.40,-4.80,0.96,-13.50,4.76,4.04,-0.46,-5.18,2.36,0.18,0.16,0.94,-92.29,-58.84,-22.03,R
36.751,0,192,154,255,130,-1.25,-8.57,6.46,-0.74,0.44,-1.37,-8.48,-1.57,4.29,0.17,-2.68,-1.21,-7.61,0.76,0.46,0.18,-4.44,-0.39,-8.05,2.02,1.22,0.48,-5.37,-0.92,-11.83,1.42,-0.06,-0.31,-7.33,1.13,0.09,0.38,0.99,-94.85,-70.25,-21.42,R
36.801,75,0,0,255,10,-1.56,-5.94,4.63,-0.44,0.72,0.08,-4.52,1.15,3.49,-0.38,-2.46,-1.05,-7.09,2.83,4.39,0.04,-4.64,-0.47,-8.15,2.93,3.45,-0.51,-5.08,0.16,-5.44,2.39,-8.24,-0.50,-7.76,0.93,0.06,0.38,0.89,10.93,-40.83,-33.57,R
36.852,3,184,151,255,127,-0.84,-7.82,5.38,-0.26,0.88,0.52,-6.83,-2.49,4.72,-0.55,-1.86,-0.36,-6.47,1.10,1.59,0.27,-3.25,-0.65,-5.63,4.26,2.16,-0.25,-3.33,-0.69,-5.42,9.26,6.68,-0.72,-4.29,0.57,0.16,0.19,0.93,35.58,-39.73,-30.70,R
36.903,6,174,139,255,104,-3.16,-5.65,8.35,0.23,0.19,0.53,-7.88,2.37,5.48,0.07,-1.78,-0.44,-7.24,3.16,5.47,-0.52,-3.29,-0.27,-6.33,2.32,6.75,-0.56,-3.64,-0.18,-2.93,5.23,4.78,-0.36,-5.38,0.60,0.18,0.16,0.92,42.30,-3.05,-22.58,R
36.956,13,165,123,255,66,-2.31,-6.08,4.80,-0.09,0.36,0.84,-6.66,-0.89,6.36,-0.57,-0.81,0.32,-6.43,1.24,5.35,-0.58,-1.85,-0.07,-5.11,1.72,7.65,-1.19,-2.48,0.19,-1.47,6.10,5.60,-1.13,-2.07,1.54,0.10,0.07,0.98,52.31,-19.90,-11.47,R
37.005,22,155,108,255,46,-2.97,-7.86,7.98,0.46,-0.54,1.01,-6.11,-0.22,7.60,-0.03,-2.02,0.46,-7.04,1.58,8.34,-0.09,-2.50,0.22,-4.47,2.16,9.71,-0.56,-2.75,0.23,-1.02,6.24,10.15,-0.30,-2.33,2.13,0.17,-0.00,0.97,43.95,14.40,-4.21,R
37.056,29,145,92,255,36,-2.84,-6.11,5.52,0.18,0.15,0.14,-5.76,-1.46,8.83,-0.12,-1.55,0.05,-5.93,-0.28,9.76,-0.52,-3.29,0.27,-3.93,-1.57,10.01,-0.67,-2.74,-0.27,-1.98,0.98,14.29,-0.77,-1.96,0.45,0.24,-0.06,1.03,28.38,-13.92,-15.08,R
37.108,29,135,77,255,27,-3.34,-7.40,6.51,-0.16,0.81,-0.05,-5.88,-3.23,8.00,-0.49,-1.87,-0.97,-1.72,-1.27,8.34,-0.70,-3.13,-1.43,-2.14,-1.51,9.74,-0.59,-2.20,-1.95,1.50,5.29,6.16,-0.20,-1.41,-2.00,0.18,-0.09,1.12,5.00,-49.68,-40.47,R
37.158,41,120,65,255,27,-1.62,1.54,4.39,1.29,-1.51,-0.79,-4.12,0.73,8.69,0.46,-1.32,-0.43,-1.04,2.19,6.40,0.47,-1.47,-0.19,-0.15,2.47,5.82,0.84,-0.65,-0.31,1.92,7.80,4.55,1.00,0.54,-0.52,-0.14,-0.04,1.09,14.59,66.35,-22.64,R
37.21,47,109,55,255,23,-3.52,-6.24,6.88,1.25,-0.89,-0.35,-3.43,0.32,6.76,0.40,-1.10,0.46,-0.33,3.03,9.15,-0.09,-1.10,-0.02,-0.71,2.08,9.59,-0.18,0.30,0.10,0.66,7.87,9.23,-0.17,0.85,0.11,0.29,-0.10,1.03,12.08,3.85,-8.30,R
37.26,51,98,48,255,21,-2.42,-5.32,8.26,1.17,-0.82,-0.32,-3.65,-0.09,10.30,0.25,-0.43,0.51,-1.35,0.18,9.76,0.08,-0.31,0.26,-0.15,-0.08,7.58,0.02,0.45,0.41,1.07,2.94,5.88,0.33,0.62,0.04,0.09,0.01,0.98,27.53,33.63,-6.04,R
37.311,50,80,41,255,18,-2.07,-5.60,8.38,1.50,-0.70,-0.14,-4.07,-0.88,8.26,0.72,-0.70,0.38,-0.03,0.61,9.56,0.33,0.04,0.11,-0.53,2.11,9.41,0.37,0.79,0.28,1.54,5.66,4.07,0.40,1.85,-0.27,0.23,-0.07,0.97,36.25,39.43,-5.49,R
37.362,54,71,38,255,28,-1.34,-4.80,8.54,1.56,-0.53,-0.25,-3.26,0.50,10.90,0.82,-0.08,0.47,-0.72,0.84,9.19,0.71,0.09,0.39,-0.84,0.26,8.55,0.88,0.87,0.37,-0.74,5.40,9.12,0.96,1.34,-0.50,0.10,-0.06,0.93,34.79,61.77,2.99,R
37.413,49,60,33,255,31,-1.42,-4.02,8.90,1.35,-0.04,-0.09,-3.79,-1.12,9.88,0.58,0.06,0.16,-3.76,1.43,13.32,0.47,0.84,-0.29,-4.00,2.01,13.91,-0.44,1.96,0.05,-0.97,-1.53,-4.64,-1.08,0.95,0.38,0.70,-0.22,1.30,14.53,47.79,-25.57,R
37.464,45,57,28,255,25,-0.60,-3.63,9.29,0.17,0.22,-0.12,-1.23,2.83,6.80,-0.23,0.11,0.04,-0.68,1.20,5.78,-0.24,0.50,0.19,-1.38,0.48,10.60,0.03,-0.06,-0.32,-0.79,5.13,8.75,-0.14,-0.09,-0.21,0.20,-0.04,0.82,-0.18,6.04,4.82,R
37.515,44,53,32,255,24,-1.73,-4.05,9.15,0.40,0.19,-0.54,-6.67,0.90,12.79,0.16,1.85,-0.38,-17.36,13.34,57.67,-1.32,-0.06,-0.48,-2.13,1.28,9.99,-1.02,-0.42,-0.19,-0.62,5.78,7.36,-0.49,-0.16,-0.25,0.33,-0.19,1.03,17.58,-6.77,-9.52,R
37.566,42,45,28,255,23,-1.91,-4.69,8.79,0.02,0.12,-0.14,-3.59,0.81,9.17,0.21,-0.03,-0.12,-2.08,1.37,9.48,-0.53,-0.13,-0.02,-1.76,0.68,9.70,-0.22,-0.09,-0.07,-0.85,5.98,7.92,-0.11,0.04,-0.01,0.22,-0.08,0.89,-2.56,7.63,0.67,R
37.618,42,44,26,255,23,-1.68,-3.73,9.13,0.19,-0.02,-0.05,-3.43,0.82,9.47,0.26,-0.25,0.03,-1.86,0.69,9.63,-0.13,-0.28,0.04,-1.67,0.66,9.65,-0.19,-0.04,0.06,-0.82,5.61,8.23,-0.16,0.07,0.14,0.30,-0.12,0.96,4.27,10.01,0.49,R
37.669,44,41,24,255,21,-1.24,-3.66,9.20,0.01,-0.03,-0.05,-2.91,0.82,9.39,0.06,-0.15,-0.02,-1.49,0.99,9.73,-0.09,-0.16,-0.01,-1.41,0.65,9.78,-0.16,0.00,-0.01,-0.76,5.39,8.26,-0.19,0.05,0.01,0.32,-0.09,0.98,-2.69,3.72,-1.83,R
37.719,45,40,23,255,21,-1.43,-3.50,9.22,0.11,0.03,-0.09,-3.07,0.81,9.39,0.10,-0.01,-0.03,-1.86,1.05,9.65,0.02,-0.06,-0.04,-1.66,0.68,9.72,-0.11,-0.00,-0.03,-0.81,5.43,8.33,-0.16,0.03,0.02,0.32,-0.12,0.94,-0.24,5.00,-1.28,R
37.771,46,40,24,255,22,-1.46,-3.97,9.23,-0.02,0.00,0.02,-2.96,0.63,9.41,0.06,-0.02,-0.02,-1.60,1.03,9.65,0.01,-0.03,-0.03,-1.50,0.62,9.73,-0.03,0.00,-0.01,-0.79,5.31,8.41,-0.09,0.03,0.02,0.28,-0.10,0.96,-0.06,2.32,-0.79,R
37.821,44,37,23,255,21,-1.34,-3.56,9.21,0.09,0.02,-0.02,-3.06,0.77,9.35,0.10,0.00,0.01,-1.66,1.01,9.64,-0.00,-0.03,-0.01,-1.54,0.63,9.73,-0.04,0.00,-0.00,-0.80,5.40,8.43,-0.08,0.04,0.00,0.32,-0.12,0.96,2.75,3.48,-0.79,R
37.873,45,38,23,255,21,-1.38,-3.57,9.25,0.03,0.01,-0.01,-2.95,0.79,9.39,0.07,0.02,0.01,-1.69,1.03,9.65,0.00,-0.03,0.00,-1.57,0.64,9.69,0.00,0.01,0.00,-0.96,5.35,8.40,0.00,0.03,0.00,0.31,-0.12,0.95,0.73,3.97,-1.46,R
37.923,46,38,25,255,21,-1.32,-3.67,9.28,-0.02,-0.00,-0.05,-2.90,0.88,9.44,0.05,-0.02,-0.00,-1.58,1.07,9.64,0.00,-0.03,-0.01,-1.52,0.64,9.76,-0.01,0.01,-0.01,-0.80,5.15,8.52,-0.04,0.02,-0.01,0.31,-0.11,0.96,-0.18,0.73,-1.71,R
37.974,43,38,24,255,21,-1.38,-3.69,9.26,0.01,0.01,-0.02,-2.97,0.88,9.42,0.04,-0.02,0.02,-1.57,1.05,9.69,-0.01,-0.04,0.01,-1.52,0.64,9.75,0.01,0.01,-0.00,-0.81,5.25,8.33,0.01,0.02,0.00,0.31,-0.11,0.95,1.22,2.08,-1.53,R
38.025,45,39,24,255,22,-1.30,-3.64,9.18,0.01,0.01,-0.05,-2.97,0.91,9.35,0.03,0.03,0.00,-1.55,1.05,9.59,0.00,0.01,-0.01,-1.50,0.68,9.75,0.03,0.03,-0.01,-0.88,5.33,8.35,0.00,0.02,-0.01,0.32,-0.12,0.95,-1.10,0.85,-0.79,R
38.076,44,37,23,255,24,-1.33,-3.52,9.28,-0.01,0.01,-0.06,-3.00,0.97,9.37,0.06,0.05,0.02,-1.65,1.15,9.55,0.01,0.01,0.02,-1.49,0.87,9.72,0.03,0.02,0.00,-0.70,5.33,8.42,0.06,-0.00,-0.02,0.33,-0.11,0.96,-0.49,1.40,-2.08,R
38.127,44,40,23,255,22,-1.29,-3.61,9.25,-0.00,0.04,-0.02,-2.94,0.92,9.33,0.04,0.04,0.00,-1.70,1.14,9.61,0.02,0.02,0.01,-1.54,0.72,9.76,0.05,0.02,0.01,-0.76,5.28,9.09,0.35,-0.25,-0.10,0.32,-0.12,0.95,0.06,0.61,-1.71,R
38.179,44,38,23,255,26,-1.09,-3.65,9.15,-0.06,0.08,-0.08,-3.08,1.08,9.38,0.04,0.06,0.04,-1.61,1.17,9.63,0.01,0.01,0.04,-1.63,0.92,9.70,0.21,-0.04,-0.01,-0.92,4.56,10.64,0.72,-1.08,-0.53,0.34,-0.10,0.96,-5.49,-2.75,-5.86,R
38.23,42,39,23,255,20,-1.26,-3.89,9.15,-0.00,0.10,-0.12,-2.91,0.95,9.37,0.01,0.01,0.00,-1.64,1.22,9.57,-0.01,0.02,0.05,-1.43,1.35,9.76,0.15,-0.00,-0.02,-0.12,5.29,7.02,-0.68,-1.33,0.19,0.31,-0.10,0.97,-5.31,-5.25,-3.97,R
38.28,40,38,21,255,6,-1.22,-3.65,9.22,-0.04,0.13,-0.10,-2.86,0.99,9.41,-0.00,0.04,0.03,-1.53,1.40,9.59,0.03,-0.01,0.08,-1.35,1.55,9.65,0.60,0.08,-0.14,1.18,6.98,4.71,-0.17,-2.89,-0.87,0.33,-0.11,0.96,-3.30,-9.40,-4.58,R
38.331,38,40,20,255,0,-1.36,-3.84,9.15,-0.05,0.11,-0.15,-3.01,0.89,9.39,-0.21,0.04,-0.05,-1.48,1.06,9.56,-0.12,0.08,0.08,-1.21,1.34,9.53,0.29,0.17,-0.14,1.34,4.75,6.81,-0.46,-1.21,-1.39,0.30,-0.09,0.98,-7.02,-10.50,-3.97,R
38.382,38,38,18,255,0,-1.32,-3.82,9.10,0.06,0.07,-0.06,-2.94,0.76,9.11,-0.14,-0.01,-0.08,-1.68,0.50,9.52,-0.22,0.06,0.01,-1.44,1.78,9.60,-0.12,0.05,0.07,1.25,5.36,3.52,-0.39,0.34,-1.01,0.28,-0.09,0.95,-1.59,0.92,-2.75,R
38.433,38,37,19,255,0,-1.58,-3.65,9.18,0.03,-0.04,0.00,-3.03,0.81,9.33,-0.08,0.01,-0.06,-1.37,1.19,9.53,-0.09,0.04,-0.00,-1.72,1.23,9.65,0.04,-0.17,0.13,-1.25,3.31,8.23,-0.11,2.88,-2.07,0.24,-0.11,0.94,2.87,4.58,1.28,R
38.484,33,39,17,255,0,-1.45,-3.39,9.19,0.02,-0.18,0.00,-2.80,1.55,9.52,-0.12,0.01,-0.05,-1.54,0.27,9.80,-0.23,0.00,-0.01,-1.22,1.54,9.60,-0.04,-0.01,-0.02,-0.56,5.51,9.29,-0.73,-0.01,0.13,0.33,-0.08,0.95,-2.01,-11.29,2.50,R
38.536,37,37,16,255,0,-1.26,-3.72,9.20,-0.06,-0.02,-0.04,-3.01,0.53,9.38,-0.18,0.04,-0.06,-1.71,0.95,9.65,-0.12,0.01,-0.02,-1.51,1.25,9.73,-0.07,0.01,-0.01,-0.37,4.68,8.76,-0.28,0.04,0.02,0.27,-0.12,0.97,0.55,-2.99,1.16,R
38.586,38,39,16,255,0,-1.31,-3.69,9.17,-0.01,-0.00,-0.02,-2.98,0.56,9.40,-0.04,0.03,-0.01,-1.65,0.99,9.62,-0.05,0.01,-0.01,-1.53,1.19,9.62,-0.04,0.01,-0.00,-0.54,4.71,8.68,-0.13,0.09,0.01,0.27,-0.10,0.96,0.49,-0.31,0.31,R
38.637,38,39,16,255,0,-1.34,-3.76,9.19,0.00,-0.01,-0.01,-2.96,0.60,9.38,0.00,0.04,-0.02,-1.66,1.08,9.63,-0.02,0.02,-0.02,-1.50,1.15,9.64,-0.05,0.02,-0.01,-0.46,4.75,8.79,-0.08,0.10,0.00,0.28,-0.10,0.96,-0.55,-0.24,0.92,R
38.688,36,40,16,255,0,-1.27,-3.84,9.25,-0.02,-0.02,-0.02,-3.03,0.53,9.44,-0.00,0.02,-0.00,-1.65,1.10,9.61,-0.03,-0.00,-0.01,-1.51,1.19,9.68,-0.04,0.00,0.00,-0.46,4.53,8.88,-0.07,0.06,0.01,0.29,-0.09,0.97,1.53,-0.49,0.37,R
38.739,39,40,16,255,0,-1.28,-3.68,9.24,-0.01,0.02,-0.01,-2.99,0.59,9.47,-0.02,0.01,-0.00,-1.67,0.94,9.62,-0.01,0.01,0.00,-1.52,1.12,9.72,-0.00,0.02,0.00,-0.55,4.45,8.94,-0.04,0.06,0.01,0.28,-0.10,0.96,-0.61,0.67,0.12,R
38.79,38,40,15,255,0,-1.27,-3.79,9.19,0.01,-0.01,-0.00,-3.03,0.54,9.38,-0.00,-0.02,0.01,-1.64,0.92,9.62,-0.04,-0.03,0.01,-1.50,1.09,9.66,-0.03,0.00,0.00,-0.53,4.24,9.02,-0.09,0.07,0.02,0.29,-0.09,0.97,0.55,-0.06,0.06,R
38.841,40,39,16,255,0,-1.29,-3.72,9.17,-0.02,-0.01,-0.00,-2.93,0.62,9.39,-0.05,0.02,-0.01,-1.62,0.97,9.66,-0.03,0.02,-0.01,-1.47,1.15,9.68,0.04,0.02,-0.03,-0.58,4.47,8.97,-0.04,0.06,-0.02,0.29,-0.10,0.96,-0.67,-0.49,0.85,R
38.892,39,40,13,255,0,-1.27,-3.84,9.22,-0.01,0.00,-0.02,-3.01,0.55,9.37,-0.03,0.02,0.00,-1.65,0.95,9.58,-0.02,-0.00,-0.00,-1.53,1.20,9.71,-0.01,0.00,-0.01,-0.55,4.39,8.92,-0.06,0.06,0.00,0.28,-0.09,0.96,0.43,-0.37,0.73,R
38.943,39,39,15,255,0,-1.32,-3.66,9.22,-0.01,0.00,-0.01,-2.98,0.57,9.39,-0.02,0.03,-0.01,-1.72,0.98,9.65,-0.01,0.02,-0.01,-1.51,1.11,9.59,0.00,0.01,-0.01,-0.62,4.31,9.03,-0.07,0.06,-0.00,0.29,-0.09,0.96,-1.04,-0.85,0.67,R
38.994,39,39,12,255,0,-1.20,-3.82,9.17,-0.02,0.01,-0.01,-3.01,0.58,9.39,-0.03,0.03,-0.01,-1.70,1.03,9.63,-0.01,0.01,-0.01,-1.48,1.23,9.70,0.04,-0.02,-0.02,-0.46,4.33,9.00,0.00,0.04,-0.02,0.29,-0.09,0.96,-0.61,-0.85,0.24,R
39.045,39,39,15,255,0,-1.22,-3.82,9.22,-0.02,0.01,-0.01,-3.03,0.45,9.39,-0.04,0.02,-0.00,-1.68,0.96,9.62,-0.03,0.01,-0.01,-1.45,1.18,9.67,0.01,0.01,-0.01,-0.60,4.41,8.98,0.01,0.04,-0.01,0.28,-0.10,0.97,0.31,0.00,0.67,R
39.096,39,41,15,255,0,-1.23,-3.82,9.18,0.01,0.00,-0.01,-2.99,0.58,9.39,-0.01,-0.01,0.01,-1.69,1.14,9.61,-0.03,-0.01,0.00,-1.50,1.18,9.70,-0.03,0.01,0.00,-0.57,4.27,8.98,0.01,0.03,-0.01,0.29,-0.09,0.97,0.79,0.31,0.31,R
39.147,38,39,15,255,0,-1.24,-3.74,9.17,0.00,0.02,-0.01,-2.97,0.59,9.37,-0.03,0.02,-0.01,-1.71,1.03,9.59,-0.04,-0.00,-0.00,-1.43,1.06,9.65,-0.01,0.01,-0.00,-0.55,4.49,8.96,0.02,0.02,-0.01,0.28,-0.09,0.97,0.31,-0.06,0.49,R
39.198,37,32,15,255,0,-1.28,-3.67,9.22,-0.00,0.01,-0.01,-3.00,0.60,9.42,-0.02,-0.01,-0.00,-1.76,0.98,9.64,-0.06,-0.02,0.00,-1.43,1.07,9.69,-0.02,-0.00,0.00,-0.52,4.41,8.94,-0.01,0.02,-0.01,0.29,-0.09,0.96,1.59,-0.24,0.37,R
39.249,37,40,17,255,0,-1.17,-3.75,9.19,0.01,0.02,-0.01,-2.94,0.54,9.44,-0.01,0.03,-0.01,-1.67,0.99,9.68,-0.02,0.01,-0.01,-1.51,1.22,9.64,-0.01,0.01,-0.00,-0.63,4.27,9.07,-0.02,0.04,-0.00,0.28,-0.10,0.96,0.24,0.92,0.49,R
39.3,37,39,16,255,0,-1.33,-3.75,9.19,0.03,0.01,-0.00,-2.97,0.60,9.39,0.01,0.02,0.01,-1.74,1.01,9.61,-0.05,-0.00,0.01,-1.44,1.17,9.68,-0.02,0.01,0.00,-0.56,4.29,9.08,0.01,0.03,-0.01,0.29,-0.09,0.96,0.31,0.31,0.37,R
39.351,38,38,15,255,0,-1.31,-3.70,9.25,0.01,0.01,-0.01,-2.94,0.73,9.43,0.01,0.00,0.00,-1.69,1.00,9.62,-0.05,-0.01,0.00,-1.45,1.13,9.67,-0.02,0.01,0.00,-0.61,4.24,8.99,0.04,0.02,-0.01,0.28,-0.09,0.97,0.61,0.12,0.61,R
39.402,39,39,13,255,0,-1.14,-3.77,9.18,0.01,0.01,0.00,-2.91,0.48,9.42,-0.02,0.03,0.00,-1.73,1.03,9.58,-0.00,0.01,-0.00,-1.52,1.21,9.63,-0.02,0.01,-0.00,-0.65,4.45,9.00,-0.01,0.02,-0.00,0.29,-0.09,0.96,0.73,0.24,0.12,R
39.453,38,38,13,255,0,-1.21,-3.85,9.22,0.01,0.01,-0.00,-2.87,0.36,9.39,-0.02,0.01,0.01,-1.65,0.89,9.57,-0.02,-0.01,0.01,-1.47,1.19,9.71,0.01,0.02,-0.00,-0.63,4.34,8.99,-0.00,0.04,0.01,0.29,-0.10,0.96,0.43,0.79,0.12,R
39.504,38,39,13,255,0,-1.29,-3.77,9.21,0.01,0.01,-0.01,-2.95,0.51,9.46,0.03,0.01,0.01,-1.58,1.05,9.61,-0.00,0.00,0.01,-1.40,1.14,9.69,0.01,0.01,0.01,-0.62,4.33,9.04,-0.01,0.03,0.01,0.29,-0.09,0.97,0.43,0.73,-0.37,R
39.555,39,39,17,255,0,-1.25,-3.73,9.23,-0.00,0.01,-0.00,-2.96,0.55,9.39,-0.00,-0.00,-0.00,-1.67,0.93,9.65,-0.02,-0.02,0.00,-1.47,1.11,9.65,0.00,0.01,0.00,-0.54,4.30,9.02,0.00,0.02,0.00,0.29,-0.09,0.97,0.61,0.55,-0.06,R
39.606,39,39,15,255,0,-1.23,-3.77,9.17,-0.01,0.00,-0.00,-2.50,0.52,9.07,0.02,-0.06,-0.00,-1.62,1.09,9.61,-0.00,-0.00,0.00,-1.46,1.22,9.70,0.01,0.02,0.00,-0.62,4.41,8.99,-0.01,0.02,0.00,0.29,-0.09,0.96,0.06,0.24,0.06,R
39.657,39,38,16,255,0,-1.26,-3.80,9.23,0.01,0.01,-0.01,-2.93,0.49,9.42,0.00,0.02,0.00,-1.69,1.07,9.62,-0.01,0.01,-0.01,-1.47,1.26,9.68,-0.01,0.02,0.01,-0.67,4.19,9.03,-0.01,0.04,0.00,0.29,-0.09,0.96,-3.23,0.37,-0.49,R
39.708,36,37,12,255,0,-1.19,-3.80,9.22,-0.02,0.01,-0.01,-2.88,0.61,9.44,-0.03,0.02,-0.01,-1.63,1.03,9.61,-0.05,0.00,-0.00,-1.44,1.17,9.70,-0.01,0.02,-0.01,-0.62,4.28,9.00,-0.01,0.04,-0.01,0.28,-0.09,0.96,0.79,-0.43,0.73,R
39.759,37,39,15,255,0,-1.24,-3.73,9.20,-0.00,0.01,-0.00,-2.93,0.60,9.39,-0.00,0.04,0.00,-1.65,1.01,9.66,-0.00,0.02,-0.00,-1.50,1.21,9.67,-0.01,0.03,0.00,-0.59,4.27,9.01,-0.04,0.05,-0.00,0.29,-0.09,0.96,0.12,0.49,0.55,R
39.81,39,39,17,255,0,-1.26,-3.67,9.21,-0.03,0.02,-0.02,-2.91,0.60,9.47,-0.02,0.02,-0.01,-1.65,1.11,9.66,-0.04,0.01,-0.01,-1.45,1.21,9.73,-0.02,0.01,-0.00,-0.69,4.30,9.00,0.01,0.03,-0.01,0.30,-0.08,0.97,-1.77,-0.79,-0.55,R
39.861,39,38,17,255,0,-1.16,-3.84,9.17,-0.01,0.04,-0.01,-2.91,0.46,9.50,-0.01,0.05,-0.01,-1.74,0.97,9.58,-0.01,0.01,-0.01,-1.52,1.20,9.69,0.01,0.02,-0.00,-0.63,4.29,9.05,-0.01,0.04,0.00,0.28,-0.09,0.96,0.49,0.12,-0.12,R
39.912,38,37,16,255,0,-1.24,-3.79,9.17,-0.00,0.02,-0.01,-2.94,0.59,9.43,0.03,0.03,0.01,-1.69,1.06,9.64,-0.01,0.01,0.00,-1.50,1.17,9.70,0.01,0.02,0.00,-0.63,4.22,9.05,-0.00,0.04,0.00,0.29,-0.08,0.97,-0.73,0.55,-0.73,R
39.963,38,38,16,255,0,-1.20,-3.84,9.20,-0.01,0.04,-0.02,-2.94,0.56,9.42,-0.01,0.04,-0.00,-1.67,0.99,9.65,-0.02,0.01,-0.01,-1.51,1.20,9.73,0.00,0.02,-0.01,-0.63,4.30,9.02,-0.01,0.02,0.00,0.29,-0.09,0.96,-1.34,-0.37,-1.04,R
40.014,39,38,16,255,0,-1.27,-3.80,9.17,0.00,0.02,-0.02,-2.94,0.59,9.44,-0.02,0.01,0.00,-1.70,1.04,9.64,-0.04,0.00,0.00,-1.53,1.15,9.68,-0.01,0.01,0.00,-0.56,4.24,9.05,0.01,0.02,-0.00,0.29,-0.08,0.97,1.04,0.00,-0.43,R
40.065,38,37,16,255,0,-1.28,-3.85,9.17,-0.00,0.02,-0.01,-2.96,0.52,9.42,-0.00,0.03,-0.00,-1.70,1.10,9.62,-0.02,0.01,0.00,-1.46,1.23,9.70,-0.01,0.01,0.00,-0.70,4.33,9.11,-0.01,0.02,-0.01,0.29,-0.08,0.97,0.73,-0.55,0.00,R
40.116,36,38,15,255,0,-1.27,-3.85,9.13,-0.03,0.01,-0.03,-2.96,0.48,9.48,-0.11,-0.02,0.01,-1.72,1.09,9.63,-0.08,-0.01,0.01,-1.52,1.19,9.68,-0.03,0.01,0.00,-0.77,4.09,9.19,-0.02,0.02,-0.01,0.28,-0.08,0.97,2.87,-0.98,0.18,R
40.168,31,35,15,255,0,-1.22,-4.07,9.09,-0.04,0.00,-0.03,-3.41,0.56,9.31,-0.26,-0.17,-0.01,-1.66,0.92,9.68,-0.01,-0.01,0.01,-1.47,1.25,9.71,0.05,0.01,-0.02,-0.62,4.21,9.08,0.01,-0.01,-0.04,0.29,-0.09,0.98,2.32,-1.22,-0.43,R
40.218,32,33,15,255,0,-1.04,-3.94,9.07,0.06,-0.06,-0.05,-3.38,1.24,10.01,-0.35,-0.26,0.04,-1.61,0.90,9.79,0.12,-0.00,-0.07,-1.48,0.12,9.26,0.18,-0.04,-0.04,-0.76,4.49,8.99,0.06,-0.04,-0.12,0.28,-0.09,0.98,3.05,-1.89,0.92,R
40.269,28,30,12,255,0,3.17,-2.29,8.79,0.16,-0.44,1.12,-3.68,-2.37,12.25,-0.21,-0.60,0.80,-1.69,0.55,9.62,0.08,-0.04,-0.07,-1.55,1.12,9.69,0.07,-0.04,-0.08,-0.70,4.14,9.02,-0.01,-0.02,-0.08,0.27,-0.11,0.95,3.78,-5.98,2.20,R
40.32,21,25,12,255,0,-1.26,-3.51,9.33,0.24,-0.24,0.10,-1.94,2.23,8.11,0.05,-1.59,0.35,-1.35,0.07,8.90,0.05,0.12,-0.03,-1.80,-0.47,9.82,-0.13,0.03,-0.02,-0.69,3.99,9.09,-0.03,-0.01,-0.08,0.29,-0.08,0.97,2.75,0.61,3.42,R
40.371,16,19,12,255,0,-0.82,-3.33,9.36,0.31,-0.24,0.04,-0.53,0.42,6.48,-0.03,0.31,0.17,-1.59,1.26,9.62,-0.23,-0.05,-0.03,-2.22,0.41,11.31,0.22,0.04,-0.14,-0.66,4.30,8.95,-0.09,-0.01,-0.05,0.29,-0.07,0.96,5.55,-0.92,1.89,R
40.422,12,16,8,255,0,-0.54,-3.37,9.22,0.06,-0.02,0.06,-1.60,-0.81,5.45,-0.23,2.52,-0.26,-1.39,0.53,10.02,-0.71,-0.10,0.01,-1.40,1.28,9.58,-0.33,0.04,-0.02,-0.78,4.23,9.09,-0.12,0.00,-0.03,0.28,-0.11,0.95,2.38,-2.01,-1.16,R
40.473,15,10,10,255,0,-0.70,-3.71,9.28,0.20,0.01,-0.03,-1.82,0.02,10.12,0.31,-0.06,-0.00,-1.69,0.86,9.67,-0.22,-0.01,0.05,-1.80,1.02,9.58,-0.08,0.10,0.00,-0.60,4.42,9.03,-0.00,0.02,0.00,0.29,-0.09,0.95,-1.22,1.46,-0.85,R
40.524,12,6,6,255,0,-0.79,-3.66,9.28,-0.10,0.03,0.01,-2.57,0.40,9.67,0.04,0.09,0.04,-1.57,0.65,9.78,-0.14,0.03,0.05,-1.53,1.14,9.73,0.02,0.04,0.00,-0.62,4.19,9.05,0.06,0.02,0.00,0.27,-0.09,0.96,-2.75,-0.55,1.53,R
40.575,14,7,6,255,0,-0.82,-3.44,9.33,-0.09,0.06,0.02,-2.41,0.41,9.58,0.15,0.07,0.02,-1.50,0.59,9.70,-0.03,-0.01,0.01,-1.49,1.25,9.65,-0.01,0.02,0.00,-0.71,4.13,9.03,-0.06,0.04,0.00,0.27,-0.09,0.97,0.00,-1.46,0.43,R
40.626,15,4,6,255,0,-0.94,-3.43,9.34,-0.03,0.04,-0.02,-2.41,0.50,9.54,0.13,0.03,0.03,-1.60,0.61,9.68,-0.03,-0.02,0.01,-1.48,1.29,9.72,-0.02,0.00,0.01,-0.61,4.12,9.15,-0.04,0.03,0.01,0.28,-0.09,0.96,0.92,-1.65,-0.06,R
40.677,16,6,9,255,0,-1.02,-3.47,9.29,-0.09,0.02,-0.01,-2.40,0.61,9.55,0.07,0.00,-0.01,-1.59,0.41,9.75,0.06,-0.01,-0.02,-1.49,1.13,9.68,0.01,0.01,0.01,-0.65,4.10,9.08,-0.01,0.03,0.02,0.27,-0.09,0.97,2.26,-3.97,-0.43,R
40.728,15,7,11,255,0,-0.94,-3.55,9.29,-0.10,0.04,-0.01,-2.60,1.04,9.60,0.14,-0.03,-0.01,-0.30,0.40,9.72,0.14,-0.10,0.01,-1.57,0.45,9.87,-0.04,0.00,0.04,-0.63,3.96,9.07,-0.03,0.03,0.03,0.27,-0.10,0.98,5.31,-5.49,-0.85,R
40.779,15,9,15,255,0,-0.99,-3.67,9.28,-0.07,0.08,0.00,-2.39,0.67,9.55,0.11,0.01,0.02,-1.28,1.23,9.39,0.32,-0.13,-0.00,-1.52,1.39,9.67,0.03,-0.01,0.03,-0.65,4.00,9.12,0.04,0.03,0.04,0.27,-0.10,0.98,7.02,-5.80,-2.93,R
40.83,17,8,21,255,0,-1.09,-3.40,9.33,0.03,0.08,-0.02,-2.36,1.22,9.69,-0.16,0.03,-0.05,-1.74,-0.79,14.37,-0.09,-1.30,0.70,-1.28,0.99,9.71,0.26,0.05,-0.02,-0.71,3.73,9.27,0.09,0.03,0.01,0.28,-0.10,0.96,0.37,0.43,2.01,R
40.882,16,9,16,255,0,-1.23,-3.64,9.29,0.04,0.10,0.00,-2.38,-0.17,9.72,0.13,0.06,-0.52,0.04,0.36,5.62,0.55,-1.32,-0.64,-1.48,1.81,9.56,0.63,-0.06,-0.08,-0.58,4.15,9.07,0.07,0.02,0.00,0.28,-0.09,0.97,-1.10,-1.59,0.37,R
40.932,17,8,12,255,0,-0.92,-3.62,9.32,-0.04,0.04,-0.01,-2.44,0.18,9.81,-0.33,0.09,-0.26,0.18,-0.45,9.56,0.42,-1.15,-0.66,-1.34,1.63,9.56,0.42,-0.08,-0.04,-0.61,4.08,9.16,0.05,0.04,-0.02,0.28,-0.10,0.97,-0.49,-1.53,1.65,R
40.983,19,11,6,255,0,-1.15,-3.68,9.27,0.02,0.04,0.01,-2.42,1.84,9.45,-0.04,-0.00,-0.17,-0.91,4.01,8.65,0.11,-0.08,-0.34,-1.59,2.31,9.64,0.15,-0.14,-0.06,-0.74,4.22,9.07,-0.07,0.02,-0.03,0.29,-0.09,0.97,1.65,0.18,0.85,R
41.034,17,9,9,255,0,-0.95,-3.76,9.18,-0.06,0.01,-0.02,-2.48,0.53,9.60,-0.11,-0.04,0.00,0.27,1.62,9.80,-0.08,0.28,-0.09,-1.35,1.85,9.55,-0.00,-0.13,-0.06,-0.76,4.18,9.02,-0.08,0.01,-0.05,0.26,-0.10,0.97,1.22,-0.79,1.16,R
41.086,17,9,10,255,0,-1.07,-3.68,9.26,-0.07,-0.02,-0.03,-2.39,0.63,9.50,-0.04,-0.14,-0.03,-0.00,1.95,2.74,-0.32,1.98,-0.62,-1.19,2.50,9.45,-0.22,-0.17,-0.08,-0.64,4.33,9.05,-0.18,0.00,-0.10,0.27,-0.08,0.98,1.89,-2.50,1.83,R
41.136,19,9,11,255,0,-0.77,-4.42,9.11,0.05,-0.11,-0.06,-2.57,0.37,10.18,-0.73,0.49,-0.07,-3.62,6.00,28.92,0.44,-0.25,-0.22,-0.95,1.94,9.54,0.05,-0.18,-0.08,-0.47,4.13,8.96,-0.24,0.01,-0.09,0.24,-0.09,0.95,-5.68,-0.24,6.47,R
41.188,20,8,4,255,0,-1.07,-3.44,9.25,0.00,0.02,-0.05,-2.44,0.23,9.87,-0.05,0.06,-0.08,-0.97,1.19,9.74,0.03,-0.01,-0.08,-1.26,1.72,9.70,0.03,-0.02,-0.05,-0.65,3.96,9.09,-0.07,0.01,-0.03,0.26,-0.10,0.97,-1.10,1.83,2.50,R
41.239,19,9,2,255,0,-0.97,-3.84,9.15,-0.02,0.00,-0.01,-2.38,0.23,9.68,-0.01,0.04,-0.03,-1.00,1.69,9.67,0.00,-0.01,-0.04,-1.22,1.79,9.61,-0.04,-0.01,-0.01,-0.69,3.98,9.15,-0.02,0.02,-0.01,0.27,-0.09,0.98,0.67,0.67,1.16,R
41.289,17,7,1,255,0,-0.92,-3.91,9.17,0.01,0.00,-0.01,-2.43,0.25,9.61,0.04,0.02,-0.00,-0.97,1.64,9.64,-0.14,0.03,0.04,-1.22,1.77,9.64,-0.08,0.05,0.02,-0.75,3.92,9.23,0.02,0.03,-0.00,0.27,-0.09,0.97,-0.24,1.22,0.37,R
41.34,18,9,0,255,0,-0.94,-3.90,9.17,0.01,-0.01,-0.01,-2.40,0.28,9.62,0.06,0.00,-0.00,-0.94,1.38,9.69,-0.07,-0.00,0.02,-1.19,1.78,9.61,-0.07,0.03,0.01,-0.66,4.09,9.10,0.01,0.03,-0.01,0.27,-0.08,0.97,0.67,0.61,-0.06,R
41.391,19,8,12,255,0,-0.97,-3.96,9.18,0.00,0.02,-0.00,-2.32,0.34,9.60,0.02,0.03,0.00,-0.97,1.50,9.69,-0.10,0.03,0.02,-1.26,1.68,9.59,-0.05,0.04,0.02,-0.69,4.07,9.17,0.01,0.02,-0.00,0.26,-0.09,0.97,0.00,0.61,-0.18,R
41.442,18,6,1,255,0,-0.99,-3.79,9.28,0.01,0.00,0.00,-2.37,0.35,9.61,0.05,0.01,-0.01,-0.95,1.35,9.72,-0.02,-0.01,-0.00,-1.19,1.73,9.61,-0.01,0.01,0.00,-0.68,4.02,9.17,0.01,0.03,-0.01,0.27,-0.09,0.97,-0.12,0.49,0.37,R
41.493,17,3,1,255,0,-0.94,-3.94,9.17,-0.00,0.01,-0.00,-2.45,0.38,9.55,0.05,0.02,-0.01,-0.96,1.47,9.66,0.00,-0.01,-0.00,-1.16,1.75,9.66,-0.02,0.00,0.01,-0.71,3.93,9.16,0.00,0.02,0.00,0.27,-0.08,0.97,0.61,0.12,0.00,R
41.544,19,7,0,255,0,-0.98,-3.84,9.15,0.02,0.02,-0.00,-2.41,0.46,9.62,0.02,0.03,0.00,-0.93,1.24,9.69,-0.06,-0.01,0.01,-1.18,1.65,9.61,-0.03,0.02,0.01,-0.71,3.99,9.20,0.00,0.02,-0.01,0.27,-0.09,0.97,0.67,0.37,-0.18,R
41.595,17,6,0,255,0,-0.97,-3.86,9.22,0.01,0.01,0.01,-2.39,0.34,9.57,0.03,0.05,0.00,-0.92,1.42,9.62,-0.03,0.03,0.01,-1.23,1.64,9.69,-0.03,0.05,0.02,-0.77,3.89,9.18,0.04,0.02,0.01,0.27,-0.09,0.97,0.06,1.10,-0.06,R
41.646,17,6,0,255,0,-0.90,-3.78,9.26,0.02,0.01,0.00,-2.32,0.40,9.59,0.00,0.01,0.01,-0.98,1.50,9.69,-0.12,0.02,0.03,-1.19,1.73,9.61,-0.08,0.04,0.02,-0.69,4.04,9.17,-0.01,0.02,-0.00,0.27,-0.08,0.96,1.53,0.37,-0.43,R
41.697,17,8,0,255,0,-0.96,-3.83,9.17,0.01,0.02,-0.00,-2.37,0.45,9.55,0.01,0.02,0.01,-1.01,1.23,9.70,-0.14,0.06,0.05,-1.24,1.63,9.69,-0.02,0.04,0.02,-0.73,3.96,9.16,0.03,0.02,0.01,0.27,-0.09,0.97,-0.12,1.34,-0.43,R
41.749,19,7,0,255,0,-1.04,-3.72,9.23,-0.00,0.01,-0.01,-2.36,0.54,9.61,0.01,0.02,0.00,-0.90,1.40,9.67,-0.09,0.02,0.02,-1.27,1.57,9.67,-0.05,0.03,0.01,-0.72,4.05,9.15,-0.00,0.02,-0.00,0.27,-0.08,0.97,0.85,-0.24,0.00,R
41.799,19,6,1,255,0,-0.92,-3.83,9.20,0.01,0.02,-0.01,-2.36,0.52,9.66,0.01,0.03,0.00,-1.02,1.32,9.69,-0.08,0.04,0.02,-1.30,1.58,9.67,-0.03,0.04,0.01,-0.69,4.06,9.12,0.02,0.02,0.00,0.27,-0.09,0.97,-0.06,0.24,0.06,R
41.851,18,9,0,255,0,-0.97,-3.84,9.26,0.01,0.01,-0.01,-2.39,0.43,9.59,0.00,0.01,0.00,-1.04,1.26,9.73,-0.08,0.02,0.02,-1.26,1.68,9.60,-0.03,0.02,0.01,-0.68,3.96,9.13,-0.01,0.02,-0.01,0.28,-0.09,0.97,0.67,-0.06,-0.18,R
41.901,19,8,1,255,0,-1.00,-3.82,9.22,0.01,0.01,-0.00,-2.41,0.34,9.58,0.00,0.02,0.01,-1.05,1.13,9.71,-0.10,0.04,0.03,-1.33,1.61,9.58,-0.01,0.04,0.02,-0.74,4.04,9.12,0.03,0.02,0.00,0.27,-0.09,0.97,0.24,0.67,-0.18,R
41.953,20,9,2,255,0,-0.98,-3.84,9.20,0.01,0.00,-0.00,-2.43,0.44,9.59,-0.01,0.01,0.00,-1.03,1.26,9.74,-0.07,0.02,0.03,-1.29,1.50,9.60,-0.01,0.01,0.01,-0.71,4.06,9.15,0.01,0.02,-0.00,0.27,-0.09,0.97,0.73,0.31,-0.12,R
42.003,20,8,1,255,0,-0.95,-3.83,9.15,0.01,0.02,-0.00,-2.39,0.45,9.60,-0.00,0.03,0.01,-1.07,1.18,9.69,-0.07,0.03,0.02,-1.32,1.56,9.65,-0.01,0.02,0.01,-0.70,4.00,9.17,0.00,0.02,-0.00,0.27,-0.09,0.97,0.67,0.24,-0.12,R
42.054,20,9,3,255,0,-0.92,-3.88,9.24,0.01,0.01,-0.00,-2.35,0.44,9.54,0.02,0.03,0.01,-1.19,1.26,9.62,-0.05,0.05,0.01,-1.29,1.54,9.62,-0.02,0.02,0.01,-0.68,3.99,9.15,0.01,0.03,0.00,0.27,-0.09,0.97,0.67,0.37,0.06,R
42.105,19,11,0,255,0,-0.93,-3.79,9.18,0.01,0.02,-0.00,-2.37,0.55,9.61,0.01,0.03,0.00,-1.01,1.15,9.70,-0.06,0.03,0.02,-1.30,1.61,9.70,-0.01,0.03,0.00,-0.70,3.96,9.16,0.02,0.03,-0.01,0.28,-0.09,0.97,0.43,0.43,-0.06,R
42.157,20,7,2,255,0,-0.92,-3.77,9.23,0.00,0.02,-0.01,-2.30,0.47,9.57,-0.01,0.02,0.00,-1.11,1.18,9.70,-0.09,0.04,0.02,-1.32,1.56,9.63,-0.01,0.02,0.00,-0.72,4.13,9.10,0.01,0.02,-0.01,0.27,-0.09,0.97,0.85,-0.18,-0.12,R
42.207,19,7,2,255,0,-1.02,-3.91,9.17,0.01,0.02,-0.00,-2.36,0.56,9.58,0.02,0.03,0.00,-1.11,1.12,9.68,-0.04,0.03,0.02,-1.29,1.58,9.65,0.01,0.03,0.01,-0.78,4.00,9.15,0.02,0.02,-0.01,0.27,-0.09,0.97,-0.55,0.61,0.12,R
42.258,19,8,0,255,0,-0.95,-3.90,9.21,-0.00,0.01,-0.00,-2.41,0.49,9.58,0.01,0.03,0.00,-1.14,1.14,9.73,-0.06,0.05,0.01,-1.34,1.65,9.65,-0.01,0.02,0.00,-0.71,4.10,9.13,-0.00,0.03,0.00,0.27,-0.08,0.97,0.73,0.18,0.18,R
42.309,19,8,1,255,0,-0.96,-3.84,9.17,0.01,0.02,0.00,-2.40,0.47,9.56,0.03,0.04,0.00,-1.13,1.04,9.69,-0.11,0.05,0.04,-1.32,1.52,9.62,-0.00,0.02,0.00,-0.72,4.04,9.17,0.02,0.02,-0.00,0.28,-0.08,0.96,0.31,0.73,-0.31,R
42.36,22,9,5,255,0,-0.97,-3.90,9.19,0.00,0.01,-0.00,-2.33,0.59,9.56,0.01,0.02,0.01,-1.11,1.12,9.70,-0.06,0.05,0.02,-1.35,1.56,9.63,-0.01,0.02,0.00,-0.69,4.02,9.15,-0.00,0.02,0.00,0.28,-0.08,0.97,0.73,0.31,-0.24,R
42.411,20,8,5,255,0,-1.01,-3.78,9.22,0.00,0.02,-0.01,-2.36,0.57,9.61,0.03,0.04,0.00,-1.17,1.11,9.70,-0.04,0.04,0.02,-1.34,1.59,9.64,-0.01,0.03,0.01,-0.73,4.10,9.15,0.02,0.03,-0.00,0.28,-0.08,0.97,0.49,0.67,-0.37,R
42.462,21,7,6,255,0,-0.99,-3.86,9.17,-0.01,0.02,-0.00,-2.39,0.53,9.57,-0.00,0.03,-0.01,-1.16,1.12,9.68,-0.06,0.05,0.02,-1.36,1.58,9.67,-0.01,0.02,-0.00,-0.64,4.07,9.24,0.01,0.02,-0.01,0.27,-0.09,0.97,0.73,-0.12,0.00,R
42.514,20,9,9,255,0,-0.99,-3.84,9.19,0.00,0.03,-0.01,-2.39,0.57,9.65,0.00,0.04,0.00,-1.23,0.99,9.77,-0.06,0.04,0.01,-1.31,1.66,9.65,-0.02,0.02,0.00,-0.68,4.03,9.10,-0.01,0.03,-0.01,0.28,-0.08,0.97,0.85,-0.06,0.06,R
42.564,22,10,6,255,0,-1.00,-3.86,9.17,-0.00,0.03,-0.00,-2.40,0.57,9.59,-0.01,0.04,0.01,-1.23,1.00,9.67,-0.07,0.04,0.01,-1.32,1.56,9.67,-0.01,0.02,-0.01,-0.80,4.10,9.10,-0.01,0.03,-0.03,0.28,-0.09,0.97,0.85,0.00,0.06,R
42.615,22,9,6,255,0,-0.99,-3.83,9.20,-0.00,0.03,-0.01,-2.42,0.57,9.58,-0.01,0.02,0.01,-1.26,1.05,9.73,-0.09,0.03,0.02,-1.41,1.54,9.65,-0.03,0.03,0.00,-0.79,4.05,9.17,0.01,0.03,-0.01,0.27,-0.09,0.97,1.04,-0.12,-0.12,R
42.666,23,10,8,255,0,-0.96,-3.75,9.25,0.00,0.01,-0.01,-2.42,0.53,9.62,-0.01,0.02,0.01,-1.24,1.00,9.72,-0.09,0.04,0.03,-1.36,1.58,9.62,-0.02,0.03,0.00,-0.76,3.97,9.12,-0.00,0.02,-0.01,0.28,-0.08,0.97,0.55,-0.06,0.49,R
42.717,22,9,8,255,0,-1.07,-3.87,9.20,-0.01,0.01,0.01,-2.37,0.57,9.56,-0.01,0.03,0.00,-1.29,0.86,9.71,-0.09,0.05,0.02,-1.39,1.53,9.66,-0.02,0.03,-0.00,-0.73,4.00,9.17,-0.01,0.02,-0.00,0.28,-0.09,0.96,1.46,-0.31,0.43,R
42.768,25,12,13,255,0,-0.98,-3.82,9.24,0.00,0.03,-0.00,-2.42,0.52,9.58,0.02,0.06,-0.00,-1.35,0.80,9.73,-0.07,0.05,0.02,-1.37,1.64,9.64,0.00,0.02,0.00,-0.72,4.08,9.17,-0.01,0.03,-0.00,0.28,-0.09,0.97,1.28,0.43,0.18,R
42.819,24,10,9,255,0,-1.04,-3.89,9.17,-0.01,0.03,-0.00,-2.38,0.54,9.63,-0.00,0.05,-0.01,-1.32,0.80,9.73,-0.08,0.03,0.01,-1.40,1.50,9.62,-0.03,0.03,0.00,-0.78,3.93,9.17,0.02,0.03,-0.01,0.27,-0.09,0.96,1.71,-0.43,0.06,R
42.87,24,12,9,255,0,-1.10,-3.81,9.16,-0.02,0.03,-0.03,-2.33,0.82,9.39,0.09,0.05,-0.01,-1.32,0.86,9.72,-0.05,0.02,0.01,-1.37,1.54,9.66,-0.04,0.02,-0.00,-0.79,4.01,9.18,-0.01,0.02,-0.01,0.28,-0.08,0.97,-0.98,-0.37,-0.49,R
42.922,24,14,9,255,0,-0.95,-3.95,9.19,-0.03,0.03,-0.03,-2.41,0.64,9.60,-0.03,0.06,0.00,-1.32,0.86,9.67,-0.05,0.05,0.00,-1.41,1.60,9.60,-0.01,0.03,-0.01,-0.81,3.95,9.17,-0.00,0.02,-0.00,0.28,-0.09,0.97,0.79,-0.43,0.00,R
42.973,26,13,9,255,0,-1.14,-3.57,9.21,-0.02,0.02,-0.04,-2.41,0.58,9.58,-0.02,0.05,-0.01,-1.38,0.80,9.70,-0.07,0.03,0.00,-1.41,1.47,9.64,-0.03,0.03,-0.00,-0.70,4.00,9.15,-0.02,0.02,-0.01,0.27,-0.08,0.97,1.59,-1.16,0.24,R
43.024,26,13,8,255,0,-1.02,-3.80,9.15,-0.01,0.03,-0.04,-2.43,0.65,9.57,0.01,0.11,-0.00,-1.32,0.84,9.67,-0.05,0.08,0.00,-1.47,1.52,9.64,-0.02,0.04,-0.01,-0.72,3.99,9.16,-0.01,0.03,-0.02,0.27,-0.09,0.96,0.24,-1.10,0.79,R
43.074,26,16,10,255,0,-1.13,-3.83,9.14,-0.06,0.00,-0.01,-2.47,0.63,9.49,-0.10,0.03,-0.02,-1.36,0.74,9.69,-0.13,0.03,0.00,-1.39,1.45,9.64,-0.07,0.03,-0.02,-0.77,3.94,9.17,-0.08,0.03,-0.03,0.26,-0.08,0.97,3.85,-3.30,2.26,R
43.125,26,14,9,255,0,-0.98,-3.90,9.17,-0.04,-0.01,-0.00,-2.47,0.62,9.53,-0.06,0.08,-0.01,-1.44,0.63,9.71,-0.07,0.08,-0.01,-1.48,1.36,9.60,-0.03,0.05,-0.01,-0.74,4.00,9.19,-0.02,0.03,-0.02,0.27,-0.09,0.96,0.73,-2.87,2.50,R
43.177,26,16,9,255,0,-1.11,-3.96,9.15,-0.04,0.00,-0.02,-2.56,0.59,9.56,-0.12,-0.02,-0.01,-1.35,0.59,9.78,-0.15,-0.00,0.01,-1.34,1.37,9.64,-0.08,0.04,-0.01,-0.78,3.92,9.23,-0.06,0.03,-0.02,0.27,-0.08,0.98,4.03,-4.33,2.14,R
43.227,26,17,10,255,0,-1.02,-3.87,9.16,-0.03,0.02,-0.01,-2.51,0.41,9.55,-0.05,0.06,-0.02,-1.41,0.63,9.73,-0.06,0.05,-0.01,-1.50,1.39,9.66,-0.05,0.04,-0.01,-0.83,3.85,9.21,-0.03,0.03,-0.02,0.26,-0.10,0.97,0.92,-3.30,1.53,R
43.278,27,17,9,255,0,-0.94,-4.02,9.11,-0.05,0.02,-0.01,-2.66,0.47,9.50,-0.03,0.06,-0.00,-1.47,0.72,9.74,-0.05,0.03,-0.00,-1.50,1.42,9.66,-0.05,0.03,-0.00,-0.76,3.83,9.28,-0.04,0.03,-0.01,0.27,-0.09,0.98,0.79,-2.62,0.55,R
43.329,27,22,8,255,0,-0.92,-3.96,9.12,-0.04,0.06,-0.01,-2.67,0.49,9.49,0.02,0.13,-0.01,-1.46,0.71,9.69,0.00,0.07,-0.01,-1.49,1.39,9.66,0.01,0.05,-0.01,-0.88,3.89,9.17,0.01,0.04,-0.01,0.26,-0.10,0.97,-1.16,-0.73,0.12,R
43.38,29,20,8,255,0,-1.15,-3.54,9.19,-0.04,0.04,-0.07,-2.62,0.50,9.50,-0.04,0.05,-0.01,-1.43,0.66,9.71,-0.08,0.04,-0.01,-1.53,1.36,9.69,-0.05,0.04,-0.01,-0.83,3.83,9.30,-0.03,0.03,-0.02,0.26,-0.09,0.97,1.71,-3.66,-0.55,R
43.432,28,19,9,255,0,-0.99,-3.93,9.07,-0.09,0.07,-0.09,-2.69,0.45,9.57,-0.00,0.18,-0.02,-1.58,0.70,9.72,0.00,0.10,-0.02,-1.48,1.47,9.69,-0.02,0.05,-0.03,-0.72,3.99,9.19,-0.05,0.03,-0.03,0.26,-0.08,0.99,-0.49,-3.97,0.49,R
43.482,30,22,8,255,0,-1.00,-4.13,9.09,-0.04,0.01,-0.00,-2.84,0.40,9.50,-0.05,0.10,-0.01,-1.64,0.57,9.69,-0.06,0.07,0.00,-1.55,1.32,9.60,-0.03,0.05,-0.01,-0.87,3.79,9.18,-0.03,0.04,-0.01,0.25,-0.10,0.96,2.38,-2.87,1.59,R
43.534,30,24,10,255,0,-0.92,-4.15,9.06,-0.11,0.06,-0.01,-2.91,0.46,9.42,0.04,0.26,-0.01,-1.80,0.79,9.68,0.01,0.12,-0.01,-1.55,1.58,9.59,-0.05,0.06,-0.01,-0.83,3.96,9.22,-0.07,0.04,-0.02,0.27,-0.08,0.99,1.22,-3.05,1.65,R
43.584,30,26,8,255,0,-1.03,-4.21,9.05,-0.05,-0.01,-0.03,-2.90,0.44,9.42,-0.13,0.08,-0.05,-1.58,0.62,9.72,-0.20,0.16,-0.02,-1.48,1.27,9.67,-0.20,0.17,-0.03,-0.74,3.80,9.22,-0.10,0.07,-0.09,0.26,-0.09,0.98,4.58,-8.97,2.62,R
43.635,33,27,10,255,0,-1.03,-4.22,9.02,-0.19,-0.03,-0.01,-2.83,0.26,9.51,-0.21,0.23,-0.11,-1.74,0.50,9.71,-0.17,0.29,-0.06,-1.63,1.23,9.61,-0.20,0.22,-0.06,-0.86,3.97,9.28,-0.14,0.10,-0.13,0.24,-0.09,0.98,3.85,-11.90,5.25,R
43.686,33,33,15,255,0,-1.00,-4.29,9.00,-0.14,-0.08,-0.01,-2.91,0.17,9.54,-0.39,0.14,-0.09,-1.81,0.17,9.68,-0.45,0.27,-0.02,-1.73,0.94,9.62,-0.29,0.30,-0.06,-0.96,3.75,9.29,-0.24,0.21,-0.15,0.23,-0.09,1.01,9.22,-19.23,7.02,R
43.737,33,36,16,255,0,-0.85,-4.42,8.93,-0.15,-0.04,0.01,-3.07,0.01,9.36,-0.32,0.16,-0.13,-4.30,0.01,9.86,-0.44,0.11,-0.08,-1.80,1.72,9.33,0.04,0.15,-0.16,-1.08,3.60,9.32,-0.13,0.14,-0.16,0.22,-0.12,0.96,12.15,-14.47,6.71,R
43.788,34,36,15,255,0,-0.92,-4.46,8.90,-0.20,-0.00,-0.05,-3.22,-0.17,9.46,-0.26,0.11,-0.15,-1.75,-0.54,9.59,-0.26,0.04,-0.08,-1.85,0.81,9.52,-0.34,0.10,-0.07,-1.15,3.12,9.39,-0.18,0.09,-0.08,0.18,-0.12,0.97,7.26,-11.72,4.09,R
43.839,36,41,16,255,0,-0.93,-4.50,8.91,-0.11,0.01,-0.06,-3.39,-0.15,9.37,-0.10,0.12,-0.06,-2.15,-0.05,9.63,-0.05,0.05,-0.07,-1.96,0.75,9.68,-0.10,0.05,-0.05,-1.19,3.23,9.42,-0.07,0.05,-0.04,0.20,-0.12,0.98,4.21,-7.81,3.17,R
43.89,38,43,17,255,0,-0.99,-4.58,8.86,-0.13,0.02,-0.04,-3.30,-0.21,9.36,-0.15,0.09,-0.09,-2.23,-0.25,9.69,-0.23,0.06,-0.06,-1.96,0.73,9.73,-0.19,0.08,-0.08,-1.11,3.34,9.37,-0.14,0.11,-0.10,0.19,-0.11,1.00,2.87,-9.22,3.11,R
43.941,35,44,16,255,0,-0.92,-4.64,8.83,-0.16,0.00,-0.02,-3.29,-0.42,9.33,-0.22,0.14,-0.11,-2.30,-0.54,9.73,-0.09,0.11,-0.09,-2.14,-0.19,9.68,-0.16,0.13,-0.07,-1.30,3.01,9.44,-0.10,0.16,-0.10,0.16,-0.13,0.99,6.71,-10.99,4.88,R
43.992,36,48,13,255,0,-0.80,-4.75,8.78,-0.15,-0.01,0.04,-3.39,-0.54,9.38,-0.24,0.35,-0.08,-2.04,-0.65,9.44,-0.36,0.31,-0.05,-2.10,1.24,9.63,-0.36,0.40,-0.08,-1.51,3.31,9.36,-0.17,0.52,-0.23,0.19,-0.11,1.05,4.21,-18.13,3.36,R
44.043,39,55,20,255,0,-1.04,-4.36,8.85,-0.22,-0.05,0.19,-3.76,-0.60,9.22,-0.61,0.67,-0.13,-2.56,-0.24,9.44,-0.65,0.92,-0.12,-2.35,0.71,9.54,-0.40,0.95,-0.22,-2.03,3.20,9.09,-0.16,1.51,-0.47,0.20,-0.10,1.13,7.20,-49.50,3.42,R
44.094,41,58,31,255,0,-0.73,-5.00,8.60,-0.67,-0.06,0.64,-3.79,-1.20,9.28,-0.81,1.01,-0.08,-0.55,-0.79,9.60,-0.93,1.23,0.06,-2.45,0.23,9.48,-0.54,1.44,-0.25,-2.42,3.16,8.95,-0.12,2.32,-0.40,0.05,-0.09,1.05,34.61,-53.22,-2.62,R
44.145,38,77,53,255,32,-1.24,-5.10,8.36,-0.82,0.19,1.17,-4.64,-2.15,8.98,-1.11,1.50,-0.01,-3.94,-0.64,9.32,-0.70,1.90,-0.02,-4.35,0.43,9.42,-1.09,2.37,-0.41,-5.77,1.14,15.52,-0.73,1.76,0.84,0.06,-0.17,1.05,22.58,-53.28,2.87,R
44.196,30,100,78,255,62,-2.15,-5.30,8.18,-1.27,0.62,1.38,-6.11,-1.99,8.74,-1.20,1.95,-0.49,-5.10,-0.50,8.78,-1.08,2.79,0.31,-6.46,-1.11,9.89,-1.63,3.33,-0.53,-5.25,5.37,10.60,-0.71,-0.16,0.88,0.05,-0.26,0.97,9.09,-66.53,7.45,R
44.248,26,112,114,255,74,-3.23,-5.16,8.17,-1.92,0.07,1.43,-7.10,0.13,10.56,-1.38,-0.64,-0.54,-7.69,-2.43,12.24,-1.56,0.03,-0.31,-6.20,0.69,10.16,-1.36,-1.06,-0.24,-3.86,3.26,7.89,-1.29,-0.53,0.99,-0.06,-0.23,0.99,-29.11,-99.73,27.59,R
44.298,22,114,121,255,78,-2.45,-8.86,7.78,-2.05,-0.09,1.06,-4.83,-5.00,6.34,-1.85,-0.28,-0.18,-5.16,-3.74,6.34,-1.78,-0.53,-0.06,-4.97,-3.61,7.10,-1.35,-0.90,-0.07,-3.31,1.17,8.15,-0.97,-0.65,0.46,-0.21,-0.14,1.01,-35.34,-90.52,22.16,R
44.349,22,120,124,255,81,-3.41,-6.77,6.83,-1.52,0.20,0.85,-5.31,-4.44,7.88,-1.35,0.24,-0.38,-5.45,-3.45,7.68,-1.28,-0.22,-0.47,-4.81,-2.81,7.89,-1.22,-0.57,-0.42,-3.15,1.31,8.82,-1.07,-0.83,0.29,-0.22,-0.13,0.97,-16.72,-75.01,15.26,R
44.401,19,120,123,255,81,-3.15,-7.84,5.66,-1.44,0.29,0.76,-5.45,-4.48,6.66,-1.22,0.17,-0.28,-5.34,-3.28,7.12,-1.14,-0.27,-0.28,-3.88,-2.95,7.28,-0.93,-0.50,-0.13,-2.07,0.86,8.41,-0.92,-0.57,0.36,-0.32,-0.10,0.94,-15.14,-66.04,17.58,R
44.451,18,123,122,255,78,-3.24,-8.46,5.33,-1.09,0.25,0.60,-4.79,-5.29,6.41,-0.92,0.37,-0.08,-4.35,-4.47,6.45,-0.93,-0.02,-0.10,-4.49,-3.63,7.46,-0.74,-0.16,-0.06,-2.48,0.75,9.67,-0.69,-0.29,0.31,-0.30,-0.10,0.88,-6.65,-40.59,14.77,R
44.502,19,125,122,255,75,-3.76,-6.69,3.66,-1.08,0.72,0.52,-4.95,-5.27,5.77,-0.84,0.44,-0.29,-4.27,-4.41,6.65,-0.85,-0.12,-0.30,-3.57,-3.29,6.64,-0.76,-0.37,-0.25,-1.92,0.69,8.65,-0.75,-0.41,0.14,-0.33,-0.10,0.85,-0.24,-49.62,11.60,R
44.553,18,126,137,255,74,-3.89,-7.68,3.88,-1.13,0.65,0.55,-4.81,-5.09,5.12,-0.87,0.51,-0.20,-5.31,-4.16,5.59,-0.72,0.26,-0.29,-3.10,-2.45,7.94,-0.75,-0.15,-0.10,-1.89,0.40,8.75,-0.83,-0.34,0.26,-0.38,-0.10,0.85,4.21,-45.90,12.88,R
44.604,15,129,118,255,73,-4.09,-7.90,2.28,-1.14,1.28,0.30,-4.71,-6.22,4.64,-0.86,0.87,-0.26,-4.81,-5.52,5.92,-0.87,0.19,-0.29,-3.90,-4.41,7.41,-0.86,-0.13,-0.22,-1.97,0.43,9.37,-0.99,-0.41,0.35,-0.37,-0.13,0.84,9.34,-49.99,9.58,R
44.655,17,132,117,255,73,-5.17,-8.11,3.82,-1.07,1.06,0.01,-5.59,-6.36,5.43,-0.87,0.62,-0.53,-4.28,-5.19,6.15,-0.92,0.06,-0.47,-3.28,-4.41,6.85,-1.05,-0.13,-0.29,-1.11,0.01,8.27,-1.17,-0.44,0.69,-0.47,-0.13,0.82,12.27,-59.33,9.52,R
44.708,16,132,122,255,72,-4.92,-9.68,3.74,-0.36,0.28,0.18,-5.83,-6.60,4.48,-0.60,0.59,0.19,-5.18,-6.48,5.96,-0.94,0.34,0.12,-4.11,-6.34,6.84,-0.86,0.34,0.27,-2.07,-3.87,9.47,-0.61,0.09,0.69,-0.54,-0.19,0.82,11.17,-10.56,7.39,R
44.757,18,134,121,255,73,-4.75,-8.43,-0.19,-0.59,0.84,-0.78,-5.97,-7.79,4.63,-0.51,0.48,-0.39,-5.09,-7.38,6.39,-0.61,0.01,-0.40,-4.54,-6.31,8.24,-0.63,0.04,-0.35,-1.95,-0.48,11.00,-0.80,-0.19,0.09,-0.46,-0.19,0.85,-1.53,-37.66,5.55,R
44.808,20,134,120,255,72,-5.71,-5.41,0.03,-1.61,1.46,0.29,-5.04,-5.83,3.37,-1.01,0.25,-0.44,-3.94,-5.59,4.79,-1.03,-0.03,-0.34,-2.90,-5.41,5.86,-1.07,-0.09,-0.24,-0.92,-1.65,8.23,-1.12,-0.02,0.26,-0.62,-0.10,0.80,15.56,-61.22,8.30,R
44.859,21,132,117,255,78,-4.92,-10.68,1.19,-1.00,1.89,0.01,-5.11,-8.96,3.07,-0.91,0.64,-0.20,-4.05,-8.15,4.40,-1.02,0.32,-0.34,-3.54,-7.04,5.87,-1.03,0.64,-0.34,-1.71,-2.36,9.72,-1.10,-0.06,0.25,-0.53,-0.17,0.78,27.28,-40.04,4.76,R
44.91,24,128,116,255,80,-4.83,-7.03,-4.60,-2.21,2.66,-0.03,-4.32,-7.44,0.76,-1.33,0.87,-0.58,-4.12,-7.18,4.18,-1.64,0.72,-0.61,-4.28,-7.29,7.43,-1.87,0.90,-0.74,-1.39,-1.98,9.87,-2.42,-0.23,0.03,-0.55,-0.17,0.75,50.78,-89.84,3.42,R
44.961,12,130,110,255,79,-6.21,-8.45,-0.22,-2.29,1.57,1.30,-5.44,-9.07,2.44,-1.94,1.26,-0.86,-3.47,-8.87,3.07,-1.70,0.53,-1.10,-2.59,-7.74,3.49,-2.08,0.22,-1.22,-0.91,-4.44,8.24,-2.62,-0.49,0.15,-0.76,-0.21,0.68,75.32,-110.53,2.01,R
45.013,9,128,107,255,74,-5.79,-8.95,-3.42,-1.72,1.30,0.78,-5.48,-7.92,1.60,-1.55,0.97,-0.56,-3.93,-8.36,2.72,-1.92,1.22,-0.61,-3.49,-8.42,4.45,-2.03,1.65,-0.74,-1.08,-5.45,8.03,-2.44,0.25,0.16,-0.80,-0.25,0.59,72.51,-89.11,7.26,R
45.064,4,125,108,255,68,-5.78,-4.63,-5.09,-2.05,1.18,1.12,-4.59,-9.68,-0.21,-1.68,1.24,-0.75,-3.81,-10.21,3.00,-2.00,0.93,-1.04,-3.21,-9.69,4.37,-2.15,0.78,-1.40,-1.37,-6.79,9.09,-2.71,0.17,-0.30,-0.76,-0.27,0.46,80.63,-106.63,9.40,R
45.114,0,118,105,255,64,-5.50,-7.55,-5.83,-2.38,1.31,1.88,-4.33,-10.67,-1.22,-2.21,1.17,-0.78,-3.30,-10.07,1.39,-2.25,0.68,-1.11,-2.55,-9.52,2.92,-2.19,0.53,-1.32,-1.24,-7.06,7.45,-2.74,-0.13,0.05,-0.89,-0.33,0.33,79.04,-127.44,7.20,R
45.167,0,115,100,255,57,-5.03,-4.82,-7.76,-2.55,1.55,1.38,-4.18,-10.13,-1.34,-2.08,1.34,-1.01,-2.41,-11.02,0.92,-2.45,0.32,-1.22,-2.16,-10.15,2.72,-2.48,-0.10,-1.51,-1.65,-8.41,5.72,-2.77,-0.30,0.01,-0.87,-0.38,0.19,56.34,-134.09,-0.31,R
45.216,0,113,99,255,53,-5.33,-4.20,-7.97,-2.51,1.24,0.69,-3.90,-9.63,-2.48,-1.95,0.65,-1.61,-2.87,-9.71,-0.03,-2.07,-0.19,-1.72,-2.21,-9.34,1.06,-2.09,-0.65,-1.86,-1.54,-7.45,4.53,-2.68,-0.91,-0.20,-0.84,-0.43,0.06,32.35,-148.25,-8.79,R
45.268,0,115,96,255,52,-5.48,-2.12,-8.90,-2.88,1.34,0.95,-2.53,-7.13,-5.18,-2.35,0.81,-1.81,-1.70,-6.52,-3.23,-2.47,-0.74,-1.59,-0.86,-6.68,-1.70,-2.43,-1.35,-1.52,-1.46,-7.00,1.01,-2.94,-1.24,0.59,-0.86,-0.41,-0.11,30.03,-163.15,8.73,R
45.318,0,111,94,255,45,-5.78,0.65,-6.81,-2.70,0.82,0.75,-2.74,-7.17,-4.94,-2.21,0.50,-1.01,-1.51,-8.45,-4.39,-2.44,-0.62,-0.76,-0.26,-8.71,-4.12,-2.43,-1.14,-0.66,-1.94,-9.43,0.07,-2.48,-0.86,0.91,-0.93,-0.45,-0.17,31.01,-134.46,21.85,R
45.37,0,110,92,255,46,-4.56,1.87,-11.74,-2.80,0.60,1.97,-0.98,-7.64,-8.05,-2.49,1.12,-0.43,-1.02,-10.95,-7.40,-3.18,-0.43,-0.10,-0.50,-12.00,-4.71,-2.77,-1.05,-0.65,-2.87,-12.06,0.45,-2.58,-0.95,0.69,-0.84,-0.47,-0.35,44.80,-128.48,14.22,R
45.42,91,0,0,255,0,-4.01,3.73,-8.20,-2.24,0.92,0.78,-1.85,-5.60,-6.59,-1.65,0.62,-1.71,-1.47,-4.21,-4.25,-1.61,-0.38,-1.38,-0.30,-3.62,-3.38,-1.99,-1.04,-1.27,-2.97,-4.07,0.04,-2.28,-2.11,0.72,-0.71,-0.47,-0.48,13.61,-141.78,9.77,R
45.471,85,0,0,255,0,-3.74,1.38,-5.46,-2.23,0.82,1.23,-1.13,-3.01,-8.36,-2.48,1.30,0.07,-0.32,-6.30,-10.15,-2.59,-0.26,0.82,1.30,-6.64,-12.13,-2.18,-1.41,1.17,-3.48,-14.27,-8.13,-0.85,0.46,1.96,-0.92,-0.41,-0.54,26.00,-76.23,50.78,R
45.522,90,0,0,255,0,-4.15,7.36,-7.82,-1.17,-0.80,1.15,1.01,-5.38,-9.00,-0.94,0.56,1.13,0.00,-8.37,-9.49,-0.82,0.28,1.10,-0.75,-9.49,-6.67,-1.05,0.90,0.67,-3.30,-9.24,-1.37,-0.70,1.42,0.47,-0.68,-0.42,-0.51,51.33,-28.93,54.63,R
45.573,108,0,0,255,0,-1.11,1.52,-9.17,-1.00,-0.04,1.91,1.00,-6.47,-8.34,-1.14,0.83,-0.18,-1.10,-5.84,-4.16,-1.30,0.72,0.04,-0.87,-6.54,-3.08,-1.39,0.41,-0.09,-2.17,-7.27,-0.85,-1.21,0.11,0.63,-0.60,-0.38,-0.61,40.22,-72.88,31.07,R
45.624,101,0,0,255,0,-2.75,4.73,-7.21,-1.43,0.22,1.48,0.13,-5.29,-7.96,-1.79,0.88,0.54,-0.58,-5.93,-9.28,-1.56,-0.23,0.85,0.50,-6.46,-11.53,-1.37,-0.02,0.96,-3.74,-10.51,-6.88,-0.34,2.13,1.16,-0.71,-0.43,-0.61,34.42,-55.73,51.27,R
45.675,108,0,0,255,0,-1.75,4.92,-7.21,-0.82,-0.44,1.23,0.39,-6.12,-7.80,-0.85,0.31,0.67,-1.55,-8.17,-8.13,-0.68,0.79,0.66,-1.37,-8.13,-7.55,-0.70,1.57,0.63,-5.06,-9.03,1.47,-0.22,3.32,-0.01,-0.49,-0.47,-0.67,32.71,-30.40,40.22,R
45.726,108,0,0,255,0,-1.09,6.68,-9.37,-1.04,0.13,1.15,2.23,-2.04,-12.73,-1.54,0.82,0.36,-1.10,-3.86,-8.81,-1.48,0.16,0.47,-1.27,-4.87,-5.65,-1.61,-0.42,0.11,-3.34,-7.10,-6.30,-1.43,-0.54,1.02,-0.60,-0.46,-0.74,27.77,-64.33,33.45,R
45.778,109,0,0,255,0,-1.97,8.20,-6.07,-0.71,0.21,1.24,0.99,-2.80,-9.72,-0.84,0.77,0.19,-0.62,-6.45,-11.63,-0.74,0.58,0.15,-0.04,-8.33,-11.91,-0.77,0.60,0.01,-4.24,-10.34,-5.19,-0.69,0.24,-0.23,-0.51,-0.50,-0.75,44.86,-33.51,25.51,R
45.829,104,0,0,255,0,-0.62,9.23,-7.93,-0.63,0.34,1.22,1.22,-1.91,-9.34,-0.57,0.41,-0.20,-1.42,-3.39,-6.56,-0.68,0.54,-0.17,-1.02,-4.93,-6.29,-0.90,0.16,-0.13,-3.50,-7.94,-3.54,-0.94,0.14,0.23,-0.55,-0.45,-0.80,37.96,-47.12,12.02,R
45.879,104,0,0,255,0,0.21,5.93,-5.76,-0.62,0.44,0.14,1.19,-2.69,-8.29,-0.55,0.72,-0.42,-0.95,-3.54,-7.06,-0.66,-0.03,-0.14,-0.71,-4.54,-7.49,-0.65,-0.27,-0.04,-3.91,-7.35,-4.91,-0.56,-0.29,0.33,-0.43,-0.45,-0.81,-0.12,-35.95,8.42,R
45.93,111,0,0,255,0,-0.59,6.90,-4.42,-0.70,0.20,0.64,1.42,-2.14,-9.21,-0.64,0.04,0.03,-0.41,-3.95,-10.66,-0.58,-0.09,0.34,0.10,-5.11,-10.62,-0.52,0.05,0.33,-3.92,-8.66,-5.20,-0.28,-0.04,0.36,-0.51,-0.43,-0.76,18.07,-15.87,23.38,R
45.982,113,0,0,255,0,-0.14,8.11,-6.20,-0.34,-0.29,0.24,1.60,-2.86,-9.50,-0.44,0.02,0.46,-1.02,-4.11,-8.31,-0.43,-0.02,0.52,-1.10,-5.14,-7.41,-0.39,-0.21,0.41,-4.00,-7.39,-3.44,-0.27,-0.14,0.52,-0.38,-0.45,-0.76,1.16,-12.70,19.04,R
46.032,111,0,0,255,0,0.27,8.13,-6.04,-0.46,0.17,0.14,1.68,-2.24,-9.49,-0.38,-0.10,-0.21,-0.88,-3.61,-9.94,-0.29,-0.13,-0.10,-0.78,-4.12,-9.93,-0.34,-0.27,-0.13,-4.53,-7.59,-6.04,-0.28,-0.13,0.14,-0.40,-0.46,-0.78,-1.22,-23.07,3.23,R
46.084,114,0,0,255,0,0.10,8.59,-5.02,-0.07,-0.02,-0.12,1.87,1.13,-10.14,-0.21,0.02,0.01,-0.80,-1.25,-9.28,-0.08,-0.00,0.08,-0.59,-2.62,-8.49,-0.10,-0.09,0.12,-3.68,-6.18,-5.77,-0.02,-0.01,0.27,-0.41,-0.41,-0.80,-1.89,-5.80,8.91,R
46.134,110,0,0,255,0,0.56,6.99,-4.68,-0.01,-0.30,-0.03,1.64,-2.55,-8.46,-0.01,-0.17,0.26,-0.75,-4.11,-8.63,0.16,-0.12,0.21,-0.88,-4.98,-8.23,0.20,0.00,0.11,-4.12,-6.51,-4.73,0.28,0.12,-0.07,-0.28,-0.45,-0.80,-7.69,7.20,6.71,R
46.186,110,0,0,255,0,0.62,6.78,-4.80,0.08,-0.11,-0.09,1.88,-1.04,-9.91,-0.01,-0.12,0.11,-0.84,-2.71,-8.74,0.07,-0.05,0.12,-0.85,-3.63,-8.46,0.10,-0.05,0.08,-4.34,-6.49,-4.90,0.20,-0.09,0.07,-0.34,-0.43,-0.82,-7.39,7.14,3.48,R
46.236,109,0,0,255,0,0.81,6.74,-4.02,0.20,-0.36,-0.34,1.97,-2.07,-9.06,0.06,-0.15,0.21,-0.63,-3.62,-9.31,0.10,-0.19,0.20,-0.73,-4.18,-9.41,0.23,-0.14,0.19,-4.53,-7.17,-5.92,0.33,-0.03,0.07,-0.29,-0.44,-0.84,-10.93,15.62,8.42,R
46.287,110,0,0,255,0,0.95,8.45,-5.27,0.01,-0.05,-0.09,3.07,-2.04,-11.20,0.03,0.03,0.00,-0.13,-4.23,-11.01,-0.02,-0.06,-0.00,-0.37,-4.70,-10.24,0.01,-0.02,-0.07,-4.36,-7.47,-6.74,-0.02,-0.06,-0.09,-0.30,-0.42,-0.85,-0.31,1.65,0.31,R
46.338,109,0,0,255,0,0.59,6.13,-4.62,0.36,-0.17,0.11,1.70,-2.86,-8.66,0.03,0.32,0.27,-0.64,-4.61,-8.72,-0.00,0.39,0.21,-0.57,-4.66,-8.91,0.24,0.49,0.18,-4.19,-7.13,-5.03,0.33,0.34,-0.15,-0.38,-0.42,-0.86,10.13,19.65,4.09,R
46.389,110,0,0,255,0,1.01,6.92,-7.42,0.43,-0.38,-0.38,2.46,-3.52,-9.57,0.14,0.02,0.20,-0.47,-4.44,-8.54,0.16,0.16,0.03,-0.66,-4.30,-8.37,0.27,0.01,0.02,-4.27,-6.20,-5.06,0.22,-0.10,-0.14,-0.29,-0.42,-0.83,-5.07,16.54,0.06,R
46.441,109,0,0,255,0,-0.57,6.77,-4.54,0.17,0.16,0.25,1.82,-2.72,-8.97,0.09,0.38,0.19,-0.75,-4.96,-9.53,0.10,0.52,0.10,-0.14,-6.58,-10.35,0.27,0.48,0.22,-4.41,-9.64,-4.56,0.29,0.18,-0.23,-0.43,-0.44,-0.82,14.65,18.19,2.20,R
46.491,87,0,0,255,0,0.00,6.64,-6.32,0.78,-0.27,-0.57,2.23,-3.06,-10.00,0.25,-0.18,0.00,-0.43,-3.53,-9.29,0.09,0.07,-0.06,-0.68,-3.85,-8.50,0.07,-0.04,-0.00,-4.48,-7.70,-5.16,0.05,-0.11,0.04,-0.44,-0.44,-0.80,1.04,13.61,-3.97,R
46.543,71,0,0,255,0,-0.66,7.61,-7.44,0.66,-0.09,-0.16,2.34,-2.87,-10.61,0.24,0.27,0.22,-0.22,-4.43,-11.00,0.12,0.44,-0.02,-0.12,-5.70,-10.23,0.24,0.50,0.00,-4.51,-8.93,-4.92,0.15,0.20,-0.30,-0.46,-0.45,-0.78,9.89,22.64,-6.41,R
46.593,82,0,0,255,0,0.08,-0.00,-5.51,1.27,-0.28,-0.92,0.29,-6.39,-6.58,0.95,0.44,-0.26,-0.46,-7.07,-5.88,1.10,0.97,-0.59,-0.26,-6.67,-6.67,1.42,0.85,-0.50,-3.74,-8.02,-2.62,1.30,0.16,-2.09,-0.48,-0.45,-0.78,-8.73,60.55,-24.41,R
46.644,99,0,0,255,0,-2.04,11.21,-10.25,1.82,-0.02,-0.91,3.84,-2.38,-12.86,0.93,-0.13,-0.12,1.32,-3.64,-13.47,0.53,0.31,-0.15,1.66,-4.89,-14.33,0.48,0.11,-0.11,-3.26,-11.04,-9.80,0.31,1.14,-0.49,-0.62,-0.37,-0.77,18.01,46.63,-16.72,R
46.696,77,0,0,255,0,0.34,-4.53,-7.19,2.43,0.19,-1.20,0.64,-11.58,-6.12,2.08,0.50,0.34,0.55,-12.63,-6.88,2.48,2.19,-0.60,-0.11,-10.34,-5.61,3.00,2.90,-0.62,-1.90,-15.57,-0.55,2.53,2.17,-2.86,-0.78,-0.39,-0.72,-9.70,133.97,-84.47,R
46.746,76,0,0,255,0,-7.80,10.71,-12.89,3.03,-0.38,-4.78,4.56,-1.66,-13.78,2.90,-0.07,-0.21,2.65,-2.08,-10.25,2.19,0.40,-0.10,2.86,-6.80,-9.01,1.90,-0.27,-0.40,0.41,-7.52,-7.27,1.73,0.19,-1.19,-1.20,-0.31,-0.56,6.29,118.65,-50.72,R
46.798,78,0,0,255,0,-1.81,-4.90,-7.94,3.00,0.95,0.08,0.05,-11.99,-3.84,2.76,0.46,0.90,0.95,-11.49,-5.37,3.29,1.88,0.22,0.84,-10.30,-5.14,3.58,2.91,0.17,-1.18,-12.59,-1.59,3.47,1.05,-2.67,-0.85,-0.47,-0.63,-10.80,160.89,-79.28,R
46.849,90,0,0,255,0,-5.12,-1.76,-10.59,3.94,-0.34,-3.14,0.71,-5.84,-8.16,3.94,-1.52,0.89,0.46,-3.11,-3.70,3.96,0.69,1.07,1.32,-4.28,-4.03,3.78,0.56,1.03,0.24,-6.54,-2.60,3.82,0.93,-0.87,-0.89,-0.41,-0.49,-64.82,197.39,-58.59,R
46.899,104,0,0,255,0,-5.12,1.72,-9.60,3.94,-0.28,-1.77,-1.41,-7.04,-5.29,3.39,-1.40,1.99,0.02,-8.31,-3.96,3.58,-0.31,2.19,0.70,-7.05,-5.13,3.46,1.29,1.99,-1.81,-7.50,0.58,4.39,1.75,0.11,-0.81,-0.45,-0.40,-79.65,211.55,-32.65,R
46.95,86,0,0,255,0,-5.44,-4.49,-5.79,3.60,-2.59,-1.06,-3.18,-8.45,-4.22,3.71,-2.80,2.03,-2.48,-9.07,-0.70,3.49,-2.36,2.55,-2.04,-7.30,0.84,3.88,0.76,2.66,-1.22,-6.58,1.91,4.54,0.88,0.35,-0.67,-0.45,-0.26,-115.66,224.06,-16.24,R
47.002,105,0,0,255,0,-5.69,-3.38,-9.79,2.90,-1.73,-2.01,-3.12,-7.96,-5.45,2.88,-2.50,1.45,-2.08,-6.71,-2.63,3.34,-1.51,1.99,-1.96,-5.76,2.22,3.07,-0.24,2.82,-0.39,-3.39,6.02,3.88,1.84,2.04,-0.80,-0.34,0.07,-167.91,162.23,6.16,R
47.052,104,0,0,255,0,-5.56,-9.39,-3.33,2.94,-1.90,-1.88,-5.56,-11.49,-0.57,2.16,-2.07,2.56,-3.76,-13.82,2.38,2.74,-1.21,3.31,-3.66,-12.54,1.32,2.87,0.10,4.02,-2.88,-9.57,7.47,4.56,1.21,1.92,-0.75,-0.32,0.14,-182.98,232.48,-0.61,R
47.103,107,0,0,255,0,-5.85,-2.36,-10.94,3.48,-2.41,-2.57,-0.99,-9.30,-6.45,3.16,-3.52,1.29,0.38,-8.80,-3.36,3.35,-2.01,1.97,-0.95,-9.41,1.84,2.88,-1.25,2.50,-0.19,-6.26,4.26,3.57,0.59,1.30,-0.82,-0.00,0.45,-114.20,172.30,0.61,R
47.154,105,0,0,255,0,-4.29,-7.16,-0.95,4.41,-0.75,-0.05,-1.99,-7.54,-0.22,3.36,-0.27,2.22,-1.70,-7.40,1.04,3.32,-0.05,2.26,-0.18,-5.36,1.23,3.65,-0.25,2.39,-0.78,-2.87,7.58,3.97,1.42,1.26,-0.71,-0.05,0.46,0.55,230.77,-22.95,R
47.205,94,0,0,255,0,-4.07,-10.90,0.69,5.07,-1.95,0.35,-5.34,-7.79,5.11,4.01,-0.65,3.12,-3.40,-5.40,3.46,4.24,0.17,3.25,-4.51,-4.70,5.97,3.79,0.63,3.78,-2.81,1.06,7.00,4.79,1.79,1.67,-0.53,-0.06,0.54,-14.59,297.67,-11.96,R
47.256,72,0,0,255,0,-3.96,-8.66,-0.42,5.68,-2.49,0.25,-3.10,-5.75,3.21,3.71,-0.65,2.94,-4.06,-4.75,7.93,3.50,-0.15,2.61,-6.01,-3.83,9.17,3.18,-0.58,2.47,-4.68,2.33,11.33,3.30,0.96,1.28,-0.15,0.03,0.75,23.07,263.00,-6.90,R
47.307,66,0,0,255,0,-2.66,-5.70,0.54,4.59,-2.06,0.27,-5.41,-4.47,6.30,2.97,-1.27,1.56,-4.52,-2.77,7.54,2.72,-1.49,1.06,-5.69,-0.48,8.88,2.33,-2.11,0.93,-4.34,5.94,12.07,2.29,-1.02,1.00,0.12,-0.06,0.92,25.45,169.92,-7.93,R
47.358,74,0,0,255,0,-3.02,-5.73,6.40,2.66,-1.63,0.44,-6.14,-0.71,9.10,1.07,-1.81,1.13,-6.33,0.21,10.28,1.06,-2.21,0.86,-5.76,-0.14,10.09,0.65,-2.70,0.94,-3.62,5.13,8.95,0.57,-1.49,1.49,0.09,-0.14,1.00,22.58,73.91,8.97,R
47.409,72,0,0,255,0,-3.12,-6.64,10.14,1.96,-1.66,0.22,-5.03,-3.23,8.86,0.79,-1.54,0.44,-3.86,-2.34,8.87,0.85,-1.82,0.24,-3.84,-0.97,9.29,0.61,-1.81,0.13,-2.37,3.38,8.84,0.73,-1.37,0.73,0.15,-0.12,1.13,1.53,52.19,-4.70,R
47.46,93,0,0,255,0,-1.30,-5.46,9.35,1.81,-1.12,-0.27,-5.38,0.11,7.92,1.31,-1.12,0.25,-3.75,1.94,8.78,1.44,-0.58,0.04,-2.65,0.63,5.45,1.17,-0.19,0.20,-2.23,3.75,6.81,1.28,0.01,-0.11,0.17,-0.14,1.03,7.02,87.52,-14.22,R
47.511,106,0,0,255,0,-1.45,-4.87,9.76,2.14,-0.77,-0.49,-3.89,-0.67,7.76,1.54,-0.14,0.16,-3.27,0.27,9.90,1.30,-0.21,-0.22,-3.33,0.88,10.64,1.17,-0.11,-0.25,-1.82,6.30,9.64,1.19,-0.42,-0.62,0.23,-0.14,0.99,18.62,83.31,-20.14,R
47.562,88,0,0,255,0,-0.66,-2.81,7.45,1.69,-0.36,-0.44,-4.95,0.70,11.03,1.08,-0.37,0.06,-2.31,1.06,10.55,0.79,-0.75,-0.21,-3.22,1.10,9.68,0.60,-0.50,-0.20,-1.34,6.26,8.24,0.59,-0.57,-0.52,0.27,-0.18,0.96,15.32,58.11,-13.61,R
47.614,93,0,0,255,0,-1.18,-1.25,6.37,0.31,0.58,-0.05,-3.36,1.40,6.80,0.44,-0.70,-0.34,-2.44,2.32,7.83,0.23,-0.73,-0.44,-2.59,2.13,8.18,-0.07,-0.24,-0.30,-1.79,6.81,7.33,-0.20,0.10,-0.49,0.30,-0.13,0.91,27.22,2.81,-13.92,R
47.664,39,0,0,255,0,-0.85,-3.81,8.82,0.27,0.36,0.34,-2.87,0.42,6.57,-0.06,-0.15,0.07,-2.01,0.97,7.86,-0.20,-0.06,0.02,-8.41,15.48,56.76,4.75,-5.17,0.68,-3.10,31.19,-3.32,5.79,-3.81,1.78,0.27,-0.21,0.91,33.81,10.44,-15.50,R
47.716,28,0,0,255,0,-0.74,0.77,13.17,0.68,-0.74,-1.24,-4.00,7.88,13.46,-1.40,-0.45,-0.28,-1.26,-8.72,14.87,-1.08,0.34,-0.04,-0.85,-4.13,8.13,-0.09,0.30,0.14,-0.45,4.84,8.19,-0.75,0.11,-0.14,0.85,-0.64,1.66,-69.15,-5.49,20.14,R
47.766,74,0,0,255,0,-0.11,-3.72,8.94,0.38,0.33,-0.05,-3.00,0.84,9.62,0.15,-0.60,-0.07,-1.79,1.82,10.20,-0.67,-0.46,-0.06,-1.84,1.47,9.92,-0.73,-0.28,-0.03,-1.27,5.55,8.54,-0.43,-0.07,-0.05,0.22,-0.21,0.79,15.93,36.74,-23.38,R
47.818,79,0,0,255,0,-1.41,-2.97,9.51,-0.22,0.04,-0.39,-3.61,0.69,9.45,-0.14,-0.17,-0.27,-1.71,0.30,9.81,-0.01,-0.28,-0.14,-1.56,0.47,9.83,-0.17,-0.26,-0.04,-0.88,4.42,8.74,-0.53,0.00,0.07,0.17,-0.19,0.96,-18.31,-5.00,5.07,R
47.868,86,0,0,255,0,-1.42,-2.63,9.52,-0.07,0.22,-0.11,-2.88,0.68,9.30,0.25,-0.16,0.02,-1.44,0.72,9.61,-0.21,-0.11,0.07,-1.42,0.54,9.69,-0.01,-0.03,0.02,-0.70,5.39,8.37,0.04,-0.00,-0.02,0.34,-0.12,0.98,-13.06,8.73,-6.53,R
47.919,67,0,0,255,0,-1.15,-3.19,9.50,-0.04,0.12,0.01,-2.96,0.44,9.51,-0.09,0.10,-0.04,-1.72,0.70,9.65,-0.12,0.04,-0.01,-1.66,0.41,9.71,-0.01,0.10,-0.05,-1.09,5.14,8.52,0.05,0.04,-0.02,0.26,-0.19,0.95,-4.27,1.53,4.15,R
47.97,98,0,0,255,0,-1.01,-3.34,9.43,0.02,0.04,-0.07,-3.02,0.49,9.49,0.16,0.09,0.03,-1.74,0.66,9.72,0.14,0.04,0.01,-1.70,0.65,9.66,0.17,0.04,0.01,-0.84,5.11,8.44,0.05,0.03,0.02,0.31,-0.17,0.95,-13.37,10.56,0.98,R
48.021,85,0,0,255,0,-1.13,-3.60,9.38,-0.20,0.01,-0.05,-2.87,0.63,9.38,0.01,-0.03,-0.05,-1.50,0.65,9.71,0.00,-0.01,-0.02,-1.47,0.63,9.76,0.05,0.04,-0.03,-0.79,5.08,8.52,-0.08,0.04,-0.01,0.27,-0.15,0.97,-6.77,-3.30,1.34,R
48.072,80,0,0,255,0,-1.07,-3.29,9.38,0.02,0.09,0.02,-3.04,0.52,9.42,0.04,0.05,0.00,-1.75,0.82,9.69,0.03,0.03,-0.01,-1.88,0.67,9.66,0.10,0.10,-0.03,-0.54,5.40,8.30,0.03,0.03,-0.01,0.32,-0.17,0.95,-5.74,7.75,0.67,R
48.123,72,0,0,255,0,-1.44,-2.90,9.21,-0.03,0.12,-0.15,-3.02,0.59,9.34,0.01,0.08,0.02,-1.73,0.88,9.65,0.02,0.03,0.01,-1.80,0.67,9.64,0.09,0.05,-0.01,-1.02,5.22,8.50,0.06,0.03,0.01,0.30,-0.15,0.95,-8.06,2.08,-0.92,R
48.174,63,0,0,255,0,-1.28,-3.15,9.45,-0.11,0.06,-0.14,-3.00,0.62,9.36,0.07,0.07,0.00,-1.60,0.83,9.63,0.05,0.02,-0.01,-1.60,0.74,9.69,0.09,0.05,-0.02,-0.85,5.23,8.51,0.02,0.02,-0.01,0.29,-0.12,0.95,-9.34,1.77,-0.85,R
48.225,48,0,0,255,0,-1.16,-3.55,9.37,-0.07,0.07,-0.08,-2.98,0.70,9.35,0.01,0.03,0.01,-1.68,0.86,9.67,0.01,-0.01,-0.01,-1.80,0.78,9.67,0.05,0.03,-0.01,-1.01,5.17,8.54,-0.00,0.02,0.01,0.31,-0.13,0.95,-3.54,1.77,-1.46,R
48.276,20,0,0,255,0,-1.22,-3.51,9.25,-0.06,0.08,-0.12,-2.99,0.67,9.38,0.05,0.04,-0.00,-1.64,0.95,9.62,0.04,0.02,-0.00,-1.70,0.93,9.71,0.07,0.04,-0.01,-0.78,5.09,8.52,0.01,0.02,-0.01,0.30,-0.13,0.96,-5.00,0.24,-1.22,R
48.327,42,0,0,255,0,-1.24,-3.46,9.29,-0.04,0.03,-0.00,-3.07,0.61,9.40,0.00,0.03,0.00,-1.63,0.93,9.60,0.01,-0.00,-0.00,-1.75,0.84,9.62,0.05,0.02,-0.00,-0.88,5.13,8.58,0.04,0.01,0.00,0.30,-0.13,0.96,-4.64,1.59,-1.83,R
48.379,50,0,0,255,0,-1.24,-3.58,9.20,0.00,0.04,-0.03,-3.07,0.67,9.40,0.05,0.01,0.03,-1.18,1.66,9.23,0.22,0.00,0.00,-1.74,0.27,9.47,0.12,0.00,0.02,-0.94,5.09,8.58,0.05,0.02,0.02,0.31,-0.12,0.95,-6.23,1.83,-4.21,R
48.43,58,0,0,255,0,-1.42,-3.25,9.37,-0.04,0.01,-0.01,-3.57,0.68,9.39,-0.00,-0.05,0.01,-1.58,1.01,9.62,-0.01,-0.04,0.00,-1.73,0.86,9.69,0.01,-0.00,0.01,-0.93,5.20,8.50,0.00,0.02,-0.01,0.30,-0.11,0.95,-0.98,-0.18,-2.87,R
48.48,93,0,0,255,0,-1.23,-3.51,9.29,-0.01,0.02,-0.01,-2.97,0.65,9.49,0.08,-0.16,-0.02,-1.64,1.04,9.61,0.04,-0.03,0.01,-1.70,0.95,9.64,0.04,0.01,0.01,-0.91,5.08,8.56,0.03,0.04,0.02,0.30,-0.12,0.95,-0.31,-1.04,-2.99,R
48.532,77,0,0,255,0,-1.42,-3.43,9.31,0.00,-0.02,0.01,-3.30,2.30,10.11,0.29,-0.18,0.38,-1.64,1.15,9.62,0.06,-0.01,0.01,-1.71,0.99,9.64,0.02,0.01,0.01,-0.92,5.18,8.46,0.01,0.02,-0.02,0.31,-0.11,0.96,-0.18,1.53,-0.49,R
48.582,42,0,0,255,0,-1.10,-3.82,9.27,-0.10,-0.04,0.01,-2.42,-0.27,8.98,0.10,-0.78,0.13,-1.67,1.16,9.62,0.12,0.05,0.01,-1.75,0.96,9.67,0.08,0.03,0.01,-0.88,4.99,8.57,0.04,0.04,0.02,0.29,-0.12,0.96,-1.46,0.24,1.65,R
48.633,30,0,0,255,0,-1.26,-3.36,9.26,-0.01,0.01,0.03,-2.01,1.15,8.67,0.01,-0.75,0.17,-1.67,1.16,9.59,0.01,0.01,0.01,-1.76,1.01,9.73,0.03,0.02,0.00,-0.93,5.23,8.45,0.01,0.03,-0.01,0.31,-0.11,0.95,1.53,0.79,0.61,R
48.684,38,0,0,255,0,-1.22,-3.44,9.22,-0.07,0.01,-0.01,-1.62,1.11,8.60,-0.06,-0.03,0.09,-1.61,1.25,9.59,-0.06,0.01,-0.00,-1.78,0.87,9.65,-0.02,0.01,0.00,-0.90,5.18,8.54,0.03,0.02,-0.01,0.30,-0.12,0.96,1.71,-0.49,0.37,R
48.735,83,0,0,255,0,-1.17,-3.76,9.26,-0.02,0.02,0.01,-1.91,1.02,9.28,0.04,-0.43,0.06,-1.58,1.27,9.61,0.00,0.01,0.01,-1.74,1.02,9.70,0.02,0.02,-0.00,-0.94,5.19,8.57,0.01,0.02,-0.01,0.31,-0.11,0.95,0.24,0.55,-0.43,R
48.786,90,0,0,255,0,-1.18,-3.59,9.24,0.02,0.02,-0.01,-1.34,1.13,7.92,-0.04,0.18,-0.01,-1.70,1.26,9.55,-0.09,-0.02,0.00,-1.75,1.11,9.61,-0.05,0.00,-0.00,-0.88,5.29,8.47,-0.04,0.02,-0.02,0.30,-0.12,0.95,-0.06,-1.16,-1.04,R
48.837,101,0,0,255,0,-1.15,-3.55,9.15,-0.03,0.03,-0.02,-2.26,0.69,11.89,-0.05,-0.33,0.18,-1.53,1.12,9.66,0.06,0.01,-0.01,-1.66,0.89,9.64,0.03,0.02,-0.01,-0.98,5.04,8.51,0.02,0.03,-0.02,0.30,-0.12,0.96,0.67,-0.37,0.24,R
48.888,91,0,0,255,0,-1.28,-3.59,9.29,0.04,0.02,-0.01,-1.15,1.54,7.93,0.01,0.01,-0.03,-1.70,1.48,9.59,-0.09,-0.02,0.00,-1.74,1.11,9.69,-0.08,0.00,-0.01,-0.91,5.20,8.54,-0.05,0.02,-0.03,0.32,-0.11,0.95,-0.31,0.00,-0.61,R
48.939,71,0,0,255,0,-1.39,-3.30,9.30,-0.06,0.01,-0.04,-1.81,1.08,14.18,-0.08,-0.38,0.20,-1.60,0.86,9.69,0.02,0.00,-0.02,-1.66,0.82,9.66,0.03,0.02,-0.03,-1.07,5.17,8.51,0.03,0.02,-0.06,0.29,-0.13,0.97,0.55,-0.67,1.71,R
48.99,103,0,0,255,0,-1.35,-4.14,9.13,0.02,-0.01,0.03,-0.83,2.09,9.85,0.00,-0.97,0.16,-1.66,1.57,9.58,0.15,-0.18,-0.08,-1.71,1.08,9.75,-0.16,-0.09,-0.06,-0.83,5.04,8.66,-0.14,-0.00,-0.07,0.32,-0.10,0.95,4.39,-3.30,2.69,R
49.041,103,0,0,255,0,-1.22,-3.59,9.29,-0.12,-0.07,0.00,-1.11,1.04,11.31,-0.24,-1.00,0.47,-1.62,0.97,9.58,0.24,-0.11,-0.15,-1.68,0.84,9.55,0.01,-0.02,-0.10,-1.10,5.10,8.55,-0.08,-0.00,-0.11,0.29,-0.12,0.96,2.20,-2.87,6.10,R
49.092,19,22,23,255,34,-1.15,-3.82,9.28,0.05,-0.16,0.11,0.21,1.79,7.73,0.01,-1.27,0.36,-1.60,1.58,9.49,0.42,-0.30,-0.22,-1.60,0.95,9.68,0.03,-0.14,-0.11,-1.07,5.09,8.54,-0.03,-0.04,-0.13,0.30,-0.11,0.96,2.32,-0.24,6.47,R
49.143,16,10,19,255,33,-0.64,-4.16,9.05,-0.02,-0.18,0.14,0.55,0.22,11.67,-0.10,-0.77,0.36,-1.22,2.20,9.52,0.91,-0.30,-0.40,-1.58,1.43,9.62,0.27,-0.13,-0.19,-1.06,5.66,8.38,0.12,-0.16,-0.19,0.32,-0.13,0.97,-2.26,-4.21,7.26,R
49.194,19,1,17,255,33,-1.00,-3.79,9.27,-0.20,-0.15,0.07,0.76,0.47,9.38,-0.06,-0.67,0.29,-2.27,2.55,9.90,0.72,-0.41,-0.49,-1.45,0.78,9.62,0.31,-0.18,-0.24,-1.01,5.11,8.59,-0.04,-0.10,-0.21,0.29,-0.11,0.97,1.59,-8.00,6.96,R
49.245,20,0,12,255,33,-0.92,-3.68,9.20,-0.06,-0.12,0.05,0.73,0.01,11.21,-0.07,-0.10,0.21,-1.03,2.25,9.42,0.29,-0.18,-0.20,-1.90,0.42,9.42,0.16,-0.11,-0.05,-0.95,4.92,8.62,0.03,-0.06,-0.10,0.27,-0.12,0.95,1.89,-1.71,3.85,R
49.296,22,0,13,255,32,-0.71,-4.10,9.16,-0.06,-0.06,0.08,1.42,0.82,9.17,0.05,-0.19,-0.06,-0.97,2.23,9.39,0.22,-0.11,-0.11,-1.47,1.30,9.68,0.06,-0.03,-0.03,-0.93,5.08,8.62,0.00,-0.01,-0.04,0.30,-0.11,0.96,0.73,0.49,1.10,R
49.347,22,0,8,255,33,-0.86,-3.79,9.24,-0.08,-0.02,0.01,1.37,0.89,8.59,-0.09,0.31,0.05,-1.06,2.31,9.32,0.03,-0.11,-0.10,-1.42,1.18,9.68,-0.06,-0.03,-0.05,-1.03,4.92,8.58,-0.02,-0.01,-0.07,0.29,-0.11,0.95,0.79,-2.20,2.32,R
49.398,20,0,8,255,31,-0.94,-3.72,9.25,-0.11,0.05,-0.06,0.81,-0.59,9.76,-0.09,0.10,-0.13,-0.90,2.54,9.44,-0.16,-0.00,0.02,-1.33,1.02,9.71,-0.03,0.02,0.00,-1.01,4.88,8.62,0.00,0.03,0.01,0.28,-0.11,0.96,-0.18,-2.75,0.49,R
49.449,19,0,5,255,30,-0.84,-4.22,9.11,-0.05,0.03,-0.05,0.82,1.20,9.63,-0.08,0.22,-0.01,-0.89,2.22,9.48,-0.11,0.00,0.01,-1.43,1.15,9.71,0.01,0.01,-0.01,-0.98,5.19,8.52,0.00,0.03,-0.00,0.27,-0.11,0.97,0.49,-1.34,0.92,R
49.5,18,0,4,255,31,-1.02,-3.75,9.23,0.04,0.03,-0.03,1.00,0.91,8.04,-0.07,0.41,-0.07,-0.86,2.54,9.44,-0.18,-0.04,0.04,-1.32,1.21,9.70,-0.13,-0.01,0.00,-0.91,4.99,8.59,-0.07,0.04,-0.01,0.30,-0.10,0.96,1.22,-1.28,-0.49,R
49.551,18,0,4,255,31,-0.83,-3.90,9.15,-0.08,0.01,-0.11,0.10,0.14,0.25,-0.31,4.10,-0.38,-0.78,2.55,9.32,-0.91,-0.19,0.13,-1.57,1.56,9.89,-0.52,-0.06,0.01,-0.98,5.03,8.60,-0.34,0.06,0.01,0.31,-0.09,0.94,8.73,-7.75,-3.23,R
49.602,20,0,6,255,30,-0.54,-2.24,9.84,0.20,0.08,-0.33,-3.73,3.96,5.40,-0.02,1.97,-0.54,-2.00,5.67,9.50,-0.22,0.05,0.04,-2.43,0.12,9.27,-0.35,-0.13,0.11,-0.92,5.39,8.48,-0.18,-0.01,0.09,0.21,-0.11,0.97,-1.16,-2.87,0.98,R
49.653,20,0,5,255,29,-0.91,-4.30,9.07,0.12,0.01,-0.05,-1.89,0.06,9.23,0.06,-0.02,0.04,-0.74,1.58,9.58,-0.49,0.06,0.19,-1.49,0.54,9.84,-0.28,0.05,0.05,-1.01,4.75,8.69,-0.06,0.05,0.02,0.28,-0.13,0.97,6.71,-1.28,-1.46,R
49.704,22,0,6,255,29,-0.88,-3.98,9.16,0.05,0.03,-0.00,-1.84,0.81,9.73,-0.01,0.04,0.01,-0.86,1.13,9.77,-0.14,0.00,0.06,-1.12,0.72,9.93,-0.14,0.03,0.03,-0.97,4.98,8.67,-0.03,0.03,0.01,0.29,-0.13,0.96,1.89,0.98,-1.22,R
49.756,22,0,5,255,30,-0.91,-3.96,9.13,0.04,0.02,-0.01,-1.84,0.63,9.73,0.14,0.05,-0.03,-0.79,1.30,9.73,-0.18,0.02,0.06,-1.40,0.47,9.75,-0.09,0.03,0.02,-0.98,4.76,8.76,-0.05,0.03,0.02,0.27,-0.13,0.96,2.69,2.81,-0.79,R
49.806,22,0,8,255,29,-0.93,-3.89,9.17,0.06,0.03,0.00,-1.74,0.68,9.67,0.10,0.09,0.01,-0.81,0.74,9.75,-0.26,0.13,0.12,-1.42,0.48,9.80,-0.04,0.07,0.03,-0.95,4.73,8.73,0.05,0.03,0.01,0.28,-0.13,0.96,0.79,2.99,-1.04,R
49.857,22,0,10,255,30,-0.96,-3.83,9.25,0.03,0.02,-0.01,-1.82,0.86,9.62,0.05,0.03,0.01,-0.91,1.08,9.74,-0.25,0.07,0.10,-1.44,0.43,9.73,-0.09,0.04,0.02,-0.99,4.82,8.74,-0.00,0.03,-0.00,0.28,-0.13,0.96,2.44,0.49,-1.28,R
49.908,22,0,11,255,28,-1.02,-3.79,9.23,0.04,0.04,-0.02,-1.86,0.89,9.65,0.04,0.03,0.01,-0.81,0.93,9.70,-0.22,0.08,0.10,-1.46,0.37,9.75,-0.04,0.03,0.01,-0.95,4.75,8.76,-0.01,0.04,0.00,0.28,-0.13,0.96,1.40,1.04,-1.04,R
49.959,22,0,11,255,27,-1.00,-3.76,9.21,0.04,0.04,-0.01,-1.85,0.93,9.70,0.05,0.02,0.02,-0.99,0.89,9.73,-0.11,0.06,0.06,-1.51,0.46,9.68,-0.02,0.04,0.02,-0.98,4.68,8.80,-0.00,0.03,0.01,0.29,-0.14,0.96,0.31,1.59,-1.04,R
50.01,27,0,11,255,29,-1.03,-3.76,9.22,0.02,0.04,-0.01,-1.70,0.87,9.63,0.00,0.05,0.00,-1.11,0.82,9.73,-0.09,0.07,0.05,-1.46,0.39,9.74,-0.02,0.03,0.00,-0.97,4.78,8.73,0.02,0.02,-0.00,0.28,-0.14,0.96,1.22,1.04,-0.67,R
50.061,24,1,11,255,30,-0.99,-3.74,9.21,0.04,0.04,-0.01,-1.86,0.99,9.63,0.04,0.03,0.01,-0.91,0.79,9.77,-0.10,0.04,0.04,-1.50,0.38,9.76,-0.00,0.03,0.01,-1.04,4.78,8.73,0.01,0.02,0.01,0.29,-0.14,0.96,0.98,1.28,-0.92,R
50.112,23,0,12,255,29,-1.02,-3.75,9.25,0.02,0.04,-0.01,-1.86,0.93,9.65,0.02,0.05,0.00,-0.95,0.81,9.77,-0.03,0.02,0.02,-1.47,0.49,9.80,0.01,0.03,0.01,-1.04,4.75,8.74,-0.02,0.02,0.02,0.29,-0.13,0.96,0.12,1.59,-1.04,R
50.163,25,1,11,255,29,-1.09,-3.73,9.23,0.04,0.04,-0.01,-1.85,0.99,9.61,0.01,0.02,0.00,-0.96,0.74,9.75,-0.05,0.00,0.02,-1.50,0.41,9.78,-0.01,0.02,-0.00,-0.97,4.71,8.73,-0.01,0.02,-0.00,0.29,-0.14,0.96,1.34,0.61,-1.10,R
50.214,25,2,0,255,29,-1.03,-3.74,9.25,0.03,0.03,-0.01,-1.92,1.03,9.59,0.04,0.04,-0.00,-0.94,0.73,9.70,-0.03,0.02,0.01,-1.49,0.47,9.75,0.00,0.02,0.00,-1.00,4.74,8.72,-0.02,0.03,-0.00,0.29,-0.13,0.96,0.67,0.98,-0.37,R
50.265,28,1,11,255,29,-1.06,-3.70,9.28,0.01,0.02,-0.00,-1.85,1.05,9.63,0.04,0.04,-0.00,-0.95,0.80,9.78,-0.04,0.02,0.01,-1.46,0.46,9.74,0.00,0.03,0.00,-1.03,4.70,8.76,-0.03,0.04,0.00,0.29,-0.13,0.96,0.55,0.55,-0.06,R
50.316,25,0,12,255,27,-1.08,-3.72,9.21,0.01,0.03,-0.00,-1.90,1.04,9.63,0.04,0.06,0.00,-0.99,0.68,9.74,-0.01,0.04,0.01,-1.47,0.46,9.77,0.02,0.04,0.01,-1.02,4.79,8.66,-0.00,0.03,0.01,0.29,-0.14,0.96,0.06,1.10,-0.18,R
50.367,25,2,11,255,28,-1.04,-3.77,9.22,0.01,0.03,-0.01,-1.94,1.10,9.63,0.02,0.05,0.01,-1.02,0.74,9.78,-0.03,0.02,0.01,-1.51,0.44,9.72,0.00,0.04,0.01,-0.99,4.75,8.79,0.01,0.04,0.01,0.29,-0.14,0.96,-0.06,1.10,-0.37,R
50.419,26,1,15,255,29,-1.06,-3.72,9.24,0.00,0.02,-0.01,-1.95,1.08,9.69,0.03,0.04,0.01,-1.00,0.72,9.72,0.00,0.02,0.01,-1.49,0.45,9.82,0.03,0.04,0.01,-1.03,4.74,8.75,0.01,0.03,0.01,0.29,-0.13,0.96,-1.65,0.98,-1.22,R
50.469,26,3,11,255,29,-0.99,-3.73,9.24,0.01,0.03,-0.02,-1.91,1.13,9.55,0.07,0.08,-0.00,-1.09,0.91,9.77,-0.02,0.03,0.01,-1.58,0.47,9.75,0.00,0.03,0.01,-1.03,4.71,8.75,-0.02,0.02,0.02,0.30,-0.13,0.96,-0.49,0.92,-0.98,R
50.52,28,3,15,255,29,-1.08,-3.70,9.24,0.01,0.03,-0.01,-1.96,1.09,9.61,0.03,0.05,0.00,-1.04,0.81,9.74,0.01,0.04,0.00,-1.61,0.45,9.79,0.04,0.02,0.01,-0.99,4.73,8.70,0.01,0.03,0.01,0.29,-0.14,0.96,-0.61,1.28,-1.04,R
50.571,28,5,16,255,29,-1.06,-3.72,9.19,0.01,0.03,-0.01,-2.02,1.12,9.58,0.03,0.09,-0.00,-1.13,0.79,9.74,0.01,0.05,0.00,-1.61,0.56,9.76,0.04,0.03,0.00,-1.05,4.86,8.76,0.02,0.02,0.01,0.30,-0.13,0.96,-2.87,0.24,-1.22,R
50.622,27,6,15,255,32,-1.09,-3.71,9.26,0.01,0.01,-0.00,-2.03,1.08,9.59,0.03,0.06,-0.01,-1.13,0.85,9.73,0.02,0.02,0.01,-1.64,0.47,9.80,0.03,0.02,0.01,-0.99,4.80,8.74,0.03,0.02,0.01,0.29,-0.13,0.96,-1.10,0.85,-0.24,R
50.673,27,4,15,255,29,-1.12,-3.75,9.19,-0.02,-0.02,-0.00,-2.05,1.19,9.62,0.02,0.04,-0.01,-1.07,0.82,9.71,0.02,0.01,0.01,-1.56,0.45,9.74,0.04,0.02,0.01,-0.96,4.71,8.75,0.01,0.02,0.02,0.29,-0.12,0.96,-2.99,0.55,-0.12,R
50.724,29,4,16,255,29,-1.00,-3.65,9.26,-0.00,-0.01,-0.01,-1.97,1.19,9.58,0.01,0.04,-0.01,-1.11,0.89,9.74,-0.02,0.01,-0.00,-1.50,0.57,9.76,-0.00,0.01,-0.01,-0.95,4.75,8.77,-0.02,0.02,-0.02,0.31,-0.12,0.96,-2.87,-0.85,-0.55,R
50.775,29,5,16,255,29,-1.11,-3.81,9.22,-0.03,0.03,-0.01,-2.14,1.19,9.60,-0.03,0.05,-0.01,-1.08,0.82,9.75,-0.01,0.03,-0.00,-1.67,0.53,9.71,0.03,0.02,-0.00,-1.04,4.70,8.77,0.01,0.01,-0.00,0.29,-0.13,0.96,-4.33,0.12,-0.37,R
50.826,27,4,10,255,29,-1.10,-3.71,9.23,-0.00,0.00,0.01,-2.11,1.16,9.53,-0.02,0.02,-0.00,-1.08,0.84,9.71,-0.04,0.01,0.01,-1.52,0.54,9.74,0.01,0.02,-0.00,-1.00,4.75,8.75,0.03,0.02,-0.01,0.29,-0.12,0.96,-2.69,0.24,0.31,R
50.877,28,3,16,255,29,-1.10,-3.73,9.22,-0.01,0.00,0.02,-2.05,1.30,9.58,-0.01,0.06,-0.01,-1.09,0.92,9.73,-0.04,0.02,0.01,-1.58,0.60,9.75,0.04,0.02,0.00,-1.00,4.77,8.79,0.01,0.02,-0.01,0.29,-0.11,0.96,-4.03,0.98,0.61,R
50.928,28,4,15,255,29,-1.10,-3.80,9.21,0.00,-0.01,0.03,-2.08,1.19,9.62,-0.01,0.03,-0.00,-1.06,0.85,9.74,-0.01,0.01,0.01,-1.61,0.55,9.74,0.02,0.02,0.00,-0.94,4.74,8.73,0.02,0.02,-0.00,0.30,-0.12,0.96,0.37,2.01,1.46,R
50.979,29,4,13,255,29,-1.10,-3.76,9.26,-0.00,-0.02,0.03,-2.11,1.08,9.53,0.05,0.08,-0.02,-1.18,0.89,9.77,0.04,0.03,0.00,-1.58,0.65,9.71,0.04,0.02,0.01,-0.91,4.86,8.64,0.03,0.01,0.01,0.30,-0.11,0.96,-1.16,2.14,1.34,R
51.031,27,5,15,255,29,-0.97,-3.74,9.19,0.01,-0.01,0.03,-2.12,1.10,9.56,-0.00,0.06,-0.01,-2.21,1.21,9.81,-0.05,0.10,0.06,-1.74,0.58,9.89,0.10,0.02,-0.01,-0.98,4.82,8.70,0.05,0.02,-0.02,0.31,-0.11,0.95,-1.40,2.87,0.67,R
51.081,29,3,16,255,29,-1.00,-3.80,9.20,-0.02,0.01,0.01,-2.21,1.16,9.59,0.02,0.09,-0.02,-1.13,0.99,9.68,0.02,0.06,0.00,-1.57,0.68,9.76,0.05,0.03,0.00,-0.97,4.79,8.71,0.04,0.02,-0.00,0.30,-0.11,0.96,-2.38,1.34,0.85,R
51.132,28,2,17,255,29,-1.04,-3.68,9.22,0.00,0.00,0.00,-2.19,1.25,9.59,-0.00,0.05,-0.01,-1.13,0.97,9.70,-0.02,0.03,0.01,-1.57,0.71,9.74,0.01,0.03,0.00,-0.99,4.79,8.77,0.02,0.03,-0.01,0.31,-0.11,0.95,-0.67,1.40,0.31,R
51.183,28,3,17,255,29,-0.97,-3.79,9.20,0.00,0.01,-0.00,-2.19,1.19,9.52,0.00,0.08,-0.01,-1.16,0.98,9.76,-0.00,0.04,0.01,-1.59,0.76,9.71,0.02,0.02,0.00,-1.01,4.86,8.71,0.03,0.02,-0.00,0.31,-0.10,0.96,-1.04,1.16,0.37,R
51.234,28,7,16,255,29,-0.99,-3.78,9.20,0.00,0.01,0.01,-2.16,1.29,9.59,0.02,0.05,-0.00,-1.15,1.14,9.72,-0.03,0.02,0.02,-1.63,0.66,9.74,-0.00,0.02,0.00,-1.01,4.79,8.72,0.02,0.01,-0.00,0.31,-0.10,0.96,0.55,1.89,-0.06,R
51.285,28,6,16,255,29,-0.99,-3.71,9.24,0.03,0.03,-0.00,-2.28,1.06,9.50,-0.01,0.08,0.01,-1.24,0.98,9.77,-0.05,0.03,0.01,-1.58,0.71,9.74,0.01,0.02,0.00,-0.92,4.88,8.71,0.03,0.03,-0.02,0.31,-0.10,0.96,0.67,0.49,0.18,R
51.336,27,8,18,255,28,-1.08,-3.73,9.19,0.02,0.02,-0.00,-2.26,1.24,9.50,-0.01,0.04,0.02,-1.19,0.99,9.72,-0.04,0.04,0.02,-1.57,0.71,9.70,0.00,0.03,0.01,-1.02,4.79,8.71,0.03,0.03,0.01,0.31,-0.10,0.95,2.93,1.77,-0.06,R
51.388,28,7,18,255,29,-1.02,-3.73,9.27,0.03,0.02,-0.01,-2.22,1.30,9.50,0.05,0.04,0.01,-1.16,1.15,9.65,-0.03,0.01,0.02,-1.58,0.74,9.70,-0.01,0.01,0.01,-0.97,4.70,8.73,-0.01,0.03,0.01,0.31,-0.10,0.96,3.60,1.34,-0.43,R
51.438,28,7,17,255,28,-1.10,-3.73,9.23,0.07,0.04,0.00,-2.52,1.23,9.56,0.07,0.06,0.02,-1.31,1.04,9.70,-0.05,0.01,0.01,-1.69,0.70,9.70,-0.02,0.01,0.01,-0.99,4.81,8.72,-0.01,0.02,0.00,0.32,-0.12,0.96,3.54,1.10,-1.16,R
51.489,27,8,19,255,29,-1.07,-3.65,9.22,0.01,0.04,-0.01,-2.24,1.33,9.52,0.01,0.03,0.01,-1.27,0.99,9.73,-0.03,0.01,0.01,-1.64,0.66,9.79,-0.03,0.01,0.00,-0.99,4.95,8.67,-0.03,0.02,-0.00,0.31,-0.11,0.96,1.89,-0.18,-1.04,R
51.54,27,9,18,255,29,-1.01,-3.75,9.23,0.01,0.03,-0.01,-2.09,1.30,9.53,0.06,0.02,0.01,-1.28,0.93,9.72,-0.07,-0.00,0.01,-1.57,0.65,9.72,-0.03,0.01,0.01,-1.04,4.86,8.71,0.01,0.02,-0.01,0.31,-0.11,0.96,1.28,0.24,-1.89,R
51.592,29,10,19,255,27,-1.06,-3.64,9.26,0.01,0.04,-0.02,-2.26,1.48,9.57,0.03,0.01,0.00,-1.26,0.96,9.74,-0.05,0.01,0.00,-1.55,0.64,9.76,-0.03,0.01,-0.00,-0.95,4.80,8.70,-0.01,0.02,-0.01,0.31,-0.12,0.95,0.55,-1.22,-2.26,R
51.642,28,10,18,255,28,-1.09,-3.73,9.28,-0.01,0.03,-0.02,-2.20,1.43,9.55,0.03,0.07,0.00,-1.25,0.96,9.72,-0.04,0.02,0.00,-1.60,0.71,9.79,-0.02,0.01,0.00,-0.97,4.78,8.69,-0.02,0.02,0.00,0.31,-0.11,0.96,0.37,-0.85,-2.08,R
51.693,28,13,20,255,32,-1.13,-3.73,9.26,0.03,0.04,-0.02,-2.25,1.40,9.50,0.03,0.05,0.01,-1.21,0.97,9.68,-0.05,0.03,0.01,-1.61,0.59,9.75,-0.01,0.01,0.00,-0.97,4.75,8.71,-0.01,0.01,-0.01,0.31,-0.12,0.95,1.16,-0.18,-2.38,R
51.744,30,13,20,255,29,-1.05,-3.76,9.22,0.01,0.03,-0.02,-2.34,1.40,9.50,0.03,0.04,0.01,-1.26,0.96,9.73,-0.03,0.01,0.01,-1.59,0.65,9.70,-0.01,0.02,-0.00,-1.02,4.85,8.71,0.00,0.02,-0.01,0.31,-0.11,0.95,1.59,-0.67,-1.95,R
51.795,29,15,20,255,26,-1.05,-3.76,9.30,-0.00,0.03,-0.04,-2.30,1.37,9.47,0.00,0.04,-0.00,-1.27,0.97,9.72,-0.03,0.01,0.00,-1.58,0.71,9.75,-0.01,0.01,0.00,-0.94,4.82,8.68,0.00,0.02,-0.02,0.31,-0.12,0.96,1.65,-0.92,-1.34,R
51.847,30,16,23,255,29,-1.15,-3.74,9.22,-0.00,0.02,-0.03,-2.33,1.47,9.47,0.02,0.04,-0.00,-1.26,0.90,9.71,-0.03,0.02,-0.00,-1.69,0.61,9.75,-0.01,0.01,0.00,-1.02,4.90,8.67,0.00,0.03,-0.00,0.30,-0.12,0.96,1.77,-0.49,-0.37,R
51.897,30,15,25,255,25,-1.12,-3.69,9.22,-0.00,0.01,-0.01,-2.30,1.43,9.48,-0.00,0.03,-0.00,-1.24,0.91,9.68,-0.02,0.01,0.00,-1.54,0.65,9.72,-0.01,0.01,0.00,-0.97,4.83,8.70,-0.01,0.02,-0.01,0.31,-0.12,0.96,0.79,-0.67,-0.18,R
51.948,32,16,20,255,29,-1.08,-3.72,9.23,-0.01,0.03,-0.01,-2.33,1.48,9.47,-0.01,0.04,-0.01,-1.31,1.00,9.70,-0.03,0.01,-0.01,-1.59,0.60,9.73,-0.02,0.01,-0.01,-0.92,4.82,8.75,0.00,0.02,-0.01,0.30,-0.12,0.95,0.31,-0.85,-0.18,R
51.999,29,16,19,255,28,-1.11,-3.75,9.27,-0.00,0.01,-0.01,-2.32,1.41,9.48,-0.00,0.03,-0.00,-1.27,0.95,9.73,-0.02,0.01,0.00,-1.57,0.64,9.75,0.01,0.01,-0.00,-0.95,4.82,8.73,0.01,0.02,-0.01,0.30,-0.12,0.96,-0.06,-0.24,-0.18,R
52.051,28,15,20,255,28,-1.10,-3.68,9.20,-0.00,0.01,-0.02,-2.34,1.40,9.47,-0.01,0.03,-0.01,-1.30,0.92,9.68,-0.03,0.01,0.00,-1.60,0.69,9.72,0.00,0.01,-0.01,-1.00,4.78,8.72,-0.02,0.02,-0.01,0.31,-0.12,0.96,-0.24,-0.79,-0.24,R
52.102,29,14,18,255,28,-1.13,-3.68,9.24,-0.02,0.00,-0.01,-2.35,1.47,9.46,-0.02,0.03,-0.01,-1.33,1.00,9.73,-0.01,0.01,-0.00,-1.58,0.68,9.77,0.01,0.01,-0.01,-1.03,4.86,8.70,0.00,0.01,-0.02,0.30,-0.12,0.96,-1.40,-0.18,0.79,R
52.155,29,15,20,255,28,-1.04,-3.71,9.28,-0.05,-0.02,-0.01,-2.33,1.43,9.49,-0.04,0.01,-0.03,-1.30,0.94,9.73,-0.04,0.01,-0.02,-1.50,0.61,9.75,-0.04,0.01,-0.02,-0.94,4.77,8.69,-0.04,0.02,-0.03,0.30,-0.11,0.96,-1.65,-1.65,3.05,R
52.203,27,14,19,255,28,-1.04,-3.80,9.22,-0.06,-0.04,0.00,-2.27,1.39,9.46,-0.05,0.02,-0.04,-1.26,0.97,9.70,-0.04,0.01,-0.01,-1.63,0.60,9.78,-0.00,0.01,-0.02,-0.96,4.81,8.69,-0.05,0.01,-0.03,0.30,-0.11,0.96,0.24,0.85,6.23,R
52.254,25,14,19,255,28,-1.04,-3.78,9.16,-0.04,-0.05,0.02,-2.34,1.47,9.44,-0.05,0.02,-0.03,-1.29,0.94,9.69,-0.05,-0.00,0.01,-1.59,0.61,9.73,0.00,-0.00,-0.01,-0.96,4.75,8.74,-0.01,0.01,-0.02,0.30,-0.11,0.96,1.10,1.34,6.35,R
52.305,26,12,19,255,27,-1.04,-3.83,9.16,-0.05,-0.04,0.02,-2.36,1.26,9.54,-0.02,0.02,-0.04,-1.28,0.95,9.70,-0.02,-0.02,0.01,-1.56,0.65,9.79,0.01,0.00,-0.00,-0.98,4.77,8.75,0.01,0.02,-0.02,0.30,-0.10,0.96,-0.37,2.38,5.55,R
52.356,26,11,18,255,28,-1.00,-3.89,9.21,-0.07,-0.01,0.02,-2.26,1.38,9.52,-0.03,0.01,-0.03,-1.27,0.96,9.70,-0.02,-0.00,0.01,-1.58,0.67,9.70,0.01,-0.00,0.00,-0.97,4.77,8.71,0.01,0.01,-0.01,0.31,-0.11,0.96,3.72,1.10,5.62,R
52.407,28,14,17,255,27,-1.02,-3.96,9.23,-0.04,-0.00,0.02,-2.36,1.36,9.47,-0.00,0.02,-0.03,-1.28,0.95,9.64,-0.01,-0.02,0.01,-1.59,0.71,9.79,0.02,0.00,0.00,-0.96,4.69,8.78,0.01,0.01,0.00,0.31,-0.11,0.95,1.28,3.05,6.71,R
52.458,26,13,19,255,28,-1.02,-3.82,9.15,-0.03,0.01,0.02,-2.30,1.30,9.57,-0.02,0.04,-0.02,-1.27,0.97,9.72,-0.02,0.01,0.01,-1.53,0.65,9.76,0.03,0.01,-0.00,-0.98,4.64,8.82,0.03,0.01,0.00,0.31,-0.11,0.95,-1.65,1.77,5.62,R
52.509,26,12,16,255,28,-0.92,-3.94,9.18,-0.00,0.02,0.03,-2.38,1.22,9.48,0.01,0.04,-0.00,-1.25,0.99,9.72,0.03,0.00,0.02,-1.55,0.81,9.73,0.06,0.01,0.02,-0.91,4.85,8.76,0.04,0.00,0.01,0.32,-0.10,0.95,-1.22,3.42,2.87,R
52.56,25,13,19,255,29,-1.02,-3.89,9.19,-0.01,0.01,0.03,-2.39,1.34,9.48,0.03,0.03,-0.01,-1.24,0.86,9.72,-0.01,0.00,0.02,-1.57,0.79,9.76,0.04,0.01,0.01,-0.98,4.80,8.74,0.03,0.01,0.01,0.32,-0.10,0.95,0.49,2.50,4.64,R
52.611,23,13,19,255,27,-1.02,-3.85,9.17,-0.01,0.02,0.03,-2.44,1.31,9.43,-0.01,0.02,-0.01,-1.29,0.96,9.66,0.01,-0.01,0.03,-1.52,0.69,9.73,0.03,0.01,0.02,-0.96,4.84,8.71,0.05,0.01,0.02,0.32,-0.10,0.95,2.44,3.97,4.76,R
52.662,24,12,19,255,27,-1.07,-4.04,9.12,0.02,0.03,0.02,-2.42,1.25,9.48,0.03,0.05,-0.00,-1.36,0.94,9.72,0.05,0.02,0.02,-1.64,0.80,9.75,0.05,0.02,0.02,-0.90,4.81,8.72,0.06,0.02,0.04,0.32,-0.11,0.95,-0.37,4.39,4.64,R
52.714,21,12,17,255,28,-1.10,-3.90,9.25,-0.02,0.03,0.04,-2.40,1.40,9.41,0.03,0.05,-0.01,-1.24,1.07,9.68,0.03,0.01,0.06,-1.50,0.85,9.68,0.06,0.02,0.04,-0.95,4.92,8.66,0.09,0.02,0.05,0.33,-0.09,0.95,3.85,9.16,7.51,R
52.764,22,12,16,255,27,-0.93,-3.89,9.12,-0.03,0.02,0.03,-2.34,1.49,9.50,0.01,0.06,-0.02,-1.18,1.09,9.66,0.01,0.03,0.04,-1.55,0.83,9.72,-0.02,0.02,0.03,-0.90,4.87,8.65,0.01,0.02,0.03,0.34,-0.10,0.95,8.48,5.19,7.14,R
52.815,20,13,17,255,22,-1.18,-3.98,9.19,-0.02,0.03,0.03,-2.46,1.36,9.48,0.02,0.05,-0.01,-1.28,1.09,9.69,0.04,0.03,0.04,-1.57,0.84,9.69,0.06,0.02,0.04,-0.90,4.87,8.67,0.08,0.03,0.04,0.34,-0.11,0.95,3.72,6.96,7.45,R
52.866,19,11,18,255,25,-1.07,-3.91,9.16,-0.04,0.02,0.04,-2.43,1.43,9.44,0.03,0.06,-0.02,-1.21,1.11,9.62,0.02,0.04,0.04,-1.55,0.86,9.75,0.02,0.03,0.02,-0.95,4.97,8.66,0.04,0.02,0.03,0.36,-0.09,0.94,8.00,6.65,6.65,R
52.917,20,11,18,255,26,-1.10,-3.91,9.07,-0.02,0.03,0.04,-2.44,1.47,9.44,0.03,0.07,-0.02,-1.25,1.19,9.71,0.03,0.04,0.03,-1.57,0.80,9.76,0.01,0.02,0.02,-0.91,5.04,8.59,0.03,0.02,0.02,0.36,-0.10,0.94,5.19,4.82,7.02,R
52.968,19,11,18,255,24,-1.06,-4.00,9.13,-0.03,0.02,0.02,-2.42,1.47,9.39,0.00,0.02,-0.02,-1.29,1.14,9.71,-0.01,0.02,0.04,-1.53,0.78,9.68,-0.01,0.02,0.00,-0.91,5.08,8.60,0.01,0.02,0.01,0.37,-0.11,0.94,1.83,2.38,2.14,R
53.019,19,12,17,255,26,-1.16,-3.85,9.16,-0.04,0.01,0.00,-2.49,1.53,9.41,0.01,0.05,-0.02,-1.33,1.24,9.69,-0.02,0.02,0.02,-1.58,0.85,9.70,0.02,0.02,0.01,-0.90,4.91,8.63,0.05,0.03,0.01,0.36,-0.11,0.94,-9.70,-1.46,0.18,R
53.07,19,11,18,255,27,-1.10,-4.07,9.16,0.00,0.02,0.01,-2.47,1.49,9.44,-0.02,0.03,-0.02,-1.24,1.20,9.69,-0.01,0.01,0.03,-1.53,0.84,9.70,0.00,0.03,0.01,-0.86,4.93,8.65,0.02,0.03,0.01,0.37,-0.10,0.93,-8.36,0.18,-1.40,R
53.121,15,10,17,255,24,-1.08,-3.92,9.14,-0.02,0.02,-0.00,-2.45,1.47,9.45,0.00,0.04,-0.02,-1.31,1.22,9.63,-0.00,0.04,0.01,-1.58,0.89,9.72,0.01,0.03,-0.00,-0.89,4.88,8.60,0.03,0.03,0.01,0.36,-0.10,0.94,-3.66,-0.43,-0.79,R
53.172,19,10,18,255,26,-1.14,-3.94,9.04,-0.04,0.01,0.01,-2.55,1.48,9.42,-0.01,0.01,-0.02,-1.27,1.19,9.72,-0.03,-0.01,0.02,-1.57,0.91,9.69,-0.03,0.01,-0.00,-0.92,4.87,8.64,-0.00,0.03,0.01,0.36,-0.08,0.94,-1.16,0.55,1.59,R
53.223,17,13,18,255,26,-1.08,-3.92,9.11,-0.03,0.01,0.00,-2.44,1.51,9.41,-0.03,0.03,-0.01,-1.29,1.23,9.67,-0.02,0.01,0.02,-1.62,0.84,9.63,-0.07,0.02,0.02,-0.84,5.05,8.49,-0.01,0.03,0.01,0.36,-0.09,0.94,2.56,0.55,2.69,R
53.274,16,11,18,255,25,-1.14,-4.07,9.14,-0.03,0.01,-0.00,-2.46,1.48,9.38,-0.03,0.01,-0.02,-1.36,1.16,9.68,-0.02,0.00,0.01,-1.57,0.80,9.71,-0.03,0.01,-0.00,-0.88,4.98,8.69,-0.02,0.03,0.01,0.36,-0.10,0.94,3.91,0.98,2.08,R
53.325,16,12,18,255,24,-1.07,-4.12,9.11,-0.02,0.01,-0.01,-2.46,1.45,9.46,0.01,0.02,-0.02,-1.20,1.25,9.61,-0.02,0.01,0.00,-1.58,0.83,9.71,-0.01,0.02,-0.00,-0.93,4.98,8.71,-0.03,0.02,0.00,0.37,-0.09,0.94,1.16,0.18,0.67,R
53.376,14,10,17,255,30,-1.13,-4.03,9.06,-0.02,0.02,-0.02,-2.45,1.46,9.42,-0.03,0.01,-0.02,-1.28,1.27,9.65,-0.07,0.00,-0.00,-1.59,0.87,9.72,-0.03,0.01,-0.01,-0.84,4.88,8.67,-0.01,0.01,-0.03,0.36,-0.09,0.94,3.11,0.12,-0.24,R
53.427,15,11,16,255,25,-1.14,-4.09,9.05,0.01,0.03,-0.01,-2.48,1.55,9.21,0.01,0.10,-0.03,-1.24,1.17,9.63,0.00,0.01,0.00,-1.56,0.89,9.76,0.02,0.02,-0.00,-0.89,4.94,8.62,0.03,0.02,-0.01,0.37,-0.09,0.94,-0.55,1.10,-1.53,R
53.478,15,11,18,255,19,-1.10,-4.01,9.10,0.01,0.03,-0.01,-2.50,1.47,9.45,0.01,0.04,-0.00,-1.29,1.22,9.64,-0.04,0.01,0.00,-1.54,0.79,9.72,-0.03,0.01,-0.00,-0.85,4.98,8.65,-0.03,0.02,-0.01,0.37,-0.10,0.94,1.53,0.18,-1.16,R
53.529,15,13,21,255,26,-1.17,-4.05,9.08,-0.01,0.03,-0.01,-2.52,1.44,9.45,-0.02,0.04,-0.00,-1.30,1.12,9.65,-0.04,0.00,-0.00,-1.57,0.86,9.71,-0.03,0.01,-0.00,-0.87,4.94,8.65,0.01,0.02,-0.01,0.35,-0.09,0.94,2.20,0.61,-0.12,R
53.58,15,14,20,255,26,-1.14,-4.09,9.12,0.00,0.02,-0.01,-2.53,1.47,9.45,-0.00,0.05,0.00,-1.29,1.26,9.63,-0.02,0.03,0.00,-1.55,0.82,9.72,-0.01,0.02,0.00,-0.93,4.99,8.65,0.01,0.02,-0.01,0.36,-0.09,0.94,0.92,0.98,0.06,R
53.632,15,13,21,255,25,-1.12,-4.07,9.02,0.02,0.03,-0.00,-2.52,1.48,9.45,0.00,0.04,-0.00,-1.36,1.24,9.69,-0.03,0.01,-0.00,-1.63,0.82,9.79,-0.00,0.02,-0.00,-0.85,4.99,8.69,-0.01,0.02,-0.00,0.37,-0.10,0.93,1.10,1.22,0.31,R
53.682,14,13,21,255,25,-1.18,-4.02,9.11,0.01,0.02,-0.01,-2.52,1.51,9.41,0.01,0.03,0.00,-1.29,1.28,9.64,-0.01,0.01,0.00,-1.57,0.78,9.67,0.00,0.01,0.00,-0.89,4.97,8.61,0.02,0.02,-0.01,0.36,-0.10,0.93,2.08,1.04,-0.18,R
53.733,12,15,20,255,25,-1.14,-4.00,9.11,0.01,0.02,-0.00,-2.55,1.45,9.39,0.02,0.05,0.01,-1.34,1.26,9.68,-0.01,0.02,0.01,-1.63,0.91,9.74,0.01,0.02,0.00,-0.91,5.06,8.64,0.03,0.02,-0.01,0.37,-0.09,0.94,1.22,0.85,-0.79,R
53.784,13,14,20,255,25,-1.07,-4.00,9.10,-0.00,0.03,-0.01,-2.53,1.51,9.41,-0.04,0.04,-0.00,-1.35,1.17,9.68,-0.03,0.01,-0.01,-1.64,0.83,9.70,-0.02,0.01,-0.01,-0.88,4.88,8.59,-0.01,0.02,-0.01,0.37,-0.10,0.93,1.89,0.00,-0.31,R
53.836,14,16,20,255,25,-1.19,-4.04,9.13,0.01,0.02,-0.01,-2.60,1.43,9.42,0.00,0.05,0.00,-1.38,1.22,9.66,-0.00,0.02,0.00,-1.59,0.87,9.72,0.01,0.02,0.00,-0.92,5.01,8.63,0.02,0.02,-0.00,0.36,-0.10,0.94,-0.06,1.16,-0.37,R
53.886,14,19,23,255,28,-1.21,-4.05,9.09,-0.03,0.02,-0.01,-2.59,1.61,9.41,-0.02,0.01,-0.01,-1.35,1.26,9.65,-0.04,0.01,-0.00,-1.61,0.89,9.76,-0.02,0.01,-0.01,-0.90,4.84,8.74,-0.02,0.02,-0.01,0.36,-0.10,0.93,1.34,-1.46,-0.61,R
53.938,14,19,20,255,26,-1.22,-4.07,9.06,0.00,0.01,-0.01,-2.62,1.45,9.46,0.00,0.04,0.00,-1.35,1.19,9.66,-0.00,0.02,0.00,-1.57,0.88,9.73,0.02,0.02,0.00,-0.87,4.98,8.66,0.04,0.02,-0.01,0.37,-0.09,0.93,-1.83,0.61,-0.73,R
53.988,15,18,21,255,26,-1.19,-4.03,9.11,0.02,0.02,-0.00,-2.60,1.49,9.35,-0.01,0.03,-0.00,-1.40,1.24,9.68,-0.03,0.01,0.01,-1.53,0.93,9.69,-0.01,0.02,0.00,-0.82,4.99,8.63,0.01,0.02,-0.01,0.37,-0.10,0.93,0.24,-0.06,0.00,R
54.039,14,14,21,255,22,-1.15,-4.03,9.15,0.01,0.02,-0.00,-2.65,1.43,9.43,0.00,0.04,0.00,-1.33,1.27,9.65,-0.01,0.02,0.00,-1.60,0.80,9.70,0.01,0.02,0.01,-0.91,5.10,8.65,0.04,0.02,0.00,0.36,-0.10,0.94,-0.37,0.43,0.24,R
54.091,14,18,21,255,26,-1.16,-4.02,9.09,0.01,0.01,-0.00,-2.63,1.48,9.37,-0.01,0.04,0.00,-1.38,1.28,9.68,-0.01,0.01,0.01,-1.61,0.89,9.76,-0.00,0.02,-0.00,-0.84,4.95,8.60,0.01,0.02,-0.01,0.37,-0.10,0.94,0.61,0.61,0.67,R
54.141,13,17,21,255,25,-1.19,-3.99,9.08,0.00,0.00,-0.00,-2.65,1.48,9.33,-0.01,0.04,-0.00,-1.45,1.26,9.68,0.00,0.01,-0.00,-1.62,0.87,9.70,0.02,0.01,0.00,-0.88,4.97,8.60,0.04,0.02,-0.01,0.37,-0.10,0.93,-0.43,0.49,0.00,R
54.192,15,20,23,255,26,-1.23,-4.01,9.12,0.01,0.01,-0.00,-2.66,1.57,9.40,0.00,0.04,-0.00,-1.43,1.38,9.63,-0.00,0.01,0.00,-1.56,0.90,9.65,0.01,0.02,0.00,-0.86,5.02,8.59,0.02,0.02,-0.01,0.37,-0.09,0.94,0.31,0.92,0.79,R
54.243,14,19,23,255,26,-1.16,-3.96,9.12,0.01,0.01,0.00,-2.63,1.49,9.37,0.00,0.04,-0.00,-1.41,1.27,9.64,-0.02,0.02,0.00,-1.61,0.96,9.74,0.01,0.02,-0.00,-0.85,4.98,8.61,0.03,0.02,-0.01,0.37,-0.10,0.93,-0.67,0.49,0.18,R
54.294,14,18,23,255,27,-1.19,-4.05,9.13,0.01,0.01,-0.00,-2.69,1.50,9.39,-0.00,0.05,0.00,-1.40,1.40,9.63,0.00,0.03,0.01,-1.60,0.91,9.68,0.01,0.02,0.00,-0.83,5.05,8.62,0.04,0.02,-0.00,0.37,-0.09,0.93,-0.31,0.73,0.31,R
54.346,17,18,23,255,26,-1.04,-4.06,9.10,0.00,0.01,0.00,-2.62,1.55,9.38,-0.01,0.03,0.00,-1.36,1.32,9.63,-0.02,0.01,0.00,-1.60,0.95,9.76,0.00,0.02,-0.00,-0.92,4.96,8.56,0.02,0.03,-0.01,0.37,-0.09,0.93,0.12,0.31,0.18,R
54.396,15,16,23,255,24,-1.12,-3.96,9.10,0.01,0.01,0.00,-2.71,1.57,9.35,-0.00,0.05,0.00,-1.45,1.32,9.65,-0.02,0.02,0.01,-1.63,0.89,9.75,-0.01,0.03,0.01,-0.91,5.02,8.63,0.01,0.02,-0.00,0.37,-0.09,0.94,0.49,0.55,0.12,R
54.447,14,20,24,255,29,-1.17,-4.02,9.12,0.00,0.01,-0.00,-2.63,1.52,9.39,-0.03,0.02,-0.01,-1.46,1.36,9.66,-0.04,-0.00,0.01,-1.64,0.88,9.73,-0.01,0.01,0.00,-0.83,5.05,8.57,0.02,0.02,-0.01,0.37,-0.09,0.93,0.98,0.31,0.43,R
54.498,14,22,23,255,29,-1.18,-4.04,9.12,-0.00,0.01,-0.00,-2.62,1.48,9.43,-0.00,0.03,0.00,-1.34,1.38,9.59,-0.02,0.01,0.01,-1.60,0.97,9.72,0.01,0.02,0.00,-0.90,5.04,8.56,0.01,0.02,-0.00,0.37,-0.09,0.94,0.61,0.12,0.31,R
54.549,14,19,23,255,26,-1.14,-3.96,9.09,-0.01,0.01,-0.00,-2.66,1.53,9.37,-0.03,0.02,0.00,-1.35,1.34,9.58,-0.03,0.01,0.00,-1.59,0.89,9.69,-0.02,0.02,-0.00,-0.84,5.10,8.55,-0.00,0.02,-0.01,0.37,-0.09,0.93,1.04,-0.43,0.18,R
54.6,13,19,21,255,26,-1.10,-3.99,9.13,0.00,0.01,-0.00,-2.68,1.51,9.36,-0.00,0.03,0.00,-1.41,1.29,9.63,-0.04,0.01,0.01,-1.65,0.97,9.67,-0.01,0.01,0.00,-0.91,5.06,8.61,0.01,0.02,-0.01,0.37,-0.09,0.93,0.67,0.24,0.12,R
54.651,14,19,23,255,26,-1.14,-4.07,9.08,0.00,0.01,-0.01,-2.67,1.56,9.39,-0.01,0.04,0.01,-1.41,1.26,9.65,-0.02,0.02,0.00,-1.57,0.95,9.68,0.01,0.02,0.00,-0.92,5.07,8.61,0.01,0.02,-0.00,0.37,-0.09,0.93,-0.06,-0.06,-0.06,R
54.702,13,19,21,255,25,-1.16,-4.01,9.10,0.01,0.03,-0.01,-2.68,1.53,9.31,0.01,0.05,0.00,-1.41,1.36,9.57,-0.04,0.00,0.00,-1.57,0.92,9.69,-0.01,0.02,-0.00,-0.88,4.98,8.65,-0.01,0.02,-0.01,0.37,-0.09,0.93,0.49,-0.06,-0.12,R
54.753,15,20,23,255,26,-1.19,-3.96,9.09,0.01,0.02,-0.01,-2.73,1.53,9.39,-0.02,0.02,0.00,-1.38,1.32,9.62,-0.03,-0.01,0.00,-1.57,0.92,9.71,-0.02,0.02,0.00,-0.93,4.98,8.59,0.02,0.02,-0.01,0.37,-0.09,0.93,0.61,-0.37,-0.12,R
54.804,16,21,20,255,24,-1.15,-4.01,9.11,0.01,0.02,-0.00,-2.69,1.51,9.43,0.01,0.04,0.00,-1.43,1.36,9.62,-0.03,0.02,0.01,-1.62,0.92,9.63,0.00,0.02,0.00,-0.84,5.03,8.56,0.01,0.02,-0.01,0.37,-0.09,0.94,0.24,0.06,-0.31,R
54.855,15,20,28,255,25,-1.17,-4.00,9.06,0.00,0.01,-0.01,-2.67,1.59,9.36,-0.03,0.01,0.01,-1.44,1.34,9.62,-0.04,-0.00,0.01,-1.58,0.87,9.71,-0.02,0.02,-0.00,-0.87,5.08,8.62,0.00,0.02,-0.01,0.37,-0.09,0.93,0.73,0.12,0.18,R
54.907,12,19,23,255,26,-1.19,-3.98,9.12,-0.01,0.01,-0.01,-2.69,1.46,9.39,-0.02,0.03,0.00,-1.43,1.31,9.63,-0.03,0.02,0.01,-1.61,0.89,9.65,0.00,0.02,0.00,-0.89,5.06,8.63,0.02,0.02,-0.01,0.37,-0.09,0.94,0.43,-0.37,0.06,R
54.957,16,21,24,255,26,-1.17,-4.01,9.10,0.01,0.02,-0.00,-2.78,1.62,9.34,0.01,0.03,-0.00,-1.47,1.43,9.63,-0.03,0.00,0.01,-1.60,0.92,9.70,-0.01,0.01,0.00,-0.88,4.99,8.58,0.00,0.02,-0.01,0.38,-0.09,0.93,0.55,-0.24,-0.18,R
55.008,15,21,24,255,25,-1.11,-4.05,9.09,0.01,0.01,0.00,-2.71,1.53,9.41,-0.02,0.01,-0.00,-1.45,1.38,9.63,-0.02,-0.00,0.00,-1.60,0.95,9.71,0.01,0.01,-0.01,-0.88,5.07,8.60,0.01,0.01,-0.00,0.37,-0.10,0.93,0.55,0.06,0.00,R
55.059,12,18,21,255,25,-1.18,-4.01,9.13,0.00,0.00,-0.00,-2.63,1.56,9.36,-0.01,0.02,0.00,-1.45,1.37,9.58,-0.02,0.00,0.01,-1.65,0.95,9.64,-0.01,0.01,0.00,-0.92,5.02,8.66,0.01,0.02,-0.01,0.37,-0.09,0.93,0.61,-0.06,0.18,R
55.111,14,20,24,255,27,-1.08,-4.03,9.08,-0.00,0.01,-0.01,-2.76,1.51,9.37,-0.01,0.02,-0.00,-1.45,1.36,9.64,-0.03,0.01,0.01,-1.63,0.92,9.70,-0.01,0.02,0.00,-0.91,4.98,8.57,-0.00,0.02,-0.01,0.37,-0.09,0.93,0.79,0.00,-0.06,R
55.161,14,21,24,255,26,-1.13,-3.99,9.10,0.00,0.01,-0.01,-2.67,1.51,9.36,-0.00,0.03,0.00,-1.50,1.36,9.62,-0.02,0.02,0.01,-1.57,0.91,9.66,-0.00,0.02,0.00,-0.89,5.04,8.55,0.03,0.03,-0.01,0.37,-0.09,0.93,0.43,0.12,0.00,R
55.212,14,19,23,255,25,-1.13,-3.99,9.13,0.00,0.01,-0.01,-2.67,1.52,9.40,-0.02,0.02,0.00,-1.40,1.36,9.65,-0.03,0.01,0.01,-1.64,0.97,9.73,-0.01,0.02,-0.01,-0.84,5.06,8.59,0.01,0.02,-0.01,0.37,-0.09,0.93,1.04,0.06,-0.06,R
55.263,15,20,18,255,25,-1.19,-3.99,9.06,-0.00,0.01,-0.00,-2.70,1.53,9.38,0.00,0.04,-0.00,-1.41,1.44,9.63,-0.05,-0.00,0.01,-1.61,0.97,9.74,-0.02,0.01,0.00,-0.86,5.09,8.65,0.01,0.02,-0.00,0.37,-0.09,0.93,0.43,-0.24,-0.06,R
55.314,12,19,21,255,26,-1.16,-3.99,9.07,0.01,0.01,-0.00,-2.71,1.51,9.36,0.01,0.03,0.01,-1.42,1.34,9.63,-0.02,0.01,0.01,-1.58,0.98,9.73,-0.00,0.02,0.00,-0.95,5.14,8.55,0.01,0.02,-0.01,0.37,-0.09,0.93,0.12,0.43,0.00,R
55.365,13,19,23,255,25,-1.10,-4.03,9.09,0.00,0.01,-0.00,-2.72,1.57,9.39,-0.01,0.02,0.00,-1.46,1.31,9.65,-0.03,0.01,0.00,-1.62,0.94,9.74,-0.00,0.01,0.00,-0.85,5.04,8.56,0.01,0.02,-0.01,0.37,-0.09,0.94,0.85,0.12,0.12,R
55.416,15,20,26,255,25,-1.20,-4.05,9.12,0.01,0.02,0.00,-2.74,1.53,9.39,-0.01,0.03,0.01,-1.45,1.34,9.61,-0.03,0.01,0.01,-1.59,0.88,9.61,-0.01,0.02,0.00,-0.83,5.03,8.57,0.01,0.02,0.00,0.37,-0.09,0.93,0.79,0.18,0.24,R
55.467,14,19,25,255,25,-1.07,-4.03,9.04,0.00,0.02,-0.00,-2.65,1.53,9.41,-0.01,0.03,0.01,-1.40,1.39,9.59,-0.03,0.01,0.01,-1.62,0.91,9.68,-0.01,0.02,0.01,-0.87,5.00,8.56,0.02,0.02,-0.00,0.37,-0.10,0.93,0.79,0.37,0.12,R
55.519,15,20,21,255,25,-1.19,-3.98,9.07,0.00,0.02,0.00,-2.74,1.49,9.33,-0.00,0.03,0.01,-1.42,1.36,9.62,-0.02,0.01,0.01,-1.62,0.95,9.65,-0.01,0.01,0.00,-0.91,5.05,8.62,0.01,0.03,-0.01,0.37,-0.09,0.93,0.79,0.24,0.06,R
55.569,15,19,23,255,28,-1.19,-4.02,9.12,0.00,0.02,-0.00,-2.69,1.52,9.37,-0.01,0.03,0.01,-1.45,1.32,9.62,-0.03,0.01,0.01,-1.68,0.88,9.68,-0.00,0.01,0.00,-0.87,5.13,8.59,0.01,0.02,-0.00,0.37,-0.09,0.93,0.18,0.24,0.06,R
55.62,15,20,21,255,26,-1.17,-4.04,9.11,0.01,0.02,-0.01,-2.70,1.57,9.34,-0.01,0.02,0.01,-1.39,1.38,9.64,-0.03,0.01,0.00,-1.62,0.94,9.73,-0.00,0.01,0.00,-0.95,5.03,8.56,0.02,0.02,-0.01,0.38,-0.09,0.93,0.31,0.18,-0.06,R
55.671,14,21,23,255,29,-1.12,-4.03,9.07,-0.00,0.01,-0.01,-2.71,1.49,9.41,-0.01,0.04,0.00,-1.43,1.39,9.68,-0.02,0.01,0.00,-1.65,0.94,9.73,-0.01,0.01,0.00,-0.84,5.06,8.59,0.01,0.02,-0.01,0.37,-0.09,0.93,0.37,-0.31,0.18,R
55.722,15,19,24,255,27,-1.16,-4.00,9.12,0.01,0.02,-0.01,-2.72,1.58,9.36,-0.01,0.02,0.01,-1.38,1.33,9.65,-0.04,-0.00,0.01,-1.65,0.93,9.70,-0.01,0.02,0.00,-0.89,5.03,8.55,0.00,0.02,0.00,0.38,-0.09,0.93,0.73,0.06,0.06,R
55.773,13,20,23,255,26,-1.12,-4.01,9.09,0.00,0.02,-0.00,-2.71,1.47,9.39,-0.00,0.03,0.01,-1.52,1.43,9.62,-0.02,0.01,0.01,-1.65,0.95,9.68,-0.01,0.02,-0.00,-0.87,5.12,8.56,0.02,0.02,-0.01,0.38,-0.09,0.93,0.55,0.06,-0.06,R
55.824,14,19,24,255,26,-1.11,-3.97,9.07,0.00,0.01,-0.01,-2.74,1.47,9.45,-0.01,0.01,0.00,-1.49,1.33,9.63,-0.02,0.00,0.01,-1.62,0.92,9.70,0.00,0.01,0.00,-0.95,5.07,8.60,0.01,0.02,-0.00,0.37,-0.09,0.94,0.31,0.24,-0.31,R
55.875,19,18,21,255,25,-1.20,-4.05,9.14,0.01,0.01,-0.00,-2.76,1.52,9.41,-0.00,0.02,0.00,-1.44,1.38,9.61,-0.01,0.00,-0.00,-1.58,1.00,9.69,0.00,0.02,-0.01,-0.88,5.01,8.59,-0.02,0.02,-0.00,0.37,-0.09,0.93,0.31,0.37,0.06,R
55.926,14,19,23,255,25,-1.14,-3.96,9.12,0.01,0.01,0.00,-2.70,1.53,9.33,-0.01,0.02,0.00,-1.43,1.33,9.64,-0.03,0.00,-0.00,-1.61,0.97,9.66,-0.01,0.01,0.00,-0.93,5.08,8.55,0.01,0.02,-0.01,0.38,-0.09,0.93,0.79,0.55,-0.12,R
55.977,14,20,24,255,28,-1.14,-4.03,9.09,0.01,0.02,-0.00,-2.68,1.54,9.34,-0.00,0.03,0.01,-1.44,1.35,9.65,-0.05,0.00,0.01,-1.60,0.98,9.72,-0.01,0.01,0.01,-0.94,5.07,8.53,0.01,0.02,-0.00,0.37,-0.09,0.93,0.61,0.98,-0.31,R
56.028,14,17,21,255,26,-1.17,-4.02,9.10,0.01,0.01,-0.01,-2.66,1.47,9.39,-0.01,0.02,0.01,-1.37,1.36,9.57,-0.04,0.00,0.01,-1.60,0.86,9.68,-0.01,0.02,0.00,-0.88,5.09,8.53,0.02,0.02,-0.00,0.37,-0.09,0.93,0.92,0.37,-0.49,R
56.079,12,18,21,255,24,-1.18,-4.00,9.17,0.02,0.02,-0.01,-2.75,1.56,9.39,-0.00,0.03,0.01,-1.40,1.40,9.60,-0.04,0.00,0.00,-1.61,0.90,9.75,-0.02,0.01,0.00,-0.87,5.01,8.60,0.01,0.02,-0.00,0.38,-0.09,0.94,0.73,0.61,-0.67,R
56.13,15,19,23,255,26,-1.19,-4.02,9.09,0.02,0.02,-0.00,-2.72,1.55,9.42,-0.01,0.02,0.01,-1.42,1.32,9.60,-0.04,0.01,0.01,-1.62,0.90,9.70,-0.01,0.01,0.00,-0.89,5.04,8.55,0.00,0.03,-0.00,0.38,-0.09,0.93,0.24,0.00,-0.67,R
56.181,14,21,23,255,27,-1.19,-3.97,9.08,0.02,0.02,-0.00,-2.72,1.47,9.33,-0.01,0.01,0.01,-1.44,1.36,9.65,-0.03,-0.01,0.01,-1.68,0.93,9.70,-0.00,0.01,0.00,-0.85,5.21,8.53,0.00,0.03,0.00,0.38,-0.09,0.93,1.16,0.37,-0.31,R
56.232,15,19,24,255,26,-1.25,-3.94,9.07,0.01,0.02,-0.01,-2.73,1.54,9.41,-0.01,0.02,0.01,-1.46,1.33,9.58,-0.00,0.01,0.01,-1.61,0.93,9.66,0.00,0.01,0.01,-0.90,5.17,8.57,0.04,0.02,0.00,0.37,-0.09,0.93,0.37,0.06,-0.37,R
56.284,12,18,19,255,26,-1.14,-3.99,9.06,0.01,0.02,-0.01,-2.68,1.58,9.42,0.00,0.03,0.00,-1.47,1.38,9.66,-0.02,-0.01,0.01,-1.56,0.94,9.69,-0.00,0.01,0.00,-0.85,5.12,8.53,-0.00,0.02,-0.00,0.38,-0.09,0.93,0.85,-0.24,-0.18,R
56.334,14,19,21,255,28,-1.17,-3.97,9.10,-0.01,0.01,-0.01,-2.72,1.53,9.34,-0.01,0.02,0.01,-1.47,1.36,9.62,-0.02,0.00,0.01,-1.65,0.90,9.65,-0.00,0.01,0.01,-0.89,5.17,8.54,0.03,0.02,0.00,0.38,-0.10,0.93,0.43,0.18,-0.12,R
56.385,15,19,23,255,24,-1.18,-3.99,9.15,-0.00,0.02,-0.01,-2.69,1.53,9.39,-0.01,0.03,0.01,-1.35,1.41,9.64,-0.02,0.00,0.01,-1.60,0.97,9.67,-0.01,0.01,0.00,-0.87,5.09,8.57,0.01,0.02,-0.00,0.38,-0.09,0.93,0.00,0.00,-0.49,R
56.436,14,18,21,255,26,-1.24,-4.02,9.13,-0.02,0.01,-0.01,-2.68,1.48,9.34,-0.03,0.02,-0.01,-1.40,1.41,9.63,-0.03,0.00,-0.00,-1.62,0.92,9.72,-0.01,0.02,-0.01,-0.92,5.10,8.63,0.00,0.02,-0.01,0.37,-0.09,0.93,-0.18,-1.16,-0.37,R
56.487,14,19,24,255,25,-1.19,-3.98,9.12,0.02,0.01,0.00,-2.70,1.58,9.32,0.01,0.03,0.01,-1.50,1.47,9.64,-0.02,0.01,0.01,-1.63,0.99,9.69,-0.01,0.01,0.00,-0.88,5.13,8.49,-0.02,0.02,0.00,0.38,-0.09,0.93,0.31,0.12,-0.06,R
56.539,14,19,20,255,26,-1.14,-3.99,9.15,-0.00,0.01,-0.00,-2.67,1.58,9.33,-0.02,0.02,0.01,-1.47,1.45,9.62,-0.03,0.00,0.01,-1.59,0.91,9.70,-0.01,0.01,0.01,-0.91,5.08,8.56,0.02,0.02,-0.01,0.38,-0.09,0.93,0.79,-0.31,0.12,R
56.589,15,19,21,255,27,-1.22,-4.00,9.10,-0.01,0.01,-0.01,-2.66,1.51,9.36,-0.01,0.03,-0.00,-1.44,1.44,9.62,-0.03,0.01,0.00,-1.56,0.94,9.73,-0.01,0.01,0.00,-0.84,5.16,8.53,0.00,0.02,-0.00,0.37,-0.09,0.93,0.79,-0.43,0.24,R
56.64,14,19,26,255,27,-1.15,-3.95,9.13,-0.01,0.01,-0.00,-2.70,1.51,9.36,-0.02,0.02,0.00,-1.42,1.38,9.67,-0.03,0.01,0.00,-1.61,0.92,9.73,-0.01,0.02,0.00,-0.88,5.07,8.56,-0.01,0.02,-0.00,0.38,-0.09,0.93,0.92,-0.12,0.24,R
56.691,11,19,21,255,27,-1.18,-4.03,9.10,-0.00,0.01,-0.01,-2.70,1.62,9.43,-0.01,0.01,0.00,-1.43,1.34,9.67,-0.03,-0.01,0.01,-1.58,0.96,9.68,-0.01,0.01,0.00,-0.84,5.09,8.59,0.00,0.02,-0.01,0.38,-0.09,0.93,0.79,-0.24,-0.06,R
56.742,15,19,23,255,25,-1.24,-3.95,9.11,-0.01,0.00,-0.01,-2.61,1.51,9.41,-0.02,0.01,-0.00,-1.47,1.44,9.66,-0.03,0.00,0.00,-1.63,0.89,9.66,-0.01,0.02,-0.00,-0.87,5.12,8.56,0.00,0.02,-0.01,0.37,-0.09,0.93,0.98,-0.37,0.24,R
56.793,15,19,21,255,26,-1.22,-4.02,9.06,-0.00,0.00,-0.01,-2.69,1.54,9.39,-0.00,0.02,0.00,-1.44,1.43,9.59,-0.05,0.00,0.01,-1.69,0.92,9.75,-0.04,0.01,0.00,-0.84,5.15,8.54,-0.04,0.02,-0.01,0.38,-0.09,0.93,1.10,-1.34,0.24,R
56.844,13,18,21,255,25,-1.17,-3.97,9.10,-0.05,0.00,-0.01,-2.67,1.48,9.34,-0.07,0.01,-0.01,-1.37,1.24,9.68,-0.08,0.01,0.00,-1.58,0.86,9.69,-0.05,0.02,0.00,-0.89,4.97,8.61,-0.02,0.02,-0.01,0.36,-0.09,0.94,1.28,-1.59,1.04,R
56.895,14,18,23,255,27,-1.22,-3.98,9.06,0.00,-0.02,0.01,-2.67,1.47,9.35,-0.02,0.02,0.02,-1.38,1.34,9.66,-0.05,0.01,0.02,-1.67,0.89,9.73,-0.02,0.01,0.02,-0.90,5.11,8.60,0.02,0.03,0.00,0.38,-0.09,0.93,1.28,0.67,1.59,R
56.946,14,19,20,255,25,-1.09,-4.05,9.14,-0.03,0.01,0.00,-2.64,1.48,9.45,-0.05,0.02,-0.00,-1.47,1.31,9.68,-0.06,0.02,0.01,-1.62,0.82,9.72,-0.05,0.01,-0.00,-0.88,5.13,8.56,-0.04,0.02,-0.02,0.38,-0.10,0.94,6.29,-0.98,2.32,R
56.997,15,19,24,255,24,-1.23,-4.07,9.07,-0.04,-0.00,0.00,-2.73,1.43,9.41,-0.04,0.02,0.00,-1.48,1.21,9.62,-0.03,0.01,0.01,-1.65,0.80,9.74,0.02,0.02,0.01,-0.84,5.05,8.55,0.02,0.03,0.01,0.36,-0.10,0.94,-3.11,-0.43,0.92,R
57.048,15,19,21,255,22,-1.17,-4.01,9.14,0.00,0.03,-0.01,-2.66,1.58,9.44,-0.00,0.03,0.01,-1.41,1.41,9.62,-0.02,0.01,0.01,-1.62,0.83,9.64,-0.01,0.02,0.01,-0.90,5.09,8.53,0.01,0.02,-0.00,0.38,-0.08,0.93,-2.20,0.24,2.38,R
57.099,15,18,21,255,26,-1.10,-4.08,9.06,-0.04,0.00,0.01,-2.61,1.46,9.45,-0.04,0.03,-0.01,-1.48,1.33,9.64,-0.03,0.01,0.00,-1.65,1.01,9.73,-0.04,0.02,-0.01,-0.89,5.09,8.59,-0.04,0.02,0.00,0.36,-0.09,0.92,13.37,1.59,5.43,R
57.15,14,19,19,255,26,-1.32,-4.00,9.06,-0.02,-0.01,0.03,-2.72,1.20,9.37,-0.05,0.06,0.02,-1.40,1.07,9.65,0.08,0.02,0.01,-1.67,1.16,9.72,0.04,0.01,0.01,-0.88,5.03,8.61,0.01,0.01,-0.01,0.38,-0.05,0.91,-9.70,-2.08,-1.46,R
57.201,13,18,24,255,24,-1.13,-3.94,9.04,0.04,0.02,0.00,-2.71,1.50,9.26,-0.02,0.05,0.00,-1.43,1.36,9.63,-0.01,0.00,0.02,-1.68,0.85,9.70,0.01,0.01,-0.01,-0.91,5.01,8.64,0.05,0.01,-0.02,0.38,-0.09,0.93,-1.65,-1.10,1.53,R
57.252,14,18,24,255,26,-1.14,-4.16,9.07,-0.01,0.02,0.00,-2.69,1.43,9.39,-0.01,0.05,-0.00,-1.44,1.40,9.62,-0.01,0.02,-0.00,-1.62,0.99,9.68,-0.02,0.01,-0.01,-0.87,5.00,8.60,-0.01,0.02,-0.01,0.37,-0.09,0.93,0.61,0.31,1.28,R
57.304,15,20,23,255,24,-1.19,-4.05,9.09,-0.00,0.01,0.00,-2.71,1.47,9.44,0.00,0.03,0.00,-1.43,1.36,9.65,0.00,0.02,0.01,-1.66,0.81,9.73,0.01,0.02,0.01,-0.91,5.03,8.63,-0.00,0.03,0.01,0.37,-0.09,0.93,-0.49,0.92,1.89,R
57.354,12,17,23,255,23,-1.11,-4.13,9.04,0.01,0.02,0.02,-2.75,1.51,9.40,0.00,0.04,-0.01,-1.44,1.32,9.64,-0.02,0.01,0.01,-1.65,0.87,9.71,0.00,0.02,-0.01,-0.86,5.10,8.53,0.01,0.03,-0.01,0.38,-0.09,0.93,0.73,0.31,1.04,R
57.405,12,19,21,255,30,-1.18,-4.05,9.06,-0.01,0.02,0.00,-2.74,1.39,9.39,-0.00,0.04,0.00,-1.45,1.34,9.65,-0.01,0.02,0.01,-1.64,0.88,9.74,0.00,0.02,0.01,-0.83,5.02,8.61,0.03,0.03,0.00,0.38,-0.10,0.93,-0.67,-0.06,0.43,R
57.458,12,18,21,255,27,-1.17,-4.04,9.06,0.01,0.02,-0.00,-2.77,1.43,9.30,-0.00,0.04,0.00,-1.49,1.46,9.67,-0.01,0.02,0.01,-1.65,0.99,9.72,0.00,0.02,0.00,-0.84,5.13,8.57,-0.01,0.03,0.00,0.38,-0.09,0.93,0.55,-0.79,0.00,R
57.507,13,18,23,255,26,-1.18,-4.11,9.07,-0.03,0.01,-0.02,-2.77,1.40,9.36,-0.02,0.02,-0.01,-1.46,1.32,9.64,-0.03,0.01,0.01,-1.62,0.86,9.70,-0.01,0.01,-0.00,-0.93,5.07,8.56,0.01,0.03,-0.01,0.37,-0.09,0.93,1.28,-1.10,0.31,R
57.558,14,18,20,255,26,-1.16,-4.08,9.08,-0.02,0.01,-0.01,-2.72,1.38,9.39,-0.02,0.02,-0.01,-1.47,1.37,9.62,-0.03,0.01,0.00,-1.60,0.94,9.73,-0.01,0.02,-0.01,-0.84,5.09,8.58,-0.01,0.03,-0.01,0.38,-0.09,0.93,1.04,-1.16,0.18,R
57.609,12,20,24,255,26,-1.18,-4.09,9.13,-0.03,0.01,-0.02,-2.70,1.43,9.38,-0.02,0.03,-0.01,-1.46,1.45,9.61,-0.04,0.01,0.01,-1.59,0.86,9.72,-0.03,0.02,0.00,-0.89,5.05,8.50,-0.03,0.03,0.00,0.37,-0.09,0.93,0.55,-2.01,0.18,R
57.66,14,20,21,255,26,-1.18,-4.12,9.07,-0.03,0.01,-0.02,-2.77,1.41,9.38,-0.02,0.03,-0.01,-1.43,1.37,9.57,-0.04,0.01,0.00,-1.68,0.87,9.71,-0.03,0.01,0.00,-0.91,5.02,8.62,0.01,0.03,-0.01,0.37,-0.09,0.94,1.16,-0.61,0.49,R
57.711,12,18,23,255,25,-1.13,-4.04,9.08,-0.02,0.02,-0.01,-2.67,1.35,9.40,-0.04,0.03,-0.01,-1.50,1.36,9.63,-0.06,0.01,0.00,-1.68,0.81,9.67,-0.04,0.02,-0.01,-0.89,5.12,8.56,-0.01,0.03,-0.01,0.37,-0.10,0.93,1.59,-1.65,0.00,R
57.762,15,19,21,255,25,-1.15,-4.14,9.09,-0.02,0.02,-0.03,-2.78,1.39,9.38,-0.02,0.04,-0.00,-1.47,1.35,9.62,-0.03,0.01,0.00,-1.66,0.82,9.69,-0.02,0.02,0.00,-0.86,5.07,8.61,0.01,0.03,-0.01,0.37,-0.09,0.94,0.92,-1.10,-0.12,R
57.813,14,18,23,255,27,-1.13,-4.12,9.06,-0.03,0.03,-0.01,-2.72,1.34,9.38,-0.04,0.02,-0.01,-1.52,1.31,9.67,-0.04,-0.00,0.00,-1.64,0.78,9.73,-0.02,0.01,-0.00,-0.87,5.00,8.56,-0.00,0.02,-0.01,0.36,-0.10,0.93,1.46,-1.34,-0.43,R
57.865,13,18,24,255,27,-1.18,-4.19,9.07,0.00,0.01,-0.01,-2.74,1.31,9.38,0.00,0.02,0.00,-1.50,1.32,9.67,-0.01,0.01,0.00,-1.61,0.83,9.71,0.00,0.02,0.00,-0.87,5.09,8.58,0.01,0.03,-0.00,0.37,-0.09,0.94,0.43,-0.18,-0.73,R
57.915,12,19,21,255,24,-1.12,-4.17,9.03,-0.01,0.01,-0.01,-2.72,1.42,9.40,-0.00,0.02,-0.00,-1.45,1.32,9.65,-0.06,0.00,-0.00,-1.65,0.83,9.73,-0.01,0.02,-0.00,-0.86,5.09,8.61,0.02,0.02,-0.01,0.37,-0.09,0.93,0.73,-0.37,-0.06,R
57.966,14,18,24,255,27,-1.14,-4.16,9.00,0.01,0.01,-0.01,-2.74,1.38,9.36,-0.00,0.02,0.00,-1.48,1.34,9.62,-0.02,0.01,0.00,-1.64,0.85,9.70,-0.00,0.02,-0.00,-0.86,5.07,8.56,0.02,0.02,-0.00,0.37,-0.10,0.93,0.49,0.31,-0.06,R
58.018,13,20,23,255,25,-1.17,-4.14,9.05,0.01,0.01,-0.01,-2.66,1.40,9.38,-0.01,0.02,0.00,-1.44,1.35,9.62,-0.05,-0.01,0.00,-1.63,0.91,9.69,-0.03,0.01,-0.00,-0.88,5.08,8.53,-0.02,0.02,-0.01,0.37,-0.09,0.94,1.40,-0.31,0.06,R
58.068,14,19,24,255,14,-1.23,-4.22,9.07,0.01,0.02,-0.00,-2.77,1.37,9.39,-0.01,0.03,0.00,-1.53,1.28,9.65,-0.03,0.01,0.01,-1.66,0.85,9.73,-0.02,0.02,0.01,-0.91,4.98,8.60,0.02,0.03,-0.00,0.37,-0.10,0.94,0.79,0.67,0.18,R
58.119,13,19,21,255,27,-1.20,-4.19,9.01,0.02,0.00,-0.00,-2.74,1.42,9.36,0.00,0.03,0.01,-1.50,1.34,9.63,-0.03,0.01,0.01,-1.67,0.89,9.67,0.00,0.02,0.01,-0.92,5.14,8.60,0.03,0.02,-0.00,0.37,-0.09,0.94,0.37,1.40,1.04,R
58.171,12,18,23,255,26,-1.13,-4.13,9.05,-0.01,-0.00,0.01,-2.68,1.29,9.38,-0.03,0.02,0.00,-1.47,1.28,9.62,-0.06,-0.01,0.01,-1.65,0.87,9.69,-0.02,0.01,0.00,-0.90,5.03,8.60,-0.01,0.02,-0.01,0.37,-0.09,0.93,1.16,0.67,0.85,R
58.221,14,19,23,255,26,-1.13,-4.18,9.06,-0.00,0.01,0.00,-2.77,1.41,9.38,-0.04,0.01,0.01,-1.48,1.30,9.66,-0.05,0.00,0.01,-1.66,0.90,9.75,-0.01,0.01,0.00,-0.97,5.14,8.54,-0.01,0.02,-0.00,0.37,-0.09,0.93,0.92,0.37,0.61,R
58.272,12,20,24,255,26,-1.10,-4.17,9.02,-0.01,0.00,-0.00,-2.71,1.37,9.42,-0.03,0.01,0.00,-1.44,1.28,9.64,-0.04,-0.00,0.00,-1.63,0.85,9.73,-0.02,0.01,-0.01,-0.92,4.98,8.55,-0.00,0.02,-0.01,0.37,-0.09,0.93,1.46,-0.06,0.18,R
58.323,14,17,23,255,26,-1.16,-4.10,9.06,0.01,0.02,-0.01,-2.76,1.36,9.39,-0.01,0.03,-0.00,-1.57,1.29,9.67,-0.02,-0.01,-0.01,-1.66,0.82,9.71,-0.01,0.01,-0.00,-0.93,4.98,8.59,-0.01,0.02,-0.01,0.37,-0.10,0.93,0.67,-0.55,-0.43,R
58.374,13,19,23,255,26,-1.18,-4.14,9.08,0.01,0.01,0.00,-2.76,1.33,9.37,-0.00,0.02,0.00,-1.49,1.29,9.67,-0.02,-0.00,0.01,-1.69,0.82,9.70,0.01,0.02,0.00,-0.92,5.06,8.54,0.01,0.01,-0.00,0.38,-0.10,0.93,0.24,0.43,-0.24,R
58.425,13,19,24,255,27,-1.15,-4.19,9.02,-0.00,0.01,-0.01,-2.67,1.40,9.37,-0.00,0.03,0.00,-1.49,1.35,9.64,-0.01,0.01,0.00,-1.66,0.87,9.68,-0.00,0.01,-0.00,-0.97,5.15,8.62,0.02,0.02,-0.01,0.37,-0.09,0.94,0.00,-0.49,-0.24,R
58.481,14,19,23,255,28,-1.15,-4.14,9.03,-0.00,0.02,-0.01,-2.70,1.28,9.42,-0.02,0.02,0.00,-1.45,1.34,9.63,-0.04,0.00,0.00,-1.72,0.87,9.74,-0.02,0.01,0.00,-0.91,5.03,8.58,-0.00,0.02,-0.01,0.37,-0.09,0.93,0.73,-0.43,0.12,R
58.527,12,20,21,255,26,-1.12,-4.21,9.03,0.00,0.01,-0.01,-2.67,1.39,9.35,-0.00,0.03,0.00,-1.51,1.27,9.62,-0.02,0.01,0.01,-1.64,0.85,9.65,-0.01,0.02,0.00,-0.91,5.09,8.60,0.02,0.03,-0.01,0.37,-0.10,0.93,0.92,-0.24,0.18,R
58.579,13,18,23,255,28,-1.17,-4.19,9.02,0.00,0.01,-0.01,-2.73,1.35,9.31,-0.01,0.02,0.00,-1.47,1.34,9.59,-0.04,0.00,0.01,-1.65,0.79,9.70,-0.01,0.01,0.01,-0.87,5.10,8.58,0.01,0.02,-0.01,0.37,-0.09,0.94,1.04,-0.55,-0.37,R
58.629,14,12,23,255,25,-1.12,-4.12,9.09,-0.01,0.02,-0.01,-2.75,1.42,9.37,-0.02,0.02,-0.01,-1.51,1.30,9.68,-0.04,-0.01,-0.00,-1.58,0.82,9.72,-0.01,0.01,-0.00,-0.92,4.98,8.60,-0.02,0.02,0.00,0.37,-0.10,0.94,1.04,-0.67,-0.12,R
58.68,14,19,21,255,26,-1.13,-4.16,9.05,0.01,0.01,-0.01,-2.71,1.31,9.37,-0.00,0.02,0.00,-1.45,1.27,9.66,-0.03,0.00,0.00,-1.62,0.88,9.72,-0.01,0.01,0.00,-0.89,5.05,8.57,0.01,0.02,-0.01,0.38,-0.10,0.93,0.43,-0.61,-0.37,R
58.732,14,19,23,255,27,-1.13,-4.18,9.05,-0.01,0.02,-0.01,-2.72,1.32,9.35,-0.01,0.02,0.00,-1.47,1.32,9.66,-0.04,0.00,-0.00,-1.65,0.88,9.73,-0.01,0.02,-0.01,-0.86,5.10,8.56,-0.01,0.02,-0.00,0.37,-0.10,0.94,0.55,-0.73,-0.73,R
58.782,13,19,23,255,25,-1.19,-4.11,9.02,0.00,0.01,-0.01,-2.79,1.35,9.39,-0.01,0.03,0.00,-1.44,1.30,9.62,-0.03,0.01,0.00,-1.66,0.84,9.70,-0.02,0.02,0.00,-0.85,5.00,8.57,0.01,0.03,-0.01,0.37,-0.10,0.93,0.49,-0.49,-0.37,R
58.833,13,16,24,255,29,-1.16,-4.12,9.04,0.01,0.02,-0.01,-2.70,1.36,9.41,-0.00,0.03,-0.00,-1.46,1.40,9.64,-0.03,0.01,0.00,-1.62,0.85,9.67,-0.01,0.02,0.00,-0.91,5.12,8.58,0.01,0.03,-0.01,0.37,-0.09,0.94,0.49,-0.18,-0.06,R
58.884,12,20,23,255,28,-1.15,-4.16,9.05,-0.01,0.01,-0.01,-2.72,1.40,9.39,-0.01,0.02,-0.00,-1.45,1.32,9.66,-0.03,0.00,0.01,-1.66,0.86,9.66,-0.01,0.01,-0.00,-0.94,5.13,8.55,0.01,0.02,-0.01,0.37,-0.10,0.94,0.92,-0.49,-0.12,R
58.935,12,19,21,255,27,-1.18,-4.17,9.01,0.00,0.01,-0.01,-2.77,1.36,9.39,-0.00,0.03,0.00,-1.47,1.31,9.59,-0.03,0.01,0.01,-1.59,0.85,9.69,0.00,0.02,0.00,-0.92,5.00,8.54,0.02,0.03,-0.01,0.37,-0.10,0.93,0.55,0.12,-0.12,R
58.986,14,19,24,255,27,-1.14,-4.19,9.00,0.00,0.01,-0.01,-2.69,1.36,9.37,0.00,0.02,-0.00,-1.40,1.25,9.63,-0.02,0.01,0.00,-1.68,0.85,9.72,-0.01,0.02,0.01,-0.90,5.03,8.58,-0.00,0.02,-0.00,0.37,-0.10,0.93,0.61,-0.24,-0.37,R
59.037,12,20,23,255,27,-1.23,-4.11,9.07,0.00,0.02,-0.01,-2.75,1.37,9.35,-0.01,0.03,0.00,-1.49,1.29,9.61,-0.03,0.01,0.01,-1.64,0.75,9.66,-0.01,0.02,0.00,-0.90,5.06,8.58,0.03,0.02,-0.00,0.37,-0.10,0.94,0.37,0.06,-0.24,R
59.088,13,19,24,255,31,-1.16,-4.19,9.03,0.00,0.01,-0.01,-2.74,1.34,9.45,0.00,0.02,0.00,-1.48,1.32,9.64,-0.03,0.01,0.01,-1.63,0.86,9.70,0.00,0.01,0.00,-0.93,5.06,8.64,0.00,0.02,-0.01,0.37,-0.10,0.94,0.61,-0.06,-0.24,R
59.139,15,20,24,255,26,-1.17,-4.20,9.03,0.00,0.02,-0.01,-2.73,1.36,9.37,-0.00,0.02,-0.01,-1.52,1.32,9.65,-0.02,0.00,-0.00,-1.63,0.83,9.72,0.01,0.01,-0.00,-0.86,5.14,8.51,0.02,0.01,-0.01,0.36,-0.10,0.93,0.12,0.37,-0.12,R
59.19,13,19,18,255,27,-1.17,-4.15,9.02,0.03,0.00,-0.00,-2.72,1.45,9.39,-0.01,0.02,0.01,-1.45,1.28,9.69,-0.02,0.00,0.01,-1.66,0.88,9.68,0.00,0.02,0.01,-0.86,5.04,8.54,0.02,0.02,-0.01,0.37,-0.09,0.93,0.06,0.55,-0.12,R
59.241,13,20,24,255,27,-1.09,-4.16,9.06,0.01,0.02,-0.01,-2.67,1.32,9.35,-0.01,0.04,0.00,-1.49,1.32,9.64,-0.04,0.01,0.00,-1.64,0.82,9.73,-0.02,0.02,-0.01,-0.84,5.09,8.58,0.01,0.02,-0.01,0.37,-0.10,0.94,0.37,0.24,-0.43,R
59.292,17,19,23,255,27,-1.26,-4.19,8.99,-0.01,0.01,-0.00,-2.70,1.30,9.37,-0.04,0.03,0.00,-1.42,1.28,9.64,-0.02,0.01,0.00,-1.59,0.89,9.75,-0.00,0.02,0.01,-0.88,5.10,8.49,0.01,0.02,0.00,0.36,-0.10,0.94,1.16,0.61,0.43,R
59.343,13,19,24,255,27,-1.17,-4.12,8.99,0.00,0.03,-0.01,-2.67,1.45,9.41,-0.02,0.03,-0.01,-1.44,1.29,9.62,-0.06,-0.00,-0.00,-1.62,0.81,9.73,-0.03,0.01,-0.01,-0.92,5.08,8.60,-0.02,0.02,-0.02,0.38,-0.09,0.93,-1.10,-1.22,-0.98,R
59.394,14,20,25,255,28,-1.24,-4.28,8.99,0.01,0.03,-0.01,-2.73,1.40,9.39,-0.02,0.03,0.01,-1.52,1.30,9.64,-0.04,0.01,0.01,-1.69,0.82,9.72,-0.00,0.02,0.01,-0.90,5.12,8.59,0.02,0.02,-0.01,0.37,-0.10,0.94,1.65,0.73,-1.04,R
59.446,15,20,24,255,26,-1.14,-4.20,9.03,-0.01,0.03,-0.00,-2.72,1.36,9.38,-0.02,0.04,0.00,-1.51,1.30,9.63,-0.04,0.02,-0.00,-1.66,0.82,9.72,-0.03,0.03,0.01,-0.96,5.00,8.55,0.01,0.03,-0.01,0.36,-0.10,0.93,0.18,0.12,-0.31,R
59.497,13,20,24,255,26,-1.13,-4.13,9.05,0.05,0.00,-0.01,-2.69,1.44,9.42,-0.01,0.02,0.01,-1.48,1.34,9.62,-0.06,0.02,0.01,-1.84,0.65,9.73,-0.04,0.03,0.01,-0.86,5.14,8.53,-0.04,0.02,-0.00,0.38,-0.09,0.93,0.61,0.12,0.12,R
59.547,14,18,24,255,26,-1.15,-4.22,9.01,-0.01,0.04,-0.01,-2.69,1.35,9.41,-0.03,0.06,-0.01,-1.45,1.22,9.60,-0.06,0.03,0.01,-1.71,0.90,9.70,-0.01,0.04,0.00,-0.91,5.01,8.55,0.03,0.03,-0.01,0.36,-0.10,0.93,-1.34,-0.12,0.12,R
59.598,15,20,25,255,27,-1.12,-4.30,9.14,0.06,0.09,-0.00,-3.17,1.19,9.52,0.06,0.26,0.04,-1.39,1.20,9.55,0.07,0.18,0.03,-1.43,0.67,10.44,0.23,0.13,0.03,-0.91,4.82,8.58,0.21,0.09,0.01,0.37,-0.10,0.93,-3.54,1.89,1.53,R
59.649,15,29,25,255,29,-1.39,-4.12,9.01,0.07,0.20,0.01,-4.26,1.13,8.16,0.21,1.05,-0.07,-1.69,1.43,9.67,0.30,0.43,0.05,-1.81,1.09,9.74,0.35,0.27,0.07,-1.05,5.20,8.47,0.37,0.10,0.01,0.36,-0.10,0.95,-10.13,4.88,0.43,R
59.7,19,48,28,255,32,-1.32,-4.17,9.02,0.05,0.17,-0.03,-3.25,1.78,9.06,0.14,0.33,0.00,-1.86,1.71,9.50,0.03,0.18,0.04,-1.92,1.20,9.58,0.07,0.10,0.01,-0.95,5.48,8.38,0.02,0.04,-0.01,0.41,-0.06,0.92,0.73,-1.46,-1.46,R
59.751,21,53,28,255,32,-1.47,-4.23,8.97,-0.10,0.07,-0.04,-3.44,1.53,9.06,-0.07,0.18,-0.01,-1.92,1.57,9.50,0.03,0.13,0.02,-1.94,1.11,9.63,0.06,0.08,0.01,-0.97,5.29,8.44,0.06,0.05,-0.01,0.36,-0.09,0.94,-1.40,-3.42,-2.69,R
59.802,19,53,28,255,30,-1.32,-4.27,8.96,-0.11,0.04,-0.06,-3.49,1.48,9.08,-0.13,0.14,-0.03,-1.93,1.61,9.50,-0.05,0.12,0.00,-2.04,1.15,9.55,-0.01,0.07,-0.02,-0.94,5.36,8.38,-0.08,0.04,-0.03,0.38,-0.08,0.93,-4.39,-5.37,-1.77,R
59.853,21,52,26,255,32,-1.36,-4.37,8.90,-0.18,0.01,-0.06,-3.50,1.29,9.28,-0.21,-0.03,-0.04,-1.95,1.36,9.53,-0.13,-0.01,-0.01,-2.00,0.99,9.65,-0.09,0.01,-0.03,-0.99,5.19,8.41,-0.12,0.02,-0.02,0.36,-0.09,0.94,1.65,-6.84,-2.99,R
59.904,20,52,27,255,31,-1.37,-4.46,8.94,-0.07,0.04,-0.07,-3.42,1.36,9.07,-0.07,0.00,-0.04,-1.97,1.68,9.42,-0.10,-0.01,-0.03,-1.92,1.11,9.60,-0.12,0.00,-0.03,-1.03,5.24,8.52,-0.15,0.02,-0.02,0.36,-0.07,0.93,-0.43,-4.94,-2.44,R
59.955,23,52,26,255,30,-1.34,-4.34,8.94,-0.03,0.02,-0.09,-3.44,1.20,9.27,-0.11,-0.03,-0.03,-1.93,1.35,9.53,-0.14,-0.04,-0.02,-2.00,0.93,9.60,-0.10,-0.01,-0.03,-1.09,5.17,8.48,-0.07,0.01,-0.02,0.35,-0.09,0.94,3.91,-3.72,-2.20,R
60.006,22,49,26,255,30,-1.49,-4.25,8.94,-0.01,0.03,-0.11,-3.51,1.33,9.22,-0.04,-0.07,-0.04,-1.96,1.47,9.52,-0.17,-0.08,-0.02,-2.00,0.94,9.64,-0.17,-0.03,-0.03,-0.95,5.06,8.52,-0.17,0.03,-0.00,0.35,-0.09,0.94,4.52,-6.77,-4.39,R
60.057,25,51,25,255,31,-1.34,-4.45,8.90,-0.01,0.02,-0.08,-3.38,1.14,9.19,-0.06,-0.07,-0.01,-1.85,1.34,9.50,-0.11,-0.08,0.00,-1.92,0.89,9.63,-0.11,-0.02,0.00,-1.02,5.08,8.56,-0.03,0.03,0.01,0.34,-0.09,0.95,5.37,-2.93,-2.69,R
60.109,24,51,21,255,31,-1.33,-4.31,8.94,0.04,0.02,-0.05,-3.40,1.20,9.17,0.00,-0.04,0.01,-1.87,1.31,9.56,-0.07,-0.05,0.00,-1.91,0.86,9.70,-0.09,-0.01,0.00,-0.99,5.10,8.55,-0.06,0.03,0.01,0.35,-0.10,0.94,4.52,-2.75,-3.42,R
60.159,28,51,26,255,32,-1.32,-4.30,8.95,-0.01,0.02,-0.08,-3.31,1.11,9.23,-0.04,-0.03,-0.01,-1.76,1.31,9.59,-0.09,-0.02,-0.00,-1.87,0.75,9.71,-0.08,0.01,0.00,-1.03,4.99,8.56,-0.08,0.05,0.02,0.33,-0.11,0.95,1.34,-4.33,-0.92,R
60.21,28,51,25,255,32,-1.38,-4.30,8.92,-0.02,-0.01,-0.04,-3.35,1.07,9.24,-0.04,-0.00,-0.01,-1.85,1.12,9.60,-0.03,0.02,0.01,-1.98,0.88,9.69,-0.01,0.05,0.00,-1.06,5.10,8.52,0.01,0.08,0.00,0.35,-0.11,0.94,-2.99,-5.92,-2.01,R
60.261,27,48,23,255,32,-1.01,-4.72,8.86,-0.20,0.02,-0.16,-3.32,1.05,9.31,-0.18,0.17,-0.07,-1.97,1.29,9.59,0.05,0.21,-0.06,-2.03,0.89,9.60,0.08,0.16,-0.06,-1.30,4.77,8.41,0.05,0.10,-0.09,0.37,-0.11,0.95,-7.81,-20.14,0.18,R
60.312,29,50,25,255,36,-1.50,-4.22,8.95,-0.49,0.09,-0.39,-3.54,1.15,9.05,-0.33,0.21,-0.24,-2.18,1.55,9.59,-0.14,0.29,-0.11,-2.28,0.87,9.84,0.00,0.20,-0.12,-1.19,5.26,8.45,-0.00,0.18,-0.17,0.34,-0.10,0.96,-4.64,-34.24,3.91,R
60.363,31,51,25,255,42,-1.23,-4.86,8.69,-0.75,0.06,-0.37,-3.49,0.91,9.23,-0.52,0.35,-0.34,-1.58,1.57,9.89,-0.14,0.40,-0.20,-2.12,1.30,9.78,0.22,0.41,-0.17,-1.25,5.91,8.93,0.27,0.30,-0.20,0.27,-0.06,0.98,-14.16,-30.52,6.84,R
60.414,34,53,31,255,48,-1.38,-5.26,8.41,-0.62,0.01,-0.21,-3.66,0.47,9.00,-0.29,0.05,-0.27,-2.33,1.20,9.46,-0.23,-0.04,-0.16,-2.02,0.54,9.74,-0.32,-0.00,-0.13,-0.89,4.48,8.84,-0.23,0.04,-0.04,0.22,-0.04,0.99,6.59,-21.18,-0.61,R
60.465,31,51,27,255,45,-0.60,-5.78,8.15,-0.09,-0.36,0.10,-3.51,-0.13,9.38,-0.04,-0.08,-0.12,-2.22,0.73,9.60,-0.05,-0.12,-0.05,-2.36,0.47,9.50,-0.03,-0.06,-0.02,-1.49,4.97,8.66,0.07,-0.12,0.07,0.18,-0.10,0.91,26.73,11.35,-2.14,R
60.516,27,52,25,255,45,-1.31,-5.11,8.56,0.20,-0.06,-0.02,-3.66,0.48,9.13,0.14,-0.35,0.01,-2.18,0.88,9.60,-0.09,-0.31,0.02,-2.15,0.66,9.66,-0.20,-0.20,0.03,-1.21,4.84,8.68,-0.16,-0.04,0.12,0.28,-0.13,1.01,22.95,0.55,0.18,R
60.567,28,53,31,255,43,-0.44,-5.78,8.01,0.31,0.08,0.09,-3.26,0.32,9.20,0.19,-0.12,0.08,-2.18,1.37,9.36,-0.02,-0.05,-0.12,-2.22,0.38,9.69,-0.27,-0.10,0.10,-1.32,5.07,8.59,0.05,0.01,0.09,0.26,-0.13,0.95,7.20,11.29,-6.53,R
60.618,27,54,32,255,43,-0.98,-5.14,8.54,0.02,0.17,-0.15,-3.24,0.73,9.22,-0.08,-0.15,-0.02,-1.96,0.74,9.45,-0.33,-0.10,-0.03,-2.16,0.15,9.52,-0.27,-0.05,-0.02,-1.40,4.91,8.69,-0.29,0.05,-0.01,0.28,-0.13,0.96,0.12,-4.39,0.12,R
60.669,29,54,33,255,44,-0.77,-5.28,8.60,-0.02,0.29,-0.27,-2.68,0.38,9.50,-0.10,0.15,-0.10,-2.02,0.69,9.53,-0.11,0.09,-0.08,-2.15,0.21,9.70,0.00,0.07,-0.08,-1.31,4.73,8.65,-0.14,0.05,-0.06,0.24,-0.13,0.98,-13.92,-9.58,-7.51,R
60.72,31,58,31,255,45,-1.45,-5.33,8.37,0.02,0.16,-0.19,-3.72,0.47,9.16,0.05,0.18,-0.01,-2.13,0.87,9.63,0.06,0.11,-0.02,-2.09,0.31,9.67,0.03,0.11,0.01,-1.07,4.63,8.71,0.09,0.10,0.03,0.20,-0.12,0.96,-11.66,-2.14,-7.75,R
60.771,33,59,26,255,44,-0.59,-5.32,8.48,0.07,0.16,0.01,-3.51,0.30,9.22,0.18,0.42,0.12,-2.23,0.88,9.59,0.44,0.38,0.05,-2.40,0.53,9.61,0.35,0.25,0.10,-1.51,5.09,8.54,0.33,0.23,0.07,0.32,-0.10,0.98,-19.29,8.97,-10.13,R
60.822,39,64,0,255,47,-0.71,-5.40,8.19,-0.38,0.29,-0.29,-3.48,0.64,9.10,-0.07,0.74,-0.07,-2.32,1.62,9.34,0.33,0.50,-0.05,-2.23,0.98,9.59,0.13,0.36,0.05,-1.27,5.20,8.49,0.12,0.36,-0.06,0.26,-0.04,0.98,-21.48,-10.99,-8.06,R
60.873,41,71,26,255,53,-1.71,-4.95,8.66,-0.12,0.10,-0.20,-4.31,-0.14,9.05,-0.19,-0.01,-0.06,-2.60,0.76,9.55,-0.19,0.02,-0.02,-2.49,0.39,9.66,-0.16,0.05,0.01,-1.62,4.59,8.72,0.07,0.09,0.02,0.19,-0.11,0.99,15.75,-7.87,-9.46,R
60.924,41,70,25,255,51,-1.15,-5.45,8.35,0.13,0.05,0.01,-4.02,0.44,9.04,0.07,0.09,0.06,-2.38,1.22,9.47,-0.03,0.07,0.05,-2.40,0.75,9.60,-0.09,0.14,0.05,-1.48,5.08,8.66,0.12,0.18,0.01,0.25,-0.09,0.97,8.48,3.97,-7.93,R
60.975,42,74,26,255,52,-1.23,-4.97,8.72,0.01,0.10,-0.14,-4.03,0.46,9.14,-0.25,0.04,-0.08,-2.45,1.05,9.50,-0.34,0.00,-0.04,-2.49,0.49,9.54,-0.35,0.13,-0.06,-1.76,5.02,8.55,-0.21,0.11,-0.10,0.29,-0.10,0.98,3.17,-15.75,-5.00,R
61.026,45,79,26,255,53,-1.16,-5.54,8.09,-0.11,0.23,-0.30,-3.97,0.07,8.83,-0.20,-0.12,-0.17,-2.03,0.92,9.55,-0.48,-0.04,-0.10,-2.71,0.23,9.54,-0.37,0.05,-0.13,-1.65,4.93,8.59,-0.23,0.02,-0.12,0.21,-0.10,0.98,5.25,-18.01,-4.82,R
61.078,111,0,0,255,0,-1.47,-5.51,8.30,-0.12,0.12,-0.19,-4.07,-0.22,8.94,-0.20,-0.04,-0.13,-2.60,0.51,9.49,-0.22,-0.02,-0.06,-2.26,-0.26,9.44,-0.16,0.05,-0.01,-1.72,4.61,8.65,-0.05,0.04,0.00,0.15,-0.11,0.98,0.43,-8.36,-0.67,R
61.128,115,0,0,255,0,-1.28,-5.45,8.32,0.06,0.04,-0.03,-4.20,0.09,9.15,0.02,-0.05,-0.04,-2.69,0.36,9.49,-0.18,-0.02,-0.01,-2.60,0.14,9.55,-0.14,0.03,-0.03,-1.65,4.63,8.63,-0.12,0.02,0.04,0.10,-0.09,0.86,22.64,-14.95,-7.20,R
61.18,72,0,0,255,0,-0.76,-5.24,8.37,0.34,0.06,0.08,-4.85,-1.01,8.71,-0.16,0.14,0.14,-3.15,-0.12,9.25,-0.11,0.06,0.09,-2.98,-0.11,9.42,0.09,0.11,0.07,-1.89,5.03,8.53,0.32,-0.02,0.12,0.26,-0.47,1.02,11.96,42.30,-6.16,R
61.231,72,0,0,255,0,-1.45,-5.19,8.44,-0.03,-0.01,-0.05,-4.19,0.06,9.00,-0.04,-0.05,-0.04,-2.61,0.49,9.56,-0.10,-0.00,-0.04,-3.33,0.22,9.68,-0.18,0.01,-0.08,-1.38,4.87,8.64,-0.35,0.07,-0.08,0.30,-0.05,1.01,3.72,-45.47,7.14,R
61.281,104,0,0,255,0,-1.18,-5.50,8.31,-0.22,0.03,-0.10,-3.98,-0.30,9.04,-0.16,0.05,-0.09,-2.77,0.44,9.59,-0.16,0.05,-0.06,-2.63,0.32,9.56,-0.06,0.03,-0.05,-1.73,4.71,8.69,-0.05,0.02,-0.01,0.07,-0.18,0.97,13.24,-13.67,-1.10,R
61.332,104,0,0,255,0,-1.36,-5.63,8.29,0.13,-0.01,0.02,-4.14,-0.05,8.99,0.05,0.00,0.05,-2.66,0.49,9.46,0.02,-0.01,0.04,-2.49,0.06,9.54,0.04,-0.03,0.04,-1.72,4.70,8.73,0.01,0.03,0.11,0.15,-0.18,0.99,9.40,8.91,-9.95,R
61.383,106,0,0,255,0,-1.35,-4.98,8.47,0.04,0.00,0.00,-4.01,0.20,9.17,0.07,-0.08,0.08,-2.48,0.15,9.52,-0.02,-0.01,0.05,-2.67,-0.04,9.53,0.05,-0.02,0.05,-1.47,4.65,8.57,0.04,-0.00,0.09,0.13,-0.01,0.98,4.21,0.24,4.09,R
61.435,71,0,0,255,0,-1.27,-5.20,8.42,0.02,0.02,0.03,-3.86,-0.02,9.08,0.03,-0.01,0.04,-2.44,0.68,9.50,-0.03,-0.03,0.01,-2.60,0.07,9.51,-0.04,-0.04,-0.01,-1.54,4.76,8.63,-0.05,0.00,0.02,0.16,-0.18,0.98,18.80,-9.46,-13.67,R
61.486,47,0,0,255,0,-1.28,-5.33,8.41,-0.00,0.04,0.00,-3.98,0.02,9.05,-0.00,0.04,-0.00,-2.57,0.58,9.50,-0.02,0.02,-0.01,-2.56,0.14,9.59,-0.01,0.02,-0.02,-1.54,4.71,8.66,0.03,0.01,-0.02,0.15,-0.23,0.98,-0.24,-1.65,-10.68,R
61.536,96,0,0,255,0,-1.31,-5.45,8.32,0.03,0.01,0.01,-3.88,-0.06,9.14,0.03,0.04,0.03,-2.45,0.53,9.50,-0.00,0.03,0.03,-2.60,0.05,9.59,0.05,0.03,0.03,-1.58,4.75,8.61,0.12,0.02,0.02,0.13,-0.20,0.97,-4.15,7.08,-2.62,R
61.587,103,0,0,255,0,-1.35,-5.35,8.36,0.09,0.02,0.03,-4.10,0.11,9.04,0.05,0.01,0.05,-2.59,0.60,9.50,0.00,-0.01,0.03,-2.60,0.13,9.53,-0.01,0.01,0.02,-1.61,4.84,8.62,0.02,0.03,0.02,0.19,-0.18,0.99,-5.98,3.85,-0.85,R
61.638,68,0,0,255,0,-1.31,-5.41,8.42,-0.05,0.03,-0.01,-3.88,-0.03,9.06,-0.01,0.05,0.01,-2.49,0.41,9.50,-0.00,0.03,0.02,-2.58,0.09,9.55,0.03,0.05,0.02,-1.60,4.97,8.58,0.06,0.04,0.00,0.15,-0.18,0.98,-21.36,1.40,10.56,R
61.689,57,0,0,255,0,-1.32,-5.29,8.36,-0.04,0.01,-0.02,-3.96,0.03,9.07,-0.01,0.01,0.00,-2.42,0.52,9.47,-0.03,-0.00,0.01,-2.51,0.04,9.54,0.01,0.03,0.01,-1.56,4.81,8.64,0.06,0.04,0.00,0.15,-0.14,0.98,-12.08,1.46,2.75,R
61.74,57,0,0,255,0,-1.33,-5.35,8.37,0.06,0.01,0.02,-3.94,0.02,9.06,0.04,0.02,0.04,-2.54,0.65,9.44,0.01,-0.01,0.03,-2.60,0.33,9.56,0.01,0.02,0.01,-1.56,5.09,8.52,-0.01,0.02,0.00,0.19,-0.15,0.98,-2.75,-2.08,-1.16,R
61.791,61,0,0,255,0,-1.23,-5.28,8.36,-0.04,0.03,-0.01,-3.85,0.06,9.11,-0.06,0.06,-0.02,-2.44,0.50,9.53,-0.07,0.04,-0.01,-2.64,0.11,9.49,-0.02,0.06,-0.00,-1.66,4.93,8.59,0.02,0.05,-0.03,0.15,-0.16,0.99,1.71,-2.62,0.31,R
61.843,68,0,0,255,0,-1.36,-5.37,8.38,-0.05,0.05,-0.02,-3.96,0.06,9.06,-0.06,0.06,-0.03,-2.49,0.52,9.54,-0.08,0.04,-0.01,-2.66,0.03,9.49,-0.05,0.05,-0.01,-1.57,4.77,8.59,-0.06,0.05,-0.02,0.16,-0.15,1.00,0.31,6.35,7.08,R
61.893,102,0,0,255,0,-1.38,-5.30,8.37,0.01,0.04,0.03,-4.07,0.07,9.06,-0.03,0.06,0.01,-2.46,0.67,9.54,-0.07,-0.01,0.00,-2.77,0.13,9.46,0.02,0.08,0.01,-1.84,5.21,8.57,-0.05,0.11,-0.03,0.22,-0.32,0.98,-41.02,35.52,37.23,R
61.944,104,0,0,255,0,-1.28,-5.31,8.40,0.02,0.02,-0.02,-3.94,0.06,9.10,-0.01,0.04,0.00,-2.48,0.42,9.52,-0.06,0.01,0.02,-2.64,-0.11,9.55,0.05,0.03,0.03,-1.68,4.85,8.56,0.19,0.00,0.04,0.16,-0.19,0.99,2.01,5.31,-4.52,R
61.995,102,0,0,255,0,-1.41,-5.19,8.41,0.01,0.01,0.00,-3.98,-0.02,9.05,0.01,0.04,0.01,-2.53,0.53,9.49,-0.00,0.01,0.01,-2.57,0.11,9.52,-0.01,0.03,0.01,-1.56,4.95,8.53,0.05,0.04,0.02,0.19,-0.12,0.99,-0.43,-0.67,1.59,R
62.046,100,0,0,255,0,-1.34,-5.24,8.43,0.10,0.01,0.06,-4.05,0.11,9.01,0.03,0.03,0.05,-2.66,0.65,9.44,0.01,-0.01,0.03,-2.63,0.30,9.51,0.01,0.01,0.01,-1.57,5.02,8.56,0.01,0.02,-0.01,0.23,-0.12,0.98,-0.24,5.07,1.59,R
62.097,62,0,0,255,0,-1.38,-5.42,8.36,-0.02,0.01,0.01,-4.01,0.01,9.04,-0.00,0.02,-0.00,-2.56,0.52,9.49,-0.01,0.00,0.01,-2.66,0.16,9.55,0.04,0.02,0.02,-1.65,4.91,8.52,0.09,0.01,0.01,0.18,-0.11,0.98,-4.09,7.57,3.85,R
62.148,42,0,0,255,0,-1.42,-5.24,8.42,0.03,0.00,0.04,-4.12,0.03,8.99,0.06,0.02,0.04,-2.68,0.62,9.46,0.06,-0.01,0.02,-2.72,0.19,9.51,0.07,-0.01,0.03,-1.57,4.90,8.54,0.04,0.01,0.05,0.19,-0.13,0.98,0.49,3.66,1.71,R
62.199,43,0,0,255,0,-1.41,-5.23,8.28,0.02,-0.05,0.11,-4.08,0.31,9.18,0.08,0.04,0.04,-2.45,0.86,9.56,0.04,-0.04,0.04,-2.62,0.39,9.56,0.09,0.00,0.05,-1.53,5.09,8.46,0.08,0.01,0.05,0.22,-0.11,0.98,-0.24,8.79,3.60,R
62.25,48,0,0,255,0,-1.34,-5.32,8.38,0.05,-0.01,0.10,-3.95,0.13,9.05,0.09,0.03,0.08,-1.47,0.54,9.36,0.06,0.03,0.09,-2.95,-0.21,9.79,-0.08,0.02,0.07,-1.54,5.16,8.44,0.10,0.00,0.04,0.25,-0.11,0.98,0.43,11.17,3.60,R
62.301,39,0,0,255,0,-1.32,-5.10,8.47,-0.04,0.04,0.01,-3.97,0.28,9.03,-0.02,0.01,-0.03,-2.55,0.77,9.49,-0.05,-0.03,-0.04,-2.49,0.34,9.55,-0.05,-0.01,-0.05,-1.37,4.88,8.52,-0.10,0.01,-0.05,0.23,-0.12,0.98,-0.61,-0.55,5.92,R
62.352,44,0,0,255,0,-1.43,-5.32,8.39,0.02,0.06,0.03,-4.07,0.28,8.96,0.07,0.05,0.02,-2.56,0.88,9.45,-0.00,-0.00,0.01,-2.69,0.38,9.50,0.02,0.01,-0.00,-1.56,5.06,8.45,0.01,-0.01,0.00,0.26,-0.12,0.97,-2.01,8.24,2.99,R
62.403,38,0,0,255,0,-1.47,-5.34,8.42,-0.04,0.01,-0.01,-3.95,0.18,9.06,0.00,-0.01,-0.01,-2.53,0.68,9.50,-0.05,-0.04,-0.01,-2.60,0.31,9.49,0.02,-0.01,-0.01,-1.42,5.01,8.53,0.03,-0.01,0.00,0.21,-0.10,0.98,-0.55,3.42,6.96,R
62.454,69,0,0,255,0,-1.46,-5.20,8.39,0.09,-0.00,0.04,-3.98,0.33,9.06,0.07,-0.01,0.06,-2.21,1.58,9.50,0.17,-0.02,0.04,-2.43,0.17,9.50,0.16,-0.03,0.05,-1.37,5.03,8.50,0.09,-0.01,0.05,0.25,-0.10,0.98,-3.23,8.30,2.75,R
62.506,101,0,0,255,0,-1.44,-5.21,8.47,0.09,0.00,0.04,-4.14,0.37,9.00,0.08,-0.02,0.05,-2.73,0.73,9.46,0.02,-0.06,0.02,-2.67,0.35,9.53,0.04,-0.05,0.02,-1.44,5.00,8.36,0.00,-0.02,0.06,0.28,-0.12,0.97,-0.18,-1.10,-1.77,R
62.556,101,0,0,255,0,-1.41,-5.29,8.31,0.07,-0.10,0.02,-3.88,0.23,9.01,0.15,-0.16,0.11,-2.41,0.79,9.50,-0.01,-0.17,0.11,-2.56,0.50,9.57,0.08,-0.13,0.08,-1.43,5.41,8.45,0.11,0.02,0.19,0.24,-0.09,0.97,8.67,4.15,-8.61,R
62.607,85,0,0,255,0,-1.41,-5.05,8.46,0.02,-0.03,0.00,-3.79,0.51,9.18,0.06,-0.12,0.03,-2.25,1.07,9.53,-0.12,-0.10,0.04,-2.34,0.48,9.63,-0.06,-0.05,0.02,-1.26,5.02,8.56,-0.05,0.02,0.06,0.23,-0.09,0.97,8.73,-3.36,-2.38,R
62.659,99,0,0,255,0,-1.29,-5.10,8.54,0.09,-0.01,0.02,-3.65,0.50,9.12,-0.01,-0.05,0.02,-2.29,0.84,9.50,-0.15,-0.07,0.03,-2.50,0.47,9.54,-0.08,-0.02,-0.02,-1.34,5.33,8.45,-0.07,-0.00,-0.02,0.29,-0.11,0.97,7.81,-0.79,-0.85,R
62.709,80,0,0,255,0,-1.38,-5.17,8.42,-0.09,0.04,-0.07,-3.76,0.41,9.14,-0.11,-0.04,-0.07,-2.30,0.74,9.56,-0.17,-0.06,-0.04,-2.54,0.32,9.56,-0.13,-0.02,-0.06,-1.39,5.04,8.47,-0.10,-0.01,-0.06,0.23,-0.12,0.98,6.59,-6.29,1.34,R
62.76,28,0,0,255,0,-1.41,-5.32,8.41,-0.01,0.03,-0.02,-3.86,0.30,9.18,-0.01,0.03,-0.00,-2.34,0.57,9.52,-0.05,-0.00,0.02,-2.49,0.24,9.56,0.01,0.00,0.01,-1.43,5.11,8.52,0.07,0.01,0.01,0.21,-0.13,0.98,2.75,2.87,1.22,R
62.811,34,0,0,255,0,-1.36,-5.20,8.46,0.08,-0.05,0.02,-3.76,0.40,9.15,0.01,-0.01,0.04,-2.27,0.60,9.52,-0.01,-0.02,0.04,-2.47,0.20,9.54,0.05,0.00,0.05,-1.44,5.06,8.51,0.06,0.03,0.05,0.23,-0.13,0.97,1.34,3.66,0.98,R
62.862,34,0,0,255,0,-1.32,-5.06,8.54,0.02,0.00,0.04,-3.69,0.47,9.26,0.03,-0.01,0.01,-2.16,0.69,9.56,-0.01,-0.01,0.01,-2.42,0.27,9.57,0.02,-0.00,0.00,-1.36,5.15,8.46,0.01,0.01,0.01,0.25,-0.11,0.97,-0.31,1.28,0.55,R
62.913,76,0,0,255,0,-1.36,-5.18,8.47,0.00,0.01,0.01,-3.73,0.34,9.09,0.03,0.03,0.02,-2.34,0.57,9.53,0.03,-0.01,0.02,-2.52,0.32,9.58,0.07,-0.01,0.02,-1.36,5.21,8.47,0.05,0.01,0.03,0.24,-0.13,0.96,-0.61,3.17,0.79,R
62.964,72,0,0,255,0,-1.33,-5.32,8.47,0.01,-0.01,0.03,-3.71,0.32,9.18,0.07,0.05,0.05,-2.28,0.68,9.58,0.05,0.00,0.04,-2.39,0.35,9.55,0.11,0.01,0.05,-1.33,5.25,8.48,0.16,0.01,0.06,0.23,-0.11,0.98,-2.50,6.23,0.67,R
63.015,101,0,0,255,0,-1.37,-5.09,8.63,0.06,0.00,0.06,-3.69,0.67,9.17,0.08,-0.01,0.05,-2.22,0.84,9.60,0.00,-0.03,0.02,-2.40,0.57,9.61,0.00,-0.01,0.01,-1.20,5.20,8.45,-0.04,0.01,0.01,0.27,-0.12,0.97,0.85,4.27,1.59,R
63.066,101,0,0,255,0,-1.46,-5.14,8.51,0.07,-0.00,0.06,-3.80,0.54,9.17,0.04,0.03,0.07,-2.60,0.25,9.60,0.11,0.02,0.04,-2.53,-0.03,9.62,0.10,0.01,0.06,-1.35,5.08,8.41,0.14,0.00,0.08,0.25,-0.12,0.97,-0.61,8.36,0.31,R
63.117,101,0,0,255,0,-1.36,-4.91,8.54,0.06,-0.01,0.09,-3.52,0.78,9.20,0.09,-0.06,0.06,-2.15,0.26,10.42,0.12,-0.06,0.04,-2.21,-0.35,9.52,-0.01,-0.02,0.02,-1.32,5.22,8.47,0.05,-0.01,0.03,0.29,-0.11,0.96,1.53,7.32,1.40,R
63.168,101,0,0,255,0,-1.52,-5.05,8.60,0.00,-0.01,0.02,-3.83,0.49,9.15,-0.01,-0.01,0.00,-2.26,0.81,9.60,-0.01,-0.03,0.01,-2.42,0.41,9.50,0.03,-0.02,0.01,-1.23,5.20,8.44,0.02,-0.01,0.04,0.25,-0.13,0.97,1.46,2.50,2.14,R
63.22,101,0,0,255,0,-1.25,-5.19,8.57,0.10,-0.01,0.10,-3.60,0.70,9.11,0.13,-0.01,0.07,-2.19,1.03,9.58,-0.02,-0.06,0.05,-2.43,0.69,9.67,0.03,-0.03,0.02,-1.29,5.36,8.37,0.06,-0.01,0.02,0.32,-0.11,0.96,1.71,7.51,1.59,R
63.271,101,0,0,255,0,-1.49,-4.92,8.55,-0.03,-0.03,0.01,-3.56,0.64,9.19,-0.03,-0.04,-0.01,-1.78,1.15,9.53,0.04,-0.04,-0.01,-2.15,0.42,9.60,-0.00,-0.01,0.00,-1.15,5.03,8.47,0.09,-0.00,0.02,0.23,-0.11,0.95,-2.01,2.08,3.91,R
63.321,39,0,0,255,0,-1.42,-4.95,8.63,0.10,0.01,0.06,-3.72,0.68,9.14,0.04,0.01,0.04,-2.28,0.87,9.50,-0.02,-0.04,0.04,-2.50,0.67,9.59,0.05,0.00,0.02,-1.20,5.37,8.32,0.01,0.01,0.03,0.32,-0.13,0.97,-0.85,4.33,2.56,R
63.372,30,0,0,255,0,-1.13,-5.06,8.56,0.01,-0.00,0.04,-3.29,0.54,9.27,-0.03,-0.05,0.02,-2.12,0.85,9.62,-0.04,-0.03,0.03,-2.32,0.58,9.63,0.02,0.01,0.01,-1.20,5.41,8.38,0.04,0.02,0.01,0.30,-0.10,0.97,0.37,3.11,0.98,R
63.423,40,0,0,255,0,-1.45,-5.02,8.61,0.05,0.03,0.01,-3.71,0.25,9.70,0.18,-0.36,0.03,-1.95,1.00,9.61,0.04,-0.07,0.09,-2.15,0.51,9.65,0.09,-0.01,0.08,-1.04,5.20,8.38,0.21,-0.00,0.11,0.25,-0.10,0.96,13.37,6.16,-4.27,R
63.474,41,0,0,255,0,-1.56,-4.73,8.74,-0.06,-0.03,0.02,-4.24,-0.83,12.21,-0.11,-2.32,0.64,-2.27,0.53,9.61,0.16,0.04,0.04,-2.39,0.11,9.52,0.20,0.01,0.05,-1.13,5.26,8.32,0.11,0.02,0.07,0.28,-0.18,0.98,4.33,-1.22,6.04,R
63.525,57,0,0,255,0,-1.21,-4.91,8.64,-0.04,-0.22,0.17,-0.52,2.04,5.08,0.21,-2.06,0.15,-2.19,1.17,9.44,0.06,-0.08,0.08,-2.26,0.91,9.54,0.14,-0.02,0.03,-1.04,5.78,8.22,0.06,-0.00,0.04,0.32,-0.10,0.94,3.72,7.63,0.79,R
63.576,83,0,0,255,0,-1.34,-4.86,8.65,-0.10,-0.11,0.04,-0.47,1.27,8.50,-0.36,-0.69,0.53,-1.88,0.96,9.60,-0.12,-0.06,-0.00,-2.23,0.70,9.60,-0.09,-0.03,-0.03,-1.05,5.47,8.29,-0.06,0.00,-0.02,0.29,-0.12,0.96,2.14,-0.98,3.36,R
63.627,101,0,0,255,0,-1.37,-4.98,8.58,-0.05,-0.03,-0.02,0.55,1.17,6.04,-0.44,0.86,0.21,-2.26,1.20,9.60,-0.34,-0.18,-0.01,-2.28,0.51,9.53,-0.33,-0.06,-0.02,-1.18,5.05,8.46,-0.14,0.02,0.01,0.30,-0.14,0.95,2.62,-4.15,1.10,R
63.678,102,0,0,255,0,-1.27,-4.95,8.57,-0.13,-0.01,-0.04,-1.71,-0.77,12.30,-0.09,-0.14,0.11,-1.83,0.51,9.61,0.02,-0.05,0.00,-2.17,0.52,9.66,0.05,-0.01,0.01,-1.06,5.38,8.31,-0.01,0.01,0.03,0.27,-0.13,0.96,-0.18,-2.50,1.04,R
63.729,102,0,0,255,0,-1.35,-4.85,8.68,0.03,-0.04,0.01,-0.57,1.47,8.06,-0.05,0.28,0.04,-1.95,0.99,9.58,-0.15,-0.07,-0.01,-2.25,0.69,9.68,-0.13,-0.02,-0.03,-1.10,5.36,8.34,-0.10,0.03,-0.03,0.31,-0.14,0.95,1.28,0.43,1.34,R
63.78,102,0,0,255,0,-1.16,-5.14,8.51,0.03,0.00,-0.01,-1.98,0.37,13.01,-0.14,0.55,0.10,-1.81,0.70,9.68,-0.04,0.02,0.01,-2.19,0.41,9.60,0.00,0.03,0.01,-1.12,5.23,8.42,0.09,0.02,0.01,0.29,-0.14,0.96,0.12,1.46,1.04,R
63.831,87,0,0,255,0,-1.29,-4.86,8.57,0.05,-0.00,0.04,-0.78,1.72,7.69,0.12,-0.30,-0.07,-1.80,1.15,9.60,-0.01,-0.03,0.01,-2.17,0.54,9.63,-0.05,0.00,-0.00,-1.12,5.43,8.37,-0.02,0.01,-0.01,0.31,-0.12,0.95,3.60,1.16,1.77,R
63.882,106,0,0,255,0,-1.19,-5.04,8.62,-0.05,-0.00,-0.01,-1.98,1.00,13.16,-0.04,-0.13,0.12,-1.77,0.71,9.65,0.05,0.00,0.01,-2.14,0.63,9.67,0.05,0.01,0.01,-1.07,5.28,8.39,0.04,0.02,-0.02,0.28,-0.14,0.96,3.17,-0.92,0.85,R
63.934,99,0,0,255,0,-1.34,-4.91,8.64,0.02,-0.00,0.01,-0.64,1.70,7.64,-0.07,0.08,0.02,-1.76,1.09,9.62,-0.11,-0.06,-0.00,-2.21,0.72,9.54,-0.13,-0.01,-0.02,-1.05,5.44,8.37,-0.11,0.02,-0.03,0.31,-0.12,0.95,3.60,-0.67,1.53,R
63.984,79,0,0,255,0,-1.29,-5.20,8.57,-0.08,-0.01,-0.03,-0.98,-0.06,2.60,-0.29,2.51,-0.38,-1.69,1.07,9.46,-0.38,-0.22,-0.05,-2.16,0.45,9.61,-0.37,-0.04,-0.05,-1.15,5.28,8.49,-0.16,0.03,-0.05,0.30,-0.12,0.94,1.53,-3.97,2.38,R
64.035,76,0,0,255,0,0.03,-2.77,9.47,-0.34,-0.02,-0.04,-0.70,2.36,12.77,0.52,-0.25,-0.14,-1.66,2.29,9.73,-0.18,-0.14,-0.02,-2.16,-0.33,9.50,-0.12,-0.15,-0.01,-0.99,5.66,8.40,-0.17,-0.02,-0.01,0.26,-0.11,0.96,-8.42,-2.50,5.68,R
64.087,35,0,0,255,0,-1.34,-4.97,8.67,0.03,0.01,-0.06,-2.79,0.56,9.48,0.09,-0.06,-0.06,-1.69,0.64,9.77,-0.10,-0.05,-0.01,-2.07,0.23,9.61,-0.04,-0.01,-0.02,-1.12,5.15,8.55,-0.11,0.02,-0.01,0.29,-0.13,0.97,0.98,-2.32,0.98,R
64.137,30,0,0,255,0,-1.20,-5.00,8.53,0.01,0.03,-0.02,-2.64,0.53,9.50,0.02,0.08,-0.02,-1.76,0.71,9.69,-0.06,-0.02,-0.02,-2.18,0.21,9.65,-0.05,-0.01,-0.02,-1.12,5.20,8.49,-0.04,0.01,-0.03,0.30,-0.13,0.96,2.01,-1.46,1.10,R
64.189,27,0,0,255,0,-1.19,-4.98,8.57,-0.00,0.01,-0.02,-2.86,0.44,9.50,0.02,0.02,-0.03,-1.63,0.71,9.65,-0.06,-0.03,-0.01,-2.13,0.14,9.66,-0.04,-0.01,-0.01,-1.12,5.14,8.49,-0.00,0.01,-0.00,0.28,-0.13,0.96,2.81,0.06,0.85,R
64.239,25,0,0,255,0,-1.27,-4.97,8.58,0.00,0.01,-0.03,-2.59,0.53,9.50,-0.05,-0.07,-0.03,-1.56,0.69,9.67,-0.11,-0.09,-0.02,-1.96,0.19,9.78,-0.10,-0.05,-0.02,-1.05,5.03,8.55,-0.14,0.00,-0.02,0.30,-0.12,0.96,6.04,-2.93,1.04,R
64.29,36,0,0,255,0,-1.25,-5.07,8.55,0.00,0.01,-0.04,-2.64,0.52,9.57,0.00,-0.05,-0.04,-1.66,0.50,9.68,-0.10,-0.09,-0.02,-2.09,0.18,9.60,-0.09,-0.05,-0.02,-1.13,5.00,8.57,-0.08,-0.01,-0.01,0.28,-0.14,0.96,6.96,-2.50,0.85,R
64.341,58,0,0,255,0,-1.20,-5.03,8.59,0.03,-0.00,-0.02,-2.53,0.45,9.54,-0.01,-0.06,-0.01,-1.58,0.52,9.69,-0.07,-0.07,0.00,-2.01,0.16,9.68,-0.06,-0.04,-0.01,-1.13,4.93,8.66,-0.07,-0.01,0.00,0.29,-0.15,0.96,5.49,-0.61,0.67,R
64.392,99,0,0,255,0,-1.14,-5.02,8.56,-0.00,0.00,-0.03,-2.35,0.48,9.54,-0.04,-0.14,-0.04,-1.42,0.49,9.69,-0.11,-0.14,-0.01,-1.70,0.35,9.77,-0.06,-0.16,-0.03,-0.96,4.96,8.67,-0.20,-0.05,-0.01,0.29,-0.14,0.96,11.11,-3.48,0.12,R
64.443,101,0,0,255,0,-1.21,-5.01,8.55,0.01,0.04,-0.04,-2.47,0.47,9.60,-0.02,-0.10,-0.03,-1.50,0.44,9.71,-0.10,-0.11,0.00,-1.98,-0.10,9.70,-0.12,-0.11,-0.01,-0.96,4.76,8.73,-0.13,-0.04,0.02,0.27,-0.17,0.96,9.95,-3.78,0.37,R
64.494,101,0,0,255,0,-1.16,-4.96,8.60,0.05,0.01,-0.01,-2.32,0.48,9.59,0.03,-0.05,-0.01,-1.40,0.43,9.61,-0.06,-0.09,0.01,-1.95,-0.11,9.67,-0.09,-0.08,-0.00,-1.00,4.79,8.70,-0.11,-0.02,0.02,0.28,-0.17,0.95,8.06,-1.83,0.79,R
64.545,101,0,0,255,0,-7.26,-7.46,10.50,0.09,0.05,0.56,-2.33,0.46,9.54,0.02,-0.05,-0.02,-1.37,0.45,9.76,-0.06,-0.06,0.01,-1.81,-0.05,9.73,-0.08,-0.05,0.00,-0.95,4.73,8.74,-0.09,-0.01,0.01,0.28,-0.18,0.95,8.00,-1.83,0.06,R
64.596,102,0,0,255,0,-1.18,-4.97,8.65,0.04,0.01,-0.01,-2.26,0.63,9.61,0.01,-0.03,0.00,-1.24,0.37,9.76,-0.05,-0.05,0.01,-1.84,-0.14,9.67,-0.04,-0.03,0.01,-0.98,4.82,8.72,-0.02,0.00,0.02,0.27,-0.17,0.96,4.33,0.06,-0.31,R
64.647,102,0,0,255,0,-1.24,-4.89,8.63,0.04,0.01,-0.00,-2.26,0.51,9.57,0.01,-0.02,0.01,-1.29,0.41,9.71,-0.01,-0.04,0.02,-1.82,-0.16,9.74,-0.01,-0.02,0.02,-0.96,4.80,8.77,0.05,0.01,0.01,0.27,-0.18,0.95,3.30,0.37,-0.37,R
64.698,101,0,0,255,0,-1.18,-4.94,8.65,0.02,-0.00,0.00,-2.26,0.59,9.63,0.04,0.02,0.01,-1.28,0.38,9.74,-0.02,-0.02,0.02,-1.81,-0.13,9.77,0.01,-0.01,0.01,-0.93,4.81,8.72,0.00,0.01,0.02,0.27,-0.18,0.95,1.83,0.73,0.06,R
64.749,101,0,0,255,0,-1.14,-4.91,8.65,0.02,0.00,-0.00,-2.21,0.63,9.65,0.03,0.02,0.00,-1.25,0.46,9.74,-0.02,-0.02,0.01,-1.76,-0.11,9.76,-0.01,-0.01,0.01,-0.90,4.81,8.76,-0.01,0.01,0.00,0.28,-0.17,0.95,1.10,0.31,-0.37,R
64.8,64,0,0,255,0,-1.13,-4.93,8.64,0.00,0.02,-0.01,-2.19,0.58,9.62,0.03,0.03,-0.01,-1.25,0.45,9.70,-0.01,-0.01,0.01,-1.73,-0.14,9.74,-0.01,0.00,-0.00,-0.97,4.76,8.67,0.01,0.02,-0.01,0.28,-0.18,0.95,1.04,0.18,-0.18,R
64.852,100,0,0,255,0,-1.21,-4.94,8.68,0.01,0.00,-0.01,-2.27,0.66,9.60,0.04,0.03,0.01,-1.24,0.52,9.75,0.00,-0.01,0.01,-1.77,-0.07,9.71,-0.01,0.01,0.01,-0.96,4.81,8.72,-0.00,0.01,-0.00,0.29,-0.17,0.96,1.16,0.31,-1.04,R
64.902,101,0,0,255,0,-1.18,-4.92,8.65,-0.01,0.02,-0.02,-2.20,0.63,9.55,-0.01,0.02,-0.01,-1.23,0.42,9.75,-0.02,0.00,-0.01,-1.77,-0.07,9.71,-0.02,0.01,-0.01,-0.93,4.91,8.72,0.01,0.02,-0.02,0.28,-0.18,0.95,0.79,-1.59,-1.53,R
64.953,89,0,0,255,0,-1.07,-4.90,8.65,0.01,0.04,-0.01,-1.83,0.65,9.69,0.03,0.01,-0.01,-1.24,0.48,9.73,-0.04,-0.01,-0.01,-1.79,-0.05,9.67,-0.04,0.00,-0.01,-0.95,4.81,8.76,-0.03,0.01,-0.04,0.29,-0.17,0.95,1.77,-1.22,-2.20,R
65.004,78,0,0,255,0,-1.29,-4.98,8.60,0.00,0.03,-0.03,-2.37,0.58,9.60,0.01,0.03,-0.00,-1.33,0.39,9.75,0.01,-0.00,0.00,-1.79,0.16,9.89,-0.02,0.02,0.00,-1.02,4.90,8.69,0.05,0.02,0.01,0.26,-0.19,0.96,-0.85,-0.67,-2.99,R
65.055,73,0,0,255,0,-1.13,-5.09,8.75,0.02,0.04,0.02,-2.12,0.80,9.62,0.00,0.02,-0.00,-1.18,0.42,9.72,-0.04,-0.01,-0.01,-1.75,-0.17,9.71,-0.02,0.00,-0.01,-0.91,4.73,8.72,-0.02,0.01,-0.02,0.28,-0.18,0.95,2.62,-2.26,-2.56,R
65.106,80,0,0,255,0,-1.18,-4.96,8.68,0.02,0.03,-0.02,-2.29,0.71,9.57,-0.01,0.02,0.00,-1.22,0.43,9.75,-0.04,-0.02,0.01,-1.77,-0.12,9.78,-0.01,0.00,-0.00,-0.97,4.79,8.77,0.00,0.01,-0.00,0.27,-0.18,0.96,1.65,-1.16,-2.62,R
65.157,89,0,0,255,0,-1.18,-4.97,8.67,0.01,0.02,-0.03,-2.21,0.72,9.57,0.01,0.02,-0.01,-1.13,0.42,9.78,-0.03,-0.02,-0.00,-1.72,-0.21,9.74,-0.03,0.00,-0.01,-0.87,4.78,8.77,-0.03,0.01,-0.01,0.27,-0.18,0.96,1.40,-2.01,-2.50,R
65.208,82,0,0,255,0,-1.21,-4.97,8.65,0.02,0.03,-0.03,-2.21,0.73,9.54,-0.02,0.04,-0.01,-1.26,0.37,9.78,-0.04,-0.00,-0.01,-1.77,-0.18,9.74,-0.03,0.01,-0.02,-0.99,4.77,8.73,-0.01,0.01,-0.03,0.27,-0.19,0.95,1.10,-2.01,-1.65,R
65.259,106,0,0,255,0,-1.26,-4.96,8.65,0.03,0.00,-0.01,-2.28,0.65,9.57,0.04,0.02,0.01,-1.19,0.52,9.74,0.01,0.00,0.02,-1.77,-0.21,9.74,0.01,0.02,0.02,-0.95,4.75,8.77,0.08,0.01,0.01,0.27,-0.18,0.95,-0.06,1.89,-0.98,R
65.31,106,0,0,255,0,-1.15,-4.91,8.66,0.02,0.01,-0.00,-2.26,0.77,9.61,0.03,0.03,0.00,-1.21,0.45,9.76,-0.01,0.01,-0.00,-1.73,-0.11,9.71,-0.01,0.02,-0.00,-0.90,4.73,8.71,-0.02,0.02,0.00,0.27,-0.18,0.96,0.61,0.12,-0.61,R
65.361,102,0,0,255,0,-1.23,-4.86,8.64,0.02,0.01,-0.01,-2.18,0.81,9.59,0.04,0.03,0.00,-1.13,0.50,9.78,-0.01,0.00,0.00,-1.76,-0.20,9.75,-0.00,0.02,0.01,-0.96,4.65,8.73,-0.02,0.02,0.01,0.27,-0.18,0.95,-0.12,1.04,-0.37,R
65.412,71,0,0,255,0,-1.18,-4.85,8.70,0.00,0.00,-0.01,-2.25,0.79,9.56,0.01,0.02,-0.00,-1.17,0.44,9.75,-0.03,0.00,-0.00,-1.70,-0.12,9.77,-0.01,0.01,-0.00,-0.92,4.80,8.73,0.03,0.02,-0.01,0.27,-0.18,0.96,0.98,-0.73,-0.37,R
65.463,70,0,0,255,0,-1.24,-4.90,8.67,-0.00,0.02,-0.01,-2.26,0.76,9.59,0.00,0.03,-0.00,-1.20,0.50,9.77,-0.02,0.01,0.00,-1.74,-0.17,9.76,-0.00,0.01,-0.00,-0.91,4.76,8.73,0.02,0.02,-0.01,0.26,-0.19,0.95,0.73,0.00,0.06,R
65.514,82,0,0,255,0,-1.22,-4.87,8.64,0.01,0.00,-0.01,-2.27,0.74,9.62,0.02,0.03,-0.00,-1.18,0.56,9.77,0.00,-0.00,0.00,-1.71,-0.11,9.79,0.00,0.02,0.00,-0.91,4.87,8.67,0.00,0.02,-0.00,0.27,-0.18,0.96,-0.31,0.31,0.24,R
65.565,72,0,0,255,0,-1.21,-4.83,8.68,0.00,0.01,-0.01,-2.26,0.78,9.60,0.01,0.03,-0.01,-1.15,0.45,9.77,-0.01,0.01,-0.00,-1.65,-0.16,9.74,0.02,0.01,0.01,-0.85,4.78,8.76,0.05,0.02,-0.01,0.26,-0.19,0.95,-0.79,1.04,0.73,R
65.616,66,0,0,255,0,-1.15,-4.92,8.68,0.01,0.01,0.01,-2.20,0.79,9.54,0.02,0.04,-0.00,-1.20,0.49,9.75,-0.01,0.00,-0.00,-1.72,-0.11,9.68,0.02,0.02,0.00,-0.94,4.74,8.72,0.02,0.02,-0.01,0.28,-0.18,0.96,0.00,0.73,0.37,R
65.667,77,0,0,255,0,-1.13,-4.83,8.67,-0.02,0.01,-0.01,-2.28,0.73,9.60,-0.01,0.03,-0.00,-1.23,0.47,9.75,-0.02,0.01,0.01,-1.72,-0.18,9.71,-0.00,0.01,-0.00,-0.97,4.89,8.71,0.04,0.02,-0.01,0.27,-0.18,0.96,0.37,0.73,0.31,R
65.718,101,0,0,255,0,-1.24,-4.87,8.64,-0.00,0.01,-0.01,-2.29,0.79,9.57,-0.01,0.03,-0.01,-1.22,0.60,9.76,-0.03,0.02,0.00,-1.75,-0.13,9.73,-0.01,0.02,-0.00,-0.87,4.78,8.76,-0.02,0.02,-0.00,0.27,-0.18,0.95,-0.85,-0.12,0.24,R
65.769,104,0,0,255,0,-1.12,-4.83,8.66,-0.00,0.00,-0.00,-2.26,0.84,9.53,0.00,0.04,-0.00,-1.19,0.51,9.78,-0.02,0.01,-0.00,-1.77,-0.13,9.69,-0.01,0.01,-0.01,-0.86,4.86,8.70,-0.00,0.02,-0.02,0.28,-0.17,0.95,-0.92,-0.06,0.12,R
65.82,104,0,0,255,0,-1.18,-4.92,8.69,-0.01,0.02,-0.01,-2.31,0.79,9.59,-0.01,0.04,-0.01,-1.20,0.52,9.77,-0.03,0.01,-0.01,-1.79,-0.19,9.73,-0.01,0.02,-0.01,-0.88,4.88,8.73,-0.01,0.01,-0.01,0.26,-0.18,0.95,-0.18,-0.24,0.24,R
65.871,87,0,0,255,0,-1.19,-4.82,8.70,0.01,0.01,0.00,-2.29,0.88,9.57,-0.01,0.03,-0.00,-1.25,0.48,9.77,-0.01,0.01,-0.00,-1.73,-0.10,9.74,0.01,0.01,-0.00,-0.95,5.03,8.68,-0.00,0.00,-0.00,0.27,-0.18,0.95,-0.06,0.43,0.18,R
65.922,100,0,0,255,0,-1.20,-4.86,8.66,0.01,0.02,-0.00,-2.30,0.76,9.60,0.01,0.03,0.00,-1.21,0.53,9.74,-0.01,0.00,0.01,-1.74,-0.10,9.73,0.03,0.02,-0.00,-0.92,4.74,8.71,0.05,0.01,-0.01,0.27,-0.18,0.95,0.43,1.22,-0.18,R
65.973,96,0,0,255,0,-1.21,-4.86,8.67,0.02,0.02,-0.01,-2.30,0.83,9.57,0.06,0.03,0.00,-1.17,0.57,9.76,0.02,0.01,-0.01,-1.74,-0.02,9.80,0.02,0.01,0.00,-0.89,4.83,8.68,0.06,0.02,-0.01,0.28,-0.17,0.96,-1.59,1.77,0.00,R
66.024,90,0,0,255,0,-1.20,-4.85,8.66,-0.01,0.04,-0.01,-2.29,0.87,9.58,-0.02,0.03,0.00,-1.14,0.57,9.75,-0.04,0.00,-0.01,-1.78,-0.12,9.72,-0.01,0.01,-0.01,-0.91,4.81,8.72,0.01,0.03,-0.01,0.26,-0.19,0.95,0.61,0.06,-0.24,R
66.075,89,0,0,255,0,-1.24,-4.90,8.65,0.03,-0.00,0.00,-2.30,0.86,9.58,0.07,0.05,0.01,-1.20,0.56,9.81,0.02,0.01,0.01,-1.63,-0.03,9.73,0.00,0.02,0.01,-0.90,4.86,8.67,-0.02,0.03,-0.00,0.29,-0.17,0.96,0.43,1.53,0.12,R
66.126,102,0,0,255,0,-1.13,-4.90,8.67,-0.04,0.05,-0.01,-2.16,0.90,9.58,-0.05,0.04,-0.03,-1.22,0.54,9.76,-0.07,0.02,-0.02,-1.77,-0.13,9.73,-0.03,0.02,-0.02,-0.95,4.87,8.73,-0.01,0.02,-0.03,0.27,-0.19,0.96,1.16,-2.08,-0.31,R
66.177,68,0,0,255,0,-1.26,-4.95,8.63,0.00,0.03,-0.02,-2.39,0.82,9.50,-0.00,0.07,-0.01,-1.20,0.56,9.74,-0.03,0.01,-0.01,-1.75,-0.10,9.75,-0.01,0.01,-0.02,-0.95,4.95,8.69,-0.01,0.02,-0.03,0.28,-0.18,0.96,-1.83,-0.37,-0.98,R
66.228,83,0,0,255,0,-1.24,-4.87,8.69,0.02,0.01,-0.03,-2.76,1.27,9.51,0.01,0.10,-0.01,-1.28,0.51,9.73,-0.03,0.02,-0.01,-1.78,-0.07,9.75,0.01,0.02,-0.01,-0.95,4.80,8.69,-0.01,0.02,-0.02,0.27,-0.18,0.96,-2.38,0.12,-1.04,R
66.279,68,0,0,255,0,-1.25,-4.94,8.60,0.03,0.01,-0.00,-2.47,0.90,9.54,0.02,0.07,0.02,-1.22,0.54,9.73,0.00,0.03,0.02,-1.73,-0.11,9.76,0.04,0.03,0.03,-0.90,4.80,8.72,0.11,0.03,0.02,0.25,-0.17,0.95,-1.65,2.99,-0.73,R
66.33,55,0,0,255,0,-1.20,-4.87,8.63,0.10,0.00,0.05,-2.45,0.82,9.55,0.09,0.10,0.08,-1.19,0.61,9.78,0.02,0.04,0.07,-1.72,-0.08,9.76,0.08,0.03,0.07,-0.90,4.94,8.67,0.15,0.02,0.06,0.29,-0.16,0.96,-1.71,5.62,-2.69,R
66.382,100,0,0,255,0,-1.24,-4.77,8.70,0.06,0.05,0.03,-2.46,0.95,9.47,0.01,0.07,0.02,-1.29,0.58,9.77,-0.02,0.04,0.01,-1.81,-0.03,9.76,0.01,0.03,0.00,-0.86,4.91,8.62,0.03,0.03,-0.00,0.28,-0.18,0.95,-0.31,-1.34,-0.92,R
66.432,102,0,0,255,0,-1.24,-4.88,8.71,0.09,-0.01,0.04,-2.41,0.92,9.48,0.02,0.07,0.04,-1.14,0.71,9.73,-0.02,0.03,0.04,-1.69,0.07,9.74,0.00,0.03,0.03,-0.85,5.04,8.57,0.06,0.02,-0.01,0.30,-0.16,0.95,-0.55,3.05,0.24,R
66.484,88,0,0,255,0,-1.22,-4.75,8.70,-0.02,0.08,0.00,-2.39,0.84,9.97,-0.08,0.14,0.03,-1.32,0.57,9.78,-0.08,0.04,-0.00,-1.84,-0.05,9.75,-0.04,0.02,-0.00,-1.02,4.99,8.62,-0.00,0.02,-0.02,0.28,-0.18,0.96,0.37,-2.01,0.24,R
66.535,83,0,0,255,0,-1.30,-4.71,8.76,0.02,0.06,-0.02,-2.55,0.95,9.51,0.01,0.05,-0.01,-1.25,0.68,9.78,-0.03,0.01,-0.01,-1.76,0.00,9.76,-0.02,0.01,-0.01,-0.86,4.96,8.56,-0.03,0.02,-0.03,0.29,-0.17,0.96,-1.16,-0.85,-1.16,R
66.585,88,0,0,255,0,-1.27,-4.73,8.73,-0.00,0.02,-0.03,-2.56,0.96,9.52,-0.07,0.04,-0.02,-1.37,0.62,9.76,-0.06,0.00,-0.01,-1.78,-0.05,9.74,-0.03,0.01,-0.02,-0.92,4.86,8.67,-0.06,0.01,-0.03,0.28,-0.17,0.96,-0.73,-2.69,-0.31,R
66.636,90,0,0,255,0,0.91,-11.89,6.08,0.92,0.28,0.56,-2.47,-1.14,9.74,1.22,0.25,0.51,-2.52,3.27,9.18,0.78,0.03,0.20,-3.33,0.23,8.92,-0.10,0.00,0.24,-1.70,6.25,8.22,0.54,-0.05,0.11,0.78,-0.69,0.89,22.64,85.51,-47.97,R
66.688,75,0,0,255,0,-0.94,-5.29,8.58,-0.40,-0.07,-0.11,-2.30,1.29,9.81,0.05,-0.04,-0.12,-0.30,1.09,9.28,-0.13,-0.05,-0.03,-1.50,0.11,9.77,-0.21,-0.00,-0.02,-0.99,4.73,8.70,-0.30,0.03,-0.04,0.22,-0.15,0.95,-1.46,-20.26,-3.54,R
66.738,81,0,0,255,0,-1.19,-4.43,8.81,-0.26,0.07,-0.17,-2.50,0.87,9.41,-0.11,0.01,-0.14,-1.21,0.59,9.73,-0.02,-0.00,-0.12,-1.64,-0.04,9.78,-0.11,-0.01,-0.10,-0.74,5.11,8.61,-0.28,0.02,-0.11,0.26,-0.14,0.96,-6.29,-18.31,1.83,R
66.789,80,0,0,255,0,-1.51,-4.96,8.82,-0.14,-0.00,-0.11,-2.69,0.88,9.57,-0.14,0.06,-0.08,-1.37,0.42,9.67,-0.03,0.01,-0.05,-1.79,-0.18,9.71,-0.01,0.01,-0.03,-1.01,4.86,8.69,0.09,-0.00,-0.05,0.22,-0.15,0.97,-2.38,-10.50,-0.55,R
66.84,89,0,0,255,0,-1.37,-4.91,8.68,-0.01,-0.04,-0.03,-2.69,0.83,9.37,0.07,-0.00,-0.00,-1.33,0.45,9.74,0.03,0.02,0.00,-1.72,-0.16,9.67,0.04,0.02,0.02,-0.91,4.84,8.62,-0.00,0.03,0.03,0.26,-0.16,0.96,-5.31,-3.72,-4.03,R
66.891,85,0,0,255,0,-1.02,-4.78,8.73,-0.03,-0.06,-0.00,-2.45,0.89,9.62,-0.03,0.01,0.01,-1.29,0.64,9.75,0.03,-0.00,0.00,-1.75,-0.17,9.73,-0.00,0.01,0.00,-0.89,4.91,8.69,-0.06,0.02,0.01,0.26,-0.13,0.96,-3.72,-4.70,-2.38,R
66.942,82,0,0,255,0,-1.27,-4.88,8.69,-0.02,-0.01,-0.01,-2.61,0.85,9.49,0.04,-0.01,-0.00,-1.35,0.55,9.76,0.01,-0.00,0.01,-1.84,-0.11,9.77,0.02,0.00,0.01,-0.92,5.01,8.60,0.07,0.00,0.01,0.25,-0.15,0.97,3.36,1.71,0.55,R
66.994,81,0,0,255,0,-1.15,-4.86,8.70,-0.02,-0.03,0.01,-2.53,1.01,9.49,-0.01,0.02,-0.00,-1.40,0.71,9.73,-0.01,0.00,0.00,-1.81,-0.03,9.77,-0.03,0.01,-0.00,-0.99,4.98,8.73,-0.04,0.02,-0.02,0.28,-0.16,0.96,2.44,-0.49,2.14,R
67.044,83,0,0,255,0,-1.23,-4.90,8.66,-0.07,-0.04,-0.00,-2.51,0.92,9.43,-0.03,0.01,-0.01,-1.26,0.67,9.73,0.00,-0.00,-0.00,-1.78,-0.11,9.71,-0.01,0.01,-0.00,-0.97,4.98,8.66,-0.01,0.02,-0.01,0.26,-0.15,0.96,1.10,-0.12,2.14,R
67.095,105,0,0,255,0,-1.06,-4.94,8.59,-0.06,-0.02,-0.01,-2.54,0.93,9.53,0.00,-0.00,-0.02,-1.34,0.67,9.72,-0.00,-0.01,-0.02,-1.86,-0.14,9.73,-0.02,0.01,-0.01,-0.92,4.87,8.67,-0.08,0.02,-0.01,0.26,-0.15,0.96,0.31,-0.92,1.89,R
67.146,104,0,0,255,0,-1.23,-4.95,8.61,-0.04,-0.03,0.02,-2.59,0.97,9.46,-0.02,0.01,-0.02,-1.35,0.52,9.72,0.00,-0.00,-0.01,-1.83,-0.11,9.75,0.00,0.00,-0.00,-0.99,4.91,8.61,-0.01,0.03,-0.01,0.26,-0.16,0.96,-1.40,-1.28,0.61,R
67.197,104,0,0,255,0,-1.05,-4.99,8.59,-0.07,-0.00,-0.02,-2.51,0.92,9.51,-0.03,0.01,-0.03,-1.28,0.64,9.71,-0.02,-0.00,-0.02,-1.72,-0.13,9.74,-0.01,0.01,-0.01,-1.02,4.89,8.63,-0.02,0.02,-0.03,0.26,-0.15,0.97,-0.92,-3.97,0.92,R
67.248,97,0,0,255,0,-1.15,-5.03,8.63,-0.06,0.00,-0.02,-2.59,0.88,9.48,-0.00,0.03,-0.01,-1.36,0.63,9.73,-0.02,0.01,-0.00,-1.77,-0.16,9.77,-0.00,0.02,-0.00,-1.02,4.85,8.64,-0.01,0.03,-0.00,0.25,-0.16,0.97,-1.40,-3.23,0.00,R
67.299,71,0,0,255,0,-1.11,-4.98,8.60,-0.02,-0.02,-0.01,-2.50,0.88,9.47,-0.00,0.01,-0.01,-1.31,0.60,9.70,-0.02,-0.01,-0.00,-1.76,-0.12,9.77,0.00,0.00,-0.00,-0.93,4.93,8.71,-0.01,0.01,-0.01,0.25,-0.14,0.97,0.98,-2.32,1.77,R
67.35,90,0,0,255,0,-1.10,-4.95,8.62,-0.03,0.02,-0.02,-2.48,0.97,9.51,-0.02,0.02,-0.02,-1.26,0.61,9.70,-0.03,0.00,-0.01,-1.72,-0.16,9.72,-0.00,0.01,-0.01,-0.94,4.90,8.71,0.01,0.02,-0.01,0.23,-0.15,0.96,0.18,-3.54,1.95,R
67.401,80,0,0,255,0,-1.12,-5.01,8.66,0.02,0.01,-0.00,-2.53,0.98,9.50,0.03,0.02,0.01,-1.32,0.74,9.70,-0.02,-0.01,0.01,-1.72,-0.06,9.73,0.01,0.01,0.00,-0.93,4.88,8.63,0.03,0.02,-0.01,0.26,-0.15,0.97,0.49,-0.49,1.16,R
67.452,80,0,0,255,0,-1.06,-5.02,8.60,-0.02,0.01,-0.01,-2.49,0.90,9.48,-0.00,0.03,-0.00,-1.36,0.63,9.73,-0.02,0.01,-0.00,-1.74,-0.11,9.71,0.00,0.02,0.00,-0.91,4.89,8.67,0.02,0.02,-0.01,0.24,-0.14,0.97,-0.85,-3.11,0.00,R
67.503,103,0,0,255,0,-1.15,-5.17,8.61,-0.00,0.02,-0.02,-2.55,0.91,9.52,0.02,0.05,0.01,-1.34,0.60,9.72,-0.03,0.02,0.01,-1.73,-0.10,9.73,0.02,0.02,0.01,-0.97,4.96,8.66,0.02,0.02,-0.00,0.24,-0.14,0.97,0.37,0.79,-0.43,R
67.555,102,0,0,255,0,-1.02,-5.01,8.59,-0.01,0.03,-0.01,-2.46,0.98,9.53,-0.01,0.02,-0.00,-1.36,0.67,9.73,-0.05,0.00,0.00,-1.72,-0.09,9.76,-0.01,0.02,-0.01,-0.99,4.94,8.66,-0.03,0.02,-0.01,0.25,-0.15,0.97,1.16,-1.34,0.37,R
67.605,100,0,0,255,0,-1.15,-5.13,8.55,0.02,0.01,-0.00,-2.56,0.91,9.49,0.02,0.04,0.01,-1.31,0.67,9.74,-0.01,0.01,0.01,-1.79,0.01,9.77,0.02,0.02,0.01,-0.84,4.87,8.65,0.04,0.01,-0.01,0.25,-0.14,0.97,-1.04,0.98,-0.24,R
67.657,22,0,0,255,0,-1.35,-5.02,8.68,-0.01,0.03,-0.01,-2.44,1.01,9.47,-0.04,0.07,-0.01,-1.28,0.52,9.76,-0.05,0.02,-0.00,-1.73,-0.05,9.79,-0.01,0.02,-0.01,-0.97,4.92,8.71,-0.02,0.02,-0.03,0.24,-0.13,0.96,0.49,-2.81,0.79,R
67.707,14,0,0,255,0,-0.98,-5.09,8.60,0.03,0.02,0.01,-2.63,1.04,9.51,-0.02,0.05,0.00,-1.30,0.51,9.72,-0.02,0.01,0.01,-1.71,-0.08,9.75,0.02,0.02,0.00,-0.93,4.93,8.67,0.03,0.02,0.00,0.23,-0.12,0.97,4.15,4.94,3.05,R
67.758,98,0,0,255,0,-1.01,-4.99,8.61,0.11,0.08,0.03,-2.49,0.93,9.52,0.00,0.04,-0.01,-1.25,0.67,9.73,-0.00,0.01,-0.02,-1.72,-0.07,9.68,0.01,0.02,-0.02,-0.91,4.82,8.65,0.04,-0.00,-0.03,0.23,-0.11,0.96,11.05,20.75,8.54,R
67.809,99,0,0,255,0,-1.41,-4.75,8.73,0.10,0.06,0.04,-2.83,0.99,9.44,0.03,0.06,0.01,-1.51,0.73,9.72,-0.03,0.03,0.00,-1.77,-0.14,9.72,0.00,0.03,0.01,-0.94,4.81,8.67,0.01,0.03,0.01,0.27,-0.21,0.96,-6.23,-2.01,1.71,R
67.86,17,0,0,255,0,-1.11,-4.87,8.65,0.11,-0.03,0.07,-2.57,0.95,9.48,0.05,0.08,0.06,-1.34,0.77,9.67,0.04,0.04,0.03,-1.79,0.13,9.78,0.05,0.04,0.02,-0.91,5.09,8.65,0.08,0.02,0.00,0.31,-0.15,0.96,-1.65,7.08,1.71,R
67.911,25,0,0,255,0,-1.16,-4.86,8.67,-0.01,0.03,0.01,-2.68,1.03,9.45,-0.01,0.05,-0.01,-1.42,0.65,9.72,-0.03,0.02,-0.01,-1.86,0.00,9.78,0.00,0.01,-0.01,-1.03,5.00,8.60,0.02,0.01,-0.03,0.27,-0.15,0.96,0.67,1.10,0.79,R
67.962,58,0,0,255,0,-1.19,-4.90,8.60,0.03,0.01,0.00,-2.64,1.05,9.53,0.02,0.04,0.01,-1.35,0.72,9.75,-0.00,0.01,0.01,-1.76,0.04,9.74,0.02,0.02,0.01,-0.96,4.98,8.60,0.02,0.02,-0.00,0.27,-0.14,0.96,-0.18,1.95,0.06,R
68.013,19,0,0,255,0,-1.13,-4.86,8.68,0.03,-0.01,0.04,-2.65,1.02,9.45,-0.01,0.04,0.01,-1.41,0.64,9.72,-0.01,0.02,0.01,-1.85,-0.04,9.76,0.03,0.02,0.02,-0.98,4.95,8.56,0.05,0.02,0.01,0.27,-0.15,0.96,0.00,2.50,0.55,R
68.064,17,0,0,255,0,-1.17,-4.80,8.71,0.05,-0.00,0.07,-2.66,1.19,9.44,0.05,0.03,0.01,-1.36,0.77,9.70,0.02,0.02,0.01,-1.79,0.08,9.69,0.03,0.01,0.01,-0.86,4.98,8.59,0.01,0.01,-0.00,0.30,-0.14,0.96,0.12,2.32,0.06,R
68.115,98,0,0,255,0,-1.26,-4.79,8.68,0.02,0.02,0.01,-2.66,0.97,9.40,-0.02,0.04,0.00,-1.44,0.71,9.73,-0.02,0.01,0.01,-1.81,0.07,9.78,0.01,0.02,0.01,-0.93,4.96,8.60,0.03,0.02,0.01,0.27,-0.15,0.96,0.73,0.49,0.61,R
68.166,98,0,0,255,0,-1.28,-4.79,8.73,0.05,0.00,0.06,-2.72,1.02,9.50,0.03,0.06,0.02,-1.40,0.75,9.70,0.04,0.03,0.03,-1.76,0.02,9.79,0.06,0.01,0.04,-0.88,5.07,8.60,0.14,0.02,0.03,0.28,-0.14,0.96,0.00,4.15,0.67,R
68.218,41,0,0,255,0,-1.10,-4.77,8.69,0.05,0.01,0.06,-2.60,1.12,9.45,0.00,0.06,0.01,-1.31,0.82,9.67,-0.01,0.02,0.02,-1.71,0.14,9.74,0.01,0.03,0.01,-0.95,5.09,8.56,0.02,0.02,-0.01,0.30,-0.14,0.96,1.53,2.26,0.73,R
68.268,37,0,0,255,0,-1.24,-4.77,8.71,-0.01,0.02,0.01,-2.69,1.11,9.45,-0.02,0.06,-0.01,-1.38,0.81,9.68,-0.05,0.03,0.00,-1.80,0.03,9.74,-0.02,0.03,-0.00,-1.00,5.02,8.55,-0.01,0.02,-0.02,0.28,-0.15,0.96,0.98,-0.12,0.92,R
68.319,96,0,0,255,0,-1.24,-4.77,8.71,0.01,0.02,0.01,-2.70,1.11,9.50,-0.01,0.04,0.00,-1.42,0.83,9.67,-0.03,0.02,0.00,-1.86,0.09,9.73,0.01,0.02,0.00,-0.97,5.07,8.59,0.04,0.02,-0.01,0.29,-0.15,0.96,-0.31,1.34,0.43,R
68.37,26,0,0,255,0,-1.21,-4.79,8.72,0.01,0.02,0.01,-2.75,1.06,9.39,-0.00,0.03,0.01,-1.44,0.77,9.70,-0.02,0.00,0.00,-1.81,0.12,9.71,0.00,0.01,0.00,-0.93,5.09,8.56,0.01,0.02,0.00,0.29,-0.14,0.96,-0.18,0.06,-0.37,R
68.421,19,0,0,255,0,-1.22,-4.78,8.74,0.04,0.01,0.01,-2.78,1.10,9.45,0.03,0.03,0.03,-1.46,0.81,9.70,0.01,0.00,0.01,-1.78,0.15,9.71,0.03,0.01,0.01,-0.86,5.18,8.56,0.05,0.02,0.00,0.29,-0.14,0.96,0.43,1.16,-1.28,R
68.472,13,0,0,255,0,-1.28,-4.72,8.72,-0.00,0.01,-0.00,-2.79,1.04,9.41,-0.01,0.03,0.01,-1.41,0.80,9.70,-0.01,0.01,0.02,-1.77,0.12,9.70,0.03,0.01,0.02,-0.96,5.09,8.63,0.06,0.02,0.01,0.28,-0.14,0.96,0.24,0.67,-1.40,R
68.523,17,0,0,255,0,-1.20,-4.58,8.80,0.00,0.02,-0.00,-2.68,1.23,9.43,-0.01,0.03,-0.01,-1.40,0.93,9.73,-0.04,0.00,-0.01,-1.77,0.17,9.73,-0.03,0.01,-0.01,-0.88,5.09,8.54,-0.04,0.02,-0.02,0.29,-0.15,0.95,1.28,-1.59,0.31,R
68.574,21,0,0,255,0,-1.25,-4.78,8.75,0.03,0.00,-0.00,-2.75,1.06,9.41,-0.00,0.03,0.02,-1.43,0.80,9.71,-0.01,0.01,0.01,-1.69,0.18,9.74,0.01,0.01,0.00,-0.87,5.20,8.49,0.01,0.02,-0.02,0.30,-0.14,0.96,0.61,0.61,0.31,R
68.625,99,0,0,255,0,-1.22,-4.71,8.75,-0.03,0.04,-0.01,-2.71,1.17,9.42,-0.04,0.03,-0.02,-1.46,0.83,9.65,-0.07,0.01,-0.02,-1.82,0.10,9.77,-0.04,0.01,-0.02,-0.91,5.07,8.57,-0.03,0.02,-0.03,0.29,-0.15,0.96,1.28,-2.32,0.43,R
68.676,99,0,0,255,0,-1.36,-4.76,8.77,0.02,0.02,-0.00,-2.81,1.09,9.40,0.02,0.04,0.02,-1.46,0.79,9.75,-0.01,0.02,0.02,-1.83,0.16,9.75,0.02,0.02,0.01,-0.89,5.10,8.55,0.05,0.02,0.01,0.28,-0.15,0.96,0.73,1.65,0.18,R
68.727,99,0,0,255,0,-1.24,-4.68,8.71,0.04,0.01,0.01,-2.75,1.23,9.47,-0.01,0.03,0.01,-1.48,0.90,9.69,-0.03,0.01,-0.00,-1.83,0.13,9.74,-0.01,0.01,-0.01,-0.97,5.10,8.55,-0.02,0.02,-0.01,0.30,-0.14,0.96,2.08,0.31,0.98,R
68.778,20,0,0,255,0,-1.28,-4.75,8.76,0.04,-0.00,0.01,-2.78,1.03,9.49,0.01,0.03,0.02,-1.47,0.79,9.68,-0.00,0.02,0.02,-1.80,0.19,9.68,0.04,0.02,0.01,-0.95,5.21,8.49,0.06,0.02,0.01,0.28,-0.15,0.95,1.40,3.17,1.53,R
68.829,17,0,0,255,0,-1.22,-4.62,8.79,0.01,0.02,0.03,-2.72,1.33,9.43,-0.01,0.04,-0.00,-1.41,0.84,9.71,-0.02,0.01,-0.00,-1.81,0.21,9.73,-0.01,0.01,-0.01,-0.93,5.15,8.50,-0.01,0.02,-0.02,0.31,-0.14,0.96,1.10,0.00,1.46,R
68.88,12,0,0,255,0,-1.26,-4.68,8.75,-0.05,0.02,-0.01,-2.76,1.09,9.44,-0.03,0.02,-0.02,-1.43,0.87,9.67,-0.05,-0.00,-0.01,-1.79,0.12,9.70,-0.03,0.01,-0.02,-0.92,5.11,8.57,-0.02,0.02,-0.03,0.28,-0.15,0.96,0.55,-0.92,0.92,R
68.931,12,0,0,255,0,-1.27,-4.66,8.80,-0.01,0.01,-0.01,-2.81,1.07,9.47,-0.01,0.03,-0.01,-1.46,0.84,9.69,-0.00,0.02,-0.01,-1.74,0.23,9.69,-0.00,0.02,-0.01,-0.91,5.08,8.52,-0.01,0.02,-0.01,0.30,-0.14,0.95,-0.37,0.24,1.10,R
68.982,22,0,0,255,0,-1.20,-4.66,8.73,-0.03,0.03,-0.02,-2.82,1.14,9.43,-0.03,0.01,-0.03,-1.50,0.92,9.73,-0.05,-0.00,-0.03,-1.86,0.15,9.73,-0.04,0.00,-0.03,-0.97,5.11,8.57,-0.07,0.02,-0.04,0.30,-0.15,0.96,1.40,-2.14,0.24,R
69.034,19,0,0,255,0,-1.29,-4.86,8.73,-0.05,0.01,-0.02,-2.82,1.08,9.41,-0.02,0.02,-0.02,-1.41,0.83,9.66,-0.02,0.00,-0.01,-1.72,0.09,9.73,-0.00,0.02,-0.01,-0.83,5.01,8.59,-0.00,0.03,-0.01,0.27,-0.15,0.95,0.49,-1.16,1.16,R
69.084,13,0,0,255,0,-1.14,-4.70,8.73,0.02,0.01,0.00,-2.76,1.18,9.40,0.00,0.02,0.00,-1.45,1.00,9.70,-0.03,-0.01,-0.01,-1.73,0.21,9.75,-0.04,0.00,-0.02,-0.88,5.11,8.57,-0.07,0.01,-0.04,0.32,-0.14,0.96,1.10,0.00,0.24,R
69.136,11,0,0,255,0,-1.26,-4.83,8.72,-0.07,0.03,-0.04,-2.80,1.08,9.39,-0.07,0.02,-0.04,-1.47,0.85,9.73,-0.06,0.00,-0.03,-1.82,0.04,9.73,-0.05,0.01,-0.03,-0.91,4.94,8.61,-0.07,0.02,-0.03,0.27,-0.16,0.96,1.40,-4.52,0.43,R
69.186,10,0,0,255,0,-1.21,-4.89,8.66,0.02,-0.00,-0.02,-2.80,1.09,9.45,-0.00,0.01,0.01,-1.48,0.84,9.69,-0.02,-0.01,0.00,-1.79,0.17,9.68,-0.01,0.00,0.00,-0.95,5.10,8.62,-0.02,0.01,-0.01,0.30,-0.14,0.96,2.99,-0.79,-0.61,R
69.237,18,0,0,255,0,-1.21,-4.81,8.65,-0.02,0.01,-0.02,-2.74,1.04,9.47,-0.04,0.00,-0.01,-1.41,0.78,9.67,-0.05,0.00,-0.01,-1.82,0.05,9.71,-0.04,0.01,-0.01,-1.03,4.94,8.58,-0.05,0.02,-0.01,0.28,-0.15,0.96,2.81,-3.05,-0.49,R
69.288,23,0,0,255,0,-1.16,-4.80,8.70,-0.03,0.01,-0.03,-2.69,1.06,9.47,-0.03,0.00,-0.02,-1.39,0.86,9.74,-0.07,-0.01,-0.01,-1.78,0.10,9.73,-0.06,0.02,-0.02,-0.91,4.98,8.60,-0.09,0.03,-0.03,0.28,-0.15,0.96,2.50,-3.91,-0.31,R
69.34,27,0,0,255,0,-1.29,-4.83,8.63,-0.07,0.01,-0.05,-2.73,1.07,9.42,-0.07,0.01,-0.03,-1.39,0.75,9.68,-0.08,0.02,-0.02,-1.76,0.03,9.70,-0.07,0.03,-0.02,-0.91,4.89,8.58,-0.07,0.03,-0.04,0.27,-0.15,0.96,0.92,-4.82,0.12,R
69.39,22,0,0,255,0,-1.31,-5.02,8.65,-0.02,-0.02,-0.03,-2.83,0.91,9.41,-0.05,0.02,-0.01,-1.51,0.73,9.65,-0.02,0.03,0.00,-1.90,-0.11,9.66,0.01,0.01,0.02,-0.93,4.94,8.68,0.03,0.02,0.02,0.26,-0.16,0.96,1.95,-1.71,0.85,R
69.441,23,0,0,255,0,-1.07,-4.79,8.70,0.00,-0.02,0.00,-2.62,1.08,9.50,-0.07,0.01,-0.02,-1.33,0.71,9.74,-0.10,0.01,-0.01,-1.69,0.09,9.77,-0.08,0.02,-0.03,-0.92,4.88,8.66,-0.13,0.01,-0.08,0.30,-0.14,0.96,3.36,-4.39,2.44,R
69.493,99,0,0,255,0,-1.33,-5.01,8.58,-0.10,0.00,-0.04,-2.95,0.85,9.43,-0.15,0.04,-0.07,-1.55,0.56,9.74,-0.08,0.04,-0.04,-1.81,-0.17,9.64,-0.11,0.01,0.00,-1.00,4.68,8.77,-0.02,0.02,-0.01,0.23,-0.18,0.97,3.17,-6.84,4.15,R
69.544,104,0,0,255,0,-1.18,-5.08,8.57,0.13,-0.01,0.15,-2.95,0.87,9.33,-0.00,0.08,0.05,-1.60,0.70,9.61,0.09,0.05,0.04,-1.78,-0.28,9.95,0.04,-0.06,0.07,-0.97,4.97,8.61,0.09,0.03,0.06,0.29,-0.16,0.95,2.32,7.26,3.42,R
69.594,106,0,0,255,0,-1.00,-5.06,8.67,0.04,-0.01,0.13,-2.66,0.84,9.45,-0.07,0.09,0.04,-1.43,0.98,9.80,-0.00,0.05,0.06,-1.71,0.08,9.79,-0.01,0.03,0.05,-1.02,4.98,8.63,0.10,0.03,0.03,0.27,-0.13,0.97,3.17,3.05,0.79,R
69.645,105,0,0,255,0,-1.01,-4.79,8.75,0.03,0.03,0.03,-2.78,0.87,9.41,-0.01,0.07,-0.01,-1.55,0.71,9.74,-0.09,0.05,-0.00,-1.93,-0.01,9.72,-0.01,0.03,-0.03,-1.01,4.87,8.64,-0.05,0.02,-0.02,0.27,-0.18,0.94,5.43,-0.85,0.18,R
69.698,109,0,0,255,0,-1.19,-4.78,8.66,0.04,0.07,-0.01,-2.76,0.88,9.39,0.06,0.04,0.01,-1.51,0.83,9.71,-0.02,-0.00,0.00,-1.83,0.05,9.71,0.01,0.00,-0.01,-1.01,5.05,8.66,0.01,0.02,-0.02,0.29,-0.16,0.95,1.83,0.18,-3.48,R
69.747,109,0,0,255,0,-1.27,-4.86,8.70,0.01,0.13,-0.03,-2.86,0.80,9.51,0.06,0.05,-0.02,-1.61,0.67,9.72,-0.01,-0.01,-0.01,-1.86,-0.04,9.73,0.03,0.00,-0.01,-0.99,4.90,8.69,0.06,0.01,0.00,0.25,-0.17,0.96,1.65,0.98,-2.56,R
69.798,98,0,0,255,0,-1.27,-4.80,8.72,0.07,0.07,-0.02,-2.92,0.81,9.49,0.09,0.02,0.03,-1.56,0.88,9.68,-0.02,-0.02,0.02,-1.81,-0.09,9.68,0.04,0.00,0.01,-0.98,4.86,8.63,0.06,0.02,0.03,0.28,-0.16,0.96,0.18,2.75,-2.99,R
69.849,107,0,0,255,0,-1.34,-4.70,8.73,0.01,0.05,-0.03,-2.83,1.04,9.44,0.01,0.08,0.00,-1.49,0.77,9.68,-0.03,0.01,0.01,-1.81,0.08,9.73,0.04,0.02,-0.01,-0.90,4.98,8.59,0.04,0.02,-0.01,0.27,-0.16,0.96,-0.67,0.24,-1.04,R
69.9,108,0,0,255,0,-1.33,-4.75,8.65,-0.01,0.02,-0.02,-2.90,0.92,9.42,-0.04,0.05,-0.01,-1.55,0.78,9.68,-0.05,0.00,-0.01,-1.82,0.05,9.76,-0.02,0.02,-0.02,-0.93,5.01,8.61,-0.03,0.02,-0.02,0.27,-0.16,0.96,0.37,-0.79,-0.06,R
69.951,109,0,0,255,0,-1.37,-4.93,8.64,0.05,0.03,0.01,-2.97,0.98,9.40,0.03,0.05,0.02,-1.53,0.81,9.69,-0.00,0.02,0.01,-1.87,0.04,9.70,0.03,0.02,0.01,-0.99,5.03,8.57,0.06,0.02,-0.00,0.28,-0.17,0.95,1.10,2.93,0.18,R
70.002,109,0,0,255,0,-1.29,-4.72,8.77,-0.04,0.02,-0.02,-2.88,0.98,9.44,-0.05,0.05,-0.02,-1.52,0.84,9.71,-0.08,0.02,-0.02,-1.80,0.15,9.74,-0.08,0.01,-0.03,-0.93,4.97,8.62,-0.13,0.02,-0.04,0.29,-0.15,0.96,1.53,-3.97,2.38,R
70.053,114,0,0,255,0,-1.36,-4.97,8.59,-0.00,-0.00,-0.00,-2.94,0.82,9.44,-0.04,0.04,-0.00,-1.56,0.79,9.72,-0.02,0.02,0.01,-1.80,-0.01,9.71,-0.00,0.04,0.01,-0.89,4.98,8.69,0.07,0.01,0.00,0.25,-0.16,0.96,2.26,3.17,2.62,R
70.104,112,0,0,255,0,-1.38,-4.71,8.73,0.07,-0.05,0.06,-2.98,1.08,9.35,-0.02,0.01,0.02,-1.60,0.85,9.67,-0.06,0.01,0.01,-1.93,0.17,9.73,-0.09,0.03,0.00,-1.00,4.99,8.67,-0.10,0.03,-0.03,0.31,-0.17,0.95,6.35,0.61,6.47,R
70.155,115,0,0,255,0,-1.81,-4.53,8.67,0.02,-0.00,0.03,-2.86,1.06,9.41,-0.25,-0.14,-0.11,-1.56,0.95,9.70,-0.16,-0.01,-0.10,-1.75,-0.23,9.65,-0.30,-0.01,-0.06,-0.91,4.87,8.76,-0.19,0.06,-0.10,0.27,-0.14,0.97,4.70,-7.75,10.44,R
70.206,114,0,0,255,0,-1.29,-5.09,8.69,0.14,-0.10,0.27,-2.74,0.54,9.46,-0.24,-0.05,-0.04,-1.61,0.50,9.71,-0.17,0.04,0.00,-2.02,-0.38,9.62,-0.15,0.01,0.06,-1.32,4.71,8.73,0.07,0.02,0.07,0.25,-0.18,0.95,5.74,-0.55,8.30,R
70.257,112,0,0,255,0,-1.13,-4.80,8.70,0.10,-0.03,0.09,-2.73,0.85,9.42,-0.13,-0.01,-0.01,-1.58,0.67,9.68,-0.12,0.00,-0.01,-1.88,-0.23,9.66,-0.19,-0.05,0.03,-1.03,5.02,8.56,-0.12,0.04,-0.01,0.32,-0.17,0.95,2.87,-5.31,2.99,R
70.308,131,0,0,255,0,-1.17,-4.73,8.76,-0.08,-0.00,-0.02,-2.72,0.43,9.52,-0.10,-0.01,-0.03,-1.57,0.44,9.71,-0.09,-0.02,-0.02,-1.85,-0.36,9.66,-0.05,-0.14,0.01,-1.00,4.81,8.73,-0.08,0.02,0.01,0.24,-0.18,0.95,3.54,-3.48,0.00,R
70.359,30,31,0,255,26,-1.39,-4.81,8.75,0.02,0.03,0.01,-2.84,0.58,9.54,0.08,0.01,0.03,-1.55,0.58,9.73,0.00,-0.01,0.01,-1.70,-0.32,9.73,-0.04,-0.05,0.06,-1.00,4.81,8.67,0.09,0.03,0.04,0.25,-0.18,0.97,1.40,3.17,-0.61,R
70.41,28,31,0,255,28,-1.47,-4.19,8.81,0.18,0.04,0.06,-2.55,0.54,9.63,-0.01,-0.00,0.05,-1.55,0.53,9.65,-0.01,0.03,0.04,-1.67,-0.55,9.70,0.02,0.01,0.07,-1.02,4.70,8.69,0.08,0.04,0.02,0.27,-0.18,0.95,-0.85,1.34,0.06,R
70.462,117,0,0,255,0,-1.40,-4.53,8.77,0.03,0.00,0.05,-2.80,0.49,9.33,-0.06,0.03,0.04,-1.52,0.64,9.75,-0.05,-0.00,0.04,-1.66,-0.43,9.76,-0.07,-0.14,0.09,-0.92,4.91,8.70,0.02,0.03,0.04,0.28,-0.16,0.98,0.43,-0.73,0.18,R
70.513,116,0,0,255,0,-1.48,-4.27,8.95,0.08,0.05,0.13,-2.42,0.77,9.50,-0.11,-0.04,0.03,-1.81,0.80,9.22,-0.14,0.01,0.06,-1.33,-0.45,9.78,-0.12,-0.22,0.15,-0.61,4.72,8.73,0.06,0.03,0.04,0.25,-0.19,0.97,5.55,1.34,4.09,R
70.563,110,0,0,255,0,-1.86,-5.20,8.83,0.70,0.01,0.40,-2.87,0.76,9.50,-0.16,0.09,0.12,-1.69,0.22,9.49,-0.65,-0.17,0.40,-1.33,0.73,9.71,-0.12,-0.33,0.50,-0.82,5.52,8.45,0.21,0.06,0.19,0.25,-0.19,0.95,-3.42,11.23,7.08,R
70.614,101,0,0,255,0,-1.90,-2.65,9.28,0.83,-0.00,0.56,-2.72,0.94,9.52,-0.41,0.01,0.15,-1.77,-0.15,9.64,-0.05,0.02,0.50,-1.68,0.70,9.14,-0.04,-0.17,0.59,-1.06,5.17,8.61,-0.12,0.10,0.25,0.31,-0.17,0.94,2.26,11.41,15.62,R
70.665,104,0,0,255,0,-1.58,-3.18,9.55,0.28,-0.25,1.07,-2.60,0.01,9.64,-0.19,-0.14,0.15,-1.57,0.03,9.71,-0.07,-0.07,0.35,-1.21,-1.15,9.84,-0.32,-0.13,0.38,-0.88,4.89,8.58,-0.20,0.10,0.11,0.35,-0.17,0.94,8.42,-1.40,11.78,R
70.716,117,0,0,255,0,-1.09,-4.52,8.93,0.11,-0.35,0.77,-2.44,-0.13,9.55,-0.29,-0.09,0.11,-1.30,-0.31,9.73,-0.06,-0.04,0.28,-1.13,-1.10,9.58,-0.18,-0.15,0.22,-1.00,4.77,8.73,-0.17,0.07,0.15,0.31,-0.16,0.95,5.37,-2.14,5.13,R
70.767,119,0,0,255,0,-1.45,-3.39,9.16,0.08,-0.21,0.39,-2.55,0.28,9.53,-0.37,-0.15,0.01,-1.41,-0.45,9.73,-0.24,-0.06,0.15,-1.00,-0.41,9.87,-0.18,-0.08,0.09,-0.72,4.77,8.74,-0.26,0.06,0.07,0.32,-0.17,0.96,6.77,-9.89,5.43,R
70.818,119,0,0,255,0,-1.88,-2.51,9.52,-0.11,-0.33,0.87,-2.53,0.12,9.65,-0.39,-0.16,-0.09,-1.49,0.19,9.70,-0.25,-0.06,0.11,-1.18,-1.25,9.78,-0.30,-0.03,0.30,-1.00,4.01,9.01,-0.37,0.09,0.11,0.27,-0.19,0.95,8.91,-11.35,11.29,R
70.869,118,0,0,255,0,-1.74,-3.19,9.18,0.05,-0.29,0.74,-2.59,0.98,9.67,-0.21,-0.07,0.24,-1.38,0.76,9.74,-0.09,-0.04,0.16,-1.34,-0.90,9.97,-0.21,-0.04,0.30,-0.96,4.67,9.04,-0.39,0.15,0.26,0.27,-0.17,0.96,7.08,-11.35,15.26,R
70.921,121,0,0,255,0,-2.04,-2.25,9.73,0.09,-0.22,0.96,-2.49,0.31,9.71,-0.28,-0.06,0.51,-1.24,1.91,9.69,-0.07,0.01,0.44,-0.39,2.15,10.09,0.28,-0.08,0.50,-0.69,5.67,9.22,-0.25,0.11,0.29,0.21,-0.17,0.97,10.80,-21.30,27.83,R
70.971,31,21,19,255,20,-4.19,-1.20,9.98,0.30,0.14,1.85,-3.41,1.96,10.90,-1.10,-0.05,1.91,-1.54,2.67,10.11,-1.05,-0.07,1.04,-0.97,1.40,7.54,-0.20,-0.24,1.13,-1.04,5.01,8.39,-0.45,0.23,0.68,0.19,-0.19,0.98,25.76,-39.00,63.54,R
71.022,34,24,18,255,12,-2.45,-4.96,10.03,0.11,-0.34,1.60,-3.03,-6.79,9.73,-0.63,0.01,1.81,-1.88,-1.27,10.13,0.00,-0.18,1.52,-0.70,0.19,9.91,-0.43,-0.28,1.05,-1.53,3.33,10.03,-0.37,0.32,1.02,0.17,-0.23,0.98,34.30,-12.82,48.46,R
71.074,33,20,13,255,5,-1.21,-2.79,7.48,-0.08,-0.42,1.28,-2.93,-1.30,9.93,-0.37,-0.08,1.24,-1.20,2.72,9.34,0.40,-0.12,1.46,-1.50,-3.10,9.56,-0.56,-0.16,1.22,-1.29,1.21,9.83,-0.62,0.34,1.07,0.26,-0.22,0.95,34.73,-21.91,42.60,R
71.124,34,21,15,255,0,-0.96,-3.87,10.37,-0.29,-0.31,0.95,-2.62,-0.21,10.34,-0.36,-0.03,1.07,-1.42,-0.81,9.58,-0.38,-0.02,1.39,-0.96,-1.61,9.27,-0.13,-0.15,1.21,-0.90,2.87,9.70,-0.45,0.21,0.78,0.23,-0.21,0.94,24.23,-24.23,37.54,R
71.175,37,20,16,255,0,-1.73,-3.73,10.55,-0.07,-0.57,0.87,-2.43,2.53,9.20,-0.24,0.10,1.69,-2.41,3.39,9.86,0.29,0.09,2.48,-0.44,3.72,9.56,0.28,-0.21,2.14,-0.43,3.52,9.44,-1.26,0.16,0.43,0.34,-0.23,0.96,18.62,-20.63,50.66,R
71.226,101,0,0,255,0,-1.49,-3.01,10.25,-0.29,-0.41,1.06,-2.55,-0.43,9.95,-0.43,0.09,2.24,-1.33,-1.84,9.79,-0.47,0.10,2.35,-0.00,1.46,9.85,0.99,-0.28,2.26,-0.97,3.94,8.40,-0.15,0.57,1.64,0.15,-0.21,0.96,15.50,-40.89,57.74,R
71.277,101,0,0,255,0,-4.86,1.04,10.40,0.17,-1.27,0.97,-3.99,6.96,11.96,-0.07,-0.13,2.38,-4.17,0.88,12.90,-1.56,0.40,3.72,-4.15,9.81,13.50,1.82,1.10,5.68,-4.46,16.87,12.41,5.96,2.39,5.60,0.45,-0.24,0.95,-10.62,-8.91,111.63,R
71.328,25,0,0,255,0,0.32,-2.28,7.24,-1.83,-1.34,1.77,-2.60,-3.28,6.43,-2.18,0.59,3.32,-1.84,-2.46,10.43,-1.62,0.31,2.84,-0.81,-1.17,6.37,-1.07,-0.40,2.56,0.24,2.23,6.82,-0.75,1.20,2.76,0.23,-0.10,0.99,-12.02,-84.23,140.75,R
71.379,38,0,0,255,0,-0.01,-7.66,10.31,-0.55,-0.94,2.20,-2.34,-3.11,9.23,-1.11,-0.05,2.21,-1.64,-4.14,10.42,-0.71,0.06,2.10,-1.50,-4.63,9.61,-0.16,0.66,2.02,-1.78,0.77,12.16,0.14,1.76,1.47,-0.02,-0.16,0.92,15.38,-36.50,87.71,R
71.43,87,0,0,255,0,-1.39,-3.31,5.65,0.05,-0.17,0.92,-2.83,-1.66,7.87,-0.34,-0.33,0.67,-1.77,-0.59,7.75,-0.52,-0.23,0.83,-0.47,-0.19,8.13,-0.65,0.31,1.05,-1.37,3.77,10.45,-0.58,0.85,0.90,0.08,-0.24,1.02,21.12,-58.72,47.06,R
71.482,83,0,0,255,0,-1.23,-4.54,10.64,0.02,-0.29,0.88,-3.94,-3.33,12.56,-0.68,-0.02,1.06,-2.93,-1.78,11.94,-0.25,-0.13,0.87,-2.47,-0.91,11.75,0.04,0.11,0.93,-1.52,4.80,10.76,0.31,0.56,0.80,0.04,-0.34,0.93,0.12,-9.03,41.20,R
71.532,89,0,0,255,0,-0.92,-3.28,8.58,-0.23,-0.46,0.28,-2.30,-2.04,8.73,-0.42,-0.49,0.47,-1.36,-1.95,8.76,-0.33,-0.40,0.46,-1.56,-2.27,9.38,-0.22,0.01,0.28,-1.03,2.99,8.93,-0.13,0.07,0.44,0.10,-0.19,0.97,-12.82,-8.79,25.76,R
71.583,87,0,0,255,0,-0.69,-4.74,9.92,-0.09,-0.32,0.04,-2.31,-1.58,10.37,-0.00,-0.46,0.13,-0.92,-1.70,9.96,0.01,-0.42,0.25,-2.05,-0.49,10.70,0.37,-0.15,0.23,-0.77,3.90,9.84,0.38,-0.07,0.22,0.07,-0.19,1.01,-10.13,13.00,7.87,R
71.634,85,0,0,255,0,-0.30,-3.30,7.69,-0.00,0.03,-0.09,-1.38,-0.60,7.83,-0.04,-0.19,-0.08,-0.77,-0.11,8.21,-0.09,-0.16,0.06,-0.74,0.45,8.03,-0.11,-0.03,0.01,-0.10,4.58,7.88,-0.06,0.20,-0.02,0.13,-0.15,0.96,7.14,-6.77,0.49,R
71.685,90,0,0,255,0,-0.39,-3.68,8.83,-0.05,0.18,0.15,-1.70,-1.00,9.96,-0.10,0.32,0.16,-0.89,-0.72,9.83,-0.12,0.26,0.17,-1.19,-0.82,9.80,-0.12,0.14,0.11,-0.51,4.10,9.52,-0.17,0.23,0.04,0.12,-0.18,1.01,7.14,-5.19,4.39,R
71.737,88,0,0,255,0,-0.41,-3.99,8.63,-0.10,0.17,0.05,-1.58,-1.96,8.08,-0.08,0.54,-0.02,-1.04,-1.45,9.20,-0.14,0.45,-0.06,-1.36,-1.51,9.18,-0.07,0.24,-0.04,-0.62,2.83,8.28,-0.05,0.10,-0.34,0.05,-0.18,0.96,13.61,-5.98,-3.05,R
71.787,88,0,0,255,0,-0.84,-3.62,10.24,0.04,0.24,-0.01,-2.11,-1.72,9.93,0.05,0.08,0.01,-1.24,-0.41,9.89,0.02,0.01,-0.03,-1.28,-0.58,9.52,0.01,0.08,0.01,-0.66,3.60,7.92,-0.06,0.17,-0.04,0.12,-0.19,1.01,3.72,2.75,-0.49,R
71.838,106,0,0,255,0,-0.78,-3.73,8.85,0.02,0.27,-0.01,-1.91,-1.50,8.34,0.02,0.51,-0.04,-1.44,-0.71,9.56,-0.11,0.44,-0.06,-1.60,-0.72,10.35,-0.06,0.26,-0.08,-0.98,4.47,9.96,-0.04,0.25,-0.19,0.09,-0.20,0.98,14.22,-4.70,-5.37,R
71.889,106,0,0,255,0,-1.22,-3.48,9.97,-0.06,0.11,-0.00,-2.62,-0.88,9.97,-0.03,0.04,-0.03,-1.46,-0.47,8.92,-0.07,0.01,0.01,-1.47,-0.76,8.52,-0.10,0.05,0.01,-1.06,2.87,7.76,-0.14,0.04,-0.12,0.10,-0.20,0.96,1.22,-2.08,0.43,R
71.94,105,0,0,255,0,-0.85,-4.09,8.95,0.07,0.24,-0.05,-1.05,-2.04,10.86,0.16,0.09,-0.14,-1.71,-1.62,10.07,-0.08,0.42,-0.16,-1.91,-1.35,11.85,0.04,0.10,-0.20,-1.21,4.38,10.66,-0.08,0.05,-0.32,0.07,-0.23,0.99,17.70,-4.27,-9.16,R
71.991,101,0,0,255,0,-1.68,-3.49,11.03,0.01,0.29,-0.01,-2.42,0.33,9.84,0.17,-0.77,-0.48,-1.76,1.02,9.73,0.15,-0.54,-0.27,-1.39,0.00,8.62,-0.06,-0.80,-0.19,-0.58,3.62,7.53,0.00,-0.47,-0.02,0.10,-0.24,0.96,-3.54,4.21,-3.17,R
72.042,94,0,0,255,0,-1.11,-4.14,8.79,-0.03,0.04,-0.11,-1.37,-1.58,7.91,0.06,-0.22,-0.10,-0.84,-1.20,8.23,-0.01,-0.05,-0.13,-0.51,-0.73,8.12,-0.08,-0.20,-0.12,-0.40,2.44,7.94,-0.04,0.07,-0.01,0.05,-0.19,0.99,6.16,-0.24,-4.88,R
72.093,93,0,0,255,0,-1.08,-3.57,9.03,0.24,0.21,-0.02,-1.75,-0.18,9.86,0.15,0.49,-0.04,-1.01,0.71,9.24,0.15,0.27,-0.05,-0.59,0.40,8.98,0.08,0.58,0.04,-0.57,4.45,8.76,0.08,0.64,-0.25,0.12,-0.20,1.00,19.29,2.01,-5.74,R
72.144,86,0,0,255,0,-1.39,-3.84,9.27,0.12,0.27,0.10,-2.34,-0.68,9.22,-0.02,0.68,0.16,-1.99,-0.23,9.62,-0.11,0.60,0.04,-1.79,-0.18,11.87,-0.27,0.54,0.04,-1.77,4.01,9.77,-0.14,0.20,-0.14,0.08,-0.30,0.98,24.66,-8.97,-3.36,R
72.195,98,0,0,255,0,-1.86,-3.53,9.75,0.12,0.14,-0.02,-3.52,0.09,10.52,0.28,0.14,-0.01,-2.38,0.36,10.43,-0.03,-0.01,0.04,-1.24,0.18,6.57,-0.15,0.42,-0.08,-1.30,4.26,8.91,0.05,-0.03,0.09,0.07,-0.29,0.95,5.13,1.77,-4.82,R
72.246,94,0,0,255,0,-1.31,-3.43,9.20,0.06,0.07,-0.06,-2.38,-0.91,9.89,0.12,-0.04,-0.03,-1.59,-0.59,9.62,0.04,-0.06,-0.01,-1.86,-0.43,10.30,0.01,0.01,-0.03,-1.08,3.69,9.09,-0.06,0.03,0.06,0.06,-0.28,0.98,3.78,-6.16,-4.82,R
72.297,94,0,0,255,0,-1.84,-3.49,9.25,0.14,0.14,-0.02,-2.47,-0.91,9.56,0.27,-0.08,0.07,-1.65,-0.52,9.73,0.14,-0.21,0.09,-1.69,-0.67,9.86,0.28,-0.19,0.09,-0.98,4.37,8.86,0.62,-0.03,0.10,0.04,-0.26,0.98,6.71,0.00,-8.79,R
72.348,85,0,0,255,0,-1.66,-3.27,9.27,0.05,0.09,0.02,-2.34,-0.33,9.53,-0.02,-0.07,-0.02,-1.62,-0.39,9.75,-0.19,-0.06,0.00,-1.73,-0.60,9.75,-0.19,0.04,0.01,-1.07,4.49,9.32,-0.01,0.11,-0.08,0.07,-0.30,0.97,5.31,-13.49,-0.92,R
72.399,72,0,0,255,0,-1.62,-3.44,9.24,0.08,0.08,-0.01,-2.28,-0.64,9.55,0.18,0.01,0.00,-1.67,-0.08,9.68,-0.15,0.01,-0.04,-1.81,-0.22,9.92,0.20,0.04,0.00,-1.09,4.58,8.83,0.15,0.01,0.01,0.06,-0.29,0.96,2.99,-1.46,-4.27,R
72.45,62,0,0,255,0,-1.90,-2.86,9.37,-0.04,0.05,-0.02,-2.28,-0.34,9.59,-0.05,-0.01,-0.03,-1.72,-0.12,9.70,-0.20,0.01,0.00,-1.61,-0.34,9.71,-0.14,0.07,-0.02,-1.18,4.49,8.98,-0.08,0.09,-0.08,0.05,-0.29,0.98,2.01,-8.67,-0.79,R
72.501,80,0,0,255,0,-1.78,-3.51,9.21,-0.06,0.03,-0.03,-2.40,-0.58,9.55,-0.00,0.01,-0.02,-1.57,-0.41,9.77,0.01,-0.01,-0.00,-1.66,-0.41,9.78,0.04,-0.01,0.01,-1.08,4.49,8.93,0.03,-0.01,0.02,0.02,-0.29,0.95,-1.71,-0.61,-1.40,R
72.552,62,0,0,255,0,-1.78,-3.34,9.28,-0.02,0.02,-0.03,-2.29,-0.35,9.67,-0.04,0.03,-0.01,-1.56,-0.21,9.76,-0.12,0.01,-0.00,-1.67,-0.26,9.76,-0.10,0.05,-0.01,-1.18,4.44,8.91,-0.09,0.07,-0.06,0.05,-0.28,0.97,-3.23,-4.09,0.85,R
72.603,60,0,0,255,0,-1.70,-3.65,9.17,-0.07,0.03,-0.03,-2.38,-0.67,9.58,-0.01,0.03,-0.01,-1.60,-0.52,9.73,0.04,0.02,-0.00,-1.63,-0.46,9.77,0.08,-0.00,0.01,-1.14,4.43,8.92,0.11,-0.01,0.02,0.02,-0.27,0.97,-3.54,1.71,-0.18,R
72.654,88,0,0,255,0,-1.62,-3.62,9.16,-0.05,0.04,-0.03,-2.28,-0.44,9.61,-0.02,0.05,-0.01,-1.62,-0.38,9.73,-0.08,0.06,-0.02,-1.70,-0.35,9.70,-0.11,0.06,-0.02,-1.22,4.24,8.94,-0.12,0.04,-0.05,0.04,-0.27,0.97,-4.21,-2.75,1.28,R
72.705,105,0,0,255,0,-1.71,-3.47,9.23,-0.02,0.03,-0.02,-2.39,-0.50,9.63,0.01,0.06,-0.00,-1.67,-0.38,9.73,-0.03,0.03,0.00,-1.74,-0.43,9.72,0.01,0.01,-0.00,-1.19,4.41,8.95,0.06,0.01,-0.02,0.04,-0.27,0.97,-2.87,1.10,-0.37,R
72.756,101,0,0,255,0,-1.81,-3.35,9.27,-0.10,0.01,-0.04,-2.47,-0.53,9.62,-0.06,0.03,-0.03,-1.73,-0.38,9.78,-0.09,0.02,-0.03,-1.62,-0.34,9.84,-0.05,0.04,-0.03,-1.18,4.27,8.91,-0.01,0.04,-0.06,0.03,-0.27,0.97,-2.62,-2.81,0.55,R
72.807,98,0,0,255,0,-2.00,-3.50,9.34,0.03,0.04,-0.09,-2.47,-0.45,9.63,0.02,0.05,-0.02,-1.62,-0.19,9.69,-0.03,0.01,-0.02,-1.69,-0.36,9.72,-0.04,0.03,-0.02,-1.19,4.30,8.91,-0.03,0.04,-0.04,0.03,-0.26,0.98,-2.62,-0.67,-0.24,R
72.858,86,0,0,255,0,-1.75,-3.72,9.10,0.02,0.02,-0.01,-2.40,-0.54,9.59,0.04,0.03,0.01,-1.60,-0.44,9.72,-0.01,-0.00,0.01,-1.63,-0.19,9.73,0.03,0.03,-0.00,-1.20,4.50,8.91,0.04,0.03,-0.02,0.05,-0.27,0.98,-0.79,1.04,-0.92,R
72.909,86,0,0,255,0,-1.68,-3.66,9.20,-0.04,0.03,-0.02,-2.50,-0.57,9.54,0.00,0.04,-0.02,-1.68,-0.35,9.67,0.02,0.02,-0.02,-1.70,-0.40,9.73,0.01,0.02,-0.01,-1.27,4.53,8.88,0.05,0.01,-0.02,0.02,-0.26,0.97,-0.98,0.06,-0.79,R
72.96,83,0,0,255,0,-1.69,-3.84,9.14,-0.03,0.01,0.00,-2.38,-0.69,9.56,0.05,0.03,0.01,-1.68,-0.53,9.77,0.02,-0.01,0.02,-1.70,-0.43,9.71,0.09,0.01,0.01,-1.13,4.38,8.89,0.08,0.02,0.02,0.03,-0.26,0.97,-1.04,2.81,-2.01,R
73.011,85,0,0,255,0,-1.56,-4.08,8.99,0.08,0.04,-0.09,-2.53,-0.56,9.57,0.22,0.06,0.08,-1.64,0.17,9.68,0.18,-0.01,0.05,-1.63,0.22,9.76,0.13,-0.01,0.00,-1.22,4.59,8.90,0.13,0.00,-0.05,0.07,-0.26,0.99,-0.37,6.71,-3.17,R
73.062,83,0,0,255,0,-1.45,-4.14,9.12,-0.01,0.04,-0.08,-2.61,-0.67,9.45,0.13,0.01,0.05,-1.63,-0.79,9.66,0.17,-0.04,0.06,-1.46,-0.53,9.74,0.32,-0.07,0.03,-1.23,4.60,9.05,0.37,-0.08,0.11,-0.00,-0.25,0.95,-0.43,8.30,-6.65,R
73.114,95,0,0,255,0,-1.58,-3.81,9.28,0.11,0.12,-0.24,-2.45,-0.49,9.42,0.42,0.05,0.21,-1.66,-0.45,9.74,0.39,-0.09,0.18,-1.83,-1.09,9.70,0.78,-0.16,0.11,-1.13,3.71,8.86,1.06,-0.22,0.13,0.01,-0.26,0.95,5.19,21.97,-14.89,R
73.164,103,0,0,255,0,-2.05,-3.04,9.34,0.13,0.18,-0.34,-2.56,-0.88,9.28,0.44,-0.05,-0.11,-1.59,-0.02,9.67,0.51,-0.13,0.12,-1.78,-0.22,9.70,0.62,-0.14,0.05,-1.48,3.81,8.79,1.49,-0.20,-0.10,0.08,-0.28,0.98,5.13,17.58,-18.49,R
73.215,62,0,0,255,0,-1.53,-3.39,9.32,0.18,0.21,-0.52,-2.56,-0.24,9.69,0.53,-0.09,-0.33,-1.41,0.74,9.66,0.75,-0.22,0.04,-1.47,0.05,9.81,0.38,-0.09,-0.28,-0.97,5.88,8.19,0.87,-0.21,-0.26,0.14,-0.29,0.98,8.42,21.24,-25.63,R
73.266,99,0,0,255,0,-1.74,-3.40,9.26,0.12,0.08,-0.32,-2.09,-0.84,9.61,0.32,-0.13,-0.14,-1.68,3.47,8.97,1.59,-0.37,-0.81,-1.18,-0.22,9.59,0.26,-0.21,-1.16,-0.83,5.14,7.35,1.94,-0.49,-0.43,0.04,-0.26,0.95,9.09,16.72,-27.47,R
73.317,109,0,0,255,0,-1.49,-3.55,9.44,0.05,0.21,-0.52,-2.71,2.47,9.21,0.70,-0.08,-0.39,-1.64,2.61,9.75,0.68,-0.20,-0.90,-1.33,2.57,9.72,0.27,-0.13,-0.48,-0.79,8.48,7.11,0.90,-0.26,-0.35,0.14,-0.29,0.96,-0.92,7.20,-26.18,R
73.368,111,0,0,255,0,-1.68,-3.60,9.24,0.10,0.08,-0.34,-2.34,-0.72,9.78,0.02,-0.06,-0.23,-1.10,-1.40,9.64,-0.42,-0.25,-0.65,-1.34,0.93,9.29,0.66,-0.11,-0.47,-0.81,7.76,6.99,0.51,-0.27,-0.21,0.08,-0.29,0.95,1.89,8.12,-19.96,R
73.419,112,0,0,255,0,-1.55,-3.59,9.07,0.08,0.12,-0.36,-2.19,0.36,9.76,-0.01,-0.09,-0.36,-1.40,0.21,10.27,-0.36,-0.30,-0.93,-1.23,1.09,9.84,0.24,-0.13,-0.33,-0.63,6.86,6.60,0.45,-0.36,-0.27,0.07,-0.27,0.97,-0.31,3.48,-20.02,R
73.47,115,0,0,255,0,-1.66,-3.09,9.28,0.04,0.08,-0.23,-2.24,1.42,9.80,0.04,-0.05,-0.23,-0.92,0.45,9.49,-0.01,-0.03,-0.08,-1.43,0.41,9.75,0.10,-0.05,-0.25,-1.05,7.00,6.90,0.01,-0.18,-0.18,0.09,-0.30,0.95,-1.28,4.58,-11.05,R
73.521,112,0,0,255,0,-1.89,-3.08,9.37,0.02,0.10,-0.23,-2.26,0.73,9.54,0.22,-0.05,-0.18,-1.08,0.76,9.69,0.27,-0.04,-0.18,-0.84,2.24,9.78,0.16,-0.18,-0.72,-0.45,6.91,6.24,0.07,-0.45,-0.36,0.06,-0.29,0.96,-0.92,5.31,-12.27,R
73.572,116,0,0,255,0,-1.46,-3.73,9.27,0.08,0.06,-0.13,-1.97,1.09,9.56,0.08,-0.03,-0.18,-1.19,1.63,9.67,0.04,-0.05,-0.26,-1.77,1.48,10.09,-0.03,-0.11,-0.17,-0.45,4.99,6.91,0.04,-0.26,-0.12,-0.14,-0.23,0.78,-3.36,-29.36,-12.63,R
73.623,95,0,0,255,0,-1.69,-2.29,9.25,0.08,0.06,-0.26,-3.13,0.59,9.17,0.24,0.00,-0.14,-1.12,0.33,9.50,-0.30,-0.06,-0.14,-1.40,0.19,9.69,-0.16,-0.04,-0.19,-0.79,7.06,7.00,-0.45,-0.30,-0.29,-0.09,-0.05,0.79,-43.09,-32.90,19.53,R
73.675,61,0,0,255,0,-1.81,-3.16,9.41,0.06,-0.01,-0.08,-2.02,0.66,9.59,-0.10,0.01,-0.18,-0.84,1.47,9.52,0.06,-0.01,-0.19,-1.16,1.01,9.75,0.05,-0.01,-0.18,-0.70,7.42,6.98,-0.13,-0.23,-0.19,0.11,-0.28,0.96,-14.22,2.56,1.53,R
73.725,83,0,0,255,0,-1.59,-3.33,9.44,0.02,0.00,-0.06,-2.03,1.34,9.63,0.05,0.03,-0.13,-1.00,1.24,9.72,-0.03,0.01,-0.05,-1.11,0.91,9.70,-0.00,-0.00,-0.10,-0.66,6.68,7.11,-0.10,-0.15,-0.15,0.11,-0.29,0.99,-4.09,2.62,0.73,R
73.777,76,0,0,255,0,-1.51,-3.50,9.32,0.02,0.03,-0.01,-1.89,0.77,9.70,0.01,0.05,-0.01,-0.97,0.73,9.71,0.07,0.06,0.03,-1.23,0.80,9.87,0.15,0.03,-0.04,-1.90,3.68,10.29,-0.94,-1.06,-0.79,0.10,-0.25,0.55,6.96,-7.57,-7.02,R
73.827,35,0,0,255,0,-0.99,-3.60,9.50,0.69,0.18,0.08,-2.19,-0.34,8.14,0.26,-0.02,-0.22,-1.46,3.65,9.99,0.14,-0.06,-0.16,-1.27,-0.79,9.71,-0.50,-0.02,-0.06,-0.50,10.77,5.57,-0.49,-0.12,-0.14,0.29,-0.28,0.82,-66.89,-41.69,20.51,R
73.878,96,0,0,255,0,-1.47,-3.82,9.42,0.14,0.13,-0.10,-2.02,1.08,9.64,0.23,0.06,-0.06,-0.93,1.54,9.74,0.16,0.02,-0.06,-1.05,1.39,9.81,0.09,0.01,-0.08,-0.58,6.81,7.14,0.19,-0.04,-0.08,0.22,-0.40,1.08,13.18,5.98,-5.37,R
73.93,101,0,0,255,0,-1.67,-3.46,9.25,-0.01,0.05,-0.14,-2.14,0.65,9.53,0.04,0.04,-0.13,-1.05,1.43,9.63,0.07,0.02,-0.07,-1.14,1.28,9.74,0.03,0.01,-0.04,-0.60,6.58,7.34,-0.06,-0.00,-0.04,0.11,-0.28,0.98,2.81,2.44,-5.31,R
73.981,59,0,0,255,0,-2.38,-3.22,9.33,-0.05,0.02,-0.11,-2.18,1.45,10.01,-0.09,0.18,0.13,-1.13,1.36,9.82,0.33,0.15,-0.03,-1.15,1.76,9.81,0.33,-0.00,-0.03,-1.10,6.34,7.51,0.01,0.00,-0.06,0.37,-0.77,1.19,-4.39,55.05,11.72,R
74.031,64,0,0,255,0,-1.44,-3.77,9.25,-0.08,0.01,-0.28,-2.24,1.64,9.56,0.14,0.02,-0.17,-1.27,0.48,9.73,-0.06,0.01,-0.09,-1.49,0.11,9.84,0.24,0.00,-0.18,-1.17,6.46,8.00,0.10,-0.22,-0.27,0.09,-0.27,0.91,-18.19,6.10,-8.67,R
74.082,77,0,0,255,0,-0.98,-4.72,9.14,0.03,0.11,-0.41,-2.31,-4.36,9.50,-0.35,-0.00,-0.62,-1.38,1.30,10.09,0.64,-0.04,-0.92,-1.09,3.23,9.88,0.60,-0.19,-0.99,-3.23,0.37,13.41,-0.67,-1.57,-1.31,0.09,-0.33,0.97,-8.91,18.80,-25.02,R
74.133,49,0,0,255,0,-1.79,-4.43,9.24,0.54,0.30,-0.66,-2.30,0.17,9.67,0.08,-0.21,-1.20,-4.36,3.31,10.75,-0.06,-0.20,-0.62,-1.23,8.63,10.21,1.18,-0.40,-1.91,-1.13,5.66,10.40,-1.88,-1.89,-1.45,0.22,-0.30,0.98,-7.20,33.69,-43.82,R
74.184,69,0,0,255,0,-1.41,-4.31,9.10,0.24,0.35,-0.95,-2.64,-1.19,9.39,0.51,-0.17,-1.36,-0.27,-6.84,9.05,-0.58,-0.27,-1.43,-1.22,-1.38,10.75,-0.64,-0.63,-2.35,-1.58,4.95,12.44,-2.30,-1.85,-1.14,0.12,-0.23,1.00,-12.70,29.11,-45.29,R
74.235,103,0,0,255,0,-2.64,-1.79,9.72,0.86,0.52,-1.09,-2.91,0.62,9.87,0.44,-0.34,-1.54,-1.08,-4.41,10.31,-1.03,-0.52,-2.15,-1.18,1.92,9.24,0.28,-0.61,-2.54,-0.69,5.09,5.84,0.15,-2.18,-2.36,0.18,-0.26,0.94,-2.26,35.34,-56.40,R
74.286,103,0,0,255,0,-2.00,-2.81,9.47,0.58,0.37,-0.83,-2.50,3.17,8.60,0.76,-0.52,-2.07,-1.61,11.42,8.20,1.83,-0.20,-1.09,-1.59,6.66,8.71,0.45,-0.06,-2.28,-1.24,11.17,8.91,-0.34,-1.53,-2.22,0.28,-0.22,0.97,-4.76,20.39,-44.13,R
74.337,104,0,0,255,0,-2.08,-2.35,9.44,-0.14,0.16,-0.67,-2.42,-3.49,10.37,-0.06,-0.01,-0.42,-1.24,-3.25,11.15,-0.38,-0.24,-1.15,-0.91,-5.15,10.93,0.01,-0.66,-1.36,-0.84,-0.35,9.28,-0.97,-2.32,-1.13,0.04,-0.30,0.95,-10.07,-0.73,-24.96,R
74.388,92,0,0,255,0,-2.97,-0.30,10.05,0.56,0.30,-0.35,-2.11,5.32,9.50,0.91,-0.32,-1.40,-1.65,15.91,8.57,1.07,-0.28,-1.12,-1.25,8.76,9.09,0.34,0.35,-2.10,-0.67,8.80,7.61,0.20,-0.46,-1.96,0.28,-0.20,1.05,-9.16,26.79,-36.74,R
74.439,66,0,0,255,0,-1.06,-3.50,9.38,-0.02,0.14,-0.67,-2.24,-1.64,9.84,0.24,0.02,-0.26,-0.94,-2.83,9.69,0.47,-0.02,-0.72,-0.54,5.97,10.63,1.37,-0.21,-1.25,-0.10,-3.16,10.23,-1.15,-0.71,-1.12,0.16,-0.27,0.95,-21.18,2.69,-3.30,R
74.49,72,0,0,255,0,-2.80,-2.02,9.41,0.07,0.22,-0.57,-1.89,3.40,9.74,0.32,-0.09,-0.70,-0.80,6.26,9.52,0.84,-0.08,-0.79,0.54,4.41,9.16,0.41,-0.16,-0.70,-0.03,5.09,9.10,0.14,-0.60,-0.66,0.23,-0.18,1.01,-18.86,13.43,-11.47,R
74.541,87,0,0,255,0,-1.12,-4.18,9.16,0.06,0.21,-0.58,-1.97,1.07,10.21,0.07,-0.04,-0.53,-0.86,3.34,9.19,0.76,-0.07,-0.81,-1.05,5.19,11.12,0.19,-0.11,-0.84,-0.47,8.35,8.09,0.76,-0.70,-0.91,0.26,-0.22,0.95,-9.83,18.01,-14.22,R
74.592,86,0,0,255,0,-2.24,-3.23,9.57,0.08,0.19,-0.54,-2.01,1.62,9.89,0.06,-0.07,-0.61,-1.26,2.15,10.05,-0.04,-0.15,-0.61,-2.13,3.20,9.11,0.19,-0.15,-0.81,-0.09,7.00,8.31,0.01,-0.42,-0.61,0.22,-0.21,0.97,-6.04,8.30,-15.56,R
74.643,89,0,0,255,0,-0.83,-5.77,8.70,0.21,0.06,-1.08,-1.81,-1.30,9.21,0.11,-0.10,-0.84,-0.78,1.31,9.35,-0.55,-0.17,-0.77,-0.58,0.60,9.46,-0.30,-0.06,-0.55,1.22,6.26,6.86,-0.09,-0.26,-0.45,0.29,-0.19,0.95,-8.48,23.74,-14.65,R
74.694,95,0,0,255,0,-1.85,-3.34,9.43,0.19,0.15,-0.31,-1.91,0.43,9.81,0.07,-0.03,-0.32,-0.86,0.77,9.90,0.11,-0.09,-0.23,-0.77,1.20,9.87,0.17,-0.02,-0.20,0.02,5.49,8.28,0.04,-0.05,-0.12,0.24,-0.22,0.94,-2.38,11.41,-18.86,R
74.745,86,0,0,255,0,-0.98,-3.98,9.18,0.06,0.12,-0.59,-1.83,-0.43,9.76,0.13,-0.02,-0.57,-0.43,-0.78,9.73,-0.13,-0.09,-0.51,-0.38,1.08,9.92,-0.23,-0.04,-0.43,0.42,5.96,8.04,0.07,-0.11,-0.25,0.31,-0.21,0.95,-5.86,14.59,-10.68,R
74.797,95,0,0,255,0,-1.97,-3.55,9.43,0.17,0.12,-0.29,-1.91,1.59,9.62,0.11,-0.06,-0.40,-0.78,2.81,9.73,0.07,-0.12,-0.36,-0.59,2.77,9.63,-0.11,-0.04,-0.16,0.06,5.95,8.04,-0.05,-0.07,-0.12,0.28,-0.20,0.95,-2.38,10.68,-11.72,R
74.847,85,0,0,255,0,-0.91,-4.28,9.09,0.03,-0.02,-0.52,-2.14,1.20,9.71,0.04,0.01,-0.33,-1.24,-1.38,9.86,-0.33,-0.06,-0.44,-0.67,-0.04,9.82,0.54,-0.02,-0.49,0.53,6.42,7.85,0.19,-0.08,-0.19,0.30,-0.23,0.96,-6.41,9.77,-12.88,R
74.898,105,0,0,255,0,-1.67,-2.99,9.36,0.07,0.11,-0.21,-1.73,2.41,9.65,0.00,0.02,-0.37,-0.68,2.53,9.62,0.09,-0.05,-0.31,-0.65,2.25,9.71,-0.10,0.00,-0.12,-0.03,5.71,8.13,-0.11,0.04,-0.03,0.31,-0.17,0.93,-6.47,-5.49,-27.71,R
74.949,105,0,0,255,0,-0.95,-3.89,9.26,-0.07,0.01,-0.37,-1.96,0.86,9.63,0.08,0.07,-0.21,-1.05,0.68,9.81,-0.17,0.02,-0.10,-0.67,0.05,10.06,0.06,0.04,-0.34,0.27,5.07,8.20,0.20,-0.12,-0.26,0.30,-0.25,0.94,-4.46,-4.27,-31.13,R
75.0,93,0,0,255,0,-1.54,-3.75,9.21,0.04,0.13,-0.24,-1.88,1.56,9.62,0.05,0.03,-0.28,-0.67,1.71,9.91,0.05,-0.01,-0.17,-0.57,1.53,9.70,-0.02,-0.00,-0.16,0.12,5.73,8.06,0.31,-0.06,-0.18,0.21,-0.21,0.93,4.82,-12.21,-30.94,R
75.051,91,0,0,255,0,-0.74,-4.50,9.26,0.02,0.02,-0.39,-2.03,0.83,9.67,0.19,0.06,-0.34,-0.95,-0.12,9.91,-0.01,0.01,-0.28,-0.96,0.76,9.97,0.26,0.02,-0.41,0.07,6.33,7.87,0.37,-0.13,-0.28,0.26,-0.27,0.94,-8.48,10.86,-11.66,R
75.102,90,0,0,255,0,-1.68,-3.86,9.24,-0.07,0.13,-0.33,-1.75,1.25,9.52,-0.01,-0.04,-0.33,-0.36,2.08,9.67,0.06,-0.11,-0.36,-0.45,1.28,9.45,-0.14,-0.03,-0.23,0.10,6.18,7.84,0.12,-0.19,-0.26,0.21,-0.18,0.95,-1.95,2.87,-13.73,R
75.153,70,0,0,255,0,-0.86,-4.52,9.12,0.08,0.11,-0.53,-2.05,-0.77,9.85,0.01,-0.03,-0.43,-0.73,0.63,9.82,0.05,-0.05,-0.47,-0.70,2.64,9.83,0.56,-0.03,-0.45,-0.06,4.83,7.58,-0.54,-0.24,-0.37,0.28,-0.25,0.95,-10.01,5.25,-23.50,R
75.204,105,0,0,255,0,-2.07,-2.41,9.55,0.07,0.15,-0.40,-1.96,1.47,9.45,0.24,-0.07,-0.49,-0.37,2.65,9.70,0.33,-0.13,-0.63,-0.40,3.32,9.49,0.14,-0.08,-0.31,0.15,7.03,7.55,0.11,-0.17,-0.25,0.22,-0.20,0.94,-0.98,5.86,-12.33,R
75.255,106,0,0,255,0,-1.16,-3.66,9.27,0.13,0.11,-0.25,-2.17,0.18,9.66,0.11,-0.01,-0.37,-0.76,0.49,9.89,0.16,-0.05,-0.42,-1.03,1.03,9.85,0.49,-0.07,-0.47,-0.61,6.10,8.53,0.23,-0.22,-0.43,0.28,-0.25,0.94,-4.46,10.74,-16.24,R
75.306,102,0,0,255,0,-1.69,-3.09,9.12,0.17,0.15,-0.68,-2.11,2.33,9.82,0.44,-0.09,-0.72,-0.49,2.41,9.55,0.04,-0.09,-0.58,-0.69,1.94,9.45,-0.08,-0.05,-0.50,0.19,6.71,7.53,-0.03,-0.21,-0.36,0.25,-0.19,0.95,-4.33,7.87,-18.49,R
75.358,96,0,0,255,0,-1.27,-3.45,9.47,-0.00,0.16,-0.43,-1.88,0.57,9.64,0.09,-0.05,-0.50,-0.57,0.76,9.76,0.07,-0.01,-0.38,0.17,0.55,10.12,0.10,-0.04,-0.29,-0.43,5.49,8.15,-0.09,-0.07,-0.14,0.22,-0.20,0.98,-6.35,5.37,-15.08,R
75.408,67,0,0,255,0,-0.68,-4.93,9.00,0.26,0.11,-0.83,-2.07,0.48,9.40,0.13,-0.10,-0.84,-0.91,-1.45,8.49,0.10,0.09,-0.87,-0.43,-1.40,8.34,-0.33,-0.10,-0.53,-0.17,6.07,8.03,0.03,-0.16,-0.33,0.30,-0.25,0.95,-5.07,14.71,-22.58,R
75.459,98,0,0,255,0,-1.41,-3.19,9.39,-0.03,0.25,-0.55,-1.86,1.05,9.28,0.02,-0.10,-0.66,-0.96,2.74,9.53,0.06,-0.11,-0.72,-0.37,4.74,9.84,0.39,-0.13,-0.61,-0.09,6.63,7.30,-0.13,-0.24,-0.38,0.28,-0.20,0.94,-0.43,5.25,-15.56,R
75.51,80,0,0,255,0,-1.16,-3.57,9.39,0.20,-0.01,-0.57,-2.18,0.90,9.49,0.13,-0.13,-0.68,-0.76,-0.10,9.73,-0.10,-0.14,-0.54,-0.79,1.63,9.84,0.22,-0.04,-0.46,-0.12,6.82,7.71,-0.19,0.08,0.03,0.24,-0.23,0.95,-4.88,12.27,-13.24,R
75.561,76,0,0,255,0,-1.95,-1.68,9.70,0.05,0.06,-0.60,-2.08,2.60,9.73,0.27,-0.16,-0.99,-0.96,2.92,9.73,0.28,-0.03,-0.72,-0.74,2.08,9.92,0.36,0.04,-0.38,-0.11,5.41,8.09,0.33,0.11,-0.02,0.25,-0.20,0.97,-8.61,1.83,-12.02,R
75.612,90,0,0,255,0,-1.25,-3.35,9.59,0.05,0.15,-0.35,-2.03,1.24,9.08,0.29,-0.10,-0.69,-0.93,1.13,9.74,-0.16,-0.16,-0.43,-0.97,3.29,10.03,0.38,-0.01,-0.40,-0.57,6.51,7.59,0.04,-0.05,-0.16,0.33,-0.21,0.95,-2.56,11.90,-10.62,R
75.663,85,0,0,255,0,-1.47,-3.03,9.48,-0.02,0.15,-0.56,-2.09,1.81,9.54,0.27,-0.12,-0.77,-0.48,2.30,9.62,0.23,-0.08,-0.83,-0.45,3.27,9.58,0.07,0.01,-0.43,0.44,6.97,7.35,-0.11,0.03,-0.12,0.27,-0.20,0.96,-6.77,4.94,-7.81,R
75.714,36,0,0,255,0,-1.27,-3.69,9.36,-0.08,0.00,-0.10,-1.81,1.65,9.63,-0.06,-0.03,-0.19,-0.60,2.13,9.60,0.00,0.04,-0.16,-0.83,2.78,9.61,-0.27,0.04,0.04,0.15,6.50,8.14,-0.50,0.43,0.26,0.26,-0.20,0.98,-6.10,1.28,4.15,R
75.765,49,0,0,255,0,-1.49,-2.12,9.42,0.03,-0.01,0.18,-1.80,1.30,9.66,-0.53,0.02,0.12,-0.48,0.95,9.79,-0.23,0.10,0.08,-0.46,1.50,9.75,-0.50,0.18,0.18,0.08,6.41,7.98,-0.53,0.36,0.14,0.24,-0.19,0.97,2.08,-1.71,14.04,R
75.816,64,0,0,255,0,-3.16,0.05,10.07,0.43,-0.34,1.24,-2.28,1.52,9.68,-1.78,-0.38,0.14,-0.37,2.97,9.81,-1.83,-0.21,0.26,-0.43,0.96,9.98,-2.21,-0.16,0.59,0.93,5.45,7.87,-1.34,0.13,0.53,0.26,-0.19,0.95,32.78,-30.03,37.35,R
75.867,92,0,0,255,0,-0.61,-2.12,9.44,0.16,-0.66,1.82,-1.01,2.38,9.69,-1.31,0.22,1.52,0.91,-1.55,10.14,-2.03,0.43,1.26,0.24,6.40,10.68,1.60,0.35,2.75,2.01,12.07,4.36,2.03,1.55,2.03,0.13,-0.19,1.05,16.30,-27.22,45.10,R
75.918,68,0,0,255,0,-0.45,-6.71,8.29,-0.24,-1.04,2.51,-2.02,5.48,8.64,0.54,0.31,2.85,-3.16,8.39,10.42,0.01,0.09,3.45,-2.40,-0.25,7.97,-0.49,-0.16,3.83,-2.13,2.51,2.95,0.16,2.44,4.62,0.16,-0.06,0.84,20.02,-20.57,90.21,R
75.969,30,0,0,255,0,-2.82,-0.65,11.91,0.31,-0.91,2.20,-4.55,0.72,9.61,-0.83,0.38,4.45,-2.38,-16.04,8.98,-0.32,-1.20,3.99,-2.21,-6.01,10.07,0.04,-0.27,2.83,0.96,20.60,-5.83,1.17,1.30,1.37,0.72,-0.35,1.00,15.56,-30.03,105.65,R
76.02,53,0,0,255,0,-2.05,-5.28,7.41,-0.45,-1.02,3.04,-1.99,4.94,4.84,-0.50,0.11,2.78,-2.69,0.23,6.70,-0.92,2.70,3.27,-3.47,-53.70,0.04,-0.91,-0.90,0.01,1.56,29.52,2.10,5.66,0.69,2.98,0.11,-0.15,0.94,65.92,-66.22,80.26,R
76.071,26,0,0,255,0,0.11,-1.06,8.94,0.08,-0.20,1.37,-1.68,-2.72,10.07,0.78,-0.42,0.29,-1.25,25.16,11.11,0.07,0.00,3.33,-1.02,0.66,14.15,-1.11,-0.63,1.03,0.81,1.78,3.59,0.30,-0.80,1.33,0.32,-0.21,0.85,4.76,-7.20,52.86,R
76.122,20,0,0,255,0,-1.61,-0.15,10.59,0.00,-0.80,1.06,-2.91,-2.49,10.76,-0.79,0.21,2.06,-2.05,13.37,6.86,0.30,0.11,1.76,-1.40,4.87,8.20,0.18,0.35,2.19,0.67,6.45,11.39,-0.00,1.72,1.61,0.07,-0.11,0.93,47.24,-68.42,69.76,R
76.173,50,0,0,255,0,0.41,-4.28,10.28,-0.03,-0.69,1.55,-2.01,-3.85,10.47,-0.28,0.07,1.97,-1.12,-3.22,12.72,-0.24,-0.40,1.51,-0.21,-0.47,8.95,-0.21,-1.10,1.24,0.81,2.32,4.64,0.08,-0.31,2.15,0.32,-0.40,1.06,3.42,-49.93,71.59,R
76.224,38,0,0,255,0,-1.05,-1.33,10.56,0.06,-0.51,1.70,-2.38,3.74,8.31,0.15,-0.62,1.83,-1.49,1.27,8.03,0.26,-0.16,2.35,-0.97,0.83,7.29,0.50,-0.03,2.17,-1.77,2.70,4.76,0.74,1.97,1.45,0.12,-0.18,0.88,13.43,-8.12,89.29,R
76.275,44,0,0,255,0,-0.74,-1.71,9.10,0.65,-1.04,1.19,-1.77,-1.51,8.08,-0.05,-0.59,2.04,-1.49,0.19,12.89,-0.08,0.06,1.80,-0.45,0.54,13.80,-0.19,-0.27,1.83,0.56,7.07,10.63,-0.08,0.56,1.85,0.35,-0.37,1.07,35.58,-31.98,73.55,R
76.326,113,0,0,255,0,-0.52,-4.24,13.85,-0.35,-0.28,2.10,-1.89,0.11,9.87,-0.68,0.09,2.13,-1.33,-0.48,10.46,-0.29,0.17,2.08,-0.61,-0.84,10.06,0.12,0.22,1.99,0.02,3.30,8.16,0.44,1.32,1.34,0.07,-0.24,0.94,25.27,-27.22,78.92,R
76.377,108,0,0,255,0,1.58,-1.66,10.39,0.44,-0.91,1.20,-1.86,2.50,9.56,0.26,-0.40,1.46,-1.63,4.80,9.49,0.19,-0.04,1.66,-0.58,4.19,8.98,0.16,0.43,1.83,0.07,10.18,8.18,0.22,1.49,1.24,0.31,-0.30,0.98,15.38,-19.41,80.32,R
76.428,98,0,0,255,0,-0.95,-0.61,7.78,-0.67,0.20,2.33,-2.27,1.25,8.63,-1.44,0.64,2.32,-2.19,0.39,8.68,-1.38,0.58,2.38,-1.24,-0.82,9.19,-1.12,0.80,2.54,-0.78,5.20,6.72,-0.82,1.94,1.80,0.11,-0.39,0.91,31.86,-100.71,103.88,R
76.48,68,0,0,255,0,-0.54,-3.63,11.36,-1.32,0.24,2.17,-2.95,-0.73,10.74,-1.10,0.21,1.96,-2.26,1.20,10.58,-0.78,-0.24,2.19,-1.47,-1.95,8.82,-0.80,0.24,2.45,-1.07,3.21,8.27,-0.53,1.69,1.83,0.16,-0.29,1.07,4.15,-54.99,109.62,R
76.53,72,0,0,255,0,-2.01,-3.01,8.47,-0.82,0.50,2.30,-3.24,-0.21,10.36,-1.26,0.42,2.11,-2.51,0.19,11.44,-1.34,0.45,2.26,-2.02,0.68,12.04,-1.19,0.73,2.20,-1.42,6.23,8.92,-0.87,1.89,1.96,-0.00,-0.47,0.87,39.00,-103.70,99.79,R
76.581,76,0,0,255,0,-1.83,-5.60,11.71,-1.29,0.34,2.09,-2.75,-3.59,7.60,-0.88,-0.02,2.08,-1.64,-3.05,4.82,-0.85,-0.07,2.19,-1.90,-5.25,6.07,-0.64,0.41,1.91,-1.65,2.19,8.75,-0.34,1.44,1.43,0.01,-0.27,0.93,16.17,-47.00,105.16,R
76.632,90,0,0,255,0,-3.97,-2.79,7.81,-0.80,0.56,2.17,-4.06,0.56,10.43,-1.22,0.63,2.15,-3.07,-0.71,10.37,-1.34,0.54,2.25,-2.55,-0.72,9.22,-1.21,0.54,2.47,-1.73,3.82,8.39,-1.06,1.83,2.18,-0.10,-0.45,0.86,34.42,-98.82,102.36,R
76.683,104,0,0,255,0,-2.32,-7.07,8.57,-0.93,0.27,1.96,-2.63,-5.71,7.42,-0.76,0.36,1.74,-2.08,-4.66,8.13,-0.71,0.52,1.61,-2.39,-4.51,10.18,-0.64,0.47,1.46,-1.91,2.18,10.98,-0.32,1.05,1.10,-0.15,-0.39,0.89,33.39,-52.00,75.13,R
76.734,101,0,0,255,0,-3.50,-3.93,10.31,-0.34,0.07,1.17,-3.39,-2.39,10.05,-0.30,0.16,1.20,-2.82,-2.87,11.10,-0.46,0.34,1.35,-2.74,-2.30,11.05,-0.30,0.55,1.41,-1.41,4.60,11.46,-0.14,1.17,1.18,-0.15,-0.42,0.94,5.13,-31.86,72.45,R
76.785,14,0,0,255,0,1.39,-3.29,7.11,-0.75,-0.03,1.13,-2.79,-4.83,8.39,-0.78,0.23,1.26,-1.93,-4.96,7.77,-0.75,0.30,1.19,-2.41,-4.35,9.05,-0.59,0.33,1.06,-1.92,1.34,9.95,-0.44,0.95,0.81,-0.20,-0.35,0.93,4.70,-41.32,57.13,R
76.836,99,0,0,255,0,-3.15,-4.76,8.49,-0.38,-0.24,0.56,-3.53,-3.05,11.21,-0.33,0.02,0.79,-2.70,-2.79,10.41,-0.18,0.14,0.72,-2.69,-1.49,9.60,0.00,0.55,0.81,-1.34,4.57,8.39,0.44,1.00,0.66,-0.14,-0.42,0.95,-18.37,-14.65,49.62,R
76.887,99,0,0,255,0,-2.96,-4.34,9.08,-0.67,-0.16,0.64,-2.86,-2.63,7.82,-0.47,-0.11,0.87,-2.55,-2.45,7.81,-0.43,0.06,0.95,-2.94,-2.79,7.45,-0.29,0.57,0.92,-2.44,2.30,7.52,-0.12,1.03,0.75,-0.08,-0.35,0.90,-16.72,-20.63,54.63,R
76.938,19,0,0,255,0,-3.55,-3.80,8.59,-0.34,-0.34,0.37,-3.50,-2.07,7.46,-0.43,0.19,0.81,-3.15,-2.64,8.15,-0.46,0.27,0.84,-3.93,-1.56,8.70,0.01,1.03,0.75,-2.98,3.49,8.32,0.15,1.27,0.65,-0.13,-0.42,0.88,-6.90,-17.21,49.74,R
76.989,93,0,0,255,0,-4.18,-3.59,7.37,-0.53,-0.01,0.91,-3.85,-1.59,7.49,-0.45,0.12,1.12,-3.30,-2.28,7.57,-0.52,0.19,1.11,-4.29,-2.19,8.20,-0.55,0.59,1.26,-3.35,2.81,8.12,-0.47,1.32,0.99,-0.08,-0.41,0.92,-2.87,-30.70,64.27,R
77.04,98,0,0,255,0,-3.01,-6.00,8.49,-0.23,-0.17,0.84,-3.63,-4.16,8.96,-0.21,0.30,0.96,-3.52,-3.90,8.78,-0.19,0.33,0.85,-4.41,-2.75,8.48,-0.28,0.66,0.75,-3.75,4.19,9.62,0.11,0.97,0.14,-0.12,-0.40,0.93,17.40,-14.83,42.85,R
77.091,98,0,0,255,0,-3.58,-4.83,8.48,-0.18,-0.34,0.69,-3.90,-2.33,9.46,-0.22,-0.03,0.77,-3.57,-2.34,9.61,-0.33,-0.02,0.73,-4.26,-2.09,8.30,-0.43,0.19,0.81,-3.41,2.84,8.04,-0.33,0.68,0.72,-0.07,-0.43,0.95,-5.19,-18.01,48.28,R
77.142,101,0,0,255,0,-3.31,-5.46,8.33,-0.08,-0.27,0.66,-3.84,-3.63,8.20,-0.10,0.06,0.64,-3.78,-4.11,8.47,-0.13,0.18,0.59,-4.98,-2.97,8.41,-0.09,0.37,0.48,-4.06,3.51,8.17,0.15,0.53,0.27,-0.11,-0.45,0.89,2.32,-5.74,32.47,R
77.193,102,0,0,255,0,-4.01,-3.69,8.52,0.05,-0.36,0.39,-4.34,-1.42,8.20,0.01,-0.26,0.48,-4.19,-1.71,8.16,-0.06,-0.16,0.56,-5.02,-1.12,7.21,-0.11,0.06,0.58,-3.77,3.51,6.54,-0.03,0.47,0.53,-0.04,-0.44,0.86,-7.57,-0.61,36.25,R
77.244,102,0,0,255,0,-4.09,-5.20,7.69,0.27,-0.29,0.78,-3.95,-0.36,7.09,-0.11,-0.06,0.72,-3.73,-1.04,7.40,-0.18,0.09,0.79,-4.52,-0.61,7.20,-0.29,0.26,0.76,-3.85,3.70,6.52,-0.19,0.75,0.48,0.02,-0.41,0.87,7.08,-7.20,43.40,R
77.295,74,0,0,255,0,-3.32,-3.22,7.36,-0.14,-0.20,0.77,-4.14,-1.91,8.64,-0.32,0.20,0.85,-4.21,-2.32,8.21,-0.38,0.29,0.73,-5.24,-1.54,8.57,-0.41,0.34,0.75,-4.44,3.26,7.77,-0.30,0.73,0.63,-0.06,-0.46,0.90,8.36,-19.84,45.72,R
77.346,60,0,0,255,0,-3.28,-5.12,9.21,-0.06,-0.23,0.63,-3.88,-3.90,8.78,-0.06,-0.06,0.62,-3.89,-4.07,8.82,-0.06,-0.00,0.49,-4.93,-3.21,8.36,0.01,0.14,0.57,-4.36,2.29,8.30,0.12,0.42,0.45,-0.09,-0.41,0.92,-1.89,0.37,36.80,R
77.397,67,0,0,255,0,-3.35,-4.19,7.49,0.00,-0.37,0.30,-4.01,-1.39,8.73,-0.08,-0.19,0.41,-4.00,-2.30,9.49,-0.22,-0.06,0.51,-4.89,-1.26,8.46,-0.27,0.02,0.52,-4.01,3.36,7.80,-0.18,0.36,0.64,-0.02,-0.40,0.94,-14.04,-7.26,34.00,R
77.448,61,0,0,255,0,-2.88,-5.29,7.98,-0.16,-0.24,0.31,-3.84,-3.76,8.92,-0.12,-0.02,0.40,-3.96,-3.20,8.51,-0.10,0.11,0.43,-5.43,-2.10,8.88,-0.01,0.20,0.28,-4.64,3.45,8.82,0.18,0.28,0.18,-0.08,-0.40,0.90,-7.39,3.97,16.85,R
77.5,53,0,0,255,3,-3.28,-4.31,7.52,-0.01,-0.24,0.01,-4.02,-2.30,8.39,-0.02,-0.10,0.08,-3.97,-2.63,7.54,0.01,-0.09,0.08,-5.06,-1.54,7.65,0.04,-0.06,0.16,-4.39,3.71,7.69,-0.01,0.09,0.20,-0.05,-0.40,0.92,-11.23,1.53,12.39,R
77.55,42,0,0,255,8,-3.51,-4.06,8.19,0.01,0.10,-0.01,-4.33,-3.21,9.07,0.00,0.10,0.05,-4.42,-3.30,8.65,0.07,0.06,-0.07,-5.37,-2.82,7.32,0.18,0.16,-0.08,-5.07,2.96,8.40,0.33,0.02,-0.21,-0.13,-0.42,0.88,-3.30,8.36,-6.96,R
77.605,63,0,0,255,0,-3.45,-5.07,7.98,0.21,-0.03,-0.46,-4.58,-2.69,8.75,0.32,-0.20,-0.51,-4.58,-2.95,8.04,0.39,-0.16,-0.53,-5.74,-1.79,7.26,0.47,-0.04,-0.45,-4.86,3.99,7.72,0.38,-0.39,-0.36,-0.05,-0.44,0.91,-11.96,21.24,-24.23,R
77.652,64,0,0,255,0,-3.97,-4.64,8.22,0.03,0.23,-0.51,-4.83,-1.72,9.34,0.00,0.08,-0.45,-4.96,-2.76,9.26,0.06,-0.01,-0.59,-6.04,-2.83,8.62,0.22,0.00,-0.46,-5.35,2.96,9.64,0.10,-0.49,-0.29,-0.10,-0.46,0.91,-8.12,8.36,-29.24,R
77.703,75,0,0,255,0,-3.15,-6.07,7.83,-0.03,0.29,-1.09,-4.60,-3.76,8.96,0.21,0.07,-1.11,-4.64,-3.96,8.71,0.43,-0.13,-1.24,-5.83,-2.76,8.25,0.67,-0.24,-1.05,-5.10,3.52,9.66,0.49,-1.05,-0.73,-0.13,-0.43,0.97,-14.40,22.34,-59.45,R
77.754,103,0,0,255,0,-2.52,-6.97,8.11,0.11,0.52,-1.63,-4.58,-4.99,10.21,0.46,-0.03,-1.71,-4.49,-4.65,9.69,0.71,-0.29,-1.87,-5.71,-1.74,9.12,0.97,-0.54,-1.74,-4.39,4.53,8.72,0.73,-1.59,-1.17,-0.06,-0.38,0.91,-33.33,39.25,-89.66,R
77.805,106,0,0,255,0,-4.26,-3.25,9.08,0.17,0.69,-2.24,-4.61,-0.68,10.15,0.35,-0.26,-2.06,-4.63,-0.56,10.70,0.54,-0.61,-2.04,-5.83,1.33,10.75,0.71,-1.05,-1.79,-4.07,8.77,10.13,0.28,-2.11,-0.91,0.02,-0.37,1.08,-38.45,21.00,-94.73,R
77.856,105,0,0,255,0,-0.45,-6.82,7.87,-0.51,0.09,-2.07,-2.09,-5.09,7.25,-0.28,-0.16,-2.05,-2.00,-6.43,8.23,-0.29,-0.82,-2.16,-3.82,-5.61,6.75,-0.01,-1.56,-2.27,-3.71,-0.21,8.45,-0.29,-2.60,-1.45,-0.03,-0.17,0.86,-48.71,7.45,-104.31,R
77.907,105,0,0,255,0,-1.69,-6.73,8.06,0.83,0.12,-3.09,-3.48,-5.71,8.59,1.03,-0.48,-2.99,-3.48,-4.58,8.55,1.36,-1.01,-3.13,-4.59,-1.96,7.58,1.80,-1.58,-3.12,-3.83,3.70,6.82,1.46,-3.49,-2.44,-0.04,-0.26,0.92,-39.79,73.12,-156.80,R
77.958,106,0,0,255,0,-1.17,-4.63,5.55,0.81,0.40,-3.33,-2.48,-2.58,4.64,1.24,-0.77,-3.54,-2.06,-1.08,4.96,0.73,-1.18,-3.44,-3.00,-1.61,8.23,0.58,-1.26,-3.56,-2.29,4.81,10.41,-0.35,-2.84,-2.62,0.28,-0.15,1.06,-61.52,63.54,-156.43,R
78.009,76,0,0,255,0,-3.77,-4.99,15.21,1.23,0.22,-3.86,-5.99,-2.00,14.54,0.98,0.92,-3.42,-4.46,-3.96,11.02,1.08,0.49,-3.64,-4.18,-2.05,5.58,1.83,-1.25,-3.86,-3.93,0.78,2.83,1.51,-3.22,-3.46,-0.29,-0.32,0.87,-22.09,54.44,-189.58,R
78.06,102,0,0,255,0,1.22,-3.01,-0.64,0.88,1.69,-3.87,-1.73,-3.59,0.20,2.71,0.47,-4.49,-2.19,-2.96,2.55,1.52,0.42,-4.66,-4.10,-0.49,12.57,1.16,-0.48,-4.82,-1.88,9.76,11.31,0.40,-3.30,-4.20,0.44,-0.09,1.12,-40.47,121.28,-193.85,R
78.111,88,0,0,255,0,-2.84,-0.52,11.32,2.02,-0.20,-4.50,-8.05,2.55,18.17,1.75,0.60,-3.16,-5.71,0.58,12.60,1.74,0.23,-3.34,-3.27,2.06,8.95,2.18,-0.16,-3.40,-2.79,4.34,2.20,1.74,-2.08,-3.44,-0.18,-0.39,0.95,-20.02,67.81,-197.20,R
78.162,91,0,0,255,0,1.73,-1.15,-4.86,-0.17,3.31,-3.37,-0.90,-1.92,0.20,2.21,0.92,-4.10,-2.67,-3.96,2.34,0.08,0.16,-4.38,-4.03,-1.68,11.52,-0.83,-0.37,-4.93,-2.39,9.79,13.52,-1.63,-2.77,-4.25,0.65,-0.06,1.08,-20.63,14.40,-212.77,R
78.213,76,0,0,255,0,-8.17,-1.70,16.63,3.03,-1.77,-5.86,-7.26,3.45,17.92,1.70,0.49,-4.12,-4.64,3.69,11.05,1.86,-0.37,-4.02,-2.03,3.90,3.90,1.73,-0.37,-3.46,-1.48,5.50,2.43,1.70,-1.83,-3.36,-0.30,-0.25,1.04,-29.66,147.46,-163.64,R
78.265,30,0,0,255,0,2.49,-4.26,-4.20,0.21,0.44,-3.33,-2.93,-6.14,2.94,1.02,1.26,-3.37,-3.13,-6.24,11.79,-1.25,0.35,-3.68,-4.37,-4.47,16.72,-1.32,-0.46,-4.41,-0.99,6.10,9.55,-2.10,-3.06,-2.97,0.61,-0.22,0.93,-36.01,-10.68,-204.22,R
78.315,41,0,0,255,0,-1.67,-6.35,27.61,-0.26,-0.64,-4.61,-5.45,10.63,13.70,0.67,-0.51,-4.11,-3.36,11.27,7.21,1.50,-0.15,-3.75,-0.88,6.76,0.45,1.03,-0.03,-3.05,0.48,4.08,-0.23,0.67,-1.27,-2.38,-0.20,-0.22,1.07,-17.58,48.58,-126.77,R
78.366,18,0,0,255,0,1.60,-2.36,-3.01,-0.49,2.28,-1.61,-3.42,-9.06,5.84,0.94,0.16,-2.07,-2.18,-6.98,9.35,-0.35,0.05,-2.76,-2.82,-1.04,14.89,-0.71,-0.13,-3.47,-0.74,9.37,11.12,-1.38,-2.30,-2.50,0.67,-0.33,0.89,-10.86,18.13,-146.91,R
78.417,80,0,0,255,0,0.66,-4.95,20.48,0.34,-1.29,-3.22,-1.17,10.54,12.99,0.81,-0.19,-2.76,-1.64,9.87,9.39,0.70,0.16,-2.42,-0.27,4.98,3.45,0.64,0.41,-1.93,0.26,4.54,5.01,0.65,-0.31,-1.67,-0.16,-0.15,1.05,-5.49,51.33,-88.62,R
78.468,12,0,0,255,0,0.78,-2.77,4.06,0.83,-0.05,-2.09,-2.49,-6.48,7.06,1.28,0.31,-1.95,-1.29,-3.92,10.93,0.13,0.37,-2.40,-1.58,0.50,11.99,-0.42,0.01,-2.53,0.73,7.97,8.83,-0.80,-1.22,-1.96,0.53,-0.24,0.90,-6.16,27.34,-100.16,R
78.519,16,0,0,255,0,0.40,-3.33,17.56,-0.27,0.38,-1.34,-2.04,5.61,9.00,0.20,-0.59,-1.96,-1.29,5.51,9.43,0.30,-0.05,-1.80,-0.38,3.41,7.37,0.36,0.00,-1.60,0.82,5.40,3.68,0.28,-0.62,-1.69,0.08,-0.21,0.92,-2.81,19.71,-70.50,R
78.57,24,0,0,255,0,0.66,-0.21,7.01,0.37,0.02,-1.18,-2.36,-0.64,7.75,0.86,0.07,-1.19,-2.56,1.63,10.46,0.13,0.02,-1.33,-2.10,-1.16,13.77,-0.27,-0.06,-1.22,-0.11,9.04,12.33,-0.86,-1.15,-0.89,0.43,-0.25,0.96,-10.13,26.18,-63.11,R
78.621,23,0,0,255,0,0.12,-3.63,13.62,-0.51,1.51,-0.76,-3.92,0.58,10.88,0.01,-0.38,-2.06,-1.27,-0.08,8.05,0.07,-0.08,-1.82,-0.17,0.03,6.99,-0.04,-0.01,-1.51,0.97,4.00,5.25,-0.16,-0.76,-1.32,0.08,-0.29,0.93,6.29,3.30,-69.46,R
78.672,50,0,0,255,0,0.20,-1.39,8.12,0.02,0.66,-0.92,-2.42,-0.83,8.54,0.82,-0.18,-1.16,-1.23,-0.88,10.64,0.36,0.00,-1.33,-1.24,0.02,12.54,0.24,0.02,-1.42,0.58,6.34,7.48,-0.14,-0.89,-1.22,0.30,-0.30,0.88,-17.46,35.58,-60.55,R
78.723,20,0,0,255,0,-0.44,-2.04,8.75,-0.45,1.07,-0.73,-3.07,-1.77,8.40,-0.05,-0.26,-1.43,-0.68,-0.90,7.18,-0.12,-0.21,-1.37,-0.79,-0.80,7.53,-0.13,0.00,-1.43,-0.06,3.86,4.91,-0.29,-0.64,-1.85,0.18,-0.28,0.83,3.91,4.27,-63.72,R
78.774,52,0,0,255,0,-0.48,-0.78,8.89,0.42,0.45,-1.04,-5.04,7.66,17.45,3.90,-0.85,-0.38,-1.31,1.04,10.46,0.47,0.43,-1.19,-1.79,0.68,13.52,0.44,0.63,-1.18,-1.12,6.37,11.47,-0.09,-0.28,-1.48,0.37,-0.42,0.91,0.43,44.56,-61.89,R
78.825,49,0,0,255,0,-0.43,-0.99,11.88,-0.40,0.60,-0.60,-2.49,-0.06,10.01,0.32,-0.48,-0.29,-3.22,11.82,9.50,-0.35,-0.55,0.07,-2.67,3.57,6.25,0.73,0.30,-0.85,-1.58,5.16,2.66,0.66,0.40,-0.85,0.38,-0.39,1.01,-8.00,5.55,-40.89,R
78.876,22,0,0,255,0,-0.17,-1.00,12.91,0.50,-0.34,-0.85,-2.61,-1.26,11.46,-0.74,-0.05,-1.83,-0.92,-6.36,10.28,0.09,0.25,-2.46,-1.24,-4.08,8.84,0.05,0.41,-1.03,-0.35,8.92,9.57,2.29,0.27,-1.38,0.24,-0.33,0.87,-12.63,4.94,-27.34,R
78.927,104,0,0,255,0,-0.14,-1.31,7.86,-0.12,-0.22,-0.56,-1.66,2.04,8.05,0.22,-0.41,-0.66,-1.02,0.87,8.69,-0.06,-0.39,0.26,-1.54,3.96,9.39,0.59,0.15,-0.20,-1.29,2.86,9.93,0.05,-0.07,0.22,0.26,-0.26,0.77,-23.07,5.74,-15.32,R
78.978,96,0,0,255,0,-0.23,-2.68,6.26,-0.47,0.92,-0.17,-1.46,-2.77,7.66,0.18,-0.04,-1.01,-1.47,-0.70,7.11,-0.23,0.27,-0.80,-1.33,1.65,9.43,-0.20,-0.55,0.34,-0.67,5.99,8.40,0.83,-0.43,0.30,0.28,-0.34,0.90,8.67,2.32,-35.03,R
79.029,96,0,0,255,0,-0.23,-0.72,8.81,-0.17,0.20,-0.39,-2.50,3.63,12.78,-0.47,-0.70,-0.17,0.34,-0.77,9.84,-0.75,-0.70,-0.63,-1.11,-3.62,10.00,0.17,-0.04,-2.10,-0.03,5.89,7.67,0.62,-0.44,-0.64,0.37,-0.28,0.93,-18.25,-15.93,-9.16,R
79.08,76,0,0,255,0,-0.13,-2.00,9.68,-0.06,0.09,-0.26,-1.10,0.27,8.24,-0.05,0.15,-0.49,-0.34,0.30,8.28,-0.07,0.24,-0.49,-1.02,0.57,10.01,-0.03,-0.05,-0.05,-0.40,6.53,7.78,-0.13,-0.22,-0.26,0.33,-0.31,0.92,4.09,1.40,-16.05,R
79.131,23,0,0,255,0,0.19,-1.96,9.68,-0.14,0.15,-0.12,-1.77,0.21,12.86,-0.07,0.18,-0.31,-0.15,-0.68,11.94,-0.20,0.10,-0.21,-0.89,0.37,9.80,0.05,0.13,-0.17,-0.58,6.29,7.81,-0.15,-0.12,-0.35,0.26,-0.34,0.95,2.99,-1.16,-9.95,R
79.182,40,0,0,255,0,-0.57,-1.49,9.64,-0.02,0.03,-0.13,-1.70,1.21,8.44,-0.27,0.21,0.02,-0.94,0.71,10.24,-0.17,0.18,-0.08,-1.30,0.82,9.88,-0.24,0.01,-0.24,-0.36,6.68,7.38,-0.60,-0.18,-0.40,0.31,-0.35,0.87,2.75,-10.56,-1.22,R
79.233,45,0,0,255,0,-0.05,-2.76,9.68,-0.49,-0.14,0.12,-1.67,-1.62,11.16,-0.52,0.14,0.50,-0.44,-1.31,10.87,-0.30,-0.23,0.30,-1.07,0.64,9.92,-0.19,0.05,-0.11,-0.28,5.97,7.98,-0.13,-0.01,-0.34,0.20,-0.34,0.94,-8.67,-15.81,4.03,R
79.284,68,0,0,255,0,-0.63,-1.81,9.87,-0.30,-0.07,0.06,-1.96,1.17,9.53,-0.12,-0.21,0.00,-1.05,2.42,10.30,-0.05,-0.29,0.07,-1.50,3.50,11.18,0.05,-0.26,0.09,-0.66,6.51,9.79,-1.13,-0.13,-0.41,0.32,-0.35,0.88,-20.32,-22.83,14.28,R
79.335,105,0,0,255,0,0.60,-4.14,9.38,-0.70,-0.14,0.37,-1.11,-3.01,12.07,-0.63,-0.38,0.62,0.96,-2.66,10.91,-0.23,-0.73,0.37,-0.44,0.16,9.60,0.14,-0.48,0.03,-0.66,5.60,8.78,-0.05,-0.29,0.52,0.16,-0.26,0.98,-22.03,-22.58,13.92,R
79.386,103,0,0,255,0,-0.55,-1.55,9.96,-0.55,-0.06,0.06,-1.72,2.82,8.34,-0.30,-0.16,0.39,-0.56,4.05,7.59,-0.22,-0.23,0.47,-0.90,3.60,8.43,-0.20,-0.13,0.74,-0.43,8.42,9.21,-0.08,0.42,1.37,0.25,-0.27,0.93,-9.22,-28.08,22.58,R
79.437,106,0,0,255,0,0.51,-4.56,9.12,-0.56,-0.27,0.47,-1.20,-2.17,11.97,-0.74,0.08,1.10,2.25,-1.78,12.14,-0.35,-0.42,0.81,-0.29,0.00,12.03,-0.68,-0.72,0.97,0.23,5.99,8.23,0.27,-0.16,2.36,0.18,-0.27,1.02,-23.74,-31.19,26.49,R
79.488,101,0,0,255,0,-0.71,-2.15,10.11,-0.58,-0.44,0.84,-1.88,3.40,8.75,-0.53,-0.45,0.99,-0.51,4.19,8.10,-0.17,-0.56,1.21,-0.80,3.88,8.05,-0.05,-0.97,1.69,-0.39,7.67,6.43,0.78,0.08,2.51,0.20,-0.17,0.89,-32.90,-39.12,50.48,R
79.539,87,0,0,255,0,0.28,-5.00,8.72,-0.50,-0.95,1.89,-1.15,0.98,8.22,-0.58,0.27,2.96,-0.14,-0.63,10.44,-0.46,0.16,3.06,-0.20,-2.16,12.32,-0.32,-0.49,2.93,0.91,3.01,11.66,0.85,0.85,3.19,0.16,-0.24,1.03,-13.00,-16.78,73.67,R
79.59,55,0,0,255,0,-0.37,-1.41,9.89,-0.45,-0.62,1.32,-1.75,-1.06,11.18,-0.26,-0.22,1.59,0.19,0.30,8.81,0.41,-0.17,1.81,0.70,3.65,7.21,0.85,-0.50,2.19,-0.60,5.52,3.44,1.45,3.27,1.48,0.11,-0.09,0.98,-31.43,-25.21,75.93,R
79.641,26,0,0,255,0,0.45,-4.54,7.45,-0.12,-0.86,1.87,-1.60,0.91,7.32,-0.13,-0.07,3.07,-0.81,0.30,9.85,-0.36,0.38,3.42,-0.17,-4.66,11.77,-0.45,0.19,2.72,0.36,2.06,9.29,0.38,1.98,1.73,0.26,-0.22,1.04,6.59,9.28,83.44,R
79.692,44,0,0,255,0,-0.16,-3.15,8.96,0.22,-0.48,1.13,-1.92,-2.91,13.29,0.07,-0.14,1.16,0.57,-1.36,9.66,0.62,-0.06,1.23,0.63,1.61,7.24,0.86,0.11,1.44,0.50,4.37,-0.57,1.05,2.43,0.88,0.09,-0.10,0.95,10.44,-0.98,65.61,R
79.743,66,0,0,255,0,0.14,-6.18,9.13,-0.16,-0.34,1.50,-1.59,-0.49,7.91,-0.36,-0.17,2.16,-0.12,-3.04,9.71,-0.58,-0.17,2.19,0.20,-3.05,12.16,-0.31,0.07,1.81,1.00,4.59,9.99,-0.42,0.30,1.57,0.34,-0.27,1.05,8.79,-14.95,65.61,R
79.794,32,0,0,255,0,-0.27,-2.95,9.53,0.20,-0.16,0.81,-1.50,-2.10,11.33,0.09,-0.27,0.77,0.36,0.92,7.66,0.57,-0.15,0.99,0.44,1.43,5.68,0.74,0.41,1.02,-0.02,4.64,4.13,0.81,1.87,0.13,0.01,-0.07,0.89,20.26,7.26,39.92,R
79.845,88,0,0,255,0,0.25,-5.38,9.16,0.17,-0.23,0.51,-0.72,-2.38,8.04,0.01,0.33,1.40,0.89,-3.88,8.62,0.01,0.41,0.86,0.63,-2.90,11.26,-0.08,0.39,0.67,0.83,4.02,9.33,-0.35,0.27,0.25,0.22,-0.24,1.10,27.65,-0.43,28.99,R
79.896,78,0,0,255,0,-0.26,-2.78,9.23,0.46,0.29,0.18,-1.23,-1.63,7.61,0.64,0.34,-0.33,-0.64,0.34,7.18,0.47,1.20,-0.14,-1.18,0.71,8.09,0.35,1.89,0.23,-0.27,3.74,4.41,0.22,2.56,-1.31,0.10,-0.18,0.88,28.38,24.05,0.79,R
79.947,87,0,0,255,0,-0.41,-3.11,9.55,0.50,0.01,0.02,-1.85,0.39,10.85,0.15,1.03,0.23,-1.37,1.10,14.13,-0.17,1.14,0.03,-1.81,-0.39,16.25,-0.43,0.65,0.19,-0.01,1.48,5.64,-0.27,0.74,-0.04,0.41,-0.31,1.09,15.75,5.74,10.50,R
79.999,103,0,0,255,0,-0.13,-3.68,9.06,-0.07,0.04,0.09,-1.94,-0.37,7.81,0.09,0.90,-0.07,-0.52,-0.03,3.29,-0.29,1.25,0.05,-1.99,-0.83,19.24,-0.48,1.31,0.15,-1.02,7.28,9.33,-0.79,0.19,0.12,0.15,-0.16,0.94,21.36,0.55,7.63,R
80.049,90,0,0,255,0,-0.68,-4.11,9.01,-0.25,-0.08,0.20,-1.99,-0.69,10.25,0.03,-0.15,-0.11,-1.08,-1.13,10.77,-0.18,-0.01,-0.05,-1.06,-0.28,9.75,-0.41,0.09,0.04,-0.36,6.43,8.00,-0.29,0.10,-0.05,0.17,-0.20,0.93,7.69,-12.70,17.46,R
80.1,89,0,0,255,0,-0.03,-3.61,9.23,-0.07,-0.04,0.18,-1.75,-0.13,9.83,0.03,-0.02,-0.02,-0.87,0.17,9.75,-0.12,-0.04,-0.01,-0.94,-0.05,10.04,-0.14,0.02,0.01,-0.55,5.57,8.26,-0.14,0.09,-0.02,0.21,-0.23,0.93,9.52,1.65,8.91,R
80.151,83,0,0,255,0,-0.33,-3.50,9.40,-0.12,0.02,-0.02,-1.81,-0.17,9.79,-0.10,0.07,-0.05,-0.99,-0.56,9.80,-0.16,-0.02,-0.01,-0.96,-0.26,9.83,-0.08,0.01,-0.04,-0.45,5.41,8.37,-0.16,0.02,-0.01,0.19,-0.23,0.96,2.01,-5.37,10.86,R
80.202,79,0,0,255,0,-0.19,-3.91,9.30,-0.03,-0.00,0.03,-1.78,-0.37,9.75,0.06,0.05,-0.02,-0.90,-0.31,9.83,0.04,0.01,-0.02,-1.06,-0.35,9.87,0.02,0.00,-0.01,-0.47,5.62,8.33,0.09,0.00,-0.00,0.21,-0.24,0.95,0.85,8.24,8.06,R
80.253,77,0,0,255,0,-0.23,-3.70,9.20,-0.04,0.06,-0.04,-1.94,-0.11,9.72,0.08,0.05,0.01,-0.91,-0.16,9.75,0.10,-0.03,-0.01,-0.97,-0.18,9.87,0.06,-0.01,-0.01,-0.54,5.53,8.30,-0.02,0.02,0.04,0.22,-0.23,0.96,-2.38,4.09,5.49,R
80.304,77,0,0,255,0,-0.38,-4.02,9.28,-0.05,0.16,-0.04,-1.73,-0.20,9.76,0.09,0.08,-0.01,-0.86,-0.33,9.82,0.06,0.01,-0.02,-1.07,-0.02,9.87,0.12,0.02,-0.04,-0.64,5.77,8.37,0.11,0.01,-0.01,0.20,-0.23,0.95,-6.59,8.61,4.58,R
80.355,104,0,0,255,0,-0.44,-3.76,9.28,0.05,0.04,-0.01,-2.04,0.22,9.61,0.20,0.06,-0.00,-0.81,-0.25,9.71,0.14,0.02,-0.03,-1.00,0.11,9.86,0.11,0.03,-0.02,-0.52,5.56,8.24,0.14,0.05,0.00,0.21,-0.22,0.94,-7.81,10.38,5.00,R
80.406,100,0,0,255,0,-0.43,-3.72,9.29,0.03,0.05,-0.00,-1.96,-0.03,9.69,0.16,0.05,0.02,-0.83,-0.20,9.73,0.16,0.02,-0.02,-0.93,-0.03,9.78,0.15,0.08,-0.03,-0.48,5.68,8.23,0.16,0.07,-0.03,0.25,-0.22,0.96,-7.39,11.90,6.04,R
80.457,91,0,0,255,0,-0.32,-3.99,9.25,-0.04,0.02,0.02,-1.86,0.08,9.72,0.13,0.02,0.00,-0.85,0.06,9.75,0.07,0.02,-0.01,-0.94,0.15,9.83,0.10,0.06,-0.03,-0.48,5.68,8.14,0.06,0.05,-0.02,0.25,-0.19,0.96,-3.17,5.37,4.33,R
80.508,86,0,0,255,0,-0.37,-3.84,9.22,0.01,0.03,0.01,-1.94,-0.01,9.73,0.09,0.05,0.00,-0.96,0.05,9.79,0.08,0.04,-0.00,-1.02,0.22,9.85,0.07,0.04,0.00,-0.52,5.70,8.18,0.06,0.09,-0.01,0.25,-0.21,0.96,-4.70,7.08,4.15,R
80.559,95,0,0,255,0,-0.46,-3.75,9.16,0.00,0.05,0.01,-2.06,0.07,9.67,0.08,0.07,0.01,-0.95,-0.02,9.77,0.09,0.01,0.02,-0.86,0.22,9.84,0.12,-0.01,0.02,-0.48,5.80,8.09,0.11,0.05,0.01,0.26,-0.18,0.97,-4.03,4.94,2.69,R
80.61,89,0,0,255,0,-0.29,-3.69,9.31,-0.01,0.03,0.01,-1.98,0.20,9.65,0.00,0.05,-0.01,-0.95,0.08,9.84,-0.02,0.03,-0.01,-1.05,0.27,9.81,0.01,0.01,-0.01,-0.53,5.73,8.17,-0.00,0.05,-0.02,0.26,-0.20,0.96,-0.73,1.28,3.36,R
80.661,81,0,0,255,0,-0.56,-3.60,9.23,0.03,0.05,0.02,-2.00,0.25,9.66,0.04,0.06,0.00,-0.92,0.03,9.78,0.00,0.03,0.02,-1.05,0.25,9.80,0.05,0.03,0.01,-0.55,5.82,8.07,0.05,0.05,-0.00,0.27,-0.19,0.96,-1.40,2.87,3.66,R
80.712,84,0,0,255,0,-0.35,-3.66,9.26,-0.02,0.02,0.02,-2.02,0.19,9.68,0.00,0.05,-0.01,-0.96,0.13,9.81,-0.00,-0.00,-0.01,-1.05,0.21,9.84,0.01,0.01,-0.00,-0.57,5.73,8.12,0.02,0.03,-0.00,0.27,-0.19,0.96,0.85,-0.06,3.60,R
80.763,106,0,0,255,0,-0.40,-3.77,9.24,-0.01,0.01,0.01,-2.03,0.23,9.67,0.00,0.03,-0.00,-1.02,0.06,9.78,-0.06,-0.00,0.02,-1.06,0.31,9.89,-0.01,0.01,0.00,-0.58,5.82,8.04,-0.03,0.03,0.00,0.26,-0.19,0.95,1.40,0.06,2.81,R
80.814,98,0,0,255,0,-0.37,-3.79,9.24,0.01,0.01,0.01,-2.00,0.33,9.66,-0.01,0.02,0.00,-0.86,0.07,9.26,-0.04,0.01,0.01,-1.15,0.24,9.92,-0.01,-0.01,-0.01,-0.63,5.83,8.27,0.02,0.04,-0.02,0.28,-0.19,0.95,1.46,0.24,2.32,R
80.865,89,0,0,255,0,-0.48,-3.73,9.25,-0.00,0.00,-0.00,-2.04,0.31,9.68,-0.02,0.01,0.00,-1.02,0.25,9.90,-0.07,-0.01,0.01,-0.95,0.10,9.56,-0.08,0.02,0.02,-0.68,5.89,8.36,0.01,0.02,0.00,0.26,-0.19,0.95,1.71,0.79,2.38,R
80.916,86,0,0,255,0,-0.40,-3.71,9.20,0.01,0.02,-0.00,-1.99,0.24,9.70,0.00,0.02,0.00,-1.02,0.09,9.78,-0.03,-0.00,0.00,-1.04,0.24,9.86,-0.00,0.00,0.00,-0.59,5.69,8.05,-0.01,0.02,0.00,0.27,-0.19,0.95,1.83,-0.24,1.28,R
80.967,85,0,0,255,0,-0.38,-3.84,9.26,0.01,0.01,0.01,-1.97,0.32,9.70,0.02,0.02,0.01,-0.92,0.17,9.91,-0.04,-0.01,0.02,-1.07,0.29,9.79,0.01,0.01,0.00,-0.57,5.75,8.11,0.01,0.02,-0.00,0.27,-0.19,0.96,1.04,0.73,0.55,R
81.018,82,0,0,255,0,-0.56,-3.64,9.09,0.03,0.02,-0.00,-2.03,0.34,9.75,0.01,-0.00,0.01,-1.00,0.21,9.89,-0.08,-0.02,0.01,-1.07,0.07,9.89,-0.04,0.00,0.01,-0.56,5.66,8.06,-0.00,0.02,0.01,0.27,-0.19,0.95,0.92,0.85,0.55,R
81.069,80,0,0,255,0,-0.47,-3.64,9.24,0.05,0.01,0.01,-2.08,0.23,9.61,0.02,0.02,0.01,-1.02,0.16,9.86,-0.02,0.00,0.02,-1.04,0.14,9.80,-0.02,0.01,0.02,-0.61,5.73,8.15,0.04,0.03,0.01,0.27,-0.19,0.95,0.37,1.22,0.73,R
81.12,82,0,0,255,0,-0.34,-3.73,9.23,0.02,0.02,0.00,-1.93,0.28,9.69,0.01,0.03,0.00,-0.91,0.21,9.76,-0.06,0.02,0.01,-1.02,0.26,9.85,-0.03,0.02,0.00,-0.57,5.83,8.08,-0.03,0.02,-0.02,0.28,-0.19,0.96,0.85,0.49,0.49,R
81.171,77,0,0,255,0,-0.47,-3.69,9.30,-0.01,0.03,-0.01,-2.04,0.27,9.73,-0.01,0.03,-0.00,-0.94,0.08,9.79,-0.06,0.01,0.00,-1.06,0.17,9.79,-0.01,0.03,-0.01,-0.60,5.77,8.12,0.01,0.03,-0.02,0.27,-0.19,0.96,1.16,0.12,0.67,R
81.222,77,0,0,255,0,-0.36,-3.72,9.31,0.01,0.03,-0.01,-1.99,0.40,9.70,0.00,0.04,0.01,-0.99,0.12,9.79,-0.05,0.03,0.01,-1.00,0.25,9.73,0.00,0.04,-0.01,-0.53,5.73,8.08,-0.02,0.02,-0.01,0.28,-0.19,0.96,1.59,-0.85,0.12,R
81.273,102,0,0,255,0,-0.46,-3.71,9.31,0.01,0.03,-0.00,-2.10,0.24,9.69,-0.01,0.05,0.00,-1.10,0.14,9.76,-0.04,0.04,0.01,-0.96,0.29,9.86,0.02,0.06,-0.02,-0.52,5.72,8.08,0.04,0.02,-0.04,0.26,-0.20,0.96,1.04,1.34,1.22,R
81.324,103,0,0,255,0,-0.36,-3.82,9.30,0.07,0.03,0.04,-3.16,0.23,10.23,0.03,0.26,0.18,-1.05,-0.00,9.84,0.05,0.05,0.03,-1.24,0.29,9.77,0.16,0.08,-0.01,-0.65,5.86,7.99,0.11,0.01,0.00,0.29,-0.20,0.95,1.40,2.38,-1.59,R
81.375,99,0,0,255,0,-0.29,-3.81,9.34,0.11,0.10,0.01,-1.91,0.23,9.68,0.17,0.14,0.06,-0.93,-0.24,9.82,0.11,0.07,0.06,-1.13,0.07,9.72,0.31,0.05,0.03,-0.60,5.94,7.97,0.46,-0.07,0.02,0.26,-0.18,0.97,-0.98,3.36,-6.04,R
81.426,90,0,0,255,0,0.28,-3.43,9.75,0.20,0.25,-0.02,-1.98,0.43,9.75,0.23,0.24,0.07,-1.15,0.70,9.93,0.33,0.08,0.02,-1.06,0.74,9.82,0.46,0.03,-0.13,-0.61,5.96,8.00,0.30,-0.21,-0.15,0.35,-0.17,0.95,-2.01,-6.77,-11.05,R
81.477,79,0,0,255,0,-0.37,-4.36,9.14,0.47,-0.04,-0.16,-2.23,-0.03,9.56,0.14,0.20,0.08,-1.22,-0.43,9.96,0.37,0.17,0.03,-1.13,-4.51,10.45,-1.12,0.11,-0.41,-2.45,4.41,12.69,-0.25,-1.35,-1.02,0.20,-0.20,1.00,4.21,7.63,-17.52,R
81.528,52,0,0,255,0,0.00,-5.27,8.91,0.79,0.33,-0.44,-2.65,-3.06,11.13,0.05,0.04,-1.16,-2.29,-3.86,10.11,0.29,0.21,-2.60,-1.30,4.86,10.90,0.59,-0.63,-2.04,0.20,5.09,6.63,0.65,-1.72,-1.26,0.25,-0.22,0.97,-3.72,10.74,-47.00,R
81.579,58,0,0,255,0,-0.67,-4.17,12.75,0.96,-0.65,-0.92,-1.89,4.22,7.79,0.60,-0.82,-0.92,-1.46,1.81,8.14,0.07,-0.40,-0.44,-0.34,-1.87,8.37,0.06,-0.11,-0.40,-0.22,6.94,9.10,-0.27,-0.72,-0.39,0.28,-0.21,0.97,-8.67,30.64,-32.53,R
81.63,73,0,0,255,0,0.26,-2.04,6.97,0.15,0.08,-1.19,-1.90,-2.61,9.13,-0.13,0.09,-1.33,-1.39,-2.01,10.11,-0.39,-0.13,-1.43,-1.13,-0.77,9.55,-0.45,-0.24,-1.48,0.39,6.20,6.58,-0.43,-1.03,-1.01,0.24,-0.22,0.94,-12.27,-8.97,-52.06,R
81.681,75,0,0,255,0,-0.82,-3.34,12.28,0.11,0.15,-1.20,-2.42,1.75,10.64,0.17,-0.01,-1.34,-1.22,1.17,8.82,0.08,-0.11,-1.31,-1.02,0.10,8.40,0.08,0.01,-1.11,-0.19,5.53,7.51,0.05,-0.62,-0.96,0.19,-0.22,0.92,-11.66,19.35,-55.48,R
81.732,75,0,0,255,0,-0.33,-2.43,8.32,0.50,0.17,-1.41,-2.56,0.05,8.99,0.50,0.06,-1.37,-1.63,-0.53,9.26,0.09,0.25,-1.39,-1.60,-0.15,11.08,-0.05,0.10,-1.31,-0.07,6.49,8.92,-0.25,-0.74,-1.07,0.30,-0.25,0.90,-8.54,23.93,-60.49,R
81.783,79,0,0,255,0,-0.32,-2.43,9.01,-0.11,0.45,-1.32,-2.16,0.36,9.31,0.12,-0.07,-1.33,-1.14,0.16,8.35,0.02,0.01,-1.34,-1.16,0.07,8.40,-0.04,0.05,-1.27,-0.06,3.88,5.68,-0.27,-0.73,-0.91,0.19,-0.20,0.90,-8.36,7.69,-62.74,R
81.834,105,0,0,255,0,-0.37,-2.58,9.64,0.30,0.26,-1.43,-2.63,0.09,10.17,0.41,0.13,-1.36,-1.62,0.26,10.13,0.24,-0.02,-1.48,-1.24,0.95,10.37,0.01,-0.12,-1.31,0.33,7.84,8.52,-0.07,-0.82,-1.01,0.33,-0.25,0.92,-12.51,26.86,-67.08,R
81.885,104,0,0,255,0,-0.09,-2.44,9.49,-0.14,0.45,-1.10,-2.05,0.25,8.81,0.13,-0.06,-1.17,-1.18,-0.43,8.62,-0.11,-0.04,-1.11,-1.17,-0.85,8.36,-0.09,0.03,-1.13,-0.52,4.84,7.28,-0.15,-0.60,-1.06,0.22,-0.25,0.93,-4.33,10.07,-65.61,R
81.936,104,0,0,255,0,-0.49,-1.46,11.43,0.41,0.43,-1.18,-2.74,1.83,10.45,0.73,0.21,-1.23,-1.81,1.70,12.16,0.56,0.09,-1.32,-1.67,0.79,12.03,0.48,0.32,-1.16,-0.50,8.42,10.26,0.58,-0.53,-1.30,0.39,-0.29,0.98,-6.35,45.72,-68.12,R
81.987,104,0,0,255,0,-0.38,-0.97,9.98,0.08,-0.05,-1.16,-2.44,1.57,9.15,0.09,-0.47,-1.07,-1.88,3.17,7.81,-0.10,-0.39,-1.09,-1.57,0.97,9.76,-0.21,-0.22,-1.04,-0.37,5.02,6.54,-0.64,-0.82,-0.52,0.34,-0.27,0.94,-16.78,-2.01,-49.13,R
82.038,106,0,0,255,0,-0.57,-1.02,9.03,-0.17,0.43,-0.90,-2.15,0.96,8.63,0.08,-0.00,-1.03,-1.14,0.16,10.00,-0.08,0.10,-0.99,-0.96,0.35,11.31,-0.20,-0.07,-0.91,0.45,6.02,8.06,-0.35,-0.62,-0.53,0.28,-0.26,0.87,-11.41,-0.55,-55.11,R
82.09,106,0,0,255,0,-0.06,-3.17,9.32,-0.12,-0.19,-1.11,-2.46,-1.77,10.83,0.08,-0.58,-1.08,-1.06,-1.98,9.33,0.07,-0.48,-1.08,-1.55,-1.07,9.11,0.16,-0.12,-1.22,-0.88,4.99,7.08,0.31,-0.55,-1.25,0.24,-0.29,0.98,-15.62,15.50,-67.57,R
82.14,102,0,0,255,0,-0.67,-1.10,9.39,0.54,-0.30,-1.37,-2.83,1.39,10.99,0.72,-0.45,-1.25,-1.77,1.80,11.25,0.61,-0.34,-1.37,-2.54,1.19,11.55,0.42,0.05,-1.13,-0.36,8.63,10.04,0.30,-0.33,-1.13,0.34,-0.33,0.91,-17.15,33.45,-60.06,R
82.192,106,0,0,255,0,-0.62,-0.44,8.04,-0.34,-0.22,-0.89,-1.81,2.08,8.51,-0.20,-0.67,-1.02,-0.62,2.04,7.00,-0.35,-1.05,-0.78,-0.81,0.09,8.08,-0.37,-0.60,-0.69,-0.62,4.54,6.84,-0.59,-0.63,-0.14,0.29,-0.24,0.89,-25.15,-20.39,-48.28,R
82.242,104,0,0,255,0,0.33,-2.70,10.11,-0.05,0.16,-1.00,-1.37,-1.70,8.80,0.22,-0.05,-1.29,-0.61,-1.81,9.58,0.10,0.01,-1.33,-0.54,-0.77,8.69,-0.07,0.24,-1.19,-0.51,5.31,8.13,0.11,-0.26,-1.33,0.25,-0.28,0.94,2.87,18.25,-72.27,R
82.293,106,0,0,255,0,0.28,-2.15,10.55,0.30,0.18,-1.28,-1.72,0.94,10.52,0.43,-0.19,-1.67,-0.62,1.00,11.71,0.16,-0.21,-1.50,-1.42,1.63,12.48,0.14,0.07,-1.26,-0.57,8.25,9.44,-0.01,-0.41,-0.88,0.32,-0.34,0.97,-6.53,19.35,-71.66,R
82.346,103,0,0,255,0,0.06,-0.19,7.49,-0.17,-0.05,-0.96,-0.72,1.13,6.14,-0.14,-0.21,-1.28,-0.09,0.22,5.97,-0.47,0.04,-1.01,-0.91,-0.75,7.14,-0.41,0.27,-1.06,-1.07,2.49,6.80,-0.65,-0.20,-1.04,0.28,-0.23,0.93,12.08,-6.23,-65.55,R
82.395,96,0,0,255,0,0.62,-4.05,10.59,0.36,1.15,-1.15,-1.90,-2.38,11.40,0.45,0.70,-1.79,-0.85,-1.44,11.13,0.18,0.84,-1.78,-2.58,0.17,11.97,0.08,0.94,-1.76,-1.25,7.09,10.49,0.14,-0.27,-1.94,0.27,-0.41,0.93,28.44,48.40,-90.39,R
82.447,61,0,0,255,0,-2.07,0.82,9.60,0.20,0.37,-1.34,-2.85,4.57,9.78,0.17,0.14,-1.59,-2.04,4.20,10.26,-0.04,0.18,-1.37,-1.79,2.83,10.50,-0.11,0.24,-1.23,-1.82,7.39,7.31,-0.25,-0.38,-0.85,0.34,-0.40,0.88,0.98,12.76,-65.98,R
82.497,76,0,0,255,0,-0.26,0.34,10.98,0.15,0.34,-0.75,-2.38,2.55,9.52,0.13,0.35,-0.82,-1.33,1.43,9.45,0.05,0.41,-0.77,-2.59,1.17,9.74,0.18,0.61,-0.74,-1.24,7.13,8.03,0.18,-0.01,-0.88,0.33,-0.38,0.90,13.06,23.86,-40.53,R
82.548,62,0,0,255,0,-0.58,-0.62,9.27,-0.07,0.28,-0.28,-2.44,3.33,12.27,0.06,-0.02,-0.64,-0.99,1.24,12.87,-0.19,-0.21,-0.30,-1.45,0.63,12.29,-0.23,-0.23,-0.32,-0.90,6.67,8.77,-0.23,-0.47,0.06,0.27,-0.39,0.90,-9.34,-4.64,-16.30,R
82.599,44,0,0,255,0,-0.41,-1.53,10.33,-0.34,-0.08,-0.10,-1.41,1.91,7.60,-0.08,-0.37,-0.18,-0.43,0.68,6.56,-0.09,-0.23,-0.12,-1.18,-0.18,7.18,-0.09,-0.13,-0.03,-0.85,4.03,6.93,-0.12,-0.14,0.01,0.18,-0.31,0.85,-10.13,-6.90,-4.64,R
82.65,48,0,0,255,0,0.17,-2.63,9.11,0.06,0.21,-0.10,-1.28,-0.25,10.68,0.09,0.15,-0.09,-0.17,-0.51,9.62,0.06,0.21,-0.16,-0.89,-0.57,10.04,0.13,0.24,-0.16,-0.43,5.75,8.15,0.16,0.13,-0.25,0.20,-0.32,0.92,6.29,9.40,-6.77,R
82.701,36,0,0,255,0,-0.24,-2.39,10.26,0.02,0.16,-0.07,-1.47,1.06,9.97,0.12,0.01,-0.06,-0.58,0.84,9.66,0.07,0.04,-0.06,-1.21,1.15,10.06,0.07,-0.01,0.12,-0.70,6.77,9.59,0.06,0.00,0.13,0.22,-0.35,0.87,-6.90,-0.98,2.56,R
82.752,47,0,0,255,0,-0.76,-0.91,8.74,-0.25,-0.18,0.21,-1.88,1.65,9.25,-0.38,0.00,0.55,-0.69,0.70,8.47,-0.26,-0.17,0.46,-1.10,0.39,8.34,-0.23,-0.14,0.47,-0.91,5.09,8.62,-0.26,0.17,0.53,0.19,-0.33,0.86,-5.07,-21.24,16.42,R
82.803,38,0,0,255,0,-0.51,-1.66,10.07,-0.12,0.00,0.42,-2.03,-0.08,9.96,-0.27,0.11,0.67,-1.05,-0.79,9.30,-0.04,0.04,0.32,-2.00,-0.07,9.39,0.11,0.07,0.27,-1.34,6.28,7.58,0.13,0.20,0.20,0.23,-0.40,0.88,2.99,-6.65,16.42,R
82.854,55,0,0,255,0,-0.77,-0.65,10.01,0.09,-0.28,0.62,-2.60,2.74,9.79,-0.19,0.21,0.89,-1.60,2.81,10.45,-0.03,-0.08,0.76,-2.00,2.47,10.43,-0.03,-0.23,0.83,-0.96,7.71,7.89,-0.05,0.44,0.90,0.31,-0.36,0.89,-1.34,-17.15,41.02,R
82.906,73,0,0,255,0,-0.08,-2.61,10.22,-0.18,-0.15,1.05,-2.27,-1.37,10.49,-0.37,0.02,1.30,-1.02,-2.31,10.20,-0.09,-0.16,1.17,-1.79,-0.85,9.40,0.13,-0.22,0.88,-1.49,5.85,8.02,0.34,0.31,0.78,0.24,-0.37,0.93,-0.98,-13.85,47.18,R
82.956,72,0,0,255,0,-1.13,-0.29,9.73,0.11,-0.48,1.01,-2.55,2.84,8.73,-0.14,-0.01,1.17,-1.52,4.40,8.22,0.07,0.06,1.14,-1.77,3.49,9.62,-0.05,-0.16,1.42,-1.51,7.56,8.60,-0.10,0.89,1.29,0.33,-0.34,0.94,6.59,-24.84,67.02,R
83.007,80,0,0,255,0,-0.04,-2.69,12.77,0.15,-0.46,1.29,-3.02,-0.76,13.81,-0.35,-0.08,1.68,-1.26,-2.26,12.13,0.23,-0.48,1.23,-1.42,0.10,9.98,0.46,-0.53,1.24,-0.76,8.03,7.58,0.62,0.42,1.21,0.28,-0.39,0.98,-9.34,-11.23,71.17,R
83.058,72,0,0,255,0,-0.51,-1.30,8.45,-0.22,-0.67,1.76,-2.46,1.77,9.04,-0.81,-0.16,2.07,-0.93,0.29,10.74,-0.57,-0.23,2.12,-1.25,0.30,10.38,-0.53,-0.61,1.91,-0.64,5.49,7.37,-0.32,0.51,1.84,0.26,-0.34,0.99,-2.69,-51.94,88.93,R
83.109,70,0,0,255,0,-0.36,-0.69,10.93,-0.05,-0.46,1.95,-2.95,1.51,11.41,-0.02,-0.17,1.88,-1.85,2.04,12.33,0.34,-0.45,1.83,-1.37,1.51,10.95,0.32,-0.46,1.95,-0.59,8.32,11.66,0.46,0.78,1.67,0.26,-0.30,0.92,3.66,-16.85,97.05,R
83.16,103,0,0,255,0,-0.17,-2.36,8.79,-0.39,-0.80,2.16,-1.76,-0.22,8.91,-1.03,-0.10,2.52,-0.99,0.14,10.16,-0.38,0.18,2.43,-0.97,0.88,9.23,-0.32,-0.67,2.45,-0.51,4.61,3.42,0.03,1.23,2.51,0.09,-0.22,0.95,-6.53,-67.75,112.85,R
83.212,100,0,0,255,0,-1.23,0.38,10.42,0.27,-0.76,2.19,-2.85,1.40,10.34,0.04,-0.35,2.63,-1.64,0.62,9.65,0.17,-0.43,2.80,-1.06,-1.16,12.41,0.30,-0.39,2.80,-0.07,7.78,14.08,0.32,0.91,2.28,0.18,-0.29,1.01,15.87,-21.12,121.64,R
83.262,71,0,0,255,0,0.27,-3.10,9.78,-0.16,-0.83,2.50,-1.77,-1.54,9.94,-0.64,-0.30,2.41,-0.27,1.12,6.12,0.05,0.20,2.41,-2.60,3.65,7.07,0.50,0.00,2.52,-1.99,4.90,4.75,0.36,1.98,2.17,0.06,-0.13,0.87,1.59,-53.53,117.80,R
83.313,86,0,0,255,0,-0.04,-0.29,7.47,0.48,-0.82,2.30,-2.61,-0.52,9.68,-0.74,-0.01,3.06,-0.90,-4.17,9.84,-0.66,-0.07,2.93,-0.44,-2.56,14.36,-0.49,-0.12,2.46,0.68,7.12,11.60,-0.34,1.16,1.83,0.31,-0.36,1.08,32.90,-31.80,118.65,R
83.364,55,0,0,255,0,0.42,-4.26,12.86,-0.24,-0.95,2.66,-1.78,0.30,10.76,-0.33,-0.46,2.09,-0.68,3.70,7.53,0.44,-0.02,2.42,-1.21,3.28,7.65,0.96,-0.36,2.59,-1.23,4.66,2.15,1.02,1.30,2.48,0.02,-0.11,0.88,-7.51,-40.53,119.81,R
83.415,69,0,0,255,0,-0.57,0.12,7.19,0.42,-0.97,2.37,-2.48,0.12,9.02,-0.37,-0.06,3.06,-1.36,-0.04,9.71,-0.27,-0.17,2.90,-0.79,-0.34,13.75,-0.25,-0.26,2.87,0.18,7.52,11.25,-0.35,1.39,2.56,0.38,-0.29,1.05,6.77,-63.42,133.54,R
83.466,81,0,0,255,0,-0.06,-2.14,13.95,-0.41,-0.81,2.74,-3.19,2.49,12.22,-0.75,-0.63,2.76,-1.66,3.32,8.80,0.16,-0.22,2.91,-1.29,2.53,6.45,0.87,-0.09,3.20,-1.44,6.00,5.02,0.81,1.44,2.99,0.05,-0.13,0.91,0.06,-36.19,136.35,R
83.517,104,0,0,255,0,0.37,-3.29,4.67,-0.54,-0.67,2.65,-2.12,-5.01,9.24,-1.46,-0.09,2.94,-0.67,-2.39,10.03,-0.81,-0.19,2.34,-0.17,-0.29,9.31,-0.93,-0.55,2.32,0.48,4.30,2.16,-1.18,0.98,2.54,0.25,-0.21,0.93,-0.12,-106.14,129.21,R
83.568,103,0,0,255,0,0.89,-5.09,10.59,-0.02,-0.64,2.47,-2.59,1.22,10.31,-0.42,-0.05,2.80,-1.33,0.58,8.06,0.24,0.10,2.93,-0.90,0.29,8.56,0.58,0.42,2.94,-0.56,7.98,13.58,0.70,2.05,1.94,0.11,-0.16,0.94,37.78,-17.27,127.14,R
83.619,93,0,0,255,0,0.24,-1.95,5.14,-0.16,-0.42,2.29,-1.47,-4.15,8.07,-1.08,0.42,2.25,-0.59,-1.24,9.68,-1.09,0.26,2.31,0.36,0.63,6.59,-1.21,0.15,2.28,1.19,3.69,4.36,-1.25,1.78,1.94,0.04,-0.13,0.96,16.97,-103.64,116.33,R
83.67,64,0,0,255,0,0.52,-5.63,9.86,-0.10,-0.19,2.49,-2.89,-3.14,11.49,-0.83,0.50,2.61,-1.42,-3.51,11.03,-0.50,0.26,2.51,-0.93,-3.37,12.33,-0.33,0.32,2.37,-0.31,5.80,13.29,-0.20,1.29,1.86,-0.04,-0.22,0.97,33.39,-38.39,105.04,R
83.721,42,0,0,255,0,0.57,-4.53,9.26,0.02,-0.49,1.98,-2.04,-2.10,9.53,-0.49,-0.00,1.69,-0.67,-1.07,8.41,-0.34,0.07,1.86,-0.09,-0.53,8.57,-0.25,0.19,1.97,0.75,3.96,6.04,-0.12,1.07,1.75,-0.06,-0.17,0.98,12.82,-47.06,91.31,R
83.772,64,0,0,255,0,0.23,-6.10,7.16,0.35,-0.57,2.02,-2.73,-1.91,9.06,-0.28,0.01,2.41,-1.87,-1.97,10.49,-0.18,0.07,2.43,-1.22,-2.34,10.77,-0.14,0.25,2.40,-0.41,4.63,12.16,-0.19,1.27,1.87,0.05,-0.25,0.94,27.53,-19.35,111.27,R
83.823,31,0,0,255,0,-0.15,-2.45,9.98,0.04,-0.30,1.92,-2.46,-2.11,9.58,-0.67,-0.07,1.96,-1.30,-1.21,8.57,-0.33,0.09,2.08,-0.77,-0.46,7.62,-0.16,0.22,2.19,0.12,3.92,5.42,0.09,1.28,1.73,-0.10,-0.20,0.96,18.37,-51.70,93.87,R
83.874,90,0,0,255,0,0.69,-4.84,7.58,-0.01,-0.28,1.91,-2.26,-3.03,8.97,-0.33,-0.07,2.17,-0.22,-2.20,9.44,-0.10,0.08,2.04,-1.13,-1.32,10.15,-0.05,0.25,2.18,-0.10,5.66,8.98,-0.08,1.34,1.62,0.05,-0.25,0.98,25.70,-28.14,102.23,R
83.926,51,0,0,255,0,-0.22,-3.39,8.55,-0.05,-0.05,1.88,-2.75,-1.34,9.24,-0.55,0.06,2.02,-1.69,-1.49,9.27,-0.35,0.19,2.40,-1.09,-0.81,8.57,-0.22,0.51,2.26,-0.23,4.60,8.43,-0.00,1.56,1.72,-0.07,-0.26,0.97,23.01,-43.70,99.43,R
83.976,22,0,0,255,0,0.14,-5.37,8.36,-0.41,0.02,1.88,-2.89,-3.86,10.35,-0.64,-0.05,2.02,-1.67,-4.08,10.99,-0.53,-0.08,2.04,-0.52,-3.41,9.95,-0.32,0.10,1.99,-0.69,3.13,9.82,-0.23,0.86,1.64,-0.07,-0.29,0.99,7.69,-39.55,95.95,R
84.027,42,0,0,255,0,-0.13,-6.57,10.15,-0.14,-0.06,1.49,-2.81,-4.10,9.35,-0.17,-0.09,1.44,-1.45,-4.70,9.83,0.10,-0.09,1.37,-1.88,-3.65,10.03,0.29,0.04,1.34,-0.85,2.78,9.55,0.52,0.75,0.90,-0.13,-0.32,0.96,4.27,-9.40,68.91,R
84.078,41,0,0,255,0,-0.86,-5.42,9.29,-0.04,-0.17,0.86,-2.93,-2.65,9.94,0.19,-0.54,0.87,-1.72,-2.16,9.57,0.32,-0.49,1.01,-1.58,-1.83,9.81,0.25,-0.31,1.04,-0.70,4.62,9.28,0.29,0.36,1.01,0.00,-0.34,0.98,-15.93,12.63,55.54,R
84.129,68,0,0,255,0,-1.74,-3.02,10.30,0.01,-0.01,0.72,-2.75,-1.72,8.88,0.11,-0.32,0.80,-1.53,-1.92,8.24,0.26,-0.19,0.83,-1.31,-1.72,7.71,0.32,0.09,0.90,-1.24,3.75,8.23,0.42,0.62,0.59,-0.06,-0.33,0.91,-3.91,2.87,41.38,R
84.18,105,0,0,255,0,-1.00,-4.17,8.63,0.29,-0.01,0.55,-3.02,-1.81,9.42,0.38,0.11,0.49,-1.69,-0.89,8.60,0.39,-0.03,0.49,-1.67,-0.19,8.48,0.34,0.08,0.46,-0.76,4.68,7.96,0.30,0.41,0.35,0.08,-0.34,0.91,6.90,12.15,26.18,R
84.231,99,0,0,255,0,-2.06,-2.87,9.57,0.15,0.41,0.63,-2.90,-0.13,9.04,0.18,0.28,0.54,-1.91,-0.46,9.16,0.15,0.25,0.58,-2.06,-0.92,9.80,0.14,0.29,0.57,-1.38,4.42,9.00,0.12,0.58,0.28,0.04,-0.37,0.89,16.97,5.07,26.92,R
84.282,57,0,0,255,0,-0.45,-4.32,9.27,0.40,0.06,0.24,-1.92,-3.03,8.90,0.45,-0.04,0.16,-0.96,-1.69,8.48,0.47,0.03,0.03,-1.04,-0.86,8.86,0.44,0.11,0.04,-0.44,5.03,9.18,0.37,0.16,-0.09,0.06,-0.27,0.87,10.56,26.61,7.81,R
84.333,81,0,0,255,0,-1.33,-2.12,7.42,0.37,0.34,0.05,-2.00,-0.57,8.35,0.35,0.40,0.01,-1.29,-0.05,8.96,0.20,0.28,0.02,-1.69,-0.24,9.71,0.21,0.26,0.02,-1.49,4.90,9.11,0.15,0.20,-0.21,0.06,-0.28,0.88,24.90,12.94,4.52,R
84.385,88,0,0,255,0,-0.82,-6.99,14.99,0.27,0.07,-0.57,-0.86,-4.56,4.99,1.26,-0.40,-0.04,-2.07,7.71,20.72,-0.90,-0.52,-0.13,-1.62,-5.37,12.66,0.33,-0.11,-0.25,-1.93,6.38,8.26,2.03,0.52,-0.05,0.07,-0.55,1.49,-27.22,50.66,-13.55,R
84.435,88,0,0,255,0,-2.04,-3.88,8.73,0.93,-0.05,-0.49,-2.09,1.83,3.12,1.05,-0.10,-0.80,-1.23,0.94,3.08,0.65,0.13,-0.52,-2.10,3.19,11.63,1.11,0.05,-0.63,0.22,6.43,7.27,1.20,-0.25,0.39,0.18,-0.34,0.79,15.56,38.64,-21.79,R
84.486,85,0,0,255,0,-1.68,-1.26,12.25,-0.40,0.22,0.09,-3.18,-2.13,11.62,-0.06,0.15,-0.08,-2.06,-3.90,8.37,-0.74,0.18,-0.03,-2.14,-0.01,10.35,0.19,-0.01,-0.09,-0.92,5.23,8.10,-0.33,-0.06,0.07,-0.01,-0.37,0.91,1.16,-7.26,-3.05,R
84.537,104,0,0,255,0,-1.47,-3.61,9.82,0.24,-0.02,-0.21,-2.44,-0.62,9.45,0.40,-0.09,0.10,-1.60,0.34,10.44,0.26,-0.12,0.05,-1.32,0.72,10.00,0.30,-0.12,0.00,-0.60,6.71,7.44,0.23,-0.04,0.02,0.11,-0.34,0.96,4.70,10.38,-12.70,R
84.588,77,0,0,255,0,-1.65,-1.95,9.86,0.05,-0.06,-0.36,-2.48,0.05,9.74,0.12,-0.05,-0.02,-1.51,0.51,9.83,0.07,-0.04,-0.01,-1.46,0.11,9.70,0.06,-0.03,-0.02,-0.80,5.80,7.85,0.15,-0.13,-0.14,0.10,-0.37,0.94,-2.26,-0.67,-7.81,R
84.639,102,0,0,255,0,-1.34,-3.46,10.05,-0.03,-0.14,-0.35,-2.40,-1.40,9.63,-0.01,0.01,-0.10,-1.34,-0.62,9.89,0.31,0.02,0.03,-1.54,-2.22,9.98,-0.54,-0.02,-0.35,-1.14,5.79,8.25,0.25,-0.31,-0.28,0.09,-0.35,0.96,-7.32,10.01,-12.76,R
84.69,106,0,0,255,0,-1.11,-4.27,10.79,0.50,-0.23,-0.58,-2.78,-3.14,9.73,-0.06,0.00,-0.85,-1.92,1.13,10.53,-0.22,-0.16,-1.06,-1.55,0.66,9.92,0.09,-0.17,-0.70,-0.30,6.30,7.42,0.21,-0.58,-0.34,0.12,-0.36,0.93,-9.95,28.75,-29.05,R
84.741,105,0,0,255,0,-1.11,-2.04,9.37,0.21,-0.18,-0.57,-2.06,-0.23,8.21,0.07,-0.01,-0.35,-1.25,0.38,8.94,-0.02,-0.11,-0.38,-1.43,-0.18,9.96,-0.02,-0.09,-0.52,-0.53,7.90,7.53,0.01,-0.75,-0.66,0.16,-0.35,0.92,-7.08,14.71,-19.71,R
84.792,106,0,0,255,0,-1.06,-2.92,9.78,0.22,-0.21,-0.43,-2.38,0.35,9.67,0.16,-0.11,-0.33,-1.18,0.44,9.48,0.11,-0.11,-0.33,-1.25,-0.44,9.27,0.11,-0.12,-0.34,-0.44,5.19,6.62,-0.11,-0.38,-0.40,0.13,-0.34,0.94,-8.54,18.07,-16.48,R
84.843,99,0,0,255,0,-1.02,-1.56,9.86,0.12,-0.03,-0.38,-2.06,0.94,8.37,0.13,-0.20,-0.32,-1.05,0.36,7.83,0.11,-0.12,-0.27,-1.13,0.61,8.57,0.14,-0.10,-0.35,-0.37,7.00,6.28,0.00,-0.34,-0.32,0.17,-0.32,0.94,-8.24,15.14,-14.34,R
84.894,80,0,0,255,0,-0.68,-1.97,9.09,0.21,-0.08,-0.19,-2.05,0.96,9.18,0.02,0.07,-0.10,-1.22,0.34,9.88,-0.10,0.13,-0.05,-1.02,0.76,9.61,-0.08,0.03,-0.20,-0.30,7.21,7.47,-0.03,-0.07,-0.22,0.20,-0.32,0.95,-0.24,4.64,-8.42,R
84.945,87,0,0,255,0,-0.37,-2.33,9.18,0.06,-0.02,-0.10,-2.08,0.11,8.73,0.05,0.12,-0.12,-1.10,0.40,8.45,0.04,0.10,-0.15,-0.92,0.81,8.65,0.02,0.11,-0.15,-0.07,6.64,7.16,0.13,0.04,-0.13,0.17,-0.30,0.91,3.30,4.46,-6.41,R
84.996,82,0,0,255,0,-0.89,-1.70,10.26,-0.04,0.27,-0.15,-2.72,1.49,11.05,-0.01,0.31,-0.03,-1.26,1.66,9.95,-0.12,0.06,-0.02,-1.11,1.22,9.67,-0.19,0.11,0.05,-0.32,6.07,7.63,-0.36,0.13,-0.08,0.19,-0.33,0.95,4.64,-7.81,-0.12,R
85.047,106,0,0,255,0,-0.85,-2.44,9.39,-0.07,0.19,0.02,-3.00,0.11,10.52,-0.02,-0.02,-0.05,-1.59,0.57,10.59,-0.09,-0.01,-0.03,-1.32,0.20,9.75,-0.08,0.08,-0.01,-0.63,5.94,7.92,0.07,0.03,-0.05,0.12,-0.36,0.95,3.11,-4.58,-1.22,R
85.098,106,0,0,255,0,-0.90,-2.23,10.08,-0.11,0.10,-0.07,-2.53,0.13,9.61,0.02,0.02,-0.03,-1.47,0.63,9.61,-0.06,0.00,-0.02,-1.35,0.60,9.88,-0.08,0.02,-0.01,-0.48,6.44,7.63,-0.03,0.04,-0.05,0.16,-0.34,0.92,-2.20,-3.72,-2.01,R
85.149,102,0,0,255,0,-0.87,-2.67,9.72,-0.26,0.08,-0.09,-2.50,0.03,9.47,-0.04,-0.01,-0.05,-1.44,0.75,9.60,-0.10,-0.01,-0.03,-1.24,0.32,9.77,-0.09,0.01,-0.02,-0.45,5.95,7.77,-0.04,0.06,-0.05,0.13,-0.33,0.95,-2.62,-4.64,-3.11,R
85.2,93,0,0,255,0,-0.80,-2.83,8.97,-0.16,0.25,0.00,-2.50,0.22,9.59,0.08,0.00,-0.02,-1.58,0.70,9.90,0.02,-0.00,-0.02,-1.32,0.79,9.77,-0.02,0.03,-0.03,-0.60,6.30,7.72,0.01,0.09,-0.08,0.16,-0.34,0.94,-2.26,-0.61,-2.50,R
85.251,104,0,0,255,0,-1.09,-2.93,9.73,-0.24,0.19,0.06,-2.46,-0.01,9.65,0.02,0.01,-0.00,-1.42,0.38,9.69,0.02,0.02,0.00,-1.31,0.45,9.71,0.06,0.05,0.02,-0.65,6.14,7.75,0.26,0.10,-0.04,0.11,-0.32,0.93,-3.72,0.49,-2.81,R
85.302,105,0,0,255,0,-1.08,-2.89,9.18,-0.08,0.09,-0.04,-2.48,0.26,9.53,0.06,0.01,0.01,-1.59,0.60,9.67,0.00,-0.02,0.01,-1.34,0.61,9.77,0.04,0.00,-0.01,-0.64,6.30,7.60,0.08,0.09,-0.03,0.16,-0.33,0.95,-4.33,0.00,-2.62,R
85.353,83,0,0,255,0,-1.24,-3.21,9.65,-0.05,0.05,0.02,-2.45,0.12,9.60,0.05,0.06,0.03,-1.46,0.54,9.67,0.02,0.07,0.04,-1.27,0.35,9.76,0.10,0.10,0.04,-0.91,6.20,7.58,0.31,0.20,-0.01,0.14,-0.32,0.94,-9.70,3.72,-2.14,R
85.404,77,0,0,255,0,-1.32,-2.88,9.62,-0.04,0.00,-0.14,-2.58,0.37,9.50,0.17,0.11,0.00,-1.64,1.02,9.59,0.11,0.09,0.00,-1.44,0.81,9.72,0.10,0.05,0.01,-0.79,6.61,7.39,0.10,0.10,0.01,0.14,-0.31,0.94,-11.35,2.99,-5.13,R
85.455,46,0,0,255,0,-1.26,-2.45,9.56,-0.08,0.04,-0.03,-2.44,0.20,9.59,-0.01,0.07,-0.01,-1.61,0.57,9.69,0.02,0.07,0.01,-1.42,0.65,9.71,0.08,0.04,0.03,-0.75,6.44,7.55,0.18,0.09,0.01,0.13,-0.31,0.95,-9.95,-1.04,-3.85,R
85.506,43,0,0,255,0,-1.30,-2.82,9.46,-0.02,0.08,-0.02,-2.58,0.30,9.48,0.17,0.13,0.01,-1.60,0.57,9.65,0.06,0.09,0.06,-1.26,0.53,9.73,0.16,0.07,0.09,-0.56,6.57,7.50,0.35,0.12,0.05,0.11,-0.27,0.96,-10.56,6.04,-3.05,R
85.557,53,0,0,255,0,-1.33,-2.73,9.40,0.09,0.06,0.05,-2.64,0.73,9.49,0.18,0.12,0.06,-1.66,1.11,9.71,-0.06,0.12,0.07,-1.35,1.36,9.97,-0.04,0.17,0.00,-0.94,6.91,7.30,0.12,0.10,-0.01,0.22,-0.31,0.96,-7.81,4.33,-1.77,R
85.608,44,0,0,255,0,-1.37,-2.93,9.65,-0.09,0.07,-0.01,-2.79,0.39,9.45,0.04,0.06,0.01,-1.63,0.68,9.71,-0.02,0.02,0.05,-1.57,0.76,9.77,0.07,0.11,0.04,-0.87,6.54,7.41,0.14,0.05,0.04,0.12,-0.29,0.95,-6.47,-2.32,-4.39,R
85.659,68,0,0,255,0,-1.36,-2.38,9.49,-0.10,0.11,-0.02,-2.23,0.94,9.87,0.13,0.02,0.02,-1.86,0.81,9.62,-0.04,-0.03,-0.00,-1.54,0.82,9.66,-0.06,-0.00,-0.01,-0.83,6.73,7.23,-0.10,0.00,0.01,0.15,-0.28,0.95,-4.21,-5.49,-4.46,R
85.71,104,0,0,255,0,-1.34,-3.18,9.53,-0.03,0.09,-0.03,-2.68,0.67,9.54,0.06,0.01,-0.01,-1.60,0.92,9.60,0.00,-0.05,0.01,-1.47,1.19,9.75,0.01,-0.04,0.01,-0.81,7.07,7.42,0.04,0.00,-0.02,0.16,-0.27,0.96,0.61,-1.04,-2.50,R
85.761,106,0,0,255,0,-1.44,-3.08,9.36,-0.14,0.04,-0.04,-2.74,0.72,9.54,-0.08,-0.11,-0.06,-1.62,0.63,9.75,-0.21,-0.10,-0.03,-1.44,0.67,9.74,-0.13,-0.07,-0.01,-0.85,6.56,7.35,-0.08,0.00,-0.00,0.11,-0.28,0.97,3.72,-9.03,-2.32,R
85.812,102,0,0,255,0,-1.52,-2.85,9.53,-0.02,0.06,-0.02,-2.58,0.71,9.54,-0.00,-0.07,-0.03,-1.54,0.79,9.69,-0.14,-0.05,-0.02,-1.43,0.81,9.80,-0.09,-0.03,-0.03,-0.76,6.70,7.30,-0.13,0.01,-0.02,0.14,-0.28,0.96,3.30,-6.23,-1.34,R
85.863,103,0,0,255,0,-1.33,-3.18,9.45,-0.02,-0.00,-0.02,-2.60,0.49,9.45,-0.01,-0.04,-0.02,-1.67,0.57,9.66,-0.10,-0.01,0.00,-1.54,0.88,9.79,-0.02,-0.00,-0.00,-0.85,6.47,7.38,-0.01,0.01,-0.00,0.12,-0.30,0.96,0.61,-4.82,-1.59,R
85.914,101,0,0,255,0,-1.51,-3.02,9.37,-0.07,0.10,-0.02,-2.69,0.54,9.43,0.03,0.04,-0.01,-1.59,0.59,9.71,-0.01,0.02,0.01,-1.58,0.67,9.71,0.01,0.01,-0.02,-0.77,7.04,7.29,0.03,0.01,-0.03,0.13,-0.28,0.96,-2.26,-1.16,-1.71,R
85.965,89,0,0,255,0,-1.37,-3.20,9.37,-0.07,0.05,-0.01,-2.79,0.52,9.42,0.00,0.06,-0.01,-1.62,0.80,9.65,0.03,0.03,-0.01,-1.44,0.78,9.74,0.02,0.00,0.00,-0.85,6.73,7.36,-0.02,0.01,-0.01,0.12,-0.28,0.96,-2.81,-0.06,-0.43,R
86.016,102,0,0,255,0,-1.41,-3.27,9.42,-0.06,0.03,-0.01,-2.61,0.74,9.50,0.07,0.04,-0.01,-1.59,0.73,9.67,-0.02,0.01,-0.01,-1.44,1.22,9.79,0.02,0.01,-0.02,-0.82,6.59,7.38,-0.06,0.01,-0.04,0.13,-0.28,0.96,-2.32,0.85,-0.31,R
86.067,104,0,0,255,0,-1.45,-3.45,9.32,-0.06,0.03,-0.01,-2.64,0.59,9.53,0.03,-0.01,0.00,-1.52,0.72,9.71,0.01,-0.02,0.01,-1.34,0.79,9.71,0.01,-0.02,0.02,-0.79,6.70,7.38,0.09,0.01,0.01,0.09,-0.25,0.97,0.67,2.32,0.67,R
86.118,93,0,0,255,0,-1.41,-3.19,9.35,0.01,0.02,-0.01,-2.62,0.62,9.51,0.02,-0.01,-0.01,-1.57,0.68,9.67,-0.03,-0.04,0.00,-1.40,0.91,9.75,-0.03,0.00,-0.01,-0.81,6.59,7.37,-0.05,0.02,-0.01,0.12,-0.29,0.91,0.31,-0.85,0.92,R
86.169,83,0,0,255,0,-1.57,-4.85,9.58,0.03,-0.07,0.11,-2.29,-0.52,9.40,0.30,0.11,0.08,-1.10,1.95,9.44,0.43,0.03,0.01,-1.54,1.91,9.63,-0.15,0.02,0.01,-1.02,6.88,7.20,-0.02,0.02,-0.04,0.22,-0.30,0.88,-25.94,0.67,0.98,R
86.22,85,0,0,255,0,-1.43,-2.71,9.40,-0.20,0.03,-0.02,-2.60,0.49,9.69,-0.12,0.01,-0.05,-1.65,0.35,9.79,0.00,0.01,-0.03,-1.36,0.85,9.84,0.01,0.01,-0.01,-0.90,6.52,7.48,-0.00,0.03,-0.01,0.07,-0.30,0.99,1.46,-8.91,2.01,R
86.271,82,0,0,255,0,-1.44,-3.13,9.36,-0.03,0.02,-0.01,-2.62,0.64,9.52,-0.01,0.02,-0.01,-1.55,0.74,9.65,-0.04,0.00,-0.01,-1.40,0.73,9.72,-0.04,0.01,-0.01,-0.75,6.63,7.36,-0.09,0.03,-0.02,0.12,-0.27,0.97,-0.79,-2.08,-0.12,R
86.322,41,0,0,255,0,-1.45,-3.40,9.32,0.01,0.02,-0.01,-2.60,0.49,9.47,0.04,0.02,0.01,-1.55,0.43,9.70,0.01,0.01,0.03,-1.31,0.92,9.74,0.11,0.03,0.02,-0.84,6.67,7.36,0.08,0.03,0.01,0.18,-0.30,0.98,20.51,33.26,2.50,R
86.373,11,0,0,255,0,-1.47,-3.28,9.35,-0.05,0.01,-0.02,-2.63,0.84,9.52,-0.05,0.03,-0.04,-1.62,0.76,9.65,-0.09,0.01,-0.03,-1.37,0.72,9.71,-0.09,0.01,-0.03,-0.81,6.50,7.39,-0.12,0.02,-0.01,0.13,-0.27,0.96,-3.23,-11.78,-0.79,R
86.424,102,0,0,255,0,-1.37,-3.17,9.41,0.00,-0.01,-0.01,-2.60,0.59,9.52,-0.03,0.01,-0.00,-1.70,0.58,9.68,-0.03,0.01,-0.01,-1.44,0.91,9.73,-0.01,0.01,-0.01,-0.88,6.45,7.47,-0.02,0.02,-0.01,0.13,-0.29,0.96,0.98,-2.50,0.06,R
86.475,102,0,0,255,0,-1.40,-3.36,9.40,0.00,0.00,0.00,-2.58,0.56,9.53,-0.04,0.02,-0.00,-1.62,0.60,9.72,-0.07,0.01,-0.00,-1.39,0.69,9.76,-0.02,0.02,0.00,-0.87,6.62,7.43,0.02,0.01,-0.02,0.13,-0.28,0.96,-2.93,-3.78,-0.92,R
86.526,96,0,0,255,0,-1.40,-3.37,9.28,-0.04,0.01,-0.01,-2.60,0.53,9.55,0.02,0.01,-0.02,-1.55,0.63,9.72,0.01,-0.01,-0.01,-1.39,0.84,9.77,-0.01,0.01,-0.01,-0.81,6.56,7.39,-0.02,0.01,-0.01,0.13,-0.27,0.96,2.32,-1.22,-0.79,R
86.577,74,0,0,255,0,-1.59,-3.12,9.39,0.01,0.02,-0.03,-2.68,0.68,9.46,-0.02,0.01,-0.01,-1.59,0.46,9.67,-0.04,-0.01,0.00,-1.36,0.71,9.73,0.01,0.01,0.00,-0.86,6.56,7.46,0.03,0.02,-0.00,0.13,-0.28,0.96,3.72,2.87,0.79,R
86.628,85,0,0,255,0,-1.40,-3.33,9.38,-0.01,0.00,-0.01,-2.66,0.60,9.49,0.00,0.01,-0.01,-1.54,0.59,9.70,-0.01,0.00,0.00,-1.41,0.78,9.78,0.00,0.02,0.00,-0.89,6.68,7.41,0.02,0.02,-0.03,0.13,-0.29,0.98,-3.05,-8.85,-0.73,R
86.68,100,0,0,255,0,-1.55,-3.22,9.36,-0.06,0.02,-0.02,-2.60,0.60,9.54,-0.05,0.01,-0.02,-1.58,0.57,9.74,-0.08,-0.01,-0.02,-1.37,0.67,9.79,-0.05,0.01,-0.01,-0.81,6.43,7.50,-0.04,0.02,-0.03,0.12,-0.27,0.97,-0.67,-8.61,-1.16,R
86.73,75,0,0,255,0,-1.58,-3.23,9.41,0.06,0.03,0.01,-2.59,0.66,9.53,0.03,0.02,0.01,-1.60,0.52,9.73,-0.02,0.02,0.02,-1.46,0.91,9.77,0.03,0.01,0.00,-0.94,6.67,7.37,0.02,0.02,-0.02,0.15,-0.31,0.97,2.75,1.71,-1.71,R
86.781,72,0,0,255,0,-1.53,-3.27,9.32,-0.07,-0.00,-0.04,-2.63,0.54,9.52,-0.07,0.01,-0.02,-1.58,0.53,9.71,-0.03,-0.00,-0.01,-1.34,0.68,9.79,0.01,0.01,-0.00,-0.86,6.65,7.48,0.05,0.02,-0.01,0.08,-0.27,0.96,0.37,-18.74,2.14,R
86.832,64,0,0,255,0,-1.46,-3.24,9.27,0.02,0.03,-0.01,-2.71,0.73,9.60,0.07,0.03,-0.00,-1.70,0.44,9.72,0.02,0.01,0.02,-1.37,1.07,9.71,0.04,0.01,-0.00,-0.81,6.52,7.46,0.03,0.02,-0.01,0.10,-0.27,0.96,2.81,6.04,-1.46,R
86.883,77,0,0,255,0,-1.44,-3.29,9.35,-0.01,0.01,0.00,-2.62,0.58,9.52,-0.03,0.02,-0.01,-1.56,0.53,9.69,-0.04,0.00,0.01,-1.44,0.61,9.74,0.00,0.02,-0.00,-0.88,6.58,7.44,0.02,0.03,-0.01,0.11,-0.28,0.97,-2.56,-1.10,-1.10,R
86.934,60,0,0,255,0,-1.50,-3.34,9.32,0.02,0.01,-0.02,-2.67,0.78,9.57,0.02,0.02,-0.01,-1.67,0.75,9.67,-0.05,0.01,-0.01,-1.34,0.55,9.70,-0.00,0.02,0.01,-0.80,6.46,7.45,0.08,0.02,0.00,0.08,-0.29,0.98,0.61,7.20,-1.04,R
86.985,102,0,0,255,0,-1.44,-3.16,9.29,0.04,-0.00,-0.00,-2.60,0.58,9.49,-0.01,0.03,0.01,-1.56,0.60,9.66,-0.03,0.01,0.00,-1.42,0.86,9.76,0.01,0.02,-0.00,-0.90,6.53,7.47,-0.01,0.02,-0.01,0.12,-0.28,0.96,-1.16,0.00,-0.18,R
87.036,72,0,0,255,0,-1.43,-3.19,9.37,0.03,0.01,0.00,-2.60,0.71,9.50,-0.01,0.03,0.01,-1.60,0.61,9.63,-0.03,0.01,0.01,-1.44,0.83,9.75,0.01,0.01,0.00,-0.87,6.67,7.40,-0.01,0.02,-0.01,0.13,-0.29,0.98,-15.14,0.73,2.75,R
87.087,105,0,0,255,0,-1.36,-3.44,9.31,0.00,0.02,-0.00,-2.57,0.74,9.51,0.06,0.03,0.01,-1.61,0.68,9.65,0.00,0.01,0.01,-1.42,0.83,9.77,0.03,0.02,0.01,-0.89,6.32,7.47,0.08,0.02,0.00,0.10,-0.11,0.81,-8.12,12.63,0.06,R
87.138,101,0,0,255,0,-1.43,-3.51,9.29,-0.06,-0.02,-0.01,-2.23,0.68,9.61,-0.10,0.08,-0.02,-1.77,0.69,9.74,-0.04,0.01,-0.01,-1.40,0.75,9.75,0.05,0.01,0.01,-0.78,6.58,7.37,-0.01,0.02,0.00,0.11,-0.23,0.94,-13.43,1.65,1.89,R
87.189,70,0,0,255,0,-1.52,-3.28,9.42,-0.01,0.00,-0.01,-2.65,0.74,9.57,-0.02,0.05,-0.01,-1.58,0.66,9.73,-0.03,0.01,0.00,-1.37,1.03,9.78,0.01,0.02,-0.01,-0.87,6.63,7.40,-0.01,0.01,-0.02,0.13,-0.29,0.99,-13.06,0.73,1.04,R
87.24,74,0,0,255,0,-1.43,-3.35,9.33,0.01,0.02,-0.00,-2.67,0.68,9.50,0.04,0.01,-0.00,-1.55,0.82,9.72,0.01,0.01,-0.00,-1.49,0.75,9.65,-0.03,0.02,-0.01,-0.92,6.67,7.43,-0.03,0.02,-0.02,0.13,-0.37,1.05,-9.89,-1.65,-5.31,R
87.291,72,0,0,255,0,-1.41,-3.31,9.39,-0.06,0.01,-0.03,-2.59,0.61,9.52,0.05,0.05,-0.01,-1.49,1.01,9.69,0.06,0.04,-0.01,-1.33,1.14,9.75,-0.02,0.04,-0.02,-0.79,6.56,7.34,-0.01,0.02,-0.04,0.13,-0.19,0.93,8.00,-3.11,-4.03,R
87.342,40,0,0,255,0,-1.50,-3.34,9.45,0.01,0.01,-0.02,-2.60,0.56,9.50,0.03,0.03,0.00,-1.48,0.64,9.66,0.02,0.02,0.00,-1.37,1.02,9.62,0.02,0.01,-0.01,-0.78,6.64,7.39,0.03,0.02,-0.02,0.13,-0.24,0.97,-4.15,1.89,-0.98,R
87.393,101,0,0,255,0,-1.36,-3.37,9.32,0.04,0.02,-0.00,-2.63,0.83,9.52,-0.00,0.01,0.01,-1.62,0.99,9.65,-0.01,-0.02,-0.01,-1.47,0.80,9.69,-0.04,0.00,-0.00,-0.87,6.63,7.39,-0.01,0.02,-0.02,0.13,-0.28,1.00,13.85,-0.24,-0.31,R
87.444,82,0,0,255,0,-1.30,-3.41,9.32,0.01,0.01,0.01,-2.56,0.63,9.50,0.01,-0.00,0.01,-1.57,0.69,9.71,-0.00,-0.02,0.01,-1.43,0.79,9.70,0.01,-0.00,0.02,-0.88,6.70,7.37,0.04,0.02,0.01,0.12,-0.27,0.98,12.88,3.30,1.59,R
87.495,104,0,0,255,0,-1.44,-3.22,9.39,0.05,0.01,-0.00,-2.63,0.79,9.53,0.00,-0.01,0.01,-1.63,0.69,9.69,-0.04,-0.03,0.00,-1.45,0.80,9.74,-0.02,-0.01,0.01,-0.91,6.55,7.36,-0.02,0.02,0.01,0.12,-0.27,0.96,8.61,1.28,2.14,R
87.546,102,0,0,255,0,-1.48,-3.17,9.36,0.12,0.02,0.01,-2.60,0.75,9.52,0.03,-0.09,0.01,-1.56,0.70,9.62,-0.09,-0.10,-0.00,-1.44,0.88,9.77,-0.07,-0.02,0.00,-0.81,6.58,7.42,-0.06,0.02,0.01,0.12,-0.26,0.98,13.92,-0.18,4.03,R
87.597,103,0,0,255,0,-1.47,-3.26,9.41,0.27,-0.05,0.10,-2.51,0.84,9.58,0.04,-0.20,0.02,-1.51,0.74,9.70,-0.14,-0.16,0.03,-1.36,0.88,9.76,-0.14,-0.04,0.02,-0.74,6.78,7.41,0.03,0.03,-0.02,0.13,-0.27,0.96,30.40,-2.93,5.19,R
87.649,78,0,0,255,0,-1.13,-3.00,9.43,0.15,-0.06,0.08,-2.36,0.91,9.58,-0.08,-0.28,-0.03,-1.34,0.58,9.66,-0.20,-0.11,-0.08,-1.31,0.77,9.79,-0.34,-0.05,-0.09,-0.92,6.68,7.38,-0.45,-0.01,-0.13,0.18,-0.33,0.97,35.40,-13.73,6.16,R
87.699,84,0,0,255,0,-1.55,-3.21,9.41,0.09,0.05,0.02,-2.19,0.49,9.62,-0.19,-0.22,-0.11,-1.22,0.61,9.83,-0.08,-0.13,-0.10,-1.22,0.48,9.76,-0.17,-0.06,-0.09,-0.71,6.29,7.65,-0.21,-0.04,-0.09,0.08,-0.34,0.99,41.50,-9.70,6.35,R
87.75,66,0,0,255,0,-1.50,-2.75,9.43,0.23,0.05,0.17,-2.16,0.84,9.56,-0.16,-0.12,-0.09,-1.27,0.54,9.75,-0.23,-0.02,-0.10,-1.28,0.38,9.77,-0.29,0.01,-0.13,-0.63,6.18,7.67,-0.50,-0.03,-0.18,0.13,-0.39,0.95,44.13,-19.84,4.58,R
87.801,82,0,0,255,0,-1.64,-2.86,9.56,0.53,-0.13,0.20,-2.00,0.51,9.74,-0.22,-0.07,-0.09,-1.24,0.40,9.83,-0.30,0.03,-0.04,-1.33,0.46,9.75,-0.29,0.11,-0.07,-1.03,6.33,7.80,-0.38,0.11,-0.25,0.13,-0.42,0.93,50.84,-22.64,5.92,R
87.852,40,0,0,255,0,-1.18,-2.25,9.62,0.32,-0.27,0.17,-1.62,0.43,10.04,-0.49,-0.16,-0.23,-1.30,0.19,9.73,-0.42,0.13,-0.14,-1.41,0.00,9.86,-0.53,0.26,-0.13,-1.07,5.80,7.98,-0.66,0.23,-0.42,0.04,-0.46,0.86,44.62,-34.48,4.15,R
87.903,42,0,0,255,0,-1.07,-2.52,9.57,0.13,-0.44,0.13,-1.89,-0.11,9.71,-0.33,-0.01,-0.17,-1.43,-0.23,9.72,-0.25,0.05,-0.11,-1.35,-0.42,9.71,-0.26,0.09,-0.09,-1.24,5.45,8.23,-0.22,0.01,-0.15,-0.01,-0.46,0.86,31.56,-9.83,6.35,R
87.954,13,0,0,255,0,-3.09,-2.23,8.97,0.48,-0.25,-0.13,-1.91,0.25,9.71,-0.12,-0.03,-0.05,-1.23,0.70,9.72,-0.27,0.09,-0.04,-1.32,-0.33,9.73,-0.22,0.14,-0.05,-1.47,5.66,8.17,-0.15,0.17,-0.18,0.08,-0.52,0.87,31.01,-6.96,5.07,R
88.006,76,0,0,255,0,-1.05,-1.64,9.77,0.06,-0.04,-0.10,-2.47,-0.29,9.70,-0.11,-0.06,-0.05,-1.61,0.37,9.10,-0.25,0.05,-0.02,-1.48,0.04,9.77,-0.10,0.04,-0.02,-1.33,5.41,8.32,0.02,-0.04,0.00,-0.02,-0.49,0.84,19.71,0.85,4.46,R
88.056,105,0,0,255,0,-0.76,-2.51,9.73,0.04,0.02,-0.08,-1.86,-0.20,9.67,-0.03,0.01,-0.02,-1.37,-0.23,9.79,0.02,0.00,-0.03,-1.51,-0.23,9.78,0.06,0.00,-0.05,-1.08,5.56,8.24,-0.10,-0.07,0.01,0.06,-0.53,0.85,10.19,4.33,2.81,R
88.107,108,0,0,255,0,-1.05,-1.90,9.74,0.05,0.04,-0.19,-1.87,-0.10,9.77,0.04,0.03,-0.01,-1.35,-0.06,9.74,0.04,0.00,-0.01,-1.46,-0.32,9.78,0.03,0.01,-0.01,-1.25,5.61,8.14,0.05,-0.00,0.00,0.03,-0.52,0.86,10.74,3.66,1.40,R
88.158,106,0,0,255,0,-0.96,-2.28,9.63,0.07,0.11,0.00,-1.96,-0.05,9.83,0.03,0.03,-0.02,-1.44,-0.13,9.76,0.00,0.03,-0.03,-1.36,-0.23,9.79,-0.03,0.03,-0.04,-1.20,5.43,8.28,-0.03,0.04,-0.05,0.06,-0.55,0.86,12.39,0.31,1.22,R
88.209,104,0,0,255,0,-1.18,-2.49,9.91,0.05,0.12,0.01,-2.32,-0.17,9.40,-0.04,0.03,0.02,-1.41,-0.18,9.73,-0.05,0.00,0.02,-1.61,-0.28,9.78,-0.01,0.03,0.01,-1.38,5.56,8.21,0.03,0.03,-0.01,0.05,-0.55,0.83,9.83,-0.12,1.04,R
88.26,106,0,0,255,0,-1.06,-2.46,9.68,0.06,0.13,0.00,-1.92,-0.19,9.64,-0.01,0.03,0.01,-1.57,-0.17,9.71,-0.04,0.03,0.00,-1.64,-0.20,9.84,0.04,0.04,-0.02,-1.30,5.60,8.23,-0.00,0.03,-0.03,0.05,-0.57,0.83,7.02,2.44,-0.24,R
88.312,107,0,0,255,0,-1.18,-2.36,9.82,-0.04,0.08,0.02,-1.93,-0.08,9.68,0.01,0.04,0.01,-1.51,-0.12,9.73,-0.03,0.02,0.01,-1.63,-0.16,9.76,-0.01,0.02,-0.01,-1.40,5.47,8.28,-0.01,0.03,-0.03,0.06,-0.57,0.82,3.48,0.18,-0.79,R
88.362,104,0,0,255,0,-1.20,-2.13,9.72,-0.06,-0.00,-0.01,-1.94,-0.25,9.75,-0.02,0.03,-0.01,-1.51,-0.19,9.71,-0.00,0.02,-0.01,-1.64,-0.20,9.82,0.04,0.01,-0.01,-1.17,5.44,8.26,0.03,-0.03,0.03,0.04,-0.55,0.83,-2.08,0.31,-1.16,R
88.413,104,0,0,255,0,-1.11,-2.15,9.73,-0.15,0.09,0.02,-1.98,-0.10,9.70,0.01,0.05,-0.00,-1.49,-0.14,9.73,-0.00,0.03,-0.01,-1.52,-0.23,9.71,-0.01,0.04,-0.02,-1.21,5.47,8.27,-0.00,0.07,-0.08,0.06,-0.57,0.86,0.79,-0.06,-2.20,R
88.464,108,0,0,255,0,-1.30,-2.12,9.83,-0.06,0.10,-0.01,-2.00,-0.02,9.68,-0.05,0.04,-0.02,-1.50,-0.10,9.75,-0.09,0.03,-0.02,-1.58,-0.26,9.79,-0.07,0.05,-0.02,-1.20,5.40,8.25,-0.04,0.06,-0.05,0.04,-0.55,0.84,1.89,-3.91,-1.53,R
88.515,108,0,0,255,0,-1.22,-2.15,9.71,-0.06,-0.01,0.05,-1.98,-0.17,9.70,-0.05,0.03,0.01,-1.63,-0.23,9.70,-0.09,0.02,0.01,-1.76,-0.39,9.69,-0.05,0.03,0.00,-1.49,5.37,8.27,-0.06,0.02,-0.02,0.06,-0.57,0.81,0.85,-3.42,-0.92,R
88.566,109,0,0,255,0,-1.34,-2.31,9.64,-0.02,0.06,-0.04,-1.96,-0.21,9.74,0.00,0.03,-0.00,-1.58,-0.07,9.72,-0.01,0.02,0.01,-1.71,-0.32,9.70,0.02,0.01,0.01,-1.50,5.56,8.25,0.07,0.01,0.01,0.02,-0.56,0.81,-2.56,0.67,-0.79,R
88.617,108,0,0,255,0,-1.06,-2.27,9.64,-0.15,-0.05,-0.03,-1.96,-0.30,9.71,-0.06,0.01,-0.01,-1.48,-0.14,9.72,0.00,-0.00,-0.00,-1.59,-0.43,9.76,0.02,-0.01,0.01,-1.24,5.47,8.26,0.07,-0.02,0.04,0.02,-0.55,0.86,-6.16,-0.73,0.49,R
88.668,108,0,0,255,0,-1.24,-2.34,9.64,-0.09,-0.07,0.03,-1.95,-0.13,9.70,-0.05,0.01,0.01,-1.61,-0.24,9.72,-0.04,0.01,-0.00,-1.65,-0.38,9.75,-0.00,0.01,-0.01,-1.37,5.42,8.25,-0.00,-0.00,0.00,0.05,-0.55,0.83,-4.94,-0.31,0.18,R
88.72,99,0,0,255,0,-1.21,-2.28,9.68,-0.07,0.04,-0.04,-1.93,-0.13,9.68,-0.03,0.02,-0.01,-1.53,-0.04,9.76,-0.02,0.00,-0.01,-1.53,-0.30,9.81,-0.02,0.00,-0.02,-1.26,5.50,8.23,-0.01,0.01,-0.01,0.04,-0.54,0.85,-5.00,-1.22,0.37,R
88.77,101,0,0,255,0,-1.22,-2.49,9.64,-0.09,-0.05,0.01,-2.01,-0.28,9.72,-0.02,0.02,0.01,-1.70,-0.26,9.77,0.01,0.02,0.00,-1.81,-0.29,9.76,0.06,-0.01,-0.00,-1.39,5.52,8.21,0.04,-0.07,0.04,0.04,-0.55,0.78,-12.39,4.70,0.00,R
88.821,104,0,0,255,0,-1.36,-2.27,9.68,-0.35,-0.04,-0.13,-1.92,-0.13,9.73,-0.12,0.04,0.01,-1.70,-0.14,9.72,-0.03,0.06,0.03,-1.78,-0.49,9.68,0.04,-0.06,0.03,-1.54,5.49,8.23,0.18,-0.18,0.20,0.03,-0.52,0.79,-33.57,5.80,3.78,R
88.872,101,0,0,255,0,-1.43,-2.79,9.63,-0.21,-0.02,-0.15,-2.11,-0.45,9.76,0.02,0.04,0.11,-1.66,-0.20,9.81,0.19,-0.03,0.08,-1.53,-0.20,9.79,0.32,-0.12,0.08,-0.96,5.71,8.12,0.44,-0.14,0.27,0.08,-0.54,0.86,-35.28,20.81,2.08,R
88.924,67,0,0,255,0,-0.95,-2.98,9.52,-0.31,-0.02,-0.18,-1.76,-0.16,9.75,0.17,0.11,0.09,-1.59,0.00,9.68,0.25,0.01,0.07,-1.74,-0.01,9.72,0.35,-0.04,0.07,-1.24,6.08,7.79,0.53,0.00,0.14,0.09,-0.50,0.85,-43.40,23.07,0.61,R
88.974,25,0,0,255,0,-1.23,-3.44,9.49,-0.12,0.30,-0.32,-2.06,-0.39,9.67,0.39,0.13,0.07,-1.28,0.64,9.84,0.22,0.00,0.11,-1.35,0.47,9.83,0.32,0.02,0.12,-1.34,6.14,7.97,0.51,0.18,0.12,0.03,-0.42,1.02,-35.16,16.72,-3.66,R
89.025,41,0,0,255,0,-0.99,-2.61,9.38,-0.29,0.01,-0.22,-2.04,0.30,9.70,0.17,0.08,0.01,-1.40,0.45,9.68,0.24,0.01,-0.04,-1.15,0.67,9.82,0.07,-0.06,-0.04,-0.53,5.99,7.81,0.06,0.03,-0.06,0.21,-0.38,0.91,-50.90,8.97,-1.34,R
89.076,24,0,0,255,0,-1.59,-2.75,9.53,-0.04,0.11,-0.30,-2.05,0.20,9.64,0.28,0.10,0.02,-1.10,0.57,9.69,0.21,-0.04,0.05,-1.10,0.65,9.84,0.19,-0.02,0.07,-0.90,6.30,7.71,0.40,0.08,0.03,0.12,-0.34,1.03,-35.10,21.42,-2.14,R
89.127,42,0,0,255,0,-0.98,-2.81,9.48,0.11,0.13,0.13,-2.05,0.65,9.53,0.03,0.04,-0.03,-1.48,0.73,9.73,-0.10,-0.01,-0.04,-1.47,0.48,9.75,-0.13,0.01,-0.03,-0.91,6.33,7.67,-0.15,-0.00,-0.06,0.16,-0.34,0.91,-12.08,-2.32,0.61,R
89.179,78,0,0,255,0,-1.47,-3.71,9.36,-0.09,0.04,0.15,-2.27,0.08,9.71,0.01,0.04,-0.07,-1.46,0.44,9.74,-0.04,0.01,-0.02,-1.33,0.36,9.77,0.02,0.03,-0.00,-0.95,6.28,7.69,0.16,0.00,0.01,0.09,-0.33,0.96,-7.63,1.10,0.43,R
89.229,83,0,0,255,0,-1.19,-2.90,9.48,0.13,0.19,0.40,-2.14,0.11,9.64,0.08,0.06,-0.04,-1.52,0.60,9.82,-0.05,-0.04,-0.01,-1.42,0.53,9.86,-0.04,0.01,0.01,-1.05,6.33,7.64,0.07,0.04,0.00,0.12,-0.35,0.95,0.98,2.81,1.95,R
89.28,87,0,0,255,0,-1.27,-2.68,9.31,0.19,0.01,-0.12,-2.15,0.41,9.67,0.00,-0.00,-0.02,-1.37,0.49,9.73,-0.09,-0.01,-0.01,-1.37,0.24,9.78,-0.04,-0.00,-0.01,-0.86,6.44,7.60,-0.01,0.02,-0.03,0.12,-0.34,0.95,-3.11,-0.24,-1.77,R
89.331,76,0,0,255,0,-1.58,-2.75,9.40,-0.06,0.01,-0.02,-2.27,0.45,9.55,0.00,0.09,0.00,-1.48,0.41,9.69,-0.03,0.01,0.01,-1.36,0.39,9.75,0.04,0.02,0.01,-0.95,6.41,7.59,0.09,0.03,0.00,0.12,-0.32,0.97,-6.47,3.36,-0.43,R
89.382,78,0,0,255,0,-1.26,-2.89,9.42,0.01,0.01,-0.00,-2.09,0.36,9.55,-0.04,0.10,0.02,-1.55,0.49,9.63,-0.01,0.07,0.01,-1.54,0.39,9.69,0.06,0.05,-0.01,-1.00,6.45,7.54,-0.04,0.02,-0.02,0.15,-0.34,0.90,-6.90,1.71,-1.28,R
89.433,106,0,0,255,0,-1.38,-3.46,9.50,-0.23,-0.11,-0.04,-2.37,0.36,9.65,-0.08,0.14,-0.03,-1.56,0.58,9.74,-0.07,0.09,-0.01,-1.38,0.35,9.72,0.00,0.06,-0.03,-1.04,6.15,7.69,-0.10,-0.00,-0.02,0.11,-0.32,0.96,-11.84,-2.38,-2.56,R
89.484,104,0,0,255,0,-1.35,-3.21,9.46,0.04,-0.04,-0.03,-2.22,0.45,9.69,-0.00,0.08,0.03,-1.55,0.59,9.67,0.05,0.05,0.01,-1.41,0.70,9.84,0.07,0.04,0.01,-0.95,6.45,7.50,0.06,0.03,-0.00,0.14,-0.32,0.94,-8.36,3.05,-2.01,R
89.535,104,0,0,255,0,-1.32,-2.93,9.38,-0.05,-0.02,-0.05,-2.36,0.42,9.57,-0.01,0.05,-0.02,-1.51,0.54,9.69,-0.07,0.01,-0.01,-1.38,0.57,9.81,-0.01,0.01,-0.01,-0.96,6.50,7.54,-0.06,0.02,-0.03,0.13,-0.30,0.96,-0.98,-1.46,-1.04,R
89.586,94,0,0,255,0,-1.24,-3.25,9.47,-0.05,-0.04,-0.02,-2.38,0.17,9.62,-0.10,0.00,-0.01,-1.54,0.47,9.70,-0.06,-0.01,-0.01,-1.39,0.38,9.78,-0.00,0.01,-0.01,-0.91,6.44,7.62,-0.01,0.01,-0.01,0.10,-0.31,0.94,0.98,-2.26,-0.98,R
89.637,99,0,0,255,0,-1.18,-2.96,9.29,0.04,-0.01,-0.00,-2.25,0.39,9.56,-0.06,-0.01,0.01,-1.52,0.41,9.66,-0.12,-0.02,0.01,-1.47,0.48,9.72,-0.02,0.01,-0.00,-1.00,6.34,7.65,-0.04,0.01,-0.01,0.14,-0.31,0.94,1.77,-2.56,-0.18,R
89.69,99,0,0,255,0,-1.24,-3.15,9.46,0.08,-0.01,-0.01,-2.50,-0.00,9.71,0.04,0.04,0.05,-1.58,0.52,9.65,0.03,0.03,0.03,-1.49,0.48,9.83,0.06,0.02,0.03,-1.00,6.43,7.56,0.08,0.02,-0.00,0.13,-0.32,0.95,-0.37,3.54,-1.71,R
89.739,98,0,0,255,0,-1.27,-2.86,9.53,-0.01,-0.01,-0.01,-2.34,0.23,9.60,-0.00,0.01,-0.01,-1.53,0.47,9.62,-0.02,-0.01,0.00,-1.46,0.57,9.78,0.04,0.01,0.01,-0.96,6.42,7.60,0.07,0.02,0.00,0.10,-0.32,0.96,1.95,0.12,-0.55,R
89.79,92,0,0,255,0,-1.22,-2.83,9.51,0.02,-0.02,-0.03,-2.35,0.23,9.60,-0.01,0.04,-0.00,-1.60,0.53,9.68,-0.02,0.01,-0.01,-1.39,0.59,9.80,-0.01,0.01,-0.01,-0.91,6.35,7.60,-0.02,0.02,-0.02,0.13,-0.32,0.95,0.24,-0.43,-0.12,R
89.842,83,0,0,255,0,-1.17,-3.17,9.48,-0.00,-0.01,-0.00,-2.29,0.28,9.65,-0.03,0.01,-0.00,-1.52,0.57,9.73,-0.06,0.01,0.01,-1.47,0.64,9.80,-0.02,0.03,-0.01,-1.00,6.29,7.57,-0.03,0.02,-0.02,0.13,-0.32,0.95,2.08,-1.10,-0.12,R
89.892,80,0,0,255,0,-1.07,-3.00,9.42,-0.01,0.01,0.00,-2.35,0.18,9.61,-0.01,0.03,0.00,-1.62,0.54,9.71,-0.03,0.01,-0.00,-1.45,0.57,9.76,-0.01,0.02,0.01,-0.98,6.36,7.55,0.04,0.02,-0.01,0.12,-0.32,0.95,0.49,0.00,-0.18,R
89.944,74,0,0,255,0,-1.08,-3.01,9.46,0.01,0.02,0.00,-2.31,0.30,9.64,-0.02,0.03,0.00,-1.62,0.52,9.67,-0.04,0.03,-0.00,-1.45,0.67,9.78,-0.02,0.02,-0.01,-0.97,6.45,7.47,-0.07,0.03,-0.04,0.14,-0.32,0.95,1.04,-0.18,0.31,R
89.996,104,0,0,255,0,-1.13,-3.09,9.40,-0.12,-0.05,-0.02,-2.39,0.16,9.60,-0.18,0.02,-0.01,-1.69,0.30,9.87,-0.08,-0.00,-0.02,-1.44,0.57,9.92,-0.01,0.02,-0.05,-1.08,6.12,7.78,-0.09,0.02,-0.04,0.11,-0.32,0.95,2.62,-4.64,0.61,R
90.046,106,0,0,255,0,-1.16,-3.25,9.73,-0.06,-0.06,-0.03,-2.36,0.12,9.58,-0.13,0.07,-0.01,-1.73,0.49,9.74,-0.02,0.05,-0.03,-1.43,0.76,9.90,-0.03,0.02,-0.05,-1.00,6.53,7.68,-0.12,-0.01,-0.10,0.14,-0.32,0.96,-1.16,-1.53,0.85,R
90.097,104,0,0,255,0,-1.16,-3.30,9.45,-0.21,-0.08,-0.03,-2.42,-0.12,9.67,-0.31,-0.03,-0.03,-1.85,0.25,9.63,-0.16,-0.05,-0.03,-1.65,0.27,9.72,-0.06,0.02,-0.05,-1.00,6.13,7.78,-0.09,-0.05,-0.06,0.08,-0.32,0.95,0.55,-9.58,1.16,R
90.148,107,0,0,255,0,-0.89,-3.24,9.24,-0.14,-0.04,-0.04,-2.18,0.10,9.61,-0.07,0.08,0.01,-1.56,0.48,9.74,-0.08,0.10,-0.00,-1.54,0.41,9.69,0.04,0.12,-0.05,-1.01,6.30,7.69,-0.04,-0.01,-0.07,0.13,-0.31,0.94,-5.55,-1.34,-0.79,R
90.198,104,0,0,255,0,-1.09,-3.37,9.66,-0.09,0.02,-0.04,-2.33,-0.18,9.72,-0.10,0.03,-0.02,-1.69,0.44,9.70,-0.07,0.05,-0.01,-1.59,0.46,9.75,-0.01,0.07,-0.03,-1.01,6.30,7.71,-0.03,-0.02,-0.05,0.09,-0.31,0.95,-2.75,-2.38,-0.67,R
90.249,102,0,0,255,0,-0.98,-3.47,9.45,-0.04,-0.01,-0.03,-2.25,-0.28,9.50,-0.06,0.03,0.01,-1.63,0.31,9.85,-0.02,0.05,-0.02,-1.50,0.57,9.78,-0.03,0.06,-0.01,-0.95,6.22,7.75,-0.07,0.01,-0.04,0.11,-0.30,0.96,-1.28,-1.40,-0.12,R
90.3,80,0,0,255,0,-0.88,-3.49,9.43,-0.10,0.00,0.01,-2.27,-0.21,9.59,-0.06,0.07,0.00,-1.83,0.30,9.76,-0.06,0.06,-0.01,-1.62,0.48,9.77,-0.04,0.06,-0.01,-0.95,6.11,7.78,-0.03,-0.01,-0.06,0.11,-0.31,0.95,-2.81,-1.34,-0.37,R
90.352,75,0,0,255,0,-0.89,-3.47,9.35,-0.05,0.01,-0.00,-2.35,-0.23,9.74,-0.03,0.04,0.00,-1.76,0.32,9.69,-0.02,0.03,-0.01,-1.59,0.42,9.74,0.03,0.04,-0.01,-1.08,6.17,7.87,-0.01,0.02,-0.02,0.10,-0.31,0.95,-0.92,-0.37,-1.28,R
90.402,75,0,0,255,0,-0.99,-3.59,9.46,-0.08,-0.02,-0.04,-2.34,-0.33,9.62,0.02,0.08,-0.00,-1.73,0.27,9.69,0.02,0.07,-0.00,-1.58,0.57,9.73,0.08,0.08,-0.01,-0.89,6.39,7.69,0.02,0.02,-0.03,0.10,-0.30,0.96,-3.66,1.22,-1.46,R
90.453,103,0,0,255,0,-0.89,-3.50,9.34,-0.07,0.04,0.01,-2.37,-0.24,9.55,0.02,0.02,-0.00,-1.76,0.21,9.74,0.00,0.00,0.00,-1.68,0.45,9.76,0.05,0.01,0.01,-1.06,6.13,7.89,0.06,0.03,0.01,0.08,-0.31,0.96,1.10,0.00,-2.08,R
90.504,106,0,0,255,0,-0.90,-4.41,9.23,0.06,-0.00,-0.14,-2.37,-0.24,9.63,0.02,0.06,-0.02,-1.72,0.52,9.70,0.03,0.03,-0.01,-1.66,0.58,9.69,0.01,0.05,0.01,-1.04,6.01,7.75,-0.00,0.05,-0.03,0.12,-0.31,0.96,-3.05,1.40,-2.50,R
90.556,106,0,0,255,0,-0.72,-3.67,9.19,-0.10,0.00,-0.09,-2.32,-0.26,9.45,0.02,0.08,-0.05,-1.78,0.18,9.72,0.06,0.04,-0.00,-1.73,0.57,9.71,0.11,0.06,0.00,-1.05,6.24,7.74,0.09,0.02,-0.01,0.10,-0.30,0.96,-0.43,1.40,-4.21,R
90.606,106,0,0,255,0,-0.79,-3.76,9.23,-0.13,0.03,-0.08,-2.37,-0.38,9.66,0.01,0.05,-0.01,-1.83,0.18,9.69,0.04,-0.01,0.01,-1.61,0.52,9.71,0.13,0.04,-0.03,-1.07,6.13,7.79,0.13,0.03,-0.00,0.10,-0.31,0.95,0.55,1.53,-6.04,R
90.657,105,0,0,255,0,-1.17,-2.90,9.56,0.16,0.09,-0.13,-2.40,-0.44,9.72,0.21,0.07,-0.16,-1.68,0.40,9.64,0.16,0.00,-0.02,-1.67,0.52,9.74,0.26,0.04,0.03,-0.94,6.10,7.69,0.35,0.08,0.09,0.08,-0.29,0.96,0.37,8.85,-7.32,R
90.708,105,0,0,255,0,-0.65,-4.04,9.29,0.29,-0.01,-0.19,-2.29,-0.18,9.62,0.15,0.03,-0.24,-1.67,0.08,9.70,0.18,-0.04,-0.03,-1.78,0.60,9.56,0.52,0.03,0.06,-1.16,6.22,7.55,0.54,0.10,0.16,0.13,-0.30,0.95,0.37,16.97,-11.96,R
90.759,104,0,0,255,0,-1.06,-2.23,9.48,0.12,0.11,-0.31,-2.38,0.84,9.62,0.45,0.03,-0.29,-2.30,0.90,9.87,-0.02,-0.09,-0.42,-0.73,2.56,9.71,0.60,-0.03,-0.08,-1.06,6.85,7.47,0.44,0.09,0.09,0.12,-0.31,0.98,-1.71,17.82,-12.82,R
90.81,108,0,0,255,0,-0.56,-3.46,9.24,0.25,0.02,-0.19,-2.30,0.19,9.64,0.29,0.08,-0.25,-1.75,0.64,9.67,0.17,0.19,0.03,-2.39,0.63,9.73,0.32,0.12,-0.19,-1.44,6.67,7.41,0.51,0.02,-0.12,0.18,-0.33,0.94,-3.23,22.34,-14.95,R
90.862,95,0,0,255,0,-0.51,-3.01,9.56,0.02,-0.03,-0.95,-2.43,-1.36,9.45,0.39,-0.32,-0.70,-2.20,0.57,9.70,0.43,0.09,-1.01,-2.16,0.15,9.73,0.64,0.21,-0.69,-1.67,5.93,7.85,1.14,-0.32,-0.39,0.12,-0.30,1.00,-24.48,26.31,-28.87,R
90.912,99,0,0,255,0,1.51,-4.54,7.88,-0.73,1.04,-1.09,-1.81,-3.44,7.45,0.35,0.71,-1.46,-0.97,-2.30,11.66,0.49,0.24,-1.88,-3.76,-8.54,9.73,-0.84,-0.26,-2.29,-4.49,3.83,11.01,0.39,-1.59,-1.40,0.32,-0.35,0.82,-25.82,54.38,-76.60,R
90.963,61,0,0,255,0,0.39,-3.39,6.04,-0.28,0.45,-3.42,-2.53,-6.51,6.11,0.08,-1.06,-3.01,-3.39,-6.28,9.79,0.06,-1.05,-3.84,-5.47,-4.66,11.33,-0.73,-0.98,-4.31,-5.41,5.53,4.22,-2.21,-5.03,-4.34,0.17,-0.26,1.07,-49.26,15.62,-155.88,R
91.015,103,0,0,255,0,-2.87,-7.80,10.22,1.25,1.73,-3.33,-8.02,-2.62,14.44,1.54,-0.06,-4.94,-5.16,-1.26,3.67,1.12,-1.42,-4.82,-4.99,2.10,5.76,1.33,-0.94,-4.94,-1.81,5.47,0.08,2.37,-3.89,-3.44,0.16,-0.34,0.89,-9.83,133.12,-197.63,R
91.066,101,0,0,255,0,-2.08,1.45,11.12,1.78,-1.30,-4.90,-3.12,8.00,4.16,1.13,-0.18,-4.10,2.03,11.87,12.09,-0.23,0.17,-3.94,-2.02,-10.74,8.01,-2.18,-0.29,-1.58,0.24,10.74,1.44,0.61,-2.74,-2.89,0.58,-0.24,0.94,-54.93,53.28,-121.46,R
91.117,106,0,0,255,0,1.09,-15.01,60.12,0.20,3.64,-0.06,-6.03,12.50,21.20,3.05,-0.78,-1.24,0.26,0.39,7.19,-4.98,-0.69,0.08,-0.89,-2.12,9.55,-1.18,-0.24,-1.77,-0.49,7.87,2.39,-0.14,-2.03,-2.33,0.03,-0.24,0.92,5.37,9.58,-83.80,R
91.167,101,0,0,255,0,-1.69,-0.53,9.51,1.65,-0.80,-2.69,-1.97,5.70,8.64,1.32,-0.60,-1.96,-0.11,7.58,9.46,-1.57,-0.72,-0.57,0.33,0.93,10.20,-1.60,-0.39,-1.11,0.83,7.52,6.56,-0.83,-0.72,-0.71,0.27,-0.10,1.01,-13.00,4.33,-58.41,R
91.219,100,0,0,255,0,1.47,-4.81,5.19,-0.33,0.97,-0.50,-1.53,-1.63,9.92,0.37,-0.03,-0.86,-1.91,6.07,10.09,1.35,-0.26,-1.57,-1.35,-0.08,10.09,0.97,-0.19,-0.94,-0.78,5.68,7.69,0.99,-1.44,-1.26,0.16,-0.23,0.97,-5.37,51.51,-56.58,R
91.269,92,0,0,255,0,-0.34,0.20,9.62,0.75,-0.08,-1.62,-2.01,6.79,9.87,0.79,-0.21,-1.37,-0.86,7.13,9.39,0.14,-0.13,-0.96,-0.84,1.77,9.95,-0.44,-0.18,-1.16,0.45,8.97,5.24,-1.05,-0.70,-0.77,0.41,-0.26,0.89,-19.29,2.93,-39.25,R
91.32,82,0,0,255,0,0.32,-3.35,8.89,-0.61,0.29,-0.44,-2.12,0.33,9.66,-0.19,0.06,-0.87,-1.05,-0.93,9.74,0.16,0.09,-0.73,-1.09,0.53,9.67,0.27,-0.04,-0.82,-0.25,6.80,7.38,0.09,-0.64,-0.59,0.10,-0.28,0.96,-16.91,14.59,-29.72,R
91.372,79,0,0,255,0,-0.57,-2.54,9.54,0.05,-0.03,-0.64,-2.29,1.48,9.51,0.28,0.10,-0.69,-0.94,0.67,9.82,0.14,0.13,-0.56,-0.78,1.14,9.86,-0.12,0.00,-0.50,0.12,6.62,7.09,-0.52,-0.26,-0.32,0.17,-0.28,1.01,-31.86,-0.73,-12.27,R
91.422,76,0,0,255,0,-0.23,-4.32,8.94,0.01,-0.01,-0.14,-2.31,-0.58,9.40,-0.05,0.27,0.02,-1.51,-0.00,10.00,0.44,0.24,0.00,-1.30,0.37,9.79,0.77,0.16,0.02,-0.68,6.43,7.41,0.94,0.07,0.08,0.14,-0.26,0.95,-23.19,25.33,-11.11,R
91.473,63,0,0,255,0,-0.89,-3.96,11.75,0.58,0.21,-0.35,-2.94,2.40,11.50,1.05,0.16,-0.57,-1.36,1.11,10.75,0.83,0.55,-0.62,-1.36,1.24,10.00,0.98,0.45,-0.02,-1.18,7.14,7.81,0.81,0.19,-0.05,0.22,-0.26,0.97,-33.39,43.46,2.32,R
91.525,100,0,0,255,0,0.46,-5.59,8.57,0.73,-0.78,0.16,-3.15,-1.65,10.52,0.93,0.32,0.46,-2.04,3.42,9.26,1.53,0.47,0.02,-1.70,1.23,9.53,1.14,0.57,-0.11,-0.69,6.83,6.76,1.58,0.14,0.24,0.32,-0.16,0.97,-51.70,73.36,5.31,R
91.575,75,0,0,255,0,0.06,1.41,13.28,1.73,-0.84,-0.27,-3.15,4.34,11.03,1.82,0.15,0.34,-2.30,3.74,11.85,2.04,0.51,0.18,-2.24,2.97,11.93,2.22,0.52,0.24,-1.13,7.50,6.14,2.13,0.22,0.09,0.38,-0.18,1.00,-34.42,103.45,13.55,R
91.626,72,0,0,255,0,1.01,0.14,12.16,3.22,-1.07,-1.34,-3.23,2.14,12.64,2.96,-0.34,0.54,-2.47,3.41,10.38,3.67,0.37,0.25,-2.04,5.24,7.53,4.19,0.30,0.26,-0.63,10.33,1.42,5.02,-0.14,-0.36,0.52,-0.12,0.89,-44.80,200.44,9.89,R
91.677,47,0,0,255,0,1.11,-0.94,11.33,4.49,-1.80,-1.24,-2.30,5.06,8.53,4.78,-0.30,1.20,-2.27,7.58,5.57,5.33,1.06,0.92,-2.47,9.10,4.96,5.77,1.20,0.78,-1.15,2.26,-2.58,5.01,0.77,-0.24,0.74,-0.07,0.60,1.40,308.35,17.58,R
91.728,20,0,0,255,0,1.93,1.48,8.95,5.26,-1.84,-1.43,-1.71,4.86,6.73,5.62,-0.34,1.53,-2.26,7.47,6.33,5.90,0.83,1.08,-2.49,10.30,5.42,6.05,0.96,0.67,-1.37,4.97,-4.72,6.94,1.36,-1.62,0.95,-0.10,0.37,0.06,331.48,25.27,R
91.779,47,0,0,255,0,0.47,2.51,9.81,4.60,-2.22,-0.25,-1.11,10.13,3.80,4.70,-0.69,1.55,-2.02,11.11,1.24,5.00,0.60,1.75,-2.17,11.92,0.88,4.95,1.01,1.44,-1.65,8.36,-6.24,4.92,1.20,0.42,0.86,0.01,0.08,4.52,265.38,52.00,R
91.83,19,0,0,255,0,3.42,5.76,-1.03,3.75,-1.97,-1.01,1.13,4.41,0.11,3.40,-0.44,1.50,-0.62,5.43,1.62,3.27,0.12,1.18,-1.87,7.68,3.24,2.98,0.64,0.91,0.07,8.92,-2.54,2.99,0.47,0.29,1.16,-0.04,-0.06,-12.63,170.17,19.23,R
91.881,36,0,0,255,0,3.39,3.26,6.26,2.53,-1.46,0.29,0.79,11.25,1.44,2.69,-0.34,1.03,-0.71,10.33,-1.15,2.82,0.35,1.48,-0.30,9.95,-3.68,2.91,0.70,1.31,-0.58,6.71,-5.94,3.14,1.19,-0.19,0.86,0.10,-0.19,18.86,170.35,18.49,R
91.933,28,0,0,255,0,4.89,5.32,0.88,2.79,-1.53,-0.75,2.49,5.30,-1.41,2.74,0.02,0.94,0.23,6.44,0.65,2.38,0.40,0.46,-0.44,7.58,-0.22,2.29,0.18,0.24,-0.18,5.59,-5.30,2.19,0.04,-0.20,0.99,0.02,-0.28,5.19,154.91,3.54,R
91.983,22,0,0,255,0,3.36,6.49,6.28,2.55,-0.68,-0.20,1.89,10.69,-1.93,2.60,-0.14,0.57,0.77,9.49,-4.93,2.73,0.31,0.59,0.30,10.16,-6.35,2.93,0.83,0.53,-0.46,4.07,-9.71,3.18,1.07,-0.81,0.72,0.11,-0.39,29.79,156.56,-3.97,R
92.034,94,0,0,255,0,3.25,10.47,-3.03,2.33,-0.93,-0.80,2.21,8.84,-3.42,2.08,-0.59,0.48,0.30,8.68,-3.18,1.61,-0.12,0.26,-0.28,8.65,-2.29,1.27,0.06,0.13,-0.05,5.40,-6.18,0.74,-0.15,0.18,0.94,-0.01,-0.54,-8.24,91.43,1.89,R
92.086,99,0,0,255,0,2.22,11.60,-4.59,-0.57,0.93,-0.22,2.34,8.15,-5.12,-0.28,0.22,-0.54,1.25,8.91,-6.18,0.01,-0.15,-0.24,0.85,9.65,-7.36,-0.35,-0.04,-0.08,0.44,2.78,-12.00,-0.40,0.17,0.05,0.73,0.09,-0.52,10.50,-26.61,14.34,R
92.136,99,0,0,255,0,3.26,9.80,-3.24,-0.16,-0.08,0.11,2.50,7.91,-4.73,-0.59,0.06,0.45,0.66,7.91,-3.73,-0.78,0.09,0.35,-0.26,7.69,-2.21,-0.94,-0.05,0.18,-0.27,5.84,-5.85,-1.19,0.01,0.28,1.02,0.04,-0.52,-0.67,-29.05,17.09,R
92.187,101,0,0,255,0,3.15,9.87,-11.10,-4.13,1.85,1.03,2.88,7.32,-4.92,-3.79,0.66,-0.95,0.74,6.74,-2.44,-4.05,-0.19,-0.95,-0.16,9.88,-1.79,-4.21,-0.47,-0.99,0.34,7.44,-8.68,-4.17,-0.24,-0.21,1.02,0.03,-0.50,-0.12,-216.19,34.97,R
92.238,32,0,0,255,0,4.57,5.00,1.02,-3.87,0.13,1.41,1.32,10.65,0.92,-4.16,0.54,-0.51,0.68,10.27,-2.61,-4.18,-0.04,0.07,0.34,8.77,-2.10,-3.83,-0.21,0.06,-0.21,5.05,-5.88,-3.47,0.31,0.48,1.10,0.16,-0.13,-11.54,-185.67,32.29,R
92.289,101,0,0,255,0,4.09,5.45,-9.24,-7.32,3.29,0.33,3.07,2.13,-3.19,-5.75,1.24,-1.56,0.76,3.16,2.21,-5.85,0.18,-1.85,-0.72,8.27,3.84,-5.96,-0.49,-2.10,0.33,10.00,-5.09,-6.34,-1.00,-0.78,1.06,0.17,-0.11,-25.21,-344.60,-9.34,R
92.34,95,0,0,255,0,-0.26,-0.16,20.12,-5.20,1.09,0.23,-0.27,9.33,3.93,-5.65,-0.01,-2.66,-0.01,10.04,0.78,-5.94,-0.56,-1.62,-0.20,10.60,0.82,-5.80,-1.05,-1.30,0.66,10.54,-6.98,-5.32,-1.01,0.03,0.65,0.17,0.31,15.44,-348.39,-3.85,R
92.391,104,0,0,255,0,2.34,0.99,0.60,-6.09,2.73,1.74,-0.56,3.84,3.85,-5.88,1.65,-0.98,-1.51,4.77,7.39,-6.59,0.02,-0.79,-2.35,6.49,9.69,-6.09,-0.67,-0.72,-1.78,11.11,3.84,-6.65,-0.45,0.30,1.00,0.03,0.47,40.95,-316.04,-0.49,R
92.442,102,0,0,255,0,-3.05,-10.18,16.28,-5.92,3.52,1.71,-3.18,-0.52,11.14,-5.56,0.11,-2.36,-1.32,5.38,7.65,-5.18,-1.09,-1.66,-0.46,8.31,6.17,-5.50,-2.23,-1.07,0.54,9.97,0.27,-5.55,-1.44,0.81,0.28,0.11,0.67,47.97,-337.46,-18.92,R
92.493,104,0,0,255,0,1.06,-6.16,10.76,-2.68,0.51,0.86,-3.67,1.08,12.17,-2.95,0.91,-0.55,-0.88,1.17,8.43,-3.14,0.10,-0.11,-0.60,0.87,8.07,-2.72,-0.22,0.07,0.29,4.82,3.85,-2.22,0.19,0.15,0.35,0.01,0.96,28.08,-99.79,-7.02,R
92.544,90,0,0,255,0,0.24,-3.94,4.44,-2.61,2.18,0.69,-2.94,-2.12,10.14,-2.08,0.49,-0.74,-1.21,-0.32,9.05,-2.36,-0.27,-0.74,-0.53,2.08,11.06,-2.66,-0.46,-0.68,0.81,8.96,6.83,-2.74,-0.69,-0.09,0.31,-0.02,0.87,34.55,-139.65,-30.21,R
92.595,106,0,0,255,0,-0.35,-6.75,10.30,-1.11,0.40,0.32,-3.39,0.45,9.87,-1.23,0.37,-0.58,-1.94,0.57,10.76,-1.09,0.01,-0.34,-0.60,1.37,8.53,-0.82,0.00,-0.18,0.62,4.95,4.64,-0.67,-0.01,-0.18,0.11,-0.06,0.99,21.91,-37.72,-16.54,R
92.646,106,0,0,255,0,-0.67,-5.02,7.76,-0.46,0.65,0.12,-3.40,-1.10,9.52,-0.38,0.34,-0.26,-1.62,-0.57,9.04,-0.54,-0.01,-0.35,-0.86,0.45,10.48,-0.68,0.15,-0.36,0.23,7.50,7.79,-0.75,-0.05,-0.35,0.26,-0.10,0.97,21.79,-27.40,-18.86,R
92.697,94,0,0,255,0,-1.20,-5.64,9.73,-0.20,0.32,0.11,-3.45,-0.45,9.03,-0.39,0.24,-0.38,-1.74,-0.02,9.15,-0.45,0.02,-0.26,-0.72,0.51,8.39,-0.39,0.11,-0.27,0.28,5.01,4.98,-0.26,-0.24,-0.27,0.11,-0.10,0.94,22.95,-13.24,-19.47,R
92.748,107,0,0,255,0,-1.16,-4.80,8.83,0.94,-0.35,-0.01,-3.34,0.01,9.32,0.75,-0.29,0.09,-1.57,0.35,8.29,0.81,-0.32,-0.04,-0.54,1.07,6.97,0.71,0.40,0.00,0.30,5.54,4.22,0.82,0.84,-0.89,0.18,-0.11,0.89,34.91,47.91,-12.57,R
92.799,104,0,0,255,0,-0.89,-3.05,6.99,1.30,0.17,0.36,-1.88,0.77,4.82,1.18,0.06,0.49,-1.25,0.90,4.79,1.19,0.48,0.21,-1.13,0.96,5.61,1.00,1.06,0.11,-1.03,4.84,4.19,0.91,0.92,-0.84,0.16,-0.08,0.75,60.42,69.03,-5.13,R
92.85,104,0,0,255,0,-1.32,-4.52,7.73,1.30,0.36,-1.02,0.06,1.19,-24.59,-2.41,0.18,0.54,14.73,15.88,-50.01,1.18,7.15,1.04,-4.09,-11.71,6.75,-1.14,1.54,0.27,-3.67,5.25,11.14,0.50,0.20,-0.12,1.11,-0.76,2.12,-24.54,89.17,-38.27,R
92.901,104,0,0,255,0,0.64,-5.32,8.67,-0.37,-0.11,0.52,0.28,0.20,1.77,0.68,0.10,-0.63,-0.59,4.18,2.92,0.27,0.56,-0.51,-1.73,2.45,10.64,-0.62,-0.24,-0.16,-0.63,7.49,6.71,-0.90,-0.04,0.05,0.15,-0.16,0.77,36.62,8.85,-13.61,R
92.952,106,0,0,255,0,-1.48,-3.62,9.30,-0.24,0.10,-0.23,-3.29,1.30,8.60,0.05,0.06,-0.15,-2.25,1.27,9.38,-0.05,-0.04,-0.13,-1.61,0.84,9.50,-0.11,-0.07,-0.06,-0.63,7.56,6.59,-0.35,0.00,0.01,0.19,-0.14,0.96,-11.72,-23.74,0.06,R
93.003,106,0,0,255,0,-0.50,-4.12,9.24,0.07,0.01,-0.02,-2.66,0.89,9.43,0.27,-0.03,0.03,-1.36,0.97,9.67,-0.02,0.02,0.03,-1.12,0.83,9.63,0.04,0.02,0.04,-0.69,7.12,6.66,0.30,0.03,-0.01,0.31,-0.13,0.93,-4.39,9.70,-1.95,R
93.054,104,0,0,255,0,-0.68,-3.86,9.22,-0.03,0.18,-0.12,-3.33,1.05,9.47,-0.12,0.13,-0.02,-1.83,1.53,9.63,-0.08,0.02,-0.04,-1.43,1.68,9.74,-0.22,0.00,-0.05,-0.85,7.18,6.73,-0.33,0.03,-0.05,0.39,-0.17,0.95,-9.70,-4.21,-1.83,R
93.105,102,0,0,255,0,-0.49,-4.20,9.11,-0.24,0.04,-0.20,-2.86,0.78,9.38,-0.07,-0.06,-0.11,-1.60,1.01,9.68,-0.11,-0.05,-0.08,-1.19,1.21,9.84,-0.11,-0.03,-0.07,-0.66,7.12,7.00,-0.24,0.04,-0.05,0.27,-0.15,0.97,-5.86,-3.97,-1.71,R
93.156,102,0,0,255,0,-0.77,-3.96,9.09,-0.09,0.07,-0.06,-3.06,0.58,9.39,-0.09,0.03,-0.04,-1.72,0.83,9.65,-0.05,0.00,-0.03,-1.19,1.06,9.75,-0.01,0.02,-0.03,-0.68,7.13,6.91,-0.07,0.04,-0.04,0.28,-0.17,0.96,-4.46,-4.21,-0.73,R
93.207,89,0,0,255,0,-0.72,-4.24,9.08,-0.01,0.14,-0.02,-2.98,0.78,9.36,0.12,0.13,0.03,-1.72,1.07,9.58,0.11,0.07,0.01,-1.25,1.28,9.66,0.11,0.06,0.00,-0.78,7.11,6.92,0.07,0.04,0.00,0.32,-0.15,0.94,-5.55,6.35,-0.67,R
93.258,88,0,0,255,0,-0.65,-4.09,9.13,0.05,0.06,-0.01,-2.98,1.00,9.31,0.06,0.02,0.01,-1.69,1.17,9.57,-0.01,-0.02,-0.00,-1.24,1.21,9.67,-0.04,0.01,-0.01,-0.71,7.02,6.88,-0.04,0.03,-0.02,0.33,-0.14,0.95,-0.12,1.28,-1.28,R
93.309,86,0,0,255,0,-0.80,-4.17,9.17,0.02,0.01,-0.02,-3.09,0.86,9.35,0.04,0.06,0.02,-1.67,0.98,9.51,0.02,0.03,0.02,-1.18,1.12,9.69,0.06,0.04,0.01,-0.80,6.98,6.90,0.08,0.05,0.01,0.29,-0.15,0.95,-3.48,4.03,-0.12,R
93.36,95,0,0,255,0,-0.70,-4.06,9.10,0.01,0.01,0.01,-3.09,1.01,9.39,0.03,0.05,0.01,-1.66,1.23,9.54,-0.06,0.07,0.02,-1.25,0.54,9.68,-0.05,0.05,0.06,-0.75,7.03,7.01,0.12,0.09,0.03,0.26,-0.07,0.94,30.76,6.35,-40.47,R
93.411,52,0,0,255,0,-0.74,-4.06,9.01,-0.11,0.08,-0.00,-3.11,0.67,9.40,0.01,0.06,0.01,-1.70,1.16,9.63,0.05,0.00,0.00,-1.24,1.59,9.74,-0.02,0.02,0.00,-0.69,7.15,6.82,-0.09,0.05,0.01,0.31,-0.13,0.96,1.83,2.32,2.56,R
93.462,71,0,0,255,0,-0.59,-4.20,9.14,0.14,0.25,0.04,-2.79,0.57,9.16,-0.05,0.14,0.10,-1.74,0.40,9.63,0.15,0.04,0.07,-1.47,1.45,9.78,0.26,0.06,0.05,-0.87,7.46,6.76,0.22,0.07,0.03,0.39,-0.26,0.94,-0.61,33.39,18.98,R
93.513,68,0,0,255,0,-0.77,-3.99,9.11,-0.09,0.01,-0.03,-2.98,1.16,9.31,-0.09,-0.01,-0.02,-1.59,1.07,9.57,-0.13,-0.02,-0.01,-1.24,1.24,9.73,-0.11,-0.00,-0.02,-0.66,7.16,6.80,-0.09,0.01,-0.04,0.36,-0.15,0.94,8.12,-20.51,-20.32,R
93.565,72,0,0,255,0,-0.83,-4.26,9.08,0.01,0.03,-0.01,-3.16,0.92,9.29,0.03,0.04,0.02,-1.70,1.25,9.54,0.01,0.02,0.02,-1.26,1.09,9.71,0.01,0.03,0.03,-0.78,7.28,6.73,0.07,0.04,0.01,0.32,-0.17,0.94,-8.36,-3.11,-0.12,R
93.615,67,0,0,255,0,-0.82,-4.04,9.15,-0.03,0.01,0.01,-3.16,0.94,9.35,-0.06,0.05,0.02,-1.67,1.11,9.54,0.01,0.02,0.00,-1.27,1.24,9.66,0.03,0.03,0.01,-0.78,7.19,6.71,0.01,0.04,-0.01,0.32,-0.09,0.93,-15.69,-2.50,5.37,R
93.666,75,0,0,255,0,-0.84,-4.07,9.09,0.00,0.01,0.01,-3.08,0.85,9.30,0.03,0.03,0.01,-1.74,1.22,9.66,-0.00,0.00,0.01,-1.34,1.26,9.68,0.01,0.02,0.00,-0.83,7.24,6.74,-0.00,0.03,-0.01,0.35,-0.15,0.95,-1.89,1.46,0.12,R
93.717,75,0,0,255,0,-0.83,-4.14,9.04,-0.05,0.00,-0.01,-3.02,1.00,9.31,-0.04,0.03,-0.01,-1.69,1.25,9.59,-0.05,0.00,-0.01,-1.26,1.28,9.70,-0.04,0.02,0.01,-0.78,7.16,6.80,-0.01,0.02,-0.02,0.33,-0.14,0.95,-1.53,-3.60,-0.67,R
93.768,82,0,0,255,0,-0.79,-4.08,9.06,-0.03,0.02,-0.01,-3.17,0.97,9.26,0.00,0.04,-0.01,-1.83,1.09,9.63,-0.04,0.01,-0.00,-1.33,1.24,9.70,-0.02,0.01,-0.01,-0.74,7.32,6.81,-0.03,0.03,-0.00,0.33,-0.13,0.94,-2.44,-1.22,0.12,R
93.819,88,0,0,255,0,-0.82,-4.09,9.07,-0.03,0.02,-0.02,-3.17,1.02,9.27,-0.05,0.03,-0.01,-1.78,1.10,9.60,-0.06,0.01,-0.01,-1.37,1.19,9.68,-0.04,0.02,-0.01,-0.81,7.14,6.81,-0.04,0.03,-0.02,0.33,-0.13,0.95,-1.59,-2.93,-0.24,R
93.87,90,0,0,255,0,-0.80,-4.20,9.09,-0.02,0.01,-0.01,-3.10,0.96,9.35,-0.01,0.04,0.00,-1.78,1.12,9.62,-0.04,0.01,-0.00,-1.32,1.30,9.67,-0.01,0.01,-0.00,-0.83,7.27,6.77,-0.01,0.01,-0.00,0.33,-0.12,0.95,-0.85,0.37,0.06,R
93.921,87,0,0,255,0,-0.79,-4.20,9.08,-0.00,0.01,0.00,-3.07,0.91,9.32,-0.00,0.01,0.01,-1.75,1.02,9.62,-0.02,-0.01,-0.00,-1.37,1.16,9.71,0.01,0.01,0.01,-0.85,7.09,6.83,0.05,0.02,-0.00,0.32,-0.13,0.95,1.65,1.16,0.12,R
93.972,101,0,0,255,0,-0.82,-4.03,9.05,-0.02,0.01,-0.02,-3.07,0.94,9.33,-0.06,-0.01,-0.01,-1.72,1.04,9.61,-0.10,-0.02,-0.00,-1.29,1.20,9.69,-0.09,0.01,-0.01,-0.82,7.14,6.83,-0.06,0.02,-0.02,0.33,-0.13,0.95,1.10,-3.48,1.04,R
94.023,108,0,0,255,0,-0.82,-4.20,9.09,-0.00,0.01,-0.01,-3.15,0.91,9.34,-0.00,0.01,0.00,-1.74,1.12,9.59,-0.03,-0.01,-0.00,-1.43,1.18,9.73,-0.03,0.01,0.00,-0.80,7.28,6.82,0.00,0.02,-0.01,0.33,-0.13,0.95,1.77,-0.61,-0.98,R
94.074,107,0,0,255,0,-0.73,-4.24,8.96,-0.02,0.02,-0.01,-3.06,0.92,9.34,-0.00,-0.02,0.00,-1.64,1.12,9.59,-0.06,-0.04,0.01,-1.28,1.15,9.72,-0.03,0.00,-0.00,-0.75,7.07,6.82,0.03,0.01,-0.02,0.32,-0.12,0.95,3.17,-1.04,-1.46,R
94.125,103,0,0,255,0,-0.82,-4.19,9.08,0.06,0.05,0.00,-3.14,0.98,9.33,0.04,0.03,0.02,-1.70,1.17,9.60,-0.02,-0.01,0.01,-1.27,1.20,9.75,-0.01,0.01,0.01,-0.81,7.25,6.77,0.04,0.02,-0.01,0.33,-0.14,0.94,2.14,2.20,0.00,R
94.176,77,0,0,255,0,-0.83,-4.21,9.05,0.02,0.03,-0.00,-3.05,0.97,9.36,0.00,0.04,0.01,-1.72,1.13,9.68,-0.02,0.02,0.01,-1.32,1.18,9.77,0.01,0.02,0.01,-0.80,7.09,6.75,0.03,0.03,-0.00,0.32,-0.14,0.95,1.59,0.24,0.18,R
94.227,76,0,0,255,0,-0.76,-4.21,9.00,0.07,0.03,0.02,-3.04,0.96,9.36,0.06,0.03,0.03,-1.56,1.21,9.59,0.00,-0.00,0.01,-1.26,1.29,9.75,0.02,0.00,0.00,-0.83,7.19,6.72,0.04,0.03,-0.01,0.34,-0.13,0.95,2.38,3.48,0.24,R
94.278,105,0,0,255,0,-0.74,-4.27,9.05,0.01,0.04,0.01,-3.07,0.88,9.38,0.02,0.05,0.00,-1.59,1.12,9.63,-0.00,0.01,0.00,-1.39,1.20,9.72,0.03,0.03,-0.01,-0.74,7.32,6.70,0.03,0.01,-0.01,0.33,-0.15,0.94,0.61,3.48,0.85,R
94.329,99,0,0,255,0,-0.88,-3.96,9.15,0.03,0.04,-0.02,-3.07,1.14,9.37,-0.01,0.04,-0.01,-1.69,1.21,9.62,-0.09,0.00,-0.00,-1.25,1.11,9.73,0.00,0.01,-0.02,-0.73,7.13,6.73,-0.02,0.01,-0.02,0.33,-0.14,0.95,0.92,0.79,-0.06,R
94.38,86,0,0,255,0,-0.99,-4.01,9.10,0.03,0.02,-0.00,-3.13,1.03,9.28,-0.01,0.02,0.00,-1.73,1.13,9.60,-0.03,-0.01,0.01,-1.36,1.15,9.76,0.02,0.01,-0.00,-0.79,7.27,6.75,0.02,0.02,-0.00,0.33,-0.14,0.95,-0.31,0.24,-0.79,R
94.431,64,0,0,255,0,-0.91,-4.17,9.05,0.03,0.00,0.01,-3.15,0.96,9.30,0.03,0.04,0.02,-1.67,1.12,9.63,0.01,0.01,0.02,-1.36,1.30,9.64,0.04,0.02,0.01,-0.85,7.20,6.69,0.06,0.03,0.01,0.32,-0.14,0.95,-0.55,1.16,-0.98,R
94.483,66,0,0,255,0,-0.94,-4.09,9.11,0.07,-0.01,0.03,-3.11,1.07,9.27,0.06,0.03,0.04,-1.66,1.13,9.63,0.00,-0.00,0.04,-1.33,1.26,9.72,0.05,0.02,0.02,-0.74,7.25,6.67,0.06,0.03,0.02,0.34,-0.14,0.94,1.59,2.87,-0.73,R
94.533,69,0,0,255,0,-0.88,-4.13,9.13,0.05,0.03,0.02,-3.08,1.12,9.29,0.05,0.04,0.04,-1.69,1.23,9.56,0.00,0.00,0.03,-1.40,1.35,9.70,0.04,0.03,0.02,-0.75,7.25,6.68,0.05,0.03,0.01,0.34,-0.14,0.94,2.93,2.87,0.18,R
94.585,82,0,0,255,0,-0.90,-4.12,9.07,0.04,0.03,0.03,-3.12,1.13,9.31,0.04,0.05,0.04,-1.71,1.04,9.66,0.03,0.01,0.03,-1.35,1.34,9.66,0.05,0.03,0.03,-0.72,7.36,6.65,0.09,0.03,0.02,0.35,-0.14,0.94,-0.24,3.42,0.67,R
94.635,82,0,0,255,0,-0.82,-3.98,9.16,-0.00,0.02,0.00,-3.05,1.07,9.30,-0.04,0.02,0.00,-1.67,1.21,9.63,-0.05,0.00,0.01,-1.31,1.35,9.65,-0.01,0.02,-0.00,-0.80,7.26,6.68,-0.01,0.03,-0.00,0.34,-0.14,0.94,1.40,-0.31,1.04,R
94.686,76,0,0,255,0,-0.91,-3.96,9.11,0.01,-0.00,-0.00,-3.20,1.14,9.27,-0.07,-0.04,0.01,-1.69,1.24,9.61,-0.10,-0.04,0.01,-1.36,1.33,9.73,-0.08,-0.00,0.01,-0.79,7.31,6.64,-0.02,0.03,0.01,0.35,-0.14,0.94,1.53,-1.95,0.31,R
94.737,71,0,0,255,0,-1.03,-4.07,9.14,0.00,-0.00,-0.03,-3.43,1.15,9.24,-0.10,-0.10,-0.00,-1.88,1.43,9.63,-0.16,-0.10,-0.02,-1.38,1.79,9.69,-0.23,-0.05,-0.02,-0.79,7.48,6.58,-0.24,0.01,-0.03,0.39,-0.13,0.94,6.35,-5.92,0.67,R
94.788,60,0,0,255,0,-1.21,-3.36,9.23,-0.37,-0.24,-0.26,-6.33,0.21,10.29,-0.70,-1.14,-0.26,-1.51,0.45,9.99,-0.86,-0.60,-0.15,-0.97,0.64,9.83,-1.00,-0.14,-0.14,-0.78,6.90,6.96,-0.82,0.00,-0.13,0.32,-0.16,0.96,27.40,-38.51,11.54,R
94.839,102,0,0,255,0,-0.66,-4.79,8.85,-0.16,-0.09,0.03,-2.16,0.47,9.52,-0.40,-0.47,-0.07,-1.02,0.72,9.77,-0.36,-0.19,0.15,-1.03,0.65,9.75,-0.20,-0.03,0.03,-0.78,6.68,7.20,0.01,0.08,0.05,0.22,-0.16,0.96,15.32,-9.34,9.58,R
94.89,104,0,0,255,0,-0.57,-4.18,9.10,0.12,-0.05,0.25,-2.05,0.33,9.57,-0.17,-0.13,0.04,-1.07,0.36,9.75,-0.19,-0.08,0.07,-1.58,0.55,9.66,-0.13,0.01,0.06,-0.94,6.85,7.10,-0.04,0.02,0.03,0.32,-0.17,0.92,15.14,-3.72,8.73,R
94.941,101,0,0,255,0,-0.51,-4.24,9.06,-0.01,0.05,-0.05,-2.21,0.71,9.58,-0.21,-0.05,-0.05,-1.15,0.58,9.77,-0.20,-0.06,-0.05,-1.19,0.49,9.81,-0.23,-0.02,-0.07,-0.73,6.82,7.19,-0.29,-0.00,-0.07,0.35,-0.18,0.96,8.67,-9.83,3.72,R
94.992,96,0,0,255,0,-0.74,-4.51,9.03,-0.09,0.01,-0.02,-2.12,-0.08,9.73,-0.14,-0.05,-0.05,-1.27,0.21,9.84,-0.03,-0.05,-0.02,-1.26,0.29,9.74,0.03,-0.01,-0.01,-0.78,6.84,7.12,0.08,-0.01,0.01,0.24,-0.21,0.93,5.62,2.20,0.55,R
95.043,42,0,0,255,0,-0.41,-4.27,8.77,0.10,-0.25,0.18,-2.08,0.43,9.64,0.00,0.00,0.03,-1.16,0.51,9.78,-0.02,-0.03,0.01,-1.09,0.43,9.83,0.05,-0.01,-0.00,-0.75,6.79,7.18,-0.01,0.02,0.03,0.31,-0.18,0.96,-0.18,1.77,-2.26,R
95.094,48,0,0,255,0,-0.68,-4.36,9.00,-0.02,0.02,-0.01,-2.06,0.20,9.68,-0.08,0.01,-0.01,-1.09,0.39,9.78,-0.05,-0.01,-0.00,-1.10,0.55,9.74,-0.00,0.02,-0.01,-0.82,6.75,7.24,-0.02,0.01,0.00,0.27,-0.19,0.95,1.40,-0.67,0.49,R
95.145,53,0,0,255,0,-0.61,-4.29,8.98,-0.01,0.03,-0.01,-2.10,0.14,9.66,0.04,0.02,0.01,-1.07,0.47,9.81,-0.00,0.01,0.01,-1.19,0.41,9.82,0.03,0.03,0.00,-0.82,6.78,7.14,0.06,0.02,-0.00,0.29,-0.19,0.95,0.55,2.14,1.59,R
95.196,66,0,0,255,0,-0.64,-4.25,9.06,0.03,0.05,-0.01,-1.99,0.32,9.69,0.04,0.03,0.01,-1.06,0.48,9.79,0.00,0.01,0.00,-1.13,0.45,9.78,0.02,0.01,0.00,-0.80,6.77,7.23,0.01,0.01,-0.01,0.29,-0.19,0.94,1.77,1.40,-0.06,R
95.247,82,0,0,255,0,-0.73,-4.25,9.03,-0.00,0.08,-0.02,-2.14,0.40,9.65,0.08,0.05,0.01,-1.11,0.45,9.77,0.03,0.01,0.00,-1.13,0.55,9.76,0.06,0.02,-0.01,-0.72,6.76,7.12,0.04,0.01,0.00,0.30,-0.18,0.96,-1.89,2.93,-1.28,R
95.298,55,0,0,255,0,-0.71,-4.20,9.03,0.01,0.06,-0.02,-2.06,0.32,9.65,0.05,0.06,0.00,-1.09,0.44,9.72,0.01,0.02,0.00,-1.12,0.55,9.78,0.06,0.03,-0.01,-0.76,6.88,7.16,0.02,0.02,-0.01,0.29,-0.19,0.95,-1.53,0.61,-1.28,R
95.349,68,0,0,255,0,-0.73,-4.37,9.00,0.00,0.02,0.00,-2.11,0.38,9.67,0.06,0.06,0.01,-1.10,0.50,9.70,0.01,0.01,0.00,-1.08,0.56,9.82,0.03,0.02,0.00,-0.78,6.89,7.16,0.02,0.02,-0.01,0.30,-0.18,0.95,-0.61,1.53,-0.12,R
95.4,77,0,0,255,0,-0.72,-4.34,9.06,-0.01,0.03,-0.01,-2.10,0.34,9.70,-0.02,0.04,-0.01,-1.10,0.48,9.74,-0.04,0.01,-0.00,-1.23,0.47,9.78,0.01,0.03,-0.01,-0.78,6.86,7.09,-0.02,0.02,-0.01,0.29,-0.19,0.94,1.40,-1.22,-0.06,R
95.451,77,0,0,255,0,-0.73,-4.22,9.06,-0.01,0.02,-0.01,-2.18,0.35,9.66,-0.01,0.03,-0.00,-1.10,0.52,9.81,-0.04,0.01,-0.00,-1.18,0.54,9.73,-0.01,0.01,-0.00,-0.75,6.93,7.12,0.01,0.02,-0.01,0.29,-0.19,0.95,1.10,-0.06,0.18,R
95.502,104,0,0,255,0,-0.76,-4.20,9.07,0.02,0.01,0.01,-2.09,0.43,9.64,0.01,0.03,0.00,-1.23,0.59,9.76,-0.03,0.00,0.01,-1.13,0.55,9.84,0.00,0.01,-0.01,-0.76,6.94,7.20,0.00,0.02,-0.01,0.30,-0.19,0.94,1.10,0.12,-0.55,R
95.553,104,0,0,255,0,-0.70,-4.28,9.05,0.03,0.02,0.00,-2.11,0.53,9.68,0.02,0.03,0.00,-1.11,0.55,9.73,-0.04,0.01,-0.00,-1.21,0.49,9.79,-0.01,0.02,-0.01,-0.76,6.83,7.08,-0.00,0.01,-0.02,0.30,-0.19,0.94,1.10,-0.37,-0.85,R
95.604,103,0,0,255,0,-0.76,-4.22,9.02,0.00,0.02,-0.01,-2.15,0.41,9.64,0.02,0.04,0.00,-1.13,0.48,9.77,-0.02,0.01,0.00,-1.20,0.51,9.78,0.01,0.02,-0.01,-0.75,6.92,7.13,0.04,0.01,-0.02,0.29,-0.19,0.95,-0.12,0.85,-0.49,R
95.658,103,0,0,255,0,-0.67,-4.21,9.05,0.01,0.02,0.01,-2.12,0.47,9.67,-0.01,0.03,-0.00,-1.16,0.47,9.80,-0.03,0.00,-0.00,-1.26,0.49,9.74,-0.01,0.04,-0.01,-0.76,7.00,7.08,0.01,0.01,-0.02,0.30,-0.19,0.95,2.81,0.55,-0.37,R
95.706,106,0,0,255,0,-0.77,-4.33,9.05,0.03,0.04,0.01,-2.14,0.38,9.63,0.01,0.04,0.00,-1.18,0.47,9.75,-0.02,0.01,0.00,-1.25,0.52,9.79,0.02,0.03,-0.00,-0.80,6.87,7.11,0.04,0.02,-0.02,0.29,-0.20,0.93,0.79,2.01,0.06,R
95.757,101,0,0,255,0,-0.83,-4.19,9.05,0.02,0.02,0.00,-2.22,0.45,9.65,0.04,0.04,0.01,-1.08,0.57,9.74,-0.01,0.01,0.01,-1.24,0.20,9.73,0.07,0.04,0.02,-0.83,6.88,7.03,0.07,0.02,-0.02,0.30,-0.18,0.96,0.49,2.69,0.31,R
95.808,101,0,0,255,0,-0.80,-4.23,9.04,0.01,0.03,0.01,-2.15,0.44,9.67,0.01,0.04,0.00,-1.10,0.54,9.80,-0.01,0.00,-0.00,-1.25,0.58,9.84,0.01,0.04,-0.01,-0.77,6.96,7.13,0.01,0.02,-0.01,0.31,-0.19,0.95,1.53,1.77,0.49,R
95.859,105,0,0,255,0,-0.79,-4.23,9.05,0.03,0.03,0.01,-2.15,0.45,9.57,0.02,0.05,0.01,-1.14,0.53,9.77,-0.01,0.01,0.01,-1.22,0.64,9.76,0.01,0.03,-0.00,-0.74,6.92,7.07,0.03,0.02,-0.02,0.31,-0.19,0.94,0.37,2.14,0.49,R
95.91,104,0,0,255,0,-0.74,-4.21,9.12,0.02,0.03,0.01,-2.13,0.43,9.65,0.02,0.05,0.01,-0.97,0.51,9.83,0.01,0.02,0.01,-1.26,0.67,9.80,0.04,0.02,-0.00,-0.82,6.89,7.02,0.05,0.02,-0.01,0.31,-0.19,0.94,1.83,2.32,0.55,R
95.961,95,0,0,255,0,-0.83,-4.16,9.05,0.02,0.04,-0.00,-2.19,0.59,9.62,0.01,0.04,0.00,-1.15,0.52,9.78,-0.04,0.01,0.01,-1.21,0.50,9.72,0.04,0.04,-0.01,-0.79,6.98,7.06,0.06,0.01,-0.02,0.30,-0.19,0.94,1.65,0.85,-0.37,R
96.012,65,0,0,255,0,-0.83,-4.12,9.10,0.01,0.04,-0.01,-2.16,0.53,9.65,0.03,0.05,-0.00,-1.16,0.54,9.77,-0.01,0.01,0.01,-1.30,0.67,9.78,0.04,0.03,-0.00,-0.82,6.94,7.02,0.06,0.03,-0.01,0.30,-0.19,0.94,-1.95,1.46,-0.06,R
96.063,101,0,0,255,0,-0.78,-4.15,9.00,0.05,0.03,0.02,-2.17,0.57,9.60,0.06,0.05,0.02,-1.16,0.54,9.73,0.01,0.01,0.01,-1.29,0.60,9.82,0.03,0.03,0.00,-0.80,7.07,7.04,0.07,0.01,-0.00,0.32,-0.19,0.94,-0.06,3.66,0.31,R
96.114,83,0,0,255,0,-0.84,-4.16,9.13,0.03,0.03,0.01,-2.31,0.77,9.73,0.05,0.05,0.01,-1.19,0.57,9.74,0.02,0.02,0.01,-1.29,0.70,9.78,0.04,0.02,0.00,-0.76,6.98,6.95,0.04,0.02,-0.00,0.31,-0.19,0.94,-0.79,2.01,-0.12,R
96.165,88,0,0,255,0,-0.88,-4.13,9.08,0.05,0.03,0.02,-2.34,0.55,9.62,0.07,0.08,0.04,-1.24,0.57,9.72,0.03,0.02,0.01,-1.36,0.69,9.77,0.04,0.02,0.01,-0.79,7.02,6.97,0.06,0.02,0.01,0.32,-0.19,0.94,-1.46,3.36,-0.55,R
96.216,47,0,0,255,0,-0.87,-4.06,9.12,0.01,0.03,0.01,-2.34,0.60,9.58,0.05,0.05,0.02,-1.20,0.69,9.74,0.03,0.02,0.00,-1.31,0.76,9.74,0.05,0.02,0.01,-0.88,7.00,7.02,0.04,0.03,0.01,0.31,-0.19,0.94,-1.65,2.14,-0.18,R
96.267,97,0,0,255,0,-0.91,-4.04,9.11,0.05,0.01,0.04,-2.27,0.66,9.59,0.07,0.04,0.03,-1.19,0.71,9.76,0.03,-0.00,0.01,-1.33,0.80,9.76,0.06,0.01,0.01,-0.83,7.08,6.86,0.05,0.01,0.01,0.33,-0.19,0.94,-0.06,3.17,-0.37,R
96.318,90,0,0,255,0,-0.93,-4.07,9.15,0.01,0.01,0.02,-2.31,0.73,9.62,0.05,0.04,0.01,-1.22,0.69,9.72,0.03,0.01,0.00,-1.30,0.74,9.73,0.06,0.02,0.00,-0.77,7.02,6.93,0.06,0.02,0.01,0.31,-0.19,0.94,-1.65,1.95,-0.12,R
96.369,55,0,0,255,0,-0.81,-4.07,9.14,0.03,-0.02,0.04,-2.28,0.80,9.57,0.11,0.05,0.02,-1.15,0.81,9.74,0.06,0.01,0.01,-1.29,0.80,9.77,0.07,0.02,0.01,-0.81,7.05,6.88,0.05,0.03,0.02,0.32,-0.18,0.94,-1.10,2.87,1.16,R
96.42,47,0,0,255,0,-0.88,-3.99,9.10,0.01,-0.03,0.03,-2.32,0.91,9.66,0.08,0.06,0.03,-1.14,0.80,9.75,0.05,0.02,0.00,-1.33,0.89,9.73,0.04,0.02,0.00,-0.75,7.17,6.88,0.01,0.02,0.01,0.34,-0.18,0.94,-0.61,0.61,1.16,R
96.471,82,0,0,255,0,-0.83,-4.03,9.10,-0.02,-0.01,0.01,-2.29,0.79,9.56,-0.01,0.03,0.01,-1.14,0.79,9.70,-0.00,0.01,0.00,-1.28,0.92,9.79,0.02,0.02,0.00,-0.74,7.06,6.88,0.01,0.02,-0.01,0.32,-0.18,0.94,0.85,0.55,1.22,R
96.522,82,0,0,255,0,-0.85,-4.02,9.14,0.03,0.00,0.03,-2.30,0.80,9.57,0.04,0.07,0.02,-1.21,0.78,9.76,0.03,0.02,0.00,-1.36,0.92,9.81,0.05,0.03,0.01,-0.80,7.11,6.89,0.04,0.02,0.00,0.33,-0.18,0.94,-2.26,3.60,1.83,R
96.573,83,0,0,255,0,-0.87,-4.04,9.14,-0.01,-0.01,0.02,-2.34,0.92,9.55,-0.02,0.03,0.00,-1.18,0.84,9.72,-0.03,0.00,-0.00,-1.31,1.02,9.76,-0.02,0.02,-0.01,-0.72,7.06,6.91,-0.02,0.02,-0.02,0.34,-0.17,0.94,-0.24,0.00,1.83,R
96.624,93,0,0,255,0,-0.83,-4.12,9.17,0.01,0.00,0.03,-2.31,0.88,9.55,0.03,0.05,0.00,-1.25,0.83,9.76,0.01,0.02,0.01,-1.34,0.91,9.72,0.04,0.02,0.00,-0.76,7.14,6.87,0.06,0.02,-0.01,0.33,-0.19,0.93,-2.01,3.60,2.01,R
96.675,87,0,0,255,0,-0.81,-4.01,9.13,0.02,-0.00,0.02,-2.41,0.96,9.51,0.06,0.07,0.02,-1.24,0.93,9.73,0.06,0.01,-0.00,-1.35,1.01,9.74,0.05,0.01,0.00,-0.81,7.12,6.82,0.03,0.02,-0.01,0.35,-0.16,0.94,-4.46,3.60,1.34,R
96.726,74,0,0,255,0,-0.79,-4.02,9.08,0.01,0.01,0.02,-2.33,0.89,9.50,0.03,0.04,0.00,-1.20,0.88,9.76,-0.00,0.01,0.00,-1.34,0.95,9.70,0.03,0.02,-0.00,-0.75,7.14,6.81,0.01,0.02,0.00,0.34,-0.17,0.93,-2.50,3.11,1.34,R
96.777,73,0,0,255,0,-0.85,-4.05,9.14,0.02,0.02,0.01,-2.37,0.92,9.50,0.04,0.06,0.01,-1.18,0.77,9.68,0.00,0.02,0.01,-1.36,1.01,9.78,0.04,0.02,0.00,-0.69,7.23,6.79,0.02,0.02,-0.01,0.35,-0.16,0.93,-5.80,3.48,0.79,R
96.828,45,0,0,255,0,-0.89,-3.98,9.11,-0.01,0.02,0.01,-2.36,1.02,9.51,0.01,0.04,-0.01,-1.18,0.96,9.73,-0.02,-0.01,-0.00,-1.31,1.00,9.72,0.02,0.02,-0.01,-0.75,7.14,6.84,0.01,0.02,-0.02,0.34,-0.15,0.94,-2.93,0.79,0.61,R
96.879,79,0,0,255,0,-0.80,-3.95,9.13,0.01,0.03,0.00,-2.40,0.98,9.53,0.01,0.04,-0.01,-1.20,0.86,9.71,-0.02,0.02,-0.00,-1.35,1.02,9.72,0.04,0.02,-0.00,-0.76,7.16,6.81,0.02,0.02,-0.02,0.34,-0.16,0.94,-4.39,0.85,-0.06,R
96.93,74,0,0,255,0,-1.02,-3.99,9.17,0.03,0.02,0.01,-2.52,1.14,9.45,0.06,0.02,0.01,-1.20,1.02,9.71,0.00,-0.00,0.00,-1.34,1.03,9.74,-0.00,0.00,0.00,-0.74,7.17,6.85,0.01,0.02,-0.01,0.36,-0.15,0.94,-1.71,0.85,-2.08,R
96.981,36,0,0,255,0,-0.85,-3.96,9.16,0.00,0.04,-0.01,-2.40,0.96,9.49,0.01,0.05,-0.01,-1.28,0.89,9.76,-0.00,0.01,-0.01,-1.35,0.99,9.76,0.02,0.02,-0.01,-0.79,7.13,6.85,0.00,0.01,-0.02,0.34,-0.16,0.94,-2.14,-0.43,-3.05,R
97.032,34,0,0,255,0,-1.05,-4.00,9.17,0.03,0.06,-0.01,-2.57,1.12,9.52,0.04,0.09,0.01,-1.25,0.99,9.72,0.03,0.03,-0.01,-1.33,1.15,9.69,0.02,0.02,0.00,-0.72,7.13,6.79,0.00,0.01,-0.01,0.35,-0.15,0.94,-4.58,-0.43,-2.01,R
97.083,71,0,0,255,0,-0.93,-3.91,9.19,-0.01,0.01,0.01,-2.52,1.00,9.52,-0.01,0.06,0.00,-1.77,0.93,9.31,0.06,0.00,-0.01,-1.87,2.31,10.64,-0.04,0.09,-0.15,-0.78,7.05,6.80,-0.03,0.02,-0.01,0.34,-0.16,0.94,-2.08,-1.10,-1.10,R
97.134,101,0,0,255,0,-0.95,-3.90,9.17,0.02,0.01,0.02,-2.45,1.07,9.47,-0.01,0.03,0.00,-1.24,1.14,9.80,-0.06,-0.01,0.00,-1.33,1.20,9.66,-0.01,0.02,-0.01,-0.83,7.16,6.86,-0.00,0.02,-0.02,0.35,-0.15,0.93,-0.06,0.61,-1.22,R
97.185,101,0,0,255,0,-0.86,-3.97,9.16,0.00,0.02,0.01,-2.49,1.01,9.44,0.00,0.04,0.00,-1.30,0.97,9.71,0.01,0.01,-0.01,-1.36,1.05,9.72,0.00,0.02,-0.00,-0.81,7.13,6.82,-0.01,0.01,-0.03,0.35,-0.14,0.94,0.12,0.06,-1.53,R
97.236,102,0,0,255,0,-0.90,-4.03,9.18,-0.01,0.05,-0.01,-2.48,1.02,9.52,0.02,0.06,0.00,-1.29,1.00,9.67,0.01,0.03,-0.01,-1.37,1.14,9.72,0.02,0.01,-0.00,-0.70,7.17,6.83,0.00,0.01,0.00,0.34,-0.15,0.94,0.73,0.31,-1.40,R
97.287,101,0,0,255,0,-0.92,-4.01,9.13,0.00,0.02,0.00,-2.53,1.02,9.48,-0.02,0.01,-0.00,-1.34,1.01,9.66,-0.05,-0.01,-0.00,-1.38,1.06,9.69,-0.04,0.00,-0.00,-0.74,7.08,6.82,-0.02,0.02,-0.01,0.34,-0.15,0.94,3.11,-0.49,-0.49,R
97.338,102,0,0,255,0,-0.99,-3.98,9.11,0.02,0.01,0.00,-2.52,1.04,9.49,0.01,0.04,0.01,-1.29,1.04,9.75,-0.02,0.02,0.01,-1.40,1.14,9.69,-0.00,0.02,0.01,-0.78,7.23,6.80,0.01,0.02,0.00,0.34,-0.16,0.94,0.06,0.49,-0.18,R
97.389,104,0,0,255,0,-0.89,-4.05,9.08,0.01,-0.02,0.01,-2.56,1.16,9.59,0.01,0.01,0.01,-1.28,1.00,9.71,-0.06,-0.01,0.01,-1.39,1.03,9.73,-0.01,0.02,0.01,-0.81,7.09,6.84,-0.01,0.02,0.01,0.35,-0.16,0.93,2.14,0.43,-0.24,R
97.44,103,0,0,255,0,-0.85,-3.99,9.13,0.00,0.01,-0.01,-2.48,1.13,9.51,0.00,0.03,0.01,-1.22,1.03,9.72,-0.03,0.01,0.01,-1.36,1.05,9.70,-0.01,0.02,0.01,-0.79,7.14,6.81,0.01,0.02,-0.01,0.35,-0.15,0.94,0.61,0.37,-1.28,R
97.491,104,0,0,255,0,-0.90,-4.03,9.09,-0.00,0.02,0.00,-2.47,1.02,9.51,-0.02,0.02,0.01,-1.29,1.08,9.72,-0.02,0.00,0.01,-1.39,1.10,9.73,-0.01,0.01,0.01,-0.74,7.22,6.84,0.01,0.02,0.01,0.34,-0.16,0.95,2.44,-1.22,-1.16,R
97.542,104,0,0,255,0,-0.89,-3.82,9.16,0.01,0.01,-0.01,-2.58,1.06,9.65,0.02,-0.10,0.03,-1.22,0.91,9.72,-0.05,-0.02,0.02,-1.35,1.05,9.70,0.00,0.01,0.01,-0.80,7.20,6.86,0.03,0.02,-0.00,0.34,-0.15,0.94,2.08,-1.28,-1.65,R
97.593,38,0,0,255,0,-0.90,-4.04,9.15,0.05,0.03,0.02,-3.39,8.11,11.98,3.13,-0.54,0.91,-1.81,1.23,10.04,0.08,-0.06,0.04,-1.40,1.23,9.69,0.01,0.01,0.03,-0.81,7.30,6.73,-0.01,0.01,0.02,0.35,-0.16,0.93,0.92,-0.61,-3.36,R
97.644,80,0,0,255,0,-0.83,-3.99,9.19,-0.03,-0.09,0.05,-1.52,-3.40,7.81,-0.24,-2.83,0.87,-1.20,1.28,9.59,0.23,0.03,0.00,-1.35,1.12,9.70,0.13,0.02,-0.00,-0.72,7.05,6.77,-0.01,0.02,0.01,0.33,-0.14,0.94,-3.36,-1.16,3.23,R
97.695,82,0,0,255,0,-0.84,-3.84,9.14,0.03,-0.06,0.04,-0.35,4.23,9.37,0.07,-0.95,0.17,-1.09,1.13,9.66,-0.02,-0.05,0.03,-1.35,1.15,9.68,-0.01,0.00,-0.00,-0.74,7.18,6.80,-0.04,0.01,-0.02,0.37,-0.15,0.95,3.66,0.98,0.85,R
97.746,77,0,0,255,0,-0.85,-4.05,9.14,-0.07,-0.01,-0.00,1.38,0.29,3.13,-0.51,0.94,0.14,-1.09,1.18,9.69,-0.42,-0.10,0.05,-1.31,1.15,9.72,-0.25,0.01,0.02,-0.71,7.15,6.84,-0.10,0.05,0.01,0.33,-0.15,0.94,8.06,-1.46,-2.14,R
97.797,101,0,0,255,0,-0.81,-4.08,9.06,-0.01,0.09,-0.07,-3.54,0.61,5.23,-0.58,6.09,-0.80,-0.67,1.13,9.48,-0.73,-0.25,0.05,-1.44,0.47,9.16,-0.35,-0.09,-0.05,-0.65,6.72,6.96,-0.33,-0.04,-0.06,0.37,-0.22,0.94,10.99,-3.91,-1.34,R
97.848,69,0,0,255,0,-1.03,-3.88,9.08,-0.13,0.01,0.03,-2.48,-0.51,8.60,-0.15,0.32,0.01,-1.24,1.52,9.60,0.08,-0.01,-0.03,-1.28,1.06,9.73,-0.12,0.00,0.02,-0.81,7.00,6.94,0.02,0.01,-0.00,0.33,-0.16,0.93,3.85,2.32,0.37,R
97.899,49,0,0,255,0,-0.80,-3.88,9.08,0.04,0.01,-0.01,-1.78,1.43,9.87,-0.03,0.11,0.09,-1.09,0.84,9.73,0.01,0.01,-0.02,-1.36,0.88,9.77,0.00,0.01,-0.01,-0.76,7.10,6.95,0.00,0.02,-0.01,0.34,-0.17,0.93,0.24,0.49,0.55,R
97.95,19,0,0,255,0,-0.92,-3.98,9.09,-0.01,-0.00,-0.02,-1.92,1.17,9.81,-0.05,-0.03,0.01,-1.08,0.68,9.77,-0.04,0.00,-0.00,-1.34,0.84,9.74,-0.00,0.01,-0.00,-0.83,7.06,6.95,0.01,0.02,-0.01,0.33,-0.16,0.95,1.59,-0.12,-0.37,R
98.001,87,0,0,255,0,-0.83,-4.04,9.19,0.00,0.02,-0.02,-2.84,1.26,9.72,0.05,0.16,0.07,-1.03,0.87,9.76,-0.03,0.01,0.00,-1.28,0.91,9.74,-0.00,0.01,-0.00,-0.74,7.09,6.95,0.02,0.02,-0.01,0.33,-0.17,0.94,-0.49,0.12,-0.43,R
98.052,99,0,0,255,0,-0.84,-4.01,9.17,0.01,0.01,-0.01,-2.10,1.19,9.54,-0.01,0.02,0.01,-1.06,0.81,9.78,-0.02,0.01,-0.01,-1.38,0.96,9.77,-0.00,0.01,-0.00,-0.81,7.09,6.91,0.00,0.02,-0.01,0.34,-0.17,0.94,0.49,0.37,-0.55,R
98.103,9,0,0,255,0,-0.84,-4.07,9.07,-0.01,0.01,-0.01,-2.15,1.25,9.56,-0.02,0.05,0.01,-1.09,0.75,9.73,0.01,0.03,-0.00,-1.31,0.96,9.75,0.04,0.03,-0.00,-0.80,7.05,6.95,0.02,0.02,-0.01,0.33,-0.17,0.94,-1.16,0.61,0.12,R
98.154,9,0,0,255,0,-0.88,-3.96,9.16,0.01,0.01,-0.01,-2.13,1.25,9.54,0.02,0.07,0.00,-1.14,0.80,9.74,-0.02,0.03,0.01,-1.32,1.01,9.73,0.03,0.02,-0.00,-0.77,7.09,6.93,0.03,0.02,-0.01,0.34,-0.16,0.94,-1.16,0.92,-0.18,R
98.205,25,0,0,255,0,-0.91,-3.94,9.15,0.00,0.02,-0.00,-2.14,1.20,9.50,0.00,0.06,0.00,-1.14,0.90,9.74,0.01,0.02,-0.00,-1.42,0.96,9.73,0.00,0.01,0.00,-0.75,7.10,6.93,0.01,0.01,-0.00,0.34,-0.16,0.94,-0.67,0.18,0.18,R
98.256,12,0,0,255,0,-0.87,-4.00,9.13,0.00,0.01,-0.01,-2.16,1.23,9.55,0.02,0.05,0.00,-1.13,0.76,9.68,0.01,0.03,-0.00,-1.42,0.96,9.65,0.03,0.02,0.00,-0.75,7.04,6.86,0.03,0.02,0.00,0.34,-0.16,0.94,-1.59,0.49,0.18,R
98.307,4,0,0,255,0,-0.80,-4.08,9.12,-0.00,0.01,-0.01,-2.16,1.18,9.37,0.04,0.09,-0.01,-1.10,0.88,9.71,0.03,0.03,-0.01,-1.35,1.02,9.68,0.03,0.02,-0.00,-0.72,7.11,6.90,0.01,0.02,-0.01,0.34,-0.16,0.94,-1.40,0.06,0.24,R
98.359,8,0,0,255,0,-0.82,-4.05,9.06,0.00,0.01,-0.00,-2.17,1.19,9.53,0.00,0.04,0.01,-1.10,0.89,9.75,-0.01,0.01,0.01,-1.34,1.02,9.71,0.00,0.02,0.00,-0.73,7.08,6.91,-0.02,0.02,0.00,0.34,-0.16,0.94,-0.49,-0.06,-0.18,R
98.409,18,0,0,255,0,-0.84,-4.02,9.15,-0.00,0.01,-0.00,-2.22,1.23,9.52,0.00,0.04,0.00,-1.15,0.86,9.74,-0.00,0.02,-0.00,-1.33,0.99,9.77,0.01,0.01,0.00,-0.74,7.12,6.85,0.02,0.02,-0.01,0.33,-0.16,0.94,-0.31,0.06,0.37,R
98.46,52,0,0,255,0,-0.87,-4.00,9.10,0.02,0.01,-0.00,-2.20,1.20,9.50,-0.01,0.04,0.00,-1.12,1.00,9.77,-0.01,0.01,-0.00,-1.29,0.93,9.69,0.00,0.02,-0.00,-0.75,7.09,6.91,0.01,0.02,0.00,0.34,-0.16,0.94,1.16,0.73,0.73,R
98.511,87,0,0,255,0,-0.91,-3.99,9.16,0.02,0.01,-0.00,-2.20,1.33,9.50,0.02,0.05,0.01,-1.17,0.92,9.73,0.01,0.01,0.01,-1.32,1.03,9.71,0.02,0.02,0.01,-0.70,7.17,6.94,0.04,0.02,-0.01,0.34,-0.16,0.94,-0.61,1.04,0.00,R
98.562,98,0,0,255,0,-0.86,-3.98,9.16,0.01,0.02,0.00,-2.28,1.30,9.50,0.01,0.05,0.00,-1.16,0.92,9.73,-0.02,0.01,-0.00,-1.35,0.97,9.72,0.01,0.02,0.00,-0.77,7.15,6.88,0.01,0.02,0.00,0.34,-0.16,0.93,-0.31,0.49,0.37,R
98.613,97,0,0,255,0,-0.89,-4.01,9.10,0.01,0.01,0.00,-2.26,1.31,9.53,0.01,0.04,0.00,-1.11,0.95,9.71,0.00,0.02,0.00,-1.33,1.07,9.64,0.02,0.02,0.00,-0.73,7.15,6.81,0.02,0.02,-0.01,0.35,-0.15,0.94,0.31,0.92,0.31,R
98.664,98,0,0,255,0,-0.87,-3.99,9.14,-0.01,0.01,-0.00,-2.31,1.33,9.49,-0.01,0.03,-0.00,-1.22,0.96,9.71,-0.04,0.01,0.01,-1.37,1.03,9.75,-0.00,0.02,-0.00,-0.72,7.07,6.86,-0.00,0.02,-0.00,0.34,-0.16,0.94,0.67,-0.37,0.43,R
98.715,15,0,0,255,0,-0.89,-3.99,9.15,0.00,0.03,0.00,-2.29,1.25,9.53,-0.01,0.04,0.00,-1.19,1.02,9.70,-0.01,0.01,0.01,-1.40,1.04,9.73,0.00,0.02,0.00,-0.75,7.14,6.90,-0.01,0.03,0.00,0.34,-0.16,0.94,0.31,0.37,0.43,R
98.766,1,0,0,255,0,-0.78,-4.04,9.11,-0.00,0.02,-0.00,-2.23,1.28,9.50,-0.01,0.04,-0.00,-1.19,0.94,9.71,-0.03,0.01,-0.00,-1.36,1.00,9.74,-0.01,0.02,-0.00,-0.76,7.12,6.90,0.00,0.02,-0.01,0.34,-0.15,0.93,1.65,0.37,0.79,R
98.817,15,0,0,255,0,-0.93,-4.04,9.17,-0.01,0.01,-0.01,-2.37,1.32,9.48,-0.03,0.01,-0.01,-1.21,0.96,9.71,-0.07,-0.01,0.01,-1.34,1.01,9.76,-0.02,0.02,0.00,-0.72,7.05,6.86,0.00,0.02,-0.00,0.34,-0.16,0.94,1.59,-0.18,0.61,R
98.868,7,0,0,255,0,-0.84,-3.98,9.17,0.02,0.02,0.00,-2.26,1.26,9.56,0.01,0.04,0.00,-1.15,0.93,9.73,0.01,0.02,0.00,-1.41,1.04,9.74,0.00,0.02,0.00,-0.76,7.06,6.89,0.01,0.02,-0.01,0.35,-0.16,0.94,-0.73,0.61,0.31,R
98.919,3,0,0,255,0,-0.85,-4.00,9.08,0.00,0.01,-0.00,-2.27,1.32,9.49,0.01,0.03,-0.00,-1.14,1.10,9.74,-0.03,-0.00,0.01,-1.39,1.02,9.76,-0.02,0.01,0.00,-0.73,7.14,6.83,0.00,0.01,-0.01,0.35,-0.15,0.94,1.34,0.06,0.31,R
98.97,31,0,0,255,0,-0.87,-4.04,9.11,-0.01,0.01,-0.01,-2.27,1.25,9.51,-0.01,0.04,-0.00,-1.22,0.91,9.73,-0.02,0.01,0.00,-1.40,1.02,9.72,0.02,0.02,0.01,-0.74,7.08,6.92,0.04,0.03,-0.01,0.33,-0.16,0.94,0.24,0.31,0.49,R
99.021,54,0,0,255,0,-0.87,-3.94,9.17,0.02,0.02,0.01,-2.10,1.34,9.49,0.04,0.06,-0.00,-1.14,0.94,9.72,0.01,0.03,0.01,-1.36,1.03,9.72,0.03,0.03,0.01,-0.73,7.09,6.85,0.03,0.03,-0.01,0.35,-0.15,0.94,-0.85,1.34,0.49,R
99.072,96,0,0,255,0,-0.94,-3.97,9.14,0.01,0.02,-0.01,-2.44,1.39,9.44,-0.00,0.05,-0.00,-1.13,1.01,9.72,-0.05,0.00,0.01,-1.35,0.91,9.68,-0.00,0.02,0.00,-0.79,7.17,6.79,0.04,0.02,-0.01,0.34,-0.15,0.94,-0.24,0.49,0.67,R
99.123,98,0,0,255,0,-0.86,-3.96,9.14,-0.00,0.02,0.01,-2.27,1.36,9.50,-0.02,0.04,-0.00,-1.17,1.02,9.73,-0.02,0.02,0.00,-1.36,1.09,9.75,0.01,0.02,-0.00,-0.71,7.11,6.94,0.00,0.02,0.00,0.34,-0.15,0.94,0.61,0.55,0.73,R
99.174,2,0,0,255,0,-0.84,-3.94,9.12,0.02,0.02,-0.00,-2.22,1.45,9.47,0.06,0.08,0.00,-1.24,0.98,9.68,0.02,0.04,0.00,-1.41,1.04,9.78,0.07,0.04,-0.00,-0.78,7.08,6.90,0.04,0.02,0.00,0.35,-0.16,0.93,-1.46,1.22,0.31,R
99.225,1,0,0,255,0,-0.93,-3.98,9.11,0.04,0.05,0.01,-2.60,1.34,9.39,0.06,0.14,0.01,-1.35,1.33,9.60,0.01,0.03,0.00,-1.38,1.28,9.73,-0.02,0.01,0.00,-0.73,7.09,6.89,-0.01,0.03,-0.01,0.36,-0.14,0.94,-1.10,0.49,0.00,R
99.276,11,0,0,255,0,-0.92,-3.92,9.17,0.01,0.02,-0.01,-2.44,1.32,9.47,-0.03,0.05,0.00,-1.32,1.02,9.70,-0.02,0.02,0.00,-1.41,1.10,9.69,0.00,0.02,-0.00,-0.78,7.16,6.87,0.01,0.02,-0.01,0.35,-0.15,0.94,-1.71,-0.31,0.67,R
99.327,7,0,0,255,1,-0.96,-3.96,9.22,0.01,0.02,0.00,-2.43,1.45,9.52,0.01,0.06,0.00,-1.29,1.04,9.70,-0.01,0.03,0.00,-1.40,1.12,9.68,0.04,0.03,-0.01,-0.79,7.29,6.82,0.01,0.02,-0.01,0.35,-0.15,0.93,1.28,1.10,0.98,R
99.378,16,0,0,255,0,-0.91,-3.99,9.16,0.01,0.03,0.01,-2.51,1.35,9.38,0.04,0.15,0.01,-1.33,1.12,9.69,0.04,0.06,0.01,-1.32,1.20,9.64,0.08,0.03,0.01,-0.75,7.19,6.80,0.06,0.02,0.00,0.35,-0.15,0.94,-2.08,2.26,0.37,R
99.429,13,0,0,255,0,-0.91,-3.85,9.19,0.01,0.04,0.00,-2.67,1.50,9.50,0.01,0.09,-0.00,-1.30,1.13,9.76,0.00,0.03,0.00,-1.42,1.23,9.70,0.02,0.02,-0.01,-0.81,7.19,6.83,-0.01,0.02,-0.01,0.36,-0.15,0.94,0.00,-0.18,0.37,R
99.48,4,0,0,255,0,-0.90,-3.94,9.19,-0.01,0.01,-0.00,-2.54,1.39,9.43,-0.00,0.06,-0.00,-1.33,1.11,9.66,-0.02,0.02,0.00,-1.44,1.24,9.70,0.02,0.02,-0.01,-0.76,7.30,6.78,-0.00,0.02,-0.02,0.35,-0.14,0.94,0.61,-0.49,0.43,R
99.531,20,0,0,255,0,-0.96,-3.92,9.17,-0.03,0.01,-0.00,-2.62,1.35,9.38,-0.02,0.03,-0.00,-1.30,1.20,9.68,-0.04,0.00,-0.01,-1.44,1.26,9.69,-0.02,0.01,-0.01,-0.78,7.21,6.80,-0.02,0.01,-0.01,0.35,-0.15,0.94,1.04,-1.28,0.73,R
99.582,15,0,0,255,0,-0.91,-3.99,9.20,-0.03,0.00,-0.01,-2.55,1.38,9.41,-0.01,0.03,-0.01,-1.36,1.09,9.67,-0.04,0.01,0.00,-1.43,1.17,9.69,-0.02,0.02,-0.01,-0.72,7.16,6.78,-0.01,0.02,-0.01,0.35,-0.14,0.94,0.92,-0.98,0.55,R
99.633,11,0,0,255,0,-0.88,-4.02,9.15,-0.02,0.00,-0.01,-2.57,1.33,9.39,-0.01,0.04,-0.00,-1.32,1.12,9.65,-0.01,0.02,-0.00,-1.46,1.20,9.68,0.01,0.01,0.00,-0.75,7.18,6.74,0.02,0.02,-0.01,0.35,-0.15,0.93,2.81,0.43,1.22,R
99.684,14,0,0,255,2,-0.90,-3.93,9.10,-0.01,0.01,-0.01,-2.60,1.30,9.43,-0.01,0.05,-0.00,-1.31,1.14,9.68,-0.04,0.02,0.00,-1.43,1.27,9.64,-0.01,0.02,-0.01,-0.77,7.14,6.84,-0.03,0.01,-0.02,0.36,-0.15,0.94,2.26,-0.12,0.85,R
99.736,97,0,0,255,0,-0.92,-4.06,9.08,-0.05,0.02,-0.01,-2.47,1.38,9.57,-0.04,0.06,-0.01,-1.34,1.13,9.65,-0.06,0.02,-0.00,-1.46,1.23,9.72,-0.02,0.02,-0.02,-0.76,7.14,6.84,-0.02,0.01,-0.04,0.35,-0.15,0.93,-1.04,-1.83,0.00,R
99.786,97,0,0,255,0,-0.95,-4.06,9.12,-0.06,0.03,-0.02,-2.69,1.32,9.43,-0.03,0.06,-0.02,-1.35,1.04,9.72,-0.04,0.03,-0.01,-1.41,1.26,9.69,-0.02,0.02,-0.02,-0.80,7.17,6.84,-0.03,0.01,-0.02,0.34,-0.15,0.94,-1.04,-1.28,0.98,R
99.837,98,0,0,255,0,-0.93,-4.09,9.09,-0.03,0.04,-0.01,-0.21,1.61,8.97,-0.02,0.06,-0.01,-1.38,1.09,9.66,-0.03,0.03,-0.00,-1.51,1.26,9.69,0.01,0.03,-0.02,-0.77,7.08,6.89,-0.01,0.02,-0.02,0.35,-0.15,0.94,0.24,0.00,1.83,R
99.888,12,0,0,255,0,-0.67,-3.64,8.51,-0.04,0.02,-0.00,-3.24,1.26,9.56,0.03,0.15,-0.00,-1.37,1.19,9.68,-0.01,0.02,-0.01,-1.48,1.29,9.72,0.01,0.02,-0.01,-0.79,7.20,6.89,0.01,0.02,-0.02,0.35,-0.14,0.93,-1.10,0.31,1.40,R
99.939,16,0,0,255,0,-0.95,-4.07,9.11,-0.02,0.02,-0.00,-2.74,1.30,9.42,0.03,0.07,0.00,-1.35,1.16,9.66,0.01,0.02,0.00,-1.44,1.26,9.65,0.02,0.06,-0.00,-0.76,7.09,6.87,0.05,0.02,-0.01,0.34,-0.15,0.94,-5.07,0.37,0.06,R
99.99,12,0,0,255,0,-0.97,-4.12,9.10,-0.00,0.02,0.00,-3.55,1.24,9.69,0.03,0.18,0.01,-1.36,1.09,9.64,0.01,0.04,0.00,-1.52,1.29,9.70,0.07,0.04,-0.01,-0.80,7.12,6.80,0.05,0.02,-0.01,0.35,-0.13,0.93,-12.45,-0.37,-1.40,R
100.041,8,0,0,255,0,-0.91,-4.19,9.05,0.03,0.05,0.00,-2.54,1.32,9.36,0.03,0.09,0.01,-1.43,1.19,9.63,0.02,0.04,0.01,-1.49,1.40,9.66,0.09,0.04,0.00,-0.79,7.20,6.78,0.07,0.02,-0.00,0.34,-0.13,0.94,-4.46,4.58,-0.98,R
100.092,14,0,0,255,0,-0.85,-4.22,9.04,0.06,0.05,0.01,-2.76,1.35,9.42,0.07,0.14,0.03,-1.39,1.09,9.64,0.03,0.06,0.02,-1.54,1.36,9.63,0.09,0.06,0.01,-0.84,7.12,6.86,0.08,0.03,-0.00,0.36,-0.12,0.94,-3.97,8.36,-0.98,R
100.143,27,0,0,255,0,-0.97,-4.04,9.06,0.04,0.06,-0.02,-3.15,1.39,9.22,0.05,0.21,0.01,-1.48,1.16,9.67,0.02,0.07,-0.00,-1.51,1.44,9.67,0.09,0.05,-0.02,-0.83,7.25,6.76,0.04,0.02,-0.01,0.36,-0.13,0.94,-9.09,2.87,-4.82,R
100.194,98,0,0,255,0,-1.25,-3.88,9.11,0.06,0.05,-0.02,-3.06,1.30,9.25,0.14,0.09,-0.01,-1.50,1.14,9.71,0.17,-0.04,-0.09,-1.42,1.47,9.66,0.12,-0.00,-0.03,-0.63,6.80,6.92,0.17,0.01,0.02,0.30,-0.09,0.99,-6.29,11.90,-5.92,R
100.245,98,0,0,255,0,-0.94,-4.18,8.95,0.92,0.26,0.45,-2.85,1.87,9.28,0.90,0.26,0.22,-2.54,1.36,9.80,0.65,0.11,0.31,-1.50,1.77,9.45,0.67,0.08,0.09,-0.43,8.03,6.47,0.70,0.32,0.09,0.44,-0.09,0.91,2.75,59.02,-5.37,R
100.296,97,0,0,255,0,-1.15,-3.06,9.45,0.24,0.15,0.20,-2.93,2.57,9.00,0.16,0.08,0.04,-1.48,1.98,9.51,0.08,-0.02,0.00,-1.66,2.05,9.51,-0.04,-0.02,-0.02,-0.87,7.60,6.37,-0.14,0.01,-0.02,0.48,-0.14,0.85,16.36,2.81,3.11,R
100.347,6,0,0,255,0,-1.11,-3.78,9.34,-0.25,-0.02,-0.10,-2.94,2.03,9.17,-0.21,-0.05,-0.06,-1.52,1.75,9.50,-0.23,-0.03,-0.01,-1.58,1.85,9.61,-0.19,-0.02,-0.04,-0.84,7.56,6.37,-0.18,0.01,-0.05,0.41,-0.12,0.92,3.42,-14.83,-0.31,R
100.398,14,0,0,255,0,-1.24,-3.71,9.22,-0.24,-0.09,-0.21,-3.00,1.96,9.23,-0.29,-0.03,-0.07,-1.55,1.54,9.57,-0.28,-0.02,-0.02,-1.54,1.71,9.62,-0.23,-0.01,-0.04,-0.78,7.35,6.56,-0.21,0.00,-0.06,0.39,-0.13,0.93,-6.65,-20.26,0.06,R
100.449,20,0,0,255,0,-1.13,-3.98,9.09,-0.17,-0.05,-0.15,-2.98,1.62,9.34,-0.17,0.01,-0.04,-1.54,1.44,9.58,-0.16,0.02,-0.01,-1.59,1.53,9.59,-0.09,0.01,-0.02,-0.82,7.32,6.60,-0.05,0.01,-0.03,0.36,-0.13,0.93,-4.33,-9.64,-0.85,R
100.5,9,0,0,255,0,-1.23,-3.96,9.12,-0.02,-0.01,-0.04,-3.03,1.67,9.27,-0.04,0.02,0.02,-1.63,1.42,9.63,0.00,0.00,0.01,-1.54,1.62,9.62,0.03,0.01,0.02,-0.83,7.37,6.61,0.05,0.02,0.02,0.37,-0.12,0.93,-4.76,-2.99,-1.65,R
100.551,91,0,0,255,0,-1.14,-3.96,9.12,0.04,-0.00,0.01,-2.87,1.81,9.22,0.10,-0.01,0.03,-1.47,1.45,9.63,0.04,-0.10,0.02,-1.40,1.55,9.55,0.07,-0.06,0.03,-0.68,7.24,6.56,0.16,0.02,0.06,0.35,-0.09,0.96,3.23,2.20,-3.60,R
100.602,97,0,0,255,0,-0.75,-3.89,9.10,0.41,0.15,0.16,-2.80,1.85,9.34,0.46,-0.01,0.06,-1.12,1.60,9.55,0.19,-0.10,0.01,-1.46,1.82,9.61,0.18,-0.05,-0.02,-0.80,7.56,6.41,0.13,-0.02,0.00,0.44,-0.12,0.91,14.34,23.62,-6.65,R
100.653,96,0,0,255,0,-1.36,-3.64,9.32,0.18,0.13,0.00,-3.04,2.12,8.98,0.18,-0.02,-0.04,-1.63,1.77,9.61,0.05,-0.06,-0.04,-1.63,1.80,9.58,0.01,-0.05,-0.03,-0.84,7.42,6.52,0.02,-0.03,0.00,0.38,-0.19,0.89,12.82,6.71,-5.25,R
100.704,7,0,0,255,0,-1.45,-3.60,9.34,0.05,0.00,-0.06,-2.97,2.15,9.12,0.10,0.02,0.02,-1.47,1.81,9.59,0.08,-0.01,0.02,-1.38,1.85,9.64,0.06,0.00,0.03,-0.75,7.61,6.43,0.08,0.02,0.01,0.41,-0.14,0.90,-6.47,-0.18,-4.03,R
100.757,10,0,0,255,0,-1.16,-3.62,9.23,-0.14,-0.07,-0.09,-2.81,2.20,9.18,-0.15,-0.07,-0.01,-1.24,1.90,9.56,-0.13,-0.07,0.01,-1.32,1.88,9.59,-0.16,-0.04,-0.01,-0.61,7.61,6.42,-0.13,-0.00,-0.04,0.41,-0.11,0.94,2.99,-10.44,-1.10,R
100.806,17,0,0,255,0,-1.24,-3.87,9.19,-0.10,-0.04,-0.06,-2.82,2.11,9.13,-0.13,-0.22,-0.02,-1.34,1.81,9.58,-0.27,-0.12,0.00,-1.47,1.72,9.64,-0.26,-0.05,-0.02,-0.77,7.51,6.44,-0.20,-0.01,-0.04,0.40,-0.14,0.92,8.18,-11.05,-0.49,R
100.857,14,0,0,255,0,-1.20,-3.78,9.18,-0.17,-0.17,-0.09,-2.59,1.87,9.24,-0.36,-0.48,-0.04,-1.22,1.53,9.66,-0.41,-0.25,0.00,-1.33,1.40,9.72,-0.44,-0.10,-0.04,-0.79,7.36,6.58,-0.35,-0.01,-0.06,0.39,-0.14,0.93,17.03,-16.97,0.92,R
100.908,20,0,0,255,0,-0.99,-3.76,9.17,-0.13,-0.06,-0.18,-2.56,1.77,9.32,-0.24,-0.34,-0.04,-1.02,1.49,9.73,-0.38,-0.23,0.03,-1.10,1.41,9.82,-0.39,-0.07,-0.04,-0.66,7.24,6.69,-0.30,-0.01,-0.03,0.38,-0.16,0.95,20.75,-10.62,-0.73,R
100.959,33,0,0,255,0,-1.33,-3.27,9.49,0.07,-0.13,0.14,-3.00,1.60,10.07,-0.49,-0.42,-0.05,-0.93,0.50,9.73,-0.48,-0.18,0.14,-1.73,1.08,9.80,-0.31,-0.03,-0.04,-0.89,7.18,6.85,-0.27,0.00,-0.05,0.32,-0.20,0.94,23.50,-17.64,4.70,R
101.01,9,0,0,255,0,-0.50,-3.95,9.17,0.25,0.01,0.17,-1.88,1.35,9.64,-0.24,-0.14,-0.01,-1.00,1.05,9.81,-0.21,-0.05,-0.01,-1.32,1.07,9.71,-0.21,-0.01,-0.01,-0.74,7.14,6.90,-0.14,0.01,-0.03,0.35,-0.19,0.90,15.20,-3.48,2.08,R
101.062,4,0,0,255,0,-0.79,-4.05,9.14,0.15,-0.09,0.18,-1.94,1.29,9.57,-0.29,-0.10,-0.04,-0.95,0.82,9.62,-0.30,-0.02,-0.00,-1.94,0.13,9.57,-0.21,0.01,0.00,-0.72,6.97,7.03,-0.19,-0.00,-0.07,0.33,-0.20,0.93,11.60,-13.24,1.16,R
101.113,20,0,0,255,0,-0.76,-3.74,9.24,0.10,-0.04,0.09,-1.90,1.09,9.63,-0.21,-0.03,0.01,-0.97,0.66,9.75,-0.16,-0.02,0.02,-1.33,0.80,9.80,-0.06,0.02,0.00,-0.79,6.84,7.08,-0.05,0.02,0.00,0.31,-0.23,0.90,8.00,-4.82,0.37,R
101.163,15,0,0,255,0,-0.67,-2.64,9.61,0.15,-0.24,0.54,-1.85,0.93,9.59,-0.40,-0.17,0.04,-0.89,0.65,9.77,-0.20,-0.04,0.03,-1.28,0.80,9.78,-0.14,-0.00,0.01,-0.74,7.00,7.02,-0.14,0.03,0.00,0.32,-0.22,0.95,6.29,-11.54,0.37,R
101.214,98,0,0,255,0,-1.58,-3.74,10.88,0.75,-0.97,0.60,-1.67,0.69,9.72,-0.24,-0.08,-0.01,-0.86,0.55,9.76,-0.22,-0.01,-0.00,-1.33,0.78,9.83,-0.19,-0.01,-0.02,-0.85,6.94,7.05,-0.18,0.01,-0.05,0.33,-0.23,0.88,5.62,-9.09,-0.37,R
101.265,97,0,0,255,0,1.06,-7.81,10.09,1.55,-3.60,-0.02,-1.87,0.60,9.63,-0.14,-0.01,-0.01,-0.95,0.11,9.96,-0.18,-0.01,0.05,-1.15,0.40,9.76,-0.02,0.01,0.04,-0.66,6.64,7.16,0.11,0.05,0.05,0.21,-0.23,0.98,0.24,-8.30,2.14,R
101.316,96,0,0,255,0,2.54,-0.87,9.26,1.14,-1.56,-0.19,-1.88,0.47,9.48,-0.03,-0.02,0.05,-0.82,0.53,9.73,-0.11,-0.00,0.05,-1.28,0.67,9.76,-0.04,0.01,0.03,-0.89,6.87,7.15,-0.09,0.04,0.02,0.35,-0.22,0.92,0.00,0.12,1.59,R
101.367,9,0,0,255,0,2.34,-1.22,8.91,0.13,-0.35,-0.02,-1.84,0.67,9.76,-0.14,0.09,0.00,-1.05,0.29,9.84,-0.06,0.01,0.01,-1.27,0.90,9.75,-0.04,0.01,-0.01,-0.65,6.97,7.11,-0.11,0.02,0.00,0.30,-0.23,0.97,2.08,-6.65,1.46,R
101.418,6,0,0,255,0,2.16,-2.13,9.29,-0.44,0.66,0.40,-1.70,0.70,9.71,-0.04,0.00,-0.03,-0.90,0.18,9.81,-0.06,0.01,-0.03,-1.27,0.53,9.75,-0.06,0.02,-0.04,-0.79,6.78,7.20,-0.06,0.00,-0.05,0.31,-0.23,0.92,3.60,-1.46,0.73,R
101.469,16,0,0,255,0,1.30,-0.09,5.10,-1.64,2.41,0.87,-1.78,0.72,9.65,0.04,0.03,-0.06,-0.97,0.47,9.79,0.14,0.03,-0.08,-1.27,0.82,9.72,-0.01,0.02,-0.09,-0.81,6.90,7.18,-0.17,-0.04,-0.08,0.34,-0.22,0.92,3.42,-4.58,0.24,R
101.521,6,0,0,255,0,-1.63,-0.52,16.54,0.33,0.38,-0.20,-1.91,0.61,9.63,-0.02,-0.01,-0.05,-1.10,0.36,9.73,0.06,0.05,-0.08,-1.34,0.60,9.80,-0.14,0.01,-0.06,-0.74,6.72,7.28,-0.15,-0.03,-0.09,0.32,-0.23,0.93,-1.59,1.71,4.21,R
101.571,12,0,0,255,0,0.45,-3.02,9.09,-0.95,-0.44,0.57,0.03,1.01,10.36,0.05,-0.18,-0.07,0.46,1.53,9.74,-0.11,-0.23,-0.16,-1.05,1.80,9.88,0.19,0.05,-0.09,-0.80,6.56,7.37,-0.03,-0.01,-0.05,0.27,-0.20,0.95,6.71,-2.20,8.54,R
101.622,24,0,0,255,0,0.36,-3.29,9.82,-0.32,0.16,0.21,-1.45,0.67,9.71,-0.04,0.01,-0.00,-0.98,0.57,9.75,-0.04,-0.00,-0.01,-1.39,0.48,9.75,-0.05,0.01,-0.01,-0.86,6.77,7.32,-0.05,0.02,-0.01,0.32,-0.24,0.91,7.39,-1.34,5.98,R
101.673,27,0,0,255,0,0.52,-3.43,9.34,-0.02,0.01,-0.06,-1.62,0.59,9.72,-0.10,0.02,-0.00,-0.86,0.45,9.76,-0.04,0.01,-0.01,-1.30,0.46,9.79,-0.04,0.01,-0.01,-0.81,6.65,7.39,-0.07,0.00,-0.00,0.29,-0.23,0.92,-2.87,-3.54,3.36,R
101.724,76,0,0,255,0,0.26,-3.12,9.46,0.02,0.23,-0.18,-1.74,0.63,9.67,0.02,0.04,-0.02,-0.92,0.45,9.79,-0.02,0.01,-0.01,-1.19,0.29,9.77,0.00,0.01,0.00,-0.79,6.44,7.40,0.06,0.02,0.02,0.28,-0.23,0.95,-4.15,0.24,4.03,R
101.775,80,0,0,255,0,0.14,-3.12,9.70,0.01,0.29,-0.13,-1.72,0.64,9.62,0.07,0.07,0.02,-0.95,0.46,9.79,0.05,0.01,0.02,-1.24,0.44,9.81,0.08,0.02,0.01,-0.73,6.61,7.36,0.08,0.01,0.02,0.31,-0.22,0.93,-5.31,5.13,2.56,R
101.826,74,0,0,255,0,0.25,-3.12,9.46,0.01,0.11,-0.07,-1.70,0.59,9.69,0.06,0.06,0.01,-0.93,0.53,9.78,0.06,0.00,-0.00,-1.22,0.52,9.76,0.06,0.02,0.00,-0.82,6.83,7.25,0.04,0.01,0.00,0.32,-0.21,0.96,-4.09,4.33,1.28,R
101.877,79,0,0,255,0,0.10,-3.06,9.46,-0.06,0.19,-0.05,-1.84,0.56,9.71,0.04,0.02,-0.01,-0.96,0.57,9.82,0.02,0.00,-0.02,-1.27,0.51,9.82,-0.02,0.01,-0.01,-0.71,6.65,7.31,-0.01,0.01,-0.02,0.31,-0.21,0.96,-4.03,0.85,0.92,R
101.928,26,0,0,255,0,0.00,-3.09,9.57,-0.07,0.22,-0.02,-1.74,0.75,9.73,-0.10,0.02,-0.04,-0.90,0.54,9.82,-0.04,0.01,-0.04,-1.26,0.47,9.78,-0.05,0.01,-0.03,-0.79,6.72,7.26,-0.07,0.02,-0.04,0.31,-0.21,0.94,0.31,-1.46,2.20,R
101.979,17,0,0,255,0,-0.06,-3.25,9.51,-0.05,0.16,-0.01,-1.70,0.63,9.70,-0.01,0.03,-0.01,-0.94,0.48,9.78,-0.03,0.00,-0.01,-1.25,0.45,9.84,-0.01,0.02,0.00,-0.77,6.66,7.32,0.03,0.02,-0.01,0.30,-0.21,0.92,1.34,0.67,2.69,R
102.03,25,0,0,255,0,-0.26,-3.44,9.92,-0.03,0.19,-0.03,-1.67,0.66,9.74,0.07,0.05,0.01,-1.00,0.50,9.79,0.06,0.01,0.01,-1.29,0.63,9.80,0.07,0.01,0.01,-0.74,6.75,7.28,0.02,0.01,0.02,0.33,-0.21,0.95,0.37,5.55,2.75,R
102.082,22,0,0,255,0,-0.06,-3.22,9.45,-0.01,0.07,-0.03,-1.64,0.71,9.67,-0.00,0.03,-0.00,-0.87,0.55,9.78,0.00,0.00,-0.01,-1.26,0.45,9.81,0.02,0.01,-0.01,-0.80,6.65,7.32,0.02,0.01,-0.01,0.32,-0.20,0.94,-1.89,1.10,1.16,R
102.132,41,0,0,255,0,-0.12,-3.30,9.44,-0.02,0.07,-0.01,-1.71,0.59,9.64,0.04,0.04,-0.00,-0.99,0.53,9.84,0.02,0.01,-0.01,-1.32,0.55,9.83,0.05,0.01,-0.00,-0.73,6.93,7.23,0.04,0.01,0.01,0.31,-0.21,0.93,-4.15,2.62,0.61,R
102.183,100,0,0,255,0,-0.17,-3.32,9.45,-0.01,-0.00,-0.02,-1.70,0.75,9.72,0.04,0.04,0.00,-0.90,0.71,9.77,0.04,0.00,-0.00,-1.24,0.58,9.80,0.03,0.01,-0.00,-0.70,6.71,7.30,0.01,0.01,-0.00,0.33,-0.19,0.95,-2.99,2.26,0.67,R
102.234,101,0,0,255,0,-0.11,-3.27,9.43,-0.02,0.03,-0.02,-1.73,0.70,9.72,-0.01,0.04,-0.01,-0.93,0.54,9.77,0.00,0.01,-0.00,-1.30,0.56,9.80,0.02,0.02,-0.01,-0.74,6.82,7.21,0.02,0.01,-0.00,0.31,-0.20,0.93,-1.89,1.59,0.31,R
102.285,99,0,0,255,0,-0.30,-3.27,9.37,-0.01,0.05,-0.02,-1.75,0.78,9.69,0.03,0.04,0.00,-0.90,0.70,9.78,-0.01,0.00,0.00,-1.23,0.58,9.78,0.02,0.01,-0.00,-0.70,6.65,7.29,-0.01,0.02,0.01,0.32,-0.19,0.94,-2.32,0.85,0.12,R
102.336,100,0,0,255,0,-0.17,-3.28,9.42,0.00,0.03,-0.00,-1.75,0.80,9.68,-0.01,0.03,0.00,-0.92,0.60,9.76,-0.05,0.01,0.00,-1.28,0.54,9.80,0.00,0.02,-0.01,-0.73,6.68,7.31,-0.00,0.02,-0.01,0.32,-0.19,0.93,3.78,0.31,0.43,R
102.387,99,0,0,255,0,-0.16,-3.31,9.37,0.01,0.04,-0.02,-1.72,0.63,9.70,0.05,0.04,0.02,-0.87,0.51,9.79,0.02,0.01,0.02,-1.29,0.61,9.83,0.07,0.02,0.02,-0.73,6.81,7.31,0.06,0.03,0.02,0.32,-0.20,0.93,-1.22,2.56,-0.92,R
102.438,69,0,0,255,0,-0.17,-3.30,9.42,-0.02,0.06,-0.02,-1.80,0.76,9.65,0.05,0.06,0.01,-0.91,0.65,9.74,-0.00,0.01,0.01,-1.24,0.58,9.79,0.05,0.02,0.00,-0.75,6.71,7.28,0.04,0.03,-0.00,0.32,-0.19,0.94,-0.55,0.24,-1.10,R
102.49,47,0,0,255,0,-0.14,-3.38,9.53,0.02,0.18,-0.04,-1.74,0.78,9.66,0.11,0.19,0.01,-0.95,0.63,9.74,0.02,0.04,0.01,-1.32,0.58,9.80,0.10,0.02,0.01,-0.74,6.76,7.24,0.09,0.03,0.01,0.32,-0.20,0.92,-3.05,1.77,-1.95,R
102.54,42,0,0,255,0,0.58,-4.13,8.38,-0.15,1.04,-0.51,-2.34,0.82,9.21,0.45,0.79,-0.04,-0.85,0.94,9.77,0.07,0.10,0.03,-1.19,0.75,9.79,0.11,0.02,0.00,-0.67,6.83,7.16,0.13,0.05,-0.02,0.35,-0.18,0.97,-3.97,1.95,-3.36,R
102.591,14,0,0,255,0,-2.43,-2.65,9.56,-0.18,1.00,-0.47,-2.06,1.32,9.63,0.30,0.69,-0.04,-0.97,0.77,9.85,0.05,0.10,-0.01,-1.35,0.83,9.82,0.07,0.02,-0.01,-0.73,6.86,7.16,0.05,0.03,-0.01,0.33,-0.20,0.93,-2.32,0.67,-2.62,R
102.643,29,0,0,255,0,-1.27,-3.45,9.60,-0.08,0.27,-0.14,-2.65,1.33,9.35,0.11,0.37,-0.01,-1.12,0.96,9.74,0.03,0.10,0.01,-1.18,0.79,9.75,0.03,0.02,0.00,-0.76,6.79,7.10,0.06,0.03,-0.01,0.33,-0.18,0.94,-0.61,0.92,-1.28,R
102.693,56,0,0,255,0,-2.38,-3.62,9.18,-0.01,0.63,-0.27,-2.90,1.34,9.42,0.09,0.42,0.01,-1.06,0.78,9.77,-0.02,0.18,0.04,-1.31,0.88,9.80,0.09,0.02,0.02,-0.69,6.94,7.07,0.07,0.05,0.03,0.33,-0.19,0.94,-0.67,1.16,-2.81,R
102.744,99,0,0,255,0,-1.76,-3.81,9.03,0.04,0.58,-0.28,-3.11,1.31,9.28,-0.02,0.33,0.03,-1.23,0.73,9.79,-0.13,0.13,0.02,-1.24,0.85,9.77,0.01,0.02,0.01,-0.75,6.97,7.14,0.01,0.04,-0.01,0.32,-0.19,0.93,2.14,-1.40,-2.01,R
102.795,101,0,0,255,0,-1.51,-3.70,9.53,0.08,0.68,-0.13,-3.30,1.26,9.34,0.04,0.40,0.06,-1.24,0.85,9.72,-0.03,0.07,0.04,-1.35,0.91,9.76,0.03,0.03,0.03,-0.76,6.89,7.07,0.05,0.05,0.02,0.33,-0.19,0.94,-0.85,0.98,-2.08,R
102.846,98,0,0,255,0,-1.96,-3.50,9.21,-0.02,0.20,-0.08,-3.27,1.37,9.21,0.00,0.20,0.02,-1.22,0.82,9.76,-0.03,0.12,0.03,-1.24,0.95,9.83,0.03,0.05,0.03,-0.75,6.95,7.12,0.06,0.05,0.02,0.32,-0.18,0.94,-0.61,-1.34,-0.98,R
102.897,96,0,0,255,0,-1.91,-3.75,9.15,-0.08,0.08,-0.03,-3.30,1.33,9.15,-0.00,0.13,0.02,-1.33,0.77,9.73,-0.06,0.12,0.04,-1.38,0.85,9.68,0.02,0.10,0.03,-0.78,7.06,7.04,0.06,0.04,0.03,0.32,-0.19,0.94,-1.16,-1.04,-1.59,R
102.948,12,0,0,255,0,-2.28,-3.61,8.97,-0.03,0.19,-0.03,-3.40,1.43,9.18,-0.00,0.16,0.03,-1.37,0.81,9.73,-0.07,0.10,0.04,-1.45,0.96,9.73,0.04,0.05,0.02,-0.70,6.92,6.97,0.03,0.03,0.02,0.32,-0.19,0.94,-1.53,-1.22,-2.01,R
103.0,11,0,0,255,7,-2.19,-3.57,9.09,-0.02,0.35,-0.07,-3.58,1.30,9.18,-0.05,0.19,0.02,-1.48,0.73,9.69,-0.08,0.06,0.03,-1.60,1.10,9.54,0.00,0.06,0.01,-0.72,6.96,7.06,0.04,0.04,0.03,0.31,-0.19,0.94,-1.40,-0.37,-0.85,R
103.05,11,0,0,255,14,-3.61,-4.03,9.63,0.23,0.91,-0.30,-3.56,1.31,9.09,-0.07,0.47,0.01,-1.41,0.73,9.66,-0.06,0.07,0.04,-1.50,1.01,9.59,-0.01,0.03,0.01,-0.70,7.00,7.00,-0.01,0.04,0.04,0.32,-0.18,0.94,-2.50,-0.67,-0.61,R
103.101,23,0,0,255,7,-3.01,-3.56,9.00,0.15,0.87,-0.13,-3.86,1.36,8.96,-0.06,0.54,-0.01,-1.47,0.64,9.67,-0.11,0.06,0.03,-1.37,0.89,9.75,0.00,0.03,0.01,-0.72,6.96,7.04,-0.03,0.03,0.02,0.31,-0.17,0.95,-1.65,-0.85,0.06,R
103.152,76,0,0,255,0,-3.41,-3.48,8.77,0.18,1.18,-0.07,-4.60,1.02,8.90,-0.13,1.24,0.02,-1.59,0.64,9.64,-0.01,0.09,0.02,-1.45,0.84,9.69,0.06,0.03,0.01,-0.74,7.09,6.99,-0.00,0.02,0.04,0.31,-0.19,0.94,-3.17,1.16,1.46,R
103.203,96,0,0,255,0,-3.32,-3.14,8.57,0.29,0.99,-0.02,-4.16,1.51,8.65,-0.18,0.94,-0.01,-1.53,0.65,9.72,-0.16,0.01,0.05,-1.41,1.11,9.72,0.02,0.01,0.02,-0.71,7.01,7.02,-0.02,0.04,0.04,0.32,-0.16,0.94,-2.87,1.04,0.24,R
103.254,96,0,0,255,0,-3.58,-3.14,8.71,0.06,0.62,0.08,-4.89,1.27,8.50,-0.14,0.20,0.01,-1.55,0.74,9.72,-0.08,-0.03,0.03,-1.36,0.92,9.78,-0.08,0.02,0.03,-0.65,6.83,7.15,-0.03,0.04,0.01,0.33,-0.17,0.94,-0.92,1.04,0.49,R
103.305,11,0,0,255,0,-4.54,-2.66,8.28,0.12,0.49,0.08,-4.99,1.25,8.38,-0.09,0.29,-0.01,-1.61,0.65,9.72,-0.10,-0.05,0.01,-1.45,0.93,9.76,-0.04,-0.00,0.01,-0.66,6.93,7.07,-0.09,0.02,0.02,0.32,-0.18,0.95,0.06,-0.92,0.67,R
103.357,10,0,0,255,0,-4.65,-3.07,8.27,0.15,0.48,0.13,-4.87,1.05,8.42,-0.14,0.09,0.00,-1.56,0.56,9.74,-0.12,-0.00,0.02,-1.47,0.98,9.73,-0.03,0.02,0.02,-0.69,6.97,7.01,-0.01,0.03,0.02,0.32,-0.16,0.94,0.00,0.55,0.24,R
103.407,15,0,0,255,0,-4.36,-3.61,8.18,0.07,0.28,0.04,-5.08,0.74,8.47,-0.11,0.03,-0.00,-1.46,0.58,9.70,-0.07,0.01,0.02,-1.44,1.06,9.71,-0.03,0.03,0.01,-0.69,6.89,7.09,0.01,0.03,-0.00,0.32,-0.17,0.94,-1.04,0.92,0.61,R
103.458,21,0,0,255,0,-4.59,-3.53,8.07,0.01,0.14,0.05,-5.12,0.97,8.49,-0.01,0.01,-0.01,-1.47,0.52,9.73,-0.10,-0.01,0.01,-1.39,0.79,9.69,-0.05,0.01,0.01,-0.73,6.89,7.05,-0.05,0.03,0.01,0.33,-0.17,0.95,0.49,-0.43,0.43,R
103.509,34,0,0,255,0,-5.22,-3.36,8.09,0.04,0.47,0.01,-5.18,0.93,8.45,0.00,0.36,0.00,-1.44,0.75,9.75,-0.09,-0.01,0.00,-1.45,0.96,9.71,-0.05,0.02,-0.00,-0.70,6.96,7.06,-0.02,0.01,-0.00,0.32,-0.17,0.94,-0.55,-0.98,0.31,R
103.56,46,0,0,255,0,-4.91,-3.41,8.59,-0.12,0.21,0.03,-5.25,0.98,8.35,-0.05,0.04,-0.02,-1.52,0.40,9.75,-0.12,-0.02,0.01,-1.43,0.90,9.73,-0.04,0.02,0.01,-0.65,6.94,7.06,0.02,0.02,-0.01,0.32,-0.17,0.94,0.43,0.00,0.55,R
103.611,30,0,0,255,0,-5.13,-2.87,7.91,0.05,0.46,0.03,-5.42,0.60,8.21,-0.04,0.45,-0.04,-1.52,0.32,9.68,-0.03,0.02,0.01,-1.47,0.83,9.70,0.01,0.02,-0.01,-0.70,6.73,7.23,-0.04,0.02,0.01,0.31,-0.17,0.94,-1.65,-0.49,1.77,R
103.662,15,0,0,255,0,-4.76,-2.93,7.66,-0.15,0.58,0.05,-5.59,0.82,8.02,0.01,0.57,-0.02,-1.58,0.41,9.70,-0.05,0.02,0.02,-1.51,0.93,9.73,0.02,0.02,0.01,-0.63,6.91,7.12,-0.01,0.01,0.00,0.33,-0.16,0.94,-1.65,0.00,0.98,R
103.713,11,0,0,255,0,-5.28,-3.39,8.11,-0.09,0.56,0.02,-5.88,0.83,7.94,0.01,0.70,-0.04,-1.53,0.52,9.73,0.10,0.03,-0.01,-1.47,1.02,9.71,0.07,0.02,-0.00,-0.73,6.95,7.14,-0.00,0.02,-0.00,0.31,-0.17,0.94,-3.72,1.46,1.65,R
103.764,17,0,0,255,0,-5.63,-3.50,7.68,-0.07,0.65,-0.01,-5.87,1.37,7.76,0.23,0.80,-0.01,-1.54,0.69,9.68,0.06,0.06,0.00,-1.69,1.03,9.68,0.06,0.07,0.01,-0.60,6.86,7.13,-0.00,0.01,-0.01,0.33,-0.15,0.95,-3.17,0.85,0.98,R
103.815,26,0,0,255,0,-6.05,-3.24,6.96,-0.08,0.41,0.02,-6.58,1.05,7.58,0.07,0.45,-0.03,-1.48,0.48,9.77,0.01,0.02,-0.01,-1.41,0.95,9.71,0.03,0.04,-0.01,-0.64,6.83,7.08,-0.01,0.02,-0.03,0.33,-0.16,0.96,-1.28,0.06,1.95,R
103.866,80,0,0,255,0,-6.39,-2.89,6.92,-0.55,0.58,0.01,-6.40,0.77,7.34,0.40,0.79,0.10,-1.57,0.63,9.62,0.15,0.07,0.05,-1.55,1.14,9.68,0.06,0.05,0.03,-0.68,7.01,7.14,0.06,0.04,0.02,0.32,-0.16,0.95,-1.95,1.40,2.69,R
103.917,96,0,0,255,0,-6.33,-3.65,6.96,-1.20,0.32,0.16,-6.89,1.04,7.07,0.22,0.42,0.07,-1.63,0.48,9.71,0.06,0.03,0.02,-1.51,1.02,9.72,0.05,0.02,0.04,-0.68,6.82,7.12,0.09,0.03,0.01,0.33,-0.15,0.93,-0.61,2.62,2.44,R
103.968,99,0,0,255,0,-6.28,-5.09,6.39,-0.39,1.02,0.13,-4.66,1.55,6.35,2.10,1.52,0.29,2.83,0.74,10.41,0.58,0.34,-0.02,-3.03,-0.79,10.93,-0.80,-0.18,0.32,-0.77,6.52,7.44,-0.09,0.04,0.08,0.33,-0.15,0.96,-0.55,8.42,0.61,R
104.019,61,0,0,255,0,-6.75,-3.75,5.40,-0.52,1.07,0.06,-6.86,4.78,5.47,1.36,1.07,0.13,-1.54,1.54,9.35,0.41,0.14,0.11,-1.27,0.93,9.79,0.17,-0.19,0.04,-0.69,7.05,7.13,-0.13,0.01,0.02,0.35,-0.14,0.95,-1.34,5.68,2.93,R
104.07,7,0,0,255,0,-7.25,-4.64,5.45,-0.33,1.02,0.15,-6.20,3.22,4.86,0.17,0.77,0.83,-2.12,1.56,8.92,1.02,0.58,-0.19,-1.45,1.61,10.03,0.62,-0.09,-0.02,-0.69,6.95,7.10,-0.07,0.00,0.01,0.36,-0.16,0.93,-6.59,6.71,8.48,R
104.121,4,0,0,255,0,-7.49,-4.19,5.04,-0.12,1.43,0.13,-8.18,3.78,4.89,0.36,1.94,0.37,-1.21,1.92,9.25,0.83,0.43,-0.06,-1.09,1.48,9.74,0.34,-0.17,-0.04,-0.53,6.74,7.20,-0.09,-0.02,-0.01,0.38,-0.12,0.96,-5.86,6.71,4.03,R
104.172,38,0,0,255,0,-8.01,-3.32,4.42,-0.14,0.86,-0.04,-7.33,3.29,3.91,0.11,1.52,0.06,-1.48,2.32,9.03,0.73,0.25,-0.22,-1.09,1.43,9.71,0.34,-0.06,-0.21,-0.78,6.42,7.69,0.25,-0.19,-0.27,0.38,-0.12,0.95,-1.83,-3.42,4.88,R
104.223,15,0,0,255,0,-7.93,-4.11,4.33,-0.36,0.61,-0.16,-9.18,3.18,3.09,0.38,3.25,-0.25,-1.57,1.81,9.75,0.38,-0.19,-0.25,-1.32,1.71,9.48,0.46,-0.02,-0.33,-0.67,7.01,7.01,0.96,-0.44,-0.56,0.37,-0.12,0.97,4.03,-5.49,4.27,R
104.274,254,247,85,255,26,-7.92,-4.33,4.16,-0.23,0.45,-0.24,-9.18,2.59,1.01,0.25,2.10,-0.03,-2.44,2.81,9.17,0.37,-0.05,-0.20,-1.31,2.28,9.48,0.28,0.00,-0.21,-0.68,7.50,6.56,0.10,-0.16,-0.25,0.32,-0.12,0.90,-3.66,-2.32,1.53,R
104.325,253,248,79,255,25,-8.31,-4.46,3.33,-0.06,0.02,-0.10,-9.92,3.22,1.36,0.10,1.26,-0.21,-2.20,2.68,9.12,-0.09,-0.11,-0.06,-1.13,1.74,9.62,-0.13,-0.04,-0.03,-0.50,7.20,6.81,-0.08,0.03,-0.02,0.30,-0.12,0.95,3.85,-5.19,1.40,R
104.376,251,249,78,255,29,-8.00,-4.49,3.85,0.06,-0.01,0.04,-10.22,3.26,0.67,0.28,1.13,0.09,-2.30,2.78,9.18,0.06,-0.03,-0.01,-1.28,1.68,9.64,0.02,-0.01,-0.02,-0.79,7.19,6.86,-0.15,0.02,0.03,0.36,-0.13,0.93,-0.18,1.59,-0.43,R
104.427,245,250,73,255,25,-8.26,-4.24,3.62,0.04,-0.02,0.03,-9.39,3.67,0.48,0.13,0.63,-0.08,-2.14,2.82,8.96,-0.03,-0.15,-0.05,-1.00,1.91,9.57,0.01,-0.02,-0.04,-0.61,7.09,6.90,-0.17,0.06,0.03,0.34,-0.11,0.95,-2.20,-0.61,0.73,R
104.478,246,250,76,255,27,-8.13,-4.41,3.77,0.04,-0.01,0.05,-9.40,3.75,0.18,-0.04,-0.08,0.03,-2.31,3.29,8.95,-0.10,0.02,0.01,-1.07,1.97,9.60,-0.06,0.03,0.00,-0.69,7.03,6.90,0.01,0.04,-0.01,0.35,-0.12,0.94,-1.10,-0.49,0.43,R
104.529,244,247,77,255,25,-8.08,-4.55,3.78,0.03,0.03,0.02,-9.36,3.41,0.28,-0.03,-0.14,0.07,-2.22,2.96,9.08,-0.01,0.05,-0.00,-1.12,1.98,9.58,-0.02,0.06,-0.00,-0.74,7.17,6.92,0.01,0.02,-0.01,0.36,-0.12,0.94,-1.46,1.16,0.61,R
104.58,243,247,80,255,26,-8.03,-4.63,3.67,0.12,0.12,0.05,-9.10,3.00,0.22,0.04,0.08,-0.01,-2.17,2.94,9.09,-0.02,0.03,-0.01,-1.19,1.97,9.59,-0.03,0.04,-0.02,-0.71,7.07,7.02,-0.06,0.01,-0.01,0.35,-0.11,0.96,1.22,-0.67,0.06,R
104.632,243,246,76,255,25,-8.12,-4.38,3.73,0.03,-0.01,-0.01,-9.97,2.93,0.19,-0.04,0.13,0.03,-2.46,2.82,9.14,-0.06,0.06,0.01,-1.21,1.81,9.61,0.02,0.05,0.02,-0.73,6.99,6.92,0.06,0.03,0.01,0.32,-0.14,0.93,0.67,0.61,0.37,R
104.682,241,245,79,255,29,-7.96,-4.85,3.64,0.06,-0.05,0.02,-7.89,2.20,-1.00,0.08,0.19,0.00,-2.21,2.75,9.13,-0.01,0.02,0.02,-1.27,2.02,9.61,0.01,0.03,0.01,-0.52,7.25,6.84,-0.04,0.03,-0.01,0.36,-0.10,0.96,1.28,1.22,0.49,R
104.733,240,248,79,255,27,-8.05,-4.54,3.93,0.01,0.09,0.04,-10.77,3.39,0.14,0.13,0.62,0.04,-2.62,2.97,9.53,0.16,0.04,-0.12,-1.04,2.60,9.06,0.11,0.08,-0.03,-0.67,7.08,6.86,0.03,0.03,-0.01,0.35,-0.13,0.93,0.85,0.49,-0.18,R
104.784,239,249,81,255,26,-7.94,-5.20,3.93,-0.26,0.05,-0.05,-8.67,3.02,-1.15,0.05,0.92,0.13,-1.90,3.21,9.47,0.24,0.07,-0.10,-1.32,1.91,9.56,0.09,0.07,0.04,-0.67,7.17,6.90,0.06,0.02,0.01,0.35,-0.12,0.95,-1.65,3.91,1.65,R
104.835,237,252,83,255,26,-8.08,-4.47,3.63,-0.09,0.01,-0.11,-7.94,3.39,-1.58,0.19,1.38,-0.03,-2.39,2.97,9.01,0.10,-0.04,-0.08,-1.14,1.94,9.58,0.03,0.01,-0.04,-0.59,7.01,6.92,-0.08,-0.00,-0.04,0.36,-0.11,0.94,0.92,-1.65,1.77,R
104.886,237,255,81,255,27,-8.03,-4.42,3.75,-0.06,-0.04,-0.04,-9.03,3.26,-1.64,0.17,1.07,0.02,-2.42,3.22,8.95,0.16,-0.07,-0.06,-1.21,1.96,9.56,-0.01,0.01,-0.01,-0.61,7.09,6.92,-0.04,0.02,0.00,0.34,-0.11,0.94,1.16,0.00,0.31,R
104.937,235,255,83,255,25,-7.98,-4.40,3.80,-0.01,0.01,0.02,-9.26,3.82,-2.55,0.21,0.96,0.04,-2.47,3.20,8.96,0.04,0.00,-0.01,-1.23,1.90,9.57,0.01,0.04,0.02,-0.71,6.96,7.07,0.03,0.04,0.02,0.35,-0.13,0.93,-3.30,0.06,-0.61,R
104.988,235,255,83,255,26,-7.97,-4.51,3.77,0.04,-0.01,0.02,-8.37,3.06,-2.04,0.10,0.59,0.01,-2.23,3.65,8.78,-0.07,0.06,-0.01,-1.24,2.24,9.50,-0.07,0.04,-0.01,-0.62,7.21,6.95,-0.06,0.02,-0.01,0.37,-0.10,0.95,-0.61,0.31,0.55,R
105.039,236,249,83,255,26,-7.86,-4.70,3.89,-0.00,-0.02,0.01,-8.76,2.73,-3.24,-0.02,0.16,-0.11,-2.44,3.29,8.85,-0.03,0.03,-0.02,-1.28,2.05,9.57,0.00,0.03,-0.01,-0.74,7.13,6.99,-0.00,0.02,-0.01,0.34,-0.13,0.93,-1.04,-0.06,0.73,R
105.09,234,248,81,255,27,-8.06,-4.49,3.81,0.03,0.01,0.02,-8.88,3.22,-2.88,-0.03,0.06,-0.12,-2.39,3.36,8.90,-0.05,0.04,-0.02,-1.24,1.96,9.54,-0.05,0.04,-0.01,-0.66,6.93,7.05,-0.01,0.03,-0.02,0.35,-0.11,0.94,-0.55,0.55,1.16,R
105.141,235,255,84,255,25,-8.07,-4.41,3.75,0.01,-0.06,0.02,-9.05,2.90,-2.87,0.24,0.05,0.02,-2.42,3.17,8.94,-0.09,-0.01,0.02,-1.25,1.97,9.60,-0.04,0.02,0.02,-0.59,6.92,7.01,0.05,0.04,0.02,0.35,-0.12,0.95,0.24,0.79,0.06,R
105.192,233,255,84,255,25,-7.97,-4.50,3.86,-0.06,-0.14,-0.03,-9.70,3.04,-0.99,-0.29,-0.55,-0.12,-2.49,3.31,8.87,-0.15,0.00,0.02,-1.24,1.99,9.57,-0.04,0.02,0.01,-0.56,7.15,6.97,0.05,0.02,-0.01,0.37,-0.12,0.93,1.53,1.95,0.55,R
105.243,232,253,81,255,25,-8.13,-4.38,3.82,-0.05,-0.13,-0.01,-11.89,5.18,-2.17,-0.44,-1.85,0.15,-2.45,3.02,9.13,-0.22,0.01,0.03,-1.26,1.86,9.52,-0.10,0.07,-0.02,-0.61,7.08,6.94,0.06,0.03,-0.01,0.35,-0.13,0.96,1.95,-0.85,1.28,R
105.294,232,252,80,255,24,-8.05,-4.32,3.82,0.06,-0.08,0.04,-9.40,3.44,-1.29,-0.68,-2.34,0.16,-2.27,3.04,9.22,-0.24,0.00,0.05,-1.34,1.94,9.63,-0.11,0.03,0.01,-0.60,7.04,6.92,0.03,0.04,-0.00,0.37,-0.12,0.94,2.38,-0.55,2.38,R
105.345,229,249,78,255,25,-8.09,-4.27,3.97,-0.10,-0.15,-0.10,-10.32,5.06,1.13,-1.00,-2.87,0.33,-2.34,2.89,9.01,-0.30,-0.07,0.11,-1.23,1.96,9.50,-0.13,0.00,0.02,-0.67,7.16,6.86,0.06,0.03,-0.01,0.35,-0.11,0.94,2.81,-1.95,2.87,R
105.396,229,245,79,255,26,-8.18,-3.87,4.63,-0.12,-0.50,0.13,-7.35,2.06,-0.38,-0.78,-2.13,0.12,-3.08,2.57,8.45,-0.15,-0.18,0.03,-1.26,1.89,9.50,-0.19,-0.04,0.03,-0.67,7.05,6.87,-0.00,0.03,0.01,0.35,-0.12,0.94,1.53,-1.77,2.14,R
105.447,226,241,73,255,23,-8.15,-4.22,4.89,-0.28,-2.34,0.41,-7.15,3.30,3.32,-0.69,-2.37,-0.05,-6.00,3.60,7.52,-0.72,-0.63,0.00,-0.82,2.10,9.06,-0.14,0.00,-0.01,-0.65,7.31,6.72,-0.09,0.03,-0.03,0.37,-0.10,0.94,6.16,-4.88,1.22,R
105.498,199,227,69,255,18,-6.79,-4.11,5.17,0.17,-4.57,0.84,-7.96,2.32,6.17,-1.27,-6.54,-0.68,-1.30,1.92,9.23,-1.18,-0.35,0.06,-1.23,1.61,9.82,-0.59,0.04,0.03,-0.66,6.96,7.02,-0.19,0.04,-0.04,0.35,-0.12,0.96,8.97,-9.52,-0.92,R
105.55,155,208,64,255,24,-5.72,-4.47,6.53,0.43,-3.31,0.55,-5.99,3.72,5.95,-0.72,-3.58,-0.58,-2.12,1.31,9.15,-1.33,-0.32,0.18,-1.34,0.94,9.68,-0.94,0.04,0.03,-0.75,6.97,7.02,-0.22,0.04,0.01,0.33,-0.12,0.94,12.94,-6.90,-5.68,R
105.601,126,176,61,255,26,-5.72,-4.10,7.58,0.20,-1.56,0.31,-4.87,0.81,7.06,-0.53,-2.17,-0.04,-1.45,1.02,9.64,-0.41,-0.39,0.05,-1.21,0.68,9.76,-0.41,-0.00,0.08,-0.67,6.89,7.11,-0.04,0.05,0.04,0.31,-0.13,0.93,4.46,-4.39,-1.71,R
105.651,111,154,61,255,27,-3.09,-4.26,8.33,0.36,-1.11,0.08,-3.46,1.97,7.19,-0.23,-0.91,-0.15,-1.72,1.20,9.43,-0.19,-0.27,0.05,-1.19,0.83,9.63,-0.29,-0.01,0.06,-0.70,7.07,7.05,-0.06,0.03,0.01,0.35,-0.14,0.95,5.43,-2.20,-3.91,R
105.702,100,134,60,255,24,-3.95,-3.28,8.39,0.22,-0.96,0.19,-4.78,1.90,9.85,-0.39,-0.27,0.18,-1.39,1.17,9.75,-0.17,-0.12,0.03,0.66,-0.86,9.63,-0.12,0.01,0.03,-0.76,6.76,7.18,-0.03,0.04,0.00,0.32,-0.15,0.95,5.62,-3.78,-0.98,R
105.753,83,123,56,255,24,-3.95,-3.56,8.68,0.39,-1.21,-0.07,-2.92,1.72,7.93,-0.28,-0.59,0.05,-1.25,1.19,9.61,-0.15,-0.08,0.03,-1.20,0.56,9.77,-0.05,0.02,0.00,-0.69,6.80,7.18,-0.04,0.04,0.02,0.34,-0.15,0.95,0.92,2.32,-2.62,R
105.804,69,109,54,255,20,-3.30,-2.19,9.04,0.08,-0.50,0.00,-6.46,0.35,14.20,-1.20,-0.41,-0.08,-1.24,0.64,9.77,-0.20,-0.09,0.01,-1.05,0.31,9.74,-0.15,-0.02,-0.00,-0.68,6.62,7.25,-0.05,0.02,-0.01,0.32,-0.17,0.95,3.85,-2.62,-0.24,R
105.855,63,101,50,255,24,-2.67,-3.31,9.07,0.19,-0.50,-0.02,-3.72,1.20,9.08,-0.01,-0.14,0.00,-1.12,0.96,9.62,-0.04,0.01,0.02,-1.24,0.48,9.72,0.03,0.02,0.01,-0.71,6.83,7.15,0.00,0.03,0.01,0.33,-0.15,0.95,0.79,2.38,-1.22,R
105.907,54,98,49,255,23,-3.48,-0.52,9.50,0.26,-0.39,-0.10,-4.07,1.78,8.67,-0.22,-0.23,-0.04,-1.47,0.83,9.89,-0.34,-0.05,0.03,-1.20,0.38,9.75,-0.10,0.01,-0.01,-0.66,6.90,7.12,-0.04,0.01,-0.02,0.32,-0.16,0.94,2.26,-0.06,0.06,R
105.957,51,95,49,255,25,-2.49,-3.02,9.17,0.04,-0.15,0.01,-3.40,1.34,9.35,-0.06,-0.19,-0.01,-1.26,0.76,9.76,-0.04,-0.01,0.00,-1.24,0.45,9.80,0.02,0.01,-0.01,-0.72,6.82,7.29,-0.01,0.02,0.00,0.33,-0.16,0.94,0.85,0.37,-1.10,R
106.008,49,91,48,255,24,-2.40,-3.51,9.18,0.09,-0.21,-0.16,-3.43,1.56,9.05,0.04,-0.04,0.00,-1.13,0.93,9.68,-0.09,0.01,0.02,-1.13,0.53,9.79,0.03,0.02,-0.02,-0.62,6.74,7.17,-0.00,0.01,-0.01,0.33,-0.15,0.95,0.73,2.75,-1.28,R
106.059,48,92,46,255,24,-2.60,-2.62,9.31,-0.01,-0.05,-0.09,-3.51,1.48,9.14,-0.01,0.04,-0.02,-1.25,0.72,9.74,-0.11,0.05,0.01,-1.31,0.53,9.77,0.05,0.03,-0.01,-0.69,6.82,7.25,0.03,0.02,-0.02,0.33,-0.16,0.94,-0.49,2.14,-0.61,R
106.11,48,89,47,255,24,-2.13,-3.52,9.15,-0.07,-0.04,-0.19,-3.71,1.05,9.50,0.22,0.04,0.08,-1.25,0.67,9.76,0.15,0.06,0.01,-1.28,0.51,9.77,0.23,0.05,0.01,-0.65,6.81,7.18,0.15,0.04,0.03,0.32,-0.16,0.95,-4.27,6.10,-1.71,R
106.161,48,90,47,255,26,-2.78,-2.43,9.44,0.04,-0.01,-0.46,-4.77,1.07,11.75,0.37,-0.64,-0.01,-1.38,0.86,9.78,0.17,0.05,0.04,-1.32,0.65,9.74,0.20,0.05,0.01,-0.67,6.83,7.17,0.10,0.04,0.02,0.35,-0.16,0.94,-3.36,4.76,-1.77,R
106.212,46,89,49,255,26,-2.26,-2.94,9.31,-0.08,-0.19,-0.16,-2.34,1.79,7.93,0.04,-1.41,0.26,-1.74,1.14,9.97,0.19,0.01,0.05,-1.20,0.77,9.67,0.12,0.04,0.04,-0.65,6.83,7.23,0.10,0.04,0.04,0.33,-0.14,0.94,-5.37,4.03,-0.18,R
106.263,45,85,53,255,23,-2.06,-3.37,9.44,-0.08,-0.38,0.05,-1.04,0.69,6.98,0.25,-1.43,0.04,-1.26,1.13,9.62,0.27,-0.01,0.05,-1.38,1.03,9.70,0.22,0.06,0.03,-0.72,7.01,7.04,0.15,0.05,0.03,0.34,-0.13,0.94,-5.68,4.88,-1.34,R
106.314,41,82,54,255,27,-2.05,-2.53,9.39,-0.08,-0.11,-0.13,-0.30,2.65,6.38,-0.04,-0.21,-0.03,-1.21,1.59,9.57,-0.15,-0.01,0.01,-1.31,1.13,9.72,-0.07,0.02,-0.02,-0.63,7.02,7.03,-0.05,0.01,-0.04,0.36,-0.12,0.94,2.62,-0.31,-0.37,R
106.366,40,78,51,255,26,-1.98,-3.21,9.20,-0.14,0.03,-0.08,0.16,0.92,3.98,-0.45,1.61,-0.17,-1.19,1.18,9.66,-0.54,-0.09,-0.04,-1.34,0.89,9.79,-0.31,-0.01,-0.05,-0.74,6.89,7.08,-0.20,0.01,-0.03,0.36,-0.13,0.93,8.79,-3.30,-0.85,R
106.417,41,67,45,255,27,-2.06,-3.28,9.27,-0.07,0.20,-0.21,-18.29,10.73,45.54,-1.45,1.20,-0.29,-0.15,-0.16,9.91,-0.36,-0.24,-0.00,-0.79,-0.48,9.96,-0.21,0.02,-0.03,-0.71,6.21,7.43,0.04,0.01,-0.06,0.31,-0.24,0.98,13.67,-9.95,-1.83,R
106.467,42,48,40,255,26,-2.18,-3.11,9.22,-0.14,0.06,-0.02,-2.88,0.92,9.33,0.19,-0.05,-0.09,-1.21,1.12,9.72,-0.08,-0.02,0.00,-1.30,0.58,9.79,-0.07,0.01,-0.01,-0.60,6.74,7.22,0.01,0.01,-0.01,0.33,-0.18,0.94,2.26,1.95,-0.31,R
106.518,43,47,36,255,25,-2.00,-3.26,9.20,0.04,-0.00,-0.01,-2.62,1.58,9.39,-0.16,0.06,0.03,-1.13,0.82,9.72,-0.05,-0.01,0.01,-1.30,0.79,9.81,0.00,0.01,0.00,-0.64,6.81,7.26,0.01,0.02,0.01,0.34,-0.15,0.94,-0.61,2.32,0.31,R
106.569,41,46,38,255,24,-1.88,-3.31,9.21,0.02,0.04,0.00,-2.66,1.40,9.35,-0.10,0.05,0.01,-1.08,0.76,9.75,-0.05,-0.01,0.01,-1.26,0.68,9.73,0.01,0.00,-0.01,-0.69,6.81,7.13,0.02,0.01,-0.00,0.34,-0.16,0.94,2.01,1.22,-0.55,R
106.62,42,45,38,255,25,-2.14,-2.90,9.28,-0.04,0.03,-0.08,-2.73,1.54,9.39,-0.03,0.07,0.01,-1.13,0.86,9.76,-0.05,0.01,0.02,-1.25,0.75,9.78,0.00,0.01,0.00,-0.66,6.77,7.20,0.01,0.02,0.01,0.34,-0.16,0.94,0.37,1.10,-0.92,R
106.671,43,47,38,255,24,-1.95,-3.43,9.25,0.02,0.03,-0.02,-2.73,1.51,9.34,-0.06,0.03,0.02,-1.08,0.81,9.73,-0.03,0.01,0.01,-1.27,0.70,9.73,0.01,0.02,0.00,-0.65,6.88,7.11,0.03,0.02,0.00,0.34,-0.16,0.93,0.55,1.77,-0.92,R
106.722,42,46,35,255,25,-2.05,-3.38,9.23,-0.02,0.02,-0.08,-2.74,1.19,9.44,0.21,-0.04,-0.02,-1.11,0.73,9.74,-0.02,-0.01,0.01,-1.25,0.71,9.75,-0.02,0.01,0.00,-0.65,6.84,7.17,-0.01,0.02,0.00,0.34,-0.16,0.93,5.80,-3.11,-2.14,R
106.773,110,0,0,255,0,-2.08,-2.99,9.18,0.04,0.04,-0.06,-4.34,0.97,9.51,0.34,-0.31,0.03,-1.09,0.86,9.74,-0.01,-0.01,0.04,-1.16,0.85,9.79,0.04,0.00,0.00,-0.63,7.01,7.15,0.06,0.02,-0.02,0.36,-0.17,0.94,3.23,0.79,-3.05,R
106.824,115,0,0,255,0,-2.05,-3.50,9.28,-0.02,-0.01,-0.04,-2.43,0.17,10.86,-0.32,-0.94,-0.11,-1.17,0.73,9.71,-0.02,-0.02,0.05,-1.36,0.66,9.76,-0.01,0.02,0.02,-0.67,6.79,7.16,0.01,0.02,0.00,0.33,-0.18,0.94,2.44,-0.06,-2.56,R
106.876,117,0,0,255,0,-2.19,-3.31,9.22,-0.06,-0.21,0.05,-1.16,1.28,5.80,-0.57,-2.43,0.92,-1.04,0.69,9.75,0.14,-0.05,0.02,-1.30,0.85,9.75,0.09,0.02,0.02,-0.66,6.94,7.15,0.02,0.03,0.03,0.33,-0.16,0.93,-2.50,1.10,1.89,R
106.926,117,0,0,255,0,-1.77,-3.29,9.26,-0.00,-0.03,-0.00,-1.04,1.34,10.86,-0.03,-1.57,0.19,-0.97,0.95,9.71,0.11,-0.03,0.02,-1.24,0.84,9.75,0.06,0.02,0.01,-0.60,6.89,7.12,0.00,0.02,-0.01,0.35,-0.17,0.94,-2.93,-2.08,0.00,R
106.977,107,0,0,255,0,-1.97,-3.39,9.27,-0.03,0.01,-0.01,-0.02,1.90,9.14,0.10,-0.70,0.02,-1.07,1.06,9.73,0.01,-0.01,0.03,-1.33,0.77,9.75,0.05,0.02,0.00,-0.65,6.82,7.17,0.01,0.02,0.01,0.33,-0.17,0.93,0.37,0.67,-0.85,R
107.028,118,0,0,255,0,-1.80,-3.38,9.21,-0.03,-0.05,0.00,0.78,2.34,8.00,0.21,-0.49,-0.24,-0.98,1.32,9.71,0.11,0.01,0.00,-1.32,1.02,9.77,0.03,0.01,0.01,-0.65,7.04,7.11,0.01,0.02,0.01,0.34,-0.15,0.94,-1.71,0.37,-1.22,R
107.079,115,0,0,255,0,-1.82,-3.24,9.29,0.02,0.01,-0.00,0.55,0.87,9.19,-0.10,0.21,0.00,-0.95,0.98,9.72,-0.10,-0.01,-0.01,-1.25,0.82,9.72,-0.05,0.01,-0.01,-0.59,6.90,7.12,0.00,0.02,-0.02,0.34,-0.16,0.93,1.59,-0.12,-0.92,R
107.13,110,0,0,255,0,-1.96,-3.36,9.16,0.00,-0.00,-0.03,1.38,1.00,7.04,0.01,0.70,-0.49,-0.93,0.96,9.69,-0.26,-0.02,-0.01,-1.23,0.92,9.79,-0.19,0.00,-0.01,-0.61,6.95,7.07,-0.12,0.02,-0.01,0.34,-0.16,0.94,3.17,-2.20,-0.79,R
107.182,106,0,0,255,0,-1.70,-3.48,9.26,-0.02,0.04,-0.06,-0.74,2.33,6.54,-0.42,3.36,-0.52,-0.95,0.94,9.72,-0.44,0.02,-0.05,-1.29,0.78,9.75,-0.32,0.00,-0.03,-0.65,6.90,7.18,-0.14,0.02,-0.04,0.35,-0.17,0.94,7.26,-3.78,-3.36,R
107.233,111,0,0,255,0,-1.78,-4.51,9.00,-0.31,0.08,0.07,-2.99,8.15,19.94,0.79,-0.37,0.00,-0.73,-0.33,9.85,-0.35,0.02,0.05,-1.35,-0.00,9.68,-0.16,0.03,0.01,-0.61,6.18,7.44,0.04,0.00,-0.00,0.33,-0.15,0.92,-3.66,0.73,0.67,R
107.283,117,0,0,255,0,-1.92,-3.51,9.23,0.06,0.01,-0.01,-1.67,1.01,9.77,-0.04,0.10,0.02,-0.95,0.44,9.83,-0.06,0.02,0.01,-1.25,0.53,9.75,0.03,0.02,0.00,-0.63,6.95,7.17,0.07,0.01,-0.01,0.33,-0.16,0.94,-1.95,1.77,-0.31,R
107.334,109,0,0,255,0,-1.82,-3.34,9.27,0.01,0.03,-0.01,-1.73,1.57,9.57,0.09,0.03,-0.05,-1.01,0.70,9.78,-0.07,0.01,0.00,-1.23,0.57,9.73,-0.04,0.01,-0.02,-0.62,6.75,7.27,-0.05,0.02,-0.01,0.33,-0.17,0.94,1.71,-1.59,-0.67,R
107.385,109,0,0,255,0,-1.73,-3.96,9.04,-0.00,0.00,-0.04,-1.51,1.37,9.50,0.00,0.10,0.00,-1.01,0.73,9.73,-0.01,0.01,0.01,-1.31,0.69,9.81,0.01,0.02,-0.00,-0.61,6.78,7.20,0.02,0.02,-0.02,0.34,-0.17,0.94,-0.61,1.10,-0.98,R
107.436,109,0,0,255,0,-1.81,-3.32,9.22,0.03,0.02,-0.02,-1.86,1.51,9.59,-0.10,0.14,0.06,-1.06,0.76,9.75,0.00,0.01,-0.00,-1.27,0.63,9.76,0.00,0.02,-0.00,-0.68,6.83,7.24,0.02,0.01,-0.01,0.33,-0.17,0.93,0.55,0.67,-0.98,R
107.487,110,0,0,255,0,-1.86,-3.39,9.24,0.02,0.03,-0.01,-1.77,1.29,9.59,-0.08,0.10,0.03,-1.03,0.60,9.71,-0.02,0.01,0.01,-1.22,0.74,9.80,0.03,0.01,-0.01,-0.66,6.83,7.17,0.01,0.02,-0.01,0.34,-0.17,0.94,1.10,0.85,-0.85,R
107.538,109,0,0,255,0,-1.93,-3.48,9.23,0.01,0.02,-0.04,-1.86,1.33,9.61,0.01,0.08,0.00,-1.02,0.66,9.76,0.00,0.02,0.00,-1.27,0.68,9.75,0.01,0.01,0.00,-0.58,6.80,7.16,0.02,0.02,-0.00,0.33,-0.17,0.94,1.16,0.06,-0.73,R
107.589,109,0,0,255,0,-1.86,-3.40,9.27,-0.01,0.03,-0.01,-1.95,1.34,9.62,-0.03,0.05,-0.00,-0.97,0.77,9.76,-0.02,0.00,-0.01,-1.18,0.63,9.76,0.01,0.01,-0.01,-0.56,6.87,7.12,0.00,0.01,-0.02,0.34,-0.17,0.94,1.40,0.00,-0.37,R
107.64,106,0,0,255,0,-1.98,-3.30,9.30,0.01,0.02,-0.01,-1.95,1.16,9.61,-0.05,0.08,0.01,-1.03,0.77,9.80,-0.02,0.00,0.00,-1.24,0.61,9.78,0.01,0.01,0.00,-0.67,6.79,7.16,0.03,0.02,-0.02,0.33,-0.18,0.94,0.37,1.04,-0.18,R
107.691,98,0,0,255,0,-1.83,-3.37,9.27,0.03,0.02,-0.00,-1.83,1.32,9.63,-0.07,0.11,0.04,-1.00,0.72,9.76,-0.00,0.01,0.01,-1.23,0.69,9.79,0.05,0.02,0.01,-0.61,6.92,7.16,0.08,0.02,-0.01,0.33,-0.18,0.94,-1.46,3.42,-0.37,R
107.742,106,0,0,255,0,-1.91,-3.31,9.26,0.04,0.05,-0.03,-2.04,1.28,9.61,-0.05,0.10,0.03,-1.00,0.82,9.78,-0.01,0.01,-0.00,-1.27,0.71,9.78,0.00,0.02,-0.00,-0.66,6.86,7.17,0.02,0.02,-0.01,0.34,-0.18,0.94,-0.31,1.10,-1.40,R
107.799,96,0,0,255,0,-1.96,-3.29,9.23,0.04,0.04,-0.03,-2.01,1.24,9.59,0.05,0.10,0.02,-1.05,0.87,9.68,0.02,0.01,0.01,-1.28,0.62,9.77,0.04,0.03,0.01,-0.68,6.83,7.17,0.07,0.02,-0.01,0.33,-0.17,0.93,-1.59,3.42,-1.22,R
107.844,108,0,0,255,0,-1.91,-3.35,9.28,0.00,0.03,-0.01,-1.99,1.36,9.50,-0.00,0.07,0.01,-1.02,0.83,9.80,-0.03,0.00,0.00,-1.28,0.72,9.74,0.01,0.02,-0.00,-0.63,6.91,7.14,0.00,0.01,-0.01,0.35,-0.16,0.94,1.34,0.98,-1.04,R
107.895,100,0,0,255,0,-1.97,-3.36,9.29,0.02,0.02,-0.01,-2.04,1.21,9.57,0.03,0.04,0.01,-1.11,0.81,9.75,-0.01,0.00,0.02,-1.28,0.71,9.75,0.02,0.02,0.01,-0.64,6.92,7.09,0.04,0.03,0.00,0.34,-0.17,0.93,-0.31,1.95,-0.79,R
107.946,101,0,0,255,0,-1.84,-3.29,9.26,0.04,0.00,0.00,-2.01,1.32,9.57,-0.00,0.04,0.01,-1.02,0.82,9.72,-0.01,0.01,0.01,-1.26,0.78,9.76,0.02,0.02,0.00,-0.67,6.95,7.10,0.02,0.02,-0.01,0.35,-0.17,0.93,0.55,1.16,-0.61,R
107.998,107,0,0,255,0,-2.02,-3.30,9.26,0.02,0.02,-0.00,-2.06,1.28,9.51,0.05,0.04,0.00,-1.02,0.85,9.76,-0.01,0.01,0.01,-1.26,0.74,9.79,0.02,0.01,0.01,-0.61,6.85,7.13,0.04,0.02,0.00,0.35,-0.16,0.94,0.18,0.85,-1.10,R
108.049,94,0,0,255,0,-1.97,-3.23,9.23,-0.01,0.03,-0.02,-2.14,1.30,9.55,-0.01,0.06,0.00,-1.02,0.87,9.74,0.00,0.02,0.01,-1.32,0.71,9.78,0.01,0.02,0.00,-0.67,6.88,7.13,0.01,0.02,-0.00,0.34,-0.18,0.93,1.34,0.18,-0.98,R
108.099,107,0,0,255,0,-1.96,-3.26,9.29,0.02,-0.00,-0.01,-2.08,1.30,9.59,-0.00,0.07,0.03,-1.08,0.87,9.74,-0.03,0.02,0.02,-1.22,0.68,9.78,0.02,0.03,0.01,-0.64,6.96,7.09,0.04,0.02,-0.01,0.35,-0.17,0.93,0.06,1.16,-0.43,R
108.15,102,0,0,255,0,-1.91,-3.28,9.28,0.01,0.03,-0.01,-1.89,1.29,9.52,0.01,0.10,0.00,-1.06,0.85,9.73,-0.03,0.04,-0.00,-1.36,0.74,9.76,0.01,0.04,0.00,-0.66,6.99,7.09,0.05,0.03,-0.02,0.34,-0.17,0.93,-0.55,0.55,-0.55,R
108.201,95,0,0,255,0,-1.87,-3.51,9.19,0.02,0.01,-0.04,-2.05,1.25,9.52,-0.11,0.09,0.06,-1.11,0.75,9.92,-0.19,0.19,0.10,-1.29,0.90,9.82,0.02,0.28,0.01,-0.67,6.97,7.13,0.06,0.06,0.01,0.34,-0.16,0.94,-1.46,-0.18,-2.20,R
108.252,23,0,0,255,0,-1.96,-3.16,9.38,0.00,0.03,-0.04,-2.14,1.29,9.55,-0.04,0.07,0.03,-1.13,0.70,9.78,-0.03,0.03,0.01,-1.50,0.73,9.77,-0.01,0.05,0.01,-0.62,6.87,7.13,-0.04,0.03,0.02,0.34,-0.17,0.93,-1.71,0.00,-2.50,R
108.303,55,0,0,255,0,-1.96,-3.14,9.23,0.00,0.02,-0.02,-2.17,1.37,9.52,0.05,0.04,0.01,-1.15,0.75,9.73,0.01,-0.01,0.00,-1.48,0.83,9.73,0.02,-0.01,0.00,-0.66,6.99,7.05,0.03,0.02,-0.01,0.35,-0.17,0.94,0.85,0.67,-2.20,R
108.354,89,0,0,255,0,-2.01,-3.25,9.28,0.01,0.02,-0.01,-2.18,1.31,9.55,0.04,0.02,0.00,-1.14,0.79,9.74,0.03,-0.00,-0.00,-1.49,0.77,9.77,0.03,-0.02,0.01,-0.63,7.02,7.03,0.04,0.01,0.01,0.34,-0.17,0.93,0.12,1.10,-1.77,R
108.405,17,0,0,255,0,-1.88,-3.30,9.26,0.02,-0.01,0.00,-2.17,1.36,9.51,0.01,0.03,0.01,-1.15,0.87,9.73,0.02,-0.01,0.00,-1.44,0.85,9.73,0.02,-0.02,0.01,-0.63,6.96,7.05,0.01,0.01,-0.00,0.35,-0.17,0.93,1.34,1.04,-1.16,R
108.456,17,0,0,255,0,-1.92,-3.28,9.27,-0.01,-0.01,0.00,-2.20,1.38,9.48,-0.00,0.04,0.01,-1.12,0.79,9.76,-0.00,0.01,0.00,-1.39,0.81,9.73,0.02,-0.00,0.00,-0.65,6.96,7.06,0.04,0.02,-0.01,0.34,-0.17,0.93,0.43,0.79,-0.61,R
108.507,19,0,0,255,0,-1.98,-3.30,9.28,0.00,0.01,-0.01,-2.20,1.40,9.55,0.02,0.06,0.00,-1.13,0.88,9.75,0.01,0.03,0.00,-1.39,0.74,9.71,0.02,0.01,0.01,-0.62,7.07,7.04,0.03,0.02,0.00,0.35,-0.17,0.93,0.55,0.67,-0.31,R
108.558,39,0,0,255,0,-1.90,-3.31,9.26,-0.03,0.01,-0.01,-2.20,1.45,9.54,-0.01,0.05,0.01,-1.12,0.87,9.72,-0.01,0.01,0.00,-1.43,0.76,9.74,-0.01,0.01,0.00,-0.65,6.97,7.03,0.01,0.02,-0.01,0.35,-0.17,0.93,1.77,0.31,-0.24,R
108.609,82,0,0,255,0,-1.96,-3.28,9.28,-0.01,0.02,-0.02,-2.15,1.44,9.52,0.01,0.07,0.00,-1.00,0.99,9.72,0.02,0.04,0.00,-1.39,0.87,9.74,0.03,0.02,0.00,-0.64,6.97,7.01,0.03,0.02,-0.00,0.35,-0.17,0.93,-0.61,1.40,0.18,R
108.66,90,0,0,255,0,-1.92,-3.37,9.23,-0.04,0.03,-0.01,-2.22,1.39,9.44,0.03,0.10,0.00,-1.16,0.87,9.74,0.00,0.03,0.01,-1.40,0.88,9.75,0.03,0.02,0.00,-0.60,7.07,6.98,0.03,0.02,-0.01,0.35,-0.17,0.93,-0.55,1.59,-0.06,R
108.711,23,0,0,255,0,-1.89,-3.21,9.26,0.02,0.02,-0.00,-2.31,1.36,9.52,0.00,0.05,0.01,-1.17,0.90,9.76,-0.00,0.02,0.00,-1.43,0.87,9.72,0.01,0.01,0.00,-0.60,7.02,7.02,0.01,0.02,-0.01,0.36,-0.17,0.93,-0.49,1.10,-0.49,R
108.762,21,0,0,255,0,-1.91,-3.45,9.29,-0.01,0.02,-0.02,-2.27,1.49,9.49,0.02,0.06,0.00,-1.22,0.88,9.69,-0.01,0.02,0.00,-1.42,0.87,9.72,0.02,0.02,0.00,-0.63,7.07,7.02,0.03,0.02,-0.01,0.35,-0.16,0.93,-1.28,0.67,-0.24,R
108.813,95,0,0,255,0,-1.89,-3.35,9.26,0.00,0.02,0.00,-2.28,1.39,9.53,-0.01,0.05,-0.00,-1.17,0.93,9.68,-0.02,0.02,0.00,-1.40,0.90,9.73,0.00,0.02,-0.00,-0.61,6.97,7.02,0.01,0.01,-0.01,0.35,-0.17,0.93,-0.31,0.43,-0.24,R
108.864,98,0,0,255,0,-2.01,-3.30,9.29,0.00,0.01,-0.01,-2.24,1.46,9.44,0.00,0.04,-0.00,-1.17,0.91,9.73,-0.03,0.01,-0.01,-1.33,0.86,9.73,-0.00,0.01,-0.00,-0.61,7.00,6.96,-0.01,0.02,-0.02,0.35,-0.17,0.93,0.37,-0.49,-0.18,R
108.915,18,0,0,255,0,-1.92,-3.35,9.23,0.00,0.02,-0.01,-2.32,1.48,9.49,-0.01,0.05,-0.00,-1.23,0.95,9.76,-0.04,0.00,-0.00,-1.41,0.87,9.71,-0.02,0.01,0.00,-0.59,7.02,7.00,0.00,0.01,-0.02,0.36,-0.17,0.93,0.31,0.12,0.37,R
108.966,11,0,0,255,0,-1.94,-3.35,9.23,0.01,0.01,-0.01,-2.36,1.49,9.47,-0.01,0.05,0.00,-1.20,0.94,9.76,-0.04,0.01,-0.00,-1.42,0.89,9.71,-0.01,0.02,-0.01,-0.68,6.93,7.02,0.01,0.02,-0.01,0.35,-0.17,0.93,-0.12,0.00,0.98,R
109.017,23,0,0,255,0,-1.94,-3.33,9.21,0.02,0.01,0.00,-2.16,1.44,9.50,0.02,0.07,-0.01,-1.06,0.98,9.72,-0.02,0.02,0.01,-1.41,0.84,9.72,-0.00,0.02,0.01,-0.69,7.06,7.00,0.01,0.02,-0.01,0.36,-0.16,0.93,-0.18,0.85,0.98,R
109.068,31,0,0,255,0,-1.92,-3.30,9.24,-0.00,0.01,-0.00,-2.31,1.48,9.43,0.00,0.04,-0.00,-1.15,0.91,9.73,-0.02,0.02,-0.00,-1.43,0.87,9.71,0.00,0.02,-0.00,-0.70,7.03,7.01,0.01,0.01,-0.01,0.35,-0.17,0.93,0.37,0.55,0.49,R
109.119,51,0,0,255,0,-1.93,-3.28,9.25,0.00,0.01,-0.00,-2.37,1.51,9.44,-0.01,0.05,-0.00,-1.18,0.92,9.71,-0.01,0.02,-0.01,-1.47,0.87,9.76,0.01,0.01,0.00,-0.65,6.96,6.99,0.03,0.02,-0.01,0.35,-0.17,0.93,0.12,0.67,0.67,R
109.17,35,0,0,255,0,-1.92,-3.29,9.25,0.01,0.02,0.00,-2.38,1.52,9.46,-0.01,0.04,-0.00,-1.11,0.94,9.71,-0.05,0.00,0.00,-1.44,0.89,9.73,-0.01,0.01,-0.01,-0.68,6.96,7.04,-0.01,0.02,-0.02,0.36,-0.17,0.93,0.67,-0.37,0.24,R
109.221,34,0,0,255,0,-1.95,-3.39,9.26,0.02,0.01,0.00,-2.43,1.44,9.50,0.03,0.07,0.01,-1.17,0.97,9.67,-0.01,0.03,0.01,-1.44,0.89,9.74,0.01,0.02,0.01,-0.64,7.05,6.92,0.04,0.02,-0.00,0.35,-0.17,0.93,-0.73,1.40,0.61,R
109.274,75,0,0,255,0,-1.92,-3.29,9.29,0.01,0.01,-0.00,-2.43,1.48,9.47,0.00,0.03,-0.00,-1.15,0.96,9.77,-0.03,0.01,-0.00,-1.39,0.89,9.73,-0.00,0.01,0.00,-0.61,7.06,7.01,0.01,0.02,-0.00,0.36,-0.17,0.93,0.18,0.00,0.31,R
109.323,101,0,0,255,0,-1.94,-3.39,9.31,0.02,0.01,-0.00,-2.44,1.55,9.38,0.02,0.06,-0.00,-1.20,0.97,9.72,-0.01,0.01,0.00,-1.39,0.87,9.73,0.00,0.02,0.01,-0.65,7.01,6.96,0.01,0.02,0.00,0.36,-0.16,0.93,-0.18,0.85,0.49,R
109.374,34,0,0,255,0,-1.92,-3.26,9.26,-0.03,0.01,-0.01,-2.43,1.63,9.47,-0.02,0.04,0.00,-1.18,0.98,9.75,-0.04,0.01,0.01,-1.47,0.85,9.77,-0.00,0.01,0.00,-0.59,7.02,7.02,0.02,0.02,-0.01,0.36,-0.16,0.93,0.37,0.12,0.61,R
109.425,40,0,0,255,0,-1.96,-3.34,9.28,-0.01,0.01,0.00,-2.45,1.56,9.45,-0.01,0.04,0.00,-1.24,0.97,9.72,-0.02,0.02,0.00,-1.48,0.91,9.72,0.01,0.01,0.00,-0.63,7.12,6.95,-0.01,0.02,0.00,0.36,-0.17,0.93,0.18,-0.24,0.18,R
109.476,59,0,0,255,0,-1.95,-3.35,9.26,0.00,0.00,0.00,-2.41,1.47,9.46,-0.01,0.03,0.00,-1.18,1.00,9.72,-0.03,0.01,0.00,-1.43,0.88,9.71,0.01,0.02,-0.01,-0.66,7.05,7.04,0.02,0.02,-0.01,0.35,-0.16,0.93,-0.12,0.55,0.31,R
109.527,63,0,0,255,0,-1.92,-3.39,9.21,0.01,0.01,-0.00,-2.48,1.54,9.42,0.02,0.07,-0.00,-1.25,0.99,9.68,0.00,0.02,0.00,-1.38,0.91,9.73,0.02,0.01,0.00,-0.59,7.11,7.00,0.03,0.02,-0.01,0.36,-0.16,0.93,-0.61,0.61,-0.06,R
109.578,86,0,0,255,0,-1.94,-3.34,9.26,-0.01,0.02,-0.01,-2.56,1.54,9.43,0.00,0.04,-0.01,-1.24,0.98,9.70,-0.05,0.00,-0.01,-1.43,0.86,9.71,-0.01,0.01,-0.00,-0.68,7.03,6.98,0.00,0.02,-0.01,0.35,-0.16,0.93,1.34,-0.37,0.24,R
109.629,77,0,0,255,0,-1.96,-3.32,9.24,0.00,0.01,-0.01,-2.47,1.53,9.44,-0.01,0.04,0.00,-1.28,0.98,9.73,-0.03,0.01,0.00,-1.41,0.91,9.64,-0.01,0.02,0.00,-0.67,7.10,6.97,0.01,0.02,-0.01,0.36,-0.16,0.93,0.18,-0.06,0.37,R
109.68,101,0,0,255,0,-1.91,-3.34,9.24,0.01,0.01,-0.00,-2.49,1.46,9.38,-0.02,0.03,0.00,-1.22,1.07,9.71,-0.04,-0.00,-0.00,-1.40,0.93,9.72,-0.03,0.01,-0.00,-0.68,7.06,6.93,-0.01,0.01,-0.02,0.36,-0.16,0.93,1.16,-0.43,0.06,R
109.731,57,0,0,255,0,-1.95,-3.33,9.25,-0.00,0.01,-0.01,-2.54,1.52,9.41,-0.02,0.03,0.00,-1.30,0.98,9.71,-0.03,0.01,0.00,-1.43,0.90,9.72,-0.01,0.01,0.00,-0.68,7.06,6.96,0.02,0.02,-0.01,0.35,-0.16,0.93,0.00,0.18,0.37,R
109.782,71,0,0,255,0,-1.92,-3.35,9.21,0.01,0.02,-0.01,-2.54,1.45,9.46,-0.00,0.03,0.00,-1.27,1.02,9.73,-0.02,0.00,-0.00,-1.41,0.91,9.73,-0.01,0.02,0.00,-0.66,7.03,6.99,-0.01,0.02,-0.01,0.36,-0.16,0.93,0.31,0.12,-0.12,R
109.833,68,0,0,255,0,-1.95,-3.32,9.25,0.00,0.01,-0.01,-2.54,1.51,9.40,-0.01,0.01,-0.01,-1.19,1.09,9.71,-0.03,-0.00,0.00,-1.47,0.86,9.71,-0.01,0.01,-0.01,-0.66,7.03,7.01,-0.00,0.01,-0.01,0.36,-0.16,0.93,0.98,-0.49,0.24,R
109.884,102,0,0,255,0,-1.98,-3.32,9.28,0.01,-0.00,0.00,-2.51,1.54,9.42,-0.00,0.03,0.00,-1.24,0.99,9.75,-0.01,0.01,0.00,-1.48,0.95,9.73,0.01,0.02,0.01,-0.68,7.11,6.99,0.00,0.02,0.01,0.36,-0.16,0.93,0.00,0.49,0.43,R
109.935,58,0,0,255,0,-1.87,-3.36,9.22,-0.01,0.02,-0.01,-2.53,1.49,9.39,-0.01,0.02,-0.00,-1.29,0.98,9.65,-0.03,-0.00,0.00,-1.41,0.92,9.79,-0.02,0.01,0.01,-0.70,6.99,6.99,0.00,0.03,-0.01,0.36,-0.16,0.93,1.04,-0.24,0.12,R
109.986,65,0,0,255,0,-1.90,-3.31,9.26,-0.00,0.01,-0.01,-2.49,1.47,9.41,-0.01,0.02,0.00,-1.22,1.04,9.71,-0.05,0.00,0.00,-1.43,0.96,9.74,-0.03,0.02,-0.00,-0.59,6.98,7.02,-0.01,0.02,-0.01,0.36,-0.16,0.93,0.98,-0.55,0.31,R
110.037,64,0,0,255,0,-1.94,-3.36,9.25,0.00,0.01,-0.01,-2.53,1.56,9.42,-0.01,0.03,0.01,-1.26,0.96,9.71,-0.01,0.01,0.01,-1.43,0.91,9.71,0.00,0.01,0.01,-0.68,7.02,6.96,0.02,0.02,-0.01,0.36,-0.16,0.93,0.37,0.37,0.24,R
110.088,74,0,0,255,0,-1.89,-3.32,9.28,-0.01,0.02,-0.01,-2.43,1.50,9.45,-0.02,0.01,-0.00,-1.19,1.01,9.65,-0.03,0.01,-0.00,-1.45,0.93,9.72,-0.01,0.02,-0.00,-0.68,6.94,6.97,-0.01,0.02,-0.01,0.35,-0.16,0.93,1.04,-0.49,0.18,R
110.139,99,0,0,255,0,-1.98,-3.31,9.25,-0.01,0.01,-0.00,-2.52,1.44,9.40,-0.00,0.02,-0.00,-1.25,0.98,9.71,-0.02,0.01,0.00,-1.39,0.91,9.72,-0.00,0.01,0.00,-0.66,7.00,6.95,0.01,0.02,-0.01,0.35,-0.16,0.93,0.24,0.00,0.31,R
110.19,56,0,0,255,0,-1.85,-3.33,9.20,0.00,0.00,0.00,-2.43,1.62,9.37,0.01,0.02,0.00,-1.23,1.02,9.67,-0.02,0.00,0.01,-1.41,0.98,9.73,-0.01,0.01,-0.01,-0.75,7.04,7.01,0.01,0.01,-0.01,0.36,-0.16,0.93,0.55,0.31,0.24,R
110.241,20,0,0,255,0,-1.93,-3.44,9.27,-0.01,0.02,-0.01,-2.49,1.55,9.44,-0.02,0.02,0.00,-1.26,0.90,9.71,-0.04,0.01,0.00,-1.50,0.86,9.71,-0.01,0.01,-0.00,-0.65,7.03,6.95,0.01,0.02,-0.00,0.35,-0.16,0.93,0.49,-0.12,0.18,R
110.293,91,0,0,255,0,-1.90,-3.30,9.19,0.01,0.00,-0.00,-2.49,1.53,9.37,0.00,0.02,0.01,-1.24,1.03,9.78,-0.03,0.00,0.00,-1.43,0.93,9.74,-0.01,0.01,0.00,-0.65,7.08,7.03,-0.01,0.02,-0.00,0.36,-0.16,0.93,0.73,-0.06,0.31,R
110.343,101,0,0,255,0,-1.96,-3.40,9.26,-0.02,0.00,-0.00,-2.50,1.44,9.39,-0.02,0.01,-0.00,-1.29,1.06,9.68,-0.04,-0.00,0.01,-1.51,0.91,9.76,-0.03,0.01,0.00,-0.63,7.00,7.03,-0.03,0.02,0.00,0.36,-0.16,0.93,1.22,-0.37,0.55,R
110.394,102,0,0,255,0,-1.95,-3.32,9.17,-0.04,0.01,-0.01,-2.51,1.42,9.48,-0.02,0.02,-0.01,-1.17,0.91,9.67,-0.02,0.00,-0.01,-1.40,0.85,9.74,-0.02,0.01,-0.00,-0.69,7.03,7.03,-0.00,0.02,-0.00,0.35,-0.16,0.93,0.61,-1.10,1.16,R
110.445,99,0,0,255,0,-1.84,-3.41,9.20,-0.04,0.01,-0.01,-2.57,1.48,9.46,-0.04,0.01,-0.00,-1.20,1.04,9.72,-0.06,-0.00,-0.01,-1.38,0.86,9.72,-0.05,0.01,-0.01,-0.65,7.05,7.02,-0.06,0.02,-0.01,0.36,-0.16,0.93,1.53,-1.89,1.34,R
110.496,53,0,0,255,0,-1.98,-3.49,9.19,-0.07,-0.00,-0.01,-2.56,1.45,9.52,-0.05,0.02,-0.01,-1.08,0.99,9.69,-0.00,0.00,0.00,-1.31,0.72,9.71,0.01,0.02,0.02,-0.66,6.95,7.01,0.09,0.03,0.00,0.33,-0.16,0.93,-2.14,1.65,2.44,R
110.547,50,0,0,255,0,-1.92,-3.29,9.28,0.00,0.02,0.00,-2.47,1.48,9.48,-0.00,0.03,-0.01,-1.28,0.95,9.71,-0.02,0.01,-0.00,-1.49,0.88,9.69,-0.00,0.01,-0.01,-0.65,7.02,7.05,-0.03,0.02,-0.00,0.36,-0.16,0.93,-0.49,-1.10,1.59,R
110.598,19,0,0,255,0,-1.98,-3.48,9.25,0.01,-0.01,0.01,-2.51,1.48,9.43,0.03,0.03,-0.00,-1.25,1.02,9.70,0.01,-0.01,0.00,-1.36,0.85,9.72,0.02,0.01,0.01,-0.61,6.94,7.02,0.03,0.03,0.00,0.35,-0.16,0.93,-0.49,2.44,2.20,R
110.649,91,0,0,255,0,-2.01,-3.43,9.24,-0.00,0.02,0.02,-2.57,1.43,9.41,0.00,0.03,0.01,-1.21,1.02,9.71,0.01,0.01,0.01,-1.41,0.92,9.77,0.01,0.01,0.01,-0.67,7.07,6.99,0.02,0.02,-0.01,0.37,-0.15,0.94,-0.49,2.01,2.93,R
110.7,101,0,0,255,0,-1.90,-3.42,9.20,-0.03,0.02,-0.01,-2.36,1.48,9.42,-0.01,0.02,-0.01,-1.20,1.03,9.67,-0.04,0.02,-0.00,-1.42,0.85,9.75,-0.02,0.02,-0.00,-0.63,7.02,7.01,0.01,0.02,-0.01,0.36,-0.15,0.93,-0.24,0.98,3.23,R
110.752,25,0,0,255,0,-1.93,-3.49,9.23,-0.02,0.01,0.00,-2.46,1.45,9.38,-0.01,0.04,0.00,-1.17,1.05,9.72,-0.02,0.00,0.00,-1.43,0.91,9.66,-0.01,0.02,0.00,-0.63,7.03,7.02,-0.01,0.02,0.00,0.37,-0.15,0.93,0.00,0.79,2.87,R
110.802,28,0,0,255,0,-1.82,-3.48,9.23,-0.01,0.02,-0.01,-2.53,1.44,9.42,-0.01,0.03,-0.00,-1.27,1.05,9.74,-0.04,0.01,0.00,-1.49,0.91,9.71,-0.01,0.02,0.00,-0.69,7.03,7.06,-0.01,0.03,-0.01,0.36,-0.15,0.93,2.01,1.28,2.75,R
110.853,63,0,0,255,0,-2.00,-3.49,9.17,-0.01,0.01,-0.00,-2.54,1.61,9.46,-0.01,0.02,-0.00,-1.21,1.04,9.73,-0.03,0.00,0.00,-1.36,0.88,9.79,-0.00,0.01,0.01,-0.68,6.99,6.98,0.03,0.01,-0.01,0.36,-0.15,0.93,1.71,1.46,2.81,R
110.905,96,0,0,255,0,-1.89,-3.45,9.21,0.02,0.01,0.00,-2.55,1.58,9.43,-0.01,0.02,0.00,-1.25,1.10,9.71,-0.02,0.00,-0.00,-1.46,0.89,9.77,-0.01,0.02,0.00,-0.67,6.97,7.06,0.00,0.03,-0.00,0.38,-0.16,0.93,-0.49,0.00,0.24,R
110.956,98,0,0,255,0,-1.92,-3.47,9.21,0.01,0.01,-0.01,-2.49,1.48,9.40,-0.01,0.01,0.01,-1.19,1.14,9.68,-0.03,-0.01,-0.00,-1.40,0.89,9.70,-0.02,0.01,-0.00,-0.68,7.00,6.97,0.00,0.02,-0.02,0.37,-0.15,0.93,-0.18,-0.24,-0.24,R
111.006,99,0,0,255,0,-1.99,-3.50,9.21,-0.01,0.01,-0.01,-2.52,1.45,9.47,-0.01,0.02,0.00,-1.22,1.05,9.72,-0.02,0.01,0.00,-1.43,0.90,9.69,0.00,0.01,-0.01,-0.63,7.09,6.97,0.01,0.02,-0.01,0.37,-0.15,0.93,0.06,0.43,0.67,R
111.057,44,0,0,255,0,-1.86,-3.50,9.17,0.00,0.01,-0.01,-2.53,1.48,9.48,-0.01,0.02,0.00,-1.22,1.02,9.73,-0.04,0.00,-0.00,-1.46,0.90,9.72,-0.02,0.01,-0.00,-0.74,7.06,7.00,-0.01,0.02,-0.01,0.37,-0.15,0.93,3.48,0.12,1.16,R
111.108,100,0,0,255,0,-1.83,-3.48,9.24,-0.00,0.00,-0.01,-2.49,1.50,9.43,-0.01,0.03,0.00,-1.22,1.01,9.73,-0.03,0.00,0.00,-1.44,0.86,9.68,0.01,0.01,0.00,-0.66,7.03,6.97,0.02,0.02,-0.01,0.37,-0.15,0.93,-0.18,0.43,0.00,R
111.159,33,0,0,255,0,-1.93,-3.51,9.17,-0.00,0.01,-0.01,-2.52,1.51,9.40,-0.00,0.02,-0.00,-1.24,0.98,9.69,-0.04,0.00,0.00,-1.50,0.87,9.68,-0.02,0.01,0.00,-0.65,7.04,7.05,-0.00,0.02,-0.00,0.36,-0.15,0.93,1.34,-0.73,0.24,R
111.21,41,0,0,255,0,-1.96,-3.53,9.28,-0.01,0.01,-0.01,-2.46,1.45,9.42,-0.01,0.03,-0.00,-1.18,1.00,9.72,-0.01,0.01,0.01,-1.40,0.91,9.69,0.01,0.02,0.01,-0.68,7.04,7.09,0.02,0.03,-0.00,0.36,-0.15,0.93,0.49,0.31,0.37,R
111.261,101,0,0,255,0,-1.97,-3.50,9.17,0.00,0.02,-0.00,-2.53,1.47,9.49,0.01,0.04,0.01,-1.21,1.03,9.74,-0.01,0.01,0.01,-1.45,0.90,9.73,0.00,0.02,0.00,-0.65,7.02,6.96,0.01,0.02,-0.00,0.37,-0.15,0.93,0.37,-0.06,-0.12,R
111.312,102,0,0,255,0,-1.95,-3.48,9.18,0.01,0.02,-0.01,-2.55,1.49,9.44,0.01,0.03,0.00,-1.22,1.10,9.73,-0.00,0.00,-0.01,-1.47,0.88,9.74,0.01,0.01,-0.00,-0.60,7.06,7.00,0.01,0.02,-0.01,0.37,-0.15,0.93,0.18,0.61,0.00,R
111.363,45,0,0,255,0,-1.87,-3.38,9.16,0.01,0.01,-0.00,-2.46,1.53,9.45,0.00,0.03,0.00,-1.17,1.07,9.73,-0.01,0.00,0.00,-1.44,0.99,9.72,0.01,0.01,-0.00,-0.62,7.09,6.91,0.01,0.02,-0.01,0.37,-0.14,0.93,0.18,0.43,-0.31,R
111.414,55,0,0,255,0,-1.97,-3.57,9.19,-0.02,0.01,-0.01,-2.51,1.48,9.48,-0.03,0.02,-0.00,-1.20,1.03,9.70,-0.03,0.01,0.00,-1.46,0.90,9.73,-0.01,0.01,-0.00,-0.62,7.03,7.05,0.01,0.02,-0.01,0.36,-0.15,0.93,1.10,-0.12,0.49,R
111.465,93,0,0,255,0,-1.85,-3.43,9.05,-0.02,0.03,0.00,-2.49,1.50,9.39,-0.01,0.03,0.00,-1.14,1.01,9.69,-0.03,0.01,0.01,-1.38,0.94,9.68,-0.00,0.02,0.00,-0.60,7.11,6.95,0.01,0.02,-0.00,0.36,-0.15,0.93,0.92,0.49,0.67,R
111.516,62,0,0,255,0,-1.88,-3.41,9.20,-0.03,0.01,-0.02,-2.51,1.50,9.39,-0.05,0.01,-0.01,-1.18,1.09,9.72,-0.06,0.00,-0.00,-1.40,0.90,9.77,-0.03,0.01,-0.01,-0.62,6.98,7.06,-0.03,0.02,-0.01,0.37,-0.15,0.93,2.08,-1.83,0.12,R
111.567,64,0,0,255,0,-1.93,-3.47,9.18,0.00,0.01,-0.01,-2.54,1.50,9.42,0.01,0.03,0.01,-1.19,1.09,9.72,-0.02,0.01,0.01,-1.45,0.87,9.73,-0.00,0.01,0.00,-0.65,6.94,6.98,0.01,0.02,-0.00,0.37,-0.15,0.93,-0.24,0.55,-0.12,R
111.619,54,0,0,255,0,-1.83,-3.57,9.16,-0.01,0.01,-0.01,-2.49,1.49,9.44,-0.03,0.02,-0.00,-1.19,1.08,9.67,-0.04,0.00,0.00,-1.44,0.87,9.76,-0.01,0.01,0.00,-0.64,7.09,7.05,0.01,0.01,-0.02,0.37,-0.15,0.93,0.92,-0.18,-0.12,R
111.669,60,0,0,255,0,-1.91,-3.54,9.17,-0.00,0.01,-0.01,-2.54,1.47,9.44,-0.01,0.02,0.00,-1.23,1.02,9.72,-0.02,0.00,0.01,-1.43,0.87,9.78,0.01,0.01,0.00,-0.61,7.04,6.98,0.02,0.02,-0.00,0.36,-0.16,0.93,-0.12,0.12,-0.24,R
111.72,102,0,0,255,0,-1.86,-3.47,9.17,0.00,0.02,-0.01,-2.50,1.45,9.43,-0.01,0.02,-0.01,-1.19,0.98,9.68,-0.04,0.00,-0.00,-1.43,0.92,9.75,-0.01,0.01,-0.01,-0.72,7.05,7.01,-0.00,0.01,-0.02,0.37,-0.15,0.93,0.92,-0.67,-0.43,R
111.771,59,0,0,255,0,-1.94,-3.56,9.21,0.01,0.02,-0.01,-2.58,1.50,9.40,0.00,0.03,0.00,-1.16,1.13,9.73,-0.02,0.00,0.00,-1.40,0.90,9.76,-0.01,0.01,0.00,-0.60,7.13,6.95,-0.00,0.02,-0.00,0.37,-0.15,0.93,0.79,0.43,-0.24,R
111.822,67,0,0,255,0,-1.92,-3.50,9.16,-0.00,0.01,-0.01,-2.48,1.49,9.44,-0.02,0.02,0.00,-1.18,1.06,9.73,-0.03,0.01,0.00,-1.40,0.88,9.78,0.00,0.02,-0.00,-0.66,7.04,6.98,0.01,0.03,-0.01,0.36,-0.15,0.93,1.16,-0.37,0.06,R
111.873,65,0,0,255,0,-1.88,-3.51,9.19,0.00,0.01,-0.01,-2.49,1.53,9.43,-0.01,0.01,0.00,-1.12,1.07,9.69,-0.04,-0.00,0.01,-1.40,0.82,9.73,-0.02,0.01,0.00,-0.73,7.14,6.96,0.00,0.02,-0.01,0.37,-0.15,0.93,1.59,-0.18,0.31,R
111.924,63,0,0,255,0,-1.92,-3.55,9.15,-0.01,0.02,-0.01,-2.53,1.44,9.42,-0.02,0.02,0.00,-1.22,1.14,9.72,-0.05,0.00,0.00,-1.44,0.90,9.77,-0.02,0.02,0.00,-0.69,7.06,7.05,0.01,0.03,-0.00,0.36,-0.15,0.93,0.49,-0.37,0.00,R
111.975,101,0,0,255,0,-1.87,-3.50,9.20,0.01,0.02,-0.00,-2.51,1.50,9.44,-0.01,0.03,-0.00,-1.25,1.04,9.70,-0.03,0.01,-0.01,-1.41,0.91,9.73,-0.01,0.01,0.00,-0.63,7.02,7.05,0.01,0.02,-0.02,0.37,-0.15,0.93,0.85,0.00,0.00,R
112.026,102,0,0,255,0,-1.94,-3.54,9.18,-0.00,0.01,-0.01,-2.47,1.49,9.42,-0.01,0.03,0.00,-1.18,1.05,9.74,-0.03,0.00,0.00,-1.44,0.89,9.72,0.00,0.01,0.00,-0.67,7.07,6.92,0.02,0.02,-0.01,0.36,-0.15,0.93,0.49,0.31,0.06,R
112.078,59,0,0,255,0,-1.90,-3.51,9.21,0.01,0.02,-0.00,-2.52,1.48,9.41,0.00,0.03,0.00,-1.18,1.04,9.70,-0.02,0.01,0.01,-1.40,0.84,9.70,0.00,0.02,0.00,-0.68,6.94,7.02,0.02,0.02,-0.01,0.37,-0.15,0.93,0.37,0.12,-0.12,R
112.128,66,0,0,255,0,-1.81,-3.56,9.17,0.01,0.03,0.00,-2.49,1.49,9.40,0.01,0.02,-0.00,-1.20,1.07,9.73,-0.01,0.00,-0.00,-1.41,0.99,9.75,-0.00,0.01,-0.01,-0.66,7.00,6.96,-0.00,0.01,-0.02,0.37,-0.15,0.93,1.10,-0.18,-0.67,R
112.179,102,0,0,255,0,-1.92,-3.46,9.22,0.01,0.04,-0.00,-2.53,1.40,9.44,-0.01,0.03,-0.00,-1.22,1.06,9.70,-0.03,0.00,-0.00,-1.51,0.88,9.69,-0.01,0.02,-0.00,-0.62,6.97,7.01,-0.00,0.02,-0.00,0.36,-0.16,0.93,0.73,0.37,-0.73,R
112.231,101,0,0,255,0,-1.86,-3.55,9.17,0.02,0.03,-0.01,-2.51,1.47,9.40,0.02,0.05,0.01,-1.23,1.14,9.67,-0.01,0.01,0.00,-1.39,0.94,9.77,-0.01,0.02,0.00,-0.64,7.00,6.97,0.00,0.02,-0.02,0.38,-0.14,0.93,2.01,-0.43,-1.77,R
112.281,101,0,0,255,0,-1.88,-3.52,9.17,0.01,0.06,-0.03,-2.87,1.44,9.40,-0.03,0.05,-0.00,-1.20,1.03,9.69,-0.06,0.01,-0.00,-1.45,0.89,9.73,-0.04,0.02,-0.01,-0.65,7.02,6.97,-0.02,0.02,-0.02,0.36,-0.16,0.93,3.23,-2.50,-2.38,R
112.332,102,0,0,255,0,-1.90,-3.60,9.20,0.01,0.05,-0.03,-2.60,1.89,9.88,-0.05,0.20,0.00,-1.15,1.00,9.77,-0.01,0.03,0.01,-1.45,0.97,9.75,0.02,0.04,-0.01,-0.69,7.07,6.98,0.04,0.02,-0.02,0.37,-0.15,0.93,1.53,0.49,-2.75,R
112.384,102,0,0,255,0,-2.00,-3.52,9.23,-0.03,0.06,-0.08,-2.51,1.66,9.45,-0.07,0.14,-0.01,-1.20,1.12,9.75,-0.06,0.02,-0.00,-1.43,0.91,9.71,-0.04,0.02,-0.01,-0.61,6.98,7.00,-0.01,0.02,-0.02,0.36,-0.17,0.93,2.62,-3.36,-4.03,R
112.434,53,0,0,255,0,-2.05,-3.50,9.14,0.00,0.02,-0.07,-2.75,1.52,9.37,-0.03,0.08,-0.00,-1.33,1.03,9.68,-0.07,0.01,0.01,-1.48,0.88,9.76,-0.03,0.01,-0.00,-0.65,6.96,7.01,-0.03,0.02,-0.01,0.36,-0.17,0.93,3.91,-3.60,-4.46,R
112.485,44,0,0,255,0,-1.96,-3.52,9.18,-0.01,0.04,-0.08,-2.75,1.60,9.31,-0.06,-0.00,-0.00,-1.21,1.10,9.71,-0.12,-0.03,0.00,-1.42,0.90,9.70,-0.08,-0.00,-0.01,-0.61,7.07,6.95,-0.05,0.01,-0.03,0.36,-0.16,0.93,2.44,-4.70,-4.82,R
112.536,56,0,0,255,0,-1.88,-3.59,9.17,-0.02,0.04,-0.11,-2.65,1.38,9.36,-0.08,0.02,-0.02,-1.24,0.98,9.77,-0.12,0.01,-0.02,-1.53,0.82,9.77,-0.08,0.02,-0.04,-0.70,7.01,7.04,-0.06,0.01,-0.06,0.35,-0.18,0.93,1.16,-5.07,-3.66,R
112.587,97,0,0,255,0,-2.14,-3.48,9.11,-0.04,0.02,-0.06,-2.73,1.26,9.38,-0.06,0.02,-0.01,-1.24,0.95,9.68,-0.06,0.01,0.01,-1.43,0.84,9.73,-0.02,0.01,0.00,-0.69,6.95,7.09,-0.00,0.01,-0.01,0.33,-0.16,0.94,0.43,-2.08,-1.77,R
112.638,12,0,0,255,0,-1.94,-3.55,9.20,-0.01,0.02,-0.02,-2.73,1.40,9.35,-0.04,0.02,-0.01,-1.22,0.94,9.70,-0.06,0.00,-0.00,-1.39,0.75,9.72,-0.06,0.01,-0.01,-0.73,6.98,7.09,-0.02,0.00,-0.02,0.34,-0.17,0.93,2.14,-2.69,-1.22,R
112.689,15,0,0,255,0,-1.97,-3.59,9.20,-0.01,-0.00,-0.03,-2.74,1.38,9.37,-0.05,0.01,-0.01,-1.30,0.95,9.72,-0.06,0.01,-0.01,-1.52,0.79,9.74,-0.05,0.01,-0.01,-0.68,6.85,7.10,-0.09,0.01,-0.01,0.35,-0.18,0.93,1.83,-3.05,-1.28,R
112.74,13,0,0,255,0,-1.93,-3.67,9.14,-0.04,0.01,-0.03,-2.73,1.32,9.42,-0.05,0.02,-0.01,-1.30,0.92,9.69,-0.06,0.03,0.00,-1.51,0.78,9.73,-0.04,0.02,-0.01,-0.69,6.93,7.13,-0.06,0.01,-0.01,0.34,-0.18,0.95,0.18,-0.24,0.06,R
112.791,34,0,0,255,0,-1.93,-3.66,9.08,-0.06,-0.02,-0.04,-2.82,1.25,9.52,-0.06,-0.02,-0.00,-1.25,0.77,9.73,-0.08,0.05,0.00,-1.44,0.72,9.78,-0.01,0.02,-0.01,-0.68,6.78,7.20,0.01,-0.02,-0.03,0.34,-0.17,0.94,-1.28,-2.75,1.04,R
112.842,96,0,0,255,0,-1.95,-3.60,9.09,-0.04,-0.01,-0.04,-2.58,1.28,9.43,-0.09,-0.18,0.05,-1.36,0.85,9.75,0.00,0.03,0.01,-1.50,0.85,9.78,0.03,0.03,-0.00,-0.61,6.83,7.14,-0.01,-0.00,-0.01,0.33,-0.18,0.94,-1.77,-2.38,0.98,R
112.893,12,0,0,255,0,-2.10,-3.77,9.12,0.03,-0.03,0.03,-3.29,1.00,11.15,-0.11,-0.48,0.39,-1.46,0.67,9.77,0.19,0.08,0.03,-1.63,0.68,9.83,0.22,0.07,0.04,-0.88,7.02,7.05,0.21,0.01,0.03,0.33,-0.20,0.94,-5.31,5.80,2.20,R
112.944,14,0,0,255,0,-1.87,-3.56,9.28,-0.14,0.00,0.01,-1.55,2.11,8.32,0.15,-0.88,0.14,-1.14,1.51,9.66,0.21,0.07,0.04,-1.21,1.05,9.69,0.12,0.09,0.06,-0.54,7.06,7.08,0.14,0.08,0.02,0.33,-0.11,0.91,-13.61,2.87,5.13,R
112.995,14,0,0,255,0,-1.79,-3.65,9.15,-0.05,0.06,0.01,-1.72,1.41,8.63,-0.05,-0.05,0.10,-1.39,1.05,9.67,-0.08,-0.04,-0.03,-1.54,1.04,9.74,-0.04,-0.00,-0.04,-0.70,6.96,7.04,-0.10,0.03,-0.04,0.35,-0.17,0.94,-1.04,-2.20,2.44,R
113.046,21,0,0,255,0,-1.95,-3.68,9.22,-0.02,-0.00,-0.01,-1.84,0.88,9.63,-0.02,-0.08,0.08,-1.23,1.09,9.63,-0.01,-0.02,0.00,-1.43,0.93,9.72,0.01,0.02,0.01,-0.61,6.97,6.99,0.05,0.03,0.00,0.33,-0.15,0.93,-1.65,1.04,1.77,R
113.097,14,0,0,255,0,-1.88,-3.63,9.08,-0.01,-0.04,0.02,-2.20,1.63,8.76,-0.10,0.15,0.04,-1.27,1.08,9.71,-0.19,-0.11,0.01,-1.60,0.95,9.68,-0.16,-0.02,-0.00,-0.72,7.03,7.06,-0.09,0.03,0.01,0.36,-0.15,0.94,3.54,-1.40,1.22,R
113.148,11,0,0,255,1,-1.72,-3.84,8.99,-0.04,-0.00,-0.04,-1.04,0.70,4.86,-0.21,1.60,-0.44,-1.10,1.10,9.68,-0.47,-0.25,-0.02,-1.59,0.84,9.67,-0.44,-0.05,-0.02,-0.79,7.12,7.14,-0.21,0.02,-0.06,0.36,-0.13,0.93,8.67,-6.41,-1.16,R
113.199,17,0,0,255,0,-2.10,-3.98,9.20,0.14,-0.03,-0.08,-2.61,1.10,9.88,-0.09,-0.01,-0.06,-1.14,0.79,9.77,-0.01,0.01,-0.05,-1.42,0.61,9.80,0.01,0.01,-0.02,-0.71,6.99,7.13,0.06,0.03,-0.02,0.32,-0.16,0.93,-1.83,0.73,3.36,R
113.25,25,0,0,255,0,-1.92,-3.72,9.21,0.00,0.02,0.01,-2.51,1.49,9.42,0.14,0.12,-0.03,-1.10,1.11,9.70,0.04,0.00,0.00,-1.45,0.71,9.74,0.01,0.00,0.01,-0.71,6.91,7.10,-0.02,0.02,0.01,0.35,-0.14,0.94,-0.43,0.85,3.30,R
113.301,97,0,0,255,0,-1.66,-3.83,9.17,-0.02,0.01,-0.00,-2.44,1.30,9.55,-0.06,0.08,-0.00,-1.18,0.91,9.74,-0.01,0.02,-0.01,-1.47,0.72,9.75,-0.00,0.01,-0.01,-0.74,6.90,7.17,-0.03,0.01,-0.02,0.35,-0.15,0.95,1.46,-0.24,2.93,R
113.352,11,0,0,255,0,-1.87,-3.81,9.13,-0.07,0.00,-0.04,-2.53,1.28,9.42,-0.10,0.05,-0.04,-1.13,0.86,9.69,-0.09,0.01,-0.03,-1.45,0.58,9.82,-0.06,0.02,-0.03,-0.75,6.80,7.23,-0.10,0.01,-0.04,0.33,-0.16,0.94,1.95,-4.03,3.66,R
113.403,12,0,0,255,0,-1.97,-3.89,8.94,-0.04,0.02,-0.01,-2.58,1.29,9.40,-0.04,0.04,-0.03,-1.25,0.84,9.75,0.01,0.06,-0.01,-1.50,0.57,9.71,0.01,0.02,-0.00,-0.65,6.74,7.19,-0.01,0.03,0.01,0.33,-0.16,0.94,-0.49,-0.12,3.78,R
113.454,15,0,0,255,0,-1.56,-3.85,9.17,0.04,0.03,0.02,-2.48,1.25,9.45,-0.02,0.04,-0.00,-1.22,0.96,9.79,-0.05,0.00,-0.01,-1.54,0.75,9.82,-0.04,0.01,-0.02,-0.79,6.84,7.24,-0.07,0.01,-0.03,0.37,-0.16,0.94,2.87,0.67,1.16,R
113.505,35,0,0,255,0,-1.88,-3.96,9.04,-0.02,0.00,-0.02,-2.51,1.08,9.39,0.03,0.04,-0.01,-1.27,0.77,9.76,0.02,0.01,-0.00,-1.43,0.58,9.73,0.04,0.01,0.01,-0.67,6.77,7.27,0.07,0.01,0.01,0.33,-0.15,0.94,0.24,1.46,-0.12,R
113.556,97,0,0,255,0,-1.71,-3.85,9.05,0.07,0.04,0.01,-2.50,1.25,9.53,0.08,0.06,0.01,-1.18,0.89,9.73,0.04,0.02,0.01,-1.47,0.76,9.74,0.07,0.02,0.01,-0.68,6.72,7.27,0.09,0.02,0.01,0.34,-0.15,0.93,-2.26,3.17,-0.79,R
113.607,12,0,0,255,0,-1.72,-3.80,9.15,0.02,0.03,-0.01,-2.59,1.24,9.46,0.03,0.06,0.01,-1.13,1.02,9.70,0.01,-0.00,-0.00,-1.41,0.77,9.70,0.00,0.02,-0.01,-0.71,6.80,7.14,-0.02,0.01,-0.03,0.36,-0.14,0.94,2.01,0.61,-1.40,R
113.659,11,0,0,255,3,-1.79,-3.82,9.08,-0.01,0.07,-0.02,-2.61,1.24,9.47,0.01,0.06,-0.02,-1.19,0.92,9.70,-0.02,0.01,-0.01,-1.43,0.72,9.74,0.01,0.02,-0.02,-0.69,6.82,7.23,0.04,0.01,-0.04,0.34,-0.15,0.93,-1.04,1.34,-1.77,R
113.71,17,0,0,255,0,-1.79,-3.83,9.07,-0.01,0.08,-0.03,-2.49,1.35,9.42,-0.02,0.06,-0.03,-1.17,0.92,9.72,-0.05,-0.00,-0.04,-1.55,0.72,9.70,-0.04,0.01,-0.04,-0.67,6.80,7.27,-0.06,0.00,-0.06,0.35,-0.15,0.94,3.23,-0.79,-0.73,R
113.76,96,0,0,255,0,-2.07,-3.91,9.09,0.03,0.04,-0.01,-2.57,1.21,9.45,0.03,0.06,0.00,-1.29,0.89,9.73,0.01,0.01,0.01,-1.50,0.71,9.77,0.06,0.02,0.01,-0.70,6.80,7.21,0.08,0.02,0.01,0.32,-0.16,0.94,-0.43,3.60,-1.83,R
113.811,12,0,0,255,0,-1.81,-3.91,9.05,0.05,0.02,0.01,-0.07,1.27,9.03,0.05,0.05,0.03,-1.17,0.94,9.74,-0.01,0.00,0.01,-1.47,0.77,9.70,0.03,0.01,0.01,-0.71,6.84,7.17,0.04,0.03,-0.01,0.36,-0.14,0.94,1.65,1.53,-1.83,R
113.863,14,0,0,255,0,-1.92,-3.79,9.11,0.04,0.06,-0.01,-2.57,1.26,9.34,-0.02,0.07,0.01,-1.18,0.93,9.72,-0.04,0.02,0.01,-1.48,0.74,9.79,-0.00,0.02,-0.00,-0.72,6.86,7.17,0.00,0.02,-0.01,0.34,-0.16,0.93,0.79,-0.12,-1.59,R
113.913,14,0,0,255,0,-1.91,-3.85,9.05,0.00,0.03,-0.01,-2.67,1.33,9.40,-0.02,0.10,0.01,-1.26,0.95,9.70,-0.01,0.03,0.01,-1.40,0.87,9.72,0.01,0.01,0.00,-0.74,6.86,7.12,0.02,0.02,-0.01,0.35,-0.15,0.94,0.06,0.43,-1.22,R
113.964,20,0,0,255,0,-1.88,-3.76,9.09,0.02,0.05,-0.01,-2.68,1.31,9.46,0.00,0.04,0.00,-1.21,1.00,9.74,-0.03,0.01,-0.01,-1.49,0.67,9.71,-0.01,0.01,-0.01,-0.68,6.82,7.20,0.00,0.02,-0.01,0.35,-0.16,0.93,-0.12,-0.73,-2.44,R
114.015,71,0,0,255,0,-1.88,-3.76,9.00,-0.00,0.02,-0.05,-2.93,1.48,9.41,0.01,0.07,-0.01,-1.26,0.98,9.75,-0.01,-0.01,-0.01,-1.47,0.77,9.73,-0.00,0.01,-0.01,-0.71,6.87,7.16,0.01,0.01,-0.01,0.34,-0.16,0.94,0.06,-0.43,-3.78,R
114.066,11,0,0,255,0,-1.99,-3.79,9.07,0.04,0.03,-0.05,-2.78,1.26,9.36,0.04,0.05,0.00,-1.29,0.92,9.74,0.01,-0.00,0.00,-1.55,0.72,9.74,0.04,0.01,0.00,-0.76,6.90,7.13,0.04,0.01,-0.00,0.34,-0.16,0.94,-1.22,1.95,-4.15,R
114.117,11,0,0,255,0,-1.86,-3.72,9.05,0.02,0.03,-0.04,-2.64,1.33,9.37,0.01,0.03,-0.01,-1.18,0.99,9.71,-0.05,-0.02,-0.01,-1.30,0.90,9.76,-0.03,0.00,-0.01,-0.68,6.84,7.11,-0.03,0.01,-0.03,0.35,-0.13,0.95,-1.04,-0.73,-3.91,R
114.168,11,0,0,255,0,-2.10,-3.65,9.09,0.02,0.02,-0.03,-2.81,1.60,9.28,-0.00,0.01,0.01,-1.24,1.01,9.72,-0.07,-0.03,0.01,-1.49,0.68,9.76,-0.04,-0.00,0.01,-0.67,6.85,7.19,0.02,0.01,-0.01,0.36,-0.14,0.94,-1.59,-0.61,-2.75,R
114.219,13,0,0,255,0,-2.01,-3.96,9.14,-0.02,0.01,-0.02,-2.68,1.34,9.49,-0.03,0.02,0.01,-1.15,0.92,9.70,-0.05,0.01,0.01,-1.45,0.85,9.71,-0.02,0.02,-0.01,-0.72,6.80,7.14,0.03,0.02,-0.02,0.33,-0.15,0.94,2.08,-2.08,-3.11,R
114.27,96,0,0,255,0,-1.87,-3.76,9.07,-0.01,0.01,-0.01,-2.79,1.29,9.37,-0.06,0.02,-0.01,-1.31,1.02,9.79,-0.09,0.03,-0.01,-1.57,0.77,9.73,-0.05,0.01,-0.01,-0.76,6.87,7.21,-0.06,0.02,-0.02,0.34,-0.18,0.93,0.00,-2.93,0.18,R
114.322,12,0,0,255,0,-1.84,-3.81,9.03,-0.05,-0.01,-0.03,-2.66,1.32,9.40,-0.02,0.02,-0.01,-1.21,0.83,9.68,-0.04,0.01,-0.01,-1.40,0.79,9.72,-0.02,0.01,-0.01,-0.70,6.83,7.12,-0.00,0.02,-0.02,0.34,-0.15,0.94,-2.32,-1.04,-0.31,R
114.372,12,0,0,255,1,-1.98,-4.00,9.05,-0.03,-0.02,-0.04,-2.75,1.27,9.36,-0.02,0.04,-0.01,-1.33,0.88,9.76,-0.02,0.01,-0.00,-1.51,0.75,9.71,-0.01,0.01,0.00,-0.71,6.80,7.20,0.01,0.01,0.00,0.33,-0.16,0.94,-0.37,0.06,0.37,R
114.423,17,0,0,255,0,-1.86,-3.76,9.03,-0.02,-0.00,-0.01,-2.69,1.33,9.44,-0.03,0.01,-0.01,-1.25,0.90,9.78,-0.03,0.01,-0.01,-1.50,0.72,9.69,-0.04,0.01,-0.01,-0.69,6.85,7.18,-0.06,0.01,-0.02,0.35,-0.15,0.94,-0.43,-1.04,1.83,R
114.474,59,0,0,255,0,-1.98,-3.86,9.07,-0.04,0.03,-0.04,-2.73,1.36,9.44,-0.04,0.02,-0.02,-1.23,0.77,9.77,-0.06,0.01,-0.01,-1.48,0.74,9.77,-0.02,0.01,-0.01,-0.75,6.78,7.20,-0.02,0.02,-0.01,0.33,-0.15,0.95,-0.85,-1.34,0.67,R
114.526,10,0,0,255,0,-1.91,-3.87,9.06,0.01,-0.01,-0.00,-2.69,1.26,9.41,0.01,0.03,0.01,-1.21,0.92,9.73,-0.01,0.01,0.01,-1.49,0.68,9.73,0.02,0.01,0.00,-0.70,6.92,7.14,0.01,0.01,-0.00,0.34,-0.15,0.94,-0.49,0.98,0.12,R
114.576,12,0,0,255,0,-1.82,-3.86,9.07,-0.01,0.00,-0.01,-2.74,1.28,9.36,-0.01,0.02,-0.01,-1.20,0.87,9.73,-0.02,-0.00,-0.01,-1.47,0.79,9.75,-0.02,0.01,-0.00,-0.72,6.79,7.23,-0.00,0.02,-0.02,0.34,-0.15,0.94,0.31,-0.55,0.18,R
114.627,14,0,0,255,1,-1.91,-3.92,9.03,0.01,0.01,-0.00,-2.76,1.26,9.37,0.02,0.04,0.00,-1.29,0.99,9.71,-0.00,0.02,0.00,-1.55,0.67,9.72,0.02,0.02,0.01,-0.73,6.82,7.18,0.01,0.02,0.00,0.34,-0.15,0.94,-0.73,0.43,0.00,R
114.678,96,0,0,255,0,-1.76,-3.82,9.05,-0.01,-0.00,-0.01,-2.65,1.28,9.38,-0.01,0.02,0.00,-1.16,0.96,9.70,-0.04,0.00,0.00,-1.50,0.69,9.76,-0.03,0.01,0.00,-0.78,6.83,7.17,0.01,0.02,-0.01,0.34,-0.15,0.94,0.00,-0.98,0.00,R
114.73,96,0,0,255,0,-1.85,-3.76,9.10,-0.00,-0.01,-0.02,-2.78,1.37,9.39,0.01,0.03,0.00,-1.22,0.95,9.70,-0.02,0.00,-0.00,-1.44,0.83,9.73,-0.04,0.01,-0.01,-0.68,6.84,7.19,-0.04,0.01,-0.01,0.35,-0.14,0.94,-0.67,-1.77,-0.73,R
114.781,12,0,0,255,0,-1.96,-3.91,9.03,-0.06,0.02,-0.04,-2.74,1.31,9.47,-0.04,0.01,-0.01,-1.24,0.93,9.74,-0.06,0.00,-0.01,-1.48,0.69,9.70,-0.04,0.01,-0.00,-0.69,6.73,7.23,-0.02,0.01,-0.01,0.33,-0.15,0.94,0.79,-2.56,0.18,R
114.831,12,0,0,255,0,-1.87,-3.91,9.03,-0.01,0.01,-0.02,-2.67,1.37,9.45,0.01,0.02,-0.01,-1.24,0.93,9.73,-0.05,-0.00,-0.01,-1.47,0.70,9.77,-0.03,0.01,-0.01,-0.68,6.79,7.22,-0.03,0.02,-0.02,0.34,-0.15,0.94,0.98,-1.71,-0.49,R
114.882,55,0,0,255,0,-1.91,-4.00,9.05,-0.04,0.02,-0.03,-2.76,1.30,9.34,-0.01,0.01,-0.00,-1.29,0.87,9.72,-0.04,-0.01,-0.00,-1.44,0.66,9.74,-0.02,0.01,-0.00,-0.75,6.78,7.21,-0.00,0.02,-0.01,0.33,-0.15,0.95,0.06,-2.01,-0.98,R
114.933,96,0,0,255,0,-1.82,-3.94,9.01,-0.00,-0.00,-0.01,-2.67,1.25,9.40,-0.01,0.02,0.00,-1.16,0.94,9.72,-0.02,0.01,0.00,-1.44,0.71,9.80,-0.01,0.02,0.00,-0.70,6.79,7.24,0.01,0.01,-0.01,0.33,-0.15,0.94,-0.73,-1.34,-0.79,R
114.984,11,0,0,255,2,-1.79,-3.94,9.04,-0.01,0.02,-0.01,-2.67,1.34,9.48,-0.01,0.03,-0.01,-1.18,0.85,9.75,-0.04,-0.00,-0.01,-1.46,0.69,9.73,-0.02,0.01,-0.01,-0.80,6.77,7.20,-0.02,0.01,-0.02,0.33,-0.15,0.94,0.79,-0.79,-0.43,R
115.035,25,0,0,255,0,-1.83,-3.93,8.99,-0.02,0.03,-0.02,-2.67,1.29,9.43,-0.04,0.01,-0.01,-1.20,0.91,9.70,-0.03,-0.01,-0.01,-1.49,0.70,9.76,-0.03,0.01,-0.01,-0.73,6.75,7.25,-0.02,0.02,-0.02,0.33,-0.15,0.94,0.79,-1.65,-0.37,R
115.086,96,0,0,255,0,-1.82,-4.00,8.99,0.01,0.03,-0.02,-2.74,1.29,9.40,0.01,0.03,0.01,-1.23,0.89,9.74,-0.02,0.01,0.00,-1.49,0.67,9.77,-0.01,0.01,0.00,-0.70,6.77,7.25,0.02,0.02,-0.01,0.33,-0.15,0.95,0.61,0.73,0.06,R
115.137,34,0,0,255,0,-1.89,-3.97,9.00,0.01,0.02,-0.00,-2.73,1.30,9.42,-0.01,0.03,0.00,-1.25,0.89,9.74,-0.03,-0.00,0.00,-1.57,0.63,9.72,-0.00,0.02,0.00,-0.80,6.78,7.20,0.02,0.02,-0.01,0.33,-0.16,0.94,1.46,0.00,0.00,R
115.19,10,0,0,255,0,-1.91,-3.94,9.01,-0.01,0.00,-0.01,-2.66,1.36,9.38,-0.02,0.02,-0.00,-1.17,0.88,9.70,-0.04,0.00,0.01,-1.44,0.62,9.73,-0.02,0.01,0.00,-0.74,6.76,7.24,0.00,0.02,-0.00,0.32,-0.15,0.94,0.98,-0.43,0.43,R
115.239,11,0,0,255,0,-1.93,-3.99,8.98,-0.01,0.01,-0.00,-2.75,1.29,9.39,-0.02,0.02,0.00,-1.27,0.89,9.67,-0.05,-0.00,0.01,-1.47,0.61,9.72,0.01,0.01,0.01,-0.72,6.80,7.21,0.01,0.02,0.00,0.32,-0.15,0.95,1.16,0.61,0.85,R
115.29,21,0,0,255,0,-1.81,-3.94,9.02,0.04,0.02,0.03,-2.68,1.28,9.44,-0.00,0.02,0.02,-1.17,0.86,9.71,-0.04,0.00,0.01,-1.48,0.59,9.73,0.01,0.02,0.02,-0.72,6.79,7.22,0.05,0.04,0.00,0.33,-0.15,0.94,1.65,2.75,0.49,R
115.341,87,0,0,255,0,-1.86,-3.91,9.02,0.03,-0.01,0.03,-2.68,1.36,9.40,0.02,0.03,0.03,-1.02,0.95,9.71,-0.00,0.00,0.02,-0.89,0.65,10.07,0.03,0.02,0.02,-0.71,6.75,7.16,0.08,0.04,0.01,0.32,-0.14,0.95,0.73,3.17,1.40,R
115.392,96,0,0,255,0,-1.91,-3.88,9.05,0.07,0.00,0.04,-2.74,1.34,9.38,0.02,0.05,0.02,-1.23,0.93,9.74,-0.02,0.01,0.03,-1.48,0.71,9.79,0.04,0.02,0.02,-0.81,6.97,7.16,0.04,0.03,0.00,0.35,-0.16,0.93,0.06,2.14,1.71,R
115.443,9,0,0,255,0,-1.77,-3.82,9.03,-0.05,0.03,-0.03,-2.71,1.30,9.39,-0.05,0.05,-0.02,-1.22,0.99,9.75,-0.06,0.01,-0.01,-1.51,0.56,9.73,-0.07,0.02,-0.01,-0.80,6.87,7.20,-0.03,0.03,-0.01,0.34,-0.16,0.94,0.73,-4.21,0.67,R
115.494,9,0,0,255,0,-1.78,-3.85,9.06,0.00,-0.01,-0.02,-2.68,1.26,9.40,-0.02,0.02,0.01,-1.15,0.92,9.68,-0.05,-0.00,0.00,-1.43,0.71,9.74,-0.04,0.01,0.00,-0.73,6.75,7.26,-0.02,0.02,-0.01,0.34,-0.15,0.94,0.67,-1.04,0.12,R
115.545,50,0,0,255,0,-1.81,-4.07,9.00,0.02,-0.02,0.00,-2.70,1.10,9.35,0.01,0.03,0.03,-1.21,0.94,9.72,0.00,0.01,0.03,-1.51,0.63,9.68,0.04,0.01,0.03,-0.74,6.90,7.18,0.10,0.03,0.03,0.32,-0.14,0.94,0.98,2.75,1.22,R
115.596,96,0,0,255,0,-1.82,-3.78,9.06,0.04,-0.01,0.02,-2.64,1.40,9.40,0.00,0.01,0.02,-1.15,0.91,9.71,-0.05,0.00,0.02,-1.43,0.66,9.78,-0.00,0.02,0.01,-0.78,6.87,7.16,-0.01,0.03,0.01,0.35,-0.15,0.93,2.26,-0.49,0.98,R
115.647,10,0,0,255,0,-1.76,-3.85,9.03,-0.02,0.02,-0.03,-2.70,1.32,9.41,-0.06,0.04,-0.02,-1.17,0.87,9.74,-0.07,0.01,-0.00,-1.36,0.68,9.76,-0.04,0.01,-0.01,-0.61,6.86,7.21,-0.04,0.01,-0.02,0.33,-0.13,0.94,2.26,-2.38,0.55,R
115.698,12,0,0,255,0,-1.90,-3.80,9.02,-0.06,0.03,-0.03,-2.78,1.17,9.39,-0.11,0.01,-0.02,-1.24,0.58,9.71,-0.09,0.00,0.00,-1.43,0.59,9.79,-0.04,0.01,-0.00,-0.73,6.68,7.18,-0.00,0.02,-0.01,0.32,-0.16,0.94,1.34,-2.75,0.98,R
115.749,14,0,0,255,0,-1.85,-3.89,9.05,-0.02,0.01,-0.03,-2.63,1.28,9.38,-0.03,0.01,-0.01,-1.09,0.85,9.68,-0.10,0.00,0.00,-1.46,0.72,9.72,-0.06,0.01,-0.01,-0.66,6.83,7.18,-0.08,0.02,-0.02,0.34,-0.14,0.95,1.89,-1.83,0.37,R
115.801,75,0,0,255,0,-1.83,-3.98,9.02,-0.01,0.01,-0.01,-2.72,1.10,9.42,-0.05,0.01,0.00,-1.15,0.80,9.74,-0.06,-0.00,0.00,-1.44,0.61,9.80,-0.02,0.01,0.01,-0.67,6.79,7.19,0.03,0.02,-0.00,0.32,-0.16,0.94,1.65,1.46,0.67,R
115.851,96,0,0,255,0,-1.90,-3.82,9.03,0.02,-0.00,-0.01,-2.70,1.33,9.43,-0.02,0.02,0.01,-1.13,0.68,9.77,-0.06,0.01,0.01,-1.40,0.68,9.73,-0.01,0.02,-0.01,-0.75,6.93,7.14,-0.04,0.02,-0.02,0.34,-0.15,0.94,0.73,-2.87,-0.12,R
115.902,11,0,0,255,0,-1.81,-3.95,9.03,-0.05,0.04,-0.04,-2.66,1.21,9.42,-0.06,0.05,-0.03,-1.28,0.66,9.73,-0.07,0.02,-0.01,-1.48,0.59,9.78,-0.03,0.02,-0.01,-0.83,6.74,7.28,-0.03,0.01,-0.03,0.30,-0.16,0.95,0.79,-0.31,1.22,R
115.953,11,0,0,255,1,-1.87,-4.15,8.94,0.11,0.03,0.03,-2.76,1.05,9.42,0.16,0.11,0.03,-1.17,0.81,9.75,0.15,0.02,0.01,-1.38,0.61,9.77,0.13,0.04,0.02,-0.69,6.77,7.23,0.14,0.02,0.01,0.31,-0.14,0.96,1.59,10.86,0.79,R
116.004,49,0,0,255,0,-1.78,-3.85,9.07,0.14,0.03,0.11,-2.72,1.31,9.42,0.12,0.09,0.05,-1.21,0.92,9.62,-0.01,-0.00,0.05,-1.49,0.80,9.79,0.08,0.02,0.02,-0.73,6.89,7.19,0.05,0.03,0.02,0.35,-0.16,0.93,7.93,5.74,0.61,R
116.055,47,0,0,255,0,-1.81,-3.77,9.06,0.05,0.02,0.03,-2.74,1.27,9.39,0.01,0.09,0.02,-1.18,0.83,9.74,0.04,0.01,0.00,-1.35,0.71,9.72,0.07,0.02,0.01,-0.62,6.79,7.16,0.08,0.02,-0.01,0.33,-0.16,0.94,5.00,4.64,1.22,R
116.106,10,0,0,255,6,-1.91,-3.72,9.15,0.13,0.06,0.07,-3.00,1.10,7.93,0.04,0.14,0.07,-1.27,0.99,9.73,0.03,0.01,0.01,-1.60,0.79,9.73,0.01,0.01,0.01,-0.80,6.91,7.11,0.01,0.02,-0.01,0.37,-0.18,0.92,5.49,3.66,-0.79,R
116.157,11,0,0,255,0,-1.87,-3.77,9.09,-0.00,0.02,0.00,-2.84,1.36,9.34,-0.01,0.06,0.00,-1.26,0.94,9.70,-0.03,0.02,-0.00,-1.56,0.83,9.76,-0.01,0.02,-0.00,-0.74,6.91,7.18,-0.02,0.02,-0.01,0.35,-0.17,0.93,0.24,-0.43,-0.43,R
116.208,14,0,0,255,0,-1.89,-3.75,9.10,-0.03,-0.00,-0.02,-2.75,1.38,9.36,-0.02,0.03,0.00,-1.23,0.92,9.76,-0.03,-0.01,-0.00,-1.46,0.80,9.73,-0.03,0.00,-0.01,-0.77,6.92,7.15,-0.04,0.02,-0.02,0.36,-0.16,0.93,1.53,-2.20,-1.04,R
116.259,93,0,0,255,0,-2.01,-3.85,9.03,-0.04,0.03,-0.03,-2.97,1.34,9.31,-0.05,0.04,-0.01,-1.29,0.92,9.74,-0.04,0.02,-0.01,-1.50,0.68,9.71,-0.02,0.02,-0.00,-0.74,6.81,7.18,-0.00,0.03,0.00,0.33,-0.18,0.94,-0.43,-2.62,-1.34,R
116.31,10,0,0,255,0,-1.87,-3.73,9.12,-0.04,-0.02,-0.03,-2.81,1.41,9.39,-0.06,0.02,-0.00,-1.17,0.90,9.77,-0.08,-0.00,0.01,-1.49,0.79,9.76,-0.05,0.01,-0.01,-0.83,6.88,7.19,-0.07,0.02,-0.01,0.36,-0.16,0.94,-0.18,-4.09,-1.28,R
116.361,11,0,0,255,0,-1.93,-3.73,9.05,-0.08,0.01,-0.06,-2.94,1.32,9.31,-0.10,0.03,-0.03,-1.22,0.88,9.73,-0.11,0.01,-0.01,-1.48,0.67,9.78,-0.08,0.02,-0.01,-0.73,6.80,7.20,-0.07,0.02,-0.02,0.33,-0.17,0.94,-0.37,-6.29,-0.24,R
116.412,10,0,0,255,0,-1.92,-3.77,9.04,-0.06,0.01,-0.04,-2.97,1.34,9.26,-0.08,0.06,-0.02,-1.27,0.79,9.72,-0.09,0.02,0.00,-1.52,0.61,9.78,-0.04,0.02,-0.00,-0.75,6.77,7.24,-0.02,0.02,-0.01,0.33,-0.17,0.94,0.18,-3.60,1.04,R
116.463,14,0,0,255,0,-1.89,-3.81,9.11,-0.02,0.01,-0.02,-2.87,1.35,9.33,-0.06,0.02,-0.01,-1.27,0.84,9.70,-0.08,0.01,0.00,-1.42,0.58,9.72,-0.04,0.01,-0.00,-0.75,6.76,7.30,-0.02,0.02,-0.01,0.33,-0.17,0.94,1.40,-2.69,0.49,R
116.514,96,0,0,255,0,-1.83,-3.94,9.06,-0.01,0.00,-0.02,-2.82,1.23,9.36,-0.03,0.02,0.00,-1.19,0.74,9.75,-0.04,0.01,0.01,-1.40,0.68,9.74,-0.00,0.01,0.00,-0.69,6.82,7.25,-0.01,0.02,-0.01,0.33,-0.16,0.94,1.46,-1.04,-0.18,R
116.565,10,0,0,255,0,-1.89,-3.88,9.09,-0.02,0.03,-0.02,-2.91,1.24,9.36,-0.03,0.03,-0.01,-1.34,0.76,9.78,-0.06,0.01,0.00,-1.52,0.62,9.78,-0.02,0.02,-0.00,-0.72,6.68,7.22,-0.03,0.02,-0.01,0.32,-0.18,0.94,1.04,-1.59,0.12,R
116.616,12,0,0,255,0,-1.89,-3.85,9.10,0.02,0.01,-0.00,-2.88,1.27,9.38,0.01,0.03,0.01,-1.21,0.79,9.73,-0.03,0.01,0.00,-1.50,0.57,9.76,-0.01,0.02,-0.00,-0.78,6.78,7.25,0.00,0.02,-0.01,0.33,-0.17,0.94,0.06,0.06,-0.06,R
116.667,11,0,0,255,0,-1.89,-3.91,9.00,0.01,0.02,-0.01,-2.82,1.19,9.37,-0.01,0.03,0.01,-1.24,0.78,9.73,-0.03,0.00,0.00,-1.46,0.66,9.77,-0.01,0.01,0.00,-0.73,6.73,7.24,-0.00,0.02,-0.01,0.34,-0.17,0.94,0.55,0.18,-0.37,R
116.719,11,0,0,255,0,-1.84,-3.83,9.03,0.00,0.02,-0.02,-2.91,1.23,9.32,-0.01,0.03,-0.01,-1.24,0.74,9.77,-0.04,0.01,0.00,-1.52,0.61,9.75,-0.00,0.02,-0.01,-0.78,6.68,7.28,0.01,0.02,-0.00,0.33,-0.17,0.94,0.12,0.24,-0.18,R
116.769,30,0,0,255,0,-1.93,-3.92,9.02,0.01,0.01,-0.01,-2.86,1.21,9.33,-0.02,0.02,0.01,-1.24,0.70,9.72,-0.03,0.00,0.01,-1.47,0.61,9.73,-0.01,0.01,-0.00,-0.79,6.71,7.25,0.01,0.01,-0.01,0.33,-0.17,0.94,0.92,-0.43,0.18,R
116.82,96,0,0,255,0,-1.98,-3.83,9.06,-0.00,0.02,-0.00,-2.97,1.15,9.24,-0.02,0.04,0.00,-1.29,0.75,9.73,-0.03,0.01,0.00,-1.47,0.61,9.77,-0.01,0.02,0.00,-0.76,6.76,7.28,0.00,0.03,-0.00,0.32,-0.17,0.94,0.55,-0.12,0.00,R
116.871,10,0,0,255,5,-1.88,-3.85,9.01,0.01,0.01,-0.01,-2.87,1.27,9.36,-0.01,0.02,0.01,-1.25,0.68,9.71,-0.04,-0.00,0.00,-1.47,0.69,9.76,0.00,0.01,-0.00,-0.71,6.77,7.22,-0.00,0.02,-0.01,0.33,-0.17,0.94,1.59,0.49,0.12,R
116.922,10,0,0,255,0,-1.88,-3.85,9.05,0.02,0.02,-0.01,-2.95,1.29,9.35,0.01,0.04,0.01,-1.21,0.80,9.70,-0.02,0.01,0.01,-1.44,0.68,9.75,0.00,0.02,0.00,-0.76,6.77,7.29,0.01,0.02,-0.01,0.33,-0.17,0.94,0.85,0.49,-0.24,R
116.973,96,0,0,255,0,-1.93,-3.81,9.10,-0.02,0.05,-0.01,-2.99,1.28,9.34,-0.04,0.04,-0.01,-1.24,0.70,9.72,-0.06,0.01,-0.01,-1.47,0.60,9.76,-0.03,0.02,-0.01,-0.73,6.73,7.31,0.00,0.02,-0.02,0.31,-0.18,0.94,2.32,-1.65,0.06,R
117.024,10,0,0,255,0,-1.96,-3.84,9.06,0.02,0.01,-0.00,-2.93,1.27,9.33,0.01,0.05,0.01,-1.24,0.72,9.73,0.00,0.02,0.02,-1.43,0.66,9.80,0.02,0.02,0.01,-0.73,6.71,7.27,0.04,0.02,0.00,0.33,-0.17,0.94,-0.67,0.85,-0.55,R
117.075,11,0,0,255,7,-1.88,-3.76,9.06,-0.01,0.05,-0.01,-2.85,1.69,9.57,0.05,0.04,-0.01,-1.22,0.79,9.69,-0.03,0.01,-0.01,-1.49,0.74,9.74,-0.01,0.01,-0.02,-0.72,6.72,7.29,-0.04,0.01,-0.01,0.33,-0.17,0.94,0.61,-1.34,-0.92,R
117.126,9,0,0,255,0,-1.92,-3.84,9.02,-0.02,0.03,-0.03,-2.97,1.15,9.38,-0.04,0.04,-0.01,-1.31,0.70,9.71,-0.07,0.04,0.00,-1.46,0.73,9.76,0.00,0.02,-0.00,-0.69,6.69,7.20,0.00,0.02,-0.01,0.32,-0.17,0.95,-0.06,-0.79,-0.61,R
117.177,9,0,0,255,0,-1.96,-3.85,9.04,0.01,0.02,-0.02,-3.01,1.31,9.32,-0.04,0.03,-0.01,-1.29,0.72,9.72,-0.05,0.02,-0.01,-1.49,0.58,9.81,-0.02,0.01,-0.00,-0.74,6.72,7.27,-0.02,0.03,-0.01,0.33,-0.18,0.94,0.73,-1.40,-0.24,R
117.228,80,0,0,255,0,-1.94,-3.87,9.08,-0.00,0.01,-0.02,-3.12,1.16,9.32,-0.02,0.04,-0.00,-1.26,0.71,9.71,-0.05,0.01,-0.00,-1.48,0.64,9.77,-0.01,0.01,-0.01,-0.76,6.77,7.26,-0.00,0.02,-0.02,0.33,-0.17,0.94,0.85,-0.85,-0.31,R
117.28,96,0,0,255,0,-1.93,-3.85,9.04,-0.02,0.01,-0.02,-2.99,1.23,9.35,-0.02,0.03,-0.01,-1.31,0.73,9.67,-0.03,0.01,-0.00,-1.50,0.61,9.73,-0.00,0.02,-0.00,-0.74,6.72,7.29,-0.02,0.02,0.00,0.31,-0.17,0.94,0.06,-0.55,0.00,R
117.33,96,0,0,255,0,-1.95,-3.87,9.10,0.00,0.00,-0.01,-2.93,1.18,9.32,-0.00,0.03,0.01,-1.19,0.73,9.75,-0.04,0.01,0.00,-1.48,0.65,9.74,0.00,0.02,0.00,-0.76,6.71,7.34,0.02,0.02,-0.01,0.33,-0.17,0.94,-0.31,0.12,0.24,R
117.381,11,0,0,255,0,-1.90,-3.89,9.00,-0.02,0.00,-0.01,-3.00,1.19,9.34,-0.02,0.02,-0.00,-1.27,0.76,9.80,-0.04,0.01,-0.00,-1.48,0.63,9.72,-0.02,0.01,-0.01,-0.76,6.69,7.32,-0.03,0.02,-0.01,0.32,-0.17,0.95,0.73,-1.53,-0.06,R
117.432,11,0,0,255,0,-1.88,-3.92,9.05,-0.02,-0.00,-0.01,-2.94,1.20,9.35,-0.03,0.02,-0.01,-1.27,0.68,9.75,-0.05,0.01,-0.00,-1.45,0.61,9.77,-0.02,0.02,-0.01,-0.74,6.72,7.32,-0.04,0.01,-0.01,0.32,-0.17,0.94,-0.12,-1.16,0.24,R
117.483,10,0,0,255,0,-1.82,-3.84,9.03,-0.02,-0.01,-0.02,-3.01,1.24,9.34,-0.04,0.03,-0.01,-1.32,0.70,9.72,-0.02,0.03,-0.00,-1.47,0.57,9.72,-0.01,0.02,-0.01,-0.72,6.73,7.29,-0.03,0.01,-0.01,0.32,-0.17,0.94,-1.10,-1.16,0.67,R
117.535,39,0,0,255,0,-1.82,-3.83,9.01,-0.02,-0.00,-0.02,-3.04,1.20,9.36,-0.02,0.02,-0.01,-1.28,0.74,9.74,-0.03,0.01,-0.01,-1.45,0.58,9.76,-0.02,0.01,-0.01,-0.71,6.67,7.35,-0.03,0.01,-0.02,0.32,-0.17,0.94,-0.12,-1.16,0.79,R
117.585,96,0,0,255,0,-1.80,-3.90,9.03,-0.02,0.01,-0.01,-2.94,1.14,9.37,0.01,0.05,-0.00,-1.31,0.73,9.74,0.00,0.03,-0.00,-1.50,0.62,9.76,0.02,0.02,-0.00,-0.83,6.70,7.35,0.02,0.02,-0.02,0.32,-0.16,0.94,-1.83,1.10,0.43,R
117.636,94,0,0,255,0,-1.87,-3.93,9.04,-0.01,0.01,-0.02,-2.99,1.24,9.33,-0.01,0.02,-0.00,-1.30,0.63,9.75,-0.03,0.01,-0.00,-1.55,0.58,9.73,-0.03,0.01,-0.00,-0.79,6.63,7.39,-0.02,0.02,-0.01,0.32,-0.16,0.95,1.83,-0.43,0.43,R
117.687,11,0,0,255,0,-1.86,-3.96,9.00,0.01,0.01,-0.01,-3.05,1.05,9.34,0.02,0.04,0.01,-1.35,0.64,9.76,0.01,0.01,0.01,-1.48,0.65,9.74,0.03,0.02,0.01,-0.78,6.70,7.27,0.07,0.02,0.00,0.31,-0.17,0.94,0.49,1.95,0.37,R
117.738,11,0,0,255,0,-1.90,-3.84,9.03,0.03,0.01,0.00,-2.97,1.15,9.37,0.01,0.03,0.01,-1.29,0.84,9.73,-0.01,0.00,0.00,-1.45,0.59,9.79,-0.01,0.02,-0.00,-0.74,6.67,7.31,0.00,0.01,-0.02,0.33,-0.16,0.95,2.75,0.49,0.67,R
117.789,14,0,0,255,0,-1.81,-3.97,8.96,-0.04,0.03,-0.01,-2.96,1.05,9.35,-0.01,0.03,-0.01,-1.32,0.91,9.73,-0.04,0.01,-0.01,-1.58,0.47,9.83,-0.05,0.02,-0.01,-0.79,6.59,7.30,-0.02,0.02,-0.02,0.32,-0.19,0.95,-1.53,-0.24,1.89,R
117.84,34,0,0,255,0,-1.92,-4.01,9.00,-0.05,0.02,-0.01,-3.01,1.17,9.34,-0.02,0.02,-0.01,-1.22,0.89,9.73,-0.04,-0.00,-0.01,-1.45,0.64,9.72,-0.03,0.02,-0.00,-0.75,6.66,7.28,0.00,0.01,-0.02,0.33,-0.17,0.95,2.38,0.73,0.61,R
117.891,96,0,0,255,0,-1.89,-3.98,8.98,-0.06,0.04,-0.01,-3.03,1.11,9.35,-0.04,0.03,-0.02,-1.39,0.67,9.70,-0.04,0.02,-0.02,-1.53,0.63,9.78,-0.04,0.03,-0.02,-0.75,6.64,7.29,-0.01,0.01,-0.04,0.32,-0.17,0.95,0.24,-0.37,0.55,R
117.942,13,0,0,255,0,-1.80,-4.00,8.96,0.02,0.03,-0.03,-2.96,1.02,9.35,-0.02,0.04,-0.00,-1.29,0.64,9.72,-0.01,0.02,-0.00,-1.49,0.55,9.77,0.02,0.02,0.00,-0.78,6.68,7.33,0.03,0.02,-0.01,0.31,-0.16,0.95,-2.62,0.85,1.28,R
117.993,11,0,0,255,0,-1.90,-3.97,8.98,0.01,0.01,-0.01,-3.00,1.15,9.34,0.01,0.03,0.00,-1.35,0.61,9.71,-0.01,0.01,0.00,-1.51,0.64,9.73,0.02,0.01,0.00,-0.79,6.66,7.37,-0.01,0.02,0.00,0.32,-0.16,0.94,0.06,0.24,-0.37,R
118.044,11,0,0,255,0,-1.96,-4.01,9.01,0.03,0.02,-0.01,-3.09,1.14,9.34,0.02,0.03,0.01,-1.36,0.72,9.77,0.02,0.00,0.01,-1.53,0.59,9.78,0.04,0.01,0.01,-0.77,6.68,7.31,0.04,0.03,0.01,0.32,-0.17,0.94,1.65,1.16,-0.79,R
118.095,19,0,0,255,0,-1.92,-4.01,9.02,0.02,0.01,0.00,-3.06,1.14,9.31,-0.00,0.03,0.01,-1.36,0.79,9.77,-0.03,0.01,0.01,-1.45,0.69,9.68,-0.02,0.01,0.00,-0.69,6.65,7.30,-0.02,0.02,-0.01,0.33,-0.16,0.95,2.44,-0.98,-0.98,R
118.147,57,0,0,255,0,-1.93,-4.05,9.00,-0.02,0.00,-0.01,-3.01,1.07,9.30,-0.04,0.01,-0.01,-1.36,0.64,9.73,-0.05,0.00,0.00,-1.53,0.52,9.77,-0.02,0.02,0.01,-0.82,6.63,7.36,0.02,0.02,-0.01,0.31,-0.17,0.94,0.24,-1.04,-0.31,R
118.197,96,0,0,255,0,-1.81,-3.94,8.98,0.01,-0.01,0.00,-3.03,1.15,9.33,-0.01,0.02,0.01,-1.38,0.77,9.73,-0.03,0.00,0.01,-1.47,0.63,9.75,-0.01,0.02,-0.00,-0.71,6.72,7.35,-0.01,0.02,-0.01,0.33,-0.16,0.94,0.61,-0.73,0.12,R
118.248,14,0,0,255,0,-1.89,-3.97,9.03,-0.00,0.02,-0.01,-3.09,1.11,9.33,-0.00,0.03,-0.00,-1.39,0.64,9.69,-0.01,0.01,0.00,-1.51,0.63,9.80,0.02,0.02,0.01,-0.77,6.63,7.32,0.02,0.03,-0.00,0.31,-0.17,0.95,0.37,-0.31,-0.67,R
118.3,13,0,0,255,0,-1.93,-3.94,9.02,0.02,0.01,-0.00,-2.98,1.13,9.29,0.01,0.04,0.01,-1.31,0.68,9.69,-0.01,0.01,0.01,-1.51,0.69,9.74,0.00,0.02,0.00,-0.78,6.63,7.30,0.01,0.02,-0.01,0.33,-0.17,0.94,0.67,-0.43,-0.55,R
118.35,16,0,0,255,0,-1.85,-3.91,9.02,-0.02,0.01,-0.01,-3.05,1.16,9.45,-0.08,0.03,0.00,-1.33,0.75,9.72,-0.07,0.03,0.01,-1.52,0.60,9.73,-0.01,0.03,0.00,-0.70,6.71,7.30,0.05,-0.01,-0.03,0.32,-0.16,0.94,2.14,-0.92,0.06,R
118.401,52,0,0,255,0,-1.86,-3.98,9.00,-0.03,0.00,-0.01,-3.10,1.11,9.40,-0.04,0.02,-0.01,-1.50,0.75,9.80,-0.02,0.05,-0.00,-1.56,0.68,9.80,-0.01,0.02,0.00,-1.08,6.35,7.58,0.15,-0.03,-0.06,0.31,-0.18,0.94,1.46,-2.81,2.75,R
118.452,96,0,0,255,0,-1.79,-3.98,8.87,-0.12,-0.05,-0.04,-2.92,1.04,9.28,-0.13,0.00,-0.02,-1.25,0.71,9.69,-0.01,0.07,-0.00,-1.40,0.65,9.73,0.00,0.03,-0.00,-0.71,6.69,7.24,0.04,-0.00,-0.04,0.31,-0.15,0.95,-2.75,-3.85,3.11,R
118.503,12,0,0,255,0,-1.72,-3.98,9.00,-0.07,0.01,-0.02,-3.01,1.10,9.36,-0.11,0.02,-0.04,-1.45,0.66,9.73,-0.10,0.02,-0.03,-1.54,0.63,9.69,-0.04,0.02,-0.04,-0.76,6.76,7.21,-0.07,0.00,-0.05,0.30,-0.18,0.95,2.50,-3.23,1.53,R
118.554,13,0,0,255,0,-1.88,-4.12,9.00,-0.00,-0.02,-0.01,-3.10,0.95,9.32,-0.03,0.02,0.00,-1.41,0.73,9.75,-0.02,0.00,0.01,-1.50,0.61,9.73,-0.01,0.02,0.01,-0.70,6.68,7.26,-0.00,0.03,-0.00,0.32,-0.16,0.95,-1.34,0.43,-0.49,R
118.605,28,0,0,255,0,-1.81,-4.07,8.93,0.02,0.01,-0.00,-3.00,1.19,9.31,-0.02,0.02,0.01,-1.40,0.77,9.71,-0.06,-0.01,0.00,-1.55,0.63,9.75,-0.04,0.02,0.00,-0.84,6.68,7.39,-0.05,0.03,-0.01,0.32,-0.16,0.95,2.32,-0.31,-0.92,R
118.656,96,0,0,255,0,-1.80,-4.06,8.97,-0.01,0.04,-0.02,-3.07,0.92,9.42,-0.01,0.03,-0.01,-1.41,0.65,9.71,-0.05,-0.00,-0.01,-1.59,0.58,9.75,-0.03,0.01,-0.01,-0.74,6.75,7.37,-0.01,0.02,-0.01,0.30,-0.17,0.95,2.26,-1.53,-2.01,R
118.708,9,0,0,255,0,-1.82,-4.09,8.96,0.02,0.01,-0.01,-3.00,1.07,9.32,0.03,0.04,0.01,-1.38,0.66,9.70,-0.03,-0.01,0.01,-1.53,0.61,9.72,-0.01,0.00,0.00,-0.76,6.71,7.33,-0.02,0.03,-0.01,0.31,-0.16,0.95,2.81,0.06,-1.71,R
118.758,16,0,0,255,0,-1.87,-4.12,8.99,-0.02,0.04,-0.02,-3.10,1.08,9.37,-0.03,0.02,-0.01,-1.39,0.69,9.70,-0.04,-0.01,-0.01,-1.58,0.54,9.78,-0.01,0.01,-0.01,-0.74,6.64,7.38,-0.04,0.03,-0.00,0.30,-0.18,0.95,1.77,-1.59,-1.22,R
118.811,17,0,0,255,0,-1.76,-4.02,8.94,0.03,0.01,-0.01,-3.00,0.93,9.39,0.01,0.03,0.01,-1.40,0.62,9.76,0.01,0.00,0.00,-1.55,0.60,9.73,0.01,0.01,0.00,-0.79,6.66,7.32,0.01,0.03,0.01,0.31,-0.17,0.95,-0.24,0.73,-1.77,R
118.86,7,0,0,255,0,-1.84,-4.03,9.01,-0.00,0.01,-0.01,-3.01,1.04,9.37,-0.02,0.01,-0.00,-1.40,0.65,9.73,-0.02,-0.01,-0.00,-1.55,0.56,9.70,-0.01,0.00,-0.00,-0.80,6.64,7.35,-0.01,0.02,-0.01,0.30,-0.17,0.95,1.34,-1.04,-1.04,R
118.911,20,0,0,255,0,-1.90,-4.12,8.95,-0.00,0.01,-0.01,-3.06,1.10,9.32,-0.01,0.02,0.01,-1.36,0.63,9.71,-0.02,0.01,0.01,-1.47,0.64,9.71,0.00,0.02,-0.00,-0.75,6.66,7.33,0.00,0.02,-0.00,0.31,-0.17,0.95,-0.24,-0.55,-1.34,R
118.962,95,0,0,255,0,-1.83,-4.04,8.92,-0.01,0.00,-0.01,-2.93,1.09,9.36,-0.00,0.02,-0.00,-1.37,0.70,9.74,-0.04,0.01,0.00,-1.48,0.59,9.74,-0.00,0.02,-0.01,-0.80,6.72,7.30,0.02,0.02,-0.01,0.30,-0.17,0.95,0.61,-1.10,-1.46,R
119.013,85,0,0,255,0,-1.85,-4.02,9.00,-0.02,0.01,-0.02,-3.03,1.11,9.33,-0.03,0.02,-0.01,-1.43,0.64,9.77,-0.04,0.01,-0.00,-1.56,0.57,9.74,-0.02,0.02,-0.01,-0.73,6.65,7.30,-0.02,0.02,-0.02,0.31,-0.17,0.95,1.59,-1.53,-0.92,R
119.064,12,0,0,255,5,-1.86,-4.08,8.94,0.01,0.01,-0.01,-3.04,1.02,9.39,-0.03,0.03,0.01,-1.40,0.57,9.70,-0.02,0.01,0.01,-1.59,0.62,9.73,0.02,0.02,0.01,-0.80,6.73,7.33,0.04,0.02,-0.00,0.30,-0.17,0.95,1.28,0.92,-0.55,R
119.116,11,0,0,255,9,-1.83,-4.04,8.97,0.01,0.01,-0.01,-2.96,1.02,9.42,-0.02,0.01,0.00,-1.36,0.68,9.71,-0.05,-0.00,0.00,-1.54,0.55,9.82,-0.02,0.02,-0.01,-0.82,6.65,7.36,-0.02,0.02,-0.01,0.31,-0.17,0.95,1.71,-0.67,-0.43,R
119.166,95,0,0,255,0,-1.84,-4.07,8.94,0.00,0.01,-0.01,-3.01,0.99,9.41,-0.00,0.02,0.01,-1.43,0.60,9.71,-0.03,0.01,0.00,-1.56,0.53,9.76,0.01,0.01,0.01,-0.85,6.68,7.29,0.03,0.02,-0.01,0.30,-0.17,0.95,0.37,0.92,-0.31,R
119.217,11,0,0,255,0,-1.81,-4.08,8.97,0.01,0.01,-0.01,-2.97,0.99,9.36,-0.01,0.02,0.00,-1.42,0.64,9.75,-0.03,0.01,0.00,-1.51,0.56,9.75,-0.00,0.01,0.00,-0.79,6.59,7.30,0.02,0.02,-0.01,0.30,-0.17,0.95,0.00,0.24,-0.12,R
119.268,9,0,0,255,2,-1.85,-4.05,8.97,0.01,0.02,-0.00,-3.04,1.09,9.40,-0.01,0.02,0.00,-1.35,0.69,9.73,-0.03,-0.00,0.00,-1.55,0.55,9.74,-0.01,0.01,-0.00,-0.80,6.64,7.30,-0.00,0.02,-0.01,0.31,-0.17,0.95,0.43,0.24,-0.18,R
119.319,14,0,0,255,0,-1.87,-4.11,8.91,0.01,0.01,-0.00,-3.03,1.03,9.39,-0.00,0.02,0.01,-1.42,0.71,9.73,-0.03,-0.00,0.01,-1.56,0.57,9.73,-0.01,0.02,0.01,-0.79,6.69,7.33,0.02,0.02,0.01,0.30,-0.17,0.95,0.73,0.67,0.18,R
119.37,96,0,0,255,0,-1.78,-4.06,8.97,0.03,0.01,0.01,-2.98,1.01,9.34,0.01,0.03,0.01,-1.35,0.62,9.75,-0.01,0.01,0.01,-1.50,0.59,9.81,-0.00,0.01,0.00,-0.78,6.70,7.36,0.02,0.02,-0.01,0.31,-0.17,0.95,0.85,0.98,0.37,R
119.421,12,0,0,255,0,-1.86,-4.00,8.99,0.02,0.02,-0.01,-3.02,0.95,9.33,-0.01,0.02,0.01,-1.42,0.65,9.68,-0.03,0.00,0.00,-1.54,0.63,9.72,-0.00,0.01,0.00,-0.78,6.71,7.30,0.02,0.02,-0.00,0.30,-0.17,0.94,0.49,0.12,0.00,R
119.472,11,0,0,255,1,-1.73,-4.07,8.97,0.03,0.01,-0.01,-3.02,1.03,9.39,0.02,0.03,0.01,-1.44,0.70,9.71,-0.01,0.01,0.00,-1.59,0.59,9.74,0.01,0.01,0.01,-0.80,6.74,7.29,0.01,0.02,-0.00,0.31,-0.17,0.95,-0.12,0.85,-0.06,R
119.523,10,0,0,255,1,-1.81,-4.01,9.00,0.02,0.01,-0.01,-2.98,1.10,9.36,-0.00,0.02,0.01,-1.44,0.73,9.73,-0.02,-0.01,0.00,-1.53,0.60,9.75,0.01,0.01,0.00,-0.79,6.66,7.31,0.02,0.02,-0.01,0.31,-0.17,0.95,0.37,-0.18,-0.55,R
119.574,31,0,0,255,0,-1.81,-4.00,9.00,0.01,0.01,-0.01,-2.95,1.07,9.38,0.01,0.02,0.00,-1.41,0.69,9.67,-0.02,0.00,0.01,-1.60,0.58,9.78,0.02,0.01,0.00,-0.81,6.70,7.27,0.04,0.02,0.01,0.30,-0.17,0.95,-0.37,0.61,-0.73,R
119.625,95,0,0,255,0,-1.81,-4.16,8.98,-0.01,0.02,-0.01,-2.98,0.85,9.37,-0.00,0.02,0.01,-1.46,0.70,9.73,0.03,0.00,0.01,-1.57,0.67,9.65,0.00,0.00,0.01,-0.87,6.70,7.30,0.03,0.04,0.01,0.30,-0.18,0.95,0.73,0.85,-0.61,R
119.676,9,0,0,255,2,-1.82,-4.09,8.91,0.01,0.03,-0.01,-2.96,1.12,9.35,0.05,0.03,0.01,-1.37,0.51,9.77,0.01,0.01,0.02,-1.59,0.64,9.69,0.02,0.01,0.01,-0.74,6.72,7.25,0.06,0.04,0.02,0.31,-0.17,0.95,-0.43,1.28,-1.34,R
119.727,9,0,0,255,2,-1.71,-4.06,8.97,-0.00,0.01,-0.01,-3.09,1.07,9.37,-0.02,0.01,0.01,-1.36,0.73,9.73,-0.03,-0.01,0.01,-1.58,0.67,9.79,-0.01,0.01,0.01,-0.74,6.73,7.31,0.00,0.03,0.01,0.31,-0.18,0.95,0.67,-0.61,-1.53,R
119.778,69,0,0,255,0,-1.72,-4.00,9.01,0.02,0.03,-0.01,-2.99,1.47,9.25,-0.03,0.03,0.02,-1.33,0.77,9.77,0.01,0.02,0.02,-1.58,0.16,9.56,0.01,0.04,0.02,-0.80,6.76,7.31,0.05,0.03,0.02,0.31,-0.17,0.95,-0.98,1.28,-2.44,R
119.829,96,0,0,255,0,-1.78,-3.94,9.01,0.01,0.02,-0.00,-2.90,1.14,9.34,-0.02,0.03,-0.00,-1.41,0.77,9.69,-0.04,0.01,0.00,-1.59,0.68,9.68,-0.03,0.01,-0.01,-0.76,6.68,7.22,-0.02,0.03,-0.01,0.31,-0.17,0.94,0.24,-1.34,-1.34,R
119.88,0,0,0,255,0,-1.86,-4.12,8.96,0.01,0.01,-0.00,-3.04,1.16,9.38,0.00,0.03,0.01,-1.41,0.85,9.77,-0.01,0.01,0.01,-1.54,0.74,9.76,0.01,0.02,0.01,-0.75,6.82,7.31,0.04,0.02,0.00,0.31,-0.17,0.95,-3.23,0.49,-1.46,R
119.931,4,0,0,255,0,-1.80,-4.02,9.05,-0.01,0.02,-0.01,-2.94,1.13,9.37,-0.02,0.04,-0.00,-1.36,0.76,9.76,-0.04,0.02,-0.00,-1.54,0.70,9.73,-0.01,0.02,-0.01,-0.78,6.79,7.25,-0.00,0.01,-0.02,0.31,-0.16,0.95,-2.87,-0.85,-0.98,R
119.982,15,0,0,255,0,-1.80,-4.07,8.97,-0.04,0.02,-0.02,-3.00,1.16,9.35,-0.03,0.04,-0.01,-1.37,0.74,9.72,-0.05,0.01,-0.01,-1.55,0.65,9.76,-0.02,0.02,-0.01,-0.75,6.72,7.23,0.00,0.02,-0.03,0.30,-0.16,0.95,0.61,-0.43,1.16,R
120.033,17,0,0,255,0,-1.87,-4.13,8.98,0.01,0.01,0.00,-3.03,1.12,9.37,0.00,0.03,0.02,-1.38,0.72,9.74,-0.04,0.01,0.02,-1.55,0.62,9.73,0.01,0.01,0.02,-0.85,6.78,7.25,0.03,0.03,0.01,0.32,-0.17,0.96,1.65,1.34,0.55,R
120.084,11,0,0,255,0,-1.78,-4.02,9.00,-0.01,0.02,-0.01,-3.04,1.12,9.31,-0.01,0.03,-0.00,-1.35,0.77,9.67,-0.05,0.00,-0.00,-1.49,0.71,9.78,-0.03,0.01,-0.02,-0.79,6.74,7.23,-0.04,0.02,-0.02,0.31,-0.16,0.95,-0.49,-1.28,-0.92,R
120.135,18,0,0,255,0,-1.89,-4.01,8.96,-0.01,0.02,-0.01,-3.11,1.01,9.38,-0.02,0.02,-0.00,-1.45,0.72,9.76,-0.03,-0.01,0.00,-1.51,0.62,9.73,-0.00,0.01,0.00,-0.79,6.87,7.23,0.04,0.02,-0.00,0.30,-0.17,0.95,2.08,0.85,0.61,R
120.186,97,0,0,255,0,-1.85,-4.06,8.97,0.02,0.00,0.00,-3.01,1.16,9.34,0.01,0.02,0.01,-1.43,0.71,9.73,-0.03,0.00,0.01,-1.58,0.65,9.75,-0.01,0.01,0.00,-0.72,6.76,7.20,-0.00,0.02,-0.00,0.31,-0.16,0.95,-0.79,0.12,-0.37,R
120.237,4,0,0,255,0,-1.83,-4.09,8.98,-0.00,0.01,-0.01,-3.03,1.03,9.34,-0.01,0.02,0.01,-1.42,0.71,9.73,-0.02,0.01,0.00,-1.59,0.68,9.72,0.01,0.01,-0.00,-0.78,6.74,7.27,0.03,0.02,-0.01,0.30,-0.16,0.95,0.06,0.43,-0.18,R
120.288,98,0,0,255,0,-1.76,-4.04,8.96,0.01,0.01,0.00,-3.01,1.13,9.38,-0.01,0.02,0.01,-1.38,0.74,9.72,-0.04,0.00,0.01,-1.57,0.69,9.77,-0.00,0.01,0.00,-0.79,6.83,7.17,-0.01,0.02,-0.01,0.31,-0.16,0.95,1.22,0.31,0.06,R
120.339,11,0,0,255,0,-1.84,-4.11,8.97,-0.00,0.01,-0.00,-3.04,1.09,9.38,-0.02,0.01,0.00,-1.43,0.70,9.71,-0.04,-0.00,0.01,-1.56,0.67,9.74,0.00,0.01,0.00,-0.79,6.77,7.22,0.02,0.03,0.00,0.30,-0.16,0.95,0.43,-0.12,-0.73,R
120.39,18,0,0,255,0,-1.79,-4.03,8.98,0.02,0.00,-0.01,-2.99,1.06,9.32,0.01,0.02,0.00,-1.39,0.69,9.73,-0.01,0.01,-0.00,-1.55,0.69,9.73,0.01,0.01,0.00,-0.75,6.78,7.22,0.01,0.03,-0.00,0.31,-0.16,0.94,-0.43,0.18,-0.49,R
120.441,20,0,0,255,0,-1.82,-4.06,8.96,0.02,0.01,-0.01,-3.01,1.10,9.36,-0.01,0.01,0.01,-1.44,0.70,9.76,-0.03,-0.00,0.00,-1.58,0.68,9.77,-0.01,0.01,-0.00,-0.76,6.80,7.21,-0.00,0.02,-0.01,0.31,-0.16,0.95,0.98,0.12,-0.24,R
120.492,28,0,0,255,0,-1.81,-4.14,8.98,0.02,0.01,-0.00,-3.06,1.11,9.33,0.01,0.03,0.01,-1.46,0.78,9.68,-0.01,0.01,0.02,-1.58,0.69,9.69,0.02,0.02,0.01,-0.81,6.77,7.15,0.06,0.03,0.01,0.30,-0.17,0.95,0.06,1.34,0.00,R
120.543,45,0,0,255,0,-1.86,-3.89,9.21,0.00,0.03,-0.01,-2.97,1.26,9.39,0.01,0.02,0.02,-1.42,0.84,9.75,-0.00,0.00,0.01,-1.54,0.71,9.78,-0.00,0.01,0.00,-0.80,6.83,7.21,-0.00,0.02,-0.01,0.32,-0.16,0.95,0.24,0.98,-0.43,R
120.594,100,0,0,255,0,-1.87,-4.05,9.01,-0.01,0.02,-0.01,-3.05,1.10,9.38,0.00,0.02,0.00,-1.46,0.74,9.71,-0.02,-0.00,0.00,-1.55,0.67,9.71,0.01,0.01,0.00,-0.83,6.77,7.24,0.03,0.02,-0.01,0.30,-0.16,0.95,0.18,0.37,-0.98,R
120.645,34,0,0,255,0,-1.79,-4.01,9.05,0.02,0.02,-0.00,-2.97,1.14,9.33,0.04,0.02,0.01,-1.40,0.82,9.70,0.01,-0.00,0.00,-1.51,0.81,9.76,0.00,0.01,-0.01,-0.77,6.92,7.12,-0.03,0.01,-0.01,0.32,-0.16,0.95,1.59,0.18,-1.10,R
120.696,7,0,0,255,0,-1.88,-4.12,8.98,-0.01,0.01,-0.01,-3.02,1.04,9.29,-0.02,0.01,0.01,-1.37,0.69,9.71,-0.01,0.01,0.01,-1.56,0.64,9.77,0.03,0.01,0.01,-0.75,6.76,7.21,0.08,0.02,0.01,0.28,-0.17,0.94,0.55,1.40,-0.06,R
120.747,7,0,0,255,0,-1.75,-4.12,8.82,0.03,0.03,0.00,-3.05,1.38,9.30,0.06,0.04,0.02,-1.40,0.81,9.64,0.01,-0.00,0.02,-1.55,0.74,9.73,0.04,0.01,0.01,-0.78,6.84,7.13,0.06,0.02,0.00,0.33,-0.16,0.95,-1.59,2.87,0.24,R
120.799,1,0,0,255,0,-1.80,-4.03,8.98,-0.01,0.04,-0.01,-3.05,1.29,9.36,-0.02,0.02,-0.02,-1.41,0.73,9.73,-0.05,-0.01,-0.01,-1.55,0.77,9.72,-0.01,0.01,-0.01,-0.72,6.73,7.26,-0.00,0.02,-0.01,0.30,-0.17,0.95,-0.12,-0.06,0.00,R
120.849,15,0,0,255,0,-1.90,-4.07,8.96,0.04,0.01,0.00,-2.98,1.09,9.35,0.01,0.03,0.02,-1.34,0.81,9.71,-0.00,0.00,0.01,-1.51,0.73,9.78,0.03,0.02,0.01,-0.78,6.95,7.12,0.03,0.02,0.00,0.32,-0.16,0.95,-0.24,2.38,0.00,R
120.9,6,0,0,255,0,-1.96,-3.96,8.97,-0.01,0.01,-0.00,-3.03,1.19,9.30,0.00,0.02,0.01,-1.40,0.86,9.70,-0.02,0.01,0.00,-1.54,0.72,9.73,-0.02,0.01,-0.00,-0.79,6.85,7.18,-0.01,0.02,-0.00,0.31,-0.16,0.95,2.20,-0.37,0.06,R
120.951,99,0,0,255,0,-1.88,-4.02,9.00,0.03,0.01,-0.00,-3.02,1.10,9.30,0.02,0.02,0.01,-1.37,0.75,9.72,0.00,0.00,0.01,-1.58,0.72,9.67,0.02,0.01,0.01,-0.73,6.82,7.21,0.03,0.02,0.00,0.32,-0.17,0.94,1.83,1.22,-0.61,R
121.003,7,0,0,255,0,-1.86,-3.97,8.99,0.00,0.02,-0.01,-2.98,1.19,9.37,-0.01,0.02,-0.01,-1.40,0.83,9.74,-0.05,-0.01,0.00,-1.51,0.78,9.74,-0.01,0.01,-0.01,-0.78,6.82,7.14,-0.00,0.02,-0.01,0.31,-0.17,0.95,1.34,-0.85,-0.61,R
121.053,101,0,0,255,0,-1.88,-4.00,8.97,0.03,0.01,-0.00,-3.07,1.04,9.38,0.03,0.03,0.00,-1.54,0.83,9.70,0.00,-0.01,0.01,-1.67,0.61,9.65,-0.04,0.01,0.01,-0.75,6.77,7.23,0.01,0.03,0.01,0.32,-0.17,0.95,0.06,0.55,-0.79,R
121.104,96,0,0,255,0,-1.92,-4.03,8.98,-0.03,0.01,-0.02,-2.98,1.39,9.29,0.02,0.02,-0.01,-1.35,0.83,9.73,-0.02,0.00,0.01,-1.50,0.78,9.72,0.01,0.01,0.00,-0.72,7.00,7.16,0.03,0.02,-0.01,0.32,-0.16,0.95,1.04,-0.18,-1.28,R
121.155,101,0,0,255,0,-1.88,-3.97,9.01,-0.02,0.01,-0.02,-3.04,1.10,9.34,-0.04,0.00,-0.00,-1.36,0.74,9.74,-0.03,-0.01,-0.01,-1.59,0.73,9.74,-0.02,0.00,-0.00,-0.77,6.85,7.15,-0.02,0.02,-0.01,0.31,-0.17,0.95,2.62,-1.71,-1.46,R
121.206,19,0,0,255,0,-1.94,-4.11,8.98,0.00,0.01,-0.02,-3.01,1.23,9.30,-0.02,0.02,-0.01,-1.41,0.82,9.79,-0.01,0.03,-0.00,-1.54,0.88,9.75,0.00,0.01,-0.01,-0.76,6.82,7.12,-0.01,0.02,-0.01,0.31,-0.17,0.94,1.22,-0.92,-1.04,R
121.257,55,0,0,255,0,-1.81,-4.00,8.97,-0.01,0.01,-0.03,-2.97,1.29,9.36,-0.00,0.02,-0.01,-1.37,0.78,9.71,-0.04,0.00,0.00,-1.49,0.70,9.73,-0.01,0.01,-0.00,-0.67,6.81,7.15,0.02,0.02,-0.01,0.31,-0.17,0.94,0.00,0.06,-0.92,R
121.308,101,0,0,255,0,-1.86,-4.03,8.96,0.00,0.02,-0.02,-2.99,1.17,9.38,0.02,0.03,-0.01,-1.38,0.88,9.69,-0.03,0.01,0.00,-1.48,0.74,9.71,-0.01,0.01,-0.01,-0.74,6.95,7.13,-0.01,0.02,-0.01,0.32,-0.17,0.95,0.67,-0.92,-1.04,R
121.359,43,0,0,255,0,-1.84,-4.04,8.95,-0.02,0.02,-0.03,-2.96,1.18,9.38,-0.01,0.01,-0.01,-1.37,0.83,9.77,-0.02,0.01,0.00,-1.56,0.76,9.77,0.00,0.01,-0.00,-0.72,6.79,7.14,0.02,0.02,-0.01,0.30,-0.17,0.95,0.79,-0.85,-1.34,R
121.41,92,0,0,255,0,-1.88,-3.92,8.84,-0.00,0.03,-0.03,-2.96,1.36,9.37,0.00,0.03,-0.00,-1.35,0.86,9.66,-0.02,0.00,0.01,-1.45,0.77,9.74,0.01,0.01,0.00,-0.71,6.87,7.17,0.02,0.02,-0.01,0.31,-0.17,0.95,-0.06,-0.24,-1.40,R
121.461,45,0,0,255,0,-1.79,-4.01,9.00,-0.02,0.01,-0.03,-3.02,1.18,9.32,-0.02,0.02,-0.01,-1.31,0.83,9.72,-0.04,-0.00,-0.00,-1.50,0.75,9.73,-0.00,0.01,-0.01,-0.77,6.85,7.16,0.00,0.02,-0.02,0.31,-0.17,0.95,1.10,-1.16,-0.85,R
121.512,15,0,0,255,0,-1.85,-4.03,8.96,0.00,0.02,-0.02,-2.98,1.14,9.35,-0.02,0.03,-0.01,-1.41,0.84,9.68,-0.02,0.00,0.00,-1.54,0.74,9.73,-0.01,0.01,-0.00,-0.78,6.90,7.13,0.00,0.01,-0.01,0.31,-0.17,0.95,0.18,-0.43,-0.79,R
121.563,100,0,0,255,0,-1.84,-4.06,8.98,-0.03,0.02,-0.02,-2.98,1.13,9.33,-0.02,0.02,-0.01,-1.36,0.84,9.73,-0.04,0.01,-0.01,-1.53,0.72,9.78,-0.02,0.01,-0.01,-0.77,6.81,7.18,0.01,0.02,-0.02,0.30,-0.17,0.95,0.55,-0.98,-0.37,R
121.614,100,0,0,255,0,-1.82,-4.07,8.95,0.01,0.01,-0.01,-2.92,1.09,9.33,-0.00,0.02,-0.00,-1.36,0.83,9.68,-0.04,0.00,0.00,-1.59,0.75,9.76,-0.01,0.01,-0.00,-0.74,6.87,7.10,0.01,0.02,-0.01,0.31,-0.16,0.95,-0.49,-0.06,-0.49,R
121.665,24,0,0,255,0,-1.82,-4.09,8.96,-0.02,0.01,-0.02,-3.01,1.13,9.35,-0.01,0.02,-0.01,-1.42,0.82,9.71,-0.04,0.01,0.01,-1.50,0.74,9.71,0.00,0.02,-0.01,-0.73,6.85,7.14,0.02,0.02,-0.00,0.30,-0.17,0.95,0.61,-0.31,0.12,R
121.716,30,0,0,255,0,-1.81,-4.03,9.00,-0.01,0.02,-0.02,-3.01,1.22,9.32,-0.01,0.02,-0.00,-1.38,0.89,9.70,-0.03,0.00,-0.00,-1.52,0.79,9.71,-0.02,0.01,-0.01,-0.79,6.81,7.13,-0.02,0.02,-0.01,0.31,-0.17,0.95,0.73,-0.31,0.12,R
121.768,71,0,0,255,0,-1.82,-4.08,8.97,-0.01,0.01,-0.01,-2.96,1.13,9.32,-0.02,0.03,0.00,-1.35,0.90,9.68,-0.04,0.00,0.01,-1.55,0.74,9.71,-0.01,0.01,-0.00,-0.75,6.91,7.17,0.01,0.02,-0.00,0.30,-0.17,0.95,0.67,-0.18,0.18,R
121.818,102,0,0,255,0,-1.82,-4.09,8.96,-0.02,0.01,-0.01,-3.04,1.18,9.36,-0.03,0.02,-0.01,-1.35,0.79,9.70,-0.04,0.01,-0.01,-1.57,0.69,9.80,-0.01,0.02,-0.00,-0.81,6.86,7.18,-0.01,0.02,-0.01,0.30,-0.17,0.94,0.55,-0.61,0.49,R
121.869,66,0,0,255,0,-1.84,-4.07,8.95,-0.01,0.01,-0.01,-2.97,1.17,9.36,-0.02,0.02,-0.00,-1.41,0.77,9.78,-0.06,0.01,0.01,-1.48,0.78,9.73,-0.01,0.01,0.00,-0.75,6.85,7.18,-0.01,0.02,-0.01,0.31,-0.17,0.95,1.04,-0.79,0.61,R
121.92,102,0,0,255,0,-1.87,-4.11,8.91,-0.01,0.01,0.00,-3.03,1.20,9.35,-0.03,0.03,-0.01,-1.36,0.80,9.71,-0.05,0.01,0.00,-1.57,0.72,9.78,-0.01,0.01,0.00,-0.81,6.83,7.18,0.00,0.02,0.00,0.30,-0.18,0.95,0.43,-0.67,0.67,R
121.971,42,0,0,255,0,-1.73,-4.10,8.94,0.01,0.01,0.00,-2.97,1.16,9.35,0.00,0.02,0.01,-1.36,0.85,9.73,-0.03,0.00,0.00,-1.65,0.72,9.75,-0.01,0.01,0.00,-0.80,6.86,7.17,-0.01,0.02,-0.01,0.32,-0.17,0.95,0.79,-0.12,-0.37,R
122.022,90,0,0,255,0,-1.89,-4.12,8.99,-0.03,0.01,-0.01,-3.03,1.13,9.40,-0.03,0.01,-0.00,-1.27,0.81,9.70,-0.04,-0.00,0.00,-1.51,0.68,9.67,0.00,0.01,0.00,-0.75,6.76,7.20,0.03,0.01,-0.00,0.29,-0.17,0.95,0.12,-0.49,-0.37,R
122.073,93,0,0,255,0,-1.81,-4.11,8.96,-0.00,0.02,-0.01,-2.94,1.19,9.35,0.01,0.02,-0.00,-1.39,0.81,9.72,-0.04,0.01,-0.00,-1.54,0.72,9.75,-0.01,0.01,-0.00,-0.79,6.78,7.20,-0.00,0.02,-0.00,0.31,-0.17,0.95,0.06,-1.04,-0.31,R
122.125,37,0,0,255,0,-1.81,-4.08,8.96,0.02,0.01,-0.01,-3.02,1.21,9.38,-0.00,0.02,0.00,-1.35,0.85,9.69,-0.05,0.01,-0.00,-1.58,0.74,9.71,-0.02,0.01,-0.01,-0.76,6.82,7.22,-0.02,0.02,-0.02,0.31,-0.17,0.95,0.49,-0.55,-0.31,R
122.175,39,0,0,255,0,-1.88,-4.16,8.89,-0.00,0.01,-0.01,-2.99,1.13,9.34,-0.02,0.02,-0.00,-1.36,0.73,9.69,-0.03,0.01,0.01,-1.56,0.74,9.73,-0.00,0.01,-0.00,-0.74,6.78,7.22,0.02,0.02,-0.00,0.30,-0.17,0.95,-0.31,-0.55,-0.55,R
122.226,96,0,0,255,0,-1.78,-4.07,8.94,-0.02,0.01,-0.01,-2.93,1.15,9.36,-0.02,0.02,-0.01,-1.33,0.75,9.72,-0.06,0.01,-0.00,-1.55,0.71,9.75,-0.04,0.01,-0.01,-0.76,6.79,7.21,-0.03,0.02,-0.03,0.31,-0.17,0.95,0.98,-1.71,0.00,R
122.277,100,0,0,255,0,-1.77,-4.07,8.89,0.00,0.01,-0.01,-2.97,1.09,9.34,-0.01,0.02,0.01,-1.34,0.72,9.70,-0.04,0.01,0.00,-1.52,0.67,9.71,-0.00,0.02,-0.00,-0.73,6.77,7.18,-0.01,0.02,0.00,0.30,-0.16,0.95,0.37,-0.12,-0.12,R
122.328,28,0,0,255,0,-1.82,-4.13,8.92,-0.01,0.02,-0.01,-3.01,1.04,9.38,-0.01,0.02,-0.01,-1.39,0.70,9.78,-0.01,-0.00,0.00,-1.48,0.73,9.72,0.01,0.01,-0.00,-0.74,6.87,7.16,0.03,0.02,-0.00,0.29,-0.17,0.96,1.83,0.24,-0.55,R
122.379,30,0,0,255,0,-1.81,-4.05,8.98,0.02,0.02,-0.00,-2.99,1.19,9.38,-0.02,0.02,-0.01,-1.31,0.83,9.67,-0.04,0.01,-0.00,-1.57,0.72,9.78,-0.02,0.01,-0.00,-0.76,6.81,7.23,-0.02,0.02,-0.01,0.30,-0.17,0.95,1.77,-0.85,-0.06,R
122.431,73,0,0,255,0,-1.79,-4.16,8.99,0.01,0.00,0.01,-3.00,1.07,9.34,0.00,0.03,0.01,-1.36,0.74,9.72,-0.01,0.01,0.01,-1.52,0.80,9.80,0.00,0.01,0.01,-0.86,6.88,7.20,0.03,0.02,-0.01,0.31,-0.17,0.95,1.22,1.04,-0.31,R
122.481,99,0,0,255,0,-1.81,-4.02,8.94,0.00,0.02,-0.00,-2.96,1.18,9.32,-0.02,0.03,-0.01,-1.30,0.79,9.73,-0.03,0.00,-0.00,-1.50,0.67,9.75,-0.01,0.01,-0.00,-0.76,6.78,7.20,-0.00,0.02,-0.01,0.30,-0.17,0.95,0.92,-0.73,-0.18,R
122.532,31,0,0,255,0,-1.87,-4.10,8.94,-0.01,0.03,-0.00,-3.01,1.16,9.33,-0.01,0.04,-0.00,-1.39,0.83,9.71,-0.03,0.02,0.00,-1.58,0.69,9.75,0.00,0.02,0.00,-0.79,6.79,7.21,-0.00,0.02,-0.00,0.29,-0.18,0.95,0.55,-0.31,-0.12,R
122.583,28,0,0,255,0,-1.76,-4.05,8.96,0.03,0.00,-0.00,-2.96,1.21,9.38,0.00,0.04,0.01,-1.32,0.80,9.69,-0.01,0.03,0.01,-1.49,0.81,9.74,0.02,0.02,-0.00,-0.79,6.84,7.20,0.01,0.02,-0.01,0.31,-0.17,0.95,-0.55,0.18,0.18,R
122.634,31,0,0,255,0,-1.91,-4.06,8.97,-0.01,0.00,-0.01,-3.09,1.22,9.32,-0.03,0.02,0.00,-1.41,0.79,9.74,-0.05,0.00,0.00,-1.50,0.68,9.70,-0.02,0.01,0.00,-0.78,6.79,7.21,0.01,0.03,-0.00,0.30,-0.17,0.96,1.28,-1.83,-0.18,R
122.686,98,0,0,255,0,-1.82,-4.12,8.95,-0.03,0.02,-0.02,-2.98,0.88,9.12,-0.09,0.04,-0.03,-1.37,0.79,9.70,-0.03,0.02,0.00,-1.51,0.59,9.76,-0.01,0.02,0.01,-0.77,6.80,7.19,0.02,0.03,0.00,0.29,-0.17,0.95,1.22,-2.14,-0.18,R
122.736,101,0,0,255,0,-1.83,-4.15,8.93,0.01,0.03,0.01,-2.98,1.07,9.37,0.01,0.04,0.01,-1.36,0.76,9.71,0.01,0.02,0.01,-1.54,0.76,9.79,0.02,0.02,0.01,-0.77,6.82,7.19,0.03,0.02,0.00,0.31,-0.17,0.95,1.28,1.53,-0.92,R
122.787,98,0,0,255,0,-1.84,-4.13,8.94,-0.02,0.03,-0.01,-3.02,1.07,9.35,-0.02,0.03,-0.00,-1.41,0.73,9.77,-0.02,0.01,-0.01,-1.55,0.70,9.76,-0.00,0.01,-0.00,-0.79,6.83,7.20,0.00,0.01,-0.02,0.30,-0.17,0.95,0.79,-0.67,-0.24,R
122.838,25,0,0,255,0,-1.88,-4.17,8.95,-0.01,0.02,-0.02,-3.06,1.15,9.34,-0.00,0.04,0.00,-1.40,0.79,9.70,-0.02,0.02,0.01,-1.58,0.68,9.73,0.02,0.02,0.00,-0.73,6.79,7.23,0.02,0.02,0.00,0.29,-0.17,0.95,0.31,0.24,-0.24,R
122.889,86,0,0,255,0,-1.75,-4.08,8.96,0.02,0.02,0.01,-3.06,1.13,9.36,0.01,0.02,0.01,-1.48,0.80,9.71,-0.02,0.00,0.00,-1.58,0.74,9.73,0.01,0.01,0.01,-0.84,6.85,7.19,-0.00,0.02,-0.01,0.31,-0.18,0.95,1.53,0.61,-0.67,R
122.94,99,0,0,255,0,-1.83,-4.18,8.98,0.02,0.02,-0.00,-3.04,1.14,9.35,0.01,0.03,0.01,-1.44,0.83,9.74,-0.02,0.01,0.01,-1.57,0.79,9.70,0.02,0.01,0.00,-0.80,6.86,7.16,0.02,0.02,-0.00,0.30,-0.17,0.95,0.43,1.04,-1.10,R
122.991,90,0,0,255,0,-1.84,-4.11,8.94,0.02,0.01,-0.00,-3.09,1.12,9.33,0.01,0.02,0.01,-1.41,0.73,9.74,-0.02,0.01,0.00,-1.51,0.80,9.74,0.01,0.02,0.00,-0.73,6.84,7.18,0.03,0.02,-0.01,0.30,-0.17,0.95,0.43,0.43,-0.37,R
123.042,8,0,0,255,0,-1.84,-4.10,8.98,0.02,0.02,-0.01,-3.00,1.19,9.35,-0.00,0.04,0.01,-1.39,0.81,9.72,-0.03,0.02,0.01,-1.49,0.70,9.72,0.01,0.02,0.01,-0.77,6.79,7.23,0.03,0.01,-0.01,0.30,-0.17,0.95,-0.55,0.98,-0.12,R
123.094,68,0,0,255,0,-1.86,-4.02,8.97,0.02,0.02,0.00,-3.07,1.18,9.35,-0.02,0.03,0.01,-1.44,0.81,9.71,-0.03,0.01,-0.00,-1.55,0.76,9.75,-0.01,0.02,-0.00,-0.73,6.77,7.17,0.02,0.01,-0.02,0.30,-0.18,0.95,-0.31,0.79,0.06,R
123.144,96,0,0,255,0,-1.89,-4.09,8.94,0.02,-0.03,0.00,-2.53,1.39,9.60,0.05,-0.22,-0.00,-1.38,0.50,9.73,-0.13,-0.03,0.01,-1.64,0.68,9.71,-0.09,0.02,0.00,-0.81,6.89,7.12,-0.01,0.03,-0.02,0.27,-0.18,0.94,4.09,-1.10,2.26,R
123.195,98,0,0,255,0,-1.80,-3.99,8.91,-0.05,-0.01,0.04,-2.81,0.98,9.35,-0.04,-0.06,0.02,-1.33,0.82,9.71,-0.02,0.01,0.03,-1.54,0.64,9.73,-0.00,0.01,0.03,-0.78,6.90,7.12,0.06,0.02,-0.01,0.32,-0.16,0.94,2.20,3.42,3.66,R
123.246,7,0,0,255,0,-1.72,-3.97,9.02,-0.10,0.02,-0.02,-2.74,1.22,9.39,-0.14,0.03,-0.04,-1.38,0.63,9.71,-0.15,0.01,-0.03,-1.53,0.65,9.77,-0.11,0.03,-0.04,-0.80,6.83,7.21,-0.14,0.01,-0.06,0.30,-0.17,0.95,1.89,-5.49,2.01,R
123.297,18,0,0,255,0,-1.85,-4.21,8.87,-0.09,0.04,-0.02,-2.88,0.98,9.40,-0.11,0.06,-0.02,-1.41,0.68,9.72,-0.13,0.02,0.00,-1.66,0.54,9.66,-0.05,0.03,-0.00,-0.87,6.85,7.19,0.01,0.02,-0.02,0.28,-0.18,0.95,0.18,-0.18,3.05,R
123.348,18,0,0,255,0,-2.01,-4.08,8.89,0.01,-0.01,-0.02,-2.93,0.99,9.35,-0.13,-0.06,-0.01,-1.26,0.40,9.77,-0.12,-0.03,-0.01,-1.53,0.69,9.73,-0.07,0.01,-0.01,-0.88,6.68,7.22,-0.05,0.02,-0.01,0.30,-0.18,0.95,1.53,-2.44,2.32,R
123.399,101,0,0,255,0,-1.75,-4.19,8.92,-0.00,0.01,-0.01,-2.85,1.09,9.42,-0.04,0.01,-0.00,-1.34,0.57,9.73,-0.08,0.01,-0.00,-1.58,0.38,9.73,-0.02,0.01,-0.00,-0.87,6.86,7.18,-0.00,0.02,-0.00,0.30,-0.17,0.95,-1.28,-0.12,0.61,R
123.45,0,0,0,255,0,-1.83,-4.16,8.93,0.03,0.04,0.00,-2.95,0.89,9.38,0.03,0.05,0.02,-1.43,0.68,9.73,0.02,-0.00,0.00,-1.60,0.59,9.75,0.05,0.01,0.00,-0.84,6.77,7.21,0.04,0.02,0.01,0.31,-0.18,0.95,0.18,2.01,-1.22,R
123.502,49,0,0,255,0,-1.86,-4.17,8.95,-0.02,0.04,-0.02,-2.83,1.14,9.34,0.02,0.04,-0.02,-1.36,0.68,9.73,-0.02,0.01,-0.01,-1.49,0.55,9.74,0.01,0.01,-0.03,-0.85,6.74,7.25,-0.02,0.01,-0.02,0.31,-0.17,0.95,0.79,-1.28,-0.31,R
123.552,100,0,0,255,0,-1.96,-4.19,8.99,-0.03,0.03,-0.02,-2.96,1.04,9.36,-0.03,0.04,-0.01,-1.47,0.62,9.70,-0.06,0.01,0.00,-1.66,0.52,9.74,-0.01,0.01,-0.01,-0.90,6.78,7.23,0.00,0.02,0.00,0.29,-0.18,0.95,2.32,-1.10,0.49,R
123.603,45,0,0,255,0,-1.90,-4.11,8.88,0.05,-0.02,-0.00,-2.97,0.96,9.40,0.01,0.03,0.02,-1.42,0.62,9.71,0.01,0.01,0.02,-1.56,0.59,9.72,0.03,0.01,0.01,-0.76,6.80,7.23,-0.01,0.03,0.01,0.31,-0.17,0.95,1.16,0.06,-0.49,R
123.654,101,0,0,255,0,-1.78,-4.15,8.93,0.01,0.01,-0.01,-2.90,0.99,9.37,0.01,0.03,0.01,-1.41,0.64,9.72,0.01,0.02,0.00,-1.57,0.55,9.74,0.04,0.01,-0.00,-0.83,6.85,7.26,0.02,0.01,0.00,0.30,-0.18,0.95,0.79,-0.06,-1.22,R
123.705,49,0,0,255,0,-1.83,-4.21,8.90,-0.01,0.01,-0.02,-2.88,1.03,9.37,0.02,0.03,0.00,-1.35,0.67,9.68,-0.00,0.01,0.01,-1.60,0.58,9.75,0.03,0.02,0.00,-0.89,6.76,7.23,0.02,0.01,0.01,0.29,-0.17,0.95,2.20,-0.12,-0.79,R
123.757,82,0,0,255,0,-1.90,-4.15,8.93,0.03,-0.00,-0.00,-3.00,1.06,9.38,0.06,0.04,0.02,-1.41,0.81,9.73,0.03,0.02,0.02,-1.61,0.64,9.74,0.03,0.02,0.01,-0.86,6.80,7.27,0.03,0.03,0.01,0.30,-0.18,0.95,0.49,0.67,-0.98,R
123.808,101,0,0,255,0,-1.81,-4.00,8.94,0.00,0.01,-0.01,-2.88,1.14,9.42,0.01,0.04,-0.00,-1.35,0.77,9.73,-0.03,0.01,0.00,-1.47,0.63,9.74,-0.01,0.02,-0.01,-0.77,6.75,7.20,-0.01,0.02,-0.02,0.30,-0.17,0.95,2.38,-1.40,-0.67,R
123.858,50,0,0,255,0,-1.88,-4.12,8.95,-0.02,0.02,-0.01,-2.96,1.07,9.39,-0.02,0.04,-0.00,-1.45,0.72,9.78,-0.03,0.02,0.00,-1.61,0.66,9.73,-0.00,0.02,0.00,-0.78,6.82,7.22,0.00,0.02,-0.01,0.29,-0.18,0.95,0.49,-0.92,-0.24,R
123.909,62,0,0,255,0,-1.88,-4.11,8.97,0.00,0.00,-0.01,-3.00,1.03,9.34,-0.02,0.05,0.00,-1.41,0.70,9.65,-0.02,0.03,0.01,-1.49,0.58,9.79,0.02,0.02,0.01,-0.81,6.81,7.17,0.05,0.02,-0.01,0.29,-0.18,0.95,-0.37,0.00,0.43,R
123.96,99,0,0,255,0,-1.83,-4.08,8.99,0.03,0.02,0.02,-2.98,1.10,9.42,0.03,0.05,0.02,-1.38,0.82,9.70,-0.01,0.01,0.01,-1.60,0.75,9.72,0.01,0.02,0.01,-0.81,6.88,7.18,0.01,0.02,-0.01,0.32,-0.18,0.95,0.24,1.89,-0.31,R
124.011,34,0,0,255,0,-1.92,-4.21,8.96,-0.04,0.02,-0.01,-3.05,0.99,9.38,-0.02,0.06,-0.01,-1.44,0.76,9.75,-0.02,0.04,-0.00,-1.54,0.64,9.75,0.01,0.03,0.01,-0.77,6.66,7.30,0.08,0.03,-0.01,0.27,-0.18,0.96,0.73,-1.53,1.04,R
124.062,57,0,0,255,0,-1.78,-4.42,8.82,0.02,0.01,0.07,-3.06,1.07,9.34,0.11,0.10,0.05,-1.50,0.83,9.76,0.09,0.05,0.03,-1.46,0.78,9.75,0.09,0.03,0.02,-0.81,7.00,7.13,0.06,0.03,0.01,0.33,-0.18,0.95,-1.10,4.70,0.73,R
124.113,101,0,0,255,0,-1.86,-4.09,8.93,-0.08,-0.00,-0.01,-3.05,1.13,9.34,-0.09,0.05,-0.04,-1.50,0.79,9.70,-0.07,0.05,-0.02,-1.54,0.70,9.69,-0.03,0.03,-0.01,-0.82,6.78,7.19,-0.06,0.02,-0.02,0.29,-0.18,0.96,0.31,-4.03,2.75,R
124.168,39,0,0,255,0,-1.83,-4.34,8.95,-0.05,0.02,0.02,-3.09,0.93,9.39,0.00,0.08,0.02,-1.46,0.67,9.71,0.04,0.04,0.04,-1.63,0.86,9.77,0.11,0.03,0.03,-0.81,6.93,7.18,0.16,0.03,0.02,0.29,-0.17,0.94,-2.62,6.29,1.28,R
124.215,17,0,0,255,0,-1.81,-3.90,8.92,-0.01,0.02,0.01,-3.10,1.13,9.35,-0.02,0.09,-0.01,-1.53,0.87,9.69,0.01,0.05,0.00,-1.57,0.85,9.72,0.01,0.03,0.01,-0.74,6.76,7.16,-0.01,0.03,-0.00,0.31,-0.16,0.95,-2.75,-0.37,1.77,R
124.267,28,0,0,255,0,-1.84,-4.23,8.89,-0.01,0.02,0.01,-3.05,1.12,9.31,0.03,0.07,0.00,-1.58,0.86,9.70,-0.00,0.06,0.01,-1.65,0.86,9.78,0.04,0.03,0.01,-0.83,6.90,7.11,0.03,0.03,-0.01,0.31,-0.17,0.95,-1.53,1.65,1.34,R
124.317,99,0,0,255,0,-1.91,-4.33,8.92,-0.06,0.02,-0.01,-3.16,1.19,9.31,-0.04,0.08,-0.02,-1.58,0.88,9.63,-0.01,0.07,0.01,-1.63,0.80,9.73,0.03,0.05,0.01,-0.79,6.94,7.13,0.01,0.03,-0.01,0.31,-0.16,0.95,-2.56,0.61,2.14,R
124.368,26,0,0,255,0,-1.75,-4.08,8.86,-0.05,0.01,0.01,-3.10,1.11,9.28,-0.08,0.13,-0.03,-1.66,0.84,9.70,-0.00,0.14,-0.01,-1.76,0.79,9.70,0.03,0.08,-0.01,-0.91,6.83,7.17,0.02,0.03,-0.04,0.31,-0.16,0.96,-4.58,-0.61,3.91,R
124.419,34,0,0,255,0,-1.89,-4.28,8.88,-0.11,0.03,-0.01,-3.31,0.81,9.03,-0.08,0.32,-0.03,-1.73,1.00,9.60,0.18,0.30,-0.01,-1.69,0.91,9.67,0.18,0.13,0.02,-0.82,6.95,7.10,0.15,0.04,-0.02,0.29,-0.16,0.95,-13.06,3.36,5.00,R
124.47,79,0,0,255,0,-1.99,-4.60,9.12,-0.23,0.06,0.02,-3.36,1.18,9.14,0.02,0.51,-0.06,-1.78,1.08,9.58,0.11,0.29,0.03,-1.17,0.79,9.32,0.19,0.13,0.06,-0.87,7.00,7.02,0.19,0.06,-0.04,0.33,-0.12,0.97,-10.44,2.38,4.76,R
124.521,98,0,0,255,0,-1.74,-4.18,8.86,-0.18,0.05,0.01,-3.50,0.97,9.25,-0.15,0.40,-0.09,-1.63,1.13,9.48,0.01,0.34,-0.03,-1.67,1.21,9.69,0.09,0.21,-0.04,-0.76,6.98,6.97,0.08,0.04,-0.19,0.33,-0.10,0.97,-2.56,-9.28,3.97,R
124.572,42,0,0,255,0,-1.95,-4.44,8.75,-0.12,0.02,0.17,-4.02,1.07,9.15,-0.02,0.54,-0.10,-2.71,0.27,9.96,-0.00,0.43,-0.06,-2.11,-0.13,9.86,0.07,0.41,-0.05,-0.75,6.34,7.04,0.19,0.28,-0.37,0.30,-0.15,1.04,5.80,-13.24,-0.55,R
124.623,98,0,0,255,0,-2.04,-4.59,8.61,-0.22,0.12,0.32,-4.02,0.67,9.16,-0.20,0.63,-0.22,-2.01,1.96,8.92,-0.03,0.73,-0.07,-2.35,2.20,9.79,0.09,0.71,-0.06,-1.04,7.11,6.86,0.11,0.62,-0.66,0.29,-0.14,1.00,9.28,-19.96,-3.72,R
124.674,33,0,0,255,0,1.25,-5.94,9.16,-0.30,-0.63,0.27,-4.85,-0.16,9.99,-0.16,0.39,-0.55,-2.86,0.13,10.17,-0.20,0.88,0.08,-2.86,0.43,9.92,-0.01,0.95,0.03,-1.93,6.88,7.37,0.52,0.74,-0.63,0.19,-0.16,0.91,9.64,-29.11,-2.14,R
124.725,14,0,0,255,13,-2.32,-7.83,15.73,0.82,-2.30,-0.36,-7.15,1.10,16.17,0.09,-1.37,0.01,-5.28,0.61,19.65,1.00,-1.74,-0.47,-4.73,3.94,19.52,1.34,-2.35,-0.64,-1.16,15.45,9.94,1.81,-2.06,1.07,0.19,-0.24,0.87,-50.84,9.28,16.78,R
124.776,7,0,0,255,13,-0.48,-3.89,8.40,-0.30,-3.48,-1.94,-7.40,1.38,14.26,0.12,-3.75,0.04,-5.08,3.26,14.53,0.45,-3.48,0.57,-4.43,2.08,14.58,0.41,-3.93,1.12,-1.95,8.80,7.72,0.63,-2.29,3.65,0.26,-0.06,0.99,-174.62,-8.54,55.66,R
124.827,97,0,0,255,0,0.48,-3.55,7.87,-1.54,-3.46,-1.73,-3.25,1.30,6.64,-0.83,-3.84,0.20,-2.91,1.79,7.21,-0.03,-2.93,0.64,-2.16,2.42,8.39,0.40,-3.51,1.10,-0.82,6.58,3.87,0.49,-2.08,3.83,0.27,0.19,0.90,-177.49,-46.81,48.95,R
124.878,6,0,0,255,10,2.32,-7.04,10.12,-0.10,-3.61,-2.06,-1.60,0.25,8.72,0.15,-2.93,0.77,-0.21,0.51,6.28,1.09,-2.95,1.28,0.79,1.77,6.34,1.58,-2.37,1.16,2.26,6.90,4.54,1.87,-1.31,2.80,0.24,0.30,0.92,-132.63,42.36,45.78,R
124.929,15,0,0,255,23,3.19,2.68,7.34,0.31,-3.05,-2.55,0.38,0.92,5.53,0.72,-3.67,0.57,1.91,3.07,5.24,1.17,-2.85,1.04,1.86,5.28,9.22,1.52,-1.79,1.46,4.20,6.52,1.05,0.52,-0.72,2.97,0.27,0.37,0.91,-137.88,1.04,66.28,R
124.98,14,0,0,255,30,7.46,-2.82,6.25,0.11,-2.35,-1.02,6.11,1.35,5.19,-0.05,-1.96,1.05,4.13,1.71,6.77,0.55,-1.75,1.32,3.68,2.27,8.93,0.55,-1.71,1.18,4.95,6.55,5.17,0.65,-0.85,2.14,0.34,0.50,0.94,-93.81,8.67,48.34,R
125.031,95,0,0,255,0,6.87,-3.27,5.53,0.03,-1.80,-0.46,5.28,0.73,5.29,0.18,-1.54,0.64,5.66,2.14,4.07,0.57,-0.97,1.11,6.11,2.53,3.43,0.49,-0.96,1.07,6.51,3.26,1.28,0.24,-0.32,1.77,0.15,0.62,0.72,-81.67,8.36,45.41,R
125.083,12,0,0,255,0,7.46,-2.32,1.30,0.10,-1.17,-0.26,5.45,-1.79,5.50,-0.20,-1.17,0.80,5.86,-0.79,5.07,0.06,-1.13,0.87,5.71,0.72,5.68,0.14,-0.84,0.75,6.88,2.34,2.75,0.19,-0.80,1.20,0.10,0.60,0.66,-45.53,3.36,26.86,R
125.133,9,0,0,255,49,8.85,-3.58,4.17,0.19,-0.73,-0.21,5.54,-0.80,9.02,0.08,-0.67,0.47,5.75,1.72,8.92,0.38,-0.44,0.50,5.98,2.46,8.86,0.35,-0.36,0.51,8.46,5.52,2.33,0.54,-0.36,0.81,0.17,0.67,0.85,-39.37,14.77,15.50,R
125.184,13,0,0,255,29,8.25,-2.10,2.26,0.16,-0.53,-0.40,6.34,-0.81,5.88,-0.02,-0.51,0.27,7.00,0.57,5.08,0.05,-0.27,0.34,6.72,0.83,5.32,0.02,-0.31,0.19,7.81,2.36,2.02,-0.16,-0.49,0.49,0.16,0.69,0.64,-27.34,3.36,10.38,R
125.235,23,0,0,255,36,8.58,-3.84,3.78,-0.28,0.09,-0.21,6.28,-1.14,7.56,-0.11,-0.01,0.02,6.76,1.21,6.90,0.06,-0.04,-0.01,6.77,2.11,7.12,0.15,-0.08,-0.09,8.45,5.22,2.48,0.09,-0.40,0.08,0.16,0.71,0.73,-11.41,4.03,-2.20,R
125.287,98,0,0,255,0,8.61,-2.21,4.03,-0.33,0.38,-0.34,5.25,0.38,8.51,0.08,-0.12,-0.09,6.23,2.54,6.96,0.04,-0.12,0.08,6.58,2.42,6.45,0.05,-0.15,0.09,8.15,4.15,2.36,-0.09,-0.23,0.21,0.18,0.72,0.68,-12.08,4.15,1.16,R
125.337,96,0,0,255,0,8.18,-3.29,4.84,-0.07,0.21,-0.10,5.69,-0.34,7.85,-0.04,0.10,-0.10,6.54,1.46,6.85,-0.01,-0.03,-0.11,6.78,2.09,6.76,0.05,-0.02,-0.16,8.66,4.32,2.28,0.04,-0.34,-0.01,0.17,0.73,0.70,-4.52,0.98,-6.47,R
125.388,9,0,0,255,43,8.46,-3.13,5.02,0.20,-0.08,-0.27,5.37,0.51,8.56,0.17,-0.05,-0.12,6.05,2.92,7.58,0.17,-0.04,-0.07,6.51,3.30,7.40,0.19,-0.06,0.02,8.55,5.34,2.21,0.13,-0.11,0.08,0.19,0.72,0.70,-10.07,8.67,-4.94,R
125.439,15,0,0,255,37,8.70,-1.82,3.19,-0.05,-0.03,-0.17,5.54,-0.11,7.86,-0.03,-0.17,-0.05,6.40,2.22,6.41,0.05,-0.05,-0.07,7.05,3.20,6.11,0.04,-0.09,-0.05,9.14,4.04,1.05,-0.04,-0.13,0.11,0.19,0.73,0.69,-8.24,-0.12,0.24,R
125.49,97,0,0,255,0,9.21,-2.68,3.13,-0.01,-0.17,-0.12,5.54,-0.81,8.69,-0.04,-0.09,0.08,6.02,1.46,7.96,-0.03,-0.17,0.04,6.77,2.19,6.63,0.02,-0.22,-0.01,8.52,4.05,1.95,-0.03,-0.20,0.16,0.19,0.75,0.67,-8.91,2.14,2.56,R
125.541,94,0,0,255,0,8.64,-2.78,4.49,-0.11,0.23,-0.09,6.34,-0.06,7.53,0.06,-0.05,-0.04,6.40,2.08,7.55,0.13,0.00,-0.07,6.71,3.08,7.39,0.19,-0.02,-0.04,9.11,5.18,1.80,0.23,-0.14,-0.01,0.19,0.74,0.69,-4.76,3.91,-2.99,R
125.592,10,0,0,255,0,8.59,-2.63,4.81,-0.04,-0.06,-0.15,5.83,0.22,7.86,-0.02,-0.14,0.06,6.17,2.21,6.92,-0.01,0.05,0.17,6.53,2.32,6.79,0.09,-0.06,0.17,8.29,4.33,1.74,-0.05,-0.41,0.41,0.20,0.72,0.67,-14.65,4.76,4.76,R
125.643,9,0,0,255,27,8.72,-1.44,2.93,-0.13,0.04,-0.14,5.97,0.02,7.30,-0.06,-0.16,0.05,6.25,2.16,6.87,-0.01,-0.10,0.02,6.69,2.88,6.64,0.04,-0.05,-0.02,9.01,4.69,1.67,0.09,-0.42,0.25,0.19,0.73,0.66,-6.65,0.12,1.71,R
125.694,72,0,0,255,14,8.77,-3.03,4.41,0.11,-0.34,-0.16,6.08,-0.72,7.60,-0.03,-0.29,0.13,6.35,1.65,6.58,-0.01,-0.09,0.18,7.02,1.75,5.44,0.11,-0.08,0.18,8.58,2.94,0.89,0.06,-0.04,0.31,0.18,0.72,0.63,-13.18,5.49,4.52,R
125.745,34,0,0,255,11,8.63,-2.45,3.65,0.54,-0.44,-0.22,6.35,-0.30,7.20,0.01,0.19,-0.04,6.42,1.57,7.37,0.02,0.15,-0.12,6.83,2.70,6.90,0.11,0.06,-0.16,9.38,3.95,1.10,0.06,-0.17,0.01,0.19,0.76,0.65,-3.85,2.20,-6.71,R
125.796,42,0,0,255,5,9.01,-1.94,3.72,0.49,-0.60,-0.29,5.93,0.14,7.90,0.09,-0.06,0.01,6.42,2.01,6.77,0.08,-0.02,0.04,6.97,2.40,5.64,0.13,0.00,0.01,8.60,3.55,1.46,0.08,-0.10,0.06,0.19,0.75,0.63,-6.41,6.65,-4.15,R
125.847,100,0,0,255,0,9.26,-0.88,2.00,0.18,-0.07,-0.15,6.47,-0.23,7.11,0.06,0.04,-0.17,6.43,2.49,6.94,0.09,0.04,-0.27,6.68,4.02,6.92,0.10,0.06,-0.22,9.46,3.71,0.27,0.03,-0.05,-0.08,0.22,0.76,0.64,2.01,0.67,-8.73,R
125.898,42,0,0,255,0,8.83,-1.54,4.11,0.00,-0.10,-0.09,6.08,0.27,7.58,-0.03,-0.07,0.03,6.19,1.96,6.90,-0.06,-0.09,0.04,6.80,2.37,5.78,-0.05,-0.11,0.04,8.67,2.11,0.26,-0.13,-0.03,0.06,0.23,0.74,0.62,-3.72,-0.12,0.49,R
125.95,101,0,0,255,0,9.24,-1.62,2.75,-0.16,0.28,0.06,6.49,-0.21,7.24,-0.04,0.10,-0.09,6.07,2.61,7.67,0.03,0.04,-0.21,6.67,3.76,7.22,0.09,0.06,-0.18,9.22,5.32,2.19,0.14,-0.10,-0.12,0.20,0.77,0.66,4.46,-0.37,-5.55,R
126.0,60,0,0,255,0,8.93,-1.37,2.79,-0.26,0.05,0.00,6.06,0.09,7.34,-0.09,-0.11,0.03,6.68,1.60,6.02,-0.16,-0.11,0.08,7.04,2.19,5.27,-0.10,-0.07,0.06,8.69,2.86,0.71,-0.15,0.03,0.21,0.20,0.74,0.60,-2.20,-2.56,3.23,R
126.051,41,0,0,255,0,9.08,-1.87,3.74,-0.10,0.21,0.07,5.21,-0.07,9.00,-0.08,0.15,-0.00,5.87,2.55,7.91,-0.01,0.08,-0.02,6.46,3.33,7.53,0.07,0.05,0.01,9.16,5.08,1.76,0.06,0.07,0.16,0.21,0.75,0.67,1.83,0.61,-0.67,R
126.102,101,0,0,255,0,9.04,-1.40,2.35,-0.09,0.03,0.02,6.61,-0.14,6.68,-0.07,0.02,0.02,6.74,1.51,6.10,-0.10,-0.00,0.03,7.01,2.37,5.57,-0.04,0.05,0.04,8.68,3.58,1.63,-0.11,0.04,0.24,0.21,0.75,0.60,1.04,-1.95,2.14,R
126.153,41,0,0,255,0,8.89,-2.30,4.87,0.01,0.13,0.01,5.70,0.56,8.62,0.06,0.01,-0.03,6.11,3.45,7.64,0.05,0.02,0.03,6.69,3.45,7.07,0.06,0.04,0.12,9.21,4.07,1.34,-0.13,-0.07,0.47,0.22,0.76,0.65,-1.34,2.93,0.67,R
126.204,47,0,0,255,0,9.09,-1.41,3.04,-0.06,0.05,0.01,6.70,-0.31,6.88,-0.05,0.05,-0.05,5.99,1.11,6.37,-0.06,0.07,-0.05,6.79,2.22,6.36,-0.04,0.00,-0.04,9.47,2.21,-0.23,-0.06,-0.14,0.23,0.23,0.77,0.62,2.26,-1.89,-1.40,R
126.255,101,0,0,255,0,8.80,-2.04,5.01,-0.12,0.13,0.01,6.06,0.33,7.88,0.02,-0.04,0.04,5.79,2.75,7.71,0.01,-0.04,0.09,6.59,2.58,6.64,0.08,0.00,0.16,8.87,3.24,1.78,-0.04,-0.00,0.23,0.20,0.74,0.64,-2.99,2.93,0.49,R
126.306,59,0,0,255,0,8.89,-1.56,2.84,-0.14,0.15,0.02,6.44,-0.13,7.02,-0.06,0.06,-0.07,6.44,1.99,6.60,-0.07,0.04,-0.08,6.93,2.55,5.97,0.02,0.04,-0.04,9.21,2.49,1.49,-0.10,-0.01,0.06,0.19,0.75,0.63,2.93,-2.93,-3.72,R
126.357,103,0,0,255,0,8.66,-3.15,5.82,0.01,0.17,-0.01,5.75,-0.05,8.54,0.00,0.09,-0.03,6.21,2.65,7.39,0.02,0.09,-0.03,6.81,3.07,6.49,0.10,0.08,0.02,9.00,3.36,1.66,0.18,0.09,-0.05,0.20,0.75,0.65,0.12,3.78,-1.46,R
126.408,61,0,0,255,0,8.84,-1.13,2.98,-0.05,0.22,0.02,6.73,0.40,6.45,-0.09,0.38,-0.07,6.80,2.55,6.38,-0.02,0.30,-0.21,7.26,1.90,5.14,-0.18,0.36,-0.27,8.96,1.46,0.41,-0.12,0.27,-0.54,0.22,0.76,0.59,13.55,-4.64,-5.92,R
126.459,66,0,0,255,0,8.86,-2.78,6.20,0.14,0.17,0.08,4.94,0.53,9.67,0.06,0.10,-0.06,4.76,3.46,9.82,0.07,0.01,-0.12,5.93,4.16,8.58,-0.03,0.02,-0.11,9.29,4.50,1.80,-0.09,-0.14,-0.08,0.22,0.74,0.71,1.28,2.56,-2.99,R
126.51,101,0,0,255,0,8.37,-1.51,3.42,-0.04,0.07,-0.04,5.82,0.31,7.45,-0.03,-0.10,0.00,6.12,1.90,6.62,0.04,-0.11,-0.11,6.31,3.42,6.87,0.01,0.11,-0.16,9.39,4.55,1.42,0.18,0.04,-0.19,0.23,0.73,0.64,5.31,-0.98,-4.88,R
126.562,67,0,0,255,0,8.51,-2.15,5.30,0.07,-0.25,-0.03,5.42,1.15,8.53,0.02,-0.29,0.18,5.71,2.86,7.75,-0.10,-0.24,0.30,6.53,2.64,6.26,-0.09,-0.26,0.26,8.66,2.53,1.41,-0.15,-0.04,0.26,0.22,0.73,0.66,-9.22,0.12,11.05,R
126.613,64,0,0,255,0,8.94,-1.74,3.26,-0.01,-0.10,0.04,6.53,-0.22,7.13,0.00,-0.13,0.06,6.80,2.05,6.58,-0.10,-0.11,0.01,7.00,2.41,6.62,-0.17,-0.10,-0.09,9.47,3.22,0.99,-0.09,-0.03,-0.12,0.20,0.78,0.63,1.28,-4.58,3.05,R
126.663,100,0,0,255,0,8.83,-2.76,5.64,0.06,-0.08,-0.04,5.91,-0.09,8.09,0.04,-0.16,0.10,5.82,2.95,7.82,0.12,-0.12,0.16,6.53,3.22,6.90,0.13,-0.17,0.18,9.02,4.09,1.00,0.27,0.01,0.14,0.21,0.74,0.67,-5.86,6.96,2.81,R
126.714,101,0,0,255,0,8.57,-0.77,2.78,0.01,-0.07,0.01,6.85,0.57,6.32,-0.11,0.01,0.09,7.00,1.67,5.78,-0.16,0.01,0.05,7.13,2.38,5.52,-0.15,0.04,-0.02,9.20,2.42,0.49,-0.08,0.11,-0.04,0.22,0.75,0.60,3.05,-6.23,3.48,R
126.765,55,0,0,255,0,8.85,-3.12,5.42,0.06,-0.03,0.06,5.08,-0.14,9.50,-0.03,-0.06,0.13,5.59,2.07,8.53,-0.00,-0.05,0.14,6.31,2.29,7.77,0.05,-0.09,0.11,8.92,2.66,1.57,0.01,-0.15,0.11,0.19,0.74,0.67,-5.07,2.44,1.10,R
126.816,80,0,0,255,0,8.99,-1.49,2.27,0.04,-0.04,-0.11,7.30,-0.46,5.85,0.02,0.00,-0.10,7.02,1.56,5.81,-0.01,0.04,-0.16,7.34,2.31,5.35,0.00,0.07,-0.20,9.28,2.73,1.12,-0.01,0.05,-0.19,0.19,0.78,0.62,2.01,-0.37,-8.06,R
126.867,57,0,0,255,0,9.15,-1.59,3.72,0.06,0.07,-0.14,5.62,0.42,8.47,0.09,-0.02,-0.12,6.04,3.18,7.47,0.02,-0.09,-0.07,6.62,3.11,6.39,0.01,-0.07,-0.06,8.90,2.89,0.76,-0.06,-0.10,-0.02,0.22,0.73,0.64,-1.53,3.05,-5.55,R
126.918,103,0,0,255,0,8.77,-1.24,3.35,-0.04,0.18,-0.02,7.27,0.28,6.05,-0.01,0.22,-0.12,6.68,2.79,6.16,-0.03,0.22,-0.17,6.84,3.27,6.22,-0.07,0.24,-0.19,9.26,3.74,1.20,-0.12,-0.01,-0.25,0.23,0.76,0.63,7.32,-0.98,-5.13,R
126.969,58,0,0,255,0,8.86,-2.28,5.19,-0.00,0.03,-0.01,5.58,0.09,8.61,0.00,-0.02,-0.01,5.94,2.85,7.60,-0.08,-0.08,0.02,6.79,2.94,6.13,-0.06,-0.09,0.01,8.83,2.68,0.84,-0.04,0.01,0.03,0.21,0.74,0.64,-0.61,0.85,1.10,R
127.02,102,0,0,255,0,8.83,-1.55,3.53,-0.05,0.13,0.01,5.81,-0.23,7.97,-0.06,0.08,-0.05,5.92,2.87,7.46,-0.02,0.02,-0.14,6.56,3.72,6.85,0.01,0.04,-0.09,9.23,4.32,1.32,0.08,0.01,-0.11,0.23,0.74,0.66,2.38,-0.79,-1.77,R
127.071,55,0,0,255,0,8.77,-1.69,4.11,0.03,-0.14,-0.05,5.62,0.25,8.23,-0.01,-0.03,0.07,6.31,2.48,6.75,-0.01,-0.00,0.14,6.94,2.96,5.80,0.10,0.10,0.17,9.26,2.41,0.19,0.22,0.19,-0.11,0.20,0.74,0.64,-7.14,5.55,3.78,R
127.122,103,0,0,255,0,9.57,-1.19,1.63,-0.25,0.21,-0.05,6.21,-0.35,7.60,0.09,0.22,-0.08,6.26,2.13,7.51,0.05,0.13,-0.03,6.71,3.33,7.20,0.08,0.08,-0.02,9.40,4.00,1.10,0.10,0.03,-0.09,0.22,0.78,0.63,-2.44,3.60,-0.79,R
127.173,57,0,0,255,0,8.66,-1.64,3.99,0.09,-0.14,-0.17,5.69,-0.06,7.77,0.01,-0.15,0.09,5.83,2.11,7.21,-0.01,-0.08,0.11,6.40,2.64,6.04,0.00,-0.12,0.07,8.61,3.41,0.50,-0.01,-0.03,0.09,0.24,0.72,0.62,-5.19,3.11,1.77,R
127.224,102,0,0,255,0,8.84,-1.14,3.57,0.01,0.09,-0.01,6.58,0.41,7.08,0.03,0.11,-0.01,6.17,2.50,7.28,-0.01,0.09,-0.02,6.68,3.06,6.95,0.02,0.10,-0.05,9.12,4.30,1.99,0.08,0.04,-0.10,0.23,0.78,0.62,1.95,0.79,-1.46,R
127.275,49,0,0,255,0,8.77,-2.04,4.35,0.04,-0.12,-0.10,6.14,0.31,7.45,0.03,-0.01,0.01,6.34,2.45,6.59,-0.02,-0.05,0.09,6.69,2.54,5.90,0.00,-0.04,0.07,8.86,3.10,0.51,-0.01,-0.00,0.05,0.24,0.75,0.60,-5.19,2.32,0.98,R
127.326,66,0,0,255,0,9.03,-1.12,3.41,-0.12,0.14,0.05,6.18,0.29,7.81,-0.11,0.05,0.00,5.98,2.62,7.96,-0.06,-0.09,-0.02,6.55,3.15,7.13,-0.07,-0.07,-0.04,9.20,3.48,0.87,-0.06,-0.04,0.02,0.22,0.77,0.64,0.55,-3.17,0.12,R
127.377,101,0,0,255,0,8.62,-1.86,4.36,-0.05,0.03,-0.04,6.21,0.34,7.25,-0.02,0.03,0.03,6.27,2.32,6.73,-0.04,0.00,0.05,6.68,2.83,6.16,-0.00,0.01,0.02,8.80,3.45,1.20,0.01,-0.01,0.01,0.23,0.75,0.61,-1.16,1.34,1.22,R
127.428,55,0,0,255,0,8.88,-1.63,3.96,-0.02,0.07,0.01,5.90,0.61,7.90,-0.03,0.06,-0.01,5.95,3.00,7.56,-0.06,0.00,0.02,6.64,3.49,6.68,-0.02,-0.03,0.06,9.15,3.79,0.97,0.06,0.06,0.07,0.23,0.76,0.63,0.43,-0.98,2.32,R
127.479,53,0,0,255,0,8.94,-1.60,3.60,0.01,-0.07,0.02,6.22,-0.17,7.44,-0.03,0.03,0.09,6.34,1.99,7.17,-0.07,0.04,0.08,6.65,2.35,6.70,-0.05,0.03,0.02,8.94,3.65,1.77,-0.03,-0.04,-0.02,0.22,0.77,0.61,0.73,-0.79,2.26,R
127.53,70,0,0,255,0,8.93,-2.16,4.52,-0.08,0.13,0.03,5.77,0.08,8.28,-0.04,0.01,-0.02,5.92,2.76,7.63,0.00,-0.01,0.00,6.37,3.26,7.18,0.02,-0.02,0.01,9.11,3.97,1.03,0.01,0.05,0.10,0.21,0.75,0.64,-0.61,0.43,-0.73,R
127.582,101,0,0,255,0,8.80,-1.46,3.59,0.01,-0.05,-0.07,6.60,-0.07,6.90,0.01,-0.05,-0.02,6.44,2.22,6.63,-0.06,-0.07,-0.05,6.81,2.81,5.96,-0.06,-0.07,-0.07,8.99,2.96,0.65,-0.06,-0.03,0.00,0.22,0.76,0.61,-1.77,-1.53,-1.16,R
127.633,66,0,0,255,0,8.96,-1.55,3.97,-0.15,0.11,-0.01,5.91,-0.14,8.10,-0.04,-0.01,-0.01,6.22,2.49,7.31,-0.02,-0.02,0.00,6.82,2.86,6.54,-0.01,-0.04,-0.01,9.22,3.50,0.79,-0.05,-0.08,0.03,0.22,0.77,0.62,-2.44,0.31,-0.67,R
127.683,102,0,0,255,0,9.08,-1.72,3.51,-0.17,0.18,-0.00,6.60,-0.45,6.99,-0.01,0.01,-0.03,6.48,1.89,6.56,-0.04,-0.00,-0.03,7.00,2.48,5.69,0.03,0.03,-0.03,8.94,2.75,1.34,0.05,0.10,-0.10,0.21,0.76,0.61,-1.53,1.04,-2.08,R
127.734,61,0,0,255,0,8.97,-1.25,3.47,-0.10,0.09,-0.05,5.71,0.30,8.25,-0.05,0.03,-0.11,6.10,2.35,7.29,-0.11,-0.12,-0.08,6.79,2.54,6.31,-0.03,-0.08,-0.08,8.97,3.91,1.73,-0.06,-0.14,-0.03,0.21,0.76,0.62,-3.78,-2.87,-2.69,R
127.785,67,0,0,255,0,8.89,-1.54,3.40,-0.04,-0.00,-0.11,6.29,0.02,7.30,-0.01,-0.06,-0.09,6.92,1.97,5.98,-0.04,-0.03,-0.06,7.09,2.38,5.62,0.00,0.01,-0.10,8.78,3.40,1.62,-0.12,-0.05,-0.09,0.21,0.77,0.59,-2.99,0.18,-4.64,R
127.837,103,0,0,255,0,8.83,-2.41,4.66,-0.04,0.23,-0.15,5.94,-0.20,8.15,0.04,-0.07,-0.23,5.91,2.79,7.80,0.04,-0.13,-0.22,6.42,2.90,7.17,-0.02,-0.13,-0.23,8.93,3.17,1.26,-0.17,-0.29,-0.03,0.22,0.75,0.64,-5.98,0.37,-11.60,R
127.887,74,0,0,255,0,9.21,-2.03,3.61,-0.00,0.04,-0.35,6.55,-1.20,7.09,0.15,-0.02,-0.34,6.51,0.98,6.61,0.14,-0.10,-0.40,6.78,2.15,5.95,0.13,-0.08,-0.51,8.72,3.81,1.98,-0.08,-0.44,-0.42,0.23,0.76,0.59,-5.49,3.42,-26.92,R
127.938,59,0,0,255,0,9.20,-1.83,4.08,-0.11,0.38,-0.52,6.02,0.03,7.81,0.24,0.05,-0.63,6.49,2.75,6.44,0.19,-0.10,-0.61,6.59,3.17,6.35,0.14,-0.08,-0.64,9.12,3.56,0.30,-0.15,-0.47,-0.42,0.26,0.77,0.60,-7.93,5.62,-34.06,R
127.989,99,0,0,255,0,8.78,-1.34,4.39,-0.06,0.28,-0.60,5.91,0.63,7.63,0.24,-0.05,-0.60,5.91,3.06,6.99,0.16,-0.26,-0.61,6.45,3.82,5.69,0.07,-0.24,-0.66,8.46,3.89,0.91,-0.32,-0.47,-0.47,0.30,0.74,0.58,-10.25,3.30,-31.37,R
128.04,98,0,0,255,0,8.36,-1.11,5.04,-0.14,0.49,-0.51,5.98,1.52,7.58,0.25,-0.01,-0.62,6.00,3.85,6.64,0.26,-0.08,-0.60,6.34,4.66,6.73,0.16,-0.02,-0.66,9.01,5.64,0.70,-0.06,-0.41,-0.54,0.31,0.76,0.60,-5.98,6.16,-31.37,R
128.091,34,0,0,255,1,8.40,-0.29,4.36,-0.04,0.26,-0.44,6.30,2.11,6.77,0.15,-0.02,-0.44,6.39,4.21,5.59,0.13,-0.12,-0.38,6.53,4.75,5.24,0.12,-0.01,-0.39,8.68,4.87,-0.25,0.03,-0.18,-0.34,0.36,0.75,0.55,-2.08,3.42,-22.46,R
128.143,74,0,0,255,0,8.07,-0.01,5.37,-0.08,0.17,-0.18,5.73,2.94,7.60,0.02,0.01,-0.20,5.79,5.27,6.50,-0.06,-0.07,-0.14,6.44,5.32,5.38,-0.09,-0.05,-0.11,8.68,4.39,-1.11,-0.20,-0.07,0.00,0.38,0.74,0.58,-2.14,-3.66,-5.49,R
128.193,47,0,0,255,0,8.55,-0.24,4.51,-0.03,-0.03,0.04,6.10,1.70,7.35,-0.12,0.03,0.02,6.14,4.22,6.45,-0.09,-0.01,-0.00,6.77,5.20,5.60,-0.08,-0.00,0.07,9.04,4.27,-1.40,-0.04,0.29,0.09,0.35,0.76,0.58,1.53,-4.88,3.60,R
128.244,102,0,0,255,0,8.84,-0.57,4.31,-0.08,0.02,0.11,6.24,1.05,7.57,-0.13,0.09,0.12,5.88,2.90,7.15,-0.18,-0.07,0.17,6.31,3.28,5.28,0.11,-0.56,0.28,8.44,4.00,1.69,-0.11,0.12,0.29,0.32,0.75,0.59,2.32,-2.20,4.58,R
128.295,41,0,0,255,0,8.80,-0.91,4.40,-0.02,0.01,-0.03,5.97,1.00,7.64,0.01,0.01,-0.05,6.46,3.10,6.15,-0.03,-0.05,-0.02,6.92,3.74,5.09,0.08,-0.13,0.03,8.56,4.29,0.14,-0.10,0.07,0.04,0.33,0.75,0.57,-1.22,-0.37,-5.43,R
128.346,54,0,0,255,0,8.74,-0.47,4.29,0.03,0.09,-0.03,6.14,1.37,7.48,0.01,0.11,-0.05,6.10,3.89,6.75,0.05,0.06,-0.04,6.47,4.26,6.13,0.12,0.02,-0.01,8.68,4.29,0.73,-0.04,0.14,0.00,0.34,0.75,0.58,1.40,1.34,-3.54,R
128.397,82,0,0,255,0,8.67,-0.22,4.33,0.06,-0.01,-0.07,6.05,1.67,7.34,0.01,0.02,-0.03,6.07,4.07,6.38,0.00,-0.04,-0.03,6.65,4.26,5.44,0.01,-0.00,-0.03,8.60,3.88,0.60,0.01,0.04,-0.07,0.34,0.74,0.57,0.06,0.61,-1.89,R
128.448,101,0,0,255,0,8.46,-0.52,4.94,0.00,0.06,-0.01,6.03,1.64,7.48,0.05,0.05,-0.03,6.15,3.98,6.36,-0.03,0.01,-0.03,6.60,4.27,5.69,-0.01,0.04,-0.06,8.69,4.10,0.35,0.00,0.06,-0.03,0.34,0.74,0.59,1.22,1.04,-1.77,R
128.499,55,0,0,255,0,8.40,-0.70,5.09,0.14,-0.07,-0.02,5.71,1.82,7.94,0.07,0.03,0.02,5.94,4.35,6.67,0.02,0.00,0.02,6.58,4.56,5.92,0.02,0.01,0.03,8.74,4.17,0.04,0.09,0.07,0.03,0.35,0.74,0.59,0.79,2.50,1.10,R
128.551,65,0,0,255,0,8.60,-0.18,4.46,-0.02,0.03,0.06,6.35,1.29,6.98,-0.05,0.08,0.05,6.07,3.51,6.58,-0.05,0.04,-0.01,6.56,4.09,5.99,-0.06,0.03,-0.04,8.83,4.63,0.27,0.01,0.04,-0.06,0.34,0.74,0.58,3.23,-1.22,1.71,R
128.601,66,0,0,255,0,8.45,-1.17,5.87,0.09,-0.05,-0.01,5.62,1.68,8.12,0.08,0.01,0.06,5.86,3.98,6.83,0.07,0.02,0.09,6.44,4.27,5.97,0.08,0.02,0.08,8.59,4.52,0.71,0.09,0.01,0.02,0.35,0.73,0.59,-0.73,4.70,2.50,R
128.652,66,0,0,255,0,8.48,-0.09,4.07,0.01,0.04,0.05,6.21,1.81,6.98,-0.03,0.06,0.02,6.02,3.87,6.34,-0.06,0.08,-0.01,6.42,4.49,6.12,-0.08,0.08,-0.04,8.82,4.85,0.30,-0.04,0.07,-0.04,0.36,0.74,0.58,3.30,-3.36,3.23,R
128.704,99,0,0,255,0,8.41,-0.99,5.91,0.08,-0.16,0.01,6.08,1.60,7.57,-0.01,-0.04,0.14,6.12,3.68,6.31,-0.02,-0.01,0.17,6.72,3.77,5.30,0.01,0.02,0.12,8.50,3.78,0.50,0.04,0.12,0.06,0.34,0.75,0.57,-1.16,1.77,5.37,R
128.754,62,0,0,255,0,8.89,0.15,3.66,-0.02,0.01,0.08,6.18,1.19,7.38,-0.12,0.08,-0.04,6.09,3.64,6.83,-0.16,0.03,-0.10,6.69,4.11,5.86,-0.22,0.05,-0.14,8.85,3.99,-0.04,-0.25,0.15,-0.11,0.34,0.76,0.58,0.73,-7.08,2.26,R
128.805,101,0,0,255,0,8.51,-0.98,5.11,0.17,-0.12,-0.02,5.69,1.14,7.88,0.00,0.14,-0.02,5.93,3.57,6.73,-0.04,0.10,-0.05,6.51,4.42,5.70,-0.03,0.09,-0.02,8.60,4.19,0.88,0.04,0.20,0.01,0.34,0.74,0.58,0.49,-0.55,0.00,R
128.856,60,0,0,255,0,8.03,-1.77,6.69,0.90,-0.92,-0.24,5.54,1.40,8.22,0.06,0.09,0.08,5.69,4.00,7.20,0.03,0.07,0.05,6.25,4.25,6.64,0.06,0.06,0.05,8.65,4.69,1.16,0.07,0.04,0.06,0.33,0.74,0.60,-0.12,2.75,1.77,R
128.907,103,0,0,255,0,8.90,-0.12,3.54,0.51,-0.61,-0.04,6.03,1.63,7.25,-0.03,0.05,0.15,6.10,3.67,6.46,-0.06,0.10,0.10,6.35,4.19,6.09,-0.06,0.10,0.08,8.63,4.40,1.03,-0.01,0.11,0.02,0.35,0.75,0.58,2.93,0.55,5.07,R
128.958,77,0,0,255,0,9.35,-0.42,3.02,-0.07,0.02,0.10,5.99,1.24,7.71,-0.04,0.06,0.00,6.26,3.00,6.66,-0.07,0.05,0.03,6.75,3.44,5.87,0.03,0.10,-0.01,8.65,3.57,0.76,0.00,0.15,-0.17,0.30,0.76,0.58,1.34,-1.04,0.98,R
129.009,54,0,0,255,0,9.11,-0.71,4.07,0.05,0.07,-0.07,5.88,1.51,7.76,0.09,0.04,-0.05,5.82,3.87,7.07,0.14,0.05,-0.06,6.35,4.46,6.34,0.17,0.07,-0.03,8.72,5.13,0.84,0.23,-0.01,-0.09,0.33,0.75,0.59,1.22,5.13,-5.62,R
129.06,96,0,0,255,0,8.71,0.37,3.80,0.00,0.01,-0.01,6.11,2.09,7.07,-0.02,0.10,0.02,6.04,4.19,6.14,-0.04,0.08,0.06,6.47,4.46,5.54,-0.00,0.09,0.07,8.55,4.83,1.08,-0.01,0.08,0.00,0.36,0.74,0.58,1.65,-0.18,2.32,R
129.111,100,0,0,255,0,8.86,-0.71,4.43,-0.13,0.14,0.14,5.71,1.61,7.84,-0.07,0.02,0.09,6.15,3.70,6.40,-0.06,0.03,0.12,6.55,3.89,5.89,0.03,0.07,0.12,8.55,4.63,1.44,0.06,0.12,0.02,0.32,0.75,0.59,1.71,-1.53,3.85,R
129.162,52,0,0,255,0,9.02,-0.63,4.31,0.02,-0.01,0.02,6.02,1.39,7.57,-0.04,0.09,0.05,6.13,3.40,6.51,-0.06,0.07,0.05,6.46,3.97,5.88,-0.01,0.07,0.03,8.58,4.21,0.91,-0.02,0.07,-0.01,0.32,0.75,0.59,0.85,-0.73,1.53,R
129.213,71,0,0,255,0,8.82,-0.39,4.34,-0.03,0.08,0.03,5.70,1.64,7.86,0.01,0.07,0.05,5.86,3.88,6.93,0.00,0.06,0.05,6.23,4.05,6.66,-0.01,0.05,0.04,8.66,4.68,1.14,-0.03,0.03,0.02,0.33,0.74,0.60,0.85,0.31,0.43,R
129.264,44,0,0,255,0,8.87,-0.17,4.19,0.01,-0.03,-0.02,5.97,1.67,7.55,0.01,0.03,0.02,6.17,3.81,6.26,-0.03,0.05,0.04,6.45,4.14,5.79,-0.01,0.06,0.03,8.54,4.32,0.72,0.01,0.09,-0.02,0.33,0.75,0.57,0.31,-0.43,0.85,R
129.315,34,0,0,255,0,8.94,-0.15,4.36,-0.01,0.01,0.04,5.82,1.59,7.75,-0.03,0.02,0.05,5.89,4.14,6.86,-0.04,0.04,0.07,6.45,4.30,6.07,-0.03,0.03,0.07,8.58,4.38,0.99,-0.04,0.07,0.06,0.33,0.75,0.59,1.34,-1.34,2.56,R
129.366,99,0,0,255,0,8.98,-0.38,4.00,-0.03,0.03,0.06,5.86,0.98,7.67,-0.03,0.08,0.07,5.84,3.29,7.03,-0.01,0.09,0.04,6.37,3.77,6.36,0.04,0.07,0.02,8.68,4.16,1.01,0.12,0.09,-0.05,0.31,0.75,0.59,2.20,0.37,-0.12,R
129.417,13,0,0,255,0,8.88,-0.36,4.08,0.08,-0.03,-0.02,5.72,1.28,7.84,0.05,0.04,0.06,5.83,3.83,6.86,0.07,0.06,0.03,6.33,4.28,6.14,0.06,0.04,0.03,8.64,4.39,0.58,0.11,0.06,0.00,0.34,0.74,0.59,0.37,2.38,-0.18,R
129.468,28,0,0,255,0,8.97,-0.20,3.82,0.05,0.01,0.00,5.81,1.31,7.71,0.01,0.02,0.02,5.91,3.74,6.87,-0.03,0.01,0.01,6.55,4.28,5.96,-0.01,0.03,-0.00,8.63,4.44,0.63,0.05,0.05,-0.02,0.33,0.75,0.59,0.85,0.31,0.61,R
129.519,55,0,0,255,0,9.02,-0.33,4.06,0.02,0.01,0.03,5.81,1.20,7.76,0.01,0.04,0.08,5.86,3.55,7.05,0.02,0.05,0.08,6.39,3.71,6.29,0.06,0.03,0.08,8.49,4.28,1.49,0.07,0.07,-0.02,0.32,0.75,0.59,0.73,2.62,0.85,R
129.57,98,0,0,255,0,8.77,-0.52,4.45,0.03,0.04,-0.04,6.06,1.52,7.37,0.01,0.03,-0.04,6.03,3.91,6.36,-0.02,0.00,-0.01,6.44,4.32,5.77,-0.01,0.03,-0.02,8.56,4.24,0.61,0.03,0.04,-0.06,0.33,0.75,0.58,0.31,1.10,-0.24,R
129.621,11,0,0,255,11,8.97,-0.46,4.40,0.04,0.03,0.01,5.82,1.18,7.88,0.04,0.05,0.07,5.67,3.57,7.44,0.07,0.03,0.04,6.28,4.14,6.69,0.08,-0.00,0.04,8.73,4.87,1.28,0.15,0.07,-0.01,0.32,0.75,0.60,1.40,3.85,-0.55,R
129.672,57,0,0,255,0,8.94,-0.39,4.15,0.10,-0.04,-0.02,5.77,1.30,7.79,0.04,-0.01,0.07,6.02,3.51,6.68,0.02,-0.02,0.06,6.60,3.74,5.70,0.06,0.02,0.06,8.53,3.75,0.75,0.06,0.02,-0.01,0.33,0.75,0.58,-1.16,4.70,1.10,R
129.723,85,0,0,255,0,8.89,-0.17,4.02,0.15,-0.03,-0.04,5.50,1.84,8.16,0.06,0.06,0.06,5.60,4.18,7.13,0.07,0.05,0.04,6.35,4.71,6.25,0.11,0.04,0.07,8.61,5.22,1.11,0.15,0.06,0.01,0.34,0.75,0.59,0.73,4.52,0.92,R
129.774,17,0,0,255,0,8.99,0.23,3.38,-0.03,-0.05,0.04,5.83,1.55,7.61,-0.08,-0.05,0.08,6.06,3.72,6.42,-0.08,-0.06,0.11,6.54,4.22,5.51,-0.01,-0.02,0.11,8.55,4.45,0.81,0.03,0.09,0.08,0.34,0.75,0.57,-1.65,-0.43,6.47,R
129.825,32,0,0,255,0,8.93,-0.51,4.42,-0.03,-0.02,0.10,5.67,1.58,8.13,-0.13,0.01,0.11,6.07,3.75,6.78,-0.07,-0.02,0.12,6.43,3.91,6.13,-0.00,0.01,0.12,8.55,4.35,1.29,0.00,0.12,0.06,0.33,0.76,0.58,-0.61,-1.16,6.77,R
129.876,45,0,0,255,0,9.18,-0.75,3.78,0.00,-0.05,0.04,6.01,0.57,7.72,-0.06,0.02,0.10,6.01,2.65,6.88,-0.06,0.01,0.07,6.57,3.47,6.03,0.00,0.01,0.02,8.66,3.96,1.05,-0.01,-0.01,0.01,0.31,0.76,0.58,-0.98,0.24,1.40,R
129.927,58,0,0,255,0,8.77,-1.06,4.97,0.04,0.06,-0.04,5.65,1.37,8.08,0.03,-0.02,0.00,5.86,3.96,7.01,0.02,-0.02,0.00,6.34,4.21,6.28,0.04,-0.01,0.01,8.59,4.74,0.77,0.07,-0.02,0.01,0.34,0.75,0.58,-1.10,3.42,-0.98,R
129.978,101,0,0,255,0,8.79,-0.21,3.77,0.01,0.04,0.01,5.91,1.24,7.58,-0.01,0.03,0.05,6.12,3.49,6.45,0.02,0.10,0.02,6.54,4.05,6.24,0.04,0.11,0.02,8.72,4.74,1.50,0.06,0.12,-0.04,0.32,0.76,0.58,2.26,1.89,0.85,R
130.03,41,0,0,255,0,9.03,-0.77,4.29,-0.00,0.03,0.02,5.96,1.06,7.57,-0.04,0.04,0.04,6.10,3.48,6.63,-0.01,0.04,0.04,6.61,4.00,5.72,0.02,0.06,0.03,8.58,4.51,0.74,0.04,0.05,-0.03,0.33,0.75,0.57,0.67,1.95,1.71,R
130.08,94,0,0,255,0,8.80,-0.12,4.05,0.04,-0.01,0.05,5.70,1.67,7.90,-0.03,0.02,0.09,6.00,3.73,6.75,-0.08,-0.00,0.06,6.58,4.12,5.89,-0.06,0.01,0.04,8.67,4.28,0.82,-0.07,0.05,0.03,0.33,0.76,0.58,1.89,-1.77,4.27,R
130.131,60,0,0,255,0,8.85,0.15,3.74,-0.10,0.06,0.12,5.98,1.72,7.43,-0.17,0.07,0.03,5.61,4.33,7.03,-0.24,0.03,0.02,5.92,4.50,6.93,-0.34,-0.05,-0.00,8.35,6.29,2.67,-0.37,0.02,0.09,0.37,0.74,0.58,-0.06,-13.00,10.99,R
130.184,101,0,0,255,0,8.49,-0.45,4.95,-0.30,-0.15,0.21,5.74,1.85,7.67,-0.40,-0.07,0.11,6.41,3.69,5.79,-0.42,-0.09,0.21,6.95,3.47,4.81,-0.37,-0.04,0.23,8.58,2.86,0.33,-0.27,0.16,0.24,0.28,0.76,0.56,-1.53,-13.67,17.21,R
130.233,2,0,0,255,2,9.80,-2.00,3.05,-0.02,0.12,0.12,5.83,-1.28,8.42,-0.01,0.16,0.09,5.82,2.03,8.11,0.11,0.15,-0.06,6.11,3.58,8.46,0.11,0.11,-0.04,8.96,5.39,3.05,0.10,-0.01,-0.02,0.24,0.78,0.63,3.91,0.79,-1.89,R
130.284,61,0,0,255,0,8.80,-0.89,5.09,0.00,-0.06,-0.13,5.93,0.69,7.42,0.05,-0.06,0.01,6.20,2.96,6.14,0.04,-0.04,0.01,6.61,3.64,5.27,0.07,-0.03,-0.01,8.59,4.07,0.50,0.05,-0.04,-0.01,0.30,0.75,0.55,-1.89,3.30,-0.92,R
130.335,99,0,0,255,0,8.74,-0.20,4.22,0.04,0.01,0.05,5.65,1.44,8.02,-0.01,0.08,0.06,5.69,4.02,7.35,-0.05,0.09,0.06,6.25,3.96,6.86,-0.06,0.05,0.08,8.77,4.18,1.14,-0.10,0.06,0.08,0.31,0.76,0.59,1.46,-1.46,3.85,R
130.386,34,0,0,255,0,9.18,-0.94,3.79,-0.03,-0.02,0.02,6.41,0.37,7.22,0.00,-0.01,0.01,6.31,2.99,6.71,-0.04,-0.02,0.01,6.95,3.30,5.57,0.00,-0.02,0.00,8.85,3.37,0.61,0.05,0.03,-0.05,0.27,0.78,0.58,-0.79,1.16,0.24,R
130.437,12,6,0,255,0,8.97,-0.65,3.96,0.07,0.01,-0.05,5.99,1.24,7.75,0.05,0.03,0.00,6.02,3.80,6.94,0.02,0.02,0.01,6.62,4.15,6.01,0.06,0.03,0.03,8.68,4.45,1.17,0.11,0.05,-0.03,0.30,0.77,0.58,0.49,2.81,-0.61,R
130.488,64,0,0,255,0,8.91,-0.80,4.21,0.13,-0.10,-0.01,6.13,0.85,7.54,0.04,0.05,0.03,6.26,3.19,6.49,0.02,0.07,0.02,6.68,3.71,5.97,0.05,0.08,0.03,8.64,4.40,1.20,0.12,0.08,-0.05,0.29,0.77,0.58,-0.18,2.62,0.73,R
130.539,45,0,0,255,0,8.92,-0.59,3.95,0.08,0.01,0.04,5.73,0.98,7.85,0.07,0.07,0.06,5.90,3.63,6.94,0.06,0.10,0.06,6.23,4.03,6.84,0.07,0.07,0.07,8.74,5.59,1.90,0.06,0.04,0.01,0.32,0.76,0.59,0.98,2.08,2.20,R
130.59,36,0,0,255,0,8.25,0.46,4.41,-0.09,-0.10,0.24,5.69,2.61,7.31,-0.26,-0.00,0.19,6.13,4.63,5.74,-0.31,0.09,0.25,6.67,4.88,5.43,-0.26,0.00,0.28,8.70,5.32,0.45,-0.12,0.29,0.24,0.34,0.76,0.55,1.10,-11.90,20.20,R
130.642,43,0,0,255,0,9.01,-0.42,3.44,-0.09,-0.23,0.67,5.97,1.13,7.67,-0.46,-0.01,0.49,6.59,2.84,6.16,-0.47,0.06,0.46,7.35,2.52,5.10,-0.31,0.15,0.50,8.62,1.65,1.57,-0.22,0.50,0.32,0.18,0.80,0.59,6.29,-15.99,28.38,R
130.692,10,0,0,255,20,9.73,-1.53,2.86,0.24,-0.12,0.36,6.04,-1.14,8.06,0.05,0.05,0.19,5.97,2.54,7.99,0.04,0.11,0.13,7.07,2.39,6.50,0.03,0.09,0.17,8.99,2.46,1.14,0.17,0.15,0.04,0.17,0.79,0.62,3.48,3.72,8.85,R
130.743,10,0,0,255,13,9.32,-1.51,3.06,0.45,-0.04,0.06,5.75,0.33,8.11,0.27,0.05,0.03,5.72,3.85,7.73,0.24,0.11,0.03,6.92,4.55,6.14,0.28,0.13,0.09,9.23,4.50,0.46,0.52,0.10,-0.03,0.25,0.78,0.61,4.58,13.98,-2.20,R
130.794,95,0,0,255,0,8.31,-0.28,5.54,0.74,0.04,0.34,5.75,0.33,8.07,0.41,0.20,0.51,5.79,2.49,7.45,0.55,0.30,0.50,6.68,4.22,6.11,0.87,0.40,0.52,8.99,5.66,1.16,1.26,0.32,0.07,0.28,0.77,0.60,7.69,29.72,0.85,R
130.845,9,0,0,255,0,8.66,-0.61,4.04,0.86,-0.20,0.63,5.62,1.97,7.48,0.46,0.34,0.83,5.39,4.10,7.49,0.38,0.49,0.94,7.03,3.75,5.32,0.85,0.50,1.06,9.57,-1.09,-4.31,1.45,0.96,0.35,0.27,0.76,0.57,11.84,52.49,16.78,R
130.896,9,0,0,255,29,8.70,-1.72,7.95,2.38,0.41,1.35,4.75,1.17,9.72,2.17,-0.03,1.92,5.95,6.59,7.68,2.67,0.77,2.02,7.20,9.22,5.28,3.11,1.60,1.92,9.63,15.77,1.34,3.84,1.39,0.03,0.53,0.76,0.71,19.53,169.86,29.17,R
130.947,8,0,0,255,27,11.17,-1.89,5.85,2.14,-0.21,1.40,6.08,6.10,9.93,1.00,0.50,2.70,5.66,4.38,9.05,0.06,1.05,3.01,8.03,1.92,5.98,1.42,1.28,2.73,9.72,-4.54,-7.16,1.90,1.63,1.00,0.54,0.87,0.60,0.31,144.59,62.01,R
130.999,96,0,0,255,0,13.20,-5.58,5.51,4.21,-0.49,0.63,6.23,-4.34,10.56,4.07,2.46,2.50,3.95,0.20,11.97,4.24,2.07,1.90,0.25,3.44,10.86,5.50,4.07,1.13,1.63,29.07,16.63,6.84,1.95,-2.80,0.57,0.84,0.46,44.49,265.56,-20.39,R
131.05,14,0,0,255,40,7.45,-1.78,10.24,2.65,-1.05,0.83,5.11,6.03,9.78,2.47,-0.96,1.98,7.76,4.60,7.18,1.80,0.01,2.11,10.05,1.10,0.74,2.48,0.12,2.01,9.62,-2.81,-2.77,1.46,-0.16,1.81,0.59,0.86,0.59,-27.04,188.96,33.33,R
131.1,15,0,0,255,43,11.15,-10.63,3.88,5.13,-1.48,0.03,9.74,-8.15,3.30,5.16,1.05,2.58,2.19,0.96,12.37,5.66,3.78,2.08,0.66,4.23,12.61,6.19,2.40,1.77,0.68,16.96,9.99,8.29,2.23,-3.12,0.05,0.89,0.19,35.71,328.19,-77.15,R
131.151,60,0,0,255,33,4.25,4.04,2.01,5.74,-1.55,-1.25,4.07,7.19,5.62,4.55,-2.36,2.22,6.65,7.21,1.64,3.89,-2.91,2.63,9.59,2.75,-1.77,3.06,-1.89,2.24,8.30,-4.03,-2.19,2.61,-1.79,2.32,0.88,0.70,0.42,19.23,271.85,19.29,R
131.202,17,0,0,255,37,8.31,-2.77,0.68,4.02,-1.37,-0.52,7.97,-3.18,2.06,3.17,-0.12,1.58,2.77,4.46,5.68,3.46,0.43,0.87,1.50,6.46,11.75,3.12,0.33,1.17,4.69,15.67,9.13,3.90,0.53,-0.60,0.38,0.71,-0.02,6.29,164.92,-42.11,R
131.254,10,0,0,255,29,7.01,3.02,-2.37,1.12,-0.85,-0.27,8.26,2.27,1.55,0.81,-0.94,0.87,9.02,3.60,-0.86,0.77,-0.96,0.83,8.93,0.33,-2.07,0.79,-0.67,0.84,7.55,-3.15,-3.86,0.12,-0.44,0.60,0.59,0.75,0.13,-21.61,61.77,29.11,R
131.304,99,0,0,255,0,8.82,0.16,1.64,2.40,-0.98,-0.71,7.15,1.95,3.04,2.38,0.31,0.41,5.16,6.41,4.44,1.74,-0.21,0.25,3.62,10.18,6.99,1.45,-0.53,0.24,7.01,12.22,2.66,1.88,-0.31,0.23,0.74,0.57,-0.26,1.83,107.97,-32.65,R
131.355,10,0,0,255,0,7.26,4.96,2.68,-0.35,-0.44,0.17,8.42,4.71,2.35,-0.20,-0.44,0.32,9.11,3.81,0.12,0.12,-0.28,0.30,8.79,1.75,-1.25,0.11,-0.14,0.31,8.02,-0.83,-4.29,-0.25,-0.06,0.05,0.53,0.81,-0.12,-17.15,7.69,21.73,R
131.406,1,0,0,255,7,9.42,0.99,1.54,0.78,-0.31,-0.12,7.02,3.26,4.53,0.93,0.10,0.26,6.61,5.54,3.50,0.97,0.38,0.12,5.72,7.70,4.75,1.15,0.22,0.33,7.32,9.17,0.59,1.24,0.19,0.07,0.64,0.64,-0.32,-3.85,51.45,-14.10,R
131.458,39,0,0,255,0,8.32,5.78,-2.72,-0.35,-0.19,-0.10,10.18,5.81,0.31,-0.27,-0.16,-0.25,10.50,5.72,-3.21,-0.42,-0.13,0.01,9.99,5.06,-3.68,-0.51,0.20,0.09,8.15,1.23,-3.12,-0.51,0.34,-0.14,0.54,0.85,-0.18,-5.80,-26.79,25.15,R
131.508,99,0,0,255,0,9.36,0.62,1.00,0.07,0.04,0.03,5.84,1.36,6.63,0.29,0.13,-0.02,6.08,4.93,5.92,0.26,-0.20,0.02,6.98,4.94,2.70,0.32,-0.36,0.01,8.26,3.61,-3.32,0.28,-0.33,0.20,0.59,0.67,-0.25,-2.75,16.85,-6.29,R
131.559,90,0,0,255,0,8.43,5.69,-2.90,-0.18,0.01,-0.06,9.81,5.93,0.56,-0.26,-0.11,-0.28,9.18,6.90,-1.01,-0.43,-0.01,-0.12,8.65,6.62,-0.71,-0.72,0.19,-0.05,8.53,3.26,-3.81,-0.77,0.21,-0.09,0.69,0.76,-0.24,1.89,-25.57,10.25,R
131.61,19,0,0,255,0,10.29,-0.57,2.02,0.09,-0.10,0.03,6.90,1.12,6.08,0.20,0.21,0.23,7.24,3.13,3.99,0.40,0.17,-0.01,6.71,4.73,3.77,0.57,-0.08,-0.04,7.98,5.25,-1.36,0.63,-0.19,-0.06,0.63,0.71,-0.24,-4.15,28.69,-15.87,R
131.662,28,0,0,255,0,8.42,4.42,-1.19,-0.21,-0.04,-0.04,9.03,6.78,1.58,-0.13,-0.08,-0.31,8.77,6.29,-0.16,-0.38,0.11,-0.12,8.09,6.00,0.46,-0.47,0.09,-0.04,8.31,3.40,-3.78,-0.73,0.11,-0.02,0.70,0.75,-0.21,4.15,-24.29,10.68,R
131.712,55,0,0,255,0,9.84,0.42,1.87,-0.20,0.16,0.23,7.13,3.47,4.98,0.00,0.18,0.11,7.38,4.98,3.96,0.02,0.33,0.10,7.02,4.98,2.70,0.18,0.14,0.03,8.06,3.12,-2.97,0.42,0.02,-0.07,0.58,0.71,-0.26,-0.79,14.89,-5.25,R
131.763,99,0,0,255,0,8.68,3.67,-1.49,-0.04,-0.07,-0.16,8.66,5.24,2.05,-0.05,-0.06,-0.20,8.37,5.98,0.61,-0.25,0.04,-0.10,8.25,6.15,-0.12,-0.33,0.07,-0.09,8.34,3.61,-3.71,-0.49,0.14,0.00,0.66,0.74,-0.19,1.77,-17.76,7.75,R
131.814,20,0,0,255,0,9.68,1.10,1.60,-0.13,0.11,0.15,6.80,2.93,5.54,-0.00,0.23,0.06,7.11,4.28,4.26,0.04,0.16,0.06,7.40,5.22,1.99,0.26,-0.06,0.03,8.18,3.88,-3.30,0.45,-0.04,-0.02,0.58,0.71,-0.27,-0.61,13.31,-5.86,R
131.865,39,0,0,255,0,9.15,3.54,-1.60,0.03,-0.13,-0.16,7.94,5.14,3.40,0.02,-0.11,-0.05,8.30,5.81,1.44,-0.01,-0.06,0.00,8.19,5.82,0.79,-0.07,-0.03,0.06,8.44,2.81,-3.10,-0.22,0.14,0.03,0.64,0.76,-0.21,-0.31,-3.54,4.70,R
131.917,39,0,0,255,0,9.58,2.19,-0.22,-0.07,0.14,0.05,7.17,3.41,4.65,0.01,0.21,-0.11,7.02,5.43,3.87,0.08,0.04,-0.05,7.37,6.23,2.19,0.06,-0.01,0.03,8.27,4.22,-2.91,0.09,-0.03,0.06,0.59,0.72,-0.26,1.22,1.28,-1.59,R
131.968,55,0,0,255,0,9.57,3.37,-1.04,0.01,-0.06,-0.06,8.41,4.03,3.30,0.04,-0.09,-0.04,8.61,5.67,0.94,0.13,-0.11,-0.02,8.30,5.99,0.25,0.09,-0.06,0.00,8.63,3.46,-4.26,0.10,-0.00,-0.03,0.65,0.76,-0.23,-4.03,3.48,1.77,R
132.018,45,0,0,255,0,9.35,3.68,-1.54,-0.03,0.01,0.03,8.03,3.97,3.57,-0.13,0.11,0.06,8.35,4.79,1.24,-0.17,0.11,0.03,7.91,5.29,0.69,-0.09,0.07,0.02,8.24,3.13,-3.71,-0.11,0.11,0.06,0.63,0.74,-0.25,-0.06,-3.60,5.13,R
132.069,55,0,0,255,0,8.93,3.56,-0.09,-0.14,0.11,0.05,7.65,4.23,3.82,-0.09,-0.04,-0.09,8.02,5.00,1.62,-0.05,0.05,-0.06,8.08,5.41,0.27,-0.00,-0.06,0.07,8.34,2.01,-4.12,-0.01,-0.00,0.07,0.60,0.73,-0.21,-2.56,-1.77,3.60,R
132.121,41,0,0,255,0,9.21,3.03,-0.94,0.07,0.02,0.04,7.77,4.55,3.66,0.04,0.05,0.04,7.60,6.12,2.37,-0.03,0.08,0.05,7.30,6.11,2.00,-0.13,0.01,-0.02,8.11,4.54,-2.66,-0.16,-0.02,0.01,0.65,0.72,-0.26,0.55,-0.37,0.12,R
132.172,91,0,0,255,0,9.50,2.63,-0.58,-0.21,0.07,0.06,7.81,3.79,4.14,-0.18,0.00,-0.05,8.40,4.47,1.56,-0.14,-0.08,0.03,8.36,4.88,-0.07,-0.01,-0.01,-0.00,8.41,2.63,-4.01,0.09,0.04,-0.08,0.59,0.76,-0.20,0.73,-4.15,3.30,R
132.222,48,0,0,255,0,9.05,3.23,-0.71,0.09,0.03,-0.03,6.96,5.05,4.82,-0.01,0.17,-0.01,6.96,5.89,3.79,-0.11,0.06,-0.01,7.22,6.06,2.30,-0.11,0.02,0.06,8.25,4.38,-3.10,-0.17,0.03,0.08,0.65,0.71,-0.26,0.92,-2.38,1.71,R
132.273,68,0,0,255,0,9.74,2.33,-0.63,-0.19,0.02,0.09,8.41,3.88,3.40,-0.11,-0.02,0.03,8.40,4.29,1.54,-0.17,-0.01,0.05,8.22,4.78,0.23,-0.01,0.02,0.01,8.26,2.85,-3.67,0.08,0.09,-0.07,0.59,0.76,-0.23,-1.28,-2.44,3.60,R
132.324,42,0,0,255,0,9.12,2.32,-0.58,0.15,-0.02,-0.04,7.03,4.09,4.64,0.13,0.10,0.06,6.91,4.75,4.21,-0.00,0.05,0.04,7.18,5.04,2.49,0.08,-0.04,0.06,8.17,3.92,-2.59,0.10,-0.03,0.02,0.60,0.71,-0.25,-1.22,7.57,-3.23,R
132.375,57,0,0,255,0,9.75,1.21,-0.35,0.14,-0.08,-0.12,8.34,3.28,3.56,0.27,-0.08,0.07,8.34,4.26,1.75,0.30,-0.01,0.01,8.03,4.86,0.90,0.38,0.01,-0.03,8.35,3.28,-3.32,0.45,-0.06,-0.21,0.59,0.76,-0.21,-4.09,17.15,-13.06,R
132.426,101,0,0,255,0,9.01,4.15,-1.52,0.10,-0.05,-0.15,8.02,4.94,3.25,0.08,-0.13,-0.05,8.09,5.23,1.74,-0.10,-0.15,-0.01,8.00,5.37,0.81,-0.12,-0.12,-0.06,8.55,2.86,-4.75,-0.18,-0.12,0.03,0.68,0.73,-0.26,-5.55,-1.83,0.98,R
132.478,45,0,0,255,0,9.53,2.83,-0.57,0.06,-0.02,-0.02,8.11,4.60,3.39,0.08,0.06,0.09,8.03,5.38,1.98,0.07,0.10,0.04,7.61,5.82,1.47,0.09,0.05,-0.02,8.34,3.96,-3.69,0.13,-0.01,-0.01,0.65,0.72,-0.29,-2.56,6.29,-2.62,R
132.529,99,0,0,255,0,9.12,3.76,-1.33,-0.07,-0.04,-0.03,8.09,4.58,3.33,-0.13,-0.07,-0.02,8.29,5.18,1.48,-0.15,-0.09,0.00,8.31,5.32,0.20,-0.13,-0.05,0.03,8.45,2.68,-4.16,-0.13,-0.02,0.06,0.62,0.74,-0.26,-1.28,-4.70,5.13,R
132.579,42,0,0,255,0,9.44,2.78,-0.73,0.10,-0.05,0.02,7.85,4.22,3.68,0.09,0.02,0.09,8.09,5.13,1.90,0.05,0.08,0.08,7.85,5.36,0.91,0.10,0.07,0.03,8.30,4.01,-3.54,0.16,0.03,-0.04,0.63,0.73,-0.28,-0.61,6.84,-1.71,R
132.63,95,0,0,255,0,9.33,3.38,-2.26,-0.20,0.07,0.03,8.38,4.04,2.81,-0.25,0.16,-0.08,8.37,4.79,1.27,-0.30,0.12,-0.07,8.18,5.18,0.01,-0.24,0.09,-0.06,8.25,2.78,-3.96,-0.21,0.14,-0.09,0.60,0.74,-0.25,7.02,-13.61,5.86,R
132.682,44,0,0,255,0,9.19,3.14,-0.57,-0.02,0.08,0.09,7.84,4.18,3.62,-0.04,0.02,0.03,8.15,5.52,1.26,-0.11,0.03,0.04,7.91,5.88,0.82,-0.08,0.07,0.02,8.33,4.10,-3.46,-0.10,0.11,-0.01,0.63,0.73,-0.25,1.16,-1.95,1.77,R
132.732,92,0,0,255,0,9.40,2.94,-1.24,-0.23,0.17,0.23,8.01,3.79,3.51,-0.30,0.15,-0.06,8.09,4.79,2.00,-0.30,0.12,-0.05,7.96,4.66,0.98,-0.26,0.11,-0.02,8.37,2.38,-3.82,-0.18,0.09,-0.06,0.61,0.74,-0.25,5.80,-14.10,6.04,R
132.783,45,0,0,255,0,9.38,2.14,-0.22,0.08,0.08,-0.01,7.83,4.30,3.81,0.06,0.18,0.00,7.36,5.14,3.34,0.01,0.10,0.01,7.37,5.81,2.23,0.01,0.03,-0.04,8.30,4.83,-2.67,0.02,0.01,-0.05,0.62,0.73,-0.24,1.65,2.87,-4.58,R
132.834,55,0,0,255,0,9.31,3.18,-1.01,-0.22,0.15,0.13,8.15,4.75,3.63,-0.34,0.24,0.02,8.41,4.96,1.70,-0.32,0.12,-0.03,8.30,5.05,0.64,-0.28,0.18,-0.04,8.38,3.13,-3.67,-0.21,0.16,-0.14,0.62,0.76,-0.25,6.96,-15.44,4.58,R
132.885,99,0,0,255,0,9.50,2.23,-0.50,0.02,0.35,0.18,8.02,3.90,3.45,-0.00,0.37,-0.03,7.63,5.07,2.71,-0.10,0.33,-0.11,7.35,6.18,2.05,-0.12,0.21,-0.10,8.21,4.39,-2.80,-0.21,0.13,-0.19,0.65,0.73,-0.25,13.43,-7.51,-3.17,R
132.937,39,0,0,255,0,9.21,3.45,-1.54,-0.29,0.45,0.27,8.76,4.56,2.79,-0.38,0.44,-0.09,9.17,6.42,0.92,-0.60,0.29,-0.10,8.62,5.81,-0.11,-0.73,0.29,-0.30,8.54,2.74,-4.04,-0.69,0.37,-0.49,0.66,0.79,-0.18,19.17,-31.62,2.32,R
132.988,3,0,0,255,0,9.17,2.49,-1.58,-0.76,1.31,0.87,9.45,3.55,0.92,-1.06,1.57,-0.18,7.74,3.33,0.78,-1.17,0.85,-0.46,8.04,4.85,0.43,-1.45,0.69,-0.57,8.09,3.44,-3.26,-1.50,0.72,-0.92,0.63,0.76,-0.17,56.27,-79.41,3.66,R
133.038,1,0,0,255,0,9.04,1.46,-1.47,-1.26,2.22,1.21,7.03,2.79,3.65,-1.31,2.83,-0.57,8.58,3.18,-1.28,-1.59,2.35,-0.72,8.04,4.20,-1.49,-1.72,2.45,-0.80,7.66,2.14,-3.44,-1.78,1.77,-1.87,0.67,0.79,-0.04,86.61,-110.29,-3.36,R
133.089,101,0,0,255,0,8.15,0.78,1.29,-1.13,3.10,1.53,6.47,1.94,2.93,-1.39,3.01,-0.59,5.15,1.82,0.93,-1.59,4.71,-1.36,4.77,1.92,2.57,-2.06,3.52,-1.35,5.96,6.41,0.62,-1.73,1.93,-2.74,0.60,0.75,-0.00,143.80,-139.77,-16.60,R
133.14,30,0,0,255,0,7.01,0.62,0.64,-1.20,3.46,1.52,1.14,3.40,7.72,-1.36,3.56,-1.21,1.67,4.70,9.84,-2.07,2.27,-1.34,4.07,6.26,6.35,-2.45,1.62,-1.28,5.64,6.26,1.63,-2.80,1.27,-1.72,0.66,0.59,0.17,155.21,-157.41,-13.61,R
133.191,13,0,0,255,10,7.08,-1.62,4.83,-0.99,2.84,1.45,2.70,0.18,6.15,-1.41,2.23,-0.49,4.11,1.26,1.23,-1.30,2.69,-0.99,3.49,3.24,2.38,-1.43,3.34,-1.04,3.89,6.89,3.50,-1.48,2.06,-2.51,0.45,0.70,0.41,160.22,-122.19,-32.04,R
133.242,93,0,0,255,0,5.70,-0.87,6.25,-0.16,2.31,1.00,-2.37,2.78,11.21,-0.72,2.85,-0.79,-3.13,5.32,17.58,-1.32,1.96,-1.15,0.71,6.72,13.11,-1.63,1.27,-0.98,3.56,11.72,7.29,-1.84,0.84,-1.47,0.58,0.40,0.50,146.67,-116.09,-35.03,R
133.294,11,0,0,255,13,5.13,-4.51,11.35,-0.63,2.14,1.00,-1.72,2.42,11.12,-0.92,1.62,-0.31,0.35,2.08,9.05,-0.89,1.15,-0.58,2.04,2.61,7.11,-0.97,1.28,-0.60,3.43,6.55,3.17,-0.78,0.82,-1.41,0.36,0.49,0.74,106.14,-70.07,-22.40,R
133.344,12,0,0,255,9,4.93,-3.39,8.56,0.25,1.38,0.43,-2.44,2.17,10.18,0.03,1.61,-0.25,-2.02,3.70,14.03,-0.53,1.39,-0.58,-0.30,4.03,14.12,-0.76,0.87,-0.45,2.38,10.75,8.51,-1.13,0.33,-0.70,0.56,0.31,0.83,82.15,-43.70,-24.96,R
133.396,91,0,0,255,0,3.94,-3.03,10.97,-0.51,1.81,0.58,-1.80,1.47,9.27,-0.44,1.10,-0.45,-0.06,1.83,7.44,-0.69,0.53,-0.57,1.77,2.35,6.68,-0.72,0.78,-0.55,2.97,6.99,4.05,-0.56,0.48,-1.04,0.29,0.40,0.83,73.73,-50.78,-20.39,R
133.447,10,0,0,255,2,4.15,-2.26,6.45,0.09,0.93,0.06,-2.74,1.11,9.51,-0.14,1.19,-0.53,-2.05,2.95,12.68,-0.75,0.53,-0.67,0.27,3.90,11.69,-1.12,0.29,-0.53,2.61,9.79,7.03,-1.28,0.27,-0.74,0.59,0.22,0.92,62.62,-57.25,-25.21,R
133.498,12,0,0,255,0,3.27,-4.29,11.35,-0.76,1.37,0.28,-3.17,1.09,10.64,-0.46,0.89,-0.52,-1.18,2.19,10.24,-0.41,0.33,-0.53,0.96,2.54,8.49,-0.43,0.39,-0.35,2.07,7.12,5.99,-0.34,0.40,-0.75,0.23,0.28,0.96,43.46,-41.93,-16.78,R
133.549,96,0,0,255,0,2.49,-2.82,9.73,-0.26,0.73,0.34,-3.83,1.87,10.85,-0.35,0.43,-0.27,-2.40,2.35,13.15,-0.70,-0.03,-0.38,-0.35,2.58,14.11,-1.01,0.09,-0.21,1.62,9.13,7.61,-1.25,0.04,-0.25,0.50,0.13,0.98,24.96,-44.80,-13.92,R
133.599,5,0,0,255,0,2.85,-4.40,9.73,-0.98,1.07,0.66,-2.07,0.91,9.10,-0.93,-0.06,-0.39,-0.56,0.81,7.97,-0.64,-0.05,-0.50,0.24,1.93,8.94,-0.86,0.58,-0.38,1.92,7.29,5.70,-0.34,0.37,-0.59,0.19,0.21,0.93,34.61,-47.18,-13.92,R
133.65,54,0,0,255,0,2.69,-4.78,10.95,0.08,0.17,0.25,-4.23,1.01,12.29,0.12,-0.18,0.13,-1.42,2.77,11.92,-0.01,0.03,0.02,0.15,3.01,10.21,0.04,0.21,0.01,1.47,8.54,6.77,0.02,0.26,-0.11,0.38,0.16,0.97,17.70,4.21,-0.24,R
133.701,25,0,0,255,0,2.36,-3.24,9.16,-0.00,0.19,0.14,-2.15,1.47,8.98,-0.12,0.22,0.04,-0.63,2.68,9.24,-0.13,0.34,0.11,0.21,2.54,9.48,-0.14,0.41,0.04,1.55,7.75,5.99,0.01,0.36,-0.15,0.28,0.16,0.95,19.65,-8.36,3.36,R
133.752,101,0,0,255,0,2.14,-4.05,10.42,0.37,-0.19,0.23,-3.16,0.59,10.53,0.20,0.11,0.36,-1.23,1.80,9.63,0.12,0.28,0.29,-0.34,1.91,10.53,0.15,0.32,0.23,0.70,8.45,8.61,0.09,0.27,-0.01,0.38,0.11,1.00,14.10,15.38,8.18,R
133.803,36,0,0,255,0,2.10,-3.65,8.90,-0.28,0.41,0.36,-2.85,-0.02,9.46,-0.31,0.50,-0.05,-1.24,0.83,9.35,-0.28,0.47,-0.01,-0.15,1.14,9.21,-0.18,0.45,-0.02,1.13,6.21,5.88,-0.08,0.29,-0.26,0.19,0.14,0.95,16.60,-19.41,1.95,R
133.854,99,0,0,255,0,1.40,-4.28,10.47,0.26,-0.01,0.13,-3.46,0.71,10.20,0.20,0.08,0.26,-1.65,1.54,9.96,0.11,0.24,0.22,-0.64,1.54,10.36,0.16,0.21,0.14,0.70,7.63,7.11,0.13,0.20,-0.06,0.33,0.09,0.99,12.88,14.10,4.33,R
133.905,63,0,0,255,0,1.97,-3.39,8.40,-0.04,0.23,0.12,-2.88,0.20,9.06,-0.10,0.36,-0.12,-1.65,1.48,9.67,-0.18,0.32,-0.13,-0.46,1.98,9.72,-0.17,0.25,-0.10,0.89,7.60,6.67,-0.09,0.18,-0.18,0.26,0.10,0.97,13.43,-11.41,-2.93,R
133.956,44,0,0,255,0,1.49,-4.32,10.48,0.06,-0.04,0.01,-4.01,1.02,10.85,0.11,0.10,0.05,-2.06,2.06,10.84,0.13,0.06,0.10,-0.75,1.90,9.93,0.20,0.06,0.14,0.56,7.28,6.76,0.26,0.11,-0.03,0.29,0.07,0.99,1.71,10.44,2.20,R
134.007,101,0,0,255,0,1.99,-2.67,7.74,-0.18,0.16,0.06,-2.72,0.66,8.50,-0.25,0.22,-0.15,-1.53,1.38,9.28,-0.37,0.16,-0.13,-0.43,1.56,9.11,-0.33,0.13,-0.12,0.87,6.79,6.11,-0.33,0.07,-0.16,0.31,0.09,0.98,6.04,-19.96,-1.83,R
134.058,47,0,0,255,0,1.48,-4.56,10.51,0.03,-0.02,0.02,-3.72,0.73,10.28,0.11,0.07,0.04,-2.02,1.66,10.57,0.14,0.06,0.04,-0.75,1.88,9.83,0.21,-0.02,0.06,0.63,7.19,6.57,0.28,0.03,-0.03,0.26,0.07,0.95,0.49,12.51,0.67,R
134.109,53,0,0,255,0,1.87,-2.85,7.78,0.03,0.04,0.00,-2.69,0.41,8.07,-0.04,0.10,-0.08,-1.54,2.15,8.76,-0.17,0.16,-0.07,-0.46,2.30,9.11,-0.21,0.13,-0.07,0.75,7.06,6.31,-0.19,0.06,-0.09,0.31,0.09,0.97,4.94,-10.01,-1.59,R
134.16,93,0,0,255,0,1.53,-4.20,9.93,-0.11,0.11,0.11,-3.65,0.43,9.93,-0.01,0.10,-0.01,-1.98,1.55,10.22,0.00,0.04,0.03,-0.78,1.54,10.01,0.08,0.06,0.06,0.50,7.17,7.00,0.12,0.08,-0.01,0.26,0.08,0.96,2.20,3.78,0.55,R
134.211,59,0,0,255,0,1.77,-3.74,8.74,0.04,-0.02,0.01,-2.95,0.36,8.57,0.03,0.10,-0.04,-1.69,1.89,8.80,-0.00,0.18,-0.09,-0.60,2.16,9.49,-0.00,0.16,-0.08,0.61,7.69,6.64,-0.02,0.10,-0.16,0.29,0.09,0.98,5.92,-2.38,-3.23,R
134.262,101,0,0,255,0,1.51,-3.84,9.97,-0.04,0.14,0.07,-3.66,0.78,9.76,-0.02,0.14,-0.03,-2.09,1.86,9.76,-0.00,0.17,0.02,-0.90,1.86,10.11,0.09,0.16,0.07,0.26,7.16,7.00,0.12,0.15,-0.05,0.26,0.08,0.97,2.14,1.34,0.98,R
134.314,71,0,0,255,0,1.75,-4.19,8.57,0.01,0.04,-0.03,-3.25,-0.41,8.97,0.02,0.08,-0.10,-1.92,1.27,9.15,-0.03,0.10,-0.15,-0.85,1.71,9.96,-0.08,0.10,-0.15,0.35,7.32,7.27,-0.09,0.07,-0.34,0.26,0.08,1.01,0.55,-4.27,-5.74,R
134.364,55,0,0,255,0,1.55,-4.74,8.88,-0.31,0.20,-0.05,-3.91,-0.74,9.99,-0.11,0.15,-0.26,-2.50,0.56,10.45,-0.12,0.13,-0.28,-1.13,0.87,10.39,-0.14,0.03,-0.24,-0.20,7.28,8.14,-0.12,-0.19,-0.18,0.24,0.06,1.01,-7.87,-8.79,-10.25,R
134.415,44,0,0,255,0,1.36,-4.49,8.31,-0.39,0.28,-0.30,-3.77,-0.74,9.10,-0.08,0.11,-0.52,-2.40,0.32,9.34,-0.09,0.21,-0.56,-1.38,0.25,9.94,-0.19,0.18,-0.54,-0.44,6.23,9.11,-0.30,-0.24,-0.44,0.22,0.06,1.01,-13.31,-15.14,-21.12,R
134.467,20,0,0,255,0,2.49,-6.68,7.78,-0.96,0.17,-0.91,-4.12,-4.11,10.41,-0.34,0.35,-1.14,-3.29,-2.99,12.46,-0.32,0.57,-1.39,-2.09,-2.80,11.59,-0.43,0.38,-1.37,-1.50,4.71,10.86,-0.49,-0.87,-1.05,0.23,0.06,0.96,-54.75,-21.24,-43.33,R
134.518,11,0,0,255,0,3.04,-7.94,2.47,-2.19,1.46,-2.40,-2.74,-6.00,7.76,1.00,-0.63,-2.65,-2.12,-5.57,7.35,0.64,-1.15,-2.76,-2.04,-3.38,5.88,0.39,-0.89,-3.39,-0.59,4.79,6.03,0.17,-2.25,-2.40,0.10,0.28,1.04,-25.82,-32.47,-121.28,R
134.568,14,0,0,255,0,-2.62,-5.54,6.46,-2.24,4.47,-1.07,-5.20,0.42,6.11,0.91,0.47,-3.51,-4.61,3.31,9.78,0.23,-0.41,-3.24,-3.02,4.57,11.78,-0.49,-0.89,-3.24,-0.79,8.91,7.27,-1.37,-2.46,-1.52,0.18,0.05,0.94,-0.18,-72.69,-144.17,R
134.619,74,0,0,255,0,0.13,-11.33,11.36,-0.71,1.60,-2.26,-6.15,-4.80,12.43,0.98,0.22,-2.73,-4.45,-4.11,11.94,0.82,-1.18,-3.22,-2.99,-2.08,7.24,0.68,-0.79,-3.60,-1.92,2.01,4.09,0.73,-2.65,-2.72,0.09,0.10,1.04,-35.58,6.47,-156.98,R
134.67,99,0,0,255,0,-3.90,-6.15,12.08,1.48,2.17,-2.21,-5.85,-0.03,4.77,2.63,-0.87,-4.06,-4.70,4.04,5.43,2.30,-0.48,-3.83,-3.43,5.02,8.57,1.99,-0.39,-3.65,-1.06,9.06,4.14,1.09,-2.31,-2.87,0.11,0.02,0.95,0.92,17.64,-168.15,R
134.721,89,0,0,255,0,-0.78,-6.46,9.66,1.95,0.36,-3.47,-6.31,2.57,9.82,2.40,0.02,-2.72,-4.93,4.50,10.55,1.76,-0.65,-2.79,-3.15,5.51,10.94,1.68,-0.22,-2.66,-0.94,13.21,8.20,1.35,-1.79,-2.00,0.47,0.00,1.00,-36.44,110.41,-120.36,R
134.772,1,0,0,255,0,-1.54,1.55,6.48,0.57,1.45,-1.67,-4.09,2.26,7.06,0.35,-0.71,-2.32,-2.74,1.45,7.38,-0.44,-1.11,-2.67,-2.21,4.90,8.48,-1.09,-1.17,-2.89,-0.48,9.24,0.06,-1.21,-1.93,-1.76,0.38,0.07,0.87,-2.20,-64.51,-104.00,R
134.823,6,0,0,255,0,0.80,-6.35,11.70,0.20,0.90,-1.77,-5.96,2.82,10.96,0.52,0.70,-2.04,-3.66,5.72,10.10,0.81,0.37,-1.50,-2.54,4.93,9.91,0.92,0.66,-1.12,-0.58,9.48,4.35,1.16,-0.24,-1.25,0.27,-0.04,0.94,-41.20,52.12,-63.17,R
134.874,109,0,0,255,0,-0.40,2.50,9.29,0.38,0.09,-1.10,-3.07,4.66,6.57,0.64,-0.46,-0.33,-2.38,2.72,6.48,-0.11,-0.13,-0.53,-2.45,2.16,9.12,-0.20,-0.23,-0.81,-1.19,8.25,5.43,-0.25,-1.20,-0.50,0.45,0.05,0.91,-10.38,3.85,-34.67,R
134.926,114,0,0,255,0,1.15,-3.11,7.54,0.05,0.83,-0.74,-3.28,0.23,8.08,-0.08,0.42,-1.21,-2.13,1.93,7.82,-0.09,0.02,-1.17,-1.96,3.27,8.84,-0.20,0.09,-1.08,-0.26,8.83,4.92,-0.24,-0.49,-0.80,0.40,0.07,0.90,1.46,-16.48,-42.24,R
134.977,109,0,0,255,0,-0.08,-2.44,10.91,0.50,0.07,-1.07,-3.36,3.08,8.55,0.16,-0.22,-0.62,-2.19,4.17,9.09,-0.15,-0.42,-0.56,-1.61,3.06,8.15,-0.10,-0.55,-0.52,-1.00,7.09,5.67,-0.08,-0.15,-0.45,0.25,0.07,0.94,20.87,2.20,-23.32,R
135.027,100,0,0,255,0,1.15,-4.38,7.64,0.62,0.69,-0.43,-2.63,-2.56,7.15,0.10,-0.02,-0.64,-1.92,-1.96,9.05,-0.49,-0.36,-0.86,-1.85,0.08,10.18,-0.58,-0.31,-1.30,0.17,6.40,4.64,-0.65,-0.88,-0.97,0.44,0.01,0.95,30.64,-9.46,-39.98,R
135.078,36,0,0,255,0,0.13,-5.51,12.16,-0.04,0.87,-0.43,-3.46,2.87,10.38,0.12,-0.04,-1.04,-2.41,4.30,11.15,0.03,-0.26,-0.80,-1.80,1.76,10.26,-0.08,-0.13,-0.66,-0.94,7.37,6.00,-0.18,-0.52,-0.65,0.18,-0.03,0.96,27.40,-10.07,-32.41,R
135.13,100,0,0,255,0,0.32,-3.97,7.22,0.06,0.82,-0.18,-4.09,-1.45,8.83,0.14,-0.14,-0.80,-2.36,-0.81,10.44,-0.17,-0.59,-1.05,-2.04,0.87,11.29,-0.46,-0.64,-1.07,-0.66,6.87,6.15,-0.76,-0.96,-0.47,0.39,-0.09,0.98,24.05,-11.72,-33.69,R
135.18,55,0,0,255,0,-1.26,-4.15,11.26,-0.42,1.13,-0.31,-4.01,1.29,10.21,-0.11,-0.34,-1.19,-1.89,2.96,7.86,-0.30,-0.58,-0.97,-0.85,2.13,7.58,-0.49,-0.17,-0.72,0.28,6.56,4.51,-0.49,-0.40,-0.70,0.21,-0.08,0.95,22.28,-23.99,-30.64,R
135.231,101,0,0,255,0,-0.18,-3.42,8.26,0.80,-0.01,-0.19,-2.75,0.41,7.81,0.48,-0.29,0.06,-1.80,-0.65,9.77,-0.25,-0.34,-0.20,-1.27,-0.31,10.73,-0.13,-0.08,-0.59,-0.31,7.75,7.77,-0.22,-0.33,-0.83,0.32,-0.09,0.90,34.97,27.77,-23.01,R
135.282,28,0,0,255,0,-0.78,-3.79,11.98,0.38,0.76,-0.19,-2.58,4.86,12.22,-0.61,-1.47,0.17,-1.07,2.71,13.08,0.89,0.21,-0.69,-1.81,4.27,12.67,0.76,0.83,-0.61,0.01,4.68,0.56,-2.10,-0.12,1.10,0.27,-0.21,1.21,20.32,19.84,-17.58,R
135.333,101,0,0,255,0,-1.05,-0.38,9.19,0.37,0.25,-0.00,-3.17,0.48,8.65,0.02,-0.49,-0.01,-0.90,-1.62,5.61,-0.56,-0.05,0.33,-1.60,0.94,9.57,-0.91,-0.31,0.03,-0.73,6.05,7.36,-0.86,0.01,0.14,0.42,-0.07,0.92,12.27,-1.83,-7.26,R
135.384,95,0,0,255,0,-0.53,-3.47,11.10,-0.20,0.32,-0.14,-2.10,0.44,9.91,0.20,-0.26,-0.29,-0.85,0.37,9.23,-0.00,-0.13,-0.20,-1.14,0.83,9.82,-0.01,-0.07,-0.23,-0.78,6.70,7.44,-0.12,-0.15,-0.22,0.20,-0.18,0.93,11.84,2.56,-3.17,R
135.435,99,0,0,255,0,-1.26,-2.94,9.79,-0.16,0.16,-0.03,-2.50,0.52,9.66,0.12,-0.00,-0.10,-1.24,0.19,9.93,0.11,0.06,-0.06,-1.42,0.28,9.80,0.39,0.11,-0.12,-0.87,6.44,7.36,0.42,-0.05,-0.09,0.28,-0.21,0.94,-5.37,9.28,-1.83,R
135.487,41,0,0,255,0,-1.48,-2.69,9.51,-0.11,0.01,-0.09,-2.57,1.13,9.70,-0.03,-0.09,0.03,-0.94,0.75,9.81,0.05,-0.08,0.05,-1.04,1.08,9.68,0.24,0.00,-0.05,-0.39,7.15,6.90,0.33,-0.04,-0.08,0.30,-0.16,1.04,3.48,-1.95,-2.38,R
135.537,12,0,0,255,0,-0.55,-3.14,9.36,0.10,0.11,0.09,-2.10,0.57,9.69,0.15,-0.03,-0.08,-0.74,1.08,9.77,0.12,-0.04,0.01,-1.17,0.69,9.79,0.15,0.02,-0.07,-0.67,7.00,6.96,0.19,-0.00,-0.08,0.33,-0.17,0.91,1.89,2.81,-2.93,R
135.588,87,0,0,255,0,-0.89,-2.79,9.53,-0.11,-0.02,-0.09,-2.38,1.76,9.65,-0.32,0.03,-0.07,-1.08,0.48,9.65,-0.15,0.00,-0.03,-1.32,0.79,9.77,0.06,0.02,-0.10,-0.63,6.77,7.02,0.05,0.02,-0.09,0.29,-0.17,0.98,1.65,-4.21,-2.99,R
135.639,46,0,0,255,0,-0.82,-3.06,9.52,-0.01,0.13,0.01,-2.23,0.46,9.77,-0.02,0.01,-0.16,-1.06,0.36,10.03,0.03,-0.01,-0.09,-1.29,0.61,9.85,0.04,0.13,-0.09,-0.67,6.81,7.00,0.10,0.07,-0.20,0.32,-0.18,0.96,2.99,0.49,-6.59,R
135.69,101,0,0,255,0,-0.70,-3.33,9.35,-0.12,0.07,-0.15,-2.56,0.75,9.71,-0.30,0.09,-0.65,-1.09,3.52,9.45,-0.14,0.14,-0.66,-1.43,1.98,9.39,-0.03,0.31,-0.33,-0.97,7.23,6.85,0.15,0.16,-0.42,0.29,-0.17,1.00,-0.31,-6.29,-10.01,R
135.742,98,0,0,255,0,-1.20,-2.67,9.55,-0.45,0.14,0.17,-2.11,0.51,11.05,-0.52,0.54,-0.61,-1.31,2.69,11.66,0.38,0.29,-0.58,-1.87,0.49,11.45,-0.47,0.58,-0.22,-1.01,7.17,7.69,0.30,0.53,-0.91,0.31,-0.23,0.99,-12.70,-16.36,-4.70,R
135.793,121,0,0,255,0,-1.02,-3.25,9.34,-0.90,-0.10,0.12,-3.04,2.20,11.64,-0.68,-0.59,-0.36,-0.74,1.73,10.28,-0.47,-0.43,-0.16,-2.53,1.00,11.49,-0.86,-0.70,0.45,-0.13,9.27,3.73,-0.88,-0.14,1.66,0.21,-0.12,0.96,-41.38,-42.42,-1.22,R
135.843,99,0,0,255,0,-1.55,-4.33,10.64,-0.48,-0.35,0.13,-2.23,1.08,8.05,-0.30,-0.36,0.46,-0.86,-0.10,7.06,-0.29,-0.27,0.67,-1.27,0.11,7.60,-0.21,-0.55,0.49,-0.17,7.98,3.88,0.04,0.04,1.34,0.17,-0.09,0.85,-20.51,-11.41,5.43,R
135.894,101,0,0,255,0,-1.58,-0.63,9.35,0.57,-1.03,0.33,-2.57,3.61,8.97,0.74,-0.37,0.87,-2.04,4.43,6.67,0.72,-0.34,1.20,-0.62,3.69,6.67,0.76,-0.91,1.48,-0.83,5.68,2.70,0.56,-0.22,1.97,0.11,-0.01,0.74,0.73,26.55,30.33,R
135.945,11,0,0,255,0,0.46,-5.52,9.07,0.98,-0.01,0.62,-1.13,-5.87,5.01,0.75,0.30,1.85,-0.90,-9.50,5.28,0.44,0.41,1.37,-0.83,-3.40,9.39,0.54,1.08,0.41,-3.25,6.22,19.69,1.32,2.41,-2.49,0.46,-0.35,1.37,48.46,82.70,-8.24,R
135.997,96,0,0,255,0,0.04,-2.90,7.13,0.84,-0.11,-0.16,-3.55,6.21,13.97,-0.00,-0.34,-0.76,-1.98,8.56,9.14,0.94,-0.09,-0.12,0.12,11.03,15.39,0.07,-0.25,-0.07,-0.18,7.63,6.90,-1.81,0.26,0.17,0.27,0.02,0.77,3.60,-8.79,11.05,R
136.048,11,0,0,255,0,-0.76,-6.93,16.30,-1.18,0.57,-0.05,-2.83,-3.77,15.92,-0.45,-0.22,-0.30,-1.17,2.03,12.36,-1.04,0.13,-0.07,-0.74,0.48,9.90,-0.31,0.10,-0.27,-0.51,6.51,7.34,-0.40,0.07,-0.18,0.24,-0.33,1.08,19.71,-28.93,-5.74,R
136.098,12,0,0,255,0,-1.65,-2.86,9.25,0.24,0.09,-0.08,-2.70,0.80,9.27,0.24,0.06,0.06,-1.41,1.14,9.84,0.10,-0.01,0.08,-1.18,1.12,9.98,0.27,0.07,0.03,-0.79,7.19,7.13,0.48,0.08,0.09,0.28,-0.22,0.92,7.32,25.88,-1.71,R
136.15,11,0,0,255,0,-0.67,-2.68,9.37,0.01,0.03,-0.03,-2.30,1.34,9.52,0.04,-0.01,0.03,-1.02,1.00,9.77,0.07,-0.03,-0.01,-0.97,1.08,9.79,0.07,0.05,-0.04,-0.47,7.14,6.91,-0.12,0.07,-0.00,0.38,-0.14,0.94,1.53,-5.43,-2.44,R
136.2,11,0,0,255,0,-0.89,-3.75,9.46,0.04,0.11,-0.11,-2.23,1.23,9.46,0.17,0.07,0.04,-0.94,1.19,9.63,0.16,0.05,0.01,-1.05,0.91,9.75,0.39,0.16,-0.07,-0.58,7.25,6.82,0.21,0.05,-0.01,0.32,-0.15,0.94,-0.43,13.31,-4.15,R
136.251,95,0,0,255,0,-0.91,-3.34,9.47,0.09,0.05,-0.08,-2.37,1.57,9.49,0.14,0.04,0.00,-1.10,1.19,9.70,0.08,0.00,-0.03,-1.20,0.82,9.68,0.09,0.05,-0.04,-0.40,7.00,7.05,0.09,0.02,-0.04,0.37,-0.17,0.93,0.37,2.20,-4.58,R
136.302,12,0,0,255,1,-1.05,-2.83,9.59,-0.13,0.04,-0.26,-2.36,1.70,9.49,0.18,0.07,-0.03,-0.91,1.53,9.69,0.12,0.01,-0.05,-0.93,1.16,9.66,0.17,0.04,-0.12,-0.33,7.12,6.60,0.05,-0.01,-0.08,0.32,-0.15,0.98,-0.67,-4.03,-5.37,R
136.353,46,0,0,255,0,-1.12,-3.23,9.50,0.10,0.05,-0.03,-2.44,1.58,9.50,0.03,0.02,0.01,-1.11,1.38,9.85,-0.01,-0.03,0.03,-1.28,1.19,9.82,0.10,0.03,-0.04,-0.68,7.17,6.86,0.08,0.02,-0.02,0.35,-0.19,0.92,4.27,3.17,-3.60,R
136.404,1,0,0,255,0,-0.89,-3.22,9.55,-0.08,0.00,-0.14,-2.39,1.33,9.50,0.16,0.03,-0.05,-1.08,1.49,9.70,0.15,0.01,-0.02,-1.03,1.67,9.71,0.14,0.00,-0.07,-0.43,7.39,6.64,0.06,-0.01,-0.06,0.32,-0.17,0.95,-0.55,-2.75,-2.69,R
136.455,18,0,0,255,0,-0.88,-3.25,9.42,0.04,0.01,0.02,-2.33,1.39,9.36,-0.00,0.02,0.01,-1.06,1.46,9.67,0.01,-0.02,0.01,-1.22,1.23,9.77,0.05,0.01,0.00,-0.67,7.24,6.80,0.11,0.00,-0.01,0.32,-0.18,0.92,3.17,3.60,-0.61,R
136.506,23,0,0,255,0,-0.91,-2.86,9.49,-0.02,0.08,-0.03,-2.29,1.37,9.51,-0.07,0.04,0.01,-1.02,1.24,9.65,-0.02,-0.00,0.02,-1.01,1.40,9.70,0.03,0.00,-0.03,-0.49,7.43,6.58,0.04,-0.04,-0.07,0.34,-0.17,0.93,2.38,-1.53,-2.14,R
136.557,14,0,0,255,0,-1.16,-3.00,9.47,-0.08,-0.00,-0.04,-2.38,1.28,9.51,-0.04,0.02,-0.01,-1.08,1.45,9.67,-0.03,0.01,0.00,-1.14,1.18,9.67,-0.01,0.02,0.01,-0.58,7.23,6.69,0.06,0.04,0.00,0.29,-0.18,0.95,-0.85,0.00,-1.10,R
136.608,87,0,0,255,0,-0.79,-2.97,9.39,0.01,0.04,-0.02,-2.23,1.57,9.48,-0.05,0.03,0.01,-0.98,1.50,9.65,-0.07,0.01,0.00,-1.10,1.46,9.69,-0.07,0.04,-0.01,-0.52,7.36,6.60,-0.05,0.02,-0.04,0.35,-0.16,0.94,-0.92,0.61,-1.77,R
136.66,31,0,0,255,0,-1.13,-3.21,9.55,-0.06,0.03,-0.01,-2.40,1.36,9.55,-0.12,0.04,0.00,-0.99,1.29,9.69,-0.11,0.02,0.01,-1.11,1.05,9.73,-0.05,0.07,0.00,-0.55,7.53,6.64,0.07,0.02,-0.02,0.31,-0.18,0.94,1.59,0.24,0.43,R
136.71,24,0,0,255,0,-1.01,-3.08,9.48,0.03,0.01,0.00,-2.36,1.52,9.49,0.02,0.05,0.02,-1.08,1.52,9.68,-0.07,0.03,0.02,-1.13,1.28,9.72,-0.06,0.04,0.01,-0.61,7.39,6.69,-0.01,0.03,-0.02,0.35,-0.17,0.94,0.06,1.77,0.31,R
136.761,50,0,0,255,0,-0.97,-3.08,9.48,-0.04,0.01,-0.00,-2.39,1.28,9.50,-0.10,0.04,0.00,-1.01,1.34,9.61,-0.11,0.05,-0.00,-1.15,1.18,9.74,-0.08,0.06,-0.01,-0.62,7.20,6.69,-0.02,0.03,-0.02,0.33,-0.17,0.94,1.10,-0.31,0.37,R
136.812,15,0,0,255,0,-0.95,-3.13,9.50,0.00,0.04,0.01,-2.42,1.18,9.49,-0.06,0.04,0.01,-1.08,1.19,9.66,-0.07,0.02,0.02,-1.25,1.18,9.74,-0.01,0.04,0.01,-0.59,7.29,6.66,0.03,0.03,-0.01,0.34,-0.18,0.93,0.31,2.93,-0.12,R
136.863,63,0,0,255,0,-1.02,-3.16,9.46,-0.02,0.06,-0.02,-2.39,1.37,9.49,-0.06,0.04,0.01,-1.09,1.34,9.66,-0.04,0.04,-0.01,-1.18,1.34,9.73,-0.03,0.03,-0.00,-0.58,7.24,6.69,-0.03,0.02,-0.02,0.34,-0.17,0.95,0.92,1.10,-0.49,R
136.914,96,0,0,255,0,-1.04,-3.20,9.46,-0.03,0.03,-0.00,-2.40,1.36,9.44,-0.04,0.03,0.02,-0.97,1.35,9.65,-0.04,0.01,0.01,-1.22,1.14,9.69,-0.01,0.04,0.00,-0.59,7.34,6.72,0.04,0.03,-0.02,0.33,-0.17,0.94,0.49,1.59,0.12,R
136.965,29,0,0,255,0,-1.00,-3.16,9.44,-0.01,0.01,0.00,-2.44,1.28,9.50,-0.03,0.06,0.01,-1.17,1.17,9.72,-0.05,0.03,0.02,-1.19,1.36,9.73,0.00,0.03,0.02,-0.64,7.43,6.66,0.03,0.02,0.01,0.34,-0.17,0.94,-0.85,0.73,-0.43,R
137.017,15,0,0,255,0,-0.91,-3.13,9.44,-0.05,0.04,-0.01,-2.39,1.26,9.42,-0.08,0.03,-0.02,-1.16,1.26,9.68,-0.09,0.06,-0.02,-1.24,1.09,9.67,-0.07,0.03,-0.01,-0.72,7.16,6.79,-0.04,0.02,-0.02,0.33,-0.18,0.93,0.92,-0.85,0.31,R
137.067,98,0,0,255,0,-1.09,-3.16,9.52,-0.02,0.04,-0.01,-2.47,1.20,9.50,-0.10,0.03,0.00,-1.19,1.15,9.66,-0.10,0.06,0.01,-1.30,1.17,9.83,-0.04,0.04,-0.01,-0.69,7.22,6.78,-0.03,0.03,-0.03,0.34,-0.18,0.93,-1.22,-0.06,0.31,R
137.119,29,0,0,255,0,-1.13,-2.99,9.45,-0.03,0.04,-0.01,-2.50,1.26,9.44,-0.04,0.02,0.01,-1.12,1.13,9.68,-0.06,-0.00,0.02,-1.17,1.19,9.71,-0.05,0.01,0.01,-0.59,7.29,6.70,-0.00,0.01,-0.01,0.36,-0.15,0.96,0.61,-0.18,-0.49,R
137.17,99,0,0,255,0,-1.12,-3.21,9.45,-0.03,0.06,-0.01,-2.50,0.98,9.44,-0.07,0.03,-0.01,-1.15,1.24,9.75,-0.04,0.02,-0.01,-1.26,1.08,9.69,-0.02,0.02,-0.00,-0.66,7.24,6.75,0.03,0.02,-0.02,0.32,-0.18,0.93,-0.67,0.06,0.31,R
137.22,29,0,0,255,0,-1.02,-3.15,9.38,0.01,0.01,0.00,-2.41,1.23,9.46,-0.02,0.04,0.01,-1.12,1.27,9.65,-0.04,0.02,0.00,-1.25,1.17,9.72,-0.00,0.03,0.00,-0.73,7.26,6.80,-0.01,0.02,-0.01,0.35,-0.16,0.94,0.12,1.22,0.31,R
137.271,86,0,0,255,0,-1.04,-3.16,9.40,-0.01,0.03,-0.01,-2.43,1.10,9.53,-0.03,0.03,0.00,-1.19,1.22,9.66,-0.03,0.02,0.01,-1.27,1.13,9.73,0.00,0.03,-0.00,-0.70,7.31,6.73,0.01,0.03,-0.01,0.34,-0.17,0.94,0.24,0.12,-0.24,R
137.322,31,0,0,255,0,-1.12,-3.25,9.43,-0.04,0.01,-0.01,-2.48,1.06,9.52,-0.04,0.04,0.01,-1.19,1.15,9.72,-0.04,0.03,0.01,-1.31,1.17,9.68,0.02,0.04,-0.00,-0.64,7.23,6.68,0.02,0.02,-0.01,0.33,-0.17,0.94,-2.14,0.67,0.24,R
137.373,98,0,0,255,0,-1.02,-3.15,9.44,-0.01,0.04,-0.01,-2.49,1.29,9.53,-0.05,0.04,0.00,-1.20,1.20,9.64,-0.08,0.02,0.00,-1.29,1.14,9.77,-0.03,0.03,-0.01,-0.66,7.31,6.72,-0.04,0.02,-0.02,0.34,-0.16,0.94,-0.12,-1.16,-0.18,R
137.424,30,0,0,255,0,-1.11,-3.25,9.43,-0.01,0.04,-0.01,-2.50,1.07,9.47,-0.03,0.04,0.00,-1.16,1.23,9.69,-0.04,0.04,0.00,-1.30,1.18,9.69,-0.02,0.03,0.00,-0.66,7.29,6.74,-0.00,0.01,-0.02,0.34,-0.17,0.94,-0.06,-0.12,0.31,R
137.475,99,0,0,255,0,-1.02,-3.26,9.43,0.01,0.04,-0.01,-2.50,1.19,9.50,0.02,0.04,0.01,-1.19,1.25,9.67,-0.02,0.01,0.01,-1.32,1.20,9.75,-0.01,0.02,-0.00,-0.66,7.31,6.72,0.01,0.02,-0.01,0.35,-0.16,0.94,-0.24,1.28,-0.12,R
137.526,55,0,0,255,0,-1.23,-3.24,9.43,-0.02,0.05,-0.01,-2.52,1.14,9.39,0.00,0.03,0.01,-1.24,1.29,9.69,-0.01,0.01,0.02,-1.26,1.07,9.69,0.02,0.02,0.02,-0.67,7.31,6.69,0.07,0.03,0.00,0.34,-0.16,0.94,-0.31,1.59,0.24,R
137.577,99,0,0,255,0,-1.10,-3.18,9.44,-0.02,0.05,-0.01,-2.50,1.04,9.44,-0.02,0.04,0.01,-1.23,1.21,9.64,-0.02,0.03,-0.00,-1.29,1.10,9.66,0.00,0.03,0.00,-0.68,7.27,6.73,0.01,0.02,-0.01,0.34,-0.17,0.94,-1.22,1.77,0.67,R
137.628,93,0,0,255,0,-1.18,-3.45,9.33,-0.03,0.05,-0.01,-2.55,1.07,9.44,-0.03,0.05,0.00,-1.21,1.28,9.62,-0.02,0.01,-0.00,-1.29,1.22,9.73,-0.01,0.02,0.00,-0.66,7.23,6.73,-0.01,0.02,-0.01,0.34,-0.15,0.95,-2.32,-0.12,-0.12,R
137.679,36,0,0,255,0,-1.17,-3.33,9.41,-0.00,0.03,0.00,-2.55,1.07,9.44,-0.01,0.05,0.01,-1.25,1.25,9.66,-0.01,0.02,0.01,-1.34,1.24,9.73,0.01,0.02,0.01,-0.70,7.28,6.73,0.02,0.03,-0.01,0.34,-0.16,0.94,-0.49,1.16,0.73,R
137.73,99,0,0,255,0,-1.13,-3.25,9.35,-0.02,0.01,0.00,-2.59,0.97,9.54,-0.05,0.05,0.03,-1.18,1.21,9.66,-0.01,0.01,0.01,-1.28,1.22,9.70,-0.00,0.02,0.01,-0.66,7.26,6.75,0.02,0.03,-0.00,0.35,-0.16,0.94,-1.04,1.46,0.61,R
137.782,34,0,0,255,0,-1.12,-3.33,9.37,-0.01,0.04,-0.00,-2.52,1.08,9.51,-0.05,0.04,-0.00,-1.10,1.24,9.78,-0.02,0.01,-0.01,-1.33,1.10,9.70,-0.00,0.01,-0.00,-0.72,7.31,6.68,0.02,0.02,-0.00,0.34,-0.16,0.94,-0.31,1.16,0.79,R
137.833,38,0,0,255,0,-1.19,-3.24,9.40,0.00,0.01,0.01,-2.55,0.99,9.51,0.01,0.03,0.01,-1.24,1.32,9.67,0.00,0.01,0.01,-1.30,1.18,9.71,0.01,0.02,0.01,-0.64,7.23,6.68,0.05,0.01,0.00,0.34,-0.16,0.94,-1.53,2.38,0.92,R
137.883,100,0,0,255,0,-1.16,-3.20,9.39,0.00,0.02,0.01,-2.60,0.93,9.51,-0.02,0.02,0.01,-1.28,1.26,9.66,-0.01,-0.00,0.00,-1.31,1.24,9.70,0.02,0.01,0.01,-0.65,7.36,6.60,0.01,0.02,-0.00,0.35,-0.16,0.94,0.12,1.59,0.79,R
137.935,50,0,0,255,0,-1.14,-3.29,9.38,0.00,0.00,0.00,-2.50,1.03,9.49,-0.01,0.03,0.01,-1.22,1.23,9.62,-0.02,-0.00,0.00,-1.30,1.23,9.67,0.01,0.01,0.00,-0.69,7.29,6.64,0.03,0.03,-0.01,0.35,-0.15,0.93,-0.98,2.20,1.22,R
137.985,42,0,0,255,0,-1.23,-3.25,9.40,-0.01,0.03,-0.01,-2.56,1.13,9.46,-0.03,0.04,0.00,-1.21,1.36,9.58,-0.03,0.00,0.01,-1.34,1.13,9.73,-0.03,0.00,0.01,-0.64,7.32,6.59,-0.00,0.03,-0.01,0.35,-0.14,0.94,-1.40,0.43,1.28,R
138.037,99,0,0,255,0,-1.18,-3.18,9.44,0.00,0.02,-0.00,-2.55,1.01,9.51,-0.04,0.03,0.00,-1.24,1.18,9.73,-0.05,0.00,0.00,-1.35,1.22,9.65,-0.01,0.01,-0.00,-0.67,7.28,6.70,-0.01,0.02,-0.00,0.35,-0.16,0.93,0.61,0.12,0.85,R
138.087,88,0,0,255,0,-1.16,-3.25,9.38,0.01,0.01,0.01,-2.61,1.10,9.52,-0.00,0.04,0.01,-1.19,1.39,9.58,-0.02,0.00,0.00,-1.32,1.33,9.68,-0.00,0.01,0.00,-0.70,7.35,6.73,0.01,0.02,-0.01,0.36,-0.15,0.94,0.92,-0.06,0.55,R
138.138,44,0,0,255,0,-1.17,-3.35,9.39,-0.01,0.02,-0.00,-2.61,1.01,9.47,-0.01,0.04,-0.00,-1.22,1.33,9.67,-0.02,0.01,-0.00,-1.31,1.23,9.70,-0.01,0.01,-0.00,-0.60,7.29,6.69,0.03,0.01,-0.02,0.35,-0.15,0.94,-0.06,0.31,0.49,R
138.189,99,0,0,255,0,-1.16,-3.25,9.41,0.01,0.01,-0.00,-2.62,1.05,9.47,-0.02,0.03,0.00,-1.25,1.25,9.66,-0.04,0.01,0.00,-1.36,1.13,9.71,-0.02,0.01,0.01,-0.69,7.26,6.67,0.01,0.02,-0.01,0.35,-0.15,0.93,0.18,0.49,0.37,R
138.24,63,0,0,255,0,-1.20,-3.32,9.33,0.01,0.01,0.00,-2.58,0.98,9.46,0.04,0.06,0.01,-1.25,1.36,9.66,0.03,0.01,0.00,-1.35,1.26,9.71,0.02,0.01,0.00,-0.76,7.33,6.67,0.02,0.02,-0.00,0.36,-0.15,0.93,-0.12,1.59,0.24,R
138.292,50,0,0,255,0,-1.21,-3.27,9.37,0.01,0.01,-0.01,-2.64,1.10,9.48,-0.01,0.04,0.01,-1.24,1.30,9.72,-0.02,0.00,0.01,-1.30,1.27,9.65,0.01,0.01,-0.00,-0.68,7.31,6.71,0.01,0.02,-0.01,0.35,-0.15,0.93,0.31,0.37,-0.18,R
138.342,40,0,0,255,0,-1.18,-3.35,9.42,0.00,0.01,-0.00,-2.66,1.02,9.48,-0.00,0.03,0.01,-1.23,1.28,9.71,-0.02,-0.00,-0.00,-1.31,1.28,9.73,-0.02,0.01,-0.00,-0.66,7.25,6.66,-0.02,0.03,-0.01,0.35,-0.15,0.93,1.59,-0.06,0.00,R
138.393,70,0,0,255,0,-1.13,-3.24,9.44,0.01,0.02,-0.01,-2.60,1.01,9.44,0.01,0.05,0.01,-1.25,1.40,9.63,-0.00,0.01,0.00,-1.31,1.28,9.67,-0.01,0.01,0.00,-0.65,7.35,6.64,-0.01,0.02,-0.01,0.36,-0.15,0.94,0.79,0.18,0.18,R
138.444,53,0,0,255,0,-1.19,-3.30,9.36,0.00,0.01,-0.00,-2.65,1.19,9.49,-0.01,0.04,0.01,-1.18,1.34,9.66,-0.04,0.00,0.01,-1.34,1.26,9.68,-0.01,0.01,0.00,-0.69,7.26,6.64,0.01,0.02,-0.01,0.35,-0.15,0.93,1.04,0.37,0.49,R
138.496,48,0,0,255,0,-1.14,-3.38,9.36,-0.01,0.02,-0.01,-2.72,0.97,9.39,0.01,0.04,0.01,-1.31,1.39,9.61,0.02,0.01,0.00,-1.33,1.28,9.69,-0.01,0.02,-0.00,-0.64,7.27,6.66,0.01,0.01,-0.02,0.36,-0.15,0.94,0.12,0.24,-0.55,R
138.546,84,0,0,255,0,-1.21,-3.33,9.39,0.02,0.01,-0.01,-2.61,1.18,9.43,0.01,0.03,0.01,-1.21,1.46,9.71,-0.01,-0.00,0.01,-1.36,1.25,9.72,0.00,0.01,0.00,-0.70,7.36,6.63,0.03,0.02,-0.01,0.36,-0.14,0.94,-0.18,0.55,-0.49,R
138.598,57,0,0,255,0,-1.17,-3.34,9.36,-0.00,0.02,-0.01,-2.68,1.12,9.46,-0.02,0.03,-0.00,-1.21,1.34,9.69,-0.05,0.01,-0.00,-1.29,1.22,9.67,-0.02,0.01,-0.00,-0.69,7.22,6.70,0.01,0.02,-0.01,0.35,-0.15,0.94,0.98,0.00,0.43,R
138.648,49,0,0,255,0,-1.19,-3.29,9.43,0.01,0.00,-0.00,-2.66,1.10,9.40,0.02,0.03,0.00,-1.25,1.43,9.61,-0.01,0.00,-0.00,-1.27,1.21,9.68,-0.02,0.01,0.00,-0.64,7.32,6.59,0.02,0.02,-0.01,0.35,-0.15,0.94,0.00,0.43,0.31,R
138.699,59,0,0,255,0,-1.08,-3.21,9.35,-0.00,0.02,0.00,-2.56,1.08,9.39,0.01,0.04,0.01,-1.27,1.30,9.65,-0.00,0.01,-0.00,-1.36,1.33,9.70,0.01,0.01,0.00,-0.74,7.29,6.63,-0.00,0.02,-0.01,0.36,-0.15,0.93,0.12,0.24,-0.18,R
138.75,101,0,0,255,0,-1.14,-3.27,9.40,-0.01,0.02,-0.00,-2.65,1.04,9.44,-0.01,0.02,0.00,-1.28,1.24,9.69,-0.02,0.00,0.00,-1.29,1.26,9.65,-0.01,0.01,-0.00,-0.71,7.35,6.63,0.01,0.02,-0.01,0.35,-0.15,0.94,0.98,0.37,-0.18,R
138.801,68,0,0,255,0,-1.17,-3.32,9.39,-0.00,0.01,-0.01,-2.63,1.05,9.43,0.01,0.04,-0.00,-1.20,1.31,9.71,-0.01,0.02,0.00,-1.33,1.20,9.70,0.02,0.02,0.01,-0.65,7.38,6.64,0.05,0.02,-0.01,0.35,-0.15,0.93,-0.37,0.79,-0.06,R
138.852,50,0,0,255,0,-1.21,-3.29,9.40,-0.01,0.01,0.00,-2.67,0.97,9.44,-0.01,0.03,0.01,-1.23,1.28,9.70,-0.02,0.00,0.00,-1.35,1.27,9.68,0.01,0.02,-0.00,-0.68,7.36,6.68,0.01,0.01,-0.01,0.35,-0.15,0.93,0.85,0.43,-0.06,R
138.903,44,0,0,255,0,-1.20,-3.29,9.41,0.01,0.02,-0.01,-2.74,1.11,9.50,0.01,0.04,0.00,-1.25,1.25,9.64,-0.01,0.01,0.01,-1.31,1.23,9.68,0.02,0.01,-0.00,-0.67,7.35,6.68,0.04,0.01,-0.01,0.36,-0.15,0.93,-0.24,0.92,-0.06,R
138.954,45,0,0,255,0,-1.16,-3.26,9.41,0.00,0.02,0.00,-2.60,1.21,9.35,0.02,0.02,-0.00,-1.20,1.37,9.60,-0.03,0.00,0.01,-1.30,1.19,9.68,-0.01,0.02,-0.00,-0.68,7.31,6.58,0.01,0.02,-0.01,0.36,-0.15,0.93,0.73,0.18,0.06,R
139.005,98,0,0,255,0,-1.22,-3.28,9.41,-0.01,0.02,-0.01,-2.67,1.18,9.44,0.00,0.03,0.00,-1.23,1.36,9.64,-0.03,-0.00,0.00,-1.32,1.26,9.70,-0.02,0.02,0.00,-0.71,7.28,6.68,0.01,0.02,-0.01,0.36,-0.14,0.94,0.55,-0.24,-0.24,R
139.057,67,0,0,255,0,-1.17,-3.29,9.41,-0.01,0.02,-0.01,-2.67,1.08,9.42,-0.03,0.02,-0.00,-1.23,1.32,9.62,-0.04,0.00,0.00,-1.33,1.18,9.69,-0.00,0.01,-0.00,-0.67,7.35,6.60,0.02,0.01,-0.01,0.35,-0.15,0.93,0.92,-0.24,0.31,R
139.107,49,0,0,255,0,-1.17,-3.30,9.36,-0.00,0.02,-0.01,-2.68,1.08,9.42,-0.01,0.04,-0.00,-1.22,1.30,9.68,-0.03,0.00,-0.00,-1.39,1.16,9.70,-0.02,0.01,-0.00,-0.70,7.34,6.68,-0.01,0.02,-0.02,0.36,-0.15,0.93,0.98,0.06,0.06,R
139.158,101,0,0,255,0,-1.16,-3.23,9.44,0.01,0.02,-0.00,-2.67,1.08,9.44,-0.01,0.03,0.00,-1.14,1.29,9.69,-0.02,0.01,0.01,-1.36,1.24,9.63,0.00,0.01,-0.01,-0.70,7.37,6.66,0.02,0.01,-0.01,0.36,-0.15,0.93,0.85,0.24,0.00,R
139.209,63,0,0,255,0,-1.19,-3.30,9.40,0.00,0.02,-0.01,-2.67,1.13,9.41,-0.02,0.04,-0.00,-1.22,1.36,9.70,-0.03,0.01,0.00,-1.33,1.24,9.69,-0.01,0.01,-0.01,-0.65,7.33,6.63,-0.01,0.01,-0.02,0.36,-0.15,0.93,0.55,-0.18,-0.06,R
139.26,52,0,0,255,0,-1.24,-3.29,9.37,0.00,0.01,-0.01,-2.70,1.13,9.46,0.01,0.03,0.01,-1.25,1.38,9.66,-0.02,0.00,0.00,-1.32,1.28,9.67,-0.01,0.01,0.00,-0.70,7.32,6.70,-0.01,0.01,-0.01,0.36,-0.14,0.94,1.04,0.24,0.00,R
139.311,100,0,0,255,0,-1.21,-3.30,9.40,0.00,0.02,-0.01,-2.70,1.05,9.47,-0.01,0.02,0.00,-1.26,1.38,9.66,-0.01,0.01,0.00,-1.32,1.20,9.68,-0.01,0.01,-0.00,-0.60,7.35,6.61,0.01,0.01,-0.01,0.36,-0.15,0.93,0.85,0.00,-0.06,R
139.362,79,0,0,255,0,-1.21,-3.27,9.44,-0.01,0.01,-0.01,-2.77,1.11,9.43,-0.02,0.03,-0.01,-1.27,1.35,9.66,-0.04,0.01,0.00,-1.36,1.22,9.65,-0.01,0.01,-0.00,-0.72,7.36,6.56,0.01,0.02,-0.01,0.35,-0.15,0.93,0.49,-0.37,0.18,R
139.413,43,0,0,255,0,-1.13,-3.20,9.37,0.00,0.02,0.00,-2.71,1.13,9.46,-0.02,0.02,-0.01,-1.31,1.34,9.71,-0.03,0.01,-0.01,-1.34,1.20,9.65,-0.02,0.02,-0.02,-0.70,7.30,6.68,-0.02,0.01,-0.01,0.36,-0.16,0.93,-1.16,-0.79,-0.85,R
139.464,42,0,0,255,0,-1.24,-3.34,9.43,0.02,0.02,-0.01,-2.72,1.13,9.44,0.01,0.03,0.01,-1.19,1.25,9.62,-0.02,0.01,0.00,-1.36,1.26,9.70,0.01,0.01,-0.01,-0.70,7.37,6.62,-0.00,0.02,-0.01,0.36,-0.15,0.94,-1.10,0.18,-1.16,R
139.515,101,0,0,255,0,-1.20,-3.21,9.43,0.00,0.04,-0.01,-2.65,1.09,9.45,-0.02,0.03,-0.00,-1.26,1.24,9.69,-0.02,0.00,0.00,-1.31,1.23,9.72,0.00,0.02,-0.01,-0.69,7.33,6.66,0.01,0.02,-0.02,0.35,-0.15,0.93,0.37,0.18,-0.55,R
139.567,72,0,0,255,0,-1.22,-3.26,9.41,0.01,0.02,-0.01,-2.74,1.12,9.40,0.01,0.04,0.01,-1.18,1.27,9.62,-0.02,0.01,0.00,-1.27,1.30,9.72,-0.01,0.01,-0.00,-0.65,7.34,6.60,-0.01,0.01,-0.02,0.36,-0.14,0.94,0.79,0.18,-0.73,R
139.617,45,0,0,255,0,-1.24,-3.24,9.37,0.00,0.02,-0.00,-2.72,1.13,9.50,-0.02,0.02,-0.00,-1.27,1.31,9.69,-0.05,-0.00,-0.00,-1.33,1.28,9.71,-0.03,0.01,-0.01,-0.68,7.36,6.64,-0.02,0.02,-0.01,0.36,-0.15,0.93,1.59,-0.18,0.00,R
139.668,50,0,0,255,0,-1.24,-3.29,9.36,0.01,0.02,-0.00,-2.66,1.07,9.44,-0.00,0.03,0.01,-1.26,1.27,9.72,-0.02,0.01,0.00,-1.32,1.28,9.71,0.01,0.01,0.00,-0.68,7.37,6.60,0.03,0.01,-0.01,0.36,-0.15,0.94,0.12,0.49,-0.43,R
139.719,101,0,0,255,0,-1.20,-3.23,9.44,0.00,0.02,-0.01,-2.75,1.16,9.43,-0.01,0.03,-0.00,-1.26,1.26,9.69,-0.04,0.01,0.01,-1.28,1.31,9.66,-0.02,0.01,-0.00,-0.72,7.30,6.68,-0.01,0.02,-0.01,0.36,-0.15,0.93,0.98,-0.24,-0.12,R
139.77,77,0,0,255,0,-1.19,-3.30,9.40,0.01,0.02,-0.01,-2.64,1.06,9.40,0.01,0.04,-0.00,-1.25,1.30,9.67,-0.02,0.01,-0.01,-1.39,1.23,9.73,-0.00,0.02,-0.01,-0.68,7.24,6.68,0.01,0.02,-0.01,0.36,-0.15,0.93,0.24,0.79,-0.12,R
139.821,55,0,0,255,0,-1.24,-3.28,9.39,0.01,0.02,-0.01,-2.72,1.14,9.44,0.02,0.04,0.01,-1.23,1.35,9.64,-0.02,0.01,0.00,-1.30,1.28,9.63,-0.00,0.01,-0.01,-0.67,7.35,6.66,0.00,0.02,-0.01,0.36,-0.14,0.94,-0.55,0.12,-0.67,R
139.872,47,0,0,255,0,-1.21,-3.32,9.37,0.00,0.02,0.00,-2.69,1.06,9.39,0.00,0.03,0.00,-1.21,1.33,9.63,-0.00,0.01,0.00,-1.30,1.31,9.74,0.00,0.01,-0.00,-0.65,7.33,6.68,0.02,0.02,-0.01,0.36,-0.15,0.93,1.95,1.04,0.73,R
139.924,101,0,0,255,0,-1.25,-3.24,9.39,0.01,0.01,-0.01,-2.77,1.13,9.38,-0.02,0.03,0.00,-1.25,1.25,9.66,-0.03,0.01,-0.00,-1.28,1.34,9.71,-0.00,0.01,-0.00,-0.69,7.31,6.63,-0.00,0.01,-0.01,0.36,-0.15,0.93,-0.43,-0.12,0.00,R
139.975,100,0,0,255,0,-1.27,-3.31,9.39,-0.01,0.01,-0.01,-2.95,1.05,9.37,-0.02,0.06,0.00,-1.27,1.30,9.70,-0.02,0.01,0.00,-1.38,1.24,9.68,0.01,0.02,-0.01,-0.68,7.37,6.64,0.02,0.02,-0.01,0.36,-0.15,0.94,-0.61,0.12,0.12,R
140.025,70,0,0,255,0,-1.19,-3.21,9.44,0.00,0.02,-0.01,-2.71,1.15,9.36,0.01,0.03,0.00,-1.30,1.25,9.72,-0.03,0.01,0.00,-1.35,1.31,9.73,-0.01,0.01,-0.00,-0.64,7.39,6.59,-0.00,0.02,-0.01,0.36,-0.15,0.93,0.31,0.24,0.49,R
140.076,53,0,0,255,0,-1.21,-3.34,9.42,-0.00,0.01,0.00,-2.70,1.12,9.41,-0.02,0.02,0.00,-1.20,1.25,9.66,-0.03,0.01,0.00,-1.25,1.28,9.73,-0.00,0.01,0.00,-0.67,7.37,6.65,-0.01,0.02,-0.01,0.36,-0.15,0.93,1.77,0.73,0.61,R
140.127,101,0,0,255,0,-1.22,-3.26,9.39,0.00,0.02,-0.01,-2.76,1.10,9.43,-0.00,0.02,0.00,-1.23,1.26,9.66,-0.02,0.00,0.00,-1.33,1.28,9.70,-0.01,0.01,0.00,-0.71,7.25,6.69,-0.00,0.02,-0.00,0.36,-0.15,0.93,0.49,0.12,0.06,R
140.179,53,0,0,255,0,-1.23,-3.25,9.40,0.01,0.01,-0.01,-2.75,1.15,9.38,-0.02,0.02,-0.00,-1.26,1.36,9.63,-0.03,-0.00,0.00,-1.34,1.16,9.70,-0.00,0.02,0.00,-0.64,7.36,6.59,0.02,0.02,-0.01,0.36,-0.15,0.93,1.16,0.00,0.18,R
140.229,101,0,0,255,0,-1.20,-3.28,9.40,0.01,0.03,-0.00,-2.69,1.19,9.43,0.00,0.03,0.01,-1.24,1.33,9.65,-0.02,0.01,0.01,-1.35,1.28,9.67,0.01,0.01,-0.01,-0.70,7.36,6.70,0.01,0.02,-0.01,0.36,-0.15,0.93,0.85,0.55,0.00,R
140.28,68,0,0,255,0,-1.19,-3.16,9.40,-0.01,0.00,-0.02,-2.75,1.14,9.42,-0.02,0.02,0.00,-1.20,1.32,9.62,-0.04,0.00,0.01,-1.31,1.27,9.75,-0.02,0.01,0.00,-0.67,7.34,6.63,-0.00,0.01,-0.01,0.36,-0.14,0.94,1.10,-0.37,0.31,R
140.332,44,0,0,255,0,-1.19,-3.25,9.42,-0.02,0.03,-0.01,-2.78,1.09,9.40,-0.02,0.03,-0.00,-1.27,1.24,9.71,-0.03,0.01,-0.00,-1.31,1.26,9.71,-0.01,0.01,0.00,-0.73,7.30,6.66,-0.00,0.02,-0.01,0.36,-0.15,0.93,0.67,-0.73,-0.18,R
140.383,101,0,0,255,0,-1.21,-3.28,9.38,0.00,0.00,-0.01,-2.78,1.18,9.43,-0.03,0.01,0.00,-1.20,1.32,9.69,-0.05,-0.01,0.00,-1.29,1.29,9.68,-0.02,0.01,-0.00,-0.71,7.32,6.66,-0.02,0.02,-0.01,0.36,-0.15,0.93,1.34,0.18,0.06,R
140.433,101,0,0,255,0,-1.20,-3.34,9.40,0.01,0.02,-0.00,-2.72,1.22,9.43,0.00,0.03,0.00,-1.28,1.30,9.68,-0.03,0.01,0.00,-1.37,1.21,9.68,0.00,0.01,-0.00,-0.64,7.37,6.66,0.01,0.02,-0.00,0.36,-0.15,0.94,0.49,0.24,-0.12,R
140.484,61,0,0,255,0,-1.16,-3.24,9.38,0.00,0.02,-0.01,-2.73,1.12,9.42,-0.02,0.01,0.00,-1.24,1.29,9.68,-0.04,-0.00,0.00,-1.32,1.27,9.75,-0.01,0.01,-0.01,-0.67,7.33,6.66,-0.01,0.01,-0.01,0.36,-0.15,0.93,1.53,-0.18,0.06,R
140.535,56,0,0,255,0,-1.20,-3.28,9.38,0.02,0.02,-0.01,-2.75,1.10,9.37,0.01,0.04,0.01,-1.29,1.32,9.68,-0.01,0.01,0.00,-1.38,1.17,9.66,0.01,0.02,0.00,-0.67,7.27,6.67,0.05,0.02,-0.00,0.36,-0.15,0.93,0.18,0.79,-0.37,R
140.587,93,0,0,255,0,-1.20,-3.27,9.36,0.01,0.03,-0.01,-2.76,1.17,9.41,-0.01,0.03,-0.01,-1.31,1.39,9.65,-0.04,0.00,-0.00,-1.34,1.17,9.71,-0.02,0.01,-0.01,-0.69,7.33,6.67,-0.00,0.01,-0.02,0.36,-0.15,0.93,1.16,0.12,-0.12,R
140.638,55,0,0,255,0,-1.24,-3.25,9.43,0.01,0.03,-0.00,-2.83,1.14,9.35,-0.00,0.03,0.01,-1.28,1.22,9.72,-0.03,0.01,0.01,-1.30,1.26,9.73,-0.00,0.01,0.00,-0.68,7.27,6.68,0.00,0.01,-0.01,0.36,-0.15,0.93,0.55,-0.12,-0.31,R
140.688,99,0,0,255,0,-1.23,-3.26,9.38,0.02,0.02,0.00,-2.73,1.20,9.44,0.01,0.02,0.01,-1.33,1.32,9.63,-0.02,0.01,0.00,-1.36,1.26,9.72,-0.00,0.02,0.00,-0.69,7.35,6.65,0.04,0.00,-0.01,0.36,-0.15,0.93,0.31,0.31,-0.12,R
140.739,58,0,0,255,0,-1.26,-3.19,9.38,0.01,0.02,-0.01,-2.72,1.00,9.45,0.02,0.03,0.00,-1.20,1.24,9.63,-0.05,0.01,0.01,-1.34,1.42,9.72,0.01,0.01,-0.01,-0.64,7.47,6.57,-0.00,0.01,-0.02,0.37,-0.15,0.94,0.49,-0.37,-0.37,R
140.79,54,0,0,255,0,-1.35,-3.20,9.38,0.01,0.04,-0.01,-2.77,1.19,9.42,-0.02,0.02,0.00,-1.23,1.23,9.61,-0.06,-0.00,0.01,-1.31,1.08,9.67,0.05,0.01,-0.00,-0.59,7.04,6.84,0.33,-0.22,-0.08,0.35,-0.15,0.93,0.24,0.55,-0.31,R
140.841,48,0,0,255,0,-1.25,-3.26,9.38,0.00,0.01,-0.00,-2.78,1.13,9.39,0.01,0.03,0.02,-1.25,1.36,9.62,-0.02,0.01,0.01,-1.35,1.37,9.76,-0.02,-0.00,0.02,-0.59,7.69,6.29,0.20,-0.15,-0.12,0.36,-0.15,0.94,0.37,-0.18,-0.06,R
140.892,99,0,0,255,0,-1.22,-3.28,9.34,0.01,0.02,-0.00,-2.73,1.04,9.48,-0.02,0.03,0.01,-1.24,1.29,9.65,-0.09,0.00,0.02,-1.29,1.23,9.68,0.00,-0.01,0.01,-0.57,7.75,6.17,0.27,-0.26,-0.23,0.36,-0.15,0.93,1.59,-0.31,-0.67,R
140.943,11,0,0,255,0,-1.34,-3.13,9.37,0.01,0.03,-0.04,-2.76,1.12,9.44,-0.04,0.02,-0.00,-1.23,1.28,9.65,-0.05,-0.01,0.01,-1.32,1.09,9.72,-0.01,0.02,0.01,-0.60,7.45,6.47,0.03,-0.25,-0.20,0.36,-0.15,0.93,0.92,-0.18,0.00,R
140.996,42,0,0,255,0,-1.29,-3.17,9.38,-0.01,0.03,-0.02,-2.74,1.04,9.44,-0.02,0.02,-0.00,-1.23,1.31,9.65,0.00,0.01,0.01,-1.30,1.40,9.70,0.00,0.01,0.02,-0.41,8.47,5.67,-0.04,-0.12,-0.11,0.35,-0.15,0.93,0.06,0.49,-0.37,R
141.045,15,0,0,255,0,-1.41,-3.37,9.41,0.02,0.03,-0.01,-2.74,1.40,9.48,0.02,0.03,0.01,-1.17,1.32,9.62,-0.03,0.00,0.01,-1.24,1.23,9.74,-0.00,-0.01,0.04,-0.27,8.60,4.77,-0.00,-0.26,-0.26,0.37,-0.15,0.93,0.61,0.06,-0.79,R
141.097,11,0,0,255,5,-1.34,-3.28,9.44,-0.00,0.02,-0.02,-2.80,1.13,9.44,-0.03,0.02,0.01,-1.24,1.33,9.65,-0.03,0.01,0.00,-1.33,1.25,9.69,-0.03,0.02,0.00,-0.68,7.28,6.72,-0.04,0.01,-0.00,0.36,-0.15,0.94,0.43,-0.24,0.37,R
141.147,95,0,0,255,0,-1.24,-3.25,9.43,-0.01,0.01,-0.00,-2.72,1.08,9.42,-0.02,0.03,-0.00,-1.24,1.34,9.66,-0.03,0.01,0.00,-1.32,1.28,9.69,0.00,0.03,-0.01,-0.59,7.33,6.56,0.03,-0.01,-0.03,0.36,-0.15,0.93,0.49,-0.18,0.12,R
141.199,10,0,0,255,13,-1.29,-3.19,9.36,-0.01,0.02,-0.01,-2.77,1.20,9.45,-0.01,0.02,-0.00,-1.18,1.33,9.68,-0.04,0.00,-0.00,-1.29,1.31,9.73,-0.03,0.01,-0.00,-0.65,7.51,6.68,-0.02,0.00,-0.04,0.36,-0.15,0.94,0.55,-0.31,0.31,R
141.25,45,0,0,255,1,-1.31,-3.26,9.39,-0.01,0.01,0.00,-2.75,1.08,9.45,-0.04,0.02,-0.01,-1.22,1.27,9.66,-0.03,0.00,-0.00,-1.33,1.24,9.68,-0.01,0.01,-0.01,-0.57,7.46,6.43,-0.03,0.05,-0.02,0.35,-0.15,0.93,0.73,-0.37,0.49,R
141.301,9,0,0,255,7,-1.33,-3.21,9.36,0.00,0.00,-0.00,-2.80,1.09,9.43,-0.01,0.02,0.01,-1.19,1.26,9.63,-0.03,0.00,0.00,-1.25,1.28,9.67,-0.01,0.01,-0.00,-0.56,7.58,6.34,-0.13,0.12,0.00,0.36,-0.15,0.93,0.79,0.37,0.43,R
141.351,95,0,0,255,0,-1.26,-3.22,9.38,-0.01,-0.00,0.00,-2.76,1.12,9.44,-0.04,0.02,0.00,-1.20,1.24,9.68,-0.05,0.00,0.00,-1.32,1.18,9.65,-0.00,0.02,0.00,-0.61,7.51,6.66,-0.03,0.06,-0.01,0.36,-0.15,0.93,1.04,-0.37,0.85,R
141.403,9,0,0,255,0,-1.29,-3.23,9.39,-0.01,0.01,-0.00,-2.72,1.02,9.45,-0.02,0.03,0.00,-1.28,1.30,9.70,-0.01,0.00,-0.01,-1.30,1.32,9.72,-0.02,0.01,-0.01,-0.61,7.47,6.53,-0.10,0.08,0.01,0.36,-0.15,0.93,0.43,0.00,0.55,R
141.453,11,0,0,255,5,-1.26,-3.30,9.40,-0.01,-0.00,-0.00,-2.73,1.03,9.40,-0.00,0.02,-0.00,-1.19,1.35,9.65,-0.01,0.00,-0.00,-1.36,1.30,9.68,-0.01,0.02,0.00,-0.75,7.18,6.76,-0.07,0.06,0.01,0.36,-0.15,0.93,0.18,0.31,0.24,R
141.505,95,0,0,255,0,-1.25,-3.19,9.32,-0.01,0.01,-0.01,-2.72,1.05,9.44,-0.02,0.02,0.01,-1.24,1.23,9.65,-0.03,-0.00,0.00,-1.32,1.24,9.66,-0.01,0.01,-0.00,-0.65,7.36,6.66,-0.04,0.05,0.01,0.36,-0.15,0.94,0.98,0.06,0.06,R
141.555,11,0,0,255,0,-1.25,-3.35,9.43,-0.01,0.02,-0.00,-2.77,1.04,9.48,-0.02,0.03,-0.01,-1.29,1.31,9.69,-0.01,0.01,-0.00,-1.34,1.28,9.71,-0.00,0.02,-0.00,-0.72,7.33,6.71,-0.08,0.07,0.02,0.35,-0.16,0.93,0.06,0.18,0.37,R
141.607,12,0,0,255,2,-1.24,-3.35,9.37,0.01,0.01,-0.01,-2.73,1.10,9.42,0.01,0.03,0.00,-1.20,1.36,9.67,-0.00,0.00,0.00,-1.27,1.27,9.69,-0.01,0.01,0.00,-0.62,7.23,6.76,-0.01,0.04,0.00,0.36,-0.15,0.93,0.24,0.67,-0.06,R
141.657,10,0,0,255,0,-1.30,-3.28,9.40,0.00,0.01,-0.01,-2.74,1.15,9.44,0.02,0.02,0.00,-1.25,1.36,9.73,-0.02,0.00,0.00,-1.33,1.27,9.77,0.00,0.01,0.00,-0.63,7.20,6.72,0.00,0.02,0.00,0.36,-0.15,0.94,0.12,0.37,0.00,R
141.708,10,0,0,255,8,-1.22,-3.27,9.37,0.00,0.01,-0.00,-2.77,1.05,9.47,-0.02,0.02,-0.00,-1.20,1.24,9.67,-0.03,0.01,-0.01,-1.30,1.32,9.64,0.00,0.01,-0.01,-0.67,7.26,6.75,-0.03,0.03,-0.01,0.36,-0.15,0.93,0.98,-0.24,0.00,R
141.759,95,0,0,255,0,-1.26,-3.28,9.35,-0.01,0.01,-0.00,-2.84,1.07,9.43,-0.02,0.02,0.01,-1.23,1.24,9.64,-0.03,0.00,0.00,-1.33,1.26,9.73,-0.01,0.02,0.00,-0.65,7.25,6.68,-0.01,0.03,0.00,0.36,-0.15,0.93,0.43,0.37,0.37,R
141.811,11,0,0,255,7,-1.29,-3.36,9.36,0.00,0.00,-0.00,-2.74,1.11,9.43,0.00,0.02,0.01,-1.20,1.31,9.66,-0.02,0.01,0.01,-1.37,1.17,9.71,-0.01,0.01,0.00,-0.68,7.32,6.73,0.02,0.02,-0.01,0.36,-0.15,0.93,0.12,0.43,0.12,R
141.861,91,0,0,255,0,-1.23,-3.22,9.38,0.00,0.03,-0.01,-2.74,1.10,9.43,-0.03,0.02,-0.00,-1.25,1.30,9.66,-0.05,-0.00,-0.00,-1.33,1.23,9.72,-0.01,0.01,-0.01,-0.73,7.17,6.76,-0.01,0.02,-0.01,0.36,-0.15,0.93,0.55,-0.18,0.00,R
141.912,95,0,0,255,0,-1.26,-3.25,9.43,0.01,0.01,-0.01,-2.71,1.13,9.45,0.01,0.03,0.01,-1.25,1.33,9.66,-0.03,0.01,0.00,-1.31,1.32,9.64,0.01,0.02,-0.01,-0.68,7.23,6.75,0.01,0.02,-0.00,0.36,-0.15,0.93,-0.55,-0.06,-0.24,R
141.963,11,0,0,255,9,-1.31,-3.25,9.40,0.02,0.01,-0.00,-2.75,1.10,9.44,-0.01,0.02,0.01,-1.14,1.32,9.65,-0.04,-0.00,0.01,-1.37,1.28,9.68,-0.01,0.01,-0.00,-0.73,7.29,6.74,-0.00,0.02,-0.01,0.36,-0.15,0.93,0.92,0.37,0.12,R
142.014,95,0,0,255,0,-1.25,-3.29,9.35,-0.01,0.01,-0.00,-2.69,1.08,9.44,-0.00,0.02,-0.00,-1.22,1.31,9.66,-0.02,0.01,-0.00,-1.24,1.25,9.73,-0.01,0.01,0.00,-0.68,7.25,6.72,-0.00,0.02,-0.00,0.36,-0.15,0.93,0.43,-0.12,0.12,R
142.065,9,0,0,255,8,-1.28,-3.28,9.39,-0.00,0.00,-0.00,-2.74,1.04,9.42,-0.01,0.02,0.00,-1.23,1.28,9.62,-0.03,-0.00,0.00,-1.28,1.25,9.71,-0.00,0.02,0.00,-0.65,7.31,6.76,0.00,0.02,-0.00,0.36,-0.15,0.94,0.92,0.12,0.12,R
142.117,18,0,0,255,2,-1.28,-3.26,9.35,-0.00,0.01,-0.01,-2.69,1.13,9.39,0.00,0.04,0.01,-1.28,1.29,9.64,-0.01,0.01,0.00,-1.23,1.27,9.75,0.00,0.01,0.00,-0.69,7.26,6.75,0.01,0.03,-0.00,0.36,-0.15,0.94,0.37,0.12,0.24,R
142.168,83,0,0,255,0,-1.26,-3.34,9.35,-0.00,0.01,-0.00,-2.71,1.14,9.47,-0.01,0.03,0.01,-1.25,1.31,9.67,-0.03,0.01,0.01,-1.30,1.31,9.66,-0.01,0.02,0.01,-0.72,7.23,6.74,-0.01,0.02,-0.00,0.36,-0.15,0.93,0.98,0.31,0.31,R
142.22,11,0,0,255,8,-1.27,-3.31,9.35,-0.00,0.01,-0.01,-2.74,1.06,9.45,0.00,0.02,0.01,-1.27,1.30,9.68,-0.02,0.01,0.01,-1.30,1.28,9.63,-0.01,0.01,-0.00,-0.69,7.29,6.78,0.01,0.02,-0.01,0.36,-0.15,0.93,0.37,0.37,0.12,R
142.269,11,0,0,255,15,-1.27,-3.27,9.42,-0.01,0.01,-0.01,-2.70,1.12,9.40,-0.02,0.02,-0.00,-1.20,1.31,9.69,-0.04,-0.00,0.00,-1.27,1.27,9.69,-0.01,0.01,-0.00,-0.66,7.27,6.75,0.00,0.02,-0.02,0.36,-0.15,0.94,0.61,-0.24,-0.06,R
142.321,9,0,0,255,0,-1.27,-3.31,9.39,0.00,0.01,-0.01,-2.78,1.10,9.43,-0.01,0.02,0.00,-1.25,1.27,9.68,-0.02,0.00,0.00,-1.32,1.28,9.73,0.00,0.01,0.00,-0.65,7.16,6.77,0.02,0.02,-0.01,0.36,-0.15,0.93,0.06,0.37,-0.06,R
142.371,11,0,0,255,7,-1.24,-3.27,9.36,0.00,0.02,-0.00,-2.72,1.07,9.41,0.01,0.03,0.01,-1.24,1.25,9.67,-0.00,0.00,0.00,-1.32,1.34,9.62,-0.01,0.01,0.00,-0.68,7.25,6.75,0.01,0.02,-0.01,0.37,-0.14,0.94,0.85,-0.12,0.06,R
142.422,94,0,0,255,0,-1.25,-3.21,9.38,-0.02,0.02,-0.01,-2.75,1.07,9.46,-0.03,0.02,-0.01,-1.23,1.23,9.70,-0.04,0.01,-0.00,-1.33,1.24,9.68,-0.02,0.01,-0.00,-0.69,7.23,6.76,0.00,0.02,-0.01,0.35,-0.15,0.93,0.67,-0.61,0.12,R
142.473,13,0,0,255,7,-1.29,-3.27,9.39,0.02,0.01,-0.00,-2.74,1.17,9.40,-0.01,0.02,0.01,-1.27,1.33,9.69,-0.04,-0.01,0.01,-1.30,1.26,9.68,-0.01,0.01,-0.00,-0.69,7.21,6.72,-0.00,0.02,-0.01,0.37,-0.14,0.94,1.10,0.06,0.00,R
142.524,14,0,0,255,6,-1.27,-3.28,9.42,-0.01,0.01,0.00,-2.78,1.04,9.43,-0.03,0.02,-0.00,-1.22,1.21,9.67,-0.04,-0.00,0.00,-1.32,1.23,9.65,-0.01,0.01,-0.00,-0.76,7.21,6.78,0.00,0.02,-0.01,0.36,-0.15,0.93,0.49,-0.67,-0.06,R
142.575,15,0,0,255,0,-1.28,-3.28,9.36,0.02,0.01,-0.00,-2.69,1.07,9.44,-0.02,0.01,0.01,-1.19,1.27,9.67,-0.03,-0.00,0.00,-1.31,1.30,9.69,-0.01,0.02,-0.00,-0.65,7.21,6.81,-0.00,0.02,-0.02,0.37,-0.14,0.93,0.43,-0.24,0.12,R
142.626,11,0,0,255,7,-1.26,-3.33,9.39,0.00,0.00,-0.01,-2.71,1.07,9.42,0.01,0.03,0.01,-1.19,1.29,9.68,-0.01,0.00,0.00,-1.26,1.25,9.67,-0.01,0.01,-0.00,-0.69,7.28,6.77,0.02,0.02,-0.01,0.37,-0.14,0.94,-0.37,0.37,0.06,R
142.677,94,0,0,255,0,-1.23,-3.25,9.40,-0.01,0.02,-0.01,-2.73,1.02,9.48,-0.03,0.02,-0.01,-1.32,1.29,9.66,-0.03,0.00,-0.00,-1.38,1.22,9.71,-0.01,0.02,-0.01,-0.68,7.29,6.79,-0.01,0.02,-0.01,0.36,-0.15,0.93,1.34,-0.06,0.55,R
142.729,9,0,0,255,7,-1.20,-3.24,9.39,-0.01,0.01,-0.02,-2.74,1.02,9.46,-0.02,0.02,-0.01,-1.25,1.28,9.68,-0.04,0.00,-0.00,-1.37,1.30,9.69,-0.02,0.01,-0.01,-0.64,7.30,6.68,-0.03,0.02,-0.02,0.37,-0.14,0.94,0.31,-0.31,0.31,R
142.779,94,0,0,255,0,-1.24,-3.33,9.34,-0.02,0.01,-0.01,-2.77,1.11,9.39,-0.04,0.02,-0.01,-1.26,1.23,9.69,-0.06,0.01,-0.00,-1.42,1.15,9.70,-0.04,0.02,0.00,-0.66,7.29,6.80,-0.03,0.02,-0.01,0.36,-0.15,0.93,1.83,-0.92,-0.43,R
142.831,11,0,0,255,6,-1.25,-3.31,9.39,-0.02,-0.01,-0.01,-2.70,1.02,9.43,-0.04,0.02,0.01,-1.25,1.20,9.64,-0.04,0.01,0.01,-1.33,1.28,9.67,-0.01,0.02,0.01,-0.72,7.22,6.79,-0.03,0.04,0.01,0.36,-0.15,0.94,1.53,-1.28,-0.06,R
142.881,8,0,0,255,7,-1.19,-3.22,9.41,-0.05,-0.01,-0.01,-2.74,0.99,9.42,-0.06,0.03,-0.00,-1.24,1.25,9.68,-0.07,0.01,0.00,-1.32,1.33,9.66,-0.03,0.02,0.00,-0.76,7.19,6.82,-0.04,0.04,-0.01,0.35,-0.15,0.93,2.99,-3.05,-0.12,R
142.932,95,0,0,255,0,-1.16,-3.38,9.39,-0.02,-0.00,-0.01,-2.72,1.07,9.46,-0.02,0.03,-0.00,-1.20,1.17,9.73,-0.06,0.01,0.01,-1.33,1.14,9.72,-0.02,0.02,0.00,-0.67,7.17,6.83,-0.00,0.03,-0.01,0.36,-0.15,0.93,1.53,-1.22,-0.43,R
142.984,11,0,0,255,7,-1.20,-3.38,9.36,-0.01,0.01,-0.01,-2.78,0.98,9.44,-0.03,0.03,0.00,-1.28,1.18,9.73,-0.03,0.01,0.01,-1.33,1.22,9.73,-0.01,0.02,0.01,-0.70,7.19,6.82,-0.01,0.03,-0.00,0.35,-0.15,0.93,1.22,-0.79,-0.37,R
143.035,11,0,0,255,4,-1.23,-3.24,9.39,0.01,0.04,-0.02,-2.78,1.02,9.42,-0.01,0.04,0.00,-1.05,1.23,9.19,-0.05,0.10,0.02,-1.39,1.45,9.72,0.02,0.01,-0.01,-0.69,7.19,6.95,-0.04,0.02,-0.02,0.36,-0.15,0.94,0.79,-0.55,-0.55,R
143.085,11,0,0,255,9,-1.24,-3.41,9.40,0.00,0.03,-0.01,-2.77,1.04,9.50,-0.01,0.04,0.00,-1.27,1.12,9.66,-0.04,0.03,0.01,-1.17,1.30,9.66,-0.02,0.06,0.01,-0.69,7.18,6.82,0.03,0.02,-0.01,0.35,-0.15,0.93,0.73,0.43,0.00,R
143.137,11,0,0,255,6,-1.17,-3.37,9.39,0.01,0.02,-0.01,-2.74,1.14,9.43,0.01,0.04,0.00,-1.36,1.24,9.69,-0.05,0.01,0.00,-1.33,1.29,9.67,-0.01,0.01,-0.01,-0.68,7.14,6.84,-0.03,0.02,-0.01,0.36,-0.15,0.93,0.85,-0.43,0.24,R
143.187,95,0,0,255,0,-1.25,-3.33,9.37,-0.00,0.02,-0.01,-2.82,1.07,9.49,-0.03,0.03,0.00,-1.27,1.14,9.68,-0.06,0.02,0.01,-1.28,1.16,9.72,-0.02,0.02,-0.00,-0.68,7.14,6.87,-0.01,0.03,-0.01,0.36,-0.16,0.93,0.98,-0.43,0.43,R
143.238,12,0,0,255,10,-1.28,-3.38,9.35,0.01,0.01,-0.01,-2.79,0.94,9.45,0.00,0.04,0.01,-1.34,1.16,9.69,-0.00,0.01,0.01,-1.34,1.19,9.67,0.00,0.01,0.01,-0.72,7.15,6.86,0.01,0.03,0.00,0.36,-0.16,0.94,0.43,0.24,0.06,R
143.289,19,0,0,255,4,-1.16,-3.35,9.38,0.01,0.02,0.01,-2.77,1.01,9.44,0.01,0.03,0.00,-1.35,1.13,9.64,-0.02,0.01,0.00,-1.29,1.14,9.67,0.01,0.01,0.00,-0.71,7.11,6.83,0.03,0.02,0.00,0.35,-0.16,0.93,0.79,0.73,-0.24,R
143.34,12,0,0,255,0,-1.28,-3.32,9.35,0.02,0.01,-0.00,-2.69,1.01,9.46,0.01,0.03,0.01,-1.28,1.11,9.61,-0.02,0.01,0.01,-1.32,1.11,9.72,0.03,0.01,0.01,-0.69,7.24,6.81,0.03,0.02,-0.00,0.36,-0.15,0.94,0.31,0.49,-0.73,R
143.391,11,0,0,255,3,-1.25,-3.37,9.35,0.02,0.02,-0.00,-2.82,1.00,9.44,0.02,0.03,0.01,-1.34,1.25,9.65,0.01,0.00,0.01,-1.35,1.24,9.71,0.02,0.02,0.01,-0.70,7.09,6.83,0.03,0.02,0.01,0.36,-0.16,0.93,-0.55,0.92,-1.16,R
143.442,95,0,0,255,0,-1.16,-3.26,9.38,0.02,0.03,-0.01,-2.44,1.05,9.52,0.01,0.02,0.00,-1.34,1.18,9.69,-0.01,0.02,0.00,-1.37,1.33,9.67,0.02,0.02,-0.01,-0.75,7.24,6.73,-0.00,0.01,-0.01,0.36,-0.16,0.93,1.22,0.37,-1.10,R
143.493,10,0,0,255,7,-1.39,-3.41,9.40,-0.03,0.08,0.01,-2.79,1.10,9.41,0.01,0.06,0.01,-1.32,1.25,9.68,0.01,0.03,0.01,-1.32,1.36,9.64,0.05,0.02,0.00,-0.68,7.44,6.75,0.08,0.01,-0.01,0.36,-0.16,0.93,0.37,1.16,-1.34,R
143.544,18,0,0,255,0,-1.22,-3.32,9.37,-0.01,0.06,0.00,-2.70,1.21,9.39,0.01,0.06,0.01,-1.35,1.32,9.62,-0.01,0.02,-0.00,-1.31,1.23,9.69,-0.01,0.02,0.00,-0.64,7.20,6.83,-0.01,0.02,-0.00,0.36,-0.15,0.93,0.37,-0.37,-1.71,R
143.596,48,0,0,255,0,-1.36,-3.30,9.43,-0.01,0.06,-0.01,-2.79,1.03,9.44,-0.05,0.04,0.01,-1.31,1.16,9.68,-0.04,0.01,0.00,-1.38,1.26,9.66,0.01,0.02,-0.00,-0.68,7.18,6.81,-0.01,0.02,-0.00,0.35,-0.16,0.93,1.40,-0.67,-1.10,R
143.647,79,0,0,255,0,-1.35,-3.24,9.37,0.01,0.04,-0.01,-2.86,0.97,9.48,-0.03,0.03,0.00,-1.29,1.13,9.68,-0.06,0.01,0.01,-1.34,1.23,9.72,0.00,0.01,-0.00,-0.70,7.16,6.79,0.01,0.02,-0.01,0.35,-0.16,0.93,1.77,-0.61,-0.79,R
143.698,87,0,0,255,0,-1.42,-3.25,9.41,-0.01,0.04,-0.01,-2.83,1.19,9.42,-0.04,0.03,0.00,-1.31,1.19,9.66,-0.04,-0.00,0.00,-1.35,1.27,9.69,-0.01,0.01,-0.00,-0.69,7.14,6.80,-0.03,0.02,-0.00,0.35,-0.16,0.93,2.08,-0.79,-0.92,R
143.749,9,0,0,255,0,-1.29,-3.32,9.33,0.00,0.03,-0.02,-2.79,1.01,9.45,-0.05,0.02,0.00,-1.30,1.15,9.65,-0.04,0.01,-0.01,-1.21,1.25,9.67,-0.02,0.01,-0.01,-0.64,7.04,6.83,-0.01,0.01,-0.03,0.35,-0.15,0.93,1.95,-0.73,-0.92,R
143.8,30,0,0,255,0,-1.38,-3.40,9.37,-0.01,0.06,-0.03,-2.80,1.11,9.39,-0.05,0.02,-0.01,-1.29,1.28,9.64,-0.06,0.00,-0.00,-1.38,1.26,9.70,-0.03,0.02,-0.01,-0.76,7.10,6.84,-0.05,0.01,-0.01,0.36,-0.16,0.94,1.22,-2.20,-1.89,R
143.85,101,0,0,255,0,-1.37,-3.25,9.37,-0.00,0.01,-0.02,-2.76,1.13,9.41,-0.12,-0.01,-0.01,-1.31,1.18,9.70,-0.11,0.00,-0.00,-1.33,1.25,9.68,-0.08,0.02,-0.01,-0.68,7.14,6.85,-0.08,0.03,-0.03,0.35,-0.16,0.93,4.21,-3.30,-0.61,R
143.901,50,0,0,255,0,-1.42,-3.24,9.36,-0.02,0.01,-0.01,-2.78,0.88,9.44,-0.13,-0.01,-0.01,-1.36,1.07,9.70,-0.09,-0.00,0.00,-0.84,1.16,9.91,-0.02,0.01,-0.03,-0.75,7.10,6.96,-0.05,0.04,-0.01,0.35,-0.17,0.93,1.65,-1.10,0.55,R
143.952,57,0,0,255,0,-1.24,-3.40,9.35,-0.04,0.04,-0.02,-2.71,1.00,9.42,-0.11,0.01,-0.01,-1.11,1.07,9.76,-0.09,0.00,-0.00,-1.34,1.24,9.73,-0.04,0.01,-0.02,-0.67,7.15,6.83,-0.08,0.04,-0.02,0.35,-0.15,0.95,1.22,-1.22,0.31,R
144.004,55,0,0,255,0,-1.52,-3.34,9.35,-0.03,0.02,-0.03,-2.76,0.88,9.45,-0.09,0.00,-0.02,-1.35,0.97,9.66,-0.08,0.00,-0.01,-1.32,1.15,9.69,-0.02,0.01,-0.02,-0.73,7.17,6.91,-0.04,0.02,-0.01,0.33,-0.17,0.93,2.38,-2.08,-0.18,R
144.054,55,0,0,255,0,-1.36,-3.38,9.33,-0.02,0.03,-0.03,-2.75,0.89,9.50,-0.10,0.02,-0.02,-1.12,1.04,9.64,-0.11,-0.00,-0.01,-1.30,1.04,9.71,-0.07,0.01,-0.02,-0.76,6.97,7.00,-0.10,0.01,-0.04,0.35,-0.16,0.94,2.26,-3.42,-0.61,R
144.105,50,0,0,255,0,-1.41,-3.48,9.33,-0.03,0.03,-0.05,-2.77,0.76,9.49,-0.13,-0.00,-0.01,-1.27,1.01,9.68,-0.11,-0.00,-0.01,-1.41,1.07,9.72,-0.04,0.01,-0.02,-0.71,6.90,7.00,-0.06,0.01,-0.03,0.33,-0.17,0.94,3.05,-2.93,-0.55,R
144.156,101,0,0,255,0,-1.42,-3.44,9.34,0.00,0.02,-0.03,-2.81,0.62,9.45,-0.03,0.01,0.01,-1.36,1.04,9.67,-0.03,0.00,0.00,-1.31,1.13,9.73,-0.01,0.01,-0.01,-0.71,7.01,7.02,-0.02,0.02,-0.02,0.34,-0.17,0.94,1.04,0.06,-0.85,R
144.207,87,0,0,255,0,-1.21,-3.39,9.40,0.03,0.02,-0.03,-2.80,0.52,9.55,-0.05,0.01,0.01,-1.32,0.93,9.67,-0.02,-0.00,-0.01,-1.36,1.04,9.75,-0.01,0.00,-0.02,-0.80,7.01,7.06,-0.00,0.01,-0.03,0.35,-0.17,0.94,0.61,0.73,-2.20,R
144.258,59,0,0,255,0,-1.44,-3.36,9.34,0.02,0.05,-0.05,-2.75,0.59,9.54,0.00,0.03,0.00,-1.35,0.89,9.70,-0.00,-0.00,-0.02,-1.30,1.01,9.72,0.00,0.02,-0.03,-0.73,6.94,7.02,-0.02,0.01,-0.03,0.33,-0.17,0.93,1.22,0.73,-2.38,R
144.309,33,0,0,255,0,-1.50,-3.31,9.27,0.05,0.05,-0.02,-2.77,0.81,9.45,0.07,0.04,0.02,-1.42,1.02,9.68,0.02,0.00,-0.00,-1.41,1.01,9.65,0.00,0.04,0.01,-0.76,6.94,7.00,0.02,0.03,-0.00,0.33,-0.17,0.94,1.04,4.21,-0.18,R
144.36,97,0,0,255,0,-1.35,-3.29,9.35,0.05,0.03,0.02,-2.74,0.80,9.45,0.08,0.06,0.01,-1.36,1.18,9.73,0.03,0.01,0.00,-1.36,1.14,9.69,0.00,0.02,-0.00,-0.77,6.89,7.09,0.00,0.03,-0.01,0.35,-0.17,0.94,1.22,2.62,-0.49,R
144.412,97,0,0,255,0,-1.48,-3.35,9.40,0.01,0.02,0.00,-2.78,0.76,9.52,0.02,0.04,0.01,-1.32,1.09,9.73,0.01,0.01,0.00,-1.41,1.13,9.73,0.01,0.03,-0.01,-0.72,6.87,7.10,-0.01,0.03,-0.01,0.35,-0.18,0.94,1.16,0.73,-1.40,R
144.463,10,0,0,255,3,-1.37,-3.35,9.29,0.02,0.04,0.01,-2.80,0.75,9.43,0.04,0.06,0.01,-1.38,1.05,9.66,0.04,0.02,0.00,-1.37,1.09,9.69,0.03,0.03,-0.00,-0.70,6.94,7.05,0.03,0.03,-0.00,0.34,-0.18,0.93,-0.31,3.17,-1.59,R
144.513,10,0,0,255,0,-1.32,-3.38,9.32,-0.00,0.02,-0.00,-2.76,0.81,9.47,0.00,0.03,-0.00,-1.41,1.08,9.73,-0.01,0.01,-0.00,-1.38,1.07,9.73,-0.01,0.02,-0.01,-0.70,6.90,7.05,-0.03,0.02,-0.01,0.35,-0.18,0.93,-0.55,-1.10,-2.50,R
144.565,10,0,0,255,1,-1.50,-3.34,9.30,-0.01,0.01,-0.01,-2.85,0.84,9.44,0.05,0.05,0.01,-1.37,1.09,9.68,0.03,0.03,0.00,-1.34,1.23,9.72,0.03,0.03,0.00,-0.80,6.94,7.00,0.01,0.02,0.00,0.34,-0.17,0.94,-2.38,1.46,-1.83,R
144.616,96,0,0,255,0,-1.34,-3.22,9.34,0.00,0.01,-0.01,-2.70,0.91,9.48,0.03,0.04,0.01,-1.29,1.08,9.67,-0.02,0.02,0.00,-1.36,1.14,9.75,0.01,0.02,-0.01,-0.72,7.01,7.01,0.01,0.02,-0.02,0.36,-0.17,0.93,-2.26,-1.89,-3.17,R
144.667,9,0,0,255,3,-1.54,-3.35,9.40,-0.02,0.02,-0.02,-2.90,0.77,9.50,-0.03,0.04,-0.01,-1.47,1.03,9.69,-0.01,0.02,-0.01,-1.37,1.12,9.72,0.02,0.02,-0.01,-0.78,6.94,7.06,-0.01,0.02,-0.01,0.33,-0.18,0.94,-4.76,-5.07,-2.93,R
144.717,9,0,0,255,9,-1.36,-3.29,9.33,-0.01,0.01,0.01,-2.75,0.78,9.47,0.06,0.06,0.00,-1.51,1.05,9.99,0.21,-0.06,-0.03,-1.40,1.23,9.70,0.05,0.01,-0.01,-0.87,7.04,7.03,0.01,0.03,-0.00,0.34,-0.16,0.93,7.81,-0.67,-1.16,R
144.768,95,0,0,255,0,-1.45,-3.45,9.27,-0.01,0.00,0.00,-2.79,0.95,9.43,0.07,0.01,0.01,-1.22,1.36,9.63,0.09,-0.06,-0.01,-1.35,1.22,9.71,0.01,0.00,-0.00,-0.73,6.95,6.99,-0.02,0.03,0.00,0.35,-0.16,0.94,3.54,0.06,-1.16,R
144.819,9,0,0,255,7,-1.47,-3.37,9.30,-0.03,0.00,-0.01,-2.84,0.96,9.41,-0.02,0.02,-0.01,-1.31,1.31,9.61,-0.05,0.01,0.00,-1.42,1.19,9.71,-0.02,0.02,-0.01,-0.82,6.95,7.07,-0.04,0.04,-0.00,0.34,-0.18,0.94,0.92,-1.65,-0.43,R
144.871,15,0,0,255,0,-1.33,-3.34,9.32,-0.00,-0.01,-0.01,-2.79,0.95,9.42,-0.02,0.02,0.00,-1.16,1.44,9.62,-0.04,0.03,-0.00,-1.27,1.21,9.66,-0.02,0.01,-0.01,-0.83,6.86,7.07,-0.03,0.02,-0.02,0.35,-0.17,0.93,0.61,-1.04,-0.55,R
144.921,13,0,0,255,1,-1.50,-3.39,9.31,-0.08,0.01,-0.03,-2.90,0.88,9.43,-0.08,0.02,-0.03,-1.35,1.27,9.64,-0.10,0.02,-0.02,-1.39,1.18,9.69,-0.06,0.01,-0.02,-0.85,6.90,7.14,-0.07,0.02,-0.02,0.32,-0.18,0.95,0.31,-3.23,0.37,R
144.972,15,0,0,255,0,-1.45,-3.37,9.32,-0.03,-0.02,-0.01,-2.73,0.78,9.47,-0.00,0.02,-0.02,-1.21,1.24,9.62,-0.06,0.02,-0.01,-1.30,1.05,9.67,-0.00,0.02,-0.01,-0.65,6.81,7.11,0.03,0.01,-0.02,0.32,-0.17,0.92,-2.69,-1.34,0.37,R
145.023,96,0,0,255,0,-1.45,-3.39,9.30,-0.04,0.04,-0.02,-2.83,0.92,9.42,-0.06,0.02,-0.03,-1.35,1.32,9.64,-0.09,0.02,-0.02,-1.35,1.13,9.71,-0.04,0.01,-0.02,-0.78,6.86,7.11,-0.07,0.00,-0.03,0.34,-0.17,0.95,0.18,-0.61,0.24,R
145.074,12,0,0,255,0,-1.50,-3.42,9.30,-0.02,0.04,-0.02,-2.89,0.77,9.42,-0.04,0.02,-0.02,-1.43,1.21,9.66,-0.05,0.02,-0.01,-1.37,1.11,9.70,-0.02,0.02,-0.01,-0.73,6.85,7.17,0.01,0.02,-0.01,0.33,-0.19,0.94,0.00,0.00,0.18,R
145.125,80,0,0,255,0,-1.28,-3.45,9.30,-0.02,0.04,-0.03,-2.82,0.91,9.48,-0.06,0.03,-0.02,-1.36,1.33,9.62,-0.09,0.02,-0.02,-1.42,1.11,9.67,-0.04,0.02,-0.03,-0.81,6.89,7.17,-0.04,0.00,-0.05,0.35,-0.16,0.94,-2.44,1.16,-0.12,R
145.177,15,0,0,255,0,-1.58,-3.39,9.28,-0.03,0.07,-0.04,-2.80,0.68,9.45,-0.07,0.01,-0.03,-1.34,1.14,9.67,-0.08,0.01,-0.01,-1.38,1.05,9.70,-0.04,0.01,-0.01,-0.74,6.74,7.19,0.01,0.01,-0.03,0.31,-0.17,0.93,1.40,-0.61,1.59,R
145.227,95,0,0,255,0,-1.50,-3.53,9.28,0.02,0.02,-0.00,-2.82,0.74,9.47,0.02,0.04,0.01,-1.29,1.18,9.63,-0.02,0.02,0.01,-1.34,1.11,9.69,0.01,0.01,0.00,-0.72,6.79,7.14,0.03,0.03,-0.01,0.35,-0.17,0.94,1.65,1.59,1.40,R
145.278,11,0,0,255,0,-1.47,-3.53,9.30,-0.01,0.05,-0.01,-2.88,0.83,9.45,-0.04,0.02,-0.00,-1.47,1.21,9.69,-0.07,0.02,0.00,-1.48,1.07,9.73,-0.03,0.02,-0.01,-0.81,6.77,7.18,-0.05,0.02,0.00,0.34,-0.19,0.95,3.17,-0.06,0.31,R
145.329,97,0,0,255,0,-1.42,-3.56,9.28,0.01,0.01,0.00,-2.78,0.83,9.45,0.03,0.03,0.01,-1.36,1.17,9.64,-0.02,0.02,0.00,-1.41,1.13,9.76,0.01,0.02,0.01,-0.77,6.86,7.14,0.02,0.03,0.01,0.34,-0.18,0.93,-0.37,1.16,-0.31,R
145.38,4,0,0,255,0,-1.45,-3.51,9.24,0.00,-0.01,-0.01,-2.82,0.79,9.44,-0.02,0.01,0.00,-1.36,1.24,9.66,-0.04,0.00,0.01,-1.41,1.18,9.73,-0.02,0.01,0.00,-0.81,6.81,7.24,-0.01,0.02,0.00,0.34,-0.17,0.94,1.95,1.46,1.65,R
145.431,7,0,0,255,0,-1.39,-3.45,9.29,0.01,-0.01,0.00,-2.75,0.77,9.44,0.02,0.03,0.01,-1.33,1.09,9.61,-0.02,0.02,0.01,-1.36,1.08,9.70,0.02,0.03,0.01,-0.83,6.88,7.15,0.01,0.02,-0.01,0.35,-0.17,0.93,-0.92,1.53,1.65,R
145.483,96,0,0,255,0,-1.34,-3.43,9.27,-0.06,0.01,-0.02,-2.83,0.86,9.52,-0.07,0.02,-0.03,-1.41,1.19,9.67,-0.10,0.02,-0.02,-1.40,1.09,9.65,-0.06,0.02,-0.03,-0.81,6.77,7.23,-0.06,0.02,-0.03,0.33,-0.16,0.94,2.01,-2.38,1.83,R
145.534,12,0,0,255,0,-1.47,-3.53,9.28,-0.01,-0.01,-0.01,-2.82,0.67,9.51,0.01,0.03,0.01,-1.47,1.03,9.67,0.00,0.02,0.02,-1.39,1.15,9.71,0.04,0.02,0.02,-0.82,6.88,7.18,0.06,0.03,0.01,0.32,-0.18,0.93,-1.77,1.59,1.53,R
145.584,33,0,0,255,0,-1.42,-3.46,9.26,0.01,-0.00,0.01,-2.84,0.78,9.50,0.01,0.01,0.00,-1.39,1.12,9.66,-0.02,0.00,0.00,-1.43,1.06,9.72,0.01,0.01,0.00,-0.82,6.77,7.22,0.00,0.02,0.01,0.34,-0.17,0.94,-0.61,0.85,0.92,R
145.635,96,0,0,255,0,-1.39,-3.60,9.20,0.02,0.04,-0.01,-2.80,0.89,9.51,0.04,0.03,0.01,-1.44,1.19,9.66,-0.00,0.01,-0.01,-1.43,1.09,9.69,0.01,0.01,-0.01,-0.77,6.85,7.14,0.01,0.01,-0.00,0.35,-0.17,0.94,-2.32,1.10,-0.73,R
145.686,49,0,0,255,0,-1.45,-3.47,9.31,0.02,0.01,-0.01,-2.88,0.79,9.44,0.05,0.02,0.01,-1.46,1.18,9.70,0.02,-0.01,0.01,-1.35,1.13,9.72,0.03,0.01,0.01,-0.78,6.98,7.13,0.06,0.01,0.02,0.34,-0.17,0.94,-0.18,1.89,-0.73,R
145.737,4,0,0,255,0,-1.44,-3.44,9.30,0.04,-0.02,0.01,-2.78,0.95,9.48,0.05,0.03,0.02,-1.34,1.14,9.64,-0.01,-0.00,0.02,-1.34,1.16,9.73,0.02,0.01,0.01,-0.74,6.89,7.13,0.04,0.02,0.01,0.34,-0.16,0.94,-1.83,0.85,0.31,R
145.789,98,0,0,255,0,-1.45,-3.45,9.32,0.01,-0.00,0.03,-2.84,0.76,9.44,-0.01,0.03,0.02,-1.31,1.19,9.67,-0.02,0.01,0.02,-1.42,1.22,9.76,0.01,0.02,0.01,-0.72,6.90,7.10,0.00,0.03,0.01,0.35,-0.16,0.94,1.83,1.46,1.34,R
145.839,4,0,0,255,0,-1.39,-3.42,9.28,-0.03,-0.00,0.01,-2.83,0.85,9.42,-0.05,0.03,0.01,-1.30,1.12,9.61,-0.09,0.01,0.00,-1.35,1.04,9.69,-0.03,0.02,0.01,-0.76,6.91,7.10,-0.05,0.03,-0.00,0.35,-0.16,0.94,4.46,-1.59,1.46,R
145.89,9,0,0,255,0,-1.33,-3.46,9.30,-0.05,0.00,-0.01,-2.85,0.85,9.42,-0.06,0.02,-0.02,-1.36,1.29,9.66,-0.07,0.01,-0.01,-1.39,1.13,9.74,-0.06,0.02,-0.01,-0.73,6.89,7.15,-0.07,0.01,-0.02,0.34,-0.17,0.93,2.56,-3.11,0.85,R
145.941,22,0,0,255,0,-1.54,-3.51,9.26,-0.03,-0.01,-0.01,-2.87,0.83,9.40,-0.09,0.01,-0.01,-1.35,1.13,9.64,-0.09,0.01,0.00,-1.40,1.03,9.72,-0.05,0.02,-0.00,-0.77,6.77,7.21,-0.03,0.02,-0.00,0.33,-0.17,0.94,1.59,-2.56,0.92,R
145.992,36,0,0,255,0,-1.51,-3.55,9.32,0.00,0.01,0.02,-2.81,0.70,9.41,0.03,0.04,0.04,-1.43,1.09,9.63,0.02,0.01,0.03,-1.41,1.15,9.72,0.04,0.02,0.04,-0.72,6.81,7.13,0.08,0.03,0.03,0.34,-0.17,0.94,-0.67,2.08,0.18,R
146.043,98,0,0,255,0,-1.32,-3.54,9.26,0.02,0.02,0.01,-2.70,0.91,9.44,-0.01,0.03,0.01,-1.29,1.16,9.68,-0.06,0.00,0.01,-1.35,1.06,9.73,0.01,0.01,-0.00,-0.73,6.93,7.11,-0.00,0.01,-0.01,0.35,-0.16,0.94,2.32,0.24,0.37,R
146.095,97,0,0,255,0,-1.44,-3.60,9.32,0.00,0.03,-0.00,-2.83,0.79,9.43,0.01,0.03,0.00,-1.39,1.18,9.63,-0.02,0.01,0.01,-1.45,1.09,9.70,0.01,0.01,0.01,-0.78,6.74,7.18,0.02,0.02,0.01,0.34,-0.18,0.93,-0.31,0.67,-0.12,R
146.146,13,0,0,255,0,-1.35,-3.53,9.27,0.01,0.03,-0.02,-2.80,0.88,9.44,0.00,0.01,0.00,-1.42,1.22,9.65,-0.04,-0.01,-0.01,-1.41,1.13,9.79,-0.03,0.01,-0.02,-0.80,6.90,7.18,-0.02,-0.00,-0.04,0.36,-0.16,0.94,0.49,-0.31,-1.53,R
146.197,98,0,0,255,0,-1.38,-3.52,9.25,-0.05,0.06,-0.04,-2.75,0.76,9.48,-0.06,0.01,-0.04,-1.34,1.10,9.64,-0.05,-0.00,-0.03,-1.36,1.09,9.72,-0.02,0.01,-0.04,-0.69,6.78,7.22,-0.03,-0.01,-0.04,0.33,-0.16,0.94,1.83,0.31,-1.04,R
146.248,16,0,0,255,0,-1.58,-3.65,9.28,-0.01,0.05,-0.01,-2.93,0.63,9.46,0.01,0.04,-0.01,-1.47,1.14,9.66,0.02,0.01,-0.01,-1.48,1.04,9.71,0.04,0.01,0.00,-0.70,6.78,7.24,0.09,0.02,0.01,0.31,-0.19,0.93,-0.18,2.38,0.85,R
146.299,12,0,0,255,0,-1.30,-3.54,9.23,0.01,0.02,-0.01,-2.71,0.86,9.43,0.04,0.03,0.01,-1.37,1.26,9.69,0.01,-0.00,-0.01,-1.44,1.19,9.70,0.01,0.01,-0.01,-0.71,6.87,7.10,-0.00,0.01,-0.02,0.36,-0.16,0.94,-0.18,1.22,0.79,R
146.349,20,0,0,255,0,-1.58,-3.60,9.27,0.01,0.03,-0.00,-2.85,0.78,9.39,0.00,0.03,0.01,-1.46,1.16,9.66,-0.01,0.01,0.01,-1.42,1.10,9.67,0.03,0.01,0.01,-0.80,6.85,7.16,0.06,0.02,0.01,0.33,-0.18,0.93,0.12,1.83,1.65,R
146.402,23,0,0,255,0,-1.34,-3.48,9.24,0.04,-0.00,0.02,-2.77,0.84,9.42,0.05,0.04,0.02,-1.38,1.19,9.66,0.01,0.02,0.01,-1.42,1.22,9.70,0.03,0.01,0.01,-0.77,6.90,7.10,0.04,0.02,0.00,0.36,-0.16,0.94,-0.37,3.30,1.71,R
146.452,25,0,0,255,0,-1.47,-3.55,9.29,-0.01,0.01,0.00,-2.89,0.85,9.43,-0.01,0.03,0.01,-1.36,1.31,9.62,-0.04,0.01,0.00,-1.36,1.11,9.68,-0.02,0.01,0.00,-0.72,6.84,7.16,0.01,0.02,-0.02,0.35,-0.17,0.93,0.43,-0.49,1.77,R
146.502,100,0,0,255,0,-1.40,-3.50,9.31,-0.01,0.01,-0.00,-2.78,0.76,9.45,-0.01,0.03,-0.00,-1.42,1.12,9.69,-0.01,0.02,0.01,-1.42,1.24,9.75,0.02,0.02,0.00,-0.75,6.94,7.07,0.02,0.02,-0.01,0.36,-0.16,0.93,-0.55,0.73,1.22,R
146.554,33,0,0,255,0,-1.41,-3.59,9.23,-0.03,0.02,-0.01,-2.84,0.90,9.45,-0.05,0.01,-0.02,-1.41,1.27,9.62,-0.07,-0.01,-0.01,-1.40,1.17,9.69,-0.04,0.01,-0.01,-0.74,6.86,7.12,-0.05,0.01,-0.02,0.34,-0.17,0.93,1.77,-1.89,0.67,R
146.604,28,0,0,255,0,-1.45,-3.55,9.23,0.01,0.02,-0.01,-2.83,0.83,9.41,0.02,0.03,0.01,-1.37,1.19,9.69,-0.00,0.01,0.00,-1.36,1.13,9.74,0.02,0.02,0.00,-0.78,6.86,7.17,0.03,0.02,-0.00,0.35,-0.17,0.93,-1.10,0.85,0.06,R
146.655,38,0,0,255,0,-1.45,-3.48,9.31,-0.02,0.03,-0.01,-2.86,0.92,9.39,-0.01,0.03,-0.01,-1.39,1.29,9.67,-0.04,-0.00,-0.01,-1.41,1.09,9.70,-0.04,0.01,-0.01,-0.75,6.80,7.17,-0.03,-0.00,-0.03,0.35,-0.16,0.94,0.12,-0.06,0.55,R
146.706,99,0,0,255,0,-1.44,-3.54,9.22,0.00,0.04,-0.00,-2.81,0.91,9.40,-0.00,0.04,-0.01,-1.34,1.10,9.68,-0.02,0.01,-0.00,-1.36,1.21,9.72,0.03,0.02,-0.02,-0.74,6.87,7.13,0.04,0.01,-0.03,0.35,-0.16,0.93,-1.16,1.16,0.79,R
146.757,101,0,0,255,0,-1.44,-3.80,9.22,0.00,0.06,-0.02,-2.88,0.80,9.45,-0.04,0.04,-0.02,-1.43,1.17,9.71,-0.04,0.02,-0.02,-1.38,1.24,9.66,-0.02,0.02,-0.02,-0.78,6.90,7.17,-0.03,0.00,-0.04,0.35,-0.16,0.94,-1.95,-0.43,0.67,R
146.808,93,0,0,255,0,-1.54,-3.61,9.26,-0.00,0.03,-0.01,-2.93,0.76,9.37,-0.00,0.04,-0.01,-1.42,1.28,9.67,-0.02,0.01,0.00,-1.34,1.19,9.75,0.00,0.01,-0.01,-0.76,6.85,7.15,0.02,0.02,-0.01,0.34,-0.16,0.93,-0.24,0.43,0.43,R
146.859,59,0,0,255,0,-1.51,-3.60,9.23,0.00,0.03,-0.02,-2.92,0.87,9.43,-0.00,0.03,-0.01,-1.37,1.29,9.68,-0.02,0.01,-0.02,-1.41,1.17,9.72,-0.01,0.01,-0.01,-0.79,6.86,7.13,-0.02,0.01,-0.02,0.35,-0.16,0.94,0.12,-0.79,-0.06,R
146.91,41,0,0,255,0,-1.48,-3.66,9.23,0.00,0.02,-0.01,-2.83,0.69,9.44,-0.01,0.02,0.01,-1.42,1.17,9.62,-0.01,0.01,0.01,-1.41,1.13,9.64,0.01,0.01,0.00,-0.70,6.99,7.18,0.03,0.02,-0.00,0.35,-0.16,0.93,0.31,1.59,0.18,R
146.961,47,0,0,255,0,-1.57,-3.59,9.23,-0.01,0.00,-0.01,-2.86,0.89,9.39,-0.01,0.01,0.01,-1.36,1.23,9.63,-0.04,0.00,0.00,-1.33,1.17,9.72,-0.03,0.01,0.00,-0.79,6.84,7.17,-0.01,0.02,0.00,0.35,-0.15,0.94,1.10,-0.67,0.67,R
147.013,55,0,0,255,0,-1.49,-3.54,9.25,0.03,0.00,0.00,-2.84,0.81,9.42,0.00,0.03,0.02,-1.35,1.15,9.68,-0.00,0.01,0.01,-1.38,1.22,9.71,0.01,0.02,0.00,-0.72,6.90,7.21,0.02,0.02,-0.01,0.36,-0.16,0.93,-0.18,0.55,0.43,R
147.063,57,0,0,255,0,-1.43,-3.49,9.20,0.01,0.01,0.00,-2.89,0.96,9.46,-0.00,0.01,-0.00,-1.44,1.25,9.68,-0.05,0.00,-0.00,-1.43,1.09,9.65,-0.03,0.01,0.01,-0.70,6.85,7.13,-0.00,0.02,-0.01,0.35,-0.15,0.94,1.04,-0.06,0.73,R
147.116,101,0,0,255,0,-1.44,-3.57,9.28,0.01,0.01,-0.00,-2.88,0.96,9.40,-0.00,0.03,0.01,-1.43,1.15,9.64,-0.03,0.01,0.01,-1.34,1.21,9.69,0.01,0.01,0.00,-0.78,6.89,7.16,0.03,0.02,-0.00,0.35,-0.16,0.94,-0.06,0.55,0.24,R
147.165,101,0,0,255,0,-1.47,-3.54,9.23,0.01,-0.01,-0.00,-2.87,0.87,9.43,-0.00,0.02,0.01,-1.41,1.10,9.69,-0.02,0.01,0.01,-1.45,1.18,9.66,0.02,0.01,0.01,-0.71,6.91,7.10,0.04,0.02,0.00,0.35,-0.15,0.94,0.06,0.49,0.24,R
147.217,98,0,0,255,0,-1.54,-3.61,9.33,0.02,0.02,0.00,-2.90,1.00,9.45,0.02,0.04,0.01,-1.37,1.19,9.62,-0.03,0.00,0.00,-1.38,1.13,9.69,0.00,0.02,-0.00,-0.72,6.86,7.11,0.02,0.01,-0.01,0.35,-0.16,0.93,0.55,1.04,0.49,R
147.268,38,0,0,255,0,-1.31,-3.50,9.21,0.01,0.06,0.00,-2.87,0.97,9.45,-0.01,0.05,-0.01,-1.38,1.36,9.62,-0.04,0.01,-0.02,-1.29,1.03,9.94,-0.04,0.06,-0.02,-0.75,6.89,7.05,-0.03,0.01,-0.05,0.37,-0.15,0.95,0.85,2.56,0.98,R
147.318,42,0,0,255,0,-1.75,-4.12,9.17,0.04,0.06,-0.04,-3.01,0.94,9.40,0.00,0.03,-0.01,-1.54,1.20,9.68,-0.06,0.00,0.01,-1.44,1.01,9.70,0.02,0.01,0.01,-0.70,6.95,7.16,0.08,0.02,0.00,0.34,-0.17,0.93,-1.53,1.59,1.77,R
147.369,37,0,0,255,0,-1.45,-3.51,9.26,0.03,-0.01,0.02,-2.82,0.96,9.45,0.09,0.04,0.03,-1.33,1.22,9.62,0.05,-0.01,0.01,-1.38,1.26,9.72,0.05,0.01,0.01,-0.80,6.94,7.06,0.04,0.01,0.00,0.38,-0.14,0.94,-2.44,2.93,0.18,R
147.421,96,0,0,255,0,-1.50,-3.56,9.32,0.00,0.07,-0.01,-2.89,0.87,9.40,-0.02,0.01,-0.02,-1.44,1.21,9.66,-0.02,-0.00,-0.02,-1.42,1.17,9.65,0.00,0.01,-0.01,-0.64,6.96,7.12,-0.05,0.02,-0.01,0.34,-0.16,0.93,1.16,0.61,-0.49,R
147.472,94,0,0,255,0,-1.55,-3.56,9.25,0.04,0.01,-0.00,-2.92,0.88,9.45,0.08,0.04,0.03,-1.35,1.27,9.63,0.04,0.00,0.02,-1.41,1.29,9.69,0.07,0.02,0.02,-0.71,6.91,7.07,0.06,0.03,0.02,0.36,-0.15,0.93,-1.40,3.11,0.06,R
147.523,54,0,0,255,0,-1.59,-3.51,9.29,0.00,-0.03,0.01,-2.90,0.93,9.44,-0.00,0.01,0.02,-1.38,1.22,9.71,-0.03,0.01,0.01,-1.39,1.22,9.71,0.00,0.01,0.02,-0.78,6.91,7.09,0.03,0.03,0.01,0.35,-0.15,0.93,0.18,0.55,1.34,R
147.573,45,0,0,255,0,-1.46,-3.55,9.26,0.00,-0.03,0.03,-2.87,0.98,9.44,0.02,0.03,0.02,-1.42,1.39,9.66,-0.01,0.01,0.02,-1.39,1.32,9.68,-0.01,0.02,0.01,-0.78,6.92,7.05,0.00,0.03,-0.01,0.38,-0.14,0.93,-0.37,0.00,0.61,R
147.624,40,0,0,255,0,-1.46,-3.49,9.29,-0.04,0.01,-0.02,-2.83,0.97,9.39,-0.07,0.02,-0.02,-1.36,1.25,9.63,-0.09,0.00,-0.01,-1.45,1.24,9.71,-0.05,0.01,-0.02,-0.80,6.99,7.12,-0.07,0.01,-0.03,0.37,-0.14,0.93,2.38,-2.26,0.00,R
147.675,101,0,0,255,0,-1.58,-3.63,9.24,-0.02,0.02,-0.01,-2.89,0.81,9.43,-0.02,0.02,-0.00,-1.44,1.16,9.63,-0.03,0.00,0.01,-1.44,1.21,9.69,0.02,0.01,0.01,-0.69,6.86,7.06,0.04,0.03,0.01,0.34,-0.16,0.93,1.77,0.24,-0.49,R
147.727,101,0,0,255,0,-1.43,-3.55,9.31,0.01,-0.01,-0.00,-2.91,1.00,9.35,0.00,0.02,0.01,-1.34,1.30,9.62,-0.05,-0.01,0.00,-1.43,1.27,9.70,-0.05,0.01,0.00,-0.77,6.93,7.15,-0.04,0.02,-0.01,0.37,-0.14,0.93,1.83,-1.34,0.06,R
147.778,77,0,0,255,0,-1.43,-3.55,9.20,-0.03,0.02,-0.02,-2.85,0.97,9.39,-0.06,0.02,-0.01,-1.34,1.27,9.67,-0.07,0.01,-0.00,-1.38,1.19,9.73,-0.03,0.02,-0.01,-0.77,6.88,7.07,-0.00,0.02,-0.02,0.35,-0.16,0.93,2.56,-1.40,0.24,R
147.828,36,0,0,255,0,-1.52,-3.61,9.19,-0.02,0.01,-0.01,-2.86,0.93,9.38,-0.02,0.02,0.00,-1.41,1.30,9.66,-0.05,0.00,0.01,-1.46,1.20,9.66,-0.02,0.01,0.00,-0.69,6.90,7.13,-0.01,0.02,-0.01,0.36,-0.15,0.94,0.43,-0.98,-0.67,R
147.88,98,0,0,255,0,-1.46,-3.60,9.22,0.01,0.03,-0.01,-2.84,0.88,9.41,-0.01,0.02,-0.00,-1.40,1.24,9.71,-0.04,0.00,-0.01,-1.35,1.22,9.68,-0.01,0.01,-0.01,-0.79,6.92,7.14,-0.01,0.02,-0.01,0.36,-0.16,0.93,0.73,-0.61,-0.73,R
147.931,100,0,0,255,0,-1.61,-3.63,9.29,0.01,0.01,-0.01,-2.90,0.89,9.40,0.02,0.03,0.01,-1.45,1.23,9.67,-0.00,0.01,0.01,-1.41,1.14,9.72,0.03,0.01,0.01,-0.80,6.90,7.14,0.06,0.03,0.01,0.36,-0.15,0.93,-1.34,0.61,-0.73,R
147.982,99,0,0,255,0,-1.41,-3.53,9.26,0.00,0.01,-0.01,-2.80,0.91,9.43,-0.03,0.02,-0.01,-1.35,1.24,9.65,-0.04,0.01,-0.00,-1.37,1.22,9.71,-0.02,0.01,-0.01,-0.74,6.99,7.13,-0.01,0.01,-0.02,0.36,-0.15,0.93,1.22,-0.73,-0.31,R
148.034,47,0,0,255,0,-1.54,-3.61,9.25,-0.00,0.03,-0.02,-2.94,0.93,9.41,-0.00,0.04,-0.00,-1.48,1.23,9.64,-0.02,0.01,-0.00,-1.40,1.21,9.72,0.01,0.02,-0.00,-0.76,6.92,7.17,0.01,0.02,-0.01,0.35,-0.16,0.93,-1.53,0.00,-0.24,R
148.084,42,0,0,255,0,-1.47,-3.61,9.19,0.01,0.01,-0.00,-2.84,1.00,9.42,-0.01,0.02,0.00,-1.33,1.20,9.66,-0.05,0.01,0.00,-1.41,1.15,9.71,-0.01,0.02,-0.00,-0.74,6.94,7.08,0.01,0.02,-0.02,0.36,-0.15,0.93,0.98,0.43,0.37,R
148.135,101,0,0,255,0,-1.61,-3.60,9.27,0.03,-0.01,0.01,-2.87,0.94,9.42,0.01,0.02,0.02,-1.39,1.22,9.64,-0.02,0.00,0.02,-1.40,1.19,9.68,0.01,0.01,0.02,-0.72,6.90,7.09,0.03,0.03,0.01,0.36,-0.15,0.94,0.92,1.22,0.98,R
148.186,101,0,0,255,0,-1.45,-3.49,9.26,0.01,0.00,0.02,-2.87,0.91,9.39,-0.03,0.02,0.00,-1.44,1.13,9.66,-0.05,0.01,0.01,-1.41,1.22,9.67,-0.01,0.02,0.00,-0.77,6.90,7.10,0.00,0.03,-0.00,0.36,-0.16,0.93,0.49,0.06,1.53,R
148.237,99,0,0,255,0,-1.53,-3.44,9.20,0.00,-0.01,0.01,-2.87,0.90,9.44,-0.02,0.01,0.01,-1.41,1.13,9.64,-0.04,0.01,0.01,-1.42,1.23,9.66,0.00,0.02,0.01,-0.77,6.91,7.09,0.01,0.02,-0.01,0.36,-0.15,0.93,1.22,0.85,1.22,R
148.288,74,0,0,255,0,-1.48,-3.55,9.25,-0.01,0.02,-0.01,-2.88,0.94,9.36,-0.02,0.03,-0.00,-1.40,1.23,9.69,-0.04,0.01,-0.01,-1.41,1.22,9.66,-0.01,0.02,-0.00,-0.68,6.87,7.15,0.00,0.02,-0.01,0.36,-0.16,0.93,-0.24,-0.18,0.18,R
148.339,47,0,0,255,0,-1.50,-3.56,9.19,-0.01,0.02,-0.01,-2.90,0.93,9.38,-0.01,0.02,-0.01,-1.38,1.26,9.62,-0.04,-0.00,-0.00,-1.39,1.17,9.70,-0.01,0.01,-0.01,-0.70,6.96,7.03,-0.02,0.01,-0.01,0.36,-0.15,0.94,1.28,0.18,0.06,R
148.389,39,0,0,255,0,-1.53,-3.55,9.23,0.01,0.03,-0.01,-2.92,0.91,9.42,0.00,0.04,0.00,-1.47,1.19,9.62,-0.00,0.00,0.01,-1.40,1.17,9.65,0.03,0.01,0.01,-0.82,6.90,7.08,0.04,0.03,0.01,0.35,-0.16,0.94,-0.55,0.55,-0.49,R
148.441,100,0,0,255,0,-1.46,-3.46,9.23,0.04,-0.00,0.01,-2.84,1.00,9.41,0.02,0.01,0.02,-1.40,1.21,9.63,-0.01,-0.00,0.01,-1.36,1.29,9.71,0.01,0.01,0.01,-0.72,6.93,7.11,0.03,0.02,-0.01,0.37,-0.15,0.93,0.12,1.59,0.18,R
148.491,73,0,0,255,0,-1.47,-3.61,9.29,-0.01,0.00,-0.00,-2.85,0.90,9.41,0.00,0.03,0.00,-1.39,1.26,9.66,-0.02,0.01,0.00,-1.40,1.26,9.71,-0.01,0.02,0.00,-0.77,6.83,7.10,-0.01,0.02,-0.01,0.36,-0.15,0.93,-0.55,-0.37,0.24,R
148.543,60,0,0,255,0,-1.52,-3.53,9.24,-0.01,0.01,-0.01,-2.83,0.97,9.40,-0.02,0.01,-0.00,-1.47,1.23,9.66,-0.03,-0.00,-0.00,-1.36,1.20,9.67,-0.01,0.01,-0.00,-0.75,6.90,7.11,-0.01,0.02,-0.00,0.36,-0.15,0.94,1.71,-0.18,-0.06,R
148.593,47,0,0,255,0,-1.53,-3.57,9.23,0.01,0.01,-0.01,-2.84,0.97,9.42,0.01,0.02,0.01,-1.37,1.30,9.63,-0.03,0.01,0.01,-1.44,1.24,9.68,-0.01,0.02,0.00,-0.76,6.90,7.17,0.00,0.02,-0.01,0.36,-0.15,0.94,1.04,-0.31,-0.67,R
148.645,33,0,0,255,0,-1.49,-3.48,9.22,0.00,0.00,-0.01,-2.84,0.89,9.43,-0.04,0.02,0.01,-1.42,1.16,9.70,-0.08,0.01,0.02,-1.36,1.22,9.64,-0.02,0.01,-0.00,-0.72,6.89,7.10,0.00,0.02,-0.01,0.36,-0.15,0.93,1.34,-0.55,0.18,R
148.696,33,0,0,255,0,-1.53,-3.54,9.24,-0.00,0.01,-0.01,-2.98,0.94,9.38,-0.00,0.03,0.01,-1.44,1.14,9.66,-0.04,0.01,0.01,-1.43,1.16,9.68,0.00,0.02,0.00,-0.80,6.94,7.12,0.03,0.03,0.00,0.35,-0.16,0.93,-0.12,-0.67,-0.24,R
148.746,41,0,0,255,0,-1.53,-3.54,9.24,0.02,0.01,-0.01,-2.84,1.00,9.37,-0.01,0.02,0.01,-1.41,1.20,9.67,0.00,0.00,0.01,-1.37,1.24,9.69,0.01,0.01,0.01,-0.76,6.97,7.04,0.02,0.02,-0.00,0.36,-0.15,0.93,0.00,0.43,-0.31,R
148.798,99,0,0,255,0,-1.48,-3.55,9.24,0.00,0.02,-0.01,-2.90,0.94,9.43,-0.01,0.03,0.00,-1.36,1.22,9.62,-0.01,0.00,0.00,-1.46,1.29,9.72,0.01,0.02,-0.00,-0.71,6.97,7.02,0.02,0.02,-0.01,0.36,-0.15,0.93,-0.31,0.06,-0.24,R
148.848,99,0,0,255,0,-1.50,-3.47,9.25,0.01,0.02,-0.01,-2.92,0.99,9.39,0.00,0.03,0.01,-1.35,1.20,9.66,-0.03,0.01,0.01,-1.39,1.24,9.69,0.01,0.01,-0.00,-0.72,6.95,7.08,0.00,0.02,-0.01,0.36,-0.15,0.94,0.24,0.12,-0.24,R
148.9,76,0,0,255,0,-1.50,-3.51,9.22,-0.01,0.01,-0.00,-2.90,0.84,9.45,-0.01,0.02,0.00,-1.45,1.19,9.66,-0.03,0.01,-0.00,-1.44,1.23,9.73,0.00,0.02,-0.00,-0.70,6.93,7.06,0.01,0.02,-0.01,0.36,-0.15,0.94,0.31,-0.24,-0.31,R
148.951,62,0,0,255,0,-1.45,-3.51,9.25,0.04,0.02,0.00,-2.82,1.02,9.41,-0.04,0.02,0.01,-1.39,1.21,9.65,-0.14,0.01,0.03,-1.41,1.24,9.71,0.00,0.02,-0.01,-0.73,7.04,7.09,-0.00,0.02,-0.01,0.37,-0.15,0.93,0.67,0.49,-0.61,R
149.001,42,0,0,255,0,-1.58,-3.55,9.19,0.01,0.03,-0.01,-2.92,0.91,9.41,-0.01,0.03,0.00,-1.47,1.23,9.65,-0.03,0.00,0.01,-1.41,1.22,9.68,0.01,0.01,0.00,-0.70,6.93,7.10,0.04,0.02,-0.00,0.35,-0.15,0.93,0.00,0.31,-0.85,R
149.052,37,0,0,255,0,-1.50,-3.48,9.22,0.02,0.01,-0.00,-2.90,0.91,9.41,0.01,0.03,0.02,-1.36,1.17,9.71,0.00,0.00,-0.00,-1.39,1.40,9.76,0.07,-0.00,-0.00,-0.71,6.88,7.10,0.02,0.02,0.00,0.36,-0.15,0.93,0.61,0.37,-0.31,R
149.104,33,0,0,255,0,-1.53,-3.45,9.27,0.00,0.02,-0.01,-2.87,0.98,9.42,-0.00,0.02,-0.00,-1.47,1.20,9.66,-0.02,-0.00,-0.01,-1.38,1.24,9.67,-0.02,0.00,-0.01,-0.68,6.99,7.08,-0.01,0.02,-0.01,0.36,-0.15,0.94,1.40,-0.12,0.12,R
149.154,96,0,0,255,0,-1.54,-3.51,9.33,-0.01,0.01,-0.01,-2.92,0.99,9.39,-0.01,0.02,-0.01,-1.47,1.23,9.66,-0.04,0.00,0.00,-1.45,1.20,9.67,-0.02,0.01,0.00,-0.73,6.98,7.06,-0.02,0.01,0.01,0.36,-0.16,0.93,0.98,-0.49,0.43,R
149.205,98,0,0,255,0,-1.52,-3.48,9.29,0.01,0.00,0.00,-2.93,1.00,9.39,0.01,0.02,0.01,-1.42,1.25,9.65,-0.02,0.00,0.01,-1.39,1.27,9.72,-0.00,0.01,0.01,-0.73,6.94,7.04,0.01,0.02,-0.00,0.36,-0.15,0.93,1.10,0.37,0.49,R
149.257,88,0,0,255,0,-1.42,-3.49,9.28,-0.02,0.01,-0.01,-2.89,0.95,9.38,-0.05,0.01,-0.01,-1.41,1.24,9.69,-0.05,-0.00,-0.01,-1.41,1.29,9.72,-0.03,0.02,-0.00,-0.71,6.91,7.09,-0.01,0.02,-0.01,0.36,-0.15,0.93,1.04,-0.98,0.37,R
149.307,18,0,0,255,0,-1.56,-3.53,9.27,0.00,0.00,-0.01,-2.91,0.95,9.34,-0.00,0.02,0.01,-1.40,1.29,9.63,-0.02,0.01,0.00,-1.43,1.22,9.68,-0.02,0.01,0.01,-0.66,6.95,7.07,0.01,0.02,-0.01,0.36,-0.15,0.93,0.67,0.12,0.31,R
149.358,13,0,0,255,0,-1.47,-3.53,9.27,-0.01,0.01,-0.00,-2.92,1.01,9.45,-0.03,0.01,-0.00,-1.40,1.24,9.63,-0.04,0.00,0.00,-1.38,1.19,9.69,-0.03,0.01,-0.01,-0.74,6.94,7.11,-0.01,0.02,-0.01,0.36,-0.15,0.93,1.10,-0.67,0.06,R
149.409,14,0,0,255,0,-1.48,-3.49,9.26,-0.01,0.01,-0.01,-2.90,0.92,9.45,-0.01,0.03,0.00,-1.40,1.26,9.65,-0.02,0.00,-0.00,-1.45,1.22,9.74,-0.02,0.01,0.01,-0.70,6.92,7.11,-0.00,0.02,-0.01,0.36,-0.15,0.93,0.67,-0.67,-0.37,R
149.461,95,0,0,255,0,-1.43,-3.54,9.21,-0.00,0.01,-0.00,-2.90,0.91,9.44,-0.01,0.02,0.01,-1.41,1.24,9.64,-0.02,0.01,0.01,-1.42,1.27,9.63,-0.00,0.01,0.00,-0.71,6.93,7.08,0.01,0.02,-0.01,0.36,-0.15,0.93,0.37,-0.12,-0.18,R
149.511,11,0,0,255,0,-1.50,-3.51,9.25,-0.00,0.01,-0.01,-2.92,0.90,9.41,-0.00,0.03,0.00,-1.43,1.28,9.68,-0.02,0.01,0.00,-1.38,1.27,9.71,-0.01,0.02,-0.00,-0.75,7.01,7.02,-0.00,0.01,-0.01,0.36,-0.15,0.93,0.49,-0.12,-0.24,R
149.562,99,0,0,255,0,-1.46,-3.52,9.28,-0.01,0.02,-0.01,-2.90,0.93,9.40,-0.02,0.02,0.00,-1.42,1.16,9.65,-0.03,0.01,-0.00,-1.44,1.26,9.60,-0.00,0.02,-0.00,-0.77,6.97,7.11,0.01,0.02,-0.01,0.36,-0.16,0.93,0.37,-0.06,-0.18,R
149.614,98,0,0,255,0,-1.49,-3.53,9.32,0.01,0.01,-0.00,-2.88,0.92,9.39,0.00,0.03,0.00,-1.38,1.31,9.67,-0.03,0.00,0.00,-1.43,1.24,9.71,-0.01,0.02,-0.00,-0.68,6.93,7.04,0.00,0.02,-0.02,0.36,-0.15,0.93,0.85,-0.18,-0.24,R
149.665,83,0,0,255,0,-1.50,-3.49,9.19,-0.01,0.01,-0.01,-2.91,0.88,9.39,-0.03,0.01,-0.01,-1.41,1.15,9.66,-0.04,0.00,-0.01,-1.43,1.21,9.64,-0.01,0.01,-0.00,-0.73,6.96,7.03,-0.01,0.01,-0.02,0.35,-0.15,0.93,0.98,-0.85,-0.06,R
149.715,42,0,0,255,0,-1.48,-3.53,9.17,-0.00,0.01,-0.01,-2.89,0.88,9.44,-0.01,0.02,0.01,-1.33,1.20,9.65,-0.03,0.00,0.00,-1.39,1.18,9.74,-0.01,0.01,0.00,-0.73,6.94,7.08,0.00,0.02,-0.01,0.36,-0.15,0.94,0.24,-0.24,-0.06,R
149.766,34,0,0,255,0,-1.50,-3.52,9.23,-0.01,0.02,-0.01,-2.88,0.89,9.38,-0.01,0.02,-0.00,-1.47,1.29,9.64,-0.02,0.01,-0.00,-1.35,1.26,9.71,-0.02,0.02,-0.01,-0.68,6.95,7.03,0.01,0.02,-0.02,0.35,-0.15,0.93,0.43,-0.31,0.06,R
149.817,99,0,0,255,0,-1.52,-3.62,9.28,0.00,0.02,-0.01,-2.90,0.94,9.37,-0.00,0.03,0.01,-1.45,1.18,9.60,-0.01,0.01,0.00,-1.33,1.30,9.62,-0.00,0.01,0.00,-0.71,6.96,7.11,0.02,0.02,-0.01,0.36,-0.15,0.94,0.31,0.12,0.12,R
149.868,93,0,0,255,0,-1.52,-3.55,9.27,-0.00,0.02,-0.01,-2.93,0.88,9.41,-0.01,0.03,-0.00,-1.26,1.25,9.62,-0.02,0.00,-0.01,-1.44,1.27,9.70,-0.01,0.01,-0.01,-0.75,6.97,7.08,0.00,0.02,-0.01,0.36,-0.15,0.94,0.18,-0.24,-0.31,R
149.919,40,0,0,255,0,-1.46,-3.54,9.24,-0.00,0.02,-0.01,-2.87,0.86,9.39,-0.02,0.03,-0.00,-1.42,1.15,9.62,-0.02,0.01,-0.00,-1.43,1.22,9.67,0.00,0.01,-0.00,-0.73,6.90,7.10,0.00,0.01,-0.01,0.36,-0.15,0.93,0.73,0.49,-0.49,R
149.97,42,0,0,255,0,-1.51,-3.62,9.23,0.01,0.01,-0.01,-2.95,0.86,9.37,-0.01,0.02,0.00,-1.42,1.22,9.64,-0.01,0.00,0.00,-1.41,1.21,9.74,-0.00,0.01,0.01,-0.72,6.97,7.04,0.00,0.02,0.00,0.35,-0.15,0.94,0.61,0.12,-0.79,R
150.022,100,0,0,255,0,-1.40,-3.49,9.28,0.00,0.02,-0.01,-2.89,0.83,9.36,-0.03,0.02,-0.00,-1.39,1.15,9.65,-0.04,0.01,-0.00,-1.45,1.27,9.72,-0.01,0.02,-0.00,-0.74,6.94,7.13,-0.00,0.02,0.00,0.35,-0.16,0.93,0.49,-0.31,-0.79,R
150.072,99,0,0,255,0,-1.51,-3.55,9.24,0.04,-0.01,-0.01,-2.91,0.92,9.41,0.05,0.04,0.04,-1.26,1.11,9.68,0.03,0.02,0.03,-1.38,1.34,9.69,0.04,0.02,0.03,-0.77,6.94,7.09,0.09,0.04,0.03,0.34,-0.15,0.94,-0.24,2.44,-1.71,R
150.124,91,0,0,255,0,-1.37,-3.32,9.23,0.00,0.04,-0.01,-2.80,1.02,9.43,-0.06,0.03,-0.02,-1.40,1.16,9.68,-0.09,0.01,-0.02,-1.43,1.20,9.68,-0.07,0.01,-0.03,-0.74,6.90,7.15,-0.14,0.02,-0.02,0.38,-0.14,0.94,3.91,-4.33,-2.62,R
150.175,18,0,0,255,0,-1.62,-3.58,9.23,-0.02,0.03,-0.02,-2.97,0.92,9.43,-0.07,0.02,-0.01,-1.46,1.07,9.63,-0.09,0.02,0.01,-1.39,1.17,9.67,-0.04,0.02,0.00,-0.79,6.95,7.07,-0.01,0.03,-0.01,0.34,-0.17,0.93,2.56,-2.50,-1.83,R
150.227,30,0,0,255,0,-1.61,-3.43,9.27,-0.02,-0.05,-0.00,-2.90,0.97,9.39,-0.03,0.01,0.02,-1.43,1.33,9.58,-0.07,-0.00,0.03,-1.35,1.14,9.69,-0.04,0.02,0.02,-0.74,6.91,7.12,-0.01,0.03,0.00,0.37,-0.14,0.94,2.32,-1.77,-0.43,R
150.277,34,0,0,255,0,-1.41,-3.49,9.20,-0.04,0.01,-0.02,-2.90,0.83,9.37,-0.10,0.01,-0.03,-1.51,1.04,9.68,-0.05,0.01,-0.02,-1.47,1.13,9.73,-0.04,0.01,-0.02,-0.69,6.87,7.12,-0.02,0.02,-0.02,0.33,-0.17,0.94,2.50,-2.44,-0.12,R
150.328,42,0,0,255,0,-1.54,-3.39,9.28,0.00,-0.00,-0.01,-2.94,0.90,9.40,0.01,0.02,-0.00,-1.38,1.20,9.65,-0.02,0.00,0.00,-1.46,1.16,9.69,-0.03,0.01,-0.01,-0.71,7.04,7.04,-0.04,0.01,-0.02,0.37,-0.16,0.94,1.16,-0.24,-0.37,R
150.379,32,0,0,255,0,-1.51,-3.51,9.21,-0.03,0.03,-0.03,-2.90,0.84,9.48,-0.05,0.01,-0.02,-1.42,1.15,9.64,-0.04,-0.00,-0.01,-1.47,1.07,9.64,-0.01,0.01,-0.02,-0.71,6.85,7.10,-0.02,0.01,-0.02,0.35,-0.17,0.94,1.83,-0.31,-1.34,R
150.429,98,0,0,255,0,-1.53,-3.68,9.22,0.01,0.03,-0.01,-2.89,0.92,9.38,0.01,0.01,0.00,-1.43,1.11,9.64,-0.02,-0.01,0.00,-1.42,1.11,9.71,0.01,0.01,-0.00,-0.80,6.90,7.17,-0.00,0.02,0.01,0.35,-0.16,0.94,1.22,-0.06,-1.77,R
150.48,101,0,0,255,0,-1.46,-3.59,9.24,0.01,0.00,-0.02,-2.88,0.87,9.42,0.02,0.04,0.01,-1.39,1.14,9.64,-0.01,0.02,0.01,-1.38,1.11,9.73,0.01,0.02,0.00,-0.76,6.88,7.15,0.02,0.02,-0.01,0.35,-0.16,0.93,-0.49,-0.18,-1.83,R
150.531,84,0,0,255,0,-1.42,-3.59,9.25,0.00,0.01,-0.00,-2.84,0.84,9.42,-0.01,0.03,0.00,-1.46,1.17,9.65,-0.01,0.01,-0.00,-1.45,1.15,9.68,-0.00,0.02,0.00,-0.73,6.81,7.21,-0.01,0.02,0.00,0.34,-0.17,0.93,0.49,0.61,-1.40,R
150.583,51,0,0,255,0,-1.51,-3.58,9.22,0.04,0.01,-0.01,-2.93,1.00,9.39,0.04,0.05,0.02,-1.44,1.20,9.61,-0.00,0.03,0.02,-1.43,1.17,9.76,0.04,0.02,0.01,-0.74,7.02,7.12,0.05,0.02,0.01,0.36,-0.17,0.94,-1.04,0.67,-2.44,R
150.634,54,0,0,255,0,-1.47,-3.48,9.28,0.00,0.03,-0.01,-2.92,0.90,9.39,-0.03,0.02,0.00,-1.39,1.21,9.66,-0.05,-0.01,-0.00,-1.40,1.16,9.71,-0.02,0.01,-0.01,-0.66,6.84,7.15,-0.01,0.02,-0.00,0.35,-0.17,0.93,2.08,-1.04,-2.44,R
150.685,38,0,0,255,0,-1.47,-3.54,9.26,0.02,0.04,-0.01,-2.87,0.95,9.39,0.03,0.04,0.02,-1.44,1.34,9.64,-0.00,0.01,0.01,-1.40,1.17,9.69,0.02,0.01,0.01,-0.69,7.02,7.09,0.04,0.02,0.00,0.36,-0.17,0.94,0.67,0.67,-2.14,R
150.735,24,0,0,255,0,-1.45,-3.54,9.27,-0.00,0.05,-0.02,-2.85,0.84,9.41,-0.02,0.02,0.00,-1.38,1.22,9.70,-0.01,-0.00,0.00,-1.44,1.19,9.72,0.01,0.01,-0.01,-0.79,6.88,7.16,0.02,0.02,-0.02,0.34,-0.17,0.93,1.28,-0.67,-2.08,R
150.786,41,0,0,255,0,-1.54,-3.56,9.26,0.02,0.06,-0.02,-2.93,0.90,9.43,-0.01,0.03,0.01,-1.46,1.17,9.62,-0.02,-0.00,0.01,-1.44,1.21,9.70,0.03,0.01,0.00,-0.68,6.85,7.20,0.02,0.02,0.01,0.34,-0.17,0.93,-0.12,1.22,-1.83,R
150.838,101,0,0,255,0,-1.48,-3.62,9.21,-0.01,0.07,-0.04,-2.90,0.88,9.41,-0.06,0.03,-0.00,-1.42,1.20,9.67,-0.05,0.01,-0.01,-1.41,1.11,9.70,-0.02,0.01,-0.01,-0.82,6.89,7.10,-0.02,0.01,-0.02,0.34,-0.17,0.93,-1.34,-1.65,-1.65,R
150.889,95,0,0,255,0,-1.55,-3.61,9.21,-0.01,0.05,-0.04,-2.90,0.87,9.41,-0.01,0.03,-0.00,-1.44,1.17,9.63,-0.04,0.01,-0.01,-1.36,1.13,9.66,-0.01,0.02,-0.01,-0.72,6.85,7.15,0.03,0.02,-0.03,0.34,-0.17,0.94,-0.85,0.61,0.00,R
150.939,14,0,0,255,0,-1.64,-3.54,9.27,-0.00,0.03,-0.01,-2.91,0.77,9.38,-0.01,0.03,-0.00,-1.34,1.16,9.68,-0.01,0.01,0.00,-1.30,1.17,9.69,0.02,0.02,0.00,-0.78,6.83,7.15,0.04,0.02,-0.02,0.34,-0.17,0.94,-1.71,1.40,1.10,R
150.991,97,0,0,255,0,-1.50,-3.51,9.23,0.00,0.03,-0.01,-2.49,0.88,9.64,-0.00,0.03,-0.01,-1.47,1.18,9.63,-0.04,0.01,-0.01,-1.44,1.19,9.69,-0.03,0.01,-0.01,-0.72,6.88,7.15,0.01,0.01,-0.04,0.35,-0.16,0.94,0.00,1.34,1.65,R
151.042,87,0,0,255,0,-1.66,-3.55,9.25,0.03,0.04,0.00,-2.97,0.94,9.37,0.02,0.03,0.01,-1.41,1.19,9.63,-0.01,0.01,0.00,-1.43,1.21,9.78,0.01,0.02,0.00,-0.73,6.82,7.16,0.02,0.02,-0.00,0.35,-0.17,0.94,-1.53,1.59,0.55,R
151.092,30,0,0,255,0,-1.54,-3.50,9.26,0.04,0.01,0.02,-2.97,0.92,9.32,0.01,0.03,0.01,-1.43,1.28,9.67,-0.02,0.01,0.00,-1.37,1.20,9.70,-0.00,0.02,0.01,-0.71,6.89,7.16,0.01,0.02,-0.01,0.36,-0.16,0.93,0.18,1.65,0.67,R
151.143,36,0,0,255,0,-1.61,-3.47,9.20,-0.01,0.01,-0.00,-3.00,0.96,9.38,-0.03,0.03,-0.01,-1.52,1.24,9.66,-0.04,0.01,-0.01,-1.38,1.14,9.70,-0.02,0.02,-0.00,-0.77,6.86,7.13,-0.01,0.02,-0.01,0.35,-0.17,0.94,0.49,-1.34,1.34,R
151.194,25,0,0,255,0,-1.59,-3.55,9.26,0.01,-0.01,0.01,-2.94,0.87,9.44,-0.00,0.02,0.01,-1.39,1.21,9.67,-0.01,0.01,0.01,-1.44,1.16,9.67,0.01,0.02,0.01,-0.72,6.99,7.09,0.02,0.02,-0.01,0.35,-0.16,0.93,0.00,0.85,1.34,R
151.246,36,0,0,255,0,-1.61,-3.51,9.25,0.00,-0.03,0.02,-2.97,0.97,9.40,0.02,0.01,0.02,-1.47,1.26,9.61,-0.02,0.00,0.01,-1.34,1.15,9.65,-0.01,0.02,0.02,-0.69,6.86,7.13,0.02,0.03,0.02,0.35,-0.15,0.94,0.31,-0.37,1.16,R
151.297,101,0,0,255,0,-1.56,-3.52,9.27,-0.04,-0.02,0.02,-2.86,0.89,9.41,-0.04,0.01,0.01,-1.33,1.24,9.64,-0.07,0.01,0.01,-1.41,1.12,9.70,-0.04,0.02,0.00,-0.76,6.97,7.11,0.00,0.03,-0.01,0.35,-0.16,0.93,-0.37,-2.50,2.69,R
151.349,101,0,0,255,0,-1.63,-3.53,9.21,-0.04,-0.03,0.01,-3.06,0.91,9.38,-0.03,-0.01,0.01,-1.52,1.20,9.67,-0.05,0.01,0.01,-1.50,1.17,9.72,-0.02,0.02,0.02,-0.73,6.90,7.09,-0.01,0.04,0.02,0.34,-0.16,0.94,2.14,-1.46,2.44,R
151.398,20,0,0,255,0,-1.61,-3.52,9.25,-0.05,-0.01,0.04,-2.95,0.94,9.45,-0.04,0.02,0.02,-1.54,1.20,9.62,-0.07,0.01,0.02,-1.53,1.13,9.73,-0.05,0.02,0.03,-0.79,6.97,7.06,-0.01,0.04,0.03,0.34,-0.17,0.94,3.30,-4.52,3.72,R
151.449,52,0,0,255,0,-1.46,-3.70,9.28,-0.06,-0.03,0.04,-2.91,0.82,9.51,0.01,0.04,0.08,-1.40,1.17,9.67,0.01,0.01,0.05,-1.41,1.24,9.66,0.03,0.02,0.06,-0.79,6.98,7.09,0.08,0.05,0.06,0.34,-0.16,0.93,-0.24,1.28,3.54,R
151.501,34,0,0,255,0,-1.53,-3.51,9.23,-0.04,-0.01,0.05,-2.84,0.87,9.37,-0.06,0.03,0.05,-1.32,1.13,9.65,-0.07,0.01,0.03,-1.33,1.28,9.66,-0.04,0.03,0.03,-0.64,6.82,7.13,-0.01,0.04,0.03,0.35,-0.14,0.93,4.46,-1.22,5.86,R
151.552,25,0,0,255,0,-1.52,-3.63,9.14,-0.01,0.01,0.04,-2.87,0.88,9.47,0.02,0.03,0.04,-1.42,1.13,9.73,-0.04,0.02,0.03,-1.42,1.18,9.65,0.01,0.03,0.02,-0.73,7.01,7.09,0.02,0.04,0.02,0.35,-0.16,0.93,4.46,1.28,5.68,R
151.603,99,0,0,255,0,-1.62,-3.60,9.19,-0.02,-0.00,0.03,-3.00,0.87,9.50,-0.02,0.02,0.02,-1.47,1.20,9.67,-0.04,0.01,0.01,-1.53,1.10,9.69,-0.02,0.02,0.02,-0.79,7.03,7.12,0.02,0.03,0.03,0.35,-0.17,0.94,-0.79,-2.14,2.32,R
151.653,98,0,0,255,0,-1.44,-3.66,9.26,-0.07,-0.01,0.01,-2.91,0.78,9.57,0.00,0.04,0.02,-1.38,1.24,9.61,-0.04,0.03,0.01,-1.45,1.19,9.71,-0.02,0.03,-0.01,-0.65,6.89,7.11,-0.02,0.05,-0.00,0.36,-0.15,0.93,-5.43,-2.87,4.15,R
151.705,95,0,0,255,0,-1.47,-3.73,9.22,-0.04,-0.02,-0.01,-2.92,1.02,9.40,-0.05,0.02,-0.01,-1.47,1.20,9.66,-0.07,0.01,-0.01,-1.40,1.25,9.72,-0.03,0.02,-0.02,-0.73,7.01,7.13,-0.04,0.03,-0.01,0.33,-0.14,0.94,-0.73,-1.59,6.41,R
151.756,58,0,0,255,0,-1.72,-3.58,9.18,-0.05,-0.01,0.02,-2.96,0.90,9.38,-0.02,0.10,0.02,-1.53,1.10,9.73,-0.01,0.05,0.01,-1.49,1.13,9.72,0.02,0.04,0.01,-0.68,6.92,7.11,0.04,0.04,0.01,0.35,-0.14,0.94,-2.32,3.05,10.56,R
151.807,23,0,0,255,0,-1.24,-3.62,9.20,-0.09,-0.02,0.02,-2.89,0.92,9.39,-0.04,0.06,-0.01,-1.43,1.38,9.52,-0.06,0.02,-0.01,-1.36,1.21,9.65,-0.08,0.01,-0.03,-0.70,6.93,7.09,-0.08,0.01,-0.05,0.38,-0.14,0.94,1.46,-1.65,5.19,R
151.857,45,0,0,255,0,-1.42,-3.98,9.12,-0.10,-0.00,-0.02,-2.95,0.75,9.42,-0.06,0.04,-0.04,-1.47,1.13,9.67,-0.01,0.01,-0.05,-1.49,1.11,9.69,-0.04,0.01,-0.03,-0.77,6.68,7.17,-0.07,0.00,-0.04,0.33,-0.17,0.94,3.72,-0.61,6.29,R
151.909,47,0,0,255,0,-1.36,-3.79,9.21,0.02,0.02,-0.01,-2.94,0.87,9.39,0.14,0.11,-0.02,-1.54,1.12,9.70,0.06,0.04,-0.03,-1.49,1.28,9.67,0.08,0.03,-0.03,-0.77,7.02,7.09,-0.00,-0.02,-0.06,0.38,-0.14,0.93,-12.57,2.26,0.73,R
151.959,44,0,0,255,0,-1.44,-3.52,9.26,-0.16,0.05,-0.10,-3.06,1.01,9.36,-0.11,0.08,-0.14,-1.43,1.37,9.55,-0.08,0.04,-0.13,-1.43,1.02,9.75,-0.11,0.03,-0.15,-0.70,6.57,7.24,-0.28,-0.07,-0.19,0.34,-0.12,0.94,-8.48,-9.89,0.37,R
152.01,65,0,0,255,0,-1.55,-4.08,9.05,-0.13,0.00,-0.07,-3.21,0.61,9.35,-0.00,0.12,-0.10,-1.59,1.12,9.66,0.03,0.06,-0.08,-1.47,1.02,9.67,0.04,0.04,-0.08,-0.79,6.73,7.29,0.00,-0.03,-0.10,0.31,-0.13,0.95,-8.30,-3.85,-1.10,R
152.062,14,0,0,255,1,-1.53,-3.87,9.17,-0.05,0.02,-0.02,-3.27,0.70,9.35,0.05,0.21,-0.03,-1.64,1.21,9.63,0.15,0.14,-0.04,-1.56,1.13,9.73,0.17,0.07,-0.04,-0.79,6.89,7.28,0.08,-0.01,-0.09,0.34,-0.12,0.95,-11.90,0.18,-2.14,R
152.113,96,0,0,255,0,-1.16,-3.80,9.15,-0.08,0.02,0.00,-3.22,0.71,9.21,-0.01,0.11,-0.02,-1.59,1.24,9.57,-0.02,0.03,-0.03,-1.49,1.25,9.68,0.00,0.02,-0.05,-0.80,6.81,7.25,-0.05,-0.03,-0.09,0.37,-0.08,0.95,-8.54,-6.29,-8.79,R
152.164,95,0,0,255,0,-1.34,-4.00,9.05,-0.05,0.04,-0.10,-2.77,0.95,9.45,-0.15,0.42,-0.03,-1.61,1.17,9.61,0.03,0.08,-0.06,-1.61,1.36,9.72,0.07,0.05,-0.07,-0.85,6.70,7.30,-0.04,-0.01,-0.10,0.33,-0.10,0.95,-8.30,-3.48,-8.97,R
152.215,10,0,0,255,12,-1.68,-3.96,9.08,-0.08,0.04,-0.12,-3.49,0.85,9.20,-0.03,0.10,-0.03,-1.77,1.31,9.59,-0.02,0.04,-0.04,-1.58,1.18,9.59,-0.01,0.02,-0.04,-0.78,6.69,7.25,-0.03,-0.01,-0.04,0.31,-0.09,0.96,-6.16,-5.49,-8.91,R
152.266,11,0,0,255,0,-1.44,-3.99,9.11,0.01,0.04,-0.07,-3.37,0.89,9.29,0.01,0.04,0.01,-1.74,1.25,9.64,-0.04,0.02,-0.02,-1.57,1.25,9.65,0.00,0.02,-0.03,-0.84,6.72,7.34,-0.02,0.00,-0.04,0.33,-0.11,0.95,-1.10,-3.17,-7.39,R
152.317,48,0,0,255,0,-1.50,-3.94,9.11,-0.05,0.02,-0.06,-3.43,0.84,9.30,-0.06,0.07,-0.01,-1.70,1.22,9.62,-0.06,0.05,-0.01,-1.56,1.23,9.65,-0.01,0.03,-0.02,-0.83,6.70,7.27,0.02,0.01,-0.05,0.32,-0.09,0.96,-1.53,-2.87,-5.25,R
152.367,11,0,0,255,3,-1.37,-4.11,9.03,-0.07,0.03,-0.06,-3.30,0.80,9.23,-0.09,0.06,-0.01,-1.78,1.19,9.59,-0.06,0.04,-0.02,-1.58,1.26,9.65,-0.05,0.04,-0.03,-0.87,6.72,7.26,-0.06,0.01,-0.06,0.33,-0.10,0.95,-0.18,-4.58,-4.82,R
152.418,95,0,0,255,0,-1.47,-4.07,8.99,-0.09,0.05,-0.10,-3.44,0.72,9.28,-0.07,0.12,-0.04,-1.80,1.18,9.61,-0.07,0.10,-0.04,-1.68,1.16,9.70,-0.01,0.07,-0.05,-0.92,6.64,7.37,-0.02,0.02,-0.08,0.31,-0.11,0.95,-3.36,-3.85,-3.66,R
152.469,90,0,0,255,0,-1.53,-4.12,9.06,-0.07,0.05,-0.08,-3.43,0.70,9.24,-0.04,0.08,-0.03,-1.89,1.08,9.60,-0.05,0.06,-0.03,-1.60,1.14,9.71,-0.01,0.03,-0.04,-0.89,6.72,7.35,-0.04,-0.00,-0.05,0.31,-0.10,0.96,1.77,-2.20,-3.23,R
152.521,1,0,0,255,0,-1.46,-4.27,8.83,-0.04,0.05,-0.07,-3.62,0.78,9.13,-0.03,0.07,0.01,-1.85,1.13,9.54,-0.02,0.03,-0.02,-1.74,1.16,9.64,0.01,0.02,-0.02,-0.88,6.61,7.36,0.02,0.01,-0.03,0.30,-0.10,0.96,-0.31,-2.08,-4.94,R
152.572,7,0,0,255,0,-1.42,-4.28,8.99,-0.01,0.04,-0.04,-3.59,0.70,9.15,0.01,0.08,0.00,-1.87,1.18,9.54,0.00,0.01,0.00,-1.68,1.18,9.67,0.03,0.03,-0.01,-0.90,6.62,7.33,0.01,0.01,-0.01,0.31,-0.10,0.96,-3.42,-1.10,-5.92,R
152.623,51,0,0,255,0,-1.40,-4.26,8.99,-0.01,0.03,-0.04,-3.60,0.67,9.20,0.01,0.10,0.01,-1.83,1.20,9.57,0.01,0.03,0.01,-1.70,1.32,9.66,0.02,0.02,-0.00,-0.94,6.68,7.31,0.03,0.01,-0.01,0.31,-0.09,0.96,-2.50,-0.43,-3.97,R
152.673,71,0,0,255,0,-1.44,-4.21,8.96,0.01,0.03,-0.03,-3.62,0.68,9.22,0.00,0.06,0.00,-1.80,1.22,9.58,-0.01,0.02,0.00,-1.57,1.24,9.62,0.01,0.02,-0.01,-0.98,6.65,7.30,0.04,0.03,-0.03,0.30,-0.10,0.96,-0.06,-0.49,-2.56,R
152.724,12,0,0,255,0,-1.47,-4.26,8.93,-0.00,0.03,-0.01,-3.64,0.64,9.16,0.03,0.06,0.01,-1.88,1.19,9.55,-0.00,0.02,0.01,-1.76,1.28,9.66,0.02,0.02,0.01,-0.91,6.69,7.33,0.05,0.02,-0.01,0.30,-0.10,0.96,-2.14,0.61,-2.08,R
152.775,10,0,0,255,0,-1.39,-4.20,9.00,0.04,0.01,0.01,-3.70,0.77,9.18,0.03,0.04,0.02,-1.88,1.20,9.56,0.01,0.01,0.01,-1.70,1.25,9.62,0.03,0.02,0.01,-0.90,6.75,7.24,0.06,0.02,-0.01,0.31,-0.09,0.96,-0.98,0.73,-1.89,R
152.826,5,0,0,255,0,-1.47,-4.24,9.04,0.00,0.01,0.00,-3.55,0.69,9.06,0.02,0.04,0.01,-1.89,1.16,9.57,-0.00,0.01,0.00,-1.73,1.29,9.74,0.03,0.01,0.00,-0.93,6.68,7.29,0.05,0.02,-0.01,0.30,-0.09,0.96,-1.77,0.92,-1.53,R
152.877,96,0,0,255,0,-1.48,-4.21,8.99,0.01,0.01,0.01,-3.70,0.73,9.17,0.04,0.04,0.01,-1.86,1.31,9.55,0.01,0.01,0.01,-1.70,1.24,9.64,0.04,0.01,0.01,-0.97,6.77,7.25,0.06,0.03,0.00,0.31,-0.09,0.96,-3.42,0.79,-2.01,R
152.928,11,0,0,255,0,-1.39,-4.23,8.95,0.02,0.02,0.00,-3.64,0.75,9.13,0.02,0.03,0.01,-1.92,1.23,9.62,0.00,0.01,0.00,-1.65,1.36,9.59,0.01,0.01,-0.00,-0.90,6.75,7.25,0.03,0.02,-0.00,0.31,-0.09,0.96,-1.16,0.61,-0.85,R
152.979,11,0,0,255,0,-1.52,-4.28,8.99,0.02,0.00,0.01,-3.71,0.75,9.15,0.04,0.05,0.02,-1.87,1.23,9.52,0.02,0.02,0.01,-1.70,1.32,9.68,0.05,0.02,0.01,-0.89,6.83,7.17,0.06,0.02,0.01,0.30,-0.09,0.96,-1.89,2.32,0.00,R
153.031,8,0,0,255,0,-1.43,-4.14,8.95,0.04,0.00,0.02,-3.64,0.88,9.13,0.05,0.05,0.02,-1.90,1.36,9.55,0.03,0.02,0.01,-1.62,1.44,9.63,0.04,0.02,0.01,-0.87,6.81,7.23,0.06,0.02,0.00,0.32,-0.08,0.96,-1.40,2.01,0.06,R
153.081,14,0,0,255,0,-1.48,-4.14,9.00,-0.00,0.00,0.01,-3.70,0.91,9.14,0.03,0.03,0.01,-1.90,1.34,9.56,-0.01,0.00,0.01,-1.74,1.40,9.59,0.01,0.02,0.01,-0.85,6.72,7.18,0.01,0.02,0.00,0.31,-0.08,0.96,0.37,0.67,0.37,R
153.132,8,0,0,255,0,-1.45,-4.19,9.02,0.01,-0.01,0.00,-3.70,0.91,9.21,0.00,0.04,0.00,-1.82,1.35,9.51,-0.01,0.02,0.01,-1.65,1.31,9.57,0.01,0.02,0.00,-0.87,6.80,7.21,0.02,0.02,-0.01,0.32,-0.08,0.96,-0.06,0.67,0.49,R
153.184,14,0,0,255,0,-1.48,-4.12,9.05,0.01,-0.00,0.01,-3.68,0.91,9.18,0.00,0.02,0.00,-1.81,1.33,9.60,-0.03,-0.01,0.00,-1.67,1.40,9.65,-0.01,0.01,-0.01,-0.88,6.74,7.17,0.01,0.02,-0.02,0.32,-0.08,0.96,1.16,-0.18,0.12,R
153.235,96,0,0,255,0,-1.42,-4.19,8.99,-0.01,0.01,-0.00,-3.74,0.86,9.16,-0.02,0.03,-0.01,-1.88,1.34,9.51,-0.03,0.01,-0.01,-1.67,1.35,9.58,-0.01,0.02,-0.00,-0.91,6.77,7.18,0.02,0.02,-0.02,0.31,-0.09,0.95,-0.73,-0.31,0.00,R
153.286,83,0,0,255,0,-1.45,-4.21,8.99,0.01,0.01,0.00,-3.68,0.85,9.14,0.02,0.03,0.01,-1.91,1.35,9.55,-0.01,-0.00,0.01,-1.66,1.44,9.62,0.00,0.01,0.00,-0.85,6.77,7.21,0.02,0.01,-0.01,0.32,-0.08,0.96,-0.37,0.49,-0.49,R
153.337,12,0,0,255,0,-1.45,-4.18,9.04,-0.01,0.02,-0.01,-3.70,0.87,9.20,-0.01,0.02,-0.01,-1.91,1.35,9.55,-0.03,0.01,-0.00,-1.71,1.39,9.60,0.00,0.01,-0.00,-0.87,6.79,7.20,0.01,0.01,-0.01,0.31,-0.08,0.96,-0.12,-0.18,-0.37,R
153.387,6,0,0,255,0,-1.47,-4.21,9.00,0.02,0.01,0.00,-3.70,0.84,9.10,0.03,0.04,0.01,-1.88,1.40,9.57,0.00,0.02,0.01,-1.73,1.44,9.64,0.02,0.01,0.00,-0.94,6.83,7.11,0.04,0.02,0.00,0.31,-0.08,0.96,-1.10,1.28,-0.24,R
153.439,7,0,0,255,0,-1.35,-4.17,8.98,-0.01,0.01,-0.00,-3.67,0.91,9.13,0.03,0.02,0.01,-1.84,1.43,9.54,-0.01,-0.01,0.00,-1.65,1.42,9.64,0.00,0.01,-0.00,-0.86,6.86,7.15,0.01,0.01,-0.02,0.32,-0.07,0.96,0.85,0.24,-0.43,R
153.489,97,0,0,255,0,-1.42,-4.16,8.97,-0.01,0.02,-0.01,-3.76,0.80,9.11,0.01,0.03,0.00,-1.90,1.39,9.55,-0.01,0.01,-0.00,-1.68,1.39,9.60,0.01,0.02,-0.00,-0.88,6.83,7.24,0.03,0.02,-0.00,0.31,-0.08,0.96,-0.18,0.37,-0.31,R
153.54,52,0,0,255,0,-1.44,-4.13,9.05,0.02,0.01,0.00,-3.67,0.98,9.15,0.01,0.02,0.01,-1.90,1.36,9.56,-0.02,0.00,-0.00,-1.69,1.43,9.59,0.01,0.01,-0.00,-0.90,6.87,7.19,-0.01,0.01,-0.01,0.32,-0.08,0.96,0.67,0.31,-0.55,R
153.591,13,0,0,255,0,-1.38,-4.16,8.99,-0.01,0.02,-0.01,-3.78,0.91,9.07,0.01,0.03,0.00,-1.91,1.44,9.56,-0.01,0.00,-0.00,-1.75,1.43,9.65,-0.00,0.01,0.00,-0.85,6.86,7.13,0.01,0.02,0.00,0.31,-0.08,0.96,0.18,0.37,-0.61,R
153.642,16,0,0,255,0,-1.43,-4.13,9.05,0.01,0.02,-0.01,-3.72,0.85,9.09,0.00,0.03,0.00,-1.83,1.43,9.58,-0.02,-0.00,-0.00,-1.64,1.46,9.64,-0.01,0.01,-0.01,-0.87,6.79,7.19,-0.02,0.01,-0.01,0.32,-0.07,0.96,0.98,-0.12,-0.49,R
153.693,98,0,0,255,0,-1.45,-4.17,9.00,-0.02,0.03,-0.01,-3.52,0.84,9.19,-0.03,0.04,-0.01,-1.91,1.36,9.52,-0.04,0.01,-0.00,-1.71,1.44,9.60,-0.01,0.01,-0.01,-0.87,6.88,7.08,0.00,0.02,-0.02,0.31,-0.08,0.96,0.61,-0.37,0.18,R
153.744,69,0,0,255,0,-1.47,-4.11,9.02,0.00,0.02,-0.00,-3.69,0.92,9.11,-0.01,0.03,0.00,-1.88,1.37,9.54,-0.03,0.02,0.00,-1.66,1.40,9.62,-0.00,0.02,-0.00,-0.93,6.81,7.24,0.02,0.02,-0.02,0.31,-0.08,0.96,-0.43,0.49,0.37,R
153.795,30,0,0,255,0,-1.46,-4.12,9.00,-0.01,0.02,-0.00,-3.73,0.93,9.17,-0.03,0.03,-0.00,-1.92,1.37,9.56,-0.04,0.01,-0.00,-1.77,1.42,9.62,-0.01,0.02,-0.01,-0.93,6.82,7.11,0.00,0.02,-0.02,0.31,-0.08,0.96,0.61,-0.06,0.24,R
153.847,98,0,0,255,0,-1.51,-4.23,8.98,0.01,0.02,-0.01,-3.69,0.90,9.15,-0.01,0.02,-0.01,-1.89,1.32,9.56,-0.04,0.01,-0.00,-1.72,1.45,9.61,-0.01,0.01,-0.01,-0.93,6.80,7.21,-0.00,0.01,-0.02,0.31,-0.08,0.96,1.04,-0.06,-0.18,R
153.897,99,0,0,255,0,-1.46,-4.19,8.95,0.01,0.02,-0.01,-3.68,0.93,9.12,0.01,0.04,-0.00,-1.91,1.43,9.55,-0.03,0.01,-0.00,-1.70,1.39,9.59,-0.01,0.01,-0.01,-0.91,6.81,7.15,0.00,0.01,-0.02,0.32,-0.08,0.96,0.55,0.18,0.00,R
153.949,54,0,0,255,0,-1.45,-4.14,9.04,-0.01,0.03,-0.01,-3.76,0.90,9.10,-0.02,0.03,-0.01,-1.86,1.40,9.55,-0.05,0.01,-0.01,-1.69,1.41,9.60,-0.02,0.02,-0.01,-0.97,6.83,7.16,-0.01,0.01,-0.02,0.32,-0.08,0.96,1.40,-0.06,0.31,R
154.0,42,0,0,255,0,-1.49,-4.16,8.98,-0.01,0.03,-0.01,-3.71,0.90,9.12,-0.03,0.03,-0.01,-1.88,1.36,9.57,-0.04,0.01,-0.00,-1.72,1.41,9.67,-0.01,0.02,-0.01,-0.95,6.80,7.17,0.00,0.01,-0.02,0.32,-0.08,0.96,1.28,0.43,0.61,R
154.05,7,0,0,255,0,-1.47,-4.13,8.99,-0.03,0.02,-0.01,-3.71,0.90,9.01,-0.05,0.04,-0.03,-1.91,1.33,9.51,-0.06,0.02,-0.02,-1.72,1.42,9.64,-0.05,0.03,-0.03,-0.86,6.79,7.14,-0.07,0.01,-0.05,0.32,-0.08,0.96,0.85,-1.16,0.85,R
154.101,31,0,0,255,0,-1.57,-4.47,8.88,0.03,0.01,-0.07,-3.85,0.82,9.09,-0.05,0.01,-0.02,-1.99,1.37,9.51,-0.02,0.00,-0.01,-1.72,1.29,9.55,-0.01,0.02,-0.00,-0.94,6.79,7.20,0.01,0.01,0.00,0.30,-0.08,0.96,1.59,-0.06,1.10,R
154.152,31,0,0,255,0,-1.45,-4.19,9.00,0.01,0.00,-0.01,-3.73,0.84,9.14,-0.01,0.02,0.00,-1.95,1.36,9.56,-0.03,0.01,0.00,-1.68,1.40,9.61,-0.02,0.01,-0.00,-0.91,6.75,7.23,0.00,0.02,-0.01,0.31,-0.08,0.96,0.79,0.37,1.40,R
154.205,29,0,0,255,0,-1.50,-4.27,8.94,0.01,0.00,-0.00,-3.73,0.83,9.15,0.01,0.02,0.01,-1.89,1.36,9.55,-0.01,-0.00,0.01,-1.67,1.32,9.60,-0.00,0.01,0.00,-0.91,6.75,7.23,0.03,0.02,-0.01,0.32,-0.08,0.96,0.37,0.85,1.16,R
154.255,87,0,0,255,0,-1.48,-4.19,8.96,0.01,0.01,0.00,-3.74,0.82,9.18,-0.01,0.02,0.00,-1.91,1.33,9.55,-0.03,0.00,-0.00,-1.75,1.40,9.66,-0.01,0.01,-0.00,-0.89,6.80,7.20,0.00,0.01,-0.00,0.32,-0.08,0.96,0.92,0.43,0.61,R
154.306,76,0,0,255,0,-1.46,-4.18,8.96,0.01,0.01,0.00,-3.73,0.83,9.12,0.01,0.02,0.01,-1.92,1.29,9.58,-0.02,0.00,0.01,-1.70,1.36,9.60,0.01,0.01,0.00,-0.90,6.80,7.17,0.01,0.02,-0.01,0.32,-0.08,0.96,0.49,1.10,0.06,R
154.357,31,0,0,255,0,-1.48,-4.20,8.96,0.01,0.01,-0.00,-3.72,0.88,9.14,0.01,0.02,0.01,-1.87,1.30,9.54,-0.01,0.00,0.01,-1.70,1.43,9.61,-0.00,0.01,0.01,-0.93,6.76,7.23,0.01,0.02,-0.00,0.32,-0.08,0.96,0.67,0.43,0.55,R
154.408,99,0,0,255,0,-1.53,-4.19,8.99,0.02,0.00,0.01,-3.72,0.82,9.08,0.01,0.02,0.01,-1.92,1.35,9.56,-0.01,0.01,0.01,-1.69,1.38,9.63,0.02,0.02,0.01,-0.92,6.81,7.17,0.03,0.02,-0.00,0.32,-0.08,0.96,0.31,1.46,0.85,R
154.458,93,0,0,255,0,-1.48,-4.19,8.97,0.02,0.00,0.01,-3.74,0.84,9.15,0.02,0.02,0.02,-1.88,1.36,9.54,-0.01,0.00,0.01,-1.71,1.34,9.55,0.01,0.01,0.01,-0.88,6.83,7.18,0.04,0.02,0.01,0.32,-0.08,0.96,0.37,1.71,0.67,R
154.51,98,0,0,255,0,-1.46,-4.06,9.04,0.02,0.01,0.01,-3.80,0.99,9.11,0.01,0.03,0.00,-1.90,1.40,9.55,-0.03,0.01,-0.00,-1.68,1.43,9.61,-0.01,0.02,-0.00,-0.88,6.81,7.18,-0.01,0.01,-0.01,0.33,-0.08,0.96,0.24,0.12,0.49,R
154.56,42,0,0,255,0,-1.46,-4.08,9.04,-0.01,0.01,0.00,-3.77,0.87,9.13,0.00,0.03,0.00,-1.97,1.43,9.54,-0.02,0.01,0.01,-1.74,1.39,9.63,-0.00,0.02,0.00,-0.91,6.86,7.15,0.01,0.02,-0.01,0.32,-0.08,0.95,-0.31,0.98,0.67,R
154.612,22,0,0,255,0,-1.54,-4.18,8.93,0.01,-0.00,0.01,-3.79,0.88,9.10,0.01,0.04,0.02,-1.92,1.35,9.54,0.01,0.01,0.01,-1.74,1.42,9.64,0.02,0.01,0.01,-0.90,6.76,7.16,0.02,0.01,0.01,0.32,-0.08,0.96,-0.31,1.22,1.04,R
154.662,39,0,0,255,0,-1.42,-4.14,9.07,-0.01,0.01,0.02,-3.69,0.93,9.08,0.00,0.02,0.00,-1.85,1.41,9.55,-0.02,0.01,0.00,-1.71,1.46,9.62,-0.00,0.02,-0.00,-0.92,6.82,7.10,0.01,0.01,-0.01,0.33,-0.08,0.96,0.24,0.18,0.92,R
154.714,39,0,0,255,0,-1.52,-4.17,8.96,0.01,0.01,0.00,-3.84,0.88,9.00,0.01,0.05,0.02,-1.88,1.38,9.50,0.00,0.01,0.00,-1.70,1.49,9.57,0.02,0.02,0.01,-0.94,6.85,7.19,0.02,0.02,0.00,0.32,-0.08,0.96,-0.49,1.34,0.37,R
154.765,98,0,0,255,0,-1.46,-4.17,9.04,0.01,0.01,0.00,-3.73,0.95,9.05,0.01,0.02,0.01,-1.94,1.47,9.56,-0.01,0.00,-0.00,-1.67,1.40,9.62,0.01,0.01,-0.00,-0.88,6.81,7.16,0.01,0.02,-0.01,0.32,-0.08,0.96,1.34,0.49,0.06,R
154.816,101,0,0,255,0,-1.49,-4.19,8.99,0.01,0.01,0.01,-3.79,0.91,9.10,0.01,0.03,0.00,-1.99,1.45,9.48,-0.00,0.01,0.01,-1.72,1.43,9.57,0.01,0.02,0.01,-0.89,6.87,7.12,0.03,0.02,0.00,0.32,-0.08,0.95,0.24,1.04,0.61,R
154.867,100,0,0,255,0,-1.45,-4.14,8.96,-0.01,-0.01,0.01,-3.79,1.01,9.08,0.02,0.05,0.01,-1.93,1.39,9.49,-0.00,0.02,-0.00,-1.68,1.47,9.61,0.01,0.01,0.00,-0.87,6.78,7.18,0.02,0.02,-0.01,0.33,-0.07,0.95,-0.06,0.92,0.79,R
154.918,61,0,0,255,0,-1.34,-4.18,8.96,-0.00,0.01,0.00,-3.77,0.91,9.08,-0.02,0.02,-0.00,-1.96,1.40,9.53,-0.02,0.00,-0.00,-1.79,1.54,9.58,-0.01,0.01,-0.01,-0.92,6.81,7.19,-0.02,0.01,-0.01,0.32,-0.08,0.96,1.34,-0.37,0.31,R
154.969,31,0,0,255,0,-1.56,-4.17,8.97,0.01,0.01,0.00,-3.78,0.98,9.07,0.01,0.02,0.01,-1.95,1.48,9.54,-0.01,0.00,0.01,-1.65,1.47,9.60,0.02,0.01,0.00,-0.87,6.87,7.15,0.04,0.02,0.00,0.32,-0.08,0.96,0.12,1.04,0.24,R
155.02,33,0,0,255,0,-1.40,-4.08,8.99,-0.01,0.00,-0.00,-3.76,0.97,9.12,-0.01,0.03,0.01,-1.99,1.47,9.52,-0.03,0.00,-0.00,-1.74,1.49,9.60,-0.01,0.01,-0.00,-0.90,6.83,7.11,-0.01,0.01,-0.00,0.33,-0.08,0.95,0.98,-0.12,0.37,R
155.071,30,0,0,255,0,-1.45,-4.18,8.99,-0.00,0.01,-0.01,-3.80,0.97,9.11,-0.01,0.03,-0.01,-1.96,1.46,9.53,-0.02,0.01,-0.00,-1.71,1.44,9.59,-0.00,0.01,-0.00,-0.91,6.86,7.15,0.00,0.02,-0.01,0.33,-0.07,0.96,0.67,0.00,0.67,R
155.121,26,0,0,255,0,-1.42,-4.19,8.94,-0.01,0.03,-0.01,-3.73,1.04,9.08,-0.03,0.03,-0.02,-1.88,1.48,9.59,-0.07,0.01,-0.02,-1.70,1.51,9.60,-0.04,0.02,-0.03,-0.88,6.85,7.16,-0.05,0.00,-0.04,0.33,-0.07,0.95,1.77,-1.53,0.37,R
155.173,31,0,0,255,0,-1.53,-4.33,8.91,-0.02,0.03,-0.02,-3.84,0.83,9.07,-0.02,0.03,-0.00,-2.01,1.44,9.48,-0.01,0.01,-0.00,-1.74,1.38,9.64,0.02,0.01,0.01,-0.92,6.82,7.13,0.04,0.03,0.01,0.30,-0.09,0.95,0.00,1.04,-0.31,R
155.226,100,0,0,255,0,-1.47,-4.17,8.99,0.09,-0.00,0.02,-3.83,1.03,9.07,0.08,0.02,0.04,-1.85,1.52,9.50,0.02,-0.01,0.02,-1.70,1.50,9.58,0.05,0.00,0.02,-0.93,6.82,7.15,0.05,0.02,0.02,0.34,-0.07,0.96,-1.22,2.75,-0.18,R
155.275,99,0,0,255,0,-1.46,-4.10,9.01,-0.00,0.02,0.01,-3.76,0.98,9.11,-0.01,0.02,-0.00,-1.89,1.46,9.49,-0.01,-0.02,-0.01,-1.69,1.49,9.53,-0.00,0.00,-0.01,-0.82,6.87,7.15,-0.01,0.01,-0.01,0.32,-0.07,0.96,-1.53,-0.43,0.79,R
155.326,62,0,0,255,0,-1.52,-4.07,9.03,0.02,0.02,0.01,-3.76,1.08,9.06,0.01,0.01,0.00,-1.91,1.52,9.53,-0.04,-0.00,-0.01,-1.70,1.49,9.56,-0.01,0.01,-0.01,-0.92,6.83,7.07,-0.01,0.01,-0.01,0.33,-0.07,0.95,-0.43,0.43,2.93,R
155.376,38,0,0,255,0,-1.52,-4.12,9.05,-0.00,0.00,0.01,-3.80,0.95,9.07,-0.03,0.01,-0.01,-1.87,1.49,9.49,-0.04,-0.01,-0.01,-1.68,1.55,9.57,-0.02,-0.00,-0.01,-0.92,6.79,7.15,-0.01,0.02,-0.01,0.32,-0.07,0.95,4.46,0.31,5.37,R
155.427,17,0,0,255,0,-1.45,-4.15,8.97,0.00,-0.01,0.02,-3.73,1.11,9.04,0.01,-0.02,0.00,-1.88,1.59,9.53,-0.05,-0.06,0.00,-1.69,1.15,9.64,-0.02,-0.01,-0.01,-0.90,6.84,7.17,-0.00,0.02,0.01,0.33,-0.07,0.96,5.49,1.46,5.68,R
155.479,4,0,0,255,0,-1.47,-4.13,9.02,0.02,-0.01,0.02,-3.76,0.91,9.08,0.01,-0.02,0.01,-1.87,1.49,9.51,-0.01,-0.06,0.01,-1.62,1.56,9.62,0.02,-0.01,0.01,-0.87,6.84,7.09,0.04,0.03,0.02,0.33,-0.07,0.96,5.55,4.09,5.74,R
155.53,96,0,0,255,0,-1.41,-4.14,8.95,0.01,-0.01,0.04,-3.73,0.97,9.07,0.02,-0.01,0.01,-1.81,1.48,9.57,-0.02,-0.03,0.01,-1.66,1.52,9.57,0.02,-0.01,0.01,-0.88,6.87,7.13,0.03,0.03,0.04,0.33,-0.08,0.95,4.94,4.82,6.65,R
155.582,14,0,0,255,0,-1.42,-4.18,9.03,0.05,0.01,0.05,-3.73,0.99,9.15,0.05,-0.04,0.05,-1.92,1.54,9.62,-0.02,-0.05,0.02,-1.51,1.66,9.60,0.01,-0.02,0.02,-0.64,7.04,6.98,0.03,0.02,0.06,0.35,-0.10,0.98,15.38,6.10,8.91,R
155.631,9,0,0,255,0,-1.62,-4.06,9.14,0.13,0.01,0.04,-3.74,1.35,9.15,0.07,-0.04,0.06,-1.79,1.54,9.49,-0.06,-0.07,0.04,-1.56,1.47,9.52,0.01,-0.01,0.04,-0.90,6.95,7.12,0.08,0.04,0.07,0.33,-0.09,0.94,-25.45,4.52,2.93,R
155.683,11,0,0,255,0,-1.55,-4.01,9.10,0.06,-0.01,0.04,-3.71,1.25,9.21,0.06,-0.02,0.03,-1.36,1.37,9.43,-0.06,-0.01,0.06,-1.66,1.45,9.45,0.08,0.02,0.07,-0.86,6.94,7.06,0.05,0.06,0.09,0.31,-0.07,0.96,-16.85,7.14,10.31,R
155.733,98,0,0,255,0,-1.48,-3.98,9.17,0.06,-0.00,0.06,-3.70,1.17,9.12,0.05,-0.01,0.04,-1.61,1.69,9.68,-0.01,-0.03,0.03,-1.62,1.73,9.58,0.07,0.02,0.03,-0.83,6.83,7.09,0.04,0.04,0.04,0.35,-0.05,0.93,-10.56,5.37,2.69,R
155.785,96,0,0,255,0,-1.42,-3.93,9.15,0.02,0.00,0.06,-3.70,1.18,9.19,0.01,0.02,0.07,-1.68,1.47,9.55,0.03,-0.02,0.03,-1.51,1.78,9.62,0.02,0.01,0.03,-0.70,6.85,7.08,0.07,0.04,0.03,0.36,-0.00,0.91,10.38,8.18,9.16,R
155.836,63,0,0,255,0,-1.50,-4.00,9.07,0.07,0.03,0.07,-3.69,1.24,9.21,0.04,0.03,0.04,-1.79,1.60,9.55,0.00,0.02,0.02,-1.67,1.54,9.63,0.00,0.02,0.03,-0.82,6.94,7.08,0.07,0.04,0.03,0.38,-0.11,0.96,11.41,7.81,9.16,R
155.886,79,0,0,255,0,-1.58,-3.97,9.11,0.08,0.02,0.09,-3.61,1.24,9.11,0.02,0.06,0.07,-1.78,1.66,9.52,0.01,0.02,0.04,-1.66,1.54,9.58,0.01,0.03,0.05,-0.73,6.96,6.99,0.07,0.05,0.07,0.38,-0.07,0.93,16.05,10.44,10.31,R
155.938,101,0,0,255,0,-1.37,-3.91,9.12,0.03,0.02,0.11,-3.52,1.03,9.18,-0.00,0.04,0.07,-1.64,1.60,9.56,0.02,-0.01,0.03,-1.59,1.69,9.58,-0.00,0.02,0.03,-0.75,6.99,7.01,0.03,0.04,0.04,0.39,-0.08,0.95,15.50,8.06,6.04,R
155.989,97,0,0,255,0,-1.57,-3.72,9.12,0.00,0.01,0.06,-3.62,1.39,9.13,-0.08,-0.01,0.00,-1.70,1.56,9.56,-0.06,-0.03,0.00,-1.65,1.69,9.57,-0.07,0.00,0.00,-0.72,7.00,7.01,-0.06,0.02,0.01,0.39,-0.09,0.93,6.65,2.62,6.77,R
156.04,11,0,0,255,0,-1.53,-3.82,9.17,0.06,0.02,0.04,-3.65,1.24,9.08,-0.01,0.00,0.02,-1.77,1.69,9.55,-0.03,-0.02,0.01,-1.60,1.61,9.59,-0.03,0.01,0.01,-0.75,7.03,7.00,0.01,0.04,0.01,0.40,-0.09,0.92,8.79,4.21,4.15,R
156.091,12,0,0,255,3,-1.58,-3.97,9.09,0.06,0.02,0.06,-3.63,1.22,9.12,-0.01,-0.01,0.03,-1.70,1.72,9.57,-0.03,-0.03,0.02,-1.59,1.62,9.56,-0.04,0.00,0.01,-0.77,6.99,6.94,0.01,0.03,0.01,0.40,-0.10,0.93,6.04,3.30,1.10,R
156.141,94,0,0,255,0,-1.55,-3.88,9.12,0.01,0.01,0.02,-3.65,1.36,9.15,-0.03,0.01,0.01,-1.69,1.70,9.50,-0.04,-0.01,0.01,-1.64,1.49,9.58,-0.03,0.01,0.01,-0.76,6.98,7.02,0.01,0.03,0.01,0.40,-0.10,0.93,0.24,0.55,-1.83,R
156.192,11,0,0,255,0,-1.59,-3.92,9.11,0.02,0.01,0.01,-3.59,1.41,9.14,-0.01,-0.01,0.01,-1.60,1.76,9.51,-0.05,-0.02,0.00,-1.60,1.53,9.62,-0.06,0.01,-0.00,-0.83,7.10,7.00,-0.04,0.02,-0.01,0.41,-0.07,0.91,4.46,-0.61,0.49,R
156.243,87,0,0,255,0,-1.62,-3.71,9.16,-0.03,0.01,-0.02,-3.59,1.33,9.14,-0.05,0.01,-0.02,-1.68,1.67,9.54,-0.07,-0.01,-0.01,-1.56,1.56,9.58,-0.06,0.00,-0.01,-0.78,7.06,7.00,-0.04,0.02,-0.02,0.40,-0.09,0.92,-0.43,-3.48,-0.85,R
156.295,14,0,0,255,4,-1.56,-3.79,9.16,-0.04,0.01,-0.03,-3.48,1.19,9.15,-0.04,0.01,-0.01,-1.65,1.68,9.56,-0.05,-0.01,-0.01,-1.55,1.58,9.60,-0.06,0.00,-0.02,-0.68,6.97,7.08,-0.04,0.01,-0.03,0.40,-0.10,0.93,3.60,-2.14,-0.79,R
156.346,95,0,0,255,0,-1.60,-3.87,9.12,-0.04,0.02,-0.03,-3.58,1.26,9.12,-0.05,-0.00,-0.03,-1.68,1.64,9.52,-0.10,-0.01,-0.01,-1.61,1.40,9.59,-0.07,-0.00,-0.02,-0.71,6.98,7.10,-0.05,0.01,-0.02,0.39,-0.11,0.92,4.88,-3.72,-1.46,R
156.397,12,0,0,255,0,-1.47,-3.86,9.13,-0.03,0.04,-0.03,-3.62,1.18,9.15,-0.02,0.03,-0.02,-1.63,1.62,9.52,-0.04,0.01,-0.01,-1.64,1.43,9.63,-0.04,0.01,-0.02,-0.80,6.84,7.08,-0.04,0.02,-0.02,0.39,-0.11,0.93,0.24,-2.56,-2.81,R
156.447,10,0,0,255,0,-1.66,-3.93,9.10,0.00,0.03,-0.02,-3.57,1.17,9.17,-0.01,0.02,-0.00,-1.65,1.51,9.53,-0.00,0.01,-0.01,-1.56,1.48,9.60,-0.00,0.01,-0.00,-0.68,6.91,7.05,0.01,0.01,-0.01,0.38,-0.11,0.92,1.28,-0.49,-3.11,R
156.499,11,0,0,255,0,-1.57,-3.84,9.14,0.03,0.04,-0.02,-3.58,1.21,9.17,0.00,0.04,0.00,-1.62,1.61,9.58,0.01,0.01,0.00,-1.58,1.54,9.66,0.01,0.01,0.00,-0.76,6.93,7.13,0.03,0.02,0.01,0.39,-0.10,0.93,-0.55,-0.85,-2.69,R
156.55,9,0,0,255,0,-1.52,-3.84,9.10,0.04,0.04,-0.02,-3.54,1.23,9.27,-0.00,0.04,-0.00,-1.63,1.63,9.55,-0.00,0.01,-0.01,-1.59,1.51,9.66,-0.02,0.01,-0.01,-0.67,6.96,7.07,-0.01,0.01,-0.02,0.38,-0.10,0.92,1.28,-0.92,-1.95,R
156.602,96,0,0,255,0,-1.69,-3.90,9.12,0.04,0.05,-0.01,-3.56,1.25,9.13,0.01,0.05,0.01,-1.68,1.51,9.55,-0.00,0.02,0.01,-1.58,1.53,9.59,0.04,0.01,0.01,-0.76,6.90,7.10,0.06,0.02,0.01,0.38,-0.12,0.93,-3.42,0.18,-4.76,R
156.652,59,0,0,255,0,-1.66,-3.79,9.13,0.01,0.03,-0.02,-3.60,1.31,9.08,-0.06,-0.00,-0.00,-1.71,1.54,9.60,-0.08,-0.01,0.00,-1.60,1.49,9.62,-0.05,0.01,-0.01,-0.71,6.90,7.11,-0.05,0.02,-0.01,0.39,-0.11,0.93,6.77,-3.97,-3.42,R
156.703,11,0,0,255,0,-1.64,-3.88,9.15,-0.01,-0.03,0.00,-3.54,1.16,9.15,-0.07,0.02,0.01,-1.71,1.49,9.56,-0.04,0.01,0.02,-1.56,1.54,9.62,-0.02,0.01,0.01,-0.75,7.00,7.04,0.02,0.03,-0.02,0.39,-0.12,0.93,4.03,-2.62,-2.62,R
156.754,2,0,0,255,0,-1.56,-3.79,9.12,-0.03,-0.01,-0.02,-3.58,1.32,9.08,-0.03,-0.01,0.02,-1.62,1.63,9.55,-0.09,-0.01,0.02,-1.52,1.40,9.65,-0.08,0.01,0.01,-0.71,6.93,7.08,-0.02,0.02,-0.01,0.38,-0.12,0.94,9.09,-4.33,-2.69,R
156.805,96,0,0,255,0,-1.67,-3.79,9.12,-0.03,0.04,-0.02,-3.42,0.79,9.54,0.24,-0.22,0.15,-1.79,1.46,9.69,-0.04,-0.06,0.03,-1.68,1.38,9.63,-0.04,-0.00,0.03,-0.80,7.17,6.94,0.01,0.03,0.03,0.36,-0.15,0.92,11.84,-6.16,-4.09,R
156.855,96,0,0,255,0,-1.58,-3.94,9.12,0.03,0.04,-0.03,-7.15,0.81,19.35,-0.32,-3.08,1.37,-1.38,1.54,9.54,0.15,-0.09,0.07,-1.54,1.36,9.71,0.14,0.02,0.01,-0.71,6.89,7.12,-0.08,0.03,0.04,0.39,-0.16,0.93,11.17,-5.31,-1.83,R
156.907,9,0,0,255,4,-1.46,-4.02,8.92,-0.02,-0.18,0.07,0.28,0.54,5.08,-0.42,-1.40,0.59,-1.38,1.53,9.69,-0.42,-0.35,0.09,-1.44,1.53,9.74,-0.23,-0.08,-0.01,-0.68,6.84,7.18,-0.11,0.00,-0.01,0.41,-0.13,0.92,15.81,-7.08,-6.90,R
156.959,9,0,0,255,4,-1.48,-4.12,8.94,-0.03,-0.08,-0.00,-0.32,1.29,6.96,-0.19,-0.46,0.13,-1.49,1.36,9.60,-0.21,-0.15,0.04,-1.60,1.42,9.60,-0.13,-0.01,-0.00,-0.64,6.72,7.17,-0.07,0.01,0.04,0.34,-0.15,0.92,1.22,-5.74,-6.41,R
157.009,17,0,0,255,2,-1.52,-3.74,9.10,-0.01,-0.01,-0.04,-0.36,1.69,6.80,-0.51,0.94,0.18,-1.17,1.18,9.63,-0.43,-0.16,0.02,-1.49,1.36,9.70,-0.33,-0.03,-0.02,-0.75,6.73,7.23,-0.19,0.02,-0.02,0.37,-0.15,0.93,2.69,-7.02,-5.00,R
157.06,9,0,0,255,7,-1.50,-4.03,9.05,-0.04,0.07,-0.10,-2.66,0.44,5.82,-0.73,4.24,-0.21,-1.43,1.02,10.05,-0.71,-0.17,-0.03,-1.61,1.07,9.44,-0.45,-0.11,-0.08,-0.80,6.25,7.36,-0.40,-0.03,-0.06,0.35,-0.23,0.94,2.56,-8.85,-4.94,R
157.111,53,0,0,255,0,-1.71,-3.10,9.28,0.11,0.05,-0.07,-2.40,0.15,9.98,0.03,0.14,-0.06,-1.19,0.70,9.69,0.09,0.04,-0.02,-1.43,1.00,9.66,-0.01,0.02,0.00,-0.66,6.64,7.36,0.05,0.01,0.00,0.34,-0.16,0.94,-4.03,3.05,-2.56,R
157.162,21,0,0,255,0,-1.45,-3.86,9.06,0.01,0.02,-0.02,-1.56,0.99,9.57,-0.03,0.06,-0.03,-1.15,0.96,9.70,-0.08,-0.01,-0.02,-1.53,1.06,9.73,-0.08,-0.01,-0.03,-0.67,6.94,7.29,-0.10,0.00,-0.03,0.34,-0.17,0.93,2.50,-4.33,-1.22,R
157.213,17,0,0,255,0,-1.42,-3.99,9.07,-0.02,0.00,-0.03,-2.20,0.93,9.57,0.03,0.06,-0.02,-1.09,0.90,9.73,-0.06,-0.01,-0.01,-1.46,1.07,9.69,-0.03,0.00,-0.02,-0.75,6.62,7.39,-0.01,0.01,-0.04,0.35,-0.16,0.94,1.22,-0.61,-1.77,R
157.263,9,0,0,255,0,-1.46,-3.97,9.08,0.00,0.06,-0.04,-1.98,0.99,9.58,-0.01,0.04,-0.03,-1.06,0.91,9.73,-0.10,-0.04,-0.02,-1.33,1.08,9.78,-0.09,-0.02,-0.03,-0.69,6.53,7.46,-0.12,0.01,-0.03,0.34,-0.16,0.95,3.66,-3.48,-1.53,R
157.316,79,0,0,255,0,-1.50,-3.93,9.09,0.00,0.02,-0.03,-2.36,0.91,9.57,-0.04,-0.07,-0.02,-1.14,0.90,9.73,-0.10,-0.06,-0.02,-1.36,0.93,9.67,-0.11,-0.03,-0.02,-0.68,6.56,7.43,-0.07,0.01,-0.03,0.33,-0.17,0.94,4.64,-2.50,-1.16,R
157.366,9,0,0,255,0,-1.47,-3.84,9.04,0.01,0.02,-0.05,-2.27,1.02,9.51,-0.12,-0.21,-0.03,-0.97,0.81,9.72,-0.27,-0.09,-0.04,-1.43,0.94,9.75,-0.33,-0.04,-0.05,-0.69,6.64,7.47,-0.26,-0.01,-0.09,0.36,-0.15,0.95,10.01,-8.91,-0.49,R
157.417,89,0,0,255,0,-1.54,-4.01,9.13,-0.05,-0.01,-0.08,-2.02,0.71,9.56,-0.21,-0.07,-0.09,-1.07,0.56,9.76,-0.25,-0.02,-0.04,-1.49,0.81,9.64,-0.27,0.01,-0.04,-0.63,6.40,7.63,-0.24,0.01,-0.05,0.29,-0.19,0.94,8.73,-10.62,2.99,R
157.468,11,0,0,255,5,-1.45,-3.94,9.20,0.04,-0.11,-0.06,-2.13,0.76,9.62,-0.20,-0.07,-0.06,-0.75,1.31,9.98,-0.25,-0.19,-0.04,-1.45,1.42,9.47,-0.12,-0.01,-0.08,-0.80,6.20,7.74,-0.26,0.03,-0.04,0.33,-0.19,0.93,9.16,-15.01,3.42,R
157.518,9,0,0,255,8,-1.48,-3.83,9.17,-0.08,-0.09,-0.09,-1.99,0.94,9.61,-0.48,-0.11,-0.09,-0.92,0.57,9.82,-0.39,0.02,-0.04,-1.33,0.40,9.84,-0.34,0.00,-0.05,-0.83,6.10,7.74,-0.33,-0.04,-0.06,0.32,-0.18,0.97,9.09,-20.39,4.94,R
157.57,95,0,0,255,0,-1.28,-4.19,9.14,-0.09,-0.12,0.03,-1.81,0.15,9.66,-0.61,-0.11,-0.07,-1.13,0.21,9.75,-0.45,0.11,0.01,-1.31,0.46,9.73,-0.36,-0.01,-0.05,-0.69,6.22,7.77,-0.32,-0.04,-0.09,0.29,-0.19,0.95,10.99,-21.30,5.37,R
157.621,48,0,0,255,0,-1.39,-4.06,9.10,-0.09,-0.08,0.04,-2.06,-0.16,9.69,-0.48,-0.09,-0.07,-1.43,-0.02,9.72,-0.33,0.06,-0.04,-1.48,-0.43,9.64,-0.39,-0.02,-0.03,-0.65,5.79,7.99,-0.30,0.00,-0.04,0.24,-0.21,0.97,14.22,-23.32,5.37,R
157.672,10,0,0,255,6,-1.13,-4.07,8.99,0.12,-0.11,0.18,-2.40,-0.00,9.66,-0.33,-0.01,0.01,-1.04,-0.16,9.77,-0.29,0.00,0.04,-1.49,-0.37,9.72,-0.21,-0.02,0.01,-0.95,5.77,8.14,-0.12,0.05,0.02,0.25,-0.21,0.94,13.43,-15.44,2.93,R
157.723,14,0,0,255,6,-1.16,-3.98,9.04,0.04,0.04,0.02,-1.85,-0.42,9.62,-0.16,0.05,0.01,-1.09,-0.34,9.77,-0.25,0.01,0.00,-1.36,-0.07,9.88,-0.21,-0.00,-0.03,-0.74,5.88,8.08,-0.16,0.01,-0.08,0.27,-0.23,0.95,8.24,-12.33,-0.43,R
157.774,96,0,0,255,0,-1.15,-4.08,9.05,0.03,0.01,0.00,-1.70,-0.81,9.62,-0.14,0.08,-0.01,-1.11,0.11,9.79,-0.11,0.00,-0.02,-1.34,0.06,9.74,-0.05,0.03,-0.05,-0.76,5.65,8.16,-0.11,0.04,-0.05,0.20,-0.24,0.94,8.18,-11.78,-1.10,R
157.825,37,0,0,255,0,-1.38,-3.90,9.18,0.02,0.02,-0.00,-1.99,-0.57,9.75,-0.08,0.12,0.00,-1.21,-0.62,9.85,-0.14,0.03,0.02,-1.43,-0.28,9.74,-0.11,0.01,-0.01,-0.87,5.65,8.23,-0.14,0.02,0.00,0.20,-0.24,0.98,6.23,-10.68,0.61,R
157.875,27,0,0,255,0,-1.06,-4.03,9.06,0.05,-0.00,0.08,-2.10,-0.61,9.61,-0.10,0.10,0.01,-1.08,-0.45,9.76,-0.17,0.02,0.01,-1.45,-0.34,9.81,-0.10,0.02,-0.04,-0.86,5.72,8.20,-0.15,-0.01,-0.05,0.26,-0.24,0.95,6.65,-8.67,-3.91,R
157.927,14,0,0,255,0,-1.30,-4.41,9.19,-0.08,-0.01,0.03,-1.98,-0.52,9.65,-0.19,0.07,-0.05,-1.14,-0.67,9.79,-0.29,0.02,-0.01,-1.47,-0.14,9.80,-0.15,0.05,-0.06,-0.76,5.75,8.20,-0.33,0.01,-0.10,0.20,-0.24,0.96,8.24,-20.57,-2.75,R
157.978,13,0,0,255,0,-1.23,-3.94,9.12,-0.06,-0.03,0.02,-2.03,-0.73,9.67,-0.24,0.06,-0.07,-0.96,-0.87,9.73,-0.30,0.06,-0.03,-1.31,-0.65,9.86,-0.30,0.11,-0.05,-0.66,5.42,8.39,-0.25,0.07,-0.19,0.16,-0.25,0.98,9.58,-20.26,0.43,R
158.029,8,0,0,255,0,-1.07,-4.06,9.04,-0.01,-0.06,0.06,-1.84,-0.87,9.62,-0.11,0.06,-0.02,-0.88,0.04,9.67,-0.15,0.03,-0.02,-1.41,-0.04,9.74,-0.16,0.10,-0.05,-0.92,5.21,8.47,-0.20,0.13,-0.10,0.17,-0.27,0.93,10.07,-13.85,0.98,R
158.08,9,0,0,255,0,-1.22,-4.09,9.05,-0.06,-0.03,0.00,-2.10,-0.78,9.64,-0.10,0.09,-0.04,-1.12,-1.10,9.69,-0.12,0.04,-0.02,-1.78,-0.95,9.84,-0.15,0.08,-0.04,-1.21,5.00,8.57,-0.13,0.06,-0.07,0.14,-0.27,0.95,2.08,-9.40,0.31,R
158.131,11,0,0,255,0,-1.14,-4.30,9.01,-0.01,0.07,0.09,-2.11,-0.97,9.62,0.10,0.14,-0.03,-1.20,-1.23,9.70,0.11,0.02,-0.03,-1.58,-0.90,9.75,0.14,-0.01,-0.03,-1.06,5.11,8.53,0.19,-0.16,0.06,0.11,-0.28,0.90,-3.36,9.40,0.73,R
158.182,18,0,0,255,0,-1.26,-4.08,9.08,-0.01,0.03,-0.01,-0.88,-1.18,9.28,0.39,0.12,0.09,-1.16,-1.02,9.68,0.31,-0.05,0.02,-1.46,-0.65,9.82,0.27,-0.06,0.04,-0.97,5.64,8.37,0.26,-0.06,0.12,0.17,-0.27,1.00,-4.82,15.75,-0.12,R
158.233,31,0,0,255,0,-1.16,-4.02,9.15,0.06,0.04,0.01,-2.18,-0.47,9.61,0.29,0.09,0.08,-1.07,-0.72,9.78,0.21,-0.03,-0.00,-1.38,-0.46,9.77,0.16,-0.02,0.01,-0.79,5.46,8.35,0.15,-0.01,0.03,0.19,-0.26,0.96,-6.16,13.18,-2.50,R
158.284,9,0,0,255,2,-1.30,-4.06,9.00,0.05,0.05,-0.04,-2.26,-0.28,9.66,0.24,0.09,0.04,-1.14,-0.71,9.75,0.17,-0.03,0.00,-1.45,-0.54,9.79,0.12,-0.01,0.02,-0.85,5.45,8.38,0.06,0.03,0.05,0.19,-0.25,0.98,-6.04,9.34,-2.81,R
158.335,9,0,0,255,1,-1.30,-4.00,9.07,0.03,0.03,-0.01,-2.12,-0.25,9.68,0.18,0.04,0.04,-1.02,-0.49,9.77,0.13,-0.02,0.01,-1.39,-0.34,9.79,0.09,-0.01,0.02,-0.86,5.46,8.32,0.12,0.02,0.02,0.19,-0.24,0.96,-2.32,7.57,-1.71,R
158.386,11,0,0,255,0,-1.29,-4.03,9.06,0.02,0.04,-0.00,-2.24,-0.26,9.67,0.12,0.06,0.03,-1.03,-0.46,9.74,0.15,-0.00,0.01,-1.41,-0.29,9.82,0.12,0.00,0.02,-0.80,5.52,8.25,0.10,0.01,0.04,0.18,-0.24,0.95,-4.94,8.48,-1.28,R
158.437,83,0,0,255,0,-1.26,-3.94,9.09,0.02,0.03,-0.02,-2.19,-0.01,9.67,0.11,0.04,0.02,-0.99,-0.42,9.75,0.05,-0.00,0.01,-1.42,-0.37,9.76,0.04,0.01,0.00,-0.82,5.58,8.23,0.06,0.03,-0.00,0.22,-0.23,0.97,-2.69,2.93,-1.59,R
158.487,10,0,0,255,14,-1.34,-4.07,9.07,0.01,0.04,-0.03,-2.30,-0.14,9.61,0.09,0.06,0.01,-1.08,-0.31,9.76,0.07,0.01,-0.00,-1.33,-0.32,9.81,0.09,0.01,0.01,-0.79,5.54,8.23,0.19,0.03,-0.00,0.19,-0.25,0.95,-3.85,6.23,0.06,R
158.539,15,0,0,255,0,-1.32,-3.96,9.11,0.04,0.02,0.01,-2.29,0.10,9.70,0.14,0.05,0.03,-1.01,-0.19,9.84,0.07,0.00,0.01,-1.38,-0.17,9.81,0.07,0.01,0.00,-0.79,5.71,8.19,0.06,0.02,0.01,0.24,-0.23,0.96,-2.62,5.37,-0.98,R
158.589,6,0,0,255,3,-1.37,-4.00,9.09,0.03,0.08,-0.03,-2.44,0.12,9.67,0.11,0.07,0.00,-1.09,-0.17,9.77,0.07,0.02,0.00,-1.42,-0.21,9.77,0.07,0.01,0.00,-0.79,5.68,8.22,0.09,0.03,0.01,0.22,-0.24,0.97,-3.17,5.86,0.12,R
158.641,8,0,0,255,3,-1.28,-3.94,9.09,0.03,0.00,0.01,-2.26,0.15,9.60,0.08,0.05,0.00,-0.99,-0.26,9.79,0.05,0.02,-0.00,-1.36,-0.23,9.75,0.05,0.02,0.01,-0.88,5.71,8.09,0.08,0.02,0.00,0.22,-0.22,0.95,-2.32,3.91,0.73,R
158.691,9,0,0,255,0,-1.37,-3.96,9.09,0.02,0.02,0.00,-2.31,0.16,9.63,0.11,0.06,0.01,-1.04,-0.12,9.79,0.05,0.01,0.01,-1.42,-0.06,9.80,0.05,0.02,0.01,-0.85,5.91,8.06,0.06,0.02,0.00,0.24,-0.22,0.97,-2.44,3.91,0.06,R
158.742,9,0,0,255,8,-1.36,-3.94,9.13,-0.01,0.01,-0.01,-2.40,0.17,9.61,0.02,0.04,-0.01,-1.04,-0.14,9.78,0.01,0.03,-0.01,-1.34,-0.10,9.85,0.01,0.03,-0.01,-0.76,5.61,8.11,0.02,0.02,-0.00,0.21,-0.23,0.95,-1.28,-0.06,0.79,R
158.793,82,0,0,255,0,-1.32,-4.00,9.11,0.04,-0.01,0.00,-2.47,0.20,9.62,0.08,0.05,0.02,-1.08,-0.08,9.80,0.02,0.01,0.02,-1.36,0.01,9.79,0.03,0.02,0.01,-0.84,5.78,8.07,0.06,0.02,0.00,0.25,-0.22,0.97,-1.83,4.39,0.61,R
158.845,77,0,0,255,0,-1.35,-3.95,9.08,-0.01,0.03,-0.00,-2.39,0.23,9.62,-0.01,0.03,-0.00,-1.08,-0.07,9.79,-0.00,0.02,-0.01,-1.34,-0.07,9.77,-0.00,0.02,-0.01,-0.86,5.72,8.06,0.01,0.02,-0.02,0.23,-0.22,0.96,0.06,0.98,0.73,R
158.895,10,0,0,255,2,-1.38,-3.93,9.10,0.01,0.03,-0.00,-2.45,0.21,9.62,0.03,0.04,0.01,-1.11,-0.07,9.76,0.01,0.02,-0.01,-1.40,-0.01,9.78,0.01,0.02,0.00,-0.80,5.75,8.11,0.02,0.02,0.00,0.24,-0.22,0.96,-0.67,2.26,0.55,R
158.947,11,0,0,255,4,-1.29,-3.93,9.11,0.02,0.01,0.00,-2.35,0.22,9.53,0.03,0.04,0.01,-1.02,-0.11,9.82,0.03,0.01,-0.00,-1.42,-0.04,9.78,0.04,0.02,0.00,-0.82,5.84,8.08,0.09,0.02,-0.01,0.24,-0.22,0.96,-1.83,3.54,0.43,R
158.998,95,0,0,255,0,-1.39,-3.96,9.12,0.01,0.00,0.01,-2.43,0.26,9.62,0.01,0.06,0.01,-1.18,-0.11,9.76,0.01,0.04,0.00,-1.44,-0.08,9.75,0.04,0.04,0.01,-0.78,5.71,8.10,0.05,0.02,0.00,0.23,-0.23,0.95,-3.60,2.50,1.40,R
159.049,9,0,0,255,10,-1.24,-3.75,9.13,0.00,0.04,0.01,-2.34,0.41,9.57,-0.01,0.04,0.03,-1.18,-0.04,9.77,-0.03,0.06,-0.00,-1.41,-0.12,9.77,0.01,0.05,-0.01,-0.81,5.95,7.97,0.01,0.03,-0.03,0.27,-0.21,0.97,-1.10,4.88,3.48,R
159.1,17,0,0,255,0,-1.35,-4.01,9.10,0.04,-0.03,0.02,-2.29,0.14,9.58,-0.02,0.01,0.04,-1.07,-0.10,9.80,0.04,0.03,0.03,-1.47,-0.01,9.83,0.08,0.03,0.03,-0.85,5.85,7.99,0.16,0.02,0.03,0.23,-0.19,0.96,0.61,5.13,1.89,R
159.151,9,0,0,255,11,-1.33,-3.74,9.16,0.02,0.02,0.01,-2.50,0.33,9.47,0.19,0.15,-0.05,-1.21,0.05,9.75,0.02,0.04,-0.01,-1.51,0.11,9.79,0.00,0.01,-0.02,-0.68,6.00,7.97,-0.03,0.02,-0.01,0.27,-0.22,0.95,0.37,-2.14,1.95,R
159.202,9,0,0,255,0,-1.30,-3.83,9.10,0.01,0.03,-0.01,-2.51,0.53,9.53,0.02,0.12,-0.02,-1.18,0.12,9.76,-0.05,0.01,-0.02,-1.47,0.06,9.80,-0.06,0.01,-0.02,-0.82,5.91,8.06,-0.07,0.02,-0.02,0.27,-0.22,0.95,-1.59,0.24,0.92,R
159.252,91,0,0,255,0,-1.37,-3.94,9.10,-0.02,0.02,-0.01,-4.96,0.02,9.69,-0.00,0.38,0.02,-1.26,-0.18,9.82,-0.02,0.01,-0.01,-1.47,-0.07,9.77,-0.02,0.00,-0.00,-0.79,5.90,8.02,0.02,0.02,-0.01,0.25,-0.20,0.96,-1.83,0.55,0.43,R
159.304,10,0,0,255,10,-1.38,-3.89,9.02,-0.03,0.04,-0.01,-2.70,0.31,9.48,-0.02,0.05,-0.01,-1.18,0.04,9.76,-0.04,0.01,-0.01,-1.42,0.03,9.79,-0.02,0.01,-0.02,-0.77,5.80,8.03,-0.01,0.02,-0.01,0.24,-0.21,0.96,0.12,-1.04,1.04,R
159.355,10,0,0,255,7,-1.32,-4.01,9.08,0.02,0.00,0.00,-2.53,0.35,9.61,-0.00,0.02,0.01,-1.12,0.08,9.82,-0.04,0.00,0.01,-1.45,0.06,9.84,0.01,0.02,0.00,-0.86,5.86,8.02,0.00,0.02,-0.00,0.26,-0.21,0.96,0.67,0.98,0.61,R
159.406,95,0,0,255,0,-1.35,-3.90,9.10,0.00,0.01,-0.00,-2.64,0.40,9.55,0.01,0.04,-0.01,-1.15,0.06,9.79,-0.02,0.00,-0.00,-1.41,0.07,9.82,-0.00,0.00,-0.00,-0.83,5.81,8.03,-0.00,0.02,-0.01,0.25,-0.21,0.96,0.92,-0.43,0.18,R
159.456,9,0,0,255,6,-1.39,-3.95,9.08,-0.01,0.03,-0.01,-2.62,0.27,9.51,-0.04,0.01,-0.00,-1.15,-0.01,9.79,-0.05,-0.00,-0.00,-1.46,0.01,9.77,-0.01,0.01,-0.01,-0.80,5.84,8.06,-0.00,0.02,-0.00,0.24,-0.21,0.96,1.16,-0.79,0.31,R
159.508,94,0,0,255,0,-1.33,-3.93,9.14,0.00,0.01,-0.00,-2.60,0.42,9.51,-0.01,0.01,0.01,-1.16,0.04,9.78,-0.01,0.00,-0.00,-1.41,0.05,9.79,0.00,0.02,-0.00,-0.75,5.86,8.05,0.01,0.01,-0.01,0.26,-0.21,0.96,0.00,1.04,0.18,R
159.558,77,0,0,255,0,-1.36,-3.86,9.06,0.00,-0.01,-0.02,-2.55,0.46,9.49,-0.03,0.01,-0.01,-1.17,0.11,9.74,-0.05,0.00,-0.01,-1.44,0.04,9.84,-0.06,0.02,-0.01,-0.77,5.87,8.04,-0.10,0.02,-0.03,0.27,-0.20,0.96,1.16,-2.32,0.31,R
159.61,9,0,0,255,0,-1.35,-4.09,9.11,-0.04,-0.01,-0.02,-2.60,0.28,9.52,-0.08,-0.00,-0.03,-1.24,0.03,9.78,-0.07,0.01,-0.01,-1.48,0.00,9.81,-0.06,0.03,-0.01,-0.68,5.77,8.14,-0.01,0.03,-0.03,0.23,-0.21,0.96,0.61,-2.20,2.08,R
159.661,13,0,0,255,0,-1.19,-3.97,9.08,0.04,-0.01,0.02,-2.56,0.32,9.55,0.02,0.02,0.03,-1.20,0.25,9.77,-0.01,0.00,0.02,-1.49,0.07,9.83,-0.03,0.02,0.01,-0.93,5.93,8.03,-0.01,0.03,-0.00,0.29,-0.20,0.97,1.04,1.40,0.12,R
159.712,11,0,0,255,0,-1.20,-3.73,9.15,-0.04,0.04,-0.03,-2.51,0.25,9.54,-0.07,0.02,-0.03,-1.07,-0.01,9.78,-0.05,0.02,-0.02,-1.46,-0.06,9.80,-0.03,0.02,-0.02,-0.84,5.77,8.06,0.01,0.01,-0.03,0.23,-0.21,0.95,0.98,-0.73,0.49,R
159.762,96,0,0,255,0,-1.41,-3.94,9.13,-0.01,0.04,-0.00,-2.62,0.29,9.52,-0.02,0.03,0.00,-1.15,0.00,9.76,-0.01,0.00,0.00,-1.40,-0.02,9.77,0.01,0.01,0.00,-0.74,5.78,8.07,0.04,0.01,-0.01,0.24,-0.21,0.96,0.18,1.77,1.04,R
159.814,96,0,0,255,0,-1.37,-4.01,9.11,0.02,0.02,0.01,-2.54,0.23,9.58,-0.01,0.02,0.02,-1.26,0.00,9.80,-0.01,0.01,0.00,-1.52,0.07,9.77,0.02,0.01,0.00,-0.83,5.86,8.03,0.01,0.02,0.00,0.26,-0.21,0.97,1.28,1.22,0.73,R
159.864,22,0,0,255,0,-1.37,-4.01,9.17,0.03,0.03,0.00,-2.65,0.43,9.61,-0.02,-0.04,0.06,-1.21,-0.06,9.83,-0.01,-0.01,0.03,-1.38,-0.11,9.75,0.06,0.02,0.03,-0.81,5.82,8.04,0.12,0.02,0.02,0.25,-0.21,0.96,4.39,4.15,-1.10,R
159.916,4,0,0,255,0,-1.32,-3.93,9.10,0.05,0.03,0.01,-2.36,0.35,9.50,0.06,-0.10,0.06,-1.16,0.18,9.76,0.02,0.00,0.02,-1.43,0.14,9.79,0.04,0.02,0.00,-0.83,5.94,8.06,0.05,0.01,-0.01,0.27,-0.21,0.95,2.38,2.87,0.12,R
159.967,15,0,0,255,0,-1.38,-3.90,9.13,-0.02,0.02,-0.01,-2.40,0.42,9.52,-0.05,0.04,-0.02,-1.06,0.08,9.75,-0.08,0.02,-0.02,-1.44,0.11,9.78,-0.08,0.02,-0.03,-0.84,5.95,8.05,-0.07,0.02,-0.05,0.27,-0.21,0.96,-0.43,-1.71,2.75,R
160.018,17,0,0,255,0,-1.43,-3.91,9.14,-0.08,-0.04,-0.03,-2.44,0.25,9.57,-0.21,0.08,-0.08,-1.21,0.05,9.74,-0.09,0.03,-0.04,-1.31,0.03,9.83,-0.09,0.03,-0.03,-0.77,5.95,8.05,-0.04,0.02,-0.04,0.24,-0.21,0.95,-3.17,-5.13,4.52,R
160.069,10,0,0,255,0,-1.36,-3.96,9.13,-0.05,0.01,-0.01,-2.51,0.11,9.59,-0.09,0.06,-0.04,-1.24,-0.01,9.78,-0.11,0.01,-0.03,-1.52,0.06,9.76,-0.08,0.02,-0.03,-0.82,5.82,8.09,-0.12,0.01,-0.04,0.27,-0.21,0.97,-0.31,-3.97,2.01,R
160.12,8,0,0,255,0,-1.29,-3.92,9.06,-0.06,0.03,-0.03,-2.44,0.07,9.63,-0.08,0.07,-0.06,-1.20,-0.13,9.80,-0.06,0.03,-0.04,-1.46,-0.13,9.89,-0.03,0.02,-0.03,-0.82,5.73,8.12,-0.04,0.00,-0.04,0.23,-0.21,0.95,0.12,-1.95,1.83,R
160.171,14,0,0,255,0,-1.36,-4.02,9.03,-0.02,0.04,-0.01,-2.50,0.12,9.59,-0.00,0.03,-0.00,-1.21,-0.02,9.77,-0.02,0.00,0.01,-1.49,-0.11,9.80,0.01,0.02,0.01,-0.89,5.75,8.09,0.10,0.02,0.01,0.25,-0.20,0.97,0.18,2.38,1.16,R
160.222,26,0,0,255,0,-1.36,-4.01,9.10,0.06,0.04,0.01,-2.95,0.16,10.16,-0.00,-0.09,0.12,-1.21,-0.23,9.85,0.03,-0.02,0.05,-1.42,-0.06,9.76,0.12,0.01,0.04,-0.81,5.83,8.03,0.17,0.02,0.03,0.23,-0.21,0.95,7.20,3.05,-1.71,R
160.272,41,0,0,255,0,-1.42,-3.92,9.08,0.06,0.06,0.01,-2.31,0.20,9.70,0.12,-0.11,0.07,-1.14,-0.07,9.77,0.02,0.00,0.03,-1.45,0.07,9.80,0.05,0.02,0.01,-0.80,5.92,7.97,0.00,0.02,0.02,0.27,-0.21,0.96,2.44,0.79,0.37,R
160.323,11,0,0,255,0,-1.31,-4.30,9.03,0.06,0.07,0.01,-2.57,4.13,8.77,1.65,-0.20,0.40,-1.22,0.18,9.75,0.03,-0.01,0.05,-1.50,0.19,9.77,0.04,0.02,0.03,-0.84,5.82,8.02,0.07,0.02,0.02,0.26,-0.21,0.95,2.38,3.30,-1.65,R
160.374,96,0,0,255,0,-1.39,-4.08,9.05,0.00,-0.00,0.01,-1.68,-1.42,8.04,0.21,-0.42,-0.06,-1.15,0.07,9.71,0.03,-0.01,0.04,-1.53,0.10,9.84,0.04,0.01,0.02,-0.77,5.96,7.93,0.04,0.01,0.00,0.26,-0.20,0.95,0.49,0.79,0.37,R
160.425,90,0,0,255,0,-1.39,-3.91,9.10,-0.04,0.02,-0.02,-2.61,0.23,10.53,-0.15,0.32,0.15,-1.21,-0.23,9.71,-0.05,-0.00,-0.00,-1.51,-0.06,9.77,0.01,0.01,0.00,-0.80,5.96,7.96,0.01,0.03,0.00,0.24,-0.22,0.95,0.12,-0.18,0.61,R
160.477,96,0,0,255,0,-1.48,-3.93,9.08,0.02,-0.01,0.02,-2.15,0.63,9.55,0.14,-0.50,0.03,-1.21,-0.05,9.77,0.06,-0.00,0.04,-1.43,0.27,9.76,0.08,0.02,0.03,-0.75,5.95,7.95,0.01,0.04,0.05,0.27,-0.20,0.96,0.06,2.50,-0.43,R
160.528,69,0,0,255,0,-1.32,-3.85,9.12,-0.00,0.01,-0.00,-0.94,0.68,7.85,-0.05,-0.06,0.02,-1.14,0.20,9.75,-0.13,-0.02,-0.01,-1.50,0.05,9.78,-0.08,0.01,-0.02,-0.81,6.00,7.95,-0.06,0.02,-0.02,0.27,-0.21,0.96,2.08,-1.71,0.18,R
160.578,59,0,0,255,0,-1.46,-3.97,9.11,-0.03,-0.01,-0.02,-2.06,0.38,6.72,-0.36,0.62,0.11,-1.10,0.24,9.80,-0.16,-0.02,-0.01,-1.44,0.31,9.87,-0.14,0.01,-0.02,-0.81,5.97,7.93,-0.06,0.02,-0.04,0.26,-0.20,0.95,0.00,-0.79,0.12,R
160.63,90,0,0,255,0,-1.52,-5.24,8.60,-0.20,-0.05,-0.02,-2.29,0.37,9.32,-0.29,0.17,-0.19,-1.08,-0.93,9.79,-0.17,0.01,-0.08,-1.44,-0.45,9.70,-0.16,0.05,-0.06,-0.84,5.50,8.15,-0.18,-0.00,-0.04,0.23,-0.21,0.94,-5.19,-5.00,3.72,R
160.681,77,0,0,255,0,-1.36,-4.14,9.04,-0.02,-0.02,-0.01,-2.61,0.28,9.60,0.18,0.17,-0.05,-1.18,0.06,9.74,0.04,0.01,-0.01,-1.42,-0.05,9.83,0.05,0.01,0.01,-0.80,5.83,7.98,0.03,0.02,0.00,0.26,-0.20,0.96,-3.91,2.87,-0.43,R
160.732,97,0,0,255,0,-1.34,-3.96,9.11,-0.01,0.01,-0.01,-2.34,0.36,9.67,-0.01,0.02,-0.02,-1.21,-0.03,9.82,-0.06,-0.01,-0.01,-1.46,0.02,9.78,-0.04,0.01,-0.01,-0.77,5.77,8.03,-0.04,0.02,-0.00,0.26,-0.20,0.96,-0.43,-1.65,-0.67,R
160.783,98,0,0,255,0,-1.40,-4.05,9.07,0.01,-0.01,-0.01,-2.38,0.26,9.60,-0.00,-0.01,0.00,-1.13,-0.07,9.75,-0.02,-0.01,-0.00,-1.43,-0.03,9.77,-0.01,0.00,0.01,-0.76,5.68,8.07,0.01,0.02,0.00,0.26,-0.20,0.96,0.73,0.37,-0.55,R
160.834,99,0,0,255,0,-1.38,-3.99,9.08,0.00,0.02,-0.01,-2.58,0.37,9.51,-0.02,0.02,-0.01,-1.17,-0.03,9.80,-0.05,0.00,-0.00,-1.45,-0.05,9.78,-0.02,0.01,-0.01,-0.84,5.75,8.09,0.02,0.02,-0.02,0.25,-0.20,0.96,1.10,-1.28,-0.31,R
160.885,42,0,0,255,0,-1.31,-3.97,9.12,0.01,0.01,-0.01,-2.47,0.35,9.60,-0.01,0.01,0.00,-1.11,-0.08,9.72,-0.06,-0.01,-0.00,-1.44,-0.01,9.78,-0.03,0.01,-0.01,-0.80,5.74,8.12,-0.03,0.01,-0.02,0.26,-0.20,0.96,1.65,-1.04,-0.18,R
160.935,45,0,0,255,0,-1.38,-4.02,9.10,-0.00,0.01,-0.01,-2.38,0.26,9.56,-0.01,0.03,0.00,-1.20,-0.03,9.81,-0.03,0.00,-0.00,-1.46,-0.08,9.77,-0.02,0.02,-0.01,-0.79,5.81,8.08,-0.00,0.02,-0.01,0.25,-0.21,0.96,1.46,-0.37,0.00,R
160.987,34,0,0,255,0,-1.34,-3.98,9.05,0.01,-0.00,-0.01,-2.42,0.29,9.53,0.01,0.01,0.00,-1.20,-0.10,9.78,-0.01,-0.01,0.01,-1.48,-0.07,9.81,-0.00,0.00,0.00,-0.81,5.75,8.12,-0.01,0.02,0.00,0.26,-0.20,0.96,1.77,0.31,-0.24,R
161.038,29,0,0,255,0,-1.34,-3.98,9.11,-0.01,0.00,-0.01,-2.45,0.38,9.60,-0.02,-0.03,-0.01,-1.12,-0.06,9.78,-0.06,-0.02,-0.01,-1.45,-0.07,9.84,-0.03,-0.00,-0.01,-0.76,5.77,8.10,-0.05,0.01,-0.01,0.25,-0.20,0.96,1.77,-1.59,0.00,R
161.09,99,0,0,255,0,-1.32,-4.04,9.07,0.01,0.00,-0.01,-2.45,0.31,9.56,0.02,0.02,0.01,-1.14,-0.02,9.84,0.01,-0.01,0.00,-1.52,0.03,9.78,0.01,0.01,0.01,-0.81,5.77,8.08,0.02,0.02,0.00,0.26,-0.21,0.96,0.12,1.53,-0.06,R
161.14,99,0,0,255,0,-1.31,-4.06,9.08,-0.02,-0.01,0.00,-2.46,0.39,9.57,-0.01,-0.02,-0.01,-1.07,-0.03,9.76,-0.02,-0.01,-0.01,-1.50,0.01,9.81,-0.03,0.01,-0.01,-0.79,5.73,8.03,-0.05,0.00,0.00,0.26,-0.21,0.95,1.89,-1.04,0.37,R
161.191,57,0,0,255,0,-1.24,-4.05,9.09,0.01,0.04,-0.00,-2.45,0.39,9.59,0.04,0.04,0.00,-1.20,0.07,9.75,-0.01,0.01,-0.01,-1.47,-0.03,9.82,-0.01,0.02,-0.00,-0.83,5.79,8.13,0.01,0.02,-0.02,0.27,-0.21,0.96,0.00,2.20,0.24,R
161.241,33,0,0,255,0,-1.37,-4.00,9.02,-0.01,0.00,-0.01,-2.42,0.35,9.59,-0.02,0.02,-0.00,-1.11,0.02,9.78,-0.03,0.00,-0.01,-1.46,-0.12,9.79,-0.02,0.01,-0.00,-0.80,5.79,8.10,-0.02,0.02,-0.01,0.27,-0.21,0.95,1.77,-0.98,0.24,R
161.293,38,0,0,255,0,-1.36,-4.04,9.07,0.00,0.01,-0.01,-2.44,0.25,9.60,-0.00,0.01,0.00,-1.14,0.00,9.80,-0.01,0.00,0.01,-1.45,-0.07,9.78,0.02,0.01,0.01,-0.79,5.79,8.13,0.01,0.02,0.01,0.25,-0.21,0.96,0.67,0.55,-0.06,R
161.344,41,0,0,255,0,-1.32,-3.99,9.10,0.00,-0.01,-0.01,-2.38,0.40,9.59,0.00,0.01,-0.00,-1.14,0.01,9.84,-0.03,0.01,-0.00,-1.42,-0.06,9.80,0.00,0.01,-0.01,-0.72,5.63,8.13,-0.00,0.01,-0.00,0.26,-0.21,0.95,0.37,-0.61,0.06,R
161.395,49,0,0,255,0,-1.28,-4.00,9.11,-0.01,0.02,-0.00,-2.38,0.36,9.58,-0.01,0.02,0.00,-1.12,-0.04,9.73,-0.03,0.00,-0.01,-1.46,-0.01,9.74,-0.01,0.01,-0.01,-0.84,5.81,8.13,-0.01,0.02,-0.01,0.26,-0.21,0.96,0.31,-0.43,0.06,R
161.446,43,0,0,255,0,-1.35,-4.05,9.07,-0.01,0.01,-0.01,-2.40,0.34,9.60,0.00,0.03,0.00,-1.16,0.00,9.77,-0.01,0.01,0.01,-1.46,-0.03,9.77,0.01,0.02,-0.00,-0.79,5.71,8.15,0.00,0.02,-0.01,0.25,-0.21,0.96,-0.12,0.12,-0.12,R
161.497,44,0,0,255,0,-1.29,-4.06,9.12,-0.00,0.01,-0.01,-2.34,0.35,9.63,-0.01,0.03,-0.00,-1.10,0.03,9.76,-0.02,0.00,-0.00,-1.51,0.01,9.84,0.00,0.02,-0.00,-0.82,5.89,8.10,0.03,0.01,-0.02,0.25,-0.20,0.95,1.04,0.31,0.43,R
161.547,49,0,0,255,0,-1.31,-4.03,9.07,-0.01,0.02,-0.01,-2.39,0.42,9.57,-0.02,0.03,-0.00,-1.10,-0.05,9.77,-0.04,0.00,-0.01,-1.46,-0.06,9.84,-0.02,0.02,-0.01,-0.78,5.70,8.16,-0.00,0.01,-0.01,0.25,-0.21,0.96,1.40,-0.55,0.49,R
161.599,28,0,0,255,0,-1.31,-4.04,9.04,0.01,0.00,-0.01,-2.45,0.31,9.60,0.01,0.04,0.00,-1.20,0.06,9.75,0.00,0.01,0.01,-1.41,0.00,9.78,0.01,0.01,0.01,-0.77,5.69,8.14,0.02,0.03,0.00,0.26,-0.20,0.96,-1.04,0.67,-0.24,R
161.65,37,0,0,255,0,-1.30,-3.93,9.04,-0.01,0.01,-0.01,-2.37,0.45,9.56,-0.01,0.02,-0.01,-1.15,0.00,9.75,-0.04,0.00,-0.01,-1.44,-0.05,9.78,-0.03,0.01,-0.01,-0.74,5.68,8.15,-0.04,0.02,-0.02,0.26,-0.20,0.96,1.40,-1.59,0.12,R
161.701,48,0,0,255,0,-1.33,-4.06,9.11,-0.01,0.00,-0.01,-2.44,0.35,9.60,-0.02,0.02,0.00,-1.11,-0.06,9.73,-0.03,0.00,0.00,-1.47,-0.08,9.83,-0.01,0.02,0.00,-0.79,5.85,8.10,-0.00,0.03,-0.00,0.25,-0.21,0.95,1.10,-0.85,0.12,R
161.752,99,0,0,255,0,-1.24,-4.06,9.03,0.01,-0.01,-0.00,-2.38,0.43,9.62,0.02,0.02,0.01,-1.04,0.08,9.77,-0.01,0.00,0.01,-1.44,0.00,9.79,-0.01,0.01,0.00,-0.79,5.71,8.16,0.00,0.01,-0.01,0.26,-0.20,0.96,1.22,0.12,-0.24,R
161.803,99,0,0,255,0,-1.38,-4.09,9.09,-0.00,0.01,-0.01,-2.40,0.35,9.58,-0.02,0.02,-0.01,-1.14,-0.05,9.81,-0.02,-0.01,-0.01,-1.44,-0.09,9.77,0.00,0.01,-0.01,-0.77,5.67,8.16,0.01,0.01,-0.01,0.24,-0.20,0.96,1.89,-0.43,0.06,R
161.854,100,0,0,255,0,-1.34,-4.08,9.10,0.03,-0.01,0.01,-2.36,0.35,9.57,0.04,0.01,0.01,-1.15,0.00,9.77,0.00,-0.01,0.01,-1.45,-0.10,9.82,0.02,0.00,0.01,-0.81,5.75,8.17,0.04,0.02,0.01,0.25,-0.21,0.96,1.22,1.71,0.24,R
161.905,99,0,0,255,0,-1.19,-4.04,9.03,0.05,0.01,0.03,-2.31,0.40,9.62,0.10,0.02,0.02,-1.08,0.06,9.80,0.07,-0.03,0.00,-1.50,0.05,9.81,0.04,0.01,0.01,-0.76,5.66,8.15,0.08,0.02,0.02,0.26,-0.19,0.97,4.21,7.63,-0.18,R
161.955,101,0,0,255,0,-1.27,-3.99,9.14,0.08,0.01,0.05,-2.38,0.46,9.57,0.05,0.01,0.02,-1.10,-0.04,9.82,0.05,-0.00,-0.01,-1.48,-0.09,9.84,0.07,-0.00,-0.00,-0.71,5.60,8.13,0.19,0.00,-0.01,0.25,-0.21,0.95,6.47,6.84,1.22,R
162.007,100,0,0,255,0,-1.32,-3.92,9.11,0.17,0.02,0.09,-2.41,0.57,9.54,0.13,0.02,0.05,-1.12,0.04,9.77,0.05,0.01,0.03,-1.42,0.11,9.79,0.07,0.01,0.03,-0.73,5.98,7.94,0.24,0.01,-0.01,0.28,-0.23,0.94,5.19,9.83,1.28,R
162.057,22,0,0,255,0,-1.31,-3.81,9.15,0.14,0.01,0.09,-2.35,0.64,9.58,0.09,0.01,0.06,-1.06,0.13,9.76,0.02,0.01,0.04,-1.42,0.07,9.80,0.05,0.01,0.03,-0.74,6.08,7.92,0.16,0.01,0.00,0.29,-0.22,0.95,5.55,8.73,0.37,R
162.108,9,0,0,255,0,-1.33,-3.76,9.13,0.04,0.03,0.04,-2.39,0.72,9.60,0.02,-0.02,0.02,-1.02,0.20,9.80,-0.01,-0.00,0.01,-1.39,0.07,9.74,0.01,0.00,0.00,-0.73,6.00,7.95,0.03,0.02,0.01,0.28,-0.23,0.94,5.92,2.32,-0.37,R
162.159,12,0,0,255,0,-1.43,-3.78,9.16,0.04,0.02,0.01,-2.41,0.63,9.58,0.03,-0.00,0.02,-1.10,0.23,9.82,0.00,-0.01,0.02,-1.42,0.18,9.80,0.01,-0.00,0.01,-0.71,6.05,7.89,-0.02,0.02,0.02,0.29,-0.23,0.95,4.33,2.14,-1.28,R
162.21,67,0,0,255,0,-1.39,-3.76,9.17,0.03,0.03,0.02,-2.34,0.68,9.53,-0.03,-0.04,0.01,-1.12,0.22,9.76,-0.02,-0.01,0.00,-1.45,0.18,9.74,-0.03,-0.01,-0.00,-0.70,6.01,7.93,-0.13,0.01,0.05,0.29,-0.24,0.93,3.48,-0.31,-1.65,R
162.263,11,0,0,255,9,-1.36,-3.80,9.18,0.04,-0.01,0.01,-2.61,1.24,9.96,0.04,-0.06,0.06,-0.95,0.08,9.77,0.04,-0.04,0.01,-1.36,0.25,9.80,0.14,-0.15,-0.01,-0.65,5.95,7.99,-0.14,-0.02,0.05,0.29,-0.24,0.94,1.53,2.38,-1.04,R
162.313,89,0,0,255,0,-1.34,-3.68,9.15,0.03,0.01,0.01,-2.22,0.68,9.61,-0.05,-0.10,0.03,-0.98,0.30,9.80,0.06,-0.05,-0.01,-1.14,0.22,9.91,0.21,-0.23,-0.05,-0.65,5.94,8.02,-0.08,-0.03,-0.00,0.30,-0.24,0.95,2.01,-0.37,-0.43,R
162.364,11,0,0,255,4,-1.41,-3.67,9.16,-0.01,0.03,-0.02,-2.22,0.56,9.83,-0.27,-0.21,0.11,-1.10,0.22,10.04,0.07,-0.10,0.05,-1.10,0.26,9.80,0.34,-0.11,-0.05,-0.65,5.92,7.98,0.29,-0.05,-0.03,0.26,-0.22,0.93,7.81,-8.12,-1.71,R
162.415,9,0,0,255,8,-1.33,-3.71,9.21,-0.02,-0.03,0.02,-1.58,0.70,9.81,-0.05,-0.46,0.06,-1.12,0.20,10.08,0.20,-0.39,0.02,-1.13,-0.10,9.73,0.31,-0.14,-0.07,-0.65,5.81,7.92,0.08,-0.01,-0.04,0.28,-0.29,0.93,13.55,-8.00,0.55,R
162.466,10,0,0,255,7,-1.81,-2.97,9.46,-0.01,-0.06,0.08,-2.19,10.24,13.61,1.10,-0.58,0.84,-0.03,-0.32,10.26,0.26,-0.56,-0.10,-0.95,0.49,10.05,0.47,-0.08,-0.10,-0.71,6.21,7.87,0.22,-0.02,-0.06,0.27,-0.27,0.94,1.46,-3.42,2.08,R
162.517,13,0,0,255,0,-1.22,-4.63,8.96,0.21,-0.44,0.71,-1.48,2.69,10.69,0.44,-1.46,-0.25,-0.07,2.02,9.96,0.40,-0.35,0.16,-0.70,0.68,10.00,0.41,-0.03,-0.08,-0.68,6.28,7.77,0.30,-0.05,-0.11,0.28,-0.25,0.94,-5.25,-3.42,2.75,R
162.569,95,0,0,255,0,-0.91,-3.27,8.81,0.59,-0.87,0.80,0.04,-0.84,10.66,-0.01,-1.26,0.12,0.03,0.14,8.66,0.15,-0.10,-0.03,-0.91,1.40,9.74,0.20,-0.00,-0.04,-0.63,6.20,7.66,0.21,-0.03,-0.09,0.25,-0.23,0.96,-6.47,-1.95,4.82,R
162.619,16,0,0,255,0,-0.50,-3.99,9.05,0.56,-0.86,0.80,0.05,0.89,8.13,0.04,-0.90,0.15,-1.24,1.58,15.32,-0.14,0.16,-0.03,-1.11,1.09,9.81,0.00,0.02,-0.03,-0.50,6.28,7.66,-0.03,-0.01,-0.08,0.29,-0.25,0.95,-2.75,-2.01,6.35,R
162.67,55,0,0,255,0,-0.56,-2.52,9.37,0.14,-0.26,0.51,0.95,1.57,8.20,-0.03,-0.22,0.20,-0.44,1.23,10.12,-0.09,0.12,-0.09,-0.94,1.42,9.77,-0.10,0.01,-0.08,-0.77,6.41,7.62,0.04,-0.04,-0.15,0.29,-0.22,0.95,0.37,-1.28,6.59,R
162.721,11,0,0,255,7,-0.46,-2.79,9.28,-0.11,-0.01,0.34,0.69,0.44,9.65,-0.03,-0.01,0.19,-0.45,0.69,9.87,-0.10,0.03,-0.07,-1.02,1.20,9.81,-0.06,-0.00,-0.06,-0.66,6.23,7.68,0.02,-0.01,-0.09,0.26,-0.23,0.94,-0.98,-2.81,3.48,R
162.772,9,0,0,255,6,-0.74,-3.12,9.62,-0.17,0.07,0.19,0.79,0.75,9.14,-0.11,0.08,0.11,-0.41,0.89,9.76,-0.17,0.05,-0.04,-1.01,1.07,9.77,-0.17,0.02,-0.01,-0.68,6.22,7.71,-0.09,0.01,-0.04,0.28,-0.22,0.95,-2.01,-4.58,1.34,R
162.823,18,0,0,255,8,-0.63,-3.20,9.46,-0.13,0.19,0.01,0.74,0.09,8.98,-0.12,0.33,0.01,-0.48,0.77,9.77,-0.23,0.08,0.02,-0.99,0.91,9.79,-0.20,0.06,0.03,-0.67,6.23,7.72,0.03,0.02,-0.03,0.27,-0.23,0.95,-0.55,-1.95,-0.06,R
162.874,95,0,0,255,0,-0.84,-2.99,9.44,-0.08,0.24,-0.01,1.15,1.30,5.38,-0.31,1.07,0.07,-0.39,0.96,9.53,-0.53,0.14,0.01,-0.98,1.20,9.80,-0.47,0.09,0.01,-0.81,6.41,7.60,-0.05,0.01,-0.09,0.29,-0.21,0.95,-0.18,-2.26,-0.12,R
162.925,23,0,0,255,0,-0.88,-3.18,9.39,-0.07,0.66,-0.21,-2.63,-1.55,7.88,-0.96,4.77,0.31,-1.07,-0.58,10.04,-0.83,0.24,-0.00,-1.95,0.31,10.10,-0.53,0.09,-0.01,-0.51,6.00,7.74,-0.35,0.02,-0.02,0.27,-0.26,0.94,-2.20,-4.21,-1.04,R
162.976,96,0,0,255,0,-0.91,-2.30,9.62,0.25,0.30,-0.25,-1.21,-2.22,9.69,0.02,0.51,-0.03,-0.81,0.51,9.86,-0.02,0.11,-0.00,-1.08,0.96,9.89,-0.20,0.06,0.05,-0.61,6.20,7.81,-0.18,0.05,0.04,0.25,-0.20,0.95,-5.98,2.93,-2.26,R
163.027,98,0,0,255,0,-1.24,-3.06,9.35,-0.04,0.06,-0.04,-1.94,0.54,9.86,0.01,0.07,-0.02,-0.67,0.03,9.85,-0.10,0.06,0.01,-1.19,0.37,9.75,-0.13,0.04,0.01,-0.75,5.97,7.85,-0.15,0.04,0.02,0.26,-0.22,0.95,-0.24,-1.22,0.98,R
163.077,107,0,0,255,0,-1.16,-3.20,9.40,0.00,0.06,-0.06,-1.64,0.32,9.85,0.09,0.07,-0.03,-2.04,-0.13,8.47,0.05,0.14,0.04,-1.22,-0.04,10.03,-0.08,0.03,0.03,-0.71,5.99,7.92,-0.08,0.04,0.03,0.26,-0.22,0.96,-2.08,0.00,-0.79,R
163.129,80,0,0,255,0,-1.46,-2.49,9.60,-0.04,0.07,-0.07,-1.85,0.41,9.75,-0.02,0.07,-0.02,-0.80,-0.11,9.80,-0.09,0.01,-0.00,-1.19,0.31,9.83,-0.12,0.03,0.01,-0.65,6.03,7.96,-0.15,0.05,0.02,0.26,-0.22,0.96,0.61,-2.93,-0.31,R
163.18,60,0,0,255,0,-1.25,-3.03,9.48,-0.03,-0.01,-0.02,-1.98,0.45,9.67,-0.01,0.05,-0.02,-0.72,0.11,9.90,-0.07,0.01,0.00,-1.17,0.25,9.85,-0.05,0.04,0.00,-0.73,5.85,7.99,-0.08,0.04,-0.00,0.25,-0.22,0.95,-0.18,-3.78,1.34,R
163.231,60,0,0,255,0,-1.30,-3.19,9.39,-0.01,0.01,-0.01,-1.92,0.51,9.60,0.03,0.05,-0.01,-0.84,-0.00,9.81,-0.04,0.00,0.01,-1.19,0.30,9.80,-0.04,0.02,0.01,-0.72,6.01,7.98,-0.06,0.03,0.01,0.27,-0.22,0.96,0.31,-1.59,0.61,R
163.281,66,0,0,255,0,-1.21,-3.26,9.36,-0.11,-0.01,0.00,-1.92,0.32,9.65,-0.06,0.04,-0.01,-0.76,-0.05,9.84,-0.10,0.02,0.00,-1.20,0.27,9.79,-0.06,0.03,-0.01,-0.80,5.63,8.14,-0.12,0.03,0.01,0.24,-0.22,0.96,0.24,-4.21,2.20,R
163.333,60,0,0,255,0,-1.34,-3.18,9.46,-0.01,-0.03,0.02,-2.03,0.34,9.65,-0.02,0.06,-0.01,-0.86,0.00,9.76,-0.03,0.04,0.01,-1.26,0.18,9.81,0.01,0.03,0.01,-0.67,5.87,8.03,0.01,0.02,0.02,0.25,-0.22,0.94,-2.08,-2.44,3.54,R
163.384,12,0,0,255,0,-1.21,-3.16,9.41,-0.07,0.01,-0.06,-1.98,0.39,9.69,0.03,0.06,-0.01,-0.78,-0.10,9.75,0.00,0.03,0.02,-1.14,0.17,9.86,0.07,0.02,0.02,-0.64,5.72,8.05,0.08,0.06,0.04,0.24,-0.20,0.97,-2.50,-0.73,3.05,R
163.435,56,0,0,255,0,-1.24,-3.15,9.27,0.00,0.04,-0.00,-2.04,0.27,9.70,0.08,0.06,0.01,-0.87,0.01,9.84,0.05,0.01,0.03,-1.26,0.26,9.75,0.07,0.02,0.03,-0.74,5.92,7.99,0.06,0.04,0.06,0.25,-0.22,0.94,-4.64,5.07,3.11,R
163.486,60,0,0,255,0,-1.19,-3.32,9.37,-0.04,0.06,-0.06,-1.96,0.45,9.67,0.07,0.10,0.00,-0.86,0.20,10.01,0.18,0.07,0.01,-0.69,0.83,9.41,0.08,0.02,0.10,-0.69,6.01,7.98,0.12,0.07,0.05,0.26,-0.19,0.97,-7.45,4.52,4.46,R
163.537,103,0,0,255,0,-1.33,-3.36,9.34,-0.02,0.08,-0.09,-2.08,0.48,9.64,0.05,0.11,0.06,-0.87,0.02,9.85,0.03,0.05,0.08,-1.33,0.37,9.84,0.12,0.06,0.07,-0.79,6.22,7.85,0.20,0.05,0.06,0.26,-0.20,0.95,-2.32,7.81,4.21,R
163.588,98,0,0,255,0,-1.35,-3.17,9.43,-0.13,0.03,-0.12,-2.13,0.61,9.65,0.02,0.09,-0.02,-0.93,0.23,9.82,-0.01,0.06,0.02,-1.22,0.39,9.74,0.03,0.05,0.01,-0.72,6.00,7.86,-0.04,0.06,0.02,0.27,-0.18,0.96,-2.44,-0.37,6.47,R
163.639,104,0,0,255,0,-1.40,-3.42,9.27,-0.11,0.01,-0.09,-2.18,0.52,9.63,0.06,0.12,0.01,-0.95,0.15,9.73,0.05,0.07,0.06,-1.26,0.46,9.73,0.12,0.06,0.06,-0.68,6.04,7.84,0.20,0.06,0.07,0.25,-0.19,0.95,-4.94,8.36,5.37,R
163.69,9,0,0,255,0,-1.43,-3.42,9.38,-0.06,0.04,-0.11,-2.44,0.55,9.70,0.10,0.10,0.04,-0.60,0.82,9.62,0.20,0.03,0.09,-1.32,0.50,9.70,0.16,0.04,0.10,-0.81,6.15,7.84,0.11,0.12,0.16,0.30,-0.20,0.95,-1.22,9.77,4.82,R
163.741,13,0,0,255,2,-1.21,-3.04,9.55,-0.17,0.02,-0.15,-2.07,0.80,9.63,-0.02,0.06,-0.06,-0.92,0.32,9.74,0.01,0.04,0.01,-1.19,0.63,9.76,-0.01,0.03,-0.00,-0.60,6.15,7.77,-0.06,0.07,0.00,0.31,-0.17,0.95,-4.03,-1.16,6.29,R
163.792,95,0,0,255,0,-1.26,-3.63,9.25,-0.09,0.00,-0.02,-2.26,0.63,9.58,0.00,0.06,-0.02,-0.95,0.28,9.77,0.01,0.05,0.01,-1.28,0.55,9.87,0.03,0.05,0.00,-0.71,6.10,7.82,0.03,0.02,0.00,0.27,-0.18,0.95,-5.07,5.37,5.92,R
163.843,14,0,0,255,0,-1.17,-3.49,9.27,-0.11,-0.01,-0.03,-2.19,0.66,9.62,-0.00,0.05,-0.06,-0.92,0.33,9.76,0.01,0.05,-0.03,-1.26,0.58,9.82,-0.02,0.04,-0.03,-0.73,6.15,7.83,-0.11,0.02,-0.02,0.28,-0.17,0.96,-3.42,0.98,8.85,R
163.893,101,0,0,255,0,-1.24,-3.89,9.19,-0.05,0.03,-0.00,-2.28,0.61,9.64,0.11,0.10,-0.01,-1.00,0.43,9.72,0.12,0.01,0.03,-1.27,0.60,9.79,0.11,0.03,0.03,-0.82,6.17,7.82,0.12,0.02,0.02,0.32,-0.16,0.94,-7.39,10.31,3.97,R
163.945,85,0,0,255,0,-1.05,-3.24,9.29,-0.10,0.02,-0.05,-2.14,0.70,9.69,-0.01,0.05,-0.08,-0.89,0.46,9.77,0.03,0.03,-0.08,-1.30,0.59,9.79,-0.04,0.03,-0.09,-0.71,6.03,7.85,-0.25,-0.02,-0.07,0.31,-0.14,0.96,-5.86,-0.98,3.78,R
163.996,110,0,0,255,0,-1.36,-3.86,9.17,-0.08,0.17,-0.06,-2.34,0.52,9.50,0.05,0.14,-0.06,-1.02,0.40,9.76,0.05,0.05,-0.07,-1.32,0.57,9.73,0.05,0.04,-0.08,-0.75,6.15,7.81,-0.06,-0.01,-0.09,0.32,-0.16,0.95,-10.68,4.15,-0.92,R
164.047,19,15,18,255,23,-1.36,-3.88,9.20,-0.16,0.11,-0.17,-2.42,0.65,9.60,0.01,0.20,-0.07,-1.05,0.46,9.76,0.04,0.10,-0.07,-1.31,0.59,9.78,0.06,0.06,-0.07,-0.69,5.90,7.94,-0.09,-0.01,-0.06,0.28,-0.13,0.97,-13.85,-1.10,-2.08,R
164.098,19,14,18,255,25,-1.33,-4.01,9.06,-0.03,0.04,-0.05,-2.50,0.62,9.51,0.07,0.10,-0.00,-1.23,0.52,9.78,0.08,0.04,-0.02,-1.39,0.77,9.79,0.08,0.03,-0.02,-0.73,6.00,7.90,0.02,0.00,-0.04,0.32,-0.13,0.95,-6.53,3.48,-3.78,R
164.149,20,17,17,255,27,-1.20,-4.03,9.12,-0.07,0.05,-0.07,-2.44,0.69,9.50,0.04,0.12,-0.01,-1.12,0.57,9.73,0.04,0.06,-0.03,-1.36,0.74,9.78,0.07,0.05,-0.02,-0.76,6.02,7.93,0.05,0.01,-0.06,0.31,-0.12,0.96,-7.75,0.37,-5.37,R
164.2,22,19,20,255,28,-1.36,-3.90,9.09,-0.03,0.07,-0.07,-2.66,0.75,9.48,0.06,0.16,0.03,-1.21,0.56,9.79,0.08,0.10,-0.01,-1.39,0.82,9.72,0.11,0.07,-0.01,-0.77,6.06,7.92,0.09,0.03,-0.03,0.31,-0.13,0.95,-10.01,1.59,-8.00,R
164.251,22,19,21,255,31,-1.15,-3.97,9.10,-0.06,0.10,-0.11,-2.60,0.63,9.44,0.06,0.17,0.02,-1.27,0.99,9.73,0.02,0.07,-0.00,-1.42,1.35,9.80,0.12,0.03,-0.02,-0.76,6.31,7.86,0.04,0.01,-0.06,0.33,-0.09,0.96,-6.41,-1.04,-9.95,R
164.302,26,21,19,255,31,-1.28,-4.00,9.10,-0.11,0.10,-0.19,-2.77,0.75,9.48,0.01,0.19,-0.05,-1.20,0.73,9.72,-0.06,0.08,-0.04,-1.44,0.86,9.75,-0.01,0.05,-0.04,-0.75,6.09,7.86,-0.04,0.02,-0.06,0.29,-0.13,0.96,-2.50,-5.25,-8.97,R
164.353,21,24,21,255,31,-1.59,-3.93,9.13,-0.04,0.09,-0.10,-2.89,0.70,9.43,-0.02,0.15,0.01,-1.35,0.54,9.71,0.01,0.11,0.01,-1.49,0.74,9.79,0.06,0.08,0.01,-0.83,6.06,7.88,0.09,0.04,-0.00,0.29,-0.12,0.95,-5.98,1.22,-7.87,R
164.404,23,26,21,255,30,-1.32,-3.91,9.14,-0.05,0.07,-0.10,-2.70,0.88,9.43,-0.04,0.09,-0.01,-1.24,0.62,9.72,-0.06,0.05,-0.01,-1.44,0.81,9.73,-0.03,0.04,-0.03,-0.81,6.01,7.85,-0.03,0.03,-0.07,0.32,-0.10,0.97,0.55,-3.72,-5.55,R
164.455,21,27,20,255,33,-1.41,-4.19,9.05,-0.07,0.07,-0.13,-2.89,0.75,9.44,-0.05,0.19,-0.03,-1.30,0.57,9.75,-0.04,0.11,-0.02,-1.45,0.81,9.77,-0.00,0.11,-0.02,-0.78,6.00,7.92,0.03,0.02,-0.04,0.28,-0.12,0.96,-4.33,-2.87,-4.52,R
164.506,20,30,19,255,32,-1.44,-4.06,9.03,-0.01,0.05,-0.05,-2.87,0.80,9.42,-0.01,0.10,0.01,-1.40,0.53,9.72,-0.03,0.07,0.01,-1.47,0.77,9.72,0.02,0.07,-0.00,-0.84,6.13,7.85,0.06,0.04,-0.03,0.30,-0.11,0.96,-5.13,-1.22,-6.04,R
164.557,19,30,21,255,30,-1.46,-4.09,9.04,0.01,0.05,-0.02,-2.92,0.77,9.46,0.02,0.09,0.02,-1.44,0.65,9.74,0.02,0.09,0.02,-1.50,0.87,9.68,0.05,0.08,0.02,-0.89,6.12,7.89,0.10,0.04,-0.01,0.29,-0.11,0.96,-7.75,-0.61,-6.41,R
164.608,20,32,21,255,31,-1.09,-4.04,8.88,0.03,0.03,-0.01,-3.04,0.87,9.39,0.05,0.07,0.02,-1.41,0.65,9.75,0.02,0.03,0.01,-1.60,0.85,9.77,0.06,0.04,0.01,-0.85,6.16,7.82,0.06,0.03,0.01,0.30,-0.10,0.96,-6.16,1.40,-7.81,R
164.659,22,32,21,255,33,-1.44,-4.12,9.01,-0.00,0.05,-0.03,-3.04,0.78,9.40,0.02,0.05,0.01,-1.47,0.65,9.66,0.01,0.03,0.02,-1.65,0.90,9.69,0.03,0.03,0.02,-0.80,6.28,7.73,0.06,0.03,0.01,0.28,-0.10,0.96,-5.74,-1.59,-6.47,R
164.71,22,31,20,255,34,-1.44,-4.09,9.03,0.03,0.04,-0.00,-2.99,0.78,9.41,0.00,0.05,0.03,-1.49,0.61,9.70,0.01,0.05,0.03,-1.55,0.93,9.63,0.03,0.05,0.02,-0.90,6.24,7.73,0.05,0.04,0.01,0.30,-0.09,0.97,-6.10,0.43,-4.94,R
164.761,19,34,38,255,32,-1.37,-4.08,9.05,-0.00,0.04,-0.02,-3.07,0.83,9.39,0.00,0.06,0.01,-1.49,0.64,9.70,-0.01,0.04,0.01,-1.58,0.94,9.71,0.02,0.03,0.01,-0.83,6.14,7.78,0.05,0.03,-0.01,0.29,-0.08,0.97,-3.54,-1.28,-3.11,R
164.812,19,32,19,255,33,-1.51,-4.08,9.06,0.01,0.04,-0.03,-3.04,0.85,9.38,-0.03,0.05,0.01,-1.53,0.58,9.70,-0.03,0.04,0.01,-1.67,0.94,9.71,-0.00,0.04,0.00,-0.86,6.22,7.77,0.02,0.03,-0.01,0.29,-0.08,0.97,-2.44,-0.43,-1.89,R
164.863,21,32,23,255,34,-1.42,-4.07,9.03,0.01,0.01,-0.01,-3.07,0.82,9.42,-0.01,0.03,0.01,-1.52,0.69,9.69,0.00,0.02,0.02,-1.61,0.90,9.66,0.04,0.03,0.01,-0.83,6.27,7.69,0.02,0.02,0.01,0.29,-0.08,0.97,-1.83,0.12,-1.65,R
164.914,19,27,20,255,31,-1.48,-4.09,9.05,0.02,0.03,-0.00,-2.99,0.85,9.41,-0.00,0.03,0.01,-1.58,0.61,9.70,-0.02,0.01,0.01,-1.58,0.94,9.66,0.02,0.02,0.00,-0.88,6.15,7.74,0.02,0.02,0.00,0.29,-0.08,0.97,-0.24,0.00,-1.04,R
164.965,21,32,21,255,33,-1.50,-4.07,9.04,0.03,0.02,0.00,-3.10,0.79,9.39,0.01,0.03,0.01,-1.57,0.71,9.70,-0.01,0.01,0.01,-1.62,0.98,9.68,0.01,0.02,0.01,-0.87,6.29,7.72,0.04,0.03,-0.01,0.29,-0.09,0.97,-0.18,0.67,-0.67,R
165.016,20,32,24,255,35,-1.52,-4.01,9.01,0.04,0.01,-0.00,-3.06,0.84,9.39,0.02,0.05,-0.01,-1.56,0.70,9.65,0.01,0.03,0.01,-1.63,1.00,9.65,0.02,0.03,0.01,-0.91,6.26,7.68,0.04,0.03,0.00,0.29,-0.08,0.97,-1.22,1.22,0.12,R
165.067,19,31,23,255,33,-1.47,-4.05,9.05,0.03,0.00,0.01,-3.06,0.97,9.35,0.05,0.06,-0.01,-1.58,0.74,9.63,-0.00,0.02,0.02,-1.70,1.00,9.67,0.01,0.03,0.01,-0.86,6.29,7.67,0.03,0.03,0.00,0.30,-0.08,0.97,-0.85,0.98,0.31,R
165.118,19,33,21,255,33,-1.41,-4.04,9.06,-0.00,0.01,0.01,-3.10,0.88,9.38,0.00,0.04,-0.01,-1.59,0.67,9.70,-0.02,0.02,0.01,-1.63,0.98,9.66,0.00,0.03,-0.00,-0.87,6.29,7.69,0.02,0.03,-0.00,0.29,-0.08,0.97,-0.85,0.61,0.06,R
165.169,19,33,23,255,35,-1.53,-4.02,9.03,0.01,0.01,0.01,-3.18,0.90,9.34,0.02,0.04,-0.01,-1.53,0.79,9.63,0.01,0.01,0.01,-1.71,1.05,9.70,0.03,0.02,0.02,-0.86,6.29,7.71,0.06,0.03,0.01,0.29,-0.08,0.97,-1.22,1.34,0.12,R
165.22,19,33,23,255,33,-1.49,-3.98,9.04,0.02,-0.00,0.01,-3.13,0.97,9.34,0.01,0.04,-0.01,-1.60,0.83,9.68,0.02,0.02,0.02,-1.71,1.07,9.68,0.04,0.02,0.02,-0.89,6.31,7.68,0.06,0.04,0.01,0.30,-0.08,0.97,-1.40,1.53,0.37,R
165.271,20,32,24,255,35,-1.39,-4.00,9.11,0.03,-0.00,0.01,-3.10,0.96,9.35,0.04,0.04,-0.00,-1.63,0.84,9.68,0.01,0.01,0.03,-1.73,1.07,9.76,0.02,0.02,0.02,-0.84,6.34,7.67,0.00,0.03,0.02,0.30,-0.07,0.97,-0.92,1.65,-0.06,R
165.322,20,33,21,255,35,-1.45,-4.04,9.04,0.01,0.01,0.00,-3.12,0.91,9.37,0.01,0.04,-0.02,-1.70,0.81,9.63,-0.01,0.02,0.02,-1.65,1.06,9.73,0.01,0.02,0.01,-0.89,6.36,7.63,0.03,0.03,0.00,0.30,-0.07,0.97,-0.67,0.79,0.31,R
165.373,20,33,24,255,36,-1.48,-3.98,8.95,-0.02,0.01,0.01,-3.15,0.85,9.30,-0.00,0.03,-0.01,-1.63,0.88,9.72,0.00,0.01,0.02,-1.74,1.02,9.65,0.01,0.03,0.02,-0.90,6.34,7.63,0.04,0.04,0.02,0.29,-0.07,0.96,-0.18,1.16,0.61,R
165.424,20,33,23,255,34,-1.48,-3.99,9.17,0.03,0.02,0.00,-3.15,0.86,9.43,0.04,0.11,-0.02,-1.62,0.79,9.68,0.02,0.03,0.03,-1.64,1.13,9.68,0.03,0.03,0.02,-0.88,6.39,7.65,0.05,0.03,0.01,0.31,-0.07,0.96,-0.55,1.83,0.79,R
165.475,20,33,24,255,33,-1.50,-3.97,9.07,0.01,0.01,-0.00,-3.19,0.91,9.25,0.05,0.09,-0.03,-1.55,0.93,9.66,-0.02,0.02,0.01,-1.58,1.18,8.76,-0.16,0.04,0.12,-0.95,6.33,7.69,0.03,0.04,0.00,0.30,-0.08,0.97,0.31,0.79,0.61,R
165.525,19,37,24,255,34,-1.47,-4.07,9.03,-0.02,0.01,-0.02,-3.22,0.92,9.35,0.00,0.05,-0.01,-1.66,0.68,9.63,0.00,0.01,0.03,-1.74,0.91,9.64,0.00,0.02,0.03,-0.89,6.38,7.53,0.05,0.04,0.02,0.31,-0.07,0.96,-0.37,1.89,0.61,R
165.577,19,38,20,255,34,-1.50,-4.05,9.10,-0.01,0.02,-0.01,-3.22,0.92,9.34,0.01,0.05,-0.02,-1.59,0.86,9.71,-0.02,0.01,0.01,-1.63,1.15,9.62,-0.01,0.02,0.00,-0.84,6.39,7.58,0.02,0.03,-0.01,0.30,-0.07,0.97,0.12,0.55,0.85,R
165.628,21,39,24,255,34,-1.51,-4.14,9.05,-0.02,0.02,0.01,-3.29,0.96,9.33,0.01,0.05,-0.01,-1.67,0.87,9.67,-0.01,0.01,0.01,-1.70,1.16,9.65,0.01,0.02,0.01,-0.90,6.43,7.58,0.02,0.03,-0.00,0.31,-0.07,0.96,-0.18,0.73,0.49,R
165.678,20,35,23,255,36,-1.45,-4.08,9.01,-0.00,0.01,-0.00,-3.26,0.91,9.30,0.01,0.07,-0.02,-1.64,0.93,9.62,-0.01,0.02,0.01,-1.70,1.13,9.65,0.02,0.02,0.00,-0.95,6.44,7.55,0.03,0.02,0.00,0.30,-0.07,0.96,-0.61,0.06,0.00,R
165.73,20,45,26,255,34,-1.44,-3.98,9.04,-0.01,0.01,-0.01,-3.36,0.94,9.28,0.01,0.13,-0.03,-1.65,0.91,9.65,0.00,0.02,0.01,-1.70,1.16,9.70,0.01,0.02,0.00,-0.88,6.46,7.54,0.01,0.03,0.00,0.31,-0.06,0.96,-0.49,0.12,0.00,R
165.781,19,49,23,255,35,-1.47,-4.07,9.03,-0.01,0.02,-0.00,-3.39,0.89,9.24,-0.01,0.06,-0.01,-1.66,0.96,9.63,-0.03,0.02,0.01,-1.74,1.14,9.66,0.00,0.02,0.00,-0.85,6.46,7.52,0.02,0.03,-0.00,0.30,-0.07,0.96,-0.18,-0.18,-0.06,R
165.832,19,48,21,255,36,-1.50,-4.06,9.05,0.01,0.02,-0.01,-3.34,0.96,9.22,0.01,0.05,0.00,-1.70,0.92,9.64,-0.01,0.01,0.01,-1.72,1.19,9.68,0.00,0.02,0.01,-0.90,6.46,7.52,0.03,0.03,-0.00,0.31,-0.07,0.96,0.24,0.31,-0.55,R
165.883,19,49,23,255,36,-1.47,-4.03,9.07,-0.01,0.02,-0.01,-3.38,1.01,9.20,-0.01,0.03,-0.00,-1.62,0.94,9.65,-0.03,0.01,0.00,-1.66,1.15,9.64,-0.01,0.02,0.00,-0.92,6.48,7.47,0.01,0.03,-0.01,0.30,-0.06,0.97,0.73,-0.49,-0.55,R
165.934,19,48,23,255,36,-1.46,-4.10,8.98,-0.02,0.02,-0.01,-3.33,0.95,9.22,-0.03,0.03,-0.00,-1.70,0.97,9.68,-0.05,0.01,-0.00,-1.78,1.17,9.64,-0.02,0.01,-0.01,-0.87,6.45,7.47,-0.00,0.02,-0.01,0.31,-0.07,0.96,0.49,-0.85,-0.37,R
165.985,20,49,20,255,36,-1.47,-4.15,8.98,-0.01,0.02,-0.00,-3.44,0.84,9.26,-0.03,0.01,0.01,-1.66,0.91,9.64,-0.03,0.00,0.00,-1.68,1.12,9.65,0.00,0.01,0.01,-0.86,6.44,7.47,0.03,0.03,0.00,0.30,-0.07,0.96,0.24,0.12,-0.55,R
166.036,19,47,21,255,37,-1.51,-4.03,9.03,0.02,0.01,-0.01,-3.33,0.98,9.25,0.00,0.02,0.01,-1.56,0.95,9.63,-0.03,-0.00,0.01,-1.73,1.13,9.64,-0.01,0.01,-0.00,-0.85,6.48,7.44,0.02,0.02,-0.01,0.31,-0.06,0.97,0.55,-0.24,-0.31,R
166.087,19,48,24,255,36,-1.46,-4.08,9.06,0.01,0.03,-0.01,-3.39,0.97,9.28,0.00,0.02,-0.00,-1.68,0.95,9.63,-0.03,0.00,-0.00,-1.78,1.11,9.59,-0.01,0.01,0.00,-0.88,6.39,7.50,0.00,0.03,-0.00,0.30,-0.07,0.96,0.92,-0.37,-0.61,R
166.138,19,49,24,255,36,-1.54,-4.01,9.11,0.02,0.03,-0.01,-3.36,0.92,9.24,-0.01,0.02,0.00,-1.69,0.94,9.63,-0.03,0.01,0.01,-1.72,1.13,9.61,-0.01,0.02,0.01,-0.88,6.52,7.50,0.02,0.02,0.00,0.30,-0.06,0.96,0.49,0.18,-0.49,R
166.189,19,47,0,255,36,-1.55,-4.08,9.05,0.02,0.02,-0.01,-3.36,1.00,9.22,0.00,0.02,0.01,-1.63,0.97,9.66,-0.02,0.01,0.01,-1.69,1.16,9.67,-0.01,0.01,0.01,-0.86,6.48,7.49,0.02,0.03,-0.00,0.30,-0.06,0.96,0.67,-0.06,-0.12,R
166.24,20,48,23,255,38,-1.50,-3.92,9.05,0.01,0.03,-0.00,-3.33,1.00,9.26,-0.00,0.02,0.00,-1.66,0.93,9.62,-0.03,0.01,0.00,-1.68,1.11,9.62,-0.01,0.01,0.00,-0.91,6.47,7.49,0.01,0.03,-0.00,0.30,-0.07,0.96,0.49,0.06,0.00,R
166.291,20,47,25,255,38,-1.55,-4.08,9.05,0.01,0.01,-0.00,-3.35,1.01,9.20,-0.01,0.02,0.00,-1.66,0.90,9.62,-0.02,0.00,0.01,-1.77,1.12,9.68,-0.00,0.02,0.00,-0.86,6.50,7.43,0.03,0.02,0.01,0.30,-0.07,0.96,0.73,0.37,0.18,R
166.342,19,48,24,255,35,-1.50,-4.09,9.03,-0.00,0.00,-0.00,-3.34,1.03,9.24,0.00,0.02,-0.00,-1.59,0.91,9.65,-0.02,0.01,0.00,-1.70,1.14,9.64,-0.00,0.02,0.00,-0.85,6.50,7.49,0.01,0.03,-0.01,0.31,-0.06,0.96,0.31,0.12,0.24,R
166.393,20,48,23,255,36,-1.55,-4.07,9.01,-0.00,0.01,-0.00,-3.38,0.91,9.28,0.01,0.02,-0.00,-1.59,0.95,9.66,-0.02,0.01,-0.00,-1.72,1.11,9.64,0.00,0.02,-0.00,-0.91,6.50,7.56,0.03,0.02,-0.01,0.30,-0.06,0.96,0.49,0.18,0.00,R
166.444,20,48,25,255,36,-1.50,-4.04,9.09,-0.00,0.01,0.01,-3.37,0.94,9.22,-0.00,0.02,-0.00,-1.67,0.93,9.60,-0.01,0.00,0.01,-1.72,1.18,9.67,0.01,0.02,0.00,-0.90,6.51,7.45,0.01,0.02,-0.01,0.30,-0.07,0.96,0.37,0.18,0.18,R
166.495,19,49,21,255,34,-1.47,-4.13,9.03,0.00,0.01,-0.00,-3.36,0.95,9.22,0.00,0.03,-0.00,-1.70,1.01,9.64,-0.02,0.01,0.00,-1.78,1.21,9.64,-0.01,0.02,-0.00,-0.88,6.50,7.47,0.02,0.02,-0.01,0.31,-0.07,0.96,0.37,0.24,0.24,R
166.546,19,48,24,255,36,-1.47,-4.05,9.02,-0.00,0.01,0.00,-3.42,0.91,9.24,-0.01,0.03,-0.00,-1.68,0.97,9.60,-0.01,0.01,0.00,-1.67,1.16,9.65,0.00,0.02,0.00,-0.91,6.51,7.49,0.02,0.03,-0.00,0.31,-0.07,0.96,0.55,0.55,0.31,R
166.597,19,47,23,255,37,-1.44,-4.08,9.06,-0.01,0.01,-0.01,-3.39,1.00,9.28,-0.00,0.03,0.00,-1.65,0.95,9.65,-0.01,0.02,0.01,-1.71,1.16,9.62,0.00,0.02,0.01,-0.91,6.55,7.44,0.02,0.02,-0.01,0.31,-0.07,0.96,0.12,0.37,0.24,R
166.648,19,47,25,255,37,-1.52,-4.04,9.00,-0.01,0.01,-0.01,-3.34,1.03,9.23,0.00,0.04,0.00,-1.69,0.98,9.63,-0.01,0.01,0.01,-1.72,1.21,9.67,0.01,0.01,0.00,-0.87,6.49,7.44,0.02,0.03,0.00,0.31,-0.06,0.96,-0.37,0.49,-0.31,R
166.699,20,58,24,255,35,-1.43,-4.13,9.03,-0.01,0.02,-0.01,-3.34,1.04,9.29,0.01,0.03,0.00,-1.63,1.02,9.61,-0.03,0.01,0.00,-1.71,1.14,9.65,-0.00,0.02,-0.00,-0.91,6.59,7.42,0.02,0.02,-0.01,0.31,-0.06,0.96,0.00,0.24,-0.24,R
166.749,20,49,24,255,37,-1.51,-4.09,9.02,-0.01,0.01,-0.01,-3.40,0.90,9.27,-0.01,0.03,0.00,-1.68,1.03,9.66,-0.02,0.00,0.00,-1.76,1.15,9.64,0.01,0.01,0.00,-0.90,6.59,7.41,0.02,0.03,0.01,0.30,-0.06,0.96,0.06,0.12,-0.31,R
166.801,20,48,25,255,37,-1.53,-4.04,9.05,0.02,0.01,-0.01,-3.38,1.02,9.24,-0.01,0.02,0.00,-1.64,1.06,9.65,-0.03,-0.01,0.01,-1.70,1.18,9.64,-0.01,0.01,-0.00,-0.89,6.50,7.46,-0.01,0.02,-0.00,0.31,-0.06,0.96,0.73,-0.24,-0.24,R
166.852,19,48,24,255,37,-1.52,-4.06,9.03,-0.01,0.02,-0.01,-3.39,1.04,9.21,-0.02,0.02,0.01,-1.68,0.97,9.65,-0.02,0.00,0.00,-1.75,1.19,9.65,0.01,0.01,-0.00,-0.86,6.50,7.44,-0.00,0.02,0.00,0.30,-0.06,0.96,1.04,-0.12,-0.12,R
166.903,20,48,20,255,38,-1.45,-4.05,9.02,0.02,0.02,-0.00,-3.95,0.99,8.92,-0.00,0.05,0.01,-1.58,0.94,9.64,-0.06,-0.02,0.01,-1.84,1.02,9.65,-0.03,-0.01,0.02,-0.83,6.22,7.44,-0.04,0.04,0.09,0.31,-0.06,0.96,4.33,0.73,-1.34,R
166.954,19,49,23,255,37,-1.33,-4.48,8.97,0.03,0.05,-0.04,-3.46,1.12,9.36,0.12,-0.04,0.01,-1.58,0.84,9.82,-0.09,-0.08,0.01,-1.70,1.05,9.69,-0.05,-0.01,0.01,-0.93,6.58,7.41,0.03,0.04,0.03,0.31,-0.08,0.96,8.91,0.31,-3.30,R
167.005,21,49,23,255,36,-1.68,-3.72,9.13,0.05,0.03,-0.06,-3.37,1.32,9.38,0.11,-0.02,-0.00,-1.48,1.04,9.93,-0.13,-0.04,0.04,-1.55,1.67,9.59,-0.06,-0.01,0.04,-0.92,6.54,7.50,0.11,0.06,0.12,0.29,-0.08,0.96,4.39,-0.06,-2.75,R
167.056,20,49,23,255,36,-1.39,-3.85,9.09,0.15,0.04,-0.04,-3.07,1.08,9.26,0.10,-0.21,0.06,-1.63,0.62,9.72,-0.19,-0.16,0.10,-1.62,1.00,9.61,-0.05,-0.05,0.11,-0.73,6.54,7.40,0.23,0.02,0.17,0.30,-0.07,0.96,12.21,-2.26,-9.52,R
167.107,20,47,27,255,33,-1.44,-3.57,9.09,0.21,0.02,-0.17,-3.09,1.33,9.30,0.01,-0.28,-0.05,-1.53,0.91,9.49,-0.03,-0.07,0.06,-1.62,0.32,9.81,0.03,-0.09,0.02,-0.75,6.55,7.47,0.10,-0.05,0.05,0.32,-0.11,0.95,21.06,-7.20,-8.00,R
167.159,105,0,0,255,0,-1.85,-3.66,9.20,0.01,0.01,-0.12,-3.20,1.00,9.38,-0.04,-0.24,-0.08,-1.51,0.65,9.81,0.13,-0.21,0.03,-1.62,1.09,9.64,0.19,-0.12,-0.04,-0.77,6.62,7.33,0.16,-0.04,0.06,0.26,-0.12,0.96,13.18,-6.04,-4.52,R
167.209,10,0,0,255,0,-1.20,-4.00,9.06,0.25,-0.05,-0.05,-2.72,0.72,9.36,0.02,-0.33,-0.03,-1.38,1.07,9.74,0.40,-0.33,0.00,-1.50,1.00,9.67,0.24,-0.15,0.01,-0.67,6.68,7.36,0.24,-0.13,0.04,0.32,-0.13,0.96,13.43,-1.59,-7.57,R
167.26,23,0,0,255,0,-1.47,-3.69,9.08,0.09,-0.03,-0.11,-2.66,0.47,9.11,-0.10,-0.24,-0.24,-1.23,1.52,9.63,0.26,-0.33,-0.06,-1.47,1.71,9.64,0.19,-0.15,-0.08,-0.60,6.79,7.36,0.24,-0.24,-0.09,0.29,-0.14,0.96,7.81,-3.66,-5.55,R
167.311,98,0,0,255,0,-1.36,-3.92,9.15,0.06,0.01,-0.11,-2.63,1.20,9.48,-0.05,-0.11,-0.08,-0.80,1.33,9.62,0.14,-0.19,-0.05,-1.33,1.64,9.79,0.19,-0.12,-0.06,-0.79,6.62,6.86,0.19,-0.22,-0.15,0.27,-0.15,0.96,3.60,-0.67,-4.46,R
167.362,26,0,0,255,0,-1.38,-3.90,9.17,0.07,0.01,-0.10,-2.56,0.78,9.46,0.03,-0.03,-0.11,-0.94,1.67,9.52,0.01,-0.04,0.01,-1.25,1.68,9.68,-0.02,-0.05,-0.10,-0.35,7.13,6.75,0.04,-0.01,-0.08,0.28,-0.15,0.96,0.67,0.73,-2.81,R
167.413,26,0,0,255,0,-1.35,-3.67,9.21,0.05,0.02,-0.04,-2.63,1.04,9.48,-0.06,0.00,-0.02,-0.95,1.42,9.69,-0.13,0.01,0.03,-1.24,1.40,9.61,-0.05,-0.00,-0.03,-0.56,7.06,6.96,-0.01,0.02,-0.03,0.29,-0.16,0.96,1.53,1.59,-0.98,R
167.464,99,0,0,255,0,-1.33,-3.77,9.16,0.01,0.05,-0.07,-2.66,1.13,9.58,-0.01,0.06,-0.03,-0.89,1.53,9.67,-0.10,0.07,0.01,-1.29,1.65,9.64,-0.06,0.03,-0.04,-0.53,6.91,7.01,-0.05,0.01,-0.06,0.28,-0.15,0.96,-0.61,2.75,-0.79,R
167.515,96,0,0,255,0,-1.46,-3.70,9.20,-0.05,0.05,-0.01,-2.71,1.16,9.43,-0.03,0.11,-0.03,-1.04,1.25,9.64,-0.14,0.11,0.01,-1.32,1.38,9.67,-0.10,0.09,0.03,-0.64,6.93,7.23,-0.04,0.09,0.01,0.28,-0.16,0.96,-3.42,4.46,0.61,R
167.566,97,0,0,255,0,-1.17,-3.94,9.20,-0.01,0.04,-0.04,-2.59,1.16,9.47,0.04,0.06,0.02,-0.95,1.25,9.80,-0.15,0.06,0.04,-1.24,1.38,9.68,-0.03,0.04,0.00,-0.57,6.80,7.14,-0.02,0.03,-0.04,0.31,-0.13,0.96,-0.12,0.92,-2.50,R
167.617,98,0,0,255,0,-1.34,-3.94,9.25,-0.05,0.06,-0.13,-2.71,0.87,9.46,0.06,0.07,-0.04,-1.13,1.17,9.79,-0.00,0.11,0.01,-1.42,1.52,9.64,0.05,0.03,-0.00,-0.89,7.04,7.13,0.08,0.05,-0.01,0.29,-0.16,0.95,-2.08,0.85,-3.97,R
167.668,69,0,0,255,0,-1.14,-3.70,9.22,0.09,0.10,-0.15,-2.56,0.83,9.51,0.19,0.01,-0.18,-1.06,1.05,9.75,0.12,0.01,0.10,-1.35,1.22,9.59,0.20,0.03,0.05,-0.67,7.29,6.95,0.26,0.02,-0.15,0.32,-0.15,0.96,-0.37,2.14,-8.79,R
167.719,14,0,0,255,0,-1.57,-3.64,9.21,0.01,0.09,-0.27,-2.72,1.93,9.36,0.01,-0.02,-0.19,-1.03,1.49,9.65,0.24,-0.04,-0.05,-1.30,1.82,9.64,0.03,-0.02,-0.07,-0.60,7.27,6.99,-0.10,-0.01,-0.09,0.28,-0.15,0.96,0.24,-0.73,-5.07,R
167.77,15,0,0,255,0,-1.39,-3.80,9.18,-0.02,0.03,-0.06,-2.73,1.23,9.49,0.05,0.00,-0.04,-1.11,1.23,9.83,0.17,-0.07,-0.03,-1.35,1.40,9.71,0.14,-0.03,-0.06,-0.78,6.93,7.13,0.11,0.00,-0.01,0.29,-0.14,0.97,1.53,1.40,-1.95,R
167.821,95,0,0,255,0,-1.30,-3.71,9.19,0.02,0.03,-0.09,-2.58,1.30,9.38,-0.06,-0.02,-0.10,-0.96,1.86,9.61,0.04,-0.04,-0.06,-1.26,1.88,9.59,-0.05,-0.02,-0.09,-0.63,7.18,6.84,-0.05,-0.03,-0.08,0.29,-0.15,0.96,0.98,-0.85,-1.59,R
167.872,95,0,0,255,0,-1.47,-3.82,9.14,-0.02,0.02,-0.04,-2.68,1.45,9.46,-0.03,0.00,-0.04,-1.15,1.42,9.86,-0.00,-0.05,-0.05,-1.34,1.35,9.65,-0.02,-0.02,-0.03,-0.80,6.86,7.07,0.04,-0.01,-0.01,0.28,-0.16,0.95,1.65,-0.31,0.12,R
167.923,94,0,0,255,0,-1.39,-3.57,9.23,0.06,0.04,-0.06,-2.63,1.24,9.41,0.03,0.02,-0.02,-0.85,1.70,9.58,-0.00,-0.02,-0.06,-1.32,1.64,9.58,-0.01,0.00,-0.05,-0.62,7.02,6.90,-0.02,-0.01,-0.05,0.30,-0.15,0.96,0.67,1.40,-1.16,R
167.974,85,0,0,255,0,-1.45,-3.63,9.19,-0.01,0.00,-0.05,-2.66,1.29,9.37,-0.03,0.03,-0.04,-0.99,1.54,9.60,-0.11,0.02,-0.03,-1.28,1.60,9.63,-0.10,0.01,-0.02,-0.70,6.98,7.05,-0.08,0.00,-0.04,0.29,-0.15,0.96,-0.98,0.43,0.06,R
168.025,12,0,0,255,13,-1.39,-3.84,9.16,0.01,0.01,-0.01,-2.64,1.31,9.52,0.00,0.03,-0.01,-1.00,1.35,9.67,-0.06,0.02,-0.00,-1.27,1.47,9.61,0.00,0.03,-0.01,-0.65,7.00,7.01,0.03,0.01,-0.03,0.30,-0.15,0.95,-1.28,1.65,-0.85,R
168.076,30,0,0,255,7,-1.41,-3.73,9.15,-0.00,0.02,-0.04,-2.62,1.27,9.41,-0.00,0.05,-0.01,-1.02,1.63,9.60,-0.07,0.03,-0.01,-1.33,1.55,9.65,-0.07,0.04,-0.01,-0.66,6.95,7.05,-0.05,0.01,-0.04,0.30,-0.14,0.96,-0.98,0.98,0.06,R
168.129,12,0,0,255,13,-1.37,-3.83,9.13,-0.01,0.03,-0.02,-2.69,1.21,9.42,0.00,0.05,-0.00,-1.11,1.55,9.68,-0.03,0.04,-0.00,-1.33,1.57,9.61,-0.00,0.03,-0.01,-0.71,6.96,7.14,0.00,0.02,-0.03,0.30,-0.15,0.95,-1.89,2.14,-0.55,R
168.178,11,0,0,255,17,-1.32,-3.73,9.21,-0.01,0.03,-0.02,-2.72,1.12,9.48,-0.02,0.06,-0.01,-1.04,1.48,9.65,-0.06,0.05,-0.02,-1.34,1.58,9.69,-0.04,0.05,-0.02,-0.72,6.90,7.03,-0.07,0.01,-0.03,0.30,-0.14,0.95,-3.48,1.83,-0.61,R
168.229,17,0,0,255,16,-1.39,-3.74,9.23,0.00,0.03,-0.01,-2.73,1.19,9.38,0.01,0.06,-0.01,-1.40,1.39,9.80,-0.05,0.13,-0.08,-1.33,1.14,9.68,-0.04,0.05,0.01,-0.70,6.87,7.02,-0.01,0.03,-0.01,0.30,-0.14,0.96,-4.27,3.97,0.12,R
168.28,10,0,0,255,0,-1.42,-3.74,9.18,-0.01,0.01,-0.01,-2.80,1.31,9.42,0.02,0.03,-0.01,-1.13,1.59,9.70,-0.11,0.02,0.01,-1.35,1.42,9.70,-0.05,0.04,-0.00,-0.70,6.96,7.04,0.00,0.01,-0.02,0.31,-0.13,0.96,-1.59,2.20,-0.24,R
168.331,12,0,0,255,13,-1.42,-3.81,9.19,-0.01,0.02,-0.00,-2.72,1.10,9.43,0.00,0.03,-0.01,-1.24,1.39,9.68,-0.03,0.03,-0.01,-1.40,1.44,9.64,-0.04,0.03,0.00,-0.72,6.91,7.13,-0.05,0.06,0.00,0.29,-0.14,0.95,-0.92,2.38,0.43,R
168.383,13,0,0,255,14,-1.36,-3.79,9.16,0.01,0.01,0.01,-2.73,1.00,9.47,-0.03,0.06,-0.02,-1.31,1.44,9.71,-0.06,0.06,-0.01,-1.39,1.33,9.65,-0.05,0.04,0.01,-0.75,6.83,7.18,0.00,0.03,-0.00,0.31,-0.13,0.95,-1.71,2.14,0.49,R
168.433,14,0,0,255,14,-1.36,-3.70,9.21,0.02,0.03,-0.02,-2.77,1.24,9.43,0.02,0.05,-0.01,-1.21,1.36,9.64,-0.04,0.03,-0.00,-1.37,1.42,9.66,-0.04,0.03,-0.01,-0.72,6.95,7.09,-0.04,0.03,-0.01,0.31,-0.13,0.95,-1.89,0.92,-0.06,R
168.484,11,0,0,255,9,-1.41,-3.73,9.20,-0.01,0.01,-0.02,-2.78,1.35,9.43,0.00,0.04,-0.01,-1.15,1.43,9.69,-0.05,0.04,0.00,-1.38,1.43,9.69,-0.02,0.05,-0.00,-0.80,6.92,7.24,-0.04,0.05,-0.00,0.31,-0.13,0.95,-2.26,1.71,0.37,R
168.535,10,0,0,255,19,-1.40,-3.76,9.20,0.00,0.01,-0.02,-2.84,1.20,9.39,-0.00,0.07,-0.02,-1.23,1.37,9.70,-0.02,0.04,0.00,-1.44,1.35,9.65,0.00,0.04,0.01,-0.74,6.94,7.12,0.03,0.03,0.00,0.31,-0.13,0.95,-2.44,1.65,0.31,R
168.586,12,0,0,255,14,-1.39,-3.79,9.11,-0.00,0.02,-0.01,-2.78,1.28,9.41,0.03,0.04,-0.01,-1.23,1.45,9.67,-0.03,0.03,-0.00,-1.44,1.44,9.65,-0.02,0.03,-0.00,-0.71,6.89,7.08,-0.01,0.02,-0.01,0.32,-0.12,0.95,-0.79,1.34,0.06,R
168.637,12,0,0,255,10,-1.42,-3.84,9.17,-0.00,0.02,-0.02,-2.80,1.07,9.37,0.01,0.05,-0.01,-1.87,1.68,10.14,0.01,0.06,-0.02,-1.47,1.81,9.76,0.05,0.03,-0.02,-0.71,6.91,7.00,0.03,0.03,-0.01,0.31,-0.13,0.95,-2.44,2.01,0.67,R
168.688,13,0,0,255,14,-1.35,-3.87,9.16,-0.02,0.00,-0.01,-2.79,1.08,9.40,0.01,0.07,-0.02,-1.28,1.34,9.73,0.02,0.05,-0.00,-1.44,1.48,9.64,0.02,0.04,0.00,-0.73,6.95,7.12,0.01,0.03,-0.01,0.32,-0.12,0.96,-2.62,1.46,0.37,R
168.739,95,0,0,255,0,-1.35,-3.91,9.13,-0.03,0.00,-0.00,-2.78,1.28,9.38,-0.02,0.02,-0.01,-1.25,1.34,9.63,-0.07,0.01,0.00,-1.43,1.34,9.68,-0.02,0.02,-0.00,-0.79,6.91,7.17,-0.04,0.02,-0.01,0.32,-0.12,0.95,0.24,0.37,0.61,R
168.79,94,0,0,255,0,-1.41,-3.87,9.12,-0.02,0.02,-0.01,-2.91,1.17,9.31,-0.01,0.05,-0.01,-1.31,1.40,9.65,-0.02,0.04,-0.01,-1.48,1.29,9.63,-0.01,0.03,-0.00,-0.76,6.85,7.15,0.01,0.02,-0.01,0.31,-0.12,0.95,-1.16,0.92,0.43,R
168.841,94,0,0,255,0,-1.40,-3.78,9.13,0.02,0.01,-0.01,-2.81,1.21,9.37,-0.02,0.04,0.00,-1.26,1.43,9.67,-0.04,0.01,-0.00,-1.50,1.40,9.66,-0.01,0.03,-0.01,-0.77,6.85,7.06,-0.01,0.02,-0.01,0.32,-0.12,0.95,0.18,0.49,0.12,R
168.892,86,0,0,255,1,-1.37,-3.85,9.12,-0.02,0.01,-0.01,-2.94,1.11,9.39,-0.00,0.05,-0.02,-1.32,1.36,9.60,-0.02,0.04,-0.01,-1.53,1.31,9.66,0.01,0.03,-0.00,-0.81,6.83,7.12,0.02,0.04,-0.00,0.32,-0.12,0.95,-0.85,0.85,0.49,R
168.943,27,0,0,255,13,-1.39,-3.79,9.13,-0.01,0.03,-0.02,-2.84,1.28,9.39,0.01,0.04,-0.01,-1.32,1.39,9.58,-0.01,0.02,0.00,-1.52,1.41,9.61,-0.01,0.02,-0.01,-0.74,6.89,7.13,-0.01,0.02,-0.01,0.33,-0.12,0.95,-0.24,0.43,0.49,R
168.994,90,0,0,255,1,-1.36,-3.91,9.16,-0.01,0.01,-0.02,-2.85,1.17,9.32,-0.01,0.05,-0.01,-1.40,1.31,9.65,-0.02,0.03,-0.01,-1.48,1.38,9.65,0.01,0.02,0.00,-0.75,6.89,7.13,0.02,0.03,-0.01,0.31,-0.12,0.95,-0.92,0.98,0.49,R
169.045,94,0,0,255,0,-1.34,-3.91,9.13,-0.01,0.01,-0.01,-2.90,1.21,9.39,0.00,0.04,-0.01,-1.32,1.28,9.64,-0.02,0.03,0.00,-1.56,1.43,9.68,0.02,0.02,0.00,-0.77,6.90,7.04,0.02,0.03,-0.01,0.32,-0.11,0.95,-2.20,0.55,-0.31,R
169.096,41,0,0,255,7,-1.39,-3.86,9.19,-0.01,0.02,-0.01,-2.92,1.25,9.34,0.00,0.05,-0.01,-1.34,1.41,9.66,-0.03,0.02,-0.00,-1.49,1.36,9.67,0.01,0.02,-0.01,-0.77,6.87,7.15,0.00,0.02,-0.01,0.32,-0.11,0.95,-0.24,0.61,0.37,R
169.147,94,0,0,255,0,-1.36,-3.85,9.12,-0.01,0.02,-0.01,-2.88,1.24,9.31,0.00,0.04,-0.01,-1.36,1.42,9.62,-0.02,0.03,-0.00,-1.49,1.47,9.66,0.01,0.03,0.00,-0.79,6.94,7.11,0.02,0.02,-0.01,0.32,-0.11,0.95,-0.98,0.79,-0.06,R
169.198,15,0,0,255,12,-1.36,-3.87,9.19,-0.01,0.02,-0.01,-2.95,1.33,9.34,0.00,0.04,-0.01,-1.37,1.43,9.60,-0.04,0.02,-0.01,-1.49,1.44,9.61,-0.00,0.01,-0.01,-0.79,6.84,7.13,-0.01,0.03,-0.01,0.32,-0.11,0.95,-0.92,-0.24,-0.31,R
169.249,16,0,0,255,3,-1.37,-3.88,9.13,-0.00,0.01,-0.01,-2.98,1.32,9.31,-0.01,0.04,-0.01,-1.36,1.45,9.61,-0.04,0.03,-0.01,-1.52,1.37,9.65,-0.01,0.03,0.00,-0.79,6.92,7.15,0.02,0.03,-0.01,0.32,-0.11,0.95,-0.61,0.24,0.55,R
169.3,43,0,0,255,0,-1.40,-3.89,9.09,-0.02,0.02,-0.01,-2.94,1.21,9.39,0.01,0.04,-0.01,-1.40,1.38,9.62,-0.02,0.02,0.00,-1.54,1.46,9.64,0.01,0.03,-0.01,-0.80,6.88,7.16,0.01,0.02,-0.01,0.32,-0.11,0.95,-0.79,0.55,0.31,R
169.351,95,0,0,255,0,-1.36,-3.87,9.11,-0.01,0.02,-0.01,-2.98,1.19,9.37,0.01,0.05,-0.01,-1.35,1.36,9.61,-0.01,0.03,0.00,-1.54,1.44,9.66,0.02,0.03,0.00,-0.84,6.89,7.05,0.03,0.03,-0.01,0.32,-0.11,0.95,-1.28,0.98,0.00,R
169.402,3,0,0,255,0,-1.45,-3.78,9.14,-0.01,0.02,-0.01,-3.02,1.09,9.36,-0.01,0.05,-0.01,-1.47,1.44,9.59,-0.01,0.04,-0.00,-1.58,1.42,9.66,0.00,0.03,0.00,-0.76,6.83,7.13,0.01,0.03,-0.01,0.32,-0.10,0.95,-1.65,0.43,0.37,R
169.453,28,0,0,255,0,-1.36,-3.99,9.18,-0.02,0.02,-0.01,-3.00,1.29,9.36,0.02,0.06,-0.01,-1.47,1.48,9.62,-0.02,0.03,-0.01,-1.52,1.40,9.67,-0.00,0.02,-0.00,-0.80,6.83,7.13,0.01,0.02,-0.02,0.33,-0.10,0.95,-1.28,0.43,0.49,R
169.504,37,0,0,255,0,-1.39,-3.87,9.12,-0.01,0.02,-0.01,-2.96,1.28,9.37,-0.00,0.04,-0.00,-1.35,1.40,9.66,-0.03,0.02,0.00,-1.56,1.47,9.65,0.01,0.02,0.00,-0.82,6.94,7.10,0.02,0.02,-0.01,0.33,-0.10,0.95,-0.43,0.79,0.24,R
169.554,88,0,0,255,0,-1.34,-3.88,9.11,-0.01,0.01,-0.00,-3.00,1.25,9.34,0.00,0.03,-0.01,-1.44,1.43,9.60,-0.03,0.02,-0.00,-1.52,1.43,9.66,0.00,0.02,0.00,-0.82,6.90,7.13,0.01,0.02,-0.01,0.32,-0.10,0.95,-0.55,0.43,0.49,R
169.606,71,0,0,255,0,-1.36,-3.95,9.08,0.00,0.02,-0.00,-2.97,1.24,9.31,-0.01,0.04,0.00,-1.47,1.38,9.62,-0.03,0.01,-0.00,-1.58,1.51,9.63,0.01,0.02,-0.00,-0.73,6.83,7.04,-0.00,0.02,-0.01,0.33,-0.10,0.95,-0.12,0.18,-0.06,R
169.657,99,0,0,255,0,-1.36,-3.97,9.15,-0.01,0.01,-0.01,-3.04,1.18,9.31,-0.02,0.03,-0.01,-1.48,1.42,9.60,-0.03,0.02,-0.00,-1.57,1.43,9.66,-0.01,0.02,-0.00,-0.75,6.92,7.03,-0.01,0.03,-0.01,0.33,-0.10,0.95,0.12,-0.12,0.24,R
169.708,99,0,0,255,0,-1.35,-3.87,9.11,-0.01,0.01,-0.01,-3.06,1.17,9.35,-0.01,0.04,-0.02,-1.48,1.43,9.62,-0.02,0.02,-0.01,-1.58,1.45,9.61,-0.01,0.03,-0.01,-0.83,6.91,7.08,-0.01,0.02,-0.01,0.33,-0.10,0.95,-0.43,-0.06,0.43,R
169.759,101,0,0,255,0,-1.36,-4.01,9.06,-0.02,0.02,-0.01,-3.05,1.11,9.35,-0.01,0.04,-0.01,-1.56,1.43,9.59,-0.01,0.02,-0.01,-1.53,1.47,9.54,0.00,0.03,-0.00,-0.79,7.03,7.19,0.01,0.03,-0.01,0.32,-0.10,0.95,-1.65,0.00,-0.31,R
169.81,41,0,0,255,0,-1.41,-4.00,9.08,-0.00,0.02,-0.01,-3.10,1.15,9.32,0.00,0.06,-0.00,-1.52,1.50,9.62,-0.02,0.03,0.01,-1.57,1.45,9.63,0.01,0.03,0.01,-0.78,6.79,7.04,0.04,0.03,0.00,0.32,-0.10,0.95,-1.34,1.16,0.18,R
169.861,40,0,0,255,0,-1.36,-4.04,9.08,-0.02,0.03,-0.01,-3.06,1.19,9.38,0.02,0.07,-0.02,-1.53,1.45,9.57,0.01,0.05,0.00,-1.61,1.44,9.67,0.04,0.04,0.01,-0.84,6.91,7.09,0.04,0.04,0.01,0.33,-0.10,0.95,-2.56,1.65,-0.31,R
169.912,51,0,0,255,0,-1.40,-3.96,9.13,0.00,0.03,-0.03,-3.05,1.23,9.27,0.01,0.06,-0.02,-1.48,1.48,9.59,-0.02,0.03,-0.01,-1.52,1.50,9.66,0.01,0.03,-0.01,-0.83,6.89,7.04,0.00,0.03,-0.01,0.33,-0.09,0.95,-1.16,-0.06,-1.04,R
169.963,51,0,0,255,0,-1.39,-4.01,9.10,-0.03,0.02,-0.02,-3.07,1.25,9.28,-0.02,0.05,-0.02,-1.52,1.48,9.57,-0.04,0.02,-0.02,-1.63,1.46,9.67,-0.01,0.03,-0.01,-0.85,6.90,7.05,-0.02,0.03,-0.03,0.32,-0.09,0.95,-1.77,-1.34,-1.04,R
170.014,41,0,0,255,0,-1.39,-4.11,9.09,-0.03,0.01,-0.01,-3.16,1.15,9.31,-0.01,0.06,-0.02,-1.55,1.41,9.59,-0.01,0.02,-0.01,-1.60,1.53,9.58,0.01,0.03,-0.01,-0.82,6.94,7.03,-0.00,0.02,-0.02,0.33,-0.09,0.95,-0.31,-0.43,-0.18,R
170.065,95,0,0,255,1,-1.38,-4.02,9.10,-0.02,0.02,-0.02,-3.18,1.17,9.30,-0.00,0.06,-0.02,-1.54,1.54,9.59,-0.02,0.04,-0.01,-1.63,1.45,9.54,-0.03,0.05,-0.01,-0.85,6.88,7.09,0.00,0.03,-0.02,0.32,-0.09,0.95,-0.67,-0.61,-0.18,R
170.116,94,0,0,255,0,-1.43,-4.07,9.07,-0.01,0.02,-0.01,-3.11,1.25,9.27,-0.01,0.06,-0.02,-1.51,1.50,9.58,-0.02,0.02,-0.01,-1.66,1.47,9.63,-0.01,0.03,-0.01,-0.81,6.87,7.06,-0.01,0.02,-0.02,0.33,-0.09,0.95,-0.06,-0.31,0.24,R
170.167,93,0,0,255,0,-1.37,-4.07,9.09,-0.03,0.03,-0.01,-3.19,1.31,9.26,-0.03,0.04,-0.01,-1.58,1.50,9.59,-0.05,0.02,-0.02,-1.55,1.50,9.65,-0.04,0.02,-0.02,-0.91,6.95,7.12,-0.02,0.01,-0.04,0.33,-0.09,0.95,0.31,-1.04,0.06,R
170.218,100,0,0,255,0,-1.41,-4.11,9.03,-0.03,0.04,-0.01,-3.23,1.31,9.25,-0.01,0.05,-0.01,-1.61,1.45,9.60,-0.03,0.02,-0.01,-1.64,1.44,9.59,-0.01,0.02,-0.00,-0.80,6.91,7.12,-0.00,0.02,-0.02,0.32,-0.09,0.95,0.24,-0.37,-0.37,R
170.269,98,0,0,255,0,-1.40,-4.02,9.11,-0.01,0.01,-0.01,-3.17,1.26,9.23,-0.01,0.02,-0.01,-1.60,1.45,9.59,-0.04,0.01,-0.01,-1.69,1.49,9.65,-0.01,0.02,-0.00,-0.79,6.90,7.15,0.01,0.02,-0.02,0.33,-0.09,0.96,-1.28,-0.49,-0.61,R
170.32,101,0,0,255,0,-1.41,-4.10,9.06,-0.01,0.00,-0.00,-3.18,1.21,9.28,-0.01,0.03,-0.00,-1.55,1.39,9.58,-0.04,0.01,0.00,-1.69,1.41,9.62,0.00,0.02,0.00,-0.87,6.93,7.14,0.02,0.02,-0.01,0.32,-0.08,0.95,-0.18,0.37,-0.06,R
170.371,101,0,0,255,0,-1.41,-4.09,8.95,-0.01,-0.01,0.00,-3.27,1.04,9.34,-0.01,0.06,-0.02,-1.65,1.45,9.61,-0.01,0.03,-0.01,-1.68,1.47,9.61,0.01,0.03,0.00,-0.93,6.89,7.09,0.02,0.03,-0.00,0.32,-0.09,0.95,-2.08,0.73,0.67,R
170.422,82,0,0,255,0,-1.50,-4.17,9.10,-0.03,0.03,-0.01,-3.31,1.22,9.39,0.02,0.09,-0.01,-1.58,1.54,9.53,0.02,0.05,0.00,-1.66,1.48,9.60,0.03,0.04,0.01,-0.81,6.93,7.02,0.05,0.03,0.01,0.33,-0.08,0.96,-3.36,1.77,0.37,R
170.473,10,0,0,255,0,-1.38,-4.00,9.10,-0.02,0.02,-0.02,-3.19,1.33,9.20,-0.02,0.04,-0.03,-1.62,1.54,9.70,-0.03,0.03,-0.02,-1.64,1.54,9.59,-0.03,0.03,-0.03,-0.86,6.90,7.08,-0.04,0.01,-0.04,0.33,-0.08,0.95,-0.55,-0.98,1.10,R
170.524,30,0,0,255,0,-1.42,-4.23,8.98,-0.02,0.01,-0.01,-3.21,1.16,9.22,-0.02,0.05,-0.02,-1.68,1.47,9.55,-0.03,0.02,-0.01,-1.68,1.46,9.62,0.00,0.02,-0.01,-0.91,6.90,7.08,0.02,0.02,-0.01,0.32,-0.08,0.95,-0.79,-0.12,0.06,R
170.575,51,0,0,255,0,-1.33,-4.15,9.04,-0.02,0.02,-0.00,-3.22,1.25,9.22,-0.01,0.03,-0.01,-1.61,1.54,9.58,-0.03,0.01,-0.01,-1.75,1.49,9.62,-0.00,0.01,-0.01,-0.84,6.90,7.06,-0.00,0.02,-0.01,0.33,-0.08,0.95,0.43,-0.18,0.12,R
170.626,52,0,0,255,0,-1.40,-4.26,9.03,0.01,0.01,-0.01,-3.32,1.23,9.26,0.04,0.04,0.00,-1.66,1.44,9.62,-0.00,0.02,0.01,-1.70,1.53,9.58,0.02,0.02,0.01,-0.88,6.96,7.11,0.04,0.03,0.01,0.32,-0.08,0.96,-0.55,1.34,0.37,R
170.676,97,0,0,255,0,-1.44,-4.07,9.07,0.00,0.02,-0.00,-3.24,1.27,9.19,-0.00,0.03,0.01,-1.65,1.56,9.56,-0.04,0.00,0.01,-1.61,1.49,9.61,-0.01,0.01,0.01,-0.91,6.91,7.01,0.02,0.03,-0.00,0.33,-0.08,0.95,1.34,0.79,0.49,R
170.728,99,0,0,255,0,-1.39,-4.16,9.02,-0.01,0.02,-0.00,-3.31,1.14,9.27,-0.01,0.03,0.01,-1.67,1.53,9.58,-0.02,0.02,0.00,-1.72,1.45,9.55,0.01,0.03,0.01,-0.86,6.93,7.06,0.03,0.03,0.00,0.32,-0.08,0.95,0.37,0.55,0.49,R
170.779,34,0,0,255,0,-1.40,-4.14,9.05,-0.01,0.02,0.00,-3.28,1.11,9.20,-0.01,0.04,0.01,-1.64,1.52,9.59,-0.00,0.01,0.00,-1.65,1.59,9.63,0.01,0.02,0.00,-0.86,6.95,6.99,0.01,0.02,-0.00,0.34,-0.07,0.95,-0.12,0.79,0.12,R
170.83,14,0,0,255,0,-1.36,-4.21,9.04,-0.02,0.02,-0.01,-3.31,1.21,9.28,-0.03,0.03,-0.01,-1.64,1.52,9.54,-0.04,0.01,-0.00,-1.72,1.47,9.62,-0.01,0.02,-0.01,-0.82,6.90,7.08,-0.00,0.02,-0.02,0.32,-0.08,0.95,0.31,-0.55,0.18,R
170.881,33,0,0,255,0,-1.43,-4.21,9.05,-0.01,0.02,-0.00,-3.34,1.16,9.21,-0.01,0.03,-0.00,-1.74,1.49,9.56,-0.04,0.01,-0.00,-1.78,1.50,9.62,-0.00,0.02,-0.01,-0.94,6.91,7.06,0.01,0.02,-0.01,0.33,-0.08,0.95,0.06,0.31,0.00,R
170.932,35,0,0,255,0,-1.45,-4.13,9.04,0.00,0.01,-0.01,-3.34,1.21,9.23,0.00,0.02,0.01,-1.65,1.44,9.59,-0.02,0.01,0.00,-1.73,1.53,9.56,0.01,0.01,-0.00,-0.89,6.96,7.04,0.01,0.02,-0.00,0.33,-0.07,0.96,0.37,0.43,0.06,R
170.983,53,0,0,255,0,-1.36,-4.13,9.03,-0.00,0.01,-0.00,-3.37,1.23,9.22,-0.02,0.03,-0.00,-1.67,1.47,9.58,-0.04,0.01,-0.00,-1.72,1.53,9.66,-0.01,0.02,-0.00,-0.85,6.88,7.12,0.01,0.02,-0.00,0.33,-0.08,0.95,0.06,0.00,0.49,R
171.034,98,0,0,255,0,-1.46,-4.16,9.03,-0.01,0.00,0.00,-3.28,1.17,9.17,-0.01,0.03,0.01,-1.76,1.53,9.61,-0.02,0.02,0.01,-1.68,1.58,9.56,-0.01,0.02,0.00,-0.91,6.84,7.03,0.01,0.02,-0.00,0.33,-0.08,0.95,0.31,0.37,0.37,R
171.085,89,0,0,255,0,-1.39,-4.19,9.03,0.00,0.01,-0.01,-3.27,1.20,9.24,-0.01,0.03,-0.00,-1.69,1.55,9.59,-0.03,0.01,0.00,-1.74,1.56,9.64,-0.01,0.01,-0.01,-0.88,6.92,7.06,-0.01,0.01,-0.01,0.33,-0.07,0.95,0.85,-0.06,0.06,R
171.136,99,0,0,255,0,-1.39,-4.18,9.05,-0.02,0.01,-0.01,-3.29,1.22,9.23,-0.04,0.03,-0.02,-1.71,1.49,9.56,-0.05,0.01,-0.01,-1.69,1.49,9.59,-0.02,0.02,-0.01,-0.88,6.90,7.09,-0.01,0.02,-0.02,0.33,-0.07,0.95,0.73,-0.85,0.43,R
171.187,98,0,0,255,0,-1.43,-4.25,8.95,-0.04,-0.00,-0.01,-3.28,1.16,9.21,-0.03,0.02,-0.01,-1.70,1.49,9.55,-0.05,0.01,-0.01,-1.74,1.49,9.59,-0.04,0.02,-0.01,-0.90,6.90,7.07,-0.04,0.02,-0.01,0.33,-0.08,0.95,0.67,-0.73,1.04,R
171.239,36,0,0,255,0,-1.33,-4.18,8.99,-0.02,0.01,-0.02,-3.33,1.18,9.22,-0.04,0.02,-0.02,-1.75,1.51,9.56,-0.06,0.01,-0.01,-1.66,1.47,9.60,-0.04,0.02,-0.01,-0.86,6.94,7.03,-0.04,0.02,-0.04,0.33,-0.08,0.95,0.92,-1.04,1.28,R
171.289,41,0,0,255,0,-1.39,-4.27,8.98,-0.04,0.01,-0.02,-3.34,1.23,9.24,-0.04,0.03,-0.02,-1.70,1.47,9.54,-0.06,0.02,-0.01,-1.68,1.55,9.62,-0.03,0.02,-0.01,-0.90,6.93,7.11,-0.02,0.01,-0.03,0.32,-0.08,0.95,0.85,-0.92,1.34,R
171.34,10,0,0,255,0,-1.39,-4.31,9.03,-0.01,0.01,-0.01,-3.38,1.16,9.26,-0.01,0.02,-0.00,-1.69,1.47,9.55,-0.04,0.00,-0.01,-1.72,1.47,9.62,-0.01,0.02,-0.00,-0.93,6.82,7.12,-0.00,0.02,-0.01,0.33,-0.08,0.95,1.34,0.06,0.06,R
171.391,18,0,0,255,0,-1.40,-4.27,9.00,0.00,0.03,-0.01,-3.35,1.21,9.25,-0.02,0.02,-0.00,-1.68,1.43,9.54,-0.05,0.01,0.00,-1.69,1.47,9.62,-0.03,0.02,-0.01,-0.88,6.82,7.13,-0.02,0.02,-0.02,0.33,-0.08,0.95,1.34,-0.49,-0.18,R
171.442,8,0,0,255,0,-1.38,-4.22,9.01,-0.01,0.02,-0.01,-3.34,1.10,9.25,-0.02,0.03,-0.00,-1.73,1.42,9.55,-0.04,0.01,0.00,-1.73,1.47,9.63,-0.02,0.02,-0.00,-0.92,6.93,7.14,-0.01,0.02,-0.01,0.33,-0.08,0.95,0.85,-0.12,0.24,R
171.493,41,0,0,255,0,-1.44,-4.21,8.96,0.01,0.02,-0.01,-3.32,1.12,9.23,-0.01,0.03,-0.00,-1.68,1.44,9.59,-0.03,0.00,0.00,-1.72,1.47,9.60,-0.01,0.02,-0.01,-0.90,6.88,7.14,-0.00,0.02,-0.01,0.33,-0.07,0.95,0.85,-0.12,-0.24,R
171.544,94,0,0,255,0,-1.42,-4.26,9.01,-0.01,0.02,-0.01,-3.29,1.12,9.31,-0.01,0.03,-0.00,-1.69,1.42,9.60,-0.05,0.01,-0.00,-1.74,1.46,9.59,-0.02,0.02,-0.01,-0.98,6.77,7.14,-0.01,0.01,-0.02,0.33,-0.08,0.95,1.34,-0.49,-0.06,R
171.595,98,0,0,255,0,-1.37,-4.28,8.99,-0.00,0.04,-0.01,-3.34,1.13,9.22,-0.01,0.03,0.00,-1.68,1.41,9.63,-0.03,0.01,-0.00,-1.72,1.41,9.55,-0.01,0.02,-0.00,-0.93,6.81,7.12,-0.00,0.02,-0.01,0.33,-0.08,0.95,0.79,0.24,-0.37,R
171.646,98,0,0,255,0,-1.45,-4.22,9.00,0.01,0.04,-0.01,-3.28,1.18,9.19,-0.01,0.04,-0.01,-1.67,1.48,9.55,-0.04,0.02,-0.01,-1.75,1.37,9.57,-0.01,0.01,-0.00,-0.91,6.80,7.15,0.01,0.01,-0.01,0.33,-0.08,0.96,0.55,0.00,-0.24,R
171.697,96,0,0,255,0,-1.42,-4.23,8.97,-0.01,0.04,-0.01,-3.37,1.07,9.25,-0.02,0.03,-0.00,-1.66,1.47,9.57,-0.05,0.01,0.00,-1.87,1.41,9.73,-0.01,0.02,-0.01,-0.90,6.85,7.14,-0.01,0.01,-0.02,0.33,-0.08,0.95,0.92,-0.31,0.00,R
171.748,64,0,0,255,0,-1.51,-4.32,8.96,-0.01,0.02,-0.01,-3.34,1.14,9.16,-0.01,0.03,0.00,-1.73,1.54,9.56,-0.02,0.01,-0.01,-1.75,1.46,9.60,-0.02,0.02,-0.00,-1.01,6.82,7.13,-0.00,0.02,-0.01,0.33,-0.08,0.96,0.24,-0.06,0.31,R
171.799,29,0,0,255,0,-1.47,-4.21,8.96,0.00,0.02,-0.01,-3.37,1.12,9.18,-0.02,0.02,0.00,-1.73,1.43,9.58,-0.04,0.01,-0.00,-1.78,1.35,9.66,-0.02,0.01,0.00,-0.90,6.83,7.16,0.00,0.02,-0.00,0.32,-0.08,0.95,0.79,-0.18,0.55,R
171.85,101,0,0,255,0,-1.49,-4.26,9.02,0.01,-0.00,-0.00,-3.35,1.07,9.26,-0.01,0.02,0.01,-1.70,1.46,9.51,-0.00,0.00,-0.00,-1.72,1.41,9.65,-0.00,0.01,0.00,-0.96,6.90,7.12,0.01,0.02,-0.00,0.33,-0.08,0.96,0.55,0.49,0.31,R
171.901,99,0,0,255,0,-1.44,-4.27,8.96,-0.01,0.02,-0.00,-3.36,1.11,9.23,-0.01,0.02,0.00,-1.71,1.49,9.57,-0.02,0.00,-0.00,-1.74,1.42,9.60,-0.01,0.01,-0.00,-0.89,6.82,7.10,0.01,0.01,-0.01,0.33,-0.08,0.96,0.55,-0.12,-0.37,R
171.952,101,0,0,255,0,-1.44,-4.22,8.96,0.00,0.02,-0.01,-3.37,1.14,9.19,-0.01,0.02,-0.00,-1.75,1.40,9.57,-0.03,0.01,-0.01,-1.78,1.47,9.59,-0.00,0.02,-0.00,-0.91,6.86,7.24,-0.00,0.02,-0.01,0.33,-0.08,0.95,0.00,-0.18,-0.06,R
172.003,46,0,0,255,0,-1.36,-4.29,8.96,0.00,0.00,0.00,-3.35,1.09,9.20,-0.02,0.03,0.00,-1.74,1.41,9.59,-0.02,0.00,0.00,-1.77,1.41,9.54,-0.01,0.01,0.00,-0.90,6.80,7.18,-0.00,0.02,-0.01,0.33,-0.08,0.95,0.24,0.18,0.18,R
172.054,40,0,0,255,0,-1.43,-4.28,8.95,0.02,-0.00,-0.00,-3.37,1.08,9.28,-0.01,0.02,0.01,-1.81,1.43,9.56,-0.03,0.01,0.01,-1.78,1.38,9.62,-0.01,0.01,0.01,-0.89,6.78,7.13,0.02,0.02,0.00,0.32,-0.08,0.95,-0.06,0.73,0.49,R
172.105,99,0,0,255,0,-1.37,-4.25,8.94,0.02,0.01,-0.00,-3.36,1.11,9.23,-0.02,0.02,0.01,-1.69,1.56,9.55,-0.03,0.01,-0.01,-1.71,1.48,9.60,-0.03,0.02,-0.01,-0.89,6.84,7.15,-0.04,0.02,-0.02,0.34,-0.07,0.95,1.04,-0.18,0.61,R
172.156,34,0,0,255,0,-1.51,-4.27,8.92,-0.01,0.01,-0.02,-3.36,1.07,9.21,-0.02,0.03,-0.01,-1.77,1.36,9.59,-0.06,0.00,-0.00,-1.74,1.38,9.61,-0.03,0.01,0.00,-0.96,6.77,7.19,0.01,0.02,0.00,0.32,-0.08,0.96,1.89,-0.37,0.85,R
172.207,42,0,0,255,0,-1.46,-4.25,8.98,0.04,0.00,-0.01,-3.35,1.14,9.19,0.01,0.02,0.01,-1.75,1.39,9.61,-0.01,0.00,0.01,-1.73,1.44,9.60,-0.01,0.01,0.02,-0.93,6.79,7.19,0.02,0.03,-0.00,0.32,-0.08,0.96,1.28,0.67,1.16,R
172.258,36,0,0,255,0,-1.42,-4.26,8.95,0.00,0.02,0.01,-3.42,1.14,9.39,0.00,0.03,0.01,-1.68,1.46,9.59,-0.02,0.01,0.01,-1.78,1.44,9.62,-0.00,0.01,0.01,-0.91,6.86,7.11,0.02,0.03,0.00,0.33,-0.08,0.96,0.67,1.04,1.22,R
172.309,41,0,0,255,0,-1.42,-4.27,8.99,-0.00,0.01,0.01,-3.32,1.13,9.16,-0.01,0.03,0.01,-1.75,1.40,9.58,-0.01,0.01,0.01,-1.75,1.42,9.59,-0.01,0.01,0.01,-0.95,6.84,7.10,0.02,0.02,0.00,0.33,-0.08,0.95,0.31,0.73,0.98,R
172.36,52,0,0,255,0,-1.44,-4.19,8.91,-0.00,0.03,0.01,-3.34,1.09,9.29,-0.01,0.03,0.01,-1.76,1.46,9.56,-0.01,0.01,0.01,-1.73,1.36,9.55,0.02,0.02,0.01,-0.86,6.87,7.15,0.03,0.03,0.01,0.33,-0.08,0.95,-0.61,0.92,0.67,R
172.411,73,0,0,255,0,-1.41,-4.18,8.96,0.01,0.02,0.00,-3.30,1.11,9.25,0.01,0.03,0.01,-1.69,1.42,9.58,-0.02,0.01,0.01,-1.76,1.40,9.56,0.01,0.02,0.00,-0.91,6.86,7.16,0.01,0.02,0.00,0.34,-0.07,0.95,-0.43,0.67,-0.06,R
172.461,88,0,0,255,0,-1.45,-4.21,8.97,0.01,0.02,-0.01,-3.39,1.10,9.22,0.01,0.03,0.00,-1.76,1.42,9.58,-0.02,0.00,-0.00,-1.77,1.45,9.55,-0.00,0.01,0.00,-0.85,6.84,7.14,0.01,0.02,-0.01,0.33,-0.07,0.95,-0.12,0.00,-0.18,R
172.512,101,0,0,255,0,-1.48,-4.21,8.97,0.00,0.02,-0.01,-3.31,1.08,9.18,-0.00,0.03,0.00,-1.74,1.47,9.56,-0.02,0.01,0.00,-1.70,1.45,9.59,-0.01,0.02,0.00,-0.96,6.79,7.14,0.00,0.02,-0.01,0.33,-0.08,0.95,0.00,0.00,0.00,R
172.564,46,0,0,255,0,-1.43,-4.26,8.96,-0.00,0.02,-0.01,-3.37,1.02,9.25,-0.01,0.03,0.00,-1.72,1.48,9.55,-0.02,0.01,0.00,-1.72,1.38,9.59,-0.00,0.02,0.00,-0.85,6.85,7.10,0.00,0.02,0.00,0.33,-0.07,0.96,0.37,-0.24,0.00,R
172.615,26,0,0,255,0,-1.44,-4.17,8.94,-0.03,0.02,-0.01,-3.35,1.05,9.26,-0.03,0.03,-0.01,-1.72,1.42,9.60,-0.04,0.01,-0.01,-1.73,1.42,9.56,-0.02,0.02,-0.01,-0.89,6.90,7.08,-0.01,0.02,-0.02,0.33,-0.08,0.95,0.79,-0.98,-0.06,R
172.666,17,0,0,255,0,-1.44,-4.25,8.98,-0.01,0.03,-0.01,-3.33,1.12,9.30,-0.01,0.03,-0.00,-1.81,1.46,9.57,-0.03,0.01,-0.01,-1.76,1.44,9.59,-0.00,0.02,0.00,-0.92,6.85,7.13,0.00,0.02,-0.02,0.33,-0.08,0.95,0.31,-0.24,-0.49,R
172.717,14,0,0,255,0,-1.49,-4.26,8.99,-0.00,0.01,-0.01,-3.34,1.09,9.23,-0.01,0.02,0.00,-1.77,1.42,9.57,-0.03,0.01,0.00,-1.73,1.41,9.57,-0.01,0.02,-0.00,-0.94,6.97,7.13,0.00,0.02,-0.01,0.33,-0.08,0.95,0.24,-0.43,-0.12,R
172.768,96,0,0,255,0,-1.50,-4.23,8.96,-0.02,0.02,-0.01,-3.37,1.16,9.24,-0.03,0.04,-0.00,-1.69,1.44,9.56,-0.03,0.02,0.00,-1.78,1.42,9.54,-0.01,0.02,-0.00,-0.90,6.80,7.15,-0.01,0.02,-0.02,0.33,-0.07,0.95,-0.61,-0.49,0.49,R
172.819,97,0,0,255,0,-1.46,-4.31,8.90,-0.02,0.01,-0.01,-3.34,1.16,9.20,-0.02,0.03,-0.00,-1.75,1.41,9.56,-0.03,0.02,0.00,-1.77,1.40,9.60,-0.01,0.03,0.00,-0.93,6.81,7.10,0.01,0.02,-0.01,0.32,-0.07,0.95,-1.04,0.06,0.49,R
172.87,98,0,0,255,0,-1.43,-4.29,9.00,-0.01,0.01,-0.01,-3.41,1.14,9.26,0.01,0.03,-0.00,-1.74,1.46,9.54,-0.04,0.02,-0.00,-1.80,1.39,9.65,-0.01,0.03,-0.01,-0.93,6.86,7.10,-0.01,0.02,-0.02,0.33,-0.07,0.95,-1.71,-0.43,0.67,R
172.921,99,0,0,255,0,-1.43,-4.26,8.98,-0.03,0.02,-0.01,-3.29,1.13,9.18,-0.02,0.04,-0.02,-1.78,1.51,9.54,-0.04,0.02,-0.02,-1.77,1.36,9.59,-0.04,0.02,-0.03,-0.93,6.83,7.12,-0.04,0.01,-0.04,0.33,-0.07,0.96,-1.53,-1.40,0.55,R
172.972,95,0,0,255,0,-1.49,-4.38,8.87,-0.03,0.02,-0.01,-3.39,1.02,9.21,-0.02,0.03,-0.01,-1.81,1.43,9.55,-0.03,0.01,-0.00,-1.78,1.39,9.58,-0.00,0.02,0.00,-0.94,6.86,7.16,0.02,0.01,-0.02,0.32,-0.07,0.95,-2.56,-0.37,0.12,R
173.023,9,0,0,255,0,-1.41,-4.32,8.96,-0.02,-0.01,0.00,-3.37,1.02,9.28,0.00,0.03,0.00,-1.74,1.46,9.50,-0.01,0.01,0.00,-1.79,1.34,9.63,0.01,0.02,0.00,-0.96,6.81,7.15,0.01,0.02,-0.01,0.33,-0.06,0.95,-2.93,-0.12,0.06,R
173.074,3,0,0,255,0,-1.43,-4.33,8.93,-0.01,0.00,-0.01,-3.31,1.04,9.24,-0.01,0.03,-0.00,-1.73,1.44,9.52,-0.04,0.00,-0.00,-1.72,1.44,9.59,-0.02,0.02,-0.01,-0.91,6.79,7.18,-0.00,0.02,-0.02,0.33,-0.06,0.96,1.40,-0.12,0.67,R
173.125,15,0,0,255,0,-1.42,-4.34,8.83,-0.01,0.01,-0.00,-3.45,1.03,9.29,-0.02,0.02,-0.01,-1.79,1.42,9.57,-0.03,0.01,-0.00,-1.78,1.33,9.45,-0.02,0.02,0.00,-0.93,6.85,7.21,0.01,0.02,-0.01,0.32,-0.07,0.96,0.55,-0.24,0.55,R
173.176,25,0,0,255,0,-1.44,-4.29,8.96,0.00,0.01,-0.00,-3.37,1.03,9.21,-0.01,0.03,-0.00,-1.82,1.41,9.58,-0.02,0.01,-0.00,-1.81,1.47,9.63,-0.01,0.01,0.00,-0.94,6.82,7.13,-0.01,0.02,-0.01,0.33,-0.06,0.95,-0.37,0.00,0.31,R
173.227,53,0,0,255,0,-1.44,-4.29,8.94,0.00,0.02,-0.01,-3.40,0.96,9.22,-0.03,0.03,-0.01,-1.75,1.44,9.55,-0.03,0.01,-0.00,-1.77,1.39,9.54,-0.02,0.02,-0.01,-0.95,6.79,7.13,-0.02,0.01,-0.02,0.33,-0.06,0.95,0.49,-0.61,0.49,R
173.278,95,0,0,255,0,-1.46,-4.42,8.90,-0.01,0.01,-0.01,-3.40,0.99,9.27,-0.03,0.03,-0.00,-1.82,1.45,9.59,-0.03,0.01,-0.00,-1.81,1.36,9.50,-0.03,0.02,-0.01,-0.93,6.81,7.13,-0.01,0.02,-0.02,0.33,-0.06,0.96,-0.24,-0.43,0.24,R
173.329,99,0,0,255,0,-1.46,-4.41,8.90,-0.02,0.02,-0.01,-3.43,0.99,9.19,-0.02,0.03,-0.01,-1.80,1.44,9.50,-0.03,0.01,-0.00,-1.76,1.44,9.58,-0.00,0.03,-0.00,-0.94,6.84,7.07,0.00,0.02,-0.01,0.32,-0.07,0.96,0.12,-0.43,0.18,R
173.38,39,0,0,255,0,-1.40,-4.37,8.92,-0.01,0.02,-0.01,-3.41,0.96,9.21,-0.01,0.03,-0.00,-1.81,1.50,9.56,-0.02,0.02,0.00,-1.85,1.36,9.62,-0.01,0.01,-0.00,-0.97,6.80,7.18,-0.01,0.01,-0.01,0.33,-0.06,0.96,0.06,-0.43,-0.06,R
173.431,13,0,0,255,0,-1.44,-4.37,8.91,0.00,0.01,-0.00,-3.39,1.05,9.23,-0.02,0.02,0.00,-1.76,1.36,9.54,-0.03,0.00,0.00,-1.82,1.37,9.62,0.01,0.01,0.00,-0.92,6.82,7.14,0.01,0.02,-0.01,0.32,-0.06,0.96,0.49,-0.18,-0.49,R
173.482,39,0,0,255,0,-1.36,-4.38,8.86,-0.00,0.00,-0.00,-3.38,0.92,9.21,-0.03,0.02,0.01,-1.83,1.37,9.56,-0.02,0.01,0.01,-1.75,1.47,9.55,0.01,0.02,0.00,-0.97,6.82,7.12,0.01,0.02,-0.01,0.32,-0.06,0.96,0.06,0.06,-0.43,R
173.533,27,0,0,255,0,-1.44,-4.36,8.93,0.01,0.02,-0.01,-3.46,1.09,9.25,-0.01,0.04,0.00,-1.75,1.41,9.53,-0.02,0.01,-0.01,-1.78,1.35,9.54,0.00,0.01,0.00,-0.96,6.84,7.13,0.00,0.02,-0.00,0.33,-0.06,0.96,-0.43,-0.06,-0.55,R
173.584,72,0,0,255,0,-1.52,-4.35,8.90,-0.01,0.02,-0.01,-3.42,1.06,9.22,-0.03,0.03,-0.00,-1.76,1.47,9.59,-0.02,0.01,-0.00,-1.75,1.43,9.58,-0.01,0.02,-0.00,-0.93,6.84,7.13,0.01,0.02,-0.01,0.32,-0.06,0.96,0.12,-0.37,-0.06,R
173.635,96,0,0,255,0,-1.35,-4.32,8.85,-0.01,0.01,-0.01,-3.45,0.99,9.28,-0.04,0.04,-0.00,-1.84,1.36,9.57,-0.02,0.01,0.00,-1.85,1.46,9.58,-0.00,0.01,0.00,-0.94,6.85,7.15,0.01,0.02,-0.00,0.33,-0.06,0.96,-0.18,0.06,-0.06,R
173.686,91,0,0,255,0,-1.38,-4.42,8.91,0.00,0.02,-0.01,-3.39,0.97,9.28,-0.02,0.03,0.00,-1.82,1.45,9.54,-0.03,0.01,-0.00,-1.78,1.39,9.65,-0.01,0.02,-0.01,-1.01,6.80,7.14,0.01,0.03,-0.01,0.33,-0.06,0.96,0.24,-0.24,0.00,R
173.737,93,0,0,255,0,-1.44,-4.39,8.89,0.00,0.01,-0.00,-3.39,1.01,9.28,-0.02,0.02,0.00,-1.84,1.44,9.57,-0.03,0.00,-0.00,-1.77,1.41,9.62,-0.00,0.01,-0.00,-0.89,6.86,7.16,0.01,0.02,-0.01,0.33,-0.06,0.96,0.18,0.00,-0.12,R
173.788,98,0,0,255,0,-1.47,-4.38,8.93,-0.00,0.01,-0.01,-3.42,1.02,9.25,-0.02,0.02,0.00,-1.83,1.47,9.58,-0.02,0.01,0.00,-1.83,1.45,9.57,-0.00,0.02,0.00,-0.95,6.79,7.15,0.00,0.02,-0.01,0.32,-0.06,0.96,0.18,-0.06,-0.06,R
173.839,98,0,0,255,0,-1.42,-4.42,8.86,0.02,0.01,-0.00,-3.38,0.98,9.21,-0.00,0.03,0.01,-1.79,1.45,9.55,-0.03,0.01,0.01,-1.82,1.44,9.57,-0.01,0.02,0.00,-1.01,6.82,7.11,0.01,0.02,-0.01,0.33,-0.06,0.95,0.24,0.12,0.00,R
173.89,45,0,0,255,0,-1.41,-4.42,8.94,0.01,0.02,-0.00,-3.35,1.02,9.23,-0.02,0.03,0.00,-1.77,1.42,9.50,-0.02,0.01,0.00,-1.81,1.47,9.56,-0.00,0.02,0.00,-1.02,6.94,7.20,0.00,0.02,-0.01,0.33,-0.06,0.96,0.37,0.00,0.06,R
173.941,47,0,0,255,0,-1.45,-4.44,8.86,-0.01,0.01,-0.01,-3.44,0.91,9.19,0.00,0.03,0.00,-1.82,1.47,9.59,-0.01,0.01,0.00,-1.80,1.37,9.59,-0.00,0.01,0.01,-0.93,6.75,7.23,0.02,0.02,-0.01,0.32,-0.06,0.96,-0.06,0.00,0.24,R
173.992,61,0,0,255,0,-1.48,-4.45,8.89,-0.01,0.02,0.01,-3.34,1.08,9.16,-0.00,0.04,0.00,-1.90,1.47,9.51,-0.01,0.02,0.00,-1.86,1.46,9.58,0.01,0.03,0.00,-1.00,6.79,7.14,0.01,0.03,0.01,0.32,-0.06,0.96,-0.24,0.37,0.49,R
174.043,43,0,0,255,0,-1.46,-4.43,8.89,0.01,0.01,-0.00,-3.42,0.98,9.22,-0.00,0.04,0.01,-1.88,1.46,9.65,-0.02,0.02,0.01,-1.72,1.39,9.44,0.00,0.02,0.00,-0.96,6.84,7.19,0.02,0.02,-0.00,0.33,-0.06,0.96,-0.49,0.06,0.43,R
174.094,92,0,0,255,0,-1.42,-4.37,8.85,-0.01,0.02,0.01,-3.41,0.95,9.17,-0.01,0.03,0.00,-1.85,1.46,9.51,-0.02,0.02,0.00,-1.86,1.49,9.64,0.01,0.03,0.00,-0.92,6.81,7.09,0.01,0.02,-0.01,0.33,-0.06,0.96,-0.24,0.12,0.24,R
174.145,98,0,0,255,0,-1.45,-4.38,8.84,-0.00,0.01,-0.01,-3.43,1.05,9.19,-0.02,0.02,-0.00,-1.83,1.49,9.61,-0.03,0.01,0.00,-1.82,1.39,9.60,-0.01,0.02,-0.00,-0.99,6.81,7.16,0.00,0.02,-0.01,0.32,-0.06,0.96,0.24,-0.12,0.12,R
174.196,18,0,0,255,0,-1.41,-4.40,8.86,-0.01,0.01,0.01,-3.45,1.01,9.21,0.00,0.03,0.00,-1.82,1.47,9.55,-0.02,-0.00,0.00,-1.81,1.47,9.52,0.00,0.01,0.00,-0.94,6.85,7.14,0.01,0.02,-0.01,0.33,-0.05,0.96,0.67,0.31,0.18,R
174.247,24,0,0,255,0,-1.48,-4.38,8.93,0.00,0.01,0.00,-3.44,1.04,9.15,-0.01,0.02,0.00,-1.84,1.50,9.51,-0.05,0.00,0.00,-1.86,1.46,9.59,-0.01,0.01,0.00,-0.95,6.85,7.15,0.01,0.02,-0.02,0.33,-0.05,0.96,0.98,-0.24,0.49,R
174.298,27,0,0,255,0,-1.40,-4.48,8.91,0.00,0.01,-0.00,-3.51,1.01,9.22,-0.01,0.02,-0.00,-1.78,1.41,9.55,-0.02,0.01,-0.00,-1.84,1.43,9.59,-0.01,0.02,-0.00,-0.96,6.86,7.12,0.01,0.02,-0.01,0.32,-0.06,0.96,0.55,0.12,0.55,R
174.349,41,0,0,255,0,-1.39,-4.51,8.91,-0.01,0.02,0.01,-3.39,0.92,9.05,-0.01,0.03,0.00,-1.87,1.40,9.50,-0.03,0.01,0.01,-1.83,1.45,9.60,0.00,0.02,0.01,-0.97,6.90,7.09,0.01,0.03,0.00,0.32,-0.06,0.96,0.12,0.43,0.37,R
174.4,33,0,0,255,0,-1.43,-4.44,8.84,0.01,0.02,0.00,-3.49,1.05,9.23,-0.00,0.03,-0.00,-1.86,1.52,9.55,-0.02,0.01,0.00,-1.84,1.51,9.56,-0.01,0.01,0.01,-0.89,6.81,7.13,-0.00,0.02,-0.01,0.33,-0.05,0.95,0.18,0.12,0.18,R
174.451,33,0,0,255,0,-1.36,-4.50,8.84,-0.03,0.02,-0.00,-3.52,0.96,9.26,-0.02,0.03,-0.00,-1.94,1.48,9.59,-0.04,0.01,0.00,-1.87,1.41,9.62,-0.01,0.02,-0.00,-0.96,6.92,7.20,-0.00,0.02,-0.01,0.32,-0.06,0.96,0.24,-0.12,0.18,R
174.502,54,0,0,255,0,-1.51,-4.40,8.90,0.01,0.01,-0.01,-3.49,0.94,9.20,-0.00,0.03,0.00,-1.84,1.49,9.56,-0.02,-0.00,-0.00,-1.82,1.48,9.63,-0.00,0.02,-0.00,-0.96,6.83,7.17,0.00,0.02,-0.01,0.32,-0.06,0.96,0.67,0.18,0.06,R
174.553,98,0,0,255,0,-1.50,-4.33,8.92,0.01,0.03,0.00,-3.48,1.08,9.20,-0.02,0.03,0.01,-1.88,1.43,9.52,-0.03,0.01,0.01,-1.83,1.37,9.61,-0.01,0.02,0.01,-0.98,6.83,7.13,0.03,0.02,0.00,0.32,-0.06,0.95,0.55,0.37,0.37,R
174.604,99,0,0,255,0,-1.41,-4.39,8.87,0.01,0.01,0.00,-3.48,1.03,9.14,-0.01,0.03,0.01,-1.88,1.43,9.56,-0.03,0.01,0.00,-1.73,1.43,9.58,0.00,0.01,0.00,-0.97,6.88,7.13,0.01,0.03,-0.01,0.33,-0.06,0.96,0.31,0.00,0.31,R
174.655,41,0,0,255,0,-1.41,-4.47,8.92,0.00,0.01,0.01,-3.44,0.98,9.14,-0.01,0.03,0.01,-1.93,1.49,9.66,-0.03,0.01,0.01,-1.88,1.43,9.59,0.00,0.02,0.00,-0.95,6.93,7.08,0.01,0.02,0.00,0.33,-0.06,0.96,0.12,0.31,0.00,R
174.706,53,0,0,255,0,-1.40,-4.37,8.92,-0.01,0.02,-0.01,-3.48,0.96,9.20,-0.02,0.03,0.00,-1.87,1.46,9.50,-0.03,0.01,-0.01,-1.77,1.48,9.58,-0.01,0.01,-0.00,-0.96,6.90,7.13,-0.00,0.02,-0.01,0.33,-0.05,0.96,0.12,-0.37,-0.18,R
174.757,42,0,0,255,0,-1.41,-4.50,8.92,-0.01,0.02,-0.01,-3.45,0.98,9.17,-0.02,0.02,-0.00,-1.88,1.47,9.55,-0.03,0.00,-0.00,-1.80,1.39,9.63,-0.02,0.01,-0.00,-0.96,6.85,7.13,-0.00,0.02,-0.01,0.33,-0.05,0.96,0.73,-0.43,-0.18,R
174.808,42,0,0,255,0,-1.45,-4.41,8.86,-0.04,0.03,-0.00,-3.49,1.02,9.17,-0.02,0.03,-0.00,-1.85,1.52,9.52,-0.03,0.01,-0.00,-1.84,1.49,9.56,-0.01,0.01,-0.01,-0.90,6.81,7.06,0.00,0.02,-0.02,0.32,-0.06,0.96,0.67,-0.55,0.06,R
174.859,53,0,0,255,0,-1.42,-4.42,8.90,0.00,0.01,-0.01,-3.44,1.01,9.16,-0.01,0.03,0.00,-1.85,1.47,9.53,-0.03,0.00,0.00,-1.82,1.44,9.54,-0.01,0.02,0.00,-1.01,6.85,7.12,0.01,0.02,-0.01,0.33,-0.05,0.96,0.79,0.00,0.00,R
174.91,83,0,0,255,0,-1.47,-4.39,8.87,-0.02,0.02,-0.01,-3.50,1.06,9.17,-0.03,0.02,-0.00,-1.88,1.45,9.48,-0.04,0.01,0.00,-1.87,1.39,9.60,-0.01,0.01,-0.00,-1.01,6.85,7.13,0.01,0.02,-0.01,0.32,-0.06,0.96,0.43,-0.43,0.31,R
174.961,101,0,0,255,0,-1.45,-4.42,8.86,-0.01,0.01,-0.00,-3.49,0.97,9.21,-0.00,0.03,0.01,-1.90,1.47,9.59,-0.03,0.01,0.00,-1.82,1.48,9.58,-0.01,0.02,0.00,-0.97,6.90,7.11,0.00,0.02,-0.01,0.33,-0.05,0.96,0.12,-0.12,-0.06,R
175.011,44,0,0,255,0,-1.47,-4.50,8.87,-0.01,0.03,-0.01,-3.45,1.01,9.21,-0.00,0.03,-0.00,-1.88,1.47,9.51,-0.03,0.01,-0.00,-1.83,1.48,9.55,-0.00,0.01,-0.01,-0.98,6.88,7.19,0.00,0.02,-0.01,0.32,-0.05,0.96,1.04,0.00,-0.24,R
175.064,46,0,0,255,0,-1.46,-4.41,8.88,0.00,0.01,0.00,-3.47,1.02,9.11,-0.02,0.02,-0.00,-1.84,1.47,9.62,-0.03,-0.01,0.00,-1.94,1.43,9.72,-0.00,0.01,0.01,-0.85,6.77,6.97,0.01,0.02,-0.01,0.32,-0.06,0.96,0.92,-0.06,0.24,R
