episode_id,timestamp,wx,wy,wz,marker
1,21.757,-0.0065899721194416,0.0112726963988558,-0.0007074737095878,start
1,21.808,-0.0080355435614311,0.0107769956148573,-0.000839745818119,
1,21.859,-0.0095221419275703,0.0105974920623658,-0.0012587863606666,
1,21.91,-0.0105139620695933,0.0106352022324899,-0.0016272496461861,
1,21.96,-0.011108779090637,0.0106083597135302,-0.0017328415430374,
1,22.012,-0.0114011938387174,0.0105422725806246,-0.0016613579077947,
1,22.063,-0.0114761717347923,0.0106571585180433,-0.0014820491356049,
1,22.114,-0.0112048392817766,0.0110797162829862,-0.0012479910404759,
1,22.165,-0.0105323635734576,0.0114648206638253,-0.0009976220800231,
1,22.215,-0.0096566363233014,0.0117949674909208,-0.0007569051264427,
1,22.267,-0.008720903586173,0.0120633453687212,-0.0005417161286203,
1,22.319,-0.0080226905438458,0.0118688806004861,-0.0003601864017213,
1,22.369,-0.0073320673385393,0.0113931930174566,-0.0002148270114634,
1,22.42,-0.0065009583844346,0.0107753563801194,9.649091030880188e-05,
1,22.471,-0.0062490155059853,0.0099151515287126,0.0006900710006451,
1,22.522,-0.0067904284359493,0.0091694403400419,0.0012161623674999,
1,22.573,-0.0079980014143337,0.0087578990553366,0.0014558733411433,
1,22.625,-0.0091341413347992,0.008794572344416,0.0016934906523194,
1,22.675,-0.0097315301889969,0.0091157626474881,0.0021115102241951,
1,23.185,-0.0046921759658666,0.0097408649378246,0.0020995564442092,
1,23.236,-0.0034600430831727,0.0101811490116857,0.0015765503477033,
1,23.287,-0.003195190145905,0.0106498072079878,0.0011144698354426,
1,23.338,-0.0035719802428083,0.0112998479114765,0.0007285845677358,
1,23.39,-0.0043300202335326,0.0118131648889649,0.0004225667369052,
1,23.442,-0.0052716794530594,0.011996723708815,0.0001923554814187,
1,23.491,-0.0060546227463828,0.0119540457115505,2.9256556827957027e-05,
1,23.542,-0.006672876790818,0.0115688651993046,-7.769746981761762e-05,
1,23.594,-0.0073366742998755,0.0107941294007872,-0.0001400508925491,
1,23.645,-0.0077755223722348,0.0100326225849325,-0.0003696242386726,
1,23.695,-0.0080348445923252,0.0095416083321474,-0.0006880019181214,
1,23.746,-0.0081581953791619,0.0092635197756638,-0.0008369243563971,
1,23.797,-0.0081844314823706,0.0091443312585514,-0.0012668702713242,
1,23.848,-0.008547942608144,0.0091366283523281,-0.0020433456369449,
1,23.899,-0.0086968961698011,0.0092010457152462,-0.0025780239329884,
1,23.95,-0.0078929423298185,0.0093065426539105,-0.002713839092204,
1,24.002,-0.0065424242576284,0.009429911107322,-0.0025829322631737,
1,24.052,-0.0053515254783283,0.0095548308692083,-0.0022914790755572,
1,24.103,-0.0047603351114499,0.0096707103281942,-0.0021213063332211,
1,24.154,-0.0048020946819304,0.0097714827768657,-0.0022434212122175,
1,24.205,-0.0052464429773705,0.0098544709215346,-0.0023423516400458,
1,24.256,-0.0057124624781053,0.0099193863504908,-0.0022176316050263,
1,24.307,-0.00575327656843,0.0101683295899078,-0.001959492193898,
1,24.358,-0.0055181057776131,0.0107161345319236,-0.0016365212933365,
1,24.409,-0.0055264910539277,0.011210774163292,-0.0014987496436049,
1,24.46,-0.0056904077702219,0.0114307463711059,-0.001691657147506,
1,24.511,-0.0057400731617796,0.011456889075315,-0.0018803156518672,
1,24.561,-0.0057124734976342,0.0113566187953242,-0.0018502598073567,
1,24.614,-0.0054367032921114,0.0111833284122395,-0.0018831793244947,
1,24.663,-0.0050239221035725,0.0109771274901755,-0.0021546773035404,
1,24.716,-0.0047572625080174,0.0107663841773087,-0.0023565439177833,
1,24.766,-0.0046057399094208,0.0105696573350842,-0.0020958683937925,
1,24.817,-0.0045402329358663,0.0107993910375032,-0.0015594817253969,
1,24.868,-0.0047359882733593,0.011685847873722,-0.0012910243999425,
1,24.919,-0.0054852462031472,0.0125206156438023,-0.0014168037327382,
1,24.97,-0.0063284697325569,0.0126526717997367,-0.0017853230633776,
1,25.022,-0.0065617182113083,0.0123234342529092,-0.001878252319959,
1,25.072,-0.006385020595279,0.0123272950392869,-0.0011844651628174,
1,25.123,-0.0063612654633939,0.0127453124592956,-4.185054812202039e-05,
1,25.174,-0.0066383422165817,0.0129937017753631,0.00089516274749,
1,25.226,-0.0068852657714212,0.0129125122166806,0.0014242061430219,
1,25.276,-0.0070930143020497,0.0126264689781141,0.001448263872367,
1,25.327,-0.0072589487119029,0.0120311877049443,0.0009456819716717,
1,25.38,-0.0069830681741489,0.0108837298370619,0.0001457130783983,
1,25.431,-0.0064459913789775,0.0096751455798442,-0.0007807211490687,
1,25.481,-0.0059853748564724,0.0091269485435481,-0.0015130067884442,
1,25.531,-0.0058116328231099,0.0092471640886704,-0.0020619478914634,
1,25.582,-0.0060366691393101,0.0097864097399857,-0.0028508696659997,
1,25.633,-0.0064993846169325,0.0103502478685809,-0.0037303265957192,
1,25.837,-0.0047504903391829,0.0129400992488465,-0.0039853013820389,
1,25.889,-0.0042007521593577,0.0133369569236943,-0.0033528792616769,
1,26.194,-0.0050072292035782,0.0127470576071777,-0.0008991425937373,
1,26.245,-0.0059395696981921,0.0122092404888377,-0.0005899175073213,
1,26.296,-0.0068637161328029,0.0120885020266546,-0.0005450390623754,
1,26.347,-0.0079092010673453,0.0120441232851413,-0.0008741386390221,
1,26.398,-0.0089485192109152,0.0118514494102394,-0.0014166518865977,
1,26.448,-0.0094987229374666,0.0115791443829096,-0.002052456352768,
1,26.5,-0.0094901989544343,0.0112776429991283,-0.0024961832557434,
1,26.551,-0.0093248525122165,0.0111824707929076,-0.0025802411440828,
1,26.602,-0.0092730442524155,0.0116289409461821,-0.0024268720954933,
1,26.653,-0.0090973821617768,0.012386927766589,-0.0021335495824046,
1,26.704,-0.0086555641145223,0.0128821472636794,-0.001774031312637,
1,26.755,-0.0080785393085526,0.012968224181389,-0.0014009396398656,
1,26.806,-0.0070594865291126,0.0127849820197078,-0.0010491143900139,
1,26.857,-0.0058388024670176,0.0124437321295104,-0.0007391917336407,
1,26.91,-0.0051893646156277,0.0120285575247784,-0.0004810405300619,
1,26.959,-0.0049584679912058,0.0115993236041185,-0.0002768312073295,
1,27.011,-0.0052153858073456,0.0111955545665289,-0.0001236224347638,
1,27.06,-0.0059653587231826,0.0108405536356045,-1.543073463776393e-05,
1,27.112,-0.006368804397703,0.0107461823144257,5.519778298179056e-05,
1,27.163,-0.0065175941051595,0.0110273810249307,0.0002968949180141,
1,27.214,-0.0066919406797579,0.0113260288312654,0.0006288908062627,
1,27.267,-0.0062661713595093,0.0114110425741277,0.0005904622483291,
1,27.316,-0.0052888866550639,0.0113522123334969,0.0001167148455685,
1,27.367,-0.0042372290302624,0.0112058535697279,-0.0005981671987681,
1,27.417,-0.0032223555167099,0.0112159494148875,-0.0012094387109898,
1,27.468,-0.0023126018525793,0.0115264102855658,-0.0015043202364827,
1,27.52,-0.0017441842828384,0.0118037366750601,-0.0015725957034627,
1,27.57,-0.0014403460936139,0.011836699969399,-0.0014900522216324,
1,27.621,-0.001129771015086,0.0117102925612538,-0.0015182454343389,
1,27.672,-0.0010406584492327,0.0114918272527004,-0.0018160285936591,
1,27.724,-0.0013015735830928,0.0112318705427489,-0.0020619580720527,
1,27.777,-0.001966852960111,0.0109661864812419,-0.0020540410903178,
1,27.825,-0.0028380277706901,0.0107181724945331,-0.0016831216338601,
1,27.877,-0.0035704357898556,0.0105014150597141,-0.0009083535704339,
1,27.927,-0.0041550086419524,0.010322116937733,-0.0001376500384092,
1,27.979,-0.0047986400767626,0.0101812470425699,0.0003676997614064,
1,28.029,-0.0058301109941401,0.0100763397161876,0.0006622680378704,
1,28.08,-0.0068266280745293,0.0100029246073497,0.0007979875706194,
1,28.131,-0.0071181728236129,0.0099556047705457,0.0008209263973067,
1,28.182,-0.0067333280289869,0.0099288225429206,0.0007696903893301,
1,28.233,-0.0063472629862447,0.0099173636516025,0.0004741645473275,
1,28.285,-0.0063930965883204,0.0099166529380062,-0.0003559636526691,
1,28.336,-0.0063105797673084,0.0097220590231649,-0.0014622728247917,
1,28.386,-0.0057507067556808,0.0094187502219148,-0.0022551701307623,
1,28.437,-0.0053313244657331,0.0094717501184785,-0.0025825304128858,
1,28.488,-0.0054374038588626,0.00994984513686,-0.002585019823874,
1,28.539,-0.0056711335300575,0.010662168537326,-0.0023789528189858,
1,28.59,-0.005967955589704,0.0112666576102504,-0.0020556819119629,
1,28.641,-0.0064822309616401,0.0115525926155841,-0.0016832115732478,
1,28.692,-0.0068938231730458,0.0118120859863971,-0.0013091089352423,
1,28.744,-0.0070056610984903,0.0122346086289737,-0.0009640123797267,
1,28.794,-0.0069162668238317,0.0125269139833419,-0.0006652417209464,
1,28.845,-0.0067049933197195,0.0125113887228413,-0.0004201835287299,
1,28.896,-0.0066333583720506,0.0122996830219619,-0.0004300939382342,
1,28.947,-0.0066570355106936,0.0119791637458399,-0.0008035663707427,
1,28.999,-0.0065391054803225,0.0116146051390453,-0.0011793738766814,
1,29.049,-0.0065406628575901,0.0110502544392262,-0.0015264890674617,
1,29.1,-0.0066187285580174,0.0102022693632555,-0.0020281510883496,
1,29.151,-0.0065387580455365,0.0094413301766309,-0.0023877980537661,
1,29.202,-0.0065646887286261,0.0089981805400906,-0.0024266381033646,
1,29.253,-0.006857289860468,0.0087944454648766,-0.0022566079884251,
1,29.304,-0.0072974148327904,0.0087606260307777,-0.0019662777800259,
1,29.355,-0.0077967976842529,0.0088384990866808,-0.0016221161524963,
1,29.406,-0.0082940685141942,0.0089817504806389,-0.001271077356627,
1,29.457,-0.008750037308436,0.0091554244918145,-0.0009438280401243,
1,29.508,-0.0091428874266344,0.0093346582607124,-0.0006581252134187,
1,29.559,-0.0090620299634451,0.009503059319568,-0.0004220197890912,
1,29.61,-0.0082821876630265,0.0096509845630708,-0.0002366909012564,
1,29.661,-0.0077191987611051,0.0097738942639385,-9.881573441450228e-05,end
2,30.528,-0.0082580166051493,0.0123572018636984,-0.0008292947715313,start
2,30.579,-0.0076089007245923,0.0125413895621841,-0.0009006345586503,
2,30.63,-0.0067821735726865,0.0120536926921414,-0.0010748710041613,
2,30.681,-0.0065104499801054,0.0113750936544202,-0.0013011033628739,
2,30.733,-0.0072190082378199,0.0108294070836663,-0.0011408420405567,
2,30.783,-0.0084993508298985,0.0104128010195647,-0.0007455767483493,
2,30.834,-0.0094410528640359,0.0101124483444642,-0.0004321779836782,
2,30.885,-0.0092865824481039,0.009910783329493,-0.000196460850191,
2,30.936,-0.0082406556330296,0.0097886122460016,-2.950092378871356e-05,
2,30.987,-0.0075103494301447,0.0097272391438556,7.99489931511102e-05,
2,31.038,-0.0074428023293998,0.0097097892343412,0.0001437222862969,
2,31.089,-0.0070024084680739,0.0097219113436247,0.0001730776770813,
2,31.14,-0.0061574334713843,0.0097520257016392,0.0001780008730718,
2,31.191,-0.0057233604751912,0.0097912602254074,0.0001668589459739,
2,31.242,-0.0053868570400216,0.0098331921363748,-5.452495858795242e-05,
2,31.293,-0.0045374615119642,0.0096726518295421,-0.0005937969988613,
2,31.344,-0.0032265230792279,0.0091943187574467,-0.0008919581825258,
2,31.395,-0.0021265529290877,0.0089522622696443,-0.0006098629159833,
2,31.446,-0.0018527529889381,0.0092828546795962,-0.0001791146277224,
2,31.497,-0.0023316475364635,0.0099541587080026,-8.929830798694478e-05,
2,31.548,-0.0032548125942879,0.0107900504801099,-0.0004261881422118,
2,31.6,-0.0043887501818768,0.0114635171190179,-0.0008088494421534,
2,31.65,-0.0055667739232161,0.0115770429308269,-0.0007884585236512,
2,31.701,-0.0064776040056656,0.0111214962547947,-0.0005112075180144,
2,31.752,-0.0067422315786919,0.0105384033607665,-0.0004931587449096,
2,31.803,-0.0065711577292531,0.01012118403029,-0.00064279964274,
2,31.854,-0.0063352227126516,0.0100446982939002,-0.0006871337418811,
2,31.905,-0.0060766423634813,0.0103937205918054,-0.0006603676520348,
2,31.956,-0.0058243110501586,0.010987604952366,-0.0005901515592938,
2,32.007,-0.0053954245579811,0.0116908231865585,-0.0004977094422035,
2,32.058,-0.0048877580671248,0.0122068372576497,-0.0003984388255363,
2,32.109,-0.0047720158211142,0.012360500798259,-0.0003027634924999,
2,32.16,-0.005117766423331,0.0122694259445879,-0.0002170799309054,
2,32.211,-0.0059325544862496,0.0120287041036434,-0.0003455215200965,
2,32.262,-0.0069827056998961,0.0119121776118113,-0.0008018081021654,
2,32.313,-0.0074969441824523,0.0120854986303277,-0.0012308698380999,
2,32.365,-0.0072244963416454,0.012430790317909,-0.001407169206681,
2,32.416,-0.0064693926957171,0.012858637181844,-0.0014071963035252,
2,32.466,-0.0056662307527042,0.0131042268595702,-0.0012941687309907,
2,32.517,-0.0052984346378589,0.013012362885851,-0.0011177132685977,
2,32.568,-0.0058419083687632,0.0125106185891775,-0.0007139198540743,
2,32.619,-0.0073278346016594,0.0115854701178352,4.07263832360831e-06,
2,32.67,-0.0088971672860234,0.0108647584189377,0.0006650647141419,
2,32.721,-0.0097914219314259,0.010935560791471,0.0010355660474999,
2,32.772,-0.0095783746995009,0.0115083141313891,0.0011899970415102,
2,32.823,-0.0084714388715805,0.0117544822705277,0.0013942786702646,
2,32.874,-0.0072817975166036,0.0115705852942832,0.001614121429772,
2,32.925,-0.0063355145091744,0.0117281394425494,0.0014246163031143,
2,32.976,-0.0058221615981478,0.012292860580111,0.0007869652273616,
2,33.027,-0.005828542142665,0.0124708519213872,-8.688022349034289e-05,
2,33.078,-0.0059669083114009,0.0119848475410224,-0.0010420102695484,
2,33.129,-0.0057771409185529,0.0113128645535083,-0.0021733770678991,
2,33.18,-0.0051913355773436,0.0109772539315021,-0.0033268869664009,
2,33.231,-0.0045994241157336,0.0112860043179946,-0.0040002656210637,
2,33.333,-0.004603576523097,0.012471885149861,-0.0038514298564915,
2,33.384,-0.0047321143100957,0.012586720281392,-0.0033756947075977,
2,33.435,-0.0048360724024449,0.0124525697735282,-0.0027993999947632,
2,33.486,-0.0047150813006955,0.0119686750620024,-0.0024057406561333,
2,33.537,-0.0042587046657899,0.0110985106494339,-0.0023616724689173,
2,33.588,-0.0040255576298115,0.0102513485456329,-0.0023445215987642,
2,33.639,-0.0043559760603445,0.0098886617841143,-0.0021451783244478,
2,33.69,-0.0050212944131024,0.0098658299117869,-0.0018449996069023,
2,33.742,-0.0058479540192946,0.0094602976917863,-0.0015042643184274,
2,33.792,-0.0063100143469715,0.0086410641668374,-0.0011648904562448,
2,33.843,-0.0060994521494199,0.0080239818504039,-0.0008536528242574,
2,34.047,-0.00422807790162,0.0082885151842193,-0.0007869218389103,
2,34.098,-0.0041557452491444,0.0088086996835975,-0.0011743948878581,
2,34.149,-0.0039763428427482,0.0096396894026359,-0.0013285581163582,
2,34.201,-0.0035418494457967,0.0104024245904674,-0.0015215369224143,
2,34.251,-0.0023761564416863,0.0110601114713063,-0.0021255748144881,
2,34.761,-0.0014264055235436,0.0116642605403312,-0.0024789922544665,
2,34.812,-0.0023741528688625,0.0112545762130461,-0.0018243572314913,
2,34.863,-0.0027912681665901,0.0110918737444068,-0.0014587827754829,
2,34.914,-0.0028345534684255,0.0113014775789479,-0.0015087992760964,
2,34.966,-0.0028354387249042,0.0115321887762891,-0.0016205040216357,
2,35.016,-0.0028090595313619,0.0115570697283207,-0.0015619653333366,
2,35.067,-0.0025664797171709,0.0114479423629231,-0.001398943372408,
2,35.119,-0.0026063938900297,0.0112616351361192,-0.0011820070224224,
2,35.169,-0.0032259468835602,0.011040795191068,-0.0009479198441755,
2,35.22,-0.0039666476335825,0.0110163821270882,-0.0009224716449848,
2,35.272,-0.0043238763165332,0.0113207425869952,-0.0012337123735019,
2,35.322,-0.0042056335269044,0.0116106784669593,-0.0015350523626921,
2,35.373,-0.003791945229712,0.0116672379116789,-0.0016050011571968,
2,35.425,-0.0036236728263244,0.0115695774046905,-0.0015209276242539,
2,35.475,-0.0040279834999429,0.0113808531011271,-0.0013448255526926,
2,35.526,-0.0043653742231416,0.0111488857682862,-0.0011238477254623,
2,35.577,-0.0046327419682839,0.0109078191910855,-0.0006910070216136,
2,35.628,-0.0054362227590136,0.0106802825123005,4.377432730787168e-05,
2,35.68,-0.0063181604266852,0.0104797020638713,0.0007123445879462,
2,35.73,-0.0065770664597896,0.0103125233571245,0.0010839080458365,
2,35.781,-0.0060139240664831,0.0101801969531079,0.0012351367549503,
2,35.832,-0.0045671315174539,0.010080853365235,0.0012329047082531,
2,35.883,-0.0032723354035043,0.0100106439715921,0.001132429677824,
2,35.934,-0.0031832061699332,0.0101655936575451,0.00097701786574,
2,35.985,-0.0036736596487569,0.0108541691320405,0.0007988570331859,
2,36.036,-0.0040947622542924,0.0120305043305156,0.0006204183578816,
2,36.087,-0.004437557940311,0.0132243322432574,0.0006569697399321,
2,36.291,-0.007938685824575,0.0133704569522451,0.001458402463576,
2,36.342,-0.0091513556133053,0.0128042032241129,0.0013121224251336,
2,36.393,-0.0099972777892714,0.0122157641707797,0.0009120645045335,
2,36.444,-0.0107408636181592,0.0116603678714879,0.0001805501311096,
2,36.495,-0.0113590810493295,0.011170780500969,-0.0005039456101821,
2,36.546,-0.0112447287522,0.0107627300366875,-0.0011032979666404,
2,36.597,-0.0100672270821101,0.010439753499201,-0.0020015627436586,
2,36.648,-0.0081016320568166,0.0101972850789972,-0.002818541086144,
2,36.699,-0.0063909961667333,0.0100259289913216,-0.0029152545830514,
2,36.751,-0.0055838009807965,0.0101147801909318,-0.0025422557833852,
2,36.801,-0.005220040008369,0.0105642116656082,-0.0020988042205038,
2,36.852,-0.00496906477351,0.0110079638122415,-0.0014449580133213,
2,36.903,-0.0046097528988264,0.0112115917111341,-0.0005078669513816,
2,36.954,-0.0040089902648444,0.0112448574202832,0.0001339365530636,
2,37.005,-0.0033016341574036,0.0111661887274231,0.0001331313194558,
2,37.056,-0.0027835721826145,0.0110220504621415,-0.0002797473294679,
2,37.107,-0.0028301993143294,0.0108475023117851,-0.0009237419257373,
2,37.158,-0.0032352449540993,0.0106674727921126,-0.0014633951190712,
2,37.209,-0.0034359568253795,0.0104983901824222,-0.0016919429280689,end
3,38.229,-0.0057697154824116,0.0127721141228735,-0.0025018835450853,start
3,38.28,-0.0044738230087152,0.0128636604206154,-0.0027419407455697,
3,38.332,-0.0036849699970226,0.0124914923675176,-0.0028764658625696,
3,38.382,-0.0034855124734251,0.0118518179505361,-0.0025308336358188,
3,38.433,-0.0034792541104433,0.0114936324875551,-0.0017041839359444,
3,38.484,-0.0039990743935243,0.0115455883321821,-0.000836274227956,
3,38.535,-0.0050153707179479,0.0116555814867387,-0.0002124581977147,
3,38.586,-0.0058667728013912,0.0115931271727114,0.0002046946753527,
3,38.637,-0.0061423563213451,0.0114250905807523,0.000455792480123,
3,38.688,-0.0058256654860219,0.0112028375936679,0.0005802190554164,
3,38.739,-0.0053553931088984,0.0109636671901314,0.0006134092252671,
3,38.79,-0.0050252332376243,0.0107328601621188,0.0005854185049032,
3,38.841,-0.0050122912786775,0.0105259585255354,0.0003196042623363,
3,38.892,-0.0052038371880719,0.0103510097733262,-7.738468355921298e-05,
3,38.943,-0.0053103105046161,0.0104114419472804,-0.000124943919403,
3,38.994,-0.0053536690127333,0.0108188149701355,5.542472481529255e-05,
3,39.044,-0.0049513982910321,0.0114159733546924,0.000166651972163,
3,39.096,-0.0038939710659381,0.0118860454166881,0.0002246000084076,
3,39.147,-0.0029029723110853,0.0118351806427086,4.288851864016168e-05,
3,39.198,-0.0024358552301463,0.0114542983711463,-0.0004787651192826,
3,39.25,-0.0021414219432811,0.0112940237727944,-0.0009757012783,
3,39.3,-0.0021822261743225,0.0114889453140028,-0.0014168642420301,
3,39.351,-0.0024347575579335,0.0118960137233566,-0.0017868168328843,
3,39.402,-0.0026019601004775,0.0122056079825488,-0.0016797116577905,
3,39.453,-0.0031026722117061,0.0120261489555938,-0.0012752488803046,
3,39.504,-0.0031745562933521,0.0115474514163449,-0.0009134008980829,
3,39.555,-0.0027648025058613,0.011116125883334,-0.0008087861372126,
3,39.606,-0.0030832347488453,0.0107498323328112,-0.0012792196757236,
3,39.657,-0.0044456104248197,0.0104546727733961,-0.002281503426232,
3,39.708,-0.0065689101278841,0.0102288462979119,-0.0031427058930948,
3,39.759,-0.0084071566425852,0.0102664617807322,-0.003442574974549,
3,39.81,-0.008709909215641,0.0106708480423727,-0.0035591761600133,
3,39.861,-0.0074010482582176,0.0110771439029952,-0.0035488712215764,
3,39.913,-0.0055653891278738,0.0114520253346776,-0.0032571690211274,
3,39.963,-0.0035393320325454,0.0121783108619833,-0.0028084257015917,
3,40.014,-0.001553923090729,0.0130716249155013,-0.0024958465789566,
3,40.066,-0.0015615815797574,0.0133977989934769,-0.0024965407922246,
3,40.116,-0.0038510499762819,0.012932366971578,-0.0024972639171091,
3,40.167,-0.006415871465303,0.0119966269257532,-0.0022971138377355,
3,40.218,-0.0087504164377798,0.0106335916874341,-0.0017833785130613,
3,40.269,-0.0105488974761168,0.0093068410157185,-0.0009089612906742,
3,40.32,-0.011457427565899,0.0085116112928965,-7.429879701276523e-05,
3,40.779,-0.0114052636173569,0.0088524484157007,0.0008739603271313,
3,40.83,-0.0112059294067845,0.0095789087501857,0.0007238695359642,
3,41.238,-0.0114401819360669,0.0097852353310148,-0.001356086425172,
3,41.289,-0.0102986391648082,0.00984499914696,-0.0011225676716909,
3,41.34,-0.0089400172677021,0.0098957805174141,-0.0006817866566538,
3,41.391,-0.0071496468289618,0.0099367215393303,5.734651922045895e-05,
3,41.442,-0.005828701421983,0.0101688961601798,0.0007276175296015,
3,41.493,-0.0055174395660483,0.0109067346639768,0.0010990448376732,
3,41.544,-0.005878744551083,0.0119096083552459,0.0010481365803536,
3,41.595,-0.006039875466715,0.0126002311445294,0.0005296187395198,
3,41.646,-0.0056580129194428,0.0128342775621459,-4.631323787304795e-05,
3,41.697,-0.0051594106757525,0.012756696262497,-0.0004119675946438,
3,41.748,-0.0052284926596631,0.0124854844214857,-0.0006133857955408,
3,41.799,-0.0062586111680558,0.0121118747211504,-0.0008941239194661,
3,41.85,-0.0078223389432405,0.0117026053570043,-0.0014040149881838,
3,41.901,-0.009201010864912,0.0113033436376442,-0.0018190786799285,
3,41.952,-0.0103502434415222,0.0109425744129227,-0.0019391475285446,
3,42.003,-0.0110591692538267,0.0106354742497389,-0.0018603754344825,
3,42.054,-0.0108262522137147,0.0101866315854446,-0.0016604044310502,
3,42.105,-0.0100079938438476,0.0094821055796441,-0.0013987666837391,
3,42.156,-0.0090808930953677,0.0090718609940931,-0.0011185971414929,
3,42.207,-0.0083592969885869,0.0094858115848966,-0.0008490491934097,
3,42.259,-0.0078274699134466,0.0103951069355522,-0.0008088007966354,
3,42.309,-0.0076609086645347,0.0109465445991492,-0.0011196809684743,
3,42.36,-0.0085453262794457,0.0108225034767256,-0.0016307839072983,
3,42.411,-0.0098319088204065,0.010476041304431,-0.002229241357037,
3,42.462,-0.0106705638583213,0.010215595211189,-0.0028356475977563,
3,42.513,-0.0113554014960266,0.0100312381989463,-0.0031976034393033,
3,42.616,-0.0111596793635172,0.0098402402799371,-0.0023877806346227,
3,42.666,-0.0097249608229067,0.0098080188772517,-0.0018212487666573,
3,42.717,-0.0078227284513481,0.0098027761393594,-0.0013115954627225,
3,42.768,-0.0067776365558826,0.0098152573769134,-0.001080197183409,
3,42.819,-0.0071695634959987,0.0098381032523545,-0.0012466808726884,
3,42.87,-0.0080499725171971,0.0098657612159734,-0.0014541389076788,
3,42.921,-0.0085704430006099,0.0098942835597699,-0.0014703764244461,
3,42.972,-0.0084165878419884,0.009921068976494,-0.0013626699518025,
3,43.023,-0.0076417789576326,0.0101454223027473,-0.001184124244772,
3,43.073,-0.0065309635264823,0.0108801303434655,-0.0009744888806297,
3,43.125,-0.0052938854292604,0.0120839671802439,-0.0007617548516939,
3,43.176,-0.0042760409992284,0.0132911384551898,-0.0005641231504113,
3,43.534,-0.0025882864716247,0.0131995588322492,-0.0013384385805376,
3,43.584,-0.0029679305524442,0.0130470159318402,-0.0013511589145192,
3,43.635,-0.0029729917305764,0.0131060722799709,-0.0014516075022625,
3,43.686,-0.003139074317262,0.0132960939306908,-0.0018010850132968,
3,43.736,-0.0039975872097007,0.0133540116269101,-0.0020813692132203,
3,43.788,-0.0054320576863323,0.0131217178640217,-0.0020939263208016,
3,43.84,-0.0071206834655488,0.0127219574977062,-0.0019337674900017,
3,43.89,-0.0084349916723988,0.0122469063020085,-0.0016757031398631,
3,43.941,-0.0088011468328344,0.0117617297243847,-0.0013755781370441,
3,43.992,-0.0087306217225192,0.0111082014761334,-0.0008717538948808,
3,44.043,-0.0087873638864906,0.0101983671562132,-7.692712236291306e-05,
3,44.094,-0.0087203371624401,0.0093980743396561,0.0006398497284037,
3,44.145,-0.0085793155604999,0.0089331600831774,0.0010481543200803,
3,44.196,-0.0086029996389956,0.008720689553912,0.0012258192324364,
3,44.247,-0.0085295816792978,0.0086871926906114,0.0012412905941923,
3,44.298,-0.0079981177856661,0.0087711717822527,0.0011514960047519,
3,44.348,-0.0072155797624448,0.00872291427145,0.0010014024458684,
3,44.401,-0.0067365462600821,0.0083928896495628,0.0008246935854369,
3,44.451,-0.0066914819244033,0.0081094989337559,0.0006451105949916,
3,44.502,-0.0069283645553562,0.0080796163583536,0.0004781108002262,
3,44.553,-0.007327044705116,0.008214722189453,0.0003325969290736,
3,44.604,-0.0075966329300112,0.0084447900696408,0.0002125527211527,
3,44.655,-0.0073601035835699,0.0089181135123409,0.0001184870877654,
3,44.706,-0.0066171425199968,0.0097102592289221,-0.0001521941845209,
3,44.757,-0.0058098989859211,0.0106432462931991,-0.0007152370603314,
3,44.808,-0.0054279437697794,0.0115916120913286,-0.0012197216609761,
3,44.859,-0.0055502653110444,0.0122728219003759,-0.0014452891715101,
3,44.91,-0.0057853453577183,0.012527133206798,-0.0014738521582171,
3,44.961,-0.0056721911399244,0.0126880564498729,-0.0013737714269489,
3,45.012,-0.005545620066736,0.0129769912492524,-0.0011992246809437,
3,45.063,-0.0058222792765195,0.0131239816687141,-0.0009909409862863,
3,45.114,-0.0063353258562914,0.0129672939368408,-0.0007777521980449,
3,45.165,-0.0071595986869725,0.012628429023529,-0.0005785437139628,
3,45.216,-0.0079164266063834,0.0121999466864263,-0.000404304626693,
3,45.267,-0.0081675327098336,0.0117484095463938,-0.0002600769296141,
3,45.318,-0.0082749547817465,0.0113183597148392,-0.000146683394053,
3,45.369,-0.0082815952920789,0.0109366381935372,0.0001386589649267,
3,45.42,-0.0080222322820557,0.0106165771197717,0.0007121920822902,
3,45.472,-0.0078139366893422,0.0103617736830602,0.001223649229118,
3,45.522,-0.0078559600250426,0.0101692925745093,0.0014533730777235,
3,45.573,-0.0080551499104337,0.0100322446608484,0.0014839523300708,
3,45.624,-0.0083391371910602,0.0099417584453892,0.0013843533520977,
3,45.675,-0.0088555293856967,0.0096875700620184,0.0012092654966248,
3,45.726,-0.009479491256508,0.0091479772187337,0.0009998281470904,
3,45.777,-0.0097206507758997,0.0086695208030669,0.0007851855241222,
3,45.828,-0.0096969262392874,0.0084695440453359,0.0005844474760822,
3,45.879,-0.0093043901244744,0.0084642354698591,0.000408753130964,
3,45.93,-0.0083051826106086,0.0085842040887296,0.0002632347382758,
3,45.981,-0.0069971552609665,0.0087748819343623,0.0001487597353976,
3,46.032,-0.00559614420039,0.0089955914398184,6.339063164368839e-05,
3,46.083,-0.004649713274232,0.0092178314377664,3.546636733882264e-06,
3,46.134,-0.0044725254008231,0.0094231997109409,-3.511931505323094e-05,
3,46.185,-0.0048029268577757,0.0096012493330605,-0.0002579301821741,
3,46.236,-0.0054323292194857,0.0097474747537099,-0.0005809435055856,
3,46.287,-0.0060021005448315,0.0098615428794883,-0.0005406057385472,
3,46.338,-0.0062870220543874,0.0099458233872644,-0.0002704726632797,
3,46.389,-0.0065671996207789,0.0100042290154293,-7.549439448972388e-05,
3,46.44,-0.0072234943292549,0.0100413478234327,5.561994417693431e-05,
3,46.491,-0.0080682899191039,0.0100618324142234,0.0001352421842559,
3,46.542,-0.0083636145175884,0.0100700030261192,0.0001754435574897,
3,46.593,-0.0078811432918731,0.010270453330811,0.0001871327816414,
3,46.645,-0.0069385901020137,0.0107789533008704,0.0001795966592788,
3,46.697,-0.0059775148535625,0.0112433381788171,0.0001603357341609,
3,46.747,-0.0052826006121851,0.0116421241295204,0.0001351023855635,
3,47.091,-0.0048142140090469,0.0121676359068641,0.0001080656962387,
3,47.098,-0.0049304056838949,0.0125313736518623,-0.0001187892732158,
3,47.102,-0.0058138507682028,0.0125613034043466,-0.0006564076144793,
3,47.107,-0.0067167374931271,0.0123747405267747,-0.0011493121238558,
3,47.11,-0.0059528918823874,0.0124659843211063,-0.001573942622579,
3,47.114,-0.0031772790089691,0.0133305708887641,-0.0021215070970601,end
1,16.402,-0.009912745072241,0.0125601253128551,-0.0006847664921012,start
1,16.453,-0.0074195605483305,0.0131344622990444,-0.0011907961056116,
1,16.504,-0.0056261811432717,0.0132510119997045,-0.0014196782025334,
1,16.555,-0.005229025826846,0.012863762624066,-0.001452424422128,
1,16.606,-0.0055584121831182,0.0125861773303576,-0.0013567479779345,
1,16.657,-0.0063273064122186,0.0124012246519799,-0.0009855598251757,
1,16.708,-0.0069146444447286,0.0120897062772844,-0.0004674906438353,
1,16.759,-0.0067358572667184,0.0117220401481862,-0.0002985046912125,
1,16.81,-0.0062809107552554,0.0115487331191904,-0.0003669790308849,
1,16.861,-0.006087063770225,0.0117148346072956,-0.0001805808021825,
1,16.912,-0.0068795803900824,0.0116836054509635,0.0001543063251854,
1,16.963,-0.0088435381879756,0.010925825761641,0.0001558570824062,
1,17.013,-0.0107985290905886,0.0097629468365797,-5.650253175407404e-05,
1,17.524,-0.0107899550562715,0.011076958896416,-3.683694843214006e-05,
1,17.575,-0.0096302205727048,0.0110786245563756,0.0003763313909344,
1,17.626,-0.0087152950839547,0.0111938768405058,0.0010127528485584,
1,17.677,-0.0074283763858527,0.0115735531213755,0.0015403984421653,
1,17.727,-0.0058054282498053,0.0118914837734322,0.0017550592150602,
1,17.779,-0.0036956768484467,0.012144273301444,0.0017517422487054,
1,18.39,-0.0033276370627846,0.0115689956210279,-0.00372609294441,
1,18.442,-0.0035252453785381,0.0112208127301201,-0.0030716904250102,
1,18.493,-0.0033687866092167,0.0108994329841333,-0.0026060624915042,
1,18.544,-0.0025961479336627,0.0106210610240607,-0.0024997445886716,
1,18.595,-0.0014903900674071,0.0103926347569805,-0.0024315779562431,
1,20.074,-0.0100518335229269,0.0126797105700388,-0.0033552963808565,
1,20.125,-0.0106348541232206,0.0113993986103437,-0.0029030102163204,
1,20.176,-0.0113594425634761,0.0104658500303535,-0.002379726927409,
1,20.328,-0.0115642871627102,0.0092278369161375,-0.0007435041903417,
1,20.533,-0.0111903377937009,0.0098771472810697,0.0005120131461936,
1,20.583,-0.0082903622415311,0.0106589594447759,-0.0004879561103448,
1,20.635,-0.0059652986142342,0.0111074393847553,-0.0012909223829048,
1,20.687,-0.0047982370122766,0.0113061082440321,-0.0017022017722959,
1,20.737,-0.0040659485782124,0.011328600625168,-0.001829232679425,
1,20.788,-0.0040729971606458,0.0112362950602278,-0.0019645892083236,
1,20.839,-0.0047544880943642,0.011077778881623,-0.002295245384586,
1,20.89,-0.005612953485566,0.0108895325775597,-0.0025237608789694,
1,20.94,-0.0063151245645267,0.0106973412891694,-0.0024675771934462,
1,20.992,-0.0066598145564302,0.0103172256149833,-0.0022333146809866,
1,21.043,-0.0069483770185103,0.0096462866994519,-0.0021044938133208,
1,21.094,-0.0073785944369967,0.0088427266968282,-0.0022544803886715,
1,21.144,-0.0076642679692554,0.0080186627131609,-0.0025712316055327,
1,21.553,-0.0060697136989032,0.0084411378094237,-0.0037532193581884,
1,21.604,-0.0064450090177446,0.0082512568020644,-0.0031450299367591,
1,21.655,-0.0065696226703215,0.0082699589216349,-0.0025023155721738,
1,21.705,-0.0067242842601631,0.008420933744458,-0.0020899237079856,
1,21.756,-0.0068857926397946,0.0086446135387242,-0.002059212055575,
1,21.808,-0.0070387176912694,0.0088969538059395,-0.002074925111762,
1,21.859,-0.0075755201244626,0.0091474041442301,-0.0019183167863636,
1,21.909,-0.007913732397556,0.0095773564865417,-0.0016637707668427,
1,21.96,-0.0074949078362246,0.0102887268105954,-0.0013668608196143,
1,22.011,-0.0070258694751427,0.0109226044933564,-0.0012674661618741,
1,22.062,-0.0065623058918362,0.0112550269068905,-0.0015035666114651,
1,22.113,-0.0055369922663733,0.0113674058764393,-0.0017350369419558,
1,22.165,-0.0040329327251599,0.0113296318530401,-0.0017441092697398,
1,22.216,-0.0025434887205694,0.0111985914947527,-0.0016098174849254,
1,22.267,-0.0017855715735243,0.0110182615548123,-0.0013943670300205,
1,22.318,-0.0017585400658644,0.0108208061942926,-0.0011441732182137,
1,22.369,-0.0020016010661267,0.0106282296916962,-0.0008917956361583,
1,22.42,-0.0028000276913563,0.0104542525893358,-0.0008591255102997,
1,22.471,-0.0042921658504643,0.0105070140795517,-0.0011708232593605,
1,22.522,-0.0059085146886648,0.0109017898573128,-0.0014775084596565,
1,22.572,-0.0070730120272727,0.0112833696637438,-0.00175634177013,
1,22.623,-0.0076533319530019,0.0114249989310461,-0.0021957462386472,
1,22.674,-0.0078123696876324,0.0114013579816211,-0.0025020007284142,
1,22.725,-0.0074876077335511,0.0112736198838214,-0.0024974231353807,
1,22.777,-0.0066778157015411,0.0110893805634625,-0.0024946942975046,
1,22.827,-0.005822835936329,0.0108837046796013,-0.002694204034229,
1,22.878,-0.0050075584336253,0.0108816367342628,-0.0028065588282807,
1,22.929,-0.0042832381025381,0.0112111528343074,-0.0026531571605507,
1,22.982,-0.004077107764628,0.0115260260470257,-0.0023416354643928,
1,23.032,-0.0042198785395685,0.011605379510444,-0.0019537288612256,
1,23.082,-0.0045749483092057,0.0115273072819474,-0.0015479945609282,
1,23.134,-0.005037652381682,0.0113545416562326,-0.0013642541363978,end
2,25.378,-0.0043848719682248,0.0107301217993976,-0.0033617268066741,start
2,25.428,-0.0063939569777275,0.0104913954501204,-0.0029816259072017,
2,25.479,-0.008373839970971,0.0102988124409911,-0.0024983232784277,
2,25.53,-0.0099751096948194,0.010151294393932,-0.0019876574353233,
2,25.582,-0.0106024187081621,0.0100445294650749,-0.0015004657078547,
2,25.632,-0.0099521816499413,0.0099724784076398,-0.0010674669388042,
2,25.683,-0.0085348242479584,0.0099284792559362,-0.0007040091972577,
2,25.736,-0.0071410015722694,0.0101068394969539,-0.0004143495194216,
2,25.785,-0.006075077186439,0.010614315636447,-0.0003961233636907,
2,25.837,-0.0057067475808378,0.0110912697926862,-0.0007542793406779,
2,25.888,-0.0058154106529472,0.0115103332493125,-0.0011242230120798,
2,25.939,-0.0058195971204623,0.0120594372539688,-0.0012711742278189,
2,25.99,-0.0059572746991417,0.0124469978826388,-0.0012633037892002,
2,26.041,-0.0065711742019972,0.0124989846758793,-0.0009559368483761,
2,26.091,-0.0074411826958376,0.0123315743945426,-0.0002803455601174,
2,26.142,-0.0078030553235272,0.0120369021094976,0.0003763007368202,
2,26.194,-0.0076091300951983,0.0116842821875269,0.0005663786526403,
2,26.244,-0.0072751553977156,0.0115236582943217,0.0002411189469031,
2,26.295,-0.007079022757184,0.0114990748229287,-0.000187690441102,
2,26.346,-0.0067862176903204,0.0113628823050321,-0.0004476301786665,
2,26.398,-0.0060532663476443,0.0113668836256374,-0.0005783832470928,
2,26.448,-0.0054985743443127,0.0114604770402544,-0.0006157783998834,
2,26.499,-0.0055044368828409,0.0116040117991229,-0.000590294227796,
2,26.551,-0.0060701746365806,0.0121697131830899,-0.0007273631914046,
2,26.601,-0.006748707892587,0.0131615606862449,-0.0011585082898354,
2,27.111,-0.0034700514853513,0.0134170527108361,-0.0019160450052881,
2,27.162,-0.0029644901534303,0.012737739154741,-0.0014386160142857,
2,27.213,-0.0028037671690532,0.0114796273287333,-0.0010168471913074,
2,27.264,-0.0030779518786959,0.0101522044766236,-0.0006646582525216,
2,27.315,-0.0034082054441458,0.0094894663318342,-0.0003853870363018,
2,27.367,-0.0039487220998115,0.0093062647961487,-0.000175316537309,
2,27.418,-0.0047815033930689,0.0092444983602771,-0.0002273373708887,
2,27.469,-0.0057348288565755,0.0092655764240902,-0.0006441055256964,
2,27.519,-0.0068897152295763,0.0093380936613519,-0.001261324507142,
2,27.571,-0.008081096981037,0.0094377759308787,-0.0019575195968065,
2,27.621,-0.0089993436229985,0.0095468727137934,-0.002447604717346,
2,27.672,-0.0096686487104306,0.009653243387057,-0.0025652970020026,
2,27.723,-0.0101245271539993,0.0097493205412369,-0.0024346999398966,
2,27.775,-0.0106077354531657,0.0098310777206815,-0.0021553534375207,
2,27.825,-0.0108688203459492,0.0098970829250155,-0.0018030471245477,
2,27.876,-0.0103639712301039,0.0099476831492938,-0.0014322499107279,
2,27.927,-0.0094084454371671,0.0099843384747123,-0.0010793809531912,
2,27.979,-0.0086423054707174,0.0100091055685981,-0.0007663574954784,
2,28.03,-0.0084608423827341,0.0100242585005036,-0.0005040352684879,
2,28.08,-0.0090706075794357,0.0100320280873527,-0.0002953036065237,
2,28.131,-0.0099380100484176,0.0100344381966819,-0.0001377104729526,
2,28.183,-0.0102984661678077,0.0100332173844338,-0.0002264087709103,
2,28.233,-0.0101040011224701,0.010029765947122,-0.0006667746715602,
2,28.284,-0.0095692585850135,0.0102259948165461,-0.0010964733569807,
2,28.335,-0.0090600699297121,0.0107353588689815,-0.0012839777687378,
2,28.387,-0.0086081751836565,0.0112038000191377,-0.0013010876319872,
2,28.437,-0.0080284945883012,0.0114075300478777,-0.0012075401949211,
2,28.488,-0.0074134260911837,0.011425120853182,-0.0010505375176051,
2,28.539,-0.0068250720907408,0.011321917850949,-0.0008654502930094,
2,28.591,-0.0063011159877169,0.0111495342089489,-0.0006772196983915,
2,28.641,-0.0058605527830768,0.0109466296320286,-0.0005020943139434,
2,28.693,-0.0053080320540079,0.0107404504337261,-0.0005502760602983,
2,28.743,-0.0043264257863,0.0105487341408085,-0.0011394728832349,
2,28.794,-0.003750981645412,0.0101808612324433,-0.0020283183369121,
2,28.846,-0.0044864259076442,0.0097295625122212,-0.0026362725568024,
2,28.897,-0.0060035296795574,0.0096626802192428,-0.002814404028857,
2,28.947,-0.0074984104703569,0.0100485505349325,-0.002702558102608,
2,28.998,-0.0082564486015263,0.0106937961341095,-0.0024137196964499,
2,29.05,-0.0082801820763938,0.0112527240016552,-0.0020345702802769,
2,29.1,-0.0080318951939741,0.0115105575928636,-0.0018287917998834,
2,29.151,-0.0074282597262807,0.011554571241775,-0.0021524032448786,
2,29.202,-0.0064443793682942,0.0116587490286652,-0.0027895429049517,
2,29.254,-0.0054965005363254,0.0119939778713151,-0.0031749134218703,
2,29.305,-0.0050495250380967,0.0122496279147256,-0.0031670196080736,
2,29.355,-0.0051605454083392,0.0122328690640919,-0.002907539248302,
2,29.407,-0.005821352291975,0.0120427466467772,-0.002507548426003,
2,29.457,-0.0065808470410911,0.011756710431364,-0.0020495736500751,
2,29.509,-0.0065392879391898,0.0112313043778923,-0.0015912014756813,
2,29.56,-0.0057864766487734,0.0103937521423411,-0.0011693970529413,
2,29.611,-0.0050396459219755,0.0098249552550015,-0.0008049304236418,
2,29.661,-0.0047583136481405,0.0100767194138058,-0.0005065163425629,
2,29.712,-0.0047981299186784,0.0110353602307179,-0.0002744378011972,
2,29.763,-0.0048398830675862,0.0121695128879989,-0.0001035473329978,
2,29.814,-0.0046786906057616,0.0129234526130764,-0.0001864618082536,
2,29.865,-0.0041994541572577,0.0131721419452054,-0.0006263273231347,
2,29.916,-0.0037555720875172,0.0130768100856363,-0.0010589543609109,
2,29.967,-0.0037716904977539,0.0125676643883477,-0.0012513509068099,
2,30.018,-0.0044832033869149,0.0116331863307824,-0.0012742193765969,
2,30.069,-0.0053827166452221,0.0107018242231775,-0.0011865236506711,
2,30.12,-0.0059288759037666,0.010048113733233,-0.0010349623090594,
2,30.172,-0.0060037025112598,0.00962499036229,-0.0008546161039146,
2,30.223,-0.0051677271506894,0.0093837453601245,-0.0006702965173342,
2,30.273,-0.0038147643421115,0.00927852837579,-0.0004982356270106,
2,30.325,-0.0030422536478838,0.0094698392701923,-0.0003478591174245,
2,30.375,-0.0031057425799454,0.0100367937648267,-0.0002234701844334,
2,30.426,-0.0039011345280578,0.0105982887870932,-0.0001257410173155,
2,30.477,-0.0051020370121802,0.0109103418735388,0.0001478726012393,
2,30.528,-0.0060648743366046,0.0110373466859476,0.0005123096539446,
2,30.58,-0.0065968464931955,0.0110354677668838,0.0005040526543312,
2,30.631,-0.0068097474465378,0.0109510800084832,0.0002574310644052,
2,30.681,-0.007001742177869,0.0108205542398751,7.857959969179065e-05,
2,30.733,-0.0071649050700556,0.0106709233743634,-4.24396335920102e-05,end
3,35.272,-0.0079713808582305,0.008960855630088,-0.0035921288393674,start
3,35.323,-0.008444017316988,0.0094785868084765,-0.0037141037347139,
3,35.373,-0.0084704736016081,0.0104550223899041,-0.0034939657092581,
3,35.424,-0.0082086462203523,0.0110447073278815,-0.0030720974856157,
3,35.475,-0.0079837948222822,0.0109373104018446,-0.002554739424115,
3,35.526,-0.0080015547748417,0.0105923001727165,-0.0020176999725418,
3,35.578,-0.0081734871717993,0.01032344580805,-0.0015111800696879,
3,35.628,-0.0084304863783758,0.0101250321261445,-0.0012657580794863,
3,35.68,-0.0085205640224355,0.0099877349424962,-0.0012075072353348,
3,35.73,-0.0080946827053365,0.0099006644771265,-0.0008723110742883,
3,35.781,-0.0071712691799948,0.0098528016667198,-0.0005872567320876,
3,35.833,-0.0062037772688911,0.0098339297314005,-0.0007589276360491,
3,35.883,-0.0056874049034925,0.0098351671863118,-0.0012097290610226,
3,35.935,-0.0055018407325058,0.0100500360761817,-0.0018033368357074,
3,35.985,-0.0053425142624915,0.0105854903092273,-0.0022400134590189,
3,36.037,-0.0054136482849583,0.0110827038971346,-0.0025409623019907,
3,36.087,-0.0056268740564305,0.0113146152438262,-0.0029315193174085,
3,36.138,-0.0057132677695656,0.0111569106930056,-0.0031473382191477,
3,36.189,-0.0055105435852757,0.0105611606840028,-0.0028320837720405,
3,36.24,-0.0049378450727575,0.0099331618631606,-0.0020007164414152,
3,36.291,-0.0045755371214124,0.0095357631924582,-0.0011059595908526,
3,36.342,-0.0047789362434874,0.009318184693838,-0.0004432603455074,
3,36.393,-0.005127979055852,0.0092334129732635,1.7371473000077006e-05,
3,36.444,-0.0055423908553992,0.0092406270898681,0.0005122365433496,
3,36.495,-0.0061662696764015,0.0095070905853053,0.0009893029379696,
3,36.546,-0.0066735384924245,0.0101192517890857,0.0010149624180446,
3,36.597,-0.007065268642115,0.010703116065214,0.0007490500643123,
3,36.648,-0.0073514288512531,0.0112219282244809,0.0005183329821876,
3,36.7,-0.0073460597206428,0.0118581747871719,0.0003287227436498,
3,36.75,-0.0069533154648052,0.01251862619589,0.0001807084894121,
3,36.802,-0.0059420107711665,0.0131415450715212,7.126238118868608e-05,
3,36.904,-0.0033935443847931,0.0134323651512167,-0.0007681443075559,
3,36.954,-0.002538231000345,0.0131199766193053,-0.0014689634801913,
3,37.006,-0.002388270528369,0.0126689872299032,-0.0022020953234528,
3,37.056,-0.0029035697312379,0.0121653355064651,-0.002696222272817,
3,37.107,-0.0036033048250695,0.0116683688008107,-0.0029973681372402,
3,37.158,-0.0039634487072088,0.0114164462533275,-0.003351386851729,
3,37.209,-0.0040768636384554,0.0115427546196815,-0.0035100424452483,
3,37.261,-0.0040229275634651,0.0119014951759846,-0.003329822591878,
3,37.311,-0.0036651598792316,0.012380487603866,-0.0029467421342238,
3,37.363,-0.0035429373531418,0.0126972909787696,-0.0026651645511293,
3,37.414,-0.0035816006351961,0.0128846242431293,-0.0026721397505369,
3,37.464,-0.0033186750111614,0.0131747061788794,-0.0026627847232526,
3,37.515,-0.0032851139153243,0.0133065491911799,-0.0024428741460517,
3,37.566,-0.0038030195027326,0.0131254803652509,-0.0021055896211187,
3,37.618,-0.004432170291027,0.0125574372806486,-0.0017201223679333,
3,37.668,-0.0048812928432639,0.0113851732164704,-0.0013347189669106,
3,37.719,-0.0051788744398126,0.0099195631286692,-0.0009803173071402,
3,37.77,-0.0053553592513973,0.0087852199613902,-0.0006742689741634,
3,37.821,-0.0056408344733834,0.0081552947127528,-0.0004238180439019,
3,37.975,-0.006579122449692,0.0080755245578651,1.289884122908586e-05,
3,38.025,-0.0062235208004315,0.0083400297852103,7.521578633345801e-05,
3,38.076,-0.0058971654737006,0.0086430217741896,0.0001091405103906,
3,38.128,-0.0056157845742287,0.0089463569114272,0.0001221305492707,
3,38.178,-0.0055866860503624,0.0092255441655294,0.0001206505608156,
3,38.229,-0.0059225604569263,0.009466816058902,0.0001100090906701,
3,38.28,-0.0062646952041662,0.0098652223264568,9.434675629188652e-05,
3,38.331,-0.0061816928504391,0.0105332352673597,7.672249246317144e-05,
3,38.382,-0.0052301950626454,0.01132049707051,0.000260089415939,
3,38.434,-0.0027939552258298,0.0121209958485244,0.0003567981910604,
3,38.994,-0.0045345522045298,0.0132679463367214,-0.001125312922259,
3,39.045,-0.0057481281670099,0.0126764683529305,-0.0009853384705828,
3,39.096,-0.0072696918737968,0.0120821130688872,-0.0008164099898748,
3,39.147,-0.0084648842022031,0.0115336590416795,-0.0006424824078432,
3,39.199,-0.0087522428403769,0.0110587030670363,-0.0004793208493355,
3,39.249,-0.0084342764307058,0.0104682063836702,-0.0001353377738336,
3,39.301,-0.0083561281800711,0.0096502104764402,0.0004978157639357,
3,39.352,-0.0088397329054156,0.0091536873467022,0.0010647321509698,
3,39.403,-0.00944393546832,0.009304896010639,0.0013427912276805,
3,39.453,-0.0098761123004051,0.0096585476855585,0.0016140874314342,
3,39.657,-0.0090474827311699,0.0114245010796623,0.0022204875347905,
3,39.708,-0.0085034257532931,0.0114453351904174,0.0012241779404716,
3,39.759,-0.0082747189645033,0.0109409210881421,0.0002860171417551,
3,39.81,-0.0080658016570541,0.0103409932234668,-0.000338650476709,
3,39.861,-0.0078863594145329,0.0099288353984866,-0.0007120770492968,
3,39.913,-0.0077402362668545,0.0096702142423427,-0.0008943711412139,
3,39.963,-0.0076272209502691,0.0095308399977912,-0.0011402714627695,
3,40.014,-0.0075445183037462,0.0094791413590124,-0.0016080453689753,
3,40.066,-0.0072870668690815,0.009487826735493,-0.0019797066868698,
3,40.116,-0.00713905565112,0.0097353754223128,-0.0022598692079708,
3,40.167,-0.0068722906824161,0.0103170666731569,-0.0026596760653453,
3,40.218,-0.0065507929665682,0.0108654978435816,-0.0029032654770797,
3,40.269,-0.0066216866550635,0.0113485402355435,-0.0028262625533254,
3,40.32,-0.0067377123831636,0.0119516746217456,-0.0025498331535852,
3,40.371,-0.0068733628658308,0.0123825446640702,-0.0021677078074927,
3,40.422,-0.0072115360977363,0.0122666521109296,-0.0017484916557084,
3,40.473,-0.007853264635438,0.0116085689206365,-0.0013391643435527,
3,40.525,-0.0088389602157771,0.0108564506880565,-0.0011698955897263,
3,40.575,-0.0097652415936108,0.0103052768537664,-0.0013690203621971,
3,40.627,-0.0101773388798956,0.0099272567207974,-0.0017884185069755,
3,40.679,-0.0100257245507846,0.0096906566465753,-0.0023153976128422,
3,40.728,-0.0097255862697461,0.0095637634476751,-0.0028690398774574,
3,40.779,-0.0093543030709721,0.0095174246920027,-0.0033953065999772,
3,40.831,-0.0087663837789767,0.0095264722050716,-0.003460071837294,
3,40.882,-0.0082875878432906,0.0095703149687354,-0.0026211486045863,
3,40.933,-0.0079172416752397,0.0098337853345274,-0.0012700369895545,
3,40.984,-0.0074453674667345,0.0104177823697002,-0.0003014730086013,
3,41.035,-0.006946285382247,0.0109596015178435,-5.773195043607413e-05,
3,41.085,-0.0064698464764482,0.011230009949539,-9.760409607476838e-05,
3,41.136,-0.0060462037949845,0.0113046258552538,-0.0001153352830376,
3,41.188,-0.0056904547365636,0.0112476757692452,-0.0001174419244611,
3,41.238,-0.0056076615669052,0.0111109206296736,-0.0001093585057721,
3,41.29,-0.0059074137939384,0.0109339684100979,-9.538904536724882e-05,
3,41.34,-0.0064284319652998,0.0107454509158886,-7.876677817502881e-05,
3,41.392,-0.0070495041967718,0.0105646602780108,-6.177845354367777e-05,
3,41.442,-0.0074840197152766,0.01040334880921,-4.592008834630232e-05,
3,41.493,-0.0075631470073372,0.0102674890442473,-3.2060381751888376e-05,
3,41.544,-0.0074079889444299,0.0101588668539881,-2.0595916143129084e-05,
3,41.595,-0.00711503599316,0.0100764395207795,-1.1588622239814077e-05,
3,41.647,-0.0067572420031561,0.0102182676281328,0.0001959528293482,
3,41.698,-0.0061857712875806,0.0106933624199414,0.0007149856005985,
3,41.75,-0.0057240005522153,0.0111431986472404,0.0009904307979824,
3,41.799,-0.0057713490211077,0.0115406983537545,0.0008866896082052,
3,41.85,-0.0059405845526246,0.0120735330801385,0.0007489241904074,
3,41.901,-0.0059735636073993,0.0124495270156459,0.0001987371433441,
3,41.952,-0.0059165050395931,0.0126947259740674,-0.0005717587195973,
3,42.004,-0.0058062844163648,0.0130371753471351,-0.0010199860688411,
3,42.054,-0.0056708226314014,0.0132136526237846,-0.0014263520119563,
3,42.105,-0.0055300545027264,0.0130686727548365,-0.0017732252947122,
3,42.156,-0.0055980251891444,0.01272917258597,-0.0018532436808331,
3,42.207,-0.0059952441707449,0.0122921897475692,-0.0015548524589155,
3,42.258,-0.0061700497655132,0.0118277905934842,-0.0008369047971884,
3,42.309,-0.0057865001426181,0.011182281079442,-0.0001083828445152,
3,42.36,-0.0050756604112468,0.0102716385160237,0.0003675625994895,
3,42.411,-0.004412850537786,0.0096657748448801,0.0006432833658204,
3,42.462,-0.0042357578108061,0.0097057200227074,0.0007684401233925,
3,42.514,-0.0045852406503237,0.0099558131090357,0.0005861444910683,
3,42.564,-0.0050435347171781,0.0101197603805475,2.047457926157852e-05,
3,42.615,-0.0051331313716364,0.0104161211049235,-0.0007456307938331,
3,42.666,-0.0049790657641173,0.0107735977178873,-0.0015787418612319,
3,42.717,-0.0050827709250635,0.0107398864547173,-0.0023879004372425,
3,42.77,-0.0055443004258405,0.0104579943880068,-0.0031166945361353,
3,42.819,-0.0059974111989492,0.0104412438582151,-0.0035345665451448,
3,42.87,-0.0062078889952876,0.0107967215446242,-0.0035186254326856,
3,42.921,-0.0062458453486828,0.0111615379610556,-0.0032257382122988,
3,42.972,-0.0061701056440156,0.0113022031648882,-0.0027787598240983,
3,43.023,-0.0060275312303452,0.0112878085209201,-0.0022688621498973,
3,43.074,-0.0056527121138972,0.011175122376662,-0.0017595729404117,
3,43.125,-0.0049582193618194,0.0110084492956316,-0.0012915869361953,
3,43.176,-0.0043153280947827,0.0108205410353313,-0.0008876857422115,
3,43.227,-0.0043596781678052,0.0106341088812821,-0.0003564985655166,
3,43.278,-0.0054437297033006,0.0102627665150159,0.0004144852225948,
3,43.329,-0.0069066761021203,0.0096018292620645,0.0010764934835743,
3,43.38,-0.0078926027880555,0.0090090889166302,0.0012137613956857,
3,43.432,-0.0080917219319517,0.008909370958175,0.000802625415691,
3,43.482,-0.0073685576070907,0.0093346980103997,0.0002736313883907,
3,43.533,-0.0063128133106562,0.0098617618374346,-8.762150145319838e-05,
3,43.586,-0.0057310808994426,0.0102109001837728,-0.0003122726594024,
3,43.635,-0.005700922974215,0.0104178782572386,-0.0004312670811816,
3,43.688,-0.0060269408844758,0.0105170543557943,-0.0006737728144634,
3,43.738,-0.0065552025671571,0.0105391243325655,-0.0009760113921731,
3,43.789,-0.0071707365143953,0.0107108028775329,-0.0008906125388701,
3,43.84,-0.0075919610339766,0.0111654752315491,-0.0005634622085369,
3,43.891,-0.0078547264792256,0.0113634533845847,-0.0005092126265812,
3,43.941,-0.0081955887510961,0.0107783950796,-0.001036013727363,
3,43.992,-0.0083583222407436,0.0097381348971704,-0.0018931528208615,
3,44.043,-0.0085945732729336,0.0086903316482595,-0.0024916304317671,
3,44.197,-0.0095182191283892,0.0082967197316218,-0.0025096190678698,end
4,50.113,-0.0099138557766867,0.009115151417536,-0.0002769930724648,start
4,50.164,-0.007204186231431,0.0106963769245774,0.0002382941913885,
4,50.214,-0.0052892655895238,0.0116545559661471,0.0005496314731724,
4,50.266,-0.0042387242399023,0.0121361693589341,0.0005043206628518,
4,50.317,-0.0038269475027125,0.012273446968577,3.3079368743310395e-05,
4,50.369,-0.0038579228831377,0.0121788563084192,-0.0004726429958919,
4,50.419,-0.0045720369669036,0.0119431553720256,-0.0007590197640094,
4,50.47,-0.0056669158519683,0.0116358878152102,-0.0006808796034992,
4,50.52,-0.0067172097607529,0.0113074047629918,-0.0003752332198006,
4,50.572,-0.007453701624704,0.0109917033010435,-0.0003498963134555,
4,50.622,-0.0075281038119161,0.0109103943787936,-0.0005063717229528,
4,50.674,-0.0071718967813213,0.0111867789552675,-0.0005660488738083,
4,50.725,-0.0065681332106323,0.0114695342217163,-0.0007596838960989,
4,50.775,-0.0054524339789314,0.0115328269748117,-0.0012245112891566,
4,50.826,-0.0044996993170581,0.01145028258143,-0.001625093476837,
4,50.878,-0.0043305196736193,0.0112808363867596,-0.0017514580935389,
4,50.928,-0.0048782986885491,0.0112701014432989,-0.001691801542165,
4,50.979,-0.0060427289125685,0.0117636858913681,-0.0015176324458526,
4,51.03,-0.0071074393152463,0.0125410650092378,-0.0014848458148839,
4,51.081,-0.0076209950728997,0.0130363394077676,-0.0015453689090994,
4,51.132,-0.0081414785504691,0.0131100647478124,-0.0012592069980883,
4,51.183,-0.0090262602033454,0.0129075063390092,-0.0005728528471891,
4,51.234,-0.0098727738221074,0.0127448587968726,0.0001141943513626,
4,51.285,-0.0102250734972048,0.0128217078462872,0.0003448258456148,
4,51.337,-0.0098304395354666,0.0128451511972002,0.0002642069994819,
4,51.387,-0.0093901281606718,0.0126316257800501,0.0001912773154973,
4,51.438,-0.0093575605552512,0.0122832733150707,0.0001291377814986,
4,51.489,-0.0089866153450267,0.0118764336751917,7.89104106984544e-05,
4,51.54,-0.0082276167949197,0.0114647660325891,4.035786268364771e-05,
4,51.591,-0.0072807126198088,0.0112839062856853,0.0002132236955217,
4,51.642,-0.0054860283513356,0.0116672719386198,0.0007086297768778,
4,51.694,-0.00289012490571,0.0123817073293411,0.0013710998569679,
4,51.745,-0.0009930644981787,0.0128494144258166,0.0018866645187829,
4,51.897,-0.0010858217167038,0.0123907742387138,-0.0002432819469433,
4,51.948,-0.0020200984638204,0.0117793954558283,-0.0012850004900928,
4,51.999,-0.0036620187227093,0.0108426744241138,-0.0022515470528782,
4,52.051,-0.0056258860971236,0.0099733783400064,-0.002891402262975,
4,52.101,-0.0074376368280113,0.0096188262251972,-0.0028686643759006,
4,52.152,-0.0090062831066504,0.0098237220013783,-0.0024227980000422,
4,52.203,-0.0102929991843118,0.0099692932445226,-0.0019422091624248,
4,52.254,-0.0112955325364913,0.0096634550539081,-0.0014779583858011,
4,52.509,-0.0115496102136247,0.0094163940088492,-0.0030702089326482,
4,52.56,-0.0110553749357387,0.0100583959243197,-0.0034015327632742,
4,52.612,-0.0104527808018951,0.0106662873491024,-0.0035416045634295,
4,52.662,-0.0104315999891546,0.0110026342797475,-0.0033469304713727,
4,52.713,-0.0111866783434558,0.0111378058179681,-0.0031540390859558,
4,52.917,-0.0108547272712142,0.0119195477227011,-0.0029694300591343,
4,52.968,-0.0101755850465472,0.0119635955732038,-0.0024696468776392,
4,53.019,-0.0099267444371296,0.0118341032990042,-0.0017498812256174,
4,53.07,-0.0091705340356171,0.011603713361634,-0.0011476844002601,
4,53.121,-0.0079488365816865,0.011327120574141,-0.0006692670786527,
4,53.172,-0.0071292424439727,0.0110431151739137,-0.0003086688520038,
4,53.224,-0.0066333787213006,0.0107771708202081,-5.260218714934806e-05,
4,53.274,-0.005983307136597,0.010544174177169,0.0001158522780163,
4,53.325,-0.0046840556365867,0.0103510260260709,1.375033809747342e-05,
4,53.376,-0.0032736586263987,0.0099981173706325,-0.0004545048216589,
4,53.427,-0.0031102822811478,0.0093702627885242,-0.0009191426982779,
4,53.479,-0.0039606428004508,0.0088173426014803,-0.0011433009998265,
4,53.529,-0.0059953535792654,0.0083568996969413,-0.0007935526322911,
4,53.631,-0.0105365212305886,0.0081212947273114,0.0006603787204747,
4,53.937,-0.0112995288140979,0.0106404275615969,-0.0010177512322146,
4,53.988,-0.0100086161165042,0.0112181350544553,-0.0010215400073771,
4,54.039,-0.0085774941430081,0.0114907916371266,-0.0007410724428863,
4,54.09,-0.007372249373447,0.0117467335577125,-9.999391262051046e-05,
4,54.141,-0.0060070254699633,0.0121722284590866,0.0003191956459865,
4,54.192,-0.0046488718658038,0.0126722849468715,0.0003615677671154,
4,54.244,-0.0038060253015735,0.0131799903537932,0.0005605308572413,
4,54.549,-0.0020992368087936,0.0126886762038271,-0.0019691819967094,
4,54.6,-0.0029422159282476,0.0117677691897364,-0.002336571987874,
4,54.651,-0.004049838113405,0.0110351330403588,-0.002183659550534,
4,54.702,-0.0052382104107812,0.0104820998980904,-0.0015085006802889,
4,54.754,-0.0061820722000869,0.0102895161433746,-0.0007534697623176,
4,54.804,-0.0066924594579013,0.0105444117331904,-0.0002087006870828,
4,54.855,-0.0064821686714388,0.0110658222436267,-4.338020966820444e-05,
4,54.906,-0.0054248959885079,0.0115154421411156,-0.0005363677516961,
4,54.957,-0.0043110118500239,0.0116820658398656,-0.0014119587584086,
4,55.009,-0.004053636659415,0.0116538040326754,-0.0018600928616462,
4,55.059,-0.0045670942956885,0.0115028224753265,-0.0017972430026763,
4,55.11,-0.0053328452657823,0.0112852632887021,-0.0018133890516795,
4,55.161,-0.005998055871267,0.0110424817198489,-0.0018789021797433,
4,55.212,-0.0063445124325622,0.010803027221358,-0.0017699804078492,
4,55.263,-0.0072620381648323,0.0103841090978357,-0.0015579346076277,
4,55.314,-0.0088737792807458,0.0096829111899968,-0.0012967844265165,
4,55.366,-0.0099979451340305,0.0090578360196299,-0.001025120173414,
4,55.416,-0.0105182620519222,0.0087326303922703,-0.0009693700897338,
4,55.467,-0.01060950066686,0.0086258714515263,-0.0012574091435864,
4,55.518,-0.0100165524271376,0.0088686236002057,-0.0015419650594598,
4,55.569,-0.0094341007921802,0.0095168677587234,-0.0016005940418631,
4,55.62,-0.0091060051829088,0.0101722654881373,-0.0015096145688517,
4,55.671,-0.0081640636356007,0.0105787671468469,-0.0013299921789149,
4,55.722,-0.0071049341331835,0.0107929832421366,-0.0011079482063526,
4,55.773,-0.0068590641179912,0.0108666679749748,-0.0006757009919737,
4,55.824,-0.007154530915356,0.0110451370082972,5.74701352091696e-05,
4,55.876,-0.0075726153836051,0.0114773062341891,0.0007239074459916,
4,55.928,-0.0080357547108186,0.0118366351629521,0.0010931740487909,
4,55.977,-0.0082897507998215,0.0119195480625402,0.0010413516406187,
4,56.028,-0.0081883745104522,0.0118185204363836,0.0005227925654297,
4,56.079,-0.0082688908192308,0.0116076381701222,-5.261748748172201e-05,
4,56.13,-0.0088612633830247,0.0113432413640442,-0.0004174306649855,
4,56.181,-0.0091318274373151,0.0110657628363883,-0.000818704162553,
4,56.232,-0.0083709291392637,0.0108021851373065,-0.0016127931643839,
4,56.283,-0.0072104601254393,0.0105686968651519,-0.00259502307519,
4,56.334,-0.0064894512791397,0.010574097070177,-0.0032173442065873,
4,56.385,-0.0059073783684962,0.010933108605941,-0.0033580104219875,
4,56.436,-0.0050595048547908,0.0112892350172489,-0.0033792999677365,
4,56.488,-0.0039084386747648,0.0114140685262858,-0.0035231504955186,
4,56.54,-0.0026553885433946,0.0113805336687227,-0.0037340496866894,
4,56.59,-0.0020400936703332,0.0112481229868755,-0.0039710083790352,
4,56.64,-0.0022849201918387,0.0110629351515594,-0.0040048110047306,
4,56.691,-0.0028608854748989,0.0108587753876707,-0.0039056036926585,
4,56.742,-0.0034021241710226,0.0108596824645407,-0.0039298935749244,
4,56.793,-0.003877611338836,0.0111928702621526,-0.0038306036267423,
4,56.844,-0.0044735647880311,0.0115115670260731,-0.0034591982138922,
4,56.895,-0.0052997381237986,0.0115945342731498,-0.0027422737563212,
4,56.947,-0.0062071939734244,0.0115196509858215,-0.0018613431518434,
4,56.997,-0.0072947150737268,0.0113495456492056,-0.0013476624695461,
4,57.048,-0.0082095233085945,0.0111320346554609,-0.0011107838373941,
4,57.099,-0.0085384048574812,0.0109015933818103,-0.0006687945952115,
4,57.15,-0.0086659148872727,0.0106813713986139,-0.0001307638739187,
4,57.201,-0.00905569897269,0.0104853947674434,0.0002248076714346,
4,57.252,-0.0099840475332456,0.0101198777557466,0.0004347944503482,
4,57.304,-0.0109823941385816,0.0094741553516578,0.0003337075947676,
4,57.355,-0.0113429324913332,0.0089014295602056,-0.0001595998132896,
4,57.406,-0.011265448246151,0.0084215293042921,-0.0008648293838895,
4,57.456,-0.0111140957674081,0.0080397148974628,-0.0014484883706503,
4,57.507,-0.0109275264520959,0.0081531477853298,-0.0017064568736573,
4,57.558,-0.0103316912122501,0.0085750958307529,-0.0017348197809783,
4,57.609,-0.0089187371830554,0.0089601803439652,-0.0016136462958148,
4,57.661,-0.007296063906353,0.009290687201888,-0.0016071353565748,
4,57.711,-0.0058700754857726,0.0095596398364508,-0.0018755201194541,
4,57.762,-0.0048856194427841,0.0097675086788702,-0.002097815730832,
4,57.813,-0.0048659265985658,0.0099195025134412,-0.0022726942179002,
4,57.864,-0.0050649007988135,0.0102242842904589,-0.0026039467206637,
4,57.915,-0.0049864658466621,0.0108034063296229,-0.0030088792784775,
4,57.966,-0.0047364150592166,0.0113111203837483,-0.0034285370185722,
4,58.017,-0.0043963856373456,0.011531416733393,-0.0036230925621041,
4,58.068,-0.004427631331906,0.0115496801277145,-0.0034568154895951,
4,58.119,-0.0046944848186074,0.0114369022137029,-0.0032733091323775,
4,58.17,-0.0046893411493905,0.0112491405953413,-0.0032943281035761,
4,58.222,-0.004309331238993,0.0110283716037476,-0.0032439975263545,
4,58.272,-0.0041210951113268,0.0108041684200179,-0.0029511163803974,
4,58.323,-0.0044726423653158,0.0105957737298777,-0.0025262032106096,
4,58.375,-0.0051421395132876,0.0104142589083906,-0.0022515795009947,
4,58.426,-0.0057609376352807,0.0102645652460678,-0.0020954056412268,
4,58.476,-0.0056950086964802,0.0101473055432902,-0.0016260784504259,
4,58.527,-0.005396058959649,0.0100602672882594,-0.0009936125672874,
4,58.578,-0.0059758449212124,0.0099996036895989,-0.0005081592626955,
4,58.63,-0.0068717995051849,0.0099607288342805,-0.0001559908461901,
4,58.68,-0.0072960532207432,0.0099389511747394,-0.0001184294614964,
4,58.731,-0.0079862000559212,0.0097290546471552,-0.0004864928722605,
4,58.783,-0.0089922696232329,0.0092145358533483,-0.0008843029057069,
4,58.833,-0.009316801046524,0.0087468138323178,-0.0010683998684133,
4,58.884,-0.0089773225444164,0.0085475123784488,-0.0011006424780923,
4,58.935,-0.008239251738805,0.0085363734439972,-0.0008320692487867,
4,58.986,-0.0073048349294888,0.0086468076599491,-0.0001913090802138,
4,59.037,-0.0061187225905465,0.0088263414399798,0.0004358456158432,
4,59.089,-0.0044648021360848,0.0090357697615695,0.0008030592574293,
4,59.139,-0.0030453846949075,0.0092475468911998,0.0009740597607096,
4,59.191,-0.002292060150701,0.0094438176424294,0.0010054816034741,
4,59.242,-0.0022272861349372,0.0096143762450361,0.0009448602322171,
4,59.292,-0.0028101522362132,0.0097547427585116,0.0008300767287195,
4,59.343,-0.0035607260150707,0.0098644694011731,0.0004889435590086,
4,59.394,-0.0043585631805543,0.0099457303944556,-0.0001707885642954,
4,59.445,-0.0055242870812081,0.01000220692279,-0.0009818560508829,
4,59.496,-0.0068323090683193,0.0100382509413528,-0.0016239931905112,
4,59.547,-0.0077248489058255,0.0102591286531845,-0.0017045341813382,
4,59.598,-0.0080783841566561,0.0107816395227943,-0.0014184244817177,
4,59.65,-0.008057827276073,0.0112547945192097,-0.0013218142918887,
4,59.701,-0.0075981635813809,0.0114574512157512,-0.001354500935164,
4,59.752,-0.0068938044321568,0.0112695096419019,-0.0010658191587085,
4,59.804,-0.0062899267415845,0.0108461552639042,-0.0005942180585688,
4,59.854,-0.005598170919086,0.0107074953561178,-0.0004448540293063,
4,59.904,-0.0049056254617727,0.0107625637151466,-0.0009158234819615,
4,59.957,-0.0048707091122389,0.0107366225084788,-0.0017468101606044,
4,60.006,-0.0058628701206247,0.010660809639201,-0.0023402710925926,
4,60.059,-0.0072332113876544,0.0105591018126753,-0.0025328860946128,
4,60.108,-0.0079326802642059,0.0104489567573343,-0.0024529445129289,
4,60.159,-0.0077440260334055,0.0103422488059617,-0.0022046203311137,
4,60.21,-0.0074025952405341,0.0102463174656897,-0.0018682524510094,
4,60.261,-0.0073922765935962,0.0101650042182251,-0.0015024392059919,
4,60.313,-0.0073943125077144,0.0100995984817623,-0.0013479618310525,
4,60.364,-0.0070024411752537,0.0100496493212085,-0.0015422683994457,
4,60.414,-0.0061885835496014,0.0100136258483913,-0.0017438251113247,
4,60.465,-0.0055711316779084,0.0097885938714743,-0.0017330063097309,
4,60.516,-0.0051292469852306,0.0092595849419289,-0.0015868492577152,
4,60.567,-0.0042329597332015,0.0087789507007987,-0.001365634112655,
4,60.618,-0.0033180762146093,0.0085687863087978,-0.0011140513226834,
4,60.669,-0.0028664290237493,0.0085489714037868,-0.0008632027135033,
4,60.72,-0.0023464942354405,0.008652829234949,-0.0006329765095808,
4,60.771,-0.0014228639418862,0.0088276615065119,-0.0006353050406942,
4,60.822,-0.0009170223013885,0.0092348021185419,-0.0009874295054812,
4,60.873,-0.001523100689015,0.0099590606826864,-0.0013347750972923,
4,60.924,-0.0025927886659568,0.0106276874794961,-0.0014503186219381,
4,60.976,-0.0032713806604156,0.0110060879955734,-0.0014079135229065,
4,61.026,-0.0036446290006062,0.0111679532165418,-0.0012676143795677,
4,61.078,-0.0043945613539729,0.0111779399993292,-0.001075801456282,
4,61.128,-0.0055266695717895,0.0110897170393531,-0.0008663590872293,
4,61.179,-0.0066121070396509,0.010945594365629,-0.0006624352766681,
4,61.23,-0.0075804152003895,0.0107771981978855,-0.0006792663634644,
4,61.282,-0.0081949810971275,0.0104059283789621,-0.0010371604993809,
4,61.332,-0.0083324699868607,0.0097335369661668,-0.0013842114157236,
4,61.383,-0.0081529398458454,0.0091228699418229,-0.0014955945591837,
4,61.435,-0.0079853449953153,0.0088016806009418,-0.0014468840204838,
4,61.485,-0.0078388683362946,0.008691950469376,-0.0012994102387194,
4,61.536,-0.0071152018721121,0.0087266550283234,-0.0013012752342354,
4,61.587,-0.0058786548155826,0.0088512050608041,-0.0015996027183471,
4,61.638,-0.0050150080755325,0.0092242057462315,-0.0018632675401688,
4,61.69,-0.0048615685710779,0.0099274198592154,-0.0018826866465633,
4,61.74,-0.0051759478961518,0.0105850915818038,-0.001944732039296,
4,61.791,-0.005765108367431,0.0109598879201192,-0.0022299652007603,
4,61.843,-0.0064831708489754,0.0111231530081544,-0.0024345927579232,
4,61.893,-0.007226220387803,0.0111376365536877,-0.0023702516910092,
4,61.944,-0.0081264373278103,0.0110555353147443,-0.0021385759240247,
4,61.995,-0.0092559699343659,0.0109180847525037,-0.0018181911062625,
4,62.046,-0.0102410015757042,0.01075617769619,-0.0014666502240097,
4,62.097,-0.0106525589872841,0.0105915919841845,-0.0011233678480723,
4,62.148,-0.0102615886764982,0.0104385100523145,-0.0010137927952953,
4,62.199,-0.009186490319702,0.0105059373447661,-0.001263742492691,
4,62.25,-0.0079598254172791,0.0109102055551812,-0.001523360961356,
4,62.302,-0.0069353289719831,0.0112971972857476,-0.0015674908052498,
4,62.352,-0.0059219612684905,0.0112403530225256,-0.0014698715850638,
4,62.403,-0.0045954710255468,0.0107025867028739,-0.0012891834745524,
4,62.454,-0.0031747207141911,0.0101004145686302,-0.0010697343049721,
4,62.505,-0.002008484010138,0.0099069775498405,-0.000843054782123,
4,62.556,-0.0010991678318324,0.0101920565470957,-0.0006299480119774,
4,62.913,-0.0016544258710049,0.0104830724511984,-0.0012583859895756,
4,62.964,-0.0027668630826817,0.0103688961189654,-0.0010774526955275,
4,63.016,-0.004061389330929,0.0104668679058705,-0.0008748553436542,
4,63.067,-0.0051678712316981,0.0108938644580774,-0.0008754727173363,
4,63.118,-0.0058640294233336,0.011296745782517,-0.0012072062276861,
4,63.169,-0.0060402674195601,0.0114509622612244,-0.0015238186244882,
4,63.22,-0.0056680623347337,0.0112324747593469,-0.0016044648461888,
4,63.271,-0.0053756802707548,0.0105916711881247,-0.0015272952083512,
4,63.321,-0.0053588145431124,0.0101331598370689,-0.0013551094304576,
4,63.373,-0.0053191728681921,0.0102300629973913,-0.0011358171846883,
4,63.423,-0.0052681083574504,0.0104745638868312,-0.0009039296386432,
4,63.474,-0.0048121526710479,0.0105932515482387,-0.000682592406822,
4,63.526,-0.0041331479053138,0.0106217141115716,-0.0004858024214139,
4,63.576,-0.0041689716957767,0.0105900241732258,-0.0003205646711131,
4,63.628,-0.0046603740310851,0.0105223010978762,-0.0001888371159047,
4,63.679,-0.0050028190045955,0.0104369085438059,-8.918350644414232e-05,
4,63.73,-0.005021386499015,0.0103470435219006,-0.0002189397465368,
4,63.781,-0.0058349113611759,0.0104623628998582,-0.000686238234112,
4,63.831,-0.0084987656745133,0.0113025145702828,-0.0015333139114975,
4,63.882,-0.0107294993978428,0.012740879909451,-0.0029575790630132,
4,64.139,-0.0046488500307389,0.0118006693782011,-0.0035976620342879,
4,64.189,-0.0043614527696321,0.0114891184282134,-0.0023706300920493,
4,64.239,-0.0038267594927335,0.0113705123638487,-0.0013932303456242,
4,64.291,-0.0033772499535721,0.0109835125231496,-0.0006544504975721,
4,64.341,-0.0036209847601506,0.0104554669582895,-0.0003288922870344,
4,64.392,-0.0044905864888763,0.0098793812297569,-0.0002945076274938,
4,64.443,-0.0060933981243716,0.0093187638294942,-4.796250019217829e-05,
4,64.495,-0.0078368619976256,0.0088131034021231,0.0003148462457443,
4,64.698,-0.0058070874479173,0.0083986747072124,0.0017667145709992,
4,64.749,-0.0051047962329464,0.0094074599377446,0.0018999975177309,
4,64.8,-0.005650130316047,0.0103028803472851,0.0018328453617353,
4,64.851,-0.0063493212610768,0.0108528281772051,0.0016425384095141,
4,64.903,-0.0062876854891843,0.0111370274235906,0.0011877003000357,
4,64.953,-0.0057430437471534,0.0114287913533988,0.000398909790445,
4,65.004,-0.0051332119957523,0.0119028021535541,-0.000540695331965,
4,65.056,-0.0053338950501282,0.0122547846799469,-0.0017023775612729,
4,65.106,-0.0064399487685176,0.0122993945546345,-0.0027123336734925,
4,65.157,-0.0072344756075756,0.0121432868407096,-0.0029413457690055,
4,65.209,-0.0073637098003063,0.0118709892657575,-0.0026511008837358,
4,65.259,-0.0074575430121969,0.011746881407331,-0.002251979767372,
4,65.31,-0.0077219674594331,0.0119286189211254,-0.0018150934938755,
4,65.361,-0.0074720577595592,0.0120910775754542,-0.0013890830657294,
4,65.412,-0.0065106878635189,0.0120272871817949,-0.0010042707703769,
4,65.463,-0.0059735866712275,0.0118235161164056,-0.0006767942648614,
4,65.514,-0.0063542390299205,0.0115463378670946,-0.0004123974778394,
4,65.565,-0.0070920812625629,0.0112443464959003,-8.863218962484117e-06,
4,65.616,-0.0075980670378098,0.0109507012032419,0.0006523234229773,
4,65.667,-0.0077138700726769,0.0106859982239239,0.0012248067492917,
4,65.718,-0.0075701259481473,0.01046112194858,0.0012927431887275,
4,65.769,-0.0072714683169427,0.0102798536808635,0.0008307964812061,
4,65.82,-0.0070982825271523,0.0101411153834534,0.0002669518364284,
4,65.871,-0.0070194809099435,0.0100407990756914,-0.0001161159590013,
4,65.922,-0.0070075431337299,0.0099731835264088,-0.0005533027374128,
4,65.973,-0.0074411148989582,0.0099319724500489,-0.000990078081235,
4,66.024,-0.0077239172614878,0.0099110065514569,-0.0009898345639686,
4,66.076,-0.0070839703202195,0.0099047091919878,-0.0009101615462102,
4,66.126,-0.0055019585358876,0.0097074917556934,-0.0011876140167933,
4,66.177,-0.0036436741551155,0.0092028369383138,-0.0014709870953879,
4,66.228,-0.0025608189604269,0.0087423810080856,-0.0015345593688811,
4,66.279,-0.0020622759738,0.0085480957768465,-0.0014520550771228,
4,66.33,-0.0015768648934345,0.0085401271380806,-0.0012824922109744,
4,66.381,-0.0013397043896931,0.0086522930808047,-0.0010707157663476,
4,66.432,-0.0014816453551116,0.0090333304992571,-0.0008488783132582,
4,66.483,-0.0022569883329517,0.009757032652776,-0.0006384091875817,
4,66.536,-0.0035771123354628,0.0104415322058909,-0.0002513052140984,
4,66.586,-0.004939748698679,0.0106442335806416,0.0006196536995413,
4,66.639,-0.0062201851329657,0.0105216492494272,0.0017309665782311,
4,66.891,-0.0064431599103186,0.0107587714220817,0.0021609377738689,
4,66.942,-0.0053009261571426,0.0106429319608405,0.0017567316105552,
4,66.993,-0.0051466793095613,0.0105169891937959,0.0013563690334897,
4,67.045,-0.0054376369111302,0.0103946840745575,0.0009906340583499,
4,67.095,-0.0055890861281235,0.0102845371600149,0.0006764883057857,
4,67.146,-0.0056388949881401,0.010391870067398,0.0004206657964243,
4,67.197,-0.0054186816750627,0.0108308952246477,0.0002228000966959,
4,67.248,-0.0048421460681942,0.0112465496499692,7.800032268754422e-05,
4,67.299,-0.0046858986784991,0.0114129906056925,0.0001797003845803,
4,67.352,-0.0054142566440247,0.0114062273411498,0.0006321572329178,
4,67.401,-0.00645061244192,0.0112889225999982,0.0010723914049348,
4,67.452,-0.0071995817626648,0.0113109790644423,0.0014694210094527,
4,67.503,-0.0073024007143284,0.011621476835929,0.0020076801910465,
4,67.708,-0.007149924158236,0.0115399078296829,0.0019982185555213,
4,67.758,-0.0072939186217401,0.0112672648025783,0.0016534829946652,
4,67.809,-0.0070011576117182,0.0111914346642589,0.0012995562987426,
4,67.86,-0.0070543022794706,0.0114487561280681,0.0009681670110774,
4,67.911,-0.0073250247905254,0.011899073360208,0.0006778537736948,
4,67.962,-0.0069102084868371,0.0124369931828338,0.0004372065918362,
4,68.013,-0.0070932127180016,0.0125862167885531,0.0008502457993046,
4,68.421,-0.0078989095642806,0.0106566550568262,0.0021331864499472,
4,68.472,-0.0081132070675368,0.0104370761366474,0.0015758135276679,
4,68.523,-0.0080005523983943,0.010461970674781,0.0010917509901437,
4,68.574,-0.0072855890789401,0.0108424924326202,0.0004927589445838,
4,68.625,-0.0060409360034193,0.0112196939688792,-0.0003326578684809,
4,68.676,-0.0047573865346593,0.0113636305149028,-0.0010361503083986,
4,68.727,-0.003752836432716,0.0113463992795765,-0.0014040987250595,
4,68.778,-0.0032087556471392,0.0112271870845888,-0.0015272868960764,
4,68.829,-0.0026020381478111,0.0110521459726363,-0.0016844352304494,
4,68.88,-0.0020038882131125,0.0110561942131229,-0.0020515733536775,
4,68.931,-0.0024634528325801,0.0113756101317139,-0.0023230616187567,
4,68.982,-0.0039661332024597,0.0116707941534282,-0.002109727796617,
4,69.033,-0.0058162682908181,0.0117258902007013,-0.0016025904277041,
4,69.084,-0.0073389489287034,0.0118234130557054,-0.0013494291141504,
4,69.135,-0.0081276266322969,0.0121411457161531,-0.0012794930591582,
4,69.186,-0.0085830268701512,0.0125745857093316,-0.0011318533553475,
4,69.237,-0.0083864279036503,0.0130474150429889,-0.0009462387054281,
4,69.289,-0.0077874617202788,0.013306689117674,-0.0007511798328877,
4,69.339,-0.0079827220089991,0.0132073371588219,-0.000766567303861,
4,69.39,-0.0090733420434115,0.0128859611286099,-0.0011165223877486,
4,69.441,-0.0104497554888252,0.0124480068679387,-0.001452106165598,
4,69.492,-0.0114972236091002,0.0119704673619283,-0.0015506806218219,
4,69.594,-0.0111210366394112,0.0110869782810382,-0.0020455118609752,
4,69.645,-0.0095606314856492,0.0107309800526862,-0.0023099256118848,
4,69.696,-0.0079926582673291,0.0104439378829139,-0.0022939434557559,
4,69.747,-0.0067466256321602,0.0102241798786816,-0.0020994128553187,
4,69.798,-0.0056063345451847,0.0098643949432018,-0.0018059972521549,
4,69.85,-0.004826298149419,0.009443706289532,-0.0014727326916837,
4,69.9,-0.0047416419895956,0.0094194196298931,-0.0013415168927857,
4,69.951,-0.0047081024247644,0.0098521506859128,-0.0013504263973136,
4,70.002,-0.0043083736048329,0.0105432279728334,-0.0012476560937267,
4,70.053,-0.0039067339986338,0.0111436457255062,-0.0012823493233818,
4,70.105,-0.0039378013181528,0.0114368515539348,-0.0014024179742534,
4,70.155,-0.0042438901446691,0.0115094723028882,-0.0013667630967593,
4,70.206,-0.0043001079512207,0.0114347865956526,-0.0012340989745917,
4,70.258,-0.0041915544237612,0.0112716254276176,-0.00125070884804,
4,70.309,-0.0043877123397911,0.0110648276882527,-0.0015625551551689,
4,70.359,-0.0049643730198649,0.0108466563451399,-0.0018378664539437,
4,70.41,-0.0055379109282737,0.0106387169831276,-0.0018667956034465,
4,70.461,-0.005862538100712,0.0104540444068214,-0.0017353832038241,
4,70.512,-0.0060014475650919,0.0102991294067521,-0.001712525973743,
4,70.563,-0.005608420302266,0.0101757443322822,-0.0017611269690413,
4,70.614,-0.0051066414977235,0.0100824929743133,-0.0014499862095879,
4,70.666,-0.0053787589758595,0.0102168927818577,-0.0009331195368771,
4,70.716,-0.0059245222303869,0.01068733386832,-0.0003258319226243,
4,70.768,-0.0066019455726772,0.0111346697289616,0.0004914954405623,
4,70.818,-0.0073093895522552,0.0113304173233669,0.001177039727257,
4,70.869,-0.0073767549225725,0.0113490833142773,0.0015221589334307,
4,70.92,-0.007028193198929,0.0112526782427482,0.0018220550255379,
4,71.175,-0.0085988944793012,0.0110783576956907,0.0020259044370078,
4,71.226,-0.0091636050783132,0.0114208348030476,0.0016543979270108,
4,71.277,-0.0091913062781359,0.0115263424435767,0.0012832281419985,
4,71.328,-0.0088723703405467,0.0114713935580247,0.0009420916699882,
4,71.379,-0.0083567393698352,0.0113179498669028,0.0006476217833633,
4,71.432,-0.0071538791913002,0.0113144966993495,0.0004067373685743,
4,71.481,-0.0062093943930085,0.0116083512453282,1.873750196642129e-05,
4,71.532,-0.006108993743054,0.0120692781975788,-0.0006332793689399,
4,71.583,-0.005955512324783,0.012600329436637,-0.0012014115232945,
4,71.634,-0.0057803171678328,0.0131336938102251,-0.0016701040626904,
4,71.839,-0.0041572090343164,0.013283937326908,-0.003658075656906,
4,71.889,-0.0040193978603193,0.012762367638297,-0.0035456575848373,
4,71.94,-0.0038089539612497,0.0122059475598915,-0.0031887231316433,
4,71.991,-0.0035688326392645,0.0116718752817569,-0.0027036415017582,
4,72.042,-0.0039314684005301,0.0111950396748962,-0.0021753407698104,
4,72.093,-0.004852385213615,0.0109940524060589,-0.0014609279715493,
4,72.144,-0.0054548750349806,0.0111869605519008,-0.000684543166872,
4,72.195,-0.0054030738108391,0.011416163492886,-0.0003324495112507,
4,72.246,-0.0049358033900087,0.0114493978351089,-0.0002807605390554,
4,72.297,-0.0042396086115818,0.011354277585328,-0.0002250552710699,
4,72.348,-0.0034525205812678,0.0111844782595444,-0.0001712491426453,
4,72.399,-0.0030720348419172,0.0109804239612347,-0.000122983462886,
4,72.45,-0.0033845571553193,0.010770792571881,-8.214850756312892e-05,
4,72.501,-0.0041164352497725,0.0105744247219128,-4.935967212845128e-05,
4,72.552,-0.0048576398624766,0.0104023383725935,-0.0002251989243754,
4,72.603,-0.0051436152079423,0.0104604829489517,-0.0007215500012476,
4,72.655,-0.0051146551730744,0.0108624491841134,-0.0011827545736665,
4,72.705,-0.005086870963151,0.0112518009739433,-0.0013835340656438,
4,72.756,-0.0050620728721433,0.0114009508369028,-0.0014011602199904,
4,72.807,-0.0052420157052453,0.0113840650997329,-0.0012999047295423,
4,72.858,-0.005739647669779,0.0112620486647774,-0.0011305385174784,
4,72.909,-0.0059993862374558,0.0110824084977721,-0.0009310951635525,
4,72.96,-0.0058848521550994,0.010679408722522,-0.0009292174192201,
4,73.011,-0.0057403123080155,0.0099646976305766,-0.0012550331838133,
4,73.062,-0.0057889732595655,0.009107485222768,-0.0015640081202977,
4,73.114,-0.0063593020490428,0.0082277422174642,-0.0016365274837319,
4,73.522,-0.0097246092142069,0.0081959375677562,-0.0012734810060896,
4,73.572,-0.0092874894443722,0.0086816447001526,-0.0016815488929137,
4,73.623,-0.0094660477587858,0.0090990617622819,-0.0018081792152382,
4,73.674,-0.0094226269849423,0.0094391483250055,-0.0017441364704849,
4,73.725,-0.008838660411241,0.0097023185219459,-0.0015629500363134,
4,73.777,-0.0079549260141181,0.0098950169163063,-0.0013211886503308,
4,73.827,-0.0065482611949357,0.0100270379825021,-0.0012608326106545,
4,73.879,-0.0051200500560703,0.0101095378416159,-0.0015225034341211,
4,73.929,-0.0041944206088397,0.0103544833547251,-0.0017688521026974,
4,73.98,-0.0038663153764438,0.0108847699723847,-0.0017847501865573,
4,74.031,-0.0043494583588459,0.0113546271306915,-0.0016515712853433,
4,74.083,-0.0053140840830137,0.0115471488543635,-0.0014334803526972,
4,74.133,-0.0063091841243146,0.0115463351338523,-0.0011784509577989,
4,74.184,-0.0072438890841704,0.0114215907978391,-0.0009202184175911,end
5,75.663,-0.0028225393469423,0.0117901946885799,-0.0001911848886262,start
5,75.714,-0.0024611374206234,0.0124772738400346,-0.0002917831909601,
5,75.765,-0.0026341410161596,0.0127189251260591,-0.0003328621129298,
5,75.816,-0.0033368220929138,0.012655487881031,-0.0001316345210889,
5,75.867,-0.0045235974888057,0.0124014777708978,0.0004096650725536,
5,75.918,-0.0059255097443683,0.0120456489722126,0.0009247522414844,
5,75.969,-0.0069511125792196,0.0116531035603907,0.0009799819845815,
5,76.021,-0.0078538122173304,0.0110677107686439,0.0005350110082084,
5,76.071,-0.008806004369514,0.0102048279872709,5.815245843569946e-06,
5,76.122,-0.0093117784181177,0.0094341285912473,-0.0003340524291151,
5,76.173,-0.0094906109489296,0.0089852977576848,-0.000726025152622,
5,76.224,-0.0094453927980867,0.0087789539565368,-0.0013207606588082,
5,76.275,-0.0090592782729335,0.0091463732098325,-0.0017969275695456,
5,76.326,-0.0086863809060735,0.0102539275311435,-0.0021587981926749,
5,76.377,-0.0093560847987705,0.0113455276321437,-0.0026191280515496,
5,76.428,-0.0114439976030463,0.0121383697982537,-0.0029047913457198,
5,76.632,-0.0114900604643181,0.0130807960267638,-0.0023122140919919,
5,76.683,-0.0106066950512929,0.0126685814215621,-0.002058631924334,
5,76.734,-0.0099914093709779,0.0119889969099557,-0.0021322868923727,
5,76.785,-0.0097983187241775,0.0109916940187177,-0.002610732597747,
5,76.836,-0.0096906814960267,0.0100715724058478,-0.0029086889538042,
5,76.887,-0.0088431621979958,0.009676534990712,-0.0030669523223902,
5,76.938,-0.0071875352447221,0.0098508295123237,-0.003323743189901,
5,76.989,-0.0051466294492046,0.010175430609218,-0.0032214286096408,
5,77.041,-0.0032234111599691,0.010369521073742,-0.0024953531713153,
5,77.091,-0.0021326716846741,0.0104643163844563,-0.0016283895567519,
5,77.142,-0.0020651339668549,0.0104878133600375,-0.000941546938115,
5,77.193,-0.0024584201529994,0.0104636954453193,-0.0004254016428326,
5,77.244,-0.0031156624177338,0.0106118107787069,-0.0002610307326657,
5,77.295,-0.004090228428426,0.0110593232087696,-0.000536309005392,
5,77.346,-0.0049891865941716,0.0116629042043649,-0.0008706092453982,
5,77.397,-0.0055666034747509,0.0123180922633784,-0.0010150741635436,
5,77.448,-0.0062930807716416,0.0127529114110378,-0.0010261825389866,
5,77.499,-0.007458465070571,0.012810632435231,-0.0009508701163979,
5,77.55,-0.0084100563834453,0.012621864068222,-0.000826181689729,
5,77.601,-0.0087464192997862,0.0122901737675371,-0.0008806761955599,
5,77.652,-0.0084603496844672,0.011893466095118,-0.001246545874058,
5,77.703,-0.007798062970276,0.011486928332166,-0.0015818912648083,
5,77.754,-0.0073493599371216,0.0109059109559255,-0.0016698867447307,
5,77.805,-0.0074753523057668,0.0100588322931653,-0.00159217499734,
5,77.856,-0.0081606387067216,0.0093099972325037,-0.0014144295185707,
5,77.907,-0.0089487441106563,0.0088851610258767,-0.0011868061620342,
5,77.958,-0.0095386477489302,0.0087022505459842,-0.0011463129798398,
5,78.009,-0.0097532117226492,0.0086891933351613,-0.0014299226359423,
5,78.06,-0.0097098143583275,0.008585287055011,-0.0016977791446291,
5,78.111,-0.0097052930092649,0.0082306280801091,-0.0017331808516185,
5,78.264,-0.0084550509375451,0.0082817142326781,-0.0011673876572261,
5,78.315,-0.0082002443702514,0.0090495072963513,-0.0009166947630212,
5,78.366,-0.0081814043873644,0.0098191225840241,-0.0006822712255965,
5,78.417,-0.0083154154173709,0.010327247041555,-0.0004771141195619,
5,78.468,-0.007733357487001,0.0106268445560558,-0.0003072080649472,
5,78.52,-0.0067388063563189,0.0107686352892942,-0.0001735594680043,
5,78.57,-0.0061620987798239,0.0107978258601372,-7.390110182349191e-05,
5,78.621,-0.0058997047258037,0.0107524551640213,-4.048324019048774e-06,
5,78.672,-0.0056591415000481,0.0108637429254078,-0.0001597565772939,
5,78.723,-0.0054519047863936,0.0112673973539264,-0.0006484538173318,
5,78.775,-0.0052826901252478,0.0116253009806466,-0.001311455314899,
5,78.825,-0.0053522882211952,0.0117242769671352,-0.0020329859103414,
5,78.876,-0.0055694581901982,0.0116492382296407,-0.0025332575262289,
5,78.927,-0.005662993935809,0.0114686230028613,-0.0026506021486548,
5,78.978,-0.005669722631801,0.0112348055787998,-0.0025129292550635,
5,79.029,-0.0054194032979182,0.0109856502068943,-0.0022227602255442,
5,79.08,-0.0052251684891231,0.0107466733322134,-0.0018580978474805,
5,79.131,-0.00548417444272,0.010533422292125,-0.0014749536371375,
5,79.182,-0.0058122265557475,0.0103538017500006,-0.0011107353761966,
5,79.233,-0.0057565406559984,0.0102101797195123,-0.0007879142159325,
5,79.284,-0.0054592172326697,0.0101011830447951,-0.0005175764913523,
5,79.335,-0.0054324715432311,0.0100231494755119,-0.0003026162643647,
5,79.386,-0.00558140987342,0.0099712428483148,6.039267572867087e-05,
5,79.438,-0.0058310586880823,0.0101410962703281,0.0004891911206921,
5,79.488,-0.0061252431732301,0.0106403645831579,0.0005240695908135,
5,79.539,-0.0062235241652658,0.0113107956907073,0.0003035049709352,
5,79.59,-0.0063891005539612,0.012037144267834,0.0001376639076078,
5,79.641,-0.0067853692798785,0.0125401718484305,2.024246824380022e-05,
5,79.692,-0.0072977592523543,0.0126587285616196,-5.669210005192616e-05,
5,79.743,-0.0076426280487548,0.0127220138770565,-0.0003023135867205,
5,79.794,-0.0076515187211407,0.0129456005236776,-0.0006363910635089,
5,79.846,-0.0076450487440838,0.0130532015305266,-0.0005986950139545,
5,79.896,-0.007830080602181,0.0128769373518507,-0.0003255896956451,
5,79.947,-0.0077214008957222,0.0125327757115822,-0.0001242774321693,
5,79.999,-0.0070314121314027,0.0121085804722242,1.4818134047256632e-05,
5,80.049,-0.0064256964063778,0.0116671326332443,0.000102836897365,
5,80.1,-0.0063243558773402,0.0112500828462724,0.0001510266225837,
5,80.152,-0.0063538045359295,0.0108821838408025,0.0001698006854862,
5,80.203,-0.0062639356728193,0.0105753623655158,0.0001682007826456,
5,80.253,-0.0063055954662147,0.0103323610895574,-4.717112436827662e-05,
5,80.304,-0.0068299320016024,0.0101498121304279,-0.0005831781197312,
5,80.355,-0.0076217122385761,0.0100206991475941,-0.0010809319687885,
5,80.406,-0.0083205778014811,0.0099362295032784,-0.0013133321579385,
5,80.458,-0.0091045437605857,0.0098871776717688,-0.0015577115129965,
5,80.508,-0.0094784429786118,0.0098647816124323,-0.0019909755404802,
5,80.559,-0.0091576413315375,0.0098612804265645,-0.0023097417880986,
5,80.61,-0.0090195642900747,0.00987017875924,-0.0025294671121743,
5,80.661,-0.0092106038179027,0.0100871483639745,-0.0028688547472189,
5,80.712,-0.0091957085856631,0.0104201348795167,-0.0030568901500385,
5,80.763,-0.0086482660526073,0.0103991117482835,-0.0029319163753547,
5,80.814,-0.0076024177875095,0.0101527328465232,-0.0026162332592646,
5,80.865,-0.0065217665073627,0.0099824478005728,-0.0022035983314331,
5,80.916,-0.0059072740300958,0.0098746452533945,-0.0017619316024247,
5,80.967,-0.0058419511819068,0.0098155761047603,-0.0015379595562259,
5,81.018,-0.0059332530748988,0.0097925074254595,-0.0014715987795939,
5,81.069,-0.0057160045780861,0.0097943808894144,-0.0011099859127744,
5,81.12,-0.0057199864494074,0.0098121005334629,-0.0005880622773867,
5,81.171,-0.0064680358470131,0.0098385596691304,-0.0002060846723171,
5,81.222,-0.0074323670433292,0.009868498337213,5.545274744309174e-05,
5,81.273,-0.0082571091844976,0.0098982635318994,0.0002187354626721,
5,81.324,-0.0087252376231397,0.0099255263280124,0.0003058853061877,
5,81.375,-0.0089270449369171,0.009948994092149,0.0003372061666683,
5,81.426,-0.009343502218705,0.0097673090043039,0.000330204909848,
5,81.478,-0.0096633364766504,0.0092678105558083,0.0002991881393557,
5,81.528,-0.0092930070494271,0.008805442115046,0.0004560943224364,
5,81.579,-0.0087106235819159,0.0086048643751784,0.0009217540195331,
5,81.63,-0.0082398574654632,0.0087891332639161,0.0013471915463813,
5,81.681,-0.0076776619251915,0.0094062548276497,0.0015118219973289,
5,81.732,-0.0073028247531874,0.0102514116083961,0.0014959580948938,
5,81.783,-0.0070782621266491,0.0111749247559578,0.0013656082635134,
5,81.834,-0.0067672845486176,0.0118736692156676,0.0009714705031353,
5,81.887,-0.0066267001697043,0.0121712917143931,0.0004398143996709,
5,81.936,-0.0068075250166594,0.0121877449807244,0.0002643377821625,
5,81.988,-0.0071799598789533,0.0120225481795554,0.000331394070026,
5,82.038,-0.0078461987929807,0.0117541206591985,0.0003477786903671,
5,82.089,-0.0090490154201051,0.011441049670391,0.000330348725527,
5,82.14,-0.0102985069090526,0.0111244966008915,0.0002926319338948,
5,82.193,-0.0110758901037672,0.0108311400976454,0.0002449340751542,
5,82.242,-0.0108855350673876,0.0105762270914251,0.0001946665778071,
5,82.293,-0.0092864768846207,0.0105672815811565,0.0001467892008882,
5,82.344,-0.0073140699637077,0.0109176399821824,-9.654276880816764e-05,
5,82.395,-0.0058631664992156,0.0112694593403199,-0.0006465157982415,
5,82.446,-0.0050641198329465,0.0113931191627776,-0.0011481386497244,
5,82.497,-0.0047473327120173,0.0115613481500666,-0.0011767876285224,
5,82.549,-0.0045644584428152,0.0121463145340534,-0.0006989589593138,
5,82.599,-0.0046829939658788,0.012951563713449,-0.0001355193585697,
5,82.65,-0.0049853167538294,0.013431735836643,0.0002367302352468,
5,82.752,-0.0045758392287627,0.0132064358918136,0.0005607083376158,
5,82.803,-0.004150154324661,0.0127836551254623,0.000582527268753,
5,82.854,-0.0039454117021716,0.0122888833767444,0.0005497244414386,
5,82.906,-0.0038988184355521,0.0115868531727186,0.0002836913743778,
5,82.956,-0.003756563844346,0.0106074603008618,-0.0003113865639561,
5,83.007,-0.0035643845193171,0.0097296921313399,-0.00086885960983,
5,83.059,-0.0039581252869439,0.0091884489327238,-0.0009557636489119,
5,83.109,-0.0048968499037214,0.0089065164818607,-0.00053305257374,
5,83.16,-0.0059088560961545,0.0088135419878042,-0.0002191242167111,
5,83.211,-0.00668572992294,0.0088492249329831,-0.0004018500863822,
5,83.262,-0.0070485586254859,0.0089645559901682,-0.0008884269064756,
5,83.313,-0.0071166915648936,0.0091217045433626,-0.0015307906003505,
5,83.364,-0.0069903475684374,0.0092930485245735,-0.0020206314901353,
5,83.415,-0.0071510924520031,0.0094597321101286,-0.0021724673746544,
5,83.466,-0.0076838826929351,0.0096100364742329,-0.0020953257268771,
5,83.517,-0.0084124839113306,0.0097377615295067,-0.0018775260422309,
5,83.568,-0.0092081377428125,0.0098407447144267,-0.0015870117120449,
5,83.62,-0.009380377276861,0.009919586666942,-0.0012731997540815,
5,83.671,-0.0087372851830116,0.0099766119559073,-0.0009696554277909,
5,83.721,-0.0080246080213161,0.0100150640552508,-0.0006970810295452,
5,83.772,-0.0083287224714126,0.0100385152205923,-0.0004662660874183,
5,83.823,-0.0090596935632753,0.0102512952561757,-0.0002807758001433,
5,83.875,-0.0094032074133194,0.0105684082969298,-0.0001392556269612,
5,83.925,-0.0098722966197686,0.0105252933712456,-3.730455957225309e-05,
5,83.976,-0.0101834065584869,0.0100537756008478,3.10787187327105e-05,
5,84.027,-0.0099665364010608,0.0093453796620965,-0.0001283938772694,
5,84.078,-0.0094284673275149,0.00874280309979,-0.0006220248585839,
5,84.129,-0.0089284554423466,0.0084573346744897,-0.0010894800928251,
5,84.18,-0.0082921856237413,0.0083981767075583,-0.0013017615183622,
5,84.231,-0.0072179730161277,0.008488915665484,-0.0013333335273287,
5,84.282,-0.006350847656456,0.0086685018720652,-0.0012464709852455,
5,84.333,-0.0062886981710436,0.0088906436164754,-0.0010906282304334,
5,84.384,-0.0065469802283851,0.009122233005085,-0.0009030642981537,
5,84.435,-0.0059858545783983,0.0093412772774238,-0.0007102235999908,
5,84.487,-0.0047434440456028,0.0095346791353628,-0.0005294902008601,
5,84.537,-0.0041680658232169,0.0096960985505319,-0.0005718744319252,
5,84.588,-0.0046692128906841,0.0098240385963435,-0.0009547842818997,
5,84.639,-0.0054188649182428,0.0099202287302833,-0.0015253302873291,
5,84.69,-0.0054643392187409,0.0101891623785586,-0.0019695494380195,
5,84.741,-0.0046528676316359,0.0107481146300013,-0.0018953956924652,
5,84.792,-0.0039594817705261,0.0112473345334139,-0.0016955733753788,
5,84.843,-0.0042008670808773,0.0114673072846348,-0.0018328730565067,
5,84.895,-0.0052232116577005,0.0114905132725917,-0.0019745230353085,
5,84.945,-0.006463463526118,0.011385658376933,-0.0019067501953467,
5,84.996,-0.007543003188851,0.0112070947934051,-0.0019109417909896,
5,85.047,-0.0082319130168904,0.010995602660442,-0.0019609511627027,
5,85.098,-0.0080124483210424,0.0107799816469336,-0.0016346610983096,
5,85.149,-0.0074288602416697,0.0105790341520875,-0.0010932428223723,
5,85.2,-0.0072611236881049,0.010403640348997,-0.0006581793973588,
5,85.251,-0.0071727353526733,0.0102587254368776,-0.0003262769707979,
5,85.302,-0.0069415040043498,0.0101449997249841,-8.719988031912531e-05,
5,85.353,-0.0066372356848004,0.0100604132348102,7.313764766818365e-05,
5,85.404,-0.006712235230269,0.0100013103549199,0.0001700949673926,
5,85.455,-0.0072252874867896,0.0099632993666511,0.0002186143758808,
5,85.507,-0.0077772366035665,0.0099418692498057,0.0002321703234266,
5,85.557,-0.0081089586423121,0.0099327948558329,0.0002222134053209,
5,85.609,-0.0080719556703189,0.0099323738012139,0.0001979763483701,
5,85.659,-0.0082031102337063,0.0099375364038741,0.0001665277491072,
5,85.711,-0.0086324104465205,0.0101466990196146,0.0001329803909525,
5,85.761,-0.0090176060020746,0.0106707282560528,0.0001007819659848,
5,85.812,-0.0089419035639516,0.0111537669454294,0.0002728689479902,
5,85.863,-0.0079741839607255,0.0113708784584386,0.0007629840025288,
5,85.914,-0.0065121080429079,0.0113999958483373,0.0014176942112969,
5,85.965,-0.0056537641855075,0.0115070374731331,0.0019245389818994,
5,86.016,-0.0058540795144286,0.0118562905571486,0.0018941661197753,
5,86.067,-0.0063156082055762,0.012131995967985,0.0013208542041615,
5,86.118,-0.006706756635016,0.0121375494396499,0.0002445499670127,
5,86.169,-0.0072221779234096,0.0119693944200114,-0.0010678859233717,
5,86.221,-0.0077758962244145,0.0117033396672254,-0.0020246653823941,
5,86.271,-0.0081088606094837,0.011596703525093,-0.0024756489799407,
5,86.322,-0.0078718286378904,0.0118017108602397,-0.0025660105499747,
5,86.373,-0.0070874365695659,0.0121901222698445,-0.0024178275702302,
5,86.424,-0.0062158408475889,0.0126649577313754,-0.0021285577284005,
5,86.475,-0.0057600025415366,0.0129562425592651,-0.0019728733141354,
5,86.526,-0.005808263618643,0.0129055733315882,-0.0021162044429605,
5,86.577,-0.0059751189754137,0.0126396617789178,-0.0022389617087798,
5,86.629,-0.0058029635760624,0.0122570658257378,-0.0019369950684519,
5,86.679,-0.005226379290488,0.0120312030660303,-0.0011860554677281,
5,86.73,-0.0044367329286427,0.0121248393741452,-0.0004083256020221,
5,86.781,-0.0037747075583269,0.01221503111635,-7.755880276194934e-05,
5,86.832,-0.0034485485529585,0.0120949346103502,-0.0002608577514478,
5,86.884,-0.0031631657838363,0.0118496171810607,-0.0005582948634237,
5,86.934,-0.0027260270468166,0.0115436963184692,-0.0007042068533257,
5,86.985,-0.002226676254608,0.0112234830327865,-0.0007412163577978,
5,87.037,-0.001928373898779,0.0109198271214712,-0.0007054079841104,
5,87.087,-0.0019838115835315,0.0106511840383633,-0.0006257743629034,
5,87.138,-0.0022616674862278,0.0104265775154554,-0.0005244305962976,
5,87.189,-0.0026598505284222,0.0102482573277932,-0.0004173042901984,
5,87.241,-0.0031032181442124,0.0101139480304971,-0.000315075170569,
5,87.292,-0.0035399477001457,0.0100186547162936,-0.0002241992881375,
5,87.343,-0.0039373359288821,0.0099560396047153,-0.000147905196116,
5,87.393,-0.004277568964637,0.0099194127973543,-8.709212636363127e-05,
5,87.444,-0.004553813331729,0.0099023959871213,-4.109315849780473e-05,
5,87.495,-0.0047668268013181,0.0101001567536324,-8.29049401079852e-06,
5,87.546,-0.0045205076167375,0.0108214459535403,1.3413549398036198e-05,
5,87.597,-0.0039993824008427,0.011619723605065,2.6255914156063e-05,
5,87.648,-0.0039463746738855,0.0120015821995734,3.238315605704467e-05,
5,87.699,-0.0039970194570409,0.0122865274240405,3.3711421029423907e-05,
5,87.75,-0.0039092398105622,0.0124864264731384,3.185515064351548e-05,
5,87.801,-0.0041414003974345,0.0126157224441414,2.810559423455545e-05,
5,87.852,-0.0047609385369521,0.0128901838850522,0.000224276646413,
5,87.904,-0.00557915222192,0.0130348653299148,0.0005329079885825,
5,87.954,-0.0062582231797155,0.0128838557576704,0.0004872051751464,
5,88.005,-0.0065926689586295,0.0125553354185871,1.7087415622449103e-05,
5,88.056,-0.0066792216616571,0.0121393594524302,-0.0006874633350586,
5,88.107,-0.0063990010252472,0.0117007104749149,-0.0012849353884097,
5,88.158,-0.005705227181747,0.0112827583177716,-0.0015649017002456,
5,88.209,-0.0048019536076825,0.0111124892976901,-0.0016187445532735,
5,88.262,-0.0040377138084097,0.0113155841940543,-0.0017240710510446,
5,88.311,-0.0036248712191536,0.0115409876406525,-0.0020547890769653,
5,88.362,-0.0036713965012151,0.0115617576153431,-0.0023026609264348,
5,88.413,-0.0044104678483741,0.0114496170741098,-0.0024774868493513,
5,88.464,-0.005534332519387,0.0110604091513593,-0.0025914202832441,
5,88.515,-0.0066138673847151,0.0103239364016572,-0.0024563139027918,
5,88.566,-0.0073774148319846,0.0096247418825601,-0.0023731726733285,
5,88.617,-0.0080777985082809,0.0092064581861497,-0.0023300383961965,
5,88.668,-0.0088822414129311,0.0092027729111067,-0.0021151941096571,
5,88.72,-0.0092871318687325,0.0096661206778297,-0.0020083161855102,
5,88.77,-0.0094032424947807,0.0101909448182411,-0.0021801021832699,
5,88.821,-0.0091239825086194,0.0105122023295543,-0.0023159758963362,
5,88.873,-0.0086135848937728,0.0106770943420385,-0.0024179020045789,
5,88.923,-0.0083976161240784,0.0107284547550881,-0.0026907013427272,
5,88.974,-0.0079861619547956,0.0107028755424191,-0.0028503419187114,
5,89.025,-0.0072815528061554,0.0106300058491733,-0.0027237498127093,
5,89.077,-0.0068471992643474,0.0105326602082262,-0.0024237515180426,
5,89.127,-0.006821901351149,0.0104274369929483,-0.0020366387992488,
5,89.178,-0.0068601505078234,0.0103256144284503,-0.0016247532155384,
5,89.23,-0.0067352493326737,0.0102341526357023,-0.0012300677118049,
5,89.28,-0.0065157451851136,0.0101566831823273,-0.0008781199588368,
5,89.331,-0.0064540344594888,0.0098935774710969,-0.0007826889652266,
5,89.382,-0.0064984822239652,0.0093317161974523,-0.0010602753475338,
5,89.433,-0.006406610600894,0.008824217501412,-0.0013539638667994,
5,89.484,-0.0066363580058006,0.008593187111117,-0.0014335528451496,
5,89.535,-0.0072547535201309,0.0085580295650747,-0.0013694350954479,
5,89.586,-0.0076710639332087,0.0086513196963557,-0.0010174679598645,
5,89.637,-0.0077234894432814,0.0088194956238078,-0.0003083292608768,
5,89.688,-0.0075383252884013,0.0090221895172923,0.0003720807470985,
5,89.739,-0.0074164911697665,0.0092307384591404,0.0007785722175697,
5,89.79,-0.0077467285351381,0.0094262890867132,0.0007758970898672,
5,89.841,-0.0083403735311623,0.0097986276221161,0.0003101835817324,
5,89.892,-0.0088544322027174,0.0106561054217196,-0.0002142542697018,
5,89.943,-0.0094769856054189,0.0115550102184974,-0.0005333915050463,
5,89.994,-0.0101191104005334,0.0118057711821394,-0.0006952214754472,
5,90.045,-0.0103205359189972,0.011620699605109,-0.0007431618277097,
5,90.096,-0.0102231370692752,0.0113718072539731,-0.0007142076837312,
5,90.147,-0.0099419111382261,0.0111019777355006,-0.0006382631229528,
5,90.199,-0.009766212934191,0.0106395628163501,-0.0005382820755929,
5,90.251,-0.0102748105121527,0.0098899466900798,-0.0004309170142888,
5,90.3,-0.0109805911824092,0.0092171865423202,-0.0003274412113845,
5,90.351,-0.0113544704160681,0.0088485969021674,-0.0002347723598441,
5,90.402,-0.0110837818282915,0.0087046975668455,-0.0001564789728701,
5,90.453,-0.0098189430613781,0.0087164636359363,-9.369489105356804e-05,end
6,91.728,-0.0035392543489637,0.0128716479336534,-0.0014107987688322,start
6,91.779,-0.0029245479573911,0.0121001597605144,-0.0015406093511927,
6,91.83,-0.0022953660047488,0.0114366515292238,-0.001299267429037,
6,91.881,-0.0023099454603217,0.0108956983131726,-0.0008392741094505,
6,91.932,-0.0035395656896202,0.0104768025894062,-0.0004768348914428,
6,91.983,-0.0052488408820273,0.0101698399698629,-0.0002060781437667,
6,92.034,-0.0065259305616791,0.0099593251888839,-1.5872916421007493e-05,
6,92.085,-0.007222410706778,0.0098275787587228,-9.344303062610554e-05,
6,92.136,-0.0076913990280737,0.0097569341783838,-0.0003365197961469,
6,92.187,-0.0081776433183121,0.0095303188314925,-0.0002645499975953,
6,92.238,-0.0084350594077929,0.0092218761889973,3.693816288501833e-06,
6,92.292,-0.0083242033974163,0.0092873990612749,0.0001754356618459,
6,92.34,-0.00818689461214,0.0097883352680876,0.0002714892045235,
6,92.392,-0.0082444844447576,0.010528282546832,0.000311283624091,
6,92.442,-0.0086232800707238,0.0109604101060994,0.0001109656893775,
6,92.493,-0.0093784852178077,0.0107587354005789,-0.0006289237510972,
6,92.544,-0.0099127656347363,0.0103676055206986,-0.0014545966706012,
6,92.596,-0.0098607677291926,0.0100872227464347,-0.0016664568250788,
6,92.646,-0.0096377701472261,0.009900391917707,-0.0014676277589039,
6,92.697,-0.0093230158276128,0.0099894031961074,-0.0012222088123251,
6,92.748,-0.0087738648317953,0.0106498429612858,-0.0011674583836155,
6,92.799,-0.0079176647123323,0.0116237138524004,-0.001641059104883,
6,92.85,-0.006531652373857,0.0123187025464506,-0.0022146390075139,
6,92.902,-0.0049171873237169,0.0125781652108122,-0.0022037620855004,
6,92.952,-0.0036875666540319,0.0125374590520143,-0.001818916660877,
6,93.003,-0.0032052135166071,0.0125083428791197,-0.0012251419273133,
6,93.054,-0.0034417043135397,0.0126898326201286,-0.0003442363846212,
6,93.105,-0.0041202286488864,0.0127909814330421,0.0004492210963212,
6,93.156,-0.004826910009242,0.0126316441781661,0.0011228524417628,
6,93.207,-0.0052940461048622,0.0123180438964213,0.0016655179726373,
6,93.259,-0.0053691891609616,0.0119306993815261,0.0016789268646794,
6,93.309,-0.0049860567207533,0.0115271756152448,0.0011509853590143,
6,93.36,-0.0051431215641273,0.0111456917224506,0.0003182593121708,
6,93.411,-0.0062365261704406,0.0108089890583194,-0.0004422113468371,
6,93.462,-0.0072401157792604,0.0107288890504702,-0.0010952496607409,
6,93.514,-0.0081054805733356,0.0110206299174966,-0.0018277589017749,
6,93.564,-0.0088126769198534,0.0113265812919648,-0.0023515582850452,
6,93.615,-0.0085582855356784,0.0114162348084022,-0.0024985890064028,
6,93.666,-0.0077076145221055,0.0113599631835339,-0.0023921670800459,
6,93.717,-0.0073461906214361,0.0112146227393006,-0.002131742150057,
6,93.769,-0.0075284141980429,0.0110238335718656,-0.0019943016487492,
6,93.82,-0.0076430009582639,0.0108192225502837,-0.0021476121268997,
6,93.87,-0.007102502624163,0.0106221839730655,-0.0020734129201233,
6,93.922,-0.0055827835928561,0.0104458307857928,-0.0014575933948887,
6,93.972,-0.0037579578083831,0.0102969112672907,-0.0007447094155974,
6,94.023,-0.0024865468787037,0.010177549594968,-0.0002276750932921,
6,94.074,-0.0018730399149047,0.0100867336291527,0.0001222155930606,
6,94.125,-0.0017307658100378,0.0100215210570729,0.0003368005211727,
6,94.177,-0.0021029806511059,0.0101788016682849,0.0004473685429056,
6,94.227,-0.0027752624620766,0.0106669773844059,0.0004823428497476,
6,94.278,-0.0031843186489428,0.0111273226838882,0.0004660254041182,
6,94.329,-0.0033916937771849,0.0113320041154714,0.0004181227510541,
6,94.38,-0.0040555622531701,0.0113562723640928,0.0003538110625939,
6,94.431,-0.0051597062423263,0.0112628827879013,0.0002841417946419,
6,94.483,-0.0062566882439028,0.0111015354927957,0.0002166332083501,
6,94.533,-0.0074617861871515,0.010708731341341,0.0001559335770331,
6,94.584,-0.0086394147657404,0.0099982036409061,0.0001044770910033,
6,94.635,-0.0093031555328005,0.009341816259503,-0.0001377512675437,
6,94.686,-0.0091823256564043,0.0089737153815539,-0.0006837060728913,
6,94.737,-0.0083671832177854,0.0088200783139816,-0.0011797642066516,
6,94.788,-0.0073730592194613,0.0088163301386212,-0.0014031373103377,
6,94.839,-0.0071473411678027,0.0089090145387225,-0.0014336791157863,
6,94.89,-0.0080350751314005,0.0092569341162999,-0.0011372610869072,
6,94.942,-0.0091639412033932,0.0099414332389063,-0.0006549591519343,
6,94.992,-0.0099551046927085,0.0105859763303229,-0.0004938525834617,
6,95.044,-0.0102652915532676,0.0109522815259319,-0.0005516874057488,
6,95.094,-0.0104429185843909,0.0111107118545128,-0.0007452945542307,
6,95.145,-0.0107220924262625,0.0113239277162226,-0.0012112600160302,
6,95.196,-0.0102406318475348,0.0119568193067728,-0.0016136366264981,
6,95.247,-0.0093100146084857,0.0128080281987981,-0.0017420724674691,
6,95.4,-0.0082790489488933,0.0134384754185415,-0.0010794625614518,
6,95.452,-0.0076600897681599,0.0122571070148402,-0.0003135084944782,
6,95.502,-0.0072502587802534,0.0111172796952854,0.0004037562029071,
6,95.554,-0.0076099765895928,0.0102964947445373,0.0006305062304404,
6,95.604,-0.0084343483265964,0.0097462646045909,0.0001227809939613,
6,95.655,-0.0092896682833098,0.009413757100861,-0.0008152137566357,
6,95.706,-0.0096944588035896,0.0090467641680973,-0.0015521428447133,
6,95.757,-0.0095769496972478,0.0084863021096529,-0.0019000844401581,
6,95.808,-0.0091339028354043,0.008047615843147,-0.0019705969558926,
6,95.91,-0.007325512465803,0.00801009474204,-0.0016357697115202,
6,95.961,-0.0067037468424413,0.0082257413984983,-0.0013621457351038,
6,96.012,-0.0063689422765666,0.0085065790496925,-0.0010772306939804,
6,96.063,-0.0060442429805878,0.0088066663847755,-0.0008079623228435,
6,96.114,-0.0055512752779954,0.009094992479621,-0.0007711938837395,
6,96.165,-0.0045883228650608,0.0093526132514928,-0.0010873270253003,
6,96.216,-0.0036021359922464,0.0095698455486952,-0.0016043980686077,
6,96.267,-0.0032827724357038,0.0097437236130002,-0.0022088028371128,
6,96.318,-0.0036175662745228,0.0100766618020811,-0.002820665296939,
6,96.369,-0.0047466771280581,0.0106857010250265,-0.0033881577287416,
6,96.42,-0.006495352692193,0.0114228918412707,-0.0036807710873342,
6,96.471,-0.008099242562682,0.0121830517883687,-0.0035727500297034,
6,96.522,-0.0092805942238452,0.0126960430868063,-0.0032164591785849,
6,96.573,-0.0100960482854852,0.0128084683695126,-0.0027295621912007,
6,96.624,-0.0104104914551743,0.0128557921653731,-0.0021980148782017,
6,96.675,-0.0101775165545809,0.0132592286494309,-0.0016805320462014,
6,96.93,-0.0049533447372895,0.0130041956135533,-5.255965975541187e-05,
6,96.981,-0.0043436287700319,0.0124069959404791,-0.0002551554942262,
6,97.032,-0.0042061487257242,0.0118306186940885,-0.0007662604312873,
6,97.083,-0.004382582164877,0.0111130646672042,-0.0012333356709866,
6,97.134,-0.0045453373347969,0.0101617766387061,-0.0012329833141391,
6,97.185,-0.0038829106168381,0.0093378368653514,-0.000732040199719,
6,97.236,-0.0027444672576561,0.0090634293372709,-0.0001511185834096,
6,97.287,-0.0019946859570374,0.0093643429223513,0.0002335962677179,
6,97.338,-0.0017552398489191,0.0098092325024627,0.0002607344766039,
6,97.389,-0.0018623335363248,0.0101098881324962,-0.0001444734059063,
6,97.44,-0.0025847451591772,0.0102938863890995,-0.000593581711329,
6,97.492,-0.0038445917151265,0.0103882850428254,-0.0008339335397628,
6,97.542,-0.0051470815006294,0.0106184691383924,-0.0011219244417047,
6,97.593,-0.0065731207286129,0.0111180816062189,-0.0018190007417453,
6,97.644,-0.0079638399130593,0.0113486894643789,-0.002722446038414,
6,97.696,-0.0086176842792191,0.0109865779634309,-0.0034848358641943,
6,97.899,-0.0086109593144878,0.0085226860698602,-0.0037259917700294,
6,97.95,-0.0086191064806751,0.0087443000412966,-0.0031368929813024,
6,98.001,-0.0085344299800135,0.0087864735723286,-0.0027079097488094,
6,98.053,-0.0085978568899622,0.0087101747551543,-0.0024160785828903,
6,98.103,-0.0087511748468209,0.0087648565190323,-0.0018339866024846,
6,98.154,-0.0085481606912882,0.0088991501046092,-0.0011124968664081,
6,98.205,-0.0079320875617729,0.0090737145857921,-0.0007612312450964,
6,98.256,-0.0077030906784091,0.0090592498430082,-0.0008764614683888,
6,98.307,-0.008142409164631,0.0085230456082796,-0.0010807890206799,
6,98.766,-0.0090890349514057,0.0081796101584327,0.0001244495128165,
6,98.818,-0.0088385818857238,0.0086862194243847,-9.557356850691452e-05,
6,98.868,-0.0083695868538009,0.0091166745985822,-0.0004298416101055,
6,98.919,-0.0079989392460369,0.0094637082744139,-0.0008105279235886,
6,98.971,-0.0081228096269144,0.0097293610272623,-0.0013912364731849,
6,99.021,-0.0083530552881951,0.0099214791945926,-0.0018527456075648,
6,99.072,-0.0080305275011071,0.0100510023248562,-0.0019998977313902,
6,99.123,-0.0071785537308792,0.010330808645968,-0.0019336152634118,
6,99.174,-0.0060554609677605,0.0108853551677805,-0.0017357708918451,
6,99.225,-0.0052503748629358,0.0113707244421567,-0.0014694426144182,
6,99.276,-0.0049147518273781,0.0115719017325652,-0.0011805871512582,
6,99.327,-0.0049071814138156,0.0115746507886864,-0.0009004886023277,
6,99.378,-0.0057131171783919,0.0114499167503574,-0.0004476739443735,
6,99.429,-0.0069760527712119,0.0112534415504865,0.0002803699421582,
6,99.48,-0.0078281289510631,0.0110267385793719,0.0009256125760346,
6,99.531,-0.0081474159292052,0.0107988608152518,0.0010642486131081,
6,99.582,-0.0080993483049629,0.0105885358055937,0.0006660009616381,
6,99.633,-0.0080203723357889,0.0104063644182321,0.0001562483990832,
6,99.684,-0.0083295849763772,0.010256883858103,-0.0001832341658106,
6,99.735,-0.008862922856901,0.0101403779012352,-0.0003862419960057,
6,99.786,-0.0090954916149954,0.0100543795837746,-0.0004854132233309,
6,99.837,-0.009116478580269,0.0099948559303602,-0.0005100219176515,
6,99.888,-0.0092009149373515,0.0099570935846163,-0.0004848329151319,
6,99.939,-0.0093192615945546,0.0101371551226357,-0.0006305632585772,
6,99.99,-0.0092490158225343,0.0106432870324061,-0.0010750396200383,
6,100.044,-0.0088626254363987,0.0111170516923014,-0.0016754108746349,
6,100.092,-0.0085053489488949,0.01133116475564,-0.00252836931284,
6,100.143,-0.0083962796179236,0.0113615494244757,-0.0034748038252441,
6,100.602,-0.0059168793629433,0.0112064971438427,-0.0038695876316908,
6,100.653,-0.006589633419493,0.0109499895533294,-0.0030078498660459,
6,100.705,-0.0066925708564465,0.0107091620657035,-0.002213542030959,
6,100.755,-0.0060201188960206,0.0104977375420688,-0.0015262899840368,
6,100.807,-0.0051052238028164,0.010121321462961,-0.0009629076678845,
6,100.857,-0.0049116687465207,0.0094684929472256,-0.0003233941904688,
6,100.908,-0.0053971288358105,0.0088916645206921,0.0005144054481586,
6,100.959,-0.0062790776433257,0.0086107511485344,0.0012112392199641,
6,101.01,-0.0071436314432141,0.0087430237510568,0.001560851591121,
6,101.061,-0.0071242417055858,0.0093305015534639,0.0014588537550605,
6,101.112,-0.0067403247210132,0.0099618981294402,0.0008745752016699,
6,101.163,-0.0069567936291073,0.0105707398053896,0.0002287559432025,
6,101.214,-0.0079425985673173,0.0113170391573628,-0.0002038179884519,
6,101.265,-0.0095434588835711,0.0118907107348054,-0.0004648765401596,
6,101.316,-0.0108076822938032,0.0121067485438851,-0.0005949617018273,
6,101.368,-0.011151942696055,0.0118752286647399,-0.0006305966869234,
6,101.418,-0.0108785277781516,0.0113752657673553,-0.0006027932242752,
6,101.469,-0.0102309302106345,0.0111449675891732,-0.0007373706196535,
6,101.52,-0.0091945401243787,0.0111061199434161,-0.0011661138156082,
6,101.571,-0.007590386850838,0.0109923465013339,-0.0015482446192142,
6,101.622,-0.0063534659372602,0.0108396590990538,-0.0018697826028062,
6,101.673,-0.006053937169021,0.010674280076217,-0.00232746268426,
6,101.724,-0.0057771675110297,0.0107148803881469,-0.0026348570283806,
6,101.775,-0.0053363946526326,0.0110851579552537,-0.002620337676131,
6,101.826,-0.0048258468991928,0.0116371288580689,-0.0024005248694284,
6,101.877,-0.004512396633823,0.0122612873275075,-0.0022675387694122,
6,101.928,-0.0047522030019208,0.0126807689373394,-0.0024017560007623,
6,101.979,-0.0053275768870131,0.0127344486627449,-0.0024957287091272,
6,102.03,-0.0060719457389704,0.0125492085087544,-0.0023555077221145,
6,102.081,-0.0064632347344923,0.0122256177055597,-0.0020763506857357,
6,102.132,-0.0065966418212791,0.0118392906702817,-0.0019313461072922,
6,102.183,-0.0071564398630165,0.0114437626443725,-0.0018840291339091,
6,102.234,-0.0077439002290258,0.0110741076847112,-0.0015014980812918,
6,102.285,-0.0081010754884708,0.0105499084629902,-0.0009347070072567,
6,102.336,-0.0084826975710475,0.0097678691238503,-0.0004961064300782,
6,102.387,-0.0086485079824312,0.0090841212122071,-0.0001749553281359,
6,102.438,-0.0086625871221397,0.0087191741514621,4.507019229316677e-05,
6,102.489,-0.0087790558069917,0.0085880079677048,0.0001825632536407,
6,102.54,-0.0089518358514039,0.0086173145426443,0.0002560787017624,
6,102.591,-0.0089460175980613,0.0087471862695585,0.0004834899144056,
6,102.642,-0.0086252887965526,0.0089311225658944,0.0009921673378995,
6,102.693,-0.0083291905413397,0.0089341233618218,0.001439537804083,
6,102.744,-0.0080726757228863,0.0086200061763046,0.0018116501404418,
6,103.05,-0.0081382270205321,0.0102636365961684,0.0017255035175944,
6,103.101,-0.008026771312758,0.0100053125972657,0.0006421864647524,
6,103.152,-0.0083146389710645,0.0096383756682781,-0.000305023311062,
6,103.203,-0.0086346542230836,0.0094320906391054,-0.0010888478346391,
6,103.254,-0.0087487457949632,0.0095462451992181,-0.0017049176376173,
6,103.306,-0.0085207688712375,0.0100575774073693,-0.0017622393609735,
6,103.356,-0.0080917199673317,0.0105817293686859,-0.0014566022915777,
6,103.407,-0.0077690138792475,0.0108711627009691,-0.0011435675818196,
6,103.458,-0.0079421023282833,0.0109868076978362,-0.0010517692017207,
6,103.509,-0.0084192645718739,0.0109817031154967,-0.0013100692192679,
6,103.56,-0.0088522792605571,0.011100399329228,-0.0015713215922643,
6,103.611,-0.0090213606222069,0.0114897937517684,-0.0016126464996812,
6,103.662,-0.0086059177361505,0.0118206858290897,-0.0017104344715395,
6,103.713,-0.0074472959789185,0.011886641975478,-0.0022382467815584,
6,103.764,-0.0057042777511686,0.0117773825694793,-0.0029994548719733,
6,103.815,-0.0043289796041549,0.0115645255858335,-0.0036483675680782,
6,103.866,-0.0039025027252073,0.0115031593305286,-0.0039722963811029,
6,103.918,-0.0041188141901341,0.0117447153062432,-0.003660106646511,
6,103.968,-0.0047300018991467,0.0119603122372338,-0.0029650205852791,
6,104.019,-0.0051436779586081,0.0119411069914037,-0.0022810357015474,
6,104.07,-0.0051966139320942,0.0117728538322214,-0.0016591174489211,
6,104.121,-0.0054156034778571,0.011522524923379,-0.0011269665720906,
6,104.172,-0.0059243332048327,0.0112396663942054,-0.0006951376621729,
6,104.223,-0.0065780202223451,0.0109586679479772,-0.0001615070558299,
6,104.274,-0.007472996535389,0.0107014360468813,0.0005953794865607,
6,104.325,-0.0084508275633741,0.0104801111852782,0.001233814594788,
6,104.376,-0.0083990767600314,0.0105004288067392,0.0017449929908593,
6,104.631,-0.002442497694846,0.0086304619617953,0.0022222836437976,
6,104.682,-0.0025976492781915,0.0083438486581229,0.0016285241775415,
6,104.733,-0.0036934797584088,0.0082930731462991,0.0009160569894289,
6,104.784,-0.0051037505837886,0.0083976315376723,0.0005863586885741,
6,104.835,-0.0064015626144009,0.0085934140291862,0.0005286356082904,
6,104.886,-0.0073221576346012,0.0088319753522408,0.0004491476932829,
6,104.937,-0.0077260357040412,0.0090788084876587,0.0001612527518276,
6,104.988,-0.0077660716387228,0.0093111178022906,-0.0004380104148107,
6,105.04,-0.0073687069797772,0.0095154500305639,-0.0011888291865933,
6,105.09,-0.0067227364561932,0.009685424396123,-0.0019765325073718,
6,105.142,-0.0061700488832707,0.0098197086643056,-0.0025237791997479,
6,105.192,-0.0057215877805086,0.0097194818578106,-0.0026720127865126,
6,105.243,-0.0055768325734048,0.0090752352679721,-0.0023515969313987,
6,105.294,-0.0060401556078491,0.0083346689681034,-0.0015555184952874,
6,105.345,-0.0066554165586273,0.0083951547515292,-0.0007191585238998,
6,105.396,-0.0067161961164417,0.0091653711438824,-0.0001249852757442,
6,105.447,-0.0062156418920987,0.0099272328931088,0.0002661291507647,
6,105.5,-0.005194452981452,0.0104216997313974,0.0004955919136743,
6,105.549,-0.0041222235104309,0.0107049501991963,0.0004021119396592,
6,105.6,-0.0037058959701778,0.0108299822321545,-9.181194106476173e-05,
6,105.651,-0.003743677174779,0.0108434963724781,-0.0006020488661903,
6,105.703,-0.003868832970722,0.0107844027031579,-0.0010817590886665,
6,105.753,-0.0042408060524416,0.0106834891025016,-0.0017041878360375,
6,105.805,-0.0047411938944924,0.0107646946191331,-0.0019664801612902,
6,105.855,-0.0048820755414835,0.0113578463027257,-0.0015750602764116,
6,105.906,-0.0043794025155764,0.0122316855195149,-0.0009966588303089,
6,105.957,-0.0035043661749361,0.0128136782764087,-0.0007464687743508,
6,106.01,-0.0028624760598039,0.0129609077085602,-0.0011285435429715,
6,106.059,-0.0026225135459728,0.0128174735636662,-0.0018854289402911,
6,106.11,-0.0028604385926139,0.012499144448042,-0.0024202291750247,
6,106.161,-0.0039882451853545,0.0120942186539368,-0.0025687987390398,
6,106.212,-0.0057970117236662,0.0116662830378946,-0.0024577235608814,
6,106.263,-0.0074955411807044,0.0112579675868224,-0.0021890478816136,
6,106.314,-0.0089869211640877,0.0108950369526082,-0.0018408785261006,
6,106.366,-0.010225637796329,0.0105903694148959,-0.0014696954288418,
6,106.416,-0.0108011306925971,0.0103475440018788,-0.001113570856252,
6,106.469,-0.0109050326888613,0.0101638881368033,-0.0007957128115304,
6,106.518,-0.0108989659846207,0.0100329344638116,-0.0005279317005518,
6,106.571,-0.010220357077603,0.0099463013847185,-0.0003137792918225,
6,106.62,-0.0083615925748762,0.0096942192662373,-0.0001512253382086,
6,106.671,-0.0058952544537183,0.009155443125583,-3.482265504179996e-05,
6,106.722,-0.0038398785051914,0.0086769107412582,-0.0001582038463563,
6,106.773,-0.0026148565556337,0.0086771252572329,-0.0006262928117373,
6,106.824,-0.0022216273306378,0.009185201256886,-0.0010770237753209,
6,106.875,-0.0025942927696315,0.0097773458404326,-0.0010787460676188,
6,106.927,-0.0032273947687449,0.0101750052593667,-0.000591523944641,
6,106.977,-0.003976668880707,0.010415985960925,-3.069046457065711e-05,
6,107.028,-0.0049410920279728,0.0105371217120203,0.0003314664217439,
6,107.079,-0.0057651922337996,0.0107724971211612,0.0005371084525193,
6,107.13,-0.0062322596268871,0.0112630654447925,0.0006258495036481,
6,107.181,-0.0062319886799509,0.0118778930847229,0.0006324870557986,
6,107.232,-0.0055303440246687,0.0125230233952727,0.0005859341850543,
6,107.283,-0.0046360714628604,0.0129349291631363,0.0003081736524193,
6,107.334,-0.0038909303636624,0.012963332539737,-0.0002963924601572,
6,107.385,-0.0028996274104665,0.0127434943262705,-0.0008611552894465,
6,107.436,-0.0022317502832577,0.0121812726963865,-0.001355020868349,
6,107.487,-0.0024274566559106,0.011444628145862,-0.0019645761104713,
6,107.538,-0.0029604682082978,0.0110569617053927,-0.0023985277573583,
6,107.589,-0.0034661586374341,0.0111250891555615,-0.0024841612744642,
6,107.64,-0.0035120354478651,0.0114800678045816,-0.0023395211863872,
6,107.692,-0.0034601582993426,0.0117896685916334,-0.0020588142065086,
6,107.742,-0.0039522549367731,0.0120452949139768,-0.0017133906798675,
6,107.793,-0.0045528645161957,0.0122457692828457,-0.0013542101642626,
6,107.844,-0.0049739863352424,0.0121939334057399,-0.0012158944526625,
6,107.895,-0.0048444959180694,0.0121852757754296,-0.0014311757584533,
6,107.946,-0.0045731055655062,0.0122050060775299,-0.0016551091069047,
6,107.998,-0.0050358438203432,0.0118396907089809,-0.0016657684593859,
6,108.048,-0.0059322432205386,0.0110559391000675,-0.0015387879038337,
6,108.099,-0.0064322600289965,0.0102676179007528,-0.0015345662248751,
6,108.15,-0.00623622085989,0.0097405282145596,-0.0018102489379594,
6,108.201,-0.006212014591117,0.0094233227005077,-0.0022433022165631,
6,108.252,-0.006902459157567,0.0092662089402634,-0.0027424966801956,
6,108.303,-0.0075941130225579,0.0092243917648824,-0.0030431752193303,
6,108.354,-0.0078293122120855,0.0090590458943744,-0.0029915470612422,
6,108.405,-0.0077528691282366,0.0086269238558581,-0.0027181139297114,
6,108.456,-0.007482694730625,0.0082592520267861,-0.002324391667466,
6,108.507,-0.0071099745017351,0.0081632854453153,-0.0018851508587189,
6,108.558,-0.0067014282526733,0.0082492867700422,-0.0014520023950939,
6,108.609,-0.0065035585207932,0.0084450847071121,-0.0010575575821376,
6,108.661,-0.0064567020578778,0.0086955717441942,-0.0009204561882023,
6,108.711,-0.0063096286735331,0.0089610112287449,-0.0011602498771622,
6,108.762,-0.0059092622710184,0.0092147168156635,-0.0014216686943198,
6,108.813,-0.0051777751653644,0.0094405158010974,-0.0014751224863841,
6,108.864,-0.0044935198349048,0.009429443974831,-0.0013909034615554,
6,108.915,-0.0038945252758748,0.0090665104716551,-0.001225153369716,
6,108.966,-0.0033983321505372,0.0087078993013309,-0.0012212621370388,
6,109.017,-0.0032087654501611,0.0087825360540295,-0.0013214919288269,
6,109.068,-0.003231082628413,0.0093298748554053,-0.0010787807823202,
6,109.119,-0.003588332697558,0.0099355785661591,-0.0006356217643023,
6,109.17,-0.0043325270121194,0.0103292227694821,-0.0003003393494803,
6,109.221,-0.0052651049077407,0.0105552394798045,-6.117815725482104e-05,
6,109.272,-0.0060427520359979,0.0106555913348021,9.71228944094559e-05,
6,109.323,-0.0064577293364446,0.0106672862296015,-9.986356643960237e-06,
6,109.374,-0.0066067712217151,0.0106211813552283,-0.0004795461122269,
6,109.425,-0.0065732819687733,0.0105417102741822,-0.0009430090398151,
6,109.476,-0.006626250052875,0.010447223912257,-0.0011644965201486,
6,109.527,-0.0069312462291229,0.0103506978934352,-0.0012129998190714,
6,109.578,-0.0071725459554474,0.0102606180068154,-0.0011466630092534,
6,109.629,-0.0067511084562611,0.0101819087861698,-0.0012128360403138,
6,109.68,-0.0057376452959578,0.0101168151438415,-0.0017603458642203,
6,109.731,-0.0050284015387908,0.0102665167269097,-0.0025725784207684,
6,109.783,-0.0049729126816137,0.0107427851673224,-0.0030876745443455,
6,109.833,-0.0055420018027138,0.0111894038155474,-0.0033708223046216,
6,109.884,-0.006465948071388,0.0115811281016294,-0.0036832970410737,
6,109.935,-0.0069407577478214,0.0121070108916113,-0.0039894785013557,
6,109.986,-0.0068885362191601,0.0124758568035103,-0.0040661934868612,
6,110.037,-0.0069041648639931,0.0125135225473348,-0.0035879097041594,
6,110.088,-0.0071628874744462,0.0123357595613807,-0.0027920988000534,
6,110.139,-0.0075567346905807,0.0120341113443641,-0.0018565716334884,
6,110.19,-0.0078047715142837,0.0118780752451616,-0.0007057577077871,
6,110.241,-0.0077385333060788,0.0120287962774071,0.0002898481893024,
6,110.292,-0.0074760554673854,0.0123641485253616,0.0009050970541245,
6,110.344,-0.0071088047933983,0.0127909742803309,0.0014278119354722,
6,110.394,-0.0069046940741486,0.0130413446633963,0.0020500221636461,
6,110.802,-0.0077166196412557,0.0085045012113252,0.0017780421301393,
6,110.853,-0.0079721332291325,0.0083203739561217,0.0012509578030426,
6,110.904,-0.0084997464760535,0.0085380474888423,0.0006115840320753,
6,110.955,-0.0091594862589495,0.0087950964507235,-0.00024927729337,
6,111.006,-0.0096501327623207,0.0088559156159389,-0.0009822003761023,
6,111.057,-0.0097920820427912,0.0085851630294946,-0.0015741918212904,
6,111.109,-0.0092973232345888,0.008324340538473,-0.0024299071328444,
6,111.159,-0.0088356237137515,0.0082916731588042,-0.0033860195780313,
6,111.21,-0.0090347177056703,0.0084079576944289,-0.0039280467449773,
6,111.261,-0.0092399514123642,0.00861043123067,-0.0039601231072363,
6,111.312,-0.0092318020446997,0.0088519168148384,-0.0036625649313388,
6,111.363,-0.0088866201253776,0.0092998571185286,-0.0031774990158904,
6,111.414,-0.0077505105524356,0.0100450565342855,-0.002611141747694,
6,111.465,-0.006399239583492,0.0107202054339865,-0.0020381455856106,
6,111.516,-0.0056210277646008,0.0110953566231793,-0.0015069223242817,
6,111.567,-0.0056745320740587,0.0112479666254262,-0.0012459988365568,
6,111.618,-0.0064579942708783,0.0112455898052888,-0.0013802270671648,
6,111.669,-0.0074458441950145,0.0113448365420694,-0.0015562697859521,
6,111.72,-0.0080837537865451,0.0117021205250411,-0.0015441545142989,
6,111.771,-0.008044315810152,0.0119953615777304,-0.001412337087797,
6,111.822,-0.0077744617741016,0.0118223042182589,-0.0014151715060728,
6,111.873,-0.0075793420084589,0.0111632542961674,-0.0017049710491077,
6,111.924,-0.0072469941727745,0.0104462897142389,-0.0019547018599811,
6,111.975,-0.0072550008669025,0.0099506113789719,-0.0019578391315429,
6,112.026,-0.0080831522236764,0.0096366748751898,-0.0018025712295056,
6,112.077,-0.0091699426998633,0.0094645183808377,-0.0015581831338922,
6,112.128,-0.0095319715088195,0.0093971226408405,-0.0010754365512698,
6,112.179,-0.0094000902801118,0.0094023295049124,-0.0002777654351275,
6,112.231,-0.0091628672204373,0.0094536818753525,0.0004569696768155,
6,112.281,-0.008676306309519,0.0095305044235637,0.0008914832146401,
6,112.332,-0.0082697529624247,0.0096174908881859,0.0010985432072549,
6,112.383,-0.0079471724274092,0.0097040080723583,0.001143091672711,
6,112.434,-0.0073026946845258,0.0097832740578433,0.0010798343878036,
6,112.485,-0.0063027071450711,0.009851521764844,0.0009525173957986,
6,112.536,-0.005355878967691,0.0097063866517556,0.0005935097712488,
6,112.587,-0.004720040270233,0.0092352236892952,-8.608632702245109e-05,
6,112.638,-0.0043347342780465,0.0087936460718944,-0.000715864372846,
6,112.689,-0.0043418944417423,0.0086073501755544,-0.0010622656275929,
6,112.74,-0.0043993545217666,0.008599745398012,-0.0011990951294088,
6,112.791,-0.0042836249076805,0.0089081890180995,-0.0013913571331715,
6,112.842,-0.0044677840887702,0.009595386075837,-0.0018045594405356,end
7,114.321,-0.0071602487629373,0.0080775940963461,-0.001362474972831,start
7,114.372,-0.0072142881386772,0.0085426137851895,-0.0011202463370158,
7,114.423,-0.0074727322540937,0.0091587654139796,-0.0008748993620411,
7,114.474,-0.0078415099530966,0.0096215144956459,-0.0006472620074043,
7,114.525,-0.0082514250762682,0.0099487043818862,-0.0004492696418465,
7,114.576,-0.0084539601929841,0.0101626688732649,-0.0002861955478559,
7,114.627,-0.0083063878208008,0.0102868275751096,-0.0001586166476159,
7,114.678,-0.0079461284717174,0.0103434150973216,-6.405149924882774e-05,
7,114.729,-0.0074784028836966,0.010352119867968,1.7434828004924427e-06,
7,114.78,-0.0067784940182738,0.0103294156778872,4.380113572454488e-05,
7,114.831,-0.0055842328419174,0.0102883912087322,6.72561792309424e-05,
7,114.882,-0.003968023530095,0.0102389126380597,7.6896185723189e-05,
7,114.933,-0.0028135337892876,0.0101879868012658,7.69014818803871e-05,
7,114.984,-0.0026504137304475,0.010341057462549,7.072711628681837e-05,
7,115.035,-0.0029353804853688,0.0108134985510836,6.108542329009075e-05,
7,115.086,-0.0032840023857862,0.0112519818703495,4.999450511084276e-05,
7,115.137,-0.0034446099517516,0.0116334614388873,3.886509598873996e-05,
7,115.188,-0.0032708984176586,0.012148569645342,2.8605064608887347e-05,
7,115.239,-0.0034992266304351,0.0125071667029496,1.972683382478736e-05,
7,115.29,-0.0045695622242897,0.0125357440956861,-0.0001883856136464,
7,115.341,-0.0054914358160972,0.0125512008035097,-0.0007083924946216,
7,115.392,-0.0058423684658713,0.0127578345046715,-0.001185825741448,
7,115.443,-0.0062006029408413,0.0128696466082765,-0.0013967668011761,
7,115.494,-0.0065347422369571,0.0127108288254007,-0.0014198470611683,
7,115.545,-0.0066257518308798,0.0123912005309522,-0.0013205883911142,
7,115.596,-0.0069551860118594,0.0119941130150992,-0.0011508412527351,
7,115.647,-0.007812736891399,0.011579246323429,-0.0009495226021145,
7,115.698,-0.0087392725409771,0.0111863046077201,-0.0007441281377804,
7,115.75,-0.0094347862066447,0.0108389908775538,-0.0007534533481426,
7,115.8,-0.0097254268911541,0.0107496752961694,-0.0011005738813301,
7,115.851,-0.0095322198383783,0.0110338359098505,-0.0016364545701087,
7,115.902,-0.009245050942233,0.0113338647940887,-0.0022503477239136,
7,115.953,-0.009322356056288,0.0114191348033648,-0.0028649581296498,
7,116.004,-0.010028874261189,0.0113598188428008,-0.0036314884198256,
7,116.412,-0.0084708019128886,0.0086672025886943,-0.0038010227587241,
7,116.463,-0.0086021813464473,0.008702730264694,-0.0034040576994592,
7,116.514,-0.0081962323933501,0.0090305638193003,-0.0030768374630671,
7,116.565,-0.0072774446822888,0.0095195321942487,-0.0030214685662479,
7,116.616,-0.0061035564429403,0.0096708968002802,-0.0029440662637275,
7,116.667,-0.0050611952496271,0.009392745411355,-0.0026579171418781,
7,116.718,-0.0051910938913764,0.0086606344869059,-0.0020600416204251,
7,116.871,-0.0080642968865561,0.0080795194778053,-0.0008043960225425,
7,116.922,-0.0077369930071959,0.008427786298341,-0.0006624413986466,
7,116.973,-0.0069055367250309,0.0087774491294079,-0.000518182371181,
7,117.025,-0.0064200362526996,0.009099917668134,-0.0003840342380798,
7,117.075,-0.006597084316259,0.0093790400914561,-0.0002671473266177,
7,117.126,-0.0077873369853444,0.0094071058906941,-0.0001707208564928,
7,117.177,-0.0095317928686829,0.0090710678594701,-0.0002959966497293,
7,117.229,-0.0110898823437318,0.008528506375065,-0.0005533976923559,
7,117.534,-0.0109435897101463,0.0109258016483989,-0.0012753209434294,
7,117.585,-0.0109860227558713,0.0113560356617145,-0.0014204994270913,
7,117.637,-0.0109340266331683,0.0119246991795141,-0.0011986625781265,
7,117.687,-0.010423977935333,0.0123356283080409,-0.0007592608032243,
7,117.738,-0.0092594631804578,0.0124115492281242,-0.0004164557499867,
7,117.789,-0.0073670878041176,0.0122665131280924,-0.0001631418695656,
7,117.84,-0.0053607526202226,0.0119914171554328,1.2427128474998131e-05,
7,117.891,-0.0036433386458876,0.0116550064953605,0.0001240302611472,
7,117.942,-0.0026508578556521,0.0111054629436322,0.0001856433216361,
7,117.993,-0.0024038771517731,0.0102625393645588,0.0002102455819731,
7,118.044,-0.0022531975786698,0.0092991710232372,0.0002091345239559,
7,118.095,-0.002176385495705,0.0083359459626836,0.0001916214448008,
7,118.35,-0.0050849868546509,0.0080216762202567,5.2610113864262704e-05,
7,118.401,-0.0050081977484621,0.0083969100262579,3.30022442081235e-05,
7,118.452,-0.0049582903835852,0.0087663485727679,1.7775522306641932e-05,
7,118.503,-0.004929632896257,0.0091023920431575,6.581871545235626e-06,
7,118.554,-0.005318573517039,0.0095908556503106,-1.1259381164301092e-06,
7,118.605,-0.006345763691352,0.010338667829501,-5.978903190814592e-06,
7,118.656,-0.0074989447997458,0.0109919056171462,-8.611053811594083e-06,
7,118.707,-0.0082386240451628,0.0115320111201545,-9.607431894264826e-06,
7,118.759,-0.0084528485843841,0.0121570041690085,0.0001913589933995,
7,118.809,-0.0085136961963132,0.0125853984648095,0.00070654390017,
7,118.86,-0.0084712871806847,0.0126524557953248,0.0011810330704163,
7,118.911,-0.0081652275755716,0.0124823821598672,0.0013904709539591,
7,118.962,-0.0077146620871185,0.0121738868186367,0.0014130929167976,
7,119.013,-0.0072076130137878,0.0120022306580014,0.001314082900961,
7,119.064,-0.0069059047696578,0.0121329599056511,0.0011450178458944,
7,119.115,-0.0069609631056461,0.0122462889112664,0.0009446044648891,
7,119.166,-0.0070395775541228,0.0121385204778532,0.0007401856876062,
7,119.218,-0.0069261507251028,0.0116967746175943,0.0005496197113896,
7,119.268,-0.0068995035529199,0.0108754851397016,0.0001824134194589,
7,119.319,-0.0069306533067224,0.0100775854617959,-0.0004694161134865,
7,119.37,-0.0067955351846871,0.0095596185673885,-0.0012514254766412,
7,119.422,-0.0063638017556683,0.0092627970681928,-0.0020541043544651,
7,119.472,-0.005174015317503,0.009131652207053,-0.0026047240283349,
7,119.523,-0.0037944637355585,0.0091172996333032,-0.0027486183036362,
7,119.574,-0.0032073647642896,0.0091790049646458,-0.0026200990936648,
7,119.625,-0.0033765038424067,0.0092845331474944,-0.0023271914690296,
7,119.676,-0.0042179034845292,0.0096105233949067,-0.0019523833654192,
7,119.727,-0.0052220322713166,0.0102525530569157,-0.0015551578962955,
7,119.778,-0.0058481951920429,0.0108448649623003,-0.0011754655125519,
7,119.829,-0.0063824809435211,0.0111568741862674,-0.0008375200038623,
7,119.88,-0.0066140864512967,0.0112640460731685,-0.000553497250465,
7,119.931,-0.0060304608799903,0.0112312357301592,-0.0005277081258929,
7,119.982,-0.004970870265047,0.011111283337148,-0.0008704429216536,
7,120.033,-0.0040928066312631,0.0111459121030172,-0.0014219980277514,
7,120.084,-0.0036025371534704,0.0114777335398753,-0.0018623383741212,
7,120.135,-0.0034003650986624,0.0117726699328556,-0.0017943095874052,
7,120.186,-0.0036000396059725,0.0118194231289777,-0.0014057024632536,
7,120.237,-0.0040413984794635,0.0117032478039588,-0.0010435437407028,
7,120.288,-0.0046023061065238,0.0114919107874002,-0.0007274412052667,
7,120.339,-0.0051948268588706,0.0112365191078516,-0.0004662704873735,
7,120.39,-0.0053583561829634,0.0109733894002856,-0.0002613111231582,
7,120.441,-0.0052336143179471,0.0109272686726225,-0.0001088680924299,
7,120.492,-0.0051348438839653,0.0114256993370118,-2.352769412002461e-06,
7,120.543,-0.0054623321494376,0.0122333382132797,6.61500029450194e-05,
7,120.594,-0.0060368938212013,0.0127727405133481,0.0001047703025925,
7,120.645,-0.0061212589068039,0.0128959431627517,-7.971072561936491e-05,
7,120.696,-0.0056836246628594,0.0127423182306765,-0.0005932917895217,
7,120.747,-0.0047455283644209,0.0124234907261258,-0.001075850266834,
7,120.799,-0.0039634877924614,0.0120243228149301,-0.0014997467672983,
7,120.849,-0.0037460251387569,0.0116056950006927,-0.002052800900807,
7,120.9,-0.0035064576178781,0.0112082163694237,-0.0024434280719181,
7,120.951,-0.0036736257061191,0.0108562326338031,-0.0024976683721246,
7,121.002,-0.004690726078471,0.0105617031916209,-0.0021309754685424,
7,121.053,-0.0061712246341084,0.0103276827187304,-0.0013229404621786,
7,121.105,-0.0076291570968464,0.01035210309683,-0.0004975959247142,
7,121.155,-0.0087546623430848,0.0107411467943286,7.171366725317952e-05,
7,121.206,-0.0095765491495105,0.011131955335704,0.0004310802425108,
7,121.257,-0.0099368511341942,0.011291667103564,0.0006269303798873,
7,121.308,-0.0097713370219798,0.0114911680566564,0.0007021756787122,
7,121.359,-0.0090810526133288,0.0119009949182524,0.0006940261634616,
7,121.41,-0.0079088252487781,0.0122119581584005,0.0006330459347135,
7,121.461,-0.0065216721109516,0.0120328669978751,0.0005430813995117,
7,121.512,-0.0051081108121086,0.0113530320510885,0.0004417548973793,
7,121.563,-0.0039920025274708,0.010607491457491,0.0003412812890153,
7,121.614,-0.0033571606893939,0.0102813696146734,0.0002494260782067,
7,121.666,-0.0032828125255148,0.0104512747851517,0.0001704773370366,
7,121.716,-0.0037747441427129,0.0107248249172836,0.0001061484057389,
7,121.767,-0.0041886742871883,0.0108420390201268,5.63636777635555e-05,
7,121.818,-0.0045193256255242,0.0108495705554252,1.990627652447181e-05,
7,121.869,-0.0053725045735729,0.010786151973024,-5.074873947649186e-06,
7,121.92,-0.006693102244609,0.0106823240578064,-2.0688891030659685e-05,
7,121.971,-0.0080065577937454,0.0105609204107436,-2.9040954655358058e-05,
7,122.022,-0.0086074173333073,0.0106388309719706,-3.206460307230403e-05,
7,122.073,-0.0085021495433299,0.0110391468377534,-3.1427964054368e-05,
7,122.124,-0.008153296086163,0.0116140790819963,-2.8494937476856224e-05,
7,122.175,-0.0074754095370878,0.0122548155113915,-2.432473938589715e-05,
7,122.226,-0.0064401204263078,0.0126854493247352,-1.9696085892891275e-05,
7,122.277,-0.0054596126472205,0.0129467391969336,-1.514523708333229e-05,
7,122.328,-0.0049946738554194,0.0132792634075735,-0.0002118435295103,
7,122.379,-0.0050985798251139,0.0134299273939683,-0.0005218118133515,
7,122.43,-0.0055589681312151,0.0132510180305254,-0.0006786914993291,
7,122.481,-0.0062110023454492,0.0128751087008569,-0.0009256185449175,
7,122.532,-0.0067327351360454,0.0124030512377992,-0.0012104610985934,
7,122.583,-0.0071289863067389,0.0119072510319026,-0.0014967384331625,
7,122.634,-0.0078145947303288,0.0114360527284958,-0.0019617719728549,
7,122.685,-0.0086307055746926,0.0110184858842124,-0.0023032596696891,
7,122.736,-0.0092641196819847,0.0106688602490508,-0.0023372445055388,
7,122.787,-0.0095286429520346,0.0103908954506234,-0.0021712817890109,
7,122.838,-0.009133660134829,0.010181220314697,-0.0018904147618591,
7,122.889,-0.0083474324114418,0.0100321867884674,-0.001558416699084,
7,122.94,-0.00737343956086,0.0099340182310413,-0.0012202962218148,
7,122.991,-0.0061564338194167,0.0098763582196935,-0.000905411513192,
7,123.043,-0.0050821713270905,0.0098493104550228,-0.0006307248793841,
7,123.093,-0.004386590318156,0.0098440687424241,-0.0004038858710151,
7,123.144,-0.0039897556917567,0.009853233459782,-0.000426790429373,
7,123.195,-0.0036155679611253,0.0098709015296746,-0.000808862061539,
7,123.246,-0.0032859646478626,0.009892603900568,-0.0013905929118694,
7,123.298,-0.0032122674502205,0.0099151502500202,-0.0018528093999061,
7,123.348,-0.0035094500401174,0.0097355930044643,-0.0020004100614276,
7,123.399,-0.0042214569014601,0.0092400071069698,-0.0021352077621869,
7,123.45,-0.0047406466597116,0.0087823815341176,-0.0022509654983634,
7,123.501,-0.004692797250199,0.0085866981761866,-0.0021443790485981,
7,123.552,-0.004285120307035,0.0085747317823261,-0.00190375427174,
7,123.603,-0.0038802511776971,0.0086815538477891,-0.0017973276847143,
7,123.655,-0.0035097073829957,0.0086551460323365,-0.0019863525849962,
7,123.705,-0.0027892779491197,0.0083445788034472,-0.0021488470707497,
7,123.756,-0.002303990724434,0.0080775480940991,-0.0020804388340598,
7,123.807,-0.0028118317427913,0.0080607247555734,-0.0018694362516893,
7,123.859,-0.0037149868043898,0.0084065574318306,-0.0017847647900273,
7,123.909,-0.0043974562512995,0.0091580318203514,-0.001988751594248,
7,123.96,-0.0046827298506046,0.0099084629498635,-0.0021606491993858,
7,124.011,-0.0044895106105736,0.0103971065971445,-0.0020973235619201,
7,124.062,-0.0046074321895375,0.0106785980040567,-0.0018882243037312,
7,124.113,-0.0053170986738876,0.0108046188236833,-0.0016024305770487,
7,124.163,-0.005947604386425,0.0108208046542746,-0.0012904075345932,
7,124.215,-0.0062758558537037,0.0107652473819046,-0.0009866281714287,
7,124.266,-0.0061830528634018,0.0106681406681485,-0.000712539552662,
7,124.317,-0.0056268274790011,0.0105521870747783,-0.0004795116261917,
7,124.369,-0.0048180689402989,0.0104334609597966,-0.0002915379780151,
7,124.419,-0.0041131519038609,0.0103224943636919,-0.0001475605344895,
7,124.47,-0.0039331295120392,0.0102254186778134,-4.336633101077595e-05,
7,124.521,-0.0041042109298792,0.0101450503745211,2.694254916248964e-05,
7,124.572,-0.0042858960977986,0.0100818536408066,6.987086934447037e-05,
7,124.624,-0.004660620254203,0.0100347467320743,9.17900446740743e-05,
7,124.674,-0.0051290473739021,0.010001743318416,9.84741293952903e-05,
7,124.725,-0.0052182733496062,0.0099804364815009,9.485020965469703e-05,
7,124.776,-0.0052579639124665,0.0099683429140493,8.490635741792093e-05,
7,124.827,-0.0058651973487038,0.0099631298092829,7.170803083264872e-05,
7,124.878,-0.006586810459722,0.0099627482865974,5.7482709388991095e-05,
7,124.929,-0.0069221441601812,0.0099654961555488,-0.0001570921631054,
7,124.98,-0.0069827984493891,0.0099700303188131,-0.0006837576415368,
7,125.031,-0.0066615804510233,0.0099753458796489,-0.0011674403931235,
7,125.082,-0.0061212526276286,0.0099807355736133,-0.0013838665410274,
7,125.133,-0.0052829711301128,0.0099857398401971,-0.0012106673376772,
7,125.184,-0.0039192713291867,0.0099900949022768,-0.0008014950076992,
7,125.235,-0.0029306453846586,0.009993683738834,-0.0006755184912293,
7,125.286,-0.0028644943467436,0.0101973265074499,-0.0009421238306974,
7,125.337,-0.00319445449527,0.0107137485000617,-0.0014390948173093,
7,125.389,-0.0033502870100402,0.0111884523067616,-0.0018430541103945,
7,125.439,-0.003582757589281,0.011397431834781,-0.0021549087621548,
7,125.49,-0.0042473722538248,0.0114192006389429,-0.0025834732522844,
7,125.541,-0.0049349187394284,0.0113191527940105,-0.002851628051824,
7,125.592,-0.0055819395940883,0.011149014843595,-0.0027945283904745,
7,125.643,-0.0061509918476044,0.0109475922668436,-0.0025334132938636,
7,125.694,-0.0066243248811267,0.0105414525641991,-0.0021624288638185,
7,125.745,-0.007199077419943,0.0098358101708276,-0.001750782031499,
7,125.796,-0.0073910363418005,0.0091956016183228,-0.001346125320207,
7,125.847,-0.0069204019525747,0.0090504566411723,-0.0007776255527886,
7,125.898,-0.0058617863584804,0.0096361487593395,0.0002519529673517,
7,125.949,-0.0047119440258097,0.0106435136969892,0.0012937017918858,
7,126.0,-0.0039976314109581,0.0114387267214894,0.0018579014587003,
7,126.255,-0.004266654783084,0.0113820452794652,0.0010924624972458,
7,126.306,-0.0065831784031608,0.0109010265637643,-0.0005861125810126,
7,126.357,-0.0091467041212003,0.0101184745758782,-0.00221808580322,
7,126.408,-0.0112610408068727,0.0094062325263256,-0.0034882351384803,
7,126.765,-0.0079562400813371,0.0095666063333701,-0.0036034003661173,
7,126.816,-0.0067468078644949,0.0102437904290121,-0.0028071060949083,
7,126.867,-0.0056299758727524,0.0108593526167147,-0.0018700633321536,
7,126.918,-0.0042605848471736,0.0111851096015676,-0.0007171935416394,
7,126.969,-0.0030400562747039,0.0112988303873883,7.981591199505408e-05,
7,127.02,-0.0024147174627889,0.0114682595020223,0.0001828999510919,
7,127.071,-0.0022213401510864,0.0118606400672798,3.348641615604777e-05,
7,127.122,-0.0021197030252558,0.0123644895989775,-6.503026403012157e-05,
7,127.173,-0.0020850684709476,0.0128993539464094,-0.0001229899821308,
7,127.224,-0.0022970220882425,0.013210308533106,-0.0001502823253926,
7,127.275,-0.0024492647851046,0.0131518445361728,4.512004343613956e-05,
7,127.326,-0.0027518152640081,0.0128611499777327,0.0005684843152023,
7,127.377,-0.0035281282539124,0.0124448664918247,0.0010593101382272,
7,127.428,-0.004545925648647,0.0121823115034678,0.001289003983735,
7,127.479,-0.0056368362492415,0.0122402761303481,0.0013327683319574,
7,127.529,-0.0062853341800238,0.0122983163506306,0.0012537707695096,
7,127.581,-0.0061963266692356,0.0121509088253703,0.0011023858145397,
7,127.632,-0.0062439701576051,0.0118835788293825,0.0009167363716062,
7,127.683,-0.006576261263729,0.0115608119164889,0.0007240252091334,
7,127.736,-0.0064619164953455,0.0112284194352871,0.0003414325012275,
7,127.785,-0.0062711404886725,0.0109165558198894,-0.0003330396866723,
7,127.836,-0.0062475045425404,0.0106429115081265,-0.0009396928863017,
7,127.887,-0.0061321292330517,0.010214928344882,-0.0012532820659368,
7,127.938,-0.0059671852398441,0.0095215074355066,-0.0013537224810729,
7,127.989,-0.0057837008171466,0.0089143861774853,-0.0013093908819641,
7,128.04,-0.0058038990560672,0.0086122191419023,-0.0013766044953374,
7,128.091,-0.0059531068888282,0.0085299090900657,-0.0017107919556683,
7,128.142,-0.0059722351855792,0.00859521690435,-0.0019885234119931,
7,128.193,-0.0061072337851776,0.0087499532612818,-0.0020069019382098,
7,128.244,-0.0065065347324587,0.0089496142442976,-0.0018574676531598,
7,128.294,-0.007043269169361,0.0091620482473057,-0.001612410936996,
7,128.346,-0.0076250290505835,0.0093656086873688,-0.0013257128820233,
7,128.397,-0.0081889312843117,0.0095471253392603,-0.001035339537737,
7,128.448,-0.0084952466139017,0.0096999223125995,-0.0007659357370903,
7,128.499,-0.0088125844710127,0.0098220251660361,-0.0005316229255602,
7,128.55,-0.009312332449978,0.0099146333534958,-0.0003386389332734,
7,128.601,-0.0092864219888193,0.0099808855552347,-0.000187664315035,
7,128.652,-0.0087246275000055,0.0098240783806047,-7.57607872513702e-05,
7,128.703,-0.00806510751784,0.0093359749394649,2.094838749976588e-06,
7,128.755,-0.007596726319443,0.0088754388232546,5.185937858271933e-05,
7,128.805,-0.0074893926129638,0.0086704131696397,7.960989931313744e-05,
7,128.856,-0.0076222397589961,0.0086457299648065,9.101239962374625e-05,
7,128.907,-0.007898455193007,0.0087386925541803,9.101406956557795e-05,
7,128.958,-0.0080435971012367,0.00889963944795,8.370366526305197e-05,
7,129.009,-0.0078921813944591,0.0090912587586919,7.229092098563533e-05,
7,129.06,-0.0075627317531395,0.0092871564285675,5.9163959917344426e-05,
7,129.111,-0.0071455656044014,0.0094700608925849,4.599211750518883e-05,
7,129.162,-0.006705654739782,0.0098307724508261,3.384963007938554e-05,end
8,130.335,-0.0079866876328146,0.0111233337359615,-0.002196182628515,start
8,130.386,-0.0081010551049842,0.0113320057328008,-0.0014623576347701,
8,130.437,-0.0077244527102891,0.0113588332066613,-0.0008742415945079,
8,130.489,-0.0076657207775269,0.0112668792721633,-0.0004268216133937,
8,130.539,-0.0078155736939323,0.0111061316766483,-0.0001055800623784,
8,130.59,-0.0078863309649205,0.0109141765717285,0.0001089303124093,
8,130.641,-0.0081015096011506,0.0107176269008292,0.0002377561220682,
8,130.692,-0.0081911934016127,0.0105339200135409,0.0003012789807759,
8,130.743,-0.0079923526302952,0.0103732076755709,0.000317816680279,
8,130.794,-0.0076244397486971,0.0102401535057095,0.0003028918450015,
8,130.845,-0.0067759806134315,0.0101355266466372,0.0002689874283426,
8,130.896,-0.0052858147479034,0.0100575367248966,0.0002256340871492,
8,130.947,-0.0039054667785388,0.0102037292999595,0.000179703387671,
8,130.998,-0.0029072724729251,0.010682791164084,0.0003366431232478,
8,131.049,-0.0024351950675496,0.0111360209048979,0.0008119202676911,
8,131.1,-0.0027401344690512,0.0113354400037757,0.0012523492847454,
8,131.151,-0.0031172506455546,0.0113560572304194,0.0014342135582399,
8,131.202,-0.0033095288039438,0.0112603433480998,0.001234803493372,
8,131.253,-0.0037694817562283,0.0110977093576754,0.0006060481904512,
8,131.304,-0.0045649923917868,0.0109052210045225,-4.672459521438022e-05,
8,131.355,-0.0055118073400034,0.0107090487657688,-0.000461627876797,
8,131.406,-0.0064796006189513,0.0105262730564568,-0.0006906425689678,
8,131.457,-0.0075839358533749,0.0103667722374523,-0.0007820397852822,
8,131.508,-0.0084862937524366,0.0102350120581681,-0.0007778335669652,
8,131.559,-0.0083832890200164,0.0101316281322246,-0.0007126498388844,
8,131.61,-0.0074429344887317,0.0100547485487184,-0.000613594525689,
8,131.661,-0.0066435872782263,0.0100010435691193,-0.00070160673119,
8,131.712,-0.0066013906256718,0.0099665159643317,-0.001103358307981,
8,131.763,-0.0070481834511956,0.0101478951760533,-0.0016740530179672,
8,131.814,-0.0075718643603508,0.0106540093922035,-0.0023072537843275,
8,131.865,-0.007901954804009,0.0111269013399821,-0.0027288420405738,
8,131.916,-0.0076797010853863,0.0113396634317623,-0.0027800109880731,
8,131.967,-0.0069202213438219,0.0113684989248335,-0.0025895003634685,
8,132.018,-0.0060780361589551,0.0112770563559387,-0.0022592925516493,
8,132.069,-0.0056521306738667,0.0111158191651645,-0.0020668501263774,
8,132.12,-0.0055274212767047,0.0109227718280791,-0.001978223309966,
8,132.172,-0.0052042354801568,0.0107248311656988,-0.0015616311816985,
8,132.222,-0.0045788855179415,0.0105396534203448,-0.0009681642842553,
8,132.272,-0.0038099786309166,0.010377537160873,-0.000308933732164,
8,132.324,-0.0034124375530382,0.010243234781253,0.0003395161683089,
8,132.374,-0.0036866756704974,0.0101375598513996,0.000527292344396,
8,132.426,-0.0041688962550211,0.0100587344134735,0.0002036963528089,
8,132.477,-0.0047457682655593,0.0100034612588336,-0.000421873378659,
8,132.528,-0.0053370029878656,0.0101685673368283,-0.0009900265945988,
8,132.579,-0.0054882860139215,0.0106625840873862,-0.0012748802694236,
8,132.631,-0.0051444185980104,0.0111270284720488,-0.0013551560658881,
8,132.68,-0.0047114434002933,0.0113343624932726,-0.0012977766927483,
8,132.732,-0.0044569348420082,0.0113601425276859,-0.0011567214485675,
8,132.786,-0.0047389990023599,0.0112674116339963,-0.0011741656675731,
8,132.834,-0.0055433693661517,0.0111061229680394,-0.0012918624065653,
8,132.885,-0.0060156027936702,0.0109138215463523,-0.0010627339556214,
8,132.938,-0.0060360498843961,0.0107170782850793,-0.0008304089730828,
8,132.987,-0.0057651005275554,0.0105332913105097,-0.0010163646715898,
8,133.038,-0.0053290299108148,0.0103725781143298,-0.0012548132074956,
8,133.089,-0.0052237568937867,0.0104404076245306,-0.0013069390533026,
8,133.14,-0.0055399320277024,0.0108501980272249,-0.0014362127612151,
8,133.19,-0.0059001704826081,0.0112455520367853,-0.0018054140202535,
8,133.242,-0.005858062502598,0.0113990534313581,-0.0020980003121787,
8,133.293,-0.0053604580419033,0.011385110980838,-0.0023179450072683,
8,133.344,-0.0048115281575459,0.011264898208052,-0.0026744656392811,
8,133.395,-0.0046754453832119,0.0108853522532341,-0.0030899389217655,
8,133.446,-0.0050159083939319,0.0101691391482446,-0.0035098451700453,
8,133.497,-0.0058354878600717,0.0094953735827589,-0.0036980283293665,
8,133.548,-0.0070973434013362,0.0091037913882877,-0.0035216444688117,
8,133.599,-0.008139816847846,0.0089246450862708,-0.0031256145155391,
8,133.65,-0.0083553427822672,0.0088961363133098,-0.0026205286601773,
8,133.701,-0.0078223570577573,0.0089665293597345,-0.0022869085854167,
8,133.751,-0.0070529624737634,0.0090946983230009,-0.0022908928640949,
8,133.803,-0.006595422146187,0.0092496257028233,-0.002310246487563,
8,133.854,-0.0063746458242502,0.0094092687814403,-0.0021370688647287,
8,133.905,-0.0057209532208862,0.0095591115995017,-0.0018543229889817,
8,133.956,-0.0048421224846586,0.0096906316130132,-0.0015240193008447,
8,134.007,-0.0044919995433487,0.0097998348096036,-0.0011897487754487,
8,134.058,-0.0045090907475834,0.0098859524104655,-0.0008797872215111,
8,134.108,-0.0047603223132492,0.0099503459039614,-0.0006103165486012,
8,134.16,-0.0053423715139842,0.009995633655506,-0.0003884622766472,
8,134.211,-0.0062906667419306,0.0098241961325427,-0.0002149691784656,
8,134.261,-0.007397674583834,0.0093267000355762,-8.642989471989665e-05,
8,134.313,-0.008115875920838,0.0088608850102466,-0.0001978814703454,
8,134.364,-0.008527020007919,0.0086536428783367,-0.0008559655730889,
8,134.415,-0.0085073701718463,0.0086288853473033,-0.001811767113422,
8,134.466,-0.0080121748742956,0.0087231534538987,-0.0024800600320103,
8,134.517,-0.0078542694832816,0.0088861859528725,-0.0029102725698858,
8,134.568,-0.0079253705793653,0.0090802236355587,-0.003354065082378,
8,134.619,-0.0077359662296715,0.0092785588216483,-0.0035700820877833,
8,134.67,-0.0075955354744753,0.0096645509216115,-0.0034218278717937,
8,134.721,-0.0076986289538488,0.010340722645763,-0.0030518575221571,
8,134.772,-0.0079496252194837,0.0109478486468773,-0.0025694101883125,
8,134.823,-0.0080744821098962,0.0112610858779875,-0.0020535822323344,
8,134.874,-0.0079075754760647,0.011360673663155,-0.0015577838086421,
8,134.925,-0.0077677877006216,0.011315236815981,-0.0011146605602447,
8,134.977,-0.0076566222826987,0.011180438297046,-0.0007409182412903,
8,135.027,-0.0073719105050572,0.0109991563642169,-0.0004416975026197,
8,135.077,-0.006797932729887,0.0108026252277014,-0.0002143087319988,
8,135.129,-0.0058837097285898,0.010612102017585,-5.1256431790868914e-05,
8,135.18,-0.0052263799384525,0.0104407373894142,0.0002582686740021,
8,135.232,-0.0051882818935798,0.0102954264611305,0.0008377027711791,
8,135.282,-0.0055503896287963,0.0101784984433143,0.0013428618122976,
8,135.333,-0.0059392469328907,0.010089167081287,0.0015589696015683,
8,135.384,-0.0059123545492811,0.0100247111744948,0.0015723332389562,
8,135.435,-0.0056209808222995,0.0099813871453332,0.001454593055442,
8,135.486,-0.0055850559505419,0.0099550964476534,0.0012622277113356,
8,135.537,-0.0059166832199489,0.0099418421260875,0.0010374547798159,
8,135.588,-0.0062565661980358,0.0099380134699341,0.0006091203244323,
8,135.639,-0.0063736063555482,0.009940537547995,-0.0001161926932077,
8,135.69,-0.0063383236862641,0.0099469331939853,-0.0007728728069522,
8,135.74,-0.0062081829167141,0.0099552980916362,-0.0011319480594474,
8,135.791,-0.0060276594172599,0.0101650876463207,-0.0012713082182033,
8,135.843,-0.0058293249542201,0.0106880417489655,-0.0012585584796014,
8,135.893,-0.0058363339520333,0.0111690000468007,-0.0011492770550202,
8,135.945,-0.0061753108928755,0.011584387225363,-0.0011876974960039,
8,135.996,-0.0064991311376399,0.0121251844311387,-0.0015185939642381,
8,136.047,-0.006385549699368,0.0125021357831945,-0.0018096546678104,
8,136.098,-0.0060005644091162,0.0125428888821077,-0.0018509510727602,
8,136.149,-0.0056732746978884,0.0123647468767421,-0.0017287432774481,
8,136.2,-0.0054092804506707,0.0120605269236384,-0.0013106555314893,
8,136.251,-0.0052070884185429,0.0116998857269583,-0.0005355575046208,
8,136.302,-0.0048599424624578,0.0115328638905351,0.0002054096512826,
8,136.353,-0.0044477175208559,0.0117042712266449,0.0006641288079029,
8,136.404,-0.0044285368398694,0.0118781272326743,0.0009049772780145,
8,136.454,-0.0046629765504654,0.0118387535863822,0.0007859122011105,
8,136.506,-0.0048404090800008,0.0116657877959426,0.0002447472714799,
8,136.557,-0.0051678598525101,0.0114210374191795,-0.0003228247398194,
8,136.608,-0.0057660534572553,0.0111499095327231,-0.0006609042931729,
8,136.659,-0.0062889997748617,0.0108836450316882,-0.0008246394046109,
8,136.71,-0.0065208423852172,0.0106418896196178,-0.0008634050316799,
8,136.761,-0.0063465268099625,0.010435274198722,-0.0008189071106996,
8,136.812,-0.0057248907757152,0.0102677939973297,-0.0009254163128113,
8,136.862,-0.0048663032519833,0.0101388674935955,-0.0015218852238922,
8,136.914,-0.0039247198344572,0.0100450245755737,-0.002384674135151,
8,136.965,-0.0034072148400115,0.0101820549513642,-0.003148123312059,
8,137.016,-0.0036049334736887,0.0108578154560003,-0.0037865302819128,
8,137.271,-0.0041020761060743,0.0131163440625353,-0.0040402607941065,
8,137.322,-0.0035017030456407,0.0132305419338009,-0.0038806915956611,
8,137.373,-0.0024336816191873,0.0130442622956719,-0.0038682695642653,
8,137.423,-0.0011515310528687,0.0128810690886618,-0.0039512184995678,
8,137.73,-0.0014831695744715,0.0122143675471248,-0.0035112652011342,
8,137.781,-0.0022937937646641,0.0122931271503886,-0.0034445405863594,
8,137.832,-0.0032319214079385,0.0123602585553349,-0.0031250347808607,
8,137.883,-0.0041764605453315,0.012615372954862,-0.0026690743774663,
8,137.934,-0.005450900916479,0.0127697226584644,-0.002162227485693,
8,137.985,-0.0068345437438479,0.0126462136676229,-0.0016634612319818,
8,138.036,-0.0079762372599826,0.0123544214805912,-0.0012099451279378,
8,138.088,-0.0088710400202379,0.0119781412834975,-0.0010227164514494,
8,138.138,-0.0093347827550674,0.0115779024622143,-0.0012221460096473,
8,138.189,-0.0088823094531832,0.0111944503107007,-0.0014527048988355,
8,138.24,-0.0078785683338789,0.0108525683546036,-0.0014838733828682,
8,138.29,-0.0074052393738823,0.0105648120684906,-0.0013846586516449,
8,138.342,-0.0075109488778472,0.0103348858228201,-0.0014106263632885,
8,138.394,-0.0077786999251791,0.0101605197339116,-0.0017156276066614,
8,138.444,-0.0079280335412817,0.0100357946686194,-0.0019742519732636,
8,138.495,-0.0077885898136774,0.0099529265464994,-0.0021823562678256,
8,138.546,-0.0076759739456011,0.0099035605224218,-0.0025421753536311,
8,138.597,-0.0075896109890836,0.0100804805197261,-0.0027695577855559,
8,138.648,-0.0075270232130805,0.0105891504646008,-0.002692901692164,
8,138.699,-0.0074847115784093,0.0112697255307824,-0.0024274080723168,
8,138.751,-0.0070571358069898,0.0120058792595222,-0.0020621312361239,
8,138.8,-0.0066176525866457,0.0125177070155517,-0.0016622022335889,
8,138.852,-0.0064066713699556,0.0128445460682363,-0.0010713430366619,
8,138.903,-0.0061583554607241,0.0130264862188045,-0.0004054962308954,
8,138.953,-0.0059060429657302,0.0126992120421344,-0.0001467130973885,
8,139.005,-0.0056714363906041,0.0120716435412085,-0.000169789821261,
8,139.056,-0.0054670322928662,0.0115027292196758,-0.0003717839650542,
8,139.107,-0.0052984190893249,0.0110171357034868,-0.0008731338380144,
8,139.158,-0.005166305713248,0.010623989522362,-0.0015262007972053,
8,139.209,-0.0048673810269226,0.0103217173756728,-0.0022241086130825,
8,139.26,-0.0044854853052106,0.0101020099988258,-0.0026938761745357,
8,139.311,-0.0044827222991695,0.0099529055183719,-0.0027787539226116,
8,139.361,-0.0049241722609357,0.0098610603932638,-0.0026099634735237,
8,139.413,-0.0056150556889882,0.0098133168806664,-0.0022920420571997,
8,139.464,-0.0066112462521373,0.0095968597511087,-0.0019040149937657,
8,139.515,-0.0075223849233131,0.0090887529788276,-0.0015021971231862,
8,139.566,-0.0079041131974212,0.0086352478914675,-0.0011238139179732,
8,139.617,-0.0081164714008479,0.0086548606238151,-0.0007908574043715,
8,139.668,-0.0080023107235803,0.0091771662944629,-0.0005137829188221,
8,139.719,-0.0074870739267908,0.0097790825757386,-0.0002948068106411,
8,139.77,-0.0069568307552782,0.0101828695700804,-0.0001306832950656,
8,139.821,-0.006660393147704,0.0104271484342432,-1.4924184368197177e-05,
8,139.872,-0.0067385546131698,0.0105495027468686,6.0517010723472014e-05,
8,139.923,-0.0068498531335067,0.0105838314152833,0.0003048734518736,
8,139.974,-0.0069734631594691,0.0105589469606065,0.0006379339469425,
8,140.025,-0.0070950391671451,0.0104980851327623,0.0005994617094299,
8,140.076,-0.0072055440324406,0.0102182047470099,0.0003257969904777,
8,140.127,-0.0077017384764012,0.0096195065770431,0.0001241093018277,
8,140.178,-0.0082046008515733,0.0090652632832925,-1.5213537409353568e-05,
8,140.229,-0.0086713430390473,0.0085840554754971,-0.0001033462985073,
8,140.28,-0.0092782581283273,0.0081883461782171,-0.0001515682144202,
8,140.331,-0.0095246504220724,0.0080800938356975,3.051424071548556e-05,
8,140.535,-0.0055076837280343,0.0081823886598338,0.000594825593706,
8,140.586,-0.004713599566842,0.0084753553063077,4.572624338762966e-05,
8,140.637,-0.004829820974028,0.0087857299025792,-0.0003101128169328,
8,140.688,-0.0049180308226417,0.0090823356483126,-0.0005134183092959,
8,140.739,-0.0047803555568954,0.0093462833540962,-0.0008033975847888,
8,140.791,-0.0047097021120366,0.0095680819426677,-0.0013265038408603,
8,140.841,-0.0048885427065754,0.0097450302815437,-0.0017562698521681,
8,140.892,-0.0050121961472245,0.0098789989710928,-0.0018908137066433,
8,140.943,-0.004688854401554,0.0099746404277755,-0.0018252080031098,
8,140.994,-0.0041048067675549,0.0100380174453591,-0.0016365064060145,
8,141.045,-0.0031996399240156,0.010075610320052,-0.0013840161208828,
8,141.096,-0.0021612379679994,0.0100936465292642,-0.0013117319370014,
8,141.148,-0.0015224712032982,0.010097691129859,-0.0013608300520817,
8,141.198,-0.001392159084634,0.010092437273978,-0.0010821653584351,
8,141.249,-0.0013975799032623,0.0098808082435256,-0.000615675582943,
8,141.3,-0.0018912850881438,0.0093529874145331,-0.0002670322967381,
8,141.351,-0.0034618257780639,0.0088656118195122,0.0001788558956762,
8,141.402,-0.005395995948497,0.0086441620621156,0.0008521261716224,
8,141.454,-0.0072071682035132,0.0086110540754163,0.0012154748529828,
8,141.504,-0.0089947914739521,0.008701399052234,0.000949198474114,
8,141.555,-0.0106237056003873,0.0088636630522959,0.0005013356535415,
8,141.81,-0.0113984783352528,0.009750228380923,0.0001826764465299,
8,141.86,-0.0102381954189408,0.0098581245448101,-7.613893479546094e-05,
8,141.912,-0.0090732438120007,0.0099387212619943,-0.0002360140734367,
8,141.963,-0.008601383496019,0.0099953348237095,-0.000319590411841,
8,142.014,-0.0088127781740345,0.0098311851327118,-0.0003475184207345,
8,142.065,-0.0090437301156636,0.0093378016474042,-0.0003375127342576,
8,142.116,-0.0086661710023791,0.0088737324209727,-0.0005048156609898,
8,142.166,-0.0079286730188776,0.0086665778828865,-0.0009732293718064,
8,142.217,-0.0072204071094199,0.0088416710722291,-0.0013962979963207,
8,142.268,-0.0065877866883161,0.0094486872430016,-0.0015554642569702,
8,142.32,-0.0060545022062367,0.0100831205159506,-0.0015325899538653,
8,142.371,-0.0056277675702484,0.0104833379125204,-0.001394801227173,
8,142.422,-0.0051028162570622,0.0107011897474151,-0.001194381003643,
8,142.473,-0.0047578783390387,0.0107845803566846,-0.0009698924237477,
8,142.524,-0.0047569360017345,0.0107750349957279,-0.0007480015113392,
8,142.575,-0.0043741904935015,0.01070665181922,-0.0005456018822057,
8,142.626,-0.0037773222061977,0.0106060263765414,-0.0003719624805473,
8,142.677,-0.0036935754081604,0.0104928058970652,-0.0002307175493342,
8,142.728,-0.004146481192356,0.0103806029644816,-0.0001215955559165,
8,142.778,-0.0049071864458486,0.0102780662872126,-4.18418056003017e-05,
8,142.83,-0.0058041892756181,0.0101899662039501,1.266968194180909e-05,
8,142.881,-0.0065157137669547,0.0101182024371716,4.661290890266898e-05,
8,142.932,-0.0068502885591491,0.0100626810239462,-0.0001361957822794,
8,142.983,-0.0071170621862298,0.0100220368965075,-0.0008450003057304,
8,143.034,-0.0071180869270383,0.0099941994226679,-0.0018342123437868,
8,143.086,-0.0067477572342798,0.0099768117964654,-0.0025221300334108,
8,143.136,-0.0065706759820688,0.0099675230043307,-0.0027607156638623,
8,143.187,-0.0065317604645209,0.0099641746127142,-0.002691955077326,
8,143.238,-0.0061829166603821,0.0099649050939983,-0.0026324349534338,
8,143.289,-0.0054624900478817,0.0099681928846001,-0.0027844563277392,
8,143.34,-0.0049632899050914,0.0099728566898638,-0.0028591041082994,
8,143.391,-0.0050477434860222,0.0101788620002654,-0.0026772978452018,
8,143.442,-0.0054997398317985,0.0106982825304762,-0.0025464531689799,
8,143.493,-0.0059503162080847,0.011176151888761,-0.0026596376463835,
8,143.544,-0.0059621182131518,0.0113881497833235,-0.00271940444021,
8,143.594,-0.0056915635044488,0.0114126000808406,-0.0025392767913967,
8,143.645,-0.0054624871352106,0.011314802261481,-0.0022197627505022,
8,143.697,-0.0054792491162884,0.0111464568617681,-0.0020373543574491,
8,143.748,-0.0058531670091228,0.0109463894317034,-0.0021583660359161,
8,143.799,-0.0062252756207153,0.0107420491380241,-0.0022634217011832,
8,143.85,-0.0063654974182537,0.0105513837999636,-0.0021489708118806,
8,143.901,-0.0061449000928209,0.0105856393781029,-0.0021037669480292,
8,143.952,-0.0055097785591845,0.0109622301182369,-0.0023074398089894,
8,144.005,-0.0046598227988055,0.0113272915473964,-0.0024535347384636,
8,144.054,-0.0039411963213162,0.0114547983310467,-0.0025509656615181,
8,144.105,-0.0037661951456906,0.0114197060160352,-0.0026093588858276,
8,144.156,-0.0041547409995214,0.0112831496061735,-0.0024371906364814,
8,144.207,-0.0046726717181361,0.0110924890922197,-0.0023318159585921,
8,144.258,-0.0050311427953035,0.0108824452470927,-0.0022777445531982,end
9,146.298,-0.0049468643980084,0.0101226716855857,-0.0013312892796003,start
9,146.349,-0.004434809682168,0.0100451792108762,-0.0007732335073167,
9,146.4,-0.0043526399533018,0.0099918498906016,-0.000353207054665,
9,146.451,-0.0047536122564739,0.0099583017755257,-5.544809763726084e-05,
9,146.502,-0.0050305696403269,0.0099401354030648,0.0003408080607238,
9,146.554,-0.0050049072637479,0.0099332935024845,0.0007684029215126,
9,146.604,-0.0051888880972138,0.0101350978585667,0.0007800794204095,
9,146.654,-0.0056933777641861,0.0104545061696466,0.0005240680246172,
9,146.706,-0.0063628988628683,0.0106228471270013,0.0003177745232899,
9,146.757,-0.0070844781761941,0.0110824447040343,0.0001599399412495,
9,146.808,-0.0077814781410179,0.0118927527531016,4.5863960065564366e-05,
9,146.859,-0.0084067216825082,0.0124612273404606,-3.098325662711237e-05,
9,146.91,-0.0087348824974444,0.0126281004777496,-7.778034497155515e-05,
9,146.961,-0.0086453128986917,0.0125240004104738,-0.0001015453651507,
9,147.011,-0.008295026692607,0.0122544739805036,-0.000108629606636,
9,147.063,-0.0078056691931284,0.0119005030896732,-0.0003052801590459,
9,147.114,-0.0074672635435885,0.0115208093211882,-0.0008085453924436,
9,147.166,-0.0074536900482964,0.0111551202605759,-0.0012671957288095,
9,147.216,-0.0074487049049713,0.0108277902092464,-0.001459553607216,
9,147.266,-0.0068471274212864,0.0105513573238426,-0.0014656716337723,
9,147.318,-0.0061120849802407,0.0101289405692121,-0.0013518529626415,
9,147.369,-0.0063546613659203,0.0094459973802942,-0.001170256153901,
9,147.42,-0.0070039144331888,0.008851662008574,-0.0011606116883807,
9,147.47,-0.0070584988463433,0.0085627340704915,-0.0014628575516064,
9,147.522,-0.0067273066486534,0.0084928902413157,-0.0017400206445907,
9,147.572,-0.0063761354998067,0.0085691671389662,-0.0017779977377907,
9,147.623,-0.0060403616141384,0.0087330312022303,-0.0016595216907638,
9,147.675,-0.0057414366656626,0.0089399056613333,-0.0014502217726708,
9,147.726,-0.0050884912045128,0.0091577459624078,-0.0011994856122476,
9,147.777,-0.0042609475126146,0.0093651193574925,-0.0007414831023123,
9,147.828,-0.0041912390493913,0.0095491207635147,-0.0001873429276752,
9,147.879,-0.0048140029535143,0.0097033510383984,-1.7728024004959916e-05,
9,147.931,-0.0056300226392683,0.0098260977005705,-0.0001083547467533,
9,147.981,-0.0065044335311834,0.0099187916349535,-0.0001577738228184,
9,148.032,-0.0071452156029544,0.0101855984371092,-0.0001767943058217,
9,148.083,-0.0075846832292137,0.0107434729362778,-0.0001747906231564,
9,148.134,-0.008060567225886,0.0112423745049393,-0.0001594640222691,
9,148.185,-0.0083207438530056,0.0114625415479383,-0.0001368239862026,
9,148.236,-0.0082208416819952,0.0114862549933549,8.95214359239026e-05,
9,148.287,-0.0076971942516245,0.0113820676386327,0.0006291641649272,
9,148.338,-0.0071446772141441,0.011204220639951,0.0011255555791207,
9,148.389,-0.0072205311832438,0.0109934189804792,0.001353497199459,
9,148.44,-0.0074924645962787,0.0107784162257782,0.0011901231364207,
9,148.491,-0.0070649738871219,0.0103771573522284,0.0005880689064674,
9,148.542,-0.0060224145945501,0.0096878436893136,-4.61347668513027e-05,
9,148.593,-0.0054724671401429,0.0090699942529598,-0.0004491761026244,
9,148.644,-0.0058851371958062,0.0087484461482447,-0.0006715834117365,
9,148.695,-0.006681198602131,0.0086427624308386,-0.0007602740608517,
9,148.746,-0.0072575309606573,0.0088848472648105,-0.0007560804975007,
9,148.797,-0.0072449736713667,0.0095313601368659,-0.0006926523850866,
9,148.848,-0.00705657352687,0.010184483280132,-0.0005963295033992,
9,148.898,-0.0073730320995539,0.0105885446319851,-0.0004866474614249,
9,148.95,-0.0081886940298409,0.0108004101734857,-0.0001763749839905,
9,149.001,-0.0090581621987969,0.0108719907439268,0.0004384548710326,end
10,149.816,-0.0088731355862814,0.0105120322575699,-0.0020550850479149,start
10,149.868,-0.0086682003344263,0.0104627202464776,-0.0016378379913118,
10,149.919,-0.0082420855623307,0.0103939219928629,-0.0012386627533515,
10,149.971,-0.007507514584061,0.0103181530095457,-0.0008831450329858,
10,150.021,-0.006433291717854,0.0102440001227739,-0.0005841870980479,
10,150.072,-0.0058300295999183,0.0101768406801379,-0.0001446865388269,
10,150.123,-0.0063806156394018,0.0101195616442048,0.0003496446470546,
10,150.174,-0.0070244925195828,0.0102740545012207,0.00043776289273,
10,150.225,-0.0070739757979532,0.0107527902970409,5.74433450201333e-05,
10,150.276,-0.0071399359737999,0.0114010212963829,-0.0005927571159303,
10,150.327,-0.0076128321351727,0.0119050500090356,-0.0011629796058486,
10,150.378,-0.0085095615864647,0.0120752703361223,-0.0014352664985208,
10,150.429,-0.0094052461329544,0.0122185614091305,-0.0014945981888416,
10,150.48,-0.0102283070874325,0.0123330702956115,-0.0016134180681341,
10,150.531,-0.0105370041420688,0.0124199207871843,-0.0019616792322734,
10,150.582,-0.0098885134483065,0.0128837228352402,-0.0026299495479003,
10,150.99,-0.0009218941750283,0.0101689998694325,-0.0026808794749564,
10,151.041,-0.0011008730795337,0.009944418703096,-0.0018615013794077,
10,151.194,-0.0010038672682059,0.0097052653668414,-6.568819783497811e-05,
10,151.245,-0.0022976474904995,0.0097124299290338,0.0007212611471168,
10,151.296,-0.0035453384149448,0.0097401264314576,0.001368864570378,
10,151.346,-0.0044624049098977,0.009778766169396,0.0016742403916386,
10,151.398,-0.0048929201361749,0.0098213203043336,0.0017355961169792,
10,151.448,-0.0047759665236198,0.0098629664228145,0.0016355202606385,
10,151.5,-0.0045181218735032,0.0099006846066571,0.0014399494511237,
10,151.551,-0.0047931310601425,0.0097320199156378,0.0009980100311164,
10,151.602,-0.0057894617457142,0.0094445406689871,0.0002327305919156,
10,151.653,-0.0067667070792512,0.0095056210388333,-0.0004776122633233,
10,151.704,-0.0070507055248627,0.009986177512881,-0.0008948234993499,
10,151.755,-0.0064656071229538,0.0106971608661665,-0.001090518297459,
10,151.806,-0.0057717824128372,0.0112979794428425,-0.0011284223467267,
10,151.858,-0.0056664642258137,0.0115790441785054,-0.0010620820930227,
10,151.908,-0.0057462125214928,0.0116324553931007,-0.0009342139375409,
10,151.959,-0.0057374133781532,0.0115355699640233,-0.0007771568592629,
10,152.009,-0.0060741983755414,0.0113500746933215,-0.0006139963593252,
10,152.061,-0.0070072364995216,0.0113234844973767,-0.0004600286683822,
10,152.112,-0.0078460609891119,0.011601778053677,-0.0003243255573162,
10,152.163,-0.0083562420882637,0.0116515856772228,-0.0002112379633972,
10,152.214,-0.0086146626294123,0.0111491849662415,-0.0001217395841423,
10,152.265,-0.0082891890213904,0.0105338178347787,-5.455989866562228e-05,
10,152.317,-0.0078162140801829,0.0100962677436626,-7.09111849873943e-06,
10,152.367,-0.0076883019579434,0.0098079107985961,2.3922710771284533e-05,
10,152.417,-0.0073903047177355,0.009638403818979,4.1891683691842665e-05,
10,152.469,-0.0066054949642824,0.0095587385300504,5.0050808121023e-05,
10,152.521,-0.0053706800857797,0.0095430931361078,5.126292041776605e-05,
10,152.571,-0.004147284338271,0.0095697638489445,4.792218262102444e-05,
10,152.622,-0.0036319928510226,0.0096214315112458,4.192984044798548e-05,
10,152.673,-0.0036122402694395,0.0096849803633336,3.471827332367597e-05,
10,152.724,-0.0039118891204392,0.0097510441354542,2.730408455702436e-05,
10,152.775,-0.0043923147418216,0.0100142473795038,2.0355551541863824e-05,
10,152.825,-0.0047492539137694,0.0103827422992152,1.426386727384128e-05,
10,152.877,-0.0053999880132296,0.0105883300686905,-0.0001916225652862,
10,152.928,-0.0063877058737473,0.0108737551651236,-0.000709941752642,
10,152.979,-0.007110534680967,0.0111874548677842,-0.0011861681373091,
10,153.03,-0.0074045754900945,0.0112932542937709,-0.0013963076682901,
10,153.081,-0.0071991574852607,0.0112572173233559,-0.0016197444059641,
10,153.132,-0.0070915800527189,0.0111331083365589,-0.0020345935365118,
10,153.182,-0.007457062200602,0.0111633179868441,-0.0023380453770191,
10,153.233,-0.0074940804247247,0.011490906942214,-0.0025456750572475,
10,153.285,-0.0071166303483946,0.0119829042173046,-0.002876003092163,
10,153.337,-0.0065036822615538,0.0127416548322307,-0.0030576538552068,end
11,154.713,-0.0072148918242808,0.011421678013707,-0.0025919898166525,start
11,154.764,-0.006306246586725,0.0107124040982328,-0.0027854678675387,
11,154.815,-0.0060202175664814,0.0099994466382602,-0.0026857890352503,
11,154.866,-0.0061564821163325,0.0095422347282016,-0.0026069347863994,
11,154.916,-0.0061509713825192,0.0094866086912939,-0.0027486047066314,
11,154.969,-0.0056533082375116,0.0098938426595723,-0.0030203273066938,
11,155.021,-0.0052816487013862,0.0103643844338195,-0.0031527973201153,
11,155.07,-0.0056231594378623,0.0106368948612921,-0.0027836483868086,
11,155.121,-0.0063946282857092,0.0109613395294293,-0.0021224403823999,
11,155.172,-0.0069782093547291,0.0114938621948345,-0.0015278706274445,
11,155.224,-0.007193573564392,0.011916222958739,-0.0008229696075961,
11,155.274,-0.006954646716717,0.0120331678595528,-0.0001039346007855,
11,155.325,-0.0064435534215925,0.0119448392380505,0.0001647353774369,
11,155.376,-0.0062006309620063,0.01173195387127,0.000122979862332,
11,155.427,-0.0063500487381355,0.011456285662907,8.632050036810445e-05,
11,155.478,-0.0065382576249613,0.0109616633085014,5.587453753001129e-05,
11,155.529,-0.006535392123147,0.0101655154463643,3.185937738437101e-05,
11,155.58,-0.006811878275261,0.0094407747059558,1.389784339763198e-05,
11,155.631,-0.0078478169173418,0.009020885621454,-0.0001995719315707,
11,155.681,-0.0090867773884984,0.0090310784149114,-0.0009229497627695,
11,155.733,-0.0097539152708182,0.0095171197155421,-0.0019152464643995,
11,155.784,-0.0100007203604021,0.0100684681520094,-0.0025986327562811,
11,155.835,-0.010158951315162,0.010416576036038,-0.0028281664392206,
11,155.888,-0.0100468302162462,0.0106063705676016,-0.0027481818179088,
11,155.937,-0.0095694918323143,0.0106793837352287,-0.0024761125976655,
11,155.989,-0.0090971006816036,0.0106716335949329,-0.0021027058868961,
11,156.04,-0.0086658312632046,0.010612708378485,-0.001895136930263,
11,156.09,-0.0080947470409745,0.0105256956148883,-0.0020114366608988,
11,156.141,-0.0078815368633605,0.0104276588962878,-0.0021252736565795,
11,156.192,-0.0081158113220901,0.0103304275762234,-0.0020275525977708,
11,156.243,-0.0080157596952813,0.0102415237283296,-0.0018019987263165,end
12,157.619,-0.0049537956918958,0.0107546424198972,-0.0022715279921323,start
12,157.672,-0.0050807364520764,0.0102707226886934,-0.0020018897844907,
12,157.722,-0.0047539969538506,0.0099386119338952,-0.0016681381678559,
12,157.773,-0.0043633706949001,0.0097305437063914,-0.0015209123962935,
12,157.824,-0.0041639845791694,0.0096187451856533,-0.0017059760739608,
12,157.875,-0.0039024343447915,0.009577670551664,-0.0018884536393648,
12,157.926,-0.0036220262931889,0.0095852544587777,-0.0020546135430781,
12,157.977,-0.003753717212419,0.0096234363545515,-0.002397793544657,
12,158.027,-0.004139129252935,0.0096781750335309,-0.002626103164923,
12,158.079,-0.0042546369299311,0.0099399687389248,-0.002561565931552,
12,158.129,-0.0039869282410028,0.0105143603648631,-0.0023143954175867,
12,158.182,-0.0036957827678801,0.0110422606242909,-0.0019699488313665,
12,158.231,-0.0038146621123276,0.0112971018630927,-0.0013899510177809,
12,158.283,-0.0041869615148354,0.0111555103443545,-0.0005046416390578,
12,158.334,-0.0042902168500709,0.0107710406037582,0.0001036925027075,
12,158.385,-0.00421262550038,0.0106633536386917,0.000284684906787,
12,158.436,-0.0044269483442052,0.0107418325991629,0.0003778949393056,
12,158.486,-0.0052129408202217,0.0107325712200606,0.0002064840725379,
12,158.538,-0.0063024329971987,0.0106677814378715,-0.0001208717865932,
12,158.589,-0.006896551528582,0.0105725832164791,-0.0003211119212329,
12,158.639,-0.0071252338118337,0.0104655300985588,-0.0004237402071604,
12,158.691,-0.0077036731226401,0.0103594737721247,-0.0004555204982495,
12,158.742,-0.0084599616084726,0.0102625766113402,-0.0004393092980661,
12,158.792,-0.0088678913524343,0.0103801714355831,-0.0005944546386216,
12,158.844,-0.0090196302728113,0.0108267178805916,-0.0010478700534184,
12,158.896,-0.0091957047572551,0.0114483653315386,-0.0014553233533331,
12,158.947,-0.0091724085645501,0.0121323749899219,-0.0013988993346014,
12,158.996,-0.0094247844565138,0.0126005982262441,-0.0008486659652229,
12,159.047,-0.0102353561460719,0.0126919788595604,-0.0002267630165533,
12,159.1,-0.0107363105717986,0.0125343299871758,0.0001903120543298,
12,159.15,-0.0107976144300641,0.0122296301380277,0.0004425153662927,
12,159.201,-0.0105720229694963,0.0118550965125907,0.0005687175568472,
12,159.252,-0.0101805532980163,0.0116666961258275,0.0004031368198357,
12,159.303,-0.0097141454949161,0.0118136410889727,-0.0001371113283042,
12,159.354,-0.0088354768482045,0.0119630220547693,-0.0006734193369712,
12,159.405,-0.0077629905699287,0.0119011314087934,-0.0009632831963128,
12,159.456,-0.0066523555915034,0.0115078796238896,-0.0012726376096773,
12,159.506,-0.0052048077273985,0.0107328664846598,-0.001569640808752,
12,159.558,-0.0036574667975777,0.0099761032580732,-0.0014331959309778,
12,159.609,-0.0023712603413988,0.0094926717067721,-0.0012305532075293,
12,159.659,-0.0015566919549741,0.0092233775760954,-0.0012025670411595,
12,159.711,-0.0019133810912877,0.0089122204837325,-0.0010880116963015,
12,159.761,-0.0037959385905699,0.0083983771873976,-0.0011279713587865,
12,159.812,-0.0067067154051426,0.0081974869047386,-0.0012638193608456,
12,159.863,-0.0098422758240237,0.0086151150419643,-0.0010485850453423,
12,160.373,-0.0056984807362226,0.0104740299284553,0.0018881456968637,
12,160.424,-0.0057702551096821,0.0103394324081281,0.0014067772197519,
12,160.475,-0.0057544104547117,0.0104266739565425,0.0009850395218971,
12,160.527,-0.0056836440570867,0.0108500175729009,0.0006354257654672,
12,160.577,-0.0053825047694279,0.0114549121090532,0.0003601544933077,
12,160.629,-0.0047569733803762,0.0119268176788195,0.0001546763821303,
12,160.68,-0.0041744773760375,0.0120746871065298,1.046699018370317e-05,
12,160.731,-0.0040680434139388,0.0122036902486985,-8.286277470450059e-05,
12,160.781,-0.0040746491278767,0.0125110638562072,-0.0001360633093778,
12,160.832,-0.0037515550407465,0.0127073095942662,-0.0001592531173876,
12,160.884,-0.0038454637126843,0.012615684547099,-0.000161332582127,
12,160.935,-0.0050026083593403,0.0123467936863335,-0.0001497058451389,
12,160.986,-0.0067487035979022,0.0119858140571863,-0.0001302226306288,
12,161.037,-0.0081297523615526,0.0115947718982131,-0.0001072658062539,
12,161.088,-0.0085632326114001,0.011215862860017,-8.392537803402449e-05,
12,161.139,-0.0081533317125728,0.0108751744924113,-6.22139423075604e-05,
12,161.189,-0.0076371230865435,0.0105863676867948,-4.32914182247408e-05,
12,161.24,-0.0072950363179837,0.0103540360513754,-2.7677678788290664e-05,
12,161.292,-0.0068912702293898,0.010176588857889,-1.5440339221597116e-05,
12,161.342,-0.0070828829087908,0.0100485968330723,-6.351526760674485e-06,
12,161.394,-0.0080426170781078,0.0099626049992416,-1.2162774443027377e-08,
12,161.445,-0.0090162210664457,0.0099104580742359,4.054575146214899e-06,
12,161.495,-0.0093180065383688,0.0098842067765923,6.337065707029881e-06,
12,161.546,-0.008763009388391,0.0098766725370148,7.291866110015608e-06,
12,161.597,-0.0081047655399607,0.0100825814186087,7.3184479660775796e-06,
12,161.648,-0.0078348505813164,0.010609674656528,0.0002075812356589,
12,161.7,-0.0080365078121935,0.0108987494393581,0.0007210116744857,
12,161.751,-0.008725242424222,0.0106102810304906,0.0011932133676158,
12,161.801,-0.0092693691165603,0.0101754117290113,0.0014002056887465,
12,161.853,-0.0090745387491618,0.0098824162021416,0.0014204771614211,
12,161.904,-0.0084214285329085,0.009703948983927,0.0015202001088079,
12,161.957,-0.0081293674025647,0.009613271562158,0.0018637019477146,
12,162.006,-0.0082931615962164,0.0095861826926044,0.0021351234059903,
12,162.057,-0.0085353274927287,0.0096020525814968,0.0021376781201685,
12,162.108,-0.0084066358652193,0.0098450329087135,0.0019675895054521,
12,162.16,-0.0072470978157111,0.0104149850695547,0.0014996059778823,
12,162.209,-0.0053187408784463,0.0109480212327493,0.0004764945155392,
12,162.261,-0.0034538796655529,0.0112137269679348,-0.0008204590155448,
12,162.312,-0.0025828869135737,0.0114874685159401,-0.0019880191554205,
12,162.363,-0.0030217840579223,0.0119452068941842,-0.0029787984964008,
12,162.414,-0.0040646893191445,0.0120825129024834,-0.0035757728096749,
12,162.465,-0.0052103622690408,0.0116016115391553,-0.0036713889936291,
12,162.516,-0.0067315768707359,0.0109636880543579,-0.0034377771911213,
12,162.567,-0.0085722749082692,0.0104771384482779,-0.0030117813580442,
12,162.617,-0.0098675035255104,0.0101267589265512,-0.0024966214512418,
12,162.668,-0.0105080106362047,0.0098918594979461,-0.0019656606075455,
12,162.72,-0.0108779906035156,0.0097498936890615,-0.0014672197315665,
12,162.77,-0.0108439121439495,0.0096789356050718,-0.0010296770681983,
12,162.822,-0.0103525941758438,0.0096592187432193,-0.0006663408841865,
12,162.872,-0.0098083278747647,0.0094731157861319,-0.0003797851934685,
12,162.923,-0.0092738258752509,0.0089944174901911,-0.0001654928009822,
12,162.974,-0.0081860236548418,0.0085673518707797,-0.0002155950914277,
12,163.026,-0.0068307484053701,0.0084085422633347,-0.0006320760836094,
12,163.077,-0.0060153038373477,0.0084345367873634,-0.0010492436039528,
12,163.127,-0.0056115879925911,0.0087778011508791,-0.0012325052632964,
12,163.179,-0.0055043668893408,0.0094978050547807,-0.001251028995333,
12,163.23,-0.0055959165870326,0.0102007573802749,-0.0013632433844285,
12,163.282,-0.0058075937394455,0.0106354693999807,-0.0019281991614236,
12,163.331,-0.0062801437168147,0.0108632231653724,-0.0027381364703023,
12,163.382,-0.0066812096502936,0.01093994768753,-0.0032384606819329,
12,163.433,-0.0068033765116051,0.010913645825743,-0.0032991876256272,
12,163.485,-0.0067368569370769,0.0108233807537736,-0.0028722661241235,
12,163.536,-0.0065546667744422,0.0106993440843269,-0.0021668866245882,
12,163.586,-0.0061120934131287,0.0105636122439989,-0.0017412505484178,
12,163.637,-0.0051364090259909,0.0104312834965104,-0.0015292211667443,
12,163.689,-0.003696359511732,0.0103117677542904,-0.0012703881658135,
12,163.741,-0.0026766738392017,0.0102100707660734,-0.0010023305427966,
12,163.791,-0.0026110050105221,0.010127971534307,-0.0005490570355159,
12,163.842,-0.0029616381007072,0.010065036669319,0.0001874255894629,
12,163.892,-0.0033502658410939,0.0100194486760415,0.0008455469628709,
12,163.943,-0.0035312080412689,0.0099886483669533,0.0014005420585485,
12,163.995,-0.0035644150873884,0.0099698064573318,0.0018448122798184,
12,164.045,-0.0039018716395275,0.0099601477214364,0.001579878200607,
12,164.097,-0.0046081836827528,0.0099571545478301,0.0006805442686957,
12,164.147,-0.0052934876149993,0.0099586767948488,-0.0003525827203705,
12,164.198,-0.0059102651253822,0.0099629727264569,-0.0013885234244419,
12,164.25,-0.0068352125481383,0.0099687024578827,-0.0021422143498664,
12,164.301,-0.0076826673336603,0.0099748914698638,-0.0024535036884864,
12,164.352,-0.0080106758087929,0.0099808778573749,-0.0024560511386352,
12,164.403,-0.0079791865373618,0.0099862533841354,-0.0022603818582598,
12,164.453,-0.0075188288197998,0.0099908052997378,-0.0019533047636439,
12,164.505,-0.0068203977940158,0.009994463319917,-0.0015994446622034,
12,164.556,-0.0064270527795662,0.0099972541774657,-0.0012440070144843,
12,164.606,-0.0062609739145979,0.0099992646796779,-0.0009161111418908,
12,164.658,-0.0058523269230944,0.0100006131891914,-0.00063222023984,
12,164.709,-0.005320936518222,0.0100014287982311,-0.000399357932394,
12,164.76,-0.0049543465230746,0.0098010034543923,-0.0002179295279689,
12,164.811,-0.0045220673120737,0.0092867791220572,-8.406310823388789e-05,
12,164.861,-0.0038815510514905,0.0088134424024443,-0.0001922882491521,
12,164.912,-0.0031589365277217,0.0088060211049224,-0.0004470850845729,
12,164.965,-0.0026425519388005,0.0092988452141298,-0.000373749878453,
12,165.014,-0.0025007498533134,0.0100729122173729,-9.585795381796382e-05,
12,165.065,-0.0026105782850158,0.0111660049565264,9.006906077558183e-05,
12,165.116,-0.002872967437767,0.012375893417782,1.2444224151662853e-06,
12,165.167,-0.0030112893588686,0.0131618271547248,-0.00045749067606,
12,165.22,-0.0030589286913013,0.0134118864433276,-0.000915782982712,
12,165.27,-0.0036470825404284,0.013298173701859,-0.0011361414407861,
12,165.321,-0.0049363150824241,0.0129602901476265,-0.0013870321568862,
12,165.371,-0.0061699496973536,0.0125057776535914,-0.0018381835194013,
12,165.422,-0.0066663233895427,0.0120129775719168,-0.0021806961489123,
12,165.474,-0.006850811893358,0.0115352100237825,-0.002225184278881,
12,165.525,-0.0072221190629386,0.0111054643354507,-0.0020749600521797,
12,165.576,-0.0076834142806522,0.0107410404997973,-0.0018119247882951,
12,165.627,-0.0081653660294815,0.0104477863632748,-0.0014976685256466,
12,165.677,-0.0082201817124042,0.0102237351428612,-0.0011758068902744,
12,165.728,-0.0079966494889027,0.0100620661293906,-0.0008749237969456,
12,165.779,-0.007813389180583,0.0099533934718822,-0.0008124999600861,
12,165.831,-0.0072690119507829,0.0098874401596118,-0.0011088607127119,
12,165.882,-0.0067375971912586,0.0098541832230367,-0.0014106871726576,
12,165.933,-0.0062571863195096,0.0098445678021618,-0.0014909386522294,
12,165.983,-0.0056472462826235,0.0098508873437931,-0.001422635798138,
12,166.034,-0.005605732078312,0.0098669191274775,-0.0012645443984178,
12,166.085,-0.0059321136357589,0.0098878919838513,-0.0010615670063512,
12,166.137,-0.0058657253784017,0.0101111826382701,-0.0008461077907205,
12,166.188,-0.005753600450426,0.0104462924122825,-0.000639951923116,
12,166.239,-0.0060228169333574,0.0104245297109638,-0.0004563239866865,
12,166.29,-0.0065149802245286,0.010175634571846,-0.0003018958414657,
12,166.341,-0.007311427268536,0.0100018959583094,-0.000178600774823,
12,166.391,-0.0082390458168815,0.0100911497780445,-8.517767559362353e-05,
12,166.442,-0.0087746052903571,0.0105427377866391,-1.841800962528316e-05,
12,166.493,-0.0088148600707646,0.0109895981006633,2.5877987304799984e-05,
12,166.545,-0.0085342166185832,0.0111966948086906,5.220842474926864e-05,
12,166.596,-0.0080703096515444,0.0112333819636636,6.490140778292236e-05,
12,166.646,-0.0075261336002092,0.0111578294835063,6.782831718154924e-05,
12,166.697,-0.0067733587388411,0.0108155276773981,6.425661146786444e-05,
12,166.748,-0.0065497726876612,0.0101288104143948,5.680393644279726e-05,
12,166.799,-0.0072860451023485,0.0094772017993518,4.746089496855957e-05,
12,166.85,-0.0079762759412747,0.0091012898014021,-0.0001631776327078,
12,166.901,-0.0083806956560826,0.0089323945651617,-0.0006868296634931,
12,166.952,-0.0083684878753057,0.0089098377865331,-0.0011683329496373,
12,167.003,-0.0078892224470925,0.0089829474668954,-0.0013832895918725,
12,167.055,-0.0075505772408071,0.009111539824124,-0.0016108615784089,
12,167.106,-0.0077309908833189,0.0092653858122205,-0.0020290764454669,
12,167.156,-0.0082298104643079,0.0094230692744375,-0.002335130113287,
12,167.207,-0.0084911009683993,0.0095705466481234,-0.0023438290170511,
12,167.259,-0.0085790614628405,0.0094987973075575,-0.0021611201724818,
12,167.31,-0.0087496239735829,0.009091376793923,-0.001870329308192,
12,167.36,-0.0085577942262233,0.0087022362132563,-0.0015335801112391,
12,167.412,-0.007948120338877,0.0083560805058637,-0.0011944076958496,
12,167.718,-0.0042980057777016,0.0083486522314399,6.275074677834043e-06,
12,167.768,-0.003679110405867,0.0087106452440299,6.29901595275636e-05,end
13,171.746,-0.0051259411231121,0.0110230180824798,-0.0008093293741565,start
13,171.798,-0.0056189502198642,0.0108255241129139,-0.0007906992183125,
13,171.848,-0.0058854199482161,0.0106325438416088,-0.0007152311333969,
13,171.899,-0.0063868591796332,0.0104579612109669,-0.0008102062234444,
13,171.95,-0.0071995477693087,0.0103092027626302,-0.0012076992837365,
13,172.002,-0.0077449032141931,0.010188956974529,-0.0015664470601364,
13,172.052,-0.0076733265331596,0.0100966575854038,-0.0016706923825224,
13,172.103,-0.0070109958312536,0.0100296963917377,-0.0016033377769159,
13,172.154,-0.0064246587591748,0.009984365113225,-0.001431338122228,
13,172.206,-0.0063358301168021,0.0099565478326154,-0.0012060415321297,
13,172.257,-0.0065732151834073,0.0099421978399604,-0.0009646617256496,
13,172.307,-0.0070007479497126,0.0099376378977419,-0.0007323577991794,
13,172.359,-0.007515887048333,0.0099397231353746,-0.000524536481022,
13,172.41,-0.0080458296955912,0.0099459027549669,-0.0003491121273801,
13,172.461,-0.0083418608382431,0.0099542118824891,-0.0002085580624508,
13,172.511,-0.0082632576153793,0.0099632192722153,-0.0001016593054899,
13,172.562,-0.0079506965350198,0.0097711172430352,-0.0002257666349581,
13,172.613,-0.0075131953366669,0.0092646319441902,-0.0006888937574327,
13,172.664,-0.0074323768987633,0.0089988714807287,-0.0013322471403705,
13,172.715,-0.0077876435784455,0.0093105170301341,-0.0020395061079486,
13,172.767,-0.0079923870053278,0.0097666135923527,-0.0025301008033065,
13,172.817,-0.0080841443641576,0.0100778805622043,-0.0026414927083487,
13,172.869,-0.0082969004037828,0.0102712556968608,-0.0025007338231868,
13,172.92,-0.0087710013598019,0.0103734862276091,-0.0022095652894936,
13,172.97,-0.0095754637642996,0.0104090484939718,-0.0018453218727879,
13,173.021,-0.0103263450860431,0.0103989961264487,-0.001463472702237,
13,173.072,-0.0105808738903475,0.0103604962848119,-0.000900173664667,
13,173.124,-0.0100949517527955,0.0103068444374735,-6.491958213582162e-05,
13,173.174,-0.0091731760725246,0.0102477848666269,0.0006768207788077,
13,173.225,-0.0080459144840834,0.0101900015037964,0.0010981657436493,
13,173.279,-0.0064757537073723,0.0099368449208949,0.0010793428729419,
13,173.328,-0.004546841650911,0.0093778887119609,0.0005788961346332,
13,173.379,-0.0027436337489283,0.0088685439856895,1.0595462878709282e-05,
13,173.43,-0.0019692389562644,0.0086327687411146,-0.0001539025616053,
13,173.48,-0.0023185521597684,0.0085913883461027,0.0001546272142925,
13,173.531,-0.0029588283646085,0.0086780076172493,0.0005409151767601,
13,173.582,-0.003734278533538,0.0088397612452081,0.0007452079666853,
13,173.634,-0.0047349617910058,0.0090367081795029,0.0008163663256527,
13,173.684,-0.0057997102855343,0.0094412386214749,0.0007964223152126,
13,173.736,-0.0068200121853895,0.0101472393900213,0.0007196518314421,
13,173.787,-0.0075290101535848,0.0107890394744595,0.0006126028403592,
13,173.837,-0.0077805629492464,0.0113381063285409,0.0004947342981263,
13,173.889,-0.0079193581285526,0.0121852574525892,0.0003793954082109,
13,173.939,-0.0079746861398835,0.0131555307988021,0.0002749444870599,
13,174.144,-0.0034678200920566,0.0130773927760562,1.8247678787263407e-05,
13,174.194,-0.0028777495631175,0.0125405065625443,-9.000440438845773e-06,
13,174.245,-0.0026697946471908,0.0119920860756911,-2.575302707139775e-05,
13,174.297,-0.0021211149388489,0.0116811582370137,-0.0002352621500885,
13,174.347,-0.0015988218571203,0.0117483582389564,-0.0007523990366022,
13,174.398,-0.0017379104574488,0.0118518390486013,-0.0012244564101872,
13,174.449,-0.0022900037479829,0.0117694419827099,-0.0014288463099744,
13,174.5,-0.0028617930106458,0.0115744510970353,-0.0014451479154533,
13,174.551,-0.0036011141598181,0.0113229122848217,-0.0013395092396783,
13,174.602,-0.0045893235700864,0.0110553133566256,-0.0011641502975432,
13,174.653,-0.0056577715660514,0.0107989113967408,-0.0009581633463038,
13,174.704,-0.0066918485756073,0.0105702882868711,-0.0007490807192904,
13,174.756,-0.0074199770581052,0.0103778472711517,-0.0007556426628259,
13,174.806,-0.0074917245889569,0.0102240711502388,-0.0011008150953555,
13,174.858,-0.007337571114999,0.0101074461872843,-0.001434593333581,
13,174.908,-0.007452586677724,0.0100240170636866,-0.0015334166706199,
13,174.959,-0.0075301609621137,0.0099685802930693,-0.0014736124995925,
13,175.011,-0.0075774904142092,0.0099355498888097,-0.0013168766084047,
13,175.061,-0.0076016201578409,0.00991954328881,-0.0011105645462043,
13,175.112,-0.0072072649956334,0.0101165744530948,-0.0008890304927359,
13,175.163,-0.006576193810951,0.0106352431752106,-0.0006755303892785,
13,175.214,-0.0062456678856517,0.0111176945298844,-0.0006851677301623,
13,175.265,-0.0059336157610165,0.0115381608325533,-0.0010379740688545,
13,175.317,-0.0050559790975013,0.0120859290685687,-0.0011808629061273,
13,175.367,-0.0038861075118574,0.0124705048207781,-0.0009768084203415,
13,175.418,-0.0028236240999451,0.0125186888651819,-0.0007674673596675,
13,175.469,-0.0021162008851361,0.0123472567792822,-0.0005715528382544,
13,175.52,-0.0016933258299688,0.0118479116277904,-0.0006008215959008,
13,175.573,-0.0012860835362808,0.0107767057409281,-0.000772160735279,
13,175.623,-0.0015240834885673,0.0094247897695628,-0.0008200190105649,
13,175.674,-0.0025584584988293,0.0084031113556975,-0.0007848380227932,
13,175.877,-0.0040936973570685,0.0080126163150788,-0.0017524136408642,
13,175.928,-0.003865569021484,0.0083179248341566,-0.0016721344482922,
13,175.979,-0.0042120586420621,0.0086488618442977,-0.0014863189150719,
13,176.03,-0.0048992456617637,0.0089696504107867,-0.0012477446925805,
13,176.081,-0.0057497353698946,0.0092581602011322,-0.0009944990968772,
13,176.132,-0.0064358030699085,0.0095027909583978,-0.0009530217445452,
13,176.183,-0.0067604706127993,0.0096996277946037,-0.0012515279557713,
13,176.234,-0.0068272719412621,0.0098499993414759,-0.0015432694553048,
13,176.285,-0.0063216566832054,0.0099584904365825,-0.0016064021362059,
13,176.337,-0.0050878716799401,0.0100314059742408,-0.0015178445328253,
13,176.388,-0.0038878554228954,0.0100756475158199,-0.0013391142712009,
13,176.439,-0.0034083992307968,0.0100979448697008,-0.0009160760016055,
13,176.489,-0.0036304253761681,0.0101043770614135,-0.0001695008885597,
13,176.54,-0.0040836785129847,0.010100117386738,0.0005237664573434,
13,176.591,-0.0044479843870036,0.0100893426615245,0.0009263185629911,
13,176.642,-0.004926811500683,0.0100752550696091,0.0011100815977787,
13,176.693,-0.0056414548033367,0.0100601744705726,0.0011387616046406,
13,176.744,-0.0064499294107071,0.0100456684816251,0.0010656749087671,
13,176.795,-0.0068519679940345,0.0100326963360577,0.0009331912888956,
13,176.846,-0.0067602074012182,0.0100217500206674,0.0007732562283386,
13,176.897,-0.0065599530490524,0.0100129823299915,0.000608563281227,
13,176.948,-0.0061053695272575,0.0100063162425748,0.0004540492109063,
13,177.0,-0.0055241898695388,0.0100015335315229,0.0003184760291076,
13,177.05,-0.0051093394150732,0.0099983429385369,0.0002059416783775,
13,177.101,-0.0046336571686216,0.0099964297643025,0.0003180572470476,
13,177.153,-0.0041571735606088,0.0099954895564594,0.0007660794108873,
13,177.203,-0.0043209545429926,0.009995248892259,0.0011927109589516,
13,177.255,-0.0048822131118245,0.0099954762148383,0.0013705171576823,
13,177.305,-0.0052516393867284,0.0099959854198488,0.0011736213927133,
13,177.357,-0.0056691900888029,0.0099966345043885,0.0005513936098737,
13,177.407,-0.006084062172696,0.009997321157671,-9.280214906204764e-05,
13,177.459,-0.0060622208985216,0.009997976744489,-0.0004985029719266,
13,177.509,-0.0055612137699926,0.0099985597412233,-0.0007186533489819,
13,177.56,-0.005194807832323,0.0099990493480495,-0.000802115220224,
13,177.612,-0.0053458305442841,0.0099994397273032,-0.0007912069269448,
13,177.662,-0.0056157410835477,0.0099997351062835,-0.0009214841401117,
13,177.714,-0.0057393840099471,0.0099999458278762,-0.0013326789310443,
13,177.764,-0.0053576180022227,0.010000085326328,-0.0016901742856848,
13,177.816,-0.0044815421267802,0.0100001679393153,-0.0017836769290454,
13,177.866,-0.0033588180656738,0.0100002074321351,-0.0017003560499193,
13,177.917,-0.0019672644666784,0.0100002160971743,-0.0017111562430221,
13,177.969,-0.0011175859155321,0.0100002042946762,-0.0019822871692998,
13,178.02,-0.0012861983465041,0.0100001803134273,-0.0021977670700279,
13,178.07,-0.0022951817003305,0.0100001504478145,-0.002360244853453,
13,178.122,-0.0035612494562539,0.0102009528631061,-0.0026765109001854,
13,178.172,-0.0040871564600193,0.0107152618730395,-0.0028651688839546,
13,178.224,-0.0038952786408985,0.0111884889405577,-0.0027559960356131,
13,178.274,-0.0032584626311657,0.0115973520723541,-0.0024645791579083,
13,178.326,-0.0025882761190678,0.0121329235596556,-0.0022805239740576,
13,178.376,-0.0025530267537532,0.012505901678142,-0.002380944823496,
13,178.428,-0.0029278270076562,0.0123429703545726,-0.0024549140042645,
13,178.478,-0.0035355042134734,0.0116485878677714,-0.0023051425106138,
13,178.529,-0.0042437205967012,0.0108699741649664,-0.0020239062539307,
13,178.581,-0.0045578571506203,0.0103007210323739,-0.0018817812071301,
13,178.631,-0.004393180667255,0.0099114716985376,-0.0020411264014736,
13,178.682,-0.0039346457380463,0.009668937824558,-0.0023810192474978,
13,178.733,-0.0033244799410538,0.0097408173778678,-0.0028094018385028,
13,178.785,-0.0028669158404563,0.0102094057886148,-0.0030592903512053,
13,178.836,-0.0027448144365996,0.0106939470501894,-0.0029737933472087,
13,178.886,-0.0026468377221346,0.010948961164388,-0.0026800645965786,
13,178.937,-0.0023713705673675,0.0110362815228731,-0.002276382342475,
13,178.989,-0.0022050325316448,0.011009036486486,-0.0018346104329278,
13,179.039,-0.0025237144458669,0.0109105034459918,-0.0014038987312994,
13,179.09,-0.0031278638294466,0.0107741652347081,-0.0010148810732574,
13,179.141,-0.0034648974905767,0.0106245331395423,-0.000884688745189,
13,179.192,-0.0036035409913787,0.0104783954557713,-0.0011317868967026,
13,179.243,-0.0040054762565641,0.0105470723198687,-0.00140017697192,
13,179.294,-0.0043431515926972,0.0109488374300108,-0.0014598282955335,
13,179.346,-0.0042108197843426,0.0113311203611088,-0.0015816463580415,
13,179.396,-0.0037876788433046,0.0114693645996532,-0.0019343827430711,
13,179.448,-0.0034128530501971,0.0114399886090634,-0.0022060487587,
13,179.499,-0.0037016262721563,0.0113054690017402,-0.0022030626409677,
13,179.549,-0.0043928015903549,0.0111143217999058,-0.0020241678402497,
13,179.601,-0.0048848662942726,0.0109022119197592,-0.0017468249738625,
13,179.651,-0.0052097018381576,0.0106936971146863,-0.0014286222018286,
13,179.702,-0.0054011895391432,0.0105042387327647,-0.0011097761968406,
13,179.753,-0.0056926051816309,0.0103422220649144,-0.0010169653125577,
13,179.804,-0.0060246993355791,0.0102108205424624,-0.0012774118759058,
13,179.855,-0.0063562044422365,0.0101096100298438,-0.0015426644168134,
13,179.906,-0.0070623681208185,0.0102367268143549,-0.0015888569681952,
13,179.957,-0.0081529247331724,0.0107009035862922,-0.0014908442507846,
13,180.008,-0.0092015705007198,0.0111431317167517,-0.0013082189633729,
13,180.059,-0.0095365943713748,0.011334923679772,-0.0010859981956854,
13,180.11,-0.0091861884577558,0.0111498570535553,-0.0008562345694766,
13,180.161,-0.0084243304179985,0.0105371249786913,-0.0008409246825899,
13,180.212,-0.0066564549958189,0.0096993318995729,-0.0013660522387643,
13,180.263,-0.0041845546759703,0.0087844984179197,-0.0021956048655559,
13,180.314,-0.0022630378387867,0.0080945803522198,-0.0027520928336924,
13,180.518,-0.0017985082417194,0.0082400337206163,-0.0034301072979752,
13,180.57,-0.0031650213759329,0.0085565434992821,-0.0030339414040961,
13,180.622,-0.0041888468623752,0.0088754953909596,-0.0025361327814553,
13,180.671,-0.0047098079971313,0.0091703910258212,-0.002213959784231,
13,180.722,-0.0054689066617692,0.0094261681560214,-0.0022311458934602,
13,180.773,-0.0065205878291833,0.0096363091106552,-0.0022637662122678,
13,180.824,-0.0070729310784666,0.0098002998834508,-0.0021028311263355,
13,180.875,-0.007059817884735,0.009921518219586,-0.0018306874565253,
13,180.926,-0.006885935415467,0.0100055664990519,-0.0015090822336271,
13,180.977,-0.0068237455604856,0.0100590238162169,-0.0013824240842586,
13,181.028,-0.0068381858618345,0.0102894008169309,-0.001591804083642,
13,181.079,-0.0066997793367618,0.0108155722023521,-0.0017990487906536,
13,181.13,-0.0066752965954767,0.0112883489465806,-0.0017874416841276,end
14,183.017,-0.0082270141027431,0.0113339866443827,-0.0002297391321936,start
14,183.068,-0.0072711612884225,0.0111594485792934,7.906145091249561e-05,
14,183.12,-0.007279007988727,0.0105526984928312,0.0002707598997578,
14,183.171,-0.0077034608467169,0.0099183245525067,0.000171121258938,
14,183.221,-0.007758505970129,0.0097188627772966,-0.0003081962110821,
14,183.272,-0.0075722089094553,0.0100151896987351,-0.0007916823946489,
14,183.323,-0.0072460925557122,0.0104048528401197,-0.0012390020699812,
14,183.374,-0.0068565009391036,0.0106222406648197,-0.0018280252170182,
14,183.426,-0.0064574966084561,0.010711675933584,-0.0024606118348302,
14,183.477,-0.0060845088185188,0.0109126976446551,-0.0030703200784407,
14,183.528,-0.0057581701775261,0.0113699703777289,-0.003415541611751,
14,183.579,-0.0056887996084994,0.0117540221404074,-0.0033625676899558,
14,183.629,-0.0057898086856484,0.0118594276576808,-0.0030584660791284,
14,183.68,-0.005791142946397,0.0115768217311042,-0.002818566529609,
14,183.731,-0.0057284434245561,0.0106663994694823,-0.0028399486879049,
14,183.783,-0.0056297126074352,0.0094264636081533,-0.003027186568568,
14,183.833,-0.0059174717633231,0.0084764693448424,-0.0033057548046477,
14,184.037,-0.0079644835343277,0.0081325096511919,-0.0032701019784033,
14,184.09,-0.007705431836139,0.0086223914166325,-0.0037632320072993,
14,184.139,-0.0075227855804144,0.0094489132187851,-0.0039780219090141,
14,184.191,-0.0074038146788208,0.0102241086126148,-0.0037962094699534,
14,184.242,-0.0071344057523261,0.0107032779499697,-0.0033746411323503,
14,184.292,-0.0069909893746491,0.0109540971888224,-0.002833171024596,
14,184.343,-0.0069398996461033,0.0110383145629273,-0.0024591335562462,
14,184.395,-0.0061487933481928,0.011008916101589,-0.0022225269935458,
14,184.445,-0.0045449612819724,0.0109090116296259,-0.0016914020666504,
14,184.497,-0.0033520622995539,0.0107719136914339,-0.0010140544381608,
14,184.547,-0.0031210465547771,0.0106219752185136,-0.000498173990895,
14,184.599,-0.0033246607428653,0.010475846525551,-0.0001272932310923,
14,184.65,-0.0033890011629043,0.0103439002646647,0.0001207976206185,
14,184.701,-0.003158015793247,0.0102316496283727,0.0002702069788446,
14,184.751,-0.0029570122842573,0.0101410482934613,0.0003443242384066,
14,184.802,-0.0031930523068077,0.0100716100902066,0.0003641986986131,
14,184.854,-0.0036904289582668,0.0100213231052704,0.0003476878718256,
14,184.905,-0.0041146246145278,0.0099873585112648,0.0003091676571424,
14,184.957,-0.0046586420768621,0.0099665908012181,0.0002596261498929,
14,185.006,-0.005235804632537,0.009955955275047,6.162304865331479e-06,
14,185.058,-0.0051853584114962,0.0099526724292288,-0.0005585594725546,
14,185.109,-0.004133945888878,0.0099543689586343,-0.0010767072924129,
14,185.16,-0.0027258593530436,0.0099591227299172,-0.0013225265689835,
14,185.21,-0.0020054704793971,0.0101662890367165,-0.0013739400018831,
14,185.261,-0.0021856762027889,0.0108882978590875,-0.0014973743845078,
14,185.312,-0.0029290031064791,0.0118825002521967,-0.0018579172583353,
14,185.363,-0.0041746082771464,0.0125697393788416,-0.0021407327146936,
14,185.415,-0.0054414529552655,0.0128040651883286,-0.0023509780275197,
14,185.465,-0.0060176486380951,0.0127290901416773,-0.0026986242889139,
14,185.517,-0.006506275042683,0.0126626011759417,-0.0029056315765422,
14,185.567,-0.0071003193607953,0.012807729715715,-0.0028049765742654,
14,185.618,-0.0071117510161512,0.013076920790054,-0.0027159215096239,
14,185.669,-0.0067486047997023,0.0134040545107419,-0.0028422938401426,
14,185.771,-0.0060252868521576,0.0131439047742543,-0.002898390955522,
14,185.822,-0.0055176524591689,0.0122348474602491,-0.0030688531596709,
14,185.873,-0.0047488282348796,0.0112714554639896,-0.0031324814126504,
14,185.924,-0.0038742518223648,0.0105514421059085,-0.0029216464132293,
14,185.975,-0.0032029424881462,0.0100453611776794,-0.0027525547458513,
14,186.026,-0.0031175947215767,0.009717141375523,-0.0028246526034042,
14,186.077,-0.003414910589246,0.0095293601132225,-0.0028448122075742,
14,186.128,-0.003532096642975,0.0094467344434087,-0.0026292079866103,
14,186.18,-0.0037251758577013,0.009438188080699,-0.0024805501629678,
14,186.23,-0.0045539195130787,0.009477839154445,-0.0025876043675216,
14,186.281,-0.0057237716879965,0.0095452164201559,-0.0026492261841159,
14,186.332,-0.007018416061026,0.0096249632726962,-0.002475925919295,
14,186.384,-0.0082890928373754,0.009706237038006,-0.0019650461708758,
14,186.436,-0.0090406527825926,0.0095811274325688,-0.0012787000404215,
14,186.486,-0.0091980672815967,0.0091328703669979,-0.0009366221482219,
14,186.537,-0.0089617800331277,0.0087142058785512,-0.0008428215215732,
14,186.588,-0.0086928069917797,0.0085489870584813,-0.0007149555745088,
14,186.639,-0.0084244784025612,0.0085595886074851,-0.0005755136960336,
14,186.69,-0.0079772852426596,0.0088829348171216,-0.0004398494250254,
14,186.74,-0.0074513015900789,0.0095817184309884,-0.0003175063089708,
14,186.792,-0.0067162059660942,0.0102643200387903,-0.0002135349822304,
14,186.842,-0.00610688248983,0.0106808738859748,-0.0003305324631182,
14,186.893,-0.0060288395497181,0.0108933343799297,-0.0009815171272102,
14,186.944,-0.0060969700025493,0.0109578316008113,-0.0019226794406106,
14,186.995,-0.0062533758306066,0.010922251063872,-0.0025726734972396,
14,187.046,-0.0064538325846527,0.0108253438107502,-0.0027828764158972,
14,187.097,-0.0064656044271072,0.0106968894690417,-0.0026941322835605,
14,187.149,-0.0063554172384427,0.0107593551912005,-0.0026216207793185,
14,187.199,-0.0057741958446676,0.0111400833578753,-0.0029670125075452,
14,187.25,-0.0047367338102246,0.0114935107653965,-0.0035526806033117,
14,187.301,-0.004092505023278,0.0118010367417419,-0.0038437342598081,
14,187.352,-0.004354731080296,0.012255252793832,-0.0037216214889737,
14,187.403,-0.0053780814742583,0.0127670600035417,-0.0033443335361638,
14,187.454,-0.0066065371964818,0.0132746881456053,-0.0028336974354369,
14,187.556,-0.0078194028935471,0.0132218576937877,-0.0017394762965991,
14,187.608,-0.0078194478988789,0.0123585943870409,-0.0012539963266329,
14,187.658,-0.0077938144073901,0.0114146314286976,-0.0008418951346231,
14,187.71,-0.0079546048552335,0.01069557709301,-0.0005099610502708,
14,187.762,-0.0082220417299253,0.0101785323727218,-0.0002561076779534,
14,187.812,-0.0085363923244254,0.0098325828224948,-7.272441069595481e-05,
14,187.862,-0.0084539109223778,0.0098249904035187,5.073093351543865e-05,
14,187.913,-0.0075210457586657,0.0102358474320286,-7.499983876808764e-05,
14,187.964,-0.0059168922942486,0.010681238434048,-0.0003504461218784,
14,188.015,-0.0042119079031244,0.0111129980518428,-0.0002981178132564,
14,188.066,-0.0029808900525899,0.0117021640710811,-3.977448029631792e-05,
14,188.117,-0.0025544106091681,0.0121441195261739,0.0001291096353562,
14,188.168,-0.0026781836808458,0.0122553237920205,0.0002270518986646,
14,188.22,-0.0029440852743785,0.0121454668502365,0.0002716274547465,
14,188.27,-0.0032797804183767,0.0119026571514203,0.0004792289379578,
14,188.322,-0.0036332702101322,0.0115940837411679,0.0009755436600027,
14,188.372,-0.004170609223394,0.0112681214438434,0.0014163207261982,
14,188.423,-0.0049835275699406,0.0109571924369596,0.0015852358279416,
14,188.474,-0.0059078846004362,0.0106808830576608,0.0015662223056937,
14,188.526,-0.0066286225460183,0.0104489739188539,0.001629041549118,
14,188.576,-0.0067592023924805,0.010264171006626,0.001940131530991,
14,188.627,-0.0065007935032077,0.0099235919473988,0.0021846257418636,
14,188.678,-0.0064153322820217,0.0093096318560588,0.0021659339304735,
14,188.729,-0.0066484903651954,0.0087704936147644,0.0019799489368349,
14,188.782,-0.0072680986888425,0.0085234869792775,0.0019024446775635,
14,188.832,-0.0082866158423603,0.0084836822967195,0.0019007408896152,
14,188.882,-0.0088766518112241,0.0085799645533249,0.0015461214104359,
14,188.935,-0.0087428137697622,0.0087557916906452,0.0009936467204272,
14,188.985,-0.0087579706585966,0.008767676601215,0.0005594931469402,
14,189.035,-0.0090683017254243,0.0084726285008489,0.0002361020632284,
14,189.086,-0.0091413459249746,0.0082052643329153,9.727798110711751e-06,
14,189.137,-0.0086546706225038,0.0081779672425623,-0.0001362391527015,
14,189.188,-0.0076472810129312,0.0083068304114303,-0.0004197443739212,
14,189.239,-0.0063868575767887,0.0085254951782205,-0.0009695186760621,
14,189.29,-0.0052662383409723,0.0087841882401684,-0.0014450661339961,
14,189.342,-0.0045261396227887,0.0090477718014534,-0.0016339720618274,
14,189.393,-0.0038887093606528,0.009293317311938,-0.0016238645362326,
14,189.444,-0.0031674989949757,0.0095075685697995,-0.0014869313987148,
14,189.495,-0.0028521607680084,0.0096845376652718,-0.0012796587729595,
14,189.546,-0.0034249624399378,0.0098233792484019,-0.0010439247358949,
14,189.596,-0.0045213588605424,0.0099266140677711,-0.000808874260281,
14,189.648,-0.0054638189467713,0.0101995528796136,-0.0005931446063661,
14,189.698,-0.0062318406464197,0.0107602391439459,-0.0004071367011747,
14,189.749,-0.0070271218319594,0.011259597155009,-0.0002551335442722,
14,189.8,-0.0075751645839579,0.0114786733829349,-0.0001371503248539,
14,189.852,-0.0077197807589629,0.0115003913062688,-5.046384516988056e-05,
14,189.903,-0.0075940411602833,0.0113937885014298,9.18659730558736e-06,
14,189.955,-0.0075058432232752,0.0112134507726114,4.670550916512567e-05,
14,190.005,-0.0076496415900072,0.0110003101910218,0.0002678499613768,
14,190.056,-0.0079306793223002,0.0107832537702212,0.0005889976368151,
14,190.106,-0.0078754916874335,0.0103802891580658,0.0003459826616904,
14,190.157,-0.0070065978430614,0.0096896299282667,-0.0004401703183976,
14,190.208,-0.0060873008318323,0.0090707740157626,-0.0011098439913081,
14,190.261,-0.0060128626063392,0.0087485177649749,-0.0014501826210392,
14,190.311,-0.0064862557428976,0.008642374123776,-0.0015519611338249,
14,190.361,-0.0070721384007933,0.0086833615233246,-0.001693396184015,
14,190.412,-0.007482266748187,0.008815418982438,-0.0020497367038395,
14,190.463,-0.0077467277681042,0.0087944420757747,-0.0023144474538089,
14,190.514,-0.0082981870654219,0.0084761678351425,-0.0022982925232662,
14,190.566,-0.0089894125147229,0.0081936232194482,-0.0023041353936845,
14,190.616,-0.0093130813557403,0.0081575252965248,-0.0025244508652149,
14,190.669,-0.0091741821064461,0.0082823862101881,-0.002663786309081,
14,190.718,-0.0089506060142169,0.0087012814674071,-0.0027399917890316,
14,190.769,-0.0086906829401002,0.009475938452414,-0.0029704205751224,
14,190.821,-0.0080266618824261,0.0102156992354106,-0.0032812495736201,
14,190.871,-0.0067551477607618,0.0106728180849935,-0.003618673402386,
14,190.922,-0.0049953285042077,0.010911942156012,-0.0039460474420361,
14,191.279,-0.0038293759881813,0.0103282423653496,-0.0035386700177311,
14,191.33,-0.004269307484355,0.0102210538410843,-0.0026709443945949,
14,191.381,-0.0052126582526193,0.0101345502957851,-0.0018998610208712,
14,191.433,-0.0060014278007051,0.0100682622228519,-0.0012527030995495,
14,191.484,-0.0062260245454698,0.0100202645246183,-0.000737013394177,
14,191.535,-0.0060707455609759,0.0099878532076094,-0.0003470681707919,
14,191.585,-0.0056843067916912,0.0097672082978412,-6.909501421694525e-05,
14,191.637,-0.0049798236475387,0.0092427309977316,0.0001147341390079,
14,191.688,-0.0045296231357498,0.0087663570598,0.0002234162585429,
14,191.738,-0.0044795070027926,0.008559936710592,0.0004760055571349,
14,191.789,-0.0044891779483851,0.0085432339720481,0.0010014322291099,
14,191.84,-0.0045364165282186,0.0088503823593589,0.0014588005707796,end
15,198.215,-0.0068140161766481,0.0108484851881776,-6.281127704100287e-05,start
15,198.269,-0.0064947888373559,0.0106565219429543,-0.000264479877747,
15,198.317,-0.0059691366740211,0.0104806653396547,-0.0005734074163532,
15,198.368,-0.0053533210905166,0.0103292659257296,-0.0007254747653472,
15,198.42,-0.0051308169680288,0.0102057146069307,-0.0007647234938325,
15,198.471,-0.0053792719381676,0.0101099490119784,-0.0005276291846426,
15,198.521,-0.0057089843431164,0.0102405306712009,-0.0001323484499467,
15,198.572,-0.0060643243898207,0.0107066240688731,0.0001317974664235,
15,198.623,-0.0068092223790355,0.0111496218840241,0.0002906201093647,
15,198.674,-0.0077441237193403,0.0113413861078975,0.0003691347361067,
15,198.726,-0.0085249464839253,0.0113566161975524,0.000389836341337,
15,198.776,-0.0089433908652606,0.0112574023628743,0.0003717964446785,
15,198.828,-0.0088949745715831,0.0110927599321472,0.0003303588335544,
15,198.878,-0.0087518595700705,0.0108993810672059,0.00027724388904,
15,198.931,-0.0085595063302081,0.0107031068397311,0.0002209065761856,
15,198.98,-0.0079493591608991,0.010520743055287,0.0001670283638362,
15,199.031,-0.006718607135661,0.0103619506690704,0.000119055522716,
15,199.083,-0.0051886998029138,0.0102310321775259,-0.000122109730704,
15,199.133,-0.0041923324734756,0.0103293414425424,-0.0006686392507525,
15,199.184,-0.0038190271386703,0.0107676024138061,-0.0011662763486579,
15,199.235,-0.0036744788268098,0.0111878512579011,-0.001391745649758,
15,199.286,-0.0036882562498116,0.011361954296235,-0.0014245469861774,
15,199.337,-0.0038024693382907,0.0113642050435988,-0.0013311453821931,
15,199.389,-0.004172755518109,0.0112560572495018,-0.0011643066025019,
15,199.442,-0.0048783618537043,0.0110857930677748,-0.001164605169674,
15,199.49,-0.0057423424870202,0.0108893683565193,-0.0014729072020311,
15,199.541,-0.0066384901641708,0.0106919450265422,-0.0017531471051895,
15,199.592,-0.0074832775787607,0.0105097409305394,-0.0017920430212998,
15,199.646,-0.0082272603120771,0.0103519347995233,-0.0016730279565071,
15,199.695,-0.0088468250991889,0.0102224534537469,-0.0014622973334515,
15,199.745,-0.009135988805057,0.0099207062817108,-0.0012096735165939,
15,199.796,-0.0089891860920002,0.0093318828964621,-0.0009504755813139,
15,199.848,-0.0087754024714751,0.0088070786171667,-0.0009087172482653,
15,199.9,-0.0089375018326195,0.0087671597459867,-0.0012106023856564,
15,199.95,-0.009528485974919,0.0092422633538566,-0.0015077986574248,
15,200.0,-0.0097445592620458,0.0098086770474064,-0.0015772792568913,
15,200.051,-0.0091003240133905,0.0101873169761325,-0.0014951324425724,
15,200.102,-0.008357749521424,0.0104151104555587,-0.001322338291218,
15,200.154,-0.0078125922400739,0.0105278588938342,-0.0011052884832711,
15,200.205,-0.0072370095066348,0.010557765545611,-0.0008772916044556,
15,200.255,-0.0068889855721369,0.0105321389853196,-0.0006605895835601,
15,200.307,-0.006714864790945,0.0104729547843691,-0.0004685399607804,
15,200.357,-0.0064654311341608,0.0103970028107415,-0.0003077292025721,
15,200.409,-0.0063885669736749,0.0103163982853243,-0.0001798720231788,
15,200.459,-0.0064285552891971,0.0102392850792614,-8.342088213819079e-05,
15,200.51,-0.006339441064455,0.0101706058070649,-1.4860306197669938e-05,
15,200.561,-0.0061746855811572,0.0099120192394042,3.0304904478951144e-05,
15,200.612,-0.0059746528387432,0.0093515748343405,5.683718391293883e-05,
15,200.663,-0.0059688979503415,0.0088433895360868,6.928777436744445e-05,
15,200.714,-0.0060882057725314,0.0086103786364823,7.170685289815856e-05,
15,200.766,-0.0060773046904398,0.0085725698329942,-0.0001333357827684,
15,200.816,-0.0059837696489853,0.0084621578505283,-0.0006557961787323,
15,200.868,-0.00584475118432,0.0083140514843833,-0.0011390282353276,
15,200.919,-0.0056877296908065,0.0085553349757484,-0.0013574477763115,
15,200.969,-0.0053309423516321,0.009026971112885,-0.0013884830051595,
15,201.02,-0.0046738631866948,0.0092067887985768,-0.0012968458498258,
15,201.071,-0.0038769768417348,0.0091850028943343,-0.0009330604465373,
15,201.122,-0.0032552752415935,0.00943733566601,-0.0004239564868079,
15,201.173,-0.002795872089016,0.0098452041069064,-0.0002642176424149,
15,201.224,-0.0022766310855839,0.0101192264488359,-0.0003413770265135,
15,201.276,-0.0021623927233079,0.0102853932258669,-0.0003634393177059,
15,201.326,-0.0025179142466611,0.0103690379179512,-0.0003483926633836,
15,201.377,-0.0029453230646603,0.0103930374762168,-0.0003107548796169,
15,201.428,-0.0035853353351406,0.010376855568562,-0.0002616518137162,
15,201.48,-0.0043102867552916,0.0103362031646054,-0.0002091400907759,
15,201.53,-0.0048306425165343,0.0102831223185677,-0.0001586606689133,
15,201.582,-0.0053788122129924,0.0102263346402273,-0.0001135398532037,
15,201.633,-0.0059007840499596,0.0101717315301028,0.0001253531565041,
15,201.683,-0.0063640220445844,0.01012291595305,0.0006701648139289,
15,201.736,-0.0069532111427718,0.0100817337435508,0.0011665776042264,
15,201.785,-0.0071741802634835,0.0100487555155453,0.0013912374928564,
15,201.836,-0.0069404060651369,0.0098228545232815,0.0014235605333464,
15,201.888,-0.0066345950860726,0.0092905359726282,0.0013299314187034,
15,201.939,-0.0061063164060004,0.0088052926974534,0.0011630442465916,
15,201.989,-0.0056786298347675,0.0085900561505851,0.000962579530989,
15,202.04,-0.0059523166772094,0.0085652795312161,0.000756683830889,
15,202.093,-0.0066538442256368,0.0086646450709041,0.0005638452749814,
15,202.143,-0.0073725782764158,0.008835646997409,0.0003948723274368,
15,202.193,-0.0080446093492016,0.009038855853971,0.0002547798064266,
15,202.244,-0.0086327008123986,0.0092463962036523,0.0001444639086429,
15,202.295,-0.0091197140545194,0.00944004212826,6.21073519747541e-05,
15,202.346,-0.0093019435085424,0.0096092205944005,4.298549070741299e-06,
15,202.397,-0.0090732266326849,0.0097491161264964,-3.3122532914547424e-05,
15,202.449,-0.0085993223146136,0.0098589927113565,0.0001463719019882,
15,202.5,-0.0082070706836573,0.0099407898317532,0.0006513996835063,
15,202.55,-0.0078986980607594,0.0099980070985443,0.0011238044916977,
15,202.601,-0.0072672266978689,0.0098340299216361,0.0013365029362992,
15,202.653,-0.0066800973976787,0.0093405285467614,0.0013655515026975,
15,202.705,-0.0067710740440052,0.0088761646504081,0.0012744823653337,
15,202.755,-0.0074904801687543,0.0086686257359029,0.0011136914530232,
15,202.807,-0.0081534708099964,0.0086424742380727,0.0009211012638001,
15,202.857,-0.0083253516491818,0.0087347566792753,0.0007235879961167,
15,202.908,-0.0081684506785557,0.0088955835414275,0.0005387842291257,
15,202.959,-0.0078132893867235,0.0090874516947203,0.0003769776463921,
15,203.01,-0.0075603385248246,0.0092838147947786,0.00024291882616,
15,203.061,-0.0075940945535282,0.0094672862081714,0.0001374254852611,
15,203.111,-0.0078090187488337,0.0098285842802721,5.872730378750406e-05,
15,203.163,-0.0081228698217046,0.0104757410840463,3.5363364147659733e-06,
15,203.214,-0.0084749550563407,0.0108525781670921,-0.0002329782171866,
15,203.264,-0.0086224439478813,0.0106241053426092,-0.0009684522100212,
15,203.316,-0.0084260327111525,0.0100257700909538,-0.001964851434392,
15,203.368,-0.0084265063041769,0.0092382893451173,-0.0026468839465586,
15,203.418,-0.0089548815515005,0.0085935945560869,-0.0028716731956229,
15,203.469,-0.0095785474681216,0.008293099980211,-0.0029859843316166,
15,203.52,-0.0100123933040434,0.008438332165753,-0.003221090806184,
15,203.571,-0.0100888117455269,0.0090585985466303,-0.0033139489841928,
15,203.622,-0.0095281873085748,0.0097328670377763,-0.0031072827238372,
15,203.673,-0.0086040313437754,0.0101867698873748,-0.0029259518761189,
15,203.724,-0.0079226318340607,0.0104628773063955,-0.0029762705247161,
15,203.775,-0.0076524973876256,0.0106027746876306,-0.0029702820071656,
15,203.827,-0.0076678292574311,0.0106440751106378,-0.0027278282247091,
15,203.877,-0.0078650137260368,0.0106188224168649,-0.0023531942326899,
15,203.928,-0.0081629891275165,0.0105529144156046,-0.0019238819056249,
15,203.979,-0.0083008358975067,0.0104662266882888,-0.0014939896899026,
15,204.03,-0.0081240765594679,0.0103731757769773,-0.0012990939474263,
15,204.081,-0.0079605774554152,0.0102835189296951,-0.0014714038599188,
15,204.132,-0.0080195509275711,0.0104040749711975,-0.0016645457765152,
15,204.183,-0.0084173036410966,0.0108506003436739,-0.0016546989164752,
15,204.235,-0.0087995464338948,0.0114703157187733,-0.0015154559246904,
15,204.285,-0.0087394677169269,0.0121513228867358,-0.0015052440520595,
15,204.336,-0.0086013654063386,0.012616098321055,-0.0017794404968821,
15,204.388,-0.0084243167807325,0.0127040225249723,-0.0020131818481464,
15,204.438,-0.0084373464608128,0.0125431893569356,-0.0020013663552733,
15,204.491,-0.0087720700909256,0.0122357355510272,-0.0018330117821827,
15,204.54,-0.0088845558112852,0.0118589452022215,-0.0015777851349717,
15,204.591,-0.0086446388833969,0.0114679546282495,-0.0012873461896399,
15,204.643,-0.0079971476768683,0.0110992663445433,-0.0009976557488027,
15,204.693,-0.0071402732902625,0.0107744996753249,-0.0007317171985694,
15,204.746,-0.0066196136765502,0.0105039918320762,-0.0005023757243945,
15,204.795,-0.0065572459696198,0.0102900138019322,-0.0003149296358976,
15,204.847,-0.006793814695814,0.0101294808503773,-0.0001694114107183,
15,204.897,-0.0070022687226951,0.0100161211499819,-6.247366801542898e-05,
15,204.948,-0.0069751118545869,0.0099421226639859,1.1129743795086484e-05,
15,204.999,-0.0069998608374755,0.0098993131079667,5.7441314312953846e-05,
15,205.05,-0.0070559115462523,0.0098799456600111,8.252885163910613e-05,
15,205.101,-0.0069267012619312,0.0098771686982668,9.198895390105952e-05,
15,205.152,-0.0068898871198856,0.0098852551533227,9.066641388068775e-05,
15,205.203,-0.0069152887932894,0.0101004929201621,8.253465386703196e-05,
15,205.254,-0.0065768847599674,0.0106321303600479,7.068904257384984e-05,
15,205.305,-0.0056306712334369,0.0111231492850294,5.741314601815658e-05,
15,205.356,-0.0041698171065695,0.011347838557084,4.428643254437329e-05,
15,205.409,-0.0028979202202767,0.0113836668294474,3.2309912211027715e-05,
15,205.458,-0.0022510545426475,0.0114963242556563,2.2033185361532286e-05,
15,205.509,-0.0020570185515277,0.0118500396723974,1.367218872577222e-05,
15,205.56,-0.0019681595036559,0.012329942818047,7.211516416763109e-06,
15,205.61,-0.0017530605494305,0.0128522243764781,2.488628212613552e-06,
15,205.661,-0.001675110736464,0.0131588950536232,-0.0002015739791638,
15,205.712,-0.0018922173701871,0.0131018137875238,-0.0007179240219019,
15,205.763,-0.0022811179822424,0.0128160251888889,-0.0011922462493134,
15,205.814,-0.00274895719389,0.0124065131783691,-0.0014006762703286,
15,205.865,-0.0034306743097891,0.0119505484849841,-0.0014218320105875,
15,205.916,-0.0043956313079786,0.0115014205144831,-0.0013211795889832,
15,205.967,-0.0054647263037208,0.0110927572915857,-0.001150491072932,
15,206.018,-0.0065147262618742,0.0107428755283934,-0.0009485967994496,
15,206.069,-0.0072672958006507,0.01045880055821,-0.0009437411870832,
15,206.12,-0.0075678177102135,0.0102397516018328,-0.0014673140025173,
15,206.171,-0.0077551098676679,0.0100800041404936,-0.0022877347858673,
15,206.222,-0.0078547361219917,0.0099711228508621,-0.0028309649166912,
15,206.273,-0.0076893007369239,0.0099036114696616,-0.0029519451833288,
15,206.324,-0.0073671576590146,0.0098680561658562,-0.0027923960864422,
15,206.376,-0.0069703887300664,0.0098558522220948,-0.002465746182142,
15,206.426,-0.006758465874196,0.0098596050940687,-0.0020581668357546,
15,206.478,-0.0068829524839835,0.009873290413158,-0.0016314255272501,
15,206.528,-0.0070123617259769,0.0098922465334169,-0.0012266762716699,
15,206.579,-0.0069336985576073,0.0101138939349835,-0.0008685465621043,
15,206.63,-0.0067279071134914,0.0106485656540416,-0.0005690861695852,
15,206.681,-0.0064571136934035,0.0111402103145675,-0.0003313101239305,
15,206.732,-0.0061663849290413,0.0113639303315033,-0.0001521968020005,
15,206.783,-0.005886225849186,0.0113978442626526,-2.509570144500057e-05,
15,206.834,-0.0056353518016133,0.0113073013452421,5.843680946993218e-05,
15,206.886,-0.0054234133353692,0.0111442114626242,0.0003081497382371,
15,206.936,-0.0054543056705161,0.0109476950472191,0.000845216085093,
15,206.987,-0.0058392898810255,0.0107455273176387,0.0013225989338593,
15,207.038,-0.00662127800151,0.0105559759426937,0.0013216865509817,
15,207.09,-0.0075950653771097,0.0103897434044237,0.0008132584248769,
15,207.14,-0.0082119684773076,0.0102518204732599,0.0002210117435859,
15,207.192,-0.0085504253366521,0.0101431337787405,-0.0001765812149312,
15,207.242,-0.0086831108598233,0.0100619289680319,-0.0004173926900321,
15,207.293,-0.0082714982212996,0.0100048731693703,-0.000538306900059,
15,207.344,-0.0075438653879723,0.0099678888665759,-0.0005726113575943,
15,207.395,-0.0070736730926876,0.0099467485256196,-0.0005486127213136,
15,207.446,-0.0070071965130837,0.0099374680107396,-0.0004891491996824,
15,207.498,-0.0074058175781103,0.0099365393494463,-0.0004117171298553,
15,207.548,-0.0078698734669436,0.0099410417648736,-0.0001281476346229,
15,207.6,-0.0077361158975107,0.0099486657150892,0.000264848296102,
15,207.65,-0.0074305286114451,0.0101585128637675,0.000294787004482,
15,207.701,-0.0074409542683285,0.0106820320794548,8.947332480850042e-05,
15,207.752,-0.0076532177831048,0.0111638355909678,-4.939262139586453e-05,
15,207.804,-0.0077770447997839,0.0113793460715981,-0.0001344866292911,
15,207.854,-0.0076333718237751,0.0114067564042359,-0.0003790916812182,
15,207.905,-0.0075305127192632,0.0113113264507276,-0.0009071830715074,
15,207.956,-0.0076629263376421,0.0111447789093324,-0.0013738317955115,
15,208.007,-0.0077347615786536,0.0109459993341936,-0.0015627530076922,
15,208.058,-0.0075611403549027,0.0107425163461354,-0.0015583765579357,
15,208.11,-0.0074448764996178,0.0105523633099084,-0.0014303799307543,
15,208.161,-0.0075755724144898,0.0103860351105493,-0.0012333817248651,
15,208.211,-0.0078541571024458,0.0102483487270849,-0.0010079547982807,
15,208.263,-0.0080043771543234,0.0101400926401865,-0.0009832380490941,
15,208.314,-0.00785936899691,0.0100594083055273,-0.0014908999742074,
15,208.364,-0.0077374984363724,0.0100028888085267,-0.0022992215408117,
15,208.415,-0.0078410911488955,0.0099664078742043,-0.0028337690495716,
15,208.467,-0.0080809631171099,0.0099457093426366,-0.0029489554374913,
15,208.517,-0.0083889682498622,0.0099367956640543,-0.002785930604212,
15,208.568,-0.0087159275737768,0.009936156285722,-0.0024575709256031,
15,208.619,-0.0088279437671966,0.0099408750060564,-0.0020495517594958,
15,208.67,-0.0085922735489904,0.0101494847357121,-0.0016232204508409,
15,208.721,-0.0083533799761475,0.0106729355915905,-0.0012193932914909,
15,208.772,-0.0083324439033101,0.0111554260127994,-0.0008624400367741,
15,208.823,-0.0084529770755496,0.01137205261455,-0.0005642247237038,
15,208.874,-0.008453725263022,0.0114007646818415,-0.0003276377484479,
15,208.926,-0.0079759217505036,0.0113066509336603,-0.0003504157089263,
15,208.976,-0.0072295819795951,0.0111413231430499,-0.00073854159307,
15,209.027,-0.0065718057798031,0.0109436034706232,-0.0011289707782756,
15,209.078,-0.006224505057724,0.0107409927208153,-0.001288679005304,
15,209.129,-0.0065058954415384,0.0105515214940288,-0.0012875840761154,
15,209.18,-0.0069670591136611,0.0103856982001873,-0.0011834457548151,
15,209.231,-0.0071048064750089,0.0102483627038289,-0.0008207525317588,
15,209.282,-0.0072248982211967,0.0101403305361155,-0.0001205374714921,
15,209.334,-0.0075248527813287,0.0100597707013664,0.0005390633824396,
15,209.384,-0.0077152325898459,0.010003301940062,0.0009187945767256,
15,209.436,-0.0076192089380785,0.0099668203568699,0.0010885258127782,
15,209.487,-0.0075480475545998,0.009946088272988,0.0009091044991384,
15,209.537,-0.0076993819210836,0.0099371226347903,0.0003193335404219,
15,209.588,-0.007981257065399,0.0099364236653874,-0.0002854037956114,
15,209.64,-0.0083242107320889,0.0099410826873628,-0.0006503255411546,
15,209.69,-0.008477952891965,0.0099488037899836,-0.0006312921059722,
15,209.741,-0.0080963260096459,0.00995786849983,-0.0001667037911911,
15,209.792,-0.0072011631217915,0.0099670667347108,0.0003454861874171,
15,209.843,-0.0062493883166463,0.0099756116800231,0.000646225916378,
15,209.894,-0.0057394320479446,0.0099830511920241,0.0005863585831973,
15,209.945,-0.0057546369854399,0.0101900177465563,9.919105058597584e-05,
15,209.996,-0.0061054334049853,0.0107091585924451,-0.0004220566119066,
15,210.047,-0.0064424475911311,0.0111859748630462,-0.0007224543330522,
15,210.099,-0.0067435490042855,0.011396508244669,-0.0008570776156414,
15,210.15,-0.0071982628418788,0.0114193478104207,-0.0008745664527011,
15,210.201,-0.0075141338515987,0.0113199748772864,-0.0008155259941289,
15,210.251,-0.0075147491326344,0.011150203741795,-0.0007121462785472,
15,210.303,-0.007313125239541,0.0109489209140506,-0.0005886343627659,
15,210.353,-0.0071988257421125,0.0107435977604585,-0.0004621327692468,
15,210.405,-0.0071497139545162,0.0105521776574793,-0.0005447097079428,
15,210.456,-0.0065438547578923,0.0103850517370123,-0.0009555794491038,
15,210.507,-0.0054287618654416,0.0102469327316893,-0.0013431600395728,
15,210.557,-0.0044783177430146,0.0101385129339092,-0.0014838347510474,
15,210.61,-0.0039106574851599,0.0100578505062988,-0.0014548551106488,
15,210.66,-0.0036340983614913,0.0100014702028232,-0.0013193954255863,
15,210.71,-0.0035664543498862,0.0099651925019899,-0.0011265265456035,
15,210.761,-0.0036382324443799,0.010145555605233,-0.0009123320150505,
15,210.812,-0.0035928292825721,0.0106512060844718,-0.0007016672339401,
15,210.863,-0.0036767527906314,0.0111240258132849,-0.0005101896943057,end
16,212.495,-0.0090568809054362,0.0092996551372576,-0.0001014135971302,start
16,212.546,-0.0096702055071877,0.0092876067284194,0.0002328994921616,
16,212.597,-0.0100900557172904,0.0093371084808745,0.0008302693948927,
16,212.648,-0.0101512591520855,0.0094221088767801,0.0013475287413431,
16,212.699,-0.0095758599308144,0.0095230480061654,0.001571022169481,
16,212.751,-0.0088392320842103,0.009626100677042,0.0013873207175642,
16,212.801,-0.0084600431873668,0.0097222302931582,0.0007563879210472,
16,212.853,-0.0081397262120046,0.0100070310282101,9.014128544094688e-05,
16,212.904,-0.0076820653500412,0.0105907909021204,-0.0003443983805825,
16,212.954,-0.0071730842567443,0.011118559572114,-0.0005954243494259,
16,213.005,-0.0064712434119538,0.0113671870571845,-0.0007085877411345,
16,213.056,-0.0059029266295711,0.0114168138072815,-0.0007242419499006,
16,213.107,-0.0060684015316949,0.0113348244412728,-0.0006761009374226,
16,213.158,-0.0066912016874868,0.0111750093664062,-0.0005909120958879,
16,213.209,-0.0073564427496601,0.0109781191517481,-0.0004888060867922,
16,213.26,-0.0077946285790159,0.010773267611789,-0.0001832190998474,
16,213.311,-0.007851157545154,0.0105797664970567,0.0002283218645244,
16,213.362,-0.0074575354718474,0.0104090896094982,0.0002730887534697,
16,213.413,-0.0066059957053621,0.0102667621404473,7.902824583710515e-05,
16,213.465,-0.0059308441710282,0.0101540502729226,-5.1781371813488944e-05,
16,213.515,-0.005623890416623,0.0100693869515427,-0.0001315165444082,
16,213.566,-0.0055777395325286,0.0100095139061058,-0.0001720896406327,
16,213.617,-0.0059033960863855,0.0099703499513096,-0.0001842867016495,
16,213.67,-0.0064413507939558,0.0097467803240899,-0.0003781385723432,
16,213.719,-0.0068714138290982,0.0094229019574449,-0.0008737558983229,
16,213.77,-0.0069968982659418,0.0094623760083158,-0.0011214289961483,
16,213.822,-0.0071177938066779,0.0097317156038416,-0.0007885189331541,
16,213.872,-0.0074268679501211,0.0099260091821048,-0.0003108284406205,
16,213.923,-0.0080326353894451,0.0100565636059353,2.050901628432772e-05,
16,213.974,-0.0087800241346903,0.0101357509361567,0.0002313652436007,
16,214.025,-0.0091565342854683,0.0101756325094828,0.0003480118382347,
16,214.076,-0.0088632672039809,0.0101871014503041,0.0003948663152407,
16,214.127,-0.0081639966244461,0.0101794265658434,0.0003931955279015,
16,214.178,-0.0076621772149745,0.0101600903096351,0.0003605372077714,
16,214.229,-0.0075281399633467,0.0101348283631289,0.000310628541753,
16,214.28,-0.0076407480408169,0.0101077953456623,0.0002536656758048,
16,214.331,-0.0079024962827176,0.0100817981049994,0.0001967546121237,
16,214.382,-0.0082388686559503,0.0100585536097344,-5.638502094969274e-05,
16,214.433,-0.0085960793732398,0.0100389419027473,-0.0006158742212965,
16,214.485,-0.0089379588208655,0.0100232355664325,-0.0011260618275962,
16,214.535,-0.0092425411754097,0.0100112956899808,-0.0013628109882683,
16,214.586,-0.009297901171216,0.0102035642656117,-0.0016060047571521,
16,214.637,-0.0089881411081518,0.0107121903013485,-0.0020346288436129,
16,214.688,-0.00846909483209,0.0111820193346135,-0.0023469124369401,
16,214.739,-0.0076566856502135,0.0111875555464759,-0.0023586603981576,
16,214.79,-0.006520557704191,0.0108948721001561,-0.0021767156150814,
16,214.841,-0.0054689149779981,0.0108361046032544,-0.0018851619469059,
16,214.892,-0.0049576063900228,0.0109320804567825,-0.0015467319672854,
16,214.943,-0.005034750777454,0.0109187574678638,-0.0012054250452156,
16,214.994,-0.0052822694543586,0.0108364057800615,-0.0008896913584232,
16,215.045,-0.0054183402559314,0.0107163980262638,-0.0006157230856201,
16,215.096,-0.0054720027526444,0.0105818801349831,-0.0005913836008617,
16,215.147,-0.0052676680064905,0.0104488624326523,-0.0009299328539814,
16,215.198,-0.0051151149050693,0.0103274926513816,-0.0012731908679934,
16,215.249,-0.0056105281268822,0.0102233433369407,-0.0013910600926908,
16,215.3,-0.0066825509429967,0.010138605070408,-0.001354907027787,
16,215.351,-0.0080382639048385,0.0100731234276427,-0.0012228758314272,
16,215.402,-0.0088645118949968,0.010025252417226,-0.0010399595711215,
16,215.455,-0.0088831440382018,0.0099925216569607,-0.0008391023932833,
16,215.504,-0.008783981042515,0.0101729641503532,-0.0006428743329065,
16,215.556,-0.0086172360600955,0.0106764637232615,-0.0004653788436153,
16,215.606,-0.0084205424682916,0.0111458749314189,-0.0003141563447914,
16,215.657,-0.0082204423670299,0.0113548804311979,-0.0001919322957147,
16,215.708,-0.007833398573978,0.0113800841939614,-9.812512801816198e-05,
16,215.759,-0.0071567170689652,0.0112853817244678,-3.0079025467021142e-05,
16,215.81,-0.0061478024844075,0.0111213849857521,1.5978799320053304e-05,
16,215.861,-0.0052076929606311,0.010926120686712,4.423442381474205e-05,
16,215.912,-0.0045880675770007,0.0107264891469636,5.880270762721278e-05,
16,215.963,-0.0042237618419452,0.0105400937634336,6.342227376342899e-05,
16,216.014,-0.0040524716972166,0.0103771611955598,6.129010877443219e-05,
16,216.065,-0.0040187327285897,0.0102423654778861,-0.0001458346608027,
16,216.116,-0.003875089130838,0.0101364439790623,-0.0006686263584057,
16,216.167,-0.003873331073338,0.0100575500456362,-0.0011510402030623,
16,216.219,-0.0045652137230786,0.0100023281056709,-0.0013679700196042,
16,216.269,-0.0056463825785383,0.0099667244047506,-0.0013972045231556,
16,216.32,-0.0066895330476951,0.010147396715822,-0.0013037118401466,
16,216.371,-0.0076245004774797,0.010653097603189,-0.0011390184781974,
16,216.422,-0.0084149753778394,0.0111257977090852,-0.0009418908392753,
16,216.473,-0.0088484445309993,0.01133852542127,-0.000739797372672,
16,216.524,-0.0088172917656004,0.0113674302852578,-0.0005507539327193,
16,216.575,-0.0084906556276218,0.0112761180550241,-0.000385266661479,
16,216.626,-0.0080007505860308,0.0111150398341117,-0.0002481813407314,
16,216.677,-0.0074454885501592,0.0109221570589534,-0.0001403241930562,
16,216.728,-0.0066920821716421,0.0107243713251506,-5.987711723774312e-05,
16,216.779,-0.0058721193570845,0.0105393298840613,-3.472125291617247e-06,
16,216.83,-0.0052761745773622,0.0103773270343291,3.298223089322021e-05,
16,216.881,-0.0048717784163031,0.0102431142704129,5.37127115006569e-05,
16,216.932,-0.0048235524558198,0.0101375064967819,6.269330904085808e-05,
16,216.983,-0.0052084646153045,0.0100587284157636,6.341665851035158e-05,
16,217.034,-0.0058402492477858,0.0100034861153661,5.878610006226782e-05,
16,217.085,-0.0061779451623155,0.0099677763293231,5.109379332894455e-05,
16,217.136,-0.0058982312319731,0.0099474624421529,4.205577925636733e-05,
16,217.187,-0.0054458445921182,0.0099386546232927,3.288074867436044e-05,
16,217.238,-0.0051198894851372,0.0099379338016241,2.4354904316256604e-05,
16,217.289,-0.00510204019415,0.0101432911497851,1.6930327137288245e-05,
16,217.34,-0.0052832289374789,0.0106651536379907,1.0808491348050424e-05,
16,217.391,-0.0053766818555325,0.0111472505084256,6.01395901712487e-06,
16,217.442,-0.00560719152628,0.0113642814723539,2.45585618270264e-06,
16,217.493,-0.005706251460592,0.0113938771607084,-2.34259726824132e-08,
16,217.544,-0.0055122144211275,0.011300883422674,-1.6116355068249747e-06,
16,217.595,-0.0057482878208439,0.01113673727642,-2.5007678741456774e-06,
16,217.646,-0.0064420822743598,0.0109401438519625,-2.87011894383276e-06,
16,217.697,-0.0071728682635437,0.0107385333461671,-2.8764362286127324e-06,
16,217.748,-0.0076678386067014,0.0105499011974969,-2.649413747717233e-06,
16,217.799,-0.0075701382299175,0.010384746211726,-2.290975951116252e-06,
16,217.85,-0.0071001761848683,0.0102479158123058,-1.877049288867912e-06,
16,217.901,-0.0068308845358096,0.0101402434896339,-1.4607869191903977e-06,
16,217.952,-0.0069127599400298,0.0100599214348008,0.0001997571893047,
16,218.003,-0.007213279539291,0.0100035930650727,0.0007144287724975,
16,218.056,-0.0074290514938022,0.0099671781351539,0.0011879553027842,
16,218.105,-0.0073723030522004,0.009946460057883,0.0013962197088155,
16,218.156,-0.0071453320341909,0.009937473536079,0.001417627242666,
16,218.207,-0.0064257545614148,0.0099367329838277,0.001317474092834,
16,218.258,-0.0054480493309671,0.009740506832316,0.0011474034608369,
16,218.31,-0.0049858368792761,0.0092338355615446,0.0009461535068127,
16,218.36,-0.0050922012962831,0.0087695961491029,0.0007410737522364,
16,218.411,-0.0059563460519386,0.0085706980892232,0.0005500125159097,
16,218.462,-0.0074379083088253,0.0085579552837057,0.0003832906884407,
16,218.513,-0.0087947658928213,0.008665627110577,0.0002455723199125,
16,218.564,-0.0095609755642598,0.0088418773964954,0.0001375187577451,
16,218.615,-0.0094851527015235,0.0090479517869097,5.717108152156311e-05,
16,218.667,-0.0090762157466236,0.0092565992433491,1.0472248766224556e-06,
16,218.719,-0.0090889878447241,0.0094501355670745,-3.5032024104433e-05,
16,218.77,-0.0089695303544344,0.0096184328996346,-5.535726214422034e-05,
16,218.821,-0.0083731963367571,0.0097570232589786,-6.394584429331904e-05,
16,218.871,-0.0079205897123621,0.0100662612176001,-6.43171535953578e-05,
16,218.921,-0.0073956886742455,0.0106609357762488,-5.938847375649507e-05,
16,218.973,-0.0066657549647876,0.0111900696154885,-0.0002522902312883,
16,219.024,-0.0060637949939539,0.0114338280045843,-0.0007574080336866,
16,219.074,-0.0055922687058147,0.0114749784544563,-0.0012213545591099,
16,219.125,-0.0054431092555997,0.0113828802327727,-0.0014207917363902,
16,219.176,-0.0055126827677703,0.0112127213396584,-0.0014345639574546,
16,219.227,-0.0057169519206766,0.0110061675678778,-0.0013281533030855,
16,219.278,-0.0061920323372954,0.0107928650643166,-0.0011532115129954,
16,219.33,-0.0066017994640599,0.010592369579867,-0.0009483708532972,
16,219.38,-0.0069367597999088,0.0102153607376132,-0.0007408100669942,
16,219.431,-0.0071968341618493,0.0095545975518015,-0.000548178799902,
16,219.482,-0.0071871539596637,0.0089657631314088,-0.0005814309951846,
16,219.533,-0.0072060775526768,0.0086711970986762,-0.0009577162881505,
16,219.584,-0.007442659691632,0.0087898577138861,-0.0013229444298978,
16,219.635,-0.007799832011468,0.009364843112909,-0.0014509073539222,
16,219.687,-0.0080048184845697,0.0099854688903913,-0.0014164201609052,
16,219.737,-0.0076940657464136,0.0103846755216831,-0.0012805158110845,
16,219.788,-0.0068766730596003,0.0106098049921626,-0.0010904850787192,
16,219.84,-0.0060008437026717,0.0107052043779948,-0.0010818397899677,
16,219.89,-0.005559561613358,0.010709737411545,-0.0013910544960789,
16,219.941,-0.0058340941118388,0.010856462671664,-0.0016784552552174,
16,219.992,-0.0065456612510604,0.0112834298424889,-0.001727944052235,
16,220.043,-0.0068778576104575,0.0116549971870287,-0.0016208720400167,
16,220.094,-0.0067392237973785,0.011760350820882,-0.0016228246330898,
16,220.145,-0.0067114265744926,0.0116865044597656,-0.0018953771215329,
16,220.196,-0.0067569476163558,0.0115036602401191,-0.0021187505283843,
16,220.247,-0.006845834577185,0.0112655985854771,-0.0020918048408259,
16,220.299,-0.0069553937395296,0.0112120811165633,-0.001705647601795,
16,220.349,-0.0066677424719937,0.011482054244217,-0.000919297174084,
16,220.4,-0.0063492813622073,0.0117369770318237,-0.0001402861373401,
16,220.451,-0.0062374770518916,0.0117609347749141,0.0003706034603585,
16,220.502,-0.0056646930581831,0.0116348381230162,0.0006684914305252,
16,220.553,-0.0046414391012151,0.0114226336347262,0.0008058401072573,
16,220.604,-0.0038131443848774,0.0111722508743781,0.0008291929664882,
16,220.655,-0.0033772605153511,0.0109174965345533,0.000777558416797,
16,220.706,-0.0036297333176428,0.0106804037736505,0.0006819785592073,
16,220.757,-0.0045042363714456,0.0104736847759133,0.000766726227331,
16,220.808,-0.005305760314423,0.0103030524907013,0.0011611528134684,
16,220.859,-0.0059960897990052,0.0101692719563147,0.0015216731410654,
16,220.91,-0.00676048164472,0.0100698734025099,0.0016306521358257,
16,220.961,-0.0077118009118141,0.0100005108148032,0.0015695500499238,
16,221.012,-0.0087065835976778,0.0099559839769722,0.0014042747434563,
16,221.063,-0.0092476599653857,0.009930962580569,0.0009846312637066,
16,221.114,-0.0092534508945125,0.0099204610844297,0.0004355597784313,
16,221.165,-0.008714636823277,0.0099201155702007,0.0002492555674674,
16,221.216,-0.0076689906416383,0.0097254777113026,0.0003105791681397,
16,221.268,-0.0063822872845221,0.0092210324357676,0.0003249592538686,
16,221.319,-0.0052451805283704,0.0087592491882158,0.0003080768420126,
16,221.369,-0.0044961991606549,0.0085627576006578,0.0002725004018426,
16,221.42,-0.0040563108742066,0.0087530297324458,2.6958840832436767e-05,
16,221.471,-0.0038499976598886,0.0093769018070257,-0.0005343526252852,
16,221.522,-0.0040108956877909,0.0100279124124183,-0.0012530915122381,
16,221.573,-0.0045952133706736,0.0104431967647492,-0.0022158915900707,
16,221.625,-0.0054041516379979,0.0106739364922745,-0.0030570419686986,
16,221.675,-0.0064929995065092,0.0107677821196482,-0.0031500986365172,
16,221.726,-0.0076738969091103,0.0107662915611741,-0.002755888687985,
16,221.777,-0.0084172975337721,0.0107037767349968,-0.0020808377956339,
16,221.828,-0.0086195553253422,0.0104063122776564,-0.001079064651755,
16,221.879,-0.008659335915577,0.0097812252071178,-0.0001490572500269,
16,221.93,-0.0085917157902919,0.0091970659339326,0.0004593787124454,
16,221.981,-0.0082598125540599,0.0088869169590959,0.0008126965703287,
16,222.032,-0.0081867411855245,0.0087774202515126,0.0009740107926467,
16,222.083,-0.008486375765103,0.0088054084337729,0.0012000579136341,
16,222.134,-0.0090009751945582,0.0089193243740108,0.0016502960865261,
16,222.185,-0.0098129367629086,0.009079198952104,0.0020073166884652,
16,222.236,-0.0103487170011103,0.0092557058948875,0.0020750377012067,
16,222.288,-0.0106643268368948,0.0094287006165206,0.0019517757140359,
16,222.338,-0.0110142096712655,0.009585545504776,0.0017159285483225,
16,222.389,-0.0109562989352398,0.0097194327796443,0.0016276547802157,
16,222.44,-0.0106415013355573,0.0098278405255143,0.0018419524307009,
16,222.491,-0.0103880713874963,0.0099111981667112,0.0020322557980131,
16,222.542,-0.0099935249267151,0.0101726271324666,0.0019910490108904,
16,222.593,-0.0093393348010289,0.0107280945778004,0.001804673114023,
16,222.644,-0.0083703415136377,0.011226687775563,0.0015401650064189,
16,222.695,-0.0070764576643392,0.011447917213694,0.0012467955373658,
16,222.749,-0.0062806478897597,0.0114734868512656,0.0009584831749265,
16,222.797,-0.0062698761548419,0.0113715156772976,0.0006965753258783,
16,222.848,-0.0065626214492132,0.0111959377051389,0.0002718083607693,
16,222.899,-0.0070265106140895,0.0109872566861485,-0.0004241192035946,
16,222.951,-0.0073620636851831,0.0107741090459211,-0.0010372161089837,
16,223.001,-0.0075883520651692,0.0105752196192047,-0.0013471035910902,
16,223.052,-0.0077263848384252,0.0102006185402659,-0.001437632908873,
16,223.103,-0.0077967260919822,0.0095425838689137,-0.0013802039970482,
16,223.154,-0.0082196698401132,0.008956464486207,-0.0014333289660589,
16,223.205,-0.0088347792048349,0.0086643867394337,-0.0017539237795308,
16,223.256,-0.0093228867627421,0.0085843566647656,-0.0020194726421421,
16,223.308,-0.0094894964907901,0.0086467527837266,-0.002027551584331,
16,223.358,-0.0090348614435919,0.0087954816647638,-0.0018698527876561,
16,223.409,-0.0080174788560418,0.0089876322895919,-0.0016185006735158,
16,223.46,-0.0071225744449309,0.0091921953916182,-0.0013272758457493,
16,223.511,-0.0067797796816754,0.009388285992751,-0.0010338736904818,
16,223.564,-0.0066177855247822,0.0095631901054995,-0.0007626451138389,
16,223.615,-0.0065847616663497,0.0097104555783965,-0.0005274263265759,
16,223.665,-0.0066371060280838,0.0098281646218064,-0.0003341984126855,
16,223.715,-0.0067399964253151,0.009716627973067,-0.0001834240773444,
16,223.767,-0.0072687063695971,0.0092661907165943,-7.198963427951487e-05,
16,223.817,-0.0080280432349611,0.0088354178740871,5.262193741049033e-06,
16,223.869,-0.0086734592158224,0.0086526959632487,5.438504221751128e-05,
16,223.919,-0.0091939633618527,0.0084429069270385,8.15211179053416e-05,
16,223.97,-0.0095925412103228,0.0080317777723203,9.237600813619346e-05,
16,224.175,-0.0078777791965941,0.0083694414400713,5.922028626526311e-05,
16,224.226,-0.007279208080822,0.0092117707068521,4.591597576712817e-05,
16,224.276,-0.0067122168987485,0.0100161547214658,3.3694646460079146e-05,
16,224.327,-0.0062110279204495,0.0105307498817201,2.314967050223678e-05,
16,224.378,-0.0055914698769783,0.0108181493036352,1.452694077134472e-05,
16,224.429,-0.0049457668942018,0.0109367485987132,7.82974034802018e-06,
16,224.48,-0.0047368346818695,0.0109375601808252,2.905490405112649e-06,
16,224.531,-0.005025643978576,0.0110635968905032,-4.860929733477055e-07,
16,224.582,-0.0054096458512811,0.0114606556187314,-2.6222406580459744e-06,
16,224.633,-0.0056230177734249,0.0117988039774043,-3.7816085902138114e-06,
16,224.684,-0.0057098150090834,0.0118711717959045,-4.221381285732168e-06,
16,224.736,-0.0053067933411463,0.0117672672987631,-4.164312006209469e-06,
16,224.786,-0.0040195007250422,0.0115586572888674,-3.793176934635195e-06,
16,224.838,-0.0024693259047028,0.01129965260168,-3.250429849541879e-06,
16,224.888,-0.001678416711339,0.0110291339539642,-2.641219888104328e-06,
16,224.939,-0.0018396674807481,0.0107729625095304,-2.0383238041433086e-06,
16,224.99,-0.0023978000185181,0.0107474054606931,-1.4879098650186522e-06,
16,225.041,-0.002964802914054,0.0108718063953881,-1.0153720876096688e-06,
16,225.092,-0.0036927791771203,0.0106807222443892,-6.307409020014699e-07,
16,225.143,-0.0048671824146697,0.0103026516998785,-3.333874990819643e-07,
16,225.194,-0.0064343920564184,0.0100358625157531,-1.158972646984841e-07,
16,225.245,-0.007725962001771,0.0098618759021215,3.2900860175188046e-08,
16,225.296,-0.008335326407149,0.0097613853068711,1.256897264138978e-07,
16,225.348,-0.0084582048877327,0.0099169379091335,0.0002010087585597,
16,225.398,-0.0082592036184241,0.0104250417864691,0.0007153650054908,
16,225.449,-0.0078697507374096,0.0109176035670226,0.0011886140835432,
16,225.501,-0.0071886038649776,0.0111597945510507,0.0013966476230182,
16,225.551,-0.0065759311447179,0.0112219537993683,0.0016187063700603,
16,225.807,-0.0063712729783553,0.0119383742587938,0.0016877911536925,
16,225.857,-0.0064866540106978,0.0116881316690832,0.0007150764931261,
16,225.908,-0.0068428930606802,0.011392024737562,-0.0003678874322747,
16,225.959,-0.0075258225100954,0.0108894562792437,-0.0012337279959782,
16,226.011,-0.0083634132625067,0.0100940128118,-0.0016899265318219,
16,226.061,-0.0088312424030928,0.0093754678902067,-0.002047586170826,
16,226.112,-0.0088235083749702,0.0089647988262497,-0.0023133156996728,
16,226.163,-0.0083105588227669,0.0087845768848678,-0.0022979050822582,
16,226.214,-0.0073139618749933,0.0087666304125165,-0.0021034227878815,
16,226.265,-0.0060872370094825,0.008854201264076,-0.0018097160341176,
16,226.316,-0.005012299961306,0.0090024109439191,-0.0014759660011308,
16,226.367,-0.0043218993336656,0.0091776052328259,-0.0011433454451037,
16,226.419,-0.00413441765918,0.0093560321784643,-0.0008381698417454,
16,226.469,-0.0046862121921238,0.0095221987391663,-0.0005751119138073,
16,226.52,-0.005466981436824,0.0096671533479997,-0.0003601985759046,
16,226.571,-0.0059302147571507,0.0097868589332793,-0.0001934275773892,
16,226.622,-0.0061525827875375,0.0098807546543513,-7.093003400038213e-05,
16,226.673,-0.0064034415556224,0.0099505542109518,1.333200906958566e-05,
16,226.724,-0.0068532542044149,0.0099992924153615,6.630259354498264e-05,
16,226.775,-0.0071936975675151,0.0100306075804457,9.494904247400978e-05,
16,226.826,-0.0072358141213179,0.0100482327968285,0.0001056939012346,
16,226.877,-0.0070832149485489,0.0098548283932585,0.0001040943759013,
16,226.928,-0.0070188270205871,0.0093407830080684,-0.000106127399391,
16,226.979,-0.006815352359695,0.0088632227373437,-0.0006340951881588,
16,227.03,-0.0061373527214215,0.0086482599765233,-0.0011226027353068,
16,227.081,-0.0056111491286933,0.008618983235403,-0.0013457252375567,
16,227.132,-0.0054254055753445,0.008711148410591,-0.0013807184299705,
16,227.183,-0.0050712707033471,0.0090746302536078,-0.0012922434758653,
16,227.234,-0.0046375866805123,0.0097837553595622,-0.0011316895354753,
16,227.285,-0.0045893903378007,0.0104567591732443,-0.0009378054802804,
16,227.336,-0.0051939662020009,0.0108516981584636,-0.000938954137764,
16,227.387,-0.006369464508379,0.0110365730222058,-0.0012659287055051,
16,227.438,-0.0074150256410469,0.0112727049563012,-0.0015747715671901,
16,227.489,-0.0080924241660745,0.011723575051131,-0.001847175214936,
16,227.54,-0.0088809505788776,0.0120751141842394,-0.0024759926999058,
16,227.591,-0.0094765703209632,0.0121338732409477,-0.0032828816618689,
16,227.642,-0.009298119910086,0.0120001370268798,-0.0039383231998724,
16,227.846,-0.0058814945158017,0.0108561655731894,-0.0038315731838157,
16,227.897,-0.0055803560679253,0.0106014013561995,-0.0031916321113051,
16,227.948,-0.0055414321045755,0.0103896952806415,-0.002524810062433,
16,227.999,-0.005272139389634,0.0102226116923472,-0.001894315981922,
16,228.05,-0.0050775661933329,0.0100975692080254,-0.0015386043278559,
16,228.101,-0.0053482125250401,0.0100095349460927,-0.0015885340099998,
16,228.152,-0.0056946525040546,0.0099523080615683,-0.0016937777071436,
16,228.203,-0.0060618721323662,0.0099194367696963,-0.0016252088866694,
16,228.255,-0.0066137524522059,0.0099048266393172,-0.0014506735114386,
16,228.305,-0.0072397307337319,0.0099031020153056,-0.0012221973543108,
16,228.356,-0.0076621111986576,0.0097089464199972,-0.0009774804744944,
16,228.407,-0.0075183152943401,0.0092061384608234,-0.000742006536431,
16,228.458,-0.0070229529276489,0.0087466017932122,-0.0005313770099928,
16,228.509,-0.006542740699215,0.0085525670621836,-0.000554435739917,
16,228.56,-0.0063116558018245,0.0085443998882813,-0.0009263520605173,
16,228.611,-0.0066605802625377,0.0086560952553733,-0.0014921314077571,
16,228.662,-0.0071526306515212,0.0088356917719308,-0.0021367940914675,
16,228.713,-0.0070944459964586,0.0090444091851498,-0.002579427083338,
16,228.764,-0.0066880414243952,0.0092550363377949,-0.0024552624695835,
16,228.815,-0.0062917870149741,0.009449967896341,-0.0019775559130066,
16,228.866,-0.0059338749166185,0.0096191735344698,-0.0017131478205497,
16,228.917,-0.0056293060364819,0.0097582869392268,-0.0016067798436371,
16,228.968,-0.0053834159840321,0.0098669251823768,-0.0014094823901203,
16,229.019,-0.0051949128872184,0.0099472908475517,-0.001169716764464,
16,229.07,-0.0050583581090796,0.0100030677992275,-0.0009219753141268,
16,229.122,-0.004765256727496,0.0100385939860395,-0.0006890204848132,end
17,230.243,-0.0066080837614741,0.0107754314122229,-0.0038628040147019,start
17,230.295,-0.0070239860303396,0.01092052129124,-0.0032636727430804,
17,230.345,-0.0077306327517078,0.0109396262458978,-0.0026172368494026,
17,230.396,-0.0081653141858661,0.0108763958083917,-0.001791558841436,
17,230.45,-0.0081898171445472,0.0107654389604496,-0.0007164195452326,
17,230.498,-0.0081501167552387,0.0106327862535248,0.0002315088141526,
17,230.549,-0.0082732623753169,0.0104968753252968,0.0008208662208289,
17,230.6,-0.0080892895086747,0.0103697929272479,0.0011329084744975,
17,230.651,-0.007120623938621,0.0102585816896353,0.0012420267936502,
17,230.702,-0.0059273444109853,0.0101664834289385,0.0012122336829194,
17,230.753,-0.0052883696190066,0.0100940418775332,0.0010957428967154,
17,230.804,-0.0052570637347708,0.0100400266675007,0.0009330065311774,
17,230.855,-0.0054171684935732,0.0100021684486849,0.000753683667884,
17,230.907,-0.0054863393374483,0.0101785474784709,0.0005781286552143,
17,230.957,-0.0054916328417473,0.0106789924146666,0.0004190931013217,
17,231.008,-0.0052546996148924,0.0111462413883346,0.0002834282043896,
17,231.059,-0.0048814475678902,0.0113538306969454,0.000173650545122,
17,231.11,-0.0048524191764346,0.0113782105121121,8.929452499391939e-05,
17,231.161,-0.0052473247627312,0.01128313012191,0.0002288529790291,
17,231.212,-0.0058823969246822,0.0111190718821957,0.0007016417673045,
17,231.263,-0.0064196490881246,0.0109239539590129,0.001350167582694,
17,231.314,-0.0066501712630343,0.0107245903583835,0.0018584706309614,
17,231.365,-0.0064646193879506,0.0103376856986382,0.0018343405368371,
17,231.416,-0.0060271238055116,0.0096607490274185,0.0014706720819327,
17,231.467,-0.0060656902406419,0.0090530142017235,0.0011192885788506,
17,231.518,-0.0068081489189745,0.0087393171844164,0.0008040119018973,
17,231.569,-0.0077415720382565,0.0086394021352661,0.0005372196604444,
17,231.62,-0.0081199844176067,0.0086846230020317,0.0001221216750888,
17,231.671,-0.0079112069730272,0.0088192942629039,-0.0007564134801664,
17,231.722,-0.0077442735579869,0.009000516062964,-0.0018615990063939,
17,231.773,-0.0078184208704889,0.0091970349482942,-0.0026216964056034,
17,231.824,-0.0080412291680657,0.0093875776003329,-0.0028985760924115,
17,231.875,-0.0081406487994635,0.0095589804350124,-0.0026424669966423,
17,231.926,-0.008152946196822,0.0097043385352399,-0.0018642652001363,
17,231.977,-0.008510047034158,0.0100221493411522,-0.001014567747294,
17,232.028,-0.0088587672857711,0.0106258657683582,-0.0003881092391957,
17,232.079,-0.0085715977637434,0.0111636159190591,4.484904742079116e-05,
17,232.13,-0.0078996686793152,0.0114150255097867,0.0003189246311988,
17,232.181,-0.0072357855031445,0.0114625935390993,0.0004690831085757,
17,232.232,-0.0068312282723277,0.011375606164991,0.0005277044087956,
17,232.283,-0.0068263232740966,0.0112093094728794,0.0005229089476479,
17,232.334,-0.0066764625741284,0.0110055068167234,0.0002769926294133,
17,232.385,-0.0062448394851436,0.0107940218258273,-0.0003046452677444,
17,232.436,-0.0058680150873664,0.0105945990792637,-0.0008540400742032,
17,232.487,-0.0055566075230151,0.0104189327913395,-0.0011377872822595,
17,232.538,-0.0053121715932135,0.0102726146258133,-0.0012283665988703,
17,232.589,-0.0051303244087777,0.0101568731685538,-0.0011877808410868,
17,232.64,-0.0054048943376589,0.0100700400421583,-0.0010663325555424,
17,232.691,-0.0061509645867852,0.010008722923907,-0.0007019456690679,
17,232.742,-0.0069386642296541,0.0099686963531288,-0.000211022197425,
17,232.793,-0.007488950653056,0.0099455399807315,-8.004918572822772e-05,
17,232.844,-0.0074410980180884,0.009935063567581,-0.0001904524706341,
17,232.895,-0.0072143058015505,0.0099335610723365,-0.0002459600808537,end
18,234.17,-0.0062208304661171,0.0099277151511698,0.00012730838816,start
18,234.221,-0.0062085650461705,0.0097244074928582,-7.155772723018339e-05,
18,234.273,-0.0055011094187751,0.0092144878024877,-0.0005950196475078,
18,234.323,-0.0046054584981736,0.0087497192836118,-0.0010837764224393,
18,234.375,-0.0044643935988131,0.0085520786579304,-0.0013101778194509,
18,234.425,-0.005220283147825,0.008541638073151,-0.001350129583234,
18,234.476,-0.0062898789316702,0.0086520972508519,-0.0012672921244678,
18,234.527,-0.0068722453922659,0.0088312221089875,-0.00111235822883,
18,234.578,-0.0068945094072849,0.0090399960868514,-0.0009236315487737,
18,234.629,-0.0069574296232374,0.0092510140367841,-0.0009292265377265,
18,234.68,-0.0072422038130389,0.0094465193591382,-0.0012598342187845,
18,234.731,-0.0076463874935645,0.0096163700145009,-0.0015714967745022,
18,234.783,-0.0082955188158224,0.0095552886628765,-0.0016451382571455,
18,234.833,-0.0090496007182726,0.0091501719341973,-0.0015602086832159,
18,234.884,-0.0094087475154159,0.0087577856723729,-0.0013804020049836,
18,234.936,-0.0092849169140226,0.0086059195176425,-0.0011541902429797,
18,234.986,-0.0084596084448898,0.0086205112375397,-0.0009163888831702,
18,235.038,-0.0070498722974822,0.0087406887679716,-0.0006902579235454,
18,235.088,-0.0057802288566037,0.0091197632989239,-0.000489777675939,
18,235.139,-0.0049032625976079,0.0098352631054758,-0.0003218538243422,
18,235.19,-0.0043485901890403,0.0107090512032706,-0.000188299971794,
18,235.241,-0.0038443465365077,0.0116141633169357,-8.751821437164351e-05,
18,235.292,-0.0032121194270074,0.0122658206908941,-1.5851038069647418e-05,
18,235.343,-0.0027494325788158,0.0125017409290161,3.138618444838014e-05,
18,235.394,-0.0026334835300753,0.0124520752260971,5.916048890011415e-05,
18,235.445,-0.0027492298908462,0.0122232383585146,-0.0001286126407655,
18,235.496,-0.0032051098086058,0.0118978730467646,-0.000640376638844,
18,235.548,-0.0042441798054023,0.0117375704465147,-0.0013188209048716,
18,235.598,-0.0055738075659993,0.0118968423886904,-0.0020496640402739,
18,235.649,-0.0063804704268563,0.0120474454329772,-0.0027554021117087,end
