episode_id,timestamp,wx,wy,wz,marker
1,21.757,-0.0040592177615747,0.0277629488889262,0.0034665069994595,start
1,21.808,-0.0029510766284016,0.0271577615850977,0.002428287353135,
1,21.859,-0.003007466683522,0.0263954496624765,0.0015673508556913,
1,21.91,-0.0034045332877215,0.0255936047799898,0.000889277188077,
1,21.96,-0.0029840273073806,0.0250316540041346,0.000382954883012,
1,22.114,-0.0021646809417428,0.0236583179845552,0.0010551623234845,
1,22.165,-0.0030768980606693,0.0229774496985181,0.0017201473572671,
1,22.215,-0.0042181066612787,0.0221007512774339,0.0024101184499518,
1,22.267,-0.0058161693741076,0.02116888511756,0.0032615202788531,
1,22.319,-0.0077796919194933,0.0206781643898291,0.004148059902029,
1,22.369,-0.0092173651593711,0.0203089606029279,0.0045842490949653,
1,22.42,-0.0098006235581373,0.0194448503444817,0.0046965647587347,
1,22.982,-0.0085141544418938,0.0186739188148039,0.0037786783751568,
1,23.032,-0.0077762402544143,0.0194847898248471,0.0040460834808296,
1,23.083,-0.0076824538305522,0.0200462318114647,0.0044950492289684,
1,23.134,-0.0084109812380175,0.0202017658759884,0.0048235585457786,
1,23.185,-0.0090058747900536,0.0196828083691813,0.0050484226542843,
1,23.236,-0.0092664385490222,0.0187729543089803,0.0049879159810159,
1,23.39,-0.0095507810976838,0.0185092754610439,0.003172630483846,
1,23.442,-0.0100358379032843,0.0193561557660249,0.0024505263239889,
1,23.491,-0.0099423835374663,0.0201518596442865,0.0015897107908271,
1,23.542,-0.009686241310487,0.0204491524838033,0.0005082511415515,
1,23.594,-0.0093463357654519,0.0204029060739335,-0.0004270078973974,
1,23.645,-0.0091808479324641,0.0201400453723084,-0.0011933683533428,
1,23.695,-0.0095421846892318,0.0199602089273957,-0.0017898410545402,
1,23.746,-0.0102123737742139,0.0208522353796919,-0.0018277719544197,
1,23.797,-0.011629308132292,0.0231633777989307,-0.0015044340904407,
1,23.848,-0.0138130087883165,0.0259981766983019,-0.0009753707992011,
1,23.899,-0.0147063827094918,0.0277360923423788,-0.0001560330190665,
1,23.95,-0.0132946001850019,0.0278275728202357,0.0005828188547015,
1,24.002,-0.0113211500293359,0.0270565942840522,0.0012106964395148,
1,24.052,-0.0099493421807022,0.0259952453634818,0.0019177945688026,
1,24.103,-0.0088727669694341,0.0250337624393725,0.0022172299639697,
1,24.154,-0.007871191022684,0.0242135679778878,0.0018294882442994,
1,24.205,-0.0069981760331014,0.0231482108387479,0.0012330067155549,
1,24.256,-0.0064785797834897,0.0218103684111045,0.0007514006712252,
1,24.307,-0.0068298911189701,0.0208069079500323,0.0005829929321371,
1,24.358,-0.007711538317746,0.0207010162975214,0.0008298178402264,
1,24.409,-0.0084608241548826,0.0213801220796061,0.0013231245457968,
1,24.46,-0.0092658607592775,0.0223072985993844,0.002336551006956,
1,24.511,-0.0098411481706846,0.0227165914014462,0.0036021450169687,
1,24.561,-0.0098212034429662,0.022760858776749,0.0041244629010824,
1,24.614,-0.009822775207634,0.022969127692931,0.0039272862389777,
1,24.663,-0.0102396876537739,0.0230650146308402,0.0034853341826171,
1,24.716,-0.0108894874645374,0.0226794549731425,0.0029218985895107,
1,24.766,-0.011636449276224,0.0220160921430692,0.0025266457308589,
1,24.817,-0.0119840527468526,0.021629517365272,0.0022710091582267,
1,24.868,-0.0116459356296354,0.0214515159208396,0.0017237845650457,
1,24.919,-0.0108951926773997,0.0214215827768766,0.0012343436482512,
1,24.97,-0.0097392876362087,0.02168985175389,0.0012229481758821,
1,25.022,-0.0080147218088183,0.0219269884884621,0.0013182296666642,
1,25.072,-0.0058631511997279,0.0221251084965446,0.0012734406441528,
1,25.123,-0.0042130645003809,0.0224831230565337,0.0011424152397537,
1,25.174,-0.0032179961110836,0.0227140920285307,0.0009666077235733,
1,25.327,-0.0042494210915857,0.0213150343516672,0.0004258835250055,
1,25.38,-0.0075281139410652,0.0202490596623388,0.0002853045756493,
1,25.431,-0.0102311511196,0.0193445536751813,0.0001722245459016,
1,25.481,-0.0121470126573803,0.019218768953016,8.586510084144223e-05,
1,25.531,-0.0140066110636328,0.0198033566897443,2.3580497088660894e-05,
1,25.582,-0.0160824043568467,0.0205957472830512,-1.8260132298360856e-05,
1,25.633,-0.0177284315998758,0.0216585907338597,-4.362778466022836e-05,
1,25.684,-0.0183640956912861,0.0230103413022005,-5.639259652706945e-05,
1,25.737,-0.0180998630684714,0.024438792091464,-6.004911572621061e-05,
1,25.787,-0.0172797070253276,0.0260025159434626,-5.757027656676834e-05,
1,25.837,-0.0161688946160501,0.0277282116869016,-5.135564961957012e-05,
1,25.889,-0.0147600710504195,0.0290174899268814,-4.3244311928141074e-05,
1,26.092,-0.0080549353086425,0.0283188893221762,0.0007026925154432,
1,26.144,-0.00684273978823,0.0271521395773595,0.0011809825544337,
1,26.194,-0.0061180963152021,0.0264317876661259,0.0013928621891153,
1,26.245,-0.0057643582167376,0.0264572693664033,0.0016176917322452,
1,26.296,-0.0060785851681892,0.0265573782560667,0.0018327653834589,
1,26.347,-0.0065951359371865,0.0266973073147142,0.0018234708117028,
1,26.398,-0.0067982837747632,0.0270523677698762,0.001671024000183,
1,26.448,-0.0069849442467412,0.0275168798414034,0.0012381792040517,
1,26.5,-0.0073468690950955,0.0278134393568214,0.0006602726503147,
1,26.551,-0.0075912916890183,0.0277776249337772,0.0002365894051886,
1,26.602,-0.0075398850624705,0.027732352726334,-5.41465417742744e-05,
1,26.653,-0.0075037112383071,0.0278854852831299,-3.542705371548801e-05,
1,26.704,-0.0076810466195621,0.0281535633721569,0.0003810920079094,
1,26.755,-0.0081819041485869,0.0284738263140264,0.0008184463639211,
1,26.806,-0.0090508511409178,0.0286009966049346,0.0012340292783822,
1,26.857,-0.0096844000449868,0.0281924432861122,0.0018030974865878,
1,26.91,-0.0097144135348363,0.0274731233088328,0.002224054848938,
1,26.959,-0.0095557712265919,0.0270139454327046,0.0023153704744736,
1,27.011,-0.0094897121736004,0.0269593310974865,0.0021879341647378,
1,27.06,-0.0092875046305617,0.0271685715701099,0.001930438364841,
1,27.112,-0.0092150557316959,0.0273293930623143,0.0018110478956547,
1,27.724,-0.007704307311243,0.0288526758027813,0.0046421498251767,
1,27.777,-0.0076259249176489,0.0264918639169665,0.0041682498936406,
1,27.825,-0.0081680392312679,0.0244562396779845,0.003931130809441,
1,27.877,-0.0088637264870235,0.0229935374350694,0.0040657537385061,
1,27.927,-0.0094011873638776,0.0222166171865851,0.0044279792535483,
1,27.979,-0.0101956607274808,0.0219419369684595,0.0045054118961473,
1,28.029,-0.0112919803044336,0.022011435179214,0.0043939717597055,
1,28.08,-0.0120921509559342,0.0222960897228063,0.0043711838035655,
1,28.131,-0.0122364382484863,0.0228967014819953,0.0044070836950287,
1,28.182,-0.0119484826422201,0.0236517036652798,0.0044777391652416,
1,28.233,-0.0118081071700942,0.0242442387894823,0.00436417552515,
1,28.285,-0.0117736592916777,0.0248858086730652,0.0039407519800779,
1,28.336,-0.011609081900108,0.025507287544967,0.0035534480433831,
1,28.386,-0.0111734331611626,0.0258651218104845,0.0034212565948976,
1,28.437,-0.0103980959125398,0.0258242874810916,0.0032624676741982,
1,28.488,-0.0096680180970154,0.0253302131425946,0.0028985428319118,
1,28.539,-0.0092264508228006,0.0247859769850154,0.0024322890933869,
1,28.59,-0.0092062265115995,0.0242532898424396,0.0019378623369774,
1,28.641,-0.0094578558467175,0.0237708022808622,0.0014650857853909,
1,28.692,-0.0092611237134071,0.0237609375053696,0.0012450080588717,
1,28.744,-0.0085918047804783,0.0240549825522232,0.0014055123738538,
1,28.794,-0.0078739939396268,0.024319485318754,0.001596376043538,
1,28.845,-0.0071827469691369,0.0247446263309922,0.001590544337008,
1,28.896,-0.0065640670401742,0.0254394735353674,0.0014590302295906,
1,28.947,-0.0062424624512717,0.0260506440835842,0.0014583081602839,
1,28.999,-0.0063380568543822,0.0261573837222224,0.0017423614277546,
1,29.049,-0.0062918757320377,0.0257311974007847,0.0019854031573851,
1,29.1,-0.0057568092365485,0.0249974552179491,0.0021826176905294,
1,29.151,-0.0049511790991793,0.0243262393159604,0.0025354316101098,
1,29.202,-0.0042375752678233,0.0239498794933328,0.0027588630161674,
1,29.253,-0.0040419862271075,0.023993694013957,0.0026805320741116,
1,29.304,-0.0043951727695676,0.0245043018793815,0.0026157916373849,
1,29.355,-0.0050719446785677,0.0248716021654793,0.0027658019712263,
1,29.406,-0.0061027147851251,0.0249166517558483,0.0028406585369367,
1,29.457,-0.007478550504347,0.024952240032946,0.0028613016307693,
1,29.508,-0.0087643352825182,0.0247780676970681,0.0030463501554724,
1,29.559,-0.0094874068969111,0.0244833569362048,0.0033219747674545,
1,29.61,-0.0091889937450594,0.0245366811181507,0.0038343822686026,
1,29.661,-0.0080585886733035,0.0254114352967338,0.0046583210268915,end
2,30.528,-0.0072904861735572,0.0204531839710368,0.0001538485702953,start
2,30.579,-0.0066940899240211,0.021806420745661,0.0005248401980602,
2,30.63,-0.0063763318187604,0.0225292051996308,0.0009214476745341,
2,30.681,-0.0064636389802901,0.0223879169991398,0.0011017894075919,
2,30.733,-0.006602888031482,0.0219046382986806,0.0011289412976747,
2,30.783,-0.0065634300794579,0.0212408469163085,0.0012564970966556,
2,30.834,-0.0066133615656014,0.0203137744520727,0.0018398674093565,
2,30.885,-0.0069174455918844,0.0194931548574995,0.0026687109045036,
2,30.936,-0.0075609362736809,0.0188067321878427,0.0031867378238459,
2,31.089,-0.0044793854810859,0.0188295985792372,0.0026679883988303,
2,31.14,-0.0030413431605271,0.0200974154617511,0.0022088217702146,
2,31.191,-0.002878899158659,0.0215052070149333,0.0019377259020597,
2,31.242,-0.0035476117895199,0.0232913460801188,0.0020098612307244,
2,31.293,-0.0054990026268247,0.0249758185132272,0.0020954998790341,
2,31.344,-0.0079154454668462,0.0256564327702876,0.0021829192530452,
2,31.395,-0.0094318606261914,0.0256385449424169,0.0026661253085253,
2,31.446,-0.0104500564239138,0.0257766096861107,0.0033643521454881,
2,31.497,-0.0110669232740829,0.0260036036325649,0.0037427246008311,
2,31.548,-0.0109751748253618,0.0258677299390734,0.0036847283315653,
2,31.6,-0.010637158990991,0.0255100457308193,0.0033515253507195,
2,31.65,-0.0103691868279751,0.0250388370186085,0.0028685854712038,
2,31.701,-0.0101676644129574,0.0243318393628331,0.0023284078340056,
2,31.752,-0.0100249486393426,0.0237312473305838,0.0017949150127126,
2,31.803,-0.0097305797922105,0.0234479800016373,0.0013085668338057,
2,31.854,-0.0089609283705135,0.0235918188601385,0.0008915249768781,
2,31.905,-0.0081491161576852,0.0239980278553627,0.0005524352524222,
2,31.956,-0.0077771470536623,0.0243390425106862,0.0004914141552452,
2,32.007,-0.0073154862586702,0.0246108497878992,0.0010153021471502,
2,32.058,-0.0066325547141319,0.0244147682757868,0.0018722367467373,
2,32.109,-0.0062642404007864,0.0237335238201112,0.0026730971214516,
2,32.16,-0.0063281279521977,0.0231975134014246,0.0033736583191131,
2,32.211,-0.0066640765261222,0.0229985422841201,0.0039536139787751,
2,32.262,-0.0071475239431973,0.0234333831911695,0.0046104629006887,
2,32.313,-0.0078875666209983,0.0244406217949254,0.0054646941421789,
2,32.365,-0.0089335605290405,0.0253323862662019,0.0061760598290758,
2,32.416,-0.0098909147613939,0.0258776190418696,0.0063369846929556,
2,32.466,-0.010513678565678,0.0259559690893254,0.0059311221812628,
2,32.517,-0.0108718235117341,0.0255277553947279,0.0051943540552595,
2,32.568,-0.0114331510338445,0.0246082224980708,0.0043045462390086,
2,32.619,-0.0122805302859446,0.0232466168811012,0.0035889011802984,
2,32.67,-0.0132432963458719,0.0219117033941074,0.0034441132306065,
2,32.721,-0.0144035572371755,0.0209019808235933,0.0038779103387287,
2,32.772,-0.0151956066565368,0.0201819344575341,0.0044471017843224,
2,32.823,-0.0152862076986175,0.0197055161883118,0.0048565698213441,
2,32.874,-0.0147188217940247,0.0198252888140431,0.0053315386751591,
2,32.925,-0.0137750150233127,0.0209203086044465,0.0058103606860773,
2,32.976,-0.0128664430723932,0.0227536715885379,0.0058515211840039,
2,33.027,-0.0118526241022253,0.0245116244081456,0.0054078465764761,
2,33.078,-0.0106519147267198,0.0254774893993669,0.0046888641456989,
2,33.129,-0.0098294673548856,0.0258577563647585,0.0040519046226497,
2,33.18,-0.0097173562570824,0.0256310673180467,0.0037195534370739,
2,33.231,-0.0096681593825268,0.0248324831597752,0.0034084285430223,
2,33.282,-0.0088599301745135,0.0243337671893609,0.0031359109036203,
2,33.333,-0.0074289886069365,0.0244691030343138,0.0033117136831516,
2,33.384,-0.0063161229671228,0.024799383333626,0.0037609246069542,
2,33.435,-0.0058983234739564,0.0248264916873341,0.0039477322845257,
2,33.486,-0.0059598690028092,0.0244561488838816,0.0037504066733781,
2,33.537,-0.006323899033375,0.0238606510891046,0.0035234020918689,
2,33.588,-0.0066518505159901,0.023168588193961,0.0034964325766933,
2,33.639,-0.0067294838326934,0.0228718562429253,0.0035999224135055,
2,33.69,-0.0068411723112101,0.0232541752172081,0.0037787688594697,
2,33.742,-0.0071665634536034,0.0236396242286884,0.0037907443727575,
2,33.792,-0.0074020396754626,0.0235944489294396,0.0034939012666294,
2,33.843,-0.0071592648932777,0.023477554810019,0.0030228432984204,
2,33.894,-0.0066292660328731,0.0235248878799462,0.0026787277336154,
2,33.945,-0.0059576322115835,0.0234729122253238,0.0026445045248577,
2,33.995,-0.0050482816048785,0.0231605864961158,0.00261094686849,
2,34.047,-0.0048628568774357,0.0227063750533181,0.0023796782122505,
2,34.098,-0.0055582862477252,0.0223984870233199,0.0020401859140196,
2,34.149,-0.0061602855324026,0.0222091774506118,0.0018593904639117,
2,34.201,-0.0064531689455157,0.0217094589359969,0.0019957330615421,
2,34.251,-0.0061226047690656,0.0210508032874962,0.0023245197609451,
2,34.302,-0.0056195805425854,0.0203431251524024,0.0027503182071032,
2,34.353,-0.0054480257867614,0.0196608566048882,0.0030032957672067,
2,34.403,-0.0055028410732638,0.0196521944969869,0.0031251118229542,
2,34.455,-0.0063009365997594,0.0202770804279368,0.0031530213406323,
2,34.506,-0.0075116222745273,0.0210572604620466,0.0029176280318589,
2,34.557,-0.0088896647035183,0.0216735303891033,0.0027331086654939,
2,34.608,-0.0104651723804189,0.0219343355643311,0.0025960404598931,
2,34.659,-0.0114382577443552,0.0221470451471896,0.0022995826371102,
2,34.71,-0.011344306348029,0.0225126545063042,0.0019247155215143,
2,34.761,-0.0099710557583689,0.0231477893620803,0.001529674858657,
2,34.812,-0.0080884762934839,0.0237039285720793,0.001153430844415,
2,34.863,-0.007235474031337,0.023763059903639,0.0010203007296324,
2,34.914,-0.0077138182836725,0.0236995178989852,0.0012546205468844,
2,34.966,-0.008605929309534,0.0237632373663468,0.0015049475653687,
2,35.016,-0.0088884093020001,0.0239034573690946,0.0015445975352499,
2,35.067,-0.0085563752420952,0.0236798094382919,0.0014459442366171,
2,35.119,-0.0080577287508057,0.0230399270056227,0.0012665150850467,
2,35.169,-0.0072914494638335,0.0225861632175267,0.0010496943809323,
2,35.22,-0.0062142476842517,0.0224890529801755,0.000826310504934,
2,35.272,-0.005024170634321,0.0228293179033773,0.0008174961843668,
2,35.322,-0.0040581375215589,0.0234227593991425,0.0011478381187264,
2,35.373,-0.0037150674283795,0.0239300692134777,0.0014683272718672,
2,35.425,-0.0039999292899864,0.0243413843876298,0.0017567513253317,
2,35.475,-0.0044637986813411,0.0246580908796368,0.00220227393063,
2,35.526,-0.0048043769373388,0.0250895114744563,0.0025119279047341,
2,35.577,-0.0052393560592149,0.025760680281123,0.0025087330917645,
2,35.628,-0.0056999359427462,0.026531694658206,0.0023051488784129,
2,35.68,-0.0057382676261665,0.0271039732354408,0.0019893992396352,
2,35.73,-0.0055027104601602,0.0273019855266491,0.001627077394433,
2,35.781,-0.0047087500707379,0.027444888202391,0.0014648266169281,
2,35.832,-0.0030179375351721,0.0277418000304259,0.0016447595487648,
2,36.036,-0.0028702487270806,0.0274992043490258,0.0021159885352267,
2,36.087,-0.0039548742309554,0.0274058615677825,0.0023252835332817,
2,36.138,-0.0055377936601717,0.0271527248420149,0.0022727171252346,
2,36.189,-0.0069114659553035,0.0264157720624754,0.0022572619988251,
2,36.24,-0.0076389181163978,0.0256285587366547,0.0024676834694293,
2,36.291,-0.0078934772498764,0.025274017615455,0.0028060673576726,
2,36.342,-0.0078242960962155,0.0254262866495843,0.0034001702456099,
2,36.393,-0.0077538748287051,0.0258913668576309,0.0041105525653867,
2,36.444,-0.0078891490521477,0.0265197074898514,0.0042359424394182,
2,36.495,-0.007743812037077,0.0272022786677569,0.0037752398502639,
2,36.546,-0.0074301799982044,0.0276639637279472,0.0031764894481009,
2,36.597,-0.0074354741458104,0.0277460607218058,0.0025373015615728,
2,36.648,-0.0072432194851502,0.0273772795340946,0.0021243608638515,
2,36.699,-0.0067388774193508,0.0265481187451389,0.0018896971046074,
2,36.751,-0.0062757268162066,0.0258919694590634,0.0017882228863021,
2,36.801,-0.0060770345681301,0.0256003257660117,0.0019811554158594,
2,36.852,-0.0062647483846821,0.0253650533876425,0.0023474072278917,
2,36.903,-0.0066852046243013,0.025184835083375,0.0027953953521959,
2,36.954,-0.0072211538694699,0.025255237010195,0.0030589830933734,
2,37.005,-0.0073864527616398,0.0256815526328024,0.0029822967937149,
2,37.056,-0.0073007554475173,0.0261010529859985,0.0026935356905644,
2,37.107,-0.0076634666593184,0.026482482439885,0.0024927909208343,
2,37.158,-0.0086862948327396,0.0268088535153068,0.002565455739942,
2,37.209,-0.0100503227063289,0.0270736942965481,0.0026068011472253,end
3,38.229,-0.0101967464516471,0.0235824355445985,0.0021829567940435,start
3,38.28,-0.0114635424087124,0.0223548128912814,0.0022963831152687,
3,38.332,-0.0123592661709718,0.0209766376306143,0.0021846528545249,
3,38.382,-0.012744211963672,0.020014286125235,0.0019374937523161,
3,38.433,-0.0119673108691122,0.0199984338201319,0.001824165956387,
3,38.484,-0.0105076686411779,0.0207917273590921,0.002207442400082,
3,38.535,-0.0091290747623691,0.0218394061574423,0.0030792604685843,
3,38.586,-0.0081140422419021,0.0225644043566727,0.0037927019843768,
3,38.637,-0.0078153887457423,0.0228233755862401,0.0037447542604889,
3,38.688,-0.008201011563658,0.0225618219908995,0.0032123401833388,
3,38.739,-0.0087936839763319,0.0219874405043866,0.0026128171872007,
3,38.79,-0.0092707028825217,0.0214594020778328,0.0020184155406346,
3,38.841,-0.00963522665415,0.0210035049990719,0.0014750488217333,
3,38.892,-0.0096974843859114,0.0208313333310873,0.0012088976176311,
3,38.943,-0.0095608819489569,0.0208549605378818,0.0013427535136701,
3,38.994,-0.0095085476392935,0.0210022655988405,0.0015215678154042,
3,39.044,-0.0093136293633255,0.0214178917718785,0.0017148514878202,
3,39.096,-0.0090429231012312,0.0215705501020729,0.0019018879667748,
3,39.147,-0.0089461905245994,0.0213414563739509,0.0014673915437453,
3,39.198,-0.0087679734458722,0.0212875965797166,0.0006691786400752,
3,39.25,-0.0087526466070078,0.0215512837378905,0.0003043197852255,
3,39.3,-0.0094455218989718,0.0219974472200281,0.0002467035911554,
3,39.351,-0.0103361089900404,0.0225248003159462,0.0003907664584849,
3,39.402,-0.0100769529692374,0.0232626940511519,0.0008534370887639,
3,39.453,-0.0089003926800382,0.0242771744463038,0.0012824457085908,
3,39.504,-0.0082341391920783,0.025387547398684,0.0016554013984712,
3,39.555,-0.0083503615166873,0.0262693874308277,0.0021632802893236,
3,39.606,-0.0095615903323791,0.026532148948858,0.0025160590572875,
3,39.657,-0.0119803020078864,0.0261759213115499,0.0023393568717585,
3,39.708,-0.01497913118962,0.0254513210268811,0.0020381000163286,
3,39.759,-0.0179082796396983,0.024548674027869,0.0022836618049372,
3,39.963,-0.0174444669408097,0.0240751560973405,0.005188950730705,
3,40.014,-0.0160235821261858,0.0250178884448455,0.0062876451512919,
3,40.116,-0.0161588185365458,0.0246158531301903,0.0064075290026514,
3,40.167,-0.0157439606196272,0.0245892614475285,0.0059137304268776,
3,40.218,-0.0152172922685365,0.0248060365365984,0.0055236288220539,
3,40.269,-0.0144603895599809,0.0249606473299522,0.0052313716415884,
3,40.32,-0.0134157966516791,0.0254646358475883,0.0052261788199938,
3,40.371,-0.012471442611901,0.0265538784747805,0.0054055123238201,
3,40.422,-0.0118680738098775,0.027730138438169,0.0052871182777219,
3,40.473,-0.0123352017419955,0.0284660467573072,0.0047864535575491,
3,40.524,-0.0134513683969369,0.0286595831532972,0.0042816727386477,
3,40.575,-0.0138899632249623,0.0284897210334144,0.0040156365000013,
3,40.626,-0.0136579288229454,0.027899604673003,0.0037232574215984,
3,40.677,-0.0140185937378617,0.0266856963881354,0.0034374711460604,
3,40.728,-0.0155337484325374,0.0249684019928335,0.0035805386870437,
3,40.779,-0.0168642846780872,0.023668717312783,0.003987159171951,
3,40.83,-0.0177686953584309,0.0233437764030337,0.0039276435445001,
3,41.187,-0.0179402388351082,0.0218549119466489,0.0021412821867767,
3,41.238,-0.0155637804313742,0.0225768430003133,0.0030273362754982,
3,41.289,-0.0133918437780783,0.0230336815276872,0.0037540793349596,
3,41.34,-0.0111238893438697,0.0228821358237165,0.00452109989028,
3,41.391,-0.0091773800457747,0.0223525761483332,0.0054531687183298,
3,41.442,-0.0079950672226426,0.0220247853044564,0.0064162151939292,
3,41.595,-0.0073352977708637,0.0241189095921126,0.005959769469909,
3,41.646,-0.0076208287763966,0.0256955489472259,0.0046124669624947,
3,41.697,-0.0079950815876522,0.0268516868231323,0.0035786706421354,
3,41.748,-0.0081953375857376,0.0270427579032496,0.0030298240903592,
3,41.799,-0.0080670795467732,0.0263986988525143,0.0026352579066544,
3,41.85,-0.00814009924849,0.025672434612606,0.0023713365419306,
3,41.901,-0.0085371764689595,0.0249517912690905,0.0024132398054335,
3,41.952,-0.0087085225783124,0.0242926446709588,0.0024470842747463,
3,42.003,-0.0087213308661547,0.0241275579447114,0.0024730413806123,
3,42.054,-0.0092339327111492,0.0242925992654817,0.0026926883452582,
3,42.105,-0.0106283998086932,0.0242544430649655,0.0028180799419523,
3,42.156,-0.0124764301723704,0.0238881973856948,0.002672113916698,
3,42.207,-0.0138643943899923,0.0235417864536987,0.002363838219424,
3,42.259,-0.0134399589166483,0.0232359249569052,0.001775396162808,
3,42.309,-0.0108830662067962,0.0219764725375442,0.0004520396015352,
3,42.36,-0.0085697584019641,0.0198049419754274,-0.0014371793489146,
3,42.666,-0.0148559929760137,0.0206787340537742,-0.001770918208137,
3,42.717,-0.0146120683515039,0.0215648815657657,-0.0002295882599799,
3,42.768,-0.0138842898439209,0.0224091685926117,0.0009782233483845,
3,42.819,-0.0131054895271459,0.0231587838329207,0.0016742711126566,
3,42.87,-0.0125573636760667,0.0237874619897091,0.0019861824215978,
3,42.921,-0.0124020477513639,0.0242880730689931,0.001825836653082,
3,42.972,-0.0123103044874396,0.0246663323099023,0.0013754892123237,
3,43.023,-0.0120658700456718,0.0249357341366327,0.0011769940334523,
3,43.073,-0.0115423094915062,0.025314511767513,0.0013568041507075,
3,43.125,-0.0106809567522173,0.0259338428757394,0.0017647961822208,
3,43.176,-0.0098729895788693,0.0266577003144394,0.0020855239672938,
3,43.227,-0.0093650017764147,0.0273904459017251,0.0023245195202779,
3,43.278,-0.0090902146238235,0.0278691942711545,0.0026927302959098,
3,43.329,-0.0087862320144075,0.0277449143088992,0.0031142338068806,
3,43.38,-0.0082871111736907,0.0270430313826405,0.0035360558592386,
3,43.431,-0.0079037678890568,0.0262279202482392,0.0037233621270409,
3,43.482,-0.0078263076670188,0.0256065043835867,0.0037452143747246,
3,43.534,-0.007951248665466,0.025159235766011,0.003860030621055,
3,43.584,-0.008195963054993,0.0248595873898051,0.0038244122286684,
3,43.635,-0.0084978355389327,0.0248795209296126,0.0036951736981438,
3,43.686,-0.0086112823371992,0.025303651148165,0.0037171075822875,
3,43.736,-0.008393934802421,0.0253504407124778,0.0036334004465944,
3,43.788,-0.0083835594046297,0.0245489625331973,0.0032878311087307,
3,43.84,-0.0085067593968569,0.0232678320489436,0.0030029104817484,
3,43.89,-0.0066973945325723,0.0217819934685653,0.0027797756592048,
3,43.941,-0.0025889268353492,0.0204850612490433,0.0022125251389289,
3,44.401,-0.0032251180964449,0.0228828039499026,0.0036542899995152,
3,44.451,-0.0052382474580371,0.0231618256902158,0.003408793219519,
3,44.502,-0.0071127327941515,0.0226851089964853,0.0029775033206386,
3,44.553,-0.0087477146742833,0.0217619945982346,0.0024617017300148,
3,44.604,-0.0096960795781083,0.0206267393212752,0.00193313456352,
3,44.655,-0.0099270625362731,0.0194466261524145,0.0016396754614679,
3,44.91,-0.0085159432602569,0.0191056990348696,0.0015269247044989,
3,44.961,-0.0083602238959205,0.0199926341637232,0.0017759466933394,
3,45.012,-0.0083920819338647,0.0207628967515434,0.001993823037875,
3,45.063,-0.0087425174164199,0.0213964533651962,0.0019733876587892,
3,45.114,-0.0090682876818132,0.0220922712513867,0.0020025859896185,
3,45.165,-0.009352068618924,0.0227721230405829,0.0022621050292756,
3,45.216,-0.0089836215636317,0.0235879537565093,0.0024476588911667,
3,45.267,-0.0080256320542154,0.024626289915854,0.0025708688883741,
3,45.318,-0.0075698318217621,0.0257239171448944,0.0028450303220598,
3,45.369,-0.0074727274652554,0.026570560941459,0.0031939803545176,
3,45.42,-0.0074126403339983,0.0267865549888177,0.0035628638055652,
3,45.472,-0.0077827885756649,0.0265807292998965,0.00371406424485,
3,45.522,-0.0083991336456814,0.0265225708758256,0.0035126732393071,
3,45.573,-0.0089230306411636,0.0267646248023945,0.0031013256050607,
3,45.624,-0.009948050429266,0.0265772743848895,0.0025883669437201,
3,45.675,-0.0114129563583532,0.0259287416829156,0.0022522812947713,
3,45.726,-0.0116364673858722,0.0260406961690194,0.002659133315082,
3,45.777,-0.0106441851579563,0.026430562935744,0.0037106193764776,
3,45.828,-0.0095543664895379,0.0263648488569736,0.0044885719888542,
3,45.879,-0.0084895415818528,0.0264138936529863,0.0046269305648841,
3,45.93,-0.0079279548438717,0.0263317656359354,0.0043439696985251,
3,45.981,-0.0077342348870591,0.0259712737057907,0.0040143598414965,
3,46.032,-0.007390341739704,0.0256620458723498,0.0040829775948463,
3,46.083,-0.0067769272571507,0.0254105376886636,0.0046023205925526,
3,46.134,-0.0058390989052687,0.0252162526143051,0.0053690162978637,
3,46.185,-0.0049693798734769,0.0248734416061723,0.0060319270664926,
3,46.236,-0.0042132103998955,0.024462912457155,0.0063741876334997,
3,46.287,-0.003791445477626,0.024041931402225,0.0064833037241767,
3,46.338,-0.0040197005764224,0.0236480658670492,0.0064341265730175,
3,46.389,-0.0044456768374914,0.0239057324612037,0.0064882120342014,
3,46.491,-0.0067300412507914,0.0245014992292625,0.0065496873029279,
3,46.542,-0.0076667829985943,0.0248333048333267,0.0063902464157395,
3,46.593,-0.0082541655035877,0.0252603337233519,0.0061763054495454,
3,46.645,-0.0085702994505755,0.0255132958494254,0.0061454310480318,
3,46.697,-0.008687071583192,0.0256342986653066,0.0062344469169117,
3,46.747,-0.0090682693111075,0.0256609485994923,0.0061923699865215,
3,47.091,-0.0097892675236241,0.0254241106307583,0.0060695966731906,
3,47.098,-0.0104694433612377,0.0250373103042495,0.0057040977602355,
3,47.102,-0.010667129514657,0.0247862380540037,0.0050114545481221,
3,47.107,-0.0103386556982347,0.0246423847173656,0.0041646392639146,
3,47.11,-0.0098999494704664,0.024578852632468,0.0032869730878164,
3,47.114,-0.0094257883063277,0.0247727721138992,0.0024600266073854,
3,47.117,-0.0089669790721991,0.0255178976413126,0.0017320407556544,
3,47.154,-0.0089565408675718,0.0261550141893859,0.0011260050792909,
3,47.206,-0.0090336709938111,0.0258683426116992,0.0006468672795992,end
1,16.402,-0.0093911188898304,0.0226064066643009,0.0022317554662157,start
1,16.453,-0.0083014940299123,0.0223821661184015,0.0026790414045161,
1,16.504,-0.0075382746596971,0.0218461477917898,0.0031523595687265,
1,16.555,-0.0066440406955198,0.0217557314809223,0.0034035165985413,
1,16.606,-0.0061392845416912,0.0221591998191524,0.0032911802736975,
1,16.657,-0.0063265367012858,0.0226461761725412,0.0031555749483237,
1,16.708,-0.0063400658758214,0.0233484236790293,0.0032167733146009,
1,16.759,-0.0060402570456193,0.0241323216970996,0.0031984420989242,
1,16.81,-0.00536273942985,0.0249056131545085,0.0031305770735629,
1,16.861,-0.0042965713836921,0.0258108145534586,0.0032372289512702,
1,16.912,-0.0040709590349436,0.0261253976669574,0.003447239798585,
1,16.963,-0.0046033962522968,0.0258350816283601,0.0037066691815535,
1,17.013,-0.0047759025771202,0.0259834693032939,0.0037761187021848,
1,17.065,-0.0051053759513753,0.0266021334396109,0.0035173115698197,
1,17.116,-0.0059107199586165,0.0272718770200616,0.0030687674011774,
1,17.167,-0.0067557346001883,0.0277197440042867,0.0025345681985344,
1,17.218,-0.0075583091122884,0.0279893313867901,0.0019883480795758,
1,17.269,-0.0076666900258742,0.0287254229516342,0.0014782980807597,
1,17.575,-0.0062156315253905,0.0280499428366581,0.0006242179512834,
1,17.626,-0.0074062022847882,0.0266305081795234,0.0010422648341405,
1,17.677,-0.0083781454233511,0.0255891672116986,0.001226651102726,
1,17.727,-0.0093326254992343,0.0248739717383779,0.0012463663896169,
1,17.779,-0.0097975616125737,0.0246262379637923,0.0011588858918691,
1,17.83,-0.0105136789918022,0.0242965454692196,0.001009682824034,
1,17.882,-0.0115341973294265,0.0231374393405267,0.0008328798899592,
1,17.931,-0.0120654609516197,0.0217403361659879,0.0006525789310527,
1,17.983,-0.0124410957190695,0.0209053283221099,0.0004845187088174,
1,18.034,-0.0126867416397503,0.0208995675654807,0.000337809961393,
1,18.084,-0.0126284517706857,0.0216269421408556,0.0002165806368023,
1,18.136,-0.0125807484980357,0.0223644143597339,0.0003222650062483,
1,18.187,-0.0127445007799741,0.0226474517098591,0.0005649908310672,
1,18.238,-0.0126290483080338,0.0228171328433209,0.0004744420868959,
1,18.288,-0.0121429684789154,0.0229004817199467,0.0001774212794297,
1,18.34,-0.0114582346998309,0.0229217655670321,0.0001735073177136,
1,18.39,-0.0107011009395924,0.0231023677624778,0.0005587259600724,
1,18.442,-0.0099583565164371,0.0233706406260338,0.0011625694492966,
1,18.493,-0.0088828406365515,0.0234727562638238,0.0018581194821647,
1,18.544,-0.0076803011854136,0.0232592697509331,0.0023557760498936,
1,18.595,-0.006693732784736,0.0228605214240146,0.0024857012086413,
1,18.646,-0.0061257658604688,0.0223749879813965,0.0025701775804524,
1,18.697,-0.0062735636976885,0.0224753003207574,0.0030203863347166,
1,18.749,-0.00807354718745,0.0233449546272113,0.0036689912870163,
1,18.799,-0.0105877299252461,0.0242364979348643,0.0039910659533313,
1,18.85,-0.0109479885774696,0.0248696253708051,0.0038770128898153,
1,18.902,-0.0094962165684268,0.0250853224153437,0.0034924109134558,
1,18.952,-0.0078022564022357,0.0252168058015803,0.0031660220397183,
1,19.003,-0.006892384796602,0.025484549768536,0.002903188177152,
1,19.054,-0.0071609836984713,0.0254165085573643,0.0023005624616456,
1,19.104,-0.0071596507149269,0.0251385769918132,0.0015284217288082,
1,19.156,-0.007186137240327,0.0245475254739466,0.0007095910173003,
1,19.207,-0.0084333400301409,0.0236023015522261,-0.0002742385334244,
1,19.258,-0.0105640926110684,0.0225058617247962,-0.001084022253736,
1,19.309,-0.0126886731661542,0.0211996864955125,-0.0015162950274458,
1,19.359,-0.0142369530598556,0.0202655940334314,-0.0016717246063674,
1,19.411,-0.0152912429535909,0.0202476772748537,-0.001637114180299,
1,19.462,-0.0155423495323925,0.02101962418374,-0.001483401680094,
1,19.513,-0.0150573273403064,0.0222361382027408,-0.0010648174831471,
1,19.564,-0.0139383176851228,0.0240417165498373,-0.0001083164226095,
1,19.615,-0.0129042604265562,0.0258792101941324,0.0011163394038937,
1,19.666,-0.0122085905736162,0.0267862259144838,0.0020129285480864,
1,19.717,-0.0109824969490401,0.027023614474048,0.0026270855108187,
1,19.768,-0.0097155452242583,0.0270133000348685,0.0032116004600313,
1,19.819,-0.0085241677126313,0.0272466168023579,0.0035293146930285,
1,19.87,-0.0074769673192128,0.0278182773308703,0.0036503927919812,
1,19.921,-0.0064055267199477,0.0283601780257741,0.0038364650366765,
1,19.973,-0.0050029448490375,0.0288394594465994,0.0038484398934203,
1,20.125,-0.0022395022308604,0.0287217496959847,0.0025153972435369,
1,20.176,-0.0030529840501841,0.027814603152046,0.0019584855285161,
1,20.227,-0.0049361243323599,0.0268058628491223,0.0014439774202396,
1,20.278,-0.0069523452248154,0.0260138344893105,0.0009979971480648,
1,20.328,-0.0082894465994677,0.0252235873922362,0.0008326281039778,
1,20.38,-0.009686080610964,0.0242971323404625,0.0010613478261248,
1,20.431,-0.0112095331806578,0.0235585791050231,0.0015244431374607,
1,20.482,-0.0136961050864087,0.0232007011825996,0.0021006535436916,
1,20.533,-0.0172031210962598,0.0233165531858949,0.0025022878574478,
1,20.788,-0.018993644969315,0.0215738985417473,0.0013583767953065,
1,20.839,-0.0160419508945104,0.0205328998799315,0.0012127200371787,
1,20.89,-0.0130610055586909,0.0200232777503111,0.0014235481632744,
1,20.94,-0.0103007695412541,0.0202970617983012,0.0018460718648507,
1,20.992,-0.0079038251005524,0.0212521242383819,0.0023704240575282,
1,21.043,-0.0067357677396805,0.0219649011836658,0.0027171274268698,
1,21.094,-0.0050438574999751,0.021862527147455,0.0025203762568111,
1,21.144,-0.0021477221398868,0.0214464124919295,0.0019908853847377,
1,21.246,-0.0049539152936748,0.0205314026051984,0.0022806947935953,
1,21.298,-0.0075745860911295,0.0197458861222617,0.0025469429094322,
1,21.348,-0.0098518665458093,0.0192625077653669,0.0025130968059439,
1,21.4,-0.0115251375968999,0.0194134049285885,0.0022895037880064,
1,21.451,-0.0118732720086007,0.0199589735806227,0.0019621782959125,
1,21.501,-0.0113435611558697,0.0207138379803177,0.0015946190120367,
1,21.553,-0.0106950637106979,0.0215422936589218,0.0012307830337782,
1,21.604,-0.010022478346799,0.0223513945044533,0.000898563207131,
1,21.655,-0.0093884752701212,0.0228822505701463,0.0006133088168521,
1,21.705,-0.0090309823205675,0.022991174756974,0.0003810912542187,
1,21.756,-0.008277047245777,0.0230215756829268,0.0004023774390147,
1,21.808,-0.0071285859634479,0.0232000070387486,0.0007853723048472,
1,21.859,-0.0066226891847556,0.0232582102742158,0.0013695822859921,
1,21.909,-0.0067703762341912,0.0234354630079982,0.0020359102803529,
1,21.96,-0.0073253760650344,0.0240764963061151,0.002500542698364,
1,22.011,-0.0082978551723824,0.0249634795582295,0.0025976581618062,
1,22.062,-0.0086566280195897,0.0259369487560192,0.0024512644397564,
1,22.113,-0.0083921442923183,0.0264860163857449,0.002160456041605,
1,22.165,-0.0079500145515649,0.0265179512576878,0.0018003887142947,
1,22.216,-0.0070278017683922,0.0266173241125009,0.0014248275212926,
1,22.267,-0.0064742725003046,0.0267519654558699,0.0012703331002637,
1,22.318,-0.0057999985829551,0.0266975764377014,0.0016716985764783,
1,22.369,-0.0044999506904531,0.0265263217645593,0.0023973225743996,
1,22.42,-0.0037063336673835,0.0262938726046751,0.0028709510746121,
1,22.471,-0.0033012708645134,0.0260408497124103,0.0029440800018976,
1,22.522,-0.003378781661415,0.0255941243745635,0.0027544732121751,
1,22.572,-0.0045628996906473,0.0250590546683841,0.0022107585804906,
1,22.623,-0.0059599503580673,0.0247111428233843,0.0014836148185683,
1,22.674,-0.0065780011608611,0.0245112139235804,0.0010989097890815,
1,22.725,-0.0066467890414912,0.0246230887496529,0.0009647330542989,
1,22.777,-0.0067594476448656,0.0249259520827705,0.0008011782526691,
1,22.827,-0.0072928598593697,0.0249253088172085,0.0006319207061653,
1,22.878,-0.007852438543872,0.0247300628035225,0.0004726027401892,
1,22.929,-0.0081830125853797,0.0246265264619304,0.0003324581032787,
1,22.982,-0.0087418253008783,0.0245901256923798,0.0004167022699961,
1,23.032,-0.0092012942251538,0.0245997066250634,0.0008389245710978,
1,23.082,-0.0095601381266455,0.024437174668061,0.0014439910892271,
1,23.134,-0.0100264524976333,0.0241773145993724,0.0021177179388751,end
2,25.378,-0.0120812885658406,0.0257409036003883,0.0023801057439783,start
2,25.428,-0.0126136653505088,0.0251557766490005,0.0024274918700031,
2,25.479,-0.0125443075777527,0.0245671568455739,0.0024637078639362,
2,25.53,-0.01209459817111,0.0238227491072401,0.0024898505202901,
2,25.582,-0.0110354090614323,0.0228373937325518,0.0027082661516389,
2,25.632,-0.0098712511908055,0.0217766632294983,0.0028316166117082,
2,25.683,-0.0081307913093307,0.0213553038926945,0.0026832540527913,
2,25.736,-0.0063613700706529,0.0217795228024187,0.0025733800649064,
2,25.785,-0.0057196864334931,0.0227119756473285,0.0026978509947514,
2,25.837,-0.0058528277098389,0.0238954779428399,0.0027617865616317,
2,25.888,-0.0062713747808465,0.0249440826969936,0.0025809278592766,
2,25.939,-0.0068393439618994,0.0256210989994351,0.0022575989815792,
2,25.99,-0.0074575183122807,0.0260054094132671,0.0018688707659918,
2,26.041,-0.0080582317393846,0.0259702858134743,0.0014694264678957,
2,26.091,-0.008398655531423,0.0256689791643079,0.0010951981372456,
2,26.142,-0.008946462055107,0.0252211606133494,0.0009680388192183,
2,26.194,-0.0101857675849304,0.024514517587852,0.0010095527407184,
2,26.244,-0.0111665083949754,0.02369864416834,0.0009550768911305,
2,26.295,-0.0113001310525293,0.0226774239485348,0.0010442477434664,
2,26.346,-0.0108797188093493,0.0216065423985099,0.0014192168813596,
2,26.398,-0.010338582257158,0.0207906717561893,0.0019473606201828,
2,26.448,-0.0099643240121346,0.0204047281208396,0.0023304818541527,
2,26.499,-0.0097271588866829,0.0205263566767691,0.002388981570751,
2,26.551,-0.0095969709399795,0.0207629129396014,0.0020337516374788,
2,26.601,-0.0093450177642642,0.0210541748804094,0.0014417124073594,
2,26.652,-0.009035210542572,0.021557957967441,0.0011470230429121,
2,26.703,-0.0087131864262603,0.0221575711788652,0.0012675465447334,
2,26.755,-0.0084091962979877,0.0227704761826721,0.0016446853867726,
2,26.805,-0.0087436938421036,0.0233426691169769,0.0019552743473751,
2,26.856,-0.0094608150911015,0.0238427850633974,0.0021982307526167,
2,26.908,-0.0101648901532906,0.0242564982772739,0.0025791270408864,
2,26.958,-0.0110048708917119,0.0245815619508888,0.0028170589120561,
2,27.01,-0.0116637027280268,0.0246228229595114,0.0027433527877967,
2,27.06,-0.0117517608836181,0.0244787520527574,0.0024756982240029,
2,27.111,-0.0112658447890337,0.0244282256074177,0.0021051561480084,
2,27.162,-0.01065167840418,0.0244417530105724,0.0016983939356935,
2,27.213,-0.0102054302661451,0.0246961084004889,0.0013010785000713,
2,27.264,-0.0101035590675714,0.0248836522853645,0.0009417394937624,
2,27.315,-0.0102307382148784,0.0246116131478409,0.0006356236753041,
2,27.367,-0.0100929351012943,0.0242675072334652,0.0003882339737825,
2,27.418,-0.0095954217527117,0.0241056580560394,0.0001983820289324,
2,27.469,-0.0091080083171104,0.0240737014219639,6.068347686589813e-05,
2,27.519,-0.0090678953963505,0.0237259514461215,-3.250461508869912e-05,
2,27.571,-0.0091170481029219,0.0228019355731034,-8.96597329230284e-05,
2,27.621,-0.0090186691941376,0.0215825600748614,-0.0001191135788832,
2,27.672,-0.0088335737752884,0.0206733791935511,-0.0001284350420979,
2,27.723,-0.008206064633894,0.0206386807218469,-0.0001240957452608,
2,27.775,-0.0075460564086556,0.0209667866812727,-0.0001113436896921,
2,27.825,-0.0069182255918598,0.021300386277268,0.0001066131404957,
2,27.876,-0.0061606339730419,0.0216107100149728,0.000639502797353,
2,27.927,-0.0057823473332683,0.021680342709251,0.0011307325802012,
2,27.979,-0.0056777176006962,0.0219916813084975,0.0013549478939164,
2,28.03,-0.0061586707264144,0.0226338611096834,0.0013899010747278,
2,28.08,-0.0069765516891853,0.0232358042421232,0.0015014964411159,
2,28.131,-0.0071414840064424,0.0237635853492657,0.0020549488602341,
2,28.183,-0.0070752307771854,0.0240005703881257,0.0028473262307003,
2,28.233,-0.0068660286933869,0.024032015092657,0.0035284504129681,
2,28.284,-0.0061802847582833,0.0241299437812911,0.0040835051280826,
2,28.335,-0.0054448318140669,0.0242626451247736,0.0043122818738871,
2,28.387,-0.0049374130573788,0.0246078212611994,0.0041125876585238,
2,28.437,-0.0046170070831305,0.0252623728943924,0.0036541350609154,
2,28.488,-0.0044422813657754,0.0258619269237121,0.0030665564613153,
2,28.539,-0.0049775251939903,0.0257755429372864,0.0026441985806306,
2,28.591,-0.0063267784036426,0.0250553374185214,0.0025625683886503,
2,28.641,-0.0074872066333542,0.0241873197436375,0.0025051884041836,
2,28.693,-0.0082324767987218,0.0232942333802067,0.0020663035491363,
2,28.743,-0.0086516145682845,0.0224568138944881,0.0012171634428616,
2,28.794,-0.0084262487247116,0.021521535597416,0.0003739535205363,
2,28.846,-0.0076048002604171,0.0207994632005895,3.952214561960259e-06,
2,28.897,-0.0076720450235684,0.0204729709670877,0.0001680011240968,
2,28.947,-0.0093080208285714,0.0204264129312765,0.000460551688224,
2,28.998,-0.0110153464769119,0.0211656322588479,0.0006111817308233,
2,29.05,-0.0118279424539174,0.0225502607146868,0.0006586901958169,
2,29.1,-0.0115997562205335,0.0238359239985352,0.0006362449589267,
2,29.151,-0.0113248946728268,0.0243523330672991,0.000570737911331,
2,29.202,-0.0116446793871847,0.0241330611779845,0.0004828755131435,
2,29.254,-0.0119184846717525,0.023861241356015,0.0005885674227607,
2,29.305,-0.012140805251812,0.0239792233753087,0.0010107387439962,
2,29.355,-0.0121114125998792,0.0245385611565824,0.0014011364830942,
2,29.407,-0.0115212771816693,0.0247335286271654,0.0015389605287375,
2,29.457,-0.0106189161491981,0.0242774769153408,0.001503724164842,
2,29.509,-0.0097896321803856,0.0236413629181952,0.0013603259002211,
2,29.56,-0.0090738355511562,0.0229408669371937,0.0011590775132892,
2,29.611,-0.008287492967574,0.0224561863949158,0.0009368938411323,
2,29.661,-0.0079207425612074,0.0223496891378918,0.00091996573088,
2,29.712,-0.0078525605729825,0.0226951292615528,0.0012368721402983,
2,29.763,-0.0075796758828416,0.0233026697182856,0.0015415919876419,
2,29.814,-0.006996592916296,0.0238286691427669,0.0016131831086577,
2,29.865,-0.0064622385372033,0.0242601167458851,0.0013286719442176,
2,29.916,-0.0064037301612497,0.0247970973688473,0.0006377961425426,
2,29.967,-0.0066551065316993,0.0253586242437948,0.0001434655121871,
2,30.018,-0.0070850340267074,0.0254891171859077,0.0002165680320754,
2,30.069,-0.0073941043402374,0.025332682902402,0.000446888441453,
2,30.12,-0.0078016676818166,0.025004794309045,0.0005587046945089,
2,30.172,-0.0084404923597472,0.0245932836562971,0.0005855355378971,
2,30.223,-0.0091763178532868,0.0243620335982763,0.0005557054435377,
2,30.273,-0.0099152435595971,0.0240641374121006,0.0004919321243656,
2,30.325,-0.0101951298205135,0.0237474286611559,0.0004115123972819,
2,30.375,-0.010358959850362,0.0236449304089942,0.0005277105216334,
2,30.426,-0.0106360296600366,0.0236880504291665,0.0009615088654177,
2,30.477,-0.010762634343932,0.0238210989717566,0.001363318419903,
2,30.528,-0.0107825673953896,0.02400113506044,0.0017123331624912,
2,30.58,-0.0103308178289949,0.0243976774173869,0.002200283964259,
2,30.631,-0.0096128444969071,0.0244995534707344,0.0027381428439562,
2,30.681,-0.0089826390824414,0.023801759814042,0.0032648022801834,
2,30.733,-0.0082585166841697,0.0230488202505445,0.0037419705601733,end
3,35.272,-0.011874459702597,0.0223089821017139,0.0032617550781971,start
3,35.323,-0.0125687096112978,0.0223693963360786,0.0036055989827266,
3,35.373,-0.0128076145214314,0.022217801287073,0.0039381408612403,
3,35.424,-0.0121327901908795,0.0223440792245273,0.0036342189606129,
3,35.475,-0.0111269888369764,0.0222367597740258,0.0029465151348485,
3,35.526,-0.0105922153321133,0.0217874099668567,0.0022687514660919,
3,35.578,-0.0108041637811529,0.0213556299457929,0.0016518100344238,
3,35.628,-0.0112771632954561,0.0211706383737387,0.0009226044236341,
3,35.68,-0.0108754223451372,0.021359619622145,-2.0856035334286148e-05,
3,35.73,-0.0095432711826171,0.0213716000848752,-0.0006242704142628,
3,35.781,-0.0081230836258961,0.0208674310781399,-0.0005594540392282,
3,35.833,-0.0073630233427612,0.0200727304571688,-0.0002721074218215,
3,35.883,-0.007689895942849,0.0193563716465357,-6.595789549147162e-05,
3,35.935,-0.0082859485003908,0.0191494723712176,7.155504639818404e-05,
3,35.985,-0.0086050897607414,0.0192859366875767,0.0001540009185628,
3,36.037,-0.0089218294679821,0.0196316551205632,0.0001945062785032,
3,36.087,-0.0090107504824829,0.0204854735556901,0.0004056927462598,
3,36.138,-0.0087455826393926,0.0215965725176442,0.0009102141205371,
3,36.189,-0.0082746212137916,0.0223817530033832,0.0013615026838571,
3,36.24,-0.0079103413750752,0.0226939952505623,0.0015415630735839,
3,36.291,-0.0078445794525061,0.0228786679858981,0.0015332059824901,
3,36.342,-0.0079755553375205,0.0233683557296743,0.0016055120599792,
3,36.393,-0.0080213539160652,0.0240143270063619,0.0019245766427988,
3,36.444,-0.0078080110840749,0.0243069705467965,0.0021754349542772,
3,36.495,-0.0076464397338472,0.0243494977313365,0.0021615630963867,
3,36.546,-0.0075310516890406,0.024228196050356,0.0019790205115736,
3,36.597,-0.0070528855880567,0.0238107334028644,0.0017029649744707,
3,36.648,-0.0063804639611958,0.0234376973394663,0.001389111258659,
3,36.7,-0.006239975178346,0.0231231216126266,0.0010762285784301,
3,36.75,-0.0066527619491226,0.022871310469833,0.0009899372779908,
3,36.802,-0.0075880659123591,0.0230816496617727,0.0014575700977012,
3,36.853,-0.0111933547427172,0.0247764943400231,0.002845397407291,
3,36.904,-0.0172255854182262,0.0280906107767509,0.0049127375511252,
3,37.311,-0.0157514396955357,0.0282498510399355,0.0033904173312702,
3,37.363,-0.0130011585994173,0.0265405938569554,0.0028669453682563,
3,37.414,-0.0105945008159738,0.0249189305839702,0.0025017378277561,
3,37.464,-0.0094048961474066,0.0240862205921446,0.0026690391155099,
3,37.515,-0.0100955837059166,0.0240272351329876,0.0033652595232504,
3,37.566,-0.0115350469420631,0.0244692175990473,0.0041439395706126,
3,37.618,-0.011732432300034,0.0249961569770649,0.0045112838591948,
3,37.668,-0.011117352451245,0.0251335854253153,0.0041836399763989,
3,37.719,-0.0104322755975841,0.0244076593696825,0.0034365851284503,
3,37.77,-0.009958174308398,0.0229855020728446,0.0030830548822805,
3,37.821,-0.0104608033425696,0.0220343972407133,0.0034119798646966,
3,37.872,-0.0115494819413482,0.021863475486746,0.0037505075636773,
3,37.923,-0.0121232323860722,0.0220058224305548,0.0036663315662829,
3,37.975,-0.0121198078518661,0.0225384831683117,0.0035186497080275,
3,38.025,-0.0121481536731683,0.0232786817768701,0.0033421020632195,
3,38.076,-0.0121945983428747,0.023891688745447,0.0031612239853693,
3,38.128,-0.0122489196757213,0.0241730425322781,0.0029920991398672,
3,38.178,-0.0123039288978457,0.0242190879170797,0.0024424313211174,
3,38.229,-0.0117524592506208,0.0245121862224239,0.0016928584001493,
3,38.28,-0.0112579922251146,0.0247393530410478,0.0012769591336477,
3,38.331,-0.011241473478136,0.0249059855022072,0.0013093062623177,
3,38.382,-0.0111311472915558,0.0256229089644985,0.0016265383491196,
3,38.434,-0.0115720214107778,0.0260326684959196,0.0021009974901171,
3,38.485,-0.0125318254051293,0.0252083422877789,0.0026381794986515,
3,38.535,-0.0131448405281587,0.0240604215820885,0.0033732688797866,
3,38.587,-0.0130845291366514,0.0236005141149407,0.0041762341836771,
3,38.637,-0.0123963901166823,0.0238196446113318,0.0047573931764482,
3,38.688,-0.0113608734715522,0.024255839982935,0.005149609836421,
3,38.74,-0.0103865859452085,0.0245953755060502,0.0051883062627568,
3,38.79,-0.0097306693542392,0.0248456420225382,0.0047963296699685,
3,38.841,-0.0091307988474073,0.0248177172929265,0.0041596291107874,
3,38.892,-0.0086150632575585,0.0246136174699668,0.0036179564753426,
3,38.943,-0.008194718551663,0.0245137571809875,0.0033815782388018,
3,38.994,-0.0076684870258312,0.0244887732002085,0.0031591564610598,
3,39.045,-0.0071166188255922,0.0247146519601769,0.0027627199354794,
3,39.096,-0.0065926419880259,0.0248824426462844,0.0022865259023932,
3,39.147,-0.0065303135035968,0.0245978319388447,0.0019982672402224,
3,39.199,-0.0073715719303716,0.0242467703210002,0.0020545316892435,
3,39.249,-0.0083230986990559,0.0238812923047892,0.0021264029918899,
3,39.301,-0.0082647385204539,0.0233350947680915,0.0020016764478925,
3,39.352,-0.0077642077257928,0.0229177040838138,0.0019617149433281,
3,39.403,-0.0078236341207079,0.023018121622514,0.0021801615288383,
3,39.453,-0.0082374159923513,0.0238442366841691,0.0023459563141901,
3,39.504,-0.0086443901080031,0.0252702479408527,0.0024646639173973,
3,39.555,-0.0092151380747618,0.0265647798121419,0.0027444695467935,
3,39.606,-0.0098450724925758,0.0270684919832367,0.0029042842324536,
3,39.657,-0.0098598604521022,0.0268237121249584,0.002773470419135,
3,39.708,-0.0090772680052025,0.0263193834215664,0.0024667702975279,
3,39.759,-0.0078461427690199,0.0260907744493027,0.0020719035042199,
3,39.81,-0.006627084546898,0.0258565300452739,0.0016522118970479,
3,39.861,-0.0057145303461214,0.0252358217011205,0.0012503141372065,
3,39.913,-0.0048710279536588,0.0246179514205441,0.0010929479828819,
3,39.963,-0.0043404071679147,0.0238507033396302,0.0011050543178783,
3,40.014,-0.0044547473980178,0.0228484536158257,0.0010240458951113,
3,40.066,-0.0049735490210623,0.0217759994172665,0.0010906595219521,
3,40.116,-0.0059109091055931,0.020744673429727,0.0012465994740823,
3,40.167,-0.0074430782334777,0.0206259096934455,0.001246468150425,
3,40.218,-0.0094344782610038,0.0215036271739919,0.0009454171680368,
3,40.269,-0.0109579297064628,0.0227490956758585,0.0004755553674208,
3,40.32,-0.0114563765129609,0.0239295354083422,0.0003368394254036,
3,40.371,-0.0110565594043862,0.024571772717584,0.0004216479210126,
3,40.422,-0.0099119243892573,0.0246164062726093,0.0004421675427634,
3,40.473,-0.0085823854136149,0.0244750138283529,0.0004198069841259,
3,40.525,-0.0076427317789071,0.0246273391792068,0.0005725751125796,
3,40.575,-0.0072294509927143,0.0249558040668861,0.0010262235568181,
3,40.627,-0.0069861268633054,0.0251700159401218,0.0014355652485413,
3,40.679,-0.0066705181112518,0.0252937430853828,0.0017836069010502,
3,40.728,-0.0059322361377739,0.0251486646255906,0.0020643742881704,
3,40.779,-0.0045805134794069,0.0246420082768907,0.0018777728941315,
3,40.831,-0.0039481165336474,0.0237433211960358,0.0014064141495013,
3,40.882,-0.0048320311544172,0.0226653992468379,0.0009911253756593,
3,40.933,-0.0060149256418027,0.0219607852526607,0.0006451587488604,
3,40.984,-0.0070937116611922,0.0217530306269541,0.000371444684645,
3,41.035,-0.0082198985941779,0.0220814608254394,0.0003668919666602,
3,41.085,-0.0088843483692444,0.0229282237062914,0.0007361656833065,
3,41.136,-0.0091992847569743,0.0240393966562754,0.0011146948669493,
3,41.188,-0.0094655939213893,0.0250300513848946,0.0014687514986983,
3,41.238,-0.0096793224041315,0.0256629951869843,0.001979503682229,
3,41.29,-0.0098421586368093,0.0260156739691285,0.0025497223076432,
3,41.34,-0.0099592738482811,0.0259594387863905,0.0033131058462415,
3,41.392,-0.0100376575420605,0.0254446299146301,0.0041390507563237,
3,41.442,-0.0100849038838907,0.0248779041368136,0.0047379348283277,
3,41.493,-0.0103092184305812,0.0247250757266132,0.005143082651603,
3,41.544,-0.011030743289914,0.0250508119206961,0.0053914305064091,
3,41.595,-0.0118123585023013,0.0252556414322588,0.0055192638172495,
3,41.647,-0.0117663882763103,0.0251656389375473,0.0053587019918655,
3,41.698,-0.011193337803956,0.0254962766610816,0.0050260759896351,
3,41.75,-0.0107299460446932,0.0264717986737566,0.0046098173613353,
3,41.799,-0.0099724426228517,0.0277825511563553,0.0039725266608378,
3,41.85,-0.0092879967620447,0.0288013396200702,0.0032446724693112,
3,41.901,-0.0091070576973841,0.0289485327396926,0.0023163726351026,
3,41.952,-0.0084602443298078,0.0283240686562556,0.0013340902193574,
3,42.004,-0.0075666025187663,0.027455700056303,0.0005969297949284,
3,42.054,-0.007389780869139,0.0269023292869775,7.619738577483673e-05,
3,42.105,-0.0072852303165776,0.0265954370506211,-0.0004647300012085,
3,42.156,-0.0070345961955027,0.0260696106050846,-0.0011759885541003,
3,42.207,-0.0073129064267085,0.0254456118266733,-0.0015376840888287,
3,42.258,-0.0077072646517002,0.0250096117095339,-0.0012444632783383,
3,42.309,-0.0081443702744118,0.0243275429106239,-0.0007555999610972,
3,42.36,-0.0089754451096389,0.0231407832210223,-0.0001805331040865,
3,42.411,-0.0099924295863519,0.0219265094228065,0.0006044570697306,
3,42.462,-0.0110469496134957,0.0211938035383354,0.0014610209071555,
3,42.514,-0.0118399962231985,0.0212304800878234,0.0022946778851152,
3,42.564,-0.0119999709632915,0.0219584885461237,0.0028458393065087,
3,42.615,-0.0115402391057219,0.0226697330361573,0.0029707114073189,
3,42.666,-0.0103183220091411,0.0231122555413213,0.0028121507885182,
3,42.717,-0.0083040697569106,0.0237485507344974,0.0026853815381871,
3,42.77,-0.0065459649581539,0.024257172887636,0.0027900191993499,
3,42.819,-0.0054950426794307,0.0242413850503519,0.0028338304778707,
3,42.87,-0.0051829308784732,0.02409136800641,0.00283511115064,
3,42.921,-0.0057713966466303,0.0240681478985055,0.0030098455287607,
3,42.972,-0.0066893420756612,0.0241281145522114,0.0030809540343784,
3,43.023,-0.0073431907461912,0.0244374494901522,0.0028790558791895,
3,43.074,-0.0077751346269649,0.0250827008698101,0.002719117315664,
3,43.125,-0.008431727293367,0.025489890187384,0.0027997716749866,
3,43.176,-0.0091796524417702,0.0253100197963282,0.0026265841202089,
3,43.227,-0.0103277377125834,0.0249689210251242,0.0021036737636524,
3,43.278,-0.011640236628603,0.0247526534852381,0.0018001426609577,
3,43.329,-0.012551077595437,0.0246338201678083,0.0016616944845273,
3,43.38,-0.0135328109216409,0.0243861890749886,0.0014394108624772,
3,43.432,-0.014079477823172,0.024075846393873,0.0011812160613974,
3,43.482,-0.0139015312478966,0.0237502144412098,0.000920731252721,
3,43.533,-0.0132731477692627,0.0230392685216184,0.0006797033906966,
3,43.586,-0.0124063561103257,0.0221383136439008,0.0004705168739901,
3,43.635,-0.0118579606845676,0.0213887067089505,0.0002985565302216,
3,43.688,-0.0115578236759077,0.0209972191859344,-3.654823613334727e-05,
3,43.738,-0.0112401849743043,0.0210676953023668,-0.0006501994583818,
3,43.789,-0.0109368385516596,0.0214287909190467,-0.0009915328399524,
3,43.84,-0.0106670273725016,0.0219472677381063,-0.0007291269519541,
3,43.891,-0.0104403989395104,0.0221233628841143,-0.0003014255839737,
3,43.941,-0.0100588380182167,0.0216640573734581,-2.904093016813569e-06,
3,43.992,-0.0094077293614824,0.0208341342762723,0.0001887864201984,
3,44.043,-0.0086360516627442,0.0200340192713805,0.0002965615589184,
3,44.094,-0.0076482047091186,0.019919798707801,0.0005426931487428,
3,44.145,-0.006801908092997,0.0204554869880777,0.0010586209141438,
3,44.197,-0.0065160482520996,0.0211641279550715,0.0017061366080439,end
4,50.266,-0.0064926319045329,0.0282303161885518,-0.0013958838722991,start
4,50.317,-0.0067249445528805,0.0278223284922425,-0.0004413575442587,
4,50.369,-0.005932033236506,0.0269322702250137,0.0002062851639698,
4,50.419,-0.0057502921986633,0.0260053703735324,0.0006050802095701,
4,50.47,-0.0063767933570602,0.0255309705008453,0.0010130734928998,
4,50.52,-0.0074713328839764,0.025184058714154,0.0015950242227594,
4,50.572,-0.0091797886999226,0.0245451129211385,0.002241792711515,
4,50.622,-0.0107430671899847,0.0241718667080334,0.0028781750176516,
4,50.674,-0.0114851514382953,0.0244006788010224,0.003255939679978,
4,50.725,-0.0110384463327352,0.0247964069913469,0.0032366587197927,
4,50.775,-0.0096643610587389,0.0250665632061407,0.0029642808452179,
4,50.826,-0.0078058841148483,0.0252344810572063,0.0025514599330285,
4,50.878,-0.0057860397158759,0.0255241724097376,0.0020817289958237,
4,50.928,-0.0042266304564682,0.026069525131036,0.0012115665277749,
4,50.979,-0.0032886283825218,0.0265342029365199,-0.0002471774659671,
4,51.03,-0.0032261870282194,0.026708976928073,-0.0015645558596371,
4,52.051,-0.0055010835274582,0.0224454007315497,0.0033711781281701,
4,52.101,-0.0078706664024987,0.0232895402875342,0.0033175589657873,
4,52.152,-0.0099631260754321,0.0239683376408533,0.0034183265468451,
4,52.203,-0.0113080905150189,0.02408489506534,0.0034091816389524,
4,52.254,-0.0110614338087532,0.024032329240894,0.0031294451736905,
4,52.305,-0.0104163041867197,0.02407635241094,0.0026986365956984,
4,52.357,-0.0093666051877845,0.0239779528918514,0.0022055460304894,
4,52.407,-0.0071375926734237,0.0233944478248007,0.0017121224892948,
4,52.458,-0.0047329572260695,0.0227475282063668,0.0014589574705051,
4,52.509,-0.0032121930540416,0.0225135741719031,0.001581053902715,
4,52.56,-0.0033846376133149,0.0225632705874809,0.0019340164145686,
4,52.612,-0.0050308384394512,0.0225900607146963,0.0024066905410629,
4,52.662,-0.0068874891352021,0.0223991740593237,0.0029181703466299,
4,52.713,-0.0091316283112072,0.0222848483062056,0.0032126156348578,
4,52.766,-0.0120465053171347,0.0222288091890766,0.0029425443808458,
4,52.815,-0.0137515633104825,0.0220138204562462,0.0023321153331002,
4,52.866,-0.0141420614961023,0.0221158272434507,0.0017532688253633,
4,52.917,-0.0148630965897641,0.0230154460035234,0.0014420122279607,
4,52.968,-0.0159390324479429,0.0243543449394604,0.0017290464625235,
4,53.019,-0.0165536498377224,0.0254657511934062,0.0025775706441665,
4,53.07,-0.0164213582640911,0.0259403042422224,0.0035172087260111,
4,53.121,-0.0160214965737667,0.0259682880189759,0.0040381311562213,
4,53.172,-0.0156829843072127,0.0259084495282113,0.0040478285012188,
4,53.224,-0.0152101787946993,0.0255962594685955,0.0039297054858652,
4,53.274,-0.0146892262061335,0.0247456353392525,0.0039399275722432,
4,53.325,-0.0141792443413996,0.0236180192725368,0.0038308091557865,
4,53.376,-0.0131147662092249,0.0228050066147775,0.003453083728832,
4,53.427,-0.0115793406012919,0.0224599111145291,0.0029334307738914,
4,53.479,-0.0100660518162024,0.0224426377192781,0.0025653315572688,
4,53.529,-0.009090195555276,0.0222353338556376,0.0027256695596242,
4,53.58,-0.0087382500380713,0.021721973440281,0.0034128747339197,
4,53.631,-0.0090155572935279,0.0214552305155843,0.0041819477527169,
4,53.684,-0.0096741597306182,0.0215689181361495,0.0047409108855323,
4,53.733,-0.0099218976379545,0.0219174625518669,0.0049193826204371,
4,53.784,-0.0100870589590134,0.0223886329547136,0.0044378210484101,
4,53.835,-0.0103868253343462,0.0229005989732378,0.003772465263826,
4,53.887,-0.0111505069087535,0.0231967676641547,0.003444350423425,
4,53.937,-0.0123512056803237,0.0231299084951065,0.0031580505267768,
4,53.988,-0.0123298942245093,0.0228355918782452,0.0027207345149177,
4,54.039,-0.0109240556859448,0.0224190385502185,0.0022216951946297,
4,54.09,-0.0097473527287637,0.0219575516905337,0.0019239927475898,
4,54.141,-0.0094146358186511,0.0217051531340763,0.0019801671378106,
4,54.192,-0.0098507726149078,0.0218079633880346,0.0020579546429927,
4,54.244,-0.0103433112281407,0.0223311619108708,0.0021433548130858,
4,54.295,-0.0106316222457021,0.0232827804033881,0.0024276105418296,
4,54.345,-0.0111674578697026,0.0244327198941435,0.002816567342109,
4,54.397,-0.0116181645942313,0.0256174742414697,0.0032414280892191,
4,54.447,-0.0119780669365067,0.0265285480763181,0.0036551853530591,
4,54.499,-0.011849152236048,0.0269900731223855,0.0040285828272879,
4,54.549,-0.0110154228263426,0.0271262034564674,0.0041452655208289,
4,54.6,-0.0103991367558094,0.0270427055704866,0.0038870966145341,
4,54.651,-0.0099718166990814,0.0268250564620397,0.0036100893158729,
4,54.702,-0.0092983510743124,0.0265388537671706,0.0035440865963072,
4,54.754,-0.008521121436243,0.0260308421219541,0.0034178805594203,
4,54.804,-0.0079406137920852,0.0250197159883203,0.0030623679446322,
4,54.855,-0.0077337419458562,0.023566310211172,0.0025883487626423,
4,54.906,-0.007381453413669,0.0221468384781887,0.0022772384692151,
4,54.957,-0.0069642022237873,0.0210639951311515,0.0022964362646878,
4,55.009,-0.006739640021833,0.0204848711279861,0.0025259354356311,
4,55.059,-0.0062550317465435,0.0206769986482967,0.0028718752542013,
4,55.11,-0.005843406438389,0.0213483352505166,0.003063870262219,
4,55.161,-0.0057124898102573,0.0220722488852319,0.0029408752498407,
4,55.212,-0.0055712894561671,0.0227717283919531,0.0026257415185933,
4,55.263,-0.0054348367319323,0.0233993454225515,0.0024135287638259,
4,55.314,-0.0051115569715375,0.0241312883501627,0.0026860396322321,
4,55.366,-0.0048952592422229,0.0248713413427329,0.0032475370003319,
4,55.416,-0.0049657842042024,0.0251554774075074,0.0035476019655762,
4,55.467,-0.0048129305147375,0.0251243848155782,0.0034550579439489,
4,55.518,-0.0047299255053352,0.0250944512710347,0.0031181479264047,
4,55.569,-0.0048992197897544,0.0250676657485854,0.0028524122053508,
4,55.62,-0.0046142256513827,0.0250450509887048,0.0030553390106229,
4,55.671,-0.0042616011558329,0.0246252605644876,0.0035425414351318,
4,55.722,-0.0046972639958599,0.0237836304796266,0.0037712584964056,
4,55.773,-0.0060051651379587,0.0229398975938965,0.0036149882833518,
4,55.824,-0.0077674094296095,0.0221625960575256,0.0034251932726796,
4,55.876,-0.0092778129024564,0.0216911773485176,0.0034299776274604,
4,55.928,-0.0105053619384393,0.0214538077583716,0.0033583377581224,
4,55.977,-0.0114528885821425,0.0211847809959575,0.0030426045181983,
4,56.028,-0.0121447043379972,0.0209170627086832,0.0025956855639319,
4,56.079,-0.0128177772233627,0.0206716903508785,0.0021005329969454,
4,56.13,-0.0130230917533955,0.0206611948559952,0.001614223048306,
4,56.181,-0.012510247804463,0.0212038484491269,0.0013734849440903,
4,56.232,-0.0117788439961343,0.0222585054743319,0.0015104177010503,
4,56.283,-0.0111668563416973,0.0233559787822176,0.0016777363075998,
4,56.334,-0.0104797858527249,0.0241919148926554,0.0018511016425546,
4,56.385,-0.0097997556235351,0.0247929600772737,0.0022152516741221,
4,56.436,-0.0093797035141775,0.0251950735646887,0.0024716746758413,
4,56.488,-0.0089592993564664,0.0254372987334698,0.0024375737781044,
4,56.54,-0.0087732755891806,0.0255575204967237,0.0020190507181479,
4,56.59,-0.0091541832903569,0.0257906710133556,0.001186765663987,
4,56.64,-0.0096672600707267,0.0260775187714296,0.000557641369723,
4,56.691,-0.0102238864591503,0.0259740945530609,0.0005110215853241,
4,56.742,-0.0111653950419995,0.0256286772278827,0.000640903437301,
4,56.793,-0.0120772801123677,0.0255574731323922,0.0008735510263836,
4,56.844,-0.0126960775569184,0.0256678561850352,0.0013542518483439,
4,56.895,-0.0132780263163511,0.0258858329816319,0.0017545919757505,
4,56.947,-0.0137895921562066,0.0267578053275627,0.0018703982839489,
4,56.997,-0.0144157556028925,0.028180003823043,0.0017944152678797,
4,57.252,-0.0127541114989115,0.0288589894182485,0.0013015797042264,
4,57.304,-0.0114709947218774,0.0274095886599489,0.0015785887375004,
4,57.355,-0.010128228393165,0.0252822743764725,0.0016294354082834,
4,57.406,-0.0094575757678529,0.0230919073882962,0.0015311478109238,
4,57.456,-0.0088701928360449,0.0218403958373237,0.0013451085043068,
4,57.507,-0.0075800669322536,0.021894059887886,0.0011177346856068,
4,57.558,-0.0061437096787626,0.0229813229545895,0.0010829502957322,
4,57.609,-0.0055322888980086,0.0244433090778555,0.0013753114383617,
4,57.661,-0.0061015609079843,0.0256265106914559,0.0018540014886146,
4,57.711,-0.0075831741193828,0.026134195437543,0.0026145726969137,
4,57.762,-0.00953089564455,0.0257661850169943,0.0034948295010197,
4,57.813,-0.0112194219287411,0.0248661097056833,0.0039794654580466,
4,57.864,-0.0124052341283121,0.0240987672356693,0.0039706032363073,
4,57.915,-0.0131733694769309,0.0236790301105669,0.0038467807871856,
4,57.966,-0.0128085855401755,0.0235159491445579,0.0038600091611017,
4,58.017,-0.0117465064338656,0.0235305758595629,0.0037592389544466,
4,58.068,-0.0107242038011666,0.0236580006544533,0.0033926171467564,
4,58.119,-0.0094078696696711,0.0236466985407749,0.002884943004998,
4,58.17,-0.0080087036624551,0.0233464979931966,0.002327587953344,
4,58.222,-0.0068696468096194,0.0226842944844103,0.0017831442347221,
4,58.272,-0.005988915743704,0.0218431169202514,0.0014915519239617,
4,58.323,-0.0049429471831078,0.0213563960877927,0.0017872181837084,
4,58.375,-0.0036741959213957,0.0211361065950087,0.0024357717365694,
4,58.426,-0.0031678204358348,0.0209035562137239,0.0028568822339855,
4,58.476,-0.0039944093454119,0.020882657525661,0.0030982925137216,
4,58.527,-0.0058103279266593,0.0212000144961893,0.0034058921145057,
4,58.578,-0.007512374620744,0.0217088178693978,0.003530398141585,
4,58.63,-0.0084021571340705,0.0225003654064852,0.0033266411676912,
4,58.68,-0.0095028480783758,0.0236104972494002,0.0027278870607655,
4,58.731,-0.0106503831548481,0.0248357728923556,0.0019239009254913,
4,58.783,-0.0103299407322855,0.0258356318983052,0.0014545432143146,
4,58.833,-0.0092945845877836,0.0260080964947643,0.0012375050875862,
4,58.884,-0.0084863921388205,0.025234388424682,0.0011997279385876,
4,58.935,-0.0074871490616929,0.0239160057076911,0.0016816221738273,
4,58.986,-0.0066464816820091,0.0223542053163998,0.0024580962182743,
4,59.037,-0.00637671810228,0.0211634207693764,0.0031602889724519,
4,59.089,-0.0066956092507274,0.0207079149614664,0.0037584317317516,
4,59.139,-0.0073664173844377,0.0207605736624154,0.004040957332381,
4,59.191,-0.0080082060223819,0.0211349141969422,0.0038975314675429,
4,59.242,-0.0083789922031175,0.0214846601433555,0.003291609215847,
4,59.292,-0.0081445166921654,0.0215897023544266,0.0022369063717887,
4,59.343,-0.0077415255495733,0.0215293650439691,0.001179938991326,
4,59.394,-0.0076644976324697,0.0213678084280683,0.0004072627517644,
4,59.445,-0.0076018809950126,0.0213551467128882,-0.0001210111697963,
4,59.496,-0.007553537265204,0.0214389961307128,-0.0002492655600214,
4,59.547,-0.0077190647615043,0.0213771735424455,9.016996628716213e-05,
4,59.598,-0.0082092951563814,0.0214277240672225,0.0005014574532152,
4,59.65,-0.0088683923497485,0.0215462843622126,0.0007249535021491,
4,59.701,-0.0091811776532628,0.0216989384689489,0.0008100550120798,
4,59.752,-0.0094475618228402,0.0222628627726494,0.0007995604726259,
4,59.804,-0.0098636206468091,0.0230452538579631,0.0007285983225562,
4,59.854,-0.0101414164391061,0.0235032394536724,0.0006245558126197,
4,59.904,-0.0099065534143041,0.0235155418654605,0.0005076552580482,
4,59.957,-0.008960095917311,0.0232410163864213,0.0001910655474199,
4,60.006,-0.0080349557300016,0.0230054206362933,-0.000228162363009,
4,60.059,-0.0075994744576488,0.0230145524056214,-7.70384442978931e-05,
4,60.108,-0.007312186746241,0.0233807406149533,0.0008294085009305,
4,60.159,-0.0067413547083125,0.0241473440102037,0.0019466313538417,
4,60.21,-0.0060345279944365,0.0247075030846021,0.0027076179681596,
4,60.261,-0.0054980963787572,0.0246885919471536,0.0031789992334846,
4,60.313,-0.0053148749859775,0.0242998124358401,0.0036276076293589,
4,60.364,-0.0055737379773958,0.0241067165895521,0.0040255723447469,
4,60.414,-0.0058945034525777,0.0244563021319649,0.0043590867743189,
4,60.465,-0.0064300356353794,0.024925020145077,0.0044236398894723,
4,60.516,-0.0078636222446105,0.0254324902106894,0.0043105084767057,
4,60.567,-0.0107621807439376,0.0259240471374133,0.0042933407123882,
4,60.618,-0.0141666163227417,0.0259642423669314,0.004339098527548,
4,60.669,-0.016216171257966,0.0253100597444888,0.0044215378761715,
4,60.72,-0.0170312899088717,0.024062255918065,0.0045208803443993,
4,60.771,-0.0167883859911761,0.0229356399323225,0.0046230831299613,
4,60.822,-0.0156855973288705,0.0225797538842897,0.0045180764251864,
4,60.873,-0.0145215784057219,0.0231484335369256,0.0042886111472385,
4,60.924,-0.0130101317195509,0.0244652344739516,0.0041985915678491,
4,60.976,-0.0115981151041602,0.0259552273133583,0.0040044036305468,
4,61.026,-0.0107649676123566,0.0270349334509242,0.00355817329037,
4,61.078,-0.0099683410346024,0.0275639313933273,0.0031869760512865,
4,61.128,-0.0094599666280041,0.0276972355515018,0.0032953882776745,
4,61.179,-0.0095789699822141,0.0271643847967179,0.0039035232985548,
4,61.23,-0.0096891157655135,0.0260462666542793,0.0047833027105384,
4,61.282,-0.0093830650286762,0.025044275985472,0.0057666259443738,
4,61.587,-0.0083800390198187,0.0226575507898016,0.0062984165458333,
4,61.638,-0.0094734441278667,0.0214715773000076,0.0052395551299494,
4,61.69,-0.0100161675762713,0.0203919008231025,0.0043403747836502,
4,61.74,-0.0101621116416252,0.02027046687098,0.0038166740629813,
4,61.791,-0.0100418564473243,0.0211750257570528,0.0033750248141554,
4,61.843,-0.0097605344645266,0.0220624394138785,0.0028206449606151,
4,61.893,-0.0091976779624414,0.022465900628765,0.0022385004133953,
4,61.944,-0.0087003087306033,0.0223257331087469,0.0016853146241927,
4,61.995,-0.0078832279413907,0.0218481686056445,0.0011951409087025,
4,62.046,-0.0079309068600728,0.0213934120941322,0.0009855910909187,
4,62.097,-0.01053770709127,0.0209898156881599,0.0011736873595646,
4,62.148,-0.0135722221461302,0.0208522868468512,0.0016017041328469,
4,62.199,-0.0152314440708744,0.0210972826709912,0.0021492102214874,
4,62.25,-0.0158753285894715,0.0215679299148702,0.0025285342509651,
4,62.302,-0.0160171330839585,0.021944656665619,0.0025686883898778,
4,62.352,-0.0160263697923908,0.0220300499437892,0.0025889233324531,
4,62.403,-0.0157490082749297,0.0217209024579024,0.002795591180467,
4,62.454,-0.0151092842998397,0.0211835505340505,0.0029043920597182,
4,62.505,-0.0142885498470228,0.0209446739946958,0.0027408518010596,
4,62.556,-0.0136184901417416,0.020916414881719,0.0024157828899225,
4,62.607,-0.0128980604779406,0.0210255057314771,0.0022140648958238,
4,62.658,-0.0113998659504085,0.0214147562010679,0.002107662906954,
4,62.709,-0.0097240395404482,0.0219524176358327,0.0016692723135119,
4,62.76,-0.0086714145540645,0.0225420704667998,0.0010531777521018,
4,62.811,-0.0081030417688255,0.0229168655506037,0.0005734391423543,
4,62.862,-0.0080917378869314,0.0229229190454401,0.0002196916954283,
4,62.913,-0.0088402863942553,0.0226919932568473,-2.483336826449706e-05,
4,62.964,-0.0100160339068403,0.0223276315084616,-0.0001796649435053,
4,63.016,-0.0109696469787962,0.0221077944984343,-0.0002645333054679,
4,63.067,-0.0119050204015176,0.0221991425754304,-0.0002977128836345,
4,63.118,-0.0123518867003142,0.0224827313793139,-0.000295076350423,
4,63.169,-0.011646215264313,0.0228668323985908,-6.884724529096004e-05,
4,63.22,-0.0110613856316681,0.0228828736057845,0.000282609532462,
4,63.271,-0.010601039464688,0.0222599031294048,0.0002844802195831,
4,63.321,-0.0092533438830945,0.021678814213464,6.199305102065617e-05,
4,63.373,-0.0076456440974239,0.0215729342965079,-8.567955315932075e-05,
4,63.423,-0.0057995086499775,0.0217803361022619,-0.0001735066698292,
4,63.474,-0.0031454239538433,0.0223728339732289,-0.0002158963346765,
4,63.781,-0.0022217525434867,0.0266990373627457,-7.318534045380593e-05,
4,63.831,-0.0043149799107938,0.0284912763633985,-0.0003680597570894,
4,64.8,-0.0109236494119938,0.0207514547149165,-0.0018126412481041,
4,64.851,-0.0109146091371069,0.021779598963269,-0.0008930902780441,
4,64.903,-0.0104336701130239,0.0224968731677889,0.0003709111519957,
4,64.953,-0.0098895472529178,0.02255548196004,0.0015534511475135,
4,65.004,-0.0093486126156432,0.0219861127742248,0.002588748194611,
4,65.056,-0.0092548452135365,0.0212605619999515,0.0030447744427292,
4,65.106,-0.0098570691768159,0.020894797240729,0.0028918166499367,
4,65.157,-0.0102547885698098,0.0207891649451109,0.002762240946212,
4,65.209,-0.0100877311549813,0.0206580211575152,0.0026580706461786,
4,65.259,-0.0093710399106833,0.0207218844254546,0.0023777288461014,
4,65.31,-0.0081585807978682,0.0211065190666111,0.0020069200109248,
4,65.361,-0.0069263948940794,0.0218668155445593,0.0018087120168509,
4,65.412,-0.0061822102536384,0.0228069660709081,0.0017371245720992,
4,65.463,-0.0058107889027446,0.0235861070653583,0.001551662623054,
4,65.514,-0.0059091110796487,0.0244002269108549,0.0017097331973024,
4,65.565,-0.0067024727409956,0.025171379430389,0.0022762641828698,
4,65.616,-0.0080786992112647,0.0254513581262243,0.0026575831746417,
4,65.667,-0.0099190235416518,0.0253938300767821,0.0028894834944927,
4,65.718,-0.011708324467657,0.0253252966401821,0.0032077582193429,
4,65.769,-0.0131203270607375,0.025255210409844,0.0033550275354498,
4,65.82,-0.0137752504193882,0.0251897585623933,0.003380791615596,
4,65.871,-0.0138920075856926,0.0251325369570521,0.0035273920636589,
4,65.922,-0.0136542315293925,0.0250851906398194,0.0035388805249351,
4,65.973,-0.0124048417967586,0.0252488150030344,0.0032619581421631,
4,66.024,-0.0110086871911026,0.0259362685363172,0.0030231428103949,
4,66.076,-0.0104338972642879,0.026904455191033,0.003028786012482,
4,66.126,-0.0100303983911612,0.0275732453675952,0.0029899260776445,
4,66.177,-0.00997000541591,0.0273937899550716,0.0029256457406005,
4,66.228,-0.01053618282406,0.0262830598926619,0.0030510595071753,
4,66.279,-0.010655394497289,0.0248651178483819,0.0032880589567828,
4,66.33,-0.0102775336668732,0.0237657204320004,0.0035775850694885,
4,66.381,-0.0100128968017616,0.0233606078148,0.0036767069476719,
4,66.432,-0.0096413018409159,0.0236341535761902,0.0034449163178897,
4,66.483,-0.0092309606506253,0.0243209830544069,0.0030195149859704,
4,66.536,-0.0086278999793669,0.0250168636344571,0.0027049487499348,
4,66.586,-0.0079496843242492,0.0252609793449925,0.0026875706236071,
4,66.639,-0.0076794186276572,0.0253965779570475,0.0028621905935883,
4,66.688,-0.0076925036435528,0.0256525195107453,0.0029450873555315,
4,66.738,-0.0082879322213657,0.0255634152127317,0.0027616642573851,
4,66.79,-0.0090081812434676,0.0254610069394263,0.002623005175529,
4,66.84,-0.0093489566405785,0.0255591266079056,0.0025241945284892,
4,66.891,-0.0096198140327894,0.0251754719206612,0.0022580448821504,
4,66.942,-0.0100249041485677,0.0241119835074301,0.001905952833803,
4,66.993,-0.0104835423365372,0.023099583706003,0.00152702626702,
4,67.045,-0.0107388460137615,0.0224021129012125,0.001362163479258,
4,67.095,-0.0114457323283873,0.0217618188817237,0.0015486684795941,
4,67.146,-0.0125862888926368,0.0212096323168771,0.0019455411588454,
4,67.197,-0.0133108547138601,0.0207583126621455,0.0024454513161272,
4,67.248,-0.0135095836955318,0.0208096075370887,0.0029712852046697,
4,67.299,-0.0131542681685992,0.0213799679744307,0.0034715032612897,
4,67.352,-0.0120704917591088,0.0220365792242618,0.003714274660694,
4,67.401,-0.0108074130091039,0.0226957597102858,0.0035715959278318,
4,67.452,-0.0097316395719658,0.0233036337291993,0.0033940036920395,
4,67.503,-0.0086615816344883,0.0236289359863217,0.0034091198822572,
4,67.555,-0.0078819844560839,0.0235460440971711,0.0033457819263546,
4,67.605,-0.0071504688171214,0.0234088489125728,0.0030363817848187,
4,67.656,-0.0065085555314048,0.0232478475901012,0.0023931908110191,
4,67.708,-0.0067790105920349,0.0228836783025094,0.0013867586757334,
4,67.758,-0.007412054247822,0.0226192955633656,0.0006298787520809,
4,67.809,-0.0076242891012398,0.022640983516985,0.0004955196192491,
4,67.86,-0.0079512553327274,0.0226435674253555,0.0005703750317669,
4,67.911,-0.0083255383805872,0.022633691350617,0.0005725634646305,
4,67.962,-0.0087001006883045,0.0228174510814668,0.0005279710139379,
4,68.013,-0.0092455858683933,0.023110637378651,0.0006577914932217,
4,68.065,-0.0088527037042299,0.0234504519021192,0.0010898767004723,
4,68.117,-0.0078895597850735,0.0233912057217518,0.0014802752995746,
4,68.166,-0.0072405512648608,0.0230807807959956,0.0018125760572983,
4,68.217,-0.0068451510673818,0.0232367004715401,0.0024825881160018,
4,68.268,-0.007045834135877,0.0236791854070231,0.0033153674485786,
4,68.319,-0.0070101935911803,0.0240690794102157,0.0037839704642335,
4,68.37,-0.0064241823507515,0.0243939226029062,0.0037805302805926,
4,68.421,-0.0057330999856205,0.024851783235512,0.0036754544825586,
4,68.472,-0.0052309807877939,0.0253581732779478,0.0039153029408518,
4,68.523,-0.0056937250041497,0.0256541740110155,0.0045579349000243,
4,68.574,-0.0077422802883783,0.0255906288175692,0.0056081014823948,
4,68.982,-0.0143226503811271,0.0254184349715101,0.0059947549910829,
4,69.033,-0.0165099572194194,0.0247001950611913,0.0051660224861515,
4,69.084,-0.0191973253225612,0.0234603005361818,0.0044203428027083,
4,69.237,-0.0173762832513183,0.0218973220124913,0.0027769629967013,
4,69.289,-0.0150163046884672,0.0224686617316411,0.0029633867613806,
4,69.339,-0.013300585339682,0.0230384425065118,0.0030457244666824,
4,69.39,-0.012537559615579,0.02275811636513,0.0028538582891289,
4,69.441,-0.0122460082555297,0.0219550924149947,0.0025015443038976,
4,69.492,-0.0122802590341993,0.0210821787711076,0.0020746294726694,
4,69.543,-0.0129223793432876,0.020033731784261,0.0016341648206019,
4,69.594,-0.0139027739630336,0.0193585989056574,0.0012203940206012,
4,69.645,-0.0150213628380231,0.0191779610218176,0.0008569830046249,
4,69.696,-0.0155362217270676,0.0191281458744131,0.0005550643787247,
4,69.747,-0.0152208497526398,0.01936706956914,0.000316838160317,
4,69.798,-0.014599176515228,0.0199728164523944,0.0001385987023422,
4,69.85,-0.0140318313108882,0.0205643305517809,1.3150438204094152e-05,
4,69.9,-0.0135449062786782,0.0210991980577654,-6.836241917868164e-05,
4,69.951,-0.0129478415656093,0.0217556010809835,-0.0001151490258117,
4,70.002,-0.0125289365300547,0.0226380536232591,6.492828762476598e-05,
4,70.053,-0.0122579465695568,0.0237954265599032,0.0007777062023495,
4,70.105,-0.0119027580760698,0.0246344770279117,0.0015740388936826,
4,70.155,-0.0113212685897416,0.024800299750675,0.0019583200960181,
4,70.206,-0.0110430209885776,0.0245210257101216,0.0022482944583044,
4,70.258,-0.0113832779413177,0.024179556882069,0.0024544903391876,
4,70.309,-0.0110887114437184,0.0242272980158891,0.0023895566775103,
4,70.359,-0.0104106634964662,0.0243199906911696,0.0021559500125585,
4,70.41,-0.0101436400377676,0.0240323994718884,0.0020337647453717,
4,70.461,-0.0097600113746392,0.0237248494459332,0.0021936889842061,
4,70.512,-0.0091315823473921,0.0236300390226641,0.0025216973208235,
4,70.563,-0.0083966341096418,0.0236792859203427,0.0029311566067474,
4,70.614,-0.0082549115158471,0.0236161343729416,0.0031591276465517,
4,70.666,-0.0089067074791423,0.0232851354367208,0.003051553562004,
4,70.716,-0.0098142331074456,0.0230097761119078,0.0027374188945262,
4,70.768,-0.0106120330182782,0.0231938892166594,0.0023160418049375,
4,70.818,-0.010873702831137,0.0238587288832977,0.0018597353035053,
4,70.869,-0.0107705039390263,0.0245776407418785,0.0014176834511743,
4,70.92,-0.0106424199217407,0.0250726455496282,0.0010202853957635,
4,70.971,-0.0105086652237178,0.0253842817759051,0.0006834504833729,
4,71.022,-0.0103820186038675,0.0253524458077595,0.0004125169506293,
4,71.073,-0.0100692710666994,0.0251028809129865,0.0004064480534512,
4,71.125,-0.0094614578568065,0.0251353909595803,0.0007715716888347,
4,71.175,-0.0095165661860082,0.0251453649034243,0.0011445949244677,
4,71.226,-0.0103940805323199,0.0247384167303821,0.0014927183328501,
4,71.277,-0.0107243841987831,0.0242976001277666,0.0019977398956821,
4,71.328,-0.0104763653613187,0.023870474279661,0.00236198454489,
4,71.379,-0.0100781963640276,0.0232856078605731,0.0026066806702427,
4,71.432,-0.0098165482805498,0.0224457249724326,0.0031567141902821,
4,71.481,-0.0102659781584883,0.0213089239242877,0.0036575565653661,
4,71.532,-0.010332020099955,0.0204746844329256,0.0036849484106545,
4,71.583,-0.0093435355983121,0.0203031779193401,0.0036073252043369,
4,71.634,-0.0083606382897892,0.0205704939324089,0.0036694198297095,
4,71.686,-0.0074602838800036,0.0212986086826775,0.0040169680807293,
4,71.736,-0.0070868643835596,0.0220629317773325,0.0045196726992961,
4,71.787,-0.0076838944521932,0.0223874091175897,0.0048806694346846,
4,71.839,-0.0082528613825857,0.022604557974231,0.0051217814836246,
4,71.889,-0.0087581228926762,0.0225345935677067,0.0050658022831961,
4,71.94,-0.0095836047383072,0.021884441799981,0.0048237801560263,
4,71.991,-0.0105481465739645,0.0211152485739232,0.0046827152427068,
4,72.042,-0.0113235561073156,0.0205323335361073,0.004617731626658,
4,72.093,-0.0115137067039208,0.0203165495396583,0.0048075968821406,
4,72.144,-0.0113132251255066,0.0205543939324353,0.0051456573200168,
4,72.195,-0.011279983691426,0.0210640667267986,0.005149938089343,
4,72.246,-0.0115575060362708,0.0217071333044178,0.0047389712102091,
4,72.297,-0.012012042877887,0.0221832587698116,0.0040946990053342,
4,72.348,-0.0121419264097715,0.0223132338333687,0.0033525526878118,
4,72.399,-0.0116514917370334,0.0224115971130881,0.0026072538407947,
4,72.45,-0.0110034470005895,0.0226826179194457,0.0021206392065763,
4,72.501,-0.0105072121403925,0.0230426008563517,0.0020398571841014,
4,72.552,-0.0103490386978731,0.0234307211168387,0.0020250123752734,
4,72.603,-0.0106212217414558,0.0236048745931421,0.0018528153790808,
4,72.655,-0.0109467155174125,0.0234269761359585,0.0017943671520415,
4,72.705,-0.0112802521716066,0.0230375798287526,0.002014400877134,
4,72.756,-0.0115921529839077,0.022744654259329,0.0021945297039552,
4,72.807,-0.0114634542323164,0.0227379657267772,0.0021337614349413,
4,72.858,-0.0110625150890587,0.0229153930710493,0.0019233751684452,
4,72.909,-0.0109208502927008,0.0229958164075968,0.0018347658819838,
4,72.96,-0.0111576855767193,0.0228067317338792,0.0020322103953793,
4,73.011,-0.0112165793598083,0.0226608211654007,0.0023972545519156,
4,73.062,-0.0107549516348065,0.0225543218768673,0.0028404637363869,
4,73.114,-0.0101974044490641,0.0224816545299194,0.003097365997812,
4,73.164,-0.0098239625210903,0.0226373566259582,0.0030133085238266,
4,73.217,-0.009799430322019,0.0227261820714043,0.0027173286270337,
4,73.266,-0.0102014763263528,0.0225641467629214,0.0023092090482922,
4,73.317,-0.0102423102031014,0.0224550720370482,0.0018619541708308,
4,73.368,-0.0100481997995616,0.0225895596683044,0.0016263629978029,
4,73.42,-0.0107231693594879,0.0228694525348689,0.001746282177413,
4,73.47,-0.0121021357046535,0.0232201165097079,0.0018837412899516,
4,73.522,-0.013621000674335,0.0233871659368592,0.0018205734433802,
4,73.572,-0.0147059068490225,0.0232222005769479,0.0016338076798263,
4,73.623,-0.0150236713025663,0.0230583829168525,0.0013827757425323,
4,73.674,-0.014623067458969,0.0231092950312555,0.0013115265161669,
4,73.725,-0.0135930852412159,0.0232938344703792,0.0015621385606509,
4,73.777,-0.0124430259284351,0.0235492513076711,0.0017982106373765,
4,73.827,-0.0113083432324692,0.0236287732987914,0.0018051593405094,
4,73.879,-0.0100738416872353,0.0233882629272686,0.0016646012022028,
4,73.929,-0.0088744929527864,0.0231626539942318,0.0014407308461635,
4,73.98,-0.0079948710195353,0.0231655597240363,0.0011814123519396,
4,74.031,-0.0075918030930077,0.0233147902569871,0.0009201910922381,
4,74.083,-0.0073259199980804,0.0237467118777476,0.0008795679548199,
4,74.133,-0.0071693799154692,0.0243252401032507,0.0011845228153393,
4,74.184,-0.0070955425488008,0.0245496522135426,0.0016866165765774,end
5,75.663,-0.0093368992330287,0.0242558171845543,0.0036556500540406,start
5,75.714,-0.008731542568064,0.0243999039256048,0.0042089302890927,
5,75.765,-0.0086460293727905,0.0245405219739342,0.004627326787584,
5,75.816,-0.0082982871904712,0.0246676190361736,0.0051264378104951,
5,75.867,-0.0078102993774652,0.0245750005904939,0.0056372199012655,
5,75.918,-0.0076732338753547,0.0241480739706431,0.0059136206999057,
5,75.969,-0.0075714102277741,0.023741868438247,0.006017496463221,
5,76.021,-0.0075003688439499,0.0233815843039654,0.0058015446744234,
5,76.071,-0.007253943057015,0.0230796948008973,0.0053978191480397,
5,76.122,-0.0069148304500474,0.0230403422690149,0.0051069309712263,
5,76.173,-0.0069451824095911,0.0229716958968919,0.0047109456008411,
5,76.224,-0.007009219103486,0.0224881091647349,0.0042793668595191,
5,76.275,-0.0070897152642342,0.0217772479909635,0.0040604641251712,
5,76.326,-0.0071743011940729,0.0213793972550588,0.0037947130339095,
5,76.377,-0.0072547150230061,0.0214150906276268,0.0033194307265032,
5,76.428,-0.0077276604585992,0.0215251371531393,0.002948779980297,
5,76.479,-0.008213529643918,0.0214731961136064,0.0028758441601688,
5,76.531,-0.0086686559421403,0.0213215367036244,0.0027988737970947,
5,76.581,-0.0094691706824227,0.0211181060888699,0.0025246655138116,
5,76.632,-0.0102260590549312,0.0210986478735618,0.002145986487815,
5,76.683,-0.0108941641258623,0.021399577441046,0.0017307255875393,
5,76.734,-0.011853324007558,0.0218818134917474,0.0013253621917888,
5,76.785,-0.0129220997056421,0.022441591042742,0.0009589108208413,
5,76.836,-0.013372818257033,0.023006131085448,0.0008476876998691,
5,76.887,-0.013390937125048,0.0233275404476827,0.0011099242036073,
5,76.938,-0.0133309856250091,0.023266363991536,0.0013897795901382,
5,76.989,-0.0130249460302655,0.0229647300488622,0.001658453122116,
5,77.041,-0.0127864963333609,0.022533109626316,0.0018983716794371,
5,77.091,-0.0124097173554769,0.0220527957379008,0.001899741045524,
5,77.142,-0.0115728213289932,0.0215798374978837,0.0019488401706338,
5,77.193,-0.0105080592810599,0.0211495911872035,0.0022254402030322,
5,77.244,-0.0095835246872312,0.0209821350694993,0.0026257280539667,
5,77.295,-0.0094256972185952,0.0209966721759579,0.0028723531129514,
5,77.346,-0.0099731110265781,0.0209259294449142,0.0027997804034671,
5,77.397,-0.0107280231098976,0.0212078426787217,0.002528319731249,
5,77.448,-0.0121578707968223,0.021894118947506,0.0021511093338963,
5,77.499,-0.0141065585116605,0.0225837694663279,0.0017363788048978,
5,77.55,-0.0156289592784901,0.0230193483960351,0.0011300677654163,
5,77.601,-0.0163539932197346,0.023056152902135,0.0002487596802386,
5,77.652,-0.0159068892673136,0.023035079840557,-0.0005372859977182,
5,77.703,-0.0149447839381036,0.0229785797839266,-0.0011990892134826,
5,77.754,-0.0139305045915815,0.0229038974146973,-0.0017280443913728,
5,77.805,-0.0125625766191271,0.0230243869402493,-0.0017276371637416,
5,77.856,-0.0112785596022865,0.0232603709199514,-0.0013877552571449,
5,77.907,-0.0103523421940903,0.0233506363796912,-0.0010582882890195,
5,77.958,-0.0097300063664175,0.0231393600499845,-0.0007619681799504,
5,78.009,-0.0093525598495242,0.022952495644528,-0.0003098776245744,
5,78.06,-0.0097649960211984,0.0227962993288991,0.0002057985465573,
5,78.111,-0.0106508922444398,0.0226723198306768,0.0003191620866378,
5,78.162,-0.0107651074109388,0.0227797959958326,0.0001653949163452,
5,78.213,-0.0103752284450392,0.022826249018589,0.0002543230145477,
5,78.264,-0.0096933682591917,0.0228298330229601,0.0008934275057426,
5,78.315,-0.0088790216583509,0.023006468656617,0.0018340469962644,
5,78.366,-0.0082459576290472,0.023079067811228,0.0024908130637279,
5,78.417,-0.0071775147141998,0.0228782772128998,0.0027119353539958,
5,78.468,-0.006719007222613,0.0223174442243453,0.0028367269741968,
5,78.52,-0.0076926845253307,0.0213699174951294,0.0030905454837191,
5,78.57,-0.0089041759128836,0.020451335898964,0.0032058918118613,
5,78.621,-0.0097691991205766,0.0200267784596695,0.0032231626235991,
5,78.672,-0.0101416904633799,0.0201540039978893,0.0033769787835842,
5,78.723,-0.0101683722178658,0.020424062273797,0.0034051782723577,
5,78.775,-0.0101719586789343,0.0205631981737489,0.0029488806419926,
5,78.825,-0.0101604448252129,0.0206071895379482,0.0020176723519082,
5,78.876,-0.0101401713091091,0.0205866258292091,0.001258353877082,
5,78.927,-0.0101159084118044,0.0205263115790714,0.0010719431929705,
5,78.978,-0.0100910360412753,0.0206461821662483,0.0010671091616134,
5,79.029,-0.0100677708677955,0.021273652267965,0.0009782842746091,
5,79.08,-0.0100474054445509,0.0221762652533156,0.0008427273338603,
5,79.131,-0.0098297021498971,0.0227811642127949,0.0008889221325914,
5,79.182,-0.0093020911116601,0.0227448628848657,0.0012488063565042,
5,79.233,-0.0088189387424887,0.022300242977761,0.0017809650300112,
5,79.284,-0.0088047806229999,0.022031132489695,0.0023808620380206,
5,79.335,-0.0092933837132848,0.021896203814709,0.0029760113273978,
5,79.386,-0.0100651823008219,0.0216573384838984,0.0035203052571524,
5,79.438,-0.0107557738477487,0.0215718357536935,0.0037874243522901,
5,79.488,-0.0109371382130248,0.0219932284049015,0.0038553183391879,
5,79.539,-0.0107773393147358,0.0227058672579718,0.0039908184931046,
5,79.59,-0.0106124056870372,0.0233472149085119,0.0039579591140785,
5,79.641,-0.0102565949264477,0.0240921518150233,0.0038197617973376,
5,79.692,-0.009806948333405,0.024843682489315,0.0038259413567981,
5,79.743,-0.0097349089637889,0.0251374017143721,0.0037233871668215,
5,79.794,-0.0097100020840369,0.0251139073800419,0.0035593349525544,
5,79.846,-0.0095164908993943,0.0250896886783682,0.0035698534238261,
5,79.896,-0.0092303905079346,0.0250669509747414,0.003490654431911,
5,79.947,-0.0087070576656322,0.0250469897099461,0.003159443680576,
5,79.999,-0.0082744502208816,0.0246287453646933,0.0026932121061199,
5,80.049,-0.0079347825032267,0.0237878269138884,0.0021778387156748,
5,80.1,-0.0078828421619094,0.0231450469773034,0.0016723498747718,
5,80.152,-0.0080196087633963,0.0230826475306213,0.0014146418292846,
5,80.203,-0.0080655822626323,0.0235983224230338,0.001537384613226,
5,80.253,-0.008451299567013,0.0242424865767879,0.0016934361133335,
5,80.304,-0.0086222587655715,0.0247164759235523,0.0016574803968488,
5,80.355,-0.0084409151226834,0.0250432461908167,0.0015012690038777,
5,80.406,-0.0084498567845474,0.0254501803437226,0.0014813141055153,
5,80.458,-0.0081784525933436,0.02607667095421,0.0019520178768991,
5,80.508,-0.0077490509964373,0.0265928126210037,0.0026995930771334,
5,80.559,-0.0078553138042789,0.0265950510646438,0.0031630175786888,
5,80.61,-0.0082965893427253,0.0262675170637737,0.0032061394422595,
5,80.661,-0.0085156093081171,0.025955628594347,0.0029762354339096,
5,80.712,-0.0083736570321229,0.0256788294911622,0.0025896948476513,
5,80.763,-0.0080115981717257,0.0256476048929367,0.0021337472948323,
5,80.814,-0.0075374590566815,0.0257763882612576,0.0016699133227832,
5,80.865,-0.0072303599902785,0.025796613715524,0.0012382827725182,
5,80.916,-0.007255896302891,0.0255447569482342,0.0010628139685058,
5,80.967,-0.007894384718326,0.0247369650444963,0.0012665645666305,
5,81.018,-0.0090755325782814,0.0238383496619894,0.0016971601205929,
5,81.069,-0.0101081628993096,0.0233553406978807,0.0022386518042002,
5,81.12,-0.0109625864993987,0.0229768496761841,0.0026069333337503,
5,81.171,-0.0112324108276081,0.022695796891814,0.0026337072785925,
5,81.222,-0.0107039582798796,0.0227006478697065,0.0024393039650365,
5,81.273,-0.0101076493640542,0.022888473969413,0.0023194990235178,
5,81.324,-0.009716557877608,0.0233793963796718,0.0024579958640315,
5,81.375,-0.0098901679495799,0.0240252725779672,0.0025501953633825,
5,81.426,-0.0104120035364226,0.0243169758440652,0.0024044616311276,
5,81.478,-0.0107135859221144,0.0241572625664007,0.0019170026944647,
5,81.528,-0.011251348732572,0.0235200292590104,0.0010487033808097,
5,81.579,-0.0118973858732751,0.0226277289039504,0.0002067386513998,
5,81.63,-0.0121592992106699,0.0220451897937387,-0.0003498647544467,
5,81.681,-0.0119529800951622,0.0219089475736066,-0.0006787373578281,
5,81.732,-0.0108604327377691,0.0222707170152482,-0.0008351349859143,
5,81.783,-0.0092872696462717,0.0229228248103532,-0.0008683515603657,
5,81.834,-0.0081347415192529,0.0235079218224214,-0.0008198973741788,
5,81.887,-0.0075454085040972,0.0240030384969871,-0.0007229560125794,
5,81.936,-0.007364624701691,0.0244006717070115,-0.0006027049616663,
5,81.988,-0.0072595538983791,0.0249046741502898,-0.000276330733278,
5,82.038,-0.0072114824448995,0.025436408403663,0.0003568557958975,
5,82.089,-0.007605496669681,0.0257423787868775,0.0009351171442928,
5,82.14,-0.0082513906973133,0.0258789755044964,0.0014316984073108,
5,82.193,-0.009006941320419,0.0256951372182775,0.0020368355854352,
5,82.242,-0.0095712907165831,0.0253205558155273,0.0026629825020194,
5,82.293,-0.0099676767708533,0.0248537324425957,0.0032523034969883,
5,82.344,-0.0110278308359012,0.0241644174223827,0.0035698302789402,
5,82.395,-0.0120268603777196,0.0237894494154244,0.0034866997429429,
5,82.446,-0.0123039311436342,0.0238470444827774,0.0031532851836209,
5,82.497,-0.0120957144842927,0.0237757704206933,0.0028869685825475,
5,82.549,-0.0113921510978656,0.0234267379807708,0.0028859131504603,
5,82.599,-0.0110299169758254,0.0229276037623522,0.003055068163603,
5,82.65,-0.0111165280792971,0.0225731323729684,0.0033197990997236,
5,82.701,-0.0112832153330467,0.0223399166254661,0.0034237273927401,
5,82.752,-0.0116887026403731,0.0218015360875481,0.0034161757436736,
5,82.803,-0.0118131032187663,0.0211106876145586,0.0037394002236892,
5,82.854,-0.0117472348620615,0.0205783855022788,0.0044496363969204,
5,82.906,-0.0117654623199764,0.0203913626695818,0.0051501937283841,
5,82.956,-0.0116353268274972,0.0204408094255762,0.0055874316682054,
5,83.007,-0.0118221600745497,0.0200354431199489,0.0058206644736607,
5,83.059,-0.0123981064042587,0.0191701125808931,0.0057034882180025,
5,83.109,-0.012976509589626,0.0184809655827597,0.005170156090719,
5,83.211,-0.0123407099963789,0.0190195434093839,0.0037733538527216,
5,83.262,-0.0112586743752861,0.0203234586446032,0.00346180651065,
5,83.313,-0.0102627618394024,0.0217362431003162,0.0031847298966129,
5,83.364,-0.0092012559231501,0.0227036898200058,0.0027511860050926,
5,83.415,-0.0079821223813287,0.0233078001531998,0.0022521196663489,
5,83.466,-0.0063581640264919,0.0238311875170743,0.0017511221321884,
5,83.517,-0.0050066961636729,0.0240599239057354,0.0012891328893782,
5,83.568,-0.0041393922452069,0.024081310252208,0.001090108525265,
5,83.62,-0.0032506138324388,0.0239679942909495,0.0012765590624441,
5,83.671,-0.0026202950224399,0.0235765562053025,0.0014944226476161,
5,83.721,-0.0022063753685357,0.0232390232997324,0.001714931303337,
5,83.772,-0.0021653289007634,0.0231640114068862,0.0021202558109932,
5,83.823,-0.0027683899405712,0.0232633937343855,0.0026115511285078,
5,83.875,-0.0037361043397598,0.0232658066812346,0.0031185165033067,
5,83.925,-0.0046591162280405,0.0232058343262845,0.0035948056096444,
5,83.976,-0.0054793093515055,0.0233115025046283,0.0040131584910753,
5,84.027,-0.0065693378599719,0.0233140821475059,0.0041599124945004,
5,84.078,-0.0077448599435874,0.0230495049123203,0.0039198532269444,
5,84.129,-0.0086799460485406,0.0228356742634652,0.0034509954652134,
5,84.18,-0.0093857094644551,0.0228724014278056,0.0030738960602857,
5,84.231,-0.0098877000023086,0.0230668738107409,0.0029867733750786,
5,84.282,-0.0102186738534772,0.0233468936924087,0.0028917929163668,
5,84.333,-0.0106142112698683,0.0234584509717284,0.002598569315985,
5,84.384,-0.0112202153936486,0.0232521690637971,0.0022017578388179,
5,84.435,-0.0119125202545176,0.0228586118441325,0.0017703873573745,
5,84.487,-0.0126045589794432,0.0223765611292993,0.0013515058896744,
5,84.537,-0.0130399994952409,0.0220773134337798,0.0009742844687232,
5,84.588,-0.0128742225994264,0.0223210136505963,0.0008549189412543,
5,84.639,-0.0121353377683284,0.0228933570639051,0.0011113523894054,
5,84.69,-0.0110882464581544,0.0234296643131232,0.0013873712462003,
5,84.741,-0.0101284365744732,0.023899776294913,0.0014529440288957,
5,84.792,-0.0095025432746236,0.0242896681169798,0.0011774455539834,
5,84.843,-0.0091410880651775,0.0243959556006108,0.0007053322497533,
5,84.895,-0.0089782675801584,0.0241109809083893,0.000546713529926,
5,84.945,-0.0087550880588079,0.023798796277225,0.0006018974349205,
5,84.996,-0.0087119596159677,0.0234942393821541,0.000588937212394,
5,85.047,-0.008787771866394,0.0232190406571937,0.0005333137884196,
5,85.098,-0.0085321093415421,0.0231856121618152,0.0004547966768085,
5,85.149,-0.0082852268711709,0.0233099288018074,0.000367904214842,
5,85.2,-0.0080638084258606,0.0235254287408839,0.000282620581357,
5,85.251,-0.0080773423381497,0.023581263717209,0.0002052199020448,
5,85.302,-0.0086421433916075,0.0233293782514943,0.0003399264877081,
5,85.353,-0.0095151280498239,0.0229003706385387,0.0008006806032235,
5,85.404,-0.0103148032012227,0.0225930627865514,0.0012326981744989,
5,85.455,-0.0104007195471507,0.0225893280228133,0.0016115800516713,
5,85.507,-0.0104236309391393,0.0225797566969965,0.0019259463767251,
5,85.557,-0.0110067944224964,0.0223663773252126,0.0019728477622486,
5,85.609,-0.0115007615933886,0.0220394268533888,0.0020452760023861,
5,85.659,-0.0120986741346554,0.0216659024452637,0.0023290911743388,
5,85.711,-0.0127152198145193,0.0210916806247583,0.0029265134803746,
5,85.761,-0.012892519326094,0.0204348704370833,0.003677075201927,
5,85.812,-0.0125730308927872,0.0201795232208041,0.0042647242457865,
5,85.863,-0.0113580913920144,0.0204030014803063,0.0049015147665954,
5,85.914,-0.0092647859571125,0.020915622412837,0.0057195003176014,
5,85.965,-0.0073788026194526,0.0215725048290971,0.0061863166572402,
5,86.016,-0.0065806278215735,0.0222691399310358,0.0059887417989646,
5,86.067,-0.0067450745044369,0.0227344737137658,0.0055817641520971,
5,86.118,-0.0077145230387928,0.0226124128545105,0.0050731796281265,
5,86.169,-0.0089215479358559,0.0219225974539592,0.0043394520772674,
5,86.221,-0.0091798100313254,0.021124900720195,0.0035202715743442,
5,86.271,-0.0084071672451582,0.0205229295235433,0.0029129269508383,
5,86.322,-0.007437088408947,0.020295679287204,0.0026910673464439,
5,86.373,-0.0070208144168733,0.0205278463690293,0.0025334282464686,
5,86.424,-0.0069931647444017,0.0212368443246068,0.0022288071048234,
5,86.475,-0.0070161474153113,0.022194702233954,0.0018543900756712,
5,86.526,-0.0074714242512821,0.0226327178482781,0.0014652875629961,
5,86.577,-0.0075648786834629,0.0225013108406784,0.0010980244448925,
5,86.629,-0.0070171029310847,0.0224169274498727,0.0007742715739241,
5,86.679,-0.0059012442806776,0.0227711488492473,0.0007052659115597,
5,86.73,-0.0041090182673675,0.0233782142739864,0.0010060198826645,
5,86.781,-0.0030311470045743,0.0236970066246116,0.0013189254999779,
5,86.832,-0.0028996847014354,0.0238053049025067,0.0014136541470366,
5,86.884,-0.0033857640621696,0.0237699025074845,0.0013608447784607,
5,86.934,-0.0046305235921483,0.023243514150547,0.0012176540360527,
5,86.985,-0.0060610343172032,0.0224445177909749,0.0010280000686267,
5,87.037,-0.0078974262888613,0.0217357036691634,0.0008237824002062,
5,87.087,-0.0098466070971531,0.0213425032123891,0.0008274634477534,
5,87.138,-0.0109082061338326,0.021384142874814,0.0009641849452526,
5,87.189,-0.0113152713099916,0.0217013228582466,0.0009744151730512,
5,87.241,-0.01126984923303,0.0223705745397689,0.0011035318564998,
5,87.292,-0.0111387063286754,0.0232118646416696,0.0012985241609172,
5,87.343,-0.0113647887146702,0.0238950744467948,0.0013192678335941,
5,87.393,-0.0114001487979572,0.0244220146013529,0.0012265904672536,
5,87.444,-0.0111095145855023,0.0248064000481502,0.0010686154368023,
5,87.495,-0.0108339847382544,0.0252693124557276,0.0008814523301882,
5,87.546,-0.0105902763654478,0.0259462345496,0.0006906048663953,
5,87.597,-0.0109890556485123,0.0263043652781738,0.0005127258719883,
5,87.648,-0.01196869371301,0.0260276014816427,0.0005582875164939,
5,87.699,-0.012438834110326,0.0255667141545762,0.0009443266894235,
5,87.75,-0.0121427720780107,0.0250247635927016,0.0013168861299115,
5,87.801,-0.0115799222827289,0.0242735261098683,0.0014500376778726,
5,87.852,-0.0112928507294033,0.0236492453019981,0.0014189480808858,
5,87.904,-0.0112057114275132,0.023558206302883,0.0012850197079404,
5,87.954,-0.0108521318731238,0.024017309891611,0.0010958944577552,
5,88.005,-0.0101552410671388,0.0243906995831019,0.0008865616916039,
5,88.056,-0.0092941507131702,0.0242774535367942,0.0008819188855181,
5,88.107,-0.0087985924072885,0.0240620340142044,0.001209760928475,
5,88.158,-0.0087781122127603,0.023999224427182,0.00152367229872,
5,88.209,-0.0084614683736541,0.0240393371686469,0.0018034316233814,
5,88.262,-0.0081811502771207,0.0239414032527431,0.0022396471015735,
5,88.311,-0.0081474823303275,0.023762800271349,0.0027411632748178,
5,88.362,-0.0080738748435231,0.0239484751678782,0.0032442716186956,
5,88.413,-0.0081813988712083,0.0247545316456855,0.003707984668504,
5,88.464,-0.0081956204412403,0.0258937174971915,0.0043100134667261,
5,88.515,-0.0085505271798766,0.0265525406743593,0.0047515545695493,
5,88.566,-0.00929625564394,0.0264486896533938,0.0046530288052863,
5,88.617,-0.0098310639620063,0.0260648727301338,0.0044168788965706,
5,88.668,-0.0101876353161961,0.025933999898436,0.004111434270915,
5,88.72,-0.0106020831636835,0.0259758666165899,0.0035852511406353,
5,88.77,-0.011020356158651,0.0259243231566598,0.0031606007991851,
5,88.821,-0.0108049801330576,0.025616177944296,0.0030360159558332,
5,88.873,-0.0102005142353618,0.0249673815194856,0.0029130532573739,
5,88.923,-0.0095958974437707,0.0243530616343784,0.0028010089433319,
5,88.974,-0.0088389211807129,0.0242118710856248,0.0029058017152445,
5,89.025,-0.008245873115992,0.0245862987457032,0.0029404112639126,
5,89.077,-0.0078056022577293,0.0250605062111256,0.0027263947338932,
5,89.127,-0.0072978501225415,0.0253597792250048,0.0023701141747431,
5,89.178,-0.0067876082535957,0.0253219824663205,0.001951213612551,
5,89.23,-0.0059150917747115,0.0250710418350572,0.0017266370032391,
5,89.28,-0.0046794885315269,0.02490439363866,0.0018455650321984,
5,89.331,-0.003912780287037,0.0246043602959643,0.0019744127332751,
5,89.382,-0.0039100582102524,0.0242428829017472,0.0018984379937478,
5,89.433,-0.0047992058223172,0.0238710370011874,0.0016972033807807,
5,89.484,-0.0061889271249379,0.0233215792561132,0.0014317990285117,
5,89.535,-0.0071855500431698,0.0229031833800503,0.0011465601657605,
5,89.586,-0.008050830194022,0.0228032890802187,0.0008715146346199,
5,89.637,-0.0087623625086625,0.023116524766784,0.0006251019721805,
5,89.688,-0.0089164612464486,0.0238703923539807,0.0006176818820814,
5,89.739,-0.0089015034728606,0.0246454654393597,0.0009649697830071,
5,89.79,-0.0089801563110662,0.0251710407435205,0.0013110177044145,
5,89.841,-0.0091125280043149,0.0254943789780951,0.0014276374797751,
5,89.892,-0.0092687184914445,0.0252603699658907,0.0013877446904726,
5,89.943,-0.0092268042204196,0.02448687053824,0.0012506770529818,
5,89.994,-0.0088603686209231,0.0236303396455946,0.0010622972950279,
5,90.045,-0.0087169051199648,0.0227893644873037,0.0008561416278696,
5,90.096,-0.0089288036927294,0.0222267581249464,0.0008559802081515,
5,90.147,-0.0089499244207618,0.0218878801349841,0.0011887801389071,
5,90.199,-0.0088469927834398,0.0215188802673388,0.0015075567175842,
5,90.251,-0.0086727688255998,0.0211602047240525,0.0015908973159433,
5,90.3,-0.0082659837864432,0.0210377980059344,0.0015165456473988,
5,90.351,-0.0077427237906816,0.0212775896733451,0.0013470307278945,
5,90.402,-0.0071867976894763,0.021529580881891,0.0013309340870507,
5,90.453,-0.0068554142554131,0.0217691529586668,0.0016153592497237,end
6,91.626,-0.0117618819349118,0.0238275678350094,0.001448937654658,start
6,91.677,-0.0122258954862776,0.0235971893089215,0.0011992185363117,
6,91.728,-0.012344677400091,0.0231604610153006,0.0013443907299377,
6,91.779,-0.012232502309784,0.0226264738767867,0.0017311648889252,
6,91.83,-0.0117803803474004,0.0220730066641484,0.0022418199326921,
6,91.881,-0.0111465534583532,0.0215515078134458,0.0025900698291215,
6,91.932,-0.0106479409992285,0.0210924057290799,0.0026053511589645,
6,91.983,-0.010276103787868,0.0209110368223822,0.0024058549843683,
6,92.034,-0.0100154450472332,0.0211231961642146,0.0020846371453723,
6,92.085,-0.0098470304089,0.0213698683033893,0.0017111574708437,
6,92.136,-0.0097513059984467,0.0214180255955977,0.0015349961586941,
6,92.187,-0.0099107251064022,0.021134162787719,0.0017003705855061,
6,92.238,-0.0104218078690647,0.0206601620601462,0.001870670727886,
6,92.292,-0.0111173736097281,0.0205039615161769,0.0018296155298192,
6,92.34,-0.011674546932261,0.0207649643949023,0.0016563053652845,
6,92.392,-0.011897368746852,0.0210717404099067,0.0014120958801513,
6,92.442,-0.0124903546266665,0.0207807277499163,0.0009411995445196,
6,92.493,-0.0140764438128192,0.019728033147038,0.0001619123260264,
6,92.544,-0.015770377984886,0.0184722329163683,-0.0003508917078744,
6,92.748,-0.0163177976736094,0.0195196596835196,0.0015028136992151,
6,92.799,-0.0153408818313533,0.0210608116611361,0.0019494899186664,
6,92.85,-0.013682782857426,0.0221648468344615,0.0024810244355083,
6,92.902,-0.0117210068656425,0.0224981781938332,0.0028234492882093,
6,92.952,-0.0093203960976924,0.0219087725032776,0.0030170801929719,
6,93.003,-0.0066303536899729,0.0209757506419667,0.0033005604850331,
6,93.054,-0.0045732852420811,0.0204998038644472,0.003618892866489,
6,93.105,-0.0032882607030358,0.0205560710030553,0.0039340049467318,
6,93.156,-0.0030032854939678,0.0209491542212919,0.0042217376374337,
6,93.207,-0.0035834201616581,0.0215266772143647,0.0042679622956519,
6,93.259,-0.0044709564973233,0.0221760965191412,0.0039547483633049,
6,93.309,-0.0054843464988228,0.0230202901884426,0.0036370031533163,
6,93.36,-0.0066978774706806,0.0239215856957358,0.0033418773742769,
6,93.411,-0.0075406147058966,0.0243854320547494,0.0030849670776981,
6,93.462,-0.0074753418410111,0.0247322910013593,0.0030740384888289,
6,93.514,-0.00763629351965,0.0251770891666367,0.0030209149222725,
6,93.564,-0.0081302385072656,0.0254481349681785,0.002944997141907,
6,93.615,-0.0083964016434524,0.0253851367206871,0.003061392651242,
6,93.666,-0.008896762043913,0.0247112923646222,0.0032917781304593,
6,93.717,-0.0093062958810371,0.0236998131674521,0.0035767635889845,
6,93.769,-0.0096246786910214,0.022753880627189,0.0036730393039984,
6,93.82,-0.0102606921673892,0.0219259765721683,0.0034397179176046,
6,93.87,-0.0108484917399355,0.0212402786668489,0.0032145860937131,
6,93.922,-0.0111573156206923,0.0207008693811582,0.0034144595884903,
6,93.972,-0.0110615754652283,0.0200977814865175,0.0038708543682294,
6,94.023,-0.0105132250254147,0.0193014677010651,0.0042542720401689,
6,94.074,-0.0099194768285951,0.0188468661480603,0.0045600844627007,
6,94.125,-0.0099468115257811,0.0188487756332514,0.0045907240128182,
6,94.177,-0.010370282801434,0.0191433157793731,0.0044424196368383,
6,94.227,-0.0104112970003017,0.020003540931538,0.0043920967582621,
6,94.278,-0.0100028932964934,0.021157464167591,0.0044086570748138,
6,94.329,-0.0095398968687408,0.0222062188170974,0.0044667826838662,
6,94.38,-0.0098824160421421,0.0229024396841718,0.0043460631701307,
6,94.431,-0.0107140381341841,0.0231157989792766,0.0039195052226793,
6,94.483,-0.0113908727421376,0.0228015007160072,0.003130230546497,
6,94.533,-0.0123157290029509,0.0219732034781344,0.0019708984502311,
6,94.584,-0.0129236901154922,0.0212834595035201,0.0010690299309077,
6,94.635,-0.012877903104914,0.0213404873658773,0.0008064036045922,
6,94.686,-0.0128181792704412,0.0218718772488262,0.0007740202683841,
6,94.737,-0.0123526475436463,0.0224639778985298,0.0008919050935255,
6,94.788,-0.0114634144207164,0.0230474499966731,0.0012975281945604,
6,94.839,-0.0107755422425008,0.0235785158262279,0.001654273917678,
6,94.89,-0.0100712387139066,0.0242341421136871,0.0019510134402087,
6,94.942,-0.0100154770213327,0.0247161530571443,0.0023862634361089,
6,94.992,-0.010580971818253,0.0244455929578355,0.0028753821980237,
6,95.044,-0.0104953139871032,0.023714105292277,0.003560590827918,
6,95.094,-0.0101997532622183,0.0229465976155859,0.0041156831589886,
6,95.145,-0.0103958153768571,0.0224184786539734,0.0041410654015709,
6,95.196,-0.0110922638629244,0.0222871512932821,0.0040255118763924,
6,95.247,-0.0122545214554032,0.0226216904733455,0.0040296854501887,
6,95.298,-0.0136221582582821,0.0236298064965406,0.0041103109054267,
6,95.349,-0.0152124819897932,0.0245872693022941,0.0040326583148073,
6,95.4,-0.0162153691470999,0.0244311610087549,0.003658898301852,
6,95.452,-0.0157567692782196,0.0231717355863708,0.0031252547740453,
6,95.502,-0.0145985170281427,0.0217075373423553,0.0025319391402782,
6,95.554,-0.0134862553719795,0.0210329664711747,0.0019480158086459,
6,95.604,-0.0126936753393762,0.0211198485993159,0.0014170248273562,
6,95.655,-0.0123706279615087,0.0212864429262845,0.000962638434326,
6,95.706,-0.0117721666213349,0.0212899440398533,0.0007947185995948,
6,95.757,-0.0104426436173901,0.0213893974692286,0.0010248477699784,
6,95.808,-0.0091527255883121,0.0219440679368959,0.0012909455533494,
6,95.859,-0.0081926655077252,0.0227461339531423,0.0015587353057446,
6,95.91,-0.0073204516243495,0.0232407674336508,0.0022077650383932,
6,95.961,-0.00677547965139,0.0232976593088353,0.0032499984688571,
6,96.012,-0.0066849979220556,0.0232700682665077,0.0042598538200938,
6,96.063,-0.0066924392644487,0.0233913441146937,0.004766150952391,
6,96.114,-0.0067620859307072,0.0233975198076615,0.0047079839892596,
6,96.165,-0.0072677004305513,0.0233293797242513,0.0044933035195263,
6,96.216,-0.0084139731189535,0.0234198846878202,0.0041954888970196,
6,96.267,-0.0094773815569226,0.0236048663191995,0.0036674468818611,
6,96.318,-0.0095988829762429,0.0240364141475289,0.0030341676176173,
6,96.369,-0.0095081975620465,0.0247922635099683,0.0021834341420416,
6,96.42,-0.0094895445247595,0.0256953841638742,0.0012615784391219,
6,96.471,-0.0093177543706179,0.0264195730224678,0.000568997902264,
6,96.522,-0.0092623836445539,0.0265691597893076,0.0002799343938578,
6,96.573,-0.0090852931642376,0.0261373741422998,0.0004737222803661,
6,96.624,-0.0092460311350202,0.0253674112394636,0.0007607863441471,
6,96.675,-0.01001219057609,0.0246432452749021,0.0008837787219111,
6,96.726,-0.0105025888008331,0.0242074596619652,0.0010924967236014,
6,96.777,-0.0107767317580704,0.0239916353981773,0.0013394279463368,
6,96.828,-0.0110909898696137,0.0239342215943285,0.0011893631258176,
6,96.879,-0.0110040631436437,0.0237821831766083,0.0007967395089496,
6,96.93,-0.0104659853743069,0.0233808372340931,0.0004809249051229,
6,96.981,-0.0094809531839427,0.0230526726918684,0.0002397423605035,
6,97.032,-0.0086900644457816,0.0229986394027861,6.580023069038251e-05,
6,97.083,-0.0086897257068175,0.0231247612957255,-5.104378214695599e-05,
6,97.134,-0.0085939336708972,0.0233562941834174,7.895230989566078e-05,
6,97.185,-0.0084446178220636,0.0234359990805851,0.0005576503023457,
6,97.236,-0.0088754704195282,0.0234119258921617,0.0012215333278369,
6,97.287,-0.0094429694058399,0.0233232283515014,0.0019508530371229,
6,97.338,-0.0098516839497688,0.0229993756080308,0.0026635518868671,
6,97.389,-0.0099248947373254,0.0229523892369841,0.0033083373566338,
6,97.44,-0.0101787157099537,0.0232875797732352,0.0036569349708559,
6,97.492,-0.0109296482963261,0.0234392857292146,0.0035867343394434,
6,97.542,-0.0115374118548907,0.0234611265027383,0.0032535762688314,
6,97.593,-0.0124061972976597,0.0237995908080825,0.0025777001257941,
6,97.644,-0.013573430640396,0.0243139320930464,0.0015354830348715,
6,97.696,-0.0140349714845543,0.0244980862219113,0.0005428711765484,
6,97.746,-0.0138060045297276,0.0242548469159625,-0.0001373526866527,
6,97.797,-0.013554240355489,0.023757038428844,-0.0005625812906712,
6,97.848,-0.013508913892948,0.0231359522851514,-0.000790108207004,
6,97.899,-0.013197960494701,0.0226865294827316,-0.0008725608169174,
6,97.95,-0.0127416268157712,0.0225841405736428,-0.0008553460936495,
6,98.001,-0.0126303794458791,0.0227125476413637,-0.0005747588356316,
6,98.053,-0.0123477232861573,0.0229786606794609,5.303591237075067e-05,
6,98.103,-0.011576173272096,0.0233117138717564,0.0006522461367639,
6,98.154,-0.0105530517165411,0.0236609439188522,0.0011849870010305,
6,98.205,-0.009450775262785,0.0239924941578477,0.0018331343764761,
6,98.256,-0.0083862823772172,0.0242860708461148,0.0023023963170038,
6,98.307,-0.0076323700959079,0.0245317091074105,0.0024183987166809,
6,98.36,-0.0071382135466262,0.0249277026684855,0.0024993523477457,
6,98.409,-0.0068503490421003,0.0253883152985364,0.0027521577673305,
6,98.46,-0.0067179154100769,0.0256525352048896,0.003094871861168,
6,98.511,-0.0064949728037323,0.0257695726359613,0.0034677176118,
6,98.562,-0.0064327255345931,0.0257828123380846,0.0036291027011832,
6,98.613,-0.0060768736944911,0.0259292512716312,0.0036419025472491,
6,98.664,-0.005360471265945,0.0263501874462203,0.0037592124186721,
6,98.715,-0.0048720475616913,0.0269133575882507,0.0039341260474719,
6,98.766,-0.004569075130118,0.0273216746410726,0.0041319325172658,
6,98.818,-0.0048110482931938,0.0273970412487637,0.0041276972116244,
6,98.868,-0.0053830846095924,0.0272528151158389,0.0039942223393215,
6,98.919,-0.0057191864679136,0.0269793390255796,0.0039894156264209,
6,98.971,-0.0062786384840003,0.0266449375575649,0.0038666829196993,
6,99.021,-0.0069363937498766,0.0262983251325295,0.0036781777387267,
6,99.072,-0.0072026888870917,0.0261725594232341,0.0036634662097143,
6,99.123,-0.0071965280583471,0.0263993709452566,0.0035605656791098,
6,99.174,-0.0068152884418426,0.0266332542063828,0.0034093713525861,
6,99.225,-0.006625785077543,0.0264512169748457,0.003239349689494,
6,99.276,-0.00657447551486,0.0260170521766982,0.0028700778583491,
6,99.327,-0.0064150849785688,0.0256568965929859,0.0026035151658172,
6,99.378,-0.0068016819041769,0.0253731394777727,0.0026250726969491,
6,99.429,-0.0073065584030601,0.0251611758293417,0.0030305184412017,
6,99.48,-0.0080475688666589,0.0248114511493629,0.0036496006209884,
6,99.531,-0.0090813299312483,0.0242006341586539,0.003954298531082,
6,99.582,-0.0096173004716592,0.023672267912194,0.0038320545125645,
6,99.633,-0.0097909559245788,0.0236408943785743,0.0036466445723608,
6,99.684,-0.0101199570063859,0.0241316218859592,0.0036364513492063,
6,99.735,-0.0105221594502226,0.0247169442036786,0.0037394524939323,
6,99.786,-0.0107381657297013,0.0249142467688957,0.0039067765820257,
6,99.837,-0.0108174022804888,0.0248468422708726,0.0041019125654646,
6,99.888,-0.0108025560089584,0.0248159159830456,0.0042992098015991,
6,99.939,-0.0111302295383075,0.0248108694672095,0.0042812099347596,
6,99.99,-0.0116512555196633,0.0248228263870337,0.0041265749314117,
6,100.044,-0.0118527652612086,0.0246438942900614,0.0040975647939586,
6,100.092,-0.0124356657626264,0.0239552421521428,0.0037497875309633,
6,100.143,-0.0132163453990594,0.0229950020925141,0.0028238393220658,
6,100.194,-0.0132578216672535,0.0223393854214508,0.0018022985688871,
6,100.245,-0.0128218767860647,0.0223334746975561,0.0010023469515881,
6,100.296,-0.0119139244224349,0.0229455623667202,0.0006096084061003,
6,100.347,-0.0113786892578279,0.0233023321671947,0.0007104202932984,
6,100.398,-0.0117279951028956,0.0230650255953065,0.0011196729416735,
6,100.449,-0.0118132071145037,0.022666604542458,0.0016938678644473,
6,100.5,-0.0117221967639127,0.0221968590120536,0.0023277217024406,
6,100.551,-0.0115254771068494,0.0219199393587468,0.0029489182040981,
6,100.602,-0.0112767637946389,0.021989768448453,0.0033112603822668,
6,100.653,-0.0108138506175677,0.0222763757652678,0.0034784777402391,
6,100.705,-0.0094474128233863,0.0224781563177461,0.003707952000992,
6,100.755,-0.0082137697722399,0.0224084897084099,0.0037580867045907,
6,100.807,-0.0077668986181991,0.0221703266042744,0.0034883405574126,
6,100.857,-0.00745885622617,0.021843230480779,0.0030351079765269,
6,100.908,-0.0074654316416993,0.0216862074482663,0.0025006058316003,
6,100.959,-0.0078740931017535,0.0220525425693777,0.0021577533903066,
6,101.01,-0.0085078038749181,0.0227251052786456,0.0021661919605005,
6,101.061,-0.0096366095019912,0.023339204575911,0.0021984200060155,
6,101.112,-0.0107914304552231,0.0238664755512496,0.0020424828219972,
6,101.163,-0.0114684983011559,0.0240948678901349,0.0017783925524955,
6,101.214,-0.0119856009083062,0.0239123927528607,0.0014661534209709,
6,101.265,-0.0125594025763952,0.0234810659873666,0.0011481171932194,
6,101.316,-0.0129226391441354,0.022924787819802,0.0008519119401851,
6,101.368,-0.0129208157541584,0.0223330596295152,0.0005935032098778,
6,101.418,-0.0124841734224043,0.0217661310868721,0.0005809278611798,
6,101.469,-0.0116029026282003,0.0212606511690713,0.0009278620068248,
6,101.52,-0.0105072642198242,0.020835188373223,0.0012766640428763,
6,101.571,-0.0095629908947577,0.0204952235810617,0.0013978099224724,
6,101.622,-0.0091933198554835,0.0202374036138657,0.0011623824523895,
6,101.673,-0.0090210341748125,0.0200529789271085,0.0007171788198416,
6,101.724,-0.0091900158583394,0.0199304418899597,0.000374033327703,
6,101.775,-0.0101667959740142,0.020058274072165,0.0001239090463286,
6,101.826,-0.0109806897611053,0.0207380790477851,0.0001543710667092,
6,101.877,-0.0114238995893622,0.0217172815360768,0.0003623404237136,
6,101.928,-0.0115937661104774,0.0226090066978339,0.0006674474855869,
6,101.979,-0.0115746775153769,0.0231721591164052,0.0012111773128839,
6,102.03,-0.0118376030300858,0.0232785072615663,0.0016634348625999,
6,102.081,-0.0118586096996785,0.0232841736243213,0.002020695111599,
6,102.132,-0.0117227738073719,0.0232248123725371,0.0024891623985855,
6,102.183,-0.0112964252086439,0.0231285142550318,0.0029913188913102,
6,102.234,-0.0105171722422494,0.0232170962387154,0.0034747420382957,
6,102.285,-0.0101766845725554,0.0234171352622097,0.0039073154700461,
6,102.336,-0.0099441185984668,0.0236725876022704,0.0042725262372677,
6,102.387,-0.009598617544104,0.0237422243315788,0.0043643615549596,
6,102.438,-0.0092084406982171,0.0236870937735707,0.0040726560029588,
6,102.489,-0.0090217888772869,0.0237572060081858,0.0035583996412243,
6,102.54,-0.009382329842442,0.0237011768862852,0.0029427219693969,
6,102.591,-0.0094623492716242,0.02356874782472,0.0023114571033618,
6,102.642,-0.009356027544458,0.0235987916850046,0.0017209070586373,
6,102.693,-0.0095404041338048,0.0237306242762939,0.0012039104569106,
6,102.744,-0.0096955752701346,0.0239171486582735,0.0007756195959719,
6,102.795,-0.0102212173209127,0.0239229318992897,0.0004386263860341,
6,102.846,-0.010741401160989,0.0238123319437846,0.0003880925519403,
6,102.897,-0.0108146288890691,0.02383680797918,0.0007261730926311,
6,102.948,-0.0107961516459883,0.0237451153087863,0.0010854992243038,
6,102.999,-0.0105195099638735,0.0233854499942948,0.0012287516805509,
6,103.05,-0.0100995177058414,0.0226819795166784,0.001422750642585,
6,103.101,-0.009621326767672,0.0216136876323202,0.0018345450015044,
6,103.152,-0.0089433910945245,0.0205980702190451,0.002152108250966,
6,103.203,-0.0079909760925492,0.0200994910332367,0.0021828916224872,
6,103.254,-0.0067382004898371,0.0203742350133378,0.0022281089990351,
6,103.306,-0.0057950952667516,0.0211228798601549,0.0026806184897793,
6,103.356,-0.0055280278370576,0.0217136532128973,0.0033579937503063,
6,103.407,-0.0057159927372236,0.0221557165712646,0.0037235038069307,
6,103.458,-0.0063815271064404,0.0226677257215424,0.0036588022913849,
6,103.509,-0.0077015540203162,0.0231834632452937,0.0033233816190947,
6,103.56,-0.0091344647464504,0.0238609946418501,0.0030421139588046,
6,103.611,-0.0099221620325366,0.0245878643447052,0.0030190062766652,
6,103.662,-0.0102327722362711,0.0246854843194239,0.0029624925580467,
6,103.713,-0.0104132831685156,0.0239700245513411,0.0026882601135913,
6,103.764,-0.0106966873203696,0.0227905701999248,0.0022964234711827,
6,103.815,-0.0114249826714236,0.0216091155161024,0.0018606387896587,
6,103.866,-0.011978435878973,0.0211237892281921,0.0016325097135608,
6,103.918,-0.0117727920295824,0.0213247475543598,0.0017567209335557,
6,103.968,-0.0112976538532438,0.0217488782395591,0.0020969278270161,
6,104.019,-0.0104870109149329,0.0222820689740839,0.002749167535874,
6,104.07,-0.009325479579752,0.0230432061368787,0.0035491332967778,
6,104.121,-0.008433882576511,0.0240902259641416,0.0039779120578277,
6,104.172,-0.0077870334464424,0.0250356526945474,0.0039333505275549,
6,104.223,-0.0071482837158034,0.0256391394778221,0.0037896249110701,
6,104.274,-0.0069677088361079,0.0257740087117122,0.0037946798874025,
6,104.325,-0.0076979922739733,0.0251958275357491,0.0036939157863787,
6,104.376,-0.0087529562421241,0.024407611334033,0.0035333791864433,
6,104.427,-0.0093289046927069,0.0241505099489215,0.0035482375189311,
6,104.478,-0.0091497005599428,0.0242546937127415,0.0036743920398039,
6,104.529,-0.0087014079004589,0.0241805515087632,0.0038617921128365,
6,104.58,-0.0085182151132145,0.0239979957710069,0.0038725839626097,
6,104.631,-0.0081180937363454,0.0241622414923687,0.0035684072544635,
6,104.682,-0.0076109880103987,0.0245357144354788,0.0030866605453592,
6,104.733,-0.0074776725776027,0.0248125395488392,0.0027305630797428,
6,104.784,-0.0077956314701609,0.0248043074525017,0.0024836574920069,
6,104.835,-0.0085783067623184,0.0244130811334484,0.0019249497525223,
6,104.886,-0.0093953199604355,0.0238076494453246,0.0014119838061887,
6,104.937,-0.0103695559840812,0.0231134732379544,0.0013712300710189,
6,104.988,-0.0115671970115049,0.0226189798304678,0.0016366042524147,
6,105.04,-0.0122094075645111,0.0224931113169388,0.0020769956171572,
6,105.09,-0.0122429672756027,0.0224129387439546,0.0023934227029056,
6,105.142,-0.0116826382096658,0.0223685138730878,0.002604925424307,
6,105.192,-0.0103847635257323,0.022551418305285,0.0029329776530099,
6,105.243,-0.0091197929035291,0.0226645937337053,0.0031085918605056,
6,105.294,-0.008379212132944,0.0225231229286566,0.0029714983556899,
6,105.345,-0.0080344430176179,0.0222296992096897,0.0026448624745155,
6,105.396,-0.0081720584685287,0.021862391998922,0.0022229030899685,
6,105.447,-0.0088088305329413,0.0214772065570037,0.0017737052882128,
6,105.5,-0.0095137496989099,0.0213123318198414,0.0013431237003393,
6,105.549,-0.0102057465160623,0.0217036659617843,0.0009590717596099,
6,105.6,-0.0108338650647334,0.0226211219529429,0.000836547557369,
6,105.651,-0.0111697225943011,0.0238023045850638,0.0010924310214708,
6,105.703,-0.0114919911272193,0.0250577402135965,0.0013696171641465,
6,105.753,-0.0117796553892101,0.0262599446249029,0.0016381984899597,
6,105.805,-0.0120220170826849,0.0271305982148255,0.0020805186910853,
6,105.855,-0.0120150204945666,0.0275178349025626,0.0025987334739304,
6,105.906,-0.0116478259935267,0.0275639233527211,0.0031239933757929,
6,105.957,-0.0116816169795458,0.0271866797555895,0.0034107420734296,
6,106.01,-0.0121706997331712,0.0263674031274492,0.0035214857277133,
6,106.059,-0.0127116611956448,0.0255312769187258,0.0037112855112073,
6,106.11,-0.0128407705293185,0.0251531804300945,0.0039365407910194,
6,106.161,-0.0124945324113082,0.0253000494625614,0.0039656063157667,
6,106.212,-0.0120720776364758,0.0257718074415355,0.0036656766494746,
6,106.263,-0.0114338447906321,0.0264140354942515,0.0033796734555649,
6,106.314,-0.0107084938012989,0.0269131687322794,0.0031255776529205,
6,106.366,-0.0101863730686126,0.0268787634783966,0.0027115244446689,
6,106.416,-0.0096357044841373,0.0265049363852782,0.0024289782917268,
6,106.469,-0.0089101301493137,0.0261442850538334,0.0024543059573282,
6,106.518,-0.0083315012965724,0.0256202227318835,0.0024742206552694,
6,106.571,-0.0082952667251618,0.0248326226049561,0.0024890639214409,
6,106.62,-0.008609808408891,0.02393927274654,0.0027002958617261,
6,106.671,-0.0091240527608903,0.0228490323666757,0.0028196793314666,
6,106.722,-0.0097250656970965,0.0217200987324582,0.0026697315002526,
6,106.773,-0.009730945381286,0.0212595412344702,0.0023590934533637,
6,106.824,-0.0091538294479154,0.0216663132891198,0.0019703511193161,
6,106.875,-0.0082491700995931,0.0225966710788571,0.0017635791538324,
6,106.927,-0.0072071146959245,0.0237880925227105,0.0018909585276351,
6,106.977,-0.006562319350561,0.0250512365330705,0.0020215798950733,
6,107.028,-0.0062241059971405,0.0262589071900918,0.0021437872534251,
6,107.079,-0.0059088556698129,0.0271331499058413,0.0024516145895404,
6,107.13,-0.0058344915205025,0.0273216498431317,0.0026529270925591,
6,107.181,-0.0061214276771842,0.0270552047421477,0.0027697540131822,
6,107.232,-0.0068178674215439,0.0269200517098824,0.0032246781758579,
6,107.283,-0.0077209955057831,0.026879960358841,0.0038598958916852,
6,107.334,-0.008081631101908,0.0267032239846564,0.0041580486054444,
6,107.385,-0.0078645335447043,0.0264530479595561,0.0042160725219245,
6,107.436,-0.0076960134507283,0.0257742014963723,0.0043162618584752,
6,107.487,-0.0075721863901173,0.0246741270194901,0.0042346118401126,
6,107.538,-0.0078886380429795,0.0235931037552598,0.0038420644448232,
6,107.589,-0.0088637087802747,0.0226111413571617,0.0034824908856694,
6,107.64,-0.0095803541051665,0.021972429892806,0.0033737845916218,
6,107.692,-0.0098728536385394,0.0218060065017027,0.0032338715012261,
6,107.742,-0.0096689954602944,0.021955855159994,0.0030851835869614,
6,107.793,-0.0091631741335445,0.0222965075220739,0.0031436461965027,
6,107.844,-0.0087051563111674,0.022933000005016,0.0033302686092595,
6,107.895,-0.0081137578416492,0.023507264703995,0.0035840944843742,
6,107.946,-0.007885991886854,0.0233929858795721,0.0038606306920766,
6,107.998,-0.0081105730880391,0.0228462890210243,0.0041295170955098,
6,108.048,-0.0086072264479992,0.0222670118983009,0.0041710630538255,
6,108.099,-0.0092384758215051,0.0217133747099127,0.004063466337328,
6,108.15,-0.0095036707963097,0.0212206573250235,0.004270527664997,
6,108.201,-0.0097136258446374,0.0208065926432487,0.0046627614599032,
6,108.252,-0.0098712862652065,0.0206770688987162,0.0049414127470769,
6,108.303,-0.0093802410714589,0.0211421083240514,0.0051248326955589,
6,108.354,-0.0087134285504031,0.0221519471813725,0.0050316074633491,
6,108.405,-0.0079874547421307,0.0234300701406006,0.0047684445246794,
6,108.456,-0.0070810240851926,0.0245767478230764,0.0044174325665988,
6,108.507,-0.0063325075194194,0.0255470062868106,0.0038374428550462,
6,108.558,-0.0057454003261809,0.0265270074472283,0.0033580241463678,
6,108.609,-0.0055098112914654,0.0272336965592747,0.0029816201698056,
6,108.661,-0.00531776099556,0.0275074921299765,0.0025006890291312,
6,108.711,-0.0051690624019532,0.0274816558159766,0.001991354094622,
6,108.762,-0.0054617802734343,0.0272657256524278,0.0017055526376299,
6,108.813,-0.006014086233643,0.026744391268097,0.001786907796451,
6,108.864,-0.0064876771081678,0.0260690660131252,0.0018963702183093,
6,108.915,-0.0066719050911349,0.0255500633479444,0.0020150657812122,
6,108.966,-0.0072582510337547,0.0251730116971738,0.0023309814634447,
6,109.017,-0.0082562264042696,0.02491729041238,0.0027480059720102,
6,109.068,-0.009237196469072,0.0245590938649567,0.0029955421035945,
6,109.119,-0.0105301227445091,0.0239631161634139,0.0029136575137929,
6,109.17,-0.0117184237156523,0.0232625141051483,0.0028279101659089,
6,109.221,-0.0125433291001099,0.0225510928437851,0.0027465738135225,
6,109.272,-0.0130689026605554,0.0220907172585651,0.0026746004906773,
6,109.323,-0.0127577771845736,0.0222300010798457,0.0028152476830857,
6,109.374,-0.0117341936257277,0.0227426882321965,0.0028801270384096,
6,109.425,-0.0107375693021109,0.0230520049399576,0.0026903669359998,
6,109.476,-0.0100391312636007,0.0230052075625753,0.002352537511747,
6,109.527,-0.0095880434034768,0.0229346089199541,0.0019468826074937,
6,109.578,-0.0093318314102855,0.0230552503882987,0.0017311490459047,
6,109.629,-0.0092211857505665,0.0230880187934636,0.0018553861091131,
6,109.68,-0.0092127878316382,0.0228609636193226,0.0019868498063593,
6,109.731,-0.0092706412924324,0.0226863439768744,0.0019115537268577,
6,109.783,-0.0095671712643428,0.0227602153994243,0.0019105343969333,
6,109.833,-0.0099929555044495,0.0229875226015689,0.0023589017721784,
6,109.884,-0.0100657651347978,0.0232949757024056,0.0032602987539922,
6,109.935,-0.0101071785622331,0.0234282980709235,0.0041790009747054,
6,109.986,-0.0105267964139152,0.0234392311789862,0.004633332095546,
6,110.037,-0.0109544332442958,0.0237724587634747,0.0045525064496636,
6,110.088,-0.0111520258561831,0.0242856210805448,0.0039341165366722,
6,110.139,-0.0113870396117314,0.0246721270538341,0.0028198027012588,
6,110.19,-0.0118280076623034,0.0251471860788595,0.0018786112951643,
6,110.241,-0.0121648066708692,0.0256408756035591,0.00172656235661,
6,110.292,-0.0116044058511152,0.0259060203834382,0.0022936794266678,
6,110.344,-0.0099111025126993,0.0260032876415447,0.0030756425890829,
6,110.394,-0.0082297402882228,0.0255834052659649,0.0037317461594408,
6,110.445,-0.0068919398199795,0.0244639114711013,0.0044552560710896,
6,110.496,-0.0060827870115791,0.0231864872845959,0.0051638750872204,
6,110.547,-0.0060793525507873,0.0221112277618197,0.0056051843299786,
6,110.598,-0.0059904417266757,0.0212520061773564,0.0058396021390498,
6,110.649,-0.0062555203310984,0.0206003651016346,0.0057216645590555,
6,110.7,-0.0069271695735464,0.0203350383438686,0.0053872176424723,
6,110.751,-0.0074039502996687,0.02053962314082,0.0049407794086142,
6,110.802,-0.0079182840123019,0.0210291514310762,0.0042575456445402,
6,110.853,-0.008013716871417,0.021662103166594,0.0036781628923982,
6,110.904,-0.0080336542274911,0.0221353588893261,0.0030110953132969,
6,110.955,-0.0086060717566579,0.0224681750578964,0.0019397114724652,
6,111.006,-0.0092860053569676,0.0228850174829269,0.0008959204042932,
6,111.057,-0.0097794394790108,0.023322263881557,0.0001545110093269,
6,111.109,-0.0101136226024016,0.0237374708829764,-0.000333405450801,
6,111.159,-0.0103188237655396,0.0239043542114775,-0.0008203814643916,
6,111.21,-0.0104248176301938,0.0236977347992028,-0.0014684675075834,
6,111.414,-0.0094139072010825,0.0237414151169823,-0.0011374730584162,
6,111.465,-0.0090612074371109,0.0239620906249553,-0.00038150332782,
6,111.516,-0.0089104193579331,0.0243878337106537,0.0001339865048091,
6,111.567,-0.0089012409768169,0.024910895786626,0.0004538331019919,
6,111.618,-0.0089836215244894,0.0250526868478702,0.0008233428803098,
6,111.669,-0.0095197729286305,0.0245368912792509,0.0013958538720458,
6,111.72,-0.0107055473821892,0.0236407871580064,0.0018517345584465,
6,111.771,-0.0120118675546972,0.0227735923638436,0.0019953580895797,
6,111.822,-0.013089725031544,0.0219946033713351,0.0019271772383951,
6,111.873,-0.0137336359285631,0.0215355978438534,0.001929466180321,
6,111.924,-0.0138466732717903,0.0213186877070374,0.0021776008094573,
6,111.975,-0.0136101533636332,0.0212744709636703,0.0025634754343464,
6,112.026,-0.0131684448377766,0.0215453971335308,0.0030066911727492,
6,112.077,-0.0126306222515569,0.0219966762582567,0.0032502440120632,
6,112.128,-0.0118735282596832,0.0227282058690875,0.0031453436454869,
6,112.179,-0.0108357905405203,0.0235807082538415,0.0028253892890109,
6,112.231,-0.0099022602547511,0.0240406449337807,0.0023932127665671,
6,112.281,-0.0091105572866436,0.0240110270335875,0.0019237806217298,
6,112.332,-0.008473415727364,0.0236698118589307,0.0014681656356586,
6,112.383,-0.0083882534640495,0.0231561642893969,0.0010580134349007,
6,112.434,-0.0084631116950016,0.0227740236814802,0.0007099678077671,
6,112.485,-0.0080320847282753,0.0227077575994071,0.0006305476930441,
6,112.536,-0.0073112334005005,0.0226485678584779,0.0009306247122977,
6,112.587,-0.0066632449115754,0.022397837801002,0.0014499865762152,
6,112.638,-0.006515709586516,0.0220444050805177,0.0020682649758381,
6,112.689,-0.0071026600025791,0.0218543299789039,0.0024994815476525,
6,112.74,-0.0077118549080127,0.0219851275840497,0.0027760846082936,
6,112.791,-0.0082863776149747,0.022110376313078,0.0031321392298493,
6,112.842,-0.0087925098559237,0.0222220045978277,0.0035105471316965,end
7,114.321,-0.0080105736689818,0.0224083376497735,0.0039572413553816,start
7,114.372,-0.0079725034201859,0.0231243196690657,0.0044674063997978,
7,114.423,-0.0077092955162526,0.0241358630447156,0.0046365529679353,
7,114.474,-0.0075236732887806,0.0250548707136248,0.004372565026716,
7,114.525,-0.007201888774801,0.0256398697411644,0.003851992667047,
7,114.576,-0.0066177927774106,0.025963656815538,0.0034095125316133,
7,114.627,-0.0065148863273718,0.0260939042652711,0.0032534965812046,
7,114.678,-0.0071305256763284,0.0260895615504787,0.0032937381779237,
7,114.729,-0.0079567153825903,0.0259992480919754,0.0034566171075575,
7,114.78,-0.0084499038934792,0.025861052357575,0.003484231395291,
7,114.831,-0.0086899020349157,0.0255024153380539,0.0032220414899136,
7,114.882,-0.0089490699174878,0.0248303748590985,0.0027950478424166,
7,114.933,-0.0089988788340665,0.0240113199278538,0.0022966589394988,
7,114.984,-0.0087095800774371,0.0233646082255641,0.0019933515414706,
7,115.035,-0.0082260344637751,0.0232820490196496,0.0020403593557039,
7,115.086,-0.0074559195672549,0.0237687758074789,0.0023082660696555,
7,115.137,-0.0065638790163867,0.0245815145949509,0.0026963247588031,
7,115.188,-0.0060669692767825,0.0253372179034687,0.0031302690039853,
7,115.239,-0.0058633957705281,0.0255939658453391,0.0035587817774629,
7,115.29,-0.0056634740176396,0.0255100825442902,0.0039493871534941,
7,115.341,-0.0056827883846211,0.0254153071633256,0.0044851355352787,
7,115.392,-0.0060419922399501,0.0253211597646439,0.0052717667402764,
7,115.443,-0.0067911623076879,0.0254358119655059,0.0061561092215974,
7,115.596,-0.0088649845942233,0.0252615568609762,0.0064152370183584,
7,115.647,-0.009711410563333,0.0250404114756983,0.005578522977498,
7,115.698,-0.0100766168934494,0.0246944994933161,0.0045937530754161,
7,115.75,-0.0103046876346598,0.0240955229135216,0.0035931372947819,
7,115.8,-0.010426484542722,0.0233823608274146,0.0026627416656134,
7,115.851,-0.0104703381971224,0.0226532564707373,0.0018521237407499,
7,115.902,-0.010460679910015,0.0219724989916282,0.0013842788308812,
7,115.953,-0.0106183111962022,0.0215782701177039,0.0013746891784352,
7,116.004,-0.0106697371849012,0.0218011438870604,0.0014589389545009,
7,116.055,-0.0102472497037,0.0226027268199281,0.0013957710605252,
7,116.107,-0.0097555906274392,0.0235102381769762,0.0014439647684003,
7,116.157,-0.0094598985737852,0.0242119497068053,0.0019613761547744,
7,116.208,-0.0095144778935626,0.0247253002842188,0.0027381555728593,
7,116.259,-0.0101909870629867,0.0250766060458553,0.0032172123856559,
7,116.311,-0.0112120255742172,0.025295762507516,0.0034668400552468,
7,116.361,-0.0123720049500165,0.0252117255594007,0.0037501031916361,
7,116.412,-0.0133270754479595,0.0249399860305963,0.0040321829779141,
7,116.463,-0.0136723358908443,0.0249713602514346,0.0042908433749137,
7,116.514,-0.0142012587171636,0.0255962838533113,0.0043128709696974,
7,116.565,-0.0152071508049613,0.0265516789870455,0.0039805305442288,
7,116.616,-0.0160364737568606,0.027039771380178,0.0034476137009588,
7,116.667,-0.0166859314378228,0.0265864473231193,0.0028288679187486,
7,116.718,-0.0169670254108832,0.0255657614688056,0.0024056152611232,
7,116.769,-0.0163867865343144,0.0246648597930251,0.0023425774266685,
7,116.82,-0.0157024104190315,0.0241139880907924,0.0023147943149383,
7,116.871,-0.0154078913396409,0.0240326957372026,0.0021110201317666,
7,116.922,-0.0149854000959065,0.0242590993173239,0.0020115773455364,
7,116.973,-0.0141131065808396,0.0242629890630422,0.0023887035558009,
7,117.025,-0.0130224060454015,0.0241238567420861,0.0028403485151374,
7,117.075,-0.012280916893107,0.0241050076353886,0.0025001693629424,
7,117.126,-0.0116221277336866,0.0239639829115177,0.0014786467123871,
7,117.177,-0.0110693011559667,0.0235550960163498,0.0005038731237899,
7,117.229,-0.0118338462498656,0.0228064289499513,3.9056366555198345e-05,
7,117.279,-0.0143860394153168,0.0214983190543698,0.0001394752025234,
7,117.331,-0.0170763822850663,0.019936494636761,0.0003935081071459,
7,117.381,-0.0176308665663437,0.0189399177500526,0.0007256542882118,
7,117.432,-0.0161684700478226,0.0187875890196691,0.001282049742209,
7,117.483,-0.0145341915800077,0.0189881235815176,0.0017367369834633,
7,117.534,-0.0133226309185445,0.0191980242672655,0.0018888332500658,
7,117.585,-0.0120778425237346,0.0193970698821659,0.0020354775656225,
7,117.637,-0.0113134089438531,0.0195731635572903,0.0023676784740439,
7,117.687,-0.0111192949151186,0.019921224411576,0.0027921995395573,
7,117.738,-0.0109048827484133,0.0205524494028534,0.0032418270328218,
7,117.789,-0.0110963441226862,0.0211137400042587,0.0034706027832377,
7,117.84,-0.0113318987059966,0.0213842540041712,0.0035393565805835,
7,117.891,-0.0113759759658711,0.0214465466572832,0.003700790477263,
7,117.942,-0.0112937080709643,0.0215711257005127,0.0039086963543515,
7,117.993,-0.0103336827589744,0.0221273116612612,0.0041297053086219,
7,118.044,-0.0088878285346633,0.0229156290385111,0.0043413635271099,
7,118.095,-0.0076482049772438,0.0233878286812097,0.0045300213993155,
7,118.146,-0.0068412646831348,0.0234185186408301,0.0044879387683588,
7,118.197,-0.0063766507731019,0.0233644139110703,0.0043012510042523,
7,118.248,-0.0061689124600197,0.0234611060527654,0.004237651445683,
7,118.299,-0.0063434436997066,0.023445910729745,0.0042581038697896,
7,118.35,-0.0067491234062586,0.0231593432464062,0.0043308201482221,
7,118.401,-0.0068687935708751,0.0229225854244101,0.0044312143796024,
7,118.452,-0.0061929165902935,0.0229376263365257,0.0045412948924788,
7,118.503,-0.0056636107293779,0.0229121168098569,0.0044479109125221,
7,118.554,-0.0056724967651793,0.0226618158098606,0.0040307028699341,
7,118.605,-0.0056241718444043,0.0222874519986395,0.0034393255332599,
7,118.656,-0.0057438703524767,0.0220644279093649,0.0029845854965384,
7,118.707,-0.0061625488051316,0.02215721573643,0.0028548424995165,
7,118.759,-0.006940178271061,0.0222442623987309,0.0027431259022823,
7,118.809,-0.0076847181984481,0.0223206341964196,0.0026519451453249,
7,118.86,-0.0081473909735999,0.0227856917536278,0.002782093602654,
7,118.911,-0.0087937870225019,0.0234626738368056,0.0028429029601562,
7,118.962,-0.0095060870430033,0.0238195224147545,0.002854356553111,
7,119.013,-0.0102034331502414,0.0237415523393307,0.0030340692994262,
7,119.064,-0.0108351683150224,0.0235918079135438,0.003106424709776,
7,119.115,-0.0109724070166447,0.0236088940415774,0.0029032801113141,
7,119.166,-0.0105806411353571,0.0237316046140775,0.0025397624673991,
7,119.218,-0.0098810692608185,0.0239121998213481,0.0021025919550471,
7,119.268,-0.0092411182255065,0.0241154115898916,0.0016533034830943,
7,119.319,-0.0088916482451163,0.0245176374754968,0.0014331696932598,
7,119.37,-0.0089573865251985,0.0250151891731747,0.001578522376394,
7,119.422,-0.0088824709668228,0.0253330745208736,0.0019466036868215,
7,119.472,-0.0083216977677154,0.0255101937480949,0.0024279630988744,
7,119.523,-0.0078960351873571,0.0255828038066866,0.0027424706718306,
7,119.574,-0.0073903873033327,0.0255825537318353,0.0027238684232708,
7,119.625,-0.0068740611669866,0.0255355947877157,0.0024931200613723,
7,119.676,-0.0067940320945608,0.0256632850686573,0.0021448482782123,
7,119.727,-0.0070002518275994,0.0258927290963478,0.0017491805462162,
7,119.778,-0.0073734913271492,0.025767333701596,0.0013549007083509,
7,119.829,-0.0076230319339448,0.025424434943709,0.0009931848629948,
7,119.88,-0.007572357949057,0.0251704199694092,0.0006814118705304,
7,119.931,-0.0075340453463401,0.0247929829931299,0.0004267156075059,
7,119.982,-0.0075067385191154,0.024165876289497,0.0004299198809698,
7,120.033,-0.0078903512261886,0.0232281875192848,0.0007991053054371,
7,120.084,-0.0087075245273188,0.0221666342484093,0.0011725217049961,
7,120.135,-0.0089337815991765,0.0215125858504264,0.0013178201590556,
7,120.186,-0.0087628776245848,0.0213732669573747,0.0013051424900352,
7,120.237,-0.0087526504212727,0.0215752625930309,0.001192165032547,
7,120.288,-0.0088462950990023,0.0219799338178623,0.001023936021775,
7,120.339,-0.0085973680549306,0.0224820827029715,0.0010346194168539,
7,120.39,-0.0081487292814864,0.0228055760212747,0.0013600239801296,
7,120.441,-0.0080097131004986,0.0229885009787482,0.0016603009178434,
7,120.492,-0.0080804414965286,0.0232674108622763,0.0017195062725708,
7,120.543,-0.0084808416983373,0.0233846413735164,0.0016193438256385,
7,120.594,-0.0086588445740525,0.0233887610378172,0.0016258506457871,
7,120.645,-0.0082782456840358,0.0235208395952081,0.001901080904693,
7,120.696,-0.0079716288302555,0.0235235408020432,0.0021257134990999,
7,120.747,-0.0077370920626545,0.0232422149931702,0.0020990160338719,
7,120.799,-0.0079692924310402,0.0228013278971717,0.0019132723481521,
7,120.849,-0.0084821819199297,0.022494357566789,0.001841279213306,
7,120.9,-0.0081297213413621,0.0224987686050975,0.0020488572826406,
7,120.951,-0.0072505815446582,0.0227025302091591,0.0022182296531329,
7,121.002,-0.0063051132206587,0.023218610385692,0.0023494924709777,
7,121.053,-0.0055938913932242,0.0240943717073023,0.0026466025276364,
7,121.105,-0.0054917061397609,0.0249296284898007,0.0028253774308262,
7,121.155,-0.0057883363249497,0.0252701412433455,0.0027130626387524,
7,121.206,-0.0063169180753331,0.0252659945845412,0.0026239133146608,
7,121.257,-0.0069517995167146,0.0252419668526216,0.0027576165285935,
7,121.308,-0.0078046878597463,0.0252071185947764,0.003023505718458,
7,121.359,-0.0089297134465864,0.0251681300571926,0.0033528127880977,
7,121.41,-0.0099380638171451,0.0249287845734007,0.0036963386354216,
7,121.461,-0.0103889127705695,0.0243793336497443,0.0040213870969924,
7,121.512,-0.0104459890752619,0.0236751354203082,0.0041076391348298,
7,121.563,-0.0106476008601607,0.0229282604501859,0.0040338097941969,
7,121.614,-0.011126548180523,0.022214013739008,0.0042649102931011,
7,121.666,-0.0117448895766296,0.0215780711231028,0.0046730129103859,
7,121.716,-0.0120012907611207,0.0212442700869113,0.0047601845010467,
7,121.767,-0.0118041297836883,0.0213318970661647,0.0046345236884836,
7,121.818,-0.0119344156069669,0.0214819345170316,0.0045832909105496,
7,121.869,-0.0120634099726045,0.0214591123363202,0.00438307471789,
7,121.92,-0.0119803798402523,0.0211264260941788,0.0039025581873652,
7,121.971,-0.0119688712236541,0.0206217338973268,0.0032808721606012,
7,122.022,-0.0112008229456376,0.0204489363996976,0.002618589051264,
7,122.073,-0.0098084331138802,0.0207037151547839,0.0019834724357452,
7,122.124,-0.0087299773292806,0.0212122533376808,0.0016176338651239,
7,122.175,-0.0083411670270262,0.0216418542313365,0.0016547199174101,
7,122.226,-0.0086267300489718,0.0217854835903092,0.0017464093896955,
7,122.277,-0.0093218631733725,0.0217341664219842,0.0016649194609773,
7,122.328,-0.0102238322623128,0.0217627761399847,0.0016797406808207,
7,122.379,-0.0109851639598307,0.0222420160830454,0.0019559742196634,
7,122.43,-0.0115951372388641,0.0229717694101658,0.0021768404991547,
7,122.481,-0.0120590352980155,0.0236027326144536,0.0023444539487755,
7,122.532,-0.0121911475973555,0.0241196491627609,0.0026652823009663,
7,122.583,-0.0120998555509222,0.0245218960168213,0.00285776835861,
7,122.634,-0.0116717829342429,0.0248182854036393,0.0029524788168013,
7,122.685,-0.0112629377918856,0.0248221392997651,0.003177705980523,
7,122.736,-0.0111001018212123,0.024437231856538,0.0032677133005807,
7,122.787,-0.0107064580771947,0.0240347463335845,0.0032637665662798,
7,122.838,-0.010397241833242,0.0238541537933716,0.0034007129651825,
7,122.889,-0.010367847363415,0.0238303802829367,0.0034161863577574,
7,122.94,-0.0103194447226959,0.0239090927068498,0.0033525098196932,
7,122.991,-0.0102627395140508,0.0240472114008507,0.0034440193642857,
7,123.043,-0.0100044311107929,0.0244131685002933,0.0036277064631286,
7,123.093,-0.0096375749969565,0.0248958515106589,0.0038557555575424,
7,123.144,-0.0092305724637625,0.0250129539548465,0.0038931026570859,
7,123.195,-0.0086296842297627,0.0246853498402096,0.0036043088614552,
7,123.246,-0.0079527185356104,0.0242996837185068,0.0031295439065622,
7,123.298,-0.007281343443418,0.0241085949897431,0.0025736455752267,
7,123.348,-0.0068683214336622,0.02385681593475,0.0020103694657412,
7,123.399,-0.0068550077143632,0.0233855056732537,0.0016884451826152,
7,123.45,-0.0075007843703741,0.0226104270642759,0.0017480072124281,
7,123.501,-0.0087182258333289,0.0217027909066081,0.0018466175960763,
7,123.552,-0.0096020031447301,0.0211847196275061,0.0019623499879824,
7,123.603,-0.0099999538924066,0.0209581148419914,0.0022806000781243,
7,123.655,-0.0100543502648407,0.0207358128317735,0.0027031690739091,
7,123.705,-0.0094823703500904,0.0207349623588997,0.0031586967298026,
7,123.756,-0.008554612167045,0.0210770421471794,0.0033979347036553,
7,123.807,-0.0076740387270443,0.0216115803321357,0.0032784024868802,
7,123.859,-0.0068944668077749,0.0224274443583488,0.0029383748933615,
7,123.909,-0.0062422980805257,0.0235590296192328,0.002484247844684,
7,123.96,-0.0053225632469835,0.0248021990177249,0.0019934245330735,
7,124.011,-0.0043051099631749,0.0258162313168999,0.0015184955527681,
7,124.062,-0.0039092213128905,0.0264010118039269,0.0010919131156057,
7,124.113,-0.0039437772022647,0.0268643471954776,0.0007306066523629,
7,124.163,-0.0042516233649626,0.0272125722520657,0.0006410236901619,
7,124.215,-0.0047100143167008,0.0272581633381968,0.0009337411784354,
7,124.266,-0.0052281332682162,0.0271059971721099,0.0012472989836826,
7,124.317,-0.006144603886302,0.0266383894674689,0.0015490335741613,
7,124.369,-0.0072429347006229,0.0260060373928008,0.0018189459433276,
7,124.419,-0.0083696691144929,0.0253188252945529,0.0016450987755055,
7,124.47,-0.0096249393997521,0.0244508011073191,0.0012006114910029,
7,124.521,-0.0106609725000972,0.0237373778526401,0.0008190896095425,
7,124.572,-0.0110715020574506,0.0233812535595853,0.0005085996598321,
7,124.624,-0.0108470510391027,0.0232828922025693,0.0002686088814569,
7,124.674,-0.0102333851793031,0.0233577492093976,0.0002939458008281,
7,124.725,-0.0094193936854901,0.0237385202134065,0.0006882493004243,
7,124.776,-0.008743147448778,0.0242849009769415,0.001086680662795,
7,124.827,-0.0084104032017431,0.0246927695003786,0.0012549184098519,
7,124.878,-0.0083246949815238,0.0251798711505978,0.0012620060069729,
7,124.929,-0.0084043089351325,0.0256786585265107,0.0011651703363586,
7,124.98,-0.0085835568546633,0.0257432039324493,0.0012102961184747,
7,125.031,-0.0088123055655029,0.0253232287714818,0.0017445112976141,
7,125.082,-0.0092552591646971,0.0246262436584509,0.0025494893588517,
7,125.133,-0.0098000094022544,0.0238075890138782,0.0030617876249876,
7,125.184,-0.0105671190533889,0.0227758331344655,0.0029435532496655,
7,125.235,-0.0116160483378587,0.0216902889723232,0.0024304239716763,
7,125.286,-0.0121589579896123,0.0210591204445846,0.0021069170032609,
7,125.337,-0.011932050048334,0.0209709040375697,0.0021318466852198,
7,125.389,-0.0112296467102772,0.021438831193318,0.0023782440611471,
7,125.439,-0.0106803774714885,0.02222585166992,0.0025460524732899,
7,125.49,-0.0102734457224573,0.0229534654032409,0.0026499771018917,
7,125.541,-0.0097896589220653,0.0235845268000041,0.0029054147980755,
7,125.592,-0.0092954452849452,0.0241029688603144,0.0032375054386634,
7,125.643,-0.0086334126169747,0.0245075340902913,0.0035920795721,
7,125.694,-0.0081177659874403,0.0246057304587098,0.0037317557048482,
7,125.745,-0.0075365942922165,0.0242987145766567,0.0037223860069911,
7,125.796,-0.0069600855297744,0.0237564788432971,0.0038190118923455,
7,125.847,-0.0066337139469944,0.0233077778259826,0.0039758559161058,
7,125.898,-0.0060923194770586,0.0231559448045466,0.0043595547677308,
7,125.949,-0.0054565118399447,0.0232067058011641,0.0050587571105497,
7,126.0,-0.0048112288016668,0.0233833229762557,0.0057033051020495,
7,126.051,-0.0038100392095949,0.0236264699358166,0.0060601880138792,
7,126.102,-0.0028618510837913,0.0238927530378747,0.0062039068444896,
7,126.153,-0.0028271613874832,0.0241524830969793,0.0059985334768547,
7,126.204,-0.0039836330242807,0.0243871453370066,0.0055857676446288,
7,126.255,-0.0068153227217649,0.0239843780955844,0.0050731492446599,
7,126.306,-0.0106947703172584,0.022803482851534,0.0041360033463919,
7,126.357,-0.0141312149725938,0.0220217340422782,0.0030018702587897,
7,126.408,-0.0172083111695198,0.022161279968277,0.0020333416275596,
7,126.663,-0.0191401653463702,0.0211191568651518,0.0002317273986818,
7,126.714,-0.0175917402975025,0.0213804895772989,0.0009968543124374,
7,126.765,-0.0161896183838333,0.0222405308293937,0.0020099898440263,
7,126.816,-0.0149939655187775,0.0232146309773256,0.0033016310547684,
7,126.867,-0.0134242818629921,0.0237819628247793,0.0046681303007405,
7,126.918,-0.0119416447626508,0.0236411701542494,0.0059728642471431,
7,127.173,-0.0105183396642047,0.0227814670392784,0.005960958763136,
7,127.224,-0.0100112223249943,0.0226072621648584,0.0048157242924364,
7,127.275,-0.0092834130000104,0.0220852515483556,0.003895196253173,
7,127.326,-0.0086733636290947,0.0213821101043811,0.0031927332338212,
7,127.377,-0.0081878471639554,0.0210209532235531,0.0024857241811959,
7,127.428,-0.0078212032881019,0.0209081416509458,0.0018325960081831,
7,127.479,-0.0075602523021824,0.0209636692679454,0.0012664924676171,
7,127.529,-0.0071872170543199,0.0213235344130324,0.0008016793663294,
7,127.581,-0.0071739309169571,0.0216488440311544,0.0004391690897921,
7,127.632,-0.0079949387132688,0.0219258581609798,0.0001713925928741,
7,127.683,-0.0092850678083172,0.0225513117122462,0.0001867188199714,
7,127.736,-0.0103707607215982,0.0233499925731197,0.0003823822056581,
7,127.785,-0.0108364533933122,0.0237939449253667,0.000477153132524,
7,127.836,-0.0106662635961926,0.0237738937178381,0.0007004369047123,
7,127.887,-0.0105035888465904,0.0232570302408643,0.0009882054294226,
7,127.938,-0.0103588021101294,0.0224630568833754,0.0010933802517836,
7,127.989,-0.0098354517869538,0.0217559749621961,0.0010729992646808,
7,128.04,-0.0093121853242622,0.0211614233361654,0.0009737301413243,
7,128.091,-0.008831008452252,0.0208876392342581,0.0010326742784637,
7,128.142,-0.0082146467524059,0.0210424075577654,0.0013891872025892,
7,128.193,-0.0073602648690143,0.0216604292188177,0.0017070727527497,
7,128.244,-0.0062210301739571,0.0225259113006328,0.0017738140747187,
7,128.294,-0.0051914570130375,0.0232797416761169,0.0016741220981934,
7,128.346,-0.0049174255892925,0.0239014062540018,0.0014756964713284,
7,128.397,-0.0053508095694299,0.0243883656264139,0.0012298880835664,
7,128.448,-0.0060022466156395,0.0247498124757474,0.0009734373280665,
7,128.499,-0.0071428674490727,0.0248008917428881,0.000730762650737,
7,128.55,-0.0083047633805204,0.0246488129094473,0.0007172518350045,
7,128.601,-0.0087844640389203,0.024579488990598,0.0010526346406223,
7,128.652,-0.0087881016949594,0.0243679754382801,0.0013840047893127,
7,128.703,-0.0082852897310757,0.0238814263061711,0.0014853476473362,
7,128.755,-0.0078997254617131,0.0232575688582829,0.0014310209260351,
7,128.805,-0.0078211655498879,0.0227965987952673,0.0014820531898627,
7,128.856,-0.0077449806890289,0.0226779617838708,0.0017973916580529,
7,128.907,-0.0082789402313309,0.0225875774678934,0.0022569110859966,
7,128.958,-0.0093621556619413,0.0225225739466134,0.0027719864076159,
7,129.009,-0.0105097850997524,0.0226799040506152,0.0030804811475414,
7,129.06,-0.0112048662027426,0.0227663556395396,0.0032317026631184,
7,129.111,-0.0115538664635975,0.0225995705727057,0.0034707422620924,
7,129.162,-0.012054538156058,0.0224846038647225,0.0037469012453202,end
8,130.335,-0.0111700279060066,0.0234965890214892,0.002286207547984,start
8,130.386,-0.0109905436995536,0.0235309741659761,0.0025346718501208,
8,130.437,-0.010595023767144,0.023671039062671,0.0030929068139698,
8,130.489,-0.0100927224751788,0.0238676299328939,0.0038049687207543,
8,130.539,-0.0095622883959063,0.024084680997926,0.0043576517200297,
8,130.59,-0.0092572565719536,0.0240965841211854,0.004763717872978,
8,130.641,-0.0095229584049328,0.0239759590773564,0.0048422967304155,
8,130.692,-0.0101333563984352,0.023980860772777,0.0045036949398625,
8,130.743,-0.0107149567648369,0.0240658754653187,0.0041255684088767,
8,130.794,-0.010829698446438,0.0241954412271878,0.0039533024938702,
8,130.845,-0.0106358019959387,0.0241423377640092,0.0037260706632868,
8,130.896,-0.0102595363779013,0.0235746777861611,0.0034818406778932,
8,130.947,-0.0095957010779522,0.0225217746319754,0.0034471623957235,
8,130.998,-0.0094032616751499,0.0212422433761104,0.0033488325915488,
8,131.049,-0.0101311130464447,0.020120986670158,0.0030167453038068,
8,131.1,-0.0111898898448604,0.0195929813347794,0.0025614150160422,
8,131.151,-0.0119741836576841,0.0196887088306963,0.0020636208991449,
8,131.202,-0.012318598692475,0.0201767782161214,0.0015785820650229,
8,131.253,-0.0125540623998597,0.0206764347166321,0.0011406887000012,
8,131.304,-0.012700734390989,0.0209425498389573,0.000768209644211,
8,131.355,-0.0125778433538254,0.02123833854569,0.0004676066884272,
8,131.406,-0.0120911062607164,0.0217302303761559,0.0002372500561347,
8,131.457,-0.0112092835602667,0.0223083778728488,7.04513572823185e-05,
8,131.508,-0.0099440783128663,0.0230962346392802,-4.2184846223883245e-05,
8,131.559,-0.0087354620529461,0.0237544638509513,-0.0003118690494737,
8,131.61,-0.0080618988671669,0.0238750110881859,-0.0006606115631449,
8,131.661,-0.0073839351449086,0.0238418648428394,-0.0006303752409576,
8,131.712,-0.0067576123049047,0.0239136434543417,-0.0003595092479483,
8,131.763,-0.0068172250733158,0.0240469495597864,-0.0001569083041233,
8,131.814,-0.0075128084547531,0.0240081738214715,-1.4364889862136289e-05,
8,131.865,-0.0085603939456951,0.0238621481173,7.820952945181102e-05,
8,131.916,-0.0097495803614699,0.0240607355442485,0.0001312994333812,
8,131.967,-0.0107332176304867,0.0244643879173082,0.0001548009868458,
8,132.018,-0.0115060066506586,0.0245654649049978,0.000157438045073,
8,132.069,-0.0120814870045528,0.0242635311838842,0.0001464817831712,
8,132.12,-0.0118816918456421,0.0239282149616571,0.0001276875789495,
8,132.172,-0.0109998891253911,0.0237992595897214,0.0001053763018611,
8,132.222,-0.0099523517278949,0.0236121798423768,8.260168681615225e-05,
8,132.272,-0.0088826724462224,0.0232020170456455,0.0002621931285802,
8,132.324,-0.0078847234732791,0.0226817293896257,0.0007579788054631,
8,132.374,-0.0068121138846748,0.0223334431501426,0.0012158943057607,
8,132.426,-0.0057777870372864,0.0223242829788196,0.0014119021168569,
8,132.477,-0.005252771252898,0.0227341913568258,0.0014241890425598,
8,132.528,-0.0050965792378138,0.0235807742899246,0.0015184929002024,
8,132.579,-0.0053903140154357,0.0244385765268172,0.0018586563435448,
8,132.631,-0.0063506806131857,0.0250338304021906,0.002329175703185,
8,132.68,-0.0074606093246177,0.0254128796773585,0.0028455005810189,
8,132.732,-0.0085772955114471,0.0256228154590093,0.0033497247333122,
8,132.786,-0.0094077746922317,0.0257074251732951,0.0038056819947612,
8,132.834,-0.0095863119902775,0.0257048598302284,0.0041940545860765,
8,132.885,-0.009734050151095,0.0254457570572969,0.0045078823303464,
8,132.938,-0.0100510005755565,0.025042938231982,0.0045478560974181,
8,132.987,-0.0100493465093191,0.0247811403819695,0.0042081483082599,
8,133.038,-0.0098434878398078,0.0244299840234263,0.0036522210719004,
8,133.089,-0.0097240332292077,0.0240497270540737,0.003203114375822,
8,133.14,-0.0096695901971369,0.0238821873777575,0.00305942914901,
8,133.19,-0.0096612160382093,0.0238645333067656,0.0031231691830127,
8,133.242,-0.0096830609471089,0.0239444268119269,0.0033148212694551,
8,133.293,-0.0093208647131893,0.0240804644832062,0.003372280216171,
8,133.344,-0.0087414595791324,0.0242415819246472,0.0031382246545572,
8,133.395,-0.0086717937702872,0.0242050075377124,0.0027360083082848,
8,133.446,-0.0089346465573003,0.0236429140284356,0.0024590868714453,
8,133.497,-0.0093896447827553,0.0227889329394783,0.0024856032309178,
8,133.548,-0.0099313241979142,0.0222180198712152,0.0027045997367969,
8,133.599,-0.0100834144332732,0.0220753499924625,0.0030294509330801,
8,133.65,-0.0099734231137751,0.0220179620516428,0.0031952621209068,
8,133.701,-0.0097041813694864,0.0218190463292208,0.0030449189122559,
8,133.751,-0.0095552668974667,0.0217461747907118,0.0027038871856383,
8,133.803,-0.010298821944273,0.0219608295620491,0.0024687869997136,
8,133.854,-0.0113541976827173,0.0225434794691091,0.0025213462378957,
8,133.905,-0.0119222771473643,0.0233153373381447,0.0027541740245887,
8,133.956,-0.0121321926070896,0.023744870698332,0.0030839134599179,
8,134.007,-0.0122963694513626,0.023719514150634,0.003248484564031,
8,134.058,-0.0126188565255859,0.0234044502401343,0.0030930704826572,
8,134.108,-0.0128161359504306,0.0231297258973198,0.002744918361656,
8,134.16,-0.0127164314618978,0.0231037766115515,0.0025019553234118,
8,134.211,-0.0124342654905084,0.0230386305315769,0.0025468071828853,
8,134.261,-0.0118569112802232,0.0227527452818658,0.0027726464645259,
8,134.313,-0.0109357848459245,0.0223482547780522,0.0030964198563345,
8,134.364,-0.0098681768426567,0.0219001907347195,0.0034569936027771,
8,134.415,-0.0089932209627112,0.0216610089263535,0.0038122031758146,
8,134.466,-0.0089146120204529,0.0215750083634312,0.0039346035575174,
8,134.517,-0.0093530563400037,0.0213933258952092,0.0038978585598399,
8,134.568,-0.0096862245027928,0.0213657065272048,0.0039628309368484,
8,134.619,-0.0097242754328493,0.02143911452494,0.0040878204525626,
8,134.67,-0.0091683283975477,0.0213705858048206,0.0042412612119526,
8,134.721,-0.00847691465938,0.0212165309017496,0.0041997891371383,
8,134.772,-0.0079549964580545,0.0210199994134397,0.0038358073560348,
8,134.823,-0.0071820446648198,0.0208120135567539,0.0032942233954385,
8,134.874,-0.0063101859850182,0.0206133896472607,0.0026822413185197,
8,134.925,-0.0056457663033817,0.0206375598389773,0.0020742719404991,
8,134.977,-0.0049669294200469,0.0210035113506332,0.0017185500538133,
8,135.027,-0.0043333793593742,0.021559266685562,0.0017540175100663,
8,135.077,-0.0041814366532408,0.0221921072442536,0.0020375256295267,
8,135.129,-0.0045514133039714,0.0228235482566306,0.0024573398210216,
8,135.18,-0.0052264022316615,0.0234033658250911,0.0029308489939553,
8,135.232,-0.0060427870547595,0.023903495865644,0.0034007568945484,
8,135.282,-0.006884273333479,0.0243123410098732,0.0036297721293484,
8,135.333,-0.0074734253075156,0.0246297964994809,0.0034850592400721,
8,135.384,-0.0078534136692693,0.0248631367949419,0.0031122805310327,
8,135.435,-0.0082695625015048,0.0250237846474445,0.0028240117177049,
8,135.486,-0.008474638574951,0.0251249056916549,0.0028139347434502,
8,135.537,-0.0085278683388996,0.025179725722223,0.0027822523956488,
8,135.588,-0.0088811024187548,0.0252004466436214,0.0025384249053423,
8,135.639,-0.0095992018670606,0.0251976334655504,0.0021781253080884,
8,135.69,-0.0102927872100371,0.0251799526489222,0.00177207026,
8,135.74,-0.0109149322818846,0.0249533231550113,0.0013692896910243,
8,135.791,-0.0118429472696009,0.0244100563818033,0.0010009659718995,
8,135.843,-0.0126917480856736,0.0237073563033326,0.0008851635816538,
8,135.893,-0.0128190566956788,0.0229588537595458,0.0011414525966653,
8,135.945,-0.0126742416838514,0.0222411055350321,0.0014149607671801,
8,135.996,-0.0125673669155488,0.0216007408403901,0.001677540611268,
8,136.047,-0.0122925771453087,0.0210614489046792,0.0021128512640413,
8,136.098,-0.011731335988307,0.0208311369823695,0.0026239730747403,
8,136.149,-0.0106297979278459,0.0210183252766439,0.0031426563034885,
8,136.2,-0.009671897294832,0.021458240493191,0.0034236877841104,
8,136.251,-0.0092847375324664,0.0220249025976014,0.0033288910630658,
8,136.302,-0.0088930578781964,0.02262733208471,0.003000671695649,
8,136.353,-0.0085299443670248,0.0232043057912593,0.0025491133531284,
8,136.404,-0.0082143219612104,0.0237186030983162,0.0020547266142882,
8,136.454,-0.0077536794338436,0.0241513875168534,0.0015725876160206,
8,136.506,-0.0072370330375561,0.0244971264482151,0.001137035620027,
8,136.557,-0.0071276397788596,0.0245584305614605,0.0009671853250685,
8,136.608,-0.0080915615081229,0.0240307198836781,0.0013830551982768,
8,136.659,-0.0098672539415204,0.0231676364895474,0.0021411693354473,
8,136.71,-0.0112175946209177,0.0225604630765154,0.0028570467686343,
8,136.761,-0.0113833231341009,0.0223670279215666,0.0034883267139995,
8,136.812,-0.0111776525785066,0.0222536500948698,0.0038138033711279,
8,136.862,-0.0111519741980179,0.022200725192142,0.0039170059522516,
8,136.914,-0.0112437969090815,0.0223916571614995,0.004070195747846,
8,136.965,-0.0118052700009262,0.0225228152290388,0.0040423049980197,
8,137.016,-0.0126228490094022,0.0222034335197587,0.003699684866732,
8,137.067,-0.0131373356777118,0.0216207544701473,0.0031827364239573,
8,137.118,-0.0130144358008476,0.0213176852030721,0.0025955105086998,
8,137.169,-0.0124926200555185,0.0214191243592522,0.0020103859192743,
8,137.22,-0.0121585455811605,0.0217718466562201,0.0016744477581653,
8,137.271,-0.0121725502745156,0.0220565607230473,0.0017261464273484,
8,137.322,-0.0122078373763021,0.0218731182288477,0.0020223034407576,
8,137.373,-0.0120531055927681,0.0212033257192236,0.0024514528709683,
8,137.423,-0.0115881013891241,0.0204762522861068,0.0029314221326904,
8,137.476,-0.0107606252336263,0.0199716836264458,0.003405427178945,
8,137.526,-0.0097671511588105,0.0198511861484848,0.0036366949443014,
8,137.577,-0.0087470232752181,0.0203883606045128,0.0036937042409102,
8,137.629,-0.0079925849908475,0.0215050145386954,0.003835206502033,
8,137.679,-0.0076699874346685,0.0229036138507896,0.0038186974337065,
8,137.73,-0.0080519342835988,0.0241698512839629,0.0035013401311825,
8,137.781,-0.0090558923132451,0.0248478096741799,0.0032173614174603,
8,137.832,-0.0097756257789244,0.0248931779949955,0.003178436761927,
8,137.883,-0.0100544190465073,0.0245291891075527,0.0030989712002244,
8,137.934,-0.0102288518670531,0.0237310651768876,0.0029998884096977,
8,137.985,-0.0105231738176157,0.0225177904715454,0.0030970173985474,
8,138.036,-0.0110715766004461,0.0215373920473713,0.0031113507502832,
8,138.088,-0.0117388794215864,0.0209859416397487,0.0028705978893988,
8,138.138,-0.0124288322191759,0.0205530639671532,0.0026864192602184,
8,138.189,-0.0128770516613317,0.0202310076627124,0.0027541539641535,
8,138.24,-0.0131342280245412,0.0198050650555225,0.0027771786528155,
8,138.29,-0.013248218747566,0.0195475459082817,0.0025688451958157,
8,138.342,-0.0130603862149426,0.0198204001221038,0.0022288659841582,
8,138.394,-0.0130957354220421,0.0200098234718164,0.0018317672724402,
8,138.444,-0.0134722165126271,0.0199296876193541,0.0014299351958752,
8,138.495,-0.0138364053762428,0.0200847744597427,0.0010573479304419,
8,138.546,-0.0139626203932139,0.0205790967287806,0.0009342817502751,
8,138.597,-0.0135244039170358,0.0212512775424038,0.0011819662899035,
8,138.648,-0.0127593918813476,0.0217826959394904,0.0012458677060085,
8,138.699,-0.0116454114207901,0.0219803118088435,0.0009859324555317,
8,138.751,-0.0103971094314922,0.0219479677466452,0.0009408528707808,
8,138.8,-0.0097654415108112,0.0219715704947967,0.001238026352466,
8,138.852,-0.0093791632138791,0.0222299923809798,0.0019316650456822,
8,138.903,-0.0091812970025489,0.0224174223020227,0.0028238549143188,
8,138.953,-0.009120164449928,0.0223434308669032,0.0035708795279143,
8,139.005,-0.008950803573591,0.0219068867754462,0.0041647911083154,
8,139.056,-0.0089264692965864,0.0212728880785148,0.0046127924358525,
8,139.107,-0.008595435597562,0.0207640165326988,0.0049312245005603,
8,139.158,-0.0078934591800281,0.0203762748908228,0.0049401427133738,
8,139.209,-0.0074116375867741,0.0202982023833387,0.0045490036546702,
8,139.26,-0.0075113863367434,0.0206258421419611,0.0039327088043776,
8,139.311,-0.0079761129583867,0.0211873656502767,0.0032215190399418,
8,139.361,-0.0084367519452235,0.0216529480779809,0.0025066006124653,
8,139.413,-0.0090585982521691,0.0220195966976886,0.001846722673723,
8,139.464,-0.0099347137106263,0.0224941734700613,0.0014759889722141,
8,139.515,-0.010501856381087,0.0229998457339139,0.0017221480050771,
8,139.566,-0.0106244446887946,0.0234848387353313,0.0023441773345703,
8,139.617,-0.0104520694290098,0.0239176078930058,0.0027556345759697,
8,139.668,-0.0101043663329689,0.0240812837077365,0.0027981536443838,
8,139.719,-0.0102746496199494,0.0236575601369197,0.002600637944128,
8,139.77,-0.010763464824366,0.0230919799038538,0.0022650426958501,
8,139.821,-0.0110156354348919,0.0230833556675032,0.0020686831009272,
8,139.872,-0.01109577593293,0.0234326288310417,0.0021782304081855,
8,139.923,-0.0110591466900574,0.0235817144086812,0.0024751712631872,
8,139.974,-0.010950569548153,0.02359043280958,0.0028684429712885,
8,140.025,-0.0108045708882757,0.023709259782096,0.0030910700866259,
8,140.076,-0.0106463004581227,0.0238891592742602,0.0029855359673237,
8,140.127,-0.0100912066095717,0.0242946094274122,0.0026780130566442,
8,140.178,-0.0089245347507412,0.0248121456293233,0.0022656487040827,
8,140.229,-0.0076601828397553,0.0249583256047739,0.0018191707876705,
8,140.28,-0.0062339197879604,0.0248545925496762,0.0015875148571029,
8,140.331,-0.0046175577703767,0.0247997442791643,0.0015122450605201,
8,140.382,-0.0032099571014762,0.0247806544919032,0.0011416531235779,
8,140.433,-0.0026518242467748,0.0245851983559359,0.0006114268110728,
8,140.484,-0.0032858365927842,0.0240914974034437,0.0002222473173789,
8,140.535,-0.0044326670343468,0.0234461773859889,-4.520744596440789e-05,
8,140.586,-0.006017098945886,0.0231571243505714,-0.0002131082991413,
8,140.637,-0.0075540706764447,0.023923118945722,-0.0001028383864198,
8,140.688,-0.0085354661751441,0.0253042349635631,0.0003778120666238,
8,140.739,-0.0092825367604207,0.026567242909163,0.0008565606781993,
8,140.791,-0.0096184742797607,0.0274522066042039,0.0010947963516633,
8,140.841,-0.0094629102952433,0.0276219515288167,0.0011596403858643,
8,140.892,-0.009004618058748,0.0271185199418308,0.0013089039354058,
8,140.943,-0.0085898204499586,0.0264246216217811,0.0017011528688716,
8,140.994,-0.0084370739712375,0.0262668113909623,0.0022177301371509,
8,141.045,-0.0080629977300344,0.0268671668342114,0.0029733807893451,
8,141.096,-0.0073761884892074,0.0275038770560014,0.0036208238352322,
8,141.148,-0.006744814877938,0.0275102533674271,0.0037451891136102,
8,141.198,-0.0057980481098351,0.0269110181691356,0.0037249206235181,
8,141.249,-0.0047250605079358,0.0259715117358065,0.0036135192815464,
8,141.3,-0.0038581514448074,0.0248892456271312,0.0032517853447126,
8,141.351,-0.0029922193203414,0.0238023625646931,0.002959393208342,
8,141.402,-0.0027989780495532,0.0227998314913321,0.0029357960706434,
8,141.454,-0.003454359144026,0.0219319364880471,0.0030864866585361,
8,141.504,-0.0044005228096302,0.0212201115458726,0.0033368514506463,
8,141.555,-0.0056580053769924,0.0206655657395618,0.0034301961207166,
8,141.606,-0.0074158021837438,0.0202564397335424,0.0032145033378385,
8,141.657,-0.0095541000496514,0.020174279104309,0.0028179362572269,
8,141.708,-0.0113629886728924,0.0205092521258184,0.0023372227741716,
8,141.759,-0.0122127949188303,0.0208840112575847,0.0018411592449343,
8,141.81,-0.0121783906733354,0.0210533479181483,0.0013751014407719,
8,141.86,-0.0119813277926344,0.0208764995049823,0.000965727891557,
8,141.912,-0.0118966079451968,0.0202909979520094,0.0006255952710012,
8,141.963,-0.0114890780023152,0.0196912751018385,0.0003571944575731,
8,142.014,-0.0107064179438628,0.0195322765250694,0.0001563605155893,
8,142.065,-0.0095452077454409,0.0200703773563559,0.0002158280320684,
8,142.116,-0.008435331523807,0.0210123364623573,0.0006382967134428,
8,142.166,-0.0076483722823432,0.0219368062020729,0.0010588047227275,
8,142.217,-0.0069309018476561,0.0227757932548783,0.0012434407320172,
8,142.268,-0.0063156350501583,0.0234925571202161,0.0012619674214418,
8,142.32,-0.0056145095689796,0.024073352833362,0.0011724713299796,
8,142.371,-0.004914642326346,0.024520287832472,0.0010208841927361,
8,142.422,-0.0044726384713017,0.0248454672208671,0.0010424860429915,
8,142.473,-0.0042315233965031,0.0250664356749389,0.001374261220974,
8,142.524,-0.0041386182586544,0.0252028171250348,0.0016774802353783,
8,142.575,-0.0043490648388509,0.0250731589203152,0.0017371924214595,
8,142.626,-0.0049379942632229,0.0245824580106484,0.0018367678976633,
8,142.677,-0.0057223535021506,0.0238996215098653,0.0021547441691822,
8,142.728,-0.0063682080042675,0.0233492468281096,0.0023864143362405,
8,142.778,-0.0066725148964913,0.0233297075527292,0.0023432874281959,
8,142.83,-0.0069341573331913,0.0236521900393243,0.0021273835272199,
8,142.881,-0.0073482518685495,0.0237664552630619,0.0018180131439665,
8,142.932,-0.0078268561441352,0.0235371670483352,0.0014735506825543,
8,142.983,-0.0083083859023269,0.0231059598235882,0.0011342537249839,
8,143.034,-0.00855227531499,0.0225798919005156,0.0010263602262243,
8,143.086,-0.0088249949012591,0.0220352457803135,0.0012763788056373,
8,143.136,-0.0092951299107645,0.0217232714689907,0.001735859988763,
8,143.187,-0.009452442721273,0.021585583556719,0.0022927686206629,
8,143.238,-0.0091956553949487,0.0213699017856028,0.0026665904424798,
8,143.289,-0.008693912923944,0.0213223586522193,0.0026921252001962,
8,143.34,-0.0084770421152848,0.0213864707972638,0.0024922342181708,
8,143.391,-0.008460296168342,0.0215170428762761,0.0023646576815465,
8,143.442,-0.0083724122135191,0.0218805834846189,0.0024945424462358,
8,143.493,-0.0084467974659378,0.0223643343418277,0.0027791163196709,
8,143.544,-0.0086192786991327,0.0226854871901655,0.0031400394864001,
8,143.594,-0.0088408179258387,0.0226757245795662,0.003520935182221,
8,143.645,-0.0086743562477459,0.0226553467503627,0.0038840416202897,
8,143.697,-0.008272422035527,0.0226297978559537,0.0040057356375582,
8,143.748,-0.0081534232295271,0.0224021512664245,0.0037619896700551,
8,143.799,-0.0082254450675673,0.0220631766479998,0.0033034491637316,
8,143.85,-0.0084141925258553,0.0218808662873715,0.0029448196516694,
8,143.901,-0.0084618057477615,0.0220145120675561,0.0028799118154591,
8,143.952,-0.0082142437194846,0.0223400605763717,0.0028077634433855,
8,144.005,-0.0077972581053611,0.0227625337565065,0.0025359336153824,
8,144.054,-0.0075059439676075,0.0232132309903966,0.0021578748097255,
8,144.105,-0.0075194653534459,0.023645823695345,0.0019428903143013,
8,144.156,-0.0077274072514559,0.0238312197074332,0.0020505978830535,
8,144.207,-0.0078425026957194,0.023843182236813,0.0023566119815752,
8,144.258,-0.0074871375972575,0.0239437855995468,0.0027652271059377,end
9,146.298,-0.0064713317059275,0.0244380837865433,0.003147446605596,start
9,146.349,-0.0065981588185961,0.0240116691839281,0.0035377114647795,
9,146.4,-0.0069527812625235,0.0234159162477166,0.0041063127889615,
9,146.451,-0.0074250125438015,0.0227594168068166,0.0049444464218888,
9,146.502,-0.0079347364599924,0.0221166963747601,0.0058881148390191,
9,146.757,-0.0102480988249298,0.0227087792505682,0.0061545858406555,
9,146.808,-0.0099473398862557,0.0226644372389766,0.0057119838356713,
9,146.859,-0.0097586780476124,0.0226227886089108,0.0051700905767949,
9,146.91,-0.0096570657151797,0.0229878804731648,0.0046080488811781,
9,146.961,-0.0092177782766303,0.0235845068855438,0.0042790693656522,
9,147.011,-0.0085972118702738,0.0240808656154538,0.0039251590456423,
9,147.063,-0.0081110678227219,0.0244730432976998,0.0033828565015243,
9,147.114,-0.0081518567075181,0.0247668993137554,0.0027632933556761,
9,147.166,-0.0083264844709496,0.0249740901068005,0.0021439506566698,
9,147.216,-0.008171254240919,0.0251090536720188,0.0015745032849193,
9,147.266,-0.0078169392612661,0.0253876857587503,0.001283635692634,
9,147.318,-0.0079659052872105,0.0255352427368597,0.0013956357267692,
9,147.369,-0.0090281853704734,0.0249843797625951,0.0017570181822278,
9,147.42,-0.0099883832252258,0.0242306704632594,0.0022493113333209,
9,147.47,-0.0102034735006645,0.0238090807501849,0.0025851829914925,
9,147.522,-0.0103250762488524,0.0232326968945971,0.0025929180957767,
9,147.572,-0.0105777855135091,0.0224025048326923,0.0023895809288242,
9,147.623,-0.0104926118226939,0.0220787256568917,0.0022680406703417,
9,147.675,-0.0099967450205376,0.0225074127779692,0.0026103920459665,
9,147.726,-0.0094781479124307,0.0231834237395827,0.0032227587633057,
9,147.777,-0.0093883007001366,0.0235620826143681,0.0035574393854936,
9,147.828,-0.0095806506306019,0.0235187816368538,0.0034863058946863,
9,147.879,-0.00973770234109,0.0234091682321534,0.0031606172979431,
9,147.931,-0.0098594989762482,0.0236674981858785,0.0028986667407234,
9,147.981,-0.0101497340248679,0.0243418902945025,0.0028994717240287,
9,148.032,-0.0105246817227052,0.0252289482530941,0.0028678970546448,
9,148.083,-0.0109238391616786,0.0259803056889764,0.0026172584920759,
9,148.134,-0.0113064578563073,0.026383438586045,0.0022462576281862,
9,148.185,-0.011246065006065,0.0263300184225427,0.0018278660011168,
9,148.236,-0.010705563931256,0.0257872450224847,0.0016135247388163,
9,148.287,-0.0096997313752377,0.025175060693598,0.0017481039231486,
9,148.338,-0.0088779270809992,0.0245675384454279,0.0018948189051216,
9,148.389,-0.0090435026023213,0.0238109769398473,0.0018366974214678,
9,148.44,-0.0098290344321075,0.0230196060824491,0.0014510391999055,
9,148.491,-0.0103465707353295,0.0222694837546279,0.0006854623922589,
9,148.542,-0.0104498185566735,0.0216060761584035,-6.144069368553703e-05,
9,148.593,-0.0104799012236487,0.0212524106733953,-0.0005355323929887,
9,148.644,-0.0102598090059029,0.0213266435963504,-0.0005957370065955,
9,148.695,-0.0096961138552833,0.0214685127780285,-0.0001848244005119,
9,148.746,-0.0087564983626484,0.0214415300800733,0.0002943962710518,
9,148.797,-0.0080529356574727,0.0213084215829592,0.0005780953140991,
9,148.848,-0.0081597863655446,0.0211179422077557,0.0007136057336069,
9,148.898,-0.0083761459640572,0.0209059697993487,0.0007431891303141,
9,148.95,-0.0084445246866016,0.0206972412785093,0.0007024595313434,
9,149.001,-0.0086133362028562,0.0205073611147014,0.0008207401897931,end
10,149.816,-0.012571700264485,0.020732508819017,0.0014223749647116,start
10,149.868,-0.0121584952277858,0.0207918882279943,0.0015335572370003,
10,149.919,-0.0117200861470527,0.0211680234914798,0.0016825018515622,
10,149.971,-0.0110998976776113,0.021315427050166,0.0018437001658495,
10,150.021,-0.0104129466046365,0.0209026244286742,0.0022006414462479,
10,150.072,-0.0101400297025784,0.0203645282313511,0.0024536147945068,
10,150.123,-0.0099537449568545,0.0201909692483023,0.0026195859246549,
10,150.174,-0.0094363194651463,0.0206668166736059,0.002917258668526,
10,150.225,-0.0091497502391807,0.0215209354265501,0.0030746517071462,
10,150.276,-0.0092350957880595,0.022348211105035,0.0031294322133179,
10,150.327,-0.0093512796907392,0.0230918130169357,0.003314834961897,
10,150.378,-0.0094779083638997,0.0237220145138187,0.0033682847862012,
10,150.429,-0.0094002296312945,0.0242288602119498,0.003131978934485,
10,150.48,-0.0091977582312989,0.0246158748090621,0.0027288211015121,
10,150.531,-0.0093331834019879,0.025095778978341,0.002251039558291,
10,150.582,-0.010076107196436,0.0259983729654131,0.0015629461736539,
10,150.633,-0.0109481358713567,0.0273003848728964,0.0007952458899968,
10,150.684,-0.0114312457660114,0.0283523016422513,0.0004398289322592,
10,150.735,-0.0114252784566328,0.0289584817383764,0.0003773823944755,
10,150.836,-0.010812568947342,0.028863637111541,0.0002372223984429,
10,150.888,-0.0103581893284767,0.0281173980961927,0.0001734034111169,
10,150.939,-0.0098371640165134,0.0273883651736404,0.000319376564698,
10,150.99,-0.0091144174983681,0.0267289331439347,0.0009898410129828,
10,151.041,-0.0083203575045157,0.0259662805563335,0.0019428280293728,
10,151.092,-0.0081468510588067,0.024997860172386,0.0027996209271985,
10,151.142,-0.0081844423035119,0.0241761005137737,0.0035258904392114,
10,151.194,-0.0079527342305228,0.0237152503910892,0.0041101048325493,
10,151.245,-0.0077677581933108,0.0235228918403084,0.004757113647761,
10,151.296,-0.0076276135846248,0.0235181836005025,0.0055932529594283,
10,151.346,-0.0073266463275676,0.0234333697498199,0.0062826877844136,
10,151.5,-0.0063666641489658,0.0221341363470768,0.0064268377799626,
10,151.551,-0.0067439382555852,0.0214360822891773,0.0057295639196262,
10,151.602,-0.0076491416086699,0.0206721851274787,0.0050229242056087,
10,151.653,-0.0086193814209189,0.0203290932049797,0.004567878157365,
10,151.704,-0.009151722431661,0.0204842807875128,0.0041099138625305,
10,151.755,-0.0091596179204069,0.0211474075968188,0.0032852004918663,
10,151.806,-0.009031358850688,0.0220830307379485,0.0020906904621305,
10,151.858,-0.0090269139962626,0.0227165906630296,0.0009558035583618,
10,151.908,-0.0091022346497943,0.0229046921619361,0.0001511590880277,
10,151.959,-0.0092226622656607,0.0227919873694122,-0.0003770440135033,
10,152.009,-0.0093623449338635,0.0224954139654182,-0.0006855186340491,
10,152.061,-0.0095031556671437,0.0223055745686557,-0.0008282892210731,
10,152.112,-0.0096333780729691,0.0224002733032509,-0.0008533160157715,
10,152.163,-0.0097463484219724,0.022669853528807,-0.0008008171590979,
10,152.214,-0.0098391788385304,0.0228291042990518,-0.0007028145215989,
10,152.265,-0.0099116350896734,0.0225031346264144,-0.0005835008554608,
10,152.317,-0.0097643700213323,0.0220929880044734,-0.0004601042082229,
10,152.367,-0.0092871830039633,0.0220634701760853,-0.0003440018146802,
10,152.417,-0.0090384014336797,0.0220796068235819,-0.0002419045092135,
10,152.469,-0.0093577608443559,0.0221237277266438,-0.0001569912185603,
10,152.521,-0.0100158430998402,0.022383085645795,-8.992030086744566e-05,
10,152.571,-0.0108382997467847,0.022759651036653,-3.968065555033616e-05,
10,152.622,-0.011499273716862,0.0231811368181483,0.0001965619583323,
10,152.673,-0.0120035821962831,0.0233967392935072,0.0007339533307241,
10,152.724,-0.0127685674873979,0.0232621444448563,0.0012204827573965,
10,152.775,-0.0136392843356178,0.0231145961296643,0.0014344735479767,
10,152.825,-0.0141061972702611,0.0231714268114347,0.0014564806440207,
10,152.877,-0.0138749538999617,0.0233547708718244,0.0011527571404302,
10,152.928,-0.0132145234902429,0.0236045258190213,0.0006645249763841,
10,152.979,-0.0129343889409968,0.0236759761553494,0.000498846590577,
10,153.03,-0.0129206619050205,0.0234264970467153,0.0007541817405448,
10,153.081,-0.0128780648221143,0.022790397209862,0.0010581889569501,
10,153.132,-0.0132220411726419,0.0219574376765558,0.0009673228144964,
10,153.182,-0.01358548052246,0.0216676373643047,0.0008313372834678,
10,153.233,-0.0135305388442327,0.0219503073719757,0.0008781722073469,
10,153.285,-0.0130108478497666,0.0223765905837866,0.0008376632439377,
10,153.337,-0.0120340040877666,0.0228607355386513,0.0009452240250014,
10,153.387,-0.011244105247951,0.0231422635153176,0.0011391088344767,
10,153.438,-0.0110392264414299,0.02307039300865,0.0011719485986788,end
11,154.713,-0.0099529006750396,0.024221170890629,0.0029614585793461,start
11,154.764,-0.0094993414729501,0.0230831931030916,0.0031252317875995,
11,154.815,-0.0090478365583341,0.0223064993776435,0.0031800409523945,
11,154.866,-0.0090355874284501,0.0218239102371704,0.0033613965059952,
11,154.916,-0.0093060396867179,0.0213678799254805,0.0034085102055298,
11,154.969,-0.0095352428931639,0.021166351308954,0.0031649092232419,
11,155.021,-0.0095187446140042,0.0215459045488523,0.0027544272429475,
11,155.07,-0.0093459906730346,0.0222676447052343,0.0022698913165803,
11,155.121,-0.0092877335008716,0.02274919976991,0.0017767852265529,
11,155.172,-0.0093075890078265,0.0228371931153466,0.0013177955683524,
11,155.224,-0.0093759471400569,0.0228665398923762,0.0011183924202027,
11,155.274,-0.0094699210601722,0.0232575833856355,0.0013023278804509,
11,155.325,-0.0097736081105233,0.0240500214020948,0.0015165083187962,
11,155.376,-0.0099865651116627,0.0250362351238901,0.0017328805642028,
11,155.427,-0.0101242246829787,0.0256658339182596,0.0021341102524714,
11,155.478,-0.0102025334618892,0.0256144720181616,0.0024208327203801,
11,155.529,-0.009633985736544,0.0253313346642152,0.0024102487421963,
11,155.58,-0.0088970826601694,0.025123126826038,0.0022098370651484,
11,155.631,-0.0081114025959446,0.0249797012045551,0.0019037788653622,
11,155.681,-0.0069558884240415,0.0248893456341379,0.0015545508205683,
11,155.733,-0.0056560070324686,0.0250411188540444,0.0012056904272363,
11,155.784,-0.0045687931308657,0.0253359892778001,0.0008850909909757,
11,155.835,-0.0041069808192638,0.0252972800399945,0.0006083716257121,
11,155.888,-0.0042842034168584,0.024846904964634,0.0003820246361578,
11,155.937,-0.0050578687871261,0.0241686875603098,0.0002061672845824,
11,155.989,-0.0063527460848311,0.0233988266801224,0.0002776524255383,
11,156.04,-0.0078778814773296,0.0226320357056986,0.0007028620612754,
11,156.09,-0.0092273401909422,0.022129646249503,0.0013207748835652,
11,156.141,-0.0103557217057132,0.0220380234537474,0.0020126391145518,
11,156.192,-0.0114525018807917,0.0220163732082103,0.0024955186905187,
11,156.243,-0.0122400726836128,0.0218405055489183,0.0026047405927256,end
12,157.619,-0.0086305108500741,0.0217561233011157,4.86880945004041e-06,start
12,157.672,-0.0095291179130413,0.0215845848517968,-8.385419246854573e-05,
12,157.722,-0.0103441021789869,0.0217489405273897,6.681312703774741e-05,
12,157.773,-0.0112408179833199,0.0219146855005153,0.0007605774812453,
12,157.824,-0.0119170824946409,0.0218671729785653,0.0017469254614091,
12,157.875,-0.0123976335605259,0.0216867042795351,0.0024400183405696,
12,157.926,-0.0127140591762484,0.0216362952629045,0.0026885194033678,
12,157.977,-0.0126989694611748,0.0218741834100971,0.0026319178701851,
12,158.027,-0.0126733077435039,0.0220770273525894,0.0023841853149344,
12,158.079,-0.0128437608059771,0.0222411004842989,0.0020337717985867,
12,158.129,-0.0129254656440285,0.0227687946454319,0.0018464872765423,
12,158.182,-0.0125420207280391,0.0234873062140791,0.0019797046556211,
12,158.231,-0.0116902211039127,0.0236679773316163,0.0021069409529994,
12,158.283,-0.0106064694803213,0.0230875224009188,0.0018184526308524,
12,158.334,-0.0096618502609091,0.0222663817184394,0.0010856802946611,
12,158.385,-0.0088823483553206,0.0217585092441738,0.0003276655171825,
12,158.436,-0.0080705311241826,0.0216931846269556,-0.0001848109316811,
12,158.486,-0.0073032044981976,0.0219169365111904,-0.0004986419883733,
12,158.538,-0.006826887650446,0.0223081132907015,-0.0006598603819203,
12,158.589,-0.0069771418643495,0.0225744100436123,-0.0007102491774991,
12,158.639,-0.0075171779511263,0.0225383886035993,-0.0004846756779088,
12,158.691,-0.008263818272983,0.0221105349969213,-0.0001002344360813,
12,158.742,-0.0094846516479462,0.0214657501890558,0.0001543797249453,
12,158.792,-0.0113132030062903,0.0211353013289668,0.0005061087065659,
12,158.844,-0.013987122333377,0.0212338320691229,0.000691033165231,
12,158.896,-0.0169884145101011,0.021599574220196,0.0005532880088808,
12,158.947,-0.0189543952974471,0.0221073114873582,0.0006213310552592,
12,159.1,-0.0191602208961574,0.0235034859388235,0.0013571570062183,
12,159.15,-0.018748156414788,0.0232089408810272,0.0014284767850001,
12,159.201,-0.0177811085327184,0.0225614149683897,0.0015602970045653,
12,159.252,-0.0165358074975483,0.0221411895513424,0.0017203297002468,
12,159.303,-0.015412921374017,0.022302169130707,0.0016847668747176,
12,159.354,-0.01445875157237,0.0226221397258421,0.0015266154457251,
12,159.405,-0.013488606351364,0.0224158741408249,0.0013025464792048,
12,159.456,-0.0115819821168657,0.0218886762008745,0.0014558687457553,
12,159.506,-0.0092279113526856,0.0213988330929281,0.0024414155184985,
12,159.558,-0.0075793153459482,0.0209722983567655,0.0036807047181848,
12,159.609,-0.0063147804293994,0.0208214652099891,0.004380674654587,
12,159.659,-0.0049964808404579,0.0212612379617983,0.0046785203435109,
12,159.711,-0.0045529373890241,0.0220444682472923,0.0046945360524149,
12,159.761,-0.0061118871024159,0.022382554982768,0.0039260121058892,
12,159.812,-0.0092315703703416,0.0220063212284949,0.0025152269784962,
12,159.863,-0.01229828292334,0.0216038484008382,0.0014083608756296,
12,159.915,-0.0142813283671503,0.0216185464501041,0.0011878330598122,
12,159.965,-0.0152092236817845,0.0216987832820889,0.0015534754306017,
12,160.016,-0.0151850221393113,0.021613774155017,0.0020648519788996,
12,160.067,-0.0145521360068514,0.0214296133554473,0.0026286147174484,
12,160.12,-0.0137805446662885,0.0211966557528617,0.0031806864070084,
12,160.169,-0.012981979131007,0.0209511165363843,0.0038817438497239,
12,160.22,-0.012230265188743,0.0209180667535076,0.00462203516276,
12,160.272,-0.0111673200600458,0.0214256197104614,0.0051271853589731,
12,160.323,-0.0095884890823312,0.0224399492354148,0.0056417806296719,
12,160.373,-0.0082072941919297,0.0234969824334555,0.0063219279493051,
12,160.527,-0.0082729167553465,0.0245249913876064,0.0064887275585289,
12,160.577,-0.0088464514539311,0.0242733984551663,0.0061415547992455,
12,160.629,-0.0095077910192269,0.0243712430144013,0.005626356311086,
12,160.68,-0.0099714830181871,0.0250870069654548,0.0048439482859398,
12,160.731,-0.0100703298071452,0.0261415746725,0.0039530185588211,
12,160.781,-0.0101280755103677,0.0269270503031748,0.0032648933964787,
12,160.832,-0.0099539884011254,0.0272760096842176,0.0029629503860799,
12,160.884,-0.0096451999812564,0.0271161419262637,0.0027321083645879,
12,160.935,-0.0094756603671534,0.0264419461749662,0.0023645777548675,
12,160.986,-0.0090073805817076,0.0258937131642966,0.001938906715216,
12,161.037,-0.0083851218643613,0.0256711416625794,0.0017109765054448,
12,161.088,-0.0079149303750381,0.0254744799542055,0.0018290117595999,
12,161.139,-0.0071783722352725,0.02531023404757,0.0019586166598823,
12,161.189,-0.0063301497000793,0.0251799725075785,0.0018843965044959,
12,161.24,-0.0054784516861487,0.0250819712539103,0.0018862488538552,
12,161.292,-0.0044921108631985,0.0248116993088644,0.0021375752711419,
12,161.342,-0.0036994864965103,0.0244526531720376,0.0023278786886998,
12,161.394,-0.0032956103922799,0.0242663486456956,0.0022629235234711,
12,161.445,-0.0031735033498699,0.0242057987045597,0.0020394759468839,
12,161.495,-0.0034427522657601,0.0242307658464746,0.0017323293359618,
12,161.546,-0.004142201885454,0.0241077401485393,0.0013961763713107,
12,161.597,-0.0050613721785815,0.0236988484397644,0.0012692581242227,
12,161.648,-0.0060476205315082,0.0231394638119129,0.001487562322913,
12,161.7,-0.0067968271007792,0.0227293312784758,0.0019097383360693,
12,161.751,-0.0071329865442214,0.0228495364830288,0.0024287529901812,
12,161.801,-0.0073780663819032,0.0233002181112689,0.0027673473558445,
12,161.853,-0.0077458777180967,0.0237258128309182,0.0027621947786779,
12,161.904,-0.0081628555315349,0.0241011285258101,0.0025369934953882,
12,161.957,-0.008176201758053,0.0244140472816317,0.0021887548347702,
12,162.006,-0.0077287724412649,0.0248626434731924,0.0017895811802632,
12,162.057,-0.0076242685341371,0.0253622193116208,0.0013898072907929,
12,162.108,-0.0081497628378972,0.0254526910569323,0.0010217636603666,
12,162.16,-0.0092379263420086,0.0250726816987183,0.000703636499475,
12,162.209,-0.0099970416944697,0.0244214560285665,0.000242245943724,
12,162.261,-0.0096808045216909,0.0236486005724009,-0.0002739617098712,
12,162.312,-0.0097044610580897,0.0230606574761618,-0.0005830239897818,
12,162.363,-0.0103458758474559,0.0228393733665403,-0.0007344052226801,
12,162.414,-0.0105286291491695,0.022670189424955,-0.000571662839353,
12,162.465,-0.0104025379948638,0.0225480111380584,-0.000220530450728,
12,162.516,-0.0096868310013707,0.0228674623161772,0.0002232184770605,
12,162.567,-0.0084496345476583,0.0234444906117747,0.0008915529325913,
12,162.617,-0.0075798692680984,0.023738694395746,0.0016502360410068,
12,162.668,-0.0072164614491114,0.0236270401799678,0.0024059167560565,
12,162.72,-0.0076086678858645,0.0232640578815463,0.0028981317776604,
12,162.77,-0.0084539813867309,0.0229698792111768,0.002980997679045,
12,162.822,-0.0091203215285698,0.0229442939002373,0.0027946699878133,
12,162.872,-0.0096183474206904,0.022892193054449,0.0024506629204728,
12,162.923,-0.0099684165656697,0.0224256045596473,0.0022339968771473,
12,162.974,-0.0103963048125005,0.0217306664428817,0.0023172403844877,
12,163.026,-0.0110405623713091,0.0213467700411129,0.0023853104486285,
12,163.077,-0.011570999625217,0.0213940341044016,0.0024381806977073,
12,163.127,-0.0117849925347559,0.0217140267092602,0.0026778889275011,
12,163.179,-0.0117788425860025,0.0221832280698819,0.0030181693915631,
12,163.23,-0.0114311640675249,0.0225095984700675,0.0035964497605847,
12,163.282,-0.0110932095503479,0.0223164782385859,0.0040800828148688,
12,163.331,-0.0111903079040954,0.0220065295639469,0.0038616607836343,
12,163.382,-0.0117594614944529,0.0218473856933978,0.0032105212415034,
12,163.433,-0.012585646358389,0.0215969116383743,0.0027358332633306,
12,163.485,-0.0131086410230952,0.0215088179327547,0.0026132797515155,
12,163.536,-0.0133951702150437,0.0217327776419932,0.0025255797135757,
12,163.586,-0.0133061903746724,0.0219380481743158,0.0024672782524002,
12,163.637,-0.0125818579862323,0.0217131749704333,0.0026333488275222,
12,163.689,-0.0117090630481096,0.0212304932627866,0.0027291460733001,
12,163.741,-0.011011999720266,0.0210229084787538,0.0023705103755064,
12,163.791,-0.010483639641498,0.0214101008454932,0.0017492338577017,
12,163.842,-0.0101059226454457,0.0223484836049444,0.0014110888510047,
12,163.892,-0.009855164136237,0.0235649896345349,0.001281695033562,
12,163.943,-0.009505141291428,0.0246613106543434,0.0010957451101265,
12,163.995,-0.0091195736592998,0.0253916459143686,0.000888460842282,
12,164.045,-0.0091438506172619,0.0256277516287613,0.0006841456227446,
12,164.097,-0.0094290317813567,0.0253270816187712,0.0004981479558828,
12,164.147,-0.0096578010134163,0.0251079708465399,0.0003388401161536,
12,164.198,-0.0098320125416309,0.0251596037994811,0.0002094475884366,
12,164.25,-0.0099572383873453,0.0251798971474627,0.0003104694974737,
12,164.301,-0.010040987364495,0.0251784605566972,0.0009528199314813,
12,164.352,-0.0102922408985441,0.0249623691869624,0.0018907500132272,
12,164.403,-0.010630739671498,0.0244251343568366,0.0025412360745627,
12,164.453,-0.0107971668785683,0.0237250916084009,0.0027542800182036,
12,164.505,-0.0110406997040877,0.023177702264501,0.0026696552292445,
12,164.556,-0.0111132868459031,0.023173858408872,0.0024009183430904,
12,164.606,-0.0106687392228489,0.023719760734023,0.0020356894447262,
12,164.658,-0.0099282384726607,0.0243735557382831,0.0018387490034849,
12,164.709,-0.0092582483739006,0.0248431926062942,0.0019663951862019,
12,164.76,-0.0090889703254788,0.0251569918147656,0.0022919612396261,
12,164.811,-0.0096560907236634,0.0251448020680917,0.0027183096582756,
12,164.861,-0.0106499426530996,0.0249245180482,0.0029742113016315,
12,164.912,-0.0114359726286952,0.024789302279759,0.0031002391784879,
12,164.965,-0.0122264048208179,0.0245186738604142,0.0033336817153998,
12,165.014,-0.0129561622266086,0.0241829388470508,0.0036172615625201,
12,165.065,-0.013186714514565,0.0240332520311424,0.0039102160997113,
12,165.116,-0.0130785797688693,0.0238140787173586,0.0039848154008996,
12,165.167,-0.0127619144117328,0.0233671134267766,0.0037125457598461,
12,165.22,-0.0125377801063743,0.022809959670819,0.0032396835521146,
12,165.27,-0.0123909962181517,0.0222268944633421,0.0026761576515388,
12,165.321,-0.0121047791412309,0.021674050553418,0.002099754438776,
12,165.371,-0.0117521291830283,0.0213858346401755,0.0017622304634153,
12,165.422,-0.0115860356419873,0.0216921589930904,0.00180586017955,
12,165.474,-0.0117537668708799,0.0223551845642991,0.0018896048201651,
12,165.525,-0.0117204553877813,0.0229928842151455,0.0019923497323687,
12,165.576,-0.01136004722326,0.0235631124271824,0.0022998602990946,
12,165.627,-0.0112204752459806,0.0240442593216143,0.002513160589142,
12,165.677,-0.0112337491972164,0.0244296215801042,0.0024480701668988,
12,165.728,-0.0111431511216886,0.0245217610749208,0.0022096623721256,
12,165.779,-0.0107923789634736,0.0244184398146327,0.0020800829931335,
12,165.831,-0.0103029224990973,0.0243988933086342,0.0022315441017806,
12,165.882,-0.0101655076853514,0.0242338124530095,0.0023502499085345,
12,165.933,-0.0100640806778092,0.0239886544350964,0.0022375783479511,
12,165.983,-0.009592215176525,0.0239126668540075,0.0019855638535138,
12,166.034,-0.0091215086226035,0.023750447682605,0.0018652604066508,
12,166.085,-0.0088901925041812,0.0235459553758088,0.002039928090779,
12,166.137,-0.0088309922344313,0.0235316123592614,0.0023897443036406,
12,166.188,-0.0086861008359449,0.023640374106654,0.002823790347261,
12,166.239,-0.0082970572722951,0.0238193520760126,0.003276988900926,
12,166.29,-0.0079835132140764,0.0238281517517374,0.0037060639374601,
12,166.341,-0.0077435789595553,0.0235262667530361,0.0040851982359262,
12,166.391,-0.0075701292152315,0.02304937512769,0.0044018457943645,
12,166.442,-0.0078549205435531,0.0224985530885602,0.0044521463356512,
12,166.493,-0.0084107272151921,0.0219445651063318,0.0041267503355535,
12,166.545,-0.0088948664641846,0.0216338840699308,0.0035865409680885,
12,166.596,-0.0094949827749903,0.021504206400768,0.0031527912615412,
12,166.646,-0.0103221053874076,0.0210993656644339,0.0030229978935866,
12,166.697,-0.0110275395617037,0.0205505709297654,0.0028977404858744,
12,166.748,-0.0113974250437893,0.0203552049692439,0.0025846209288329,
12,166.799,-0.0113215580189759,0.0208038728319155,0.002377003327136,
12,166.85,-0.0111667352546864,0.0216295497348412,0.0024545618631791,
12,166.901,-0.011174545209779,0.022429858825636,0.0027087880080513,
12,166.952,-0.010884365197569,0.0231496066309642,0.0030558973291572,
12,167.003,-0.0106272136822043,0.0237598664987967,0.003233859269012,
12,167.055,-0.010411902915645,0.0242508818214583,0.0030882083213225,
12,167.106,-0.0100398897813823,0.0244251408551368,0.00274670839538,
12,167.156,-0.009597260445656,0.0243822489241817,0.0023070342974195,
12,167.207,-0.0093457329031869,0.0244043662010267,0.0018397165857914,
12,167.259,-0.0098394758350145,0.0244664004758577,0.0015930445054113,
12,167.31,-0.0105707013969806,0.0245490521506657,0.001708533517899,
12,167.36,-0.0111946612723223,0.0244374534758191,0.0018461838164541,
12,167.412,-0.0119005349331134,0.0238085698371027,0.0017861557092082,
12,167.463,-0.0124014051954611,0.022697611435607,0.0016041685180489,
12,167.513,-0.0125297259149521,0.0213667207783596,0.0013585823419937,
12,167.564,-0.0124088029644534,0.0202025249406414,0.0010919356469617,
12,167.615,-0.0119369077064933,0.0196404302754876,0.0008332024079028,
12,167.667,-0.0112778247992219,0.0197104827896344,0.0006003294128983,
12,167.718,-0.0107524688726568,0.0203811699641451,0.0006035830747894,
12,167.768,-0.0101542489557034,0.0215840301347134,0.0009588492089743,end
13,171.746,-0.0066775637012152,0.0228671876086185,0.0012998650197064,start
13,171.798,-0.0073727106775315,0.0230911276719595,0.0011985343720021,
13,171.848,-0.0078287698519502,0.0233880982991338,0.001438930700792,
13,171.899,-0.0080948528844161,0.0235072168564361,0.0016783486265047,
13,171.95,-0.0082177190548005,0.02330186685341,0.001897905781,
13,172.002,-0.0082388626055519,0.0229049149168836,0.0022879210685863,
13,172.052,-0.0085947349743945,0.0226178009646648,0.002555095007978,
13,172.103,-0.0093375313816834,0.0224241966304627,0.0025211877965497,
13,172.154,-0.0102688107089919,0.021904450428789,0.0022969056096523,
13,172.206,-0.0110453272986195,0.0212172856506628,0.0019685435040262,
13,172.257,-0.0114593726466147,0.0208796163480813,0.0015998080472615,
13,172.307,-0.0120093521212357,0.0207932226504589,0.0012348008755462,
13,172.359,-0.0130039987129604,0.0206740915977583,0.0011023407906762,
13,172.41,-0.0140030961840859,0.0207443682575944,0.0013304997704959,
13,172.461,-0.0143222863076468,0.0211313099334273,0.0017716135413132,
13,172.511,-0.0139789415047247,0.0214894271841657,0.0023138699984147,
13,172.562,-0.0136399282957366,0.0213986217356061,0.0026765994786556,
13,172.613,-0.0131300936103671,0.0210271937394573,0.0026942160855117,
13,172.664,-0.0125516590938415,0.0207064597933505,0.0024890788171969,
13,172.715,-0.0123773629287789,0.0206448378782047,0.0023583910510768,
13,172.767,-0.0124762633314129,0.0211560154757236,0.002486783844066,
13,172.817,-0.0123407664498846,0.022194327911094,0.0027710241145312,
13,172.869,-0.0114633224763342,0.0232864741970045,0.0031323833993387,
13,172.92,-0.0101805177064898,0.0239237437020359,0.0033133401844987,
13,172.97,-0.0089416199706773,0.0238164159070099,0.0033640586639696,
13,173.021,-0.0078304070231727,0.0230393278460872,0.0035280078703586,
13,173.072,-0.0070911861500557,0.0220959478385563,0.0035505735145863,
13,173.124,-0.0070515944493866,0.0215233685288147,0.0032798161617949,
13,173.174,-0.0074638915329284,0.0216362674065656,0.0028426865292987,
13,173.225,-0.0079320532754133,0.022179729216435,0.0023339699161573,
13,173.279,-0.0085992685048066,0.0225540077449737,0.0018202078497154,
13,173.328,-0.0095413809403787,0.0225888795701294,0.0013444821596125,
13,173.379,-0.0105841159681566,0.0224032710095934,0.0009313678497473,
13,173.43,-0.0118084525908533,0.0220911675928748,0.0005915963477167,
13,173.48,-0.0130509044758957,0.0217230088536344,0.0005269920450728,
13,173.531,-0.0138034968394087,0.0215493080689037,0.0008448901919287,
13,173.582,-0.0139806250394855,0.0217151108334615,0.0013825690143001,
13,173.634,-0.0137744490916699,0.0218845015557609,0.0020180109095655,
13,173.684,-0.0133390032667819,0.0218417520214375,0.0024642723988448,
13,173.736,-0.0125906620686996,0.0216663802253474,0.0027533530132688,
13,173.787,-0.0113000944698752,0.0214200391612546,0.0031192362408653,
13,173.837,-0.0099662785540916,0.0209471376229059,0.0033041506204502,
13,173.889,-0.0089127089698782,0.0203669209938123,0.003157311883047,
13,173.939,-0.0079226790382385,0.020166155788171,0.0028094988379772,
13,173.99,-0.0074546002039354,0.0202248805006489,0.0023607316377039,
13,174.041,-0.0075597115577107,0.0202444782561073,0.0020841020133049,
13,174.092,-0.0076223280499542,0.0202374075219535,0.0021409293590833,
13,174.144,-0.0076526601977784,0.0202138009275244,0.0022062210524817,
13,174.194,-0.0078606837008438,0.0203823190887793,0.0022716962604574,
13,174.245,-0.0079651249240185,0.0210621864215286,0.0027336966269251,
13,174.297,-0.0077939097119677,0.0222162258908273,0.0034128949246679,
13,174.347,-0.0074596561319847,0.0235816684030562,0.0037751637875961,
13,174.398,-0.0072485230469599,0.0249730038574984,0.0039050671580233,
13,174.449,-0.007334148188102,0.0260683413403957,0.0040763406305803,
13,174.5,-0.0076032211099833,0.0264841805053558,0.0040595542350826,
13,174.551,-0.0079683329887807,0.0264308165791361,0.003722670207588,
13,174.602,-0.0083657088989747,0.0264824827489639,0.0032075541317914,
13,174.653,-0.0089526884682877,0.0267981932657724,0.0028203433711602,
13,174.704,-0.0096141165349211,0.0268562196004621,0.0029479381734447,
13,174.756,-0.0098684901419061,0.0261418173653226,0.0033954541830725,
13,174.806,-0.0098413640325667,0.0249894072838765,0.0036105343293341,
13,174.858,-0.0098367104371228,0.0238494909439447,0.003458429588672,
13,174.908,-0.0096460098068215,0.0230099945662611,0.003283883012115,
13,174.959,-0.009150473610808,0.0226314462996422,0.0033097989160522,
13,175.011,-0.0084992387941697,0.0225789379059081,0.0032613661702441,
13,175.061,-0.0078004623752829,0.0229405875228251,0.0029683069180847,
13,175.112,-0.0071273302057451,0.0235388054510213,0.0025418985441995,
13,175.163,-0.0065247200527048,0.0238390226008717,0.0022650550226486,
13,175.214,-0.0060157490633972,0.0239239990101113,0.0023072086034132,
13,175.265,-0.0060093884088154,0.0240649376457853,0.0023497314676524,
13,175.317,-0.0067275559501427,0.0242304456528867,0.0023890751635066,
13,175.367,-0.0076518742235649,0.0243984154329004,0.0026240529351634,
13,175.418,-0.0082324865876725,0.0245544704807748,0.0029656243442821,
13,175.469,-0.0083451863811215,0.0244895138989255,0.0033481201328318,
13,175.52,-0.008349569818741,0.0240871956998986,0.0035253019684385,
13,175.573,-0.0082841322582319,0.0237016633783121,0.0033557380985952,
13,175.623,-0.0079783380633394,0.0235587015068868,0.003178243645627,
13,175.674,-0.0075429562777167,0.0235827971888619,0.0032107553005543,
13,175.724,-0.0072602726733506,0.023712099800096,0.0031745092663358,
13,175.775,-0.0070982312350541,0.0238984897107855,0.0028962434962101,
13,175.826,-0.0066249138740041,0.0241065193019287,0.0024851120489618,
13,175.877,-0.0061908160991374,0.0243117157981056,0.0020217946079359,
13,175.928,-0.0064192454103308,0.0242977774838455,0.0015622274936974,
13,175.979,-0.0070542369697243,0.02394358277927,0.0011419842747383,
13,176.03,-0.0074972994705631,0.0233996178023634,0.0009815547449101,
13,176.081,-0.0075808415741692,0.0227776419593611,0.0012014786394359,
13,176.132,-0.0074270934916201,0.0223564328559536,0.0014468418841542,
13,176.183,-0.0075351774102851,0.0222986566510291,0.0014879761606448,
13,176.234,-0.0082041722415252,0.0224786100571049,0.0015956570710407,
13,176.285,-0.0089783318225908,0.0227965754346827,0.0021390346983776,
13,176.337,-0.0095569144025782,0.0229766780871529,0.0029181956791344,
13,176.388,-0.0095619165189793,0.0228530603435578,0.0035851503213735,
13,176.439,-0.0091986500855303,0.0225445816981462,0.0041265624802453,
13,176.489,-0.0088292101571796,0.0223431570422882,0.0043431306054456,
13,176.54,-0.0082846555812767,0.0226282400785587,0.0041331281870679,
13,176.591,-0.008073204222584,0.0232024438641185,0.003666414315827,
13,176.642,-0.0078915420886817,0.0237151142531421,0.0030725509006155,
13,176.693,-0.0077435788680936,0.0241471355163085,0.0024448470340666,
13,176.744,-0.0084324495177553,0.0246935602303668,0.0018458651668758,
13,176.795,-0.0090001845259397,0.0254702952401128,0.0015142561410121,
13,176.846,-0.0088421199183707,0.0259306749883554,0.0015816000549737,
13,176.897,-0.0084320941437452,0.0257495085926467,0.0018994030807343,
13,176.948,-0.0082950787884716,0.0251714393145917,0.0021514745700506,
13,177.0,-0.0087458333147108,0.0243852540690151,0.0021403056062544,
13,177.05,-0.0095373442867614,0.0235287503103264,0.0021620378701491,
13,177.101,-0.0104838151126371,0.0226959535774709,0.0022031255590261,
13,177.153,-0.0112528027450909,0.0217444291713606,0.0020524925075395,
13,177.203,-0.0118461858195164,0.0207931978393632,0.0015901662832572,
13,177.255,-0.0122792761237475,0.0203202374884895,0.0009650754294892,
13,177.305,-0.0125747707696659,0.0201920115094637,0.0006874782540516,
13,177.357,-0.0129591137761528,0.0200943486312482,0.0006550470258921,
13,177.407,-0.0129678968996545,0.0202249666975283,0.000782458667942,
13,177.459,-0.0123334412245664,0.0206923337528144,0.0012029840179528,
13,177.509,-0.0113374113776929,0.021338130076443,0.0015768823824147,
13,177.56,-0.0101894999057333,0.0222473168868098,0.0014891725965462,
13,177.612,-0.0090363946228289,0.0232523914666408,0.0011124557442561,
13,177.662,-0.0081734248766513,0.0238365553827902,0.0009823140457261,
13,177.714,-0.007967526662016,0.0239030060318507,0.0010207684345339,
13,177.764,-0.0084004164568456,0.0234312486144405,0.0009634293534322,
13,177.816,-0.0090073847324018,0.0224513748768482,0.0008492592299757,
13,177.866,-0.009476404990617,0.0212243366057103,0.0009086457670413,
13,177.917,-0.0102209413658119,0.0199373512134717,0.001275406064781,
13,177.969,-0.0112832028972378,0.0189161402909878,0.0016090042165096,
13,178.172,-0.0112088967192329,0.0189875666496969,0.0019136600609318,
13,178.224,-0.0107948307225136,0.0196976421743556,0.0021421270849718,
13,178.274,-0.0106662510104548,0.020177339655207,0.0021165702769053,
13,178.326,-0.0107310976196031,0.0206715817194972,0.0019301479602903,
13,178.376,-0.0107139554890877,0.0213362814541711,0.001856363908125,
13,178.428,-0.0102439395296961,0.0220569068468717,0.0022624152197627,
13,178.478,-0.0097220639085849,0.0227555099135788,0.002943590172272,
13,178.529,-0.0094096857448199,0.0231830340689044,0.0035456612970305,
13,178.581,-0.0092567635169718,0.0234023568518847,0.0040486326022181,
13,178.631,-0.0094192270265376,0.0234705304059771,0.004246807003699,
13,178.682,-0.0095700787520193,0.0232354538963694,0.0040327457507486,
13,178.733,-0.0095005311448816,0.0228247720019035,0.0035714928083712,
13,178.785,-0.0094960507424967,0.0223344568222363,0.003189590797264,
13,178.836,-0.009332827562551,0.0222341247398886,0.0030900937944106,
13,178.886,-0.0092817403968687,0.0227936362516579,0.0029788769610372,
13,178.937,-0.00910584218966,0.0237313919704786,0.0028690780296201,
13,178.989,-0.0084623594297075,0.024635568373967,0.0029698426557584,
13,179.039,-0.0081731847626165,0.0250439056996526,0.002996724116461,
13,179.09,-0.0085361438493173,0.0251014327190193,0.002773227358924,
13,179.141,-0.0090873585062972,0.0251301793198651,0.0024071044143589,
13,179.192,-0.0093133628696974,0.0249373245854104,0.0019789198691248,
13,179.243,-0.0093126373981211,0.0244170045266143,0.0017461632234928,
13,179.294,-0.0091665566778025,0.0237284631901961,0.0018582763646991,
13,179.346,-0.0091398209708125,0.0229873457881025,0.001981732181684,
13,179.396,-0.0095934424548731,0.0222720451722718,0.0021025450080111,
13,179.448,-0.0103187007778622,0.0216307647670427,0.0024127910912328,
13,179.499,-0.0111599112931749,0.021289307268602,0.0026187736874644,
13,179.549,-0.0114054096052672,0.0213684057712802,0.0025405057851894,
13,179.601,-0.0108474579389117,0.021710874255536,0.002286220920077,
13,179.651,-0.0100198682378987,0.0223955774591427,0.0019394748887386,
13,179.702,-0.009286662570292,0.0232447688474178,0.0015612840554517,
13,179.753,-0.0088737248531457,0.0237295691902991,0.0011933074291031,
13,179.804,-0.0084985305394905,0.0237408874300737,0.0008614425365085,
13,179.855,-0.0081776836739508,0.0236484616170324,0.0005793978157226,
13,179.906,-0.0079174673674126,0.023898591593001,0.0005527966233266,
13,179.957,-0.007516206984341,0.024348326444138,0.0006921614966357,
13,180.008,-0.0072575560573316,0.0244882821199943,0.0005251059873759,
13,180.059,-0.0071111462487919,0.024418317321322,0.0001749474419113,
13,180.11,-0.0068476504054022,0.0244201738735968,-6.368141350806194e-05,
13,180.161,-0.0063293951312241,0.0244679440164946,-1.0776992885597084e-05,
13,180.212,-0.0056893827447828,0.0243404897147427,0.0006265200587282,
13,180.263,-0.0060268639362227,0.0239100601356065,0.0015874219444156,
13,180.314,-0.0075666520716495,0.0237215621059606,0.0024778420571504,
13,180.366,-0.0087496768245482,0.0241050372583191,0.003251528045878,
13,180.416,-0.0088055197364355,0.0246237087483633,0.0036873598948135,
13,180.467,-0.0085356240977494,0.0249865882853107,0.0036706629345254,
13,180.518,-0.0084801645010363,0.0252203990439373,0.0033650772510554,
13,180.57,-0.0083658553954348,0.0253526485153193,0.0028987610966145,
13,180.622,-0.0080221522573722,0.0256099710966442,0.0023668209985963,
13,180.671,-0.0079606050781226,0.0261276715511681,0.0018355254732184,
13,180.722,-0.0082857970106734,0.0265699434295783,0.0013473241545298,
13,180.773,-0.0082303999066382,0.0267274761877909,0.0011268139294337,
13,180.824,-0.0077345280241447,0.0264889022657914,0.0012965358044244,
13,180.875,-0.0073976593814522,0.0256137828730771,0.0015020656355245,
13,180.926,-0.0071898295355554,0.0244007154343813,0.0015132163757785,
13,180.977,-0.0074831219228181,0.0232691880595552,0.0011979723539387,
13,181.028,-0.0084759159434344,0.0224816896974055,0.0006987191931463,
13,181.079,-0.0094359145202074,0.0219780973416254,0.0005232255343034,
13,181.13,-0.0100969260235544,0.0216970438572001,0.0007703071988576,end
14,183.017,-0.0071397157026014,0.0239578089860008,0.0020721324290508,start
14,183.068,-0.0072836694786036,0.0233257057607718,0.0022480641200574,
14,183.12,-0.0075942066896695,0.0226531399268497,0.0023811370621801,
14,183.171,-0.0083883032249881,0.0220086528786431,0.0026768659252555,
14,183.221,-0.0094287387526101,0.0216347817344461,0.0028523238343059,
14,183.272,-0.0101419150723561,0.021665338535602,0.0027357169850522,
14,183.323,-0.0107887449284648,0.0217519874322689,0.0024411613857712,
14,183.374,-0.0111402276406005,0.0216668166191525,0.0020561407530822,
14,183.426,-0.0110732195288569,0.021478291037199,0.0016440302725406,
14,183.477,-0.0111448619884552,0.0212386236280084,0.0012476519381474,
14,183.528,-0.0115005065740541,0.0209854096420307,0.0008932058838488,
14,183.579,-0.011808892543439,0.0209446827500227,0.0005941270406082,
14,183.629,-0.0118613617583544,0.0210435065147916,0.0003545840823029,
14,183.68,-0.0117454833354799,0.0210230587971019,0.0001724678705703,
14,183.731,-0.0111292764998067,0.0211285924222905,0.0002426460725416,
14,183.783,-0.0102416852956271,0.0213064464940047,0.0006698296824879,
14,183.833,-0.009853845550728,0.0213155621063316,0.0012916621215275,
14,183.885,-0.0098176786823935,0.0212157247595023,0.0019883789337155,
14,183.936,-0.009809129508447,0.0212548642001177,0.0024763196244211,
14,183.987,-0.0098189797700164,0.0215808260659817,0.0027911634634437,
14,184.037,-0.0098398392322373,0.0220645562901797,0.0031705325303898,
14,184.09,-0.0098660837494078,0.0226106117699439,0.0033599752652451,
14,184.139,-0.0100945073225653,0.0229519394653096,0.0032115562084639,
14,184.191,-0.0106350823433924,0.022933710990093,0.0030592056443039,
14,184.242,-0.0111315962566146,0.0226863449683813,0.0031174061057776,
14,184.292,-0.0113591311733559,0.0225127266534091,0.0033059683468059,
14,184.343,-0.0113958773293528,0.0226011875595775,0.0035629904579827,
14,184.395,-0.0111064752186243,0.0226497933508084,0.0038432719361071,
14,184.445,-0.0104303124332937,0.0222672660199951,0.0041159548634535,
14,184.497,-0.0097612522476839,0.0216389605431434,0.0041610252292771,
14,184.547,-0.0093513289021396,0.0215059997955456,0.0038556616145129,
14,184.599,-0.008939700273504,0.0221030776604067,0.0033500775437325,
14,184.65,-0.0083592118561952,0.0229195679244464,0.0027566970944031,
14,184.701,-0.0077170575980672,0.0236103535227166,0.0023555102642277,
14,184.751,-0.0070869403329426,0.0241650250414685,0.0023106494900236,
14,184.802,-0.0067159961689717,0.0245878409024533,0.0022970891455358,
14,184.854,-0.0067419059566867,0.0248921246725176,0.0021038590735685,
14,184.905,-0.0072210908693883,0.024895109879361,0.001810920386233,
14,184.957,-0.008354157208849,0.0245037833216246,0.0014775662040563,
14,185.006,-0.0098155682650534,0.024091834580099,0.0011450709777137,
14,185.058,-0.011370163500429,0.0239005866936033,0.0010406707923747,
14,185.109,-0.012859636534773,0.0238662492448031,0.0012917801963972,
14,185.16,-0.0137860215082524,0.0239353049927034,0.0015498900788784,
14,185.21,-0.0142768493755322,0.0240651246390146,0.0015909212128418,
14,185.261,-0.0142480684652461,0.024223486443373,0.001489432384512,
14,185.312,-0.0134866804251658,0.0243874320526611,0.0015055247637638,
14,185.363,-0.0127182659242649,0.0245417885254131,0.0017965689304456,
14,185.415,-0.0122079080448575,0.0246775950008211,0.002039739607666,
14,185.465,-0.0119040539919938,0.024589760946893,0.0020318381507256,
14,185.517,-0.011957884789628,0.0241647170535172,0.0018635459457706,
14,185.567,-0.0118351255906347,0.0237583820141717,0.0018067400390233,
14,185.618,-0.0112073044858936,0.0235975218833226,0.0020268331119115,
14,185.669,-0.0103059961941086,0.0236070199138426,0.0024068349327118,
14,185.72,-0.0093016916899139,0.0235241807478589,0.0028588676130055,
14,185.771,-0.0083120096644582,0.0231879420802494,0.0031199503899195,
14,185.822,-0.0076120440275123,0.0227161964688429,0.0030367598135619,
14,185.873,-0.0073549527606564,0.0221954402288835,0.0027394519795971,
14,185.924,-0.0076033863394488,0.0216850850986682,0.0023287034807998,
14,185.975,-0.0083569151816407,0.0214232329864178,0.0018781964861591,
14,186.026,-0.0091730204114338,0.0215426278093695,0.0014383811057088,
14,186.077,-0.0093611975780595,0.0218969445410896,0.0012415883563714,
14,186.128,-0.0087298678809863,0.022373465310527,0.0014173012438243,
14,186.18,-0.0084269977193909,0.022488413952981,0.0016169719141136,
14,186.23,-0.0089616171616856,0.0221613998776031,0.0018159677090178,
14,186.281,-0.0095887467074687,0.0219788698175458,0.0021993783060189,
14,186.332,-0.0102248282627138,0.0221045017302715,0.0024694292636201,
14,186.384,-0.0108155525693854,0.0224176813516932,0.0026450827137287,
14,186.436,-0.0113297320061281,0.0226251525256071,0.0029469169830556,
14,186.486,-0.0117535134584367,0.0225473268907651,0.0031045964673367,
14,186.537,-0.0118844405374449,0.0222927777115237,0.0029563214639689,
14,186.588,-0.0120178608437922,0.022146169087796,0.0026237335237587,
14,186.639,-0.0119413284145418,0.0222813995393488,0.0021996541387625,
14,186.69,-0.011736290590413,0.0223856907292994,0.0017509643402024,
14,186.74,-0.0118669743432205,0.0224617609038635,0.0013225354200483,
14,186.792,-0.011800808056147,0.0229152878175909,0.0009415180239094,
14,186.842,-0.0116137070601546,0.0235744638043245,0.0006215165282311,
14,186.893,-0.0115649085290343,0.0241117455954378,0.0003663545022345,
14,186.944,-0.0116087306514349,0.0243268549945799,0.0001732754188298,
14,186.995,-0.0119092684452532,0.0241172244961724,0.0002363576930449,
14,187.046,-0.0119486406769781,0.024053694066213,0.0006594954861079,
14,187.097,-0.0118173510660754,0.0244906360705446,0.0010787296603994,
14,187.149,-0.0119888214802022,0.0252134557763507,0.0014617817100706,
14,187.199,-0.0123406926900026,0.0256598896648548,0.0019916900567339,
14,187.25,-0.0125791635393812,0.0254915321931184,0.002372381887538,
14,187.301,-0.0125249140485669,0.0251432357311508,0.0024259575279289,
14,187.352,-0.012287285966772,0.0249083486373656,0.0024662664354315,
14,187.403,-0.0117503035745028,0.0247650661097776,0.0026956622049339,
14,187.454,-0.0110644674895286,0.0246920446931353,0.002827067312173,
14,187.506,-0.0107399267583235,0.0246699514112814,0.0026842360745894,
14,187.556,-0.0106731748385322,0.0246822957968284,0.002376997063296,
14,187.608,-0.0101746176153381,0.0247157351660997,0.0019889964469827,
14,187.658,-0.0092383385688954,0.0245591838796765,0.0015803686839403,
14,187.71,-0.00809654049531,0.0242933581008661,0.0011913381515968,
14,187.762,-0.0067138234143739,0.024179637319104,0.0008461285028905,
14,187.812,-0.0054885046636015,0.0241726048952744,0.0007575889872311,
14,187.862,-0.0048642349828692,0.024234562152852,0.0010416115976563,
14,187.913,-0.0048764324481325,0.024335788807697,0.0013409273253712,
14,187.964,-0.0050950155761458,0.0244540690632217,0.0016260062486662,
14,188.015,-0.0054284049269325,0.0245737848093289,0.0020798866542668,
14,188.066,-0.0058086431044453,0.0248856376847996,0.0026055663657381,
14,188.117,-0.0059875483441111,0.0252956657825043,0.0029342313455583,
14,188.168,-0.0060229563171089,0.0255348860776345,0.0029093041728203,
14,188.22,-0.0061643213080018,0.0254445074756794,0.0028604362709266,
14,188.27,-0.0063622856561293,0.0249491668845034,0.0028001396733189,
14,188.322,-0.0063798132719418,0.0244347293790134,0.0025365234429431,
14,188.372,-0.0062802094578985,0.0241502042397288,0.0021636850578674,
14,188.423,-0.0061134847403985,0.0240359906396663,0.0017507482742203,
14,188.474,-0.0061179391576734,0.0240401817811628,0.0013452669624994,
14,188.526,-0.0060309880819154,0.0241199752968641,0.0011779746024583,
14,188.576,-0.0056915653779344,0.0240410127665186,0.0013777179230588,
14,188.627,-0.0056191539191401,0.023665741479674,0.0017968140694543,
14,188.678,-0.0059246412519592,0.0231305789578666,0.0025237586992343,
14,188.729,-0.0062471200452466,0.0227366950604829,0.0033897444483424,
14,188.782,-0.0065545904998699,0.0226658961390142,0.0040745031440517,
14,188.832,-0.00722940247853,0.0226071621306154,0.0045880225534894,
14,188.882,-0.0080855995260054,0.0225608842790174,0.0047496309355624,
14,188.935,-0.0087885132375062,0.0227271465184286,0.004471724422472,
14,188.985,-0.0093366509536084,0.0230163652507731,0.0039342595477496,
14,189.035,-0.0101431563577636,0.0231603747212135,0.0032735029328067,
14,189.086,-0.0114522442158755,0.0229988515731912,0.0027875874928732,
14,189.137,-0.0127776668881506,0.0228551839797485,0.0026536756347437,
14,189.188,-0.0136054228151114,0.0227345093888937,0.0025554457627648,
14,189.239,-0.0136458355987241,0.0226382756033028,0.0022871580775554,
14,189.29,-0.0129772044919023,0.0229671150702263,0.0019313560309057,
14,189.342,-0.0119075404471837,0.0237429927641744,0.0015480093242296,
14,189.393,-0.0108674367827391,0.0245424165155105,0.0011777923756723,
14,189.444,-0.010130680497762,0.0248910537779281,0.0008457370269427,
14,189.495,-0.0098484963600257,0.0249225711939805,0.0005648318347816,
14,189.546,-0.0098805215968589,0.0249490050613073,0.0003392979608598,
14,189.596,-0.0097098254899056,0.0249700550627569,0.0001673944840034,
14,189.648,-0.0094228263465832,0.0249859610940485,0.0002445302019035,
14,189.698,-0.0092851253624945,0.0247964565899611,0.0006760246667569,
14,189.749,-0.0090534053236255,0.0242896016203595,0.0013001242146866,
14,189.8,-0.0087800008923631,0.0236199308561674,0.0019976152514067,
14,189.852,-0.0087026592921279,0.0231004685583963,0.0026861441624702,
14,189.903,-0.0089581096642934,0.0227190728964856,0.0033136132891699,
14,189.955,-0.0096073091226227,0.0222560316622073,0.0036506812062052,
14,190.005,-0.0102560540671468,0.0219786582756747,0.0035735883723351,
14,190.056,-0.0108523915810276,0.0220434792689819,0.0032370660381289,
14,190.106,-0.0113672116514961,0.0223225598592948,0.0029620258547401,
14,190.157,-0.0113867257942693,0.0225158030059801,0.0029493459291748,
14,190.208,-0.010886173424212,0.0224376366294993,0.0031059497808115,
14,190.261,-0.0102931203568283,0.0223925143691892,0.0035593771693623,
14,190.311,-0.0096883838311479,0.0225730434866467,0.0043675810534823,
14,190.361,-0.0091247346803802,0.0228837919332567,0.0051375619168396,
14,190.412,-0.0088335505241289,0.0232530932482964,0.0054195058471321,
14,190.463,-0.0087405040426035,0.0234294466266659,0.0051649633520498,
14,190.514,-0.0091836755208068,0.0232670518159797,0.0045867927428279,
14,190.566,-0.0101359833686406,0.0229004460706233,0.0038475091916578,
14,190.616,-0.0107358234567409,0.022633153692678,0.0030642848146233,
14,190.669,-0.0108605869183007,0.0226518622734687,0.0023157980472683,
14,190.718,-0.0108714702295454,0.0228524950839618,0.0016497188327847,
14,190.769,-0.0108084420371582,0.0231536877506754,0.0010900002785196,
14,190.821,-0.0107030738611508,0.0234951787861192,0.0006434604266279,
14,190.871,-0.0103781818062754,0.0236342484294805,0.0003053800019168,
14,190.922,-0.0101394311333178,0.0232306555444636,6.401936868332639e-05,
14,190.974,-0.0103767743476026,0.0225114472260207,0.0001049131134367,
14,191.024,-0.0104987271952991,0.021848428613862,0.000725213312819,
14,191.075,-0.0101352100481356,0.0214755435925492,0.0016672858703831,
14,191.126,-0.0096903722197512,0.0215195249963954,0.002338380363241,
14,191.177,-0.0094299482659289,0.021626497489094,0.0025809376577648,
14,191.228,-0.0091078855364193,0.0215644422871651,0.0027300001493995,
14,191.279,-0.008571329441802,0.0213989660225345,0.0030079585549973,
14,191.33,-0.0079403111063452,0.0211804537815318,0.0033462551921798,
14,191.381,-0.0075002348107146,0.0209454806803757,0.0036960733068579,
14,191.433,-0.0074188059941337,0.0207188265839955,0.0038243449828942,
14,191.484,-0.0071722704373409,0.0205157158024204,0.0035993893462688,
14,191.535,-0.0068396484736162,0.0203440211543121,0.0031659622945282,
14,191.585,-0.0068802028456528,0.0202062681172562,0.0026336504757646,
14,191.637,-0.0073576702171232,0.0201013497630558,0.0020806812109817,
14,191.688,-0.0082778294613552,0.020427585749138,0.0015588851969837,
14,191.738,-0.0092071565855095,0.02140580287951,0.0010989998757192,
14,191.789,-0.0100677074781001,0.0225227518949931,0.0007157652525597,
14,191.84,-0.0108150175961455,0.0234381147811494,0.0006133108923003,end
15,198.215,-0.0116462056638619,0.0236596773321991,0.0012972575690908,start
15,198.269,-0.0116681292771034,0.0233959647325247,0.0017328120138408,
15,198.317,-0.0113473497642118,0.0229540226464526,0.0022746200496612,
15,198.368,-0.0108325464031693,0.022232441887401,0.0026402150185005,
15,198.42,-0.0108371624519956,0.0213894815160063,0.0026625923005331,
15,198.471,-0.011174538115054,0.0209380593800102,0.002663882402344,
15,198.521,-0.0110957261464827,0.0211756825079035,0.0028523782259836,
15,198.572,-0.0109571564941899,0.0218361367870075,0.0029449625494751,
15,198.623,-0.010992226595106,0.0223130505850922,0.0027677626099303,
15,198.674,-0.0111358435161823,0.022433104621139,0.0024317712029988,
15,198.726,-0.011538373518453,0.0223146417435584,0.0022217636528778,
15,198.776,-0.0118737875391841,0.0220527222096751,0.0023102603323362,
15,198.828,-0.0121392116523518,0.021719837431617,0.0023822602582507,
15,198.878,-0.012338425192678,0.0213681807718128,0.002437895962576,
15,198.931,-0.0122783373112116,0.0210327345337862,0.0028802343507465,
15,198.98,-0.012056773131616,0.0209354660880431,0.0037358841814034,
15,199.031,-0.0115486112418722,0.0211996009023691,0.0045870409723776,
15,199.083,-0.0108974618739111,0.02147346973362,0.004965272462214,
15,199.133,-0.0104077500056893,0.0215307470045365,0.0048089742820242,
15,199.184,-0.010060916576108,0.0216453453192629,0.0045232443054268,
15,199.235,-0.0100344144387707,0.0219883341498512,0.0043782903810627,
15,199.286,-0.0104163199324938,0.0222494144531466,0.0043352680449319,
15,199.337,-0.0106278111867019,0.0224369891117919,0.0043610758229069,
15,199.389,-0.0105121835259606,0.0227631859460665,0.0042281210166284,
15,199.442,-0.0105977137275929,0.0231520838048152,0.0038031906470229,
15,199.49,-0.0112070532077105,0.0233491198949486,0.0032251374286108,
15,199.541,-0.0121033882241059,0.0232064428977339,0.0025953156520087,
15,199.592,-0.0125092816069732,0.0230581857822632,0.0019828877949075,
15,199.646,-0.0121663553618127,0.0231190935123984,0.0014308140049746,
15,199.695,-0.0113707209490614,0.0233092565091306,0.0009617983878146,
15,199.745,-0.0105494911794436,0.0233662074623341,0.0005837299058899,
15,199.796,-0.0099786516746763,0.0231323139436409,0.0002943620591534,
15,199.848,-0.0094134242095543,0.0227306763517172,8.512842221569471e-05,
15,199.9,-0.0088972027139263,0.0222537207787589,-5.590255354074057e-05,
15,199.95,-0.0086547147878847,0.0219676090509812,5.897151456114947e-05,
15,200.0,-0.0084064325467276,0.0220277133181656,0.0005295761001662,
15,200.051,-0.0083752131403503,0.0221042017066977,0.0011905237045903,
15,200.102,-0.0086865489355601,0.0219842198439406,0.0019204518874588,
15,200.154,-0.0087909050425396,0.0217478700417798,0.0026359832122801,
15,200.205,-0.0087541311207446,0.0216567079362552,0.0032847999813734,
15,200.255,-0.0088306310700296,0.0220676528621231,0.0036378739144661,
15,200.307,-0.0089736338849649,0.0229684459317942,0.0035720754177002,
15,200.357,-0.0093486341594763,0.0241110400358446,0.0032429182648511,
15,200.409,-0.0096414676354712,0.0253169250648653,0.0027712979665772,
15,200.459,-0.009657245326227,0.0262656952508538,0.0022461956022996,
15,200.51,-0.0098957326977512,0.0265716791315955,0.0017289757236937,
15,200.561,-0.0100570630936753,0.0262399966266479,0.0014591950086356,
15,200.612,-0.0101559485153547,0.0255259910084633,0.0015706158562274,
15,200.663,-0.0104076746041101,0.0248249740725909,0.0017167364342379,
15,200.714,-0.0105363696058802,0.0245902698769403,0.0018733733657842,
15,200.766,-0.0107766535713582,0.0246734906750897,0.002225005445459,
15,200.816,-0.0108683687918268,0.0245522604308683,0.0024726164852569,
15,200.868,-0.0108574314179743,0.0239079767301292,0.0024327883633772,
15,200.919,-0.0111832035932623,0.02277915577528,0.0022118102239835,
15,200.969,-0.0114979208933802,0.0216310918584745,0.0018924031812586,
15,201.02,-0.011579432146312,0.0209645816990347,0.0015355276836041,
15,201.071,-0.0113039946053937,0.0208612935069182,0.0011832907790733,
15,201.122,-0.0108217542578294,0.0211275260878953,0.0010631589090943,
15,201.173,-0.0102456206489077,0.0216093640000446,0.001302372224701,
15,201.224,-0.0094547176042864,0.021989939359583,0.001552001638274,
15,201.276,-0.0087904414872773,0.0220741632333333,0.0015874241815825,
15,201.326,-0.0082607413454258,0.0221623892861269,0.0016834528592807,
15,201.377,-0.0076590707029379,0.0224469282939653,0.0020114707139721,
15,201.428,-0.0070595759550215,0.0228345149138156,0.0022610907185493,
15,201.48,-0.0067104698647822,0.0234578887586679,0.0022395436465169,
15,201.53,-0.0071524967931064,0.0241824073236924,0.0020458141037282,
15,201.582,-0.0080664085461314,0.0247127584701257,0.0019580516890493,
15,201.633,-0.0086070456950203,0.0250759751002001,0.0021461353692363,
15,201.683,-0.0086640176927917,0.025302821301702,0.0022951902977673,
15,201.736,-0.0084062135441562,0.025624816433969,0.0022064063222777,
15,201.785,-0.007967237529723,0.0259819684955219,0.0021730499796708,
15,201.836,-0.0074473311235948,0.0259313099348048,0.0023787555207959,
15,201.888,-0.0073189530792154,0.0254223373261917,0.0027212587304196,
15,201.939,-0.0078536627159038,0.0246603118298911,0.0033248165221165,
15,201.989,-0.0087706895802947,0.0237972066213079,0.0040473161844638,
15,202.04,-0.0096584145880573,0.0231394436691255,0.0045872248434945,
15,202.093,-0.0102551991259559,0.022867051319849,0.00496665574983,
15,202.143,-0.0108182804335152,0.0228636992199781,0.0050118493486153,
15,202.193,-0.0113145118514907,0.0232339994392934,0.0046382151222227,
15,202.244,-0.0117280050020759,0.0238141946495256,0.0040259803569946,
15,202.295,-0.0118543828455661,0.0242815635893479,0.0033099017076078,
15,202.346,-0.0111839655086046,0.0246390258620223,0.0025847477005514,
15,202.397,-0.0102572129586207,0.0248972831426886,0.0019120273309515,
15,202.449,-0.0096421759777865,0.0250711684476384,0.0013269773118009,
15,202.5,-0.0092764663067493,0.0249761391919692,0.0008451539003848,
15,202.55,-0.0091000418133853,0.0243146078870803,0.0004682415754431,
15,202.601,-0.0088583547945904,0.0231420590660825,0.000188892809201,
15,202.653,-0.0083933934540929,0.021936796937252,-5.442365041372272e-06,
15,202.705,-0.0082242540495448,0.0210082106135061,-0.0003304759795559,
15,202.755,-0.0082584280525804,0.0205325009529275,-0.0007132221641568,
15,202.807,-0.0078177511393681,0.0205862934965271,-0.0007005677568892,
15,202.857,-0.0071079289628472,0.0209753617519102,-0.0004353391442263,
15,202.908,-0.0064833461864112,0.0215482044007099,-0.0002302620648465,
15,202.959,-0.006365274038504,0.0217912252947923,-8.023781567038614e-05,
15,203.01,-0.0067823720613259,0.0214015244780952,2.242624882139001e-05,
15,203.061,-0.0073083617123515,0.020838166290519,8.646842627317575e-05,
15,203.111,-0.0080627682624711,0.0206103565060175,0.000120595667224,
15,203.163,-0.0091038999076648,0.0208168856102877,0.0001327953582162,
15,203.214,-0.0100444517682183,0.0210845537752649,0.0001299517379007,
15,203.264,-0.0104432715305206,0.0211690972047914,0.0001176885046058,
15,203.316,-0.0104626120060722,0.0211294016371751,0.0001003691360278,
15,203.368,-0.0104378528256847,0.0210132140800375,8.119833215131923e-05,
15,203.418,-0.010587632909458,0.0208573020165074,6.238016444809716e-05,
15,203.469,-0.0106364880104035,0.0208892711912169,4.529988906194354e-05,
15,203.52,-0.0100141890520499,0.0214408374038379,3.070633124439028e-05,
15,203.571,-0.0090114358353745,0.0224821724080119,1.887998459030312e-05,
15,203.622,-0.0080460659882908,0.0235531336780445,0.0002106121000867,
15,203.673,-0.0073830571806091,0.0241553944612033,0.0007183278993464,
15,203.724,-0.0071680635392667,0.0242078381166826,0.0011870800965497,
15,203.775,-0.0074585099531433,0.0239034427312562,0.0013923527850618,
15,203.827,-0.0082506222134459,0.0235954748689543,0.0014121522196533,
15,203.877,-0.0093008455155785,0.0233099559177562,0.0013114075404428,
15,203.928,-0.0100305733460912,0.0228609376804699,0.0011414448773265,
15,203.979,-0.0098936283828832,0.0225439637698393,0.0009407428429536,
15,204.03,-0.0096135100647473,0.0223371403028871,0.0007364491548494,
15,204.081,-0.0098665711364833,0.0220167431819401,0.0007470972290252,
15,204.132,-0.010240424702277,0.0216492440333433,0.0010955767920094,
15,204.183,-0.0104608821129611,0.021281058405851,0.0016327305301248,
15,204.235,-0.0105652485565532,0.0209420101302729,0.0024485729767474,
15,204.285,-0.010787609417731,0.0206488860620093,0.0033776134068171,
15,204.336,-0.0110677831622609,0.0206095968816574,0.0039029531920674,
15,204.388,-0.0111616943058746,0.0209370949886094,0.0039263429283952,
15,204.438,-0.0111286014365969,0.0212726899739576,0.0036259272503182,
15,204.491,-0.0110167128130771,0.0215865183976296,0.0031419719032174,
15,204.54,-0.0108632768118961,0.0220620095353063,0.0025791809157039,
15,204.591,-0.0104946867257175,0.0226029854538944,0.002011039517512,
15,204.643,-0.0100177173539826,0.0231425016689017,0.0014851073907703,
15,204.693,-0.0095095553617845,0.0234369068396349,0.0010284961938468,
15,204.746,-0.0088213766910548,0.0233496254228147,0.0006530252402359,
15,204.795,-0.0082738614775859,0.023225394000057,0.0005605902437945,
15,204.847,-0.0080613784371582,0.0234891118857556,0.0008579400727492,
15,204.897,-0.0078800046388755,0.0241812899419459,0.0011805582020798,
15,204.948,-0.0075323195304269,0.0250926565277254,0.0012926315077624,
15,204.999,-0.0073067348115859,0.0258705531252186,0.0012606683302963,
15,205.05,-0.0075792486781982,0.0260986901022012,0.001138894845537,
15,205.101,-0.0083501605119195,0.0257550772121354,0.0009693038677034,
15,205.152,-0.0093787906317131,0.025072375278589,0.0009835025531998,
15,205.203,-0.0102892416961181,0.0244278755311212,0.0015161017036706,
15,205.254,-0.0108499250997222,0.0238596517105897,0.0023383922559302,
15,205.305,-0.0113420764927094,0.0231851613043137,0.0028787520759607,
15,205.356,-0.0117507385499282,0.0226975344650636,0.0029940525564008,
15,205.409,-0.0116713580440069,0.0225697592698609,0.0028274780888352,
15,205.458,-0.0108836802891702,0.0228838737595038,0.0024935041935293,
15,205.509,-0.0095041782298863,0.0234561609736762,0.0020789976970857,
15,205.56,-0.0078559289192981,0.0239472201928481,0.0018469738906679,
15,205.61,-0.0063685613751613,0.0245475688808861,0.0019514585695048,
15,205.661,-0.0053046946394946,0.0251697824492034,0.0022633698669254,
15,205.712,-0.0045979048969647,0.0253543672106269,0.002884091286412,
15,205.763,-0.0043777395559353,0.0252434497306858,0.0036530038519291,
15,205.814,-0.0046881918230206,0.0251527554745766,0.0040535223170343,
15,205.865,-0.0055148504593523,0.0248814835421344,0.0039847619685872,
15,205.916,-0.0068070041498363,0.0243153563971413,0.0036205526881473,
15,205.967,-0.0082939006295346,0.0236056023617093,0.0030961149732401,
15,206.018,-0.0097862481543894,0.0228607499982048,0.0025110444028234,
15,206.069,-0.0111622062718774,0.0221532238372384,0.0019340876018549,
15,206.12,-0.0121521487287966,0.0215264749198272,0.001609517172438,
15,206.171,-0.0126141602874544,0.0210018815223117,0.001673722652584,
15,206.222,-0.0127004675644143,0.020785781784144,0.0017812786561296,
15,206.273,-0.0123380493044343,0.0209857286246818,0.0019079972383819,
15,206.324,-0.0117169545447815,0.0214364451564084,0.0022376596831584,
15,206.376,-0.0111806855622787,0.022011785595787,0.0024701639050971,
15,206.426,-0.0105410664108414,0.0226208346805454,0.002420844026604,
15,206.478,-0.0096857126349179,0.023202575835201,0.0021947378644347,
15,206.528,-0.0093632116229688,0.0237200697257931,0.002074247093809,
15,206.579,-0.0100108651405504,0.0243556201144763,0.002432839669051,
15,206.63,-0.0108270331971057,0.0252166639122683,0.0032707197575562,
15,206.681,-0.011284045395366,0.0259523239697407,0.0043486818213989,
15,206.732,-0.0112731654036845,0.0261468035417665,0.0052931907489721,
15,206.783,-0.0109630760637398,0.0255769056484412,0.0056745663187715,
15,206.834,-0.0106868325540141,0.024361721307318,0.0056641382234891,
15,206.886,-0.0106553213727605,0.0230311351314567,0.0056040976256307,
15,206.936,-0.010984134704717,0.0219342600613717,0.0053162275863982,
15,206.987,-0.010915127037102,0.0210753917404805,0.004704530725815,
15,207.038,-0.0101948525731177,0.020638998935735,0.0039342867619565,
15,207.09,-0.0091147492890633,0.0209102857092544,0.0031242347339571,
15,207.14,-0.0078906376742225,0.0216136504629648,0.0025545596824533,
15,207.192,-0.0072750041860741,0.0221359580566523,0.0023856483994293,
15,207.242,-0.0072999087055805,0.0222993519292766,0.002286503148255,
15,207.293,-0.007733622595203,0.0222194299393676,0.0022400671302049,
15,207.344,-0.0085955189203815,0.0219898773569489,0.0024320002816343,
15,207.395,-0.0096627915932651,0.0216827997175995,0.0025605595563166,
15,207.446,-0.0105752113380031,0.0215515035293421,0.0024373126303919,
15,207.498,-0.0109133507706916,0.0217443261781306,0.0021624702626875,
15,207.548,-0.0108560107306175,0.021928699174951,0.0020133146198498,
15,207.6,-0.0107504693020042,0.0218920079976624,0.0019567505405232,
15,207.65,-0.0106224923470868,0.0217164845016053,0.0015624468799129,
15,207.701,-0.0102895735091026,0.0214660210945197,0.0009832091976209,
15,207.752,-0.0096511257464648,0.0211876154528938,0.0005327296202143,
15,207.804,-0.0088680152573222,0.0209136543052725,0.0002010178355425,
15,207.854,-0.0078542014273164,0.0208653855438713,-2.7874486453027976e-05,
15,207.905,-0.0067738688298613,0.0211665761938644,-0.000172435675209,
15,207.956,-0.0061393284878196,0.0216676974871308,-0.000251297861155,
15,208.007,-0.0058416725170593,0.0224576214531087,-0.0002816886181617,
15,208.058,-0.0057839895906605,0.0233693121303185,-0.0002785507549354,
15,208.11,-0.0062865149258302,0.0240850251508115,-0.0002541613349708,
15,208.161,-0.0071079610911434,0.0248183855504679,-0.0002181014829541,
15,208.211,-0.0078671243512285,0.0255041507439069,-0.000177453594152,
15,208.263,-0.0083245225055079,0.0257026334750659,-0.0001371285465419,
15,208.314,-0.0089533060789678,0.0249701510776545,-0.0001002500043169,
15,208.364,-0.0102439965600797,0.0232977682988986,-6.854446460157759e-05,
15,208.415,-0.0116546827637735,0.0215585945750669,-4.270365378020103e-05,
15,208.467,-0.0128281694461627,0.0205187991895104,-2.2700077656075492e-05,
15,208.517,-0.0133535902913438,0.0202119151958934,-8.047177510604251e-06,
15,208.568,-0.0132203305837915,0.0203997381044751,1.9969401655198794e-06,
15,208.619,-0.012675330304342,0.0210905872367743,8.278329368117277e-06,
15,208.67,-0.0117092076795626,0.0220485547086433,1.1641881134497908e-05,
15,208.721,-0.0107514432219508,0.0226992147834098,1.2863867614485492e-05,
15,208.772,-0.0100768134782558,0.0228996793541878,1.2614191499425758e-05,
15,208.823,-0.0096379679618614,0.0229961399886678,0.0002122743753044,
15,208.874,-0.0093855970020237,0.0232189821775419,0.0007249413170442,
15,208.926,-0.0092730956188192,0.0235049776861396,0.0011963376583512,
15,208.976,-0.0092593374293373,0.02380850166408,0.0014025624807595,
15,209.027,-0.0093100135820176,0.023898050765125,0.0014221523876858,
15,209.078,-0.0093979438083486,0.0234415056491543,0.0013204699794637,
15,209.129,-0.0095027032525963,0.0224705643613766,0.0013500115409427,
15,209.18,-0.0094090067971365,0.021649380684219,0.0018630079325895,
15,209.231,-0.009195557305831,0.0213918801201875,0.0026448580468797,
15,209.282,-0.0091232848130944,0.0215165844995784,0.0033354955274106,
15,209.334,-0.0089465286494537,0.0218763986727312,0.0039121523450145,
15,209.384,-0.0087169611573773,0.0221572620997852,0.0041685489948069,
15,209.436,-0.0086727986456839,0.0221640939572391,0.003998115407164,
15,209.487,-0.0087510936307891,0.0219946264192909,0.0035676251104326,
15,209.537,-0.0087008035569397,0.0219265365626484,0.0030049298193496,
15,209.588,-0.008371251577866,0.022129768987407,0.0026034815683706,
15,209.64,-0.0082907359091125,0.0222898543546855,0.0025385327381299,
15,209.69,-0.0085772418190941,0.0222085734228343,0.0024937822376957,
15,209.741,-0.0088752879157498,0.0217781877668299,0.0022647472741447,
15,209.792,-0.009156792254022,0.0209576439732571,0.0021367540139756,
15,209.843,-0.0092042396363368,0.0201536224375824,0.0022846798030555,
15,209.894,-0.0088969289618168,0.0200272882780389,0.0023968496523147,
15,209.945,-0.008185947336738,0.020747406131221,0.0024770763822233,
15,209.996,-0.0070723526865507,0.0217517140686354,0.002731205108069,
15,210.047,-0.0059908341229104,0.0228576082198884,0.0028756174504322,
15,210.099,-0.0054184370487084,0.0241406481952146,0.0025363945667597,
15,210.15,-0.0054193821192142,0.0252333962181965,0.0019142424357327,
15,210.201,-0.005988798790918,0.0257146486615179,0.0015622801427735,
15,210.251,-0.0070778960413294,0.0257650567993169,0.0016127125232459,
15,210.303,-0.0082119666216916,0.0259367601301548,0.0021180035943388,
15,210.353,-0.009082943444583,0.026373296452202,0.0028744272050717,
15,210.405,-0.0097152160977389,0.0267437816906966,0.0033294816174917,
15,210.456,-0.0101436028131758,0.0266404752919569,0.0033538626789435,
15,210.507,-0.0104068131808325,0.025839933547358,0.0031000721092715,
15,210.557,-0.0103421091880116,0.0246565291313289,0.0026882636112843,
15,210.61,-0.0100722947115126,0.0237243094373871,0.0022081920743614,
15,210.66,-0.0096926074418989,0.0232289095425331,0.0017229057411167,
15,210.71,-0.0088712873690892,0.0230534618864333,0.0014740932772079,
15,210.761,-0.0080335385594051,0.0228964767527807,0.0015977653154286,
15,210.812,-0.0074533860720837,0.0225631100899631,0.0017495622033361,
15,210.863,-0.0070850490402511,0.0221434013603557,0.0017063689816401,end
16,212.495,-0.0087338436009497,0.0250513969681222,0.0023256935660189,start
16,212.546,-0.0084524733912044,0.0242955981279752,0.0022586201342853,
16,212.597,-0.0077938333779134,0.0238674524205847,0.0024358270216543,
16,212.648,-0.0073478089397886,0.02348300832522,0.0027554678245987,
16,212.699,-0.0070739765151773,0.0229566423955263,0.0031407809859899,
16,212.751,-0.0067317439543792,0.0223815394766482,0.0035372596751712,
16,212.801,-0.0063731355875403,0.0218213790234238,0.0039090488869608,
16,212.853,-0.0060328328240127,0.0217174688834399,0.0040343026941966,
16,212.904,-0.0055307744308915,0.0223161903561848,0.00399137856854,
16,212.954,-0.0049653059049154,0.0229157810143238,0.004044875166226,
16,213.005,-0.0048062625484776,0.0228652609654207,0.0039550801205752,
16,213.056,-0.0051214907587423,0.022201016209448,0.0035797646503481,
16,213.107,-0.0057155703942369,0.0213973529053278,0.003051480607834,
16,213.158,-0.0064407673462167,0.0207696680122702,0.0024675288223994,
16,213.209,-0.0069909653531775,0.0203052712444783,0.0018947853131376,
16,213.26,-0.0069830608954818,0.0201837398228316,0.0015760743737643,
16,213.311,-0.007019518867423,0.0204927023137979,0.001646724422667,
16,213.362,-0.0074831672680152,0.020852109055494,0.001961416177223,
16,213.413,-0.0079827147701346,0.0210141622514208,0.0024073441768629,
16,213.465,-0.0086659894914685,0.0212374578085709,0.0027007841483657,
16,213.515,-0.0090105408121071,0.0216829267987155,0.0028728526396121,
16,213.566,-0.0087085050469373,0.0222351009955202,0.0031540901433147,
16,213.617,-0.008417710549822,0.0230121863313791,0.0034827505786753,
16,213.67,-0.0083583198416636,0.0240719264723402,0.0038154233535148,
16,213.719,-0.0082512777150354,0.0250269814570349,0.0041239446926487,
16,213.77,-0.0083231069981623,0.0254365062708959,0.0043921918839938,
16,213.822,-0.0089055527513294,0.0254632559244584,0.0044122263074471,
16,213.872,-0.0095678596233436,0.0254431969035905,0.004070626000205,
16,213.923,-0.0102281801426558,0.0251938948223359,0.0035245326376051,
16,213.974,-0.0106333472224499,0.0246167609954061,0.0028911569099626,
16,214.025,-0.0104406554657717,0.0238757349326663,0.0024535174240078,
16,214.076,-0.0100808392763852,0.0230891255216566,0.0023774044284821,
16,214.127,-0.0098435765109458,0.0225373058731963,0.002539271424095,
16,214.178,-0.0099048073675036,0.0223812322386117,0.0028407639168689,
16,214.229,-0.0101525586809254,0.0224915088541396,0.003006751845568,
16,214.28,-0.0098975314885239,0.0227637507099077,0.0028716656730365,
16,214.331,-0.0091397000898036,0.0231179990907708,0.0027551707581961,
16,214.382,-0.0085219409713692,0.0234963844837007,0.0028607914705568,
16,214.433,-0.0084453114654442,0.0236590195221201,0.0028995478488975,
16,214.485,-0.0087218921823127,0.0234693840474751,0.0028923072497166,
16,214.535,-0.0088011188209635,0.0228682197560668,0.0030569817362994,
16,214.586,-0.008948241223464,0.0218505807783443,0.0031178517002574,
16,214.637,-0.0093279234822106,0.0208484192380421,0.0031072565790204,
16,214.688,-0.0094245898607644,0.0201375249379499,0.0032525120138903,
16,214.739,-0.0095328116800308,0.0196705439307773,0.0032852199149896,
16,214.79,-0.0098405844211799,0.0193975112902856,0.0030422840876201,
16,214.841,-0.0104524486587566,0.0190699677347463,0.0026420796071599,
16,214.892,-0.0114110229282837,0.0187337762278566,0.0021731604456778,
16,214.943,-0.0119124536532346,0.0188207130830813,0.0016978409175957,
16,214.994,-0.0118795793408989,0.019372873681208,0.0014574342235618,
16,215.045,-0.0115066685784369,0.0201790492698166,0.0015878355946777,
16,215.096,-0.0109456321283521,0.0208825412313983,0.0017447460394347,
16,215.147,-0.010509844635292,0.0212628292902673,0.0017052193044101,
16,215.198,-0.0101893940715856,0.0214052801726012,0.0015428826014773,
16,215.249,-0.0099686579281797,0.02158458389902,0.0015156562617777,
16,215.3,-0.0100304399358871,0.0219739528201776,0.00177810400312,
16,215.351,-0.010268452231756,0.0222659343678994,0.0022052513261505,
16,215.402,-0.0103995360865606,0.0222711668295951,0.0027037147558613,
16,215.455,-0.0106523444569662,0.0220920719821671,0.0030070399315207,
16,215.504,-0.0107620784053475,0.0220099794963352,0.0029600120706177,
16,215.556,-0.0105704023894641,0.0221975280535622,0.0028928963173834,
16,215.606,-0.0104016482830433,0.0225429448835352,0.0030191224599774,
16,215.657,-0.0100603181245083,0.0229618622431709,0.00325920854177,
16,215.708,-0.0096357262829257,0.0231934325430127,0.0035530319245006,
16,215.759,-0.0093926770211818,0.0230854110183207,0.00365688230257,
16,215.81,-0.0094864190165773,0.0227682694977291,0.0034297168858415,
16,215.861,-0.0099894656393366,0.0225433192781453,0.0030085029644287,
16,215.912,-0.0105137752818648,0.022596400776875,0.0024966733087369,
16,215.963,-0.0108087687303045,0.0228235341251992,0.0021686778164624,
16,216.014,-0.0109329920399078,0.0231440494866977,0.0021857673167845,
16,216.065,-0.0107368787141185,0.0234987074372768,0.0022219710934976,
16,216.116,-0.0101502378013372,0.0238467718887891,0.0020666918104007,
16,216.167,-0.009561091971252,0.023961812711413,0.0018010786948108,
16,216.219,-0.0092185013885483,0.0239181618436634,0.0016868740828898,
16,216.269,-0.0090615608806141,0.0239770740971947,0.0018797836551953,
16,216.32,-0.0088354612524024,0.024097032741012,0.002053330632426,
16,216.371,-0.008181502370695,0.0242465068879466,0.0022005177499794,
16,216.422,-0.0073056700798271,0.0242020694168188,0.0025198085358752,
16,216.473,-0.0067595648883061,0.024036836247109,0.0027229948842281,
16,216.524,-0.0066696348555239,0.0240082379785675,0.0026345611544987,
16,216.575,-0.0066786641976747,0.0238687344563271,0.0023662006268524,
16,216.626,-0.006750435928827,0.0234684748243446,0.0020040021009431,
16,216.677,-0.0072583492272955,0.02293313310236,0.0016107170921302,
16,216.728,-0.0078043465013386,0.0223541621282061,0.0014299223217481,
16,216.779,-0.0081300734846431,0.021793720208969,0.0016007660181106,
16,216.83,-0.0084891966575168,0.0212901841673678,0.0019834091203265,
16,216.881,-0.0086400552644403,0.0208635955915059,0.0024711510520363,
16,216.932,-0.0088460577331053,0.0207214603840457,0.002786282625986,
16,216.983,-0.0094725452220557,0.0209740116508817,0.0027645610154575,
16,217.034,-0.0101175498608061,0.0214594073773957,0.002528543069144,
16,217.085,-0.0105217813906166,0.022255978392619,0.0021740459770568,
16,217.136,-0.0109399530539846,0.0231881308502752,0.0017720400813671,
16,217.187,-0.0115343057215565,0.0237306883290087,0.0013718588668643,
16,217.238,-0.0117922386282792,0.0239797929480508,0.0012058295125803,
16,217.289,-0.0116128539048793,0.0242215133433125,0.0014041451824947,
16,217.34,-0.0113682390983292,0.024439079619046,0.0018202027096783,
16,217.391,-0.0109006059763106,0.0246236767608696,0.0023424859702645,
16,217.442,-0.0101266726467669,0.0247722997704262,0.0028909404457479,
16,217.493,-0.0092184659519377,0.0248859113139945,0.0036129542788948,
16,217.544,-0.0084979358716452,0.0247671077357121,0.0043882788020095,
16,217.595,-0.0079556551527533,0.0243079546086928,0.0047338424035312,
16,217.646,-0.0075712582236172,0.0236674031355134,0.0045751842008099,
16,217.697,-0.0075198338977158,0.0231628029272595,0.0043067217867974,
16,217.748,-0.0074852595015318,0.0229867652092931,0.0043910700994757,
16,217.799,-0.007263435658997,0.0230355932691926,0.0048957517780096,
16,217.85,-0.0069393389733266,0.0232247168144759,0.0054286384250155,
16,217.901,-0.0065756852512756,0.0232877924802636,0.0055351384313031,
16,217.952,-0.0062158751256558,0.023064126402409,0.0051587855398813,
16,218.003,-0.0060882685453071,0.0226745259366675,0.0045029879306563,
16,218.056,-0.0063206707999086,0.0224106348059901,0.003720650514355,
16,218.105,-0.0067652955967714,0.0224494004945326,0.0029200044714643,
16,218.156,-0.0069086440869025,0.0224783277619659,0.0021719348314185,
16,218.207,-0.0064455855625251,0.0222977876597001,0.0015176801723968,
16,218.258,-0.0060324733724789,0.021997408749196,0.0009761524377047,
16,218.31,-0.0058854147289453,0.0218451351682213,0.00075125874279,
16,218.36,-0.0057199700110209,0.0222017491433888,0.0009483389210821,
16,218.411,-0.0055560241030103,0.0228560909000723,0.0011993869032691,
16,218.462,-0.0054062098014563,0.0232471479772555,0.0012640460102459,
16,218.513,-0.0054783275846201,0.0234379320513441,0.0012039700354998,
16,218.564,-0.0058878220360922,0.0236857780372937,0.0010687211352909,
16,218.615,-0.0062799637699848,0.023950310442022,0.0010969586317785,
16,218.667,-0.0064286405529472,0.0242042939031479,0.0014286136200226,
16,218.719,-0.0066100606500769,0.024230274756639,0.0017273892341558,
16,218.77,-0.0069987402732256,0.023907104999487,0.0019810759316115,
16,218.821,-0.0072882884766854,0.0235868019623162,0.0023862989079135,
16,218.871,-0.0074909981819836,0.023695735863646,0.0026553232894108,
16,218.921,-0.0080233968217479,0.0240712104982234,0.0028153848326516,
16,218.973,-0.0089253061963216,0.0241858009533546,0.0030935382496848,
16,219.024,-0.0095900810350085,0.0239230338350987,0.0034250850445781,
16,219.074,-0.0098485319543226,0.0234393568491301,0.0037642414625501,
16,219.125,-0.0104281251127519,0.0230536880822708,0.0038801990590432,
16,219.176,-0.0111671226150559,0.0229626928004478,0.003843692472887,
16,219.227,-0.0117481544548757,0.0230679967775154,0.0039131691047931,
16,219.278,-0.0123820321303689,0.023491571808767,0.0040450369382248,
16,219.33,-0.0129988809755314,0.0240852432213527,0.0042063260650963,
16,219.38,-0.013555254750749,0.0243386472184248,0.004172694014139,
16,219.431,-0.013626480003887,0.024353463364772,0.0040167507450775,
16,219.482,-0.013179999079376,0.0246157379050457,0.0039957241065245,
16,219.533,-0.0128390211713497,0.0250156508449875,0.0038620819434902,
16,219.584,-0.0123922660654784,0.0252708783375431,0.0036669495782807,
16,219.635,-0.0117127263198713,0.0254128082877431,0.0036488896914685,
16,219.687,-0.010938479568039,0.0254706729605975,0.0037458463242596,
16,219.737,-0.0103665239099575,0.0254699737690164,0.0039087801167994,
16,219.788,-0.0103719224455436,0.0252309370657434,0.0041009394265473,
16,219.84,-0.0103455069869034,0.0244565775674661,0.0042964057440503,
16,219.89,-0.0100999759637421,0.0234010949507836,0.0044782905300238,
16,219.941,-0.0099344728490868,0.0224509378183205,0.0046368533452725,
16,219.992,-0.009833591194854,0.0216446607592971,0.0047677206787923,
16,220.043,-0.0099830924418596,0.0211962660900016,0.0048703124465099,
16,220.094,-0.0106828345061781,0.021013420938044,0.0047456944290691,
16,220.145,-0.0114784280066269,0.020814741305933,0.0042845324076135,
16,220.196,-0.0118699158813385,0.0208227004839907,0.0036445741134041,
16,220.247,-0.0117699467593966,0.0211633820480846,0.0029413546201387,
16,220.299,-0.011161978146804,0.021489253840996,0.0024548881718221,
16,220.349,-0.0108795444700696,0.0215786152993629,0.0021465161563271,
16,220.4,-0.0110294156558914,0.0217099454312022,0.0017763042152674,
16,220.451,-0.0110428392476896,0.0220584756877761,0.0017978388611119,
16,220.502,-0.0111685072572335,0.0223174752805609,0.0024705581416212,
16,220.553,-0.0111552343947933,0.0222974142547676,0.0033060401645599,
16,220.604,-0.0110539178454009,0.0225016561549805,0.003977959503496,
16,220.655,-0.0113059407624463,0.0232350149340806,0.0044910000566242,
16,220.706,-0.0115634989606115,0.0238471430761814,0.0046600954765566,
16,220.757,-0.0116030830224033,0.0241315117341411,0.0045950171357716,
16,220.808,-0.0114996891118411,0.0245844943352669,0.0045858127174531,
16,220.859,-0.010911234738329,0.0253100617431318,0.0046131825480373,
16,220.91,-0.0098581250124153,0.0259513308384333,0.0048626442717986,
16,220.961,-0.0091941087789175,0.0260853524033686,0.0052345048488686,
16,221.012,-0.0088329809782604,0.0258832835681992,0.0054541596154899,
16,221.063,-0.0086951217864096,0.0258835628384239,0.0055585513235745,
16,221.114,-0.0091131982776862,0.0262144295981642,0.0055806327444442,
16,221.165,-0.0098542394423651,0.0265299058247701,0.0055481504590205,
16,221.216,-0.0103412167833512,0.0264085007004516,0.0054832830710937,
16,221.268,-0.0100236283574788,0.0258158202880992,0.0054028564697259,
16,221.319,-0.0094163770730282,0.0251693324700959,0.0051180782345902,
16,221.369,-0.0088729663224925,0.0247411034500887,0.0047251159864366,
16,221.42,-0.0084141538635915,0.0244872561656869,0.0044951714287134,
16,221.471,-0.0082472902981397,0.0243656413068653,0.0043882507599273,
16,221.522,-0.0084819069881151,0.0243386036602416,0.0043688209590392,
16,221.573,-0.0091559997420417,0.024575228937533,0.0044070644240198,
16,221.625,-0.0098569652850755,0.0251627795644658,0.0044792244968195,
16,221.675,-0.0103180210880984,0.0257273630723798,0.0045673401697249,
16,221.726,-0.0105881722014199,0.0258301943239782,0.0046586103542153,
16,221.777,-0.0107141841241133,0.025628619265318,0.0047445716396415,
16,221.828,-0.0107376291811674,0.0254488396293878,0.0048202224868092,
16,221.879,-0.010693409398584,0.0250966471863037,0.0048831834240661,
16,221.93,-0.0104085113396198,0.024461336706862,0.0051337814536492,
16,221.981,-0.0097913070897464,0.0236954847297723,0.0054845894136412,
16,222.032,-0.0092113935631815,0.0229074333032814,0.005469818237332,
16,222.083,-0.0087019829607642,0.0223692847809417,0.0050209352837667,
16,222.134,-0.0084795458902312,0.0222354768601944,0.0043296943959772,
16,222.185,-0.0086598625314064,0.0223717426597286,0.0037393803037243,
16,222.236,-0.0086823331136716,0.0226702739516905,0.0034620513975119,
16,222.288,-0.0086017637436063,0.0230488924145192,0.0032069011573336,
16,222.338,-0.0084615819580816,0.0234484591755687,0.0027856386852753,
16,222.389,-0.0082944289463913,0.0236285289229417,0.0022916813507101,
16,222.44,-0.0083242395331142,0.023452524641098,0.001991616012802,
16,222.491,-0.0086788118946195,0.0230622907662864,0.0020408425483065,
16,222.542,-0.0092131866944635,0.0225660092507808,0.0023101334260233,
16,222.593,-0.0094182825755841,0.0222424155858456,0.0026989298395283,
16,222.644,-0.0091948851978642,0.0224572382502303,0.0029323042945655,
16,222.695,-0.0089154529499933,0.0230001176071385,0.0028464172038739,
16,222.749,-0.0092250313788301,0.0235089515943963,0.0025626708371449,
16,222.797,-0.0096866695484351,0.0239550741355548,0.0023756551030946,
16,222.848,-0.0096062455072578,0.0241243043703394,0.0022657013305029,
16,222.899,-0.0093854634307911,0.0239015207922339,0.0020131706770167,
16,222.951,-0.0092932323567615,0.0234452155284548,0.0018903184390401,
16,223.001,-0.0092908569073685,0.0228757973540845,0.001860504797926,
16,223.052,-0.0093463013291132,0.0222795773739515,0.0016919229813795,
16,223.103,-0.0098360418830652,0.0219148980853828,0.0014478847430828,
16,223.154,-0.0105649763750742,0.02212968103662,0.0013758905048877,
16,223.205,-0.0107862594687222,0.0226988487284964,0.0016208541528303,
16,223.256,-0.0104633494645406,0.0232487447519107,0.0018485867949383,
16,223.308,-0.0096165272030568,0.0239429394653157,0.0018461400977005,
16,223.358,-0.0085017211737262,0.0246739133006779,0.0016962640788044,
16,223.409,-0.0077062668820778,0.0249680865121776,0.0014638740972152,
16,223.46,-0.0073803645715304,0.0247576513635135,0.0011972323505564,
16,223.511,-0.007381791007224,0.0242404898510143,0.0009300434363803,
16,223.564,-0.0077938693028939,0.0235681542881518,0.0006839678060278,
16,223.615,-0.0086370497799957,0.0230511423086274,0.0004712013200923,
16,223.665,-0.009688982697186,0.0228761143661591,0.0002968899736275,
16,223.715,-0.0107902938996004,0.0227336453568159,0.0001612449239806,
16,223.767,-0.0116339681436357,0.0224226694424528,0.000262129055387,
16,223.817,-0.0120437975994716,0.022028603137261,0.000707440824937,
16,223.869,-0.0121424570139955,0.0218137370484104,0.0011370446980861,
16,223.919,-0.0120336213915735,0.0219318958864116,0.0013212290655477,
16,223.97,-0.0115996179947909,0.0220533150092657,0.0013332170876355,
16,224.022,-0.0107910990856481,0.0219662374466594,0.0012338036794501,
16,224.072,-0.0098073351998981,0.0219532691118845,0.0010709290158913,
16,224.123,-0.008991040493492,0.0221897062912378,0.0008804376642295,
16,224.175,-0.0085485618384649,0.0225671062634535,0.0008883707926277,
16,224.226,-0.0083813765252735,0.0230045950932567,0.0012237601264721,
16,224.276,-0.0086050152509746,0.023445477011897,0.001541387359292,
16,224.327,-0.0090613439019991,0.0238531175223108,0.0018221067459813,
16,224.378,-0.0096302501340564,0.0240058577752317,0.002257437724175,
16,224.429,-0.0102256559635392,0.0237820135469729,0.0025561237840336,
16,224.48,-0.0105893926832165,0.0233346284643632,0.0025423442743917,
16,224.531,-0.0107753278329579,0.022779815103645,0.0025301051025206,
16,224.582,-0.0108322928580179,0.0222006725297038,0.0027206706993416,
16,224.633,-0.0110028001532015,0.0216524509055473,0.0028251629966668,
16,224.684,-0.0112324305166012,0.0211681010212461,0.0026652241673093,
16,224.736,-0.0112806988929628,0.020763624878689,0.0023485404680552,
16,224.786,-0.0110079392585596,0.0204428688521819,0.0021576021590537,
16,224.838,-0.0103503658858461,0.020402407948661,0.0022634832405761,
16,224.888,-0.0094988167759197,0.0207457987734852,0.0025512241008701,
16,224.939,-0.008591268916868,0.0211069540651622,0.0029324857904499,
16,224.99,-0.0079215462912591,0.0212496561143432,0.0033430991361827,
16,225.041,-0.0076589880378166,0.0214416227464158,0.0039403848756643,
16,225.092,-0.0076786574942484,0.0220514312615898,0.0046094112105804,
16,225.143,-0.0078777540109547,0.0228802352818182,0.0048690359736105,
16,225.194,-0.0077742649249427,0.0235820780539214,0.0046444001970844,
16,225.245,-0.0070833584225341,0.0241461125744228,0.0043280626040106,
16,225.296,-0.0064728810793563,0.0245764527149382,0.0043799917152291,
16,225.348,-0.0065655298266889,0.0250873107014262,0.0046639375983647,
16,225.398,-0.007302520434614,0.0256087699414938,0.0046722101278544,
16,225.449,-0.0081927220230374,0.0256934703743852,0.0043021809114043,
16,225.501,-0.009109672733746,0.0252904169398632,0.0037192530164393,
16,225.551,-0.0101709508655061,0.0246069204901516,0.0030466108426071,
16,225.602,-0.0112395374639996,0.0237984691175563,0.0025712996083636,
16,225.653,-0.0122269680976952,0.0229748234108085,0.0024615639284702,
16,225.704,-0.0126813581957176,0.0224084327614205,0.0025951061397345,
16,225.755,-0.0125565455409075,0.0222533668162406,0.0028739470924798,
16,225.807,-0.0122711205980576,0.0221737279313579,0.0032235753573987,
16,225.857,-0.0115039485798318,0.0219480283193188,0.0035905163248314,
16,225.908,-0.0104894369182296,0.0218476173221754,0.0037382495266494,
16,225.959,-0.0100002937971281,0.0220364603895877,0.0035326919156018,
16,226.011,-0.0098873911579809,0.0221948129231217,0.003317897508572,
16,226.061,-0.0098240271348733,0.0223208892985808,0.0033152679022645,
16,226.112,-0.0097975250307146,0.0228178044699506,0.0034489217626011,
16,226.163,-0.0097967933807537,0.0237134724129273,0.0036592443565368,
16,226.214,-0.0100134820828456,0.0245920952967448,0.0039018426185255,
16,226.265,-0.0103522063084606,0.024987536176095,0.0041456521715388,
16,226.316,-0.0105411536593488,0.0248404867431201,0.0041698188667468,
16,226.367,-0.0106188625863844,0.0245581569596701,0.0038503422273385,
16,226.419,-0.010618985952034,0.0244125791000188,0.0033361340712847,
16,226.469,-0.01077017344381,0.0243664020705218,0.0029391763346607,
16,226.52,-0.0108052670749161,0.0245885191326268,0.0030509736355126,
16,226.571,-0.0103614172257483,0.0249648635904073,0.003480080697896,
16,226.622,-0.00964605223397,0.0250082216610361,0.0038773895522359,
16,226.673,-0.0088140183344396,0.0246337016405402,0.0042223873810853,
16,226.724,-0.0079739988153431,0.0240212613535121,0.0043052869275743,
16,226.775,-0.0071963393831879,0.0233054299862909,0.0040125960743181,
16,226.826,-0.0067219804189897,0.0225807938028874,0.0035025326101187,
16,226.877,-0.0066810842299981,0.0219087231705724,0.0030948657072512,
16,226.928,-0.0069214753910308,0.0215251889517141,0.0029864539458827,
16,226.979,-0.0071221255167338,0.0215583522927487,0.0030786790219263,
16,227.03,-0.0072811687490041,0.0216552674730781,0.0032921740825698,
16,227.081,-0.007601584498323,0.0217852844616121,0.0033654613813181,
16,227.132,-0.0075980893418625,0.0221269202865516,0.0031421051382375,
16,227.183,-0.0071863005501642,0.0225768333890533,0.0027464390836733,
16,227.234,-0.0067465660825249,0.0230600472128175,0.0022720470905524,
16,227.285,-0.006324234004898,0.0233249666102665,0.0017852736469275,
16,227.336,-0.0061478240305313,0.0232277669935905,0.0013296635370395,
16,227.387,-0.0061433081993504,0.0231069638276254,0.0009306408167411,
16,227.438,-0.0060485660579965,0.0231815606812358,0.0005999653824315,
16,227.489,-0.0061044017537185,0.0231746513587712,0.0003396888876342,
16,227.54,-0.0062523253020918,0.0231160229747153,0.000346305428584,
16,227.591,-0.006246592669967,0.0234306016233227,0.0007243963545065,
16,227.642,-0.0063436065879763,0.0241600996399902,0.0011095259398109,
16,227.693,-0.0064987237000234,0.0248962700745022,0.0012673973314885,
16,227.744,-0.0068794779459088,0.0251759134433618,0.0012668339756627,
16,227.795,-0.0077760249190676,0.0251402977564826,0.0011647035071677,
16,227.846,-0.0085296863174681,0.0251061849763986,0.0010056373088825,
16,227.897,-0.0089303299475861,0.0250757764856305,0.0010236672868042,
16,227.948,-0.0092732136547582,0.025050186565858,0.0015554970704537,
16,227.999,-0.0097523415668042,0.0248289091152169,0.0023741294219085,
16,228.05,-0.0104811935608012,0.0242990694937617,0.0029092721589521,
16,228.101,-0.0109099879634126,0.023613896900701,0.0030187748712593,
16,228.152,-0.0109110597736828,0.022884143554034,0.0028464959670368,
16,228.203,-0.0108385585949053,0.0221844218854051,0.0025073357505065,
16,228.255,-0.0105238618815092,0.0217610057995757,0.0022892255177505,
16,228.305,-0.0100791133660228,0.0219504805156827,0.0023671060840629,
16,228.356,-0.0097875177709634,0.022517812530318,0.0024277307334323,
16,228.407,-0.0096175719207078,0.0228802408482616,0.0022715844303056,
16,228.458,-0.0095392986599336,0.0230821387435781,0.001988955516538,
16,228.509,-0.0097269413731034,0.0233656947041265,0.0016479113450753,
16,228.56,-0.0100700557163399,0.0234780095027097,0.001497633372962,
16,228.611,-0.0098828174985755,0.0232706422264128,0.0016826096016538,
16,228.662,-0.0091696446887582,0.0230757385466079,0.0020677418467861,
16,228.713,-0.0083772882160522,0.0233061530122724,0.0025503054542358,
16,228.764,-0.0077986335737998,0.0237908359329167,0.0028557571547751,
16,228.815,-0.0076043559156996,0.0239979907498454,0.0028222462131104,
16,228.866,-0.0074713723688518,0.0238096773712927,0.0027748667651337,
16,228.917,-0.007589216578913,0.0233828577230036,0.0029232325400411,
16,228.968,-0.0082601300345385,0.022837359611889,0.0031852210783339,
16,229.019,-0.0092318585006938,0.0222595686380274,0.0034990353043296,
16,229.07,-0.0101176191688214,0.0219083161920079,0.0036200445759227,
16,229.122,-0.0104754207249747,0.0219314055600062,0.0034068433440702,end
17,230.141,-0.0086669668295313,0.0241614550883785,0.0026246168202522,start
17,230.192,-0.0082423690485559,0.0244478338915897,0.0030219091569079,
17,230.243,-0.0083120828440129,0.0246758607927259,0.0032347864385225,
17,230.295,-0.0082915564674541,0.0246473117656194,0.0031114540162355,
17,230.345,-0.0080139697170329,0.0244565008144976,0.0027824007037322,
17,230.396,-0.0077946500608414,0.0243777850888226,0.0025486756293807,
17,230.45,-0.0080319861137594,0.0241764516595322,0.0025956990672692,
17,230.498,-0.0087439666368703,0.0237118173332358,0.0026181697840752,
17,230.549,-0.0097031652604891,0.0231156402557875,0.0026230884249711,
17,230.6,-0.0107438618466769,0.0224829910013171,0.0028171885391753,
17,230.651,-0.0117532245165796,0.0216769395093811,0.0029161940924172,
17,230.702,-0.0124605718774913,0.0206235954772062,0.0027454234882082,
17,230.753,-0.0129173975929444,0.0196971024226933,0.0026161837800169,
17,230.804,-0.0131768524743956,0.0193280611439181,0.0027247959047255,
17,230.855,-0.0128872130476813,0.0195470224381872,0.0027763958246313,
17,230.907,-0.0122686788798405,0.0199246765125489,0.0025864520234385,
17,230.957,-0.0114888965551459,0.0201729365305307,0.0022568526283949,
17,231.008,-0.0104675064353516,0.0203182658846533,0.0020649964196406,
17,231.059,-0.0095740462448435,0.0203859056890123,0.0019768944887745,
17,231.11,-0.0086335752060966,0.020599119097111,0.0017615794011079,
17,231.161,-0.0075376713265793,0.0210894018442387,0.0018836402774189,
17,231.212,-0.0070326190754378,0.0217179973275397,0.0024131058299724,
17,231.263,-0.0071479166765158,0.0223848026453858,0.0029604935416214,
17,231.314,-0.0074509806983221,0.0228217134639103,0.0034754021074981,
17,231.365,-0.0076492891650586,0.0228752488773123,0.0039281157354363,
17,231.416,-0.0075636480340613,0.0226786051998737,0.0043045724911251,
17,231.467,-0.007302775240391,0.0225381395008161,0.0044010460542927,
17,231.518,-0.0069504741650732,0.0226458213861741,0.004109368255319,
17,231.569,-0.0067686706414781,0.022904002647789,0.0037930141263339,
17,231.62,-0.0069116545470584,0.0232379663212076,0.0036870812732652,
17,231.671,-0.0072514549776997,0.0233928710471985,0.0035237787263571,
17,231.722,-0.0074893529886922,0.0234204920088948,0.0031359670414135,
17,231.773,-0.007441950899582,0.0235650941007491,0.0026353203308382,
17,231.824,-0.0072153791263994,0.0237731058336659,0.0023033590422973,
17,231.875,-0.0068920978957531,0.0240050751347104,0.002507919319554,
17,231.926,-0.0067335958620004,0.0242337747618315,0.0030401454929238,
17,231.977,-0.0066935082367612,0.0244420051456895,0.00333809781024,
17,232.028,-0.0065317525966375,0.0244195460255733,0.00326102903277,
17,232.079,-0.0061041257230038,0.0240501044005056,0.003150464756723,
17,232.13,-0.0053395010165041,0.0234878035370516,0.0032281337578845,
17,232.181,-0.0046210008372161,0.0230478173352634,0.0032194533854819,
17,232.232,-0.0043914696127161,0.0229224571004385,0.0029552563782603,
17,232.283,-0.004694812073034,0.0228081196794891,0.0025484072446062,
17,232.334,-0.0051147116849713,0.0225092032224207,0.0020827515497801,
17,232.385,-0.005374799760102,0.0221159197105661,0.0016167879106835,
17,232.436,-0.0055114986847355,0.0218945412247803,0.0013888928991119,
17,232.487,-0.0059597476012996,0.022002032047738,0.0015328248189194,
17,232.538,-0.0067726338525919,0.0221109749420672,0.0017028323079686,
17,232.589,-0.0073524115410737,0.0220112637090719,0.0016750724576097,
17,232.64,-0.0075352754895656,0.0219865756348096,0.0015227042648349,
17,232.691,-0.0072480544506923,0.0224136543685568,0.0015034922401024,
17,232.742,-0.0068832507982824,0.023096165726126,0.0019728908082936,
17,232.793,-0.0068996626690805,0.0234860033781862,0.0027179521196064,
17,232.844,-0.0071592492796162,0.0234559836351191,0.0031782894891899,
17,232.895,-0.0079556102036037,0.0233599329514608,0.0032182045704765,end
18,234.17,-0.0076385860244111,0.0242151658964073,0.0031492368431966,start
18,234.221,-0.0080902110432757,0.0246842565108093,0.0031589451203001,
18,234.273,-0.0083324477471813,0.024809639609874,0.0031122361958014,
18,234.323,-0.0086217668757682,0.0245036792512367,0.0032339299575476,
18,234.375,-0.0087172067269014,0.024146488613136,0.0034538529599138,
18,234.425,-0.0086806347915634,0.0239859693727928,0.0037191082606238,
18,234.476,-0.0089640021554016,0.0237636470465867,0.0039921286239125,
18,234.527,-0.0094297991994239,0.0233187134827649,0.0042481964509793,
18,234.578,-0.0099751787101643,0.0227667509129653,0.0042719872721034,
18,234.629,-0.010527786333995,0.0223913198454755,0.0039440620235378,
18,234.68,-0.0106389695242974,0.02236010086164,0.0036177401589379,
18,234.731,-0.0106589464002406,0.0223513171004917,0.003519494847946,
18,234.783,-0.0106188231545793,0.0223576278338652,0.003575419171388,
18,234.833,-0.0101417105314463,0.0225739461370973,0.0037257278324695,
18,234.884,-0.010025163174786,0.0227067418643716,0.0037236615628706,
18,234.936,-0.0105508948703098,0.0227753023185481,0.0034232017320672,
18,234.986,-0.0112454857208523,0.0229979913385099,0.0029555037103164,
18,235.038,-0.011791742106663,0.0231008079155745,0.0024181190189573,
18,235.088,-0.0119981476329769,0.0229176508497612,0.0018792106476836,
18,235.139,-0.0123716753285687,0.0227666314451199,0.0013826174372567,
18,235.19,-0.0128223803114348,0.0228491891461857,0.000953056172249,
18,235.241,-0.0128847090631831,0.0228740860816472,0.0006009940922043,
18,235.292,-0.0126929450373328,0.0228600021393775,0.0003269185994533,
18,235.343,-0.0121527896302512,0.023022882818707,0.0001248773576632,
18,235.394,-0.0114325854289785,0.0232861752613755,-1.4733934008403832e-05,
18,235.445,-0.0108555968092881,0.0235927157493951,-0.0001030902227206,
18,235.496,-0.0106176448722641,0.0235007006678097,4.9357585774739975e-05,
18,235.548,-0.01081708379172,0.0227587959374563,0.000544832467757,
18,235.598,-0.0108793550795188,0.0218605169125938,0.0010196714225425,
18,235.649,-0.0102461502607081,0.0213357761688594,0.0012422963807867,end
