Timestamp,Thumb Flex,Pointer Flex,Middle Flex,Ring Flex,Pinky Flex,Thumb Acc. X,Thumb Acc. Y,Thumb Acc. Z,Thumb Gyro X,Thumb Gyro Y,Thumb Gyro Z,Pointer Acc. X,Pointer Acc. Y,Pointer Acc. Z,Pointer Gyro X,Pointer Gyro Y,Pointer Gyro Z,Middle Acc. X,Middle Acc. Y,Middle Acc. Z,Middle Gyro X,Middle Gyro Y,Middle Gyro Z,Ring Acc. X,Ring Acc. Y,Ring Acc. Z,Ring Gyro X,Ring Gyro Y,Ring Gyro Z,Pinky Acc. X,Pinky Acc. Y,Pinky Acc. Z,Pinky Gyro X,Pinky Gyro Y,Pinky Gyro Z,Wrist Gyro X,Wrist Gyro Y,Wrist Gyro Z,Wrist Acc. X,Wrist Acc. Y,Wrist Acc. Z,Hand
0.051,77,199,220,255,152,-2.39,-2.77,9.38,0.02,-0.01,-0.03,-5.06,0.16,8.85,-0.01,0.04,-0.04,-5.30,3.43,7.31,-0.03,-0.02,-0.02,-3.05,3.84,8.70,0.01,0.02,-0.03,-1.07,7.16,6.83,-0.00,-0.04,-0.03,0.40,0.18,0.91,-0.43,0.49,-0.73,R
0.102,79,201,220,255,153,-2.20,-2.85,9.41,0.01,-0.01,-0.01,-5.13,-0.10,9.09,-0.04,0.01,0.02,-6.00,3.47,8.30,0.01,-0.10,0.02,-3.43,3.60,9.19,0.02,-0.07,-0.02,-1.30,7.27,7.60,0.05,-0.02,-0.04,0.40,0.18,0.92,0.55,0.18,-0.92,R
0.153,78,200,220,255,153,-2.30,-2.96,9.42,0.03,-0.02,-0.03,-4.48,0.24,8.71,-0.16,-0.44,-0.09,-5.59,3.30,7.93,-0.05,-0.24,-0.02,-2.95,3.58,8.46,0.03,-0.08,-0.05,-1.12,6.83,6.82,0.03,-0.08,-0.02,0.40,0.18,0.90,-0.31,2.32,-1.40,R
0.204,76,199,219,255,152,-2.23,-2.66,9.27,0.01,0.01,-0.00,-3.94,0.23,8.64,-0.11,-0.45,-0.04,-5.23,3.68,7.76,-0.12,-0.18,-0.04,-3.05,3.75,8.67,-0.05,0.01,-0.07,-1.05,7.12,6.91,-0.00,-0.01,-0.04,0.40,0.18,0.91,0.12,0.12,-1.10,R
0.255,75,195,219,255,151,-2.26,-2.83,9.41,0.01,-0.00,-0.01,-4.41,-0.13,8.48,-0.22,-0.78,0.06,-5.23,3.36,7.22,-0.10,-0.54,-0.04,-2.87,3.61,8.35,-0.06,-0.08,-0.04,-0.98,6.72,6.86,-0.01,-0.03,-0.05,0.40,0.18,0.91,0.12,0.24,-0.79,R
0.305,75,190,219,255,151,-2.35,-2.49,9.23,0.04,-0.00,0.02,-3.34,0.16,8.96,-0.08,-0.69,0.10,-4.97,3.25,8.33,0.09,-0.42,0.00,-3.25,4.12,9.06,0.06,-0.02,-0.02,-1.31,7.41,7.39,-0.01,-0.01,-0.06,0.41,0.18,0.91,2.81,0.55,-0.73,R
0.356,75,185,218,255,151,-2.35,-2.67,9.45,-0.03,0.00,-0.00,-3.61,-0.25,9.48,-0.07,-0.72,0.03,-4.48,3.37,7.80,-0.14,-0.26,-0.01,-2.68,3.33,8.28,-0.02,0.03,-0.04,-1.00,6.71,6.91,0.02,0.01,-0.02,0.39,0.18,0.91,0.85,0.49,-0.55,R
0.408,75,179,218,255,152,-2.47,-2.61,9.59,0.05,-0.02,0.05,-3.45,-0.40,10.27,-0.11,-0.81,0.09,-4.65,3.58,8.35,-0.08,-0.40,-0.03,-3.01,3.77,8.71,-0.04,-0.02,-0.02,-1.16,7.13,6.99,0.01,0.00,-0.03,0.41,0.17,0.91,2.08,1.65,-0.61,R
0.458,75,173,218,255,151,-2.00,-2.85,9.17,-0.03,-0.09,0.02,-2.64,-0.38,9.00,-0.13,-0.74,0.12,-4.14,3.09,7.63,-0.11,-0.37,0.02,-2.77,3.42,8.39,-0.06,-0.05,-0.03,-0.95,6.61,6.76,-0.04,-0.02,-0.02,0.40,0.17,0.91,-0.85,-1.65,-0.06,R
0.511,75,169,218,255,151,-2.22,-2.83,9.39,0.01,-0.02,0.05,-2.18,-0.47,9.61,-0.04,-0.52,0.12,-4.47,3.12,8.37,-0.03,-0.16,-0.01,-3.12,3.69,9.07,0.01,-0.01,-0.06,-1.21,7.25,7.30,0.02,-0.02,-0.07,0.41,0.17,0.91,2.93,1.40,-2.20,R
0.56,75,163,216,255,151,-2.49,-2.51,9.63,-0.01,-0.05,0.05,-2.44,0.17,9.97,-0.05,-0.62,0.13,-4.07,3.57,8.38,-0.09,-0.59,0.06,-3.02,3.75,8.73,-0.02,-0.04,0.02,-1.16,7.11,7.10,-0.01,-0.02,0.03,0.41,0.16,0.91,0.43,0.24,0.92,R
0.612,75,158,215,255,151,-1.90,-2.99,9.11,-0.01,-0.02,0.00,-1.44,-1.17,9.11,-0.01,-0.04,0.02,-3.75,1.92,8.16,0.03,-0.35,0.07,-2.83,3.36,8.59,0.05,-0.02,-0.06,-1.11,7.07,7.06,-0.04,-0.01,-0.13,0.41,0.19,0.90,2.38,-0.12,-2.14,R
0.665,75,158,214,255,151,-2.45,-2.61,9.71,0.04,0.01,0.04,-2.30,-0.03,10.31,0.03,-0.12,0.04,-4.63,3.66,9.51,-0.02,-0.14,0.02,-3.51,3.85,9.34,0.04,-0.02,0.02,-1.41,7.56,7.50,0.06,0.00,0.00,0.41,0.16,0.91,2.26,1.71,-0.92,R
0.714,72,156,214,255,151,-2.17,-2.68,9.18,-0.03,-0.06,-0.02,-1.36,-0.41,8.92,-0.07,-0.13,0.06,-3.19,3.01,7.92,-0.10,-0.03,0.03,-2.37,3.22,8.13,-0.01,0.06,-0.00,-0.92,6.40,6.87,0.01,0.06,-0.03,0.40,0.19,0.90,-0.43,-0.98,1.04,R
0.764,72,154,214,255,151,-2.01,-2.91,9.32,0.02,0.10,0.02,-1.78,-0.77,10.00,0.04,0.13,-0.02,-4.36,2.92,9.47,0.01,-0.03,-0.04,-3.51,3.73,9.42,0.11,0.05,-0.09,-1.46,7.48,7.66,0.09,-0.01,-0.05,0.40,0.16,0.92,3.23,0.12,-2.87,R
0.815,73,155,214,255,150,-2.38,-2.75,9.50,0.01,-0.00,-0.01,-1.75,0.04,9.56,0.08,0.01,-0.02,-3.24,3.39,7.08,0.00,0.12,0.00,-2.63,3.75,7.92,0.07,0.13,0.03,-1.00,6.87,6.79,0.07,0.05,0.02,0.41,0.18,0.90,-0.98,1.28,0.73,R
0.866,73,155,215,255,151,-1.79,-2.99,8.87,0.06,0.27,-0.11,-2.39,-0.54,10.64,0.18,1.05,-0.07,-4.84,2.73,9.66,0.10,1.78,-0.19,-3.44,3.62,9.32,0.30,0.16,-0.08,-1.19,7.33,7.28,0.15,-0.01,-0.08,0.41,0.17,0.92,2.99,-0.12,-2.01,R
0.917,78,167,219,255,150,-2.72,-2.68,9.67,0.10,0.14,-0.07,-2.84,-0.37,9.87,0.42,0.82,-0.13,-4.99,3.30,8.05,0.14,0.65,-0.03,-2.82,3.83,7.94,0.22,0.01,0.04,-1.12,7.41,6.74,0.17,0.01,0.01,0.41,0.15,0.91,0.12,2.99,-0.79,R
0.968,81,184,220,255,151,-2.12,-3.49,8.83,0.24,0.43,-0.27,-2.15,1.73,8.39,0.07,1.65,0.24,-4.19,3.68,7.16,-0.11,0.39,-0.01,-2.97,3.71,8.34,0.02,0.11,-0.03,-0.92,7.19,6.30,-0.01,0.03,-0.10,0.43,0.18,0.90,0.06,2.38,-1.65,R
1.019,88,192,221,255,149,-2.96,-2.62,9.84,0.06,0.28,-0.15,-4.33,-0.75,9.52,-0.04,1.25,0.51,-5.58,3.37,8.36,-0.08,-0.05,0.13,-3.09,3.86,8.41,0.02,-0.00,0.08,-1.05,7.02,6.85,0.02,-0.01,0.04,0.39,0.16,0.92,-0.85,-2.01,0.98,R
1.07,90,200,222,255,151,-2.15,-3.41,8.44,0.14,0.35,-0.23,-2.72,-0.45,8.15,0.08,1.48,-0.08,-4.75,3.34,7.05,-0.20,2.02,-0.06,-3.30,3.74,8.74,0.19,0.47,-0.02,-0.97,7.16,7.00,0.09,0.09,-0.10,0.41,0.18,0.90,0.37,3.36,-2.69,R
1.121,97,205,226,255,149,-2.44,-2.34,9.76,0.07,0.35,-0.20,-5.12,0.49,9.31,0.07,0.92,-0.01,-6.15,3.30,7.73,-0.05,0.72,-0.00,-3.60,4.07,8.64,0.03,0.12,0.03,-1.20,7.20,7.01,0.01,-0.01,0.01,0.41,0.16,0.91,-0.67,-0.18,0.12,R
1.172,100,209,228,255,151,-2.52,-3.58,8.53,0.32,0.58,-0.32,-4.91,0.35,7.38,-0.31,1.87,0.47,-5.02,2.77,6.24,0.09,2.04,0.04,-3.33,2.93,8.53,0.27,0.17,-0.08,-0.90,5.78,6.45,0.12,-0.05,-0.20,0.42,0.18,0.91,1.22,1.77,-1.10,R
1.224,120,223,230,255,151,-3.75,-1.64,9.75,0.39,1.03,-0.36,-7.03,-0.97,9.11,-0.25,2.19,0.44,-6.70,2.72,6.57,0.45,1.87,0.18,-3.28,5.32,8.00,0.90,0.19,-0.35,-1.30,8.66,6.75,0.59,-0.06,-0.82,0.40,0.17,0.92,3.30,4.52,-4.39,R
1.274,131,228,234,255,150,-2.75,-3.71,7.59,0.34,1.01,-0.29,-6.27,-0.02,5.88,0.30,2.17,0.10,-6.13,3.88,3.84,0.55,1.61,0.07,-3.24,4.98,7.09,0.40,0.35,-0.14,-1.24,7.61,6.08,0.15,-0.08,-0.20,0.44,0.16,0.90,1.46,1.71,-4.39,R
1.326,149,234,236,255,150,-4.43,-2.29,9.14,0.50,1.37,-0.33,-6.85,2.51,6.26,-0.01,1.83,0.29,-7.99,4.75,4.41,0.44,1.83,0.27,-4.77,5.37,8.72,0.22,0.98,0.13,-1.99,8.17,7.44,0.06,-0.03,0.11,0.43,0.15,0.91,-1.22,5.07,0.79,R
1.377,166,236,238,255,150,-4.93,-1.20,8.39,0.67,1.22,-0.59,-6.79,-0.32,4.25,-0.27,1.56,0.08,-6.89,2.17,2.47,0.06,1.56,0.19,-3.30,3.84,5.71,0.13,1.83,0.10,-0.67,6.94,4.89,0.17,0.67,0.01,0.41,0.19,0.90,-2.62,-0.55,1.65,R
1.427,182,239,240,255,153,-6.35,-1.69,9.58,0.55,1.30,-0.31,-10.26,-0.03,6.14,0.29,1.18,0.13,-10.63,4.45,4.93,0.21,1.51,0.17,-6.40,4.56,8.54,0.12,1.21,0.07,-1.84,8.10,6.63,0.25,0.52,0.05,0.44,0.14,0.91,-0.85,5.43,-0.55,R
1.478,197,241,241,254,161,-5.34,-2.29,7.42,0.83,1.41,-0.32,-6.76,0.93,3.44,0.25,1.90,0.02,-7.38,3.27,1.27,-0.03,1.58,0.10,-4.79,4.94,4.39,0.14,1.88,0.14,-1.56,7.41,5.00,0.23,1.23,0.07,0.43,0.17,0.88,-4.33,7.87,0.00,R
1.529,211,244,244,255,170,-7.02,-1.07,8.58,0.88,1.03,-0.02,-10.56,0.51,4.26,-0.01,1.41,0.07,-8.49,4.21,2.00,-0.00,1.32,0.03,-5.75,5.41,7.07,-0.11,1.44,0.07,-1.93,7.85,6.35,0.05,0.64,0.26,0.42,0.18,0.91,-1.89,8.67,0.98,R
1.581,221,245,245,255,175,-7.12,-1.40,7.39,0.92,0.77,0.04,-9.20,0.53,2.70,0.07,1.45,0.18,-8.25,4.17,0.58,-0.00,1.41,0.11,-5.41,4.61,5.33,0.10,1.27,0.14,-1.92,6.81,5.89,0.14,0.24,0.10,0.46,0.17,0.89,-4.46,15.62,-2.99,R
1.631,227,247,245,255,175,-7.57,-0.82,8.03,0.99,0.51,0.41,-11.03,0.81,3.15,0.03,1.43,0.13,-10.42,4.72,1.72,0.15,1.92,0.05,-7.49,5.72,6.38,0.26,1.28,0.30,-2.05,8.07,5.46,0.20,0.24,0.16,0.46,0.17,0.90,-6.23,16.17,-0.31,R
1.683,233,246,246,255,177,-6.94,-0.24,7.67,0.78,0.09,0.31,-9.75,0.59,2.15,0.28,0.91,0.37,-8.19,4.35,-0.27,0.06,1.08,0.17,-6.37,4.95,4.54,0.39,1.03,0.26,-1.97,7.86,5.33,0.43,0.28,0.19,0.45,0.18,0.88,-8.48,22.58,-0.98,R
1.734,233,247,247,255,178,-7.18,1.26,7.07,0.81,-0.24,0.51,-10.91,1.65,1.84,0.11,0.49,0.47,-9.96,4.96,-0.01,-0.00,0.80,0.37,-6.96,6.00,4.06,0.23,0.53,0.42,-2.23,8.94,4.64,0.43,0.21,0.26,0.55,0.17,0.88,-6.65,30.15,-2.26,R
1.785,233,248,246,255,178,-7.82,1.34,8.23,0.46,-0.88,0.81,-11.04,1.60,1.75,-0.07,-0.54,0.72,-9.51,5.48,-0.76,-0.25,0.38,0.77,-6.88,6.07,3.95,0.31,0.64,0.91,-1.83,8.03,3.56,0.99,0.52,0.66,0.56,0.18,0.83,-14.95,49.93,4.46,R
1.835,224,245,246,255,182,-6.80,1.82,7.28,0.71,-0.05,1.17,-8.31,3.53,1.40,0.01,-0.45,1.66,-7.33,6.88,-1.38,-0.31,0.80,1.50,-6.45,8.19,3.70,0.65,0.96,1.55,-1.46,10.42,3.77,1.54,0.97,0.80,0.71,0.21,0.75,4.82,96.01,3.30,R
1.886,222,246,246,255,182,-6.08,3.09,7.92,0.83,-0.09,1.60,-9.49,3.71,3.13,-0.28,-0.66,1.77,-7.92,6.81,-0.52,-0.57,0.42,1.61,-6.32,7.58,3.82,0.49,0.57,1.61,-1.19,10.07,3.32,1.46,0.65,0.83,0.74,0.24,0.73,10.01,98.39,12.33,R
1.937,218,243,245,255,183,-6.61,3.66,7.92,0.84,0.40,1.46,-8.73,4.16,2.73,-0.19,-0.04,1.86,-7.24,6.96,-1.34,-0.58,0.81,1.66,-5.70,8.30,2.67,0.53,1.00,1.70,-1.32,10.42,2.40,1.61,1.23,0.77,0.73,0.22,0.69,23.62,104.00,12.57,R
1.988,217,242,245,255,185,-6.73,3.46,7.88,0.75,-0.01,2.05,-8.87,4.05,2.37,-0.54,-0.54,2.10,-6.94,7.14,-1.31,-0.82,0.54,1.88,-5.47,7.82,2.47,0.37,0.82,1.97,-2.37,10.08,3.12,1.61,1.47,1.01,0.80,0.18,0.65,14.53,118.29,22.71,R
2.039,212,241,244,255,186,-4.57,4.21,6.39,0.50,0.26,1.69,-7.29,4.34,2.99,-0.45,-0.25,1.86,-5.47,7.43,-0.81,-0.65,0.77,1.60,-4.08,7.78,1.80,0.46,0.97,1.72,-0.21,8.40,0.25,1.63,1.19,0.88,0.77,0.20,0.51,25.63,103.64,14.28,R
2.091,209,241,243,255,186,-5.02,4.42,6.60,0.87,0.08,2.25,-7.47,4.96,2.91,-0.49,-0.43,2.45,-5.20,7.48,-1.17,-0.81,0.82,2.17,-3.86,8.46,1.59,0.58,1.02,2.14,-0.97,9.93,0.74,1.80,1.16,1.08,0.87,0.18,0.46,27.28,136.17,16.24,R
2.143,208,241,244,255,186,-3.92,5.39,6.27,0.81,0.45,1.73,-6.29,6.18,3.51,-0.33,0.15,2.03,-4.02,8.52,-0.96,-0.53,1.11,1.68,-2.08,9.34,1.17,0.46,1.11,1.80,0.52,9.42,-0.85,1.64,1.21,0.92,0.85,0.23,0.34,29.91,108.28,11.66,R
2.193,203,241,242,255,186,-3.78,5.54,6.65,0.98,0.23,2.17,-5.81,6.27,3.85,-0.37,-0.09,2.41,-3.43,8.75,-0.36,-0.70,1.11,2.13,-1.96,8.87,1.24,0.61,1.02,2.15,0.77,9.30,-1.06,1.93,1.40,0.98,0.92,0.24,0.26,33.02,137.51,11.54,R
2.244,204,241,242,255,186,-2.48,6.23,5.96,0.88,0.59,1.78,-4.31,7.01,3.94,-0.26,0.23,2.06,-2.88,8.88,-0.38,-0.50,1.16,1.65,-1.24,9.12,0.60,0.56,1.02,1.68,1.31,8.92,-2.18,1.59,1.20,0.82,0.94,0.22,0.14,35.64,107.06,5.98,R
2.295,203,241,242,255,189,-2.95,7.39,5.38,1.20,0.35,2.10,-3.81,8.23,3.93,-0.29,0.12,2.46,-1.49,9.82,-0.34,-0.64,1.33,2.04,-1.40,9.46,0.94,0.71,1.27,2.06,0.73,9.74,-1.88,1.86,1.30,0.87,0.97,0.23,0.04,35.03,136.72,3.23,R
2.346,202,240,242,255,188,-0.21,7.24,3.86,1.00,0.72,1.53,-2.09,8.39,3.86,-0.04,0.35,1.86,-0.51,8.78,-0.34,-0.29,1.03,1.43,0.00,9.31,0.38,0.59,0.91,1.29,1.81,8.77,-2.59,1.35,1.00,0.45,0.93,0.20,-0.04,32.78,90.09,-2.32,R
2.397,202,240,242,255,188,-1.82,7.95,4.42,0.92,0.45,1.49,-1.77,8.35,3.60,-0.20,0.23,1.75,0.73,9.65,-0.56,-0.32,0.93,1.45,1.81,9.34,-0.66,0.54,0.87,1.42,2.64,8.42,-3.89,1.34,1.07,0.59,0.97,0.22,-0.11,32.41,96.44,-2.62,R
2.448,200,241,242,255,188,-0.30,8.92,3.72,0.83,0.47,1.28,-2.66,7.89,4.30,-0.11,0.29,1.46,-0.11,9.55,0.06,-0.22,0.75,1.12,1.57,9.66,-0.42,0.53,0.66,1.06,2.83,8.75,-3.80,1.10,0.88,0.45,0.97,0.19,-0.20,33.02,77.45,-4.82,R
2.499,201,242,242,255,190,-0.59,8.69,3.87,0.70,0.43,1.08,-1.29,8.27,4.18,-0.19,0.23,1.40,1.68,9.67,0.02,-0.29,0.80,1.21,3.08,9.43,-0.76,0.48,0.81,1.25,4.32,7.50,-5.36,1.32,1.13,0.41,0.92,0.24,-0.27,25.94,77.45,-1.83,R
2.55,200,241,242,255,190,1.10,9.02,2.79,0.73,0.37,1.07,0.19,8.42,4.19,-0.13,0.24,1.27,1.43,8.96,0.53,-0.18,0.66,0.98,2.66,9.01,-0.32,0.37,0.56,0.82,3.85,7.80,-4.54,0.82,0.84,0.26,0.96,0.21,-0.33,28.99,66.04,-3.36,R
2.601,199,240,242,255,192,0.07,9.67,2.75,0.49,0.34,0.82,0.48,9.09,3.88,-0.24,0.29,1.05,3.55,9.72,0.03,-0.35,0.75,0.90,4.72,8.86,-1.28,0.26,0.86,0.97,5.17,6.20,-5.88,0.89,1.13,0.48,0.85,0.26,-0.34,26.12,62.13,1.40,R
2.653,197,240,241,255,192,1.80,8.45,2.61,0.56,0.55,0.91,0.67,8.23,4.34,-0.23,0.41,1.13,2.48,9.08,0.65,-0.21,0.83,0.84,3.96,8.28,-0.86,0.33,0.77,0.82,4.20,6.74,-4.34,0.87,0.85,0.27,0.88,0.23,-0.37,28.38,54.81,-2.44,R
2.702,200,240,242,255,192,0.67,9.23,2.58,0.59,0.61,0.96,1.09,8.41,4.41,-0.16,0.37,1.25,3.65,8.92,0.91,-0.27,0.84,1.00,5.36,8.00,-1.05,0.42,0.96,1.01,5.84,5.39,-6.00,1.11,0.91,0.35,0.84,0.26,-0.39,30.52,68.05,-4.52,R
2.753,200,241,242,255,193,1.87,9.13,2.42,0.73,0.70,1.19,1.28,7.26,4.60,-0.14,0.64,1.45,2.90,7.97,1.33,-0.09,1.19,1.00,4.32,8.14,-0.49,0.65,1.47,0.96,5.74,6.02,-5.85,1.47,1.55,-0.03,0.85,0.26,-0.46,44.98,70.80,-11.47,R
2.804,200,239,242,255,196,1.40,9.41,2.05,0.69,0.87,1.18,1.19,9.04,4.22,-0.31,0.63,1.51,4.19,9.54,0.82,-0.39,1.32,1.18,5.27,8.92,-0.28,0.47,1.61,1.36,7.57,5.25,-7.11,1.61,2.45,0.30,0.72,0.28,-0.55,44.31,86.12,-5.62,R
2.856,200,240,242,255,199,2.81,9.23,1.79,0.84,0.95,1.68,3.54,7.81,4.84,-0.48,0.80,1.99,4.65,7.65,2.20,-0.49,1.59,1.39,6.11,6.88,-0.47,0.52,1.86,1.47,6.95,5.17,-5.44,1.55,1.60,0.19,0.79,0.30,-0.61,58.23,95.76,-7.93,R
2.906,200,238,242,255,200,3.80,8.17,1.84,0.78,0.63,1.46,3.10,7.32,4.66,-0.20,0.48,1.56,5.33,8.19,2.04,-0.38,1.16,1.09,6.63,7.15,0.28,0.30,1.40,1.21,7.74,4.58,-5.20,1.04,1.24,0.33,0.71,0.31,-0.64,38.57,73.91,0.12,R
2.957,203,239,242,255,199,3.91,8.45,1.87,0.75,0.72,1.57,3.51,8.23,5.53,-0.39,0.57,1.77,4.13,7.70,3.19,-0.53,1.21,1.34,6.09,6.67,0.84,0.24,1.20,1.45,6.56,4.81,-3.70,1.15,1.67,0.47,0.65,0.35,-0.70,48.52,89.78,-2.20,R
3.008,206,240,241,255,199,5.88,7.86,0.33,0.68,0.45,1.15,4.57,6.01,5.17,-0.40,0.46,1.20,5.08,6.81,3.25,-0.42,0.96,0.85,7.47,5.96,0.19,0.08,1.60,0.93,9.10,3.27,-6.22,0.88,3.53,0.05,0.64,0.35,-0.69,28.87,56.95,4.64,R
3.059,206,240,242,255,207,4.50,7.93,1.23,0.67,0.58,1.06,4.48,6.50,5.38,-0.36,0.80,1.34,6.07,7.03,3.59,-0.49,1.56,0.97,6.41,5.69,2.46,0.16,1.75,1.18,7.87,4.03,-1.68,1.01,2.27,0.41,0.58,0.39,-0.73,35.89,68.60,3.97,R
3.11,209,240,242,255,211,7.02,6.63,0.18,0.56,0.43,0.78,4.91,4.68,5.62,-0.42,0.90,0.77,6.39,5.29,3.21,-0.40,1.70,0.52,7.38,4.52,1.47,0.06,1.54,0.63,8.43,3.54,-2.20,0.52,1.27,0.23,0.57,0.39,-0.74,20.02,37.41,6.90,R
3.162,213,244,246,255,216,7.76,7.58,-2.36,0.62,0.07,0.38,6.23,7.23,5.32,0.00,1.54,0.27,6.68,6.72,3.70,-0.27,2.61,0.26,7.81,5.11,3.16,0.14,2.21,0.49,7.84,3.02,0.16,0.83,2.42,0.06,0.51,0.42,-0.75,8.18,20.45,0.31,R
3.212,216,247,247,255,220,7.12,7.14,0.17,0.41,-0.09,0.18,6.09,6.86,5.96,0.18,1.97,-0.16,5.60,5.99,4.37,0.16,2.29,-0.29,7.87,5.19,3.23,0.36,2.32,-0.20,8.56,2.69,0.56,0.79,2.51,-0.42,0.57,0.40,-0.74,10.56,-4.46,-7.02,R
3.263,218,251,250,255,227,6.60,9.23,-1.23,0.03,-0.24,-0.44,2.02,5.70,7.27,-0.02,1.83,-0.49,4.02,6.73,6.36,0.48,2.20,-0.44,8.19,5.63,4.84,0.64,2.49,-0.42,8.66,3.68,1.90,0.64,2.48,-0.65,0.51,0.44,-0.73,14.65,-27.28,-6.10,R
3.314,215,252,254,255,232,6.90,8.16,-0.87,-0.00,0.16,-0.65,4.56,5.03,7.58,0.36,2.39,-0.57,3.59,5.28,6.39,1.07,3.19,-0.59,5.21,4.54,6.25,1.56,3.30,-1.03,5.49,4.26,5.08,1.79,3.83,-1.14,0.63,0.42,-0.69,26.79,-45.04,-21.85,R
3.365,216,253,254,255,237,4.42,8.19,0.66,-0.05,0.36,-0.55,-1.97,7.35,7.41,0.38,2.38,-0.63,1.25,8.01,5.63,0.93,1.79,-0.30,8.96,7.80,3.39,0.90,1.91,-0.57,6.67,5.21,3.67,0.98,1.48,-0.74,0.57,0.43,-0.65,33.20,-31.98,-23.80,R
3.417,216,255,255,255,241,4.89,7.87,0.81,-0.10,0.38,-0.63,-0.05,6.47,7.47,0.39,2.44,-0.53,3.17,7.32,6.02,0.92,2.22,-0.41,8.65,4.76,3.42,1.07,2.45,-0.70,9.07,3.79,2.48,1.18,1.40,-0.68,0.62,0.44,-0.57,35.34,-36.13,-24.54,R
3.468,221,255,255,255,242,3.96,8.42,0.63,0.32,0.37,-0.16,-2.52,7.54,5.97,0.00,2.10,-0.23,-3.40,9.29,3.82,0.70,1.89,-0.35,1.20,7.71,4.06,0.63,2.20,-0.44,5.61,7.05,2.55,0.90,2.06,-0.99,0.61,0.43,-0.64,57.56,-14.04,-21.79,R
3.518,222,255,255,255,246,5.52,8.39,-0.11,-0.29,0.41,-0.52,-1.09,7.25,7.10,0.19,1.76,0.10,1.62,8.68,4.63,0.73,1.50,-0.90,4.93,5.85,5.15,0.73,1.93,-0.41,9.29,4.39,3.28,1.10,1.98,-1.46,0.66,0.50,-0.56,22.64,-34.48,-13.37,R
3.569,221,255,255,255,246,4.37,8.91,0.38,-0.20,0.69,-0.22,-1.75,7.11,5.26,0.50,1.60,0.36,-6.37,11.50,3.97,0.39,2.04,-0.07,-0.81,12.72,4.93,0.32,1.95,-0.54,0.44,8.39,5.15,0.79,1.47,-0.66,0.70,0.44,-0.59,49.68,-15.01,-17.40,R
3.62,218,255,255,255,245,5.03,8.34,1.28,-0.69,0.57,-0.84,-2.41,5.81,6.52,0.73,0.89,0.17,-0.53,7.84,4.57,0.85,0.70,-0.33,1.32,7.53,6.09,0.85,0.36,-0.32,5.13,7.15,4.75,0.87,-0.36,-0.54,0.73,0.49,-0.51,11.29,-56.09,-22.64,R
3.672,219,255,255,255,242,4.90,8.57,1.58,-0.76,0.54,-1.49,-4.43,5.32,5.66,1.31,0.90,-0.39,-5.21,7.24,3.39,1.65,0.02,-0.39,-3.69,7.90,4.53,1.55,-1.29,-0.91,-0.46,8.38,5.65,0.93,-3.14,-0.83,0.93,0.41,-0.53,-10.25,-98.63,-29.85,R
3.723,221,255,255,255,240,3.47,8.64,2.27,-1.00,-0.26,-2.70,-3.11,7.31,4.42,2.47,-0.04,-1.24,-0.64,9.42,3.60,2.50,-1.10,-0.44,4.30,7.40,3.96,2.31,-1.32,-1.03,8.03,11.09,1.08,0.97,-3.29,-0.49,0.74,0.54,-0.46,-48.77,-144.35,-47.91,R
3.774,221,255,255,255,238,1.72,9.45,3.85,-0.52,0.50,-2.90,-5.19,5.75,3.06,3.05,0.35,-1.03,-3.63,7.32,-1.07,3.09,-1.76,0.56,-3.07,6.93,0.08,2.42,-2.42,-0.96,-0.17,8.37,-0.58,1.40,-3.81,-1.35,1.02,0.30,-0.35,-36.01,-153.02,-67.26,R
3.825,216,253,255,255,235,1.67,7.95,2.29,-1.19,-0.68,-4.45,-3.65,6.29,2.65,4.55,0.21,-1.30,-0.51,9.01,-0.60,4.61,-1.74,-0.07,2.55,10.92,-0.57,3.85,-2.54,-1.72,7.95,8.83,-1.76,1.92,-4.02,-1.84,0.82,0.39,-0.26,-83.56,-246.77,-98.02,R
3.876,216,255,255,255,231,-3.80,8.57,4.17,-0.85,-0.39,-3.70,-6.56,8.28,-0.22,3.15,0.45,-1.45,-2.45,8.80,-2.68,3.46,-1.33,-0.14,-2.01,9.22,-1.97,2.73,-2.15,-1.51,0.68,9.15,-3.51,1.14,-3.98,-1.88,0.99,0.17,0.02,-30.52,-185.42,-80.14,R
3.926,214,254,255,255,230,-1.35,5.77,3.38,-1.10,-0.76,-4.07,-4.93,4.56,-2.46,4.15,0.47,-1.88,-1.30,8.44,-4.39,4.15,-1.65,-0.65,-0.78,10.07,-2.69,3.48,-2.50,-2.16,2.74,9.38,-5.32,1.46,-4.70,-2.39,0.96,0.21,0.14,-76.42,-236.39,-85.45,R
3.977,212,255,253,255,224,-7.52,6.43,5.81,-1.18,-0.33,-3.47,-6.74,8.48,-4.54,3.20,0.53,-1.45,-2.08,10.00,-6.22,2.97,-1.12,-0.56,-2.15,10.33,-3.54,2.25,-1.45,-1.54,0.62,9.98,-4.53,0.66,-2.67,-1.88,0.77,0.18,0.32,-26.86,-175.54,-68.12,R
4.028,213,252,253,255,224,-5.12,3.90,6.36,-0.76,-0.45,-2.82,-6.82,2.14,-3.98,2.68,0.32,-1.34,-3.91,3.40,-7.57,3.08,-1.40,-0.71,-5.97,4.46,-6.00,2.47,-1.68,-2.02,-6.21,6.53,-5.31,0.76,-3.12,-2.49,0.98,0.04,0.52,-42.79,-163.57,-56.58,R
4.079,215,252,253,255,220,-6.74,2.81,5.48,-1.27,-0.19,-4.34,-6.51,3.84,-5.64,3.87,0.63,-1.80,-4.35,7.81,-7.45,3.78,-1.17,-0.70,-3.52,7.81,-5.40,2.70,-1.87,-2.18,-1.10,9.02,-5.26,0.78,-3.18,-2.63,0.52,0.13,0.63,-51.45,-233.64,-80.75,R
4.13,215,253,252,255,219,-8.95,0.98,7.75,-0.41,-0.14,-2.61,-8.24,0.63,-7.80,2.13,0.64,-0.67,-5.63,1.77,-9.79,2.01,-0.63,-0.55,-9.18,3.46,-7.01,1.91,-1.42,-1.43,-10.46,6.41,-4.07,0.26,-2.97,-2.01,0.73,-0.08,0.84,-9.64,-125.37,-67.57,R
4.181,218,252,252,255,213,-7.35,0.34,4.64,-1.27,0.12,-3.90,-6.45,1.30,-6.92,3.51,1.10,-1.68,-3.98,2.47,-8.42,4.01,-0.54,-1.09,-5.97,4.30,-5.67,2.81,-1.04,-2.23,-3.45,5.11,-4.54,1.11,-3.07,-2.39,0.38,0.07,0.93,-24.41,-211.49,-70.37,R
4.233,215,249,251,255,214,-7.31,-1.98,4.56,-1.06,0.98,-3.37,-6.60,-1.17,-7.89,2.41,1.15,-1.02,-5.23,-1.01,-8.86,2.86,-0.47,-0.69,-8.71,-0.19,-6.50,2.54,-1.12,-1.61,-11.90,2.09,-1.80,1.20,-3.33,-2.31,0.51,-0.08,0.97,40.28,-140.69,-69.95,R
4.284,207,252,251,255,206,-7.44,-3.57,3.02,-0.74,1.07,-3.20,-4.45,-4.32,-7.16,2.78,1.96,-1.02,-3.33,0.29,-8.68,3.95,-0.20,-0.71,-5.32,0.98,-7.20,3.11,-1.34,-2.40,-6.13,3.79,-4.42,1.05,-3.85,-3.27,0.05,0.05,1.01,56.03,-187.01,-70.98,R
4.335,199,250,250,255,196,-8.00,-4.98,2.93,-1.76,1.79,-2.24,-5.66,-3.13,-9.75,1.62,1.93,0.22,-4.53,-2.62,-8.52,2.37,0.15,-0.44,-8.37,-0.78,-5.88,2.35,-0.72,-1.31,-9.61,1.60,-2.10,0.83,-2.21,-2.94,0.06,-0.19,0.97,126.59,-91.61,-66.10,R
4.385,175,250,248,255,184,-12.08,-7.91,4.41,-1.78,1.44,-2.61,-0.62,-1.33,-8.15,2.05,2.94,-0.72,-3.55,-2.42,-8.39,2.86,0.20,-1.58,-8.22,0.12,-4.33,1.88,-0.71,-2.79,-8.81,1.90,0.39,0.39,-1.57,-3.88,-0.08,-0.23,0.85,154.05,-127.14,-52.61,R
4.436,139,248,246,255,176,-7.70,-6.28,1.99,-1.99,0.84,-1.28,-6.53,-4.43,-9.58,1.12,1.99,-0.44,-6.11,-4.15,-8.68,1.71,-0.23,-1.18,-9.72,-2.29,-5.97,1.34,0.06,-1.89,-11.99,1.67,2.49,0.76,1.32,-3.30,-0.03,-0.42,0.82,134.46,-59.20,-43.95,R
4.487,103,247,245,255,176,-5.82,-8.13,-0.73,-3.72,1.22,-1.88,-2.78,-6.87,-8.91,1.98,1.04,-0.32,-3.03,-7.92,-8.27,1.52,1.35,-1.44,-7.27,-7.81,-6.28,1.47,1.19,-1.87,-10.52,-4.26,0.69,0.91,0.34,-3.29,-0.26,-0.46,0.80,122.74,-85.75,-45.84,R
4.539,52,246,242,255,173,-7.06,-11.06,0.24,-2.53,0.79,-1.69,-2.06,-7.70,-10.16,1.88,0.45,-0.83,-6.03,-8.27,-7.37,2.20,0.72,-1.84,-10.84,-6.02,-4.46,2.06,0.42,-2.51,-10.88,-1.74,2.16,0.86,-0.90,-3.40,-0.33,-0.60,0.77,116.33,-86.36,-72.45,R
4.589,3,242,240,255,169,-9.78,-9.92,0.47,-1.48,0.89,-1.50,-7.39,-6.24,-9.24,1.76,-0.00,-0.89,-8.17,-5.70,-8.40,1.85,0.59,-0.99,-11.26,-3.63,-3.48,1.87,0.53,-1.43,-10.27,-4.21,3.04,1.29,-0.25,-2.04,-0.36,-0.73,0.72,43.64,-68.30,-63.78,R
4.64,0,240,241,255,168,-3.54,-7.75,-3.28,-4.02,-1.07,-1.41,-4.60,-5.54,-7.22,1.37,-0.56,-0.72,-4.44,-6.62,-6.05,1.04,-0.22,-0.50,-7.44,-6.51,-2.60,0.86,-0.46,-0.74,-8.08,-5.82,3.27,0.53,-0.71,-1.04,-0.49,-0.58,0.70,4.94,-60.97,-43.82,R
4.691,0,237,240,255,167,-6.14,-11.25,-1.02,-1.27,-0.17,-1.28,-2.69,-8.74,-6.40,0.75,-1.58,-0.46,-3.61,-8.43,-5.49,1.30,-0.43,-0.19,-7.84,-7.73,-2.42,1.13,-0.46,-0.68,-7.80,-5.98,4.16,0.69,-0.51,-0.43,-0.50,-0.58,0.65,-16.11,-32.78,-51.64,R
4.743,0,234,238,255,167,-4.45,-7.49,-1.63,-0.48,-0.17,-0.82,-7.93,-8.00,-4.04,1.22,-3.93,-0.12,-9.47,-6.61,0.00,1.08,-3.26,0.50,-9.50,-6.85,2.82,1.50,-2.72,-0.04,-6.16,-4.76,4.55,1.20,-2.52,0.22,-0.58,-0.43,0.57,-45.72,-15.69,-56.15,R
4.793,0,229,237,255,164,-2.73,-12.17,-2.86,0.64,0.14,-1.53,-4.52,-10.64,-4.93,2.00,-2.59,0.25,-2.72,-9.48,-4.58,1.27,-3.17,1.63,-4.12,-6.97,-2.65,1.24,-1.76,0.96,-6.38,-4.25,5.34,0.96,-0.61,1.57,-0.61,-0.39,0.60,-80.32,12.51,-65.06,R
4.844,0,227,236,254,163,-3.40,-5.66,-4.33,1.61,0.27,-2.49,-5.41,-6.04,-1.04,2.66,-1.88,0.65,-9.28,-7.08,1.11,1.39,-2.34,1.60,-13.58,-5.24,9.50,1.26,-3.61,0.94,-9.98,-2.18,12.17,-0.03,-4.44,1.98,-0.56,-0.30,0.61,-85.94,16.60,-59.69,R
4.895,0,227,235,255,163,-3.20,-10.22,-0.83,0.27,-3.74,0.10,-8.88,-5.76,-2.68,0.38,-7.00,0.57,-9.68,-8.16,-4.05,0.79,-8.57,2.38,-4.52,-6.08,-9.45,-0.75,-5.68,0.98,-4.55,-2.15,-3.94,-0.97,-4.17,3.32,-0.48,-0.32,0.73,-143.43,4.21,-17.46,R
4.946,0,224,234,255,168,-5.27,-11.69,2.47,2.43,0.21,-3.17,-7.31,-10.76,-0.28,1.61,-2.27,0.47,-3.91,-8.22,-1.22,1.19,-2.13,1.98,-6.74,-8.05,4.09,0.99,-2.34,1.70,-6.97,-6.70,8.39,0.42,-2.40,2.88,-0.66,-0.17,0.71,-174.80,31.98,-20.81,R
4.998,0,225,234,255,172,-2.58,-13.84,-4.86,2.71,-4.50,-1.30,-8.22,-6.15,-1.03,0.90,-3.92,1.46,-8.80,-6.14,1.15,-0.00,-3.98,2.51,-6.95,-5.78,2.47,0.43,-3.46,2.06,-7.33,-2.93,8.46,0.44,-4.01,2.17,-0.40,-0.10,0.88,-164.00,63.60,9.95,R
5.048,0,223,233,255,164,-1.27,-3.10,-0.28,1.07,-0.24,-1.70,-3.40,-9.03,2.04,0.64,-1.59,0.07,-4.07,-7.59,3.02,0.44,-2.97,0.65,-3.05,-6.19,3.14,0.53,-2.94,0.12,-0.82,-4.35,5.70,0.48,-3.17,0.51,-0.57,0.09,0.80,-74.46,-4.03,-17.46,R
5.099,0,224,233,253,159,-2.60,-12.26,6.82,1.13,-6.17,2.02,-8.17,-5.27,3.34,1.16,-2.50,1.53,-9.21,-0.91,3.66,0.86,-1.94,2.67,-6.45,-0.77,6.93,1.42,-1.28,2.65,-3.85,1.92,10.06,2.14,-0.82,2.10,-0.53,0.08,0.85,-118.16,95.76,13.00,R
5.15,0,222,232,255,159,-0.28,-3.86,-0.96,1.47,-0.60,-1.94,-2.09,-6.52,2.17,0.17,-0.40,0.66,-5.28,-7.60,4.67,-0.40,-0.83,0.92,-5.18,-6.75,6.89,-0.17,-1.31,0.68,-2.72,-3.10,9.49,-0.15,-0.91,1.17,-0.19,0.11,0.91,-73.00,9.22,8.36,R
5.201,0,222,231,255,160,0.32,-8.75,5.90,1.62,-4.85,1.30,-10.47,-8.22,6.89,0.82,-1.50,1.30,-7.46,-4.87,5.68,0.74,-1.38,1.85,-3.55,-4.23,6.12,1.20,-0.98,1.48,-1.67,0.35,8.84,1.79,-0.14,0.93,-0.48,0.23,0.95,-59.20,84.59,-11.47,R
5.252,0,222,231,255,159,0.68,-8.79,3.14,3.78,0.18,-2.36,-2.75,-5.86,3.64,1.12,-0.13,1.05,-5.15,-3.54,6.22,0.72,-0.30,1.17,-3.69,-4.14,6.80,0.83,-0.55,0.88,-1.98,-1.18,8.92,1.02,0.56,0.70,-0.32,0.30,0.94,-31.86,79.83,-21.55,R
5.303,0,222,231,255,159,0.40,-7.13,9.62,5.58,-0.80,-1.33,-5.86,-4.41,4.79,1.34,0.36,1.86,-5.34,-0.72,5.44,1.30,0.23,2.02,-1.84,-1.17,5.60,2.10,0.72,1.98,-0.47,1.01,5.51,3.12,1.46,1.42,-0.43,0.27,0.93,-11.78,161.01,-34.55,R
5.354,17,222,231,255,160,3.70,-9.86,1.12,4.76,0.76,-1.54,-6.38,-4.93,5.35,1.70,0.00,2.33,-4.99,0.74,4.38,2.17,-0.20,1.81,-5.52,3.67,7.47,2.08,1.43,1.03,-3.65,8.69,10.41,2.12,1.34,0.19,0.33,0.20,0.92,18.13,184.81,-60.06,R
5.405,27,222,229,255,159,3.61,-5.23,8.29,3.57,0.47,-0.46,-7.28,1.27,5.57,1.63,0.68,2.91,-7.84,3.17,7.73,1.28,1.04,2.76,-2.11,0.57,4.85,2.16,0.91,2.81,-0.59,2.66,2.14,3.44,2.01,1.62,-0.12,0.41,0.92,54.75,205.51,-42.18,R
5.457,28,219,226,255,157,2.66,-2.14,5.66,2.94,1.38,-0.18,-6.59,-1.94,5.55,1.06,-0.07,1.92,-9.82,0.45,6.15,1.00,-0.54,0.62,-11.09,2.18,10.80,0.60,0.17,0.14,-7.20,8.71,12.60,-0.03,0.34,-0.07,0.67,-0.02,0.96,57.31,95.64,-55.97,R
5.507,28,215,224,255,155,1.02,-1.30,11.54,0.50,1.25,-0.25,-7.02,1.22,5.22,0.19,-0.80,-0.55,-7.63,3.16,7.52,-0.26,-0.39,0.41,-4.53,1.48,7.00,-0.02,-0.68,0.74,-2.09,3.57,4.82,0.84,-0.66,1.00,-0.01,0.26,0.98,40.34,41.44,-33.08,R
5.559,21,210,219,255,148,0.33,-1.33,11.26,2.19,0.48,-0.41,-9.23,-1.76,8.47,1.01,-1.15,0.78,-7.61,2.13,7.87,0.50,-1.87,0.36,-8.87,2.91,11.94,0.05,-1.74,0.06,-5.21,8.25,12.65,0.28,-1.70,0.13,0.61,0.00,1.03,37.48,85.08,-39.92,R
5.61,10,203,213,255,135,1.87,-0.72,9.76,0.88,0.50,-0.42,-7.23,0.16,7.90,0.63,-1.39,-0.02,-4.89,2.59,7.55,0.02,-2.77,0.39,-2.35,3.54,7.77,0.18,-4.05,-0.21,-2.27,7.09,8.73,0.65,-3.03,0.01,0.43,0.12,0.96,26.86,54.38,-43.03,R
5.66,2,191,204,255,111,1.30,-1.71,12.55,1.43,0.41,-0.58,-7.69,1.72,8.18,1.41,-1.49,0.53,-10.13,1.39,8.79,1.28,-1.70,0.27,-3.11,3.52,8.69,0.85,-2.25,-0.43,-0.67,7.77,7.37,0.84,-1.92,-0.53,0.52,0.00,0.87,30.09,74.16,-48.58,R
5.712,0,173,197,255,91,1.05,2.49,7.01,0.54,0.24,-0.42,-4.86,3.34,7.30,0.19,-2.21,-0.64,-3.16,5.20,7.10,0.26,-2.19,-0.44,-1.32,4.01,7.41,-0.75,-1.50,-0.63,-0.45,6.76,5.25,-0.80,-1.40,-0.33,0.60,0.04,0.82,13.92,-12.70,-37.41,R
5.762,0,153,199,255,82,-0.26,0.18,12.45,0.10,0.94,-0.31,-4.70,2.13,7.35,0.35,-0.62,-0.38,-2.56,1.92,6.11,0.35,-0.28,-0.45,-1.60,2.10,7.03,0.53,-0.01,-0.50,-0.45,5.32,5.26,0.67,0.22,-0.83,0.34,-0.00,0.82,52.25,42.54,-44.68,R
5.814,0,139,190,255,77,-0.04,2.09,7.90,0.19,0.63,-0.29,-5.36,1.32,8.87,0.06,-0.61,-0.46,-4.35,3.53,9.64,-0.27,-0.52,-0.42,-1.49,2.92,13.97,-0.79,-0.51,-0.42,-1.10,6.93,11.56,-1.15,-0.65,-0.29,0.76,-0.19,0.88,13.12,-35.10,-34.18,R
5.865,0,128,188,255,74,-1.20,-0.22,12.58,-1.84,0.58,-0.25,-4.87,1.20,8.23,-1.16,-0.59,-0.99,-2.83,2.53,7.35,-0.82,-0.60,-0.63,-1.46,3.14,6.63,-0.79,-0.37,-0.44,-0.01,4.82,1.93,-0.37,-0.36,-0.20,0.27,-0.08,0.89,26.86,-46.94,-37.23,R
5.915,0,121,186,255,70,-1.01,1.54,10.90,1.19,0.54,-0.25,-5.49,0.89,8.95,0.51,0.16,0.16,-5.07,2.63,10.89,0.57,0.07,-0.11,-2.70,-1.77,15.54,-3.82,-0.56,0.58,-0.66,7.29,11.51,1.44,-0.33,0.39,0.83,-0.29,0.96,23.56,43.27,-27.59,R
5.966,102,0,2,0,0,-1.18,2.80,10.39,-0.75,0.00,-0.21,-4.63,1.96,7.63,-0.39,-0.44,-0.53,-2.60,5.01,6.69,-0.45,-0.22,-0.05,-0.92,3.58,7.13,-0.29,0.12,-0.05,0.57,9.77,7.04,0.05,0.50,0.43,0.42,-0.08,0.82,-13.79,-37.05,3.05,R
6.017,104,0,3,0,0,0.02,0.11,8.36,-0.10,-0.11,0.01,-3.62,-1.45,6.83,-0.09,-0.05,0.21,-2.91,0.58,9.85,-0.69,0.37,-0.06,-2.15,0.96,10.37,-2.63,-0.08,0.25,-0.73,5.99,8.75,-0.08,0.62,0.08,0.56,-0.19,0.87,13.61,-22.89,-15.32,R
6.068,46,0,0,0,26,-0.61,-0.07,11.52,-1.12,0.32,-0.16,-5.73,0.56,10.28,-0.97,0.15,-0.51,-3.02,4.22,8.86,-0.52,0.01,-0.13,-1.38,1.62,9.82,-0.88,-0.09,0.28,-0.59,5.60,7.81,0.16,-0.47,0.08,0.29,-0.14,0.95,-2.14,-34.18,-8.30,R
6.119,82,0,3,0,0,-0.56,0.63,9.11,-0.32,-0.10,0.43,-4.14,-0.07,8.36,-0.51,-0.12,0.32,-2.50,1.14,8.40,-0.72,-0.21,0.45,-0.01,-2.90,10.87,-0.39,0.12,0.27,-0.96,5.79,7.95,-0.44,0.41,0.11,0.39,-0.15,0.90,15.75,-37.41,-0.85,R
6.17,83,0,2,0,3,0.33,-1.02,9.50,-0.71,-0.47,0.42,-4.15,-1.18,8.50,-0.39,-0.10,0.29,-2.60,1.24,8.60,-0.21,0.08,0.26,-0.75,-0.29,9.03,-0.65,-0.16,0.41,-1.00,4.93,8.36,-0.08,-0.13,0.49,0.27,-0.15,0.88,11.05,-29.24,-1.77,R
6.221,91,0,2,0,0,0.22,-0.32,8.84,-0.98,0.05,0.56,-4.57,-0.12,8.34,-0.08,-0.04,0.44,-3.24,1.24,9.58,0.15,-0.08,0.36,-1.76,0.23,9.57,-0.15,-0.04,0.39,-0.12,6.28,7.86,0.63,-0.16,0.69,0.51,-0.29,0.82,18.13,16.11,5.13,R
6.272,106,0,2,0,0,-1.13,0.58,11.35,-0.52,0.04,-0.01,-4.88,1.68,8.74,-0.31,-0.07,-0.09,-2.79,3.69,7.78,-0.25,0.01,0.08,-0.84,1.13,9.54,-0.37,-0.04,-0.00,-0.43,5.40,8.59,-0.26,0.04,-0.02,0.44,-0.18,0.95,-9.03,-21.18,6.84,R
6.324,84,0,1,0,1,0.46,-1.83,10.05,-0.11,0.13,-0.07,-4.06,-1.41,9.16,0.09,-0.02,0.10,-2.45,1.12,10.05,-0.03,0.05,0.04,-1.37,0.51,9.88,-0.05,-0.07,0.05,-0.54,5.42,8.22,0.11,-0.03,0.09,0.39,-0.17,0.91,2.14,9.89,-0.37,R
6.374,97,0,1,0,0,-0.62,-1.44,10.70,-0.69,0.23,-0.35,-4.47,-0.21,8.82,-0.12,-0.04,0.01,-2.73,2.05,8.95,-0.21,0.09,0.06,-0.50,-0.68,9.92,-0.29,-0.04,-0.01,-0.09,5.15,8.49,-0.05,0.06,0.08,0.34,-0.17,0.92,-2.93,-16.42,0.73,R
6.425,85,0,2,0,0,-0.42,-1.51,8.30,-0.74,0.53,-0.23,-4.24,-0.69,8.85,-0.12,-0.09,0.10,-2.80,1.76,9.49,-0.09,0.00,0.11,0.09,-2.61,8.69,-0.22,-0.09,0.35,-0.48,5.64,8.38,0.01,0.11,0.06,0.46,-0.19,0.91,2.20,-9.77,-2.08,R
6.476,9,0,0,0,41,-0.57,-1.85,9.78,-0.55,0.37,-0.14,-4.25,-0.11,8.71,-0.27,0.02,-0.04,-2.67,1.89,9.23,-0.19,0.09,0.04,-1.04,-0.35,9.79,-0.17,-0.03,-0.01,-0.13,7.13,6.98,-0.15,0.04,-0.00,0.32,-0.16,0.92,-0.24,-5.62,1.77,R
6.527,100,0,0,0,0,-1.46,-3.60,9.89,-0.77,0.80,-0.16,-4.30,-0.22,8.94,-0.21,-0.13,0.04,-2.52,1.91,9.22,-0.15,-0.09,0.09,-1.06,-1.88,10.03,-0.40,-0.05,0.11,-0.29,5.65,8.11,-0.22,0.09,0.12,0.39,-0.18,0.91,5.68,-12.70,0.67,R
6.578,103,0,2,0,0,-1.36,-2.72,9.43,-0.01,0.01,0.16,-4.04,-1.13,8.65,-0.18,-0.04,0.13,-2.68,1.63,9.34,0.03,-0.01,0.11,-0.85,-1.51,9.88,-0.08,-0.06,0.18,-0.45,5.41,8.38,0.07,-0.04,0.14,0.34,-0.17,0.92,4.15,1.59,4.09,R
6.629,54,0,0,0,16,-1.26,-2.94,9.47,0.12,0.04,0.19,-4.13,-0.66,9.14,0.00,-0.19,0.14,-2.66,1.64,9.36,-0.09,-0.07,0.15,-0.87,-0.34,9.90,0.03,-0.07,0.04,-0.55,5.48,8.42,0.06,-0.00,0.13,0.38,-0.20,0.92,5.25,-1.10,2.56,R
6.68,98,0,1,0,2,-1.27,-2.64,9.51,0.13,0.01,0.11,-4.16,-1.07,9.11,0.11,-0.07,0.13,-2.73,1.82,9.41,0.12,-0.01,0.06,-1.08,-0.41,9.75,0.02,-0.04,0.06,-0.50,5.57,8.24,0.12,-0.02,0.11,0.39,-0.21,0.91,1.34,7.63,0.18,R
6.731,60,0,0,0,0,-1.27,-2.65,9.42,0.01,0.01,0.03,-3.96,-0.33,8.85,0.14,-0.02,0.04,-2.62,1.95,9.30,0.06,-0.00,0.02,-0.93,-0.58,9.81,-0.03,-0.01,0.05,-0.20,5.54,8.31,0.05,0.01,0.07,0.38,-0.19,0.92,-1.59,5.55,0.06,R
6.782,71,0,0,0,17,-1.27,-2.62,9.50,0.00,0.06,-0.05,-4.00,-0.46,9.14,0.10,0.04,0.03,-2.66,1.73,9.47,0.07,0.04,-0.00,-0.91,-0.68,9.79,0.02,-0.00,0.02,-0.22,5.52,8.26,0.04,0.00,0.04,0.37,-0.19,0.92,-2.93,4.64,-0.24,R
6.833,105,0,2,0,0,-1.63,-2.51,9.53,-0.03,0.11,-0.07,-4.08,-0.29,8.98,0.09,0.05,0.01,-2.69,1.81,9.31,0.01,0.02,-0.01,-0.95,-0.66,9.82,-0.01,0.00,0.01,-0.20,5.49,8.30,0.01,0.02,0.01,0.39,-0.19,0.92,-2.32,3.78,-0.85,R
6.884,73,0,1,0,9,-1.42,-2.63,9.36,-0.04,0.04,-0.06,-4.04,-0.32,9.03,0.04,0.04,-0.02,-2.74,1.79,9.24,-0.04,0.02,-0.01,-0.76,-0.66,9.64,-0.02,0.01,0.01,-0.19,5.45,8.31,-0.00,0.02,0.01,0.37,-0.19,0.93,-2.50,1.16,-0.24,R
6.935,11,0,0,0,40,-1.51,-2.71,9.55,0.02,0.04,0.00,-4.11,-0.35,9.03,0.01,0.03,0.03,-2.68,1.79,9.33,-0.01,0.04,0.01,-0.90,-0.66,9.84,-0.03,0.02,0.01,-0.16,5.54,8.23,0.01,0.00,0.01,0.39,-0.19,0.91,-0.18,5.19,-0.18,R
6.986,0,13,0,0,0,-1.50,-2.57,9.58,-0.00,0.00,-0.03,-4.09,-0.24,9.08,0.00,0.04,-0.02,-2.64,1.76,9.33,-0.06,0.02,-0.02,-0.93,-0.62,9.81,-0.03,0.01,-0.01,-0.12,5.56,8.33,-0.01,0.01,-0.03,0.39,-0.19,0.92,-1.10,-1.95,-0.06,R
7.037,43,0,0,0,22,-1.50,-2.64,9.53,-0.03,0.02,-0.05,-4.08,-0.50,9.04,0.01,0.03,-0.00,-2.64,1.73,9.25,0.00,0.01,-0.00,-0.89,-0.68,9.82,-0.02,0.01,0.01,-0.19,5.54,8.32,0.01,0.01,0.01,0.37,-0.19,0.92,-0.92,1.71,-0.24,R
7.088,100,0,1,0,6,-1.54,-2.68,9.45,-0.01,0.01,-0.03,-3.98,-0.27,8.96,-0.01,0.02,0.00,-2.65,1.77,9.31,-0.04,0.01,-0.00,-0.89,-0.69,9.82,-0.02,0.01,-0.00,-0.18,5.53,8.31,0.02,0.01,-0.02,0.39,-0.18,0.92,-0.98,-0.61,-0.37,R
7.139,103,0,2,0,0,-1.59,-2.71,9.52,-0.03,0.01,-0.03,-4.02,-0.27,9.04,0.01,0.04,-0.01,-2.66,1.81,9.29,-0.04,0.02,0.00,-0.88,-0.71,9.83,-0.01,0.01,0.00,-0.19,5.53,8.37,0.01,0.01,-0.01,0.38,-0.18,0.92,-1.10,-0.12,0.00,R
7.19,64,0,0,0,12,-1.52,-2.67,9.46,0.03,0.05,-0.07,-4.07,-0.34,9.05,-0.02,0.02,0.00,-2.61,1.78,9.30,-0.04,0.02,0.00,-0.90,-0.68,9.83,-0.01,0.02,0.00,-0.16,5.54,8.31,0.01,0.01,-0.00,0.38,-0.18,0.92,-0.37,0.49,0.49,R
7.241,90,0,0,0,14,-1.57,-2.58,9.57,0.00,0.04,-0.01,-4.07,-0.34,9.02,0.00,0.03,0.01,-2.69,1.77,9.24,-0.04,0.01,0.01,-0.89,-0.70,9.84,-0.01,0.02,0.01,-0.12,5.55,8.26,0.04,0.01,-0.00,0.40,-0.18,0.92,-0.18,0.37,0.24,R
7.292,64,0,1,0,0,-1.58,-2.71,9.49,-0.01,0.03,-0.01,-4.00,0.11,9.37,0.09,0.07,0.03,-2.64,1.65,9.34,-0.03,0.01,-0.00,-0.89,-0.67,9.81,0.01,0.01,-0.00,-0.11,5.64,8.30,0.03,0.02,-0.01,0.38,-0.18,0.91,0.06,0.61,0.55,R
7.343,40,0,0,0,26,-1.50,-2.64,9.55,-0.03,0.03,-0.01,-4.26,-0.01,9.34,-0.02,0.04,0.00,-2.58,1.82,9.20,-0.06,0.01,-0.00,-0.94,-0.71,9.77,-0.01,0.01,-0.00,-0.15,5.57,8.31,0.01,0.02,-0.01,0.38,-0.17,0.92,-0.49,-0.43,0.00,R
7.394,97,0,0,0,9,-1.55,-2.72,9.53,-0.01,0.02,-0.01,-4.08,-0.31,8.98,-0.01,0.03,0.00,-2.73,1.66,9.27,-0.03,0.01,-0.00,-0.88,-0.72,9.85,-0.00,0.01,-0.00,-0.15,5.59,8.27,0.01,0.02,-0.01,0.38,-0.18,0.92,0.37,0.12,0.06,R
7.446,59,0,0,0,0,-1.58,-2.82,9.50,0.01,0.01,-0.01,-4.12,-0.32,8.99,-0.01,0.02,-0.00,-2.69,1.77,9.28,-0.03,0.00,0.01,-0.90,-0.72,9.82,0.00,0.01,-0.00,-0.14,5.60,8.31,0.01,0.02,-0.01,0.39,-0.18,0.92,0.55,0.31,0.12,R
7.496,32,0,0,0,30,-1.58,-2.75,9.55,0.00,0.01,-0.02,-4.14,-0.33,9.10,-0.02,0.02,-0.01,-2.64,1.75,9.28,-0.03,0.01,-0.01,-0.89,-0.71,9.83,-0.00,0.01,-0.01,-0.16,5.54,8.29,0.02,0.01,-0.01,0.38,-0.18,0.92,0.18,-0.18,-0.18,R
7.547,97,0,0,0,11,-1.49,-2.62,9.37,0.10,-0.00,-0.04,-4.17,-0.30,9.05,0.02,0.02,0.01,-2.72,1.75,9.23,-0.05,0.01,0.01,-0.91,-0.69,9.81,-0.01,0.01,0.00,-0.17,5.52,8.26,0.01,0.02,0.00,0.38,-0.18,0.92,1.22,1.34,-0.12,R
7.598,67,0,2,0,0,-1.54,-2.72,9.55,0.02,0.02,-0.02,-4.07,-0.26,9.05,0.01,0.02,0.00,-2.66,1.77,9.27,-0.05,0.01,-0.00,-0.84,-0.71,9.88,-0.01,0.01,-0.01,-0.12,5.59,8.22,-0.00,0.01,-0.03,0.39,-0.18,0.92,-0.18,-0.73,-0.06,R
7.649,63,0,1,0,13,-1.60,-2.65,9.54,-0.01,0.03,-0.03,-4.14,-0.28,9.08,-0.02,0.03,-0.03,-2.77,1.69,9.30,-0.05,0.01,-0.01,-0.90,-0.71,9.85,-0.01,0.00,-0.03,-0.13,5.58,8.31,-0.01,0.01,-0.04,0.38,-0.18,0.92,0.61,-0.98,-0.31,R
7.7,67,0,0,0,16,-1.55,-2.84,9.57,0.01,0.01,-0.04,-4.09,-0.25,9.06,-0.03,0.01,-0.01,-2.69,1.72,9.31,-0.06,-0.01,-0.00,-0.95,-0.72,9.80,-0.01,0.01,-0.01,-0.18,5.50,8.27,-0.01,0.02,-0.02,0.38,-0.18,0.92,0.85,-1.10,0.00,R
7.751,104,0,2,0,0,-1.51,-2.68,9.49,0.02,0.02,-0.02,-4.06,-0.30,9.03,-0.01,0.01,-0.01,-2.69,1.75,9.28,-0.02,-0.00,-0.01,-0.86,-0.73,9.83,-0.02,0.01,-0.01,-0.17,5.61,8.30,-0.01,0.01,-0.02,0.39,-0.18,0.92,0.43,-0.43,-0.06,R
7.802,69,0,1,0,10,-1.55,-2.71,9.51,-0.01,0.02,-0.04,-4.02,-0.33,9.02,-0.03,0.00,-0.02,-2.67,1.66,9.29,-0.05,-0.01,-0.01,-0.88,-0.77,9.82,-0.01,0.00,-0.02,-0.14,5.52,8.27,-0.01,0.01,-0.02,0.37,-0.18,0.92,0.92,-0.67,-0.43,R
7.853,86,0,2,0,0,-1.60,-2.77,9.36,0.11,0.04,-0.02,-4.01,-0.24,8.98,0.02,-0.03,0.00,-2.68,1.67,9.31,-0.02,-0.02,-0.00,-0.87,-0.74,9.78,-0.02,0.00,-0.01,-0.19,5.54,8.31,-0.01,0.01,-0.01,0.39,-0.19,0.92,2.99,0.73,-0.92,R
7.904,98,0,0,0,9,-1.52,-2.74,9.52,0.01,0.02,-0.04,-4.07,-0.37,9.02,-0.02,0.01,-0.01,-2.66,1.67,9.32,-0.03,-0.01,-0.01,-0.86,-0.71,9.79,-0.01,0.00,-0.01,-0.16,5.53,8.35,-0.00,0.01,-0.01,0.37,-0.18,0.92,0.18,-0.55,-0.61,R
7.955,60,0,2,0,0,-1.51,-2.71,9.47,0.01,0.01,-0.01,-4.07,-0.30,9.08,-0.01,0.03,0.00,-2.69,1.68,9.27,-0.06,0.01,0.00,-0.79,-0.73,9.84,-0.01,0.01,-0.01,-0.13,5.55,8.28,0.00,0.01,-0.01,0.38,-0.18,0.92,0.79,0.24,0.00,R
8.006,43,0,0,0,28,-1.62,-2.67,9.53,0.01,0.02,0.00,-4.04,-0.37,9.00,-0.01,0.02,-0.00,-2.63,1.66,9.28,-0.04,0.00,0.00,-0.83,-0.74,9.82,-0.01,0.01,-0.02,-0.14,5.52,8.32,0.00,0.01,-0.01,0.38,-0.18,0.92,1.46,0.79,-0.06,R
8.057,94,0,0,0,13,-1.56,-2.65,9.50,0.01,0.01,-0.01,-4.05,-0.45,9.01,0.00,0.02,0.01,-2.67,1.65,9.30,-0.05,0.01,0.01,-0.86,-0.75,9.79,-0.01,0.01,0.00,-0.15,5.49,8.33,0.01,0.02,-0.01,0.38,-0.18,0.92,0.00,0.12,-0.18,R
8.108,69,0,1,0,0,-1.58,-2.72,9.56,0.02,0.02,-0.00,-4.06,-0.31,9.07,-0.01,0.02,0.00,-2.66,1.72,9.38,-0.04,-0.00,-0.00,-0.87,-0.75,9.82,-0.01,0.01,-0.00,-0.10,5.54,8.30,-0.01,0.01,-0.01,0.38,-0.18,0.92,0.67,-0.12,-0.24,R
8.16,60,0,0,0,18,-1.58,-2.64,9.45,0.02,0.02,0.00,-4.11,-0.37,9.17,-0.01,0.01,0.01,-2.66,1.61,9.31,-0.04,-0.01,0.00,-0.88,-0.75,9.84,-0.01,0.00,-0.01,-0.19,5.55,8.33,-0.01,0.02,-0.00,0.38,-0.18,0.91,1.89,1.28,-0.18,R
8.21,0,7,0,4,48,-1.62,-2.64,9.47,0.07,0.03,-0.00,-4.16,-0.29,9.62,0.05,-0.05,0.04,-2.65,1.81,9.26,-0.07,-0.06,0.01,-0.85,-0.75,9.85,-0.03,-0.01,-0.01,-0.16,5.47,8.32,-0.01,0.03,0.01,0.38,-0.18,0.92,4.15,1.83,-0.31,R
8.262,0,6,0,0,46,-1.64,-2.67,9.43,0.39,0.10,-0.04,-3.92,-0.51,9.12,-0.01,-0.21,0.03,-2.52,1.82,9.41,-0.00,-0.21,0.01,-0.84,-0.71,10.13,-0.10,-0.04,-0.03,-0.11,5.41,8.30,-0.06,0.04,0.05,0.38,-0.18,0.91,13.73,3.30,-1.95,R
8.313,100,0,0,0,0,-1.59,-2.33,9.49,1.23,0.33,0.14,-3.82,-0.35,9.20,0.21,-0.47,0.12,-2.20,1.37,9.05,0.10,-0.49,0.10,-0.73,-0.96,9.98,-0.20,-0.02,-0.01,-0.19,5.52,8.36,-0.03,0.06,0.15,0.42,-0.22,0.89,21.18,10.19,-8.67,R
8.363,0,0,0,0,37,-1.78,-1.50,9.65,1.01,0.22,-0.00,-3.45,-0.03,9.35,0.25,-0.56,0.02,-1.97,1.81,9.38,-0.10,-0.50,0.03,-1.60,-0.72,10.05,-0.17,-0.02,-0.02,0.03,5.51,8.46,-0.06,0.04,0.09,0.38,-0.19,0.93,20.94,-2.20,-9.03,R
8.414,20,0,0,0,36,-2.01,-1.18,9.78,1.25,0.28,0.21,-3.33,-0.09,9.40,0.12,-0.54,0.11,-2.06,1.76,9.39,-0.09,-0.42,0.13,-0.93,-0.84,9.73,-0.13,-0.02,-0.07,-0.08,5.42,8.34,0.02,0.10,0.20,0.42,-0.26,0.88,21.85,8.85,-7.32,R
8.465,97,0,0,0,19,-2.04,-0.21,9.74,1.09,0.22,0.19,-2.93,0.03,9.45,0.02,-0.42,0.10,-1.79,1.58,9.52,-0.12,-0.34,0.08,-0.71,-1.12,9.84,-0.09,-0.01,-0.03,-0.12,5.48,8.31,0.01,0.07,0.09,0.39,-0.26,0.88,13.98,-0.61,-7.02,R
8.516,98,0,0,0,0,-2.15,-0.05,9.79,0.22,0.08,0.02,-2.89,-0.07,9.45,0.15,-0.14,0.03,-1.68,1.50,9.50,-0.02,-0.13,0.03,-0.82,-1.15,9.74,-0.07,-0.01,0.01,0.01,5.50,8.30,0.00,0.09,0.05,0.38,-0.27,0.89,-0.79,-1.53,-3.36,R
8.567,6,0,0,0,43,-2.22,0.00,9.83,0.48,0.10,0.07,-2.92,0.23,9.37,0.05,-0.20,0.08,-1.63,1.59,9.63,-0.08,-0.17,0.10,-0.68,-1.41,9.73,-0.04,-0.05,0.09,0.03,5.64,8.18,0.15,0.23,0.29,0.42,-0.27,0.90,-1.22,2.81,-5.37,R
8.618,0,0,0,0,48,-2.25,0.49,9.87,0.30,0.09,-0.10,-2.70,-0.11,9.55,-0.05,-0.13,0.05,-1.49,1.65,9.60,-0.08,-0.12,0.02,-0.71,-1.43,9.86,0.03,-0.06,0.15,0.15,5.59,7.96,-0.24,0.14,0.06,0.34,-0.26,0.91,-0.31,-9.64,-4.70,R
8.669,0,17,0,12,63,-2.22,0.22,9.66,0.10,0.02,-0.06,-2.89,0.47,9.54,0.18,-0.14,0.03,-1.45,2.04,9.52,0.03,-0.11,0.04,-0.75,-1.36,9.74,-0.01,-0.01,0.10,-0.09,5.38,8.32,-0.23,0.22,0.10,0.38,-0.28,0.88,4.58,2.87,-1.59,R
8.72,0,19,0,17,65,-2.15,0.64,9.77,0.24,0.15,-0.18,-2.51,0.06,9.55,-0.04,-0.12,0.08,-1.44,1.84,9.59,0.01,-0.10,0.04,-0.61,-0.94,9.80,0.08,-0.03,-0.04,-0.61,5.18,8.68,-0.13,0.07,0.02,0.43,-0.27,0.90,-3.42,-2.50,-2.01,R
8.771,0,22,0,23,71,-2.29,0.38,9.51,0.02,0.06,-0.12,-2.47,0.00,9.58,0.06,-0.06,0.06,-1.39,1.68,9.54,0.05,-0.04,-0.01,-0.59,-1.24,9.69,0.05,-0.03,-0.05,-0.15,5.07,8.52,-0.11,0.04,0.02,0.38,-0.28,0.89,-1.59,3.78,-3.30,R
8.822,0,0,0,0,0,-2.35,0.50,9.72,0.01,0.00,-0.05,-2.44,0.26,9.52,0.07,-0.01,0.05,-1.22,1.66,9.56,-0.00,-0.03,-0.04,-0.57,-0.92,9.76,-0.00,-0.01,-0.01,-0.15,5.30,8.58,-0.14,0.06,0.03,0.36,-0.25,0.90,-2.01,2.75,-1.89,R
8.874,0,22,0,0,0,-2.38,0.42,9.69,-0.03,0.00,-0.00,-2.48,0.32,9.61,0.04,0.03,0.05,-1.34,1.75,9.58,-0.02,0.01,-0.04,-0.68,-1.37,9.93,-0.08,0.05,-0.01,-0.18,5.32,8.53,-0.06,0.07,0.05,0.39,-0.26,0.90,-1.28,3.85,0.24,R
8.924,0,25,0,23,69,-2.49,0.29,9.76,-0.14,0.02,-0.13,-2.41,0.23,9.54,-0.01,0.04,0.01,-1.31,1.79,9.59,-0.03,0.02,-0.03,-0.72,-1.19,9.84,-0.05,0.02,-0.01,-0.23,4.98,8.68,-0.11,0.04,-0.01,0.39,-0.26,0.90,-0.06,0.92,0.37,R
8.975,0,20,0,23,69,-2.31,0.39,9.70,-0.09,-0.02,-0.07,-2.38,0.13,9.56,-0.04,0.04,0.01,-1.33,1.68,9.61,-0.03,0.02,-0.02,-0.65,-1.05,9.79,-0.03,0.01,0.01,-0.18,5.03,8.56,-0.04,0.04,0.01,0.37,-0.26,0.89,-0.49,1.22,0.79,R
9.026,0,26,0,22,70,-2.35,0.35,9.79,-0.12,-0.02,-0.03,-2.43,0.23,9.51,-0.02,0.05,0.00,-1.39,1.73,9.56,-0.04,0.01,-0.03,-0.66,-0.94,9.76,-0.03,0.02,-0.02,-0.30,4.98,8.70,-0.05,0.02,-0.03,0.40,-0.26,0.89,-2.69,-0.98,0.43,R
9.077,0,21,0,23,29,-2.26,0.23,9.74,-0.18,-0.05,-0.03,-2.56,0.18,9.60,-0.01,0.06,-0.01,-1.34,1.75,9.55,-0.02,0.02,-0.04,-0.65,-1.03,9.80,-0.02,0.02,-0.02,-0.18,4.89,8.71,-0.04,0.00,-0.04,0.38,-0.25,0.90,-2.75,1.16,0.79,R
9.128,93,0,0,0,0,-2.25,0.11,9.72,-0.15,-0.03,-0.02,-2.44,0.24,9.60,0.02,0.05,-0.00,-1.41,1.80,9.57,-0.04,0.02,-0.02,-0.64,-1.11,9.81,-0.01,0.02,-0.00,-0.28,4.97,8.69,-0.05,-0.00,-0.04,0.40,-0.25,0.90,-0.37,0.79,0.43,R
9.179,91,0,0,0,0,-2.27,0.14,9.75,-0.07,-0.01,-0.02,-2.47,0.20,9.55,-0.01,0.04,0.00,-1.42,1.73,9.56,0.01,0.03,-0.03,-0.62,-1.07,9.76,-0.03,0.03,0.01,-0.23,4.91,8.71,-0.03,0.05,-0.01,0.38,-0.25,0.89,-0.37,0.61,0.79,R
9.23,92,0,0,0,0,-2.27,-0.02,9.80,-0.07,-0.01,-0.02,-2.50,0.16,9.53,0.00,0.04,0.00,-1.39,1.74,9.60,-0.04,0.02,-0.01,-0.60,-1.08,9.76,-0.03,0.03,0.00,-0.22,4.88,8.73,-0.03,0.04,-0.01,0.39,-0.25,0.90,-0.31,0.12,0.61,R
9.281,78,0,0,1,58,-2.26,0.06,9.75,-0.02,0.01,0.00,-2.50,0.20,9.57,-0.02,0.04,0.01,-1.50,1.76,9.51,-0.02,0.02,-0.01,-0.71,-1.18,9.83,-0.01,0.02,0.00,-0.23,4.86,8.73,-0.03,0.04,-0.00,0.39,-0.25,0.89,0.06,0.85,0.61,R
9.333,92,0,0,0,0,-2.18,0.08,9.76,-0.04,0.00,-0.02,-2.47,0.23,9.58,-0.02,0.04,0.01,-1.41,1.70,9.55,-0.03,0.02,-0.01,-0.72,-1.12,9.81,-0.02,0.02,0.01,-0.29,4.88,8.72,0.00,0.02,-0.01,0.39,-0.25,0.89,-0.92,0.06,0.67,R
9.383,91,0,0,0,0,-2.28,-0.02,9.79,-0.02,0.01,-0.01,-2.56,0.21,9.56,-0.01,0.04,0.01,-1.45,1.66,9.57,-0.04,0.01,-0.01,-0.65,-1.17,9.84,-0.01,0.01,-0.01,-0.28,4.82,8.75,0.01,0.03,-0.01,0.40,-0.25,0.90,0.18,0.55,0.49,R
9.434,93,0,0,0,0,-2.26,-0.04,9.75,-0.02,0.01,-0.01,-2.60,0.09,9.59,-0.01,0.04,-0.00,-1.47,1.73,9.57,-0.01,0.01,-0.01,-0.65,-1.16,9.84,-0.01,0.01,-0.01,-0.29,4.92,8.70,0.01,0.03,-0.01,0.39,-0.25,0.90,0.06,0.43,0.37,R
9.486,0,25,0,22,16,-2.15,0.01,9.81,-0.03,-0.00,-0.01,-2.56,0.26,9.61,-0.00,0.04,-0.00,-1.42,1.75,9.58,-0.03,0.01,-0.01,-0.73,-1.22,9.84,-0.00,0.01,0.00,-0.27,4.87,8.73,0.02,0.02,-0.01,0.39,-0.25,0.90,-0.31,-0.18,0.43,R
9.536,0,20,0,20,68,-2.18,-0.07,9.72,-0.02,0.01,-0.01,-2.51,0.18,9.55,-0.01,0.03,0.01,-1.38,1.66,9.60,-0.03,0.01,-0.01,-0.70,-1.21,9.83,-0.01,0.02,0.00,-0.34,4.84,8.72,0.01,0.02,-0.01,0.40,-0.25,0.90,0.31,0.06,0.43,R
9.588,0,26,0,23,70,-2.16,-0.08,9.67,-0.03,0.01,-0.02,-2.59,0.22,9.52,-0.02,0.04,0.00,-1.44,1.71,9.52,-0.03,0.01,-0.00,-0.74,-1.13,9.81,-0.01,0.01,0.00,-0.30,4.85,8.70,0.01,0.03,-0.02,0.39,-0.25,0.90,0.31,0.12,0.12,R
9.639,0,28,0,24,79,-2.16,-0.07,9.67,-0.01,0.01,-0.01,-2.48,0.21,9.59,-0.01,0.03,0.00,-1.45,1.65,9.72,-0.04,0.01,-0.00,-0.63,-1.13,10.03,-0.05,0.02,0.00,-0.29,4.83,8.67,0.01,0.03,-0.02,0.39,-0.24,0.90,0.31,-0.49,0.06,R
9.689,0,25,0,23,69,-2.24,-0.15,9.74,-0.02,0.01,-0.02,-2.51,0.15,9.55,-0.02,0.04,-0.00,-1.48,1.63,9.56,-0.04,0.01,-0.01,-0.71,-1.13,9.86,-0.02,0.01,0.00,-0.23,4.91,8.74,0.01,0.02,-0.01,0.39,-0.25,0.90,0.55,-0.61,0.12,R
9.74,0,23,0,25,70,-2.23,-0.10,9.74,-0.00,0.01,-0.00,-2.54,0.12,9.48,-0.02,0.03,0.00,-1.47,1.59,9.51,-0.03,0.01,-0.00,-0.61,-1.22,9.78,0.00,0.01,-0.01,-0.25,4.86,8.71,0.02,0.02,-0.01,0.39,-0.25,0.89,0.24,0.61,0.43,R
9.791,0,20,0,19,67,-2.61,-0.31,9.84,-0.08,0.08,-0.14,-2.56,0.27,9.58,-0.00,0.04,-0.00,-1.51,1.82,9.52,-0.02,0.01,-0.00,-0.69,-1.03,9.71,0.01,0.01,0.00,-0.16,4.75,8.49,0.01,0.02,-0.01,0.38,-0.24,0.89,0.00,0.18,0.67,R
9.842,0,14,0,19,68,-2.06,0.03,9.51,-0.02,0.00,-0.02,-2.58,0.27,9.45,0.02,0.04,-0.00,-1.52,1.81,9.64,-0.01,0.01,-0.01,-0.65,-1.07,9.80,-0.00,0.02,-0.01,-0.27,4.90,8.73,0.02,0.02,-0.01,0.39,-0.24,0.90,0.00,0.49,0.67,R
9.893,0,16,0,19,68,-2.19,-0.13,9.74,-0.01,0.02,0.00,-2.52,0.16,9.52,-0.02,0.03,0.00,-1.41,1.62,9.55,-0.04,0.02,-0.00,-0.69,-1.19,9.81,-0.01,0.01,-0.01,-0.31,4.91,8.71,0.01,0.02,-0.01,0.39,-0.25,0.89,0.12,-0.49,0.18,R
9.944,0,20,0,27,70,-2.23,-0.21,9.73,-0.03,0.01,-0.02,-2.60,0.11,9.55,-0.03,0.03,0.00,-1.44,1.75,9.56,-0.04,0.00,-0.01,-0.67,-1.00,9.82,-0.06,0.04,-0.01,-0.24,4.89,8.67,0.01,0.02,-0.02,0.39,-0.24,0.90,0.61,-0.67,0.37,R
9.995,0,26,0,33,72,-2.24,-0.15,9.77,-0.02,0.01,-0.00,-2.59,0.14,9.60,0.00,0.04,0.00,-1.49,1.72,9.57,-0.02,0.01,-0.00,-0.70,-1.17,9.84,-0.00,0.01,0.00,-0.43,4.77,8.83,0.02,0.02,0.01,0.39,-0.25,0.90,0.55,1.22,0.73,R
10.046,0,28,0,26,72,-2.19,-0.12,9.78,-0.02,0.01,-0.01,-2.58,0.15,9.57,-0.02,0.04,0.00,-1.47,1.70,9.58,-0.03,0.02,-0.00,-0.70,-1.17,9.80,0.00,0.02,-0.00,-0.27,4.87,8.66,0.03,0.02,-0.02,0.39,-0.24,0.89,-0.37,-0.37,0.43,R
10.097,0,27,0,28,74,-3.62,-0.44,9.89,-0.08,0.12,-0.11,-2.73,0.31,9.38,0.04,0.05,0.00,-1.53,1.85,9.51,0.00,0.03,0.00,-0.68,-1.14,9.83,0.01,0.02,0.01,-0.23,4.98,8.66,0.05,0.03,-0.01,0.40,-0.24,0.90,-0.73,2.14,1.34,R
10.148,92,0,0,0,0,-2.24,-0.21,9.74,-0.06,0.03,-0.04,-2.59,0.19,9.55,0.02,0.06,-0.00,-1.57,1.75,9.50,-0.01,0.05,-0.01,-0.70,-1.17,9.79,0.00,0.02,0.01,-0.29,4.95,8.67,0.02,0.02,-0.00,0.39,-0.24,0.90,-0.85,1.10,1.83,R
10.199,0,25,0,0,0,-2.19,-0.62,9.46,-0.06,0.02,0.02,-2.63,0.31,9.49,0.03,0.05,0.01,-1.58,1.71,9.55,-0.01,0.04,0.00,-0.68,-1.17,9.82,0.00,0.02,0.01,-0.33,4.94,8.71,0.03,0.03,-0.01,0.40,-0.24,0.90,0.00,2.08,1.34,R
10.25,0,0,0,0,0,-2.16,-0.23,9.76,-0.05,0.02,0.01,-2.63,0.23,9.48,0.07,0.09,-0.00,-1.50,1.67,9.55,0.03,0.08,-0.01,-0.71,-1.12,9.84,0.01,0.03,0.02,-0.30,4.96,8.65,0.04,0.01,0.01,0.39,-0.24,0.90,-1.28,3.72,2.01,R
10.301,0,0,0,0,0,-2.29,-0.26,9.91,-0.40,-0.04,0.12,-2.32,0.53,10.02,0.08,0.53,-0.01,-1.65,1.63,9.45,0.18,0.22,-0.04,-0.70,-1.15,9.81,0.06,0.04,0.04,-0.26,4.94,8.63,0.05,0.00,-0.01,0.40,-0.24,0.89,-4.15,9.28,4.39,R
10.352,0,28,0,0,0,-2.07,-0.50,9.95,-0.91,-0.12,0.25,-3.05,0.28,9.56,0.39,0.69,0.01,-1.93,1.89,9.31,0.31,0.51,-0.06,-1.09,-1.56,10.01,0.26,0.13,0.06,-0.27,5.17,8.61,0.37,0.01,0.01,0.41,-0.24,0.91,-12.27,15.87,7.45,R
10.404,52,0,0,0,0,-1.76,-1.25,9.60,-0.55,0.00,0.31,-3.13,0.93,8.87,0.22,1.06,-0.04,-2.12,1.95,9.38,0.35,0.78,-0.05,-0.76,-0.88,10.07,0.56,0.25,0.17,-0.38,5.21,8.34,0.52,-0.05,-0.05,0.41,-0.22,0.92,-10.80,20.39,11.41,R
10.455,93,0,0,0,0,-2.90,-2.89,14.37,-0.20,-0.40,0.25,-5.03,-0.35,9.61,0.21,1.83,-0.04,-3.06,2.72,9.64,0.69,1.57,-0.02,-1.26,-0.98,9.97,1.69,0.65,0.32,-0.48,5.37,7.87,1.54,0.00,-0.19,0.46,-0.25,0.90,-31.62,28.93,18.68,R
10.505,0,41,0,23,75,-2.05,-0.04,7.49,-0.10,-0.76,-0.16,-5.54,2.14,9.89,0.12,0.15,-0.03,-4.22,3.31,10.47,0.50,1.00,0.21,-2.15,2.18,10.31,2.28,0.90,0.07,-0.45,8.14,6.17,1.27,-0.28,-0.51,0.44,-0.20,0.86,-18.74,18.37,25.21,R
10.556,0,21,0,3,60,-2.22,-2.12,12.36,1.15,-0.77,0.32,-6.03,2.45,9.40,1.13,-0.20,0.72,-4.55,4.77,9.47,1.41,0.42,0.95,-2.58,3.88,11.15,1.92,0.01,0.74,-0.66,9.23,6.55,2.25,-0.20,0.68,0.54,-0.22,0.84,-10.31,102.29,41.44,R
10.607,0,19,0,5,56,-1.64,1.23,9.81,2.04,-0.65,0.34,-5.04,3.33,8.79,1.43,-0.11,1.25,-3.84,5.01,7.89,1.57,0.25,1.08,-1.70,4.34,8.79,1.73,0.04,0.86,0.04,8.62,4.44,1.84,0.11,0.62,0.73,-0.16,0.81,-3.72,97.29,49.68,R
10.658,58,0,0,0,43,-1.04,2.61,10.52,2.79,-0.24,0.80,-5.07,4.52,9.14,1.92,0.19,1.70,-3.84,6.84,8.01,2.51,0.70,1.49,-1.53,6.21,8.50,3.22,0.29,1.41,0.38,10.03,3.19,3.68,0.43,0.79,0.66,-0.07,0.69,24.66,157.10,60.85,R
10.709,81,0,0,0,42,-1.23,4.01,9.68,3.38,-0.06,1.37,-4.25,4.89,7.88,2.53,0.18,2.43,-3.60,6.78,6.85,2.68,0.87,1.98,-1.68,6.14,8.37,3.13,0.31,1.58,0.38,10.53,3.69,3.32,0.63,0.80,0.98,-0.08,0.61,45.47,182.56,67.14,R
10.761,60,0,0,0,0,-0.41,3.82,10.10,3.00,-0.37,1.58,-3.88,6.27,7.75,1.92,0.21,2.18,-2.99,8.75,5.21,2.33,1.14,1.82,-0.81,7.69,5.84,2.71,0.85,1.80,0.91,9.06,-0.40,3.31,1.12,0.86,0.81,-0.01,0.48,36.32,144.71,72.88,R
10.811,0,20,0,5,60,-0.09,6.23,8.82,3.42,0.09,2.01,-2.35,5.89,6.21,2.69,0.53,2.63,-2.55,7.75,3.99,2.74,1.78,2.05,-0.64,8.03,5.14,3.30,1.57,1.87,0.96,9.62,-0.78,3.78,1.59,0.53,1.05,0.00,0.34,61.58,192.20,70.68,R
10.862,7,18,0,0,34,1.01,5.20,7.85,3.06,0.73,2.43,-2.55,7.30,6.09,2.34,1.23,2.60,-1.97,8.93,2.51,2.68,2.59,1.99,0.12,8.65,3.34,3.84,2.91,2.00,0.35,9.63,-3.19,5.19,2.11,0.09,0.94,0.06,0.15,78.55,188.48,57.25,R
10.913,30,16,0,0,60,1.07,5.43,6.43,3.56,0.32,1.29,-2.53,9.00,4.45,2.78,2.48,2.13,-2.31,8.39,4.74,0.88,4.03,1.43,-2.19,14.72,1.21,3.29,4.16,1.48,-0.92,16.34,-0.53,2.20,3.88,-1.03,1.04,0.12,0.06,63.66,180.42,60.12,R
10.964,0,53,0,17,0,2.68,8.37,2.80,2.74,1.04,1.73,-0.10,10.16,1.39,1.83,1.23,2.01,-2.74,10.42,1.66,1.22,2.62,1.61,-1.66,9.85,3.06,1.39,2.28,1.57,0.95,10.66,-2.93,1.92,2.16,0.06,1.06,0.07,-0.19,91.00,133.30,28.32,R
11.016,0,174,211,255,150,2.40,8.57,3.40,1.76,0.49,1.21,-0.57,8.73,2.78,0.49,1.35,1.74,-0.51,9.74,0.52,0.48,1.52,1.16,0.65,9.30,0.45,0.74,1.61,1.17,2.02,7.40,-4.87,1.05,1.73,0.25,0.95,0.17,-0.18,50.84,67.44,35.03,R
11.066,0,178,212,255,155,2.93,8.29,3.33,1.79,0.89,1.07,0.99,9.04,2.06,0.93,0.96,1.61,0.55,8.66,-0.62,0.86,1.27,1.20,1.16,9.51,-0.13,1.05,1.23,1.21,2.75,8.53,-5.43,1.47,1.70,0.05,0.92,0.21,-0.22,76.97,87.71,20.26,R
11.117,105,0,4,0,0,3.75,7.59,1.67,1.48,0.29,0.87,0.28,7.95,3.31,0.77,0.80,1.14,-0.05,9.67,1.08,0.76,0.96,1.12,1.33,8.57,0.43,0.80,0.78,1.12,3.48,6.61,-5.60,1.09,0.95,0.62,0.84,0.20,-0.31,41.99,76.42,26.79,R
11.168,77,0,1,0,44,3.32,9.62,-0.40,1.77,0.41,0.69,2.27,9.36,0.81,0.75,0.66,1.37,1.93,10.06,-2.31,0.84,0.92,1.15,2.77,9.62,-1.19,0.95,0.90,1.12,4.14,6.56,-6.13,1.25,1.04,0.46,0.84,0.28,-0.34,48.16,83.01,23.74,R
11.219,95,0,0,0,62,4.59,6.80,0.75,1.84,0.26,0.94,2.52,7.28,1.91,0.83,0.85,1.93,2.02,8.43,-1.17,0.92,1.29,1.51,2.73,7.65,-0.97,1.36,1.30,1.50,4.18,5.40,-5.63,1.80,1.46,0.55,0.78,0.29,-0.42,45.90,104.37,23.25,R
11.27,97,0,0,0,0,4.73,7.92,-1.00,1.76,0.43,0.73,3.60,9.10,1.11,0.93,0.80,1.62,3.12,9.32,-1.34,0.88,1.18,1.39,4.05,8.82,-1.54,1.05,1.08,1.37,5.24,5.43,-6.21,1.28,1.40,0.61,0.83,0.32,-0.51,29.91,94.36,21.97,R
11.321,113,0,6,0,0,5.59,7.14,-1.57,1.84,0.09,0.78,4.50,9.63,0.16,0.77,0.80,2.04,4.14,8.87,-2.50,0.95,1.40,1.55,5.27,7.94,-2.83,1.45,1.58,1.61,6.11,4.22,-7.41,1.88,1.94,0.46,0.67,0.40,-0.56,32.04,106.20,21.73,R
11.373,113,0,8,0,0,5.40,9.12,-3.33,1.80,0.65,0.26,4.80,7.05,0.94,0.94,0.79,1.70,3.97,8.47,-1.56,0.81,1.51,1.21,4.74,8.21,-0.70,1.00,1.62,1.07,4.93,5.30,-3.31,0.91,1.77,0.07,0.87,0.39,-0.62,27.53,74.10,15.20,R
11.423,0,188,218,255,163,6.56,8.53,-5.09,-1.09,0.98,0.02,6.46,5.70,-0.60,-0.92,1.15,0.12,4.62,4.85,0.11,-1.21,0.78,-0.57,4.26,4.50,0.46,-1.13,0.50,-0.86,4.33,3.95,-1.35,-1.59,0.10,-1.13,0.89,0.38,-0.66,9.77,-72.20,8.48,R
11.474,3,193,219,255,167,6.77,7.97,-6.74,-3.83,0.64,-1.67,6.95,5.98,-0.36,-2.70,0.93,-3.60,5.07,6.93,-1.38,-2.79,0.25,-3.46,4.42,6.50,-0.42,-3.27,-0.10,-3.55,4.61,5.24,-3.91,-4.03,-1.30,-3.01,0.88,0.38,-0.56,-34.36,-259.95,-6.90,R
11.526,13,195,220,255,167,5.97,6.04,-3.02,-5.84,1.32,-2.16,3.18,4.57,2.60,-3.07,0.77,-4.77,1.70,5.90,0.79,-2.94,-0.75,-5.01,1.88,6.72,0.21,-3.21,-0.31,-5.03,2.56,6.98,-3.32,-3.95,-1.85,-4.31,0.94,0.35,-0.51,-8.91,-318.97,-45.65,R
11.576,9,197,220,255,172,3.88,1.58,4.44,-5.57,-0.76,-3.51,0.00,5.81,3.83,-2.93,0.78,-5.89,-2.19,6.37,3.35,-3.27,-0.74,-6.29,-2.46,7.10,3.88,-3.32,-0.40,-6.24,-1.25,10.38,0.69,-4.34,-2.60,-5.12,0.91,0.34,-0.12,-55.48,-362.92,-66.89,R
11.628,6,194,219,255,170,0.91,8.71,0.29,-7.93,0.97,-3.17,-4.39,3.14,6.71,-3.14,0.65,-7.34,-6.46,8.09,7.43,-3.34,-1.71,-7.15,-6.13,10.46,7.54,-3.54,-2.06,-7.26,-3.22,13.52,0.81,-5.06,-4.46,-5.18,0.80,0.32,0.09,-56.76,-441.35,-79.90,R
11.678,0,194,219,255,166,0.48,-6.28,12.47,-6.95,0.54,-2.94,-5.55,3.09,6.61,-3.50,-1.04,-6.10,-7.51,4.69,6.55,-3.40,-2.70,-6.45,-6.02,7.59,5.69,-3.70,-2.38,-6.37,-2.17,11.54,-0.96,-4.98,-3.97,-4.25,0.39,0.37,0.44,-19.04,-399.96,-41.50,R
11.729,0,194,218,255,163,1.13,-2.86,7.14,-6.62,1.41,-3.37,-5.46,-0.28,6.22,-3.23,0.82,-5.81,-5.76,3.84,6.22,-3.58,-1.36,-5.45,-4.96,3.57,7.02,-4.13,-1.33,-5.03,-4.01,7.48,6.00,-4.97,-3.03,-3.57,0.36,0.30,0.74,32.90,-356.45,-92.22,R
11.78,0,193,217,255,158,-2.05,-6.14,6.16,-6.89,2.13,-0.74,-8.70,-2.48,10.28,-2.97,0.49,-4.05,-5.59,-0.32,6.82,-3.23,-0.76,-4.22,-4.32,1.91,7.02,-3.59,-1.53,-4.31,-2.52,5.97,5.43,-4.41,-2.96,-2.96,-0.08,0.27,0.91,101.99,-289.49,-92.41,R
11.832,0,192,215,255,152,-2.76,-10.54,11.64,-3.57,1.72,-1.19,-5.32,-5.90,4.44,-2.19,1.45,-2.56,-5.38,-4.49,5.52,-2.57,1.20,-3.04,-4.82,-3.39,6.72,-2.41,1.70,-2.51,-3.29,1.75,8.09,-2.63,-0.08,-2.08,-0.20,0.11,1.03,85.02,-165.65,-72.45,R
11.882,0,192,215,255,147,-3.72,-6.53,6.89,-2.48,2.25,-1.01,-7.85,-6.58,5.89,-0.88,2.78,-1.94,-6.49,-5.82,7.27,-1.33,1.46,-2.21,-5.29,-5.21,6.11,-1.30,0.67,-2.40,-5.25,0.00,10.17,-1.90,-0.44,-2.44,-0.14,0.01,1.04,126.46,-91.61,-71.47,R
11.934,0,190,213,255,142,-2.72,-10.07,2.22,-3.54,2.16,0.60,-7.18,-7.11,2.99,-1.61,2.14,-1.93,-6.90,-7.05,4.53,-1.49,1.62,-2.69,-6.46,-3.86,6.72,-2.15,1.36,-3.03,-4.24,3.79,11.99,-3.06,-0.43,-2.89,-0.10,-0.14,0.93,143.74,-154.30,-92.96,R
11.984,0,189,213,255,133,-5.09,-11.64,3.80,-4.14,2.37,0.08,-7.90,-7.10,3.08,-2.26,2.02,-2.42,-7.97,-5.38,7.54,-2.43,1.54,-2.79,-5.78,-4.76,7.04,-2.91,0.90,-2.44,-2.83,-0.38,7.47,-3.82,-0.96,-1.32,-0.47,-0.19,0.85,118.16,-157.65,-62.26,R
12.035,0,185,212,255,120,-5.38,-10.52,4.11,-2.96,1.76,0.66,-9.54,-7.59,4.32,-1.89,1.69,-1.58,-6.50,-7.35,3.62,-1.98,1.32,-1.77,-5.21,-5.84,4.08,-1.94,1.67,-1.36,-3.11,-2.80,7.03,-1.95,1.48,-1.20,-0.49,-0.34,0.86,94.67,-115.11,-35.89,R
12.086,0,184,212,255,118,-5.78,-10.71,-1.70,-2.92,1.68,1.97,-5.84,-5.97,-2.26,-2.40,1.77,-0.03,-5.61,-6.08,1.54,-2.19,1.23,-0.70,-4.79,-6.86,1.52,-2.05,1.78,-0.58,-3.72,-5.12,3.70,-1.61,2.64,-0.70,-0.54,-0.37,0.74,114.56,-92.16,-4.70,R
12.137,0,183,212,255,123,-6.88,-8.40,-0.10,-1.53,1.18,1.66,-7.53,-5.55,-1.77,-1.52,2.73,0.13,-5.86,-6.30,-1.22,-1.70,2.56,-0.09,-5.29,-6.43,-0.22,-1.58,3.01,0.49,-5.69,-4.25,4.49,-0.57,4.73,-0.51,-0.64,-0.41,0.68,135.25,-38.94,28.44,R
12.188,0,179,212,255,140,-8.98,-4.01,-2.05,-0.84,0.59,3.54,-7.26,-4.09,-3.74,-1.79,1.10,1.96,-7.85,-4.95,-2.30,-1.78,2.97,1.33,-7.60,-4.64,-1.27,-1.46,3.72,1.64,-6.85,-2.73,1.65,-0.36,5.47,0.24,-0.59,-0.57,0.55,172.97,0.67,87.04,R
12.239,0,171,211,255,152,-9.58,-8.65,0.83,0.54,-0.69,4.08,-11.23,-3.19,-1.75,-1.67,2.58,3.26,-10.06,-5.11,-2.11,-2.03,3.47,2.71,-9.50,-5.35,-2.41,-1.34,3.78,3.06,-11.04,-2.03,1.74,0.11,6.12,1.12,-0.48,-0.72,0.41,171.69,71.72,146.24,R
12.291,0,168,211,255,162,-9.58,-7.61,-0.00,1.49,-1.81,3.53,-10.69,-7.67,-3.16,-1.13,1.33,3.26,-10.79,-9.10,-1.03,-1.51,2.07,2.73,-11.88,-6.63,0.61,-1.07,2.82,2.81,-12.07,-0.77,3.02,-0.08,3.89,1.41,-0.23,-0.89,0.37,122.74,83.44,149.41,R
12.341,0,167,211,255,163,-11.29,-6.48,2.08,1.89,-2.33,3.87,-11.98,-2.95,-2.05,-1.01,0.06,3.19,-10.90,-4.62,-3.46,-1.52,0.69,3.15,-10.62,-4.47,-4.55,-1.03,0.79,3.21,-11.54,-3.32,-1.29,-0.09,2.29,2.48,-0.17,-0.97,0.32,94.36,104.13,157.78,R
12.392,0,166,211,255,163,-10.10,-4.37,3.06,2.67,-3.21,1.50,-13.71,-6.04,2.02,0.26,-1.85,3.06,-12.63,-5.77,1.93,0.05,-0.48,3.00,-12.43,-3.99,1.29,0.08,-0.14,3.14,-12.20,-0.44,2.50,0.58,0.86,2.97,0.06,-1.01,0.26,2.20,117.49,142.76,R
12.444,0,170,211,255,161,-8.09,-5.17,1.43,2.33,-2.63,-0.36,-9.94,-4.30,-3.46,0.71,-2.89,1.98,-10.53,-6.03,-1.92,0.28,-2.30,2.67,-10.81,-5.69,-1.52,0.50,-1.81,2.56,-10.59,-3.35,-1.33,1.10,-0.30,2.16,0.16,-0.85,0.35,-94.73,97.78,127.32,R
12.494,0,176,210,255,158,-9.71,-2.00,4.03,2.39,-3.16,-0.66,-10.46,-1.45,-2.68,1.04,-2.20,1.25,-10.29,-1.89,-2.86,0.96,-2.41,2.13,-10.11,0.74,-1.02,1.00,-2.37,2.32,-9.37,3.19,0.51,0.92,-0.58,3.22,0.08,-0.77,0.47,-112.79,87.95,105.65,R
12.545,0,177,210,255,157,-9.02,-3.86,7.65,2.74,-3.17,0.61,-11.40,3.00,-1.29,1.44,-2.30,3.18,-11.23,0.58,-2.72,1.35,-2.34,4.20,-10.12,0.42,-3.38,1.37,-2.18,4.43,-9.45,1.61,-3.02,1.41,-0.34,4.94,0.26,-0.67,0.44,-129.03,188.29,156.92,R
12.597,0,183,210,255,153,-8.73,-1.36,6.59,4.41,-3.49,0.48,-11.23,-1.22,0.04,2.01,-2.31,4.03,-10.92,-0.81,-1.10,2.23,-1.39,4.46,-10.78,1.34,-1.03,2.40,-1.36,4.30,-10.29,5.52,-0.84,2.51,0.73,4.37,0.57,-0.53,0.45,-96.31,232.12,139.83,R
12.647,0,183,210,255,156,-6.01,-4.21,3.69,4.15,-2.71,0.19,-8.90,2.30,-1.24,1.96,-1.73,3.51,-9.67,3.06,-1.47,2.09,-0.88,4.15,-9.93,4.38,0.34,1.86,-0.90,4.32,-8.79,6.12,-0.72,1.90,0.82,4.21,0.81,-0.43,0.36,-101.07,200.38,131.77,R
12.698,0,187,211,255,155,-6.55,6.55,7.22,4.33,-2.75,0.96,-8.59,4.23,1.84,1.55,-2.00,2.88,-8.80,4.11,0.68,1.76,-1.47,3.46,-8.10,6.06,-0.13,1.64,-1.42,3.27,-6.02,7.91,-3.38,1.71,0.16,3.26,0.94,-0.30,0.30,-52.67,170.23,117.00,R
12.749,0,186,211,255,156,-3.39,2.38,5.43,4.19,-4.51,2.12,-7.49,7.95,-0.36,1.71,-2.45,3.56,-8.93,8.47,-0.94,1.76,-1.11,4.21,-7.43,9.17,-0.00,1.98,-1.07,4.56,-6.25,9.85,-2.82,1.50,0.25,4.40,0.86,-0.25,0.14,-69.82,187.81,137.08,R
12.8,0,189,211,255,155,-2.53,10.92,2.33,2.71,-2.27,-0.03,-6.04,5.41,2.54,-0.01,-1.91,1.97,-6.88,2.94,2.40,-0.31,-1.87,2.35,-8.16,3.59,3.45,-0.21,-2.57,1.92,-7.35,7.07,1.93,-0.61,-2.01,2.53,1.26,-0.24,0.06,-65.43,28.26,93.32,R
12.851,0,189,211,255,154,-0.15,9.07,4.34,0.06,-4.06,1.56,-7.01,5.89,4.13,-1.22,-3.35,0.08,-6.96,6.80,0.19,-0.88,-3.38,0.59,-7.17,9.62,2.60,-1.27,-3.44,0.54,-5.63,12.35,0.02,-2.13,-2.85,1.91,1.00,-0.05,0.22,-142.52,-89.72,95.28,R
12.903,0,186,210,255,152,2.18,7.39,-1.58,-5.37,-1.91,-0.25,-1.98,6.27,1.47,-3.60,-2.79,-2.96,-6.08,6.06,3.96,-4.07,-4.34,-2.00,-8.51,5.32,6.10,-5.09,-5.44,-2.10,-8.65,10.07,4.78,-6.38,-5.40,0.76,1.07,-0.01,0.32,-174.74,-318.12,60.79,R
12.953,0,187,210,255,149,3.44,2.45,6.18,-7.16,-3.25,-0.21,-4.21,3.73,4.41,-4.83,-3.74,-4.93,-6.04,7.58,2.51,-4.34,-5.14,-3.93,-4.37,10.48,0.91,-5.43,-5.41,-3.30,-2.20,12.09,-4.50,-6.20,-5.07,0.15,0.48,0.13,0.39,-184.02,-418.76,21.91,R
13.004,0,185,210,255,143,5.57,-2.37,4.83,-6.75,-1.40,-0.68,-0.64,3.13,4.30,-3.70,-1.86,-3.78,-2.43,3.85,5.13,-3.93,-3.73,-2.36,-1.67,0.22,3.25,-4.52,-3.80,-1.71,-1.23,2.82,2.76,-4.80,-3.44,0.55,0.41,0.24,0.74,-77.58,-252.44,-20.75,R
13.056,0,186,209,255,137,0.82,3.17,14.20,-3.22,-0.95,-1.25,-6.11,-0.53,7.57,-1.07,-1.00,-2.94,-1.12,3.75,1.38,-1.45,-2.22,-2.41,0.42,5.63,1.79,-2.48,-2.64,-2.10,1.10,6.90,2.11,-2.52,-2.85,-0.63,0.28,0.22,0.97,-18.68,-163.09,-62.62,R
13.106,0,183,207,255,123,3.08,-2.32,8.40,-2.01,0.62,-0.73,-3.89,-1.02,8.17,-0.59,0.08,-1.10,-3.77,-0.79,9.72,-1.15,-0.32,-1.17,-2.66,-2.06,11.54,-1.26,-0.74,-1.28,0.09,1.70,9.63,-1.28,-0.69,-1.02,0.34,0.13,0.96,26.79,-51.76,-84.11,R
13.158,0,178,204,255,115,0.92,-3.04,15.71,-0.31,0.57,-0.51,-6.31,-0.43,10.24,0.54,-0.20,-1.37,-2.90,3.07,7.21,0.42,-0.69,-1.33,-0.21,3.03,6.75,-0.04,-0.06,-0.97,1.77,4.71,5.39,0.07,0.05,-0.83,0.14,0.13,1.14,16.91,-21.30,-80.75,R
13.209,0,171,201,255,109,1.51,-1.22,7.85,0.56,1.28,-0.51,-4.41,0.72,7.67,0.38,0.11,-0.24,-3.16,2.45,8.08,-0.63,0.33,-0.17,-2.44,1.54,10.88,-0.43,0.75,-0.21,-0.95,6.46,10.34,-0.79,-0.09,-0.50,0.50,0.01,1.00,49.32,26.49,-64.94,R
13.259,0,163,198,255,102,-1.25,-2.78,15.91,0.86,1.28,-0.22,-8.90,-0.15,13.57,1.03,0.44,-0.19,-5.56,4.04,11.46,1.42,-0.18,-0.14,-1.60,5.40,8.27,1.55,0.33,-0.04,1.13,10.05,4.87,1.73,1.02,-0.40,0.34,-0.07,1.09,45.72,50.17,-51.03,R
13.31,0,158,195,255,98,-0.31,-0.05,9.54,0.59,0.97,0.36,-4.39,3.18,7.40,0.47,0.17,1.03,-3.66,2.94,8.27,0.78,0.50,1.01,-5.08,2.37,14.74,1.06,1.17,0.98,-2.75,6.90,12.92,0.32,0.90,0.20,0.50,-0.08,0.89,66.41,32.17,-19.10,R
13.362,0,151,192,255,95,-0.10,-1.64,10.55,0.04,0.83,0.19,-6.46,-1.49,11.00,0.03,0.37,-0.10,-4.09,2.50,9.45,0.16,-0.24,-0.08,-2.64,3.58,9.69,-0.08,-0.10,0.00,-0.61,7.30,7.32,0.04,0.40,-0.12,0.60,-0.20,0.96,22.40,-15.32,-21.12,R
13.412,0,143,190,255,91,-0.34,-1.19,9.35,-0.13,0.39,0.25,-4.49,0.59,6.99,-0.03,0.10,0.19,-3.24,2.19,7.73,-0.15,0.57,0.08,-2.56,1.81,9.11,-0.43,0.24,0.14,-1.28,5.66,7.26,-0.39,0.35,-0.19,0.46,-0.13,0.89,36.01,-0.43,-16.60,R
13.464,0,137,190,255,91,-0.76,-1.53,10.66,-0.17,0.66,0.15,-6.41,-0.66,10.13,-0.12,0.06,-0.14,-5.10,2.84,10.86,0.07,-0.11,-0.33,-3.58,5.98,13.35,-1.14,-0.18,-0.02,-1.67,7.05,8.95,0.51,-0.32,0.26,0.53,-0.28,0.94,29.72,15.20,-22.34,R
13.515,0,130,181,255,87,-1.40,0.22,11.26,-0.33,-0.08,0.07,-5.12,0.77,8.94,-0.20,-0.73,0.09,-2.77,3.22,8.06,-0.10,-0.57,0.23,-1.57,1.92,8.28,-0.13,-0.17,0.14,-0.58,6.37,8.02,-0.98,0.04,-0.05,0.46,-0.08,0.95,-0.06,-27.16,9.58,R
13.566,0,126,186,255,83,0.69,-3.01,7.93,-0.19,0.28,0.24,-3.33,-2.61,8.34,-0.01,-0.21,0.02,-2.28,-1.41,8.66,-0.13,-0.15,-0.23,-1.79,-0.14,9.79,-0.47,-0.17,-0.37,-0.39,5.76,8.78,0.31,-0.35,-0.10,0.38,-0.15,0.86,19.04,0.98,-21.36,R
13.616,0,122,186,255,80,-1.36,0.02,11.48,0.69,0.09,-0.11,-5.29,3.52,9.35,0.06,-0.47,-0.16,-3.29,2.07,9.83,0.01,-0.26,-0.06,-2.15,1.15,9.30,0.02,-0.14,-0.04,-0.77,5.52,8.40,0.02,-0.08,-0.03,0.45,-0.21,0.94,5.80,8.12,-3.05,R
13.668,0,115,185,255,80,0.01,-2.46,9.09,0.61,0.02,-0.02,-3.78,-0.69,8.36,0.20,-0.22,-0.13,-2.66,1.65,10.48,0.17,-0.33,-0.06,-1.89,0.52,10.09,0.14,-0.23,-0.12,-0.02,5.17,8.79,0.21,-0.54,-0.20,0.43,-0.18,0.87,8.97,5.98,-20.57,R
13.718,0,114,185,255,79,-1.37,-0.35,10.60,0.89,0.05,-0.26,-4.44,1.01,8.79,0.11,-0.48,-0.33,-2.80,3.11,8.95,0.06,-0.41,-0.14,-1.78,2.36,9.74,-0.11,-0.26,-0.08,-0.27,5.76,7.77,-0.20,-0.18,-0.04,0.39,-0.18,0.90,6.47,0.67,-12.76,R
13.769,97,0,4,0,0,-0.85,-0.74,9.73,0.49,-0.01,-0.03,-3.85,-0.37,8.49,0.04,-0.36,-0.09,-2.40,2.01,9.01,-0.07,-0.33,-0.02,-1.77,1.51,9.62,-0.09,-0.21,-0.05,-0.26,5.39,8.37,0.02,-0.05,0.02,0.41,-0.19,0.88,6.53,-0.06,-9.64,R
13.821,94,0,2,0,0,-0.28,0.11,8.74,-0.40,0.46,-0.27,-3.80,-0.58,9.07,0.11,-0.36,-0.33,-2.38,2.49,9.30,-0.00,-0.38,-0.20,-1.47,1.62,9.42,0.15,-0.22,-0.16,-0.05,6.31,7.94,0.22,-0.06,0.02,0.43,-0.19,0.90,1.04,2.44,-12.39,R
13.871,100,0,0,0,0,-1.63,-1.30,12.68,-0.19,0.47,-0.27,-3.66,-0.29,9.27,-0.04,-0.40,-0.16,-2.12,1.36,9.46,-0.24,-0.38,-0.25,-1.35,1.81,9.33,-0.11,-0.20,-0.24,-0.24,5.87,8.14,-0.10,-0.14,-0.08,0.40,-0.23,0.90,4.21,-7.32,-10.68,R
13.922,97,0,3,0,0,-1.13,-0.66,9.73,0.56,-0.01,-0.05,-3.49,0.09,9.05,0.03,-0.51,0.01,-2.03,1.61,9.55,-0.22,-0.34,-0.02,-1.14,1.70,9.39,-0.14,-0.19,-0.18,0.23,6.38,7.43,-0.04,-0.17,-0.12,0.43,-0.24,0.92,7.32,1.71,-11.11,R
13.974,109,0,4,0,0,-1.05,-0.47,10.28,0.18,0.16,-0.04,-3.15,-0.28,9.39,0.11,-0.26,-0.04,-1.82,1.67,9.67,-0.05,-0.27,-0.03,-1.11,1.30,9.69,-0.02,-0.13,-0.09,0.20,6.10,7.88,-0.02,-0.06,-0.06,0.39,-0.24,0.86,7.02,-0.79,-8.42,R
14.025,117,0,9,0,0,-0.99,-0.39,9.89,0.25,0.04,-0.04,-3.14,0.01,9.46,0.05,-0.16,-0.02,-1.72,1.70,9.46,-0.18,-0.20,-0.05,-1.05,1.89,9.75,-0.01,-0.11,-0.07,0.49,6.20,7.98,-0.22,-0.03,-0.16,0.43,-0.24,0.90,-1.28,1.40,-5.92,R
14.075,118,0,10,0,0,-1.24,-0.35,9.66,0.29,0.01,-0.06,-3.13,0.30,9.52,-0.18,-0.18,0.11,-1.70,2.22,9.05,-0.13,-0.25,-0.08,-1.12,1.90,9.97,-0.57,-0.14,0.03,0.64,5.65,8.16,0.02,0.21,0.01,0.44,-0.24,0.89,5.92,-5.55,-5.98,R
14.126,109,0,5,0,0,-1.13,-0.05,9.81,0.11,0.04,-0.01,-2.89,-0.22,9.40,0.08,-0.11,0.03,-1.56,1.87,9.43,-0.10,-0.16,-0.01,-1.11,1.09,9.79,-0.08,-0.06,-0.01,-0.01,6.02,8.17,0.01,0.19,0.05,0.38,-0.25,0.88,3.17,0.73,-3.30,R
14.177,113,0,8,0,0,-1.19,-0.07,9.96,0.05,-0.04,0.01,-2.75,0.25,9.28,-0.01,0.01,0.04,-1.55,1.77,9.47,-0.05,-0.05,-0.01,-0.80,1.71,9.39,-0.02,-0.01,-0.09,-0.20,4.53,7.81,-1.11,-0.18,-0.09,0.39,-0.23,0.88,-4.88,0.61,-0.24,R
14.228,116,0,9,0,0,-1.28,-0.14,9.80,0.05,0.03,-0.00,-2.85,-0.06,9.43,-0.03,0.01,0.04,-1.55,1.70,9.50,-0.04,-0.05,-0.02,-1.02,0.86,9.77,-0.16,0.02,0.02,-0.05,5.77,8.17,-0.09,0.04,0.00,0.41,-0.25,0.89,2.93,3.78,-0.55,R
14.28,118,0,10,0,0,-1.21,-0.02,9.97,0.06,0.01,0.01,-2.72,0.10,9.47,0.04,-0.03,0.01,-1.43,1.74,9.53,-0.11,-0.04,-0.00,-1.00,0.91,9.75,-0.07,0.00,-0.01,-0.02,5.70,8.11,-0.08,-0.01,-0.02,0.41,-0.26,0.88,0.31,-0.61,-0.55,R
14.33,115,0,8,0,0,-1.17,-0.14,9.79,-0.01,0.01,-0.00,-2.80,-0.08,9.54,-0.00,0.02,0.01,-1.37,1.69,9.55,-0.06,-0.03,0.00,-0.98,0.81,9.81,-0.06,0.00,0.00,0.01,5.70,8.31,-0.07,0.03,-0.00,0.40,-0.25,0.89,0.73,3.48,0.73,R
14.382,114,0,8,0,0,-1.18,-0.10,9.83,-0.06,0.01,-0.03,-2.81,0.01,9.44,0.01,0.01,-0.01,-1.47,1.59,9.48,-0.08,-0.02,-0.01,-0.98,0.78,9.66,-0.02,-0.01,-0.05,0.02,5.64,8.24,-0.08,0.03,-0.04,0.43,-0.25,0.88,-2.56,-1.83,0.18,R
14.432,114,0,6,0,0,-1.13,-0.10,9.86,-0.15,0.02,-0.09,-2.74,-0.12,9.52,0.06,0.03,-0.02,-1.41,1.60,9.58,-0.00,0.01,-0.03,-0.91,0.82,9.73,0.00,-0.00,-0.05,-0.01,5.58,8.27,-0.09,0.02,-0.04,0.41,-0.24,0.89,-2.26,2.32,0.49,R
14.484,116,0,9,0,0,-1.27,-0.48,10.06,-0.15,0.06,-0.08,-2.77,0.09,9.54,-0.00,-0.01,-0.02,-1.44,1.47,9.60,-0.06,-0.01,-0.01,-0.96,0.81,9.79,-0.04,0.01,-0.02,-0.06,5.59,8.31,-0.07,0.02,-0.03,0.42,-0.24,0.90,-1.22,-0.37,-0.37,R
14.534,118,0,9,0,0,-1.19,-0.25,9.90,-0.04,0.03,-0.05,-2.79,0.10,9.47,0.03,0.01,-0.01,-1.47,1.62,9.59,-0.02,-0.01,-0.02,-0.94,0.72,9.78,-0.02,0.01,-0.03,-0.01,5.58,8.28,-0.03,0.02,-0.02,0.41,-0.24,0.88,-0.24,0.31,-0.31,R
14.585,69,0,0,0,2,-1.29,-0.28,9.93,-0.01,0.02,-0.03,-2.72,0.08,9.44,-0.04,-0.02,0.01,-1.35,1.52,9.61,-0.06,-0.02,0.01,-0.95,0.67,9.84,-0.02,0.01,-0.02,0.01,5.51,8.28,-0.02,0.02,-0.02,0.43,-0.24,0.88,0.06,0.00,-0.98,R
14.637,98,0,0,0,0,-1.18,-0.28,9.90,0.01,0.02,-0.03,-2.67,0.05,9.50,-0.01,-0.01,-0.00,-1.34,1.49,9.57,-0.06,-0.03,-0.00,-0.94,0.73,9.80,-0.00,-0.01,-0.01,-0.06,5.54,8.29,-0.01,0.01,-0.01,0.41,-0.24,0.88,0.61,1.10,-1.28,R
14.687,5,0,0,0,40,-1.26,-0.31,9.94,0.03,0.02,-0.04,-2.73,0.22,9.52,0.05,-0.03,0.00,-1.39,1.69,9.55,-0.03,-0.06,-0.00,-0.89,0.59,9.99,-0.00,-0.03,-0.05,-0.00,5.56,8.27,-0.01,0.02,0.01,0.42,-0.24,0.89,0.55,3.23,-2.08,R
14.738,0,3,0,0,40,-1.13,-0.28,9.90,0.00,0.01,-0.04,-2.67,0.08,9.57,0.03,-0.02,-0.01,-1.23,1.60,9.58,-0.04,-0.04,0.00,-0.99,0.71,9.76,0.00,-0.01,-0.01,-0.00,5.46,8.32,0.01,0.01,0.00,0.40,-0.24,0.89,1.04,-0.12,-1.83,R
14.79,51,0,0,0,0,-1.25,-0.28,9.90,0.07,0.03,0.01,-2.73,0.11,9.52,0.01,-0.04,0.03,-1.35,1.60,9.57,-0.00,-0.05,0.01,-0.94,0.76,9.80,0.03,-0.01,0.01,-0.02,5.50,8.43,0.00,0.02,0.02,0.42,-0.24,0.88,2.20,3.42,-0.79,R
14.84,3,0,0,0,44,-1.32,-0.21,9.84,0.16,0.04,0.01,-2.63,0.24,9.50,-0.05,-0.14,0.01,-1.24,1.68,9.63,-0.11,-0.12,0.03,-0.89,0.73,9.84,0.06,-0.03,-0.02,0.06,5.48,8.38,-0.03,0.03,-0.01,0.43,-0.24,0.90,7.93,-1.34,-1.59,R
14.892,96,0,0,0,26,-1.15,-0.15,9.94,0.09,0.03,0.03,-2.53,0.11,9.47,0.04,-0.09,0.03,-1.35,1.56,9.62,-0.06,-0.11,0.03,-1.13,0.37,9.76,-0.08,-0.04,0.02,-0.04,5.47,8.32,0.01,0.02,0.02,0.41,-0.26,0.87,10.99,4.64,-1.83,R
14.942,0,5,0,3,44,-1.23,0.04,9.84,0.21,0.03,0.01,-2.40,0.02,9.57,-0.00,-0.14,0.02,-1.05,1.51,9.60,-0.06,-0.10,0.02,-0.86,0.77,9.79,-0.04,-0.03,0.00,-0.04,5.50,8.29,-0.04,0.04,0.01,0.41,-0.26,0.88,8.73,-0.61,-2.38,R
14.994,12,0,0,0,41,-1.18,0.04,9.96,0.26,0.09,0.03,-2.34,-0.29,9.64,0.01,-0.20,0.03,-0.99,1.42,9.62,-0.05,-0.11,0.02,-0.91,0.39,9.78,-0.00,-0.05,0.01,0.10,5.51,8.41,-0.00,0.03,0.03,0.41,-0.27,0.87,9.16,0.67,-2.44,R
15.044,100,0,0,0,0,-1.38,0.31,9.96,0.07,0.02,-0.02,-2.25,0.08,9.62,0.02,-0.12,-0.00,-1.02,1.61,9.67,-0.07,-0.07,0.01,-0.86,0.72,9.87,-0.06,-0.01,-0.00,-0.18,5.56,8.25,0.03,0.00,-0.01,0.40,-0.27,0.88,6.47,-2.08,-0.85,R
15.095,57,0,1,0,13,-1.28,-0.06,9.69,0.03,0.04,0.03,-2.13,0.26,9.60,-0.04,-0.05,0.03,-0.99,1.63,9.69,0.00,-0.05,0.02,-0.91,0.43,9.85,0.04,-0.02,-0.03,-0.09,5.52,8.30,0.06,-0.00,-0.00,0.44,-0.29,0.88,7.69,0.43,-1.53,R
15.146,69,0,1,0,10,-1.47,0.44,9.96,0.02,0.05,-0.03,-2.39,-0.09,9.61,0.06,-0.04,0.02,-1.22,1.66,9.65,-0.02,-0.01,0.01,-0.81,0.75,9.77,-0.03,-0.01,-0.01,-0.11,5.57,8.32,0.03,0.03,0.01,0.40,-0.30,0.86,1.95,-0.31,0.24,R
15.198,103,0,2,0,0,-1.25,0.29,9.97,0.02,0.02,0.04,-2.09,0.11,9.68,0.06,-0.01,0.01,-0.93,1.42,9.65,-0.02,0.00,0.01,-0.84,0.53,9.73,-0.02,0.01,-0.00,-0.11,5.41,8.37,0.01,0.03,0.00,0.41,-0.28,0.86,0.92,1.71,0.43,R
15.248,0,2,0,2,22,-1.30,0.29,9.87,0.01,0.01,-0.01,-2.18,0.30,9.67,-0.06,-0.01,0.02,-0.94,1.57,9.65,-0.07,-0.01,0.01,-0.79,0.58,9.86,-0.02,0.02,-0.01,0.04,5.49,8.34,0.01,0.02,-0.01,0.43,-0.28,0.87,2.44,-1.95,-0.85,R
15.299,58,0,0,0,12,-1.36,0.26,9.84,0.00,0.02,-0.00,-2.20,0.14,9.59,-0.04,0.02,0.03,-0.89,1.55,9.57,-0.02,0.01,0.01,-0.75,0.70,9.71,-0.10,0.08,0.09,-0.26,5.34,8.33,-0.11,0.11,0.06,0.42,-0.28,0.88,-0.31,1.89,1.10,R
15.35,82,0,0,0,12,-1.34,0.26,9.87,-0.02,-0.00,-0.01,-2.14,0.21,9.60,-0.04,0.00,0.01,-0.91,1.56,9.62,-0.05,0.00,0.00,-0.75,0.52,9.79,-0.00,0.01,-0.02,-0.05,5.43,8.42,-0.02,0.02,-0.02,0.41,-0.28,0.87,1.10,-1.89,0.37,R
15.402,104,0,2,0,0,-1.33,0.32,9.86,0.01,0.02,0.01,-2.21,-0.02,9.62,0.00,0.00,0.03,-1.01,1.53,9.65,-0.03,0.01,0.01,-0.84,0.51,9.82,0.01,0.01,0.01,0.00,5.43,8.38,0.01,0.01,-0.01,0.44,-0.29,0.87,0.43,2.08,0.79,R
15.452,58,0,0,0,12,-1.42,0.38,9.97,0.02,0.00,-0.04,-2.22,0.13,9.67,-0.03,0.02,0.01,-1.02,1.55,9.65,-0.06,0.01,0.00,-0.80,0.52,9.78,-0.01,0.02,0.00,0.05,5.43,8.41,-0.00,0.02,-0.02,0.41,-0.29,0.88,-0.31,-1.34,0.67,R
15.503,96,0,0,0,7,-1.36,0.27,9.90,-0.01,0.01,0.01,-2.09,0.05,9.68,0.01,0.01,0.03,-0.93,1.40,9.63,-0.03,0.01,0.01,-0.80,0.50,9.82,0.01,0.01,0.00,-0.03,5.41,8.37,0.01,0.02,-0.01,0.41,-0.29,0.87,1.28,1.10,1.22,R
15.554,102,0,1,0,0,-1.43,0.35,9.95,-0.02,-0.01,-0.01,-2.11,0.05,9.70,0.03,0.03,0.01,-1.01,1.50,9.62,-0.04,0.01,0.01,-0.86,0.57,9.81,-0.02,0.02,0.01,-0.04,5.43,8.41,0.00,0.02,-0.01,0.42,-0.29,0.87,-0.55,-0.55,0.67,R
15.605,19,0,0,0,28,-1.33,0.28,9.95,-0.02,0.01,-0.01,-2.15,0.08,9.68,0.03,0.03,0.00,-0.97,1.41,9.70,-0.00,0.02,-0.00,-0.81,0.50,9.77,-0.01,0.01,0.01,-0.08,5.41,8.37,-0.01,0.03,-0.01,0.42,-0.29,0.87,-0.79,2.01,0.55,R
15.657,78,0,0,0,14,-1.36,0.27,9.88,-0.04,-0.00,-0.02,-2.16,0.21,9.70,0.02,0.03,0.00,-1.01,1.55,9.68,-0.01,0.01,-0.00,-0.81,0.48,9.83,-0.02,0.03,0.01,0.01,5.45,8.37,-0.01,0.03,-0.00,0.42,-0.28,0.88,-1.10,0.98,0.37,R
15.708,63,0,1,0,0,-1.30,0.29,9.90,-0.02,0.02,-0.02,-2.13,0.08,9.66,-0.00,0.02,0.01,-1.02,1.44,9.65,-0.01,0.01,-0.01,-0.83,0.48,9.84,-0.02,0.01,-0.00,-0.07,5.42,8.40,-0.01,0.02,-0.01,0.43,-0.28,0.87,1.04,0.79,-0.06,R
15.758,59,0,0,0,11,-1.34,0.28,9.84,-0.03,0.01,-0.02,-2.10,0.14,9.67,0.00,0.03,-0.01,-0.98,1.51,9.67,-0.03,0.01,-0.00,-0.85,0.47,9.86,-0.01,0.02,-0.00,-0.05,5.42,8.35,0.00,0.03,-0.00,0.42,-0.28,0.87,-0.31,0.31,0.24,R
15.809,100,0,0,0,2,-1.31,0.22,9.89,-0.01,0.01,-0.02,-2.20,0.09,9.67,-0.02,0.03,-0.01,-0.99,1.47,9.65,-0.02,0.01,-0.00,-0.89,0.54,9.81,-0.01,0.02,-0.01,-0.07,5.37,8.37,0.00,0.02,-0.01,0.42,-0.29,0.87,0.31,0.12,0.37,R
15.86,64,0,1,0,0,-1.34,0.31,9.96,-0.01,0.01,-0.02,-2.12,0.07,9.60,0.01,0.03,-0.01,-1.06,1.55,9.66,-0.01,0.01,-0.01,-0.85,0.60,9.76,-0.01,0.01,-0.01,-0.03,5.39,8.35,-0.00,0.03,-0.01,0.42,-0.28,0.87,-0.37,-0.12,0.49,R
15.911,66,0,0,0,11,-1.37,0.24,9.94,-0.01,0.01,-0.02,-2.10,-0.00,9.67,-0.00,0.03,-0.00,-1.01,1.54,9.64,-0.01,0.01,-0.00,-0.88,0.49,9.83,-0.02,0.01,-0.01,-0.03,5.36,8.31,-0.00,0.02,-0.02,0.42,-0.28,0.87,-0.18,-0.24,0.06,R
15.962,10,0,0,0,40,-1.28,0.26,9.91,-0.02,0.00,-0.01,-2.11,0.13,9.66,-0.00,0.03,0.00,-0.90,1.55,9.64,-0.03,0.01,0.00,-0.79,0.48,9.85,-0.04,0.02,-0.00,0.00,5.44,8.39,0.00,0.02,-0.01,0.42,-0.28,0.88,0.12,0.98,1.04,R
16.014,67,0,0,0,16,-1.68,0.81,10.18,0.15,-0.00,-0.04,-2.24,0.09,9.65,-0.01,0.04,0.01,-1.00,1.55,9.77,0.00,0.02,-0.01,-0.84,0.43,9.91,-0.01,0.02,-0.01,-0.06,5.44,8.36,-0.01,0.02,-0.01,0.43,-0.28,0.87,0.12,0.55,0.37,R
16.064,103,0,2,0,0,-1.33,0.35,9.83,-0.01,0.01,-0.02,-2.19,0.12,9.66,-0.01,0.02,-0.00,-0.98,1.57,9.65,-0.04,0.00,-0.00,-0.79,0.46,9.81,0.01,0.01,-0.01,-0.08,5.30,8.43,0.01,0.02,-0.01,0.41,-0.28,0.87,-0.06,-0.73,0.12,R
16.115,99,0,1,0,0,-1.30,0.20,9.94,-0.02,0.01,0.00,-2.10,0.17,9.68,0.04,0.03,0.01,-1.01,1.54,9.67,-0.01,0.01,-0.00,-0.79,0.48,9.79,0.00,0.02,-0.01,-0.07,5.42,8.40,-0.00,0.02,-0.01,0.44,-0.28,0.88,-0.55,0.73,0.55,R
16.166,55,0,0,0,16,-1.29,0.24,9.90,-0.01,0.02,-0.01,-2.14,0.23,9.63,-0.00,0.03,0.00,-1.08,1.47,9.66,-0.01,0.01,-0.01,-0.85,0.51,9.91,0.01,0.02,-0.01,-0.04,5.30,8.19,0.01,0.03,-0.01,0.43,-0.29,0.87,-0.31,0.55,0.18,R
16.217,91,0,0,0,8,-1.22,0.19,9.63,-0.04,0.01,0.00,-2.07,0.14,9.56,0.00,0.02,-0.00,-1.02,1.58,9.75,-0.03,0.01,-0.01,-0.81,0.51,9.91,-0.02,0.02,-0.00,-0.04,5.34,8.37,0.00,0.02,-0.01,0.42,-0.28,0.87,0.00,0.06,-0.06,R
16.268,104,0,2,0,0,-1.25,0.19,9.92,0.00,0.01,-0.01,-2.14,0.18,9.64,-0.01,0.02,0.00,-0.95,1.47,9.65,-0.03,0.00,-0.01,-0.85,0.44,9.84,-0.01,0.02,0.01,-0.03,5.37,8.36,-0.00,0.02,-0.01,0.42,-0.28,0.87,0.61,0.18,0.18,R
16.319,66,0,1,0,0,-1.25,0.19,9.95,-0.00,0.01,-0.01,-2.10,0.31,9.65,0.00,0.02,-0.00,-1.04,1.53,9.68,-0.01,0.00,-0.01,-0.87,0.50,9.87,0.00,0.01,-0.00,-0.02,5.42,8.40,-0.00,0.02,-0.01,0.43,-0.28,0.88,0.85,0.31,0.00,R
16.371,72,0,0,0,7,-1.36,0.18,9.87,-0.01,0.00,-0.01,-2.17,0.22,9.62,-0.03,0.02,0.01,-1.07,1.54,9.63,-0.03,0.00,0.00,-0.83,0.48,9.80,-0.01,0.02,0.00,-0.06,5.45,8.43,0.00,0.01,-0.00,0.42,-0.28,0.87,0.12,0.61,0.61,R
16.421,66,0,0,0,12,-1.27,0.17,9.92,-0.01,0.01,-0.00,-2.18,0.28,9.66,0.03,0.03,0.00,-0.97,1.56,9.68,-0.03,0.01,0.00,-0.80,0.51,9.84,-0.02,0.01,-0.01,-0.08,5.41,8.43,0.00,0.02,-0.01,0.43,-0.27,0.87,0.61,0.37,0.12,R
16.473,103,0,0,0,0,-1.36,0.15,9.86,-0.00,0.01,-0.00,-2.13,0.23,9.63,-0.01,0.03,0.01,-1.03,1.47,9.55,-0.03,0.00,0.01,-0.91,0.33,9.82,0.01,0.01,-0.01,-0.05,5.38,8.37,0.00,0.02,-0.01,0.43,-0.28,0.87,0.12,-0.06,0.18,R
16.523,101,0,0,0,0,-1.30,0.14,9.92,0.00,0.01,-0.01,-2.15,0.28,9.65,-0.02,0.03,0.00,-1.00,1.49,9.63,-0.04,0.01,0.00,-0.84,0.46,9.84,-0.00,0.01,0.00,0.00,5.43,8.38,-0.00,0.02,-0.01,0.43,-0.28,0.87,0.67,0.37,0.24,R
16.574,71,0,0,0,10,-1.29,0.17,9.97,-0.00,0.02,0.00,-2.18,0.18,9.73,-0.01,0.02,0.01,-1.03,1.54,9.64,-0.03,0.01,0.00,-0.85,0.52,9.79,-0.01,0.02,0.00,-0.04,5.40,8.41,0.00,0.02,-0.01,0.43,-0.28,0.87,0.06,0.49,0.24,R
16.626,75,0,0,0,14,-1.31,0.13,9.93,-0.00,0.01,-0.00,-2.16,0.25,9.62,-0.01,0.02,0.00,-1.03,1.61,9.65,-0.02,0.01,0.00,-0.82,0.51,9.80,-0.02,0.02,0.00,-0.14,5.39,8.42,0.00,0.02,-0.01,0.43,-0.28,0.87,0.43,0.49,0.00,R
16.677,85,0,0,0,34,-1.32,0.13,9.86,-0.01,0.01,-0.01,-2.21,0.21,9.62,-0.01,0.02,-0.00,-1.02,1.50,9.62,-0.03,0.01,0.01,-0.81,0.43,9.83,-0.01,0.01,0.01,-0.05,5.39,8.38,0.00,0.02,-0.00,0.42,-0.27,0.87,0.12,0.24,0.12,R
16.727,69,0,0,0,37,-1.30,0.23,9.91,-0.01,0.01,-0.00,-2.11,0.14,9.61,0.01,0.03,-0.00,-1.03,1.49,9.62,-0.03,0.01,0.00,-0.83,0.46,9.80,-0.01,0.01,0.00,-0.05,5.34,8.34,0.00,0.02,-0.01,0.42,-0.28,0.87,0.43,0.12,0.18,R
16.779,0,0,0,0,34,-1.31,0.13,9.91,0.00,0.01,-0.00,-2.13,0.25,9.64,-0.03,0.02,0.00,-1.08,1.55,9.65,-0.06,0.00,0.00,-0.85,0.46,9.80,-0.00,0.02,-0.00,-0.03,5.40,8.39,0.01,0.02,-0.01,0.43,-0.27,0.87,1.10,-1.10,-0.06,R
16.829,0,2,0,2,45,-1.30,0.10,9.91,0.00,0.01,-0.01,-2.15,0.12,9.64,-0.01,0.02,-0.00,-1.08,1.51,9.60,-0.02,0.00,0.00,-0.71,0.62,9.78,0.04,0.01,-0.01,-0.07,5.35,8.38,0.01,0.02,-0.00,0.43,-0.27,0.87,0.49,0.85,0.67,R
16.881,39,0,0,0,28,-1.33,0.18,9.91,-0.01,0.01,0.00,-2.16,0.40,9.73,-0.04,0.02,0.00,-1.04,1.60,9.63,-0.01,0.02,-0.01,-0.85,0.50,9.76,0.01,0.02,-0.01,-0.07,5.38,8.37,0.00,0.02,-0.00,0.43,-0.27,0.87,-0.37,0.73,0.18,R
16.931,98,0,0,0,2,-1.34,0.18,9.94,0.00,0.02,-0.00,-2.20,0.40,9.66,0.00,0.02,-0.00,-0.99,1.49,9.66,-0.04,0.01,0.00,-0.83,0.49,9.82,-0.00,0.02,-0.01,-0.08,5.37,8.40,0.00,0.02,-0.01,0.43,-0.28,0.87,0.31,0.37,0.31,R
16.982,57,0,1,0,0,-1.28,0.16,9.87,-0.01,0.02,-0.00,-2.19,0.26,9.61,0.04,0.03,0.01,-1.08,1.47,9.64,-0.05,0.01,0.01,-0.88,0.43,9.82,0.01,0.02,-0.01,-0.05,5.37,8.43,0.00,0.02,-0.00,0.44,-0.28,0.87,-1.28,1.28,0.85,R
17.033,70,0,1,0,10,-1.26,0.14,9.88,-0.01,0.02,-0.01,-2.17,0.12,9.66,-0.01,0.03,-0.01,-1.03,1.53,9.64,-0.01,0.01,-0.01,-0.83,0.55,9.80,-0.01,0.01,-0.00,-0.07,5.37,8.36,-0.00,0.02,-0.01,0.42,-0.27,0.87,0.18,0.73,0.37,R
17.084,81,0,0,0,8,-1.26,0.19,9.90,-0.00,0.01,-0.01,-2.12,0.19,9.67,-0.01,0.02,0.00,-1.03,1.48,9.62,-0.05,0.00,0.01,-0.84,0.50,9.85,0.01,0.01,-0.00,-0.06,5.41,8.46,0.00,0.02,-0.01,0.43,-0.27,0.87,0.00,-0.79,-0.24,R
17.135,101,0,1,0,0,-1.32,0.13,9.89,0.01,0.02,-0.00,-2.15,0.27,9.66,-0.03,0.02,0.01,-1.03,1.47,9.66,-0.03,0.01,0.00,-0.87,0.46,9.81,-0.02,0.02,-0.00,-0.05,5.40,8.39,0.00,0.02,-0.01,0.43,-0.27,0.87,0.43,0.85,0.49,R
17.186,101,0,2,0,0,-1.34,0.16,9.90,0.00,0.02,0.00,-2.15,0.23,9.64,-0.04,0.02,0.01,-1.04,1.51,9.62,-0.04,0.01,0.00,-0.98,0.37,9.83,-0.01,0.02,-0.01,-0.09,5.36,8.32,-0.01,0.03,-0.01,0.44,-0.27,0.87,0.67,-0.37,-0.06,R
17.237,58,0,0,0,16,-1.30,0.14,9.89,-0.00,0.01,-0.01,-2.14,0.18,9.65,-0.01,0.03,0.00,-1.03,1.55,9.64,-0.04,0.01,0.00,-0.89,0.46,9.78,-0.01,0.01,0.00,-0.01,5.40,8.34,0.01,0.02,-0.01,0.42,-0.27,0.87,0.31,0.37,0.37,R
17.289,73,0,1,0,8,-1.37,0.13,9.92,-0.01,0.01,-0.01,-2.15,0.29,9.61,-0.03,0.03,0.01,-1.04,1.47,9.63,-0.06,0.01,0.01,-0.89,0.51,9.86,-0.01,0.01,-0.00,-0.09,5.36,8.43,-0.00,0.02,-0.01,0.43,-0.27,0.87,0.61,0.12,0.37,R
17.34,97,0,2,0,0,-1.25,0.07,9.93,-0.01,0.01,-0.00,-2.13,0.14,9.59,0.00,0.03,0.00,-1.07,1.51,9.58,-0.03,0.01,0.00,-0.83,0.45,9.81,-0.02,0.02,-0.01,-0.05,5.36,8.43,0.00,0.02,-0.01,0.42,-0.27,0.87,0.06,1.10,0.67,R
17.391,103,0,2,0,0,-1.36,0.15,9.90,-0.02,0.01,-0.01,-2.12,0.33,9.53,0.02,0.04,0.01,-1.02,1.57,9.63,-0.04,0.02,0.00,-1.11,-0.10,9.87,0.12,0.04,-0.06,-0.02,5.31,8.39,0.00,0.02,-0.01,0.44,-0.27,0.87,-0.67,-0.61,0.31,R
17.441,60,0,1,0,11,-1.27,0.11,9.88,-0.03,0.01,-0.01,-2.18,0.24,9.63,-0.01,0.04,0.00,-0.97,1.48,9.67,-0.05,0.03,-0.00,-0.89,0.48,9.82,-0.02,0.03,0.00,-0.07,5.32,8.39,-0.01,0.02,-0.01,0.42,-0.27,0.87,-0.06,-0.06,0.85,R
17.493,0,0,0,1,45,-1.27,0.09,9.92,-0.04,0.01,-0.01,-2.21,0.33,9.65,-0.01,0.06,0.01,-1.10,1.47,9.59,-0.04,0.05,-0.01,-0.95,0.44,9.85,0.01,0.04,-0.02,-0.01,5.35,8.32,-0.04,0.00,-0.02,0.44,-0.27,0.87,-1.53,-0.79,1.59,R
17.543,64,0,0,0,24,-1.29,0.08,9.89,-0.06,-0.01,-0.02,-2.24,0.32,9.65,-0.06,0.06,0.00,-1.13,1.50,9.61,-0.08,0.05,-0.01,-0.85,0.72,9.75,0.04,0.04,-0.03,-0.08,5.32,8.44,-0.03,0.02,-0.03,0.43,-0.27,0.87,-1.77,-2.69,2.08,R
17.594,102,0,2,0,0,-1.29,0.03,9.95,-0.11,-0.00,0.00,-2.25,0.14,9.63,0.04,0.11,0.02,-1.24,1.47,9.59,-0.05,0.11,-0.01,-0.91,0.60,9.81,0.13,0.06,-0.04,-0.17,5.20,8.43,0.07,-0.00,-0.02,0.44,-0.27,0.87,-5.07,-0.55,3.05,R
17.645,58,0,1,0,16,-1.28,-0.07,9.91,-0.18,0.00,0.01,-2.26,0.18,9.64,0.02,0.14,0.04,-1.24,1.53,9.62,-0.04,0.16,-0.02,-1.04,0.40,9.73,0.09,0.09,-0.06,-0.14,5.14,8.59,0.03,0.05,-0.07,0.44,-0.27,0.87,-8.67,-3.30,3.60,R
17.696,0,18,0,16,60,-1.19,-0.12,10.08,-0.26,0.06,0.15,-2.49,0.30,9.45,-0.03,0.22,0.06,-1.48,1.49,9.56,-0.12,0.25,-0.03,-1.16,0.67,9.85,0.09,0.12,-0.07,-0.02,5.42,8.60,-0.04,0.05,-0.07,0.41,-0.25,0.89,-18.13,-8.00,5.13,R
17.747,0,18,0,16,67,-1.76,0.59,13.01,1.07,-0.77,0.09,-2.45,0.22,9.69,-0.12,0.41,0.16,-1.34,1.10,9.60,-0.12,0.31,-0.00,-1.02,0.63,9.73,0.09,0.17,-0.03,-0.15,5.28,8.36,-0.03,0.08,-0.04,0.40,-0.21,0.89,-15.20,-4.58,9.89,R
17.799,0,19,0,20,65,-0.37,0.25,8.74,-0.09,-0.19,0.06,-2.46,-0.15,9.46,-0.14,0.14,0.12,-1.36,1.27,9.72,-0.15,0.09,0.00,-1.03,0.77,9.78,0.00,0.08,-0.02,-0.22,5.20,8.44,-0.04,0.07,-0.05,0.46,-0.20,0.89,-5.13,-3.85,3.78,R
17.85,0,16,0,16,58,-0.57,-0.04,10.28,-0.31,-0.06,-0.05,-2.52,0.11,9.59,-0.10,0.15,-0.01,-1.61,1.21,9.58,-0.07,0.16,-0.04,-1.18,0.77,9.75,0.04,0.08,-0.06,-0.15,5.27,8.50,-0.07,0.05,-0.10,0.42,-0.22,0.88,-8.18,-9.22,0.61,R
17.9,0,15,0,12,60,-0.82,-0.27,10.08,-0.25,-0.05,-0.05,-2.81,0.01,9.44,-0.09,0.16,0.05,-1.65,1.19,9.54,-0.03,0.11,-0.04,-1.20,0.59,9.76,0.06,0.06,-0.04,-0.20,5.17,8.55,0.04,0.05,-0.05,0.37,-0.20,0.91,-4.82,-1.95,2.20,R
17.952,0,11,0,16,55,-0.68,-0.14,10.00,-0.31,-0.03,0.01,-2.92,0.16,9.51,-0.02,0.20,0.01,-1.73,1.29,9.63,0.00,0.25,-0.05,-1.35,0.88,9.73,0.12,0.12,-0.06,-0.24,5.30,8.54,0.01,0.06,-0.12,0.44,-0.22,0.89,-12.02,-7.14,2.62,R
18.002,54,0,0,0,26,-0.60,-0.49,10.54,-0.59,-0.15,-0.07,-3.04,-0.08,9.84,-0.11,0.50,-0.01,-2.19,1.09,9.54,0.12,0.55,-0.09,-1.17,0.71,9.48,0.40,0.36,-0.08,-0.48,5.28,8.45,0.11,0.13,-0.20,0.39,-0.22,0.90,-28.08,-4.27,7.69,R
18.053,104,0,1,0,0,-0.27,-1.81,9.18,-0.42,-0.50,0.10,-2.97,0.50,9.09,-0.07,0.35,0.04,-2.09,1.20,9.33,-0.05,0.41,-0.06,-1.38,0.92,9.73,0.21,0.28,-0.01,-0.23,5.18,8.71,0.14,0.17,-0.12,0.38,-0.15,0.92,-19.71,-6.29,7.02,R
18.104,64,0,0,0,0,-0.03,-0.93,10.79,-0.02,-0.72,0.16,-3.41,-0.32,9.58,-0.20,0.62,-0.04,-2.66,1.10,9.50,0.10,0.76,-0.06,-1.81,1.02,9.46,0.47,0.50,-0.01,-0.83,5.49,8.02,0.56,0.17,-0.32,0.41,-0.16,0.92,-34.18,-2.81,9.46,R
18.155,76,0,1,0,14,-0.04,-0.43,9.39,-0.12,-0.35,0.15,-2.92,1.20,7.95,-0.04,0.18,0.02,-2.37,1.73,9.59,-0.21,0.19,-0.07,-1.41,1.31,9.78,0.03,0.18,-0.03,-0.33,5.87,8.20,0.08,0.11,-0.10,0.31,-0.06,0.92,-3.85,-7.32,6.71,R
18.206,3,9,0,0,54,0.79,-1.28,9.65,0.07,-0.24,0.11,-3.49,-1.86,9.33,-0.15,0.20,0.16,-2.80,1.22,9.27,0.14,0.45,0.03,-1.90,1.41,9.50,0.36,0.25,0.04,-0.79,5.52,8.36,0.51,0.08,-0.19,0.42,-0.12,0.92,-11.11,3.66,5.49,R
18.257,0,24,0,18,73,0.19,-1.05,11.06,-0.03,-0.43,-0.05,-4.52,0.07,10.20,0.05,0.61,-0.23,-3.43,1.70,9.28,0.41,1.12,-0.11,-2.22,1.49,9.79,0.76,0.87,-0.17,-0.86,5.65,7.94,0.94,0.28,-0.47,0.38,-0.12,0.94,-27.04,2.99,15.81,R
18.308,0,41,0,31,82,0.54,0.11,9.39,-0.12,-0.42,0.45,-4.12,0.21,9.21,0.28,0.86,0.04,-4.58,2.26,10.59,0.25,1.43,0.02,-3.09,3.32,9.44,0.92,1.54,-0.12,-1.41,7.50,7.23,0.79,0.51,-0.51,0.44,-0.09,0.91,-26.00,1.65,26.25,R
18.359,0,50,0,23,91,1.17,-2.92,9.89,-0.23,-0.61,0.43,-3.92,-0.37,8.32,0.08,0.48,0.10,-3.80,1.78,8.50,-0.00,0.59,0.26,-2.86,2.04,8.62,0.50,0.84,0.30,-1.82,5.87,9.47,1.14,0.98,0.67,0.36,0.01,0.93,-24.72,3.48,19.59,R
18.41,0,57,0,24,99,1.03,0.31,9.74,0.21,-0.25,0.30,-4.59,1.53,9.12,0.31,0.53,0.41,-4.46,1.24,9.23,-0.16,0.55,0.38,-3.39,2.63,8.50,0.39,0.69,0.29,-1.47,6.53,6.98,0.64,0.27,0.21,0.42,0.01,0.92,-10.38,8.79,20.69,R
18.462,0,65,0,25,100,1.69,-0.79,7.97,-0.54,0.21,0.39,-4.69,-1.09,8.04,-0.19,0.13,0.18,-4.61,0.43,8.57,-0.16,0.15,0.12,-4.18,1.51,8.67,0.14,0.69,0.05,-1.83,6.56,7.35,0.29,0.19,-0.34,0.45,0.01,0.91,-18.19,-2.56,13.98,R
18.513,0,63,0,24,102,0.39,-2.60,11.21,-0.32,0.34,-0.16,-4.82,-0.18,8.26,-0.08,0.13,-0.22,-4.17,1.70,7.71,0.20,0.15,-0.19,-3.44,3.47,7.64,0.23,0.20,-0.06,-1.01,6.90,5.44,0.25,0.09,-0.14,0.31,0.06,0.95,-6.71,-8.30,2.01,R
18.563,0,66,0,31,107,1.16,-3.13,9.84,-0.13,0.48,0.40,-4.98,0.21,8.47,0.15,0.10,0.44,-5.54,1.68,9.57,0.14,0.47,0.30,-4.93,2.81,9.91,0.29,0.14,0.27,-2.34,7.82,8.34,0.25,-0.07,0.06,0.49,-0.01,0.92,-0.31,14.47,6.77,R
18.614,0,63,0,22,106,0.14,-1.84,11.22,-0.37,0.41,0.14,-5.18,0.20,8.99,-0.17,-0.05,-0.18,-4.24,2.39,7.58,0.05,-0.04,-0.16,-3.62,3.34,7.32,0.07,0.02,-0.05,-1.12,6.86,5.25,0.08,0.02,-0.04,0.38,0.04,0.93,-12.21,-10.07,6.29,R
18.666,0,67,0,28,109,0.60,-2.17,9.63,-0.11,0.20,0.01,-4.57,0.33,8.10,-0.03,0.07,0.20,-3.97,2.51,7.31,-0.02,0.58,0.20,-3.99,2.90,8.00,0.14,0.40,0.21,-2.16,7.09,7.68,0.15,0.29,0.05,0.42,0.04,0.91,-1.28,7.63,6.04,R
18.716,0,69,0,24,106,0.27,-1.14,9.91,-0.17,0.65,-0.22,-5.32,-0.14,9.44,0.01,0.10,-0.05,-5.68,1.78,9.45,-0.05,-0.07,-0.08,-4.57,3.23,8.82,0.01,-0.18,-0.10,-1.54,7.84,6.56,0.02,-0.14,0.04,0.41,0.03,0.94,-6.23,-7.32,2.14,R
18.768,0,66,0,0,0,0.11,-1.84,10.35,-0.04,0.11,0.01,-4.78,0.94,8.25,0.03,0.15,0.14,-4.52,2.28,6.64,-0.01,1.17,0.09,-4.03,3.17,7.73,0.25,0.54,0.28,-1.71,7.09,6.28,0.24,0.32,0.13,0.40,0.06,0.92,-8.85,8.06,7.69,R
18.818,90,0,0,0,0,0.22,-1.49,9.04,0.03,0.58,-0.32,-4.38,-0.30,7.91,0.01,0.41,0.09,-5.54,1.21,8.17,0.04,0.99,-0.07,-4.53,2.74,8.61,0.09,0.28,0.01,-1.81,7.07,6.85,0.06,0.07,-0.10,0.42,0.06,0.91,-3.54,-1.04,2.20,R
18.869,0,59,0,20,104,-0.16,-1.41,10.07,0.02,0.49,-0.00,-5.57,0.86,8.84,0.09,0.02,0.03,-5.75,2.91,7.11,0.38,0.01,-0.01,-4.52,4.09,8.24,0.28,0.06,0.08,-1.71,7.96,6.22,0.27,0.13,-0.09,0.40,0.06,0.94,-5.86,3.54,4.33,R
18.92,91,0,0,0,78,-1.54,-1.35,9.14,0.26,1.06,-0.17,-5.17,0.25,7.68,-0.12,0.76,0.33,-5.92,1.66,7.37,-0.18,1.43,0.16,-4.64,2.90,8.00,0.18,0.62,0.20,-1.97,7.44,6.37,0.05,0.24,0.19,0.45,0.07,0.90,-6.90,5.62,4.58,R
18.972,87,15,0,0,81,-0.94,-1.59,10.13,0.06,0.47,-0.10,-6.10,0.34,9.22,0.04,0.17,0.02,-6.87,2.06,7.48,-0.02,0.52,-0.01,-4.61,3.65,8.04,0.10,0.16,0.06,-1.71,7.78,6.33,0.12,0.13,0.02,0.40,0.08,0.93,-1.95,-1.46,2.50,R
19.022,0,32,0,0,0,0.18,-5.51,8.58,0.08,1.53,-0.33,-4.35,1.31,5.62,-0.22,1.25,0.47,-6.81,2.48,5.86,0.21,1.36,0.18,-5.10,3.33,8.09,0.30,0.48,0.18,-2.10,7.62,6.75,0.18,0.28,0.10,0.43,0.07,0.93,-9.22,4.21,6.29,R
19.073,0,62,0,6,95,-2.98,-0.43,9.95,0.51,1.37,-0.38,-5.72,-0.12,7.90,-0.35,1.50,0.46,-6.31,2.23,6.10,0.20,1.34,0.22,-4.40,3.69,7.31,0.08,0.25,0.11,-1.77,7.02,6.02,0.02,0.08,0.10,0.41,0.10,0.90,-2.81,5.07,5.43,R
19.124,0,67,0,10,95,1.77,-2.47,7.76,0.39,1.88,-0.37,-6.45,0.13,6.59,-0.02,1.75,0.23,-7.28,2.16,3.36,0.49,1.70,0.17,-5.19,4.06,7.35,0.21,0.47,0.12,-1.98,8.09,6.50,0.12,-0.03,-0.00,0.42,0.09,0.94,0.06,-0.49,1.28,R
19.175,0,57,0,0,81,-4.50,-0.85,10.17,0.37,1.53,-0.45,-7.51,0.27,7.77,-0.44,1.47,0.58,-8.86,1.81,6.11,0.07,1.16,0.34,-5.08,3.80,7.29,0.00,0.36,0.13,-1.78,7.35,5.81,0.09,0.02,0.01,0.45,0.09,0.89,-5.25,8.79,4.58,R
19.226,0,67,0,4,89,-3.40,-1.70,7.73,0.25,1.17,-0.03,-6.88,-0.60,4.61,0.05,1.05,0.14,-7.64,3.00,4.70,0.26,0.90,0.17,-5.20,4.09,7.39,0.06,0.10,0.06,-1.81,7.16,6.19,0.02,-0.02,0.07,0.43,0.11,0.90,-1.22,0.98,1.83,R
19.277,94,2,0,0,68,-4.61,-1.83,9.30,0.19,1.11,-0.16,-7.47,3.61,5.42,-0.20,0.86,0.25,-9.05,4.86,3.82,0.28,1.75,0.28,-5.82,4.78,8.12,0.21,0.55,0.09,-1.91,7.85,6.34,0.08,-0.07,0.07,0.42,0.09,0.92,-3.54,4.64,1.22,R
19.329,0,81,0,16,111,-5.46,-0.89,8.55,0.33,1.12,-0.29,-7.69,0.80,4.93,-0.04,0.96,0.14,-7.71,3.28,2.21,0.35,1.25,0.32,-4.69,3.12,6.17,0.16,0.30,0.07,-1.44,6.84,5.65,-0.03,-0.14,0.01,0.43,0.13,0.89,-5.31,0.73,2.26,R
19.379,40,56,0,0,87,-5.33,-0.66,7.71,0.08,0.83,-0.12,-8.32,-0.11,5.19,0.53,0.90,0.15,-8.77,2.67,3.51,0.47,0.87,0.13,-5.83,3.57,7.40,0.31,0.35,-0.13,-1.66,7.57,6.04,0.13,-0.09,-0.35,0.42,0.11,0.91,8.85,-3.23,-5.37,R
19.431,94,8,5,0,26,-6.54,-0.32,8.39,0.12,0.70,0.00,-8.92,1.58,4.32,-0.17,0.50,0.19,-9.20,5.55,0.87,0.18,0.37,0.42,-5.73,5.47,6.06,0.25,0.16,0.09,-1.92,8.60,6.00,0.18,-0.13,0.09,0.46,0.07,0.93,-4.70,6.90,2.62,R
19.482,213,244,242,255,153,-5.82,-1.59,7.84,0.21,0.82,-0.25,-7.29,0.73,4.25,0.29,1.22,0.00,-7.88,3.24,2.16,0.24,1.30,0.01,-5.50,3.57,6.70,0.30,1.07,-0.01,-1.63,6.63,6.24,-0.00,0.01,-0.04,0.42,0.12,0.88,-2.14,-1.53,-0.73,R
19.532,224,244,244,255,155,-6.42,-1.36,7.57,0.10,0.63,0.09,-8.18,1.47,3.17,-0.15,0.65,0.21,-8.73,4.40,1.04,0.28,0.79,0.19,-7.14,5.63,7.58,0.48,0.43,0.02,-1.86,8.83,6.27,0.16,-0.08,-0.07,0.45,0.10,0.92,1.65,2.87,-0.55,R
19.584,227,247,244,255,156,-8.36,-0.82,5.75,0.21,1.00,-0.28,-9.39,0.88,3.65,-0.02,1.02,0.07,-9.20,3.93,1.23,0.19,1.25,0.03,-6.88,4.26,6.95,0.37,0.99,-0.06,-1.50,7.31,5.49,0.03,-0.19,-0.13,0.43,0.11,0.88,2.08,-1.95,-2.99,R
19.635,232,252,246,255,157,-7.64,-0.97,7.38,0.02,0.54,0.00,-9.33,0.71,2.54,0.22,0.63,0.15,-8.22,4.27,-0.35,0.12,0.50,0.14,-6.01,4.69,5.01,0.44,0.26,-0.07,-1.43,7.50,5.63,0.09,-0.40,0.07,0.44,0.09,0.92,0.98,0.12,-0.49,R
19.685,236,249,247,255,157,-3.36,-0.21,6.51,0.35,0.94,-0.28,-9.55,1.60,2.53,-0.02,1.45,0.01,-9.32,4.21,0.79,0.09,0.84,0.10,-6.43,4.87,5.30,0.30,0.52,0.01,-1.38,7.91,5.91,-0.01,-0.25,0.20,0.46,0.09,0.91,-2.44,2.20,1.22,R
19.737,236,248,247,255,157,-5.76,-1.58,5.79,-0.02,0.60,-0.02,-9.26,0.63,1.84,0.01,1.05,0.06,-8.62,4.22,0.44,0.07,0.34,-0.01,-6.35,4.75,5.35,0.10,0.24,-0.11,-1.21,7.46,5.70,-0.08,-0.21,0.02,0.44,0.11,0.89,9.52,-5.13,-3.97,R
19.788,242,251,248,255,155,-8.66,-1.51,7.10,0.22,0.71,0.01,-10.97,1.31,1.73,-0.05,1.71,0.21,-9.87,4.37,-0.45,-0.16,0.69,0.16,-7.55,4.95,5.50,0.07,0.58,0.19,-1.43,7.93,6.09,0.15,0.08,0.09,0.43,0.07,0.92,1.16,6.29,1.53,R
19.839,245,251,247,255,155,-7.15,-0.74,6.14,0.16,0.35,-0.06,-8.95,1.02,0.53,0.05,1.02,0.01,-8.37,4.11,-0.42,-0.05,-0.09,-0.06,-6.43,4.95,4.77,-0.06,-0.07,-0.09,-1.05,7.39,5.76,-0.12,-0.05,-0.07,0.45,0.11,0.88,3.17,-2.99,-0.73,R
19.889,245,251,246,255,155,-8.91,-0.47,6.34,0.16,0.25,0.06,-10.41,1.36,0.26,0.02,0.74,0.16,-9.79,4.54,-0.67,-0.07,0.16,0.05,-7.86,5.30,5.45,-0.03,0.18,0.09,-1.50,8.06,6.53,0.08,0.06,0.06,0.44,0.07,0.91,1.34,3.54,0.79,R
19.94,247,252,245,255,155,-7.62,-1.04,5.97,0.15,0.18,0.04,-9.33,0.91,0.34,0.03,0.65,0.07,-8.82,3.67,-0.17,-0.18,-0.04,0.04,-6.62,4.25,4.97,-0.15,-0.04,0.04,-1.10,6.95,5.91,-0.04,0.04,0.14,0.45,0.11,0.89,-4.39,2.44,3.05,R
19.992,245,252,245,255,155,-7.99,-0.54,5.60,0.02,0.45,-0.15,-9.98,1.70,-0.08,0.07,0.78,0.09,-9.00,4.55,-0.30,-0.03,-0.08,-0.01,-7.09,5.20,5.15,-0.04,-0.00,-0.01,-1.30,8.11,6.34,0.01,0.05,-0.01,0.44,0.08,0.92,7.57,-0.55,-2.81,R
20.043,245,252,244,255,153,-8.32,-1.25,6.10,-0.05,-0.16,0.12,-9.31,1.47,-0.76,0.05,0.06,0.04,-8.53,4.20,-0.73,-0.14,-0.16,0.07,-6.76,4.83,4.79,-0.12,-0.11,0.07,-1.21,7.16,5.84,-0.03,0.01,0.09,0.44,0.09,0.90,-3.72,1.65,3.11,R
20.094,241,251,244,255,153,-8.21,-0.41,6.04,0.08,-0.03,-0.06,-9.83,1.40,-0.11,0.11,0.03,-0.00,-8.82,4.49,0.09,0.02,-0.29,-0.01,-6.59,5.09,5.30,-0.08,-0.24,-0.06,-0.98,7.71,5.98,-0.02,-0.01,-0.10,0.43,0.11,0.91,3.97,-1.83,-2.44,R
20.145,233,250,242,255,152,-8.58,-0.42,6.10,-0.09,-0.57,0.31,-10.84,1.67,-0.47,-0.05,-0.71,0.02,-9.16,4.51,-0.24,-0.09,-0.69,0.11,-7.11,5.24,5.35,-0.21,-0.53,0.08,-1.38,8.09,6.31,-0.00,-0.06,0.03,0.45,0.07,0.91,1.22,2.38,1.71,R
20.195,231,249,242,255,152,-7.72,-0.08,6.20,-0.26,-0.76,0.15,-9.21,1.37,0.67,-0.10,-1.21,-0.19,-8.29,4.41,0.65,-0.09,-0.77,-0.04,-5.96,4.61,5.38,-0.32,-0.57,-0.05,-1.03,7.30,5.80,-0.17,-0.04,-0.01,0.45,0.10,0.89,-0.31,-4.52,2.62,R
20.247,219,248,241,255,150,-6.96,-0.41,5.74,-1.04,-2.93,0.87,-10.11,2.36,0.80,-0.44,-3.24,-0.38,-9.74,5.54,2.65,-0.14,-2.37,-0.01,-6.64,5.87,6.75,-0.44,-1.66,-0.14,-1.00,8.50,6.10,-0.14,-0.09,-0.01,0.43,0.10,0.92,4.21,-8.61,3.66,R
20.299,204,245,239,255,149,-7.35,-0.49,8.27,-0.65,-1.63,0.31,-10.09,0.97,2.88,-0.30,-2.73,-0.17,-8.74,4.13,1.86,-0.48,-2.41,0.11,-6.03,4.23,6.21,-0.42,-1.22,0.13,-1.25,7.51,6.42,-0.05,0.09,0.16,0.42,0.08,0.91,-6.10,-2.99,10.13,R
20.348,166,241,238,255,148,-4.76,0.19,8.24,-1.62,-5.30,1.76,-9.22,0.38,4.08,-0.49,-4.70,-0.14,-7.18,3.53,3.09,-0.71,-3.06,-0.20,-4.87,3.80,6.97,-0.47,-1.29,-0.19,-0.60,6.93,5.47,-0.32,-0.02,-0.11,0.44,0.14,0.88,5.43,-13.06,5.37,R
20.399,100,232,233,255,148,-4.00,-3.00,8.03,-1.61,-3.55,1.83,-8.29,0.57,5.43,-0.21,-3.94,-0.20,-9.25,3.99,5.01,-0.40,-2.91,-0.22,-5.49,4.21,7.64,-0.31,-1.17,-0.23,-1.21,8.07,7.02,-0.10,0.04,-0.24,0.42,0.09,0.93,15.26,-13.43,-3.54,R
20.45,60,222,227,255,147,-2.17,-3.42,9.21,-1.04,-1.75,1.08,-7.10,1.35,7.13,-0.33,-3.33,-0.37,-7.22,5.04,6.82,-0.34,-2.81,0.05,-4.67,4.40,7.68,-0.32,-1.10,0.05,-1.23,7.32,6.49,-0.06,-0.03,0.14,0.39,0.08,0.93,-1.83,-1.89,4.88,R
20.501,48,208,224,255,148,-1.69,-2.60,9.45,-0.35,-0.72,0.52,-4.53,0.72,7.77,-0.65,-2.79,0.11,-5.37,3.09,5.04,-0.35,-2.22,0.12,-3.90,3.69,7.21,-0.35,-0.82,-0.09,-0.93,7.26,6.08,-0.22,-0.01,-0.03,0.41,0.10,0.91,4.76,-4.21,2.01,R
20.552,38,196,221,255,145,-1.70,-2.31,10.50,-0.15,-0.71,0.44,-4.53,0.11,10.07,-0.18,-2.23,-0.11,-5.13,3.76,8.66,-0.21,-1.69,0.02,-4.28,3.87,8.94,-0.13,-0.64,-0.04,-1.20,7.81,7.07,-0.07,-0.16,0.05,0.39,0.08,0.94,3.78,-1.10,1.28,R
20.603,34,184,218,255,146,-0.78,-2.58,9.28,-0.02,-0.75,0.34,-2.25,-0.07,8.25,-0.09,-1.67,-0.09,-4.35,3.69,6.63,-0.33,-1.44,0.10,-3.19,3.73,7.73,-0.17,-0.52,0.02,-0.97,7.06,6.63,-0.14,-0.21,0.03,0.40,0.10,0.91,2.38,1.89,1.22,R
20.656,28,174,215,255,143,-1.05,-1.34,10.18,0.19,-1.00,0.50,-1.53,0.18,9.34,-0.28,-1.22,0.17,-4.23,3.90,8.60,-0.17,-1.13,0.03,-3.61,4.29,8.50,-0.09,-0.57,-0.11,-0.89,7.76,6.83,-0.06,-0.21,0.01,0.40,0.08,0.93,6.90,-0.18,-1.95,R
20.706,23,166,211,255,142,-0.85,-2.39,10.36,-0.03,-1.03,0.74,-1.99,0.45,9.67,-0.15,-1.17,0.02,-2.61,3.40,7.93,-0.23,-1.40,0.22,-3.39,3.48,8.74,-0.19,-0.61,0.06,-0.85,7.27,7.04,-0.14,-0.28,0.10,0.41,0.08,0.93,3.17,0.37,2.38,R
20.758,13,155,208,255,139,-0.38,-1.90,10.86,0.53,-1.68,0.96,-0.74,0.04,9.14,-0.04,-0.57,0.00,-2.01,3.00,7.38,-0.33,-0.67,0.12,-2.41,3.24,8.14,-0.21,-0.39,-0.01,-0.46,6.45,6.26,-0.15,-0.33,0.06,0.38,0.10,0.91,7.02,2.62,0.31,R
20.807,0,151,206,255,135,-0.11,-0.12,9.20,0.52,-1.86,1.02,-1.08,-0.24,10.55,0.04,-0.66,0.07,-3.92,3.64,10.23,-0.10,-0.94,0.12,-3.52,3.86,9.73,0.00,-0.47,-0.05,-0.74,7.93,7.45,-0.08,-0.35,0.04,0.43,0.05,0.93,6.96,4.39,-1.28,R
20.859,0,141,204,255,133,1.91,-1.98,10.58,0.24,-1.28,0.68,-0.43,0.64,9.44,0.04,-0.71,-0.00,-1.83,3.24,7.14,-0.15,-0.77,0.15,-1.85,3.55,7.54,-0.19,-0.52,0.01,-0.45,6.69,6.24,-0.14,-0.29,0.09,0.39,0.09,0.91,3.72,0.67,0.24,R
20.909,0,136,204,255,130,2.79,-1.82,8.49,0.47,-0.68,0.29,-0.16,-0.36,9.91,-0.06,-0.37,0.12,-2.60,3.07,10.41,-0.13,-0.45,0.08,-2.49,3.18,9.34,-0.12,-0.28,-0.07,-0.19,7.15,6.93,-0.13,-0.24,-0.02,0.42,0.06,0.92,7.02,1.22,-2.44,R
20.96,0,130,201,255,128,2.46,-2.48,11.71,0.20,-0.60,0.26,-0.05,0.28,9.98,-0.07,-0.48,0.06,-1.58,3.46,8.51,-0.10,-0.48,0.14,-2.12,3.53,8.57,-0.10,-0.21,0.05,-0.11,6.83,6.70,-0.02,-0.08,0.07,0.40,0.05,0.93,1.46,3.05,1.28,R
21.011,0,125,200,255,125,3.10,-1.86,8.41,0.23,-0.21,0.07,0.57,-0.06,9.14,0.01,-0.29,0.10,-1.16,2.64,9.26,0.02,-0.22,0.07,-2.09,3.32,8.81,0.01,-0.20,-0.13,0.02,6.95,6.81,-0.09,-0.10,-0.14,0.43,0.07,0.91,8.73,-0.79,-5.00,R
21.063,0,121,199,255,124,1.58,-1.42,10.84,0.30,-0.39,0.22,0.03,0.28,10.81,-0.06,-0.34,0.07,-1.60,4.21,10.03,-0.04,-0.54,0.12,-2.28,3.75,9.61,-0.03,-0.31,0.03,-0.39,7.31,7.33,-0.00,-0.19,0.05,0.40,0.03,0.94,4.76,1.95,-0.43,R
21.113,0,117,197,255,119,3.14,-1.49,8.59,0.23,-0.25,-0.07,0.81,-0.06,8.90,-0.03,-0.31,0.04,-0.63,2.66,8.04,-0.12,-0.43,0.09,-1.48,2.74,8.34,-0.19,-0.27,-0.02,0.04,6.27,6.80,-0.21,-0.17,-0.00,0.42,0.08,0.90,5.55,0.92,-3.36,R
21.164,0,114,196,255,118,3.37,-2.20,10.04,0.37,-0.26,-0.22,0.49,-0.22,10.61,-0.06,-0.12,0.02,-1.05,3.25,10.06,-0.11,-0.28,-0.09,-1.89,3.44,9.54,-0.05,-0.31,-0.14,-0.06,7.42,7.55,-0.08,-0.21,-0.10,0.40,0.03,0.94,12.82,0.67,-7.45,R
21.215,0,109,194,255,113,3.04,-0.76,9.23,0.33,-0.15,-0.05,0.83,0.08,9.28,-0.09,-0.32,0.03,-0.61,2.87,8.54,-0.17,-0.62,0.13,-1.43,3.28,8.69,-0.22,-0.47,0.01,0.14,6.81,6.68,-0.26,-0.38,0.11,0.42,0.03,0.92,5.86,0.98,-2.62,R
21.267,0,106,195,255,109,3.13,-1.09,9.42,0.37,-0.10,-0.11,1.02,-0.18,9.26,-0.03,-0.13,0.00,-0.26,2.77,8.57,-0.20,-0.29,0.02,-1.36,2.81,9.19,-0.23,-0.38,-0.10,0.13,6.48,7.43,-0.25,-0.20,-0.14,0.41,0.04,0.91,13.73,-2.44,-8.06,R
21.317,0,102,192,255,105,3.33,-0.63,9.76,0.36,-0.12,-0.10,0.82,0.09,10.76,0.00,-0.08,-0.04,-0.44,3.29,9.62,-0.10,-0.28,0.00,-1.39,3.23,9.71,-0.12,-0.44,0.06,0.22,7.03,7.56,-0.11,-0.21,-0.02,0.42,-0.01,0.93,10.44,1.53,-6.53,R
21.368,0,100,191,255,102,3.32,-0.51,9.92,0.41,-0.15,-0.12,1.25,0.21,8.33,0.01,0.08,-0.00,0.06,2.80,8.11,-0.23,-0.22,0.10,-0.81,3.29,8.47,-0.33,-0.44,0.13,0.45,6.25,6.69,-0.31,-0.19,0.03,0.41,0.02,0.91,12.70,0.18,-5.62,R
21.419,0,98,192,255,96,3.36,-0.33,9.90,0.49,-0.13,-0.37,0.68,-0.05,10.40,0.12,0.39,-0.32,-0.23,2.73,10.42,-0.18,-0.11,-0.09,-0.97,2.53,9.75,-0.18,-0.25,-0.11,0.43,6.80,7.71,-0.18,-0.15,-0.08,0.41,-0.03,0.94,12.21,-1.71,-10.44,R
21.471,0,94,191,255,91,3.35,0.39,8.91,0.44,-0.06,-0.42,0.50,0.82,9.81,0.26,0.56,-0.30,0.09,2.64,8.91,-0.03,0.14,-0.08,-0.83,2.72,9.09,-0.08,-0.07,-0.01,0.40,6.28,7.51,-0.01,0.09,-0.15,0.42,-0.03,0.91,10.99,5.55,-7.51,R
21.523,0,92,190,255,93,3.52,0.77,9.16,0.26,-0.01,-0.21,0.49,-0.52,9.18,0.30,0.35,-0.47,-0.36,3.16,9.87,-0.13,0.20,-0.04,-0.87,2.55,9.38,-0.24,-0.05,0.16,0.37,6.38,7.15,-0.23,0.06,0.07,0.42,-0.04,0.92,6.77,-0.12,-4.46,R
21.572,0,91,189,255,90,3.35,0.85,9.96,0.12,0.08,-0.22,0.02,1.03,10.57,0.06,0.46,-0.26,-0.34,3.15,9.49,-0.06,0.22,-0.10,-0.48,2.58,9.68,0.04,0.04,-0.12,0.38,6.60,7.69,0.04,0.10,-0.12,0.40,-0.05,0.93,6.29,-0.55,-5.00,R
21.624,87,0,2,0,5,3.36,1.16,8.70,0.08,0.09,-0.10,0.09,0.77,9.42,0.00,0.27,0.05,-0.29,2.56,8.74,-0.07,0.34,-0.07,-0.86,2.29,9.17,-0.05,0.23,-0.17,0.36,6.24,7.25,-0.06,0.08,-0.12,0.44,-0.04,0.90,2.93,1.40,-1.59,R
21.675,106,0,4,0,0,3.40,0.23,9.11,-0.03,0.28,-0.07,0.09,-0.27,9.47,-0.04,0.35,-0.04,-0.59,2.75,9.86,-0.16,0.48,-0.16,-0.88,2.30,9.47,-0.14,0.21,-0.10,0.31,6.26,7.51,-0.05,0.12,-0.12,0.40,-0.04,0.93,7.87,-4.09,-6.04,R
21.725,104,0,4,0,0,3.33,0.74,9.50,0.12,0.14,-0.09,-0.32,0.11,10.38,0.07,0.23,0.02,-1.06,2.53,10.34,-0.02,0.27,-0.08,-1.47,2.19,9.96,-0.04,0.13,-0.04,0.08,6.56,7.91,-0.03,0.08,-0.07,0.43,-0.08,0.92,4.76,1.95,-4.09,R
21.776,25,0,0,0,44,2.98,0.81,10.14,0.03,0.20,-0.07,-0.32,0.78,9.61,-0.08,0.28,0.04,-0.73,2.81,8.71,-0.11,0.26,-0.08,-0.98,2.62,8.97,-0.12,0.12,-0.06,0.23,6.41,7.43,-0.12,0.07,-0.05,0.40,-0.06,0.92,8.61,-1.22,-4.58,R
21.827,97,0,0,0,33,3.23,0.72,9.12,0.16,0.08,-0.04,-0.19,-0.85,9.29,0.07,0.27,0.00,-0.85,2.32,8.15,-0.18,0.51,-0.07,-1.09,1.97,8.95,-0.26,0.03,0.08,0.20,6.22,7.67,-0.23,-0.07,0.02,0.42,-0.06,0.91,7.87,0.12,-4.88,R
21.879,0,0,0,0,52,3.09,0.75,9.98,0.08,0.16,-0.11,-0.48,0.52,9.71,0.06,0.32,-0.15,-1.80,2.83,10.93,-0.16,0.64,-0.26,-1.30,2.27,9.73,-0.15,0.04,-0.10,0.21,6.29,7.83,-0.18,0.02,-0.07,0.41,-0.09,0.92,8.42,-2.62,-7.45,R
21.929,40,0,0,0,33,2.87,0.95,9.81,0.00,0.04,-0.09,-1.00,0.10,10.28,0.19,0.11,-0.28,-1.92,2.72,9.87,-0.17,0.38,0.01,-1.21,1.92,9.52,-0.14,0.02,0.11,-0.03,5.68,8.41,-0.11,-0.01,0.02,0.42,-0.10,0.92,-0.43,1.04,-0.49,R
21.98,96,0,0,0,36,2.97,1.07,9.71,-0.06,0.15,-0.05,-0.51,0.86,9.87,0.09,0.19,-0.31,-1.82,2.04,9.47,-0.17,0.43,-0.12,-1.17,2.01,9.49,-0.10,0.16,-0.05,0.23,5.84,7.96,-0.11,0.08,-0.00,0.40,-0.08,0.92,2.99,-3.36,-2.99,R
22.031,21,0,0,0,6,2.83,0.80,9.48,-0.00,0.17,-0.06,-0.79,0.85,9.84,-0.08,0.18,0.06,-2.12,2.17,9.99,-0.03,-0.06,-0.02,-1.36,2.48,9.63,0.04,0.05,-0.06,0.16,6.53,7.94,0.07,0.01,-0.06,0.42,-0.10,0.92,1.65,-0.31,-2.32,R
22.082,51,0,0,0,29,2.82,0.93,9.04,-0.02,0.03,-0.02,-0.94,0.38,9.45,-0.09,0.12,0.08,-1.82,2.52,8.56,-0.07,0.09,0.03,-1.33,2.48,9.34,-0.01,0.13,-0.02,0.11,6.12,7.67,-0.03,0.05,-0.01,0.41,-0.09,0.91,1.16,0.06,0.18,R
22.133,98,0,1,0,7,2.87,0.87,9.82,-0.07,0.08,-0.00,-1.09,0.48,10.26,-0.03,0.27,0.03,-1.99,2.22,9.17,-0.13,0.49,-0.02,-1.38,2.15,9.69,0.07,0.26,-0.00,0.08,6.00,7.90,0.10,0.06,-0.01,0.40,-0.10,0.93,-1.34,-0.73,0.67,R
22.184,92,0,0,0,0,2.88,0.53,9.01,-0.01,-0.01,-0.04,-1.28,0.83,9.71,-0.11,0.29,0.16,-2.29,2.22,9.10,-0.06,0.30,-0.05,-1.38,2.08,9.18,0.04,0.10,-0.08,0.18,6.02,7.42,0.07,0.02,-0.03,0.41,-0.07,0.91,-1.46,1.28,0.24,R
22.235,50,0,0,0,30,2.74,1.26,9.08,-0.05,0.16,-0.05,-1.41,0.00,9.95,-0.11,0.38,0.11,-2.68,2.15,9.62,-0.04,0.42,-0.06,-1.66,2.10,9.71,0.06,0.21,-0.12,0.02,6.12,7.92,0.07,0.01,-0.06,0.42,-0.10,0.92,0.37,-2.08,-0.06,R
22.286,40,0,0,0,40,2.70,0.83,9.46,-0.02,0.01,0.00,-1.36,0.13,9.99,-0.09,0.09,0.11,-1.93,2.23,8.88,0.08,0.62,-0.12,-1.67,1.90,9.19,0.19,0.40,-0.17,0.04,6.21,7.53,0.24,0.02,-0.16,0.41,-0.09,0.92,-1.71,1.83,1.77,R
22.337,102,0,2,0,0,2.82,0.47,9.11,-0.07,0.14,-0.10,-1.45,0.29,9.80,0.04,0.26,-0.07,-3.98,2.40,9.29,0.09,0.68,-0.12,-1.89,2.69,9.44,0.09,0.23,-0.08,0.05,6.16,7.57,0.10,0.04,-0.05,0.42,-0.08,0.92,-0.92,0.06,-0.55,R
22.389,50,0,0,0,28,2.67,0.72,9.76,-0.04,0.09,-0.09,-1.90,0.04,10.49,0.01,0.58,0.05,-3.59,1.93,8.64,0.07,1.27,-0.05,-2.11,2.05,9.61,0.21,0.27,0.02,-0.08,6.20,7.77,0.21,0.04,-0.04,0.41,-0.09,0.92,-3.78,1.71,3.54,R
22.44,47,5,0,0,52,2.59,0.22,9.57,-0.06,0.29,-0.31,-1.92,0.34,9.47,0.09,0.52,-0.10,-3.25,1.83,8.20,-0.26,1.85,-0.21,-1.85,2.19,8.56,0.28,0.38,-0.16,0.15,6.09,7.13,0.16,0.01,-0.16,0.41,-0.06,0.92,-3.72,1.95,0.67,R
22.491,0,31,0,5,62,3.97,0.67,9.43,0.01,0.55,-0.54,-2.28,0.48,10.02,0.12,1.11,-0.03,-4.16,2.38,8.39,-0.04,1.57,-0.07,-2.52,2.93,9.71,0.24,0.28,-0.05,-0.11,6.96,7.78,0.19,-0.02,-0.11,0.43,-0.09,0.93,-1.28,3.17,1.28,R
22.541,2,45,0,6,62,1.93,0.84,9.51,-0.11,0.78,-0.74,-3.01,0.90,9.14,0.10,0.69,-0.07,-5.27,2.91,8.23,0.22,1.49,-0.02,-2.62,3.06,9.38,0.18,0.17,-0.01,-0.05,6.68,7.30,0.15,-0.03,0.01,0.41,-0.08,0.91,-4.21,3.17,2.20,R
22.592,0,44,0,1,59,1.14,-0.35,10.02,-0.28,1.35,-1.17,-2.04,0.64,8.61,0.04,1.39,0.04,-5.59,2.50,7.66,0.13,1.56,0.15,-2.66,2.58,9.09,0.13,0.31,0.11,-0.14,6.33,7.51,0.09,-0.02,0.02,0.41,-0.06,0.92,-4.21,2.62,3.36,R
22.645,97,0,0,0,26,1.04,0.91,9.82,-0.10,0.66,-0.65,-4.12,0.53,9.78,0.07,1.28,0.03,-8.80,2.20,6.61,0.20,1.56,0.09,-2.82,2.90,9.56,0.30,0.27,0.00,-0.14,6.60,7.75,0.17,-0.01,-0.05,0.41,-0.06,0.93,-4.27,3.54,1.53,R
22.695,0,61,0,11,65,-0.41,1.09,10.50,-0.17,1.22,-0.97,-4.33,0.85,8.08,0.09,1.16,0.13,-6.27,2.78,5.66,0.29,0.76,0.08,-2.53,3.87,8.18,0.21,0.23,-0.03,0.01,6.76,6.79,0.15,0.05,0.03,0.42,-0.05,0.91,-3.36,2.81,2.87,R
22.745,0,67,0,14,72,0.13,0.60,9.88,-0.23,1.02,-0.68,-4.58,0.21,8.30,0.06,1.17,0.12,-7.83,2.03,6.79,0.20,0.97,0.17,-3.31,2.73,9.65,0.08,0.37,0.03,-0.03,6.63,7.39,0.02,0.01,-0.01,0.45,-0.06,0.91,-2.50,-0.12,1.04,R
22.798,106,0,6,0,0,-1.07,0.63,9.15,-0.23,1.15,-0.79,-5.42,0.21,8.07,0.01,1.05,0.07,-6.89,3.05,5.38,0.42,0.84,0.11,-2.49,3.00,8.36,0.22,0.46,0.16,0.14,6.73,6.74,0.15,0.00,0.01,0.41,-0.05,0.92,-3.72,2.08,1.40,R
22.848,109,219,234,255,110,-1.07,0.44,9.42,-0.02,1.18,-0.67,-4.73,0.78,7.60,0.13,1.18,0.14,-7.47,2.74,5.48,0.26,1.01,0.14,-3.50,2.96,9.06,0.12,0.48,-0.04,-0.10,6.97,7.48,0.06,0.02,-0.04,0.44,-0.03,0.90,-2.99,2.50,0.73,R
22.898,123,223,235,255,111,-2.33,-0.44,9.41,0.27,1.29,-0.35,-5.77,1.08,7.82,0.23,1.14,-0.05,-7.93,3.44,5.19,0.30,0.77,0.07,-3.54,3.59,8.75,0.14,0.41,0.00,-0.01,6.62,7.07,0.06,-0.04,0.00,0.41,-0.05,0.92,-0.98,0.06,0.06,R
22.949,142,225,235,255,111,-2.95,0.87,9.98,0.16,1.13,-0.30,-5.50,0.91,6.54,-0.03,1.04,0.21,-7.38,3.56,3.85,0.22,0.87,0.22,-3.53,3.31,7.88,0.16,0.68,0.13,0.11,6.65,6.58,0.06,0.01,0.10,0.43,-0.04,0.91,-7.02,3.23,3.78,R
23.001,157,227,237,255,114,-3.36,0.80,9.66,0.11,1.08,-0.43,-6.74,0.53,6.79,0.06,1.22,0.07,-7.64,2.86,3.65,0.24,1.02,0.07,-3.61,4.13,9.14,0.10,0.92,0.05,0.05,6.79,7.12,0.08,0.07,-0.05,0.42,-0.03,0.91,-0.55,-0.73,-0.18,R
23.052,170,233,238,255,116,-4.21,1.09,9.77,0.34,1.05,-0.38,-8.06,0.37,6.88,0.11,1.01,0.08,-8.73,3.30,3.97,0.21,0.71,0.19,-4.60,3.64,8.39,0.21,0.53,0.08,-0.04,7.07,7.07,0.15,-0.04,0.06,0.44,-0.05,0.91,-6.29,4.64,2.08,R
23.102,179,232,239,255,119,-4.15,0.63,8.57,0.17,0.96,-0.11,-6.69,0.89,5.54,0.11,1.13,0.06,-7.63,3.15,3.12,0.06,1.03,0.09,-4.00,3.27,7.58,0.11,1.00,0.10,-0.05,6.56,6.64,-0.00,0.14,-0.01,0.44,-0.02,0.90,-3.85,1.40,2.56,R
23.153,191,234,239,255,119,-5.16,0.36,9.05,0.07,0.82,-0.32,-8.59,1.09,6.39,0.12,0.83,-0.01,-8.36,3.52,3.08,0.22,0.71,0.05,-4.75,4.10,7.64,0.22,0.49,-0.00,0.00,7.12,6.92,0.11,0.01,0.01,0.42,-0.04,0.93,-0.79,-1.10,0.73,R
23.204,199,235,240,255,121,-4.96,0.63,8.38,0.11,0.71,-0.06,-7.48,1.13,5.11,0.14,0.72,0.08,-8.88,4.58,2.51,0.29,0.94,0.03,-4.53,3.87,6.47,0.08,0.53,0.01,0.08,6.56,6.58,0.00,0.07,0.03,0.45,-0.02,0.90,-4.88,4.46,2.38,R
23.256,207,236,241,255,123,-4.48,0.81,8.71,0.10,0.67,-0.22,-8.18,1.02,5.47,-0.04,0.75,0.07,-9.57,3.87,2.87,0.14,0.71,0.02,-5.76,3.95,8.39,0.14,0.55,0.00,-0.04,7.24,7.26,0.01,0.01,-0.03,0.44,-0.03,0.92,2.62,-0.98,-1.10,R
23.307,206,237,242,255,123,-5.39,0.47,8.53,0.02,0.10,-0.01,-8.04,0.81,4.89,-0.05,0.05,-0.00,-8.31,3.51,1.91,-0.01,0.22,0.01,-5.02,3.71,6.78,0.05,0.22,-0.01,-0.04,6.60,6.83,0.01,0.03,-0.02,0.44,-0.02,0.90,-3.54,-0.43,0.92,R
23.358,203,236,242,255,123,-5.66,0.27,9.12,0.01,0.03,-0.03,-8.37,1.13,5.13,-0.02,0.07,-0.01,-9.03,3.72,2.22,-0.04,0.00,0.01,-5.41,3.88,7.39,-0.02,0.02,-0.01,-0.02,6.89,6.93,-0.04,0.01,-0.02,0.44,-0.02,0.92,-0.24,-0.79,-0.37,R
23.409,196,234,241,255,121,-5.44,-0.11,8.44,-0.06,-0.17,0.12,-8.23,1.02,4.82,-0.01,-0.08,-0.00,-8.83,3.97,2.20,-0.07,-0.21,0.07,-5.43,3.71,7.27,-0.03,-0.14,0.04,-0.15,6.79,7.05,-0.01,0.03,0.04,0.44,-0.03,0.92,-1.22,0.92,1.65,R
23.459,192,234,240,255,123,-5.01,0.73,8.40,-0.05,-0.12,0.06,-7.80,1.22,5.19,-0.04,-0.06,-0.09,-8.28,3.76,2.12,-0.09,-0.26,-0.05,-5.15,3.81,7.42,-0.10,-0.15,-0.06,-0.07,6.79,6.97,-0.03,0.05,-0.09,0.44,-0.01,0.90,3.36,-1.53,-1.83,R
23.511,188,231,239,255,120,-5.29,0.70,8.61,-0.11,-0.55,0.22,-8.98,1.35,5.71,-0.11,-0.68,-0.08,-9.46,4.39,3.37,-0.16,-1.04,0.04,-5.48,4.01,8.25,-0.24,-0.84,-0.02,-0.03,7.13,7.13,-0.03,-0.01,0.02,0.44,-0.04,0.92,1.04,-2.38,0.98,R
23.562,176,230,236,255,121,-4.45,0.63,8.40,-0.22,-0.86,0.28,-7.71,0.81,5.04,-0.10,-0.95,-0.17,-7.65,3.24,2.28,-0.24,-1.29,-0.01,-4.24,3.27,7.08,-0.26,-0.73,-0.05,-0.04,6.74,6.80,-0.06,0.06,-0.04,0.44,-0.01,0.90,3.78,-4.88,-0.18,R
23.612,166,228,235,255,120,-4.67,0.90,9.40,-0.28,-0.77,0.27,-8.08,1.28,6.81,-0.06,-1.04,-0.19,-9.10,3.81,4.52,-0.27,-1.12,-0.06,-4.87,3.66,8.84,-0.19,-0.97,-0.08,-0.18,6.88,7.19,-0.04,0.03,-0.03,0.43,-0.03,0.92,3.30,-3.97,-0.67,R
23.664,142,225,233,255,119,-2.44,-0.56,8.82,-0.70,-2.13,1.27,-6.06,1.59,5.70,-0.25,-2.12,-0.19,-8.14,4.23,4.66,-0.95,-3.47,-0.12,-3.25,3.87,7.13,-0.43,-1.51,-0.15,-0.03,6.73,6.79,-0.19,0.08,-0.04,0.43,-0.01,0.90,7.02,-9.22,0.85,R
23.714,115,221,231,255,119,-4.05,1.62,9.71,-0.39,-1.05,0.64,-9.13,0.86,8.91,0.01,-1.06,-0.09,-8.09,3.16,6.82,-0.19,-2.35,0.00,-3.93,3.28,9.12,-0.18,-0.57,-0.05,-0.23,7.31,7.39,-0.02,0.11,-0.06,0.41,-0.06,0.93,8.00,-7.81,-1.16,R
23.766,84,217,227,253,118,-1.88,-0.35,9.50,-0.72,-2.56,1.81,-5.14,0.60,8.85,-0.06,-3.59,-0.22,-5.58,4.16,6.52,-0.65,-3.65,0.14,-3.14,3.32,8.41,-0.42,-1.03,0.03,-0.16,6.53,7.14,-0.22,-0.01,0.13,0.43,-0.03,0.91,-0.85,-5.31,5.68,R
23.816,51,208,222,255,117,-0.43,-0.77,9.49,-0.38,-1.10,0.83,-4.49,0.31,8.63,-0.22,-2.04,-0.11,-3.66,2.98,6.27,-0.39,-2.04,0.00,-2.48,3.01,8.41,-0.28,-0.30,-0.01,-0.12,6.43,7.43,-0.15,0.13,-0.01,0.40,-0.03,0.93,7.26,-6.65,-0.67,R
23.868,33,199,218,255,117,-0.84,-0.73,10.21,-0.27,-0.82,0.73,-3.14,0.54,9.73,-0.07,-1.83,-0.17,-4.50,2.71,8.52,-0.26,-1.48,0.01,-2.98,3.27,9.53,-0.05,-0.31,-0.05,-0.11,6.71,7.43,-0.04,-0.06,0.06,0.40,-0.06,0.94,1.34,-2.93,0.79,R
23.919,24,188,215,255,115,-0.24,-0.95,9.70,-0.11,-0.38,0.25,-3.24,0.52,8.27,-0.15,-1.02,0.02,-3.02,2.84,7.38,-0.21,-1.15,0.03,-2.14,2.82,8.44,-0.18,-0.13,0.01,-0.04,6.34,7.30,-0.12,0.06,0.02,0.40,-0.02,0.92,1.83,-0.18,0.12,R
23.97,20,182,211,255,114,-0.10,-0.45,10.09,-0.06,-0.16,0.10,-3.30,0.13,9.79,-0.05,-0.85,-0.07,-3.87,2.70,9.85,-0.08,-0.58,0.07,-3.03,2.58,10.16,-0.05,-0.10,-0.02,-0.23,7.01,8.09,-0.01,0.01,-0.02,0.40,-0.06,0.94,3.42,-2.81,-1.77,R
24.022,14,175,210,255,113,-1.06,-0.35,10.22,0.10,-0.45,0.26,-2.24,0.46,9.21,-0.07,-0.76,0.03,-2.78,2.84,8.07,-0.13,-0.70,0.18,-2.14,2.96,8.66,-0.10,-0.19,0.03,-0.12,6.46,7.43,-0.06,0.01,0.03,0.40,-0.04,0.92,1.34,1.89,0.18,R
24.071,12,168,207,255,113,0.21,-0.25,9.76,-0.07,-0.07,0.09,-2.33,0.10,9.85,-0.05,-0.38,0.08,-3.35,3.05,9.80,-0.06,-0.42,0.00,-2.38,2.70,9.23,-0.09,-0.13,-0.02,0.04,6.32,7.35,-0.08,-0.03,-0.01,0.40,-0.05,0.93,2.81,-2.14,-0.98,R
24.123,9,153,205,255,112,0.24,0.06,10.12,0.12,-0.42,0.22,-1.89,0.51,9.62,-0.05,-0.64,0.14,-2.20,3.04,8.59,-0.09,-0.56,0.13,-2.19,2.94,9.18,-0.12,-0.11,0.03,-0.05,6.64,7.28,-0.02,-0.01,0.02,0.40,-0.05,0.93,1.28,2.56,0.55,R
24.174,7,152,204,255,110,0.48,-0.49,9.77,0.05,-0.26,0.08,-1.44,0.28,9.48,-0.03,-0.32,0.05,-2.24,2.68,8.88,-0.09,-0.48,0.06,-2.25,2.31,9.54,-0.07,-0.18,-0.03,0.02,6.51,7.66,-0.06,-0.03,0.00,0.41,-0.04,0.92,1.28,-1.16,-1.16,R
24.224,3,147,202,255,110,0.34,-0.58,10.70,0.05,-0.18,0.07,-1.65,0.28,10.22,0.04,-0.05,0.03,-2.05,2.90,9.08,0.01,0.03,0.05,-2.29,2.57,9.57,0.02,0.02,0.07,-0.14,6.59,7.75,0.01,0.03,0.02,0.39,-0.05,0.93,0.43,2.01,1.10,R
24.275,1,145,202,255,109,0.65,-0.46,9.59,-0.00,0.03,-0.03,-1.35,0.15,9.48,-0.01,0.04,0.03,-1.98,2.63,8.86,-0.11,0.28,-0.01,-2.11,2.58,9.16,-0.03,0.08,-0.01,-0.01,6.56,7.59,0.02,0.05,-0.04,0.41,-0.05,0.92,1.40,-0.49,-0.98,R
24.326,6,145,201,255,109,0.30,-0.94,10.46,0.08,0.54,-0.49,-0.96,0.46,9.50,0.06,0.58,-0.09,-3.16,1.81,8.95,-0.26,2.36,-0.16,-2.21,2.31,9.05,0.21,0.37,0.09,-0.11,6.21,7.46,0.23,0.08,-0.08,0.38,-0.05,0.93,-0.43,3.72,0.92,R
24.378,27,156,211,255,109,-0.52,-0.35,10.27,0.12,1.65,-1.59,-3.21,0.28,10.73,0.35,2.13,-0.27,-3.76,2.51,8.99,-0.16,2.18,-0.23,-2.17,2.49,8.87,0.38,0.21,-0.11,0.01,6.70,7.22,0.29,-0.06,-0.12,0.40,-0.05,0.93,-3.17,5.98,0.55,R
24.428,60,184,220,255,111,-1.04,-0.72,9.52,0.24,1.33,-1.19,-3.83,1.53,9.46,0.14,2.46,0.03,-5.88,2.47,7.54,0.21,2.99,-0.19,-2.38,3.08,8.58,0.44,0.43,-0.07,-0.11,6.84,7.35,0.26,-0.00,-0.12,0.41,-0.04,0.92,-3.91,8.12,0.61,R
24.481,88,200,226,255,113,-1.60,0.06,9.94,0.08,1.23,-0.81,-4.01,1.36,8.39,0.07,1.35,0.04,-6.25,2.66,7.20,0.19,2.02,0.07,-2.69,3.02,8.57,0.30,0.39,0.06,-0.02,7.29,7.03,0.09,0.05,-0.01,0.43,-0.04,0.92,-2.38,2.62,-0.61,R
24.531,107,208,230,255,113,-2.51,0.45,9.90,0.27,1.09,-0.78,-6.33,0.22,9.75,0.26,1.74,0.07,-7.13,2.79,7.69,0.53,1.91,0.14,-3.20,3.38,8.49,0.29,0.63,0.01,-0.05,6.38,6.93,0.19,0.02,0.02,0.41,-0.04,0.92,-7.08,4.76,2.44,R
24.582,119,215,231,255,115,-2.38,0.34,9.68,0.21,0.95,-0.54,-5.75,0.70,7.74,-0.04,1.32,0.36,-7.54,3.35,6.11,0.31,1.34,0.15,-3.24,3.82,8.91,0.15,0.39,0.06,-0.10,7.40,7.48,0.05,0.02,0.04,0.44,-0.03,0.92,-2.99,4.88,1.22,R
24.632,132,221,234,255,117,-2.38,-0.02,9.68,0.16,1.00,-0.49,-6.40,-0.21,7.92,-0.12,1.49,0.26,-7.52,3.04,5.98,0.26,1.26,0.11,-3.33,3.41,8.55,0.11,0.55,0.06,-0.07,6.79,7.16,0.05,0.07,-0.00,0.42,-0.03,0.91,-1.34,-0.98,0.31,R
24.684,139,223,234,255,117,-3.52,-0.49,9.31,0.01,0.71,-0.21,-6.85,1.07,7.18,0.23,0.90,0.05,-7.59,3.38,4.87,0.21,0.67,0.12,-3.23,3.32,8.05,0.12,0.35,-0.02,-0.03,6.55,6.74,0.10,0.01,-0.02,0.42,-0.02,0.91,-3.60,1.95,1.10,R
24.734,150,226,236,255,119,-3.20,-1.12,8.80,0.10,1.11,-0.32,-7.14,1.27,6.92,0.19,1.61,0.11,-8.35,3.64,5.27,0.25,1.20,0.08,-4.08,3.55,8.86,0.14,0.64,0.04,-0.15,7.24,7.45,0.05,0.03,0.00,0.44,-0.03,0.92,-1.40,2.99,-0.49,R
24.786,157,228,235,255,119,-4.30,0.34,9.00,0.05,0.39,-0.09,-7.47,1.03,6.61,0.08,0.53,-0.01,-7.89,3.53,4.44,0.09,0.46,0.07,-3.78,3.53,8.27,0.01,0.35,0.07,-0.08,6.93,6.95,0.01,0.05,0.01,0.43,-0.02,0.91,-1.46,-0.37,0.92,R
24.837,151,228,236,255,119,-4.44,-0.00,9.48,-0.04,-0.01,0.03,-7.55,0.94,6.43,-0.03,-0.04,0.01,-8.05,3.46,3.81,0.00,0.10,0.01,-3.79,3.60,7.65,-0.04,0.14,0.02,-0.17,7.12,6.94,-0.00,0.03,-0.00,0.43,-0.03,0.92,0.24,-1.10,0.00,R
24.888,145,226,237,255,119,-4.35,0.18,9.23,-0.07,-0.16,0.11,-7.70,1.04,6.59,-0.02,-0.03,0.02,-8.69,3.68,4.74,-0.01,0.08,0.04,-4.38,3.72,8.68,-0.01,0.05,0.01,-0.22,6.99,7.30,-0.02,0.03,-0.00,0.43,-0.02,0.92,1.04,0.12,0.43,R
24.938,136,224,235,255,120,-4.07,1.82,9.86,-0.43,-1.53,0.76,-7.28,1.16,7.70,-0.29,-1.29,-0.14,-7.85,3.81,4.45,-0.18,-0.69,-0.09,-4.07,3.63,8.29,-0.17,-0.38,-0.07,-0.12,6.94,7.06,-0.19,0.00,-0.03,0.44,-0.02,0.90,3.97,-5.92,-0.55,R
24.99,103,221,233,255,118,-2.21,0.24,9.33,-0.79,-2.91,1.76,-6.58,0.88,7.12,-0.34,-2.82,-0.29,-8.35,4.21,6.23,-0.62,-2.82,-0.09,-3.89,3.69,8.91,-0.39,-1.14,-0.14,-0.12,7.22,6.81,-0.26,-0.02,-0.04,0.41,-0.02,0.92,8.67,-12.08,-0.24,R
25.04,56,212,231,255,117,-1.86,-1.45,9.52,-0.58,-2.14,1.73,-4.72,1.26,6.98,-0.25,-3.14,-0.18,-7.85,3.68,8.18,-0.50,-4.21,0.11,-3.30,2.99,8.69,-0.53,-1.64,-0.10,-0.11,6.93,7.39,-0.28,-0.07,0.02,0.41,-0.04,0.93,9.95,-10.13,0.31,R
25.092,30,199,223,255,115,-0.79,-0.71,10.01,-0.30,-0.86,0.93,-3.24,0.48,9.02,-0.30,-2.50,-0.12,-5.86,2.90,6.75,-0.28,-4.18,0.16,-1.84,2.85,9.00,-0.40,-1.00,-0.00,0.01,6.76,7.39,-0.23,-0.10,0.06,0.39,-0.04,0.93,6.77,-4.88,0.55,R
25.143,19,182,215,255,113,-0.55,-1.20,9.55,0.02,-0.65,0.41,-2.56,0.19,10.04,0.01,-1.90,-0.09,-2.46,2.66,7.98,-0.35,-2.96,0.16,-1.91,1.95,8.85,-0.29,-0.76,-0.02,0.06,6.61,7.23,-0.29,-0.40,0.07,0.40,-0.04,0.92,7.08,-1.46,-0.31,R
25.194,14,163,208,255,111,0.06,-0.95,9.67,0.05,-0.36,0.24,-0.56,0.01,9.38,-0.27,-1.66,0.15,-3.97,3.12,8.49,-0.18,-1.82,0.21,-1.92,2.82,9.69,-0.21,-0.70,-0.05,0.15,6.50,7.60,-0.26,-0.38,0.09,0.41,-0.06,0.93,5.13,-2.14,-1.16,R
25.244,9,146,202,255,104,-0.08,-0.47,10.41,0.13,-0.41,0.34,-0.86,0.38,9.25,-0.20,-1.15,0.23,-1.62,2.38,8.43,-0.17,-1.15,0.37,-1.34,2.98,9.32,-0.18,-0.54,0.09,0.40,6.32,7.71,-0.20,-0.22,0.09,0.40,-0.06,0.93,5.62,0.85,-0.49,R
25.295,6,132,199,255,99,0.43,-0.82,9.72,0.16,-0.37,0.15,-1.05,0.92,6.99,-1.03,0.09,0.11,0.75,3.25,9.13,-0.07,-1.33,0.03,-0.94,2.55,9.22,-0.17,-0.44,-0.02,0.37,6.36,7.67,-0.14,-0.23,0.00,0.39,-0.05,0.93,4.39,-1.71,-2.26,R
25.347,0,120,196,255,95,0.64,-0.46,9.53,0.26,-0.40,0.09,-0.30,0.16,9.65,-0.09,-0.36,0.05,-0.84,2.64,9.17,-0.10,-0.44,0.10,-0.79,2.40,9.41,-0.14,-0.28,0.03,0.49,6.27,7.52,-0.17,-0.19,-0.01,0.40,-0.07,0.92,5.92,0.73,-2.99,R
25.398,0,114,194,255,93,0.79,-0.26,9.46,0.09,-0.21,0.08,-0.15,-0.39,9.96,-0.07,-0.16,-0.04,-0.50,2.77,8.87,-0.11,-0.40,0.06,-0.84,2.65,9.36,-0.06,-0.20,0.01,0.70,6.33,7.40,-0.05,-0.07,0.03,0.39,-0.08,0.93,0.85,-1.53,-0.73,R
25.448,0,110,194,255,92,0.63,-0.16,10.19,0.05,-0.15,0.03,0.05,-0.26,9.47,-0.01,-0.11,0.01,-0.21,2.75,8.57,-0.13,-0.04,0.09,-0.55,2.45,9.14,-0.12,0.04,0.03,0.81,5.80,7.69,-0.10,0.00,0.01,0.40,-0.05,0.93,2.20,0.55,-0.37,R
25.501,0,110,193,255,93,1.00,-0.22,9.75,0.11,-0.12,0.05,-0.02,-0.23,9.90,0.01,-0.04,-0.05,-0.62,2.65,10.16,-0.05,0.11,-0.06,-0.86,2.27,9.91,-0.05,0.01,-0.02,0.67,6.20,8.06,-0.06,-0.01,-0.01,0.40,-0.08,0.93,4.33,0.00,-3.42,R
25.55,0,109,193,255,92,0.77,0.16,9.73,0.06,-0.15,-0.01,-0.06,0.79,9.41,0.04,-0.06,-0.03,-0.29,2.76,8.62,-0.06,-0.06,0.04,-0.66,2.45,9.07,-0.12,-0.03,0.06,0.77,6.21,7.40,-0.06,-0.01,0.00,0.40,-0.06,0.92,3.42,0.79,-0.24,R
25.602,0,104,193,255,89,1.20,-0.23,9.43,0.13,-0.19,0.10,0.24,-0.05,9.63,0.04,-0.24,-0.12,-0.57,2.09,9.50,-0.18,-0.15,0.08,-0.68,2.03,9.58,-0.15,-0.09,0.00,0.72,5.82,7.82,-0.12,-0.04,-0.02,0.40,-0.08,0.93,4.39,-1.95,-3.36,R
25.653,0,101,192,255,89,0.81,-0.12,10.43,0.22,-0.26,0.03,0.15,0.20,9.90,-0.02,-0.07,-0.02,-0.46,3.28,9.71,-0.06,-0.06,-0.01,-1.02,2.61,9.81,-0.07,-0.07,-0.03,0.72,6.15,8.10,-0.07,-0.03,0.00,0.39,-0.08,0.93,4.76,1.95,-2.93,R
25.703,0,96,192,255,87,0.86,0.22,10.54,0.23,-0.19,0.05,0.31,-0.33,9.29,0.01,-0.39,-0.05,-0.05,2.83,8.76,-0.12,-0.42,0.12,-0.32,2.66,9.30,-0.22,-0.41,0.09,0.91,5.85,7.76,-0.26,-0.19,0.06,0.40,-0.07,0.93,6.47,-1.71,-3.36,R
25.754,0,92,190,255,82,1.25,0.66,9.59,0.29,-0.26,0.02,0.69,-0.13,9.61,0.47,-0.74,-0.68,0.00,2.22,9.98,-0.17,-0.64,0.14,0.19,1.42,10.07,-0.23,-0.59,0.03,1.01,5.67,8.37,-0.33,-0.29,-0.01,0.38,-0.07,0.93,14.83,-1.89,-8.18,R
25.805,0,83,189,255,76,0.94,1.18,8.76,0.64,-0.70,0.34,0.50,-0.04,10.99,0.02,-0.70,-0.16,-0.09,3.05,8.82,0.07,-0.72,0.05,0.43,1.84,9.38,-0.22,-0.66,0.00,0.89,5.68,7.83,-0.38,-0.49,0.07,0.40,-0.11,0.92,13.49,-1.65,-4.64,R
25.857,0,78,188,255,72,2.22,1.39,9.50,0.46,-0.67,0.34,1.07,0.39,10.49,0.14,-0.78,-0.20,0.83,1.89,9.42,0.04,-0.68,-0.15,0.48,1.18,9.54,-0.19,-0.80,-0.03,1.30,5.58,8.07,-0.28,-0.35,0.03,0.38,-0.12,0.93,11.29,-2.93,-4.21,R
25.907,0,74,187,255,68,2.15,0.08,9.60,0.36,-0.32,0.31,1.55,1.17,9.73,0.20,-0.63,-0.23,0.92,3.09,9.00,0.14,-0.42,-0.29,0.84,1.64,9.37,-0.01,-0.38,-0.24,1.42,5.74,8.08,-0.16,-0.21,-0.10,0.39,-0.12,0.91,14.59,-1.04,-5.62,R
25.958,0,70,186,255,62,2.33,1.26,9.56,0.20,-0.16,0.31,1.92,0.32,10.00,-0.06,-0.55,0.11,0.79,3.18,10.10,0.01,-0.42,-0.10,0.83,1.58,9.07,-0.05,-0.29,-0.23,1.47,5.33,7.92,-0.12,-0.28,0.01,0.40,-0.17,0.92,5.25,-3.72,0.67,R
26.009,0,68,186,255,61,2.72,0.19,8.87,0.14,-0.08,0.22,2.28,0.11,8.91,-0.06,-0.01,0.32,1.23,2.75,9.32,-0.02,-0.06,-0.15,0.85,1.41,10.20,-0.04,0.03,-0.18,1.56,5.50,8.27,-0.09,-0.07,-0.03,0.40,-0.14,0.92,6.53,0.06,-1.83,R
26.061,0,68,185,255,60,2.54,0.85,9.97,0.10,-0.12,0.13,2.23,-0.36,9.81,-0.21,0.01,0.47,-1.05,2.34,11.04,0.02,-0.55,0.16,0.64,1.89,9.98,0.02,-0.04,-0.05,1.60,5.60,8.13,-0.00,-0.06,0.03,0.39,-0.16,0.91,0.98,1.71,1.77,R
26.112,0,67,185,255,59,2.70,0.82,8.88,-0.00,0.03,0.04,2.42,0.57,8.46,-0.08,0.08,0.04,1.54,3.17,8.44,-0.06,-0.05,-0.09,1.06,2.38,9.35,-0.06,-0.01,-0.07,1.78,5.48,7.94,-0.08,0.03,-0.00,0.40,-0.12,0.92,2.50,-1.28,-1.95,R
26.162,0,67,184,255,59,2.30,1.51,10.31,0.03,0.04,-0.06,2.09,0.35,10.29,-0.10,0.13,0.11,1.31,2.29,9.37,-0.01,-0.02,-0.08,0.86,2.00,9.33,-0.02,0.02,-0.03,1.65,5.42,7.96,0.02,0.00,-0.03,0.37,-0.16,0.93,2.32,-1.16,-0.92,R
26.213,0,65,183,255,58,2.59,1.05,9.39,0.03,-0.01,-0.00,2.31,0.02,9.53,-0.02,0.10,0.00,1.32,2.94,9.36,-0.02,0.03,-0.10,0.88,2.02,9.71,-0.05,0.04,0.01,1.54,5.22,8.24,-0.03,0.03,0.00,0.41,-0.14,0.92,0.12,0.61,0.00,R
26.264,0,66,184,255,58,2.47,1.40,10.13,-0.02,0.04,-0.05,2.22,0.17,9.54,-0.05,0.22,-0.07,1.41,3.12,9.44,-0.07,0.10,-0.02,0.91,2.04,9.85,-0.05,0.08,0.01,1.46,5.41,8.60,0.02,0.02,-0.02,0.38,-0.16,0.92,2.56,-0.12,-1.89,R
26.316,0,65,184,255,58,2.47,1.14,9.78,-0.02,-0.08,0.02,1.95,-0.00,9.64,0.07,0.06,-0.17,1.32,2.61,9.01,-0.04,0.05,0.09,0.88,1.73,9.40,0.01,0.03,0.09,1.54,5.27,8.03,0.07,0.01,0.01,0.39,-0.15,0.92,-2.93,1.77,2.32,R
26.366,0,66,184,255,58,2.71,0.96,9.36,-0.03,0.04,-0.09,2.25,0.14,8.90,0.02,0.32,-0.19,1.22,2.96,9.61,-0.09,0.18,0.03,0.81,1.93,9.78,-0.05,0.09,0.03,1.60,5.32,8.31,0.01,0.06,-0.02,0.39,-0.14,0.92,1.22,-0.98,-0.85,R
26.418,0,66,183,255,58,2.46,1.66,9.92,-0.01,-0.02,-0.06,1.66,0.79,10.23,0.04,0.30,-0.10,1.20,2.61,9.49,-0.04,0.19,0.03,0.73,1.85,9.72,0.07,0.19,-0.01,1.50,5.41,8.36,0.17,0.07,-0.02,0.38,-0.16,0.92,-2.99,2.32,2.20,R
26.468,0,67,186,255,59,2.55,1.34,9.47,-0.04,0.09,-0.04,1.70,0.57,9.58,-0.04,0.29,0.06,1.22,2.83,9.17,-0.16,0.30,0.12,0.58,1.83,9.74,0.03,0.34,-0.00,1.47,5.47,8.17,0.10,0.16,-0.04,0.40,-0.14,0.92,-1.71,-1.34,1.46,R
26.519,0,66,187,255,60,2.47,0.82,10.33,-0.10,-0.02,-0.08,1.40,0.08,9.78,0.01,0.46,-0.06,0.86,2.76,9.10,-0.03,0.44,-0.13,0.56,1.87,9.49,0.09,0.21,-0.06,1.46,5.61,7.99,0.14,0.04,-0.04,0.37,-0.14,0.93,-4.33,1.77,2.38,R
26.57,0,72,187,255,62,2.67,1.34,9.08,-0.03,-0.00,-0.05,1.53,0.58,9.74,-0.05,0.42,0.10,0.72,2.88,9.50,-0.16,0.47,0.06,0.31,1.99,9.74,0.06,0.30,-0.02,1.45,5.96,7.96,0.09,0.11,-0.03,0.41,-0.14,0.92,-4.64,0.24,2.50,R
26.621,0,76,188,255,66,2.32,1.36,9.85,-0.15,0.06,-0.12,0.95,-0.31,10.31,-0.16,0.51,0.33,0.50,2.52,9.47,-0.18,0.59,0.16,0.16,1.98,9.63,0.04,0.30,0.09,1.38,5.58,8.08,0.09,0.07,0.02,0.39,-0.13,0.92,-6.41,2.44,4.82,R
26.672,0,83,190,255,66,2.59,1.03,9.75,-0.11,-0.07,-0.11,0.88,-0.24,10.41,0.03,0.81,-0.07,0.34,2.60,9.63,-0.11,0.84,-0.06,0.00,1.94,9.99,0.20,0.52,0.02,1.12,5.97,8.37,0.43,0.29,-0.15,0.38,-0.14,0.93,-8.06,2.62,3.54,R
26.724,0,101,194,255,74,2.17,1.81,11.03,-0.37,0.01,-0.18,-0.52,1.35,11.01,0.21,0.96,-0.06,-0.65,3.98,10.63,0.35,1.56,-0.17,-0.76,3.40,10.06,0.45,0.61,0.13,1.09,6.53,8.70,0.43,0.26,0.10,0.40,-0.14,0.95,-24.29,8.67,15.14,R
26.775,0,113,195,255,80,2.83,0.96,9.27,-0.13,-0.01,-0.09,0.45,0.01,9.34,-0.04,0.48,0.13,-0.04,1.73,8.36,-0.28,0.56,0.19,0.26,2.15,8.57,-0.08,0.42,0.09,1.32,5.70,7.44,0.05,0.37,-0.04,0.41,-0.06,0.93,-2.08,-2.99,1.89,R
26.826,0,117,198,255,85,2.66,0.71,9.42,-0.11,-0.07,-0.36,-0.30,-0.93,10.16,-0.02,0.63,-0.15,-0.76,1.39,9.39,-0.06,1.05,-0.13,-0.63,1.47,9.69,0.26,0.65,-0.05,0.88,5.86,7.26,0.59,0.30,-0.22,0.37,-0.12,0.94,-10.80,6.10,-0.67,R
26.877,110,0,5,0,0,2.16,0.71,10.51,-0.41,0.02,-0.39,-1.42,0.95,10.24,0.38,0.81,-0.25,-2.49,3.87,9.41,0.50,1.20,-0.21,-1.36,3.71,10.14,0.67,0.66,0.10,0.65,7.73,8.08,0.79,0.37,0.03,0.43,-0.08,0.92,-29.66,18.92,13.73,R
26.928,105,0,5,0,0,2.83,-0.46,9.25,-0.22,-0.37,-0.42,-0.96,0.58,9.07,0.12,0.73,0.09,-1.79,2.57,8.71,0.05,0.74,0.15,-0.92,2.20,8.85,0.35,0.50,0.34,0.59,5.41,7.46,0.61,0.54,0.24,0.40,-0.02,0.91,-17.94,21.30,13.73,R
26.978,114,0,6,0,0,1.87,0.13,9.14,-0.00,0.19,-0.30,-0.93,1.05,9.36,0.29,0.70,0.08,-2.11,3.33,8.39,0.22,0.84,0.01,-1.28,3.72,9.31,0.35,0.45,0.17,0.62,7.66,7.11,0.55,0.33,0.05,0.50,-0.01,0.89,-0.61,21.91,8.73,R
27.029,106,0,5,0,0,2.83,0.65,9.15,0.11,0.01,-0.07,-1.72,1.56,9.97,0.17,0.62,0.09,-2.99,4.20,9.32,0.04,0.57,0.16,-1.52,3.74,9.58,0.03,0.12,0.51,0.37,6.56,7.68,0.19,0.26,0.55,0.48,-0.05,0.91,3.78,12.76,10.68,R
27.08,108,0,5,0,0,2.84,0.53,9.37,-0.03,0.07,-0.14,-1.80,0.34,9.29,-0.01,0.36,0.26,-2.72,2.12,8.28,-0.19,0.54,0.24,-1.65,2.46,9.50,0.08,0.16,0.26,0.50,6.38,6.68,0.14,0.03,0.23,0.47,-0.04,0.89,-6.29,10.19,9.83,R
27.132,115,0,9,0,0,2.75,0.90,9.52,0.27,-0.12,-0.20,-1.81,0.59,9.40,0.30,0.39,-0.06,-2.73,2.65,8.10,0.16,0.41,0.01,-1.36,2.76,8.79,0.32,0.20,-0.02,0.43,6.58,6.88,0.37,0.03,-0.17,0.49,-0.01,0.89,4.21,23.68,2.32,R
27.182,109,0,5,0,0,2.71,1.55,9.31,0.29,0.16,-0.13,-2.35,1.85,9.36,0.33,0.40,-0.09,-3.51,4.30,8.46,0.22,0.45,-0.16,-1.74,4.31,8.50,0.17,0.19,-0.13,0.39,7.99,5.82,0.23,0.08,-0.12,0.56,-0.05,0.86,9.34,16.05,-0.49,R
27.233,97,0,1,0,0,2.49,1.94,10.38,0.36,-0.04,0.03,-2.81,2.54,10.48,0.33,0.29,0.22,-4.19,4.23,9.42,0.23,0.43,0.16,-2.12,4.29,10.20,0.31,0.22,0.15,0.50,8.38,7.47,0.34,0.17,0.00,0.55,-0.05,0.87,8.42,18.62,7.32,R
27.284,50,0,0,0,34,2.94,1.55,8.42,-0.00,0.10,0.09,-2.35,1.54,9.03,-0.04,0.33,0.07,-3.77,3.24,8.94,-0.16,0.14,0.04,-1.55,3.29,8.94,-0.17,0.04,0.02,0.56,7.05,6.39,-0.17,0.06,0.01,0.55,-0.03,0.89,2.32,-7.93,5.62,R
27.335,91,0,0,0,30,2.56,1.17,11.08,0.16,-0.08,0.07,-2.98,1.27,10.49,0.13,0.19,0.12,-3.63,3.36,8.75,0.13,0.23,0.11,-1.48,3.48,8.89,0.25,0.19,0.08,0.58,7.26,6.56,0.30,0.08,-0.05,0.47,-0.02,0.88,2.62,13.67,8.42,R
27.386,100,0,1,0,0,2.85,1.07,8.52,0.16,-0.00,0.05,-2.38,0.85,9.12,0.13,0.13,0.17,-3.84,2.46,9.02,0.02,0.15,0.05,-1.77,2.83,9.36,0.03,0.08,-0.07,0.28,6.91,7.29,-0.10,-0.08,-0.15,0.55,-0.04,0.89,2.08,2.62,3.30,R
27.437,31,9,0,0,36,2.43,0.97,10.64,0.05,0.09,-0.05,-2.79,1.26,9.36,0.03,0.24,-0.03,-3.75,3.28,8.26,0.10,0.11,-0.06,-1.63,3.56,8.23,0.18,0.13,-0.08,0.41,6.86,5.66,0.25,0.06,-0.17,0.45,-0.02,0.86,3.91,8.61,0.31,R
27.488,101,0,0,0,0,2.48,1.95,9.59,0.54,-0.11,-0.07,-3.03,1.81,9.51,0.61,0.29,0.18,-4.06,3.29,8.48,0.46,0.37,0.18,-2.15,3.45,9.36,0.53,0.37,0.05,0.26,7.64,6.67,0.56,0.20,-0.31,0.54,-0.05,0.87,7.08,32.78,3.05,R
27.539,0,23,0,0,28,2.56,1.53,9.49,0.41,0.04,-0.07,-3.08,1.92,9.17,0.42,0.16,0.08,-3.99,3.89,8.14,0.39,0.11,0.08,-1.98,4.31,8.45,0.37,0.18,0.03,0.21,7.48,5.63,0.42,0.09,-0.12,0.54,-0.04,0.82,3.30,21.48,2.93,R
27.591,42,6,0,0,34,2.58,2.11,10.23,0.63,-0.16,-0.07,-2.78,2.28,8.56,0.62,0.23,0.26,-3.96,3.89,7.60,0.54,0.37,0.25,-2.24,4.39,8.43,0.67,0.40,0.08,-0.15,7.60,5.59,0.70,0.23,-0.21,0.59,-0.03,0.81,6.90,38.27,6.59,R
27.643,103,0,1,0,0,2.58,2.50,9.80,0.77,-0.11,-0.06,-3.17,2.63,8.88,0.71,0.30,0.29,-4.05,4.41,7.58,0.59,0.44,0.22,-2.32,4.96,8.34,0.61,0.40,0.12,-0.10,8.25,5.65,0.68,0.35,-0.14,0.63,-0.04,0.80,9.64,39.18,5.86,R
27.693,91,0,2,0,0,3.04,2.69,8.33,0.58,-0.01,-0.04,-2.98,2.80,8.29,0.54,0.59,0.24,-3.51,4.41,7.32,0.33,0.79,0.15,-2.36,4.75,8.29,0.39,0.43,0.10,-0.25,8.28,5.53,0.40,0.28,-0.16,0.67,-0.03,0.78,6.90,27.53,5.55,R
27.744,109,0,5,0,0,2.61,3.54,9.55,0.33,0.05,0.01,-4.08,3.22,8.84,0.42,0.89,0.05,-4.80,4.75,7.18,0.24,0.93,0.01,-2.68,5.13,8.64,0.29,0.38,0.02,-0.29,8.49,5.21,0.29,0.20,-0.20,0.65,-0.03,0.75,5.19,13.67,4.21,R
27.794,115,0,9,0,0,2.84,2.92,8.79,0.24,0.04,0.06,-3.84,3.56,8.60,0.21,0.42,0.11,-5.80,4.63,7.12,0.03,0.84,0.07,-2.70,5.17,7.99,0.27,0.41,0.04,-0.44,8.39,5.33,0.25,0.21,-0.13,0.67,-0.04,0.76,3.17,11.23,5.98,R
27.845,125,0,12,0,0,2.68,2.89,9.22,0.11,0.14,-0.04,-3.62,3.12,8.42,0.11,0.69,0.12,-5.75,4.24,6.90,-0.06,1.82,-0.02,-2.94,5.25,8.07,0.35,0.52,0.05,-0.50,8.47,4.97,0.29,0.15,0.05,0.65,-0.04,0.73,-3.85,7.14,8.97,R
27.897,127,0,13,0,0,2.57,3.03,8.98,-0.13,0.56,-0.44,-4.06,3.28,8.17,0.17,0.97,-0.01,-5.83,4.71,6.67,0.09,2.04,0.11,-2.95,4.96,7.74,0.49,0.50,0.02,-0.58,8.07,4.78,0.27,0.06,-0.01,0.66,-0.03,0.74,-6.90,6.47,9.95,R
27.947,121,0,12,0,0,1.90,3.05,9.38,-0.06,0.76,-0.46,-4.15,4.14,7.53,-0.09,0.47,0.16,-5.53,5.71,5.43,0.27,1.00,0.20,-3.09,5.82,7.02,0.43,0.18,-0.19,-0.51,8.15,4.25,0.22,0.01,-0.10,0.66,-0.01,0.73,-2.93,4.58,7.93,R
27.998,127,0,13,0,0,1.33,2.89,9.04,-0.37,1.32,-0.73,-5.19,2.95,8.03,0.04,0.85,0.03,-6.53,4.70,4.94,0.29,1.36,0.18,-3.20,5.58,6.99,0.28,0.36,0.05,-0.58,8.67,4.19,0.21,0.09,-0.04,0.67,-0.00,0.73,-1.89,5.86,6.35,R
28.049,127,0,14,0,0,1.11,3.28,9.58,-0.15,1.32,-0.80,-4.93,4.11,8.00,0.13,0.67,0.15,-7.06,5.48,4.08,0.36,0.93,0.24,-3.53,5.88,6.77,0.23,0.45,0.15,-0.64,8.78,4.50,0.27,0.15,-0.06,0.68,-0.01,0.73,1.83,8.48,6.47,R
28.101,57,208,232,255,97,0.12,3.58,10.14,0.00,1.06,-0.56,-5.27,3.26,7.69,0.15,0.71,0.22,-7.43,5.40,4.06,0.24,1.00,0.32,-3.51,5.72,7.06,0.24,0.57,0.21,-0.67,8.45,4.58,0.32,0.17,-0.01,0.69,0.01,0.74,-1.04,13.00,7.75,R
28.151,75,211,233,255,99,-0.39,3.15,9.62,0.15,1.07,-0.48,-5.32,4.35,6.75,0.18,0.58,0.23,-7.16,5.77,3.47,0.23,0.80,0.29,-3.79,6.23,7.30,0.32,0.48,0.16,-0.68,9.09,4.87,0.32,0.13,0.02,0.70,0.01,0.74,-1.34,13.37,7.81,R
28.202,91,214,234,255,100,0.49,3.01,9.56,0.12,0.86,-0.15,-5.23,4.56,6.41,0.09,0.52,0.37,-6.99,5.67,2.60,0.19,0.63,0.37,-3.47,6.32,6.57,0.29,0.45,0.19,-0.64,9.19,4.48,0.33,0.17,0.02,0.73,0.03,0.72,-4.76,15.38,8.42,R
28.253,104,218,235,255,101,-1.63,3.79,9.48,0.39,0.85,-0.17,-6.39,4.26,7.29,0.06,0.85,0.36,-7.33,6.56,3.28,0.14,0.74,0.33,-3.76,6.81,6.74,0.25,0.47,0.25,-0.57,9.43,3.97,0.31,0.18,0.06,0.72,0.04,0.71,-4.64,12.27,9.22,R
28.305,116,221,236,255,102,-1.40,3.83,9.61,0.19,0.63,-0.24,-6.08,3.63,6.47,0.16,0.53,0.26,-6.70,5.62,2.15,0.05,0.44,0.29,-3.69,6.35,5.96,0.21,0.38,0.20,-0.67,8.78,3.67,0.30,0.15,0.03,0.73,0.05,0.69,-2.87,12.76,8.18,R
28.355,125,222,235,255,104,-1.86,3.85,8.94,0.41,0.73,-0.03,-6.44,4.87,6.28,-0.01,0.73,0.48,-6.92,6.33,2.16,0.09,0.66,0.43,-3.86,6.63,6.00,0.31,0.47,0.26,-0.83,8.89,3.88,0.37,0.22,0.01,0.73,0.03,0.67,-1.10,17.64,9.16,R
28.407,135,224,236,255,106,-2.27,2.79,9.08,0.14,0.59,-0.04,-5.54,4.13,5.89,0.08,0.46,0.33,-6.71,5.74,2.10,0.03,0.34,0.30,-3.94,6.37,5.94,0.13,0.26,0.20,-0.86,8.33,3.80,0.19,0.12,0.09,0.75,0.04,0.66,-1.22,11.66,7.39,R
28.458,141,226,236,255,107,-2.15,3.53,8.74,0.20,0.41,-0.14,-5.94,4.64,5.99,0.19,0.42,0.10,-6.87,6.51,1.98,0.04,0.32,0.15,-3.84,6.79,5.88,0.12,0.30,0.13,-0.62,9.17,3.47,0.16,0.12,0.01,0.73,0.05,0.66,-0.49,7.75,4.09,R
28.509,139,225,236,255,107,-2.54,4.34,8.93,0.09,-0.04,0.15,-6.06,4.36,5.93,-0.08,-0.11,0.20,-6.84,6.33,1.98,-0.01,0.07,0.18,-3.89,6.56,5.64,0.12,0.09,0.13,-0.72,9.06,3.42,0.17,0.12,-0.03,0.75,0.05,0.67,0.61,7.63,5.19,R
28.559,133,226,236,255,109,-2.40,4.05,8.81,0.07,0.02,0.10,-6.11,4.56,6.03,0.10,0.07,0.08,-7.09,6.55,2.02,0.02,0.15,0.07,-3.95,6.80,5.66,0.12,0.14,0.05,-0.75,9.21,3.20,0.18,0.16,-0.09,0.76,0.05,0.66,4.03,6.65,1.46,R
28.611,130,224,235,255,108,-2.59,4.12,9.11,0.11,-0.06,0.14,-6.00,4.65,5.88,0.14,-0.02,0.11,-7.00,6.51,1.85,-0.01,0.09,0.15,-3.97,6.93,5.57,0.12,0.13,0.10,-0.84,9.17,3.04,0.19,0.13,-0.03,0.78,0.05,0.66,1.77,10.19,3.85,R
28.662,127,224,235,255,109,-2.32,4.14,9.06,0.18,-0.02,0.16,-5.91,5.92,5.77,0.14,0.13,0.17,-6.96,7.05,1.81,0.02,0.16,0.22,-3.91,7.18,5.52,0.16,0.18,0.18,-0.90,9.28,3.11,0.25,0.22,0.00,0.78,0.06,0.65,3.05,14.53,5.43,R
28.713,121,222,235,255,109,-2.23,4.46,8.97,0.19,-0.25,0.27,-5.94,5.07,6.00,0.01,-0.15,0.25,-6.91,6.89,2.01,0.00,0.03,0.25,-4.06,7.08,5.75,0.19,0.13,0.18,-0.93,9.28,3.12,0.30,0.21,-0.03,0.78,0.06,0.64,2.50,14.95,5.74,R
28.764,109,221,234,255,111,-2.25,4.34,8.88,0.24,-0.25,0.32,-5.77,4.98,5.98,0.09,-0.32,0.30,-6.90,7.10,2.15,-0.03,-0.16,0.37,-3.91,7.20,5.33,0.25,0.12,0.26,-0.93,9.34,2.68,0.39,0.28,0.03,0.79,0.06,0.63,4.15,20.94,8.42,R
28.814,113,218,233,255,111,-1.96,4.72,9.04,0.20,-0.32,0.53,-5.77,5.74,6.18,0.06,-0.65,0.45,-6.96,7.55,2.92,-0.20,-1.25,0.50,-3.83,7.35,5.35,0.23,-0.25,0.29,-0.91,9.38,2.47,0.47,0.32,0.02,0.80,0.06,0.60,6.65,24.60,10.38,R
28.866,106,218,231,255,111,-1.39,3.79,9.07,0.35,-0.58,0.66,-4.90,5.54,5.82,0.19,-0.59,0.54,-5.59,6.94,1.27,-0.15,-1.06,0.62,-3.22,7.42,4.39,0.39,0.12,0.38,-0.92,9.11,1.73,0.64,0.54,-0.01,0.80,0.07,0.58,10.56,34.91,12.08,R
28.917,96,215,229,255,111,-1.22,5.61,8.83,0.41,-0.81,0.99,-5.40,6.58,7.77,0.16,-0.85,0.75,-6.40,7.81,4.04,-0.03,-0.81,0.68,-3.41,7.46,4.80,0.52,0.23,0.45,-0.89,9.26,1.47,0.73,0.55,-0.04,0.81,0.07,0.54,17.03,42.36,13.61,R
28.967,70,208,228,255,113,0.87,2.35,7.23,0.17,-1.66,1.81,-3.42,5.27,5.52,0.48,-2.03,0.73,-5.01,7.33,2.38,0.34,-1.26,0.76,-3.19,7.77,4.51,0.50,0.11,0.43,-1.00,9.45,1.43,0.68,0.61,-0.06,0.86,0.09,0.52,19.47,41.44,13.67,R
29.018,54,204,225,255,113,0.55,5.41,9.04,0.56,-0.58,1.06,-2.70,6.53,8.03,0.55,-1.06,0.73,-4.78,8.22,3.91,0.49,-0.68,0.73,-3.27,8.07,4.63,0.69,0.26,0.51,-1.08,9.67,0.92,0.91,0.74,-0.03,0.84,0.08,0.47,22.77,47.06,14.16,R
29.07,44,196,223,255,115,1.97,4.78,7.89,0.74,-1.09,1.16,-3.46,5.83,6.37,0.51,-1.44,0.81,-4.91,7.48,2.80,0.43,-0.59,0.81,-3.14,8.15,4.38,0.66,0.43,0.50,-1.21,9.84,0.81,0.84,0.75,0.01,0.90,0.08,0.46,15.44,49.26,15.32,R
29.121,30,192,220,255,117,1.88,5.20,8.44,0.80,-0.60,0.79,-1.71,6.73,6.23,0.59,-0.77,0.61,-4.03,8.24,2.94,0.43,-0.45,0.67,-2.94,8.52,3.82,0.59,0.32,0.42,-1.11,9.81,-0.19,0.73,0.49,0.00,0.90,0.09,0.41,18.31,44.25,13.00,R
29.171,27,187,219,255,115,2.50,5.68,8.02,0.86,-0.65,0.72,-1.14,7.13,7.58,0.63,-0.94,0.62,-3.60,8.26,2.77,0.39,-0.22,0.66,-3.00,8.42,3.89,0.61,0.40,0.43,-1.35,9.81,0.50,0.74,0.55,-0.01,0.92,0.08,0.38,17.88,45.04,13.18,R
29.222,21,181,218,255,115,2.88,6.53,6.94,0.91,-0.86,0.64,-1.29,7.20,7.34,0.39,-1.24,0.64,-3.42,8.36,2.99,0.40,-1.41,0.50,-2.81,9.41,3.50,0.47,0.02,0.37,-1.14,10.05,-0.46,0.55,0.35,0.12,0.94,0.09,0.36,11.60,35.58,11.72,R
29.273,9,171,215,255,114,3.15,5.51,6.92,0.86,-0.97,0.58,-0.59,6.93,5.71,0.47,-0.86,0.59,-2.95,8.28,2.65,0.42,-0.90,0.59,-2.59,8.27,3.11,0.36,-0.04,0.34,-1.35,9.39,-0.26,0.60,0.41,-0.03,0.96,0.10,0.33,12.57,41.50,10.80,R
29.325,3,161,211,255,113,3.97,7.13,5.67,0.72,-0.55,0.30,-0.11,7.75,6.51,0.58,-0.87,0.27,-2.86,9.30,3.85,0.52,-0.91,0.28,-2.59,9.39,3.56,0.41,-0.01,0.21,-1.16,9.95,-0.38,0.40,0.25,0.04,0.94,0.10,0.29,10.86,29.97,6.90,R
29.376,0,151,208,255,112,4.64,5.76,5.40,0.48,-0.49,0.40,1.03,7.51,5.62,0.21,-1.15,0.45,-0.89,9.05,1.80,0.12,-0.99,0.39,-2.27,8.70,2.66,-0.02,-0.09,0.21,-1.14,9.35,-0.99,0.25,0.14,0.02,0.97,0.10,0.28,7.87,21.18,6.65,R
29.426,0,140,204,255,111,4.51,6.46,5.23,0.49,-0.27,-0.04,1.07,7.29,5.53,0.26,-0.54,0.09,-1.18,9.00,2.87,0.38,-0.60,0.11,-2.21,8.72,3.10,0.13,-0.13,-0.01,-1.01,9.41,-1.00,0.15,0.01,-0.08,0.95,0.12,0.24,7.45,12.15,0.24,R
29.477,0,129,202,255,108,4.76,6.89,5.18,0.41,-0.43,0.26,0.84,8.03,5.66,0.17,-1.17,0.32,-1.17,9.89,3.57,0.30,-1.09,0.31,-2.24,9.18,2.31,0.15,-0.40,0.18,-1.10,9.52,-1.57,0.17,-0.08,0.09,0.96,0.10,0.24,6.71,15.38,4.76,R
29.529,0,117,199,255,104,4.95,6.13,5.37,0.23,-0.14,-0.03,1.72,6.71,4.66,0.17,-0.59,-0.03,1.22,8.31,1.92,0.02,-0.76,0.13,-2.08,8.71,2.92,0.07,-0.21,-0.06,-1.01,9.48,-1.36,0.03,-0.10,-0.06,0.98,0.12,0.23,3.23,6.90,-1.59,R
29.579,0,108,197,255,102,4.81,6.93,5.01,0.21,-0.12,0.11,1.30,8.94,5.90,0.15,-0.27,0.09,-1.73,9.49,3.31,0.09,-0.37,0.15,-2.08,9.10,2.69,0.08,-0.12,0.08,-1.07,9.62,-1.48,0.10,-0.00,0.02,0.95,0.11,0.21,6.29,8.73,2.99,R
29.631,0,106,196,255,101,5.11,6.51,5.40,0.28,-0.25,0.15,1.92,7.87,5.00,0.17,-0.32,0.14,-1.21,9.59,1.99,0.17,-0.47,0.18,-2.03,9.24,2.42,-0.11,-0.17,0.02,-1.11,9.66,-1.08,0.05,-0.02,0.01,0.99,0.11,0.22,5.07,10.93,2.32,R
29.682,0,101,194,255,100,5.11,7.01,4.70,0.13,-0.03,0.10,1.90,8.15,5.13,0.07,-0.24,0.02,-1.55,9.64,2.51,0.06,-0.32,0.10,-2.10,9.37,2.71,-0.03,-0.24,-0.01,-1.05,9.68,-1.65,-0.02,-0.05,-0.02,0.96,0.11,0.20,4.52,1.40,1.22,R
29.732,0,99,192,255,98,5.17,6.70,5.03,0.19,-0.10,0.10,2.00,7.81,5.28,0.03,-0.26,0.16,-0.98,9.38,2.69,0.01,-0.57,0.30,-1.92,8.89,2.75,0.09,-0.19,0.06,-1.07,9.47,-1.15,0.02,-0.10,0.01,0.97,0.11,0.22,5.43,6.59,1.89,R
29.783,0,96,192,255,96,5.39,6.46,4.59,0.16,-0.16,0.16,2.20,7.75,4.93,-0.03,-0.25,0.19,-0.97,9.24,2.14,-0.04,-0.59,0.26,-1.65,8.92,2.00,-0.03,-0.26,0.06,-0.95,9.44,-1.55,-0.09,-0.15,0.04,0.96,0.12,0.21,4.76,3.42,0.85,R
29.835,0,93,190,255,94,5.35,6.74,4.62,0.14,0.01,0.07,2.27,7.74,5.09,0.02,-0.12,0.13,-1.00,9.14,3.38,0.05,-0.31,0.06,-1.74,9.05,2.13,0.05,-0.03,-0.02,-1.03,9.39,-1.60,0.06,-0.01,-0.10,0.97,0.11,0.19,7.45,4.58,-1.40,R
29.885,0,92,190,255,92,5.28,6.85,4.68,0.14,0.00,0.04,2.24,7.99,5.03,-0.05,-0.12,0.11,-0.69,9.68,3.16,-0.03,-0.37,0.17,-1.82,9.14,2.60,-0.06,-0.18,-0.08,-1.09,9.29,-1.24,-0.12,-0.14,-0.04,0.98,0.11,0.19,4.94,-0.37,-1.95,R
29.936,0,90,189,255,91,5.47,6.61,4.24,0.03,-0.04,0.18,2.49,7.91,4.73,-0.14,-0.15,0.13,-0.36,9.80,2.57,-0.24,-0.49,0.40,-2.04,10.20,2.98,0.02,-0.16,-0.17,-1.05,9.39,-1.37,-0.14,-0.09,-0.05,0.96,0.11,0.20,6.16,-2.99,-1.22,R
29.988,0,90,188,255,89,5.37,6.91,4.97,0.06,0.01,0.05,2.43,7.68,5.44,-0.07,-0.14,0.04,-0.31,9.36,3.07,-0.05,-0.55,0.24,-1.92,8.37,2.77,0.00,-0.22,-0.17,-1.18,9.67,-1.36,-0.04,-0.17,-0.01,0.97,0.10,0.21,2.87,-2.32,0.24,R
30.039,0,88,188,255,89,5.33,6.88,4.68,0.08,-0.00,0.12,2.62,7.83,4.55,-0.02,-0.21,0.07,-0.07,8.77,1.34,0.00,-0.22,0.07,-1.81,8.80,2.04,-0.03,-0.21,-0.24,-1.24,9.31,-1.43,0.00,-0.21,-0.14,0.96,0.11,0.21,7.45,-3.11,-1.22,R
30.09,0,87,186,255,85,5.53,6.89,3.88,0.17,0.02,0.09,2.60,7.88,5.44,-0.07,-0.14,0.04,-0.08,8.95,3.62,-0.04,-0.19,0.01,-2.07,8.94,2.75,0.00,-0.16,-0.23,-1.15,9.81,-0.72,-0.10,-0.10,-0.06,0.96,0.10,0.20,9.22,-3.17,-3.17,R
30.14,0,86,186,255,83,5.57,6.68,4.93,0.03,-0.00,0.11,2.68,7.98,5.20,-0.05,-0.06,0.09,0.14,8.68,2.98,-0.12,-0.18,0.16,-1.94,7.28,1.87,-0.03,-0.04,-0.11,-1.50,9.50,-0.82,0.04,-0.09,-0.09,0.97,0.11,0.22,5.98,0.61,0.67,R
30.192,0,86,186,255,84,5.75,6.40,3.95,0.15,0.08,0.24,2.74,7.78,5.20,-0.03,-0.13,0.14,-0.11,8.73,4.32,0.09,-0.54,-0.06,-2.41,9.21,3.02,0.08,-0.17,-0.36,-1.27,9.95,-0.98,-0.05,-0.20,-0.32,0.99,0.09,0.18,10.80,-4.70,-2.81,R
30.242,37,0,0,0,31,5.82,6.79,4.29,-0.00,0.02,0.16,2.82,8.11,5.50,-0.05,-0.23,0.01,0.07,9.97,2.80,0.10,-0.39,-0.13,-2.30,9.58,2.44,0.22,-0.15,-0.42,-1.49,9.53,-1.49,0.03,-0.06,-0.22,0.95,0.10,0.23,3.48,-3.36,0.79,R
30.293,97,0,1,0,2,5.69,6.59,4.48,0.14,-0.03,0.10,2.92,7.92,4.98,0.09,0.03,0.08,0.09,8.99,3.19,-0.02,-0.01,-0.02,-2.64,8.56,3.37,0.02,-0.14,-0.19,-1.73,9.36,-0.87,-0.03,-0.11,-0.21,0.97,0.10,0.21,8.73,0.00,-1.10,R
30.345,106,0,4,0,0,5.64,6.45,4.63,-0.01,0.02,0.05,2.87,7.91,5.39,-0.10,-0.17,-0.06,0.26,8.71,2.55,-0.02,-0.34,-0.14,-2.58,8.78,2.44,0.02,-0.24,-0.23,-1.63,9.52,-1.32,-0.08,-0.22,-0.13,0.95,0.09,0.23,0.18,-6.47,-1.22,R
30.395,88,0,2,0,0,5.86,6.31,4.37,0.07,-0.04,0.14,3.05,8.00,4.54,0.08,-0.06,0.07,0.00,9.28,3.26,0.08,0.06,-0.11,-2.75,8.42,3.05,0.04,-0.08,-0.12,-1.82,9.15,-0.80,0.02,-0.10,-0.21,0.96,0.10,0.22,7.39,3.36,-0.49,R
30.447,39,0,0,0,29,6.03,6.30,3.93,0.03,-0.09,0.03,3.01,7.88,5.06,-0.03,-0.04,-0.04,0.00,9.32,2.85,-0.08,-0.10,-0.07,-2.69,9.12,2.61,-0.03,-0.13,-0.05,-1.82,9.61,-0.91,-0.05,-0.13,-0.11,0.97,0.09,0.23,0.43,-3.17,-1.83,R
30.498,60,0,0,0,15,5.93,6.54,4.30,0.01,0.00,0.00,3.17,8.10,4.33,0.03,0.00,-0.05,-0.05,9.55,2.06,-0.04,0.05,-0.00,-2.74,9.05,2.35,-0.04,0.00,0.10,-1.97,9.43,-0.98,-0.03,0.00,-0.03,0.96,0.10,0.23,3.60,0.43,-0.49,R
30.549,104,0,2,0,0,6.00,6.29,4.14,0.00,0.08,-0.04,2.83,7.70,5.47,-0.00,0.06,-0.05,-0.04,9.19,3.36,-0.10,0.04,-0.07,-2.69,8.80,2.98,-0.05,-0.15,0.01,-1.83,9.81,-0.68,-0.02,-0.08,0.02,0.97,0.08,0.21,1.53,-2.81,-1.89,R
30.6,69,0,1,0,10,5.96,6.95,4.58,-0.01,-0.09,-0.05,3.06,7.75,4.96,0.01,0.03,-0.10,-0.02,9.51,2.28,-0.07,0.12,-0.03,-2.56,9.12,2.15,0.03,0.11,0.02,-1.87,9.43,-1.16,0.07,0.09,-0.03,0.96,0.09,0.24,-0.12,1.65,0.00,R
30.651,103,0,2,0,0,5.91,6.39,4.05,0.11,-0.01,-0.07,2.93,7.20,5.01,0.10,0.15,-0.08,-0.00,9.35,2.91,-0.06,0.28,-0.06,-2.62,9.08,2.72,-0.01,0.17,0.13,-1.81,9.62,-0.49,0.04,0.07,0.01,0.98,0.08,0.22,3.72,3.60,-0.67,R
30.702,94,0,3,0,0,5.79,6.70,4.57,-0.03,0.02,-0.05,2.79,8.10,5.02,0.10,0.36,-0.22,-0.14,9.36,2.65,-0.21,0.44,-0.02,-2.55,8.66,2.51,-0.02,0.24,0.19,-1.77,9.31,-1.34,0.11,0.12,0.04,0.96,0.09,0.23,0.61,-0.61,-0.18,R
30.753,107,0,4,0,0,5.95,6.35,3.98,0.03,0.02,-0.01,2.85,7.86,4.64,0.15,0.50,-0.13,-0.14,9.26,1.58,-0.15,0.62,-0.12,-2.51,8.82,2.99,-0.02,0.21,0.11,-1.91,9.45,-0.50,0.03,0.04,-0.00,0.97,0.09,0.23,2.44,1.77,-0.61,R
30.803,102,0,4,0,0,5.86,6.88,3.91,0.00,0.08,-0.08,2.01,7.72,5.50,0.17,1.03,-0.28,-0.54,9.40,2.88,-0.23,1.21,-0.29,-2.52,8.92,2.37,0.03,0.40,0.10,-1.84,9.37,-1.13,0.13,0.14,-0.03,0.97,0.08,0.23,-0.12,-0.79,-0.12,R
30.854,112,0,6,0,0,5.74,6.61,4.35,-0.02,0.07,-0.03,2.22,8.03,5.41,-0.00,0.63,0.01,-0.18,9.94,2.87,-0.21,1.19,-0.12,-2.47,9.12,2.54,0.02,0.40,0.06,-1.78,9.76,-0.96,0.12,0.21,-0.03,0.97,0.08,0.24,-1.04,0.79,0.06,R
30.905,121,0,11,0,0,5.90,6.46,4.07,-0.06,0.17,-0.09,1.80,7.36,5.08,-0.06,0.65,0.01,-0.76,8.86,3.18,-0.24,1.04,-0.06,-2.54,8.78,2.40,0.01,0.21,0.02,-1.89,9.40,-1.06,0.10,0.15,-0.04,0.97,0.08,0.22,-2.26,-0.18,0.31,R
30.957,121,0,11,0,0,5.67,6.74,4.34,-0.03,0.06,-0.10,1.67,7.88,5.11,0.07,0.67,-0.13,-0.36,9.10,2.77,-0.09,1.02,-0.22,-2.50,8.98,2.28,0.04,0.19,0.00,-1.88,9.59,-1.35,0.09,0.08,-0.07,0.97,0.08,0.23,-1.71,0.67,-0.43,R
31.008,118,0,9,0,0,5.68,6.48,4.41,-0.00,0.11,-0.07,1.56,8.24,5.36,-0.02,0.57,0.02,-1.96,9.30,3.06,-0.12,0.91,-0.09,-2.50,9.01,2.24,0.02,0.21,0.08,-1.84,9.54,-1.27,0.06,0.11,-0.04,0.97,0.09,0.22,0.49,1.89,0.37,R
31.059,121,0,11,0,0,5.63,6.86,4.09,-0.04,0.20,-0.14,1.03,7.70,5.63,-0.01,0.56,-0.06,-3.24,8.51,3.03,-0.14,1.66,-0.14,-2.61,8.99,2.30,0.04,0.21,0.00,-1.87,9.28,-1.47,0.05,0.08,-0.04,0.96,0.09,0.22,-0.73,0.18,-0.31,R
31.11,121,0,11,0,0,5.37,6.70,4.60,-0.03,0.21,-0.18,0.92,7.94,5.24,0.04,0.80,-0.09,-3.86,9.16,3.02,-0.00,1.77,-0.18,-2.64,9.30,2.10,0.06,0.30,0.04,-1.84,9.40,-1.37,0.05,0.15,-0.02,0.97,0.08,0.22,-1.89,0.31,0.12,R
31.16,124,0,13,0,0,5.32,6.97,4.71,-0.01,0.09,-0.11,0.84,7.80,5.20,-0.03,0.39,0.01,-1.43,8.95,2.78,-0.12,1.24,-0.06,-2.51,9.07,2.06,0.05,0.21,0.00,-1.92,9.32,-1.31,0.06,0.12,-0.04,0.97,0.09,0.22,-0.61,1.16,0.24,R
31.211,127,0,13,0,0,5.24,6.88,4.46,0.01,0.14,-0.13,0.76,7.93,5.37,0.01,0.60,-0.06,-3.05,9.13,2.89,0.07,1.08,-0.10,-2.60,9.17,2.33,-0.07,0.15,-0.00,-1.87,9.47,-1.36,0.07,0.11,-0.04,0.96,0.09,0.21,0.49,0.67,-0.18,R
31.262,125,0,13,0,0,5.18,6.65,4.95,-0.08,0.22,-0.15,0.60,8.23,5.27,0.11,0.57,-0.10,-2.62,8.98,2.66,0.07,0.90,-0.09,-2.60,8.99,1.93,0.03,0.17,-0.00,-1.88,9.29,-1.43,0.03,0.10,-0.06,0.97,0.09,0.22,0.00,-0.06,-0.49,R
31.313,124,0,12,0,0,5.23,6.70,4.64,-0.01,0.08,-0.08,0.50,8.07,5.50,0.00,0.41,-0.08,-1.77,9.24,2.28,0.00,0.95,-0.01,-2.60,8.91,1.97,0.04,0.17,-0.04,-1.91,9.36,-1.42,0.04,0.07,-0.04,0.97,0.09,0.22,-0.18,0.37,-0.18,R
31.365,124,0,12,0,0,5.09,6.73,4.77,-0.07,0.25,-0.15,0.27,8.42,5.35,0.01,0.65,-0.03,-3.25,9.24,2.65,0.11,0.84,-0.02,-2.74,8.96,2.46,0.05,0.15,0.04,-1.91,9.49,-1.29,0.04,0.07,-0.03,0.96,0.09,0.21,-0.06,1.04,0.61,R
31.417,124,0,12,0,0,5.01,6.85,4.79,-0.04,0.12,-0.12,0.35,7.79,5.19,-0.02,0.39,-0.07,-2.96,8.69,2.03,0.07,0.69,-0.02,-2.68,8.94,2.07,0.01,0.13,-0.01,-1.94,9.05,-1.51,0.04,0.08,-0.05,0.96,0.09,0.22,-1.65,0.06,-0.61,R
31.467,0,189,229,255,93,4.83,7.25,4.82,-0.02,0.19,-0.12,-0.34,8.19,5.48,0.03,0.49,-0.04,-2.95,9.24,1.90,0.06,0.56,-0.02,-2.71,9.13,1.91,-0.01,0.17,0.04,-1.85,9.31,-1.62,0.02,0.06,-0.04,0.96,0.09,0.21,0.67,-0.61,-0.79,R
31.519,0,191,230,255,95,4.81,6.88,4.86,0.02,0.09,-0.10,0.12,8.04,5.03,-0.02,0.38,0.05,-2.91,9.22,1.40,0.07,0.42,0.01,-2.57,9.15,1.89,-0.01,0.15,0.02,-1.92,9.43,-1.59,0.02,0.07,-0.01,0.98,0.09,0.22,-0.06,1.22,0.12,R
31.568,0,194,230,255,96,5.14,7.33,4.93,-0.03,0.20,-0.18,-0.36,8.14,5.58,0.02,0.41,-0.01,-3.18,9.18,1.70,0.05,0.43,0.01,-2.64,9.20,1.73,0.00,0.16,0.02,-1.97,9.44,-1.53,0.04,0.11,-0.04,0.97,0.09,0.22,1.22,0.92,0.00,R
31.621,0,195,231,255,95,4.69,7.06,4.77,0.01,0.11,-0.07,-0.33,8.23,5.22,0.03,0.57,-0.02,-3.35,9.05,1.78,0.05,0.46,0.03,-2.81,9.09,2.25,0.04,0.16,0.02,-2.01,9.50,-1.14,0.05,0.09,-0.02,0.97,0.08,0.22,1.16,1.10,0.18,R
31.671,0,198,231,255,96,4.38,7.13,5.27,-0.04,0.26,-0.16,-0.73,7.95,5.43,0.00,0.67,-0.02,-3.18,9.13,1.43,0.05,0.38,0.01,-2.58,9.08,1.49,0.01,0.12,0.04,-1.93,9.32,-1.91,0.06,0.11,-0.01,0.96,0.09,0.22,-0.55,0.12,0.67,R
31.722,0,202,231,255,97,4.40,7.16,5.28,0.03,0.11,-0.05,-1.10,7.90,5.30,0.12,0.60,0.06,-3.37,9.27,1.25,0.16,0.55,0.03,-2.67,9.54,2.15,0.11,0.22,0.03,-1.97,9.48,-1.47,0.11,0.12,-0.01,0.97,0.08,0.22,1.04,4.39,0.98,R
31.773,107,0,5,0,0,4.42,6.81,5.23,0.01,0.12,-0.13,-0.91,7.73,5.35,0.06,0.72,0.08,-3.24,9.06,1.43,0.11,0.49,0.08,-2.69,9.00,1.87,0.08,0.26,0.04,-1.88,9.34,-1.63,0.11,0.18,-0.04,0.97,0.09,0.21,-0.49,4.09,0.43,R
31.823,116,0,9,0,0,4.31,7.45,5.18,0.07,0.02,-0.03,-0.93,8.10,5.26,0.08,0.21,0.02,-3.19,9.13,1.11,0.03,0.26,0.04,-2.75,9.17,1.90,0.04,0.19,0.04,-2.00,9.34,-1.52,0.07,0.14,-0.04,0.97,0.09,0.20,1.77,3.48,0.43,R
31.877,72,14,1,0,0,4.40,7.05,4.98,0.03,0.10,-0.04,-0.98,8.10,5.29,0.02,0.23,0.07,-3.14,8.98,1.04,0.01,0.32,0.06,-2.65,8.89,1.54,0.04,0.22,0.03,-1.88,9.09,-1.94,0.08,0.17,-0.08,0.96,0.09,0.20,3.23,3.54,0.37,R
31.926,47,28,0,0,34,4.22,7.13,5.11,0.06,0.06,-0.02,-1.02,8.15,5.35,0.07,0.02,0.03,-3.37,9.20,1.18,0.00,0.04,0.06,-2.70,9.12,1.84,0.04,0.09,0.04,-1.95,9.36,-1.63,0.06,0.10,-0.04,0.97,0.09,0.20,2.62,3.42,0.92,R
31.977,78,11,1,0,24,4.35,6.97,4.92,0.05,-0.01,0.02,-0.95,8.56,5.17,0.01,0.01,0.09,-3.36,9.34,1.15,-0.02,-0.04,0.05,-2.75,9.17,1.70,0.04,0.08,0.04,-1.96,9.47,-1.81,0.07,0.12,-0.04,0.98,0.08,0.20,2.08,3.11,0.92,R
32.028,78,10,2,0,0,4.37,7.31,4.99,0.03,0.03,0.03,-0.96,8.14,5.37,-0.04,-0.24,0.05,-3.14,9.31,1.08,-0.10,-0.32,0.01,-2.66,9.33,1.58,-0.04,0.01,0.02,-1.92,9.56,-1.82,-0.02,0.09,-0.02,0.99,0.09,0.20,3.23,0.06,0.98,R
32.078,66,18,0,0,31,4.45,6.98,4.72,-0.06,0.05,0.03,-0.52,8.23,5.22,-0.14,-0.51,-0.00,-3.22,9.10,1.81,-0.33,-1.21,-0.08,-2.60,9.06,1.76,-0.21,-0.05,-0.02,-1.94,9.33,-1.38,-0.14,0.05,-0.04,0.97,0.09,0.20,5.19,-5.62,-0.98,R
32.13,101,0,1,0,4,4.11,7.34,5.64,-0.05,0.04,0.08,-0.63,8.69,5.38,-0.28,-1.09,-0.01,-3.17,9.53,1.95,-0.39,-1.61,-0.10,-2.58,9.05,1.60,-0.25,-0.09,-0.06,-1.85,9.19,-2.28,-0.15,0.05,-0.05,0.96,0.08,0.20,6.23,-5.55,-1.65,R
32.181,104,0,2,0,0,4.44,7.22,4.80,0.01,-0.09,0.20,-0.47,7.65,4.64,-0.05,-1.49,0.06,-3.76,9.50,2.34,-0.12,-2.48,0.09,-2.74,8.71,2.37,-0.23,-0.30,-0.06,-1.93,9.26,-1.28,-0.20,0.01,0.02,0.97,0.08,0.22,4.94,-3.97,-0.85,R
32.231,51,18,0,0,30,4.41,7.17,5.10,-0.21,0.08,0.20,-0.26,7.98,5.51,-0.23,-1.41,0.12,-3.56,9.06,2.47,-0.13,-2.75,0.06,-2.50,9.09,1.87,-0.31,-0.35,-0.04,-1.94,9.06,-1.38,-0.21,-0.00,0.09,0.97,0.08,0.21,3.17,-7.45,-1.71,R
32.282,100,0,0,0,18,4.57,6.87,5.57,-0.11,0.02,0.09,0.66,7.55,5.77,-0.11,-0.57,0.03,-3.07,8.49,1.86,-0.08,-1.23,0.07,-2.47,8.88,1.55,-0.08,-0.06,-0.01,-1.94,9.12,-1.51,-0.00,0.06,-0.04,0.96,0.08,0.22,3.30,-2.99,-1.22,R
32.333,47,2,0,0,0,4.38,6.91,5.51,-0.02,0.06,-0.00,0.68,7.97,5.51,0.04,-0.07,-0.05,-2.16,9.14,2.29,-0.05,-0.15,-0.04,-2.64,8.98,2.24,-0.07,0.03,-0.05,-1.90,9.47,-1.51,-0.03,0.01,-0.06,0.96,0.08,0.23,2.32,-1.65,-2.01,R
32.384,55,0,1,0,30,4.43,7.00,5.48,0.00,0.05,-0.00,1.00,7.89,4.98,-0.12,-0.05,0.08,-2.10,8.91,2.23,-0.15,0.15,0.04,-2.78,8.97,2.65,-0.06,0.07,0.02,-1.90,9.47,-1.60,0.01,0.06,-0.04,0.97,0.08,0.22,3.23,-0.31,-1.04,R
32.435,102,0,1,0,13,4.60,6.77,4.93,0.00,0.02,-0.06,0.81,7.78,5.15,0.05,0.42,-0.10,-2.03,8.90,1.41,-0.15,0.91,-0.11,-2.69,8.96,2.53,0.01,0.06,0.02,-2.01,9.51,-1.15,0.01,-0.01,0.01,0.97,0.08,0.23,-1.65,-0.67,-0.31,R
32.486,103,0,2,0,0,4.41,6.67,5.43,-0.03,0.04,-0.10,0.42,7.77,4.91,0.26,1.69,-0.30,-1.66,9.40,1.26,-0.20,2.32,-0.23,-2.61,9.09,2.26,0.14,0.28,0.09,-2.02,9.16,-1.37,0.08,0.03,0.01,0.95,0.08,0.23,-2.32,2.32,0.73,R
32.538,67,3,1,0,22,4.28,7.25,5.52,0.09,0.10,-0.19,-0.74,8.17,5.55,0.03,1.54,0.03,-2.71,8.84,2.78,-0.14,1.69,-0.01,-2.66,9.25,2.18,0.11,0.17,0.00,-1.92,9.53,-1.38,0.04,-0.00,-0.00,0.98,0.07,0.22,-2.93,1.46,-0.18,R
32.589,94,0,2,0,3,4.35,7.16,5.34,-0.01,0.08,-0.05,-1.00,8.44,5.62,-0.10,1.45,-0.05,-2.72,9.17,1.98,0.15,1.62,-0.04,-2.71,9.05,1.91,0.12,0.21,-0.02,-2.00,9.43,-1.53,0.06,0.05,-0.05,0.97,0.08,0.22,-1.59,0.37,-0.43,R
32.64,100,0,1,0,0,4.16,6.94,5.63,0.01,0.20,-0.19,-1.71,8.59,5.90,0.14,1.57,-0.04,-3.32,9.93,2.08,0.32,1.37,0.04,-2.68,9.23,2.04,0.16,0.21,0.00,-1.91,9.50,-1.36,0.10,0.07,-0.02,0.96,0.08,0.22,-3.11,1.59,0.37,R
32.69,84,6,2,0,0,4.19,7.16,5.31,-0.02,0.06,-0.04,-0.91,7.32,4.80,-0.05,1.03,0.02,-3.12,8.73,1.12,0.12,1.03,-0.00,-2.61,8.80,1.70,0.07,0.25,-0.05,-1.93,9.20,-1.67,0.04,0.09,-0.06,0.98,0.08,0.21,-1.65,-0.67,-0.49,R
32.741,124,0,13,0,0,4.07,6.92,5.41,-0.03,0.23,-0.15,-0.65,8.78,4.56,0.10,1.28,-0.05,-3.16,9.19,0.79,0.18,1.12,-0.02,-2.65,9.27,1.71,0.02,0.32,0.03,-1.95,9.36,-1.75,0.03,0.06,0.00,0.96,0.08,0.22,-1.46,-0.24,-0.31,R
32.793,2,215,226,255,103,3.98,7.55,5.49,0.04,0.04,-0.05,-2.26,8.37,5.59,0.03,1.03,0.16,-3.34,8.94,0.68,0.33,0.79,0.10,-2.78,9.46,1.92,0.15,0.33,0.02,-1.95,9.37,-1.53,0.07,0.12,0.01,0.97,0.08,0.22,-0.43,2.62,0.67,R
32.844,109,0,5,0,0,4.21,7.15,4.90,-0.04,0.12,-0.07,-1.67,7.79,4.57,0.03,1.03,0.03,-3.09,9.02,0.32,0.09,0.72,-0.03,-2.69,9.00,1.58,-0.02,0.38,0.01,-1.95,9.31,-1.65,-0.01,0.08,-0.01,0.97,0.08,0.21,-0.98,-1.65,-0.92,R
32.895,117,0,9,0,0,3.81,7.24,5.98,0.01,0.05,-0.07,-2.70,8.37,5.12,0.03,0.90,0.11,-3.28,9.24,0.44,0.08,0.68,0.09,-2.63,9.06,1.49,0.02,0.39,0.07,-1.99,9.17,-1.91,0.07,0.14,-0.01,0.97,0.08,0.22,-0.73,1.65,0.67,R
32.945,124,0,12,0,0,3.97,6.84,5.29,0.01,0.03,-0.01,-2.32,8.40,4.50,0.09,0.97,0.02,-3.77,9.14,0.90,0.10,0.53,-0.01,-3.00,9.36,2.02,0.04,0.26,-0.02,-1.96,9.52,-1.57,0.03,0.06,-0.05,0.97,0.08,0.21,0.98,0.18,-1.40,R
32.997,0,233,234,255,110,3.84,7.02,5.85,-0.04,0.02,-0.02,-2.60,8.04,4.19,0.10,0.70,-0.02,-2.96,9.12,-0.28,0.06,0.48,0.04,-2.55,9.14,1.16,0.02,0.38,0.05,-1.85,9.09,-2.08,0.06,0.11,-0.01,0.95,0.09,0.22,-1.77,-0.31,0.37,R
33.047,0,226,218,255,111,4.01,7.13,5.22,0.02,0.04,-0.00,-2.87,8.21,4.29,0.03,0.66,0.09,-3.13,9.02,-0.12,0.11,0.70,0.05,-2.89,8.93,1.60,0.02,0.46,0.03,-2.13,9.25,-1.47,0.00,0.11,-0.03,0.98,0.08,0.21,0.67,1.65,-0.06,R
33.098,130,0,15,0,0,3.78,7.44,5.64,-0.05,0.08,-0.02,-2.80,8.32,3.86,0.15,0.51,-0.07,-3.25,9.32,-0.40,0.13,0.47,-0.04,-2.68,8.99,1.29,0.03,0.35,-0.01,-1.96,9.31,-1.91,0.03,0.08,-0.01,0.96,0.08,0.22,-0.18,-1.89,-0.92,R
33.15,142,0,21,0,0,3.88,7.35,5.50,0.05,-0.03,-0.02,-3.05,8.33,4.29,0.00,0.11,0.06,-3.32,9.18,-0.32,0.03,0.16,0.03,-2.87,9.16,1.44,0.02,0.17,0.04,-2.04,9.39,-1.39,0.01,0.09,-0.02,0.98,0.08,0.22,0.67,2.62,0.61,R
33.2,0,228,236,255,114,3.99,6.95,5.36,-0.03,0.05,-0.03,-2.76,8.15,3.87,-0.06,0.02,-0.01,-3.13,9.01,-0.44,-0.02,0.07,-0.04,-2.88,9.02,1.36,-0.04,0.04,-0.03,-1.98,9.08,-1.87,-0.04,0.02,-0.02,0.97,0.08,0.21,0.18,-1.53,-0.98,R
33.251,0,227,236,255,115,3.73,7.14,5.70,-0.02,-0.02,-0.00,-3.01,8.35,4.01,-0.02,-0.07,0.02,-3.07,9.17,-0.51,-0.04,-0.02,0.05,-2.86,9.10,1.25,0.00,0.04,0.03,-1.98,9.11,-1.77,0.01,0.06,-0.00,0.97,0.08,0.22,0.43,1.71,0.98,R
33.302,0,226,235,255,115,3.93,6.68,5.37,0.00,0.01,0.01,-2.96,8.44,4.12,-0.06,-0.17,0.01,-3.30,9.24,-0.39,-0.05,-0.08,0.01,-2.84,9.23,1.39,-0.01,0.01,0.01,-2.01,9.38,-1.89,-0.02,0.03,0.01,0.97,0.08,0.21,0.24,-0.43,0.55,R
33.353,0,225,235,255,113,3.83,7.15,5.54,0.01,0.01,-0.02,-2.72,8.22,3.94,-0.10,-0.12,0.02,-2.93,9.08,-0.65,-0.04,-0.01,0.00,-2.89,9.02,1.36,-0.01,0.04,-0.00,-2.01,9.20,-1.86,-0.01,0.04,-0.02,0.97,0.08,0.21,1.10,0.43,-0.06,R
33.405,0,223,234,255,113,3.82,7.15,5.55,-0.02,-0.00,0.03,-2.74,8.23,4.19,-0.06,-0.19,-0.01,-3.24,9.08,-0.37,-0.06,-0.08,0.00,-2.80,8.92,1.02,-0.02,0.03,-0.02,-1.93,9.00,-2.01,0.00,0.06,-0.03,0.97,0.08,0.22,1.28,-0.43,0.49,R
33.455,0,223,234,255,113,3.89,7.11,5.38,0.03,0.04,-0.01,-2.87,8.72,4.13,-0.03,0.07,0.03,-3.66,9.26,-0.02,-0.04,0.05,0.01,-3.03,9.21,1.62,-0.02,0.02,0.01,-2.03,9.48,-1.74,0.00,0.04,-0.01,0.98,0.08,0.21,1.10,-0.12,0.43,R
33.506,0,222,235,255,115,3.79,7.37,5.57,-0.03,0.04,-0.03,-2.34,8.18,3.76,-0.01,0.10,-0.01,-3.02,9.20,-0.51,-0.04,0.13,-0.02,-2.63,9.09,1.13,-0.03,0.07,0.01,-1.92,9.15,-1.95,0.01,0.06,-0.02,0.96,0.09,0.22,1.34,-0.43,0.37,R
33.558,0,221,234,255,114,3.94,7.02,5.39,0.01,0.04,0.00,-3.15,7.82,4.36,0.03,0.21,0.00,-3.51,8.89,0.03,-0.03,0.04,0.00,-2.94,8.99,1.68,-0.02,0.00,-0.01,-1.97,9.38,-1.56,-0.01,-0.00,-0.01,0.97,0.08,0.21,0.67,-0.98,0.24,R
33.609,0,222,234,255,114,3.75,7.16,5.75,-0.03,0.01,-0.01,-2.85,8.28,3.97,0.00,0.07,-0.00,-3.15,9.17,-0.37,-0.02,0.05,0.01,-2.73,9.10,1.04,0.01,0.07,0.02,-1.97,9.23,-1.91,0.04,0.07,-0.04,0.96,0.08,0.22,0.24,1.04,0.49,R
33.66,0,221,234,255,112,3.86,7.39,5.31,0.01,0.03,0.00,-3.21,8.10,4.36,0.02,0.16,0.01,-3.39,9.15,-0.18,-0.04,0.03,-0.01,-2.79,9.19,1.32,-0.03,0.02,-0.00,-1.98,9.34,-1.56,-0.03,-0.01,0.00,0.97,0.08,0.22,0.73,-0.61,0.24,R
33.711,0,222,235,255,114,3.78,7.34,5.59,0.00,0.04,-0.05,-3.25,8.39,4.28,0.04,0.09,-0.01,-3.37,9.38,-0.32,0.00,0.11,-0.02,-2.82,9.23,1.39,0.00,0.09,0.01,-1.94,9.44,-1.94,0.04,0.05,-0.01,0.96,0.08,0.22,0.85,0.31,-0.43,R
33.762,0,221,234,255,114,3.88,6.84,5.45,0.00,0.03,-0.01,-3.01,8.96,4.14,0.01,0.13,0.02,-3.17,9.43,-0.45,-0.03,0.02,-0.01,-2.83,9.08,1.38,-0.02,0.04,-0.00,-2.00,9.37,-1.73,0.00,0.02,-0.00,0.97,0.08,0.22,-0.12,-0.49,-0.31,R
33.813,0,222,234,255,114,3.74,7.21,5.40,0.02,0.02,-0.06,-2.96,8.20,3.88,-0.01,0.06,0.02,-3.15,9.41,-0.53,-0.01,0.10,-0.01,-2.82,9.44,1.22,-0.00,0.10,-0.00,-2.04,9.36,-1.77,-0.02,0.05,-0.01,0.97,0.08,0.22,0.61,0.31,-0.85,R
33.864,0,222,235,255,115,3.82,7.06,5.68,0.01,0.03,0.01,-3.03,8.04,4.09,0.07,0.12,-0.01,-3.49,9.18,-0.26,-0.00,0.06,0.01,-2.97,9.15,1.46,0.02,0.05,0.02,-2.00,9.46,-1.66,0.01,0.05,-0.02,0.97,0.08,0.22,1.83,1.53,-0.06,R
33.914,0,221,234,255,114,3.80,7.42,5.48,-0.01,0.05,-0.05,-3.01,7.85,3.97,-0.07,0.00,0.01,-3.10,8.99,-0.65,-0.05,0.01,-0.01,-2.75,9.03,1.07,-0.03,0.02,-0.01,-1.96,9.01,-2.01,-0.03,0.01,0.00,0.97,0.08,0.22,-0.67,-1.22,0.06,R
33.966,0,222,234,255,114,3.73,7.14,5.65,-0.01,0.01,0.00,-3.13,8.33,4.07,0.01,0.01,-0.01,-3.64,9.30,-0.05,-0.03,0.01,0.01,-3.03,9.03,1.56,-0.01,0.02,-0.00,-1.91,9.39,-1.70,-0.03,0.03,-0.03,0.97,0.08,0.21,1.89,0.06,-0.18,R
34.016,0,223,234,255,113,3.84,7.03,5.65,-0.03,0.03,0.01,-3.19,8.07,4.21,-0.12,-0.41,-0.09,-3.28,9.18,-0.17,-0.08,-0.23,-0.05,-2.71,9.07,1.18,-0.02,-0.04,-0.04,-1.96,9.21,-1.87,-0.01,0.03,-0.04,0.96,0.08,0.22,1.83,-0.92,-0.98,R
34.068,0,221,234,255,113,3.66,7.25,5.49,0.00,0.06,-0.02,-2.88,8.29,4.67,-0.12,-1.04,-0.16,-3.77,9.50,0.21,-0.14,-0.52,-0.04,-3.09,9.31,1.66,-0.05,-0.22,-0.05,-2.03,9.41,-1.90,-0.05,-0.01,-0.03,0.97,0.07,0.21,3.30,-1.77,-0.79,R
34.118,0,222,233,255,114,3.76,7.13,5.68,0.00,0.03,0.02,-2.41,8.41,4.11,-0.22,-1.16,-0.00,-3.26,9.26,-0.04,-0.25,-1.00,0.03,-2.92,9.10,1.39,-0.09,-0.27,-0.01,-1.99,9.21,-1.93,-0.03,0.03,-0.03,0.97,0.08,0.22,3.60,-0.67,0.67,R
34.17,0,219,231,255,113,3.85,7.07,5.34,-0.01,0.06,0.01,-2.14,7.94,4.32,-0.02,-0.86,-0.09,-3.37,9.19,0.56,-0.34,-1.35,-0.06,-2.89,9.00,1.51,-0.16,-0.29,-0.05,-1.98,9.17,-1.81,-0.09,0.05,-0.07,0.97,0.08,0.21,6.23,-1.95,-0.61,R
34.22,0,215,230,255,113,3.82,6.98,5.53,0.00,0.09,0.02,-2.46,8.09,4.68,0.01,-0.63,-0.04,-3.18,8.83,0.31,-0.36,-1.54,-0.04,-2.72,9.00,1.29,-0.16,-0.27,-0.05,-2.00,9.32,-1.70,-0.07,0.06,-0.05,0.97,0.08,0.22,6.47,-2.20,-0.92,R
34.272,0,210,227,255,113,3.77,7.01,5.69,-0.02,0.07,0.01,-0.89,8.36,7.48,0.29,-1.06,-0.21,-3.52,9.05,0.77,-0.04,-0.62,-0.05,-2.85,9.05,1.72,-0.05,-0.04,-0.05,-2.06,9.42,-1.54,-0.02,0.06,-0.06,0.97,0.07,0.23,4.09,-0.73,-1.46,R
34.322,0,208,226,255,111,3.72,7.08,5.93,0.01,-0.01,0.01,-2.28,8.05,4.90,0.00,-0.53,-0.01,-3.38,9.23,1.16,-0.05,-0.62,-0.00,-2.91,8.94,1.86,-0.04,-0.04,-0.02,-2.04,9.41,-1.64,0.00,0.03,-0.02,0.97,0.07,0.23,1.71,0.85,-0.18,R
34.374,0,207,225,255,111,3.74,7.11,5.49,-0.02,0.04,-0.02,-2.05,8.20,5.11,0.01,-0.54,-0.05,-3.57,9.31,1.60,0.03,-0.79,-0.08,-3.01,9.09,1.80,-0.05,-0.07,-0.03,-2.15,9.41,-1.54,-0.01,0.03,-0.03,0.97,0.07,0.22,1.77,-0.67,-0.73,R
34.425,0,203,224,255,113,3.80,7.28,5.55,-0.01,-0.01,0.00,-1.81,8.10,4.68,-0.02,-0.60,-0.04,-3.13,9.00,0.89,-0.03,-0.62,-0.03,-2.88,9.02,1.58,-0.04,-0.07,-0.01,-2.17,9.27,-1.70,-0.02,0.03,-0.02,0.97,0.08,0.23,1.04,-0.49,0.24,R
34.476,0,200,222,255,111,3.79,6.99,5.66,-0.04,0.04,0.04,-1.43,8.22,4.82,0.08,-0.27,-0.09,-3.34,8.93,1.55,0.01,-0.33,-0.04,-2.96,8.84,2.21,-0.02,-0.02,-0.02,-2.15,9.15,-1.49,-0.02,0.02,-0.05,0.97,0.07,0.22,3.11,0.67,-0.37,R
34.527,0,197,221,255,112,3.60,7.14,6.11,-0.05,0.04,-0.00,-2.22,8.04,5.30,0.01,-0.56,-0.12,-3.14,9.17,1.28,-0.03,-0.77,-0.07,-2.79,8.99,1.53,-0.06,-0.14,-0.02,-2.07,9.11,-1.99,-0.01,0.03,-0.01,0.96,0.07,0.23,0.12,-3.11,-0.12,R
34.578,0,195,220,255,111,3.83,6.87,5.65,-0.01,0.01,0.01,-1.27,8.03,4.85,0.03,-0.54,-0.09,-2.88,8.98,1.26,-0.01,-0.46,-0.04,-2.95,9.08,2.02,-0.04,-0.04,-0.04,-2.13,9.38,-1.58,-0.01,0.04,-0.05,0.97,0.07,0.22,2.69,1.22,-0.67,R
34.628,0,191,216,255,111,3.79,7.04,5.69,-0.02,0.04,0.01,-1.66,8.38,5.17,-0.01,-0.59,-0.12,-3.24,9.13,1.60,-0.01,-0.69,-0.04,-2.96,9.11,2.02,-0.05,-0.17,-0.03,-2.09,9.37,-1.50,-0.04,-0.00,0.00,0.97,0.07,0.23,1.77,-1.83,-0.49,R
34.68,0,186,211,255,112,3.78,6.98,5.78,-0.00,-0.02,0.02,-1.65,8.18,4.96,-0.04,-0.58,-0.04,-3.17,9.01,1.28,-0.08,-0.76,-0.01,-2.82,9.09,1.74,-0.04,-0.10,-0.02,-2.16,9.36,-1.62,-0.01,0.05,-0.01,0.97,0.07,0.23,1.16,0.49,0.24,R
34.73,0,184,202,255,111,3.79,7.01,5.53,0.00,-0.00,0.02,-1.31,8.24,5.24,-0.06,-0.53,-0.01,-3.43,9.19,1.86,-0.08,-0.72,0.01,-3.08,8.94,2.39,-0.05,-0.15,-0.05,-2.18,9.32,-1.32,-0.03,-0.01,-0.01,0.97,0.07,0.22,1.46,-1.04,-0.24,R
34.782,0,179,197,255,113,3.82,6.92,5.69,-0.03,-0.04,0.04,-1.23,8.21,5.17,-0.07,-0.46,-0.03,-3.17,9.12,2.07,-0.05,-0.80,0.02,-2.94,8.97,1.92,-0.05,-0.16,-0.01,-2.16,8.96,-1.73,-0.03,0.04,0.01,0.96,0.07,0.23,1.53,0.37,-0.06,R
34.833,0,174,211,255,111,3.97,6.97,5.43,-0.01,-0.00,0.04,-0.82,7.99,5.00,-0.04,-0.30,0.02,-2.85,9.01,1.86,-0.06,-0.68,0.05,-2.95,9.00,2.26,-0.09,-0.16,-0.02,-2.16,9.19,-1.25,-0.07,-0.00,-0.00,0.97,0.07,0.23,1.77,-1.22,-0.61,R
34.884,0,171,198,255,111,3.73,7.02,6.23,-0.06,0.02,0.05,-1.07,7.89,5.38,-0.10,-0.41,0.02,-2.72,9.03,1.79,-0.05,-0.67,0.03,-2.74,9.11,1.95,-0.05,-0.14,0.00,-2.05,9.28,-1.98,-0.03,0.03,0.03,0.96,0.07,0.23,1.28,-1.22,0.00,R
34.935,0,166,204,255,110,3.88,6.97,5.65,0.04,-0.06,0.06,-0.71,8.41,5.16,-0.04,-0.38,0.10,-2.79,8.93,2.30,-0.05,-0.56,0.06,-3.12,9.45,2.84,0.05,-0.12,-0.03,-2.14,9.48,-1.16,-0.05,0.00,-0.00,0.98,0.06,0.23,2.26,1.04,0.12,R
34.987,0,161,204,255,111,4.02,6.97,5.57,-0.07,0.03,0.02,-0.57,7.96,5.29,-0.10,-0.26,0.02,-2.57,8.81,1.94,-0.07,-0.69,-0.01,-2.69,8.90,1.92,-0.08,-0.19,-0.02,-1.99,9.03,-1.72,-0.05,-0.02,0.02,0.96,0.07,0.23,0.49,-3.36,-0.49,R
35.037,0,158,207,255,109,3.84,7.08,6.05,0.03,-0.05,0.05,-0.42,8.27,4.98,-0.03,-0.33,0.06,-2.82,9.03,2.21,0.02,-0.46,0.10,-2.81,9.04,2.24,-0.02,-0.07,0.01,-2.16,9.40,-1.20,0.01,0.03,-0.02,0.96,0.07,0.24,2.69,2.26,0.12,R
35.088,0,156,204,255,107,4.00,6.89,5.63,-0.03,0.01,0.00,-0.44,8.01,5.35,-0.07,-0.16,-0.03,-2.71,8.79,3.24,-0.18,-0.74,-0.01,-2.75,8.96,2.06,-0.06,-0.10,-0.04,-2.11,9.16,-1.54,-0.06,-0.04,0.00,0.97,0.07,0.23,-0.37,-2.75,-1.04,R
35.138,0,153,203,255,108,3.90,7.07,6.08,-0.02,0.03,0.01,-0.30,8.01,5.22,0.02,-0.05,-0.00,-2.49,9.18,2.54,0.03,-0.19,0.02,-2.93,9.01,2.60,0.04,-0.02,0.01,-2.07,9.50,-1.49,0.03,0.02,-0.01,0.96,0.07,0.23,2.01,2.26,-0.18,R
35.19,0,150,204,255,108,4.07,6.92,5.43,-0.01,-0.01,0.02,-0.34,7.98,5.34,-0.01,-0.10,0.01,-2.40,9.12,2.16,-0.00,-0.32,0.04,-2.75,8.96,2.23,-0.06,-0.08,-0.00,-2.13,9.39,-1.46,-0.03,-0.00,-0.01,0.97,0.06,0.23,0.49,-2.26,0.06,R
35.241,0,150,203,255,107,3.94,6.84,5.77,0.01,-0.01,0.02,-0.48,8.11,5.59,0.01,-0.05,0.04,-2.57,8.98,2.93,0.01,-0.16,0.03,-2.85,9.08,2.64,0.04,-0.07,0.01,-2.05,9.50,-0.91,0.02,0.00,0.01,0.96,0.06,0.23,1.83,1.46,0.31,R
35.291,0,148,203,255,106,4.05,6.57,5.79,0.01,-0.06,0.04,-0.31,7.97,5.29,0.01,-0.05,0.01,-2.40,8.98,2.55,0.01,-0.30,0.05,-2.73,8.77,2.05,-0.00,-0.05,-0.00,-2.10,9.31,-1.64,0.02,0.02,-0.02,0.96,0.07,0.23,0.12,0.37,-0.12,R
35.343,0,148,202,255,107,4.10,6.98,5.34,-0.00,0.01,-0.01,-0.26,8.01,5.24,-0.03,-0.03,-0.00,-2.31,9.19,2.49,-0.02,-0.07,0.01,-2.82,8.86,2.41,-0.05,-0.04,-0.02,-2.15,9.19,-1.27,-0.05,-0.01,-0.03,0.97,0.07,0.23,0.49,-1.04,-0.55,R
35.393,0,147,201,255,106,3.99,6.85,5.89,0.01,-0.02,-0.00,-0.34,8.04,5.51,0.00,-0.06,0.01,-2.28,9.14,2.71,0.02,-0.20,0.04,-2.76,8.96,2.45,0.02,-0.03,0.03,-2.06,9.46,-1.26,0.01,0.00,0.02,0.96,0.07,0.24,0.92,1.28,0.61,R
35.445,0,146,200,255,107,4.07,6.80,5.53,0.00,-0.00,0.01,-0.20,8.11,5.28,-0.05,-0.09,0.05,-2.35,9.02,2.49,-0.08,-0.35,0.12,-2.73,8.79,2.48,-0.06,-0.11,-0.01,-2.12,9.31,-1.25,-0.03,-0.04,0.00,0.97,0.06,0.23,-0.12,-0.49,-0.18,R
35.495,0,145,200,255,106,3.93,6.93,5.77,-0.02,-0.00,-0.01,-0.36,8.05,5.45,0.02,-0.10,0.01,-2.11,9.13,2.15,0.02,-0.44,0.05,-2.64,9.29,2.04,-0.04,-0.07,0.03,-2.04,9.31,-1.71,-0.00,-0.01,0.01,0.96,0.06,0.24,0.67,0.79,0.49,R
35.547,0,144,198,255,105,4.16,6.78,5.48,0.04,-0.01,0.03,-0.20,7.92,5.46,-0.07,-0.09,0.08,-1.83,8.98,2.53,-0.08,-0.33,0.15,-2.81,8.81,2.87,-0.07,-0.18,0.02,-2.11,9.46,-1.02,-0.07,-0.06,0.01,0.98,0.06,0.23,0.92,-0.67,-0.31,R
35.599,0,142,196,255,106,4.03,6.93,5.84,-0.03,-0.02,0.00,-0.09,8.03,5.53,-0.01,-0.11,-0.01,-1.90,9.15,2.46,-0.01,-0.31,0.06,-2.56,8.96,2.21,0.03,-0.04,0.01,-2.08,9.28,-1.33,0.02,-0.01,0.02,0.95,0.07,0.23,0.06,0.67,0.12,R
35.649,0,140,196,255,105,4.15,6.85,5.42,0.03,-0.02,0.05,-0.06,7.96,5.42,-0.02,-0.11,0.07,-1.94,9.22,2.56,-0.02,-0.26,0.07,-2.78,9.19,2.81,-0.04,-0.06,-0.01,-2.16,9.43,-0.99,-0.04,-0.01,-0.01,0.98,0.06,0.23,1.40,0.06,-0.49,R
35.701,0,139,195,255,103,4.02,7.16,5.73,-0.02,0.03,-0.02,-0.08,8.14,5.70,-0.10,-0.14,0.04,-1.72,9.13,2.60,-0.07,-0.31,0.10,-2.58,9.08,2.36,-0.02,-0.14,-0.02,-2.09,9.47,-1.39,-0.03,-0.07,0.04,0.97,0.06,0.23,0.37,-1.28,-0.31,R
35.751,0,137,194,255,104,4.11,6.97,5.65,0.04,-0.03,0.03,0.04,8.26,5.18,-0.02,-0.16,0.06,-1.40,9.11,1.82,-0.04,-0.13,0.09,-2.71,8.98,2.59,-0.05,-0.01,0.01,-2.16,9.38,-1.19,-0.03,-0.02,-0.02,0.98,0.06,0.24,2.26,0.79,0.24,R
35.802,0,135,194,255,100,4.15,7.02,5.61,0.00,0.02,0.01,-0.02,7.83,5.78,-0.03,-0.06,-0.02,-1.60,9.11,2.60,-0.04,-0.17,0.02,-2.66,9.12,2.74,-0.01,-0.09,-0.01,-2.00,9.40,-1.19,-0.03,-0.05,0.02,0.96,0.06,0.23,0.06,-1.22,-0.18,R
35.853,0,134,193,255,99,4.25,6.93,5.62,0.08,-0.06,0.12,0.06,7.94,5.54,0.01,-0.08,0.02,-1.54,9.19,2.74,-0.00,-0.06,0.00,-2.60,9.08,2.46,0.02,0.04,-0.01,-2.04,9.47,-1.20,0.02,0.03,-0.02,0.96,0.06,0.23,1.71,1.04,-0.18,R
35.904,0,132,193,255,101,4.22,6.73,5.42,0.01,-0.01,0.00,0.21,7.89,5.47,-0.02,-0.10,0.02,-1.24,9.46,3.48,-0.13,-0.18,-0.01,-2.65,8.89,2.85,-0.17,-0.07,-0.05,-2.01,9.39,-1.25,-0.02,-0.03,0.00,0.97,0.06,0.23,-0.55,-0.79,-0.55,R
35.955,0,131,193,255,101,4.04,7.02,5.76,0.00,-0.03,0.01,0.24,8.23,5.28,0.00,-0.02,0.03,-1.53,9.17,2.60,-0.03,-0.01,0.02,-2.59,8.85,2.33,0.02,0.07,0.01,-2.15,9.31,-1.33,0.05,0.07,-0.03,0.96,0.07,0.23,1.53,1.95,0.49,R
36.005,0,130,193,255,101,4.16,6.88,5.34,0.04,-0.04,0.02,0.13,8.08,5.65,-0.01,-0.07,0.03,-1.63,9.47,3.11,-0.04,-0.13,0.03,-2.68,8.96,2.63,-0.04,-0.06,0.02,-2.07,9.29,-1.63,-0.02,-0.03,0.04,0.97,0.06,0.23,-0.18,-1.59,0.98,R
36.057,0,130,193,255,100,4.27,6.99,5.51,0.06,-0.09,0.10,0.28,8.00,5.47,0.02,-0.12,0.10,-1.43,9.11,2.40,0.03,-0.01,0.03,-2.66,9.06,2.46,0.01,-0.01,0.04,-2.10,9.34,-1.23,0.01,0.02,0.01,0.98,0.06,0.23,2.20,2.56,2.26,R
36.109,0,130,193,255,99,4.36,6.90,5.53,0.08,-0.14,0.13,0.27,7.92,5.44,0.00,-0.14,0.07,-1.45,9.06,2.83,-0.01,-0.11,0.07,-2.68,8.86,2.80,0.00,-0.05,0.03,-2.04,9.22,-1.09,0.01,-0.01,0.02,0.97,0.06,0.22,0.73,1.10,2.14,R
36.159,0,129,192,255,98,4.48,7.10,5.07,0.19,-0.33,0.17,0.34,7.99,5.57,0.02,-0.29,0.10,-1.51,9.57,2.90,0.02,-0.19,0.11,-2.51,9.09,2.30,0.03,-0.05,0.07,-2.07,9.09,-1.39,0.04,0.01,0.04,0.97,0.07,0.23,1.22,3.23,2.99,R
36.209,0,127,192,255,97,4.68,6.98,5.47,0.26,-0.45,0.34,0.67,7.85,5.29,0.05,-0.32,0.19,-1.34,9.20,3.23,0.02,-0.11,0.08,-2.46,8.92,2.89,0.01,-0.15,0.09,-2.85,9.53,-0.30,-0.08,-0.28,0.16,0.97,0.07,0.22,3.60,4.03,3.17,R
36.261,0,123,192,255,97,4.94,6.57,4.91,0.18,-0.31,0.31,0.67,7.96,5.68,0.03,-0.50,0.27,-1.21,9.11,3.00,0.04,-0.16,0.13,-2.42,8.90,2.45,0.03,-0.13,0.11,-2.00,9.47,-1.15,0.06,-0.02,0.11,0.97,0.07,0.22,2.93,3.85,4.39,R
36.311,0,119,191,255,95,4.83,6.74,5.57,0.16,-0.26,0.31,0.91,8.64,5.55,0.09,-0.58,0.23,-1.13,9.51,2.45,0.05,-0.09,0.17,-2.44,9.21,2.71,0.07,-0.02,0.16,-1.84,9.61,-1.47,0.08,-0.01,0.12,0.95,0.08,0.22,2.44,3.23,6.77,R
36.362,0,115,191,255,94,5.12,6.45,5.07,0.17,-0.33,0.36,1.28,7.98,5.30,0.12,-0.67,0.24,-1.15,9.34,3.16,0.11,-0.24,0.22,-2.27,9.17,2.62,0.11,-0.10,0.20,-1.77,9.51,-1.41,0.16,-0.04,0.16,0.97,0.08,0.22,0.18,4.88,8.54,R
36.414,0,113,190,255,93,5.52,6.31,4.33,0.06,-0.11,0.21,1.57,8.00,5.24,0.09,-0.33,0.16,-0.92,9.22,2.55,0.06,-0.12,0.18,-2.18,8.94,2.26,0.08,-0.03,0.16,-1.76,9.15,-1.60,0.11,0.02,0.11,0.97,0.09,0.20,0.37,3.17,7.14,R
36.464,0,112,190,255,91,5.54,6.52,4.47,0.14,-0.25,0.13,1.77,7.97,4.96,0.16,-0.31,0.09,-0.72,9.32,2.00,0.15,-0.07,0.12,-2.11,9.14,2.49,0.16,0.03,0.18,-1.74,9.56,-1.62,0.18,0.05,0.13,0.97,0.09,0.22,-0.31,6.96,8.48,R
36.515,0,112,191,255,91,5.66,6.40,4.61,0.16,-0.11,0.11,1.95,7.90,4.68,0.15,-0.00,0.18,-0.67,9.11,2.03,0.15,0.11,0.17,-1.91,8.97,1.83,0.20,0.15,0.18,-1.57,9.21,-2.09,0.28,0.20,0.06,0.96,0.11,0.19,3.48,12.21,8.73,R
36.567,0,110,191,255,92,5.60,6.92,4.51,0.34,-0.16,0.07,1.89,8.14,5.01,0.41,-0.06,0.15,-0.78,9.50,2.26,0.36,0.20,0.12,-1.97,9.60,2.30,0.41,0.30,0.21,-1.34,9.87,-2.08,0.42,0.24,0.09,0.97,0.11,0.17,3.72,22.22,11.11,R
36.617,0,111,191,255,92,5.64,6.98,4.32,0.40,-0.31,0.14,1.95,8.44,4.96,0.45,-0.09,0.29,-0.70,9.70,2.24,0.49,0.19,0.31,-1.81,9.84,2.12,0.53,0.26,0.43,-1.44,9.73,-2.03,0.63,0.28,0.28,0.96,0.13,0.16,0.73,27.89,19.84,R
36.669,0,110,190,255,92,5.82,6.92,4.10,0.51,-0.41,0.21,2.15,8.32,4.67,0.69,-0.09,0.39,-0.59,9.84,2.07,0.74,0.24,0.38,-1.56,9.29,1.23,0.73,0.33,0.55,-1.28,8.88,-2.72,0.92,0.48,0.21,0.97,0.15,0.14,0.18,41.81,25.88,R
36.72,0,111,191,255,93,6.07,6.59,3.21,0.64,-0.50,0.15,2.36,8.24,3.88,0.77,-0.03,0.35,-0.38,9.51,1.29,0.79,0.40,0.29,-1.40,9.37,1.15,0.78,0.44,0.49,-1.09,9.13,-3.02,0.88,0.53,0.23,0.97,0.17,0.09,0.31,43.70,23.56,R
36.77,0,111,192,255,93,5.90,6.89,3.54,0.72,-0.38,0.23,2.48,8.53,3.75,0.80,0.02,0.44,-0.27,9.46,0.76,0.78,0.58,0.38,-1.14,9.60,0.74,0.80,0.52,0.58,-0.89,9.32,-3.54,0.95,0.53,0.23,0.97,0.18,0.05,4.76,47.91,24.96,R
36.821,0,113,193,255,93,6.43,6.60,2.69,0.76,-0.46,0.20,2.84,8.46,3.12,0.87,0.15,0.39,-0.07,9.80,0.63,0.85,0.53,0.39,-0.95,9.65,0.33,0.84,0.52,0.58,-0.72,8.91,-4.12,0.97,0.62,0.21,0.97,0.22,0.02,1.53,51.27,25.27,R
36.873,0,113,194,255,96,6.41,7.09,2.50,0.89,-0.55,0.16,2.88,8.31,2.98,0.94,0.07,0.41,-0.01,9.49,0.23,0.95,0.44,0.37,-0.69,9.71,0.10,0.93,0.52,0.53,-0.67,8.94,-3.98,1.06,0.67,0.16,0.97,0.22,-0.04,1.59,56.52,24.96,R
36.924,0,117,195,255,99,6.39,6.88,1.61,0.79,-0.41,0.16,3.06,8.97,2.21,0.88,0.09,0.42,0.44,9.65,-0.95,0.83,0.34,0.41,-0.34,9.58,-0.69,0.80,0.44,0.55,-0.32,8.37,-4.53,0.89,0.55,0.20,0.96,0.25,-0.08,0.98,51.33,22.40,R
36.975,0,116,194,255,103,6.66,7.00,1.25,0.78,-0.43,0.17,3.20,8.59,2.30,0.79,0.17,0.40,0.56,9.62,-0.93,0.75,0.50,0.33,-0.03,9.39,-0.88,0.77,0.49,0.48,-0.20,8.50,-4.85,0.85,0.61,0.12,0.95,0.26,-0.12,1.59,48.71,20.39,R
37.026,0,118,194,255,104,6.73,6.75,0.42,0.71,-0.38,0.11,3.37,8.71,1.87,0.74,0.10,0.36,0.77,9.74,-1.36,0.74,0.21,0.35,0.26,9.75,-1.40,0.71,0.33,0.45,0.17,7.89,-5.59,0.74,0.52,0.18,0.94,0.29,-0.16,0.85,44.37,18.19,R
37.077,0,119,195,255,103,6.87,6.63,0.74,0.71,-0.29,0.16,3.51,8.62,1.76,0.80,0.10,0.49,0.68,9.33,-0.45,0.78,0.40,0.38,0.38,9.09,-1.42,0.82,0.46,0.51,0.32,7.83,-5.28,0.93,0.68,0.09,0.91,0.30,-0.22,1.46,51.27,18.07,R
37.128,0,119,195,255,107,6.87,6.33,0.28,0.72,-0.42,0.16,3.66,8.99,0.83,0.80,0.10,0.36,1.18,9.51,-2.09,0.74,0.45,0.37,0.62,9.45,-1.83,0.76,0.45,0.54,0.67,7.15,-6.27,0.84,0.66,0.20,0.90,0.31,-0.23,-2.26,48.34,19.65,R
37.179,0,122,195,255,112,6.81,6.60,-0.21,0.74,-0.36,0.24,3.74,9.02,1.13,0.76,0.04,0.53,1.33,10.19,-2.89,0.80,0.51,0.53,1.04,9.46,-2.88,0.74,0.63,0.64,0.73,7.34,-6.11,0.95,0.96,0.13,0.88,0.33,-0.30,-0.31,49.93,20.08,R
37.23,0,122,196,255,117,6.93,6.68,-0.61,0.71,-0.32,0.11,4.19,8.40,0.77,0.75,-0.03,0.52,1.65,8.75,-2.46,0.72,0.49,0.51,1.32,9.32,-2.30,0.77,0.58,0.61,1.31,7.06,-6.32,0.92,0.84,0.27,0.89,0.34,-0.31,-5.43,47.61,20.81,R
37.281,0,124,198,255,123,7.12,6.04,-0.88,0.63,-0.32,0.22,4.56,8.35,-0.10,0.61,0.08,0.57,3.60,8.71,-2.06,0.55,0.66,0.53,1.83,8.49,-2.71,0.66,0.60,0.64,1.59,6.40,-6.65,0.81,0.81,0.30,0.86,0.35,-0.37,-2.81,43.40,21.06,R
37.332,0,123,201,255,131,7.03,6.46,-1.32,0.56,-0.26,0.22,4.72,8.62,-0.32,0.53,-0.07,0.59,2.26,9.60,-2.84,0.44,0.50,0.61,2.07,8.82,-3.13,0.54,0.51,0.67,1.95,6.22,-6.97,0.66,0.80,0.27,0.83,0.37,-0.40,-5.49,38.02,21.30,R
37.382,0,124,202,253,131,7.04,6.54,-1.29,0.47,-0.32,0.19,4.74,7.93,0.26,0.49,-0.09,0.59,2.56,8.54,-3.10,0.48,0.36,0.61,2.50,8.60,-3.33,0.52,0.63,0.67,2.36,5.03,-7.33,0.68,1.17,0.15,0.82,0.39,-0.43,-7.87,38.21,20.63,R
37.434,0,125,203,255,137,7.09,6.49,-1.47,0.28,-0.12,0.13,5.06,8.14,-0.58,0.44,-0.18,0.45,2.99,8.18,-3.38,0.40,0.29,0.57,2.84,8.56,-3.37,0.56,0.60,0.62,2.86,6.15,-7.56,0.70,1.21,-0.37,0.77,0.39,-0.45,-3.78,34.91,19.53,R
37.485,0,124,212,255,141,6.89,6.10,-1.68,0.50,-0.44,0.17,5.18,8.39,-0.77,0.46,-0.24,0.60,3.22,8.72,-3.42,0.34,0.36,0.71,3.38,8.74,-4.00,0.59,0.84,0.74,3.26,5.42,-7.92,0.54,1.70,0.01,0.77,0.40,-0.48,-10.25,37.60,20.69,R
37.536,0,124,205,255,146,7.27,6.50,-3.08,0.24,-0.26,0.16,5.50,7.57,-1.17,0.27,-0.31,0.45,3.83,7.97,-3.72,0.07,0.22,0.76,3.85,7.51,-3.69,0.38,0.89,0.77,3.48,6.48,-6.52,0.31,1.78,-0.22,0.75,0.42,-0.53,-12.51,24.48,19.41,R
37.587,0,124,206,255,152,7.03,6.32,-2.53,0.16,-0.30,0.12,5.72,7.85,-1.61,0.13,-0.26,0.33,4.14,8.06,-3.61,-0.05,0.07,0.66,4.30,7.81,-3.71,0.23,1.01,0.66,4.36,5.54,-6.68,0.31,1.63,-0.11,0.70,0.43,-0.55,-12.51,15.81,16.36,R
37.637,0,124,207,255,157,7.51,5.35,-3.35,0.11,-0.28,0.15,6.13,6.70,-1.98,0.03,-0.28,0.43,4.65,7.83,-3.74,-0.13,0.23,0.55,4.76,6.99,-3.12,0.09,1.72,0.61,4.16,5.62,-4.19,0.02,2.26,0.06,0.73,0.43,-0.55,-7.57,13.43,11.66,R
37.689,0,124,205,255,162,6.97,6.53,-3.30,-0.13,0.17,0.04,5.90,7.74,-1.86,-0.16,0.01,0.12,4.88,7.22,-4.06,-0.39,0.11,0.33,5.42,7.79,-3.18,-0.09,2.30,0.32,6.56,5.12,-5.09,-0.11,3.04,-0.02,0.66,0.43,-0.57,-4.76,-5.07,5.62,R
37.739,0,124,205,255,178,7.26,5.71,-2.56,0.07,-0.08,0.11,5.99,6.73,-1.28,-0.02,-0.02,0.34,4.64,7.09,-2.50,-0.09,0.15,0.38,5.69,6.22,-1.89,0.09,1.83,0.43,6.37,5.45,-3.58,0.09,2.32,-0.08,0.71,0.43,-0.56,0.49,10.44,7.20,R
37.792,0,124,206,255,188,7.32,5.43,-3.36,0.03,0.09,0.01,6.52,6.64,-2.45,-0.13,0.01,0.17,5.20,7.36,-3.73,-0.21,0.09,0.16,6.11,6.80,-1.63,0.00,1.80,0.09,6.31,4.77,-3.43,0.04,2.14,-0.24,0.70,0.44,-0.55,2.62,-4.64,1.10,R
37.841,145,0,23,0,0,7.11,6.06,-2.06,0.02,0.07,0.02,5.98,6.93,-1.08,-0.10,-0.03,0.14,4.88,7.55,-2.55,-0.18,0.14,0.14,6.34,6.96,-1.37,0.04,1.10,0.08,7.50,5.38,-3.11,0.07,1.34,-0.03,0.68,0.43,-0.55,1.10,2.93,1.10,R
37.892,148,0,24,0,0,7.29,5.61,-3.01,0.03,0.04,-0.01,6.29,7.34,-1.83,-0.01,0.04,0.00,5.29,7.59,-3.16,-0.18,0.19,0.07,6.23,6.87,-1.19,0.05,1.17,-0.00,7.18,4.83,-4.11,0.05,1.86,-0.29,0.71,0.43,-0.56,2.32,-2.50,-0.61,R
37.944,0,123,204,255,206,7.10,6.13,-2.29,0.10,0.03,0.01,5.89,7.73,-0.65,0.01,0.05,0.04,4.92,8.40,-2.36,-0.20,0.22,0.20,6.67,7.64,-0.83,0.10,0.87,0.14,8.12,6.05,-2.19,0.16,1.30,-0.02,0.69,0.43,-0.55,1.95,5.74,1.22,R
37.994,106,0,4,0,0,7.35,6.07,-3.14,0.09,0.01,-0.00,6.47,7.30,-1.99,0.04,0.03,0.08,5.62,7.26,-3.15,-0.21,0.30,0.13,6.15,6.96,-0.29,0.10,0.85,-0.01,7.67,5.78,-1.37,0.19,1.06,-0.17,0.71,0.44,-0.55,3.23,0.37,-0.31,R
38.046,0,122,32,255,212,7.29,5.88,-2.98,-0.01,0.02,0.03,6.29,7.20,-1.65,-0.08,0.03,0.05,5.21,7.66,-2.34,-0.20,0.12,0.08,6.32,6.91,0.04,-0.03,0.34,0.06,7.73,5.11,-1.31,0.11,0.42,-0.07,0.71,0.43,-0.54,-0.79,-1.46,2.56,R
38.097,0,123,34,255,213,7.28,5.76,-2.43,0.02,0.01,-0.04,6.26,6.74,-1.33,0.00,0.09,0.05,5.28,7.88,-2.23,-0.01,0.16,0.04,6.38,7.35,-0.21,0.11,0.32,0.07,8.02,5.95,-1.60,0.16,0.50,0.02,0.67,0.44,-0.55,1.59,4.09,-0.92,R
38.149,0,122,34,255,213,7.35,5.63,-2.84,0.05,-0.02,-0.01,6.33,6.98,-1.42,0.06,0.05,0.01,5.68,7.79,-2.85,-0.04,0.15,0.09,6.49,6.78,-0.04,0.10,0.37,0.10,7.69,5.27,-0.90,0.11,0.56,-0.07,0.70,0.44,-0.55,0.00,4.33,0.12,R
38.2,108,0,4,0,0,7.25,5.86,-2.89,0.06,0.00,0.01,6.28,6.96,-1.49,0.03,0.01,0.06,5.58,7.75,-2.57,-0.01,0.06,0.04,6.24,6.99,0.20,0.02,0.05,0.03,7.68,5.68,-0.59,-0.02,0.02,-0.01,0.69,0.44,-0.56,1.77,1.65,0.43,R
38.25,0,122,34,255,213,7.22,5.79,-3.12,0.01,0.01,-0.07,6.35,6.85,-1.78,0.04,0.07,-0.02,5.74,7.66,-2.99,-0.01,0.10,0.01,6.60,7.07,-0.11,-0.00,0.09,0.03,7.96,5.22,-1.10,0.00,0.05,0.00,0.69,0.44,-0.55,-1.28,1.04,-0.06,R
38.301,0,122,33,255,212,7.24,5.60,-2.68,0.02,-0.01,0.00,6.25,7.22,-1.48,0.05,0.04,-0.02,5.51,7.80,-2.29,0.04,0.06,0.02,6.17,7.15,0.23,0.03,-0.06,0.08,7.55,5.70,-0.74,-0.02,-0.13,-0.02,0.69,0.43,-0.57,2.44,2.50,-0.31,R
38.352,0,122,33,255,208,7.38,5.68,-2.43,0.00,-0.02,-0.05,6.38,7.04,-1.58,0.06,0.04,-0.04,5.68,7.48,-2.50,0.14,0.01,-0.07,6.83,7.06,-0.26,0.04,-0.17,0.07,8.16,5.20,-1.30,-0.01,-0.16,0.03,0.68,0.45,-0.55,0.06,3.48,-0.98,R
38.402,0,122,34,255,206,7.31,5.45,-2.62,0.10,0.01,0.02,6.15,7.04,-1.32,0.14,0.17,0.01,5.41,7.40,-2.11,0.24,0.09,-0.05,5.73,7.19,0.38,0.12,-0.12,0.17,7.37,5.82,-0.54,-0.07,-0.04,0.06,0.68,0.43,-0.58,5.43,7.20,-1.59,R
38.453,0,123,34,255,206,7.34,5.89,-2.79,0.14,-0.06,-0.03,6.56,6.89,-1.90,0.12,0.01,0.05,5.82,7.35,-3.19,0.16,0.03,0.01,6.97,6.49,-0.35,0.06,-0.26,0.13,7.78,5.08,-0.93,-0.02,-0.36,0.03,0.70,0.45,-0.56,-0.79,8.67,0.24,R
38.505,0,124,34,255,202,7.10,6.25,-2.98,0.12,0.06,0.03,6.04,7.28,-1.10,0.07,0.15,0.01,5.12,7.46,-1.99,0.06,-0.03,-0.02,6.62,7.17,-0.50,0.01,-0.04,0.11,8.05,5.58,-1.62,0.00,0.03,-0.01,0.68,0.43,-0.58,5.31,0.55,-0.06,R
38.556,0,125,33,255,203,7.43,5.41,-2.51,0.07,-0.04,0.00,6.37,7.24,-1.57,0.14,0.13,0.00,5.66,8.16,-3.02,0.25,0.07,0.01,6.75,7.05,-0.39,0.16,-0.03,0.18,7.92,5.84,-1.39,0.03,0.17,0.05,0.66,0.45,-0.57,3.66,11.17,-0.98,R
38.607,0,124,33,255,202,7.30,5.74,-2.89,0.25,-0.01,0.06,6.38,6.56,-1.62,0.22,0.11,0.11,5.35,7.16,-2.31,0.22,0.14,0.11,5.96,6.92,0.17,0.19,0.21,0.25,7.30,5.60,-0.43,0.05,0.34,0.06,0.67,0.43,-0.59,7.02,12.94,0.12,R
38.658,0,124,34,255,200,7.23,5.66,-3.23,0.19,-0.06,0.00,6.53,7.40,-2.20,0.19,0.06,0.03,5.82,7.81,-3.52,0.14,0.11,0.09,7.20,6.78,-0.66,0.13,0.19,0.18,8.05,5.38,-0.76,0.06,0.47,0.02,0.67,0.45,-0.56,1.95,9.34,0.55,R
38.709,0,127,34,255,201,7.33,5.49,-3.11,0.26,0.02,0.02,6.32,6.56,-1.42,0.25,0.07,0.10,5.55,7.45,-2.78,0.19,0.17,0.11,6.85,6.76,-0.26,0.17,0.27,0.19,8.06,5.23,-1.02,0.13,0.43,0.13,0.65,0.44,-0.59,6.53,13.55,-1.04,R
38.76,0,126,34,255,202,7.32,5.49,-3.42,0.22,-0.05,-0.01,6.48,7.23,-1.96,0.27,0.06,0.05,5.93,7.56,-3.25,0.24,0.18,0.09,7.65,6.55,-0.65,0.16,0.31,0.17,8.41,4.85,-0.84,0.18,0.35,0.03,0.65,0.45,-0.59,3.97,11.60,-0.49,R
38.811,0,126,34,255,202,7.31,5.46,-2.76,0.42,0.01,0.06,6.46,6.72,-1.78,0.48,0.16,0.20,5.44,7.14,-2.15,0.47,0.51,0.13,6.90,6.48,-0.22,0.23,0.05,0.35,8.02,5.30,-0.26,0.29,-0.04,0.25,0.62,0.45,-0.63,13.98,25.45,-2.62,R
38.862,0,127,32,255,199,7.46,5.32,-3.54,0.44,-0.02,0.07,6.75,6.61,-2.42,0.50,0.09,0.23,6.13,6.75,-3.39,0.45,0.34,0.20,6.68,6.11,0.33,0.03,-0.67,0.31,7.38,5.08,0.21,0.03,-1.54,0.21,0.65,0.46,-0.60,8.67,24.17,2.08,R
38.913,100,0,4,0,45,7.22,5.37,-3.46,0.43,0.07,0.11,6.53,7.37,-2.29,0.52,0.21,0.24,6.77,7.88,-3.07,0.62,0.24,0.33,8.15,6.69,-2.23,-0.03,-1.13,0.29,9.18,5.88,-4.38,0.06,-1.37,0.15,0.60,0.46,-0.62,12.21,24.66,3.72,R
38.963,116,0,9,0,0,7.36,5.28,-3.07,0.61,-0.04,0.12,7.02,5.95,-2.67,0.74,0.35,0.29,6.69,6.93,-4.44,0.70,0.58,0.36,7.09,5.93,-1.22,0.19,-0.11,0.48,8.70,4.66,-3.70,0.18,-0.29,0.45,0.61,0.48,-0.62,11.54,37.17,2.44,R
39.015,124,0,12,0,0,7.39,5.23,-4.36,0.57,0.05,0.04,6.90,6.11,-2.22,0.60,0.60,0.18,6.83,6.55,-4.22,0.41,0.72,0.23,7.75,5.97,-1.67,0.09,-0.12,0.38,8.33,4.48,-2.78,0.09,-0.19,0.30,0.58,0.49,-0.64,10.68,24.72,4.76,R
39.066,0,134,212,255,178,7.23,4.98,-3.38,0.56,-0.06,0.08,7.01,5.81,-2.58,0.56,0.67,0.40,5.51,6.49,-3.94,0.68,1.14,0.21,7.87,5.94,-1.67,0.29,0.27,0.49,8.54,4.44,-3.02,0.30,0.32,0.42,0.54,0.49,-0.65,10.01,33.63,3.05,R
39.117,0,137,214,255,177,7.42,4.65,-4.44,0.67,0.00,0.05,7.47,5.31,-2.61,0.65,1.21,0.32,6.99,5.77,-2.91,0.38,1.35,0.17,7.48,5.22,-0.86,0.24,0.45,0.37,8.26,4.29,-1.85,0.24,0.36,0.34,0.53,0.49,-0.69,14.95,32.59,-0.43,R
39.169,0,148,216,255,177,7.53,3.99,-3.92,0.61,-0.00,0.07,7.42,5.46,-1.76,0.66,1.38,0.29,7.67,5.35,-3.20,0.33,1.48,0.28,9.02,4.75,-2.45,0.32,0.69,0.43,9.20,2.16,-3.47,0.56,0.58,0.29,0.50,0.52,-0.67,13.73,33.69,-0.24,R
39.219,0,156,217,255,176,7.43,4.25,-4.20,0.90,0.01,0.10,8.08,5.45,-2.51,0.93,0.93,0.45,6.90,5.53,-1.66,0.85,1.94,0.15,6.11,5.70,1.06,0.63,1.08,0.40,7.70,4.45,-0.79,0.68,0.85,0.10,0.49,0.51,-0.72,29.66,45.78,-12.02,R
39.27,0,158,218,255,176,7.31,4.75,-5.51,0.62,-0.01,-0.10,7.24,5.21,-0.27,0.48,0.57,0.01,6.90,6.31,-0.71,0.38,0.54,0.00,8.25,5.72,-0.74,0.22,0.06,0.10,8.87,4.26,-1.89,0.15,-0.08,0.16,0.48,0.51,-0.67,12.33,18.25,-4.58,R
39.321,0,158,218,255,174,7.18,4.28,-3.63,0.52,-0.10,0.01,7.80,4.85,-1.57,0.58,0.35,0.16,8.35,5.48,-3.32,0.76,0.94,0.15,8.87,4.89,-1.51,0.46,0.70,0.39,9.56,2.90,-3.06,0.55,0.45,0.25,0.44,0.53,-0.68,13.61,37.17,-2.69,R
39.371,121,0,11,0,0,7.37,4.03,-5.42,0.91,-0.26,-0.01,7.64,4.84,-1.15,0.75,0.14,0.20,6.66,6.07,-0.19,0.67,-0.03,0.31,7.60,5.45,-0.15,0.50,-0.05,0.49,7.57,4.27,-0.90,0.37,0.01,0.40,0.48,0.51,-0.72,13.43,36.56,1.53,R
39.422,110,0,6,0,0,7.61,3.19,-5.76,0.41,-0.13,0.00,8.50,5.79,-2.49,0.29,0.10,0.29,8.28,5.66,-2.38,0.34,0.25,0.28,9.20,4.22,-1.31,0.23,0.18,0.33,9.41,2.79,-2.59,0.29,0.22,0.24,0.42,0.55,-0.71,0.49,23.80,2.56,R
39.473,0,158,219,255,173,7.27,3.61,-4.89,0.65,-0.16,0.04,8.18,4.56,-1.68,0.59,0.35,0.34,7.55,5.24,-0.96,0.44,0.44,0.34,8.26,4.58,-0.22,0.36,0.25,0.44,8.46,3.50,-1.10,0.37,0.38,0.24,0.42,0.54,-0.75,11.41,32.04,0.31,R
39.525,0,163,219,255,172,7.33,3.72,-6.36,0.29,-0.05,0.09,8.58,4.71,-2.09,0.25,0.44,0.09,8.36,4.81,-2.06,0.09,0.18,0.16,8.97,3.82,-1.01,0.08,0.10,0.17,9.37,2.38,-2.01,0.14,0.08,0.11,0.40,0.55,-0.74,1.46,8.61,2.87,R
39.576,0,171,220,255,171,7.42,2.63,-5.48,0.35,0.01,0.04,8.46,4.75,-2.09,0.30,0.48,0.18,8.54,4.77,-2.32,0.21,0.55,0.17,8.97,3.84,-0.93,0.34,0.49,0.21,8.89,2.82,-1.73,0.38,0.46,-0.04,0.37,0.56,-0.74,12.27,17.70,-3.11,R
39.627,0,172,220,255,171,7.20,3.44,-6.32,0.27,0.05,-0.01,8.60,4.58,-1.60,0.21,0.57,0.03,8.04,5.20,-1.00,0.10,0.29,0.02,8.91,4.05,-0.74,0.10,0.05,-0.01,9.17,3.18,-1.54,0.12,0.00,-0.06,0.38,0.55,-0.73,6.77,4.15,-2.38,R
39.679,0,178,221,255,171,7.22,3.09,-5.12,0.25,0.09,0.06,8.60,4.42,-1.36,0.13,0.74,0.22,8.53,4.92,-2.01,0.16,0.46,0.13,9.43,3.84,-1.39,0.20,0.39,0.16,9.23,2.91,-1.95,0.26,0.39,0.00,0.35,0.57,-0.73,10.99,13.12,-2.32,R
39.729,0,182,220,255,171,7.50,2.49,-5.96,0.30,-0.02,0.02,8.25,3.59,-0.97,0.24,0.95,0.22,7.55,4.58,0.20,0.18,0.93,0.04,8.01,3.47,0.51,0.18,0.40,0.06,8.42,3.35,-0.45,0.22,0.35,-0.13,0.38,0.56,-0.74,10.19,10.25,-4.82,R
39.78,0,187,221,255,170,7.25,2.84,-5.95,0.08,0.04,0.03,8.93,4.54,-0.99,-0.02,0.64,0.02,8.79,4.94,-1.53,-0.00,0.49,-0.03,9.50,3.74,-0.95,0.07,0.23,-0.04,9.66,2.83,-2.02,0.11,0.14,-0.07,0.34,0.58,-0.73,5.49,-0.18,-3.17,R
39.831,0,193,223,255,172,7.55,2.29,-5.40,0.23,0.04,0.04,8.55,3.85,0.56,0.08,1.64,0.30,8.36,4.66,-0.36,0.12,1.21,0.01,8.08,3.72,0.78,0.20,0.50,0.05,8.76,3.52,-0.72,0.21,0.45,-0.19,0.39,0.57,-0.75,12.63,9.70,-7.08,R
39.882,0,197,223,255,171,7.45,3.33,-7.02,0.04,0.15,-0.07,8.74,4.28,0.28,-0.17,1.31,-0.07,8.43,5.33,-0.24,-0.01,0.41,-0.11,9.11,4.01,-0.28,-0.07,0.01,-0.14,9.57,2.87,-1.81,-0.06,-0.08,-0.08,0.35,0.58,-0.72,1.77,-7.75,-2.20,R
39.933,0,205,225,255,170,7.19,2.96,-5.00,0.11,0.09,-0.06,7.23,3.77,0.76,-0.02,2.16,0.07,8.50,4.92,-0.19,0.10,1.20,-0.02,8.45,4.13,0.32,0.09,0.26,-0.02,8.83,3.28,-0.90,0.09,0.17,-0.13,0.38,0.57,-0.72,8.48,2.75,-6.23,R
39.984,0,214,226,255,171,7.41,2.80,-5.74,-0.02,0.12,-0.05,8.54,4.17,2.03,-0.05,1.51,-0.04,8.15,5.15,1.14,0.00,0.81,-0.05,8.71,3.92,0.16,-0.01,0.03,-0.08,9.21,3.39,-1.36,-0.02,0.00,-0.07,0.37,0.59,-0.72,0.73,-5.07,-2.56,R
40.034,0,221,228,255,170,7.54,2.91,-5.30,-0.01,0.13,-0.08,7.86,3.60,3.81,-0.07,2.34,0.10,8.24,4.57,0.32,-0.06,1.15,-0.03,8.65,3.90,0.15,0.03,0.11,-0.09,9.00,3.25,-1.22,0.03,0.05,-0.12,0.38,0.57,-0.72,3.42,-3.30,-3.66,R
40.085,0,226,229,255,170,7.34,3.07,-5.47,-0.05,0.09,-0.07,7.47,3.74,4.14,-0.06,1.70,0.11,8.02,4.90,1.39,0.03,0.53,-0.07,8.75,3.93,0.19,-0.04,0.03,-0.10,9.06,3.14,-1.15,-0.04,-0.03,-0.08,0.38,0.58,-0.72,0.98,-4.64,-1.95,R
40.136,0,230,229,255,170,7.52,2.86,-5.54,-0.09,0.13,-0.06,7.56,4.03,4.74,0.04,1.83,-0.01,7.26,5.12,1.25,0.17,0.93,-0.13,8.84,3.96,0.16,-0.02,0.03,-0.14,9.18,3.19,-1.42,-0.02,-0.03,-0.14,0.39,0.58,-0.71,1.10,-7.26,-2.81,R
40.187,0,234,230,255,170,7.41,2.99,-5.09,-0.01,0.05,-0.13,6.92,3.98,5.59,0.10,1.59,0.04,7.88,5.18,1.97,0.03,0.36,-0.08,8.74,4.30,0.19,0.01,-0.03,-0.08,9.25,3.44,-1.49,0.00,-0.02,-0.05,0.38,0.58,-0.72,0.67,-2.62,-2.56,R
40.239,0,237,231,255,171,7.46,3.19,-5.28,-0.00,0.04,-0.05,6.54,4.17,5.93,0.29,1.27,-0.05,8.12,5.02,1.72,0.02,0.38,-0.01,8.61,3.90,0.21,0.02,0.05,-0.02,8.89,3.26,-1.25,0.03,0.03,-0.05,0.40,0.57,-0.71,2.87,-0.55,-1.95,R
40.29,0,240,231,255,172,7.40,3.19,-5.37,-0.04,0.10,-0.04,5.65,3.83,6.21,0.13,1.16,-0.00,7.83,5.12,1.92,0.01,0.28,-0.06,8.79,4.26,0.06,0.01,0.00,-0.06,9.13,3.63,-1.34,0.01,0.03,-0.07,0.39,0.58,-0.71,1.40,-3.54,-1.59,R
40.341,0,240,231,255,171,7.42,3.14,-5.43,0.03,-0.01,-0.11,5.38,4.15,5.95,0.26,1.34,-0.04,7.98,5.07,2.02,0.04,0.32,-0.03,8.71,4.19,0.18,0.03,0.03,-0.04,8.94,3.21,-1.31,0.02,0.00,-0.03,0.40,0.57,-0.70,0.79,-1.40,-2.56,R
40.392,0,243,231,255,169,7.52,2.91,-5.38,0.01,0.05,-0.07,6.09,4.84,6.47,0.18,1.02,0.04,7.92,5.25,2.27,0.04,0.22,-0.04,8.67,4.24,0.19,0.04,0.01,-0.04,8.93,3.41,-1.23,0.02,-0.00,-0.04,0.39,0.58,-0.71,2.08,-1.16,-2.26,R
40.443,0,241,231,255,171,7.62,2.75,-5.67,-0.02,-0.01,-0.05,5.86,3.94,6.06,0.31,1.54,-0.01,8.35,4.61,1.68,0.14,0.41,-0.07,8.34,4.13,-0.20,-0.14,-0.06,-0.10,8.97,3.10,-1.17,-0.04,-0.06,-0.05,0.41,0.58,-0.71,1.34,-3.11,-3.54,R
40.493,0,244,231,255,170,7.46,3.12,-5.53,-0.08,0.12,-0.06,4.35,4.46,7.31,0.40,1.33,-0.05,7.83,5.62,2.37,0.02,0.16,-0.03,8.91,4.42,-0.13,-0.01,-0.02,-0.04,9.25,3.52,-1.71,-0.02,0.01,-0.03,0.38,0.58,-0.70,1.04,-3.97,-1.40,R
40.545,0,247,230,253,171,7.47,3.10,-5.48,0.05,-0.03,-0.02,5.70,4.54,6.73,0.23,1.68,0.01,8.08,5.21,1.95,0.04,0.20,0.01,8.53,4.29,0.23,0.05,0.03,0.00,8.71,3.24,-0.96,-0.01,0.02,-0.04,0.42,0.57,-0.70,3.78,-0.31,-1.77,R
40.597,0,248,231,255,172,7.47,3.00,-5.49,-0.05,0.00,-0.07,2.61,4.30,8.25,0.36,1.71,0.01,7.72,5.35,2.40,0.04,0.07,-0.07,8.67,4.42,0.05,-0.00,-0.04,-0.08,8.97,3.56,-1.26,-0.04,-0.06,-0.05,0.40,0.58,-0.69,0.00,-5.55,-2.01,R
40.648,0,250,230,255,170,7.26,3.38,-5.01,-0.00,0.06,-0.03,2.39,4.73,7.97,0.29,1.44,0.13,7.77,5.45,2.46,0.04,0.23,0.02,8.59,4.32,0.18,0.06,0.06,0.02,8.89,3.70,-1.18,0.03,0.06,0.02,0.41,0.57,-0.70,1.59,0.00,-1.46,R
40.698,0,253,230,255,171,7.48,3.12,-5.70,0.05,-0.04,-0.04,2.45,4.32,7.95,0.03,1.04,0.08,7.92,4.92,2.42,-0.06,-0.03,-0.01,8.67,4.06,0.08,-0.05,-0.05,-0.04,8.91,3.22,-1.33,-0.07,-0.07,-0.01,0.43,0.58,-0.70,-3.05,-2.93,-0.12,R
40.75,0,252,229,255,171,7.24,3.58,-5.60,-0.04,0.12,-0.03,3.16,5.10,7.51,0.04,1.47,0.01,7.80,5.36,2.23,-0.08,0.06,-0.04,8.83,4.18,-0.03,-0.04,0.03,-0.04,9.35,3.78,-1.78,-0.02,0.01,-0.05,0.40,0.58,-0.71,1.65,-5.37,-0.98,R
40.799,0,255,230,255,171,7.49,2.93,-5.35,0.04,-0.03,0.01,1.82,5.14,8.21,0.05,1.01,0.15,7.46,5.08,2.75,-0.07,0.03,0.09,8.27,4.13,0.46,0.01,-0.05,0.05,8.58,3.36,-0.95,0.00,-0.03,0.03,0.43,0.57,-0.70,1.04,3.85,-0.18,R
40.851,0,255,230,255,172,7.49,2.86,-5.48,-0.09,0.05,-0.02,0.69,5.66,8.71,0.31,1.13,0.06,7.80,5.39,2.48,-0.09,0.03,-0.08,8.66,4.24,0.13,-0.04,0.01,-0.06,9.16,3.39,-1.51,-0.02,-0.02,-0.05,0.41,0.57,-0.70,-1.22,-6.59,-1.10,R
40.902,0,255,229,255,171,7.34,3.22,-5.17,0.04,-0.05,-0.03,0.79,6.99,8.47,0.02,0.10,-0.04,7.58,5.69,2.59,-0.01,-0.01,-0.01,8.50,4.50,0.22,-0.01,-0.01,-0.02,8.80,3.71,-1.09,-0.02,-0.04,-0.00,0.42,0.57,-0.69,-1.65,-0.85,-0.31,R
40.953,0,255,229,255,170,7.35,3.25,-5.32,-0.06,0.05,-0.01,-0.10,4.82,7.92,0.02,1.29,0.07,7.77,5.15,2.35,-0.03,0.05,-0.02,8.67,4.29,-0.03,-0.00,-0.01,-0.03,9.07,3.47,-1.51,0.01,0.02,-0.05,0.41,0.57,-0.69,1.53,-1.95,-0.49,R
41.004,0,255,229,253,172,7.46,3.10,-5.46,-0.06,-0.01,-0.03,0.39,5.20,8.49,0.08,-0.13,0.10,7.83,4.95,2.62,0.03,-0.07,-0.00,8.69,4.10,-0.07,0.00,-0.05,-0.04,9.14,3.57,-1.57,0.01,-0.04,-0.01,0.42,0.58,-0.69,-3.05,-1.46,-0.98,R
41.055,0,255,228,255,172,7.29,3.45,-5.07,-0.03,0.09,-0.01,-0.28,5.47,9.10,0.07,0.90,-0.01,7.81,5.24,2.58,-0.12,0.11,0.02,8.74,4.42,-0.07,-0.03,0.05,0.03,9.18,3.42,-1.79,0.01,0.07,-0.00,0.42,0.57,-0.70,3.72,-0.92,0.31,R
41.106,0,255,229,255,169,7.54,3.24,-5.41,-0.01,-0.04,-0.05,-0.52,4.33,8.55,0.13,0.43,0.14,7.38,4.99,3.01,-0.03,-0.02,-0.04,8.25,4.14,0.43,-0.05,-0.08,-0.06,8.64,3.20,-0.99,-0.07,-0.10,-0.03,0.44,0.56,-0.69,-1.46,-4.15,-0.61,R
41.157,0,255,229,255,171,7.30,3.42,-5.15,-0.09,0.07,0.02,1.64,4.80,7.46,0.12,0.30,0.01,8.12,5.46,2.02,-0.06,0.11,-0.00,8.95,4.40,-0.25,0.02,0.09,0.01,9.20,3.46,-1.73,0.03,0.12,-0.00,0.40,0.59,-0.70,3.11,0.18,-1.65,R
41.208,0,255,228,255,172,7.53,3.21,-5.49,0.03,0.02,0.01,-2.77,5.22,7.89,0.06,0.75,0.30,7.02,5.04,3.05,0.01,-0.06,-0.02,8.04,4.41,0.55,-0.01,-0.11,-0.04,8.50,3.54,-0.89,-0.05,-0.11,-0.02,0.46,0.56,-0.69,-0.55,-3.05,0.12,R
41.259,0,255,228,255,171,7.31,3.54,-5.34,-0.14,0.01,-0.00,0.64,5.77,7.91,0.01,-0.27,0.01,8.01,5.84,1.92,0.00,-0.06,-0.02,9.09,4.78,-0.57,0.02,-0.01,-0.00,9.28,3.48,-1.92,0.01,0.09,0.01,0.39,0.58,-0.69,-2.50,-2.14,-0.43,R
41.31,0,255,227,255,170,7.31,3.42,-5.24,0.05,0.05,-0.03,-0.87,5.59,7.89,0.07,0.15,0.02,7.17,4.99,2.94,0.01,-0.02,-0.03,7.95,4.54,0.60,0.01,-0.26,-0.04,8.37,4.26,-0.70,-0.03,-0.13,-0.01,0.45,0.56,-0.70,0.92,-1.65,-1.40,R
41.361,0,255,228,255,170,7.22,3.96,-5.49,-0.17,0.13,0.01,0.04,5.66,8.28,-0.17,-0.69,-0.04,8.08,5.19,2.18,0.05,-0.19,-0.04,9.19,4.25,-0.96,-0.02,-0.16,-0.10,9.25,3.45,-1.95,-0.01,-0.07,-0.04,0.42,0.57,-0.69,-3.42,-5.31,-0.79,R
41.412,0,255,229,255,172,7.30,3.72,-5.08,0.04,0.07,0.02,0.33,5.28,8.28,-0.29,-0.59,-0.03,7.44,5.23,2.58,-0.01,-0.01,0.03,8.18,4.29,0.20,-0.00,-0.01,0.00,8.53,3.68,-1.04,0.01,-0.01,-0.01,0.45,0.56,-0.70,2.08,2.93,-1.04,R
41.464,0,255,228,255,172,7.43,3.54,-5.76,-0.09,0.00,-0.08,0.04,5.74,8.63,-0.46,-2.08,-0.22,7.83,5.34,2.29,0.07,-0.25,-0.12,8.75,4.44,-0.37,-0.04,-0.18,-0.16,9.19,3.63,-1.76,-0.03,-0.19,-0.08,0.43,0.57,-0.68,-6.65,-5.31,-1.22,R
41.514,0,255,227,255,170,7.35,3.28,-4.86,-0.00,0.07,-0.01,1.37,5.07,7.99,-0.32,-0.93,-0.04,7.71,5.43,2.25,0.06,-0.08,-0.00,8.40,4.46,-0.15,0.05,0.01,-0.03,8.70,3.50,-1.37,0.05,0.00,-0.01,0.44,0.56,-0.70,2.44,2.38,-2.14,R
41.565,0,254,229,255,170,7.44,3.50,-5.54,-0.06,0.02,0.01,0.02,5.42,9.66,-0.68,-2.66,-0.05,7.74,5.43,2.30,0.07,-0.32,-0.06,8.67,4.30,-0.38,-0.01,-0.12,-0.12,8.77,3.28,-1.63,0.03,-0.11,-0.11,0.44,0.56,-0.69,-2.08,-1.65,-0.73,R
41.616,0,252,229,255,171,7.60,3.62,-5.99,-0.22,0.34,-0.04,3.15,4.08,7.77,-0.04,-0.46,-0.17,7.83,5.31,1.61,0.05,0.59,-0.24,8.40,4.37,-0.23,-0.04,0.05,-0.17,8.98,3.48,-1.85,-0.01,-0.07,-0.14,0.44,0.55,-0.70,4.64,-8.24,-5.25,R
41.669,0,250,230,255,171,7.50,3.25,-4.68,-0.16,0.11,-0.04,2.14,4.87,8.30,-0.08,-0.84,-0.06,7.03,5.48,2.03,0.04,0.69,-0.01,7.97,4.56,-1.00,-0.24,-0.18,-0.11,8.76,3.23,-1.46,-0.11,-0.10,-0.02,0.45,0.56,-0.67,-1.83,-5.00,-0.85,R
41.718,0,249,231,255,172,7.67,2.88,-4.93,-0.13,0.13,0.03,3.21,5.75,7.34,-0.29,-4.85,-0.26,7.62,6.12,2.37,-0.01,-0.13,-0.12,8.32,5.09,-0.23,-0.02,-0.10,-0.14,8.46,3.96,-1.29,-0.01,-0.09,-0.13,0.44,0.56,-0.68,0.73,-3.36,-3.05,R
41.771,0,243,230,255,170,7.54,3.46,-4.79,-0.13,0.08,0.01,4.05,4.66,6.91,-0.45,-3.49,-0.25,7.55,5.81,2.18,-0.08,-0.25,-0.12,8.45,4.89,-0.50,-0.08,-0.07,-0.11,8.96,3.80,-2.11,-0.04,-0.09,-0.06,0.45,0.55,-0.68,-0.92,-4.94,-0.55,R
41.82,0,235,230,255,170,7.60,3.48,-5.23,-0.05,0.06,0.03,6.60,5.91,6.70,-0.28,-3.47,-0.18,7.17,5.99,2.65,-0.15,-0.46,-0.06,8.06,4.67,-0.06,-0.09,-0.11,-0.06,8.54,3.81,-1.74,-0.06,-0.12,-0.02,0.47,0.55,-0.68,0.18,-2.69,0.73,R
41.871,0,228,229,255,170,7.57,3.44,-4.60,-0.09,0.05,-0.01,6.41,3.72,3.27,-0.31,-3.61,-0.03,7.63,5.82,1.61,-0.11,-0.54,-0.05,8.41,4.83,-0.56,-0.07,-0.07,-0.06,8.81,3.77,-2.04,-0.04,-0.06,-0.01,0.45,0.56,-0.68,-2.20,-3.66,1.22,R
41.923,0,218,229,255,170,7.66,3.48,-4.89,-0.06,0.01,-0.01,8.83,5.43,3.02,-0.09,-2.81,-0.23,7.55,5.83,1.78,-0.14,-0.64,-0.06,8.12,4.82,-0.21,-0.09,-0.10,-0.07,8.50,3.90,-1.53,-0.09,-0.12,-0.02,0.47,0.55,-0.67,-1.65,-2.32,0.24,R
41.974,0,210,228,255,170,7.68,3.50,-4.84,-0.12,0.08,0.00,7.46,4.31,2.09,-0.20,-2.16,-0.01,7.54,5.88,1.50,-0.29,-1.24,-0.05,8.48,5.02,-0.83,-0.07,-0.21,-0.07,8.79,3.64,-1.95,-0.10,-0.16,-0.00,0.46,0.56,-0.69,-0.73,-3.23,1.04,R
42.024,0,203,226,255,170,7.57,4.15,-4.78,-0.02,0.05,-0.03,9.09,4.34,0.96,-0.12,-1.59,-0.00,7.86,5.67,0.69,-0.12,-0.83,-0.03,8.32,4.86,-0.78,-0.05,-0.22,-0.05,8.66,3.91,-2.10,-0.03,-0.17,-0.03,0.47,0.55,-0.68,0.12,-1.53,-0.49,R
42.075,0,197,226,255,169,7.69,3.77,-4.65,-0.05,0.05,0.01,8.26,4.82,1.93,0.01,-0.95,-0.10,7.69,5.97,0.54,-0.06,-0.75,0.00,8.38,5.21,-0.76,-0.01,-0.11,-0.03,8.72,3.73,-2.14,-0.06,-0.09,0.01,0.46,0.56,-0.68,0.92,-1.10,0.43,R
42.125,0,192,226,255,169,7.77,3.67,-4.41,0.01,0.02,0.02,8.77,3.33,-0.02,-0.07,-0.61,0.06,8.15,5.43,-0.35,-0.01,-0.03,0.04,8.34,5.02,-0.92,0.05,0.01,0.02,8.52,3.88,-2.07,0.06,-0.04,0.01,0.47,0.56,-0.67,2.01,2.01,0.55,R
42.177,0,189,226,255,167,7.55,3.70,-4.41,0.02,0.07,0.03,8.15,3.26,1.22,0.20,0.11,-0.04,7.42,5.57,0.53,0.13,1.22,0.05,8.28,4.83,-0.75,0.10,0.06,0.07,8.70,3.76,-2.22,0.09,0.01,-0.01,0.46,0.55,-0.69,2.69,3.30,0.31,R
42.228,0,188,227,255,168,7.57,4.55,-4.62,0.10,0.10,-0.02,8.61,3.85,0.34,-0.07,0.57,0.25,8.32,6.36,-0.05,0.34,2.99,0.13,8.63,4.85,-1.43,0.11,0.44,0.11,8.94,3.81,-2.85,0.08,0.10,0.01,0.47,0.56,-0.69,-0.37,1.71,0.73,R
42.279,0,194,236,255,167,7.53,3.91,-4.70,0.07,0.04,0.03,7.65,4.29,2.50,0.18,0.72,-0.06,6.19,6.36,3.06,0.54,3.74,0.28,8.22,4.27,-0.34,0.46,0.68,0.10,8.49,4.10,-2.17,0.19,0.23,-0.10,0.47,0.55,-0.69,5.25,0.06,-1.40,R
42.33,0,197,241,255,169,8.04,2.87,-4.79,0.02,0.13,0.06,9.41,6.03,-0.02,-0.00,0.42,-0.11,7.32,5.97,1.97,0.87,3.69,0.17,8.36,5.15,-0.75,0.59,1.15,0.04,8.54,4.02,-1.53,0.18,0.35,-0.09,0.46,0.56,-0.67,4.21,-2.20,-2.99,R
42.381,0,201,244,255,171,7.58,3.80,-4.50,-0.09,0.09,0.09,7.70,4.29,2.20,-0.13,0.40,0.10,4.93,6.73,5.85,0.34,2.74,0.05,7.92,5.10,0.96,0.44,1.43,0.04,8.44,4.03,-1.69,0.07,0.20,-0.08,0.46,0.55,-0.68,2.99,-2.99,-0.49,R
42.432,0,201,246,255,173,7.92,3.68,-4.70,-0.03,0.02,0.00,8.60,4.37,1.47,-0.02,0.22,-0.06,6.03,5.74,4.57,0.33,1.80,-0.04,8.90,4.44,0.16,0.41,1.37,-0.10,8.83,3.46,-2.03,0.13,0.01,-0.21,0.47,0.56,-0.66,-0.18,-6.96,-2.20,R
42.482,0,202,247,255,175,7.79,3.55,-4.45,-0.03,0.04,-0.01,8.51,4.72,1.56,-0.09,0.06,0.02,3.77,6.67,6.60,0.28,1.32,-0.02,6.84,5.49,2.54,0.44,0.82,-0.02,8.37,4.52,-1.61,0.14,-0.06,-0.16,0.47,0.55,-0.68,3.97,-4.03,-2.87,R
42.534,0,204,247,255,175,7.85,3.68,-4.53,-0.12,-0.01,0.01,8.66,4.06,1.36,-0.00,0.11,-0.14,4.90,6.52,6.05,0.15,0.96,-0.02,8.55,4.84,1.12,0.13,0.78,-0.03,8.96,3.54,-2.74,0.04,-0.13,-0.00,0.48,0.56,-0.65,-2.75,-4.33,-0.79,R
42.585,0,205,248,255,175,7.91,3.63,-4.57,-0.00,0.05,0.01,8.64,4.37,1.36,-0.01,0.09,-0.02,4.54,6.12,6.24,0.13,0.71,-0.04,7.31,5.24,2.76,0.13,0.69,-0.06,8.19,4.35,-1.31,0.01,0.04,-0.12,0.48,0.55,-0.68,5.92,-2.75,-3.42,R
42.636,0,204,247,255,175,7.77,3.58,-4.09,-0.06,0.02,0.03,8.53,4.34,1.50,0.02,0.04,-0.09,5.54,5.90,5.21,-0.00,0.13,-0.00,8.79,4.92,1.09,-0.00,0.33,-0.00,8.80,3.73,-2.36,0.01,-0.01,0.03,0.48,0.57,-0.65,-0.67,-0.24,-0.18,R
42.687,0,204,247,255,174,7.95,3.39,-4.85,0.05,0.03,0.02,7.87,5.50,2.20,-0.00,0.21,0.09,4.02,6.44,6.12,0.01,0.48,-0.03,7.34,5.05,2.50,0.01,0.45,-0.03,8.22,4.29,-1.73,-0.04,-0.03,-0.03,0.50,0.55,-0.67,2.87,-0.73,-0.85,R
42.739,0,204,247,255,176,7.90,3.51,-4.34,-0.12,0.06,-0.04,8.14,4.14,2.04,-0.05,-0.02,-0.09,4.44,6.39,6.30,-0.05,-0.23,-0.01,8.14,5.43,2.10,-0.06,-0.09,-0.03,8.77,4.33,-2.12,0.02,0.03,0.00,0.47,0.57,-0.67,-1.22,-3.17,-0.12,R
42.788,0,204,246,255,165,7.89,3.72,-4.38,0.06,0.06,0.09,8.53,4.89,1.57,0.01,0.04,0.12,4.50,6.13,6.35,-0.19,-0.61,0.08,7.74,4.76,2.53,-0.23,-0.71,0.01,8.26,3.88,-1.65,0.05,0.07,-0.00,0.49,0.56,-0.66,5.13,4.09,1.22,R
42.84,0,203,245,255,174,7.87,3.73,-4.70,-0.06,0.11,0.00,8.31,4.42,1.87,-0.06,-0.19,-0.03,3.62,6.48,7.00,-0.42,-2.31,0.07,7.81,4.91,1.59,-0.48,-2.39,-0.17,8.61,3.79,-2.34,-0.05,-0.24,-0.05,0.47,0.56,-0.66,-0.79,-4.58,1.89,R
42.892,0,201,243,255,175,7.81,3.57,-4.46,0.03,0.06,-0.02,8.26,5.07,1.65,-0.01,-0.12,0.06,5.68,6.29,5.36,-0.36,-1.73,0.09,8.20,5.04,0.71,-0.33,-1.73,-0.07,8.35,4.08,-1.78,0.03,-0.04,-0.02,0.48,0.56,-0.66,3.17,0.85,-0.67,R
42.942,0,201,242,255,173,8.03,3.73,-4.77,-0.04,0.19,0.05,8.29,4.51,2.00,-0.18,-0.45,0.08,4.89,6.06,5.75,-0.58,-3.43,-0.02,8.17,4.96,-1.15,-0.59,-2.37,-0.27,7.75,4.31,-1.17,-0.29,-0.74,-0.13,0.50,0.56,-0.67,5.25,-5.68,0.43,R
42.994,0,199,239,255,171,7.87,3.47,-3.65,-0.12,0.12,-0.00,8.25,4.11,1.36,0.04,-0.12,-0.19,7.77,6.08,3.05,-0.20,-0.78,-0.18,8.75,4.86,-1.36,-0.11,-0.13,-0.08,8.91,3.63,-3.28,0.03,-0.02,-0.04,0.45,0.57,-0.65,1.22,-4.52,-2.44,R
43.044,0,197,238,255,171,8.09,3.61,-4.76,0.04,0.09,0.00,8.42,4.57,1.54,0.07,0.03,-0.04,5.78,5.71,5.42,-0.28,-1.23,-0.17,7.41,5.23,0.66,-0.27,-0.41,-0.17,7.58,4.07,-1.23,-0.28,-0.35,-0.10,0.53,0.55,-0.65,6.90,-2.69,-3.11,R
43.095,0,197,236,255,169,8.10,3.86,-4.38,-0.22,0.25,-0.08,8.37,4.03,1.22,-0.18,-0.40,-0.32,9.99,5.10,3.22,0.21,-3.28,-0.37,8.06,5.99,-0.59,-0.40,-0.44,-0.54,8.53,4.40,-2.82,-0.17,-0.37,-0.25,0.48,0.58,-0.66,1.22,-18.62,-5.55,R
43.146,0,195,233,255,168,7.99,3.22,-3.43,-0.13,0.24,-0.03,8.22,4.55,1.17,0.05,0.00,-0.19,7.53,6.07,2.23,-0.10,-0.79,-0.21,7.87,5.49,-0.87,-0.04,-0.04,-0.23,7.97,4.48,-2.48,-0.05,-0.07,-0.10,0.51,0.57,-0.65,6.47,-5.62,-7.02,R
43.197,0,194,233,255,169,8.13,4.14,-5.02,-0.29,0.25,-0.14,8.67,4.90,0.99,-0.18,0.16,-0.37,7.41,5.76,2.30,-0.18,-0.90,-0.51,7.86,5.36,-0.64,-0.34,-0.21,-0.50,8.27,4.47,-2.70,-0.33,-0.44,-0.27,0.55,0.56,-0.63,-2.08,-28.75,-7.32,R
43.248,0,193,232,255,168,7.93,3.27,-2.06,-0.34,0.42,-0.05,8.06,4.82,1.39,-0.04,0.13,-0.36,7.55,6.54,1.25,-0.05,-0.60,-0.33,8.28,5.92,-1.34,-0.04,0.05,-0.24,8.51,4.77,-3.34,0.01,0.04,-0.16,0.49,0.58,-0.62,9.40,-7.57,-8.91,R
43.299,0,195,231,255,167,8.29,4.06,-3.74,-0.04,0.17,-0.09,8.23,5.27,1.32,0.14,0.17,-0.24,6.12,6.15,2.43,-0.00,-0.05,-0.20,6.65,5.89,0.35,-0.08,-0.02,-0.25,6.95,5.12,-1.41,-0.16,-0.16,-0.22,0.60,0.55,-0.60,4.70,-10.86,-8.12,R
43.35,0,192,231,255,168,8.43,3.87,-4.31,-0.56,0.49,-0.14,8.49,4.56,0.84,-0.25,0.30,-0.60,7.16,6.49,1.61,-0.13,-0.36,-0.67,7.87,6.03,-0.98,-0.34,-0.20,-0.61,8.65,4.53,-3.69,-0.35,-0.38,-0.32,0.54,0.56,-0.61,0.67,-35.28,-10.31,R
43.401,0,191,231,255,166,7.98,3.92,-1.48,-0.11,0.32,-0.12,7.54,5.22,1.71,0.06,0.59,-0.39,6.85,7.00,1.08,0.03,0.14,-0.29,7.05,6.55,-0.32,0.05,0.09,-0.24,7.57,5.45,-2.87,0.07,0.04,-0.30,0.57,0.56,-0.59,11.11,-7.69,-10.25,R
43.452,0,191,230,255,166,8.40,4.13,-3.55,-0.14,0.29,-0.01,7.37,7.72,1.87,-0.01,1.08,-0.35,6.96,6.87,0.81,0.00,0.80,-0.34,7.58,6.08,-0.92,-0.14,0.09,-0.32,7.73,4.91,-3.09,-0.14,-0.09,-0.33,0.61,0.55,-0.57,6.47,-17.64,-6.59,R
43.503,0,197,231,255,166,8.13,4.92,-2.49,-0.09,0.35,-0.07,7.64,5.90,1.71,0.11,1.35,-0.44,6.55,7.07,1.47,0.28,1.56,-0.30,7.50,6.08,-0.92,0.11,0.25,-0.26,7.72,5.03,-3.13,0.04,0.08,-0.33,0.59,0.56,-0.57,13.18,-9.52,-8.54,R
43.554,0,202,234,255,165,8.31,4.50,-2.49,0.07,0.32,0.07,7.42,5.96,2.70,0.15,1.19,-0.21,5.97,7.51,2.59,0.34,1.64,-0.14,7.27,6.77,-0.91,0.23,0.46,-0.13,7.58,5.82,-3.29,0.23,0.29,-0.36,0.61,0.57,-0.56,20.69,-1.28,-8.48,R
43.605,0,208,235,255,166,8.32,4.64,-2.54,0.11,0.38,0.03,6.34,5.16,3.77,-0.05,1.52,0.13,5.87,7.67,3.02,0.18,1.35,0.02,7.69,7.29,-0.88,0.16,0.59,0.05,8.60,5.97,-4.00,0.22,0.42,-0.07,0.56,0.58,-0.55,19.10,2.26,-2.20,R
43.656,0,210,235,255,167,7.98,4.53,-0.50,0.87,0.01,0.35,6.32,6.38,4.00,0.26,0.89,1.00,6.03,7.86,2.98,-0.07,1.28,0.86,8.18,6.79,-1.51,0.59,1.28,0.88,8.57,5.64,-4.62,0.84,1.44,0.30,0.57,0.60,-0.56,36.56,57.50,7.69,R
43.707,0,212,235,255,166,8.52,3.42,-2.45,1.37,-0.31,0.55,6.70,6.94,4.14,0.34,0.35,1.44,4.81,7.64,3.96,-0.16,0.83,1.18,6.82,6.85,0.84,0.49,1.20,1.16,7.08,6.31,-1.30,0.57,1.59,0.67,0.58,0.61,-0.57,41.87,70.80,19.35,R
43.758,0,211,236,255,166,8.55,3.61,-3.90,1.06,-0.35,0.46,7.53,4.45,3.62,0.16,0.17,1.14,6.82,6.00,3.42,-0.29,0.65,0.92,7.56,5.19,1.13,0.15,0.90,0.93,8.00,4.29,-1.41,0.27,1.00,0.62,0.51,0.64,-0.57,21.24,52.67,23.01,R
43.809,0,211,235,255,167,8.47,2.68,-3.29,1.03,-0.39,0.49,7.72,4.30,3.98,0.28,0.32,1.01,6.11,5.69,4.40,-0.20,0.71,0.84,7.80,4.94,1.11,0.20,0.82,0.81,8.15,4.07,-0.58,0.37,0.99,0.50,0.47,0.65,-0.58,23.93,51.64,15.62,R
43.86,0,213,235,255,167,8.54,3.06,-4.25,0.85,-0.28,0.37,7.69,3.57,4.01,0.01,0.25,0.86,6.66,5.52,4.32,-0.21,0.38,0.56,8.34,4.79,0.87,0.22,0.67,0.61,8.68,3.65,-1.55,0.43,0.89,0.29,0.44,0.67,-0.58,19.04,34.06,12.27,R
43.911,0,209,234,255,166,8.66,2.06,-4.13,0.92,-0.57,0.31,7.73,3.95,4.03,0.14,0.35,0.74,6.05,6.08,4.48,-0.18,0.55,0.46,7.74,5.22,1.82,0.14,0.83,0.55,8.37,4.57,-0.42,0.26,0.83,0.23,0.44,0.67,-0.58,19.23,33.39,11.60,R
43.962,0,211,233,255,166,8.34,1.18,-4.40,0.77,-0.65,0.39,7.50,3.38,4.38,0.01,0.17,0.58,6.53,5.17,4.56,-0.29,0.19,0.39,8.38,4.44,1.41,0.02,0.54,0.49,8.75,4.07,-0.67,0.14,0.64,0.29,0.38,0.69,-0.57,12.51,26.12,15.08,R
44.013,0,210,233,255,167,8.29,1.19,-4.58,0.84,-0.66,0.35,7.78,2.62,4.41,0.03,0.29,0.71,6.87,4.69,4.77,-0.30,0.36,0.50,8.36,3.92,1.91,0.10,0.75,0.56,8.61,3.92,-0.08,0.28,0.81,0.26,0.38,0.71,-0.57,15.50,34.79,12.21,R
44.064,0,211,233,255,167,8.16,1.91,-5.17,0.88,-0.66,0.34,7.75,2.85,4.68,0.26,0.37,0.39,6.18,5.32,5.07,-0.24,0.56,0.32,8.22,4.47,2.15,-0.01,0.74,0.40,8.80,4.11,-0.10,0.14,0.79,0.13,0.39,0.72,-0.59,16.30,25.45,15.44,R
44.115,0,213,233,255,167,8.00,1.24,-6.20,0.84,-0.68,0.49,8.42,7.13,3.46,-0.02,0.22,0.34,6.60,5.54,4.75,-0.40,0.43,0.33,8.37,4.54,2.53,-0.23,0.71,0.46,9.05,4.50,0.50,-0.04,0.85,0.20,0.31,0.73,-0.55,16.78,19.17,23.44,R
44.166,0,212,233,255,167,7.31,-0.29,-4.22,1.01,-0.95,0.68,7.38,1.96,4.92,-0.35,0.32,0.85,5.87,4.08,5.86,-0.59,0.58,0.39,7.66,1.73,3.30,0.09,0.90,0.84,8.16,3.83,1.50,0.03,1.12,0.20,0.30,0.73,-0.55,23.44,30.82,24.78,R
44.217,0,213,233,255,168,7.62,-0.18,-6.84,0.65,-0.49,0.53,7.92,1.40,4.98,-0.25,0.03,0.52,6.14,3.52,6.31,-0.54,0.21,0.30,8.23,2.53,3.55,-0.24,0.52,0.43,8.54,3.58,1.69,0.03,0.72,0.08,0.28,0.76,-0.56,14.04,16.72,24.96,R
44.268,0,213,232,255,166,7.45,-1.92,-6.77,0.65,-0.48,0.41,8.18,2.70,4.83,-0.30,0.25,0.64,6.53,3.68,5.86,-0.44,0.38,0.23,8.27,2.64,3.50,-0.23,0.73,0.32,8.62,3.32,2.08,-0.04,0.67,0.12,0.26,0.76,-0.59,10.86,17.46,15.62,R
44.319,0,212,233,255,167,7.33,-0.97,-6.85,0.59,-0.70,0.20,7.97,1.19,5.28,-0.05,0.07,0.45,6.88,2.28,6.83,-0.25,0.36,0.27,8.83,3.03,3.33,0.07,0.69,0.31,9.26,2.65,1.15,0.24,0.72,0.18,0.22,0.77,-0.62,1.95,22.28,11.05,R
44.369,0,213,233,255,166,7.10,-1.17,-9.06,0.33,-0.32,0.07,9.31,1.40,4.06,0.07,0.13,0.23,6.85,3.39,6.03,-0.06,0.24,0.07,8.11,2.31,4.04,0.07,0.56,0.00,8.39,3.06,1.86,0.24,0.50,-0.34,0.26,0.76,-0.60,11.60,7.39,1.10,R
44.421,0,214,233,255,167,6.81,-0.91,-7.02,0.04,0.12,0.02,8.21,2.10,4.64,-0.09,0.44,0.05,6.43,4.56,6.05,-0.04,0.33,-0.11,7.90,3.56,4.53,-0.02,0.45,-0.19,8.72,3.87,2.22,0.15,0.54,-0.39,0.21,0.77,-0.57,7.51,-4.52,0.00,R
44.471,0,213,232,255,167,6.74,-0.66,-7.07,0.02,0.29,-0.01,8.00,1.40,4.88,-0.06,0.28,0.04,6.57,3.32,5.82,-0.12,0.27,0.02,8.42,2.83,3.73,0.05,0.42,0.01,8.16,3.75,2.24,0.16,0.54,-0.36,0.23,0.78,-0.55,9.58,1.22,2.81,R
44.523,0,216,232,255,167,6.86,-1.15,-5.79,-0.03,0.43,-0.15,7.63,0.83,5.59,0.15,0.59,-0.13,5.74,2.72,6.91,0.25,1.11,-0.13,7.80,2.97,4.76,0.22,0.93,-0.26,8.29,3.85,2.61,0.29,0.64,-0.39,0.22,0.78,-0.57,7.87,-3.36,-1.40,R
44.574,0,220,234,255,169,7.17,-1.29,-5.72,0.06,-0.30,0.06,6.92,1.47,6.19,0.40,0.55,-0.13,4.22,4.15,8.28,0.05,1.48,-0.16,7.86,3.95,5.01,0.18,1.22,-0.13,8.77,3.73,1.75,0.52,2.26,-0.37,0.20,0.81,-0.55,4.09,2.87,2.26,R
44.624,0,223,234,255,175,7.18,-2.11,-7.31,0.17,-0.18,-0.02,8.30,3.60,5.67,-0.02,0.42,0.19,5.54,3.18,6.81,-0.20,0.61,0.07,6.61,3.26,6.49,0.19,0.73,-0.02,6.99,4.76,4.70,0.48,1.26,-0.52,0.21,0.80,-0.55,4.33,2.50,4.09,R
44.676,0,221,235,255,177,7.10,-1.89,-6.59,-0.07,0.10,-0.21,8.47,0.55,5.33,-0.08,-0.07,-0.02,5.55,4.22,7.45,0.11,0.56,0.12,7.52,3.66,5.80,0.38,0.38,-0.05,7.82,4.45,4.11,0.29,0.70,-0.44,0.21,0.81,-0.54,1.40,-0.73,1.65,R
44.727,0,225,236,255,176,7.26,-2.03,-7.43,-0.09,0.73,-0.68,8.11,1.75,5.46,0.17,0.16,0.01,4.35,4.20,7.97,0.08,0.70,0.05,6.84,3.63,5.75,0.24,0.44,-0.10,6.50,4.66,4.52,-0.34,0.92,-0.71,0.21,0.79,-0.55,11.35,-1.89,-2.69,R
44.779,10,223,236,255,172,7.39,-2.23,-6.34,-0.28,1.39,-1.31,7.24,1.53,6.03,-0.12,0.03,0.02,4.03,4.31,7.76,0.02,0.15,-0.06,6.82,3.82,5.62,0.17,0.13,-0.16,6.65,5.53,5.07,-0.66,0.52,-0.55,0.21,0.80,-0.52,1.10,-5.86,-0.61,R
44.83,61,224,236,255,167,7.49,0.94,-4.05,-0.36,2.59,-1.97,7.58,1.56,5.70,-0.11,0.57,0.21,4.97,3.81,6.25,-0.08,0.88,-0.01,7.32,3.65,5.18,-0.00,0.70,-0.04,7.09,5.76,3.97,-0.45,0.71,-0.49,0.21,0.82,-0.55,4.46,3.54,4.09,R
44.88,106,228,237,255,163,8.46,1.04,-3.85,-0.14,1.53,-1.25,6.70,0.95,6.55,-0.11,0.33,0.11,2.85,3.84,8.25,-0.01,0.45,0.04,5.63,3.22,6.27,-0.00,0.18,0.06,5.57,5.40,5.97,-0.31,0.24,-0.12,0.21,0.79,-0.54,-3.72,-2.75,3.97,R
44.931,127,228,238,255,161,8.44,0.97,-2.95,-0.18,1.39,-0.78,7.74,2.04,6.05,-0.11,0.13,-0.07,4.74,3.76,7.78,0.02,0.49,-0.02,7.12,2.63,5.75,0.18,0.52,-0.08,6.53,4.71,4.94,-0.08,0.34,-0.32,0.18,0.82,-0.54,-4.33,-5.00,0.55,R
44.981,139,228,238,255,159,9.12,1.61,-3.14,-0.02,0.78,-0.33,6.75,0.96,6.72,-0.14,-0.01,-0.02,1.81,4.36,9.29,0.02,0.07,0.09,5.32,3.68,7.72,0.21,0.25,-0.11,5.45,5.51,6.90,-0.07,0.22,-0.21,0.21,0.80,-0.56,-4.58,-5.19,2.38,R
45.034,144,226,238,255,161,9.19,2.00,-2.73,-0.15,0.37,-0.17,7.67,0.55,6.01,-0.02,-0.15,-0.19,2.59,3.60,8.60,0.13,0.06,0.06,7.24,3.67,4.49,0.63,0.47,-0.23,6.86,4.98,4.33,0.08,0.47,-0.30,0.21,0.81,-0.54,-8.67,-8.48,-0.18,R
45.084,139,228,238,255,161,9.48,1.31,-3.05,-0.12,-0.05,-0.05,6.62,2.10,6.60,0.06,-0.14,-0.14,2.94,4.36,8.62,0.10,0.08,0.24,5.50,3.95,7.37,0.06,0.93,-0.05,5.53,5.44,6.37,0.25,0.74,-0.24,0.22,0.80,-0.55,-3.42,-4.76,-0.43,R
45.135,136,228,239,255,163,9.53,1.89,-3.35,-0.18,0.09,-0.09,6.94,0.65,6.33,0.03,-0.32,-0.16,3.32,4.25,8.40,0.22,-0.37,0.23,5.44,3.82,8.37,0.08,1.88,-0.37,5.05,5.81,6.94,0.24,1.18,-0.29,0.22,0.79,-0.56,-2.75,-9.22,-3.78,R
45.186,130,228,239,255,167,8.81,2.15,-2.14,-0.16,0.03,-0.14,7.41,1.76,6.01,0.10,-0.30,-0.18,2.67,4.58,8.42,0.08,-0.24,0.18,5.43,4.45,7.20,0.06,1.68,-0.24,5.32,6.32,6.36,0.25,1.11,-0.16,0.21,0.80,-0.57,-5.74,-6.47,-2.14,R
45.237,129,228,240,255,172,9.26,1.58,-2.81,-0.14,0.04,-0.06,7.68,1.65,5.86,0.00,-0.30,-0.05,4.32,3.77,8.03,0.06,-0.15,0.14,3.39,3.52,7.74,-0.12,1.61,-0.34,4.69,5.83,6.31,0.19,0.73,-0.23,0.25,0.79,-0.57,-3.36,-4.33,-3.36,R
45.287,127,226,240,255,174,9.12,1.58,-2.54,-0.23,0.05,-0.07,7.82,1.78,5.55,0.07,-0.07,-0.16,4.81,4.08,7.36,0.09,0.00,0.08,4.27,4.66,6.86,-0.09,1.40,-0.25,5.06,5.95,6.24,0.21,1.08,-0.11,0.22,0.80,-0.56,-1.40,-4.70,-2.14,R
45.339,124,227,240,255,178,9.00,2.10,-2.37,-0.14,0.19,-0.05,8.14,2.23,5.59,0.04,-0.14,-0.03,3.58,3.37,8.39,-0.03,-0.01,0.23,1.26,4.52,9.80,-0.08,1.30,-0.24,3.65,6.71,7.92,0.20,0.82,-0.20,0.25,0.79,-0.57,2.50,-3.17,-1.16,R
45.39,121,227,238,255,181,9.17,1.98,-2.69,-0.13,0.02,-0.03,7.88,1.78,5.43,0.02,-0.07,-0.01,3.99,4.31,7.80,0.02,0.13,0.08,2.41,3.97,7.84,0.11,0.52,-0.01,4.01,6.32,6.54,-0.00,0.23,-0.09,0.23,0.79,-0.55,-0.31,-2.26,0.92,R
45.441,118,226,238,255,180,9.12,2.72,-2.73,-0.04,0.09,-0.10,7.76,1.79,5.57,0.04,-0.08,0.01,3.69,4.06,7.96,0.02,0.07,0.14,2.27,3.85,8.08,0.07,0.29,-0.06,3.82,6.07,5.97,0.10,0.26,-0.17,0.25,0.78,-0.55,0.98,-2.93,0.49,R
45.492,115,226,237,255,180,9.25,2.19,-2.47,-0.01,0.01,-0.12,7.75,1.76,5.52,0.16,0.02,-0.04,4.07,4.32,7.77,0.08,0.28,0.15,2.07,4.43,8.57,0.16,0.46,0.10,3.77,6.42,6.64,0.07,0.61,-0.08,0.24,0.79,-0.55,2.20,1.89,0.43,R
45.542,116,227,237,255,181,9.32,1.96,-2.66,-0.11,0.09,-0.06,8.08,1.72,5.30,0.01,0.01,-0.07,4.19,3.78,7.86,0.04,0.09,0.06,1.50,4.09,8.95,0.25,-0.04,0.07,3.50,6.20,7.00,0.15,0.23,-0.13,0.24,0.78,-0.55,-0.18,-3.66,0.43,R
45.594,115,226,238,255,181,8.94,1.86,-2.03,0.06,-0.02,-0.13,7.64,2.33,5.61,-0.08,-0.02,0.07,4.30,4.00,7.76,-0.11,0.09,0.12,2.38,4.44,7.70,-0.11,0.47,-0.00,3.86,6.20,5.67,-0.16,0.42,-0.01,0.24,0.80,-0.54,-1.95,3.05,4.15,R
45.644,115,226,237,255,188,9.54,2.31,-3.32,-0.11,0.13,-0.13,8.34,1.41,5.27,0.05,0.06,-0.04,3.32,4.78,8.50,0.25,0.56,-0.01,-0.94,5.10,11.47,0.11,2.38,-0.12,0.29,6.21,13.31,0.57,2.68,-0.01,0.25,0.78,-0.59,4.94,-7.51,-5.00,R
45.696,111,226,237,255,202,8.90,2.66,-2.47,-0.09,-0.04,0.07,7.72,1.63,5.51,0.04,-0.17,-0.07,3.57,4.36,8.29,-0.00,-0.03,0.05,-0.46,4.72,10.28,-0.07,0.23,0.01,1.55,6.74,9.33,0.01,0.07,0.06,0.25,0.79,-0.55,-3.11,0.73,0.98,R
45.747,112,226,237,255,204,9.37,2.66,-2.81,-0.04,0.07,-0.04,7.97,1.68,5.57,-0.13,0.04,-0.03,5.77,3.20,6.13,0.15,0.76,-0.08,1.74,5.48,5.95,0.09,1.78,0.01,3.32,6.11,4.12,0.26,1.07,-0.08,0.25,0.81,-0.56,-0.92,-6.04,-0.37,R
45.798,114,226,238,255,208,9.16,2.60,-2.57,-0.07,0.08,-0.01,7.83,2.69,5.60,-0.05,0.06,-0.04,2.17,4.24,8.92,0.02,0.71,0.00,-2.01,3.77,10.37,-0.06,1.10,0.09,1.06,6.66,8.03,0.22,0.47,-0.03,0.25,0.78,-0.55,2.81,-2.75,-0.12,R
45.849,112,224,239,255,210,9.23,2.19,-2.46,-0.23,0.20,-0.06,8.04,2.00,5.27,-0.11,-0.08,-0.10,3.85,3.30,8.15,0.02,-0.39,0.04,0.25,4.40,8.20,0.08,-0.30,0.02,2.81,6.50,5.81,0.04,-0.28,-0.05,0.25,0.78,-0.54,-7.51,-5.80,1.65,R
45.9,112,225,239,255,208,8.98,2.99,-2.17,-0.02,0.12,-0.06,7.38,2.46,5.52,0.02,-0.03,-0.05,3.44,4.10,8.07,-0.04,0.43,0.11,-1.60,3.87,9.46,-0.08,1.10,0.01,0.60,6.71,8.31,0.16,0.97,-0.06,0.26,0.77,-0.54,2.01,-0.55,-0.18,R
45.951,114,226,240,255,212,9.31,2.10,-2.15,-0.03,-0.06,-0.06,8.31,2.22,5.11,0.02,-0.07,-0.08,3.43,4.34,8.23,-0.02,-0.12,-0.02,-1.72,4.08,9.22,0.02,-0.25,0.05,1.07,6.64,7.85,0.07,-0.28,0.03,0.24,0.79,-0.55,-1.46,-2.14,-1.83,R
46.002,112,225,239,255,210,9.17,2.45,-2.21,-0.03,0.08,-0.07,7.79,2.17,5.53,-0.05,0.03,-0.05,3.10,4.12,8.37,-0.09,-0.24,-0.04,-1.05,4.37,9.04,-0.06,-1.45,0.04,1.57,7.02,7.33,-0.33,-1.35,0.07,0.26,0.78,-0.55,-2.26,-0.37,0.49,R
46.053,112,226,239,255,202,9.37,2.78,-2.66,-0.10,0.02,-0.07,7.87,1.87,5.48,-0.04,-0.03,-0.10,3.20,4.27,8.41,-0.14,-0.45,-0.10,0.51,4.26,8.22,0.06,-1.92,0.04,2.93,6.18,5.90,-0.34,-1.51,0.02,0.25,0.79,-0.57,-8.06,-2.75,1.34,R
46.104,110,224,239,255,197,9.16,2.52,-2.04,-0.11,-0.03,-0.03,7.63,1.83,5.55,0.05,-0.08,-0.13,3.45,4.17,8.10,0.01,-0.18,-0.02,0.20,4.29,9.07,0.12,-0.87,0.06,2.27,6.22,7.63,-0.09,-0.48,0.06,0.26,0.77,-0.57,-0.98,-0.98,-2.32,R
46.155,109,225,240,255,196,9.27,2.67,-2.43,-0.08,-0.03,-0.01,8.15,2.27,5.17,-0.05,-0.21,-0.13,4.21,4.21,7.62,-0.07,-0.44,-0.04,0.95,4.50,8.78,0.06,-0.97,0.01,2.78,6.60,7.47,-0.13,-0.70,0.00,0.26,0.78,-0.57,-4.03,-1.95,-0.73,R
46.206,112,224,238,255,192,9.52,2.91,-2.69,-0.11,0.07,-0.09,7.99,2.03,5.32,-0.06,-0.24,-0.16,3.49,3.93,7.91,-0.03,-0.68,-0.19,0.59,3.96,8.91,0.07,-1.68,-0.14,2.42,6.01,7.52,-0.25,-1.56,-0.06,0.31,0.76,-0.57,-7.39,-11.66,-3.30,R
46.257,109,226,238,255,188,9.00,2.23,-1.47,-0.44,0.03,-0.23,8.05,2.29,5.07,-0.14,-0.36,-0.45,3.67,4.22,8.15,-0.13,-1.26,-0.37,2.11,5.40,7.87,0.17,-2.56,-0.34,3.20,7.33,7.75,-0.65,-2.44,-0.06,0.27,0.76,-0.57,-15.81,-22.40,-0.73,R
46.31,110,222,237,255,184,8.94,2.80,-1.44,-0.26,0.01,-0.20,7.50,2.89,5.26,-0.11,-0.33,-0.26,3.93,4.28,7.54,-0.19,-1.00,-0.28,2.94,3.73,7.33,-0.19,-2.09,0.01,4.72,4.94,5.26,-0.33,-1.56,0.12,0.28,0.76,-0.58,-15.81,-10.56,0.61,R
46.359,109,223,237,255,183,9.64,3.37,-3.36,-0.55,-0.12,-0.33,8.68,2.30,4.55,-0.27,-0.60,-0.72,4.79,3.59,7.66,-0.08,-1.54,-0.77,3.23,4.11,7.90,0.17,-2.77,-0.46,4.09,5.66,7.40,-0.19,-2.46,-0.30,0.35,0.73,-0.58,-19.65,-43.33,-5.00,R
46.41,109,221,237,255,178,8.90,2.58,-1.14,-0.75,0.02,-0.40,8.30,2.36,3.90,-0.16,-0.36,-0.81,7.13,4.76,4.89,0.09,-0.76,-0.61,6.06,5.70,5.57,0.09,-1.58,-0.17,7.02,6.78,4.09,-0.37,-1.45,0.08,0.24,0.79,-0.61,-15.50,-26.31,-7.32,R
46.462,106,221,237,255,176,9.28,3.54,-2.02,-0.45,-0.09,-0.34,8.34,2.76,4.46,-0.11,-0.01,-0.59,4.51,4.10,7.27,0.03,-0.41,-0.75,2.51,4.88,8.21,-0.35,-1.82,-0.51,3.31,5.60,7.57,-0.54,-1.93,-0.16,0.43,0.70,-0.58,-11.17,-39.92,-9.95,R
46.512,104,220,238,255,176,8.98,3.44,-1.13,-1.44,-0.19,-0.40,7.31,2.44,5.27,-0.60,-0.22,-1.33,4.22,4.87,7.70,0.04,-1.45,-1.34,7.46,6.22,4.65,0.24,-2.44,-0.82,8.93,6.11,0.26,-0.07,-2.67,-0.39,0.30,0.73,-0.62,-28.50,-77.33,-5.80,R
46.563,100,219,237,255,176,8.56,3.58,-0.62,-0.67,-0.04,-0.59,7.58,3.76,4.49,-0.11,-0.17,-0.86,5.68,4.76,5.75,0.07,-1.01,-0.57,5.67,5.21,5.43,0.14,-1.11,-0.60,6.44,5.00,3.62,-0.02,-1.09,-0.42,0.42,0.71,-0.57,-16.05,-34.06,-14.71,R
46.614,100,219,237,255,176,8.78,4.41,-2.09,-1.10,0.00,-0.63,7.39,3.82,4.50,-0.26,-0.12,-1.38,5.43,5.54,6.01,0.08,-1.57,-1.19,5.81,6.61,5.07,-0.11,-2.04,-1.02,7.14,6.82,3.48,-0.14,-2.18,-0.49,0.44,0.67,-0.57,-24.90,-71.90,-10.01,R
46.665,97,215,236,255,176,8.21,3.40,0.12,-0.86,0.07,-0.45,7.21,4.68,4.40,-0.28,-0.13,-0.84,5.64,5.96,4.81,-0.12,-1.76,-0.64,7.68,5.32,3.11,0.09,-1.85,-0.60,7.73,4.40,0.89,0.25,-1.81,-0.19,0.46,0.69,-0.55,-14.10,-32.35,-8.30,R
46.716,97,217,235,255,175,8.55,5.72,-1.87,-0.69,-0.09,-0.49,7.72,5.10,4.22,-0.20,-0.21,-1.04,6.29,5.53,3.77,-0.11,-2.00,-0.91,5.55,5.88,4.30,-0.22,-1.43,-0.92,6.25,5.58,2.58,-0.27,-1.78,-0.54,0.57,0.65,-0.53,-18.31,-51.39,-8.36,R
46.768,93,217,234,255,175,8.36,5.02,-0.46,-1.34,-0.16,-0.42,6.77,4.34,4.69,-0.37,-0.23,-1.35,5.98,6.08,4.33,-0.09,-1.71,-1.37,6.90,7.18,2.47,-0.65,-1.66,-1.06,7.37,6.87,0.98,-0.36,-2.00,-0.39,0.51,0.66,-0.55,-21.48,-69.70,-11.96,R
46.818,88,216,232,255,176,7.94,5.63,-0.57,-1.08,-0.16,-0.64,6.13,5.65,4.76,-0.31,-0.18,-1.39,5.41,6.46,4.70,-0.03,-1.75,-1.25,6.17,6.26,3.04,-0.30,-1.25,-1.20,7.03,6.27,0.42,-0.47,-1.62,-0.74,0.59,0.63,-0.51,-23.13,-68.36,-14.04,R
46.869,85,217,231,255,176,8.35,5.64,-1.27,-1.56,0.15,-0.82,7.26,5.24,3.86,-0.54,0.04,-1.80,6.13,6.22,2.87,-0.27,-1.23,-1.79,5.50,6.34,2.77,-0.41,-1.51,-1.68,6.26,6.74,0.88,-0.64,-1.99,-1.22,0.64,0.61,-0.50,-21.42,-99.06,-17.82,R
46.92,85,215,231,255,175,7.20,6.39,0.06,-1.80,-0.10,-0.75,5.56,6.26,4.74,-0.75,-0.25,-2.10,4.42,8.11,3.55,-0.39,-1.48,-2.04,5.54,7.66,1.83,-0.77,-1.82,-1.80,5.89,7.51,-0.79,-1.03,-2.56,-1.12,0.67,0.60,-0.47,-27.40,-113.28,-17.46,R
46.971,77,215,230,255,173,8.48,4.74,-0.91,-2.52,0.13,-1.17,5.52,5.28,4.56,-0.98,0.07,-2.82,4.27,6.51,3.07,-0.68,-1.45,-2.86,3.11,6.65,3.39,-0.89,-1.69,-2.80,3.48,7.34,1.24,-1.39,-2.51,-2.42,0.84,0.55,-0.37,-30.82,-174.62,-25.02,R
47.023,78,213,229,255,172,6.53,5.61,1.44,-3.49,0.44,-1.15,3.42,6.94,5.26,-1.32,-0.04,-3.69,3.05,9.12,2.31,-0.89,-1.95,-3.53,3.52,10.14,1.47,-1.44,-2.34,-3.22,4.74,9.64,-1.90,-1.70,-3.09,-2.36,0.71,0.57,-0.29,-32.47,-206.54,-25.15,R
47.073,74,213,228,255,170,6.35,4.34,3.60,-3.34,0.37,-1.25,1.93,5.78,5.82,-1.26,0.19,-3.52,0.98,8.44,3.32,-1.22,-1.45,-3.50,1.75,7.91,1.95,-1.40,-1.74,-3.16,2.23,8.99,-0.66,-1.67,-2.46,-2.54,0.84,0.53,-0.12,-17.88,-199.77,-32.23,R
47.124,68,211,228,255,170,4.64,5.54,3.80,-3.50,0.78,-1.00,0.16,8.01,6.37,-1.37,0.04,-3.72,-0.89,10.75,3.94,-1.15,-1.87,-3.49,0.93,11.52,2.10,-1.68,-2.42,-3.19,1.91,11.09,-1.55,-2.03,-3.16,-2.38,0.78,0.52,0.04,-14.83,-209.23,-24.11,R
47.176,66,210,226,255,165,4.74,3.02,7.40,-3.45,0.75,-0.69,-1.02,5.11,6.70,-1.78,-0.13,-2.99,0.09,7.42,3.01,-1.24,-1.55,-3.14,-0.73,9.45,4.18,-1.79,-1.78,-2.86,0.66,9.88,-0.14,-2.13,-2.56,-2.05,0.83,0.49,0.23,0.31,-187.74,-22.16,R
47.227,66,208,226,255,163,3.51,4.19,7.45,-3.01,0.78,-0.70,-1.91,6.52,7.60,-1.43,0.10,-2.88,-3.61,8.86,6.24,-1.13,-0.92,-2.93,-1.18,9.10,3.88,-1.95,-1.78,-2.56,0.04,10.55,0.59,-2.18,-2.52,-1.93,0.74,0.49,0.37,12.76,-178.89,-24.78,R
47.278,60,206,225,255,160,3.86,1.96,9.19,-2.90,0.86,-0.51,-2.97,3.70,8.26,-1.56,0.21,-2.38,-3.59,6.69,5.67,-1.31,-0.72,-2.56,-2.37,7.53,6.19,-1.78,-1.17,-2.20,-1.22,9.33,2.96,-1.92,-2.15,-1.60,0.68,0.43,0.51,8.00,-159.73,-22.95,R
47.328,55,205,224,255,158,2.85,1.88,9.39,-2.25,0.87,-0.70,-4.19,3.49,9.10,-1.22,-0.13,-2.30,-4.08,7.93,5.64,-0.87,-1.14,-2.24,-1.98,8.40,5.71,-1.53,-1.45,-2.01,-1.34,9.77,3.62,-1.76,-2.14,-1.36,0.62,0.42,0.65,6.65,-138.49,-24.84,R
47.379,55,203,223,255,153,3.20,0.37,10.46,-2.01,0.80,-0.54,-3.88,1.99,8.87,-1.14,0.15,-1.53,-4.23,5.21,6.24,-0.85,-0.59,-1.79,-3.14,6.23,7.56,-1.16,-0.94,-1.60,-1.45,8.66,4.53,-1.32,-1.57,-1.10,0.61,0.40,0.69,9.70,-106.69,-26.73,R
47.43,52,204,223,255,149,1.80,1.79,9.72,-1.87,1.26,-0.57,-4.21,3.24,8.95,-0.62,-0.07,-1.66,-5.00,6.45,6.95,-0.65,-0.58,-1.58,-2.84,6.90,7.52,-0.94,-0.99,-1.48,-1.31,9.37,5.15,-1.18,-1.47,-1.01,0.56,0.36,0.75,15.62,-93.87,-28.50,R
47.48,52,200,222,255,147,2.34,0.07,10.69,-1.23,0.72,-0.42,-4.34,1.64,9.46,-0.54,0.13,-1.00,-5.00,4.93,7.49,-0.43,-0.56,-1.17,-2.52,5.31,7.66,-0.72,-0.59,-1.06,-1.33,8.20,5.67,-0.76,-0.97,-0.70,0.56,0.36,0.79,10.44,-62.01,-26.31,R
47.532,48,201,222,255,143,2.21,-0.93,9.04,-1.40,1.22,-0.53,-3.42,1.26,8.83,-0.28,-0.14,-1.04,-4.60,4.95,7.16,-0.17,-0.52,-1.28,-2.63,5.56,8.68,-0.65,-0.94,-1.27,-1.38,8.15,6.72,-0.90,-1.31,-0.85,0.48,0.34,0.80,14.04,-62.50,-32.41,R
47.585,44,200,220,255,139,2.12,-1.44,9.84,-0.55,0.38,-0.32,-4.69,0.80,9.23,-0.39,-0.17,-0.64,-5.93,4.49,8.12,-0.06,-0.87,-1.12,-3.34,4.84,8.80,-0.53,-1.19,-1.14,-1.21,7.59,5.85,-0.64,-1.50,-0.45,0.52,0.30,0.82,8.79,-39.25,-31.68,R
47.634,44,196,219,255,135,0.71,1.19,8.91,-0.76,0.83,-0.61,-4.05,0.96,8.53,-0.14,-0.38,-1.12,-3.67,4.30,7.16,-0.17,-1.07,-1.17,-2.04,4.47,8.39,-0.79,-1.49,-1.07,-1.26,7.57,7.64,-0.71,-1.96,-0.44,0.42,0.33,0.85,6.71,-45.41,-36.01,R
47.685,39,189,218,255,125,1.56,-1.23,9.82,-0.11,0.21,-0.42,-3.64,-0.09,8.68,0.04,-0.24,-1.05,-5.02,3.22,7.85,-0.07,-1.17,-1.12,-2.07,3.59,8.52,-0.39,-1.29,-1.18,-0.45,6.65,7.01,-0.51,-1.99,-0.37,0.48,0.26,0.87,15.01,-20.51,-40.95,R
47.736,30,182,215,255,117,-1.36,1.27,10.71,0.06,1.06,-1.14,-3.95,-0.55,9.25,0.19,-0.11,-1.87,-4.57,3.49,7.90,-0.12,-1.57,-1.62,-1.31,4.42,8.07,-0.72,-1.87,-1.48,0.13,9.25,6.72,-0.74,-2.39,-0.30,0.38,0.28,0.87,12.39,-37.11,-52.61,R
47.787,22,167,213,255,103,1.72,-2.72,10.07,0.79,-0.38,-0.40,-4.20,-1.08,9.30,0.63,-0.44,-1.26,-3.43,1.91,8.25,-0.17,-1.20,-1.25,-1.25,2.17,9.03,-0.51,-0.96,-1.22,0.45,4.76,7.98,-0.49,-1.80,-0.50,0.46,0.20,0.86,23.50,5.92,-61.89,R
47.838,10,148,211,255,97,-0.65,6.27,7.50,0.52,0.07,-0.95,-3.53,3.16,7.74,0.19,-0.15,-2.07,-3.08,5.08,7.58,-0.07,-1.11,-1.68,-0.84,4.87,8.21,-0.82,-1.16,-1.62,1.46,6.96,6.97,-1.13,-1.78,-0.72,0.35,0.23,0.89,25.70,-36.50,-57.07,R
47.89,1,130,207,255,85,1.66,-0.93,9.93,0.68,-0.21,-0.37,-3.38,0.11,9.58,0.26,-0.23,-0.79,-4.64,1.13,8.58,-0.62,-0.62,-0.73,-0.60,1.61,8.47,-0.68,0.05,-0.86,1.51,6.16,6.49,-0.54,-0.34,-0.64,0.47,0.10,0.89,35.83,7.14,-51.70,R
47.94,0,117,205,255,80,0.86,-2.85,11.09,0.54,-0.75,-1.32,-3.56,-0.98,8.36,0.62,-0.14,-2.20,-2.85,2.34,9.41,-0.52,-0.79,-1.41,-0.38,3.78,10.14,-0.84,-0.64,-1.13,1.54,6.64,8.39,-0.93,-0.26,-0.57,0.38,0.13,0.91,18.31,-22.58,-53.47,R
47.991,0,104,202,255,76,1.76,-1.52,11.61,0.35,-0.16,-0.23,-4.07,0.68,9.84,-0.00,-0.22,-0.44,-2.21,3.32,9.25,-0.29,-0.45,-0.52,0.11,2.63,9.10,-0.41,-0.32,-0.48,2.15,5.35,5.98,-0.32,0.10,-0.46,0.35,0.07,0.91,33.51,3.05,-39.67,R
48.042,0,96,200,255,73,2.10,-1.54,10.81,0.25,-0.41,-0.82,-3.63,-1.51,8.88,0.89,0.18,-1.23,-2.39,1.60,8.40,0.12,-0.05,-0.51,0.01,1.79,9.59,-0.31,-0.01,-0.11,1.80,4.83,7.81,-0.22,0.84,0.06,0.40,0.03,0.92,10.25,7.63,-31.01,R
48.092,0,90,197,255,74,2.15,0.09,8.31,0.13,-0.86,-1.23,-3.96,0.12,10.09,0.92,0.25,-0.85,-3.25,2.12,9.41,0.18,0.05,-0.10,0.21,1.67,9.52,-0.31,0.08,0.23,0.86,5.74,11.00,-0.19,0.39,-0.12,0.43,-0.00,0.94,6.96,15.99,-29.60,R
48.146,0,85,195,255,72,2.74,0.61,8.81,-0.13,-0.06,-0.72,-3.78,-0.91,8.73,0.78,0.59,-0.28,-2.93,3.20,9.01,0.12,0.52,-0.02,-0.67,2.21,9.62,-0.05,0.61,0.30,0.94,5.15,7.41,0.34,0.77,-0.11,0.38,0.02,0.88,0.67,17.94,-21.85,R
48.195,0,80,193,255,74,2.35,0.88,8.68,-0.08,-0.07,-1.43,-3.63,1.66,8.60,0.74,0.38,0.18,-2.85,1.71,8.79,0.61,0.36,0.12,-0.43,0.81,9.59,0.04,0.60,0.33,0.65,5.38,8.91,0.15,0.63,-0.00,0.44,0.00,0.88,2.50,15.38,-20.20,R
48.246,0,78,192,255,74,2.51,0.89,9.46,-0.23,0.34,-0.61,-3.85,0.81,9.20,0.14,0.24,0.11,-3.15,1.80,9.24,0.37,0.25,0.02,-0.73,1.48,9.27,0.25,0.41,0.04,0.87,6.09,7.94,0.27,0.46,-0.05,0.47,-0.01,0.88,-1.59,8.42,-18.07,R
48.297,0,75,191,255,76,2.08,0.78,10.11,-0.29,0.43,-0.50,-3.45,1.57,7.96,0.08,-0.01,0.30,-2.76,3.18,8.44,0.36,0.43,0.35,-0.53,1.65,8.16,0.35,0.44,0.52,0.35,5.05,6.84,0.34,0.46,0.29,0.36,0.09,0.85,1.65,5.00,-7.81,R
48.348,0,76,192,255,75,2.21,-0.32,9.87,-0.01,0.74,-0.50,-3.39,-0.01,9.13,0.47,0.32,0.49,-3.72,0.57,10.30,0.57,0.49,0.27,-1.75,0.14,10.30,0.54,0.34,0.11,-0.54,5.26,9.09,0.48,0.17,-0.10,0.51,-0.06,0.84,12.63,22.95,-12.27,R
48.399,0,78,191,255,74,0.35,2.76,10.44,-0.08,0.46,-0.47,-4.22,3.06,7.83,-0.25,-0.27,-0.29,-3.87,5.48,7.05,0.37,-0.14,-0.24,-1.64,3.98,8.86,0.01,0.01,-0.03,-0.13,6.34,5.84,-0.05,0.03,0.05,0.44,-0.04,0.89,6.29,-21.12,-21.00,R
48.45,0,76,192,255,74,1.18,1.03,10.49,0.14,0.42,-0.14,-4.80,1.55,9.49,0.12,-0.05,0.19,-4.42,2.91,9.73,0.41,-0.29,0.07,-2.23,2.58,11.45,0.29,0.04,-0.11,-0.64,8.03,9.95,0.14,-0.02,-0.20,0.68,-0.18,0.88,25.27,14.34,-20.02,R
48.501,0,78,191,255,73,0.19,3.78,10.31,0.14,0.06,-0.13,-4.72,3.48,8.69,-0.58,-0.17,-0.20,-3.95,5.79,7.28,-0.15,-0.32,-0.10,-1.70,4.10,7.97,-0.34,0.03,0.06,-1.01,6.89,7.69,-0.44,0.22,0.14,0.51,-0.10,0.92,22.52,-22.64,-13.98,R
48.552,0,77,190,255,73,1.58,0.62,11.22,0.04,0.20,-0.04,-3.97,1.47,9.38,0.84,-0.90,-0.03,-4.21,3.77,9.95,0.39,-0.66,-0.10,-2.33,2.21,10.45,-0.08,-0.03,-0.27,-0.27,7.07,8.63,-0.12,-0.11,-0.24,0.63,-0.18,0.94,3.54,1.40,-15.38,R
48.603,0,77,190,255,71,0.64,1.24,11.72,0.06,0.02,-0.08,-3.48,1.65,8.24,0.44,-0.59,-0.54,-3.99,3.09,7.69,0.13,-0.63,-0.49,-3.02,3.72,11.32,-0.10,0.21,-0.42,-0.74,5.90,8.25,0.23,-0.27,0.28,0.52,-0.22,0.95,19.41,11.96,-30.94,R
48.654,0,74,189,255,68,0.69,3.08,9.55,0.22,-0.22,-0.03,-3.34,0.64,8.41,-0.29,-0.22,-0.23,-2.83,2.45,7.44,-0.29,-0.24,-0.19,-1.82,1.89,8.96,-0.35,-0.02,-0.19,-0.08,5.78,8.23,-0.71,-0.03,-0.20,0.52,-0.11,0.88,-6.84,-15.38,-5.62,R
48.705,0,72,188,255,68,0.63,1.01,11.20,0.20,0.18,0.21,-3.21,2.06,9.70,-0.58,-0.27,-0.09,-2.93,3.45,8.68,-0.33,-0.52,0.02,-1.69,1.48,9.84,-0.51,-0.31,-0.02,-0.24,5.39,8.21,-0.16,-0.15,0.04,0.38,-0.17,0.90,19.35,-13.98,-12.63,R
48.756,0,71,187,255,68,1.01,-0.07,9.61,0.01,0.04,-0.07,-3.05,1.28,8.78,-0.38,-0.01,0.04,-2.86,3.03,9.20,-0.36,-0.43,0.15,-1.58,1.28,9.77,-0.25,-0.13,0.09,-0.07,5.86,8.08,-0.10,0.06,0.07,0.43,-0.19,0.91,13.06,-13.24,-10.56,R
48.807,0,72,187,255,68,1.14,1.15,8.36,-0.16,0.08,-0.14,-3.62,-0.43,10.17,-1.03,0.43,0.05,-2.35,2.72,8.87,-0.48,-0.36,0.23,-1.35,1.69,9.72,-0.29,-0.12,0.10,0.00,6.04,7.92,0.17,0.11,0.00,0.42,-0.15,0.87,9.22,-14.47,-10.86,R
48.858,0,75,187,255,68,1.06,-0.23,9.42,-0.79,0.41,-0.23,-3.27,0.75,9.57,-0.44,0.39,0.48,-2.32,2.53,9.12,-0.29,0.02,0.30,-1.36,0.89,9.78,-0.14,0.06,0.19,0.18,5.55,7.95,-0.02,0.22,-0.03,0.40,-0.20,0.92,-3.05,-14.22,-5.68,R
48.909,0,76,186,255,69,0.35,1.11,10.94,-1.86,0.59,-0.23,-3.21,0.11,9.34,-0.24,0.34,0.59,-2.45,1.95,9.41,-0.15,0.13,0.39,-1.39,0.60,9.80,0.00,0.09,0.31,-0.19,6.03,7.63,0.05,0.00,0.06,0.37,-0.20,0.87,-8.18,-8.91,-3.54,R
48.96,0,78,185,255,68,-0.00,0.89,12.40,-0.55,0.28,-0.16,-3.72,1.41,9.40,0.13,0.05,0.01,-2.61,4.07,8.79,0.15,0.05,0.02,-1.37,2.06,9.73,0.06,0.04,-0.02,0.06,6.19,7.76,0.00,0.03,-0.05,0.52,-0.21,0.93,0.06,10.07,-2.20,R
49.011,0,78,185,255,69,0.44,-1.22,10.03,-0.85,0.33,-0.16,-3.08,0.04,9.26,-0.21,0.20,0.26,-2.17,2.21,9.16,-0.04,0.12,0.08,-1.38,0.81,9.80,0.17,0.11,0.04,-0.10,5.38,8.41,0.34,0.08,-0.00,0.37,-0.15,0.90,-6.84,4.15,-2.87,R
49.063,0,78,185,255,71,-0.00,-1.28,9.74,-1.07,0.32,-0.28,-3.70,0.08,9.44,-0.02,0.19,-0.03,-2.52,2.83,8.87,0.19,0.05,-0.06,-1.49,2.23,9.54,0.21,0.02,-0.05,-0.18,6.06,8.21,0.19,0.05,-0.03,0.45,-0.18,0.90,-5.80,6.41,-7.51,R
49.113,0,80,185,255,70,0.07,-1.41,9.76,-0.63,0.30,-0.16,-3.49,0.76,9.32,-0.05,0.10,0.03,-2.39,2.49,9.41,0.03,0.04,-0.07,-1.37,1.55,9.60,0.19,0.06,-0.06,-0.12,6.22,8.07,0.24,0.00,-0.05,0.42,-0.18,0.90,-2.75,2.44,-4.46,R
49.164,0,83,185,255,74,-0.04,-1.85,9.15,-1.85,0.28,-0.24,-3.73,0.31,9.29,0.03,0.32,-0.09,-2.54,2.64,8.93,0.21,0.19,-0.10,-1.51,1.91,9.72,0.24,0.13,0.01,-0.25,6.42,7.97,0.39,0.06,-0.04,0.43,-0.18,0.92,-5.19,5.07,-5.49,R
49.215,0,85,185,255,74,-0.46,-2.70,9.99,-1.08,0.49,-0.13,-3.80,0.88,9.36,-0.07,0.18,-0.09,-2.62,2.94,9.24,0.02,0.03,-0.06,-1.88,2.46,9.50,0.12,0.01,-0.08,-0.14,5.99,7.68,-0.12,-0.02,-0.11,0.46,-0.19,0.88,1.04,-1.34,-6.59,R
49.267,0,87,185,255,74,-0.87,-3.59,9.12,-0.86,0.65,-0.14,-3.65,1.00,8.83,0.04,0.15,-0.10,-2.58,3.35,8.84,-0.00,-0.05,-0.07,-1.55,1.69,9.67,0.00,-0.02,-0.08,-0.34,6.13,8.01,-0.13,-0.05,-0.11,0.41,-0.17,0.90,-1.16,-2.87,-6.16,R
49.317,0,91,185,255,73,-0.90,-3.82,8.62,-0.94,0.50,-0.10,-3.95,0.83,9.00,-0.02,0.05,-0.22,-2.60,3.51,8.93,-0.11,-0.12,-0.23,-1.52,2.49,9.63,-0.02,-0.05,-0.17,0.07,6.67,7.38,-0.33,-0.02,-0.12,0.45,-0.17,0.91,-2.01,-7.57,-8.30,R
49.368,0,90,185,255,77,-1.48,-4.76,11.42,0.43,0.39,-0.02,-3.58,-0.54,9.36,0.03,-0.16,-0.06,-2.28,1.69,9.41,0.02,-0.25,-0.22,-1.37,1.69,9.62,0.08,-0.14,-0.24,-0.35,5.44,8.43,-0.01,-0.18,-0.16,0.39,-0.17,0.90,1.46,2.87,-9.22,R
49.419,0,88,184,255,73,-0.97,-2.96,7.42,0.44,1.06,0.03,-3.63,0.41,8.96,-0.04,-0.60,-0.33,-2.38,3.02,8.82,-0.27,-0.51,-0.25,-1.44,1.86,9.73,-0.29,-0.29,-0.32,-0.03,6.19,7.81,-0.42,-0.24,-0.16,0.41,-0.19,0.90,4.21,-4.88,-9.64,R
49.47,0,85,184,255,73,-1.55,-3.45,9.29,0.71,0.10,-0.08,-3.44,0.72,9.20,0.05,-0.51,-0.22,-2.13,2.85,9.07,-0.09,-0.35,-0.17,-1.18,2.15,9.51,-0.33,-0.20,-0.18,0.11,5.95,8.01,-0.27,-0.12,-0.09,0.39,-0.18,0.92,1.46,-3.11,-7.14,R
49.521,103,0,1,0,0,-1.43,-3.45,9.38,0.56,0.09,-0.03,-3.09,-0.05,9.40,-0.01,-0.37,-0.01,-1.84,2.47,9.12,-0.19,-0.35,-0.14,-1.13,1.53,9.58,-0.29,-0.20,-0.22,-0.03,5.53,8.19,-0.04,-0.17,-0.10,0.40,-0.17,0.90,1.53,4.21,-6.90,R
49.571,102,0,4,0,0,-1.45,-2.92,9.50,0.50,0.04,-0.02,-2.88,0.65,9.60,-0.04,-0.43,0.05,-1.80,2.16,9.40,-0.21,-0.28,-0.05,-1.04,1.78,9.66,-0.22,-0.15,-0.15,0.08,5.65,8.19,-0.26,-0.10,-0.10,0.41,-0.19,0.92,4.52,-0.31,-5.19,R
49.622,98,0,1,0,5,-1.36,-3.00,9.41,0.63,0.14,-0.01,-2.61,0.24,9.62,0.14,-0.40,0.01,-1.64,2.24,9.25,-0.08,-0.29,-0.07,-1.06,1.46,9.67,-0.13,-0.15,-0.18,0.18,5.73,8.06,-0.07,-0.12,-0.13,0.40,-0.20,0.89,0.92,3.11,-7.32,R
49.673,93,0,4,0,0,-1.70,-2.58,9.47,0.41,0.06,-0.04,-2.49,0.56,9.62,-0.08,-0.26,0.03,-1.53,2.36,9.37,-0.17,-0.22,-0.01,-0.76,1.30,9.74,-0.13,-0.11,-0.10,0.22,5.64,8.20,-0.02,-0.05,-0.02,0.36,-0.18,0.94,7.93,2.62,-3.97,R
49.725,94,0,2,0,0,-1.60,-2.16,9.58,0.32,0.10,0.09,-2.38,0.60,9.55,-0.05,-0.20,0.04,-1.53,2.54,9.36,-0.14,-0.17,-0.01,-0.97,1.24,9.66,-0.19,-0.08,-0.05,0.06,5.52,8.23,-0.14,-0.03,-0.05,0.42,-0.21,0.89,8.61,-1.83,-3.91,R
49.776,103,0,2,0,0,-1.77,-2.28,9.62,0.44,0.14,0.01,-2.28,0.50,9.78,-0.07,-0.20,0.04,-1.38,1.96,9.43,-0.22,-0.15,0.06,-0.88,0.85,9.82,-0.12,-0.04,0.01,0.11,5.35,8.36,-0.00,-0.03,-0.02,0.38,-0.21,0.92,10.50,-0.73,-2.62,R
49.827,107,0,4,0,0,-1.70,-2.02,9.72,0.24,0.08,0.09,-2.32,0.23,9.63,0.06,-0.13,0.01,-1.44,2.15,9.52,-0.17,-0.12,0.03,-0.92,1.13,9.75,-0.10,-0.04,-0.03,0.14,5.65,8.31,-0.17,-0.01,-0.04,0.41,-0.23,0.88,9.16,-2.56,-2.75,R
49.877,21,0,0,0,31,-1.72,-1.93,9.72,0.09,0.03,0.03,-2.20,0.55,9.77,0.03,-0.08,0.00,-1.32,2.01,9.52,-0.13,-0.05,0.02,-0.86,1.08,9.75,-0.09,-0.01,-0.01,0.13,5.35,8.36,-0.12,0.01,-0.01,0.38,-0.23,0.90,4.15,-2.26,-1.04,R
49.929,45,0,0,0,26,-1.84,-1.74,9.75,0.27,0.00,0.07,-2.07,0.34,9.63,-0.04,-0.03,0.05,-1.34,2.07,9.50,-0.09,-0.03,0.03,-0.93,0.92,9.81,-0.03,0.02,-0.01,0.05,5.49,8.26,-0.05,0.02,0.02,0.40,-0.23,0.90,2.81,1.04,-0.06,R
49.98,106,0,3,0,0,-1.71,-1.67,9.60,0.08,-0.02,-0.00,-2.02,0.24,9.68,-0.05,-0.04,0.01,-1.29,2.00,9.52,-0.10,-0.06,0.01,-0.78,0.86,9.78,-0.11,-0.03,-0.01,0.09,5.23,8.47,-0.11,0.02,0.01,0.39,-0.22,0.91,5.92,-1.34,-0.24,R
50.031,60,0,0,0,14,-1.72,-1.71,9.68,0.08,0.01,0.03,-2.06,0.49,9.62,-0.01,-0.04,0.01,-1.25,1.93,9.54,-0.15,-0.03,0.01,-0.81,0.90,9.78,-0.07,0.01,-0.03,0.12,5.19,8.45,-0.08,0.01,-0.01,0.39,-0.24,0.89,5.62,-2.08,-0.49,R
50.082,18,0,0,0,38,-1.79,-1.50,9.75,0.27,0.02,-0.01,-2.04,0.45,9.65,-0.07,-0.03,0.01,-1.30,1.91,9.55,-0.16,-0.00,0.04,-0.78,0.84,9.76,-0.04,0.02,-0.01,0.12,5.15,8.48,-0.04,0.02,0.02,0.38,-0.24,0.90,2.14,0.24,1.46,R
50.133,97,0,0,0,20,-1.70,-1.39,9.63,0.03,-0.06,0.00,-1.93,0.35,9.66,-0.04,0.01,0.00,-1.25,1.72,9.52,-0.12,0.02,0.02,-0.90,0.83,9.76,0.01,0.04,-0.02,0.17,5.26,8.46,-0.01,0.02,-0.01,0.40,-0.24,0.90,1.59,0.31,0.98,R
50.184,97,0,0,0,0,-1.72,-1.39,9.79,0.01,0.03,-0.02,-1.93,0.42,9.73,-0.02,0.01,0.00,-1.18,1.77,9.59,-0.06,0.01,0.01,-0.91,0.96,9.84,-0.01,0.02,-0.01,0.10,5.28,8.37,0.00,0.03,-0.01,0.39,-0.24,0.89,2.14,2.56,-0.24,R
50.234,95,0,0,0,0,-1.76,-1.50,9.77,0.01,0.03,-0.02,-2.03,0.41,9.67,0.00,0.01,0.01,-1.26,1.73,9.62,-0.02,-0.01,0.01,-0.82,0.90,9.85,-0.00,0.02,-0.01,0.18,5.27,8.50,0.01,0.03,0.01,0.39,-0.24,0.90,0.00,3.60,0.79,R
50.285,97,0,0,0,13,-1.72,-1.43,9.76,-0.02,0.00,-0.02,-1.95,0.42,9.67,-0.00,0.03,-0.01,-1.16,1.84,9.59,-0.04,0.01,0.00,-0.81,0.88,9.76,0.02,0.03,-0.02,0.15,5.21,8.51,-0.01,0.04,-0.00,0.40,-0.24,0.89,-1.83,0.67,0.67,R
50.336,109,0,6,0,0,-1.77,-1.44,9.71,-0.00,0.01,-0.01,-1.99,0.41,9.67,0.01,0.02,0.02,-1.15,1.70,9.61,-0.03,0.01,0.01,-0.88,0.87,9.82,0.02,0.02,0.00,0.05,5.24,8.61,0.00,0.03,0.02,0.41,-0.24,0.90,0.49,4.27,1.10,R
50.387,104,0,2,0,0,-1.70,-1.49,9.73,-0.05,0.01,-0.01,-2.00,0.42,9.63,0.01,0.07,-0.01,-1.33,1.81,9.57,0.03,0.05,-0.02,-0.88,1.01,9.80,0.03,0.04,-0.02,0.07,5.34,8.24,0.02,0.03,-0.01,0.40,-0.24,0.88,-1.53,2.38,1.53,R
50.438,63,0,1,0,13,-1.69,-1.50,9.74,-0.05,-0.00,-0.04,-2.00,0.43,9.67,0.02,0.06,-0.01,-1.24,1.79,9.58,0.01,0.03,-0.01,-0.90,0.90,9.79,0.04,0.05,-0.03,0.11,5.31,8.43,0.01,0.03,-0.01,0.40,-0.23,0.89,-1.95,1.34,1.46,R
50.489,88,0,1,0,1,-1.79,-1.56,9.75,-0.05,0.01,-0.02,-2.10,0.57,9.61,-0.01,0.07,0.02,-1.25,1.81,9.56,0.00,0.04,0.00,-0.90,1.09,9.73,0.02,0.04,0.00,0.09,5.35,8.48,0.02,0.04,0.01,0.42,-0.23,0.90,-1.71,3.23,1.53,R
50.54,106,0,3,0,0,-1.70,-1.59,9.79,-0.03,0.00,-0.03,-2.03,0.26,9.69,-0.03,0.05,0.00,-1.28,1.86,9.50,0.00,0.03,-0.01,-0.93,0.88,9.77,-0.01,0.02,-0.01,0.11,5.24,8.50,0.00,0.03,-0.01,0.40,-0.23,0.89,-1.10,0.55,1.10,R
50.592,109,0,6,0,0,-1.76,-1.59,9.70,-0.04,0.01,-0.02,-2.02,0.33,9.62,-0.01,0.07,0.01,-1.29,1.83,9.54,0.01,0.03,-0.01,-0.88,0.91,9.73,0.04,0.03,-0.01,0.09,5.24,8.58,0.03,0.03,-0.00,0.41,-0.22,0.89,-1.59,2.32,1.40,R
50.642,109,0,5,0,0,-1.71,-1.56,9.74,-0.05,0.01,-0.03,-2.11,0.51,9.68,-0.01,0.07,0.00,-1.27,1.86,9.50,0.01,0.03,-0.01,-0.97,1.01,9.74,0.01,0.03,-0.02,0.11,5.23,8.44,-0.01,0.03,-0.02,0.41,-0.23,0.89,-1.95,0.67,1.04,R
50.693,111,0,6,0,0,-1.61,-1.65,9.68,-0.03,0.01,-0.02,-2.05,0.62,9.67,0.02,0.05,0.00,-1.27,1.92,9.47,-0.03,0.02,-0.00,-0.91,0.93,9.75,0.01,0.02,-0.01,0.12,5.25,8.44,0.00,0.04,-0.00,0.41,-0.22,0.89,-0.31,1.16,0.67,R
50.745,112,0,6,0,0,-1.81,-1.61,9.73,-0.04,0.01,-0.03,-2.21,0.41,9.63,-0.04,0.06,0.02,-1.37,1.91,9.50,-0.01,0.02,-0.00,-0.91,0.99,9.76,-0.01,0.02,-0.01,0.08,5.27,8.53,0.03,0.03,-0.00,0.41,-0.22,0.89,-1.40,1.22,1.10,R
50.796,114,0,6,0,0,-1.68,-1.68,9.67,-0.03,0.01,-0.03,-2.12,0.44,9.69,-0.03,0.07,0.01,-1.26,1.97,9.46,0.00,0.04,-0.02,-0.90,0.98,9.76,0.02,0.03,-0.01,0.09,5.24,8.45,0.01,0.03,-0.00,0.41,-0.22,0.90,-1.04,0.85,1.16,R
50.847,117,0,9,0,0,-1.74,-1.70,9.75,-0.03,0.02,-0.01,-2.26,0.48,9.73,0.01,0.07,0.01,-1.31,1.93,9.49,0.01,0.04,-0.01,-0.94,0.98,9.75,0.01,0.03,-0.00,0.08,5.28,8.46,0.02,0.04,-0.00,0.42,-0.22,0.89,-0.92,0.92,0.85,R
50.898,111,0,6,0,0,-1.68,-1.73,9.69,-0.02,0.02,-0.01,-2.20,0.77,9.73,0.09,0.07,0.01,-1.42,1.96,9.49,-0.01,0.04,0.00,-0.97,1.03,9.78,0.03,0.03,-0.00,0.10,5.28,8.55,0.02,0.03,0.01,0.41,-0.22,0.89,-0.79,1.83,0.85,R
50.949,115,0,9,0,0,-1.71,-1.62,9.73,-0.02,0.03,-0.02,-2.32,0.61,9.84,0.03,0.06,0.02,-1.36,2.05,9.50,-0.03,0.02,0.00,-1.01,1.03,9.74,0.02,0.02,-0.01,0.11,5.30,8.49,0.02,0.02,-0.01,0.42,-0.22,0.89,-0.12,0.55,0.06,R
51.0,116,0,9,0,0,-1.71,-1.68,9.71,-0.01,0.02,0.00,-2.22,0.52,9.66,-0.02,0.06,0.01,-1.44,2.04,9.47,-0.02,0.04,-0.00,-1.01,1.02,9.74,0.02,0.03,0.00,0.04,5.31,8.49,0.01,0.03,-0.00,0.41,-0.22,0.89,-1.40,0.73,0.49,R
51.051,122,0,11,0,0,-1.73,-1.71,9.70,-0.01,0.02,-0.01,-2.19,0.65,9.54,0.03,0.04,0.01,-1.38,2.02,9.45,-0.03,0.01,0.00,-0.98,1.02,9.82,-0.00,0.02,-0.01,0.06,5.28,8.44,0.02,0.03,-0.01,0.42,-0.22,0.90,-0.12,0.67,0.61,R
51.102,111,0,6,0,0,-1.71,-1.67,9.72,-0.01,0.02,-0.01,-2.25,0.47,9.61,-0.00,0.05,0.00,-1.41,2.06,9.50,-0.01,0.03,-0.00,-1.04,1.00,9.77,0.01,0.02,-0.01,-0.01,5.33,8.43,0.03,0.03,-0.02,0.42,-0.22,0.89,-0.12,0.00,0.31,R
51.152,114,0,9,0,0,-1.59,-1.80,9.69,0.00,0.02,-0.00,-2.21,0.55,9.63,0.02,0.05,0.01,-1.46,2.01,9.50,-0.02,0.02,0.00,-1.01,1.10,9.80,0.01,0.02,-0.00,-0.02,5.37,8.44,0.04,0.02,-0.01,0.42,-0.21,0.89,-0.18,1.83,0.61,R
51.203,115,0,8,0,0,-1.70,-1.72,9.76,-0.02,0.03,-0.01,-2.45,0.78,9.80,0.06,0.07,0.00,-1.51,2.09,9.48,0.01,0.03,-0.01,-1.02,1.10,9.82,-0.01,0.02,-0.01,0.05,5.33,8.40,-0.01,0.02,-0.00,0.42,-0.21,0.89,-0.79,0.12,0.61,R
51.255,114,0,8,0,0,-1.74,-1.77,9.70,-0.00,0.02,-0.01,-2.27,0.47,9.63,0.02,0.04,-0.01,-1.50,2.04,9.48,-0.01,0.02,-0.00,-1.02,1.00,9.77,0.02,0.02,-0.00,0.06,5.31,8.45,0.01,0.02,-0.00,0.42,-0.21,0.89,-0.49,0.55,0.31,R
51.305,115,0,8,0,0,-1.84,-1.73,9.71,0.00,0.03,-0.01,-2.13,0.43,9.17,0.01,0.05,0.00,-1.45,2.12,9.46,-0.01,0.02,-0.00,-0.99,1.02,9.76,0.01,0.03,0.00,0.05,5.47,8.43,0.03,0.02,-0.02,0.42,-0.21,0.89,-0.55,0.49,0.49,R
51.357,116,0,8,0,0,-1.73,-1.78,9.72,-0.00,0.02,0.00,-2.38,0.43,9.65,-0.09,0.05,0.00,-1.54,2.08,9.42,-0.01,0.03,-0.01,-0.98,1.08,9.75,-0.01,0.02,-0.00,0.00,5.34,8.44,0.00,0.02,-0.01,0.42,-0.21,0.89,-0.31,0.55,0.43,R
51.407,109,0,4,0,0,-1.75,-1.82,9.70,0.00,0.01,-0.01,-2.28,0.43,9.56,0.01,0.05,0.00,-1.52,2.14,9.46,-0.01,0.02,-0.00,-1.01,1.09,9.71,-0.00,0.02,-0.01,0.06,5.36,8.44,0.00,0.03,-0.00,0.42,-0.21,0.89,-0.24,0.12,0.49,R
51.458,104,0,5,0,0,-1.74,-1.77,9.68,0.01,0.02,-0.00,-2.32,0.53,9.60,0.01,0.04,0.00,-1.50,2.08,9.46,-0.03,0.02,0.00,-1.05,1.17,9.73,0.00,0.02,-0.01,0.00,5.45,8.34,0.01,0.03,-0.01,0.43,-0.21,0.89,0.37,0.67,0.49,R
51.509,110,0,5,0,0,-1.70,-1.76,9.68,-0.01,0.02,-0.01,-2.45,0.85,9.88,0.01,0.05,-0.00,-1.52,2.17,9.51,-0.02,0.01,-0.01,-1.02,1.10,9.77,-0.02,0.01,-0.00,0.06,5.34,8.44,-0.01,0.02,0.00,0.42,-0.21,0.89,0.37,-0.06,0.31,R
51.561,112,0,6,0,0,-1.79,-1.77,9.69,0.00,0.02,0.00,-2.34,0.52,9.62,-0.01,0.04,0.00,-1.53,2.07,9.46,-0.01,0.02,-0.00,-1.02,1.16,9.71,0.01,0.02,-0.00,0.05,5.40,8.41,0.01,0.02,-0.01,0.42,-0.21,0.89,-0.18,0.31,0.18,R
51.612,106,0,5,0,0,-1.70,-1.77,9.66,0.00,0.01,-0.00,-2.38,0.53,9.60,-0.01,0.03,0.00,-1.58,2.11,9.46,-0.03,0.01,0.00,-0.99,1.13,9.74,0.00,0.01,-0.01,-0.01,5.40,8.43,-0.00,0.02,-0.01,0.43,-0.21,0.89,0.49,0.24,0.06,R
51.664,106,0,3,0,0,-1.83,-1.76,9.72,-0.01,0.02,-0.00,-2.38,0.47,9.56,0.01,0.04,-0.00,-1.58,2.12,9.44,-0.03,0.01,-0.00,-1.06,1.11,9.80,0.00,0.02,-0.00,0.05,5.37,8.38,0.01,0.02,-0.01,0.42,-0.21,0.89,0.43,0.31,0.43,R
51.714,96,0,3,0,0,-1.68,-1.78,9.69,-0.00,0.01,-0.01,-2.38,0.45,9.58,-0.02,0.03,0.00,-1.60,2.08,9.44,-0.01,0.02,0.00,-0.99,1.19,9.72,-0.00,0.01,0.00,0.00,5.31,8.39,0.01,0.02,-0.01,0.42,-0.21,0.89,0.49,0.00,0.43,R
51.765,111,0,6,0,0,-1.75,-1.79,9.70,0.00,0.01,0.00,-2.38,0.66,9.62,0.00,0.03,0.00,-1.54,2.20,9.41,-0.02,0.02,-0.00,-1.04,1.07,9.78,-0.01,0.01,0.00,0.05,5.37,8.41,0.00,0.03,-0.01,0.43,-0.21,0.89,0.43,-0.43,0.24,R
51.815,110,0,6,0,0,-1.70,-1.75,9.63,-0.00,0.02,-0.01,-2.40,0.50,9.57,-0.01,0.04,0.00,-1.55,2.11,9.44,-0.02,0.02,-0.00,-1.06,1.13,9.73,0.01,0.02,-0.00,0.02,5.37,8.40,0.02,0.02,-0.01,0.42,-0.21,0.89,0.00,0.37,0.31,R
51.868,112,0,6,0,0,-1.82,-1.84,9.76,-0.01,0.03,-0.02,-2.33,0.42,9.33,0.03,0.06,0.00,-1.54,2.17,9.43,-0.01,0.02,-0.01,-1.03,1.14,9.78,-0.01,0.02,-0.01,0.01,5.30,8.40,-0.01,0.02,-0.01,0.43,-0.21,0.89,-0.31,-0.24,0.43,R
51.917,109,0,5,0,0,-1.70,-1.86,9.66,0.00,0.01,-0.00,-2.42,0.62,9.58,-0.01,0.03,0.01,-1.59,2.20,9.46,-0.01,0.01,-0.01,-1.05,1.09,9.80,-0.01,0.01,-0.00,0.05,5.24,8.38,0.01,0.02,-0.01,0.42,-0.21,0.89,1.10,0.49,0.00,R
51.969,107,0,5,0,0,-1.76,-1.75,9.72,0.01,0.02,-0.01,-2.46,0.54,9.58,-0.01,0.02,0.01,-1.65,2.13,9.44,-0.02,0.01,0.00,-1.05,1.13,9.73,0.00,0.02,-0.00,0.05,5.41,8.37,0.01,0.02,-0.00,0.42,-0.21,0.89,0.92,-0.06,0.12,R
52.02,112,0,6,0,0,-1.77,-1.78,9.69,0.01,0.02,0.01,-2.44,0.55,9.56,-0.02,0.03,0.00,-1.67,2.11,9.48,-0.04,0.01,-0.00,-1.07,1.13,9.77,-0.01,0.01,-0.01,0.01,5.38,8.43,-0.01,0.03,-0.01,0.43,-0.21,0.89,1.04,-0.18,0.12,R
52.07,111,0,6,0,0,-1.76,-1.76,9.71,0.00,0.02,-0.01,-2.45,0.48,9.59,-0.01,0.03,0.00,-1.56,2.09,9.51,-0.02,0.02,-0.00,-1.08,1.13,9.76,0.01,0.02,-0.00,0.00,5.42,8.43,0.03,0.02,0.00,0.42,-0.21,0.89,0.61,0.18,0.31,R
52.121,109,0,6,0,0,-1.83,-1.87,9.73,0.00,0.01,0.01,-2.38,0.66,9.56,-0.01,0.02,0.01,-1.57,2.14,9.42,-0.03,0.00,-0.00,-1.08,1.07,9.79,-0.03,0.01,0.00,0.00,5.36,8.48,-0.01,0.03,-0.01,0.43,-0.21,0.89,1.28,-0.12,0.06,R
52.173,112,0,6,0,0,-1.73,-1.79,9.66,-0.00,0.01,-0.01,-2.41,0.53,9.56,-0.00,0.04,0.00,-1.57,2.15,9.41,-0.01,0.01,-0.01,-1.03,1.11,9.73,-0.01,0.01,-0.00,0.05,5.39,8.46,-0.00,0.02,-0.00,0.42,-0.21,0.89,0.49,-0.31,0.18,R
52.223,111,0,6,0,0,-1.71,-1.71,9.72,0.01,0.02,0.01,-2.44,0.55,9.59,0.01,0.04,0.01,-1.63,2.12,9.48,-0.01,0.02,0.01,-1.08,1.17,9.81,0.02,0.02,0.00,0.07,5.40,8.38,0.01,0.02,-0.01,0.43,-0.21,0.89,-0.31,1.16,0.43,R
52.275,103,0,5,0,0,-1.76,-1.78,9.65,-0.01,0.01,-0.01,-2.39,0.56,9.56,-0.00,0.04,-0.00,-1.63,2.12,9.39,-0.01,0.01,-0.01,-1.09,1.13,9.77,0.01,0.02,-0.01,0.07,5.30,8.20,0.02,0.01,0.00,0.41,-0.21,0.89,-0.73,-0.24,0.37,R
