Timestamp_RealTime,Timestamp_RunTime,Wrist_qx,Wrist_qy,Wrist_qz,Wrist_qw,Thumb_qx,Thumb_qy,Thumb_qz,Thumb_qw,Pointer_qx,Pointer_qy,Pointer_qz,Pointer_qw,Middle_qx,Middle_qy,Middle_qz,Middle_qw,Ring_qx,Ring_qy,Ring_qz,Ring_qw,Pinky_qx,Pinky_qy,Pinky_qz,Pinky_qw,Thumb_J1,Pointer_J1,Middle_J1,Ring_J1,Pinky_J1,Pointer_J2,Middle_J2,Ring_J2,Pinky_J2
2026-04-29 19:15:09,9.549,-0.21716937056194643,0.003308725735284961,-0.8907438130062031,0.3992517707097954,-0.7557709079384938,0.31533055798573534,0.401693299474795,0.40990177734584476,-0.32462500285827767,0.3868419549138069,0.14320246093130187,0.8511550767168968,-0.3305152299579319,0.32710710270611704,0.24265102379816772,0.8513994989279512,-0.18318995741114144,0.1017100717901271,0.164782889145382,0.9638169433274413,-0.11308313120512847,-0.17404387741954755,0.17062346524856328,0.9632282010386665,2.747,128.4748921875,128.4748921875,128.4748921875,128.4748921875,42.824964062499994,42.824964062499994,42.824964062499994,42.824964062499994
2026-04-29 19:15:09,9.556,-0.2171580802678135,0.0030178216742312476,-0.8907208751168951,0.3993113867118406,-0.7562873313617527,0.3150145336373323,0.4014224344594734,0.4094573788950472,-0.32514120379194594,0.3869730448886415,0.14356693763878858,0.8508369964589915,-0.330819384046674,0.32784534181421193,0.24255771395908998,0.8510239258614544,-0.18354990421807274,0.10187719090103117,0.1650921075031117,0.9636778853308985,-0.11334209844384052,-0.1740428124397487,0.17081791843694638,0.9631634891851321,2.747,128.4748921875,128.4748921875,128.4748921875,128.4748921875,42.824964062499994,42.824964062499994,42.824964062499994,42.824964062499994
2026-04-29 19:15:09,9.587,-0.21668105696139509,0.0029692586770640613,-0.8907827170154541,0.39943291567366723,-0.7566988069183481,0.31453878516846795,0.40090457229794096,0.4095702530014821,-0.32574971409437165,0.3869632383545525,0.14339743696041107,0.8506372617060565,-0.33129687093243293,0.328525769143313,0.24221303378668846,0.8506738790999886,-0.18408773879112972,0.10192175345737509,0.16502642910228463,0.9635818275043856,-0.11397988850022202,-0.17420119575692267,0.1708073749472299,0.9630614565426091,2.747,128.4748921875,128.4748921875,128.4748921875,128.4748921875,42.824964062499994,42.824964062499994,42.824964062499994,42.824964062499994
2026-04-29 19:15:09,9.638,-0.21601216367988593,0.0032141385599356695,-0.8908786861392045,0.39957925501524305,-0.7568623708470749,0.3141019959334386,0.40058643774013253,0.40991437355263105,-0.32635963487064956,0.38706569092714704,0.14290637997352496,0.850439478268177,-0.33189891436425567,0.3291996994187887,0.24174025157946524,0.8503130713523723,-0.18471518743446722,0.10195049281791828,0.16477379649847226,0.9635019421530572,-0.11488160806684802,-0.17457624388707144,0.17062768343633433,0.9629182441118286,2.747,128.4748921875,128.4748921875,128.4748921875,128.4748921875,42.824964062499994,42.824964062499994,42.824964062499994,42.824964062499994
2026-04-29 19:15:09,9.689,-0.21548443913649615,0.003516862163517232,-0.8909878049891803,0.39961834233567817,-0.7569673986082861,0.3138751694116882,0.4004861949968096,0.4099921256414148,-0.326943736102238,0.3873199660889518,0.142450823193327,0.8501757466923572,-0.3325072973190797,0.3298441234607915,0.24129516447187735,0.849951995732955,-0.18542491056301502,0.10199867722434,0.16462055970841563,0.9633867051752742,-0.11556355932057503,-0.17494937436695537,0.1705338858415308,0.9627855285293598,2.747,128.4748921875,128.4748921875,128.4748921875,128.4748921875,42.824964062499994,42.824964062499994,42.824964062499994,42.824964062499994
2026-04-29 19:15:09,9.74,-0.21508939766239984,0.003655986230006016,-0.8910830687113037,0.39961750391337714,-0.7571617932817845,0.31360824808824955,0.40050540214841523,0.4098186286337746,-0.32758979358219953,0.38750566616643684,0.1420841762994884,0.8499037431821169,-0.33303063713456854,0.3305393818383496,0.24077592543033405,0.8496241907554372,-0.18614344858399248,0.10202435956876885,0.1644257353998766,0.9632786845674781,-0.11617586967844784,-0.1753724828988256,0.17053718613384006,0.9626342647609785,2.747,128.4748921875,128.4748921875,128.4748921875,128.4748921875,42.824964062499994,42.824964062499994,42.824964062499994,42.824964062499994
2026-04-29 19:15:10,9.791,-0.21489275892795248,0.0038115349090721133,-0.8911629403348239,0.3995437249360339,-0.7573582643711759,0.31327542517229107,0.40074361761372823,0.4094771303915059,-0.32839450122600294,0.38746030660878633,0.14199510879159602,0.8496287138782522,-0.33353610760100716,0.3310919934791273,0.24045219304126772,0.8493023605536676,-0.18660135917352055,0.10206366213000904,0.164332751148889,0.9632017901390361,-0.1167120628511485,-0.17580006606757886,0.170648765510476,0.9624716255482108,2.747,128.4748921875,128.4748921875,128.4748921875,128.4748921875,42.824964062499994,42.824964062499994,42.824964062499994,42.824964062499994
2026-04-29 19:15:10,9.842,-0.21482602380303537,0.0038759177008336667,-0.8911760667946282,0.39954971496850067,-0.7576236875198741,0.313014293375296,0.4008005526665078,0.409129951523687,-0.32906339030477916,0.38742795428613425,0.14230217999264047,0.84933324141242,-0.3339490752140523,0.33159162061427055,0.240258695340428,0.8489998654978671,-0.18680788619423266,0.10222107707052489,0.1644211751907612,0.9631299716066745,-0.1171469297731344,-0.1759789420977059,0.17073850786119102,0.9623701838254523,2.747,128.4748921875,128.4748921875,128.4748921875,128.4748921875,42.824964062499994,42.824964062499994,42.824964062499994,42.824964062499994
2026-04-29 19:15:10,9.893,-0.2147053045829156,0.0037369304145173456,-0.8911659302317317,0.3996385270832216,-0.758012633469189,0.3128090760074793,0.4003867829348601,0.40897158033233216,-0.3296227863793739,0.38746735115557684,0.1426425035228994,0.8490412161236334,-0.3342740976967259,0.33224157432554347,0.23996420248335487,0.8487010930977121,-0.18707842939518934,0.10243573717060163,0.16451067911926337,0.9630393644400334,-0.11779798119082621,-0.17605774205424887,0.17089759315526115,0.9622480552039917,2.747,128.4748921875,128.4748921875,128.4748921875,128.4748921875,42.824964062499994,42.824964062499994,42.824964062499994,42.824964062499994
2026-04-29 19:15:10,9.944,-0.21472809438929602,0.003870803098752316,-0.8911564287286943,0.3996461959018651,-0.7581521186654153,0.31266704040980936,0.4003473249631045,0.4088602526529075,-0.3302761816841099,0.38754275732472765,0.1428331657991512,0.8487207678648522,-0.33443617458175484,0.33277457853931064,0.23990156942811944,0.8484460866755362,-0.1873003459900327,0.10251196540646901,0.16463552529713205,0.9629667809175219,-0.11839651104138837,-0.17638435354323595,0.1712625026886101,0.9620498849702105,2.747,128.4748921875,128.4748921875,128.4748921875,128.4748921875,42.824964062499994,42.824964062499994,42.824964062499994,42.824964062499994
2026-04-29 19:15:10,9.995,-0.21488605976576816,0.004165182148474409,-0.8910333092151332,0.39983280811501903,-0.7580023015625956,0.31256757536429214,0.40081154595453933,0.408759252233179,-0.33063966001278905,0.38785545432098933,0.14308366348554202,0.8483941460333413,-0.33430580094334933,0.3333890531275496,0.2399345545377133,0.8482468863775043,-0.1873691205207639,0.10253837853919735,0.16479218627155667,0.9629237918681147,-0.11870688763554961,-0.17675522759678552,0.17153155078523016,0.9618956239791839,2.747,128.4748921875,128.4748921875,128.4748921875,128.4748921875,42.824964062499994,42.824964062499994,42.824964062499994,42.824964062499994
2026-04-29 19:15:10,10.046,-0.21498943915217378,0.004149624313724886,-0.8909097814575102,0.4000526002595412,-0.7578998031414564,0.3123893174968371,0.401291523037538,0.4086146304896764,-0.3309785294013432,0.3882962634239974,0.1432957689478257,0.8480244969857517,-0.3343326181144835,0.33423997355085416,0.23992428455611947,0.8479042860050146,-0.18759065187284507,0.10256212799291856,0.16488567961796247,0.9628621240283617,-0.11898929670216458,-0.1770724958175257,0.17181395690129417,0.9617519652744136,2.747,128.4748921875,128.4748921875,128.4748921875,128.4748921875,42.824964062499994,42.824964062499994,42.824964062499994,42.824964062499994
2026-04-29 19:15:10,10.098,-0.21510651232307945,0.0039425721590341765,-0.8908514956005952,0.40012155311499303,-0.7578608667415911,0.3122260433928605,0.40192388065394025,0.40818990512872916,-0.331655582583246,0.38885559745846565,0.14313748056245362,0.8475302711554441,-0.3347347920166786,0.3351201521054923,0.2399273767147438,0.8473971657783167,-0.18798495957311914,0.10265791222508654,0.16483624799195495,0.9627834748165416,-0.11946768902572737,-0.17754120622024847,0.17211733537058235,0.961551982077746,2.747,128.4748921875,128.4748921875,128.4748921875,128.4748921875,42.824964062499994,42.824964062499994,42.824964062499994,42.824964062499994
2026-04-29 19:15:10,10.149,-0.21514108671714416,0.0035731254625349126,-0.8906735066217601,0.40050249709919755,-0.7579877548393849,0.3122996524284264,0.40205039342750304,0.40777318665089135,-0.3321668595360611,0.38949583979810054,0.14280046410387956,0.847092790464917,-0.3349488960546442,0.33617354831644614,0.2395923715243697,0.8469900105381609,-0.18838644675674096,0.10315904114264703,0.1647015774819678,0.9626744773202678,-0.12007545347455117,-0.17770667415609934,0.17217813865557455,0.9614348194247807,2.747,128.4748921875,128.4748921875,128.4748921875,128.4748921875,42.824964062499994,42.824964062499994,42.824964062499994,42.824964062499994
2026-04-29 19:15:10,10.199,-0.21522949679569645,0.003232160967741657,-0.890534527238363,0.4007668557165066,-0.7583596221220354,0.31233965759383087,0.4016055545632747,0.4074893868225488,-0.33253103321616184,0.3896504387821439,0.14292392564389614,0.8468579567929989,-0.33500327376418176,0.3370636525351971,0.2392540900545375,0.8467103289195709,-0.18872518916258946,0.10364204757551251,0.16474006827081117,0.9625496552677315,-0.12039427425012476,-0.1776531325311722,0.17249352810537535,0.9613483062820716,2.747,128.4748921875,128.4748921875,128.4748921875,128.4748921875,42.824964062499994,42.824964062499994,42.824964062499994,42.824964062499994
2026-04-29 19:15:10,10.25,-0.21558707252561088,0.0033079044803853417,-0.890517339442476,0.4006122066039422,-0.7586158521474636,0.31201422029311376,0.40181733917630796,0.4070527498282379,-0.3328750322898908,0.38961701713113883,0.14358079599267823,0.8466270417733816,-0.33505567032558115,0.3375043042928787,0.23950352985882956,0.8464435016890474,-0.18892972951786,0.10358915453217413,0.16495495795210147,0.9624784185708468,-0.12053931055657492,-0.17804059880379436,0.1730166963206617,0.9611644201604718,2.747,128.4748921875,128.4748921875,128.4748921875,128.4748921875,42.824964062499994,42.824964062499994,42.824964062499994,42.824964062499994
2026-04-29 19:15:10,10.301,-0.21579573103944627,0.003644631677025811,-0.8904862583743829,0.4005660279797599,-0.7586016977605189,0.3116737628071038,0.4025084010500051,0.406657001435716,-0.3332097578350411,0.3898781164171956,0.14389651879720367,0.8463215130791247,-0.3350314725583231,0.3379427282315968,0.23974124068255526,0.8462108261814995,-0.1891500077107911,0.10338413448569832,0.16507351646343227,0.9624368703878962,-0.12092777816197474,-0.17866350402359474,0.17317917817564257,0.9609707576431389,2.747,128.4748921875,128.4748921875,128.4748921875,128.4748921875,42.824964062499994,42.824964062499994,42.824964062499994,42.824964062499994
2026-04-29 19:15:10,10.351,-0.21558243356029055,0.003687473760615813,-0.8905141209416649,0.40061854335637226,-0.7587044289439692,0.3116624391005161,0.40260415769465857,0.4063791404116326,-0.3338077669662225,0.39002261046167747,0.1436379707683615,0.8460631604054335,-0.33528423714848943,0.3386634803605912,0.23932656731120153,0.8459399042301078,-0.18947685678229892,0.10349998616622924,0.16499490909530123,0.9623736039502143,-0.12147482084406397,-0.17890374949402604,0.17323864930550462,0.960846338758017,2.747,128.4748921875,128.4748921875,128.4748921875,128.4748921875,42.824964062499994,42.824964062499994,42.824964062499994,42.824964062499994
2026-04-29 19:15:10,10.403,-0.21539436063333656,0.0035095205385281244,-0.8906454497473658,0.4004293140084256,-0.7589097090285996,0.3116788503874872,0.40252509529789676,0.40606144291065094,-0.3345903694716537,0.38992240830182573,0.1435200106980388,0.8458201976130397,-0.3358940522052006,0.33934837949770497,0.2389454718589948,0.8455311493395935,-0.18990340924608964,0.10363768221515832,0.16489177662568935,0.9622923817546338,-0.12201380573311917,-0.17908583606737313,0.17350765998885925,0.9606955742875893,2.747,128.4748921875,128.4748921875,128.4748921875,128.4748921875,42.824964062499994,42.824964062499994,42.824964062499994,42.824964062499994
2026-04-29 19:15:10,10.453,-0.21544519306604518,0.003396604674598823,-0.8906851641453006,0.40031458908323314,-0.758882675697748,0.31170676141005627,0.40288177230837546,0.40573668426547677,-0.3353388396276128,0.38999291140759884,0.1435415765489418,0.8454875560828056,-0.3363241810675361,0.33995241204449245,0.23896075801760422,0.8451131042067889,-0.19038289682982812,0.10355237313521069,0.16486845313079265,0.9622108146217278,-0.12248327516036434,-0.17956351500847245,0.17381973845134394,0.9604902341557143,2.747,128.4748921875,128.4748921875,128.4748921875,128.4748921875,42.824964062499994,42.824964062499994,42.824964062499994,42.824964062499994
2026-04-29 19:15:10,10.505,-0.21562439980849743,0.003151409313073842,-0.8906182507735091,0.4003689775890508,-0.7589795096528563,0.31168010142569397,0.40309492240458855,0.4053641595331509,-0.33606678735235385,0.3901519912306238,0.14367330537683337,0.8451026680229701,-0.33645346562112893,0.3405404598697171,0.23905244087747932,0.8447989057602837,-0.19068185388217607,0.10345427756658902,0.1650610750514368,0.9621291413090529,-0.12275485057627075,-0.1799017989506389,0.17423092427604034,0.9603177465923651,2.747,128.4748921875,128.4748921875,128.4748921875,128.4748921875,42.824964062499994,42.824964062499994,42.824964062499994,42.824964062499994
2026-04-29 19:15:10,10.557,-0.21604632598885115,0.0027126794734759476,-0.8905569996214538,0.40028097234571036,-0.7593809532128094,0.31137928010572485,0.40307093412019657,0.4048670570519632,-0.3367048343459449,0.39022179589348754,0.1442867232761036,0.8447118716011845,-0.33652058767715287,0.3409601759060345,0.23923358681183948,0.8445515635274686,-0.19066279274142914,0.10336049268622974,0.1655785123974909,0.9620540859265309,-0.12272727697859662,-0.1800716194670526,0.17492785332020233,0.9601627328118487,2.747,128.4748921875,128.4748921875,128.4748921875,128.4748921875,42.824964062499994,42.824964062499994,42.824964062499994,42.824964062499994
2026-04-29 19:15:10,10.607,-0.21673129857846157,0.002068188474490653,-0.8904611137107847,0.4001278193051274,-0.7598192092990104,0.31101349090432967,0.4032611415668749,0.40413590456418264,-0.33727153224380535,0.39035228365003916,0.145280674003171,0.8442550171294807,-0.336553404557949,0.34142479900694467,0.2395183373858077,0.8442700270407918,-0.19049532012210468,0.10327464299457159,0.16624953231575076,0.9619807555927067,-0.12252103548619034,-0.18025719686138036,0.17574075507679987,0.9600057946950663,2.747,128.4748921875,128.4748921875,128.4748921875,128.4748921875,42.824964062499994,42.824964062499994,42.824964062499994,42.824964062499994
2026-04-29 19:15:10,10.658,-0.21741725714404528,0.0012722359806681632,-0.8902891084576163,0.4001417512248782,-0.760322612113486,0.31075805890763,0.40342122488152043,0.40322483758813926,-0.3378700778505235,0.39062080804039145,0.1460465974204694,0.8437591991801074,-0.33659856363470303,0.342217123244401,0.23969893235109185,0.843879890355925,-0.1906079664232829,0.10335721647546045,0.16669061259188642,0.9618732393679362,-0.12266333595286481,-0.18031525246960758,0.17626466870015456,0.9598806604509548,2.747,128.4748921875,128.4748921875,128.4748921875,128.4748921875,42.824964062499994,42.824964062499994,42.824964062499994,42.824964062499994
2026-04-29 19:15:10,10.709,-0.2178018666518488,0.0004996145714603731,-0.8900751384941613,0.4004102210269485,-0.7609743669028604,0.31064145259561254,0.4030380744001274,0.4024676526503914,-0.33837345465115526,0.3909038547797856,0.14631071818081365,0.8433805518573223,-0.33668285962293787,0.34318848218060743,0.23959642215479923,0.8434808072655307,-0.1909805854379482,0.10375536401484073,0.16680612102004455,0.9617364287652688,-0.12331273359948082,-0.1800231748732054,0.176465678347214,0.9598153419310678,2.747,128.4748921875,128.4748921875,128.4748921875,128.4748921875,42.824964062499994,42.824964062499994,42.824964062499994,42.824964062499994
2026-04-29 19:15:11,10.76,-0.21789350507443025,8.154865782676455e-05,-0.8900146030802375,0.4004952185733593,-0.761506046610159,0.3104030213032187,0.4024554938126795,0.4022288911080264,-0.33875755798267343,0.3908774463875622,0.14659881093520818,0.8431885479817295,-0.33693460980816237,0.3437978407234618,0.23947924531413653,0.8431653482509099,-0.19117912629321687,0.1041080306763008,0.16699235658149758,0.9616265452148368,-0.1238075134965148,-0.17962217852993206,0.1768488402026659,0.9597562504620345,2.747,128.4748921875,128.4748921875,128.4748921875,128.4748921875,42.824964062499994,42.824964062499994,42.824964062499994,42.824964062499994
2026-04-29 19:15:11,10.811,-0.21783931500157838,0.0004200511803902616,-0.8901245998712133,0.4002799683980722,-0.7615794823768929,0.3099060528791057,0.4024980802245346,0.40243039873622993,-0.33907543428045817,0.39075113824104,0.14708796047673833,0.843034121322289,-0.3373841435909059,0.3439843752356519,0.23952578300480293,0.8428962501536623,-0.19123678883195272,0.10391437987755676,0.16713199471165244,0.9616117660447018,-0.12408054489470928,-0.17977301873235393,0.1772352545364014,0.9596214590472151,2.747,128.4748921875,128.4748921875,128.4748921875,128.4748921875,42.824964062499994,42.824964062499994,42.824964062499994,42.824964062499994
2026-04-29 19:15:11,10.862,-0.2175372458650157,0.0011042793441928486,-0.8901941782507241,0.4002882114640798,-0.7614386509562171,0.30946840562139366,0.40289415517952715,0.40263728897644796,-0.3394451459418478,0.3909419307701379,0.14723166596332796,0.8427717580697027,-0.33771957524376506,0.34432961996480577,0.23934542308129897,0.8426721603103412,-0.19144816611265608,0.1035905306826034,0.1668100297781033,0.9616605511355999,-0.12479399456172631,-0.18036975774210567,0.17692884240275625,0.9594734984038916,2.747,128.4748921875,128.4748921875,128.4748921875,128.4748921875,42.824964062499994,42.824964062499994,42.824964062499994,42.824964062499994
2026-04-29 19:15:11,10.913,-0.2171095373617845,0.0013434071309134162,-0.8902265275865386,0.4004477164687625,-0.7614322051777552,0.3093865123776207,0.40288158523224815,0.40272498203824425,-0.34008753134802094,0.39123315562157385,0.1468991274786623,0.842435597128945,-0.33799565370213447,0.3449177267212353,0.23885538574547766,0.8424599720890609,-0.19189819437995456,0.10359046763572333,0.16641554756496107,0.9616392065309003,-0.12570298832527824,-0.18077417730229828,0.17647840757557287,0.9593616769531511,2.747,128.4748921875,128.4748921875,128.4748921875,128.4748921875,42.824964062499994,42.824964062499994,42.824964062499994,42.824964062499994
2026-04-29 19:15:11,10.964,-0.21693697803291243,0.0011406710091571624,-0.8902812916637468,0.4004201145611031,-0.7616387889295668,0.30922488666799597,0.4027802845710203,0.4025597682629941,-0.340755056765222,0.3914136705554902,0.14693633431446884,0.8420754380988886,-0.3384381946699609,0.3455237821617078,0.23851778591034942,0.8421295447575933,-0.19255810359872055,0.10368673780082335,0.16629801600861993,0.9615172421825231,-0.12630585740559364,-0.18093289022159043,0.176424596916908,0.9592624673277936,2.747,128.4748921875,128.4748921875,128.4748921875,128.4748921875,42.824964062499994,42.824964062499994,42.824964062499994,42.824964062499994
2026-04-29 19:15:11,11.016,-0.21694239658769704,0.0008433310325132824,-0.890267809399067,0.40044789037194645,-0.7621189147850651,0.3088484725144496,0.40272416959259105,0.4019958009460845,-0.34144797175202146,0.39148624929019615,0.14730747439268788,0.8416960895662833,-0.3388343813573161,0.34629705304072717,0.23837206574075928,0.8416937515153573,-0.19319357562773457,0.10383826057123242,0.16632037952194037,0.9613695383843767,-0.12672725444706565,-0.18091161337065353,0.176419373915414,0.9592118617048213,2.747,128.4748921875,128.4748921875,128.4748921875,128.4748921875,42.824964062499994,42.824964062499994,42.824964062499994,42.824964062499994
2026-04-29 19:15:11,11.066,-0.21703256823560618,0.0006841415090410907,-0.8902373237224481,0.40046710692258575,-0.7627600542005877,0.30837217470107575,0.40246345394967464,0.40140611582404184,-0.34227113800392933,0.39141923201417506,0.14751820310813346,0.8413559488413189,-0.33910937192553714,0.3470418306691716,0.23839075664659992,0.8412708534018751,-0.19354381090262868,0.10399594734391325,0.16663282338866625,0.9612279325773108,-0.12715720392083102,-0.18095610884959673,0.17648432549522663,0.9591346177755988,2.747,128.4748921875,128.4748921875,128.4748921875,128.4748921875,42.824964062499994,42.824964062499994,42.824964062499994,42.824964062499994
2026-04-29 19:15:11,11.116,-0.21716135487181557,0.0008604087272388012,-0.8902535215312936,0.40036092847353394,-0.7632946993713181,0.3077308060413436,0.40234445958396603,0.4010011081865991,-0.34284716998626635,0.39144940898730335,0.14777614299414005,0.8410620606100805,-0.33936439994224304,0.34752851581727023,0.23851685784032628,0.8409312952148138,-0.1937441286008463,0.1040603543143435,0.16706641729614374,0.9611053363208961,-0.12780487477059738,-0.181336176393799,0.1764882521137882,0.9589760174173121,2.747,128.4748921875,128.4748921875,128.4748921875,128.4748921875,42.824964062499994,42.824964062499994,42.824964062499994,42.824964062499994
2026-04-29 19:15:11,11.168,-0.21708129518764754,0.0011320558556032483,-0.8902536536741195,0.4004033739231906,-0.7636659168544925,0.30738854050033926,0.4022839692515921,0.4006173494583614,-0.3432642120166028,0.391617213183563,0.14790702361817448,0.8407907893473697,-0.3395946169938555,0.3480501242886114,0.23834362348914004,0.8406717101422801,-0.19406696857439742,0.10424223004624548,0.16715896029044022,0.9610043970648358,-0.12842147653589298,-0.18156233657824505,0.17632969918658817,0.9588800130805505,2.747,128.4748921875,128.4748921875,128.4748921875,128.4748921875,42.824964062499994,42.824964062499994,42.824964062499994,42.824964062499994
2026-04-29 19:15:11,11.218,-0.21688974092744026,0.0011664373825603378,-0.8903018375408022,0.40039994727238865,-0.7640744123040482,0.30724717064712287,0.4020288181673934,0.4002028210226536,-0.34376960552549074,0.3916680719394273,0.14790250104182892,0.8405613778455872,-0.3398869387861749,0.3486925250599955,0.23801589278782131,0.840380167894426,-0.19457884263224567,0.10448380934089677,0.16708872533876848,0.9608868640220746,-0.1288662242364237,-0.18162489845689478,0.17623590035583198,0.9588257401307809,2.747,128.4748921875,128.4748921875,128.4748921875,128.4748921875,42.824964062499994,42.824964062499994,42.824964062499994,42.824964062499994
2026-04-29 19:15:11,11.269,-0.2167046570145897,0.0009447528050357429,-0.8903356166993093,0.4004256344279011,-0.7645213395950161,0.30711908800925997,0.40157224647967216,0.3999058863551176,-0.34429434927417557,0.3917627629310111,0.14777926941623157,0.8403241197117559,-0.34016212044859795,0.3494320674933403,0.2376190094046161,0.8400739065039529,-0.19504290165750324,0.10470299482187716,0.1670534949519961,0.9607750408980632,-0.12948504393144372,-0.1818266181362403,0.1761433830010997,0.9587211340948618,2.747,128.4748921875,128.4748921875,128.4748921875,128.4748921875,42.824964062499994,42.824964062499994,42.824964062499994,42.824964062499994
2026-04-29 19:15:11,11.321,-0.21657972083059654,0.0006652818858384683,-0.8902775821569275,0.40062277597980916,-0.764859645277924,0.306986429284551,0.4011214180619236,0.3998132854626535,-0.3447153419567349,0.39194286510723036,0.1477756099067768,0.8400681476093871,-0.34028737749093446,0.3502114596356966,0.23709024143066287,0.8398479931978925,-0.195300222683642,0.10502677946868712,0.16703099599097296,0.9606913370028999,-0.12998178053301607,-0.18179144027802757,0.17605360872531597,0.9586770758842107,2.747,128.4748921875,128.4748921875,128.4748921875,128.4748921875,42.824964062499994,42.824964062499994,42.824964062499994,42.824964062499994
2026-04-29 19:15:11,11.372,-0.21658406308512582,0.0003983977435071408,-0.8902635325563306,0.4006520029865064,-0.7651625020980758,0.30666473706207575,0.4009138975488246,0.3996887929100225,-0.34504394666428756,0.39191323986284543,0.1481913673749353,0.8398738035717551,-0.3404441371127673,0.3509064854995755,0.2366566929302889,0.8396166015695369,-0.19551022685311942,0.10527000719265908,0.1670458914495875,0.9606194079505744,-0.13014083138833152,-0.1815387423535373,0.1761684010683027,0.9586822953905467,2.747,128.4748921875,128.4748921875,128.4748921875,128.4748921875,42.824964062499994,42.824964062499994,42.824964062499994,42.824964062499994
2026-04-29 19:15:11,11.423,-0.2165683591483961,0.0002643790552724786,-0.8903140094966097,0.40054842455508105,-0.7654299969214842,0.3061171101766868,0.40097896572825414,0.39953110481331794,-0.3453016911032368,0.3918324605288478,0.1485640181483838,0.8397397200971026,-0.34065468397938165,0.3515972002116777,0.23633634299515147,0.8393324300096449,-0.19580590748303434,0.10520857284430618,0.16694310806415122,0.9605837815956977,-0.13053723389690652,-0.18164669232935632,0.17625832180511605,0.958591421684334,2.747,128.4748921875,128.4748921875,128.4748921875,128.4748921875,42.824964062499994,42.824964062499994,42.824964062499994,42.824964062499994
2026-04-29 19:15:11,11.474,-0.21640667935366362,0.0004989328843268007,-0.8903558013875337,0.40054269077423005,-0.7655367382040821,0.30559790718324004,0.4011594282768596,0.3995429071947865,-0.34559172250047293,0.3918439346799014,0.14853995769077366,0.8396193025192743,-0.34080618129520035,0.3521793641406861,0.23606917203176173,0.8391020130357711,-0.19610076834333226,0.1050206714273668,0.16684823168267213,0.9605606773194837,-0.13120312380051927,-0.18205646244708032,0.17617744784509373,0.958437630551425,2.747,128.4748921875,128.4748921875,128.4748921875,128.4748921875,42.824964062499994,42.824964062499994,42.824964062499994,42.824964062499994
2026-04-29 19:15:11,11.525,-0.21621622987915173,0.0010311180756647986,-0.8903729340414914,0.4006064366166701,-0.7655580894327865,0.3053029632303723,0.40132466290290325,0.39956154381102177,-0.34597648776728673,0.3917838944739012,0.14843462964009144,0.8395074810069798,-0.34091747076965323,0.3525668195569222,0.2359615771280058,0.8389243410408376,-0.1963517843629396,0.10491343885513825,0.16696602769845048,0.9605006469126812,-0.13162058744225733,-0.1823497879554504,0.17615848576495072,0.958328108576054,2.747,128.4748921875,128.4748921875,128.4748921875,128.4748921875,42.824964062499994,42.824964062499994,42.824964062499994,42.824964062499994
2026-04-29 19:15:11,11.576,-0.21593842585385511,0.0013881246236150504,-0.8903821610136097,0.40073467119594636,-0.7656654524082127,0.30522657170033207,0.40135214137303743,0.39938654650835,-0.3464760283068148,0.3917722304090077,0.14825531648868912,0.839338574367892,-0.3411478842550914,0.35306997577565896,0.23576999568718904,0.8386728935691873,-0.19677819059082857,0.10487867175624047,0.1669154680753607,0.9604259650986273,-0.1319279593067334,-0.18249684476651723,0.17595418475236632,0.9582953824742958,2.747,128.4748921875,128.4748921875,128.4748921875,128.4748921875,42.824964062499994,42.824964062499994,42.824964062499994,42.824964062499994
2026-04-29 19:15:11,11.626,-0.21556455913463074,0.0014082333540598726,-0.8904356323834919,0.40081706838123027,-0.7657511326852647,0.3052442363993538,0.40142901971408596,0.39913143332440915,-0.34722705486662664,0.39196694518104697,0.1477594907528004,0.8390246832761,-0.3416698331116001,0.3537019671714035,0.23536634987628988,0.8383074167073096,-0.1973668266107753,0.10473134579114826,0.16659955421429745,0.9603761083544117,-0.13251666537507512,-0.18292218040985522,0.17566205995458853,0.9581866467471175,2.747,128.4748921875,128.4748921875,128.4748921875,128.4748921875,42.824964062499994,42.824964062499994,42.824964062499994,42.824964062499994
2026-04-29 19:15:11,11.678,-0.2153822707076782,0.001495289556261369,-0.8904387145957157,0.4009078910711002,-0.7657007342421238,0.3051331617597919,0.4017730149927747,0.3989668953674742,-0.34790673718741383,0.39233458334014587,0.14735258623657244,0.8386427679675748,-0.3420723406408591,0.35428027375296645,0.2350920096039522,0.8379759831990309,-0.19776166255716404,0.10457470560971707,0.16647770467832607,0.9603330826407593,-0.13322810176581434,-0.18356791844153353,0.17569229751874715,0.9579589285619214,2.747,128.4748921875,128.4748921875,128.4748921875,128.4748921875,42.824964062499994,42.824964062499994,42.824964062499994,42.824964062499994
2026-04-29 19:15:11,11.731,-0.2154955383812661,0.00152800010582471,-0.890350025582639,0.40104385059297326,-0.7657527821191359,0.30503494489415345,0.40186532864767194,0.398849115206644,-0.3483158768215916,0.39266971757300834,0.14742745546613134,0.8383028618762562,-0.34224700950667614,0.35486280580154145,0.235056931666647,0.8376679607206282,-0.19802861218756343,0.1046853866835656,0.16664608524955382,0.9602368045648836,-0.13376387056803807,-0.1839895388218002,0.17596106115404264,0.9577540297447679,2.747,128.4748921875,128.4748921875,128.4748921875,128.4748921875,42.824964062499994,42.824964062499994,42.824964062499994,42.824964062499994
2026-04-29 19:15:12,11.78,-0.21596626438069066,0.0012284592312515534,-0.8902214175105918,0.40107716382611425,-0.7660104585582308,0.30495841137613744,0.4018231395268567,0.3984551533750466,-0.34860910858116345,0.39294726538945335,0.14800891010929956,0.8379483865760794,-0.34225650319189416,0.35562906244897174,0.23531829718510242,0.8372656418212956,-0.19827719772633948,0.10503569144096583,0.16684577040004522,0.9601125690693377,-0.1341242032483447,-0.18418668111583125,0.17632138132827074,0.9575994648541855,2.747,128.4748921875,128.4748921875,128.4748921875,128.4748921875,42.824964062499994,42.824964062499994,42.824964062499994,42.824964062499994
2026-04-29 19:18:53,183.3,0.06742268195667077,0.12907340221718827,-0.17389479089112508,0.973937801144807,-0.63733264212027,-0.1003236420386916,-0.1501247628922636,0.749136052865319,-0.7253401069632831,-0.10630462933544822,0.0024384627017731667,0.6801287443653578,-0.6323626261613072,-0.004916260699162679,-0.05398457195874678,0.7727735796503034,-0.680875096789466,-0.17046026141110585,-0.22534896374402416,0.6756998197358701,-0.6939814591590692,-0.20173984161222488,-0.0633770335865686,0.6882398726196345,13.08278423204467,16.008496243774637,14.184376246567682,8.901169544706857,12.012019411234176,5.336165414591545,4.728125415522561,2.9670565149022856,4.004006470411392
2026-04-29 19:18:53,183.305,0.06759515075143427,0.12929821074710166,-0.17403491338596752,0.973870996187497,-0.6391347642911548,-0.10027959307024706,-0.15064637040609222,0.7475001186432189,-0.7268520109506146,-0.1064805151778327,0.002287253393017774,0.6784856833687998,-0.6338858393534842,-0.005012299715353011,-0.0532306540424558,0.7715763844162836,-0.6798947170749505,-0.17087652314549928,-0.22482267165246014,0.6767563474710294,-0.694361806817556,-0.2018056154514595,-0.06386784646702118,0.6877914458562142,12.868070830096682,15.891191713882403,14.019887198819408,9.038355736675605,12.014886325647907,5.297063904627468,4.673295732939803,3.0127852455585353,4.004962108549303
2026-04-29 19:18:53,183.344,0.06810972295170988,0.12931231635300144,-0.17436020633969687,0.9737750812811145,-0.6387742163800851,-0.10083580148556362,-0.15048414594901635,0.7477661154697821,-0.7287033970903208,-0.106678850764356,0.0022590989461818037,0.6764657259171184,-0.635309019173206,-0.005093322540463506,-0.052545191534240976,0.7704514981939538,-0.6803690282571389,-0.1709507458534273,-0.22465464390517179,0.6763165818257262,-0.6947538498913988,-0.20191438001286388,-0.06421665070831209,0.6873309923005853,12.972658759775564,15.747686441410117,13.890278211510779,9.001558012528482,12.013928720724007,5.249228813803373,4.630092737170259,3.0005193375094943,4.0046429069080025
2026-04-29 19:18:53,183.395,0.06862958585131412,0.12918021277635308,-0.17460838408575002,0.9737116435474604,-0.6369997145216086,-0.101708027084247,-0.14993276618567555,0.7492709833898086,-0.7294816044698592,-0.10685261182550515,0.002525133455553996,0.6755980549018621,-0.6340936448381828,-0.005487404769952957,-0.05198532376354281,0.7714873064917653,-0.6803865869540985,-0.17123368647944934,-0.2245085576929547,0.6762758493619597,-0.6938562023878023,-0.20233541237428931,-0.06404295099032223,0.6881296765405157,13.274092668855015,15.722857230371613,14.072557606580034,9.039340079096673,12.168692069384122,5.240952410123871,4.690852535526678,3.0131133596988913,4.056230689794707
2026-04-29 19:18:53,183.446,0.06872708714280489,0.12902379940741862,-0.17465034586765332,0.9737179793798864,-0.6363700719443509,-0.10216523451797989,-0.14990728807651904,0.7497487588325649,-0.7285375329787371,-0.10718725420293615,0.002797997097560925,0.6765619903526453,-0.6329057416105995,-0.005930727387929287,-0.05143289358753784,0.7724958292225274,-0.6807453736656983,-0.17114093324627477,-0.22443578637751174,0.6759623473193244,-0.6929833411660118,-0.20276071539690865,-0.06375161538168272,0.6889106710556535,13.405446436407086,15.899637137354006,14.236848933659132,9.044226331592563,12.317459905196975,5.299879045784668,4.7456163112197105,3.0147421105308543,4.1058199683989915
2026-04-29 19:18:53,183.5,0.06853342710333757,0.12892636813468372,-0.17473121789912455,0.9737300254488203,-0.6376800917161828,-0.10198467630376866,-0.15053017318662112,0.7485344971265268,-0.7282734050485774,-0.10756361366829036,0.0027697126196081674,0.676786705842819,-0.6344044541783691,-0.006090799333078023,-0.05077885075953717,0.7713075903928799,-0.6825958274105773,-0.1703777320146232,-0.22472414421158562,0.6741909401969096,-0.6948563948010504,-0.20277911902826554,-0.0643973749104473,0.6869557464603165,13.241778419936004,15.998315547769312,14.100052961055443,8.857133053127825,12.130818305001876,5.332771849256438,4.700017653685148,2.9523776843759415,4.043606101667292
2026-04-29 19:18:53,183.548,0.0684131513634307,0.128960065501778,-0.17489883314928248,0.9737039285066693,-0.6389358304423567,-0.10177342884905613,-0.15124700814608555,0.747346985197706,-0.7306607839469673,-0.1078376110621338,0.0024086477046142626,0.6741662012135066,-0.6357715978324516,-0.006300169142589933,-0.050009614224594816,0.7702297201117686,-0.6842323013197068,-0.16967594797432436,-0.22500049726997015,0.672615050930336,-0.6962692145074184,-0.20269156260441937,-0.06517714151894137,0.6854759307237719,13.064287794341668,15.762268948583884,13.977635920306174,8.681180298746552,12.008655368354596,5.254089649527962,4.659211973435391,2.8937267662488506,4.002885122784865
2026-04-29 19:18:53,183.6,0.06834506886395683,0.12907208584419705,-0.1749603534109094,0.9736828143456877,-0.6387137172729006,-0.10199559002312275,-0.15159360076471226,0.7474363298572376,-0.7315554019432219,-0.10794753269579788,0.0024118000264208472,0.6731776936984867,-0.6347623251598982,-0.006737659146730354,-0.049310712736693796,0.7711030074615333,-0.6832745926581566,-0.17000275280269495,-0.22455838846675918,0.673653045147536,-0.693059351546163,-0.20311339113310198,-0.06462593081135225,0.6886488035592526,13.0992532057227,15.703992871981942,14.10514315459961,8.841897240164364,12.457314870186927,5.234664290660647,4.701714384866537,2.9472990800547882,4.152438290062309
2026-04-29 19:18:54,183.651,0.06805168158138405,0.12916998191995868,-0.1749706500164585,0.9736885313269134,-0.637893392766269,-0.10223605455336725,-0.15177623698487192,0.7480666965593452,-0.730794326547496,-0.10790679997201945,0.002681827681042196,0.6740093342128726,-0.6338169391307644,-0.00713451961438723,-0.04873211503445384,0.771913445449067,-0.6815740965844964,-0.1707662878051037,-0.2239119868293847,0.6753954752353687,-0.6907749034149581,-0.2036247377269308,-0.06414146514680383,0.6908349089663284,13.235771064720907,15.847377662768565,14.220629685680553,9.105973153156413,12.766636966418641,5.282459220922855,4.740209895226851,3.0353243843854707,4.25554565547288
2026-04-29 19:18:54,183.704,0.067778278371607,0.12919598822563427,-0.17489473602283873,0.9737177891560184,-0.6385951129443777,-0.10193824120745106,-0.15226452048705633,0.7474091198961489,-0.7299052358442062,-0.10792302214730813,0.002855696874382252,0.6749687496270973,-0.634243638146994,-0.007389180653786998,-0.04824286274225959,0.7715912348347163,-0.6822172014900455,-0.170785695431691,-0.22391686430584784,0.6747393378975624,-0.6949591366606526,-0.203278028609677,-0.06534257055608769,0.6866150230875863,13.170967691756875,16.003562624017853,14.194366272641325,9.068927264765714,12.270061221140427,5.334520874672617,4.731455424213775,3.0229757549219047,4.090020407046809
2026-04-29 19:18:54,183.752,0.06774829592924728,0.1292009501594931,-0.17488129732872493,0.9737216310225368,-0.6401577007259225,-0.10156419177154744,-0.15271682885473692,0.7460297603552057,-0.7293807996793235,-0.1080295608967682,0.002929203884804322,0.6755180847291977,-0.634145343778009,-0.007662237659532574,-0.047668891422506424,0.7717050277594859,-0.6824026391917095,-0.1709328454289838,-0.22375095905150422,0.6745695729139233,-0.6977039431981847,-0.20285955299509476,-0.06602005230135441,0.6838849041311418,12.988663995284787,16.124915701724284,14.225156647905447,9.084921715033447,11.976718411323864,5.374971900574762,4.741718882635149,3.0283072383444822,3.992239470441288
2026-04-29 19:18:54,183.803,0.06771135326399609,0.12910733108210096,-0.17494715779533435,0.9737247874421958,-0.6407023739409411,-0.10162542839641178,-0.15297088091522212,0.7455016096037012,-0.7317659211689768,-0.10809993166856312,0.0026845832425386636,0.6729233495739206,-0.6337473937627065,-0.008087366685593319,-0.04698117940901762,0.7720696886812795,-0.6816446989328409,-0.1713827615382145,-0.22331682198115807,0.6753651238289761,-0.6960467009299284,-0.20300184114125,-0.0655636557070125,0.6855732270648832,12.952899329043309,15.890930491081523,14.278132864344078,9.209600864974401,12.22943302164596,5.296976830360507,4.759377621448026,3.069866954991467,4.076477673881986
2026-04-29 19:18:54,183.855,0.06749045688282317,0.12899033071772517,-0.17502567419300974,0.9737415191848205,-0.64032611605062,-0.10180599040502995,-0.15319515999267824,0.7457541474078415,-0.7343534962958261,-0.1081918706375493,0.002346464832282357,0.6700850361773756,-0.633412674265549,-0.008605936329434424,-0.04632636095538738,0.7723782688684931,-0.6827382389587344,-0.17112324868056866,-0.22351626961784865,0.6742594515768062,-0.6957735141832155,-0.20319883454861862,-0.0658118555105451,0.6857683648824004,13.039459999008258,15.627336541291854,14.320462173714699,9.083198477499012,12.270103015431875,5.209112180430618,4.773487391238233,3.027732825833004,4.090034338477292
2026-04-29 19:18:54,183.905,0.06738288870966759,0.129095168679928,-0.1751164665406937,0.9737187514261723,-0.6399313678386316,-0.10200884971982573,-0.1532220690940684,0.7460596736036258,-0.7349214616001167,-0.10828410268717095,0.0021723654566993583,0.6694477419583288,-0.6331694262872207,-0.008960205800875766,-0.0456018619918995,0.7726167630267865,-0.6834513206746222,-0.17084982018355374,-0.22370145062344654,0.6735445732840017,-0.6966132098837371,-0.20332883691566955,-0.06666464616288281,0.6847943084211311,13.149804748874185,15.626955154450712,14.359379508589097,9.006653877162735,12.173798604812944,5.2089850514835705,4.786459836196365,3.0022179590542453,4.057932868270981
2026-04-29 19:18:54,183.956,0.06768345708399616,0.1291955991866094,-0.1749460718873732,0.9737152143820852,-0.6413536363330734,-0.10207212667569623,-0.15349032219013392,0.7447734656338219,-0.7344120270208465,-0.10828218054613167,0.002218348505290877,0.6700067334536389,-0.634335629609916,-0.009136635858646849,-0.045000223791190355,0.7716928214978553,-0.6820997114773331,-0.17143016752851212,-0.22326660198315446,0.6749101463917854,-0.6966428857768138,-0.20329585120426355,-0.0673574601134349,0.6847061115155568,13.023276719578522,15.7727585852341,14.251384642669636,9.210103292733521,12.222001612330399,5.257586195078034,4.7504615475565455,3.0700344309111736,4.0740005374434665
2026-04-29 19:18:54,184.007,0.06800378125656845,0.12916759254415197,-0.17483128484874752,0.9737172282594639,-0.6424516907591836,-0.10219984542515664,-0.15387108234858357,0.7437302647147122,-0.7338773698509624,-0.10829508909814957,0.0022915980358612855,0.6705899852192096,-0.6364931368490654,-0.0093931365207179,-0.044698309201212386,0.7699287739037247,-0.6814227119508428,-0.1720331192246525,-0.22294265617759804,0.6755473821900819,-0.6969591041938978,-0.20327976522542895,-0.06801480391812639,0.6843239953261268,12.901334507679831,15.91858550998441,14.050190708121832,9.333572321355337,12.236721972901424,5.306195169994804,4.683396902707277,3.111190773785112,4.0789073243004745
2026-04-29 19:18:54,184.058,0.06814843384558579,0.1291443214592864,-0.17484632475673728,0.9737075012129032,-0.6420167168991523,-0.10256118817614017,-0.15392074279209544,0.744045793510226,-0.7355218481593726,-0.10848700308477653,0.0021097457090170258,0.6687553588682098,-0.6375849668009304,-0.009785304626353986,-0.04437095957442352,0.7690389300089241,-0.6820922989457665,-0.17210095136458006,-0.22288833988745804,0.6748719480023591,-0.6981549081426262,-0.20344886694265435,-0.06900079915433793,0.6829547367814166,12.981640305889618,15.787046867921617,13.977024060290073,9.294348499292813,12.124709606628324,5.262348955973873,4.6590080200966915,3.0981161664309376,4.041569868876108
2026-04-29 19:18:54,184.109,0.06838831990981367,0.12908619123821644,-0.17472325856852428,0.9737204813737463,-0.6419702378472141,-0.10291477853996683,-0.1539837232222065,0.7440240419899667,-0.7370481104494022,-0.1086976283881011,0.002076215333263534,0.6670386778858164,-0.6367250613308836,-0.010276987127775394,-0.04385743615362206,0.7697740610742797,-0.682703727642595,-0.17212315109597504,-0.22280017062725208,0.6742768905191435,-0.6988535050197476,-0.2037164780700097,-0.06971929473975387,0.682086940957937,13.053351432094736,15.666412806320976,14.113732385984303,9.274635702046467,12.074697780565788,5.222137602106992,4.704577461994767,3.0915452340154888,4.0248992601885965
2026-04-29 19:18:54,184.16,0.06877969251720942,0.12904474138182404,-0.17472616702013968,0.9736978870149542,-0.6420022892592285,-0.10325615822638348,-0.1540570879829694,0.7439338949237666,-0.7361425166508,-0.10871729646173305,0.0024516785288113546,0.6680334826200478,-0.6360444791718071,-0.010758615036902194,-0.04329552682515661,0.7703617137906612,-0.6835031230556241,-0.17212645869803694,-0.22286942378221333,0.6734427837108848,-0.6993254068460981,-0.2039298081766514,-0.07006056314042214,0.6815043111888732,13.14435691394134,15.844541255363694,14.220409626455988,9.223014341739175,12.044124045843702,5.281513751787898,4.740136542151996,3.074338113913058,4.014708015281234
2026-04-29 19:18:54,184.211,0.06929373938072353,0.1290478580581276,-0.17471308875060812,0.9736633733649777,-0.6430243057805314,-0.10341197394204578,-0.15411068731472768,0.7430179014507373,-0.7364723472332368,-0.10873646033012425,0.002723298968932791,0.6676656705255767,-0.6363858818085361,-0.01112491685301947,-0.04270780776456648,0.7701073229204684,-0.6847151829211692,-0.17195104324481333,-0.2229952301818803,0.6722135704672886,-0.6992044771327358,-0.20403436188614849,-0.07016306574093042,0.6815865480869496,13.074881799738208,15.858566607290111,14.192899285291823,9.109575662505243,12.105649936432656,5.286188869096704,4.730966428430608,3.036525220835081,4.0352166454775515
2026-04-29 19:18:54,184.262,0.06956769052373153,0.12904991018658857,-0.174622112317545,0.9736598867190671,-0.6441681080928973,-0.10346629008833422,-0.15406209339715193,0.7420290066496468,-0.7375337596639128,-0.10880074612494864,0.0029702049178494325,0.6664814542666693,-0.6373837663122461,-0.011327903003426936,-0.042108330311013395,0.7693117063801769,-0.6848382956587156,-0.17220639068727336,-0.22284418270512635,0.6720728666150808,-0.6979692885651843,-0.20430888753186033,-0.0698634633122423,0.6828000052645894,12.954219268062733,15.77698693844977,14.076306197690581,9.122818575465132,12.314693918812496,5.258995646149923,4.692102065896861,3.0409395251550437,4.104897972937499
2026-04-29 19:18:54,184.313,0.06933169400731792,0.1290225353921556,-0.17442198677501874,0.9737162174353013,-0.6443586503159027,-0.10346302000496443,-0.15409545706075156,0.7418570774534397,-0.7370545768652998,-0.10884337118604061,0.0034234962105742497,0.6670022120986315,-0.6380949191101745,-0.011490519818607913,-0.04164732081510028,0.7687446538539324,-0.6839528843076408,-0.17269989412914422,-0.22263029395349473,0.6729182348764388,-0.6975796950793425,-0.20454362122039307,-0.06993306137106929,0.6831206650060664,12.97076104077114,15.878492755102151,13.986096422228115,9.260427380059072,12.39892659503371,5.292830918367383,4.662032140742705,3.0868091266863575,4.1329755316779035
2026-04-29 19:18:54,184.365,0.06886569520255033,0.12914515689606967,-0.17415846776963345,0.9737801972615241,-0.644083528307175,-0.10330085787713847,-0.15415901917097258,0.7421053416688709,-0.7364148441182908,-0.1087770580985219,0.0037829087039288473,0.6677173193765473,-0.6365936308661996,-0.011905210444149016,-0.041114835304057455,0.7700106398114182,-0.6838960896227553,-0.1726132683731055,-0.22258981801509936,0.6730115683227619,-0.6982660981925719,-0.2045537208305983,-0.07058449415492969,0.6823489287704436,13.044695695074466,15.989765494125525,14.158554031690379,9.312001171634746,12.360013708163994,5.329921831375175,4.719518010563459,3.104000390544915,4.120004569387998
2026-04-29 19:18:54,184.415,0.06867630177839568,0.12942328429713412,-0.17408013911457337,0.9737706527831061,-0.6434705181270204,-0.10318061653441865,-0.15383278008405474,0.7427212993071709,-0.7369488581165139,-0.10868934916932782,0.00391248342313574,0.6671414380559628,-0.6354105983516273,-0.012401745813014507,-0.04036582855424083,0.7710189155191629,-0.6848966876107516,-0.17219103590002008,-0.2225537419470667,0.6721135368379787,-0.6988225237178407,-0.20449250972736716,-0.07110948708255882,0.6817428654976053,13.146547860491621,15.96804547041738,14.316412210364593,9.22743969572376,12.34701340321238,5.32268182347246,4.772137403454864,3.07581323190792,4.115671134404127
2026-04-29 19:18:54,184.466,0.0688372129464048,0.12953917592541125,-0.17407223126690868,0.9737452943743022,-0.6433121559634841,-0.10314884525041168,-0.1535872795869308,0.7429136782037375,-0.7388365112317213,-0.10875018014241249,0.0037535197967638392,0.6650412912587209,-0.6373522676002885,-0.012650033725146056,-0.03967903466825271,0.7694463190108317,-0.68557092938646,-0.17206299035994682,-0.2223757130161742,0.6715175875501151,-0.6991341777118467,-0.20442526395217145,-0.07127576618682861,0.681426062143022,13.1837040420934,15.798341046082502,14.131917608000151,9.162436943401186,12.354197885610333,5.266113682027501,4.710639202666717,3.0541456478003957,4.118065961870111
2026-04-29 19:18:54,184.517,0.06908826055080747,0.1295119036354449,-0.1741160888604939,0.9737233008769542,-0.6443111525789393,-0.10311729934744988,-0.15387727306226573,0.7419917425905818,-0.7392838419672769,-0.10883961551976971,0.0037138544654229458,0.6645295677278934,-0.6400822983452422,-0.0128727439932523,-0.039144878321894346,0.7672005098462336,-0.6851526725591838,-0.1724912035532292,-0.2220971706110151,0.6719266677163126,-0.6995444860377714,-0.20452144307870737,-0.0715045936025622,0.6809519692818914,13.057366435059919,15.808471962848612,13.86329485672988,9.238775415493942,12.356159581339282,5.269490654282871,4.621098285576626,3.079591805164647,4.1187198604464275
2026-04-29 19:18:54,184.569,0.06940185897757811,0.1295489225671143,-0.1742315734773306,0.9736754168796549,-0.6449450388791889,-0.10343614126276571,-0.15429612210689106,0.7413093606643357,-0.7385515466122232,-0.10891195709042541,0.003951446431673986,0.6653301320927261,-0.639938010386065,-0.013272060755783487,-0.03865872986697475,0.7673387113077845,-0.6844697987843931,-0.17305554286742905,-0.2217662424558771,0.6725865054711648,-0.7004882934380262,-0.2046556709666914,-0.07205692355475737,0.6798823478112069,13.001954172473845,15.938169142778463,13.905237741480988,9.364923417771193,12.303514385597481,5.312723047592821,4.63507924716033,3.1216411392570644,4.101171461865827
2026-04-29 19:18:54,184.619,0.06969572519115629,0.12958543874426293,-0.17419777921590363,0.9736556134854782,-0.6444190894338434,-0.10394786339940643,-0.15455796837176394,0.7416405553101498,-0.7389035367045402,-0.10895138524182492,0.004161942145061799,0.664931453111515,-0.6379201310784596,-0.013657034382391655,-0.03820939465825451,0.7690327911972081,-0.6845016125586688,-0.17333383499395483,-0.22153366743838654,0.6725591113368169,-0.701287681980437,-0.20466930156374322,-0.07245820493860672,0.6790109517798589,13.133314629134231,15.931505578581397,14.148526233350132,9.405873879952978,12.253754166236032,5.3105018595271325,4.716175411116711,3.135291293317659,4.084584722078677
2026-04-29 19:18:55,184.67,0.06974364889866257,0.12952317761296625,-0.1741859948413984,0.9736625745608447,-0.6450069824958584,-0.10394583476103748,-0.15488402785282418,0.7410615317795846,-0.7399108901437279,-0.10904714760725923,0.004370557217083117,0.6637932603416888,-0.6387653091858706,-0.013877002885454735,-0.037715764338362726,0.768351371243632,-0.6854762613788979,-0.173330967018472,-0.2216149417158472,0.6715396403539645,-0.7007054799183657,-0.2048272436867135,-0.07252898966469486,0.679556602730262,13.084123619735427,15.858971989795412,14.08246860300773,9.323967227291922,12.367421497212808,5.286323996598471,4.694156201002577,3.107989075763974,4.122473832404269
2026-04-29 19:18:55,184.722,0.06966432322326825,0.12946002999232795,-0.17423945361782095,0.9736670865892474,-0.6459904669063145,-0.10357620450146755,-0.155223679055892,0.7401850417210454,-0.7413941960404693,-0.10907416985664185,0.004458902356819856,0.6621310970928364,-0.6390134599336622,-0.014147382197072591,-0.03714232713849251,0.7681680136111612,-0.6863104614810958,-0.17330824697295696,-0.2218353633326915,0.6706200664816246,-0.7002485581096463,-0.20505890657247058,-0.07268682160513211,0.6799407530554467,12.955772117105278,15.711753748857177,14.092845515842598,9.261018134829108,12.474029942123392,5.237251249619059,4.6976151719475325,3.087006044943036,4.1580099807077975
2026-04-29 19:18:55,184.772,0.06970537238697838,0.1293881102320136,-0.17403600326777643,0.9737100942054362,-0.6461005622099839,-0.10316308632398925,-0.1554415485619368,0.7401009161680042,-0.7419112289048171,-0.10893744699298913,0.004428736720772815,0.6615744458174392,-0.637379069121559,-0.014517292119818117,-0.036767212879123025,0.7695357967842329,-0.6865060526369213,-0.17345144964245526,-0.2219959108175686,0.6703296576238303,-0.7012770686034802,-0.20507008958208697,-0.07303393897788302,0.6788392852266871,12.969111165604556,15.679455081163244,14.302357560636516,9.27755301165958,12.39937230132404,5.226485027054415,4.767452520212172,3.092517670553193,4.133124100441346
2026-04-29 19:18:55,184.824,0.06969232444408151,0.1292818229508295,-0.17387540548485955,0.973753836210963,-0.6465975112549203,-0.10270376846171084,-0.1556631333042094,0.7396841104908383,-0.7416371964850261,-0.1089791903110452,0.004372983042562016,0.6618751256002068,-0.6406330859482356,-0.014755701783657697,-0.03667139997648497,0.7668290075871395,-0.6866106051917984,-0.1736139068561172,-0.2220505945702869,0.67016238452728,-0.7021688948510239,-0.20514018513979923,-0.07333737814027458,0.6778628006551259,12.936808525180826,15.756233058363414,13.94503622812509,9.28774963920143,12.332578443586977,5.252077686121138,4.64834540937503,3.0959165464004763,4.110859481195659
2026-04-29 19:18:55,184.874,0.06971485227165675,0.12930122864679358,-0.1739243221827982,0.9737409110212146,-0.6472863609801575,-0.10251494208721929,-0.1559038300649203,0.7390568647330245,-0.7416896052901231,-0.10920833941397212,0.004449722173447072,0.6617781108344422,-0.6421663936311197,-0.015215420578479875,-0.036402713137192656,0.7655492514160491,-0.6871837859041907,-0.17355236818250386,-0.22207789655254484,0.6695815318177655,-0.7023776725863728,-0.20526975556193805,-0.07339203206902532,0.6776013150315394,12.8818167563502,15.809244874175171,13.77327819619428,9.225412065145703,12.347975423040758,5.269748291391724,4.59109273206476,3.0751373550485677,4.115991807680253
2026-04-29 19:18:55,184.925,0.06995513456743632,0.12943224916745596,-0.17396427823894842,0.9736991331617315,-0.6471966638039439,-0.102711792464769,-0.1558764160453777,0.7391138673915999,-0.7412346642508053,-0.10939541306161371,0.004757605200490755,0.6622546196945939,-0.6376350384269932,-0.016023056582478084,-0.03569555827453482,0.7693442964937289,-0.6877659498343366,-0.17353940995081216,-0.22209399968715904,0.6689815593462625,-0.7026375718019886,-0.20531183765859193,-0.07338237265252658,0.677320101128959,12.943371620850254,15.945401926109472,14.288396115620912,9.166712518973902,12.35887407109744,5.315133975369824,4.762798705206971,3.0555708396579675,4.119624690365813
2026-04-29 19:18:55,184.976,0.07030043148586818,0.12942355883219014,-0.1739431947753291,0.9736791857400791,-0.6471856900660035,-0.10293124388540137,-0.15573459228762904,0.739122843897414,-0.7415884778088886,-0.10967515689774032,0.004873628874081215,0.661811255028312,-0.6367192655911879,-0.016606270125196238,-0.03511147098502931,0.770116869846918,-0.6882630434369714,-0.17382209736530752,-0.22213141869691008,0.6683842415363346,-0.7032924033830521,-0.20543120483529356,-0.07370920073664056,0.6765683772911469,13.004339335460811,15.981660362425579,14.397600105855258,9.120238863319415,12.304482198818917,5.327220120808526,4.799200035285086,3.0400796211064716,4.101494066272973
2026-04-29 19:18:55,185.027,0.0706910605557019,0.1293477238527193,-0.17402270492705896,0.9736467729425803,-0.6478386835396902,-0.1030870475750728,-0.15565310652548442,0.738546011539418,-0.7431635249267375,-0.11004465079926393,0.004770296519813257,0.6599813590701236,-0.6393235319644723,-0.016913174040989392,-0.03493262703099854,0.7679577316422075,-0.6882655740588621,-0.17429294029665213,-0.2220988185913681,0.668269844679895,-0.7035206242180757,-0.20567367241764714,-0.07407450837597516,0.6762174494812339,12.991471669936228,15.85583702259071,14.106522197935547,9.132125755845912,12.304667816656657,5.285279007530237,4.702174065978515,3.044041918615304,4.101555938885553
2026-04-29 19:18:55,185.079,0.07103631755533503,0.12931665089220407,-0.174080072347205,0.9736155164138426,-0.6478063813557371,-0.1034097844951143,-0.1554691252241449,0.7385679791647473,-0.7440578460362649,-0.11023937450279872,0.004812865038549652,0.6589400871029372,-0.6386047366437307,-0.01741849613895129,-0.034622731068037677,0.7685582950055507,-0.6870014923393198,-0.17495149922172828,-0.22174721350583382,0.6695140743449799,-0.7033695586844789,-0.2058874122794749,-0.07438940690969105,0.6762749836571565,13.089082598629327,15.803965684181676,14.198066738339428,9.31726565932997,12.365333087139117,5.267988561393892,4.7326889127798095,3.1057552197766563,4.121777695713039
2026-04-29 19:18:55,185.13,0.07113353447671543,0.12923944946124968,-0.17392494752641824,0.9736463924874039,-0.6475404790122101,-0.10366349456251263,-0.15568232026471335,0.7387206664854591,-0.7435114433595672,-0.11025572652232699,0.0050696537520436066,0.659551898619996,-0.6374710634787282,-0.018002255484021908,-0.033936878369048074,0.7695159844417475,-0.6868967848783221,-0.1750300656406432,-0.2215723946116826,0.6696588362679172,-0.7040652346295474,-0.20588778697862203,-0.07486737037507434,0.6754977730623598,13.194995226737738,15.928436950127246,14.343868116430524,9.367111377194709,12.311682886311115,5.309478983375748,4.781289372143508,3.122370459064903,4.103894295437038
2026-04-29 19:18:55,185.18,0.07094277122263261,0.12925416234609483,-0.17374529732330513,0.9736904314952975,-0.6489607342540107,-0.10335612747484184,-0.15639602722707463,0.7373654175356258,-0.7435351001802346,-0.11025842747484582,0.005330292530404381,0.6595227228475778,-0.6395868137965574,-0.018372383246344277,-0.03306568504062057,0.7677876162222284,-0.687943918322128,-0.17464895538241043,-0.22173012805154704,0.6686304345015075,-0.7043926898405055,-0.20594386549297344,-0.07502627763542932,0.6751215597425705,13.01302764150959,15.983214186041025,14.124086640104178,9.27468195958304,12.303283296750596,5.327738062013675,4.708028880034726,3.0915606531943465,4.101094432250199
2026-04-29 19:18:55,185.231,0.07070707793664621,0.1294182298460219,-0.17364545663092626,0.9737035926320805,-0.6503383429379054,-0.10298229189218833,-0.15683406385369092,0.736109885598983,-0.745349164251972,-0.11056301126401738,0.005334502884621169,0.6574207077420772,-0.6412324357467942,-0.018929235425000607,-0.03222408800192937,0.7664360740106786,-0.6929417992580094,-0.17315321243935464,-0.22300357446901117,0.663414676983445,-0.7041991056758489,-0.206224807947399,-0.07507581328109081,0.6752322344294412,12.839956322331398,15.80826936565671,13.958308854384534,8.668927518928085,12.36415032984917,5.26942312188557,4.652769618128178,2.8896425063093614,4.121383443283057
2026-04-29 19:18:55,185.282,0.07057123087350596,0.12955618676922376,-0.17366016979426116,0.973692477772035,-0.6497395904093125,-0.10326134613452563,-0.15684972700402333,0.7365960373148827,-0.7465040436327749,-0.11109594705349081,0.005284076097883581,0.6560194219137082,-0.6410422710760716,-0.019612799250228585,-0.03163967541760826,0.7666022930690143,-0.6976758750789102,-0.17182725056765838,-0.2241108095432491,0.6584057368683127,-0.7045110544033246,-0.20644553858533077,-0.07553823399569257,0.6747876621771774,12.985721553259994,15.704832369603807,14.002399255381153,8.088126136008636,12.363288646680223,5.234944123201269,4.667466418460385,2.696042045336212,4.121096215560074
2026-04-29 19:18:55,185.333,0.07060537029973737,0.1295731201961701,-0.1736688833418412,0.9736861954275946,-0.649932229601015,-0.1035572065688554,-0.15709261885093398,0.736332744753392,-0.7422609091693442,-0.11134182756213046,0.0061068834343573205,0.6607680728734876,-0.6423417535078068,-0.019994833833072857,-0.031302293368190855,0.7655177625309524,-0.6922332635838847,-0.1739323423139945,-0.2224466118260909,0.6641371499714981,-0.7053248386416306,-0.20645230322094926,-0.07605531469737015,0.6738767747861674,13.009910529783586,16.2957923035503,13.880102859335599,8.83546276104418,12.301530849883816,5.4319307678501,4.626700953111866,2.9451542536813937,4.100510283294605
2026-04-29 19:18:55,185.384,0.07078458038953953,0.12952910822437658,-0.17369222877484583,0.9736748753895734,-0.6507296414838851,-0.10372420443147153,-0.15747933624069801,0.7355219111396356,-0.7373914178458791,-0.1114694281126713,0.006992032214044383,0.6661678279300165,-0.6420876083702589,-0.020386950760829803,-0.030891559045960703,0.7657372832739351,-0.6868924016934536,-0.17609125968076653,-0.2208750205155934,0.6696155031598928,-0.7047749831969564,-0.20663123278475926,-0.07582652632067079,0.6744227862429628,12.930112581071363,16.961371880338515,13.926879195703243,9.555983534522571,12.406609719503063,5.653790626779505,4.642293065234415,3.1853278448408573,4.135536573167688
2026-04-29 19:18:55,185.436,0.07087134886156482,0.12955402854803,-0.1737695027262995,0.9736514599792748,-0.6503581088748638,-0.10408088350368225,-0.15751267817326384,0.7357929437854712,-0.7378230503139883,-0.11183705467615088,0.006975472368223655,0.6656282464048275,-0.6389310132692548,-0.02099957091920932,-0.030340004004120825,0.7683785931823988,-0.687750252542307,-0.1760729638756428,-0.22104453740052812,0.668683194050386,-0.7021801279571184,-0.20708592626147568,-0.0750781025392711,0.6770685087682445,13.036673075379333,16.935594543489774,14.29373054782555,9.466409258482896,12.769820953605482,5.645198181163258,4.764576849275183,3.155469752827632,4.256606984535161
2026-04-29 19:18:55,185.486,0.07074791635226622,0.12969108455530934,-0.17376909863912696,0.9736422624746862,-0.6506540850132757,-0.10411974618271003,-0.15756246213406805,0.7355150648604253,-0.7394269664976639,-0.11222686280541426,0.006812796733251188,0.6637819508555416,-0.6383233666489078,-0.02156995247368761,-0.029884660833413276,0.7688855075933989,-0.6884447904736786,-0.17588084719069538,-0.22111708464279237,0.6679947102636431,-0.7023619100103937,-0.20707830349262304,-0.07549961389621128,0.6768353802001575,13.046336424164348,16.769408081405757,14.37107431865729,9.406172154018574,12.788984710229478,5.589802693801919,4.790358106219096,3.1353907180061915,4.262994903409826
2026-04-29 19:18:55,185.537,0.07053665643079635,0.12994216231514755,-0.1738112250540623,0.9736165942493142,-0.6504501356059764,-0.10405631981034937,-0.15778554683332568,0.7356565942124095,-0.7440884619291241,-0.11244558769898147,0.005932556340249728,0.6585234661014374,-0.6394058936659288,-0.021898328031628896,-0.029514601490710946,0.7679905303280365,-0.688094315325027,-0.17599880473958898,-0.2208906540663204,0.6683995458509616,-0.7057345211982325,-0.20651220309889898,-0.07686827544380348,0.6733370358079498,13.081458302284831,16.215428424315796,14.255535505031252,9.482397884156356,12.420330753500192,5.405142808105266,4.751845168343751,3.1607992947187853,4.140110251166731
2026-04-29 19:18:55,185.589,0.07056444652833488,0.13041187502336404,-0.1739722972302225,0.9735230051393133,-0.6497853490820975,-0.1040722525263413,-0.1581381242263152,0.7361659459921607,-0.747552258409116,-0.11254284126766273,0.005045479408302359,0.654579462681478,-0.6399265685004119,-0.021950538594846154,-0.029125064244821176,0.7675701214973254,-0.6889946614141206,-0.17561275105599833,-0.22107831631105443,0.6675109708959508,-0.7069703649805614,-0.20614059141798124,-0.07729065637093632,0.6721049873694188,13.132201777246198,15.808248999288438,14.19698473985762,9.372760400663271,12.32852233172586,5.269416333096146,4.732328246619207,3.1242534668877573,4.10950744390862
2026-04-29 19:18:56,185.64,0.07129908343962572,0.13114873260507362,-0.1744878840595108,0.9732781868269662,-0.6504206379161528,-0.10434827093142335,-0.15828469231000583,0.7355340837151559,-0.7471393624382796,-0.11253513778827923,0.005065463394919553,0.6550518734717801,-0.6398817192078631,-0.021848380733128316,-0.028777273117569502,0.7676235420014466,-0.6890149326893822,-0.17544380017394365,-0.22122455431389126,0.6674860238837903,-0.7065076565684195,-0.20614366694141426,-0.07740491392968028,0.6725772811281141,13.016723027158996,15.917181866395783,14.219059490859934,9.363772637894744,12.446983253944822,5.305727288798594,4.739686496953311,3.121257545964915,4.148994417981608
2026-04-29 19:18:56,185.691,0.07309829270685538,0.132114571144024,-0.17592108657167807,0.9727559565452241,-0.6502135589025944,-0.10630147058048349,-0.15744881026749513,0.7356168821587767,-0.747536844076614,-0.11293187119940518,0.005574994530868082,0.6545257662241861,-0.6393285059171909,-0.021495608737802145,-0.028754840517827392,0.7680951500129902,-0.686928870792629,-0.17600783521651872,-0.22135836219286006,0.6694403960781371,-0.7079074641800385,-0.20575865787520028,-0.07972453728458656,0.6709503670334659,13.066161327160993,15.932338705057935,14.327537812420694,9.61629312742352,12.4070706670125,5.310779568352645,4.775845937473565,3.2054310424745065,4.1356902223375
2026-04-29 19:18:56,185.742,0.07452063557320004,0.13376020720419324,-0.1819493007628848,0.9713132006692563,-0.6468356538106018,-0.11074450549896285,-0.15524796894466425,0.7384018957178794,-0.7472257175517798,-0.11521749476357465,0.005658503386906556,0.6544819609959115,-0.6401076848058617,-0.02111983464728931,-0.028840366013850288,0.7674531501825619,-0.6857849824038609,-0.1762380936113074,-0.22326172971076175,0.6699203626671957,-0.7096487700403331,-0.20651632118346466,-0.08573783139176083,0.6681307181482741,13.245165473927955,15.963561563731206,14.36925984291291,9.666205953885127,12.38823478255825,5.321187187910402,4.78975328097097,3.2220686512950425,4.129411594186084
2026-04-29 19:18:56,185.794,0.07347607249220146,0.13714241314178777,-0.19702525742937388,0.9679743143408596,-0.6377851260607599,-0.11642235678187295,-0.15251754216919297,0.7459318783559821,-0.7454166604753072,-0.1194596394437777,0.0032226175305727356,0.6557995208644597,-0.644828125476382,-0.021598280534190172,-0.02813013411806193,0.7635043539018502,-0.6860268969769031,-0.17614668898818708,-0.2273869338941302,0.668307281777602,-0.7093553922132969,-0.21124013872532327,-0.09449644142820716,0.6657799590605228,13.2835256319258,16.06102923569034,14.200160946573067,9.388066597805516,12.549155051398467,5.353676411896781,4.733386982191022,3.1293555326018385,4.183051683799489
2026-04-29 19:18:56,185.844,0.06918173682342785,0.14384582976760746,-0.22421280092408483,0.9613796775729864,-0.6201651076999785,-0.12377161581672212,-0.1485612136518068,0.7602666585533618,-0.7425342815557392,-0.1259265158922651,-0.0025037002410209543,0.6578594719199843,-0.6539543392094747,-0.022863106700799867,-0.02748563387064055,0.755688785487661,-0.6845216819460276,-0.17527272324661713,-0.23522233303463222,0.6673679595794519,-0.7091215150910756,-0.21949466696059491,-0.1108482677946839,0.6608187569505826,13.197750384737098,16.05195556910621,13.901338872235577,9.213100615209338,12.698985591025508,5.350651856368736,4.633779624078525,3.0710335384031127,4.232995197008503
2026-04-29 19:18:56,185.894,0.05942260059926819,0.1545594791444619,-0.2687503739839624,0.9488696214064886,-0.5887537297899993,-0.13130737872477818,-0.14128216133912308,0.7849629092117271,-0.7370007504773546,-0.1357913776562566,-0.012623072638889201,0.6619903727299857,-0.664554947753183,-0.025374323737238233,-0.027909437107891594,0.7462867601880411,-0.6776636819516669,-0.17533324770542635,-0.24803963101158208,0.6697062997019035,-0.7069035993740933,-0.23431397490936903,-0.13767334758401298,0.6530163181109142,13.033227990316298,15.934344772089819,13.892051972111995,9.561265680884997,12.868643764337314,5.311448257363273,4.630683990703998,3.187088560294999,4.289547921445771
2026-04-29 19:18:56,185.946,0.04671989431219378,0.16688634626083265,-0.31873963726625504,0.9318643906398308,-0.5470055417935682,-0.12961152259022896,-0.13452184723283608,0.8160206266241271,-0.7294380577231441,-0.14313620684384248,-0.027654930752728173,0.6683317671938884,-0.6738807486350321,-0.02987057113183913,-0.03111933648570481,0.7375798753328592,-0.6673460968617702,-0.17926128761744292,-0.2613994945148615,0.6739324016787385,-0.6984014272687077,-0.25518987340320975,-0.16125947301979193,0.6489290849259762,12.838712459325421,15.940346337099003,14.043176341117409,10.262096602318387,13.33995366243864,5.313448779033001,4.68105878037247,3.4206988674394623,4.44665122081288
2026-04-29 19:18:56,185.996,0.03386102201722853,0.17876678744688831,-0.35914112458680447,0.9153761628556827,-0.5088670294480535,-0.12233362171047017,-0.1263040182385705,0.8426957495541938,-0.7221945030856914,-0.14732123313261436,-0.04007443519253083,0.6746299679269345,-0.6795612767843732,-0.03653870997502641,-0.0356518792359371,0.7318403769098148,-0.6562257465855753,-0.18370383869032575,-0.271089734698712,0.6798021954286593,-0.6870002923517626,-0.2738030623764683,-0.17972530410733537,0.6486611568495422,12.820505887013303,15.960306617087095,14.039051371570558,11.113282020751774,14.041303851626862,5.320102205695698,4.679683790523519,3.704427340250591,4.680434617208954
2026-04-29 19:18:56,186.047,0.014297362801948757,0.19190644114664468,-0.4072732587041877,0.892802327510301,-0.46729078482327313,-0.11541913376490036,-0.1058559370625207,0.8701219837291925,-0.7114863012323164,-0.15564683911886715,-0.04811289039874817,0.6835542805136554,-0.6861500655337907,-0.047635976785206126,-0.03847585362893813,0.7248782725197511,-0.641940150026033,-0.18368085118341496,-0.2787158087332174,0.6902837725568225,-0.6722069993061782,-0.2912127556332044,-0.20885828147759386,0.6478511397678679,13.016366465682944,15.85751032635797,13.963558426007001,12.026289274127414,14.67947747041032,5.2858367754526565,4.654519475335667,4.008763091375805,4.89315915680344
2026-04-29 19:18:56,186.098,-0.012363741685361834,0.20741227061061915,-0.47291687526893733,0.8562575062313611,-0.4142317970784734,-0.09851371958458432,-0.07361611677643297,0.9018246684880088,-0.6944819541552657,-0.1656647592019964,-0.059906981495363346,0.697611035233347,-0.6986542954028234,-0.06258710742420048,-0.04414902313210395,0.7113479410639613,-0.6282719403945077,-0.17706183732111186,-0.28624634120206716,0.7014174982318463,-0.6522234946170008,-0.3070319061637225,-0.24834476067406042,0.6470400308426073,13.06587632455556,15.807557641214231,13.917417115664072,12.72765073027067,15.281329942740818,5.269185880404744,4.639139038554691,4.2425502434235565,5.093776647580273
2026-04-29 19:18:56,186.149,-0.03805623770505863,0.2231882423317348,-0.5406547380930631,0.8102044096609993,-0.3668167090192285,-0.07125611541939066,-0.037203711444002786,0.9268138712030762,-0.6774476575128947,-0.17100420678713094,-0.07595507738377728,0.7113740639150549,-0.710919835253107,-0.07760886678671815,-0.05535921934324688,0.6967820379957301,-0.6206844123343855,-0.1653684139507685,-0.29408888804164823,0.7077541055217926,-0.6287832731614708,-0.3165544486165961,-0.2861923595082218,0.6500144689255055,12.868781417553677,16.079874784404193,14.676777801382546,13.457973959164608,16.30622077834462,5.359958261468065,4.892259267127515,4.485991319721536,5.435406926114873
2026-04-29 19:18:56,186.2,-0.056020687382189335,0.2361637078427895,-0.5949684407726641,0.7662251236860598,-0.33310271422970905,-0.045211413666726236,-0.006840432960753735,0.9417811414144831,-0.6607728320161134,-0.16846724284529796,-0.08928262735779083,0.7259660219387672,-0.7167222022681761,-0.08935268630447318,-0.06669349383729722,0.6883875072267105,-0.6144007064899781,-0.154957114923969,-0.29911742016387366,0.7134625661894003,-0.6043701839284588,-0.32327625172975477,-0.31105489460425717,0.6583874227144498,13.458238082360996,17.74564804571192,16.825664680720465,14.904572437934608,17.996630958924243,5.915216015237307,5.608554893573488,4.9681908126448695,5.998876986308081
2026-04-29 19:18:56,186.252,-0.06665818484064286,0.2465097029310421,-0.6279260483998854,0.7351860516192515,-0.30578787838712074,-0.038291969650059314,0.008638458805530965,0.9512901111234615,-0.6408492751133177,-0.16330857641517219,-0.0943870640986657,0.7441327822282926,-0.7171546852513807,-0.09696679572737701,-0.0719233290882791,0.6863771796040553,-0.6083104660511085,-0.14731506072999634,-0.2987205848676768,0.7204322743680448,-0.5877824242050805,-0.32812504968170264,-0.3235367477504162,0.6649584546586822,16.631751660404305,21.734122348611717,19.923796322704682,16.84696501842999,20.019492588759626,7.2447074495372386,6.641265440901561,5.615655006143331,6.673164196253208
2026-04-29 19:18:56,186.302,-0.07670349508687006,0.2562741082418157,-0.6394441309472073,0.7207991111838941,-0.27836020456119004,-0.054121528915799653,0.01386417837825016,0.9588504790541458,-0.617235985368553,-0.1621933108896935,-0.09333765718870304,0.7641996794158415,-0.7136256613647423,-0.10224408752495916,-0.07292545902897613,0.6891780897803816,-0.6151817973006394,-0.13704562298065873,-0.2987621251793289,0.7165968504327445,-0.5935796135594974,-0.32790738015258375,-0.335545309172392,0.6538725700780164,23.952838352047287,28.57207124745871,24.489091004828737,18.768068841103407,22.29196857048937,9.524023749152903,8.163030334942912,6.256022947034469,7.430656190163123
2026-04-29 19:18:56,186.354,-0.08456386658144763,0.2650717103260951,-0.6190694361055459,0.7343970139737466,-0.2562921942407159,-0.07783412926036165,0.0022951791210779095,0.963457778860269,-0.57839994696033,-0.16311389345716767,-0.08785078601427654,0.794436654815351,-0.6986910479846486,-0.10582489309357816,-0.07499029268528187,0.7035683104509627,-0.6524338066856417,-0.11983334962854517,-0.3062939740046134,0.6827547859216712,-0.6405088530288109,-0.31813486602616703,-0.35495771464817183,0.6021159664233934,34.609045127108004,39.85418876738978,33.490760513683554,21.98551188691465,25.68315069709861,13.284729589129926,11.163586837894517,7.328503962304883,8.561050232366204
2026-04-29 19:18:56,186.404,-0.09712053437136248,0.2771132298243595,-0.5566598129832118,0.7771137061390879,-0.31414306025151795,-0.10011393486155166,-0.034819085275469626,0.9434399657863387,-0.5282392902742126,-0.1636420921770002,-0.07717377408227125,0.8295955198001186,-0.6433801809539984,-0.11428982223405769,-0.06748618143401906,0.7539531779923488,-0.6985980895334893,-0.09858353131942567,-0.32047977726729115,0.6320875801781413,-0.7053229403498744,-0.2969854781343201,-0.37215870341699747,0.5251828967745582,38.70311922465656,54.65242155263098,49.551449460565806,29.324575990320987,32.5759142933491,18.217473850876996,16.517149820188603,9.774858663440328,10.858638097783032
2026-04-29 19:18:56,186.456,-0.1297808523426622,0.2957832932780704,-0.4656984431489789,0.8238896369243933,-0.44739516185528316,-0.10515154921067696,-0.07433666322314253,0.8850168254603573,-0.5061491287274273,-0.16240062140585848,-0.07016295546082141,0.8441067807667819,-0.5701224144334014,-0.12729086637118014,-0.04670881206034518,0.8102936225683963,-0.7241167232641728,-0.08428151995599291,-0.32882328833879093,0.6003555959005709,-0.7414041308863916,-0.2788437872299563,-0.3666440625166831,0.48799404550579506,33.589549203374716,66.34158702637579,65.91807277698197,39.86423584714716,43.61530459750103,22.113862342125262,21.972690925660658,13.288078615715719,14.538434865833677
2026-04-29 19:18:56,186.506,-0.17567865076874867,0.31113447679885925,-0.3636764760760667,0.860274241018564,-0.5617824471270101,-0.09154042209137911,-0.08537034569553842,0.8177608068984137,-0.5100183467742554,-0.1517149476076443,-0.07002358750345299,0.8437775523318994,-0.5476798470414181,-0.1375121505877443,-0.031370618495298645,0.8247139369991543,-0.7558852214426245,-0.06491616236711337,-0.3253815859850651,0.5644025579052641,-0.7639922213078247,-0.2589114107634356,-0.3495872551645126,0.47651811947098666,27.048900565314987,72.42663849559851,73.66526225303252,45.26873654088744,51.373437642868424,24.14221283186617,24.55508741767751,15.08957884696248,17.124479214289476
2026-04-29 19:18:56,186.558,-0.2226808481268059,0.31063145716854323,-0.2578083132439191,0.8873872949942427,-0.6423550000264732,-0.060415097764942464,-0.06156119582852188,0.7615381074320606,-0.5070922868868668,-0.1330535953346511,-0.062131881681694784,0.8492901639764012,-0.5325006872429388,-0.14933732801553748,-0.021005047929569566,0.8328866480550965,-0.7861020729397075,-0.04549738062914606,-0.31481400071283705,0.5299676067751306,-0.7941791741863125,-0.23256980529860066,-0.32895797172856645,0.45494766488943067,21.572549085616284,76.65422099253601,77.54709448892902,45.40375652998872,52.44041383307474,25.551406997512004,25.849031496309674,15.13458550999624,17.480137944358248
2026-04-29 19:18:56,186.61,-0.2638278477125953,0.290978355392125,-0.1622879069631759,0.9052011371613192,-0.6993065959441365,-0.01720402834534876,-0.010958459952526084,0.7145307680101576,-0.5098682813206087,-0.12099897381454423,-0.04446227517039292,0.8505390585538493,-0.5107797814358596,-0.16726724385663547,-0.02119862693844636,0.8430161933348997,-0.798438246797629,-0.03358505008514277,-0.30901437305904816,0.5156341025421326,-0.8105040727469409,-0.21434944559188196,-0.30660174485613517,0.4507025996000554,18.315937640323277,80.84980986531482,81.47915186224748,46.09389671966502,52.68802437992025,26.949936621771606,27.159717287415827,15.364632239888339,17.56267479330675
2026-04-29 19:18:57,186.66,-0.28283568208994087,0.2590711367468206,-0.0958880285129547,0.9185268689751689,-0.7465301972380824,0.01723561920101546,0.040145734179045565,0.6639155955915276,-0.5535287729704202,-0.11864463635076831,-0.028617654510332536,0.8238388055981475,-0.5005520077445912,-0.18680436537072775,-0.03109948618455323,0.8447393909250089,-0.8105070754007011,-0.021387814141101556,-0.3106499018290015,0.4961022884701296,-0.8156383589346199,-0.202151624338155,-0.3004778353750978,0.45120046394056496,16.934328847693052,84.76571314897751,89.02809952331357,49.061863551864406,54.70765516115434,28.255237716325837,29.67603317443786,16.353954517288134,18.235885053718114
2026-04-29 19:18:57,186.712,-0.27352719658146474,0.22506308076192222,-0.05403647201893288,0.9336003117501539,-0.7929369565177301,0.03152327028321034,0.07155819859806632,0.60426541406277,-0.5788603410338171,-0.12695751007656828,-0.012040128335868379,0.8053927808982564,-0.43755370584732795,-0.2030290315546119,-0.021930791545897867,0.875696869485918,-0.8122449027488912,-0.023244990915091912,-0.30942181390561707,0.4939392973181617,-0.8132408840558053,-0.20143087114029246,-0.29855090991125777,0.45709104436966974,16.569170925622025,92.55590238080035,106.18858865858067,56.091191975261026,58.848775356979246,30.85196746026678,35.39619621952689,18.697063991753677,19.616258452326417
2026-04-29 19:18:57,186.762,-0.25062742754999556,0.1870846623964914,-0.013784599645818482,0.9497342820327521,-0.8318029653539141,0.0437932934047169,0.09713083783924181,0.5447490932730868,-0.5242446941593152,-0.13518633584556847,0.015031413869518038,0.8406344103375369,-0.32413773696328285,-0.20714507098803447,0.0012195112447498067,0.9230515477664332,-0.786801757423112,-0.04771531241450245,-0.29973967550213715,0.5374219668072404,-0.7951871501743729,-0.2149480289875527,-0.27356266446163763,0.49662683137802294,17.02899815824395,105.71665620823373,124.86001502171754,65.87177773522323,63.09661961265304,35.23888540274458,41.62000500723918,21.95725924507441,21.032206537551016
2026-04-29 19:18:57,186.815,-0.22158954360722422,0.13752202249033324,0.03491393920611951,0.9647625533483469,-0.8644942398714093,0.06725868540668994,0.1280053370460717,0.48139444549583243,-0.458255707376043,-0.13075983788977963,0.04656650255692928,0.8779152193076143,-0.28265601336590385,-0.20370659733904958,0.004104240113427729,0.9373325746615935,-0.7643102210773929,-0.07423101170986857,-0.28366345191374714,0.5743297736540683,-0.7762056709759937,-0.22238852595402644,-0.22992207308756557,0.5433083288297897,17.497310636229653,115.7055776590332,130.99479022116114,71.58972097787253,63.5635095122731,38.568525886344396,43.66493007372038,23.86324032595751,21.187836504091035
2026-04-29 19:18:57,186.864,-0.18601579625741677,0.08654267564968801,0.07630539455638911,0.9757489306146874,-0.8946588067292689,0.08442149741047403,0.14878840842832897,0.41269921230128226,-0.44254782613831034,-0.12434941513410201,0.0715034268741956,0.8851982289189858,-0.3007307743080708,-0.20154566391596615,-0.007359832684046637,0.9321406436818445,-0.7670159827614724,-0.0876972567579065,-0.2696309477250487,0.5755821621406301,-0.7740783328347062,-0.21340375983671203,-0.19142538077402008,0.5644624819409332,17.241449996169223,116.80822873964325,129.00954065702518,71.2716917879801,60.02142567277684,38.93607624654775,43.0031802190084,23.757230595993367,20.007141890925613
2026-04-29 19:18:57,186.914,-0.14856624726706608,0.049513607627503814,0.09728132254074402,0.9828595103662651,-0.9194404224691074,0.08293226377724977,0.14141182576309005,0.35742725789866575,-0.4562539085085394,-0.11787151485229191,0.08301137633157561,0.8780932685977297,-0.3048714072899211,-0.19835620694001746,-0.015047472179436288,0.9313870375769899,-0.7807853112255986,-0.09075353467657876,-0.25734145742762193,0.5620618008787643,-0.7861733716862909,-0.19485489836756195,-0.16457567008471918,0.5629190412925664,16.69645418074137,111.78031588489995,127.14325013925279,67.94715208969707,55.0984417417358,37.26010529496665,42.381083379750926,22.64905069656569,18.366147247245266
2026-04-29 19:18:57,186.966,-0.10966436286708366,0.02456315083226151,0.10876191125355651,0.9876949052205451,-0.9291323785589554,0.07846826205341344,0.11318284519094539,0.34314049384789497,-0.44199574846892564,-0.09884273592125317,0.09367815551439129,0.8866195774233825,-0.31341941339849544,-0.18787442581355457,-0.025276068522747476,0.930501258349608,-0.792465925648151,-0.09194951724058868,-0.24105805073699393,0.5526608898236992,-0.782016607728159,-0.1786431445067246,-0.13275037627285413,0.5821631985599125,17.1296599802112,104.47754411162919,122.77127624359676,62.72799106329164,52.37023912817051,34.82584803720973,40.923758747865584,20.909330354430548,17.456746376056838
2026-04-29 19:18:57,187.017,-0.0713048391554348,0.0009144856256690918,0.12504140005292402,0.9895854848884268,-0.9221144862173537,0.08070777597216817,0.09062059374068498,0.367394933546746,-0.42552135220640697,-0.0824699606461105,0.1094050708143953,0.8945170847376573,-0.3531639500972126,-0.16946451137741075,-0.04772263816835257,0.9188468607671256,-0.804430343634669,-0.09231065429167405,-0.22829889166116665,0.5406016846166262,-0.7608806745631694,-0.16123586017192013,-0.09847283825025234,0.6207791045113045,19.51580144735496,94.4059465320227,114.10220508291118,56.038418234659126,50.90208767405981,31.468648844007564,38.034068360970394,18.679472744886375,16.967362558019936
2026-04-29 19:18:57,187.067,-0.04397790926583002,-0.02438403980061462,0.15130106815731054,0.9872078549495367,-0.9089089030764954,0.09837272152252985,0.09551965004581114,0.3938063102892825,-0.4533454773735104,-0.07970801741665362,0.11493656468370592,0.8802920516528583,-0.33390825506056554,-0.14592550537648988,-0.06607342434732802,0.928894680078448,-0.790336481118855,-0.09454377677643025,-0.20874339034050413,0.5682041163830706,-0.7244029773281836,-0.14422562277643292,-0.0673244432497033,0.6707508594954841,22.301258156146577,83.16470210486762,106.86697137620612,50.78586827549577,48.051606093670514,27.721567368289204,35.622323792068705,16.92862275849859,16.017202031223505
2026-04-29 19:18:57,187.12,-0.03211747113902938,-0.04385198869849304,0.1792828760926914,0.982294824110742,-0.8955484340188928,0.13974727122287567,0.11861019330302153,0.40545693304799807,-0.48701219632140735,-0.07495937963468761,0.11546119062682089,0.8624783623361334,-0.26471291681402176,-0.12115518241855203,-0.07250413859063315,0.9539348213228043,-0.7291179496822164,-0.10711231150115166,-0.1690194745786733,0.6544817685690185,-0.6287878823484524,-0.13773558025432703,-0.02721492686096675,0.7647967420823031,22.510495393600163,72.00587545085784,96.39687722748411,45.42504462821993,45.08124267702221,24.001958483619283,32.13229240916137,15.141681542739976,15.027080892340736
2026-04-29 19:18:57,187.169,-0.028242024480212465,-0.0530177190516265,0.196774882595709,0.9786067418014587,-0.8888991559887547,0.17944334414564606,0.1422060043264498,0.3967818406351439,-0.5384809877194915,-0.0744289249541399,0.11497294172442031,0.8314323686662946,-0.30418048345990706,-0.09382127165447031,-0.07722453553638471,0.9448323521019085,-0.6858269950002652,-0.11924911695379431,-0.13281901780500843,0.7055353212589426,-0.5329903138268138,-0.12773887037675963,0.016777252712288297,0.8362551226468464,20.621420596356174,59.34858373592735,75.1698048263049,35.628533462960974,39.0875321719178,19.782861245309117,25.0566016087683,11.87617782098699,13.029177390639267
2026-04-29 19:18:57,187.22,-0.015465789414405594,-0.05381726098118308,0.20272884446228046,0.9776326137160426,-0.8912959462397952,0.1975297690645087,0.15553822936590353,0.3773345806516408,-0.5843231423273502,-0.07676190785534179,0.11326766074237468,0.799902814017459,-0.4140762138537763,-0.06651091906652085,-0.07731921643850967,0.9045103236197933,-0.6989229030895237,-0.1217878676255931,-0.11737765592816918,0.6949078908207418,-0.5450439891892982,-0.11463752318590922,0.04220608211435559,0.829460026016307,19.324433718784015,50.61340760351388,52.546082282420635,24.79963768824981,28.22632775065733,16.87113586783796,17.515360760806878,8.26654589608327,9.408775916885777
2026-04-29 19:18:57,187.271,0.02116435550164404,-0.04489519884192938,0.19161612704574507,0.9802141352955142,-0.8981509820795105,0.1765744178032464,0.12967343228228623,0.38122314899175114,-0.6140193471839883,-0.0831918180831357,0.11284529165792534,0.7767401771753597,-0.5126254170274606,-0.048003636475582485,-0.08186690601285286,0.8533514178827063,-0.7370551741693925,-0.11431152801790563,-0.12510604478653628,0.6542407984451958,-0.6166025440988407,-0.09881786983860763,0.031523559051133875,0.7804118120813823,19.18669867400201,46.52289982419945,37.95764194135808,18.031420194005744,20.415160292177198,15.50763327473315,12.652547313786027,6.010473398001914,6.805053430725732
2026-04-29 19:18:57,187.323,0.07677097359759691,-0.01703121367349691,0.1535555855661758,0.9850060088725925,-0.9003196929151728,0.10488819692107827,0.06068530543969729,0.4180193899802556,-0.6469751737726209,-0.09846108220344316,0.10704429983191827,0.7485118954877793,-0.5907490179860801,-0.0369483808117571,-0.09373354315592233,0.8005400913079297,-0.7738434522910527,-0.10424551017871594,-0.1498131748096341,0.6065106739434207,-0.681732126957984,-0.07517291579094469,0.0022765254925552238,0.7277260179741498,18.0076993038632,44.18426598174572,32.29701940792702,15.647746961878571,18.243786434407777,14.728088660581905,10.765673135975673,5.215915653959524,6.081262144802593
2026-04-29 19:18:57,187.373,0.12699568996898922,0.03167140763534922,0.07511471169821526,0.9885478221887852,-0.8778498430833656,0.006207098158494646,-0.009509115418249843,0.4788013175158601,-0.674227004523532,-0.11635508715499251,0.09923877169747897,0.7225172013567255,-0.6447244029051794,-0.0257820498290914,-0.0931073240836599,0.7582854056403501,-0.7914918172558557,-0.09907286496814258,-0.1814804535711973,0.5751435608746912,-0.7271976803131669,-0.06074004034508676,-0.03940653370704073,0.682598935208093,14.650295098600742,43.75985461901155,31.936913366581912,16.128904533931056,19.02548321541008,14.586618206337183,10.645637788860638,5.376301511310352,6.341827738470027
2026-04-29 19:18:57,187.425,0.1478224831964244,0.08520055907456536,-0.04853793258084406,0.9841409692192485,-0.8042690182673253,-0.087860144137393,-0.061223190615451034,0.5845371350550223,-0.6921771946489695,-0.13820594013910917,0.09173872556355947,0.7024057627540662,-0.6848127812036923,-0.021626618413936365,-0.07559161975476161,0.7244650792818752,-0.7882789601972848,-0.10916101937422343,-0.20937361493206103,0.5682102094557516,-0.7518989107357902,-0.0906810059585306,-0.08516647328048679,0.6474346723968722,10.74935916613901,43.67579889860227,32.37518292433073,17.34582683723828,20.0803630915079,14.558599632867422,10.791727641443577,5.781942279079427,6.693454363835967
2026-04-29 19:18:57,187.475,0.1483045577368351,0.11891725825113711,-0.13990365852564035,0.9717465771360635,-0.6962227952568216,-0.13127738958378127,-0.11367989149601852,0.696503373012866,-0.6958821103474727,-0.15142504404192603,0.08169884835369699,0.6972401614314311,-0.7056487693767253,-0.03307879683910917,-0.05681873795103125,0.7055049528489805,-0.7747615156673968,-0.13134488000370384,-0.21106372742504012,0.581330559409205,-0.7489464863863304,-0.13310434845722816,-0.08905563667669597,0.6429863812923687,8.312045948601652,43.10819461920116,31.859434558991982,17.96107383398169,20.259642214854612,14.369398206400385,10.619811519663994,5.98702461132723,6.753214071618204
2026-04-29 19:18:57,187.527,0.14739848795842353,0.12425662198994127,-0.14015482802579937,0.9711800048499135,-0.6250402391281041,-0.12823322761504843,-0.18137445476638192,0.7483209511728958,-0.6920797627258688,-0.1449475788408892,0.07647166314281208,0.7029707576774737,-0.6985269478948148,-0.03724339475435813,-0.04683926478153447,0.7130772159357297,-0.7645956587234995,-0.13920166323742397,-0.19458177842247015,0.5984599461276097,-0.7434557692719072,-0.13137907097098972,-0.06345134719473788,0.6526767847765762,8.0593741807117,42.98446370155967,31.0405943412424,17.451830778613548,18.946655946947608,14.328154567186557,10.346864780414133,5.817276926204516,6.31555198231587
2026-04-29 19:18:57,187.578,0.14041437465977136,0.11778787173446555,-0.10819581801095915,0.9770892925552453,-0.5938436971180561,-0.11453338759370825,-0.22526507409293353,0.7638634779287286,-0.6913366385555924,-0.1322178583596645,0.08170221459485325,0.7056180540857317,-0.681781427677155,-0.03139986257420781,-0.039022966124876046,0.7298392573845546,-0.7567184574910352,-0.13439417511497415,-0.17979963396343684,0.6139930564869348,-0.7456548559898858,-0.11019153189183344,-0.04784576037119964,0.6554139495406972,8.444628300118476,42.45348223278928,28.89449917814388,16.072847930515962,16.64118961789885,14.151160744263093,9.631499726047961,5.357615976838654,5.547063205966283
2026-04-29 19:18:57,187.63,0.12932814765250586,0.11078146998669415,-0.08824823101000716,0.9814346365683062,-0.5781198257191117,-0.10932033872831956,-0.2503525464913144,0.7688628831697779,-0.7002137447716814,-0.11906013954494629,0.0937502629637451,0.6976648787194215,-0.677779078970114,-0.023862343293617905,-0.021902838921323685,0.7345518186827585,-0.7532510550892573,-0.12930119329479703,-0.16130389038822157,0.6243997952955197,-0.7517552315369185,-0.09636429562339899,-0.03314523911980608,0.6515208266122973,8.595086891698854,40.2126893649863,24.514776199723162,14.30608211214407,14.50011411080781,13.404229788328768,8.171592066574387,4.768694037381357,4.83337137026927
2026-04-29 19:18:58,187.68,0.11637305295599133,0.10335046149342797,-0.07212041795576178,0.9851774662306705,-0.5692545681761941,-0.11300013048686239,-0.28350320294265646,0.763417409443708,-0.7148375811869943,-0.10816424609811755,0.10431862723770055,0.682953404267081,-0.6810444935828196,-0.020408252041387222,-0.003409557711783354,0.731949640293201,-0.7539442494639138,-0.12228600246284747,-0.14133186394788885,0.6297932252215546,-0.7597869399370563,-0.08534788212499858,-0.016173535962477455,0.6443430465616372,9.067698264408094,36.603830297696156,20.06816615678438,12.49680585222928,12.849627892564936,12.201276765898719,6.689388718928126,4.165601950743093,4.283209297521645
2026-04-29 19:18:58,187.731,0.1035504599873596,0.09724632387687593,-0.05542718854731721,0.9883057631616747,-0.5614827911868698,-0.11699284662924839,-0.3222392987410335,0.7531345055071332,-0.7327305249382896,-0.10063438550670918,0.10810826804625767,0.6642975994668233,-0.6814692493197319,-0.01453106561867807,0.00881812085421347,0.731649336163293,-0.7566921644156387,-0.11078359433133915,-0.12213966605424129,0.6326340692020656,-0.7743262149841275,-0.07281626831073491,-0.0017184469926541791,0.6285807432602332,8.964534287944293,32.15483467570962,16.886201801967516,10.782149043809515,11.271634530812113,10.71827822523654,5.628733933989172,3.5940496812698384,3.757211510270704
2026-04-29 19:18:58,187.781,0.0946450069206465,0.09398407025069559,-0.03765549007321169,0.9903491209020431,-0.5647153116561876,-0.11861707449814637,-0.35347210087678155,0.736263594319528,-0.7520974775352084,-0.09276441975937982,0.1098090287503154,0.643184362307414,-0.6778561719563883,-0.0023431528890998227,0.020950065050297097,0.7348922468971613,-0.7621672808657057,-0.09651309896885973,-0.09972584804276534,0.6323298292326203,-0.7881507569596031,-0.0583576175103447,0.013176273036206155,0.6125676767602062,7.844870969250813,27.465265708561283,14.576929706033184,9.097576333371345,10.222975185061301,9.155088569520428,4.858976568677728,3.032525444457115,3.4076583950204338
2026-04-29 19:18:58,187.833,0.08726321531825364,0.09058168564073009,-0.020445386087797834,0.9918478087219456,-0.5917408704924086,-0.11482630832974473,-0.36514067706200887,0.7094575019400012,-0.7669615825935252,-0.085295912735628,0.1122371455058675,0.6260170614806966,-0.6728105001582456,0.006504893356369137,0.028503615333373856,0.7392369452023896,-0.7682942826182106,-0.08420263116351363,-0.08200379657279286,0.6292131511252436,-0.7909885930644491,-0.04481434025878389,0.028179255453111667,0.6095364223007528,6.890478675828689,23.584312450458746,12.906676460448885,7.389396952644686,10.051304123551182,7.861437483486249,4.302225486816295,2.463132317548229,3.3504347078503938
2026-04-29 19:18:58,187.883,0.07859798873681072,0.08368491982083964,-0.005905835898942714,0.9933701784649279,-0.6391906881227575,-0.10088074432667439,-0.3550375150896663,0.6746900788659983,-0.773887141416528,-0.07953996016624673,0.11425837521454546,0.6178325912253569,-0.666493248361565,0.011030999890086601,0.027870657816335822,0.7449082449287019,-0.7698113065135279,-0.077310777659147,-0.07312302786510295,0.6293382388012925,-0.7886012560481311,-0.0363035257863109,0.0406928566720148,0.6124820033198229,6.611414967552282,21.072293557120283,11.888233421760425,6.027807109354066,9.789522758492911,7.024097852373428,3.9627444739201416,2.0092690364513555,3.26317425283097
2026-04-29 19:18:58,187.934,0.06684675382441291,0.07369192875613712,0.0013842248161377712,0.9950372330023621,-0.6781846694843225,-0.07654026576000363,-0.32737322219024206,0.6534783203646519,-0.7717080351728819,-0.07983778990392885,0.11348121990958555,0.6206566268724588,-0.6572400228483305,0.014657636140264104,0.026120822065204972,0.753085923865095,-0.7661232123927872,-0.07613749605495979,-0.07004677016681479,0.6343120329275135,-0.7898125921798985,-0.03709775658203947,0.04575431194670601,0.6105132010275721,7.04863331013378,19.677766968419405,11.388627032370291,5.333075219852468,8.8891185981913,6.559255656139802,3.796209010790097,1.7776917399508225,2.9630395327304337
2026-04-29 19:18:58,187.985,0.056389315343871836,0.06425609264906834,0.005627473470493626,0.9963231058320703,-0.6986618273044077,-0.04565240801270645,-0.29695321009815523,0.6493121743219576,-0.7689426613718303,-0.08500204173500385,0.10837649053606287,0.6243047114369504,-0.649440327986363,0.01693212595246868,0.024011019003189603,0.75984474365631,-0.7653884948279089,-0.07593494788839225,-0.06945813130138527,0.6352872607493201,-0.7937472969817234,-0.03940827168726647,0.04493963766589559,0.6053037631002209,7.9646455026714,18.69925238924274,11.216532271772271,4.941670373211519,7.983122856874912,6.2330841297475805,3.738844090590757,1.647223457737173,2.6610409522916374
2026-04-29 19:18:58,188.036,0.05115610400234192,0.0585223735569677,0.012699443007715125,0.9968936297137494,-0.7129663141043835,-0.01503207958656529,-0.27295288002964263,0.6457164987974494,-0.7697886440041599,-0.08491510857637219,0.10633114747953203,0.623625332209481,-0.6463766789468638,0.017499075627144537,0.023099652594202155,0.7624679516647539,-0.7677249672219187,-0.07530508898476487,-0.06695802992753405,0.6328065585195239,-0.7952293169088354,-0.03871209482154983,0.04823524615882017,0.603145975922274,8.71924394622597,17.953054383099776,11.095948821271483,4.777195140589,7.674161537001321,5.984351461033259,3.6986496070904944,1.5923983801963333,2.558053845667107
2026-04-29 19:18:58,188.087,0.04618689240169263,0.054202673973606154,0.01980519824992599,0.9972645562871804,-0.7196053879484291,0.011883222025476776,-0.2565690004434813,0.6451350422053643,-0.7698085380556348,-0.07991043199075736,0.10800419861420531,0.6239745432927535,-0.6456384486853243,0.015315189382143995,0.0243021600202086,0.7631027739248162,-0.7679101055589092,-0.07633829533534467,-0.06353650705757245,0.6328109091322003,-0.7941471100710501,-0.03693133284027845,0.05465432690141956,0.6041352073595718,9.143009107577981,17.385084807237064,10.968525518598554,5.079016521792625,7.654503934830194,5.795028269079022,3.6561751728661847,1.6930055072642085,2.5515013116100644
2026-04-29 19:18:58,188.138,0.037965824876984015,0.04796323370378719,0.02640151564218287,0.9977780736846655,-0.7194957419363525,0.03478800743721994,-0.2535769341686529,0.6456116559756587,-0.7708013961940653,-0.0794846399842617,0.10567465154475489,0.6232016268052794,-0.6458496663149247,0.011052862175686901,0.026207762294180512,0.762934594807548,-0.7688259664665131,-0.07639556133263994,-0.058703268257387586,0.6321584277626964,-0.792261015857254,-0.03197668171241984,0.06147328661296998,0.6062351108377793,9.18006157380277,16.84576542221506,10.940104660098338,5.467383605282868,7.513896377947566,5.615255140738353,3.6467015533661127,1.822461201760956,2.5046321259825217
2026-04-29 19:18:58,188.189,0.03023540548123885,0.043904406780424725,0.03283474647036514,0.9980381268994041,-0.7167354064215244,0.04932699772739505,-0.26074110047256344,0.6448808285267369,-0.7721820783491169,-0.08156244884645517,0.10059598890378477,0.6220633824869274,-0.6449745330286296,0.009477838671048795,0.03116704233303,0.763509422201742,-0.7701633224159801,-0.0733590918964303,-0.05023381235482339,0.6316197151273942,-0.7912692030657811,-0.027665568676700964,0.06978023273048972,0.6068429646205986,9.106364976227674,16.495191626389165,10.800096879437456,5.622583246668384,7.19296646773487,5.498397208796388,3.600032293145819,1.874194415556128,2.3976554892449564
2026-04-29 19:18:58,188.241,0.026005506705882586,0.044852122004756335,0.039172403994248116,0.9978865283878484,-0.7118804557473777,0.05670046931423561,-0.26834896169636047,0.6465292787344874,-0.7715890631984599,-0.07974386388126348,0.09917393542464463,0.623262195434793,-0.6425281211685755,0.01082285481511429,0.03743186033574636,0.7652707593741163,-0.7708511706875827,-0.06934435138582126,-0.043244061709343036,0.6317513630435169,-0.791891274839773,-0.024603936768254977,0.07321125120980211,0.6057581760277265,9.222124654476787,16.189895428699664,10.425057955128544,5.477786656028845,6.962093036525259,5.396631809566554,3.4750193183761815,1.8259288853429483,2.320697678841753
2026-04-29 19:18:58,188.291,0.023445132530368975,0.04760402450279984,0.046085702976043474,0.9975270876487387,-0.7079521241528037,0.06511487053277282,-0.27169238944699875,0.6486502054725751,-0.7725683374867826,-0.07547247372623028,0.10035360496056644,0.6223915356059808,-0.6402452009319778,0.012803677049811075,0.04141499329781349,0.766946508478732,-0.7720054553072585,-0.06494138241377928,-0.04062434193906195,0.6309832459487638,-0.7929894546996926,-0.02033338061783538,0.07033368481750235,0.604820180837021,9.230378651691598,15.553589755339718,10.128398239125822,5.234237261724686,6.892209476576688,5.1845299184465725,3.376132746375274,1.7447457539082285,2.297403158858896
2026-04-29 19:18:58,188.344,0.020223211110538337,0.04977994853745611,0.05288327370597621,0.9971541193908421,-0.7045208343590473,0.07598757798085706,-0.2727822682386693,0.6507427418582566,-0.7731916304882039,-0.07045424449383238,0.10148503148068755,0.6220222587344924,-0.6366765794990584,0.015486856436593838,0.0454320234016836,0.7696356421351083,-0.7703823580448338,-0.060313480921135976,-0.037569955345750326,0.633610136351823,-0.7921536925465972,-0.015844426196339,0.06886861898453792,0.6062166237100916,9.090820491945706,14.979730479867413,10.092900157746223,5.343076839385011,6.934910300347557,4.993243493289138,3.3643000525820743,1.781025613128337,2.311636766782519
2026-04-29 19:18:58,188.394,0.014492307390171906,0.05114542554655045,0.05774986426189218,0.9969147765230006,-0.6995499247397714,0.08598442893446712,-0.27542972227375057,0.6537392820273221,-0.7675391306825186,-0.0658445833048036,0.10350643981533827,0.6291538688089696,-0.6301505717046167,0.017664547625848313,0.05080251796972085,0.7746078523391401,-0.7656799547210095,-0.05758994451467217,-0.03336154362561642,0.6397691870011762,-0.7880419980036873,-0.013242725811240096,0.07125192902245753,0.611340823277837,8.914720106079665,15.009652634656518,10.08919499017578,5.528073248941817,7.079860824579534,5.003217544885506,3.36306499672526,1.8426910829806058,2.359953608193178
2026-04-29 19:18:58,188.445,0.006398205482519869,0.05226323423215482,0.059635246424178695,0.9968306048161472,-0.6925029330006296,0.09362435237355936,-0.2776901003542209,0.6592134529827346,-0.7596044441519691,-0.06332102751985652,0.1068170553151282,0.6384212187828755,-0.6239059926137613,0.017906211862224845,0.055464650264913276,0.7793230091100694,-0.7613815062202446,-0.056770018348464034,-0.03014349345122421,0.6451098641356081,-0.7833824534657325,-0.012742383755911264,0.07348338367495984,0.6170492327050617,8.76468000145001,15.156680944003647,9.81084078204849,5.355158624081435,7.067125011125759,5.052226981334549,3.27028026068283,1.7850528746938115,2.3557083370419196
2026-04-29 19:18:58,188.495,0.0016676756214281524,0.05310778915290988,0.06045450776650436,0.9967557544754991,-0.68713947942822,0.09824716783151968,-0.27897836995667447,0.663594679695759,-0.7577967216316803,-0.061662019717788064,0.11049246473511826,0.6401041628089598,-0.6200053568146827,0.017864935085084195,0.05835866180767168,0.7822202172070993,-0.759590783840386,-0.05599456552409178,-0.027292218900234432,0.6474114491758839,-0.780942139779229,-0.011269301523287563,0.0738539835676601,0.6201193161573056,8.740386592807637,14.847420252019294,9.591419507785028,5.10590231518662,7.042770560889052,4.949140084006431,3.197139835928343,1.70196743839554,2.3475901869630174
2026-04-29 19:18:58,188.547,0.0029640534935462723,0.05363891665448835,0.06098684157791565,0.9966918712226817,-0.6864314707033513,0.10016619812700844,-0.280706623300417,0.6633116616011608,-0.7607109393406616,-0.059974380394640814,0.11267166868448376,0.6364173438393876,-0.6189775107148024,0.018587015366299718,0.05934307831126564,0.7829430139835355,-0.7603275983434975,-0.05524557671252289,-0.02576371370224881,0.6466731017347005,-0.7810750738311776,-0.009339624581688504,0.07304221912281408,0.620080103436571,8.827580081592242,14.536001820773265,9.648442222559344,5.070551259749236,7.1796647111709255,4.845333940257755,3.2161474075197813,1.6901837532497455,2.3932215703903084
2026-04-29 19:18:58,188.598,0.005472542193145411,0.053894069691754955,0.05967271882339204,0.9967470326829316,-0.6889402525640536,0.10010542728212238,-0.28010181411981333,0.6609714105409035,-0.7630678266008045,-0.05899849447845165,0.11253102843564738,0.6337061127172564,-0.6226217424911321,0.01875463374736774,0.05982045653528305,0.7800076553920602,-0.761614837977245,-0.05549694300424221,-0.025387768217392363,0.645149896624822,-0.7829886418440767,-0.009337296544187473,0.07245279905372984,0.6177314898446525,8.828447145503585,14.55115707826451,9.451641882904413,5.1150532114908795,7.178656551458286,4.850385692754837,3.150547294301471,1.7050177371636266,2.392885517152762
2026-04-29 19:18:59,188.648,0.006434252234918142,0.05400157070958762,0.05736047532491738,0.9968712086471223,-0.6919943874377256,0.09857275566470446,-0.27721904690293964,0.6592243773022805,-0.7638340073493121,-0.059145517101922035,0.11167391527712285,0.6329204955364579,-0.6259388533770447,0.018192246392095858,0.060907799820732224,0.7772771924643341,-0.7615649047264891,-0.056405966202409064,-0.024625243452847716,0.6451595618531857,-0.7841682627219119,-0.010478719416869117,0.07317169645543824,0.616130047162865,8.692432925415913,14.653704866828486,9.213793396979245,5.194321262926408,7.155249281384651,4.884568288942829,3.0712644656597483,1.7314404209754692,2.3850830937948837
2026-04-29 19:18:59,188.7,0.006712921398889621,0.05416365429914664,0.056041482849671975,0.9969355984411755,-0.6934060325438056,0.09644581090186854,-0.27560439416942834,0.6587324931304377,-0.763296631061877,-0.05973093718763066,0.11135771121729933,0.6335691977240693,-0.6245903685976094,0.017600318821547806,0.06178943073105884,0.7783053170076729,-0.7598648772665553,-0.057348631500721496,-0.023888971697860608,0.6471057253593855,-0.7827948786003007,-0.011061908226196059,0.0736122768483083,0.6178114962678696,8.69744473155638,14.796186662761116,9.375079334029492,5.406626295304382,7.421124705546398,4.932062220920372,3.125026444676497,1.8022087651014607,2.4737082351821327
2026-04-29 19:18:59,188.751,0.007085478649555413,0.054342886576149906,0.0550056665633101,0.9969809543400537,-0.6925966229750855,0.09398585889734172,-0.2752799814512072,0.6600738655507121,-0.7631907074291827,-0.06039222384180444,0.11097908615117993,0.6337005332412418,-0.6237837052395547,0.01689098516997457,0.06245349928474972,0.7789147219848201,-0.7584220685229569,-0.05849317853311286,-0.023519142123099388,0.6487074564056173,-0.7815507112022853,-0.011282016647246988,0.07275132489292271,0.6194824022084066,9.021986775022388,14.87252590535661,9.468255105612295,5.605578379943939,7.675961729311178,4.95750863511887,3.1560850352040983,1.8685261266479798,2.5586539097703924
2026-04-29 19:18:59,188.802,0.00762723053076535,0.05446964575929414,0.05340705748695515,0.9970569538676678,-0.691471907591512,0.09174742313281077,-0.2747011289772017,0.6618068457630938,-0.7637686167885464,-0.061074009010890676,0.11034500029330557,0.6330493237833201,-0.6260713532867879,0.015971419852826935,0.06345921564336092,0.7770151235924977,-0.7586790439966126,-0.05970320598209495,-0.023161424430697096,0.6483094815087829,-0.7822147866748586,-0.011756400547254731,0.0718643870798774,0.6187384943762686,9.366644156770437,14.894834527615814,9.260843423834624,5.6352123291992555,7.686442534044835,4.964944842538604,3.0869478079448744,1.8784041097330852,2.5621475113482783
2026-04-29 19:18:59,188.852,0.008057763237533832,0.05451165812174552,0.05219771216258935,0.9971153145075135,-0.692420516786641,0.09110846696805011,-0.2740313939076077,0.6611806639132048,-0.7649554425093341,-0.06153736462602688,0.10968480979780185,0.6316847047616814,-0.6270319308167883,0.015323232888497759,0.06437501406853534,0.7761778235905039,-0.7594544847013133,-0.06050515288092841,-0.02256927321921428,0.6473473874576731,-0.7831244362023011,-0.012310562416337698,0.07177584701508305,0.6175862654407797,9.298771605125467,14.831171569002692,9.193368509998653,5.600121807327808,7.642553225748055,4.9437238563342305,3.064456169999551,1.8667072691092692,2.5475177419160184
2026-04-29 19:18:59,188.905,0.00033696910736018146,3.8190264261614156e-05,-0.0010644819253890678,0.9999993759355827,-0.6487810656218275,-0.0007636983260441897,0.0005454862138888654,0.7609745384047112,-0.5758966923581466,-1.9438900149039653e-05,0.00010642895120928745,0.8175224694318523,-0.6247851415343384,-0.000725655927756055,0.0009491835810963784,0.7807958115870761,-0.6613691786064521,-0.0006080454985225631,0.0007123910100544293,0.7500599525165622,-0.6421298894723619,-0.0006903298767043589,0.0006905688218821273,0.7665952332264896,9.182703969942242,14.82974969467799,9.52541568565596,5.449662361799293,7.642412161541111,4.9432498982259965,3.1751385618853196,1.8165541205997642,2.547470720513704
2026-04-29 19:18:59,188.955,0.0006051196357351575,0.00017853323827944753,-0.002469757562999706,0.9999967511215672,-0.6483354472261104,-0.0019743124794417612,0.0014087973051733725,0.7613509474943246,-0.5742440570511953,-0.00041492021939263686,0.0006732689401822599,0.8186837835767418,-0.6230298533484695,-0.001605512513769675,0.0020548146973559645,0.7821937112395576,-0.6631556949293392,-0.0012115888433542252,0.001175579178175363,0.7484795751046623,-0.6427931126932399,-0.001739695917710414,0.0018529211256231666,0.7660356091041408,9.317786226525206,15.089447438643562,9.755873622415788,5.313640012686485,7.649966918028756,5.029815812881187,3.251957874138596,1.7712133375621617,2.549988972676252
2026-04-29 19:18:59,189.005,0.0009196668545822928,0.0004068908125834953,-0.0037018250763511816,0.9999926425448575,-0.6492622112584981,-0.0031010212482008737,0.002201444635371731,0.7605551382644529,-0.5764526868735909,-0.0010236311138311846,0.0012329242513144868,0.8171289566973815,-0.6262135166132284,-0.0024882401708619037,0.002995852705513711,0.7796418826219591,-0.662295257109804,-0.001718921819200265,0.0015084227503596877,0.7492394559674793,-0.6436031865359615,-0.0024538912124153715,0.0024716231936149588,0.7653514276314266,9.213667836835608,14.980307941610608,9.458924622325743,5.4925132150974125,7.649705165952093,4.993435980536869,3.152974874108581,1.8308377383658043,2.549901721984031
2026-04-29 19:18:59,189.058,0.0013094950171047123,0.0007135312359894419,-0.004826383068193863,0.999987240979831,-0.6521406683280309,-0.004101939739243534,0.0027060312702973967,0.7580820537368032,-0.5819794721858143,-0.001681827958728917,0.001556122354067788,0.8132002483350934,-0.629654532224221,-0.0034541095991678455,0.0037552821862911036,0.7768585051552669,-0.6614856726409963,-0.002267990989541175,0.0017818582012298083,0.7499522558729393,-0.6431809701421035,-0.002792616551185256,0.0021257715103492566,0.7657061590684421,8.83454526528454,14.542487268101805,9.135132790404175,5.655189685196168,7.777579052180913,4.847495756033935,3.045044263468058,1.8850632283987228,2.592526350726971
2026-04-29 19:18:59,189.108,0.0016964861728853869,0.0009934531682090197,-0.005828019505401106,0.9999810844081566,-0.652960909052284,-0.00500050190504451,0.00323510082109124,0.757368193386143,-0.5839550205467356,-0.0019805980586873953,0.0014515699580211158,0.8117823009614391,-0.6290831515657695,-0.004224333311369013,0.004108760983517616,0.7773156768696576,-0.6610218472464646,-0.002780649811808982,0.0019177359202556961,0.7503590525464698,-0.6404703465653602,-0.003152589069296072,0.0017554677658905469,0.7679744231974985,8.806792754991864,14.478499372614106,9.25895302763423,5.7640104629127835,8.154651707564447,4.826166457538036,3.0863176758780764,1.9213368209709278,2.718217235854816
2026-04-29 19:18:59,189.158,0.00221163063899667,0.0012178022971800707,-0.0066303332444616735,0.9999748318475565,-0.651760411117071,-0.005738744120640811,0.0036853094272383913,0.7583942588198108,-0.5833260207016789,-0.0020319648064919984,0.00112408494896918,0.8122347943325238,-0.627862353114935,-0.004631106417549737,0.004018382137252266,0.7783002447637576,-0.6606509540886092,-0.003117076424694567,0.0018218595922609756,0.7506845419508779,-0.6393894494855692,-0.0036877581759789785,0.0018717909906002372,0.7688719195839211,9.113449914697608,14.704988663905393,9.485904989379172,5.8765713667622075,8.369532620441607,4.901662887968464,3.161968329793057,1.9588571222540692,2.7898442068138687
2026-04-29 19:18:59,189.209,0.0030844939793379907,0.0015442230882145723,-0.007371103037381838,0.9999668835076277,-0.6523977133267064,-0.006846055539763102,0.004023321884414412,0.7578351852815,-0.5838182295758028,-0.0024673168682882137,0.0010187794285124343,0.8118800091460086,-0.6278254202032519,-0.005249744358746925,0.004064003913699076,0.778325873784861,-0.6619793539212026,-0.0033655073162656268,0.0010103113293026727,0.7495138341709173,-0.6417667136587287,-0.00426012801032287,0.0016117020268123687,0.7668863924764787,9.16634414027248,14.856429955743955,9.630947066263994,5.853788517947915,8.235474225704156,4.952143318581318,3.210315688754665,1.9512628393159717,2.7451580752347184
2026-04-29 19:18:59,189.26,0.004298055342194727,0.0019061745086331947,-0.008174306564564679,0.9999555359770786,-0.6553455255533968,-0.008482821849252057,0.00467425175478594,0.7552671283997132,-0.5842662616676337,-0.003080741790103941,0.0009670425607520592,0.8115556107474314,-0.6279358228211529,-0.006117900950686573,0.00425875502089371,0.7782294242134201,-0.6637363602564982,-0.0034565243589855725,-0.0002483381896094412,0.7479585782922443,-0.6440880456099513,-0.004731778151360831,0.0007750575981851861,0.7649363366082169,8.932101594113334,15.060378255563824,9.817711095574763,5.835338152707791,8.14068457489726,5.0201260851879415,3.2725703651915876,1.945112717569264,2.713561524965754
2026-04-29 19:18:59,189.311,0.005600522548507492,0.0021741982714318683,-0.008961865382748485,0.9999417942950088,-0.6571111439421815,-0.010355707730772256,0.005844372369486541,0.7536999052248841,-0.5834851241082387,-0.003357704595316054,0.0007538213993976967,0.812116535675479,-0.6293765972925319,-0.006666634363556129,0.0039222358568515,0.7770619478732825,-0.6647362919492115,-0.0035534971502335084,-0.001277859140218907,0.7470685389571922,-0.6477425967330236,-0.005760264644422297,0.0003239809789148348,0.7618374122902545,8.931853134154117,15.425666730035632,9.900573315317422,5.911835416338976,7.914083799721974,5.141888910011877,3.300191105105807,1.9706118054463253,2.6380279332406578
2026-04-29 19:18:59,189.362,0.006545005833109594,0.0024137897853531718,-0.010263652783619851,0.9999229940095657,-0.6576207608819866,-0.012394399013623035,0.007910093268024216,0.7532056453284053,-0.5852445984017182,-0.0033511145174898844,0.0006884587076824012,0.8108495890716787,-0.6326950872069436,-0.007081889246248153,0.0034357942124164796,0.7743610067578507,-0.6642881752681312,-0.00397952471023757,-0.0020993048099475437,0.7474630268456977,-0.6506847343955596,-0.0075363292842172865,0.00041702989952746436,0.7593104807992334,9.092113845478199,15.526716807416307,9.750904189411429,6.125962860304139,7.746975128525484,5.175572269138769,3.2503013964704763,2.04198762010138,2.5823250428418283
2026-04-29 19:18:59,189.413,0.007601611837774499,0.002633947292702542,-0.012106822268072536,0.9998943457554385,-0.6597560681638923,-0.01433181929906146,0.010513936134907764,0.751269583187987,-0.5903356978864174,-0.0031676750032027558,0.00026285651029969807,0.8071515722232632,-0.6362288829969771,-0.007377206762719258,0.0023282658001729266,0.7714615767743476,-0.6653620579874371,-0.003915347896810443,-0.0037549983690325665,0.7465011063815097,-0.6480997885844425,-0.009170879255064301,0.00012642956100074744,0.7615001924005379,9.026218129465422,15.409855892290928,9.684622102605092,6.246227587458472,8.237015594897695,5.136618630763643,3.2282073675350307,2.0820758624861573,2.745671864965898
2026-04-29 19:18:59,189.464,0.010574643287121495,0.0028218106056431564,-0.014676361367733209,0.9998323953149646,-0.6616770028176567,-0.016717300084816502,0.013751582821950423,0.7494764637999035,-0.5975298354529709,-0.0035694459426445836,-0.000453289423598876,0.8018386055359934,-0.6396797035787078,-0.007647064904581742,-0.00023772201361065324,0.7686035016287954,-0.669423084267456,-0.002629359239937996,-0.007257895455940273,0.7428412641159513,-0.6471595209811211,-0.009970131471285275,-0.0015269297469180999,0.7622878848358271,9.180629677324513,15.497021367412092,10.05578718168828,6.345802088046463,8.740504956968097,5.165673789137364,3.35192906056276,2.1152673626821543,2.913501652322699
2026-04-29 19:18:59,189.515,0.01581644541006462,0.0030240469088564153,-0.019325109254641776,0.9996835676088608,-0.663636271730917,-0.020712027603580246,0.018505509295166478,0.7475396022160723,-0.6059818254034857,-0.00570211938977962,0.00041114246322976057,0.7954579461398317,-0.6469440528324653,-0.00887511679569258,-0.002312024190746718,0.7624823141232252,-0.6758438769540257,-0.0005747435129639737,-0.012136516681891352,0.7369446577704979,-0.6526427745834583,-0.009269903213377012,-0.004357558833758409,0.7575965214805506,9.482731981403935,15.916181246119173,10.445445464358155,6.5304276032726065,8.76276020542848,5.305393748706391,3.4818151547860516,2.176809201090869,2.92092006847616
2026-04-29 19:18:59,189.566,0.021833984144288728,0.0033861864620846494,-0.02592258856906634,0.9994197467928627,-0.667203272303702,-0.025881584048613314,0.022909344830296503,0.7440733155770427,-0.614831585202555,-0.010199631675284036,0.001967830081735383,0.7885900183211625,-0.6592413524687558,-0.011545770804821862,-0.0030961594154869723,0.7518363839084685,-0.6860614405278754,0.0007345864487215558,-0.018481584603695103,0.7273084567321504,-0.6594886242491975,-0.007964285681100502,-0.007956546598636404,0.7516302402150372,9.385955036690985,16.49563878859596,10.4798972814526,6.575740876764925,8.737507653670104,5.498546262865321,3.4932990938175332,2.1919136255883083,2.9125025512233678
2026-04-29 19:18:59,189.618,0.02807083831812221,0.0042633238547108545,-0.032749580509985304,0.9990602169450287,-0.669161721602353,-0.0312921814794764,0.025108643888361884,0.7420329815597944,-0.6233047848731579,-0.01602593854220185,0.0023544581319910147,0.7818112118503883,-0.6707535595200851,-0.015370279874641095,-0.0046812146350989296,0.7415062394324482,-0.6947889223234821,-0.0005192276588224114,-0.025502935672762482,0.7187612149325279,-0.6638307743087272,-0.008244790131592713,-0.011853895398163198,0.7477434129968991,9.278387951734477,17.072742478170955,10.633465924564877,6.952515019347043,8.976455843213726,5.690914159390318,3.544488641521626,2.3175050064490144,2.992151947737909
2026-04-29 19:19:00,189.669,0.032729939561105474,0.005332007008746069,-0.03808879776251742,0.9987239679924534,-0.6669572367344446,-0.03576212566801114,0.02615364199747918,0.7437775888970621,-0.6263610496983233,-0.019802330591051187,0.003378555302360899,0.7792742062252839,-0.673685216793473,-0.019016045943845997,-0.006247825208287546,0.7387473068314764,-0.6950833379640184,-0.0035467980985792744,-0.028857845295109437,0.7183410041707,-0.6639435397256049,-0.009515698597205581,-0.014005516595056947,0.7475909797755367,9.594734446152092,17.796505903296378,11.325488256019465,7.851984857923459,9.445874623700977,5.932168634432125,3.775162752006488,2.6173282859744864,3.1486248745669925
2026-04-29 19:19:00,189.72,0.03387985379290536,0.005672119413894833,-0.041686859264681866,0.9985400284079615,-0.6638833283065421,-0.03751217387661824,0.026456956560733,0.7464260128487096,-0.6267705608956017,-0.020622058979649506,0.005065098015653023,0.7789144622229996,-0.671498776709859,-0.0208907738811387,-0.00589436900986478,0.7406876702482535,-0.6924855495743407,-0.005587721938665773,-0.027947416469079348,0.720868561463852,-0.6606133834761556,-0.010328290842289957,-0.013788665940309808,0.7505285848467393,9.835515646083795,18.15402114542891,11.854648188438714,8.327936015487854,9.909173200343103,6.051340381809637,3.951549396146238,2.7759786718292845,3.303057733447701
2026-04-29 19:19:00,189.77,0.03340409937207185,0.005476496018371273,-0.04361535029742203,0.9984747745210867,-0.6635315034512429,-0.03798773716713001,0.025798239003586382,0.7467377897340995,-0.6305897694990695,-0.021406175195064825,0.005202112040037633,0.7758036196724991,-0.6724440429269122,-0.02156202343335851,-0.005148781801228446,0.7398159084012264,-0.6926538702795882,-0.006063611151161302,-0.02718461144726371,0.7207321593400535,-0.6586913439998937,-0.010920588724859315,-0.013436364988717158,0.7522140108887938,9.65550906684914,17.903684149005763,11.71982774177394,8.225720885834171,10.041933128423695,5.967894716335254,3.90660924725798,2.7419069619447236,3.3473110428078985
2026-04-29 19:19:00,189.821,0.033230906941062975,0.0053380312340482496,-0.04441091293525318,0.9984462344356236,-0.6637842624649561,-0.03881854140386819,0.02498070894673666,0.7464981834724375,-0.6339188761655659,-0.022871546107281825,0.004867593915449685,0.7730459606964666,-0.6748528019986108,-0.02209648395876648,-0.004838573641520287,0.7376056054805978,-0.6928660115203554,-0.006042157233786226,-0.027580290958578436,0.7205133655710192,-0.6590667877778895,-0.01113995802526433,-0.013911041980446048,0.7518732296699676,9.503093570905047,17.797908907798536,11.475994226775358,8.211136846950446,9.958660504855306,5.932636302599512,3.8253314089251194,2.737045615650149,3.3195535016184357
2026-04-29 19:19:00,189.873,0.03339127523860712,0.005223194311321986,-0.045365806045018164,0.9983985600054779,-0.6622534434415912,-0.039324686367525265,0.02477894997146819,0.747836846732068,-0.634636466272098,-0.023504580775674112,0.005195616258941833,0.7724358199435821,-0.6749120802131684,-0.02229002720205172,-0.004538358163662278,0.7375474506598501,-0.6932321405683879,-0.005912331484236756,-0.028032261099981994,0.720144732645469,-0.6599605406373199,-0.010872009927340618,-0.01459587816802565,0.7510797857367355,9.657668352417526,17.952945879878136,11.561529317111704,8.229309928669133,9.881930683495984,5.984315293292712,3.8538431057039015,2.743103309556378,3.293976894498661
2026-04-29 19:19:00,189.926,0.03357844373885024,0.005223279715392449,-0.046220057049485626,0.9983530997555095,-0.6606548188395774,-0.03960533404940818,0.024550675130456237,0.7492422119778883,-0.635199660538829,-0.023600295210452243,0.005211239119642187,0.7719697275827426,-0.6740937583173778,-0.02258368890966035,-0.004354141871973978,0.7382876292078469,-0.6952842329232963,-0.005926916326034352,-0.02856341489859676,0.7181426309866714,-0.6612423708584847,-0.011090707783867233,-0.015143882009377782,0.7499374547387198,9.795064422522614,18.019772052137036,11.757805439183736,8.042108719291507,9.784721928944043,6.006590684045679,3.919268479727912,2.6807029064305024,3.261573976314681
2026-04-29 19:19:00,189.974,0.03348494441998246,0.005346454060577061,-0.046789791019245346,0.9983290486520686,-0.6613132137546105,-0.04003666513627114,0.024049900414625076,0.7486544603809969,-0.6377975746493741,-0.024295838001586963,0.005060355400370182,0.7698041041917084,-0.6739991790590356,-0.023440780628390386,-0.0040978349794979635,0.7383487280274534,-0.6972131054077151,-0.006312877984057989,-0.029113322734643007,0.7162446842096891,-0.6608663521739597,-0.011865675130675084,-0.01582919072367725,0.7502428320477382,9.64624365413258,17.88181868723372,11.840448786337223,7.855004767685846,9.858973985858393,5.960606229077907,3.9468162621124074,2.6183349225619486,3.2863246619527975
2026-04-29 19:19:00,190.025,0.033085936290318335,0.005338193624115055,-0.04771905038337935,0.9982984106664365,-0.661596548391877,-0.04028705240513269,0.023962366203995836,0.7483934563920015,-0.6413765135226797,-0.02563085134148251,0.00494250169693143,0.766782106623504,-0.6732318698252227,-0.024429467125744782,-0.004142738532053783,0.7390161624112437,-0.6978962542773564,-0.007014136396437623,-0.029837943186343037,0.7155426732925553,-0.6598566837659946,-0.012992408502483056,-0.017190072715544145,0.751082455933224,9.628217460570621,17.767546285158055,12.012112093348852,7.830759120223887,9.986822134237846,5.922515428386019,4.004037364449617,2.610253040074629,3.3289407114126153
2026-04-29 19:19:00,190.076,0.03236047316652381,0.005457085314102586,-0.049694578926717844,0.9982251593811938,-0.6597977726905425,-0.04033281120457318,0.02429992872174725,0.7499664505543256,-0.643329120087444,-0.027708553963528875,0.004829734017581082,0.7650729069533729,-0.6750675887703366,-0.02586611691319515,-0.004943531926060987,0.7372857357088449,-0.6984046195761655,-0.008352803881531635,-0.030897082228894004,0.7149871245915755,-0.6614156490462761,-0.014888839286865786,-0.019418651365556903,0.7496202889733751,9.888511150425563,18.012306746095454,11.99153453856715,7.864016603734125,9.797956149163332,6.004102248698485,3.997178179522383,2.621338867911375,3.265985383054444
2026-04-29 19:19:00,190.127,0.031556329725501105,0.006186509254016571,-0.0547691501572165,0.9979810946849452,-0.6589465585295505,-0.04130930817304082,0.024939275660535866,0.7506403976537993,-0.6431172485553734,-0.03058259683554932,0.005176717668243232,0.7651392755410897,-0.6797766689095613,-0.028421732914907672,-0.00553787152461545,0.7328473357277838,-0.7000882691981903,-0.010358686428211706,-0.03172203388749092,0.7132761215073762,-0.6625796060570884,-0.017295580374723212,-0.021382127768414652,0.7484864281660892,9.823425638408448,18.74421685643901,11.80651149926393,7.80279624328316,9.609917170920875,6.248072285479671,3.9355038330879766,2.6009320810943866,3.2033057236402915
2026-04-29 19:19:00,190.178,0.030430191637692342,0.006915340195093905,-0.06299199326253081,0.997526034894174,-0.657863202304549,-0.042794459768896266,0.02545918319536518,0.7514895017614799,-0.6409790326903523,-0.0333737454384638,0.006002247307139693,0.7668090021602595,-0.6808249202204817,-0.03152391233013819,-0.004783620290902626,0.731751862269642,-0.7008274759886997,-0.012202602544209008,-0.03234824837110698,0.7124924815166668,-0.6611941758591261,-0.019512225913650844,-0.0230597784334203,0.749606417707631,9.546447444034527,19.77372342483743,12.077115760110598,7.863524360005159,9.649976128290016,6.591241141612477,4.025705253370199,2.6211747866683863,3.216658709430005
2026-04-29 19:19:00,190.229,0.028486884805365563,0.00727517548185813,-0.07272148633418844,0.9969188305178815,-0.6538146054920875,-0.04341945649407732,0.025858806111599828,0.7549652538954807,-0.6403504365504253,-0.03578013409844619,0.00726937435009485,0.7672146092262158,-0.6802535589109903,-0.03510155791167946,-0.0036858966332042296,0.7321266218265216,-0.7004427624195408,-0.01400838832438647,-0.03427162544206113,0.712747611234296,-0.6611162549305755,-0.022509013896323572,-0.025993744615686234,0.7494951414124311,9.509334784579675,20.50970858071717,12.509553956495363,8.062617898591373,9.506770248602562,6.836569526905723,4.169851318831788,2.687539299530458,3.168923416200854
2026-04-29 19:19:00,190.28,0.025980668235146474,0.008376849857699417,-0.08537280451885859,0.9959750586802372,-0.6472112453968392,-0.04344424148912905,0.026697486326392125,0.7606033433644364,-0.6434393937344629,-0.03826106754839439,0.008678691141979649,0.7644910186658482,-0.6842336101030876,-0.04023991713813187,-0.003986040184051911,0.728140939212776,-0.7027078679701998,-0.01706102614515975,-0.036942144998578084,0.7103139106075247,-0.6611323238103282,-0.027416388579066465,-0.029247221459091026,0.7491975654574433,9.499611997993874,20.855793165747134,12.600701462131008,8.044817949424178,9.44688761445271,6.9519310552490445,4.200233820710336,2.681605983141393,3.1489625381509034
2026-04-29 19:19:00,190.331,0.023481449293353517,0.010366391114190564,-0.10146433218421537,0.9945079933156709,-0.6380224716451947,-0.04307724656206058,0.02752845552669901,0.7683188534981441,-0.6451335800713215,-0.03968701998732817,0.010039593595444728,0.7629723526244734,-0.6977332233108166,-0.04596626214497742,-0.006325430439665434,0.7148534400577999,-0.7064288493571445,-0.020626010129966402,-0.03845989862812001,0.7064373183089738,-0.6622264570216438,-0.03238624188270709,-0.031973123253601896,0.7479204304915635,9.506362260494484,21.419399694987717,11.905128847235336,8.074762170238039,9.532232683649426,7.1397998983292394,3.9683762824117785,2.6915873900793463,3.1774108945498085
2026-04-29 19:19:00,190.382,0.021651036378314524,0.01203578483828601,-0.11600834935759649,0.9929392908866066,-0.6295561566413866,-0.04177591624223321,0.027437723149862706,0.7753457227620458,-0.6439480312473501,-0.03839207676075978,0.011357255568631354,0.7640209383522198,-0.7076957868046704,-0.05036662317729885,-0.008577214696958033,0.7046675159227057,-0.710932341565649,-0.02307144895031,-0.03905100406791029,0.7017962190270085,-0.6683771096525374,-0.03560310918624,-0.035033167990037604,0.7421436081038323,9.507777202280332,22.13916998541345,11.811456744111887,8.202673702202242,9.304987240238244,7.37972332847115,3.937152248037296,2.7342245674007475,3.101662413412748
2026-04-29 19:19:00,190.433,0.02026931873026183,0.012889256495296252,-0.12285223088210229,0.9921342404899148,-0.6265418344822752,-0.0394547399777094,0.02635699544725975,0.7779421327630159,-0.6441639635688038,-0.03664681554941074,0.011718684836505507,0.7639191523814016,-0.6996350532393513,-0.053185868726477264,-0.00783813786091524,0.7124749955201609,-0.7151926760374769,-0.024152233688701,-0.03930809514145172,0.697403025091338,-0.6731105299831425,-0.037144584265671424,-0.037714553722777475,0.7376449733598375,9.32905931206013,22.492043579985,13.661367765396982,8.255430196533352,9.23976398481448,7.497347859995,4.553789255132327,2.7518100655111173,3.0799213282714937
2026-04-29 19:19:00,190.484,0.018763591430841973,0.013388423172023723,-0.12258761236666099,0.992189979316373,-0.6271391586910937,-0.03713033266472313,0.025049423442940692,0.7776183771089843,-0.6473024653671191,-0.037219373059803204,0.010943934852984888,0.7612453394856474,-0.6915353851216249,-0.05453755780960032,-0.00600029463312318,0.7202558311996969,-0.7152265736760319,-0.0242108213011223,-0.03907732156326591,0.6973791991298637,-0.6727476693654827,-0.037774014673730046,-0.03876636034701925,0.7378894676604247,9.157085229498758,22.419725744551418,14.94958426823197,8.480429351212925,9.516201847196614,7.4732419148504725,4.9831947560773235,2.8268097837376414,3.172067282398871
2026-04-29 19:19:00,190.535,0.017163510998930452,0.013835159016747327,-0.12056913373051519,0.9924601182196916,-0.6281142150660315,-0.035638542842724545,0.024678253940695425,0.7769127434136148,-0.6515321495406752,-0.03880754420746804,0.010545934843175352,0.7575543649704464,-0.6923232041338281,-0.05509029721604591,-0.004716826089121783,0.7194660462608103,-0.7138483826758504,-0.023988448288138536,-0.038476189788000874,0.6988308977994591,-0.6715872739708826,-0.03807730731480094,-0.03929794112829424,0.7389021071367234,9.075112782807961,22.154499482769253,14.788821933934486,8.647523117934846,9.690846197727936,7.384833160923085,4.9296073113114955,2.882507705978282,3.230282065909312
2026-04-29 19:19:00,190.586,0.015805986646654523,0.01402420194085107,-0.11971588222901423,0.9925832962971808,-0.6288078158977979,-0.034954934542999465,0.02533194390607698,0.7763614981662057,-0.6539531313440463,-0.04013391769267319,0.010710164579201077,0.7553938463018088,-0.6936747672438247,-0.055818433869753964,-0.0033693354626233157,0.7181143831647532,-0.7146502917728313,-0.023980412999006627,-0.03832720060595939,0.6980192876669775,-0.671815761792967,-0.0383214029011823,-0.04075654630975394,0.738602705261172,9.048077188124308,22.039852049106788,14.573690811348207,8.603126126377603,9.752903959053125,7.346617349702263,4.857896937116069,2.8677087087925344,3.250967986351042
2026-04-29 19:19:01,190.637,0.014593750031976046,0.014016500611157699,-0.12008811136459228,0.9925570037431134,-0.6284315952230665,-0.03443017612883205,0.026071585937722363,0.7766650278619617,-0.6542495579461486,-0.04105881955963905,0.010787836806275217,0.7550862943006444,-0.6956236359250321,-0.05705164728263592,-0.00255257450812541,0.7161329143728535,-0.7161323866427652,-0.024389224235903003,-0.0387793474361322,0.6964594264958555,-0.6730041634347802,-0.039029421731544264,-0.043007358071687644,0.7373550483928667,9.123026271216121,22.157649155778703,14.460542468489155,8.63746042467068,9.835662021409613,7.385883051926235,4.820180822829719,2.8791534748902268,3.2785540071365378
2026-04-29 19:19:01,190.689,0.012670773841070512,0.014282855776519457,-0.12139355974199414,0.9924208054924597,-0.6269711720890443,-0.03330772269689391,0.026279617718508484,0.7778863198890992,-0.6543108626637554,-0.04199268304290758,0.011003679278898459,0.7549786941453362,-0.6970639576967713,-0.05950992029869854,-0.0020538338544294384,0.7145321476551317,-0.7166964785378287,-0.02577378167967229,-0.03966367832454044,0.6957791765001103,-0.6748739673677885,-0.041066246609706744,-0.04560836461446508,0.7353764808829868,9.184515661212489,22.310856922354603,14.452150595103818,8.82639535023589,9.879160717476344,7.436952307451534,4.817383531701273,2.942131783411963,3.2930535724921146
2026-04-29 19:19:01,190.739,0.009198849989459182,0.015641521239471847,-0.12534842961997633,0.9919468207338499,-0.6238730910371737,-0.03187041994370937,0.026034854738623946,0.7804414321081837,-0.6544299316889639,-0.043558824266423074,0.011614278034753015,0.7547775843808799,-0.6981590906375628,-0.06384379238307301,-0.002146663545830992,0.7130871238284278,-0.7176051724772173,-0.02888667294320188,-0.041210024916332876,0.6946294770642913,-0.6776447317204606,-0.04481971828799665,-0.04895467554084249,0.732388046165952,9.169350610238284,22.423367844411214,14.521529973620428,8.934228994403707,9.806076126852524,7.474455948137071,4.840509991206809,2.9780763314679026,3.2686920422841745
2026-04-29 19:19:01,190.792,0.003917904100993742,0.019070236181925347,-0.13435488209367963,0.9907420157523423,-0.6182207843808221,-0.030727583768878408,0.02623454020328738,0.7849653662777802,-0.6545428838384001,-0.04498503580497547,0.012794515307511647,0.7545768749094964,-0.7025957461642004,-0.0693002597328666,-0.004845877961334086,0.7081900937881803,-0.7205704853573233,-0.03321970975147555,-0.04348532561906124,0.691218961669704,-0.680949770675373,-0.047612509333048746,-0.05516725150768645,0.728695432353775,9.159363296299183,22.46220712563626,14.52034503918707,8.898028460307897,9.801353427225056,7.487402375212087,4.8401150130623565,2.9660094867692988,3.267117809075019
2026-04-29 19:19:01,190.841,-0.002973451603984954,0.025194394335246992,-0.15043425556556453,0.9882944580599818,-0.6098417387323415,-0.03003252775521629,0.027217767469954607,0.7914861300809372,-0.654631630091837,-0.0465352673275704,0.014739982766633818,0.7543703537958628,-0.7081037494141156,-0.07537839129670618,-0.01009633619803482,0.7020008847477106,-0.7238838606404192,-0.03515063904359549,-0.04847067346993181,0.6873188362707081,-0.6859942900410255,-0.045929559942986704,-0.06363108626915376,0.7233625608329204,9.042763633436447,22.51120847182656,15.104765909403648,9.239442715595475,9.985353497513213,7.50373615727552,5.034921969801216,3.079814238531825,3.3284511658377376
2026-04-29 19:19:01,190.893,-0.009929436674648365,0.035830017420130644,-0.17600713719919814,0.9836864865362033,-0.5983536832578793,-0.030421062007919563,0.0298647645882419,0.8000971969418021,-0.6565086867115193,-0.04971117377553118,0.017675363541924803,0.7524710791770247,-0.711307451457845,-0.080370809636309,-0.015345636662619127,0.6981022517470981,-0.731077975139855,-0.03129351122907645,-0.0597883063879354,0.6789485023472898,-0.6949533877494642,-0.041344719078107564,-0.0742392260015538,0.7140160645129672,8.747868644358515,22.502652462801585,16.597597615436634,10.156132241377273,10.31729611051888,7.500884154267196,5.532532538478878,3.3853774137924244,3.439098703506293
2026-04-29 19:19:01,190.943,-0.015108554533528806,0.05291227771941104,-0.2135621369837133,0.9753785091406316,-0.5819288145901248,-0.03316573211080288,0.03637399425747819,0.8117486196508397,-0.6608907012854311,-0.053589885376661386,0.021955395103979248,0.7482443222408008,-0.714832072653779,-0.08377409537169267,-0.018783667368793285,0.6940058952850008,-0.7390039838710425,-0.027483078161394624,-0.0735465438530286,0.6691103781326196,-0.7037385638153226,-0.04100491543270764,-0.09010593522643336,0.7035279320300463,8.47548834480309,22.285896822225205,18.018057082095375,11.645776571592108,11.042961868785696,7.428632274075068,6.006019027365125,3.881925523864036,3.6809872895952322
2026-04-29 19:19:01,190.994,-0.021996717423445406,0.07665180991562072,-0.2635203798411218,0.9613519926996789,-0.5560747888523124,-0.035566864907962514,0.0473370182303415,0.8290205269042108,-0.6609191590706288,-0.05638125370391198,0.0276668808593391,0.7478245536940219,-0.7223932909779923,-0.09002960524261931,-0.02176129327082684,0.6852510849645005,-0.7386738926791111,-0.030987650504466422,-0.08214398747779676,0.6683210389563911,-0.7071662086462221,-0.04835584463100556,-0.11041066374484257,0.6966973166091378,8.353717050099903,22.29550623827741,18.453491009145463,13.245496563071235,12.071879386073569,7.4318354127591375,6.151163669715154,4.415165521023745,4.0239597953578565
2026-04-29 19:19:01,191.045,-0.036592451060194896,0.10760616688979545,-0.3253057420896758,0.938753471118045,-0.519635657707482,-0.032574677150187026,0.06303451770598878,0.8514366231405878,-0.6556604015441856,-0.05851405809787773,0.03467215998268593,0.7519862925439337,-0.7303418810745689,-0.10209933221671283,-0.0277136766599483,0.67483954777069,-0.7401937883470133,-0.03832047402703409,-0.09054401863990444,0.6651665037051827,-0.7082564555989133,-0.059966571621332856,-0.1352445162752398,0.6902794537054718,8.221183302204016,22.682337303424738,18.45825091656944,13.999177703677415,12.990247390006974,7.560779101141579,6.152750305523147,4.666392567892472,4.330082463335658
2026-04-29 19:19:01,191.096,-0.060561968325026305,0.14489288900920672,-0.39218535158467777,0.9063823413491499,-0.48121005478457607,-0.022452327901436486,0.08458224923203767,0.8722262431622206,-0.6514586555710863,-0.05915920815161347,0.04314893632170246,0.7551423557626024,-0.7339219018335251,-0.11793848024914903,-0.0367547239133786,0.6679058669869834,-0.7510335600732189,-0.04983585330370022,-0.10281575931246346,0.6503029286465198,-0.7092453427979,-0.07645434341161651,-0.16154169697151166,0.6819311235253547,7.9998299682356695,23.095158852210556,19.002596135525703,14.300134848119447,13.839521104170817,7.698386284070185,6.334198711841901,4.7667116160398155,4.613173701390273
2026-04-29 19:19:01,191.147,-0.09341875588608982,0.1850028122625839,-0.44082970234024205,0.873336171836621,-0.459251011691237,-0.010621072943353233,0.10922873580460252,0.8815014375170557,-0.6505975742670383,-0.058112885451132995,0.05219635213420205,0.7553947509258133,-0.7396155606814847,-0.13315682230532436,-0.04396826391681467,0.6582589724717033,-0.7647224378086833,-0.06612237755679302,-0.10753863984542271,0.6318725071075475,-0.710479970478031,-0.09751073490003537,-0.17915812077183904,0.6735074133892621,7.90682936476864,23.228341958379183,19.680572812907243,15.103581032014244,14.895540575879455,7.74278065279306,6.560190937635748,5.034527010671415,4.965180191959818
2026-04-29 19:19:01,191.199,-0.1367468885167273,0.22442252021997472,-0.45098329359342687,0.8529647646876944,-0.46302880359252674,-0.005723857956835241,0.13109908482142807,0.8765754927288051,-0.6581701592112854,-0.06548752593577542,0.058876800578984284,0.7477011086150569,-0.7501379982751617,-0.14788013840699865,-0.043624255359113795,0.6430562747946896,-0.7766692426998391,-0.07970918786664104,-0.09896503786581992,0.6169580651016047,-0.7137351986439184,-0.11810155367814493,-0.1855148372594773,0.6649949882458697,8.072856133127907,23.66738003314973,20.402773984895052,16.380214253129527,16.316430009491654,7.889126677716576,6.800924661631684,5.460071417709842,5.438810003163885
2026-04-29 19:19:01,191.249,-0.19203904965830315,0.25941428431428415,-0.42026714863258646,0.8480570477746641,-0.4820602551475959,-0.002899605140069588,0.14674139737482741,0.863757179416501,-0.6717544645974904,-0.08161926221118412,0.06027617206865864,0.7337922174636294,-0.7569012326468526,-0.162198836730057,-0.04010237795299889,0.6318099877839906,-0.7824770619326467,-0.09049631474679891,-0.08785978590134495,0.6097710411194281,-0.7137699503261681,-0.1372876402349837,-0.1881827002756657,0.6605087684255588,8.695314446038534,24.863530078356646,21.39408189420546,17.435091607890286,17.851344523993692,8.287843359452216,7.13136063140182,5.8116972026300955,5.950448174664564
2026-04-29 19:19:01,191.3,-0.24904902292882597,0.2827369974039502,-0.3599345997190332,0.8535112526512437,-0.5141296935242794,0.002505904405497523,0.15566339818234426,0.8434650467838404,-0.682446551001866,-0.0930031172351662,0.05427495460660167,0.7229601334186075,-0.7659681044432615,-0.17310316889674085,-0.046192891052058024,0.6174094044552253,-0.7900868990047134,-0.09806225771356691,-0.08371525713311248,0.5992814375202777,-0.7135923202107093,-0.1518119407924204,-0.1947087257109385,0.65561242155801,9.600221802414591,25.46447669356096,21.682987382824862,17.58846382532653,18.680789756114034,8.488158897853653,7.227662460941621,5.8628212751088435,6.226929918704678
2026-04-29 19:19:01,191.352,-0.2917194578334641,0.28387180460430483,-0.2996873166259862,0.8628464919819523,-0.5583170944511399,0.005975809933152491,0.1631066070555428,0.8134141297482536,-0.6905682448530847,-0.10118162179748368,0.04314724489342833,0.7148538968691908,-0.7766469154938818,-0.1853789266169996,-0.05685836674878757,0.5993507723786038,-0.8077850312081201,-0.10248111842974919,-0.08547901540068618,0.574172710643421,-0.7215680634480628,-0.16174034123815784,-0.20563547534051585,0.641009861943993,9.990730502725475,25.552523960000492,22.655245478044133,17.450364263863303,18.590904071687742,8.51750798666683,7.551748492681377,5.816788087954435,6.196968023895914
2026-04-29 19:19:01,191.402,-0.3108890554332822,0.25848141358785176,-0.25630691679858203,0.8779761491308476,-0.6018184402863127,0.011147541601263775,0.1673187129558747,0.7808295239950829,-0.7009544747334586,-0.10716402515464131,0.03180912558014044,0.7043911382134385,-0.777384933884568,-0.19949752390815506,-0.05911562379660365,0.5936149808983424,-0.8261858901100391,-0.10832332145063862,-0.08837451585354546,0.5457773153591451,-0.7334455170578695,-0.1717139948492971,-0.21499969277259337,0.6215682662333244,9.648641933191549,25.861151879328496,25.3769618101906,18.021083015848042,18.449974870895463,8.620383959776165,8.458987270063533,6.007027671949347,6.149991623631821
2026-04-29 19:19:01,191.454,-0.3033866335412854,0.21283006175840463,-0.21364463142156365,0.903889311179828,-0.6458248467730917,0.019257667821373226,0.1607066209613433,0.7461318861299131,-0.7184462952117601,-0.10848661719941803,0.018369351659967476,0.6868246804714548,-0.7772056039594039,-0.20492526147087714,-0.054436491480934435,0.592447259070744,-0.8344560514297118,-0.11179117393496181,-0.08765089179927352,0.5324501411675738,-0.7416364660132663,-0.1792108080383187,-0.21735352949355852,0.6087826227630837,9.239177396216542,25.50005514013699,27.025346219233548,19.08705065089683,18.978726662959755,8.500018380045663,9.008448739744516,6.36235021696561,6.326242220986585
2026-04-29 19:19:01,191.505,-0.27836617297096383,0.15492297797666782,-0.16274301311523315,0.933823246831281,-0.6927233286498198,0.022693373624309843,0.15104746541017483,0.7048432903355352,-0.7324247712253851,-0.11010515977529359,0.0029449209273920943,0.6718795544790978,-0.7762999389194029,-0.2015006230216139,-0.04752229943211481,0.5953969556626213,-0.8331600709439347,-0.11122128873159438,-0.08458277903087871,0.5350886605124375,-0.7389580812542047,-0.18405503955430969,-0.21030251575683764,0.6130559097098004,9.195617700787501,25.13373518350589,27.037516764894725,19.698866643298512,19.982816489468686,8.377911727835297,9.012505588298241,6.566288881099504,6.6609388298228955
2026-04-29 19:19:01,191.555,-0.2470713677566667,0.09106642096826911,-0.10914680423259615,0.9585142781058045,-0.736754273209225,0.0232371785180161,0.14740132294769254,0.659489214798649,-0.7336916807626764,-0.1078709091759683,-0.011782667882465434,0.6707619199617405,-0.7672355585954577,-0.19443843888930368,-0.041595425940866716,0.609764800271223,-0.8300792993346146,-0.11088179920267353,-0.08362784651604128,0.5400740381733073,-0.7295330389521346,-0.18500233088140441,-0.195503950835313,0.6287558253038251,9.029318236505969,25.6197348356376,27.010074618655146,19.599874750814983,20.51966017694409,8.5399116118792,9.003358206218381,6.533291583604994,6.83988672564803
2026-04-29 19:19:01,191.607,-0.21346335195357724,0.03074634909728207,-0.05771342097093019,0.9747600835229988,-0.7758106882449871,0.02057815963487682,0.15048277693816428,0.6124126461756483,-0.730598727637448,-0.10347974301966308,-0.027229649138760477,0.6743708091005323,-0.7548074818329552,-0.18443785613034203,-0.03824930954288134,0.6283194513259391,-0.826163087099564,-0.10911051470191827,-0.08246527271653799,0.5465792969838758,-0.7232796443717882,-0.17528483865160854,-0.1770944457472478,0.6440336471503444,8.559892674639793,26.087109419317567,27.009023961546866,19.43882011099645,20.317209727299694,8.695703139772522,9.003007987182288,6.479606703665483,6.772403242433231
2026-04-29 19:19:02,191.658,-0.18063184263561122,-0.02024546452886027,-0.016912245869137917,0.9831969459532186,-0.8047553088199533,0.012592459127021933,0.15984882904371975,0.5715406151382311,-0.7262741663511598,-0.09719577577806235,-0.04112527847311259,0.6792551272771796,-0.7423018575524045,-0.17042561272821344,-0.0306841255042535,0.6473032884533355,-0.8171403271295762,-0.10378545994006948,-0.07664307324688387,0.5618150081716136,-0.7152263409996664,-0.1608581962638108,-0.15728210358216937,0.6616934801913573,8.423863447619372,26.673916053802763,27.013776124914244,19.46171743680393,20.110199567024765,8.891305351267588,9.004592041638082,6.48723914560131,6.703399855674921
2026-04-29 19:19:02,191.709,-0.14657728388578076,-0.0665316993983943,0.017956364930410876,0.9867959271208586,-0.8243288555315297,0.005947404746560625,0.17241397077162016,0.5391845593093538,-0.7105466506304148,-0.07934449092033631,-0.048806661622743344,0.6974566788121933,-0.7254094997208614,-0.15163738091425819,-0.01865848815998035,0.6711475420827955,-0.8002554739052707,-0.09794466009120308,-0.0682935868103122,0.5876512622677259,-0.6940968655271796,-0.15269225645841636,-0.13813841363401116,0.6898060559038753,8.632380267705575,28.018193114842674,27.103414103058036,19.488455092689378,20.274755632157788,9.339397704947558,9.034471367686011,6.496151697563127,6.75825187738593
2026-04-29 19:19:02,191.76,-0.11050782331810458,-0.10863744446459865,0.055583906404129774,0.9863550861604318,-0.8415082965754423,-0.0012005137848296772,0.1870545499409474,0.5068263419631419,-0.6909717377748914,-0.06206791781982726,-0.053671053231838184,0.7182096137053884,-0.6992563010852261,-0.13189639698538083,-0.013095695257360956,0.7024759559021283,-0.7735874586451484,-0.09220188148477332,-0.06186205753387359,0.6238864822347768,-0.6624638465614768,-0.14345407392284273,-0.11853593673720245,0.7256113369950511,8.64776906544212,28.328118765973816,26.74309551683856,19.366280347702173,19.878322333610747,9.442706255324605,8.91436517227952,6.4554267825673906,6.626107444536916
2026-04-29 19:19:02,191.811,-0.07381864878698371,-0.1407989624361926,0.08526415521557483,0.9835936575148957,-0.8546272550764452,-0.01906244415615284,0.20143876951038683,0.4781958806194756,-0.6837354993818214,-0.05974345460818771,-0.05967993270338243,0.7248274223214037,-0.6767091600610512,-0.11603258947205465,-0.014338854081981968,0.7269082116288768,-0.7483405346762279,-0.08572909605262935,-0.05805235267646787,0.6551846232927201,-0.6398858713906815,-0.12974995290250904,-0.10140009636312669,0.7506191056547479,8.611483938888759,27.518077852621186,25.543716791567,18.961838953929604,18.36667258796761,9.172692617540395,8.514572263855667,6.320612984643201,6.122224195989204
2026-04-29 19:19:02,191.862,-0.0429668541158504,-0.1578639204612515,0.09713001913735725,0.9817324439206274,-0.8594634406494917,-0.044711683645948144,0.2100189548043983,0.4639132442120514,-0.6750622437375404,-0.06831033466129985,-0.06449344000909536,0.7317549189819581,-0.6636758170520755,-0.10611432878297974,-0.018163270589735072,0.7402325679735267,-0.7382097997178674,-0.08157868372271855,-0.05804220227255881,0.6670999270858349,-0.6342380895665324,-0.12020518037414289,-0.09231934158367618,0.7581358054621691,8.610211792202806,27.588353327399872,24.591846569214685,18.266985230688594,16.976647078494267,9.196117775799957,8.197282189738228,6.088995076896198,5.658882359498088
2026-04-29 19:19:02,191.913,-0.032862316620767794,-0.16036786574740433,0.09164212847126882,0.9822443362377786,-0.8574435152090537,-0.06422094661243427,0.20781958171470238,0.46634462546283334,-0.6636039431815641,-0.07558443912883568,-0.06609429695338066,0.7413152791260256,-0.6595095413354706,-0.1035524362190052,-0.0217179194652912,0.7442125971889252,-0.7415759146085619,-0.0826792983604416,-0.0605204938009767,0.6629981646469212,-0.641421056365673,-0.11805775313606044,-0.09098027842513429,0.7525715808565284,8.49464927986076,27.630714106570455,24.190863309974155,17.544022372406573,16.279909090165145,9.210238035523485,8.063621103324719,5.848007457468857,5.426636363388382
2026-04-29 19:19:02,191.964,-0.047334877356885345,-0.14909513430096052,0.06750794149352571,0.9853794843351945,-0.8495680963893721,-0.0755452221896935,0.19097434821796153,0.48585570627952196,-0.6636587968098909,-0.08031704999305038,-0.06693470598634,0.7406928634945689,-0.6688484813429639,-0.11130563166645865,-0.023570157735914195,0.7346408735081691,-0.7537600201509872,-0.08750156014459039,-0.06495215626091316,0.6480513300590502,-0.6649675852153455,-0.12033962565613748,-0.10023927598085243,0.7302660971595543,8.560232060114123,26.98207353513535,23.90171261665874,17.15394467682529,15.872137501827492,8.994024511711784,7.9672375388862475,5.717981558941764,5.290712500609164
2026-04-29 19:19:02,192.015,-0.07972067583934793,-0.11605017015886161,0.021464777934433507,0.989806160396086,-0.833400064549438,-0.08441801341956308,0.16182577285663088,0.5216611454369983,-0.6661102625491314,-0.0893202899061893,-0.0677748332309865,0.7373774989232541,-0.6853247476815227,-0.12776549162507314,-0.02467326690627651,0.7165174103015448,-0.7673564650984402,-0.0923684011127442,-0.06979018398208325,0.6306833311315977,-0.6987215379549336,-0.12338532667017933,-0.11727114958957595,0.6948465665413659,8.638411170600694,26.557251372090406,23.528548033847084,17.078903920731342,15.752534994841628,8.852417124030135,7.842849344615694,5.692967973577114,5.2508449982805425
2026-04-29 19:19:02,192.069,-0.12302281411119025,-0.05903089811620701,-0.04074880372063365,0.9898082012547152,-0.8060239579059995,-0.08761965210629322,0.132863406683299,0.5700837578907403,-0.6640581089050722,-0.09924028485438482,-0.06495793828830597,0.7382131535761013,-0.704169886169322,-0.14840919956057058,-0.02450850429448487,0.693915566993076,-0.7817818335750699,-0.09576616817394468,-0.07351227123858246,0.6117531787433774,-0.7262344633817723,-0.12972486628867874,-0.13806830234551692,0.660826835979291,8.441307288145527,26.418791948443655,23.004628899652296,17.09568428517878,16.385003698966344,8.806263982814551,7.668209633217431,5.698561428392927,5.461667899655447
2026-04-29 19:19:02,192.119,-0.17020169737313603,0.009685090000988841,-0.10533517016115962,0.9797153072041366,-0.7685750711357591,-0.08418114300099434,0.11639445160196966,0.6234245959440371,-0.6625322460285812,-0.10714872628909446,-0.05877190673465587,0.7389966416741834,-0.727383042669092,-0.1715571387426441,-0.028359294109514873,0.66383567832823,-0.8016186806017958,-0.1002603214216031,-0.08022189662648903,0.5838833840419866,-0.7435069781169236,-0.14051492460090526,-0.16372742612845984,0.6329662387435782,8.189501506546858,26.58321339573221,23.013683109843686,17.3185227424647,17.743541865741246,8.861071131910736,7.671227703281229,5.772840914154901,5.914513955247082
2026-04-29 19:19:02,192.168,-0.21435658731778906,0.07473159635912927,-0.16403726702054372,0.9599782377780853,-0.7281865113123337,-0.07687197616812674,0.1153901596189954,0.6712080266846353,-0.6690111461116015,-0.10979611352458636,-0.04957937615939807,0.7334240146688561,-0.7484590187530442,-0.1893292254778077,-0.033291815443825055,0.6347087494683352,-0.8185604929495212,-0.10486849578906862,-0.08594971154825723,0.5581881090259327,-0.7552185996740421,-0.1476986554787592,-0.1879483057863431,0.6103322113637697,7.923536319899516,26.600876111471703,23.69189379278958,17.733686582505076,19.012887763736767,8.8669587038239,7.897297930929859,5.911228860835025,6.337629254578922
2026-04-29 19:19:02,192.22,-0.24686972039585406,0.12147512933805907,-0.20903238691579923,0.9384053470245459,-0.6953329345078332,-0.0649074753624221,0.12658143963500026,0.70446878495128,-0.67584104892398,-0.10734000460712562,-0.03346791870890935,0.7284208250850401,-0.7591057409368265,-0.1958842792193573,-0.030215461165929547,0.6200603592699624,-0.8288242820662556,-0.1061804071433532,-0.08626150582188594,0.5425264815744653,-0.757505405678188,-0.15226544113549775,-0.20237715864029218,0.6017011562767836,7.664807203138032,27.375063066929165,24.74364191974187,18.003197349697807,20.238354138860153,9.125021022309722,8.247880639913957,6.001065783232602,6.746118046286718
2026-04-29 19:19:02,192.269,-0.26127741341810673,0.14115634928287932,-0.22800262295408744,0.9272668452073167,-0.6794592260953116,-0.05094967004268441,0.13616638077013046,0.7191647988774658,-0.6715504016641998,-0.10301885457847776,-0.014564255181891677,0.7336177861100337,-0.7620097949618866,-0.19966111552265528,-0.027746097304930748,0.6153914733035696,-0.834675321286669,-0.10976406137968968,-0.08981962375616542,0.53216669761714,-0.7485566953351929,-0.16166022189453347,-0.2081376589078834,0.6084468435863656,7.658108919495559,29.644800463100502,25.882072156898552,18.525855341911647,21.663048452188278,9.881600154366835,8.62735738563285,6.175285113970549,7.221016150729426
2026-04-29 19:19:02,192.32,-0.25902516464932673,0.14779181469281572,-0.22656615187888032,0.9272169769859641,-0.6820170347985615,-0.044881304861345124,0.1343783016391521,0.717482337599399,-0.679272106068799,-0.10602810662082668,-0.00458181543496957,0.7261724681441599,-0.7634632699087062,-0.207386240285159,-0.037582979773317315,0.6104934909334012,-0.8301439564982902,-0.11549165237072825,-0.0997574888422026,0.5362565926326145,-0.7377007293172773,-0.16578260449984536,-0.2097395587648595,0.6199379642344282,7.703002084611183,29.808871534747933,25.893213377224356,19.42902088718377,22.950291666642208,9.936290511582644,8.631071125741451,6.4763402957279235,7.65009722221407
2026-04-29 19:19:02,192.372,-0.24295511398777572,0.16680166695204285,-0.23732237531318381,0.9256500994786935,-0.6868560152843316,-0.058685991399669825,0.1303049133358704,0.7126046577462846,-0.7024913089059109,-0.1212570085345961,-0.00564988697419988,0.701263700450893,-0.7691615104667884,-0.20844230902146516,-0.04994799884892516,0.6020361883119952,-0.8217169664017718,-0.10874974083342764,-0.10890883294580767,0.5487199532571364,-0.73723185304287,-0.15070198026155424,-0.21142109113798888,0.6237621583794938,7.513395677376734,27.386911471601906,24.87420846758588,19.592401827069555,23.42114503454244,9.128970490533968,8.291402822528626,6.530800609023185,7.80704834484748
2026-04-29 19:19:02,192.423,-0.21393015050506736,0.20342276812985166,-0.2774670524160786,0.9142565848462898,-0.6737602188808105,-0.09001936239850428,0.13296423583163197,0.7212934172975374,-0.7106014185917927,-0.12903986555271912,-0.003303177974506708,0.6916526772945629,-0.7793516235232015,-0.19471304016257934,-0.05109151015841038,0.5933696457454904,-0.8207710676089539,-0.09070550296136821,-0.11535922320903995,0.552086601838145,-0.744995351014959,-0.1278902366267065,-0.21610329634062414,0.6180011162226,7.449527566681871,26.3806400346989,24.671011232167018,19.078137512646315,23.02407769634221,8.793546678232966,8.22367041072234,6.3593791708821055,7.674692565447403
2026-04-29 19:19:02,192.473,-0.1814664339367823,0.24487326650917746,-0.3230344162866054,0.895966395908778,-0.6502356948828784,-0.12210676418689932,0.14483357344423511,0.7357354927168859,-0.7103566077501111,-0.11585398722108824,0.014978219574177097,0.6940799639876652,-0.7889232765630113,-0.17165091637343957,-0.04646679411591681,0.5881979799776857,-0.8194371163890459,-0.0716347467705368,-0.11822971986142874,0.5562490527458132,-0.7405158214574622,-0.1129839181870424,-0.2170470467028695,0.6259085651433811,7.673948666412061,26.884767302194817,25.415988744765862,18.784633325191127,23.030929989304596,8.961589100731606,8.471996248255287,6.261544441730376,7.676976663101532
2026-04-29 19:19:02,192.525,-0.15874265524395054,0.2802187810831729,-0.3462138589350605,0.8811436704735812,-0.6398053534645646,-0.14543916559108752,0.16077538149326215,0.7373247829118101,-0.7172094435717632,-0.08967830376443979,0.04279203063758413,0.6897370933908998,-0.7945689480455067,-0.14432351703710738,-0.04066861099233186,0.5883680593912717,-0.8078596788366759,-0.05366349259715174,-0.11143226689015648,0.5762515238746875,-0.7168942569272962,-0.10355406427773703,-0.20744451611110315,0.6574997740620542,8.051012582990161,27.309425021740253,25.755921887917573,18.487323428529283,22.88225995823153,9.103141673913418,8.585307295972525,6.162441142843094,7.627419986077176
2026-04-29 19:19:02,192.577,-0.15045563019613453,0.3023510713522562,-0.3354483809472123,0.8794437541504977,-0.6459055656282304,-0.1525258902673539,0.1707152306757948,0.7282843971306381,-0.7246216309911225,-0.06147569830827224,0.06564989495251643,0.6832527509714098,-0.7926696349709758,-0.11906939015789172,-0.032510773648758665,0.5970262805933815,-0.7894123848324893,-0.04222971701035193,-0.100679786127579,0.6040764176324156,-0.6894320730915706,-0.1004347668289571,-0.19202926397293754,0.6911736655737718,8.73484959527583,27.93915280804651,25.861884903102087,17.995993570799396,21.44555574962835,9.313050936015504,8.62062830103403,5.998664523599799,7.148518583209451
2026-04-29 19:19:02,192.627,-0.14144619543319017,0.30414920187120686,-0.2798643203498789,0.8995344345791795,-0.6676873806521092,-0.13717473682878323,0.16975827903130156,0.7117294289224033,-0.7352217129267938,-0.03745338266681937,0.07289321376924898,0.6728542608575758,-0.7921581016851456,-0.0981223648044273,-0.021895798565034586,0.6019785024940449,-0.7757322504312776,-0.03407934280102589,-0.09351388492009446,0.6231638848346616,-0.6753161904981526,-0.09833668345045778,-0.1758118495995795,0.7094844135563532,9.661086204242963,28.694276165062178,25.631316745399182,17.25921080369237,19.291727855542838,9.564758721687392,8.543772248466395,5.753070267897456,6.430575951847612
2026-04-29 19:19:03,192.679,-0.10807360671343244,0.28803697746447654,-0.1793531345384554,0.9344448877682996,-0.7087519798889875,-0.1116969767152854,0.1599201520381306,0.6779527722254747,-0.7541885977413367,-0.023565312817337404,0.06367782057657694,0.6531380943073178,-0.7983217253870503,-0.0746564111123743,-0.006480831673657934,0.5975507023472411,-0.7695141182856566,-0.017949189235013416,-0.08542339336750737,0.6326363032820945,-0.6709839219586137,-0.08161511096093006,-0.15291246106671014,0.7209281027858423,10.557875205216842,28.842666035686552,24.412698431889822,15.97295118067208,17.562356226679984,9.614222011895517,8.137566143963275,5.324317060224026,5.854118742226661
2026-04-29 19:19:03,192.729,-0.054300158301686295,0.2727941207167003,-0.0582300756603434,0.9587721933803696,-0.7477696935644058,-0.09420351704047412,0.14855183082488038,0.6402331890197321,-0.7722545141964938,-0.02569108909642182,0.046313533906070785,0.6331018794959532,-0.798817448053633,-0.05175886582174511,0.009008981609377891,0.5992750142833336,-0.7648362839889115,0.0026817120291352126,-0.07801371927161314,0.6394780111309818,-0.6689740388963147,-0.05061428508872678,-0.127184524108458,0.7305723963133388,12.869873029209879,28.899334498467972,23.282279700780215,14.539285970521124,16.370786366067716,9.633111499489324,7.760759900260072,4.8464286568403745,5.456928788689239
2026-04-29 19:19:03,192.782,-0.0026314715794384727,0.2735360900644862,0.05778467662598622,0.9601208329875933,-0.761726599864114,-0.08901886223344904,0.143681623166,0.6254628849024553,-0.7693603035360217,-0.042065705211107814,0.025477596458425136,0.6369192192631294,-0.7915179116639726,-0.03945889784552027,0.01320497369324322,0.6097278241688512,-0.7607236808138348,0.016782052735366464,-0.0776401108085261,0.6441970640640006,-0.6727369060116071,-0.018803925976870604,-0.1105941143877617,0.7313278399736833,17.453770103432532,30.07633936456972,23.0035510344198,13.763133776625061,15.271456891608594,10.025446454856572,7.667850344806601,4.587711258875021,5.090485630536198
2026-04-29 19:19:03,192.831,0.029860511847277074,0.28956651255641225,0.16177853263688932,0.9429142543285635,-0.7584759727875926,-0.08046967104591889,0.15014713919463338,0.6290426593938954,-0.7518374425677723,-0.06027203852753652,0.010280248912575974,0.6565074697268739,-0.7760761134733744,-0.03906214329696995,0.01247735305240509,0.6293046406295723,-0.7491210110170063,0.020849219246342338,-0.0775609322593853,0.6575464414752248,-0.6703425577351795,0.007122038503094466,-0.09704325390474781,0.7356444377062855,21.73039785897084,31.18018088156157,23.420329877855778,13.838874079441702,14.761238609194908,10.393393627187189,7.806776625951926,4.612958026480567,4.920412869731636
2026-04-29 19:19:03,192.882,0.0421645901968107,0.3092491494704,0.25546652692404903,0.9150540773674163,-0.7629895128826364,-0.05637506404653941,0.16663977657188186,0.6220128939571425,-0.7534297757368565,-0.07198917066957612,0.006212980215973177,0.653546120190651,-0.754686380595137,-0.04685441577103721,0.01644061488804018,0.6542039718994909,-0.7300371095367645,0.016275193293939453,-0.07362826134453465,0.6792347281417758,-0.6543756685576373,0.025754587078232027,-0.08148391339902171,0.7513252008959608,22.869037135541433,30.497526923364514,23.826672408588877,13.720766144768252,14.817520760949538,10.165842307788171,7.942224136196292,4.57358871492275,4.93917358698318
2026-04-29 19:19:03,192.932,0.04571102577338396,0.32198014039932354,0.3346006745963063,0.8844668902061138,-0.7766452906667827,-0.03233423374965202,0.18874260384768562,0.6001273359094109,-0.7632531309838836,-0.08193280355387624,0.0039692191507559,0.6408712187674167,-0.7378913296155968,-0.0577709925747614,0.018954476271380846,0.6721752940448877,-0.7159418588297388,0.006626259665618568,-0.07346680311466218,0.6942520985192437,-0.6306327620436997,0.031997589641596824,-0.06797728853533959,0.7724361215904172,21.912238841353762,29.819337044750206,23.587534674425918,13.111793766274495,14.654561522890539,9.939779014916736,7.862511558141973,4.370597922091498,4.884853840963513
2026-04-29 19:19:03,192.983,0.04219950409196781,0.3231277158539396,0.3958351937687981,0.8585581986536649,-0.7846059887765702,-0.012004546365186053,0.2100018783126532,0.5832225513023863,-0.7601147189619738,-0.08974033523594334,0.0038097376626450193,0.6435509087461861,-0.7219802498666067,-0.07058867198048689,0.020021299603325635,0.6880122860478419,-0.701210780002418,-0.005931963741429229,-0.07636254153852408,0.7088279171028383,-0.6035359415291778,0.02239993828185853,-0.05682274285152093,0.7949929471022293,21.17648101250024,29.957347191315804,22.871121935186945,12.954016096637451,14.055479320730758,9.985782397105268,7.623707311728982,4.318005365545817,4.6851597735769195
2026-04-29 19:19:03,193.034,0.03940448526483687,0.3157520682029135,0.43488006686886216,0.8423937591214278,-0.7928112903442172,0.004369738055540882,0.22895496887112982,0.5648103978516007,-0.7608067949457206,-0.09728148030187313,0.003382895954235832,0.6416368835795362,-0.71201359424003,-0.08456354651823686,0.017258806497874608,0.6968412888283247,-0.6911526074853773,-0.016096005898499906,-0.08232316604422388,0.7178244131350887,-0.5915788589351516,0.0106038126730846,-0.05573101213251664,0.8042487594671586,20.621101207611076,29.659248049961338,21.82500817775975,12.762289940097881,13.107892598694129,9.88641601665378,7.275002725919917,4.254096646699294,4.369297532898043
2026-04-29 19:19:03,193.086,0.04606873243640851,0.30895078495342815,0.4485117299239063,0.8374152569000808,-0.8065607710384732,-0.003159229299534071,0.244128622186042,0.5383780806474215,-0.7729344827921909,-0.10770994758338348,-0.0035991534976508033,0.6252662621607323,-0.7162337676170722,-0.09414882263288843,0.011138460937887819,0.6913907173298105,-0.6947951717914056,-0.02273166883363207,-0.08975799993325856,0.7132225753124831,-0.591908917039505,0.0002723716935207135,-0.0560524955946679,0.8040534046196128,19.980352439571966,28.754302048220804,20.7338871922816,12.286659990163859,12.335714617639667,9.584767349406935,6.911295730760533,4.09555333005462,4.111904872546556
2026-04-29 19:19:03,193.136,0.054484669834942136,0.2995538188702726,0.45741373228605114,0.835506797021639,-0.8152418721153598,-0.01650477560244787,0.24998671397674424,0.5221253921878016,-0.7736104606606596,-0.11403414584591877,-0.011331623226883044,0.6232131762508215,-0.7139596077120114,-0.10074047683798558,0.007077644019184443,0.6928657458969261,-0.6957721927711602,-0.035292633578239356,-0.09308851958952982,0.7113297500471588,-0.5830845537336009,-0.01897469444332758,-0.04562394891127478,0.8109074049814883,19.43522604326671,28.642603269561413,20.373074854213083,12.286867865379513,12.121301870888013,9.547534423187138,6.791024951404361,4.095622621793171,4.040433956962671
2026-04-29 19:19:03,193.187,0.05918010359131734,0.28036706572580283,0.4750639547924957,0.8319893404678561,-0.8202380617230195,-0.010492319950579103,0.25267664187991073,0.5130827886133098,-0.7605374985793077,-0.11676238631480254,-0.016404427805700908,0.6384983579815768,-0.6972453206693666,-0.10598736900773273,0.002395958186881889,0.7089498570419898,-0.6925584876099394,-0.04697987578915774,-0.09747831335903395,0.7131995589839822,-0.5812105034154745,-0.03184843148748494,-0.043132901583139774,0.8119849634890642,18.531435680068657,29.29145164440585,20.691046595539444,12.573525642593118,11.849731467999483,9.76381721480195,6.897015531846481,4.191175214197706,3.9499104893331607
2026-04-29 19:19:03,193.239,0.06078855290533428,0.2562426627188101,0.4761917250860875,0.8389790763767505,-0.8249892734978591,-0.0068381251444481215,0.2570669231028648,0.5032519604575917,-0.7505520003820526,-0.12095250166645401,-0.018151291222974646,0.6493941158418859,-0.6843878144242161,-0.10797218920322882,-0.0009648620454873573,0.721078632929544,-0.6951796016705978,-0.047027292094453055,-0.10557316021621947,0.7094843642120189,-0.595331879896732,-0.028022178683001102,-0.05512691033846343,0.8010965822152881,17.694296780602993,29.486298737354705,20.93201383657305,13.270106251323877,12.311113912135703,9.828766245784902,6.97733794552435,4.423368750441292,4.103704637378567
2026-04-29 19:19:03,193.29,0.06318080439729552,0.2342326087606958,0.4448427562748653,0.8621242330074305,-0.8276420480944559,-0.027021374159320655,0.25361688843440533,0.4999569576127597,-0.7370543608986192,-0.1266583193449049,-0.01642442604942422,0.6636556166039727,-0.6812434346562953,-0.10694364144331264,-0.0004819881699230297,0.7242031538041949,-0.6987466968776106,-0.04271628527385226,-0.11188511720294506,0.7052730628086648,-0.6040905580495091,-0.02637140449372042,-0.07495922705555819,0.7929440465629933,17.506296878172904,30.179044108378783,21.18816310012465,14.937527895282628,15.093241664897715,10.059681369459595,7.062721033374884,4.97917596509421,5.031080554965905
2026-04-29 19:19:03,193.341,0.06649530685087479,0.21064354677562017,0.39437302152190873,0.8920076178286122,-0.8274842449976598,-0.0618241730974741,0.24185236286748504,0.5029463495014959,-0.7071107608094132,-0.1297316247963546,-0.014223198839126094,0.694954515123122,-0.6774374088024854,-0.10463708206142783,0.0007667115835964071,0.7280996156886722,-0.699346629419091,-0.04300897098895287,-0.11808355549100757,0.7036482034775832,-0.6035053615822372,-0.04486477200115507,-0.10079310939173093,0.7896892932501517,17.44415664766108,31.720418984327274,21.795049400142524,17.08790380336811,18.89329136148591,10.573472994775758,7.265016466714174,5.6959679344560366,6.29776378716197
2026-04-29 19:19:03,193.391,0.06726850582569428,0.1768351445955953,0.34401474181297254,0.9197054621862303,-0.826507075431734,-0.08839273073988738,0.22886549924136418,0.50664915145555,-0.6798439315076323,-0.12351919867190544,-0.01563692838899114,0.7227106771193115,-0.6708104006902964,-0.10291373570486882,0.005735937857683015,0.7344312550170269,-0.7015296002280352,-0.04984539710893673,-0.12128103917033976,0.7004731015026261,-0.601360150071037,-0.07683030432242285,-0.11423614242087762,0.7870280668496269,17.003234214256455,32.08621626000672,22.338856467706627,18.69528137478619,20.79590384402699,10.695405420002242,7.446285489235542,6.231760458262064,6.931967948008997
2026-04-29 19:19:03,193.444,0.06375461355533324,0.1250806232815569,0.30835474559485454,0.9408546847409753,-0.8278981426730043,-0.09704458562330416,0.221862116767663,0.5059092951341799,-0.6668201018613021,-0.11187320888923195,-0.02382877346110762,0.7363881628881932,-0.6622592335698458,-0.10055514730160225,0.007562635227738895,0.7424581984536542,-0.7066225808823534,-0.06351325869790395,-0.12960102127051631,0.692715070893058,-0.6041396366087264,-0.11300131631885207,-0.12224592773317824,0.779295794381785,16.084162624658184,31.03291018596154,22.07175986946957,19.013523743994615,19.772616433100616,10.344303395320514,7.35725328982319,6.337841247998205,6.590872144366872
2026-04-29 19:19:03,193.493,0.05119334859243347,0.047948577074801726,0.27086545685570224,0.9600583728600814,-0.8322302960256818,-0.10291468268662851,0.22694173560161984,0.4952764390788657,-0.6609991066498773,-0.10433419560446401,-0.03276734109625991,0.7423751464004671,-0.6596071545590823,-0.10018956590811043,-5.594228058712972e-05,0.74490297986253,-0.7139150108019665,-0.08447492976098916,-0.14806087947264257,0.6791666360793144,-0.5949273305310605,-0.15623145407339356,-0.13793413159142226,0.7762907828175082,14.881800564489609,29.656210452687358,20.6809888579816,18.046120125190438,17.799650599114162,9.88540348422912,6.8936629526605335,6.015373375063479,5.933216866371388
2026-04-29 19:19:03,193.545,0.051055162775328664,-0.04236543524627781,0.23416469494474915,0.969930634577448,-0.8406021608817733,-0.11197180488100346,0.23352498792358956,0.47572723492340774,-0.6884214355626394,-0.11226740312157038,-0.047767487041373936,0.7149756810101766,-0.6834478612832128,-0.11442695499010945,-0.019065563689028366,0.7207232458859042,-0.7327604779397474,-0.10871963603537682,-0.15804420067985697,0.6528890819590365,-0.5785541160092871,-0.1959656216778427,-0.14194558840890906,0.778924938553374,13.764929785034823,27.919294268802396,19.02842563797042,16.755956465402154,15.633121365278804,9.306431422934132,6.34280854599014,5.585318821800718,5.211040455092935
2026-04-29 19:19:03,193.595,0.04605603493499043,-0.12196273712418955,0.22519682559528745,0.9655518226076985,-0.850661812147869,-0.11704435972000501,0.22856047412659297,0.45873217554261975,-0.7278453401697613,-0.14358481557215774,-0.07592677279254298,0.6662279540094243,-0.7092668701752771,-0.1501751056356501,-0.046272647544537575,0.6872021439200456,-0.7567811797901047,-0.13474215594792016,-0.16307372793514235,0.6184931338206906,-0.5751394472547109,-0.23694960896063444,-0.14566798571822442,0.7693180986833361,11.747997639958793,26.125869985951184,18.390309903949948,16.237206078147842,13.520878200469411,8.708623328650395,6.130103301316649,5.41240202604928,4.506959400156471
2026-04-29 19:19:04,193.647,-0.0068859622070268365,-0.17091232519205096,0.1915957570134904,0.966453633919578,-0.8569887680725832,-0.12303966872897071,0.21381774926877545,0.4524527173242929,-0.7375234477321578,-0.17293222096366098,-0.09718027397055871,0.6455304836712623,-0.7083367667108352,-0.18757451725530772,-0.06062993953206626,0.6777896693181565,-0.7673666614310757,-0.15444312284555284,-0.17290832959305355,0.5978281009514178,-0.5923578463853031,-0.26574555528353566,-0.17765536369134857,0.7395471948594665,8.751062168698212,24.632324499861177,18.678728874917383,16.521512871213677,11.830635811441345,8.21077483328706,6.226242958305795,5.507170957071225,3.9435452704804486
2026-04-29 19:19:04,193.698,-0.05529110339040691,-0.1692937302828274,0.09588351019479897,0.97933083237766,-0.8558165127798746,-0.13812274439019626,0.1871442444039984,0.46203596799586066,-0.7391439967803577,-0.18372410863971625,-0.10523551091435539,0.6394036996848665,-0.7108159902409379,-0.20717038805558122,-0.06612402590351038,0.6689160422123293,-0.7763666826859109,-0.15690144034303266,-0.18567550599181182,0.5815163957346695,-0.6577889163624167,-0.2430311325904426,-0.2126258627162329,0.6804703172121045,7.09176278249846,23.569257028362653,18.777445683269335,16.70315197123888,9.900556889344262,7.856419009454218,6.259148561089778,5.567717323746294,3.3001856297814207
2026-04-29 19:19:04,193.749,-0.04745117736156519,-0.12442053641154079,-0.036499816494335806,0.9904219703146461,-0.8364807845715099,-0.1797095543092995,0.1497488437149143,0.49555994283096627,-0.7374357922357404,-0.18301724201665737,-0.10554574741999401,0.6415241512646404,-0.7339525022203154,-0.20994266938984957,-0.06542679375200186,0.6426174092827981,-0.7975192321557961,-0.14425336705052802,-0.20062349520107944,0.5503673805827499,-0.7289638807885722,-0.1979606232870227,-0.21604418579017615,0.6186664383330792,7.470351240880582,24.37994049063779,19.590043304388313,16.698568159073538,10.741107094940578,8.126646830212596,6.530014434796104,5.566189386357847,3.580369031646859
2026-04-29 19:19:04,193.8,-0.0021682874030887755,-0.06561960305949924,-0.16113152407232964,0.9847466670033362,-0.7933930936960195,-0.23343158555189636,0.11855731106567942,0.5495282137752918,-0.7153409138643492,-0.16926829321485398,-0.09946607737250801,0.6706281542822179,-0.7551732385932837,-0.20131741646830673,-0.06398145178586777,0.6205570492440081,-0.8157844322049657,-0.12791024860246133,-0.2204548584121185,0.5191670096192278,-0.7369639563696359,-0.1852637546693086,-0.20479984129873044,0.6169428605809929,8.608952516045168,27.505792756868257,22.630998377535413,17.612699195615573,16.7259713818463,9.168597585622752,7.543666125845137,5.870899731871858,5.575323793948767
2026-04-29 19:19:04,193.851,0.05169705595271581,-0.009276086519110159,-0.24423228127905985,0.9682933240531703,-0.7435735489083304,-0.2640430599888847,0.11147222858648508,0.6041138817222623,-0.6886156235245647,-0.1501246687958279,-0.08673100926774353,0.7040943394803119,-0.7606525236547069,-0.1778231775459379,-0.060661258192449614,0.6213749814240195,-0.813075323264996,-0.11012611441749721,-0.23268645145961522,0.5221472713018415,-0.6894653447311401,-0.1954080960658228,-0.18821570314004182,0.6715862293839863,10.108162733579583,29.905785650479828,26.19534470311081,19.65700338273416,24.23297848177916,9.968595216826609,8.731781567703603,6.5523344609113865,8.077659493926387
2026-04-29 19:19:04,193.903,0.09232429739684896,0.04011636446694427,-0.31795903225407296,0.9427454350036318,-0.6960653974223352,-0.2819556656109431,0.13716132940271974,0.6458952971323257,-0.6728588272375122,-0.12968047501070065,-0.061516610386095814,0.725713221359625,-0.7606744005099088,-0.15007748707299604,-0.04948125227383878,0.6296052810739109,-0.791296611805654,-0.09874823745613384,-0.23431566124060005,0.5560527210989795,-0.6641639880655698,-0.1947235893170653,-0.18381057439196574,0.6979846656352934,11.63024862176201,30.08128682403452,27.633046555241634,21.64400087701535,26.552941887976463,10.027095608011507,9.211015518413879,7.214666959005117,8.850980629325488
2026-04-29 19:19:04,193.953,0.11544550028539083,0.07852696510728088,-0.3978165758272686,0.9067788176903797,-0.6487180598352214,-0.29534420899263725,0.17018898299331017,0.6804207427216211,-0.6637992446337478,-0.10894591478020657,-0.03567611709057194,0.7390727739172304,-0.7692473546724985,-0.1422903908926435,-0.048091655966898114,0.6210468135457612,-0.7752932307229363,-0.10112993341480679,-0.23966327343230034,0.5755472685457061,-0.6858441374063272,-0.18896348208967606,-0.19474897086793472,0.6752654736974164,12.270603494221973,29.94545585391772,27.588691152299276,22.22336814272117,25.13347572367605,9.981818617972573,9.196230384099758,7.407789380907057,8.37782524122535
2026-04-29 19:19:04,194.006,0.1283179474312356,0.10678816125399597,-0.4511847905455822,0.8766772939704578,-0.6082030463187414,-0.29409776054030484,0.18302925936494177,0.7142099494617122,-0.6531306005717623,-0.09583921663767106,-0.026920914472979972,0.7506733827138039,-0.77587326639547,-0.14399825258632815,-0.06296081006224018,0.6110000934052422,-0.7711041229016724,-0.10247953562521547,-0.24609914418584214,0.5782141365040105,-0.6987671263087533,-0.1872747965065496,-0.19958558997545217,0.6609222693008522,12.48527084566982,29.818313047255394,27.610903250465455,21.966353120097935,26.11517103990063,9.939437682418465,9.203634416821819,7.322117706699312,8.70505701330021
2026-04-29 19:19:04,194.054,0.13245634050902966,0.13342937391993884,-0.4726384419129545,0.8609673764204911,-0.5797251681665672,-0.2883000134225192,0.18458798106772809,0.7394113259209388,-0.634728131880567,-0.085671360861898,-0.030179287180362304,0.767378542280641,-0.7732633282633914,-0.1385608970407939,-0.08362453970187239,0.6130837131533695,-0.7681606022511909,-0.09386658498971365,-0.2532936622665873,0.5804831384519595,-0.6924821315836013,-0.18571298276700957,-0.2017714064019039,0.6672836615921374,13.071876725576832,29.542053072069933,27.989501903415622,22.217365161783285,29.296467912972652,9.847351024023311,9.329833967805207,7.405788387261095,9.765489304324218
2026-04-29 19:19:04,194.106,0.1454310916941566,0.16058318422190027,-0.46051478185792577,0.8608071643545656,-0.56938652158408,-0.2954411816347335,0.17670142162006175,0.7465186567193776,-0.6185086008849096,-0.07732261726360064,-0.04020072009452195,0.7809303589916199,-0.7783198011978774,-0.12438553469668734,-0.0939157198040701,0.6082157211016495,-0.7677877543865808,-0.08524902855087065,-0.2594073879876871,0.5796053609159857,-0.7044773032467385,-0.18364032106899167,-0.1962556352880639,0.6568650449716129,13.974672672209167,29.373152284447578,27.971155830952572,23.028479892454822,31.783930039770876,9.791050761482525,9.323718610317524,7.676159964151608,10.594643346590292
2026-04-29 19:19:04,194.156,0.19414206091761305,0.19397582102742494,-0.36799016625557973,0.8884061450589977,-0.5992249404291518,-0.32185871522979953,0.1496692314695373,0.7175901053872052,-0.6198042206957586,-0.07178280335232125,-0.04576727000372517,0.7801251913295786,-0.7929648823648257,-0.08782914657809571,-0.0736301093596592,0.5983906277200423,-0.7587874809664218,-0.0836707333640383,-0.24361725191519623,0.5982402541423001,-0.7157717474048267,-0.18008996754508072,-0.15749843998311638,0.6560736624873289,15.108650964622402,28.93092124252079,27.6279825722057,24.7661803428413,34.36531144416296,9.643640414173596,9.209327524068566,8.255393447613766,11.455103814720987
2026-04-29 19:19:04,194.207,0.2696407918538938,0.2371276162067973,-0.17149775534210157,0.9174164032287125,-0.6761272962089744,-0.3299725424331793,0.1406752772289501,0.6435685409790347,-0.6296773722391842,-0.06794101469176086,-0.03459979291628277,0.7731062538505042,-0.786134082248075,-0.023301017483519745,-0.04623354527172252,0.6158836956794822,-0.7306086026972609,-0.06721962882899198,-0.2213074233679275,0.6424294634643539,-0.6845157724671324,-0.1395914513078845,-0.11603319942858467,0.7060373082180926,16.540536067858593,28.204205418398548,27.55193553752037,26.09766252690035,36.665146717503205,9.40140180613285,9.18397851250679,8.699220842300116,12.221715572501068
2026-04-29 19:19:04,194.258,0.3362429267158071,0.2776829734908551,0.018276801192098808,0.8997215230309044,-0.7353764057477123,-0.30153541432468556,0.18687502324395827,0.5773869252634548,-0.6330707813724674,-0.07669982632821495,0.0034268062003277623,0.7702770796362441,-0.7438339582260154,0.025203780271920162,-0.022901078010104825,0.667496331582278,-0.7041778008292972,-0.03737257022685067,-0.19910065592715798,0.6805114581131088,-0.6404846944632084,-0.058484427024555294,-0.10409142541097066,0.7586329172332904,19.549867931661453,28.39963635207457,29.14081273087084,25.463466784495722,36.206397548986786,9.466545450691523,9.713604243623614,8.487822261498573,12.068799182995596
2026-04-29 19:19:04,194.31,0.388262761010886,0.3166782556534327,0.09236674788948723,0.8604854994088064,-0.7418210753248426,-0.2955170547371522,0.25213734253852205,0.5466241149647398,-0.6253479044983448,-0.08645465240626132,0.06884007137088789,0.7724808321185017,-0.6864967746610338,0.04354002636265352,0.010948603982238642,0.7257455287875891,-0.6920027937679949,-0.020225836228725997,-0.15528901600348058,0.7047044561195916,-0.6208214741972897,0.019381969509539597,-0.08767320815942369,0.7787929410340528,23.757507737423122,30.95216400079511,34.25420477692285,25.671927159232162,35.56545914041463,10.317388000265037,11.418068258974284,8.557309053077388,11.855153046804876
2026-04-29 19:19:04,194.36,0.4413203709767897,0.3376393056303758,0.09301758579309215,0.826186273298928,-0.731317766063932,-0.30695791462849636,0.30225709693272285,0.5287644192265468,-0.5969583106554692,-0.07484697195812554,0.12254597710341474,0.7893169133015188,-0.6269071557594126,0.05744622623549893,0.02295640072792061,0.7766339889642757,-0.6804984627412866,-0.021283740935253235,-0.12500861615149644,0.7216936264554612,-0.6087730116918993,0.05952165375689583,-0.08045452448295329,0.7870067740876445,26.285414629172813,35.597129173571155,41.103854549046304,27.898244113994615,36.70693709353319,11.865709724523718,13.701284849682102,9.299414704664871,12.235645697844397
2026-04-29 19:19:04,194.411,0.5037208375318215,0.3189543105691317,0.07045853180902413,0.7997306177088177,-0.7165245521379012,-0.3097945644665085,0.3490420061485384,0.5184491990102695,-0.5565479666412776,-0.05508845417222099,0.14383589446034803,0.8164134115196579,-0.581570658946309,0.0718351704199086,0.007597279084279496,0.8102823941651541,-0.6659195966900134,-0.033167339150537774,-0.12136854719306128,0.7353371295604002,-0.5863421600874442,0.06475618373110396,-0.09106423269777715,0.8023196454629155,26.780322118375608,39.27352855560937,45.10238680572827,29.710797439412026,38.27064131955574,13.091176185203123,15.034128935242757,9.903599146470675,12.756880439851914
2026-04-29 19:19:04,194.463,0.5675627804004404,0.26687712465878655,0.015637683763489466,0.7787198170616266,-0.6858922851760489,-0.32571653367010117,0.3983961884197638,0.5145298726823504,-0.526489641840189,-0.046963013497897506,0.1476065882865582,0.8359518093123481,-0.5681349006641427,0.07816525830701912,-0.01786534753572916,0.8190199975571839,-0.6597029900818385,-0.055939489456480196,-0.128655475837832,0.7383159939574457,-0.5711041533193331,0.04415014385851488,-0.10456501172879883,0.812992600938555,26.0278958580085,39.87404048921343,44.66769195227173,29.404853167937073,38.839408204169125,13.291346829737808,14.889230650757243,9.801617722645691,12.946469401389708
2026-04-29 19:19:04,194.513,0.6175033662340177,0.20254390382129248,-0.06662527996152569,0.7571173170549833,-0.6353039267452086,-0.3748658917941664,0.423736252744494,0.5256539469475496,-0.4920963111454969,-0.06330108901316558,0.128545228906045,0.8586677569422496,-0.575579418546212,0.05933275145560431,-0.062271412883763436,0.8132098306637542,-0.6501461137115584,-0.09823473505428426,-0.15478742526861983,0.7373607126998858,-0.5663545876145114,-0.0032478924303098802,-0.1203640757817601,0.8153186012498185,24.39113056030526,39.320395845528864,41.75655416941797,28.513688446388656,38.820545777636376,13.106798615176288,13.918851389805988,9.504562815462885,12.940181925878791
2026-04-29 19:19:04,194.564,0.6406377829497962,0.15564587451188663,-0.14325110085096454,0.7381305541092218,-0.5773191483638968,-0.42714034545912094,0.41332403001016876,0.5598365586754771,-0.4456540929754163,-0.10695798846384023,0.07755683760060252,0.8854023690161563,-0.575847307549654,0.0205094125460202,-0.11568784853873168,0.8090708028876774,-0.6277101185482599,-0.145526969169181,-0.18613478302464986,0.7417248484882574,-0.5601129171664525,-0.05898098765594928,-0.13253229129733823,0.8156163037126545,23.189998148584,38.390353290015284,38.82484968874299,27.838671318790688,38.16353620855711,12.796784430005093,12.94161656291433,9.279557106263562,12.721178736185704
2026-04-29 19:19:04,194.615,0.6414261432633358,0.14650609054496533,-0.1776124691593338,0.7318212069697609,-0.5464034377825747,-0.4540089152767647,0.3830699035121351,0.5904037915289868,-0.4175484816174319,-0.14857735503769742,0.021555208175201096,0.8961659489567226,-0.5701647464886901,-0.005203158732832975,-0.15314614455241438,0.8071129706611212,-0.6077316180342504,-0.16741670805469697,-0.20070713540454058,0.7499003747854136,-0.5588110217282466,-0.08469912715492567,-0.13192714559789417,0.8143411619884009,22.82409629101987,36.08945875847055,35.968766354313615,26.386038716921558,36.04596493631834,12.029819586156849,11.989588784771206,8.795346238973853,12.015321645439448
2026-04-29 19:19:05,194.666,0.6360462805893686,0.17365240902595838,-0.14190174827603558,0.7383453552532961,-0.5640067491689522,-0.4579947906007872,0.3492589364602787,0.5917392618181142,-0.42033116296827366,-0.16543609082254407,0.001330618825086692,0.8921607718032867,-0.5708121810967738,0.0009547512011545828,-0.16259147969850396,0.8048208204881002,-0.6003328190200717,-0.1598203622735978,-0.1979831437861045,0.7581956429489162,-0.5691370731223326,-0.062275675187638636,-0.12154539116069124,0.8108214662706353,22.97722278901241,33.93767977256944,33.16750908121986,24.635013755485076,32.910338879103435,11.312559924189813,11.055836360406621,8.211671251828358,10.970112959701144
2026-04-29 19:19:05,194.717,0.6301673011700855,0.22363017375525862,-0.046496864355473524,0.7421029305475841,-0.6161481350348911,-0.4397018232290413,0.33711417623024154,0.5598015849626441,-0.45089867460251526,-0.15179504165003682,0.033619083854564344,0.8789302633161169,-0.57336820815862,0.03640395744022065,-0.13019003045708352,0.8080681937344445,-0.6093018053199948,-0.1257802724670352,-0.17187202726017778,0.763800130490556,-0.574636093465481,0.003123189077978893,-0.10131500312608609,0.8121076750765723,23.34061311487075,33.0608211279241,31.745412952101944,23.309151214738122,30.24289070411045,11.020273709308032,10.581804317367315,7.769717071579374,10.080963568036816
2026-04-29 19:19:05,194.769,0.6224279227549611,0.2768400119379658,0.04447867089887276,0.7307289077354207,-0.6651137486949026,-0.40865257131302085,0.3505434883944446,0.5174418228173332,-0.4862213877264283,-0.10998581923392672,0.10195460170309563,0.8608699906933632,-0.567858490541906,0.07570163792710155,-0.07399937686144788,0.8162904439957261,-0.6154163120745839,-0.08495387323614238,-0.13262703545450702,0.7723054264481409,-0.548269038355894,0.06422417604507387,-0.08219149014795073,0.829771580459884,23.733992276732355,34.03762636420342,32.46192875133498,23.478325300417403,30.695786527809368,11.345875454734474,10.820642917111659,7.826108433472468,10.231928842603123
2026-04-29 19:19:05,194.819,0.6221968258928933,0.31015572860019547,0.08123980000677694,0.7141950915262226,-0.6832825113503896,-0.3845716615610595,0.37070744275414125,0.4978008022226921,-0.4915646612435659,-0.06963173102281922,0.15861801034277548,0.85343771456748,-0.5591133492074161,0.09246446754961195,-0.042556922837586574,0.8228192348854203,-0.6065065630315465,-0.06886042921628738,-0.11438202008753773,0.7837887366940812,-0.5064126280368804,0.07483455661664995,-0.08899077782410009,0.8544159881246556,24.54163623896332,37.087039486861315,34.21473537165914,25.424243372419184,34.21692028576011,12.362346495620438,11.404911790553045,8.474747790806395,11.405640095253371
2026-04-29 19:19:05,194.871,0.6372891782592625,0.30355767887880797,0.0632740409893336,0.7054868068250638,-0.6695214375729064,-0.37258632974332967,0.399141054002176,0.5035939738804822,-0.4837081098329833,-0.05476989674046971,0.1746645428995894,0.855873250164134,-0.5549676300495553,0.09036841834085176,-0.045527171728901215,0.8256947106516549,-0.5961476620169178,-0.08131880745233123,-0.1182003424518823,0.7899518312343804,-0.4830227891607821,0.04664539914672307,-0.10761318449285986,0.8677168860942417,25.55320694376843,38.69183715023569,35.49955680172171,27.117065294006146,37.16792665373697,12.897279050078565,11.833185600573902,9.039021764668716,12.389308884578991
2026-04-29 19:19:05,194.922,0.6580658560041157,0.26239910457554566,-0.0013739698483966542,0.7057578559862995,-0.6344974522313861,-0.38861330716712655,0.4288799911499871,0.5123032635028744,-0.4807191277725861,-0.06133432579001314,0.16340693100423487,0.859328456164013,-0.5581471106078553,0.07848036923365678,-0.06727502315669218,0.8232780246212806,-0.589840465730904,-0.10844821279538604,-0.13231591048324967,0.7891892738505927,-0.4858363632009336,0.009723733136358721,-0.12100662493482352,0.8655783464987248,25.36852609167413,37.643763009840974,35.88947803070464,27.47767608131481,37.819135179733635,12.547921003280324,11.963159343568211,9.15922536043827,12.606378393244544
2026-04-29 19:19:05,194.973,0.667813709991372,0.21502134553788943,-0.09326575188319408,0.7064645562491424,-0.5894899036128471,-0.4329949299765582,0.43129287861569904,0.5282078161183301,-0.4645355761485756,-0.08338074707351585,0.13290725464911882,0.8715446122668694,-0.567468018193026,0.04873117204958824,-0.09825979668923382,0.8160578003752819,-0.5831578832069949,-0.1431158141483065,-0.15572397721118728,0.7843435407496729,-0.5047692574648271,-0.02978945424551608,-0.12845404768503849,0.85312375583352,23.912530035719374,36.740222915151335,35.39239676476193,27.067402550010325,36.98691970323203,12.246740971717111,11.797465588253978,9.022467516670108,12.328973234410679
2026-04-29 19:19:05,195.023,0.6622404314565453,0.18612247123578102,-0.16344510991556405,0.7071645725642821,-0.55429700866134,-0.47034988730049365,0.40197805182340907,0.5567220631138665,-0.4438689472711521,-0.12578315413578212,0.07672354276185,0.8838961781624151,-0.5749677268964941,0.008052083537398502,-0.13200979258742934,0.8074160585715455,-0.5753418793561174,-0.17335977509636052,-0.18136892173121955,0.7784814862715523,-0.5224237112620396,-0.06627081803422225,-0.13104603188302394,0.8399455828302126,22.762559756565608,35.7692409226002,34.47312137414497,26.491819527868756,35.989374039449636,11.923080307533398,11.491040458048321,8.830606509289586,11.996458013149878
2026-04-29 19:19:05,195.074,0.65385676917367,0.18438370740423912,-0.164930250235476,0.7150328568722568,-0.5562351981523048,-0.4832065878763012,0.36625327100768157,0.5683065539350944,-0.44116791809199996,-0.16578020446962172,0.025412400904094745,0.8816132948933282,-0.5852762158683916,-0.008970693237195093,-0.15248551465151922,0.7963161718959885,-0.5787523564295876,-0.17895300522711519,-0.19195176402829967,0.7721243760779785,-0.5315145675960526,-0.0725837336427737,-0.12940393978475945,0.8339535277291165,22.37756954825049,34.200914611591614,32.91776365591295,25.64162904944046,35.14141825118877,11.400304870530539,10.972587885304316,8.54720968314682,11.71380608372959
2026-04-29 19:19:05,195.125,0.6501474622166628,0.20594146506066396,-0.10118511437348049,0.724332770880295,-0.5980104566280187,-0.47915530280393287,0.34132130762148166,0.5443284436091708,-0.46061950200139656,-0.1747261895424135,0.022316221408391075,0.8699439173452654,-0.5959306398832158,0.006899278566124642,-0.14593863024383183,0.7896334520562069,-0.5948787109674344,-0.15920435280749445,-0.18226991090583033,0.7665187361462544,-0.5346759667205881,-0.03964253177017954,-0.12307863688784193,0.8351058192996177,22.10771931808792,33.10090337481092,31.32044672435251,24.548391492904393,34.10068781667054,11.033634458270306,10.440148908117504,8.182797164301464,11.366895938890181
2026-04-29 19:19:05,195.176,0.641737872850063,0.24687811809439345,-0.02268437717679302,0.7257472813508488,-0.6452388658331812,-0.46304342050841757,0.3322622846192055,0.508782243166761,-0.49135565379037227,-0.155986259337751,0.056646695579230716,0.8550023744212677,-0.5985085336797671,0.035094057605724795,-0.11455447964423797,0.7921068194547368,-0.6115222003867383,-0.12612364252656458,-0.16136510868358894,0.764260902394939,-0.5334735806176387,0.004610799020375999,-0.11576790588020039,0.8378439420819982,22.420875012965524,32.9276315133409,31.4055506569613,24.02352071475734,33.43893828659311,10.975877171113634,10.468516885653766,8.007840238252447,11.146312762197702
2026-04-29 19:19:05,195.227,0.6244730574696087,0.2933594535748281,0.030647401478310552,0.7232111505469646,-0.6688237491223834,-0.44146612150991293,0.33766408694146965,0.49372605821331494,-0.5154333871457164,-0.12067215089010624,0.10859421661070823,0.8414118798387363,-0.5970934168812521,0.05939359733756251,-0.0710288259071848,0.7968103651450713,-0.6233922170419401,-0.09322408291158576,-0.13676626878251674,0.7641900299141157,-0.5367077717569354,0.03952428012923478,-0.11245233503590936,0.8353065732777055,23.98929375844165,34.67966198985099,33.49834125294263,24.532836136887262,33.99489070492059,11.55988732995033,11.166113750980877,8.177612045629088,11.331630234973531
2026-04-29 19:19:05,195.278,0.6071588698676951,0.3249990791857145,0.04891466240759118,0.7234231549176268,-0.6749375363469936,-0.4223056795731326,0.34576262961716414,0.4965535610489056,-0.5144978056856141,-0.08366363468532015,0.15065985854796457,0.8399964352294815,-0.5859036197548619,0.07042468905782559,-0.04238606949366789,0.806201421880498,-0.6216969357891542,-0.07668177882382614,-0.12340621243751147,0.7696646877430574,-0.535490073319352,0.05423102078311476,-0.1160082696016638,0.8347762928744946,25.554879599889222,38.039127335191104,36.64726298534022,25.9114576617366,36.09282257885249,12.679709111730368,12.215754328446739,8.6371525539122,12.030940859617496
2026-04-29 19:19:05,195.33,0.5976630159345911,0.3340870887654281,0.041309917003859366,0.7276525456983876,-0.6754089074257076,-0.4105300714665717,0.34725038016090476,0.5046831101491022,-0.5061775272680266,-0.06954354641550213,0.15674380156529558,0.845209670266284,-0.5707961926177111,0.07149154988429564,-0.03754913506375512,0.817111208614978,-0.6132775492806053,-0.07650737529359689,-0.12431400766896633,0.7762623889970065,-0.5238920439519261,0.048381123481258545,-0.12077583993914323,0.8417895162459312,26.210612548750277,39.52383719661294,39.10306233906698,27.063477677912495,38.32004822688046,13.174612398870979,13.034354113022328,9.021159225970832,12.773349408960152
2026-04-29 19:19:05,195.38,0.5953665182490552,0.3233193231934259,0.018326386799681363,0.7353009368582437,-0.6657899128217591,-0.40753441006163776,0.3501736521930923,0.5177044619377533,-0.5074777050639728,-0.06828584586790977,0.1510158585706431,0.845575326376828,-0.5689461763035574,0.07144202149994934,-0.03826721987821072,0.8183714962755944,-0.6124644770867974,-0.0817656639493036,-0.12736721147857621,0.775873207390162,-0.5209825505612103,0.03578436306070718,-0.12220370656444485,0.8440159450348,26.658899611982044,38.83551085408597,39.67833653864537,27.206780145856193,38.951676528352614,12.945170284695322,13.226112179548455,9.068926715285398,12.983892176117537
2026-04-29 19:19:05,195.431,0.5931454488189618,0.29876892188525855,-0.025040865978005394,0.7471871003249081,-0.6442081899575369,-0.41605747602705695,0.3584505227859234,0.5323581570222509,-0.5058238292084959,-0.06644139196531942,0.1503435447740804,0.8468321048373929,-0.5832924449429768,0.06899348052114533,-0.03874993772066806,0.8083985809269256,-0.6176669002129608,-0.09129642797188418,-0.13105794781281055,0.770049593815867,-0.5346461431929145,0.017245019707576387,-0.122767669083066,0.8359331374530726,26.734914683734512,38.18760274146685,38.64603550312202,26.73085031500137,38.386193624298734,12.729200913822282,12.882011834374008,8.91028343833379,12.795397874766245
2026-04-29 19:19:05,195.482,0.5849864089461091,0.2667471816763719,-0.0931943922411663,0.760231311951072,-0.6151578337511983,-0.4360728695448316,0.3618464660068167,0.5481682470372096,-0.49992764073517937,-0.07018705491210327,0.14269076781235235,0.8513433362239021,-0.6054445396153575,0.05805637037148667,-0.046632341766198,0.7923962342229026,-0.6194829226119372,-0.10670437900113328,-0.1404848582306374,0.7649307737972587,-0.5538281302453619,-0.011917018103516,-0.12499732393216681,0.8231087752164011,26.170971147655596,37.50157898464781,36.9450628512497,26.375021045338706,37.61110886931374,12.500526328215937,12.315020950416567,8.791673681779569,12.537036289771248
2026-04-29 19:19:05,195.533,0.5700529696861812,0.23534411657084361,-0.17571110679657903,0.7673189463943766,-0.5809328393293048,-0.4588693047970765,0.35374960865070254,0.5716792909344494,-0.49854268343474434,-0.08304357383908832,0.12401909345432402,0.853919329970041,-0.6274828424540414,0.036177747938569225,-0.059968174871748894,0.7754742232869133,-0.6190450457858367,-0.12307293860816067,-0.15319925501648307,0.7603724556641686,-0.5720572208172812,-0.04601447115344935,-0.1268552822342803,0.8090370460767159,25.570492324376787,36.43161349941903,35.60276303963126,26.20863647068068,36.9241029094817,12.143871166473009,11.867587679877088,8.73621215689356,12.308034303160566
2026-04-29 19:19:05,195.584,0.5520209615698641,0.20824783509914668,-0.23825254280510774,0.7714540965027676,-0.5539272850945715,-0.4761345438515102,0.33013811717253205,0.5978873493968971,-0.5015012126844445,-0.10679231684471834,0.093861650712833,0.8533943550694668,-0.6433979081106258,0.009214093559146964,-0.07107341725728196,0.7621697984557814,-0.6221572958920154,-0.13731789159884902,-0.1616982145913121,0.7536032001080968,-0.584598106470614,-0.07343599796982223,-0.12044540764829521,0.798965025448289,25.089229762490113,35.29434637188089,34.78803493769101,25.93347420216528,36.547646498736974,11.764782123960298,11.596011645897002,8.64449140072176,12.182548832912325
2026-04-29 19:19:05,195.635,0.5336520227663666,0.18790522932586154,-0.2536653022568358,0.7845769929205858,-0.5492532918667917,-0.4848559332283441,0.2986084156581606,0.6116114448609409,-0.5092364277660579,-0.12923656525972899,0.06606870602123524,0.8482989431330278,-0.6529784842086016,-0.006323505207020881,-0.07365748688087027,0.7537597011441567,-0.6309138681556832,-0.14307428163829355,-0.1631186405504992,0.7448957980868711,-0.5911950256738657,-0.0825188818215874,-0.10644165174682775,0.7952039050047474,24.556096209712678,34.26699011218283,34.17635610174813,25.55243189937434,36.41408144434068,11.422330037394277,11.39211870058271,8.517477299791446,12.138027148113562
2026-04-29 19:19:06,195.687,0.5151964064779258,0.17589644661314321,-0.23634917828292568,0.8048429466337439,-0.562151249909707,-0.4846189393378861,0.2781103339933802,0.6097418289621167,-0.5356841308062438,-0.1407443524572451,0.06021414560892366,0.830426273622371,-0.6668874580384856,-0.006738237756213799,-0.05915352071517041,0.7427762620398608,-0.6524755380073761,-0.1365130845993394,-0.15674692514367564,0.7287456699652916,-0.6079180368830209,-0.07606205287379351,-0.09386767071689894,0.7847541557322917,24.0811857521257,33.64509564379382,33.85095065484737,25.119863677184895,36.091580281146804,11.215031881264608,11.283650218282457,8.373287892394965,12.030526760382267
2026-04-29 19:19:06,195.738,0.48690419725477035,0.16317770991870778,-0.21148394413855917,0.8316080080500504,-0.5884126907225363,-0.4843098466610589,0.26153355405547274,0.5922961066281961,-0.5925032162714662,-0.1471584389619333,0.0591068255762787,0.7898042261982083,-0.685525125870689,-0.003530532155060195,-0.03259080301594177,0.7273105778836537,-0.6789074652451784,-0.12183753116333154,-0.1488936425651597,0.7085696527780946,-0.6419915256113204,-0.0647880007895133,-0.09185873706048359,0.7584269038098532,23.19039025318378,33.95859823901529,33.72643878851697,25.037404375845263,36.256529370764284,11.31953274633843,11.24214626283899,8.345801458615087,12.085509790254761
2026-04-29 19:19:06,195.79,0.4411515739925326,0.14334962783849897,-0.18845277586672063,0.865633712508127,-0.6263536138829185,-0.4893850468271703,0.23360429951364828,0.560011122716785,-0.6635892549617116,-0.14436093834590594,0.04376984065787215,0.732730114863607,-0.7136042665487411,-0.007777139076497991,-0.007196601006497412,0.7004688971004862,-0.7174273480065048,-0.10145724661053496,-0.14859731413856725,0.6729957397141283,-0.6674821302213468,-0.05922146714946542,-0.09315963155196537,0.7363977910836914,21.74506926209389,35.41487042702152,33.78653621728616,25.113824936507072,37.50456666652073,11.804956809007173,11.262178739095388,8.371274978835691,12.501522222173577
2026-04-29 19:19:06,195.841,0.3809875652580049,0.12043317656327565,-0.1690084153305311,0.9009886129408733,-0.6612019414451957,-0.4893895553376902,0.1998816826685571,0.5323130363696424,-0.7109566175272614,-0.13075793186263776,0.02693205438648268,0.6904474749723725,-0.73870948808515,-0.022398705352400936,0.01548548020493526,0.673473674403339,-0.7564996674878344,-0.08493905113328765,-0.1498100047402042,0.6309124924766611,-0.6708114242020222,-0.0638547702383955,-0.0858539017134188,0.7338689999164967,20.619069593934704,37.529069622962744,35.02923214128403,25.452419229159496,38.38959176515303,12.509689874320914,11.676410713761342,8.484139743053165,12.796530588384343
2026-04-29 19:19:06,195.891,0.312622757405431,0.09570461604714396,-0.15148819645749045,0.932823115254736,-0.6903534772966519,-0.4687795514795739,0.1707553265595629,0.5239278833490043,-0.7138838036279518,-0.11406680859024987,0.022216721511227302,0.6905541943837689,-0.726880073281924,-0.035631088037307634,0.02906060121240563,0.6852235154226072,-0.7513929572342243,-0.08145550362405175,-0.14823231805072562,0.637809379543346,-0.6636549019094496,-0.07217229355007958,-0.07453797597931837,0.740808626672359,19.886832177315753,38.40606742300269,36.37670710620469,26.355067631481454,37.855876934886545,12.80202247433423,12.125569035401565,8.785022543827152,12.618625644962181
2026-04-29 19:19:06,195.943,0.2504818342102831,0.07283301125940345,-0.1307193495919292,0.9564866203161458,-0.7185359875005077,-0.43246081196181685,0.15285611120194892,0.5227989002018021,-0.6986873906147115,-0.09743821019520958,0.023846722141399025,0.7083594138804613,-0.7086931622362194,-0.04339815247221821,0.03293591287280477,0.7034101419547922,-0.725300763624938,-0.08042371574488019,-0.1464311906843004,0.6678538272898096,-0.6424072605361251,-0.0781851232820694,-0.06035233538278823,0.7599721006205967,19.439064188639236,37.03775482395133,34.58063820185187,26.08735986880267,36.64913917881905,12.345918274650444,11.52687940061729,8.695786622934223,12.216379726273017
2026-04-29 19:19:06,195.993,0.2029022687670715,0.054515464748506694,-0.11243586095729073,0.9711935495065966,-0.7392712683628319,-0.39788735471216174,0.14659571799096893,0.5231379743433664,-0.6949700386621949,-0.08685196988657841,0.024537086403858443,0.7133521655392222,-0.7105389110803414,-0.05290855888314853,0.03420248461288467,0.7008318844658658,-0.7144805382137268,-0.07709671513309346,-0.14244849708838808,0.6806482812045949,-0.6204697905568439,-0.08143836337129616,-0.045875243884621844,0.7786401569250572,19.360209215728116,34.880609352458286,30.560130558689544,23.85974856046484,34.48444858921683,11.626869784152762,10.186710186229847,7.953249520154947,11.49481619640561
2026-04-29 19:19:06,196.044,0.16556220424685297,0.037072168594790726,-0.10070110533128104,0.9803438673372018,-0.7471808025252786,-0.36273761774045216,0.14304631768356624,0.5382193047548876,-0.6881811771082421,-0.07953415112982468,0.0268431508754638,0.7206666577059394,-0.7071762266982666,-0.0588873423676744,0.03836942596988314,0.7035352531696017,-0.709066583916015,-0.07659023368886765,-0.13252513763208745,0.6883281220266638,-0.616744808202874,-0.08289297145336522,-0.03437302089580957,0.7820313882913703,19.439665978029964,32.99934553496924,26.68331679069358,20.850976434528597,30.843301166075676,10.999781844989744,8.894438930231194,6.9503254781761985,10.281100388691891
2026-04-29 19:19:06,196.094,0.13245804596171554,0.020172226347373548,-0.09030804748872608,0.9868598704491781,-0.7477625259303068,-0.32339968496765054,0.13381549295762862,0.5642315680832283,-0.6748238029930972,-0.07337545573675376,0.029251656180866035,0.7337392030006531,-0.6995922304273525,-0.062151312300847444,0.04883486298211674,0.7101570823856386,-0.7065314918776726,-0.07803716614004483,-0.11768806198320028,0.6934500499333603,-0.6177441456819497,-0.08410598565461022,-0.020377577684499142,0.7816029093986644,18.959720476385108,30.826348213003165,22.772707655473976,17.731121073829506,26.68624349220135,10.275449404334388,7.590902551824659,5.910373691276502,8.89541449740045
2026-04-29 19:19:06,196.145,0.1044378875705541,0.004444300924059218,-0.0820456163224046,0.9911314204843742,-0.7510071832288178,-0.2849073118966904,0.12236768224624248,0.582959848281339,-0.672500873860292,-0.07068638284092989,0.027956176157642707,0.7361823565888088,-0.6929723211548735,-0.06609857694349967,0.05406487892115862,0.7158891877284582,-0.7037291299485127,-0.07992933166670486,-0.10474500670436547,0.6981440375536597,-0.6266552494558708,-0.08522910625993554,-0.008187747134039552,0.7745786974687607,17.35966556631444,27.599145788614315,18.948061100360583,14.886332189651675,22.45838039964054,9.199715262871438,6.316020366786861,4.962110729883892,7.48612679988018
2026-04-29 19:19:06,196.196,0.0857586643431771,-0.008478472729324189,-0.08415029858948475,0.9927196453367653,-0.7466796142131136,-0.2587159439440969,0.11275641869997362,0.6023467474052029,-0.6781117216378113,-0.07188221128360664,0.025283849630978024,0.7309980626692664,-0.6876408601245171,-0.07094582124745435,0.05418888017322127,0.7205416734653944,-0.7043730440231767,-0.08229729929865096,-0.09545206986242086,0.6985518389787918,-0.6475793504007155,-0.08751614657639024,-0.0022282550624733166,0.7569524053085398,16.130257263162594,24.347712740656277,16.10220219795965,12.45015942895391,18.730153446287478,8.115904246885426,5.367400732653216,4.150053142984636,6.243384482095826
2026-04-29 19:19:06,196.248,0.07894412891436074,-0.017196630913899072,-0.0954213212377653,0.992152645437386,-0.729833281195424,-0.251865876272766,0.09670605868773538,0.6281360523341717,-0.6876365443927569,-0.07765190372229912,0.023065715384664117,0.7215220976780161,-0.688693922773157,-0.08214694034869065,0.05565745530177367,0.7182303311584667,-0.7113772019561744,-0.08744252491213625,-0.08088877017753314,0.6926422512619057,-0.6683804293469017,-0.08767068292860444,-0.0006252369471186105,0.7386345930835108,16.18402919231059,22.22908294002178,14.519707736483056,10.783577528559476,16.097723243876345,7.4096943133405935,4.839902578827686,3.594525842853159,5.365907747958782
2026-04-29 19:19:06,196.299,0.07934715111870203,-0.02286488015065765,-0.099838206833663,0.9915712578132148,-0.719690480779281,-0.24533062977847944,0.0817190544445181,0.6443450086008862,-0.6974746480505682,-0.07964437011815768,0.02357671941842239,0.7117794798508053,-0.6933228762728163,-0.09532304237293611,0.05915262520018824,0.7118411857721374,-0.7128751403811909,-0.09463041260877254,-0.059648827717260336,0.6923121670084583,-0.6846342878722179,-0.08336846956682056,-7.420953015262707e-05,0.7241032969436977,16.392675051827542,21.01221422783134,13.542604034964183,10.317704621682227,14.10593374092117,7.004071409277113,4.514201344988061,3.4392348738940757,4.70197791364039
2026-04-29 19:19:06,196.35,0.07821128539707865,-0.025923460137503563,-0.09555987598816294,0.992007701155673,-0.7198584536579719,-0.23364751721352583,0.07860288928401113,0.6488715051482183,-0.6983670797423116,-0.07637484450994987,0.024439867083639356,0.7112334342219935,-0.6958666328055529,-0.10261297338851766,0.06610672427888857,0.707721773047392,-0.7102754022532424,-0.09944687652899414,-0.04402682911112952,0.6954716457347785,-0.6933858957881359,-0.08170083126881648,0.00581396260946336,0.7158960619607043,16.113050341835155,20.05537157075717,12.492618269835216,10.078981202476069,12.805433511023395,6.6851238569190565,4.164206089945072,3.3596604008253563,4.268477837007798
2026-04-29 19:19:06,196.4,0.0727762236815902,-0.027351928241477055,-0.09411937679510297,0.9925205469912559,-0.718357118204067,-0.22760892972757152,0.07738565521678882,0.6528159665636908,-0.6897662793163974,-0.07344347022863755,0.023671225796235908,0.7199084731186962,-0.6903027898918382,-0.10027082976534933,0.07603493383525446,0.7124931633372924,-0.7080424890860292,-0.10232936602332258,-0.0328529636829282,0.6979435631018983,-0.6922382614852093,-0.08397250576192564,0.015402393841276283,0.7166014051590721,15.77302774025124,19.267102279633995,11.88219690549551,9.423695133082035,12.389681702361655,6.422367426544665,3.9607323018318366,3.141231711027345,4.129893900787218
2026-04-29 19:19:06,196.451,0.06421520183211908,-0.029564787983535745,-0.09530197763907892,0.9929349748212263,-0.7145490523823331,-0.22108900870087034,0.07312564473778624,0.6596907927604108,-0.6782537791392805,-0.06920012259433106,0.023378035247962344,0.731188499351678,-0.6797560648342275,-0.09301981739028584,0.08715119126161096,0.7222767307309891,-0.7025096885294657,-0.10508416422504174,-0.01960732885159792,0.7036000345414026,-0.6874881915530758,-0.08692922908391545,0.02377896215494099,0.7205816099268642,15.728996315183913,18.872545495298624,11.779075913845872,8.838047987971397,12.01721953307689,6.290848498432875,3.926358637948624,2.9460159959904653,4.005739844358963
2026-04-29 19:19:06,196.503,0.05531085318522453,-0.03138798173433742,-0.09354203127691907,0.9935821015432773,-0.7132708865529281,-0.20899675125140377,0.06819418070092462,0.6655182597651912,-0.6701000387509047,-0.06524631528925309,0.022879203321171708,0.7390435700705338,-0.6736094371135695,-0.09062322500429566,0.09383866362326634,0.7274833761198674,-0.6981611609832903,-0.10780337181100355,-0.01027424020925484,0.7077032332190982,-0.6848650391933655,-0.09075226197565922,0.03019465733303386,0.7223656883500986,15.579241969803181,18.564429209976776,11.309479003776536,8.242816465801756,11.370148720755175,6.188143069992258,3.7698263345921785,2.7476054886005854,3.7900495735850583
2026-04-29 19:19:06,196.554,0.04754892240620217,-0.03131173315453241,-0.09051635862193895,0.9942662943933546,-0.7119772921391512,-0.19661878016335577,0.06351123595799989,0.671115275993896,-0.6644091877952208,-0.06303896323661848,0.021968320335571914,0.7443815642457711,-0.6703253995526193,-0.09190693318396696,0.09698968306350078,0.7299383369344159,-0.6942990603519488,-0.11022388895607996,-0.004590867293040093,0.7111810128478518,-0.6846550541140525,-0.09427523713050255,0.03356038133944092,0.7219649142059624,15.382581217240226,18.142545787718923,10.642458623544695,7.930457109518304,10.706752650599423,6.047515262572975,3.5474862078482317,2.643485703172768,3.568917550199808
2026-04-29 19:19:06,196.605,0.04034305811564256,-0.030744228160734324,-0.08821593355386567,0.9948091169485224,-0.708317851839741,-0.1866407745747051,0.05975487785182916,0.678144819787191,-0.6567840995670743,-0.06061909080015848,0.02115135370783335,0.7513405304006672,-0.6624959912847017,-0.09146279113912326,0.10038881205096727,0.7366516855229053,-0.6875150015380134,-0.1115436223849077,2.0693924164151906e-05,0.7175521880234219,-0.6831536022899048,-0.09667489092560579,0.034332304258577064,0.7230327890401275,15.52072447168765,17.93660205984432,10.587108574600506,8.047945844823422,10.296202397775271,5.97886735328144,3.529036191533502,2.6826486149411406,3.4320674659250905
2026-04-29 19:19:07,196.658,0.0351521044882764,-0.030741632763158507,-0.08537534758062261,0.9952539030772944,-0.7064159394337443,-0.17835131985165342,0.056061354376981475,0.6826598360578513,-0.6510449773578689,-0.05814339056569868,0.02070221006810965,0.7565257444984357,-0.6552210420067175,-0.0894744168205456,0.10274132548032763,0.7430504255330187,-0.6838258696608724,-0.11104076257591002,0.0017534866363111356,0.721144267337492,-0.6805703102287095,-0.0981225417277062,0.03464114048703979,0.7252558245376937,15.496812291857253,17.85264558961223,10.760320919706112,7.970467722254449,10.149867127216169,5.950881863204077,3.5867736399020376,2.6568225740848166,3.3832890424053894
2026-04-29 19:19:07,196.707,0.03393563622144548,-0.030875155074164475,-0.08308393339965237,0.9954858901080589,-0.7062766229671588,-0.17433853418028572,0.05285716312492626,0.6840946774068339,-0.6485992757377487,-0.056810697504788746,0.02075855462477185,0.758723010440159,-0.6534299186277961,-0.08764008905566102,0.1039706746456436,0.7446735224553894,-0.6837700499359712,-0.11044438721378615,0.002707236862345486,0.7212858150636973,-0.679503991002683,-0.09898531261438209,0.03573954849178268,0.7260846498664343,15.316525532711001,17.83680232877439,10.708507877827422,7.825350024832515,10.170879161907948,5.9456007762581295,3.569502625942474,2.608450008277505,3.390293053969316
2026-04-29 19:19:07,196.759,0.034460403049935744,-0.030344328820967405,-0.0829386198351457,0.99549630218795,-0.7045742625517524,-0.17514231410518669,0.051426638599443186,0.685751834997105,-0.6466219636288212,-0.0565772264429548,0.02075350051199912,0.7604264236711717,-0.65118755076583,-0.08695917907601337,0.10544007529041124,0.7465087175812336,-0.6834408825696493,-0.11119789750824234,0.0043500963737925875,0.7214739526023819,-0.6789432811388368,-0.10014083771395567,0.03710900018586907,0.7263819626915188,15.432439597381933,17.960265391500926,10.844711320431662,7.8443135990433515,10.307376840550052,5.986755130500308,3.6149037734772205,2.614771199681117,3.435792280183351
2026-04-29 19:19:07,196.808,0.034535696780023384,-0.02960882596816483,-0.08329890541242192,0.9954857585268599,-0.7034760705695532,-0.17692933708410213,0.050630045577700546,0.6864794434648436,-0.6469861327427555,-0.056699265958376,0.020144298089848096,0.7601239007772498,-0.6510271473997817,-0.08782003006235337,0.10655383349564644,0.7463896946205328,-0.6834223070552073,-0.1123671107599281,0.005448228891010574,0.721302917948316,-0.6793523758248857,-0.10168163852963966,0.037990178111009874,0.7257395815401725,15.459026351222438,17.904016298393007,10.739274502318638,7.8044752004440525,10.298641187194466,5.968005432797669,3.5797581674395462,2.601491733481351,3.4328803957314884
2026-04-29 19:19:07,196.862,0.03434403382621301,-0.029139903373065,-0.08338126474318129,0.9954993310202574,-0.704128964133852,-0.17873106833400584,0.04943314437945145,0.6854297712506614,-0.6475544016116922,-0.057476616030342896,0.0201404761988061,0.759581527409342,-0.6548435171040149,-0.08953893760712128,0.10693824247731731,0.7427832517328958,-0.6848533270720326,-0.11347841134392837,0.005769038177972013,0.7197675241046424,-0.6803397014505215,-0.10291439266396948,0.03798100215990914,0.7246405742764828,15.333132562691794,17.88493216368662,10.220878845732202,7.6088972999565305,10.163296437918817,5.961644054562207,3.406959615244067,2.53629909998551,3.3877654793062724
2026-04-29 19:19:07,196.913,0.03373460857048551,-0.028585432144819917,-0.0838925458288155,0.9954932897855466,-0.7036341203413521,-0.18061660568880408,0.048116952426570485,0.6855373259933306,-0.6458330140618921,-0.05876995135082872,0.020851988656400845,0.7609277267487541,-0.6540239535101562,-0.090645210569753,0.10772117141503454,0.7432578713102762,-0.684572790486182,-0.11484833987426629,0.006204712385790393,0.7198134861881212,-0.6808960805694845,-0.10422305025961812,0.037494865488924944,0.7239559505395772,15.490780751682589,18.05854232771976,10.203252289580593,7.558226530425044,10.000362891448653,6.01951410923992,3.4010840965268647,2.5194088434750146,3.333454297149551
2026-04-29 19:19:09,199.307,0.03664668327748996,-0.015148535051433674,-0.10531385260494033,0.9936480941158493,-0.7105545800172668,-0.2125984425404086,0.0452778973383192,0.669226421369105,-0.666536763261497,-0.0739676446656183,0.01648127049776236,0.7416103414100208,-0.6512156768431945,-0.11550440935025269,0.13679931231605477,0.7374705565676261,-0.6827811138519113,-0.14097204098382665,0.014371662316014704,0.7167498095920726,-0.7004236593143655,-0.13257934490427015,0.04009545430357122,0.7001583887390185,16.281318250738643,18.513303434017033,10.37542805501339,8.329735895528936,9.485456558108282,6.1711011446723445,3.4584760183377967,2.7765786318429786,3.1618188527027606
2026-04-29 19:19:09,199.358,0.03929513111062148,-0.015084915583434472,-0.107235697639313,0.9933422588134714,-0.7142933736933648,-0.21228624809344968,0.047670726408983094,0.6651669166546075,-0.6692562153861681,-0.07151245177610834,0.012175606726019651,0.7394821444827495,-0.6520749730984454,-0.11268815002995111,0.13362510571241237,0.7377289078142699,-0.6873322482972044,-0.13711558685018302,0.008483475519529056,0.7132332906816323,-0.7035330241521488,-0.12988141372139156,0.03769219400987658,0.6976757132133716,16.1594959780052,19.123794557867214,11.269225054996909,8.339135644155574,9.411719394788626,6.374598185955738,3.7564083516656366,2.7797118813851913,3.1372397982628755
2026-04-29 19:19:09,199.409,0.04305969091137957,-0.014493724848558709,-0.11151672153705855,0.9927234336794196,-0.7190958512275367,-0.2122727265280946,0.0515979286169346,0.6596810593628675,-0.6680184177343417,-0.06953180665284542,0.009599592074886197,0.740826949606515,-0.6534799212227732,-0.10862187960140604,0.1266504914192124,0.7383257633685878,-0.6924770699260647,-0.13168935612015897,-0.001911357242926617,0.7093164088224381,-0.7076772892405676,-0.12601587234672523,0.030940823389250378,0.6945181924599321,16.000223993262125,20.147406009812016,12.720658983788935,8.578980506817253,9.302905932384142,6.715802003270672,4.240219661262978,2.859660168939084,3.1009686441280473
2026-04-29 19:19:09,199.46,0.052398525341998285,-0.012417500061533358,-0.12307688777373182,0.990935053336059,-0.7281753452401764,-0.21252515042485232,0.05915149486707839,0.6489181979851034,-0.6690006900649683,-0.07223842978634427,0.010645612281916664,0.7396663821573499,-0.6708264148942458,-0.10377607817995066,0.10295706023272258,0.7270641583972887,-0.7063580149865116,-0.12039542154960765,-0.029548836522354363,0.6969147461450235,-0.7108161506806343,-0.11953894242953536,0.007353302246719458,0.6931066080484751,15.607495805374954,20.673962980701926,13.930328522914863,8.933260285275514,9.7275193389351,6.891320993567309,4.643442840971621,2.977753428425171,3.2425064463116997
2026-04-29 19:19:09,199.511,0.07476039762861858,-0.007256577153500095,-0.1557287443493937,0.9849399896530688,-0.7308952353479922,-0.22804979323283286,0.07436487385311932,0.6389485990976699,-0.6698934615878666,-0.08342254414410138,0.01625674241497038,0.7375765367583247,-0.6892472211354685,-0.10055282425201191,0.07348372308260034,0.7137419282443047,-0.7185411546801473,-0.1085101062060397,-0.06807170671797026,0.6835864309848296,-0.7057220316119494,-0.11482043547644862,-0.039776848875461256,0.6979903179758586,15.072277446320124,21.361550825285516,16.09089009170873,10.441021842138198,11.545662969132612,7.120516941761839,5.363630030569576,3.480340614046066,3.8485543230442043
2026-04-29 19:19:09,199.562,0.10637874848373431,0.0010257378304084708,-0.21200125978163828,0.9714617725798252,-0.7076336451154862,-0.26266249714151324,0.08960304156933666,0.649795607739448,-0.6619453461815921,-0.09641999028489359,0.02262658917749438,0.7429802027000358,-0.6951801178276318,-0.10390997684930399,0.06431303030777455,0.7083721865100073,-0.7125837597539232,-0.11190548908364034,-0.09184079316658005,0.6864887585084318,-0.6869530413001338,-0.12341353049767106,-0.0850744553928999,0.7110745084575869,14.897328351921237,22.452322690482937,18.15141295271733,12.916132289714035,13.962323114490381,7.484107563494312,6.0504709842391105,4.305377429904678,4.654107704830127
2026-04-29 19:19:09,199.613,0.14274902770931844,0.012070735573391549,-0.26300722075456157,0.9540986396917893,-0.6714855307748011,-0.2929186202324349,0.0981188067705392,0.6735566521378407,-0.6505229195737533,-0.10327828928492078,0.020420822134479454,0.7521545825792544,-0.7017193428588075,-0.10783430225382168,0.05799855175426771,0.7018531862930042,-0.7023902813603562,-0.1271964112915421,-0.10748230020381024,0.6920379474768495,-0.6630925345457103,-0.14037791898264343,-0.10419217594899943,0.7278367405969978,15.206244534960295,22.631139926700122,18.768468736829348,14.648575339021239,16.08484933189166,7.54371330890004,6.256156245609783,4.882858446340413,5.361616443963888
2026-04-29 19:19:10,199.665,0.1820553789821569,0.027526440688191833,-0.29928949661765064,0.9362285678513853,-0.6416324399478163,-0.31665016557141945,0.10733943040004326,0.6903033618139194,-0.6376246746377544,-0.10776702540923758,0.01393220282704106,0.7626446985667238,-0.703263273593783,-0.10773865726903521,0.04051131171738377,0.7015497012806421,-0.6890715328730794,-0.14153127794782622,-0.12497080424091314,0.6996653614648786,-0.6442062970714925,-0.15436731480410923,-0.11434810247126763,0.7403333643669084,15.539518006491209,22.084903890315072,19.687085400536166,16.2835998333086,18.09081616280801,7.361634630105024,6.562361800178722,5.427866611102867,6.030272054269337
2026-04-29 19:19:10,199.716,0.22323658532764634,0.05380012959892437,-0.31488789895497205,0.9209324536132467,-0.6212799535157602,-0.3382976555669796,0.1140476773171803,0.69753784334321,-0.6220011099659488,-0.11213998313134675,0.003763432202784772,0.7749355327783622,-0.6983818198156438,-0.10162271927009972,0.019357838301286623,0.7082096658302832,-0.6698213774901853,-0.14669273729898988,-0.13655793769219193,0.7149632806893901,-0.64022472322084,-0.15820407306744028,-0.12679416457969336,0.7409500758284653,15.893605719792896,21.871698172930955,20.88656985531657,17.953217632492773,19.405051822017203,7.290566057643652,6.9621899517721895,5.984405877497591,6.468350607339068
2026-04-29 19:19:10,199.768,0.27291999790156213,0.09370936773305846,-0.2788893708971309,0.9159442930359272,-0.6284100655465203,-0.35588413281904696,0.11539454951276197,0.6820054042822533,-0.6171798516214515,-0.11636654934829797,-0.009734190025183796,0.7781086701032491,-0.7033644884853101,-0.0798339033403707,0.002086256001572858,0.706328954348563,-0.6645082638737059,-0.1371365112242255,-0.14099165255065157,0.7209325200348764,-0.6543797652859891,-0.13774884651059474,-0.12727102852540312,0.7325397350091943,16.557884944282787,21.9712461747811,21.113549174972004,18.182366603965203,20.033647693138356,7.323748724927033,7.037849724990668,6.060788867988401,6.677882564379452
2026-04-29 19:19:10,199.819,0.3251843856567989,0.14535656187113485,-0.19889345077027087,0.9129994416683436,-0.6624743539108171,-0.36684254075354783,0.12816336842610337,0.6404127041975372,-0.6250661218519631,-0.11621301918728498,-0.008040687174052083,0.7718304378774472,-0.7068816847266397,-0.04322556533827824,-0.001616723225917504,0.7060079464887239,-0.6706868724322047,-0.11564013641428433,-0.13875960867299225,0.7194110431443983,-0.6665120198108594,-0.09500940365205245,-0.12136799046694925,0.7293865583868026,17.367608807292598,22.20935292108996,21.605727045263478,17.767626329113043,21.26533481917504,7.40311764036332,7.201909015087826,5.922542109704348,7.088444939725014
2026-04-29 19:19:10,199.869,0.3653355605933412,0.2048647145681299,-0.10892912759389112,0.9014958802193728,-0.6990046955747753,-0.3599089105850915,0.15302068774234592,0.5987008274328072,-0.6285174524578369,-0.10402735622498951,0.01190318628425344,0.7707155345969304,-0.6961794376951237,-0.003999344211638009,0.0036010755068214663,0.7178476356662133,-0.6745061887957335,-0.0890314703352484,-0.13233116514801957,0.720835113806733,-0.6664869299828122,-0.048683722325436884,-0.12093869389697337,0.7340292226206802,18.392306603665347,22.955888621992493,22.99652167146708,17.960772810579346,23.080468249613435,7.651962873997498,7.66550722382236,5.986924270193115,7.693489416537812
2026-04-29 19:19:10,199.92,0.3969921017368889,0.26514385667897616,-0.029728385439297088,0.8781868989703154,-0.7281077246260615,-0.3403163364308002,0.18228973922840955,0.5664047876476824,-0.6315165239678053,-0.08335561155087899,0.045635620979480485,0.7695168042846217,-0.750255453504094,0.028966061741303832,0.020451019876026228,0.6601965446293974,-0.6771894974413467,-0.06091006677096299,-0.1184949363345984,0.723645837674862,-0.6591052041028219,-0.0028139779453576277,-0.12176095800084503,0.7421230898977722,19.896919050782042,24.455261840566173,16.743400446180576,19.203849924357755,25.202125758747982,8.151753946855392,5.581133482060192,6.401283308119251,8.400708586249328
2026-04-29 19:19:10,199.97,0.4269323156708211,0.3140311794533271,0.020104399696771084,0.8477670843338607,-0.7429291092454914,-0.3280483299945923,0.21488161825663496,0.5424633830581282,-0.633761193237964,-0.0631173571136612,0.0837938479536425,0.7663821111049636,-0.850515741881643,0.04515221573214324,0.04955101501738364,0.52165980019237,-0.6745284294698668,-0.040406802433635085,-0.10349385424800632,0.7298408801149032,-0.6392260971975386,0.03163344506653458,-0.12921330953068,0.7574254038880358,22.10325760990499,27.178967953081887,3.937245945827942,21.924888276643948,28.7082703771611,9.05965598436063,1.3124153152759808,7.30829609221465,9.5694234590537
2026-04-29 19:19:10,200.022,0.4526464213092907,0.33706907059265023,0.03046609989129951,0.82496513604098,-0.7376978461713515,-0.32871687840221697,0.2472699868897764,0.5353547003540561,-0.6206507032878277,-0.05160585368460101,0.10723278469358072,0.7750036582240556,-0.9026873184468137,0.05040523052731011,0.06373142669041831,0.4225555858142138,-0.6601191132605919,-0.03879868938199619,-0.10365243926975654,0.7429627109375804,-0.6106150523579835,0.03600214020971354,-0.1477322634469867,0.777192564343617,24.425051246727104,30.21183578176933,-4.185712447119547,25.15338064895584,32.92860366435792,10.070611927256444,-1.3952374823731823,8.384460216318613,10.97620122145264
2026-04-29 19:19:10,200.073,0.47153978840028415,0.3323929192189985,-0.0024297400098055102,0.8167981828897347,-0.7184834629651156,-0.34397984347014154,0.27711745118418424,0.5372758127638853,-0.6060498538844756,-0.05098945117498665,0.11612484748197215,0.7852507053627955,-0.8835377653593401,0.05735483163665312,0.051625136134171225,0.4619591819532145,-0.6474593296595882,-0.05273513002539573,-0.11385111800270761,0.7517003029316238,-0.599857373955167,0.011920066395834136,-0.1656728175919974,0.7826758974440562,25.39893879706532,31.19061368308427,0.19234098715256484,26.839944439586567,34.81417748938817,10.396871227694756,0.06411366238418828,8.946648146528856,11.604725829796056
2026-04-29 19:19:10,200.124,0.4827918266315909,0.30955035119785623,-0.07163655755127785,0.8160630097199715,-0.6907461242354536,-0.375368826284401,0.2992245292074554,0.5407704847975224,-0.6038122290896704,-0.058896513830102686,0.11700144707158222,0.786290438733411,-0.8823849260237073,0.05170901775383642,0.0329318838748343,0.466517428220559,-0.6453071834835737,-0.07235850473060929,-0.12633063674819925,0.7499222999460959,-0.6070695646004853,-0.028601216316352127,-0.17493755836075128,0.7746259515635797,24.934061858001584,30.5786436690843,1.397837298015343,26.819227489053567,34.39198044557604,10.1928812230281,0.4659457660051144,8.939742496351188,11.46399348185868
2026-04-29 19:19:10,200.174,0.4867699761929071,0.28007548239737756,-0.15864830566591942,0.8120612227821041,-0.6543739074396439,-0.41223211396718323,0.3092706398619163,0.5533634834317501,-0.6084117447062012,-0.07453695712863329,0.10997895922827876,0.7824218935156566,-0.8936395470981907,0.03439938509751565,0.010017270353176696,0.44735298865853645,-0.6471580662612387,-0.09560826071673115,-0.14615586447476295,0.7420808318743791,-0.6128006360862744,-0.07738399953366223,-0.18240943993018643,0.764992740653653,24.206332651643116,29.71294941440299,0.694693298018452,26.25988004312608,33.719007880893095,9.904316471467663,0.23156443267281734,8.753293347708693,11.239669293631032
2026-04-29 19:19:10,200.225,0.48828865068426847,0.2567395919569149,-0.2359151773783314,0.8000018778835983,-0.6166168831550337,-0.4413395450499635,0.3064420363738398,0.5754096833789967,-0.6020383413555618,-0.10061845599336151,0.08893365121983376,0.7870937476133736,-0.8988740473546759,0.009777539153142275,-0.025654584596924268,0.43734618897332544,-0.6453394101462043,-0.1239389781347307,-0.17301123576957236,0.7336506578123905,-0.6128322817517354,-0.12628531831642884,-0.19039248069099207,0.756465013148004,23.742548895053872,28.94498590836607,0.5128113298883128,26.027329550509833,33.57620113190397,9.648328636122024,0.17093710996277095,8.675776516836612,11.19206704396799
2026-04-29 19:19:10,200.276,0.49683334199825385,0.25378167755495407,-0.25471694135567147,0.7898549045252874,-0.6036755851384914,-0.45385261522634984,0.28888225621785296,0.588337176797783,-0.5926049976504058,-0.13004959493643342,0.056286363915782976,0.7929301765311824,-0.8417234381012603,-0.008349643032348555,-0.055263174143996896,0.5370083042148945,-0.6409932664066411,-0.14208138722862734,-0.19124927696587557,0.7296329391444466,-0.6188304096630923,-0.14777636986092857,-0.18947781189599108,0.7478697930696513,23.631530604098447,27.867241663124076,10.217680574984438,26.30177938055907,33.4581218371563,9.289080554374692,3.405893524994813,8.76725979351969,11.152707279052098
2026-04-29 19:19:10,200.327,0.5137992394083221,0.2777933723023491,-0.19311746301582977,0.7883824131515415,-0.6356438623641093,-0.4482514412968859,0.26621488795210213,0.5693480122444897,-0.608217264746512,-0.13751294102719597,0.03775472642544023,0.780856280340283,-0.7932034962506708,0.008218941493375384,-0.054326847370015766,0.606472799217966,-0.6445548323575901,-0.1303605232625249,-0.18824854968008753,0.7294639714218539,-0.632575732071396,-0.1195733385207214,-0.18549901330481763,0.7423882245646719,23.589979797160183,26.319005377539078,16.74211260683676,26.331622205012838,33.017994040567835,8.773001792513027,5.58070420227892,8.777207401670946,11.005998013522612
2026-04-29 19:19:10,200.378,0.526689325237734,0.3191384525444053,-0.09394913333795409,0.7822547942539121,-0.6903431943383651,-0.42004734640414587,0.25697744801336414,0.530046311205046,-0.6337463751867491,-0.11458744270844348,0.05019643467916041,0.7633580862587991,-0.8417418261977734,0.04899571139805033,-0.0263195178802471,0.5370078223567955,-0.650484584919959,-0.09994536203711901,-0.16974738962756467,0.7335301991761525,-0.628480402630236,-0.0667039185792276,-0.1853055173466302,0.7524791266186792,23.36288483848843,25.60602501942062,8.299327594224422,26.02610019188164,33.171084666448714,8.535341673140207,2.766442531408141,8.675366730627212,11.05702822214957
2026-04-29 19:19:10,200.43,0.5299064925002667,0.3635323695432623,-0.015951787015580476,0.7660214526965518,-0.7312211253706704,-0.3810512900090345,0.26551981097489546,0.4996146616883425,-0.647301138139676,-0.08148443302469263,0.08332674541569039,0.7532716490325075,-0.9083324798436557,0.0693821953103151,0.01721348861504144,0.4120945435754956,-0.65053312423808,-0.071688169945798,-0.1459339806296777,0.7418697553185748,-0.6066818184481438,-0.02257701704496743,-0.18570801181739843,0.7726189124093673,23.37852955367874,26.481354834229037,-4.458358151080375,26.117806367838682,34.07396229021585,8.827118278076346,-1.4861193836934585,8.705935455946227,11.357987430071951
2026-04-29 19:19:10,200.48,0.5318406773760058,0.39849753016876616,0.01994437400607376,0.7469587902174595,-0.7481975135015012,-0.3526630055380984,0.28133628180549836,0.4864968467059818,-0.6512367614817697,-0.058145334244377296,0.11365651358966124,0.7480588195583217,-0.8288549871478901,0.08132959589993413,0.029960007874756805,0.5527090600297492,-0.648392787640587,-0.053119230449808194,-0.12830027209697475,0.7485346888901884,-0.5892420548514227,0.0035156857024013916,-0.18767375001271347,0.7858498611724001,23.97836612547533,28.118381825177437,10.148231007030516,26.687706585274682,35.11909541402463,9.372793941725812,3.3827436690101718,8.89590219509156,11.70636513800821
2026-04-29 19:19:10,200.531,0.5393349616454485,0.4133005308204639,0.025155884008970626,0.7332582436428198,-0.7475446867346218,-0.3375246495950412,0.2986917474835974,0.48789065602425286,-0.6512889190832335,-0.047634398244415205,0.1274381357283466,0.7465341449293322,-0.686145211511996,0.09349176552058748,0.017334325708872562,0.7212236543896912,-0.645959882812572,-0.04804660575207831,-0.12466162777602056,0.7515895369366884,-0.5829046823890657,0.009213797944670046,-0.19414755421447888,0.7889511799654483,25.308335653138705,29.336429810168113,30.195147085069706,27.364789568359427,35.801201380971364,9.778809936722704,10.065049028356569,9.121596522786476,11.93373379365712
2026-04-29 19:19:10,200.582,0.5512634536248326,0.40762679947525743,0.008804068645452273,0.7279227194025932,-0.7373089891175526,-0.3316121707478863,0.3183429415687619,0.4950420126935444,-0.6517852780603695,-0.043473367641445104,0.1328804800885923,0.7454051218103508,-0.5587748944206935,0.0962710491146079,-0.0011061695713383765,0.8237118906853265,-0.6456200451322981,-0.05368461912552559,-0.12785044409101481,0.7509640357157239,-0.5867744141772511,-0.0015954243123136452,-0.19982591328935104,0.7847055790972078,26.56723297989481,29.680638776319135,44.88648768822821,27.60132531949466,35.71634141541175,9.893546258773044,14.962162562742735,9.200441773164886,11.905447138470583
2026-04-29 19:19:10,200.634,0.5653829693580305,0.3896093252592017,-0.02726082036737103,0.7265008735740544,-0.7238937315626045,-0.34086261663395334,0.33776017365655214,0.49569003124666355,-0.6550895543536706,-0.04601599761490412,0.13665765631839685,0.7416635953785095,-0.6450719270335885,0.0907606995571302,0.002463337107513945,0.7587085318746376,-0.6488185203337427,-0.06513076186136331,-0.13101571668664022,0.7467445302862132,-0.5944677752954364,-0.022391409134602233,-0.2008384482447236,0.7783126663744546,26.343094510480604,29.250407818286455,36.11154232121956,27.38175863184551,35.47425013528476,9.750135939428818,12.037180773739852,9.127252877281837,11.824750045094921
2026-04-29 19:19:11,200.684,0.579619430129298,0.36672175084958664,-0.07864282260207282,0.7234443863377341,-0.704548328141848,-0.3651452711097347,0.3558963094109767,0.4935771482214019,-0.6576409143156776,-0.05575046151116386,0.13830816844383367,0.7384247858794043,-0.6771844161265176,0.07909055538906044,-0.004423336511531248,0.7315370015916784,-0.6539894284047212,-0.08097875309475075,-0.13445592190996336,0.7400418056741305,-0.6023712728135417,-0.04901442634158358,-0.19969009752010475,0.7712783548446114,25.19326196378389,28.71745160542144,33.4246554561588,26.98909804760398,35.24471739489905,9.572483868473814,11.141551818719602,8.996366015867993,11.748239131633015
2026-04-29 19:19:11,200.735,0.5927882261323825,0.3423664080910823,-0.1392156307008746,0.7155462037759627,-0.6735653410002663,-0.396525212632167,0.37118767160384897,0.5012955212242804,-0.6577827120065736,-0.0713415865258058,0.1354767074918582,0.737481080126415,-0.6807944265160817,0.059753603446745164,-0.018072778660328432,0.7298094479871191,-0.6574677981910503,-0.10179329462996559,-0.13984222580890754,0.7333610102746123,-0.6103968448579031,-0.0796761394428978,-0.20014460379958612,0.762239819322567,24.298754135902968,28.327202346937106,34.26716158556654,26.68562690168436,34.79402243543984,9.442400782312369,11.422387195188847,8.89520896722812,11.598007478479946
2026-04-29 19:19:11,200.786,0.6023401641047351,0.31954440680871815,-0.19966972298078745,0.7037113758554148,-0.6347571266477592,-0.42638473939288796,0.37969163556092567,0.5206858035973412,-0.6539255926935453,-0.08931857167814458,0.12693272784619425,0.740467146182257,-0.6895450586303117,0.03508610262918305,-0.031811396115550165,0.7226926128015936,-0.6563374720491189,-0.12529610230298407,-0.1464830980018262,0.7294276602457845,-0.6132160892067182,-0.11334794982240391,-0.19936726029850066,0.7558908424700924,23.696730355190095,28.145579649872595,34.20182573664982,26.674862207206615,34.60221276153656,9.381859883290865,11.400608578883274,8.891620735735538,11.534070920512187
2026-04-29 19:19:11,200.837,0.6101357033107455,0.2996226619733334,-0.2428816789599775,0.6920759886046458,-0.6019575689262656,-0.4488415318679859,0.38013192640612486,0.5400815521840647,-0.6468652221236343,-0.10539975173322466,0.11737229702047902,0.7461099253016625,-0.7008949745920114,0.01269117365921098,-0.041371392683436314,0.7119505436266261,-0.6575841465342536,-0.14544213382065266,-0.15269861024171363,0.7232653803181527,-0.6116494305596107,-0.1415750507262993,-0.19201702948193258,0.7543016236870265,22.94158852538737,28.218435064638186,33.22532553560596,26.377508983269053,34.68588549919605,9.406145021546061,11.075108511868654,8.792502994423018,11.561961833065348
2026-04-29 19:19:11,200.888,0.6198029687873845,0.27985603256934355,-0.26357426908309944,0.6841443455837378,-0.5809045224997208,-0.4646186279854418,0.3788204421650664,0.5506128756814179,-0.6433320529053417,-0.11883298068736309,0.11120368051523549,0.7480884532228932,-0.7096995304750134,-0.0020197974283577037,-0.04650083333964206,0.702965268957587,-0.6626452151656296,-0.15947121545480683,-0.15636621698466674,0.7148565285743478,-0.6109133450450542,-0.15851605146774775,-0.18168125756069087,0.7540885007239555,22.168555015241868,28.152147765096085,32.350241758068904,26.04686279656616,34.83963109544317,9.384049255032028,10.783413919356303,8.682287598855387,11.613210365147722
2026-04-29 19:19:11,200.939,0.6269086024604283,0.25863211217526205,-0.2735710882400177,0.6820952238449173,-0.5672342689310909,-0.47354356325368613,0.38254320628407124,0.5546733031047335,-0.6439846013518599,-0.12927195456039875,0.10889523982870844,0.7461329785825503,-0.7182745626031961,-0.013038384496800802,-0.04373995940427789,0.6942610958409041,-0.6695981991302397,-0.17268101753547413,-0.1555403176580689,0.7054266279970443,-0.6151556680055094,-0.1749788429572706,-0.16880676096968808,0.7499801237959263,21.85043773054094,28.331938579495166,31.978628646685877,26.28084658939138,34.94373823889993,9.443979526498389,10.659542882228626,8.760282196463793,11.647912746299978
2026-04-29 19:19:11,200.99,0.6261810543764551,0.22664411975502197,-0.26931225085558286,0.6957015463972765,-0.5717746684406055,-0.49217853457120064,0.36881384959649405,0.542964421470501,-0.6478986498356699,-0.14793711854248215,0.10008995981403747,0.7404889927898242,-0.7243660978171323,-0.027250173817610676,-0.03673836989520368,0.6878964141042849,-0.6758788814682859,-0.18979054658299616,-0.1577503745737619,0.6944653377489363,-0.623098110359147,-0.19382817691371204,-0.1564742237641146,0.7414143241120885,20.95069333743777,29.212101704376384,31.915168193836283,26.677692145571022,34.66520125670277,9.737367234792128,10.638389397945428,8.892564048523674,11.555067085567591
2026-04-29 19:19:11,201.041,0.6119926273315753,0.18592827053925265,-0.2562888450510184,0.7247149303060433,-0.5949398108137782,-0.5178446047046671,0.33342699255786296,0.5164397617544101,-0.6585797602440676,-0.17680738415953062,0.08371761500150564,0.7266382932670081,-0.7305276119675916,-0.043530345369537427,-0.029874186684861685,0.6808392248944348,-0.686322397805918,-0.20139384347371847,-0.16427566862510296,0.6792757840366416,-0.630471667894519,-0.20626529215075276,-0.14970691002269865,0.7331766133256868,19.089860576064986,30.26162388582089,32.20509160010022,26.7974939775347,33.927018545964735,10.087207961940296,10.73503053336674,8.932497992511566,11.309006181988245
2026-04-29 19:19:11,201.094,0.5822602156138343,0.14834739413817585,-0.2515296006378865,0.7587482797138252,-0.615829488006405,-0.5259610585229637,0.3017206645364823,0.5030741965265523,-0.6773821068347894,-0.19542883657686919,0.07027730725058584,0.7057068451275503,-0.7447554180541751,-0.05872903704333635,-0.015349225073462123,0.6645710411811199,-0.7090544715076113,-0.20204237038880402,-0.16766688839454677,0.6544527878608404,-0.6461574731217605,-0.2118943784301257,-0.1452821175816866,0.7186615327326161,17.532148799903158,30.58124797687092,32.54514185814799,26.812131202666087,33.05350087730831,10.19374932562364,10.848380619382665,8.937377067555362,11.017833625769436
2026-04-29 19:19:11,201.143,0.540306854125934,0.11036359701408668,-0.24757453514103958,0.7966148563693419,-0.6398147703219956,-0.5246410447707279,0.2690439513361565,0.49295454767059316,-0.6858342833455827,-0.19376480359752363,0.0596228317688089,0.6989503949541286,-0.7524312716692306,-0.07480206566496495,0.00562591403741455,0.6543853463195232,-0.7355556360851101,-0.20064171632878408,-0.17319970533993925,0.6234602392793201,-0.689963057481738,-0.21210259838866186,-0.14963965298334772,0.6757007039527583,16.15464888135194,29.968604314968488,32.59556934681448,27.23811605345381,32.28763840746488,9.989534771656162,10.865189782271493,9.079372017817937,10.762546135821628
2026-04-29 19:19:11,201.194,0.4882463690330449,0.07427993250665377,-0.24060789060488869,0.8355871096011,-0.674450793135778,-0.5223784138983204,0.22992864297608737,0.46836923412065623,-0.6739788267042194,-0.1846537591361246,0.05088548153171814,0.7134887512502122,-0.7574050569529313,-0.09989768023187079,0.02654785503472111,0.6447117530955004,-0.767527905805024,-0.20288501602564984,-0.18510150391088864,0.5792029155078154,-0.7531673653221191,-0.21003863150363344,-0.1628643994256513,0.6017456942010808,14.155345833539236,28.643193927718265,32.19485791698609,28.048954042210816,32.57413155787021,9.547731309239422,10.73161930566203,9.349651347403606,10.858043852623403
2026-04-29 19:19:11,201.245,0.421991732328974,0.05042663728679922,-0.2434958837024554,0.8718313407522682,-0.7041676863879459,-0.5117523078755818,0.18539528963107255,0.45594520659139964,-0.6671965227816766,-0.1826380089267789,0.040707305095585955,0.7209958897214022,-0.7704300467637593,-0.13684829763116407,0.04155622000808772,0.6212754357430235,-0.7962829739871019,-0.21345852440091748,-0.20138106035572031,0.5289750015159934,-0.7887737718718876,-0.2270565424032896,-0.17534131350657578,0.5436328606115045,11.944094934895235,26.141707329751206,30.992710131916883,28.897913281545897,34.59750888772962,8.713902443250403,10.330903377305628,9.6326377605153,11.53250296257654
2026-04-29 19:19:11,201.3,0.344780034875297,0.043355990338415806,-0.25505525260599965,0.9023268829926624,-0.7234798101293742,-0.4895349165669801,0.13793945520838277,0.46680320960093996,-0.6808178349227706,-0.19239576113219842,0.02261583998805342,0.7063706325514022,-0.7846952432895485,-0.18228808047429867,0.037674772094194474,0.5912740840113005,-0.8123640900415223,-0.2283153034081253,-0.22488529794031042,0.4871994562917358,-0.793251427726329,-0.2651142848730681,-0.19282045896602823,0.5131148594325765,10.434035965938836,22.879682489703246,28.845778499378216,29.208745012991173,36.23480751255502,7.626560829901082,9.615259499792739,9.736248337663724,12.078269170851673
2026-04-29 19:19:11,201.347,0.26322411628091974,0.05482734307976907,-0.2700881512178497,0.9245319992464653,-0.7306145840918531,-0.46436813128322707,0.09592140205313776,0.49128774947984655,-0.690455028799641,-0.20475385734277,0.0004257168961925296,0.6937921373680073,-0.7999609066298999,-0.2340050906942287,0.014601590383631229,0.5523503950856946,-0.8291976309047209,-0.23025478291614576,-0.2518624111989537,0.44269554964025337,-0.7963122613954066,-0.2954131264972497,-0.22513638773150138,0.4774216940647594,9.56728995750463,20.560705779771215,26.77161095277677,28.46338540178661,35.92119043646579,6.853568593257072,8.923870317592256,9.48779513392887,11.973730145488599
2026-04-29 19:19:11,201.398,0.1740681734998992,0.08231860428194053,-0.29118792919362074,0.9370877804429067,-0.7244046858126849,-0.4337913392215591,0.05778258488779348,0.5326575805080375,-0.6761622614386209,-0.2084035356908381,-0.020096959003712413,0.7063771476743644,-0.8018126544651356,-0.2817804487215283,-0.010780142356033529,0.5268586474460211,-0.8402265974342423,-0.22597220569260137,-0.270946379836524,0.4117570721578181,-0.7964257027491135,-0.3145029434966392,-0.25987726482079165,0.44638302584416756,8.863755803731552,19.32250988051803,26.201158031663113,27.41087451295669,35.141351244444884,6.440836626839343,8.733719343887705,9.136958170985563,11.713783748148295
2026-04-29 19:19:11,201.449,0.08014289188819872,0.1271145301237161,-0.31296268853056575,0.9378024145303443,-0.7099384630264144,-0.3874233841189953,0.02497921479476707,0.5875938554662692,-0.666665465078673,-0.21511539683481012,-0.04844452393114519,0.7119941374878894,-0.7897618490188051,-0.32004028975793253,-0.03240110237757771,0.5223031718559391,-0.8390798627392018,-0.22203399238685056,-0.2791761711040402,0.4107390359559293,-0.7932085705910078,-0.3190841215433768,-0.28825469911720986,0.4311782872046189,8.316798615725997,18.067425902519343,26.380876731174084,26.671086488684573,34.72354206075342,6.022475300839781,8.793625577058028,8.890362162894858,11.574514020251138
2026-04-29 19:19:11,201.5,-0.011385742483552012,0.19553310364907445,-0.3360029041769775,0.9212704372930327,-0.6841859496341783,-0.33943820682503717,0.0042772514210627915,0.645486634401412,-0.6728550938068435,-0.22382000012436107,-0.07960499483146684,0.7005952291304851,-0.7866414686138496,-0.34820731218087325,-0.06530547902061423,0.505650137951831,-0.837121679145222,-0.20602820185632775,-0.2854955028755489,0.4186549798853106,-0.7941785698315991,-0.2963719497838242,-0.3232726365495355,0.4206410216085471,7.968749046566839,17.12415569369428,25.87184940297759,25.916211555959656,34.13346361737677,5.708051897898094,8.623949800992529,8.638737185319885,11.377821205792257
2026-04-29 19:19:11,201.551,-0.08915630913847336,0.27596624416333665,-0.37021075897087646,0.8825178630290689,-0.6422987459187873,-0.308765691675739,0.007312326066199927,0.7014717375081173,-0.6743208646105409,-0.21908346223633682,-0.0926119560830817,0.6990828518250878,-0.7959382029542429,-0.35947803648223753,-0.11009531456527161,0.4744859745826208,-0.8397803665681111,-0.18159647027765477,-0.2933495632673557,0.41921079618764306,-0.7970810394364853,-0.2550092286003764,-0.3668034033424001,0.4063094549674243,7.766328986241801,16.940779715322932,25.361260950547702,25.477335288569762,33.50583121652245,5.646926571774311,8.453753650182568,8.49244509618992,11.168610405507485
2026-04-29 19:19:11,201.603,-0.1464772141788457,0.3422165040218918,-0.4064833732768969,0.834388133515137,-0.5939475250880991,-0.2910360331355093,0.034521690617163564,0.749221340950324,-0.6787952643882013,-0.20600276441836396,-0.09128286355393345,0.6989043489044391,-0.8097519095369387,-0.35519677188555704,-0.14879685214401467,0.44271502689133235,-0.8482657662860914,-0.15939473997855716,-0.29818652565759646,0.4075822647398802,-0.8042048377285419,-0.2122419677377298,-0.40314128407943334,0.3816870854189487,7.709263765581161,17.2638064010685,25.797942555876183,25.618604279350997,33.746792259688846,5.7546021336895,8.59931418529206,8.539534759783665,11.248930753229615
2026-04-29 19:19:12,201.653,-0.18798254314054474,0.37840045059602756,-0.411050501334259,0.8077828593229688,-0.5680014043123588,-0.26651830039866314,0.06259829713802639,0.7761596829565522,-0.6960171388862572,-0.18788013757420063,-0.08299746830400336,0.688020796587439,-0.827639395691041,-0.34457900238840633,-0.166900158425563,0.41039332222966457,-0.8669542751222696,-0.14413392621115587,-0.3007892254068768,0.3703262589140938,-0.8207186847781235,-0.18023475748774917,-0.4218095795474864,0.3406067398795453,7.746382247634198,18.475449412720543,28.966406985801015,26.895439120680876,35.96095933469192,6.158483137573514,9.655468995267006,8.965146373560293,11.986986444897306
2026-04-29 19:19:12,201.704,-0.2169336091530376,0.37657820802942915,-0.3586721520257683,0.8261252627891156,-0.5907023259263952,-0.2250431788678767,0.06581454521499833,0.7720717424102055,-0.7261545324012777,-0.1625428532896575,-0.07130126855621705,0.6642255227103314,-0.8339687979140046,-0.3448896941305965,-0.1497331424636556,0.40388999620729943,-0.8844335448866352,-0.14561028761603007,-0.2954474972394244,0.3305839155110208,-0.8381639667460127,-0.18043595802551077,-0.41213456067822635,0.3083328295763696,7.439560077573044,20.049611595332816,36.996354146494824,30.487602228647035,40.388112012486644,6.683203865110939,12.332118048831607,10.162534076215678,13.462704004162214
2026-04-29 19:19:12,201.757,-0.23472481189808214,0.3303121189698667,-0.2572236464176191,0.8772879586912556,-0.6607941478205002,-0.1652614764375316,0.059324075363309386,0.7297399486763451,-0.7632934904631625,-0.13625761828194857,-0.055118425434505,0.6291095835022018,-0.8175083674011797,-0.3562586795265703,-0.09928251093602042,0.4414779785145362,-0.887546789887048,-0.16240670529256335,-0.2768358806245857,0.33052481455409777,-0.8460533795378695,-0.21314054746479227,-0.3705162406324148,0.31856318278574036,6.673180963986743,20.612809525154272,45.50499900014764,33.741705970777645,44.24650896235871,6.870936508384758,15.168333000049214,11.247235323592548,14.748836320786237
2026-04-29 19:19:12,201.806,-0.23569623823668245,0.2346927387226447,-0.14893701736419976,0.9312273441703683,-0.7580589618624803,-0.102727623214293,0.09245094811863401,0.6373746684334783,-0.7935592599254906,-0.11805609208611695,-0.033390383222037044,0.595996260404499,-0.8092252076017481,-0.359209286288538,-0.06813754682511877,0.4598701194235625,-0.8959235220761493,-0.16608312127479175,-0.26185416755045104,0.3180720584313418,-0.8542386822666771,-0.23610636071240407,-0.3217646616100477,0.33316296716382954,5.6957354790634565,20.17933451320663,46.51194561346189,31.954901933052128,44.34008720486097,6.726444837735543,15.503981871153963,10.651633977684043,14.780029068286991
2026-04-29 19:19:12,201.857,-0.1997812978203685,0.10227424171286631,-0.06772723980704642,0.9721319012929194,-0.8493495322894266,-0.07809102958195323,0.1652849261565924,0.4951646759250632,-0.8146703564713886,-0.11692292533381632,-0.02004947666650263,0.567661217896346,-0.8123756131287032,-0.35628136325800935,-0.062441901704542196,0.4573953020094308,-0.9182205158251557,-0.15466783374854706,-0.2520359794638456,0.2634896783121057,-0.8747671187497721,-0.23931814981912136,-0.28261532757188657,0.31247061900730766,4.84323848355146,19.325591222744524,43.678512469312786,28.30351027254952,41.59710077831551,6.441863740914841,14.559504156437596,9.434503424183173,13.865700259438503
2026-04-29 19:19:12,201.908,-0.13871131085581676,-0.021954203451654927,-0.01382692161767845,0.9899929299899283,-0.8994467261467168,-0.10887875235104455,0.2338973673297717,0.3527506565077303,-0.8212617619696388,-0.13485568447169302,-0.017046592919211342,0.5541231599220902,-0.8012407318204084,-0.34415998017858085,-0.055049960013856536,0.48635038770196115,-0.9303239409174752,-0.14975050906251636,-0.24943100060851525,0.22328530163611376,-0.8885465721496846,-0.23894918372123222,-0.25424903294343715,0.2979021751638096,4.420259659047339,18.180186426438926,42.34718001663404,26.83364013941138,39.450315718236794,6.060062142146308,14.115726672211347,8.944546713137127,13.150105239412264
2026-04-29 19:19:12,201.962,-0.0914804102051285,-0.10704373011935828,0.012185450310269968,0.9899618624934858,-0.9118879371628094,-0.16180185920948525,0.27226680538934456,0.26105810674329005,-0.8018996060919927,-0.157728214497428,-0.019540744444433152,0.5759314120687615,-0.78183567342359,-0.3254084049326041,-0.05483255857264381,0.5289950285984524,-0.9275687228436452,-0.15492744396896563,-0.2596547850930761,0.21952936952881824,-0.8886232242331429,-0.23823176465205329,-0.2425591034368683,0.30783026654987133,4.303297899629916,17.172098793028333,41.454773345377774,26.80610765730492,38.66880263927156,5.724032931009445,13.81825778179259,8.93536921910164,12.889600879757188
2026-04-29 19:19:12,202.01,-0.0551592118367365,-0.16186346034805085,0.014369988125379759,0.9851655622254473,-0.9111742308377745,-0.20403592487327626,0.287965958684678,0.21261812965293236,-0.7623622227999315,-0.1694552153308776,-0.024602078180376057,0.6240861390817138,-0.7650235750629617,-0.3118436237259995,-0.06459868129723861,0.5597494924642452,-0.9217725741277104,-0.16166325557049316,-0.27768973634685745,0.21699936339062595,-0.8837377011478944,-0.23987527531241565,-0.2493242958950873,0.3151268369086436,4.381212950800693,16.455734775902997,40.64851421993573,26.962582255612546,38.34508110324552,5.485244925300998,13.549504739978575,8.987527418537516,12.78169370108184
2026-04-29 19:19:12,202.063,-0.010749690956955507,-0.1977452221953503,0.004074689616817576,0.9801860375192907,-0.9062400953336501,-0.2378224217400682,0.29834562743074816,0.18209687509756806,-0.7235895856972405,-0.174771425312954,-0.030098210447084054,0.667058586701691,-0.7472517501856767,-0.29801924444463007,-0.06704627772612455,0.5901729817842954,-0.9154341988803847,-0.1690465473119981,-0.2964546200733084,0.21334983149585768,-0.8790601906094677,-0.24196453634336826,-0.26318851836363777,0.3153381490389935,4.610765327945824,15.231684917834887,40.380231551263186,27.78054557662017,38.48900873122608,5.0772283059449625,13.460077183754395,9.26018185887339,12.82966957707536
2026-04-29 19:19:12,202.112,0.03757902597233267,-0.21742149982313344,-0.009746796459687871,0.9753054435305913,-0.8977461254903708,-0.2697309535648701,0.3075670173664656,0.16340023465194176,-0.6998298850427531,-0.17763185643217658,-0.03331454230591258,0.6910681564451174,-0.7510254429908435,-0.27780073322618043,-0.0674988297767317,0.59517345755517,-0.9139265859675985,-0.16785489660766495,-0.3066414586395392,0.2062375935416622,-0.8867348951058192,-0.23301540819017277,-0.26833791997256584,0.29563458196299713,5.078336067554187,13.456007372462654,38.50545987614698,29.058561267535136,38.25987498994551,4.485335790820884,12.835153292048993,9.686187089178379,12.753291663315169
2026-04-29 19:19:12,202.163,0.08207477442658911,-0.22848801090183962,-0.01696417046133737,0.9699325632215386,-0.8887339616819758,-0.2929556878665379,0.3178005443287145,0.1527472563553159,-0.6895355818956854,-0.17469031486514647,-0.03518826178855218,0.7019870094413393,-0.7727288896753571,-0.25619618286089185,-0.07218231178837542,0.5762319782982234,-0.9211134310238838,-0.15224159581754493,-0.30636874408866477,0.185770655206549,-0.9027047916912319,-0.2149377299738189,-0.25713515992300007,0.26982835437137564,5.503715636405367,11.852962219759139,36.5758066008544,30.58249315253496,39.23152683697203,3.9509874065863793,12.191935533618134,10.19416438417832,13.07717561232401
2026-04-29 19:19:12,202.214,0.12479765285818056,-0.23139653099069205,-0.01970149619630388,0.9646206727694517,-0.8801845223587137,-0.3144798424109465,0.32547623370758344,0.14297851799790037,-0.685449829845749,-0.16803730488535154,-0.03808824753218154,0.707439948215556,-0.7855553777586962,-0.23520226665119376,-0.06969692707542849,0.5680888844122679,-0.9254906174646679,-0.14145906563325045,-0.3006439880328779,0.1818506040537741,-0.908004949355233,-0.20295476607000063,-0.2344242194303826,0.2817475114714018,5.749090182974775,10.640125974657286,36.283787555323,32.91830813593117,43.17013722605543,3.5467086582190954,12.094595851774335,10.972769378643722,14.390045742018478
2026-04-29 19:19:12,202.265,0.1718852354776747,-0.2207966611557396,-0.025395481037859817,0.9597183804586206,-0.8686058140521339,-0.3419860433864388,0.32913843840201384,0.14225812556758352,-0.6830113833081302,-0.1622524631338259,-0.0391313728794951,0.7110825016375295,-0.7954408713717905,-0.2159895733445596,-0.06281155302922911,0.5627406446701517,-0.926846440077125,-0.13889548826629347,-0.2941173162750643,0.18750659754467894,-0.9073359043062094,-0.1967879012984838,-0.215648569857754,0.30250912875097985,6.402806854459233,10.041277805243844,35.577415449722835,34.54476213479152,46.470651778250655,3.3470926017479483,11.859138483240944,11.514920711597172,15.490217259416886
2026-04-29 19:19:12,202.316,0.21811903937820237,-0.19503768434201135,-0.03642629021181974,0.9555404291439691,-0.8541976035446859,-0.36819526180874373,0.33299235198090177,0.15457941907748743,-0.6821532530004829,-0.16220074324797146,-0.04122211912116042,0.7117995470677302,-0.8091272717119543,-0.20328181255324296,-0.05846741645234837,0.5482436721663327,-0.9287663348253049,-0.1379980285287779,-0.28397112964791044,0.19419072311475138,-0.912460611479134,-0.19050311623665667,-0.20689036578541198,0.29718777186894185,7.373932001785945,10.171267383422148,34.40237996937508,35.39986471721833,46.43220115523812,3.390422461140716,11.467459989791694,11.799954905739442,15.477400385079372
2026-04-29 19:19:12,202.368,0.2547056659380434,-0.15076026563133538,-0.05452956881362719,0.953636666750407,-0.8413837951845258,-0.3860707341206401,0.3330353144703904,0.17919312702233423,-0.6892035039953675,-0.16514739640044435,-0.04555836026697417,0.704023652551849,-0.8244729746866242,-0.2002238421908501,-0.04866109615109149,0.5270548593373341,-0.9282717342263408,-0.14053575084159048,-0.26939379366041893,0.21444876802877613,-0.92351970148309,-0.18077491321508934,-0.19854139608748236,0.27388520544982814,8.60149462673066,10.547924265050263,33.83308180485538,36.09185802086496,44.339244304481305,3.5159747550167544,11.277693934951794,12.030619340288322,14.779748101493768
2026-04-29 19:19:12,202.418,0.2841127155028024,-0.08910050197986208,-0.07325216459861114,0.9518272878091794,-0.8297113668198466,-0.39358957749962736,0.329076973476363,0.219942351040549,-0.7039120745393723,-0.1639274288815633,-0.04257046819184701,0.6897994959521818,-0.8424786636006061,-0.19979379365799974,-0.025531709835004773,0.49966015769358957,-0.9327942465051562,-0.13428477971726807,-0.2515136157002914,0.22046177160797947,-0.9422282650994892,-0.15915729414096305,-0.18403725822883552,0.2302284512238802,10.123540747247016,11.590914078516,33.928491361082955,35.149709336197276,41.257491526930636,3.863638026172,11.309497120360986,11.716569778732424,13.752497175643546
2026-04-29 19:19:12,202.469,0.2891455550302444,-0.022304389024153496,-0.0946152118848592,0.9523367702218026,-0.8176219363397084,-0.3905090668403632,0.3211250102313472,0.2754555603640846,-0.7075025213155715,-0.15050634194480797,-0.023450615327148264,0.6901000594169517,-0.8529807445177889,-0.19374771115762063,-0.002250500335282901,0.48464482783921536,-0.9373168654303243,-0.11607734016699832,-0.2378751697329094,0.22666836679202934,-0.9525903723960988,-0.13294990953688024,-0.18270633176088685,0.20375058357432532,12.126921553348772,13.8861188151763,34.755658526187574,33.84317173278849,39.1754468153007,4.6287062717254335,11.58521950872919,11.28105724426283,13.0584822717669
2026-04-29 19:19:12,202.522,0.25032374773382493,0.041783003357399845,-0.14093054541124256,0.9569382338066641,-0.8016540256501119,-0.3843856462536888,0.3014491271971432,0.3445677318397421,-0.6922349943517985,-0.13062552629046845,-0.004193416372521762,0.7097394590518625,-0.8555572269891158,-0.20202313444892575,-0.005808829729133144,0.476628515713552,-0.9328429867126465,-0.10285782295284257,-0.24328632581204687,0.24502243585293504,-0.9476887994094488,-0.12455076729432989,-0.21243613348908638,0.20308602863928982,14.446097871617157,15.576115591032845,35.45872086828676,33.565526762003756,39.15891758222297,5.1920385303442815,11.819573622762253,11.188508920667918,13.052972527407658
2026-04-29 19:19:12,202.571,0.2002790826592918,0.10729478340035092,-0.20114859356108325,0.9528459276360595,-0.782856883278837,-0.38406337123454765,0.27346409366403573,0.4060145522704907,-0.6867101863263346,-0.11304211873888897,-0.008460413196305902,0.7180383142947329,-0.874778005532052,-0.2224181299897664,-0.03934813999346526,0.4286552698477828,-0.9347635731837367,-0.08743164896364213,-0.25279480394301845,0.23381094094948215,-0.944268523859501,-0.11785639819766063,-0.2468966884828231,0.18305422548602737,15.143075760647221,14.875732267682961,34.29251966476293,33.20236608494209,39.65301143799599,4.958577422560987,11.43083988825431,11.067455361647363,13.217670479331998
2026-04-29 19:19:12,202.622,0.19243983627786015,0.17351443594022906,-0.22337295438026597,0.9396617333834162,-0.7780502490590335,-0.38293363444153866,0.2589175619143395,0.4253955073633293,-0.7018242607731879,-0.08483127913116639,-0.019183062111632607,0.7070207714057344,-0.9062917144882019,-0.21188406028821657,-0.06340951718020749,0.36016622048269303,-0.9452397300917579,-0.058532030116392776,-0.24490253010377008,0.20765019830302725,-0.9504352330549762,-0.08466424818867926,-0.2546873744242772,0.15696870438162797,14.251098445417599,13.017129508251088,33.14635852556265,33.145879395350065,39.637052032250814,4.339043169417029,11.048786175187548,11.048626465116687,13.212350677416937
2026-04-29 19:19:13,202.674,0.2255084511917484,0.22720553932491752,-0.20565382161797519,0.9247865088738558,-0.7830910065276361,-0.37489639155519355,0.27662418427735125,0.4119468797883037,-0.7136445565969317,-0.04751013396927069,-0.00266972049569893,0.6988899102163841,-0.9254413261399913,-0.1680817246465335,-0.05739073328028866,0.33468371553700027,-0.9485329524974498,-0.03367764421435432,-0.229482796493475,0.2156123846632569,-0.9569402751017602,-0.04076753405113265,-0.24804591753555494,0.145177618280168,14.639905222685446,11.72531719607802,34.45951773419986,35.02513412320609,39.40802036480391,3.9084390653593397,11.486505911399954,11.675044707735363,13.13600678826797
2026-04-29 19:19:13,202.724,0.25731681861463646,0.265488952923513,-0.19914773083418244,0.9075482643018029,-0.775602838365666,-0.37545484363921316,0.3096646442271574,0.4019722697185027,-0.7167427711842133,-0.020101565402845127,0.03182290797502233,0.6963210678642023,-0.9310887794591715,-0.1316483290776028,-0.0470118985653313,0.33694552023968016,-0.947566085124746,-0.017164575268524385,-0.21945212863584762,0.23165632932084776,-0.9608236294034905,-0.0061707846193230775,-0.24853570230899175,0.12251481247123569,16.406057598272493,11.2683101000006,36.65357952508339,37.43340400579899,38.99012122588183,3.7561033666668666,12.217859841694462,12.477801335266332,12.996707075293942
2026-04-29 19:19:13,202.775,0.286623331554093,0.2923680252644764,-0.2011848691154744,0.8898835047638385,-0.7660708282091666,-0.3806743079144275,0.33130101792249894,0.3980731000511206,-0.7277315678047662,-0.002711088761297229,0.051189473766641576,0.6839437498754117,-0.9408903930348029,-0.10795715495307197,-0.03750564984061329,0.31884768655156626,-0.9532780481897174,-0.002054584079710528,-0.21062508452056325,0.21654979864818172,-0.9645382652349518,0.017336858493018387,-0.244662211564956,0.09749754082687334,17.11454886005121,10.872380063840149,37.38383712052289,38.62450572664542,39.04462662079459,3.6241266879467164,12.461279040174297,12.87483524221514,13.014875540264864
2026-04-29 19:19:13,202.826,0.3360295987968799,0.2986019228395913,-0.16497802015527374,0.8778970630287771,-0.7788834355231438,-0.3630854352576984,0.3455775509059606,0.3769425909621129,-0.7474531116537144,0.010139517377331823,0.053887428643591466,0.6620477181447849,-0.9498701706042901,-0.07910049956967168,-0.021558222847327085,0.3017035183614375,-0.9601369271244251,-0.0016199061074856913,-0.19482190496387872,0.2004467071880075,-0.9702651131291431,0.028029561553659044,-0.22243933276436498,0.09121785550507583,16.677935028235584,10.252165983518374,37.22617697403787,39.8410004749452,39.98135507801311,3.417388661172791,12.408725658012624,13.280333491648399,13.327118359337703
2026-04-29 19:19:13,202.877,0.381772059781883,0.28797190283477453,-0.10635564458699819,0.8717859567646762,-0.7977820784818678,-0.33556173122994704,0.37004008705495617,0.3376572430134922,-0.7596525134639169,0.013363629982556406,0.06522770444896482,0.6469117549975123,-0.9466666171714893,-0.054369075395708635,-0.002916473694735563,0.31758119238218835,-0.9630650510965633,-0.006907949469972306,-0.17686812428344498,0.20291785087308128,-0.9748816269670304,0.03903617690494729,-0.19798071576153836,0.09426360104149795,16.7832115387711,10.065649513284935,37.92108037150083,41.05683189078873,40.82418371126561,3.355216504428312,12.64036012383361,13.685610630262909,13.608061237088537
2026-04-29 19:19:13,202.929,0.39648042773448866,0.2775924000340017,-0.0764405284683676,0.8717239101196643,-0.8001577929816951,-0.3264726611463759,0.3978192654713819,0.30806320759622813,-0.7575600651541488,0.009603156564830765,0.07930112447620519,0.647859443648422,-0.9414481861889192,-0.04793349148705317,0.0100847749569556,0.3335805606289466,-0.9649763576923038,-0.003430237482187279,-0.17089903710369475,0.19900347153439488,-0.9764615573749287,0.049778280299031974,-0.18819701369420644,0.09288075051366905,17.43488541247718,10.405376459749922,38.61756133048536,40.940798024677804,41.07546275212747,3.468458819916641,12.87252044349512,13.646932674892602,13.691820917375823
2026-04-29 19:19:13,202.979,0.3944817946795566,0.26569596566219394,-0.06996976758836147,0.8768660097876193,-0.7962982702622458,-0.3297278607208343,0.4117901171781383,0.2960025372124918,-0.7546466360554188,0.005413385462719368,0.07954224950523422,0.6512696680267857,-0.9425245609393025,-0.053450264101542314,0.014565677896799698,0.3295123098171863,-0.9679638412623192,-0.00041951505044089676,-0.17218297778084535,0.18275351755394273,-0.9774279263329416,0.04701255290134078,-0.18525949226311286,0.09001882703411405,17.603854004095062,10.479751339803745,38.328264776984774,39.99393115161039,41.37254864077553,3.493250446601248,12.776088258994925,13.33131038387013,13.790849546925175
2026-04-29 19:19:13,203.03,0.38661166251732193,0.24727205880421663,-0.0683996327840239,0.885838270552434,-0.7944396865145439,-0.3345370470682846,0.41518530659400826,0.29081215555396717,-0.7603055015079304,-0.0010458327872047996,0.07615508713404381,0.645085151987055,-0.9412600178474554,-0.0638358031204197,0.013757280254114823,0.331308476018633,-0.9695408238082895,-0.0042249784191931705,-0.17691667644976322,0.1693317162272631,-0.9773061817246502,0.03324688511245805,-0.18770917522599276,0.09237173447046171,17.37911220156147,10.08288786695291,38.49841311552823,39.32307099588121,42.0857213506139,3.3609626223176368,12.832804371842743,13.107690331960402,14.028573783537967
2026-04-29 19:19:13,203.081,0.36068485838055414,0.22284673542140448,-0.0841411259284805,0.9017571936915777,-0.7901482237174742,-0.3430963622950004,0.409358425796813,0.30062659557200455,-0.7721857586091019,-0.01592994316401764,0.0759302973359483,0.6306425144711951,-0.9361665827906414,-0.08502551197997897,0.01180803598707511,0.3409154761297349,-0.9672258863093256,-0.014576690424711922,-0.18916263629509,0.16875752421534695,-0.9750609832177839,0.008118494770599045,-0.19923757840605405,0.0974400143674031,17.252890623259603,9.80029574538906,38.965224441575906,38.93350519220011,42.16150496291388,3.26676524846302,12.988408147191969,12.977835064066703,14.053834987637961
2026-04-29 19:19:13,203.132,0.3154302781279594,0.1880800799396595,-0.10771249788511227,0.9238655968101417,-0.7891197276176238,-0.3440411978208859,0.3875227434383194,0.32977542813965927,-0.7747936120187175,-0.042698021206671814,0.06075780626628251,0.6278377391792664,-0.9270800107959496,-0.12050976335820437,0.005591176646517682,0.35492082111597617,-0.9621963976905532,-0.03467494480155004,-0.20128231374027902,0.18016983834618985,-0.9727198961074972,-0.02645133214802004,-0.20497408787887053,0.10536581059546796,17.190525567342142,10.164388477684069,38.77616352676717,38.078642330468426,40.815228553354444,3.3881294925613563,12.925387842255724,12.692880776822808,13.605076184451482
2026-04-29 19:19:13,203.183,0.27995609729138016,0.1526420039126742,-0.11476711094114046,0.940825973534493,-0.7984191484019157,-0.33224303824471113,0.36164574099068786,0.34835870166594024,-0.7624717874964264,-0.06912783783864233,0.033750669414305164,0.6424321035112156,-0.91837162997363,-0.1507641948733749,-0.008796891602255857,0.3657681253224498,-0.957841577956256,-0.0519932848800962,-0.21173119001989463,0.18709920640773936,-0.9701105808973837,-0.050497747216755894,-0.2049825747565415,0.11965610056805503,17.056207732083955,10.5882455950636,37.45864754077468,36.29122981016329,39.38329994305678,3.5294151983545334,12.486215846924893,12.097076603387762,13.127766647685592
2026-04-29 19:19:13,203.234,0.2807329714959993,0.12870509300967192,-0.11951469575451548,0.9435784202953688,-0.8047184114433583,-0.3348112525297782,0.34886630280380176,0.3444154558545904,-0.7591240593575118,-0.08942427151572532,0.013500579701768416,0.6446329936608667,-0.9170078165839317,-0.16109544639376233,-0.023431161738351414,0.364137202349274,-0.9553512507203971,-0.05625709935655366,-0.22727794608623755,0.18023279874035475,-0.9669938986383891,-0.05602585781212866,-0.21200313687192437,0.1297635280385375,16.808517617665107,10.566799119696935,35.82002429736124,34.46303885086667,38.79635460751855,3.5222663732323114,11.940008099120414,11.487679616955557,12.932118202506185
2026-04-29 19:19:13,203.285,0.3055958378387701,0.11502990887818206,-0.1415090030464362,0.9345343792584097,-0.7927623967392826,-0.36903701601418276,0.34557675244052033,0.3404646403082112,-0.7575413231286576,-0.1023667364140198,0.0016755672238911328,0.6447087617699202,-0.9161541443076758,-0.1600688508639542,-0.028262015625481772,0.36638887172476836,-0.9540656375935156,-0.055763691578795134,-0.23897604879937234,0.17187093403197612,-0.9657710747729346,-0.05458988234014279,-0.21923035861790421,0.12745283730967044,16.525304058391484,11.309972606860065,36.09183141766407,33.7171736537499,38.631550317167054,3.769990868953355,12.030610472554688,11.239057884583302,12.877183439055685
2026-04-29 19:19:13,203.336,0.32566079525119007,0.1072895466195217,-0.16926270187407666,0.9240044033319471,-0.7690517347270369,-0.40877009190073893,0.34664284516016064,0.34828893060225974,-0.7367103003045944,-0.10077123433849096,0.004240193745349662,0.6686442346360382,-0.9139532003350449,-0.15556664957785463,-0.027262204553518923,0.3738252764853289,-0.9529721053894692,-0.056346017941188285,-0.24370933768539535,0.17109953634267847,-0.9644237128968332,-0.05779613155981518,-0.22691162138320525,0.12270951576895844,16.42083147126611,12.638229199607295,37.1546904360799,33.802733079863216,38.59661967538578,4.212743066535765,12.384896812026636,11.26757769328774,12.86553989179526
2026-04-29 19:19:13,203.387,0.32498681375778077,0.09542677523956314,-0.19030411542168402,0.9214454108109247,-0.7533245591650104,-0.4284256042116035,0.34320813621999335,0.36216265054138846,-0.7129732975561333,-0.09955048240987009,0.00603276623393777,0.69406223363288,-0.9091442878968995,-0.16010977582283292,-0.032466325594668846,0.38310241603621187,-0.9498816168064008,-0.06592918351536586,-0.2512488614480653,0.17393178673062082,-0.9610325948612154,-0.07605917005157307,-0.2348557878401629,0.12439498857816311,16.315824274577384,13.02687649153208,37.3342774171311,33.92659667736112,38.76709559135115,4.342292163844027,12.444759139043699,11.308865559120374,12.922365197117049
2026-04-29 19:19:13,203.439,0.31897206500663944,0.08049164849066494,-0.1948422435399334,0.9240207878619294,-0.756928776988214,-0.432205491436467,0.330964431632768,0.3615519115331678,-0.7071456981553779,-0.10461405835616731,-0.008827032977967931,0.6992302509641596,-0.9041723328140351,-0.1681665999355687,-0.04226585685518054,0.39039209083181164,-0.9481519408730414,-0.0775005683314359,-0.2565926479611034,0.17076818187033052,-0.959263111256269,-0.09267975284403551,-0.231851297841857,0.13217307776078357,15.865438336679397,12.6380752845069,37.14115619362937,33.54908143982006,39.193046146741324,4.2126917615023,12.380385397876458,11.183027146606687,13.06434871558044
2026-04-29 19:19:13,203.489,0.32881085002321064,0.07287482097555674,-0.18516691461471177,0.9231933162165238,-0.7648698493058503,-0.4359646618797,0.3279255220161293,0.34259856862721094,-0.7140467346086592,-0.1026253721191725,-0.015389340201735843,0.6923643997204564,-0.9051441458723893,-0.16380658924693128,-0.04652426148405538,0.38950862584234697,-0.9505987982453706,-0.07749967630081107,-0.2544028598226542,0.16010905615167936,-0.9600588049269114,-0.0910600858364459,-0.2266255920630865,0.13651370946474767,15.533286126885216,12.432542452174772,36.983846789092354,32.840431521377035,39.578384638002,4.14418081739159,12.32794892969745,10.946810507125678,13.192794879334
2026-04-29 19:19:13,203.54,0.3361004641458304,0.07055413878676213,-0.189423085402469,0.9198790606474444,-0.7573112597410143,-0.448135437638683,0.33450314780586105,0.33728612409916076,-0.7165649240187206,-0.10472113942730223,-0.007266478304577274,0.689576240104125,-0.904140360458117,-0.16226332502516377,-0.046152774207564785,0.3925184624643659,-0.9505397290702464,-0.07758984060844899,-0.25632579516030585,0.1573249084819537,-0.9587992514384905,-0.09345109760173695,-0.2332080549856141,0.13260803477862038,15.570771450453524,12.711456281057128,37.42652808330862,32.69915725826959,39.48932656168181,4.237152093685709,12.475509361102873,10.899719086089862,13.163108853893934
2026-04-29 19:19:13,203.591,0.32882914115881406,0.06835373282513425,-0.20239457987086704,0.9199106462980643,-0.7497045937460037,-0.45487049102042737,0.33053697548143274,0.3489715838783463,-0.7158092107878072,-0.11349764748891518,-0.006485703083572485,0.6889799659070868,-0.9025463020368326,-0.16772698642912792,-0.047932178085995245,0.3936754208824497,-0.9466927009297059,-0.08177044775116275,-0.26289395099103957,0.1672521880673425,-0.9564530808291425,-0.10283823881095323,-0.23910505066455412,0.13210062663516875,15.46902368200454,12.888004987981361,37.301769512032344,33.056008922123745,38.9969828553404,4.296001662660454,12.433923170677447,11.018669640707914,12.998994285113467
2026-04-29 19:19:14,203.642,0.32523822448837897,0.0657761643766221,-0.19681525901990485,0.9225818919469827,-0.7558457077387745,-0.44791289481944024,0.32230872080534395,0.3524037361325263,-0.7198173937847492,-0.11605321668311999,-0.011277624687475857,0.6843006544522962,-0.902661445205017,-0.1658810943754951,-0.05013704781110237,0.3939188422834907,-0.9446133407206726,-0.08191513061980985,-0.26465474531081434,0.1759358226528586,-0.9570071748135917,-0.102113976874631,-0.23377695918801983,0.13805193383273529,15.308973814535118,12.783121086499083,36.69638177344294,33.06694930494862,38.60624000750082,4.261040362166361,12.232127257814312,11.022316434982875,12.86874666916694
2026-04-29 19:19:14,203.693,0.32666065170877895,0.06346604510818334,-0.18541915775139226,0.9245997056468741,-0.7606988042275769,-0.4427415852828178,0.32048765912588395,0.350149794025362,-0.7207170122544779,-0.11843567980363905,-0.011044997898610126,0.682948011211577,-0.8973578085285664,-0.16126485962573153,-0.04686999000462423,0.4081002481739855,-0.9433791529475957,-0.08185239125536949,-0.26397044570265366,0.1834545274044693,-0.9576069503115922,-0.09776800374921919,-0.22743454771370464,0.14732234271856867,15.332526604753497,13.11023688661276,37.14020605829104,32.77357036389552,38.563432381532365,4.3700789622042535,12.380068686097015,10.92452345463184,12.854477460510788
2026-04-29 19:19:14,203.745,0.3252717993482917,0.062201732268764215,-0.18053366623303693,0.9261408080891091,-0.75939417841528,-0.44331887911722434,0.3151462051911923,0.35703182289653185,-0.7167649415214363,-0.12444513690438755,-0.011534505209223752,0.6860236014133906,-0.8904530194867734,-0.15760156582828685,-0.04109937745677125,0.42493059163588853,-0.9402702781020916,-0.08382319418747437,-0.2624432030340735,0.199972601661429,-0.9560291304540909,-0.09743077550699193,-0.2211285827280837,0.16618572624617972,15.3591389327817,13.815768456545303,37.498302537107975,32.66784596647685,38.91427924004394,4.605256152181767,12.499434179035992,10.889281988825616,12.971426413347979
2026-04-29 19:19:14,203.795,0.32236236541127383,0.06217702241295732,-0.17308745816975502,0.9285780823789889,-0.7583264026916338,-0.4424777607944741,0.3037984765568708,0.3699472716817882,-0.7176594441519882,-0.1279984891708702,-0.012144311674515192,0.6844222561280328,-0.8854998769068804,-0.1512811740135849,-0.03497779043456294,0.4379275380280246,-0.9356323676731803,-0.08508956783235135,-0.25949429400451324,0.2236393288030576,-0.9533160635335483,-0.09621164907538056,-0.21209359465146352,0.19221890827625787,15.668921739110152,14.330023676277822,37.13748873292515,32.493041817302434,39.193222939263116,4.776674558759274,12.37916291097505,10.831013939100812,13.064407646421039
2026-04-29 19:19:14,203.846,0.3175839343004231,0.06407978885937779,-0.16431739475883902,0.9316834328856932,-0.7566500187403121,-0.44089468464994924,0.29044313145369527,0.3856623051052291,-0.7214431486302929,-0.12802939600828603,-0.007011971709308729,0.6804991471742714,-0.8782416235068258,-0.14329399679337604,-0.02529598319921174,0.45554208856818046,-0.9272350761849585,-0.08722666977833987,-0.2578432638282302,0.2571837336809242,-0.9472112088654348,-0.0959731802690007,-0.20307422885503174,0.22878140668260163,16.492337910072585,14.885208883566982,36.558458505568886,32.06571052716801,39.12158065203206,4.961736294522328,12.18615283518963,10.688570175722669,13.040526884010687
2026-04-29 19:19:14,203.898,0.30922599295060443,0.06773833920028358,-0.15695467433282037,0.9354977460641893,-0.7521952758930739,-0.4394188625171121,0.2728449988197429,0.40825107079757234,-0.7193156852125877,-0.12714970546030122,0.002044564313067144,0.6829448858914413,-0.8642043340487965,-0.13547340780374967,-0.01165291587790579,0.48441927536056795,-0.907960250405298,-0.09342118498926599,-0.257475308884478,0.3171547432941727,-0.9274867193001537,-0.10572528529892719,-0.19345765890379096,0.3019348999068558,17.72717913530039,15.976577059214017,35.987496310109805,31.887849177919378,39.506667623205445,5.3255256864046725,11.995832103369935,10.62928305930646,13.168889207735148
2026-04-29 19:19:14,203.949,0.29655903025735414,0.07232383338473385,-0.15062138896820657,0.940284638757139,-0.7465229127187624,-0.4358771444923388,0.25088259606460794,0.4356289461077888,-0.7142933470816588,-0.12740828271336496,0.011217995868241492,0.6880598087227683,-0.8381203710505674,-0.12857896259764057,0.0024048942191482042,0.530109338241809,-0.8740244854911523,-0.10075157578859709,-0.25182551240701917,0.4031305372196249,-0.8835713984207574,-0.12105318954345035,-0.17796421649794025,0.4159043722304673,19.091970996975096,17.016566112156404,35.84745868947529,31.52473932104936,40.67916387429856,5.672188704052135,11.949152896491764,10.508246440349787,13.559721291432853
2026-04-29 19:19:14,204.0,0.2796095184228924,0.07681303039998946,-0.14492444865355242,0.9459995664642519,-0.7433471684182916,-0.42712367915615124,0.22993804306675286,0.46057447417247666,-0.7149834511095134,-0.12716850192188964,0.02099435786746851,0.6871579685168506,-0.807270019817344,-0.12194706047258463,0.014896696128927642,0.5772539458424198,-0.8382989291099975,-0.10401872872758369,-0.23594659039787014,0.4803792418564198,-0.823194292651781,-0.1262152647967039,-0.1520235183920565,0.5322684598335055,20.138193451364916,17.19943209896559,35.31123474239795,29.87325206249472,41.46987565350272,5.73314403298853,11.770411580799317,9.95775068749824,13.823291884500906
2026-04-29 19:19:14,204.05,0.25663332282774753,0.07795822664513691,-0.13740818503444205,0.953509749923028,-0.7439620243353284,-0.41163232422127494,0.2111114530898957,0.48219424548344036,-0.7171412818895577,-0.12274591159072198,0.030462612054591446,0.6853567335806777,-0.784160620277886,-0.11698213864587029,0.026047976691299483,0.608875031310637,-0.8114753789784932,-0.10412070705511509,-0.21912096513094073,0.5316508161511078,-0.7720921552316279,-0.12129027290003459,-0.12816064486260575,0.610522090212972,20.75116540393554,16.957885625490725,33.40055245060858,27.107286710442168,39.89158300114632,5.652628541830242,11.133517483536194,9.035762236814056,13.29719433371544
2026-04-29 19:19:14,204.101,0.22682050185058797,0.07434813409896393,-0.1298928438539948,0.9623682580030223,-0.7460234390961905,-0.38994164284648747,0.1905408453806387,0.505063094805893,-0.7197364893562007,-0.11372348415507438,0.0396579979152353,0.683720409408844,-0.7624532695092087,-0.1172482201343278,0.041500106623906005,0.6349768561453675,-0.7887511315369141,-0.10487344908223048,-0.19966400609391063,0.5718456932139695,-0.7469872982269432,-0.11642572333563522,-0.11280907265766338,0.6447706106511868,20.99669555474696,16.779913147975627,30.96300300779615,24.022166722083174,34.83385661603371,5.593304382658542,10.321001002598717,8.007388907361058,11.611285538677903
2026-04-29 19:19:14,204.156,0.19572488249549996,0.06799084845166883,-0.12259379773400654,0.9705873354088742,-0.7508428070155848,-0.3661100066123598,0.16513977149448306,0.5243351963029044,-0.7337091705046292,-0.10771360639320349,0.04982066588091444,0.6690190829612869,-0.745252356268071,-0.12339137747202579,0.06328756538818972,0.6522025586500562,-0.7778178179895487,-0.10591771653828239,-0.17273411883838904,0.5949317637598606,-0.7481060653150068,-0.10759634313942101,-0.09676240355266004,0.6476089709389725,20.48480123569557,16.518014945351624,28.098677152497288,20.656154304497154,27.472027316999643,5.5060049817838745,9.366225717499097,6.885384768165718,9.157342438999882
2026-04-29 19:19:14,204.203,0.1680261046231397,0.06008784592444176,-0.11238547491289734,0.9775101963488345,-0.7610932888080926,-0.3460600806812544,0.13560468802903997,0.5315926964083612,-0.7568804192293833,-0.10997864976078547,0.056278958572522665,0.6417705247251072,-0.7423955987722822,-0.13203382475930006,0.08089153431292757,0.6518223712941094,-0.7805849311694276,-0.10471554596878128,-0.14740172011300895,0.598326459862345,-0.7572830414421863,-0.09730626389105222,-0.07736912953173697,0.6411457743346192,19.08170760331677,16.04781099038004,24.47073659591059,17.503553936466922,21.621306057936575,5.3492703301266795,8.156912198636864,5.834517978822307,7.207102019312192
2026-04-29 19:19:14,204.254,0.14525737242821343,0.051783204253109366,-0.09947049517547248,0.9830180141289775,-0.7738952830432106,-0.3255460312768437,0.11294874925243814,0.5313647075650348,-0.773617134624359,-0.11313290844670242,0.058234112773800376,0.6207465361574196,-0.7437436644072499,-0.13974686095026173,0.08897157482603463,0.6476111760783623,-0.7816717272353914,-0.10309200377626368,-0.12962771040733778,0.6012969368729449,-0.7622796703238904,-0.09220127311862239,-0.060863152865057155,0.637749406953492,17.766738487081906,15.605232530259164,20.9688232095845,15.020144996877873,18.336572516745512,5.201744176753055,6.989607736528167,5.006714998959291,6.11219083891517
2026-04-29 19:19:14,204.305,0.12820627443620825,0.04487289034638939,-0.08503283818066913,0.9870759805294063,-0.7828544054655999,-0.3014855697362625,0.10178021803826058,0.5346832878442972,-0.7728138039107834,-0.11343190236948307,0.059271507485505776,0.621593851650884,-0.7396229995416251,-0.14552707063839304,0.09238904190193752,0.6505720215294379,-0.7799590855962238,-0.10260501550919698,-0.11978595804752533,0.6056297217301149,-0.7645211805220407,-0.08812466587801003,-0.04740471578217746,0.6367842654452806,17.093906715758628,15.751801113437278,18.19696335168657,12.787571732470283,16.320501891964533,5.250600371145759,6.06565445056219,4.262523910823428,5.440167297321511
2026-04-29 19:19:14,204.356,0.11127030668135071,0.03809614621242713,-0.07152200909408743,0.9904807947203949,-0.7844428455604483,-0.2736771169033084,0.09325620781221236,0.5486834583227429,-0.7630441155838107,-0.1141022324498047,0.05912041781579079,0.6334422897314145,-0.727213591528371,-0.15057635455897192,0.09439388836818248,0.6630059936251508,-0.778162218972633,-0.10305684211226832,-0.11444380443959651,0.6088887122314115,-0.76394959794112,-0.08563128072191403,-0.035168805354596044,0.6386011671594849,16.656129946704127,15.82221197018703,16.260027405302356,10.853720438686562,14.902398440345163,5.27407065672901,5.420009135100785,3.6179068128955207,4.967466146781721
2026-04-29 19:19:14,204.407,0.09273430919585002,0.03163685892996738,-0.06585698918123614,0.9930067039204703,-0.77734009408381,-0.24911869510823897,0.08145473487540297,0.5718805644920273,-0.7604433785767567,-0.11767916872211723,0.05774448046796467,0.6360369927945417,-0.7142380235926766,-0.15717244181848714,0.09474806689573662,0.6754137050776824,-0.7755302630271603,-0.10375601766481561,-0.10868548870817618,0.6131679741079329,-0.7639569889512123,-0.087275522496744,-0.024614725325934603,0.638863692427928,16.157019037654152,15.043712166360578,14.826840012739565,9.508391419876347,13.640953480450325,5.014570722120193,4.942280004246522,3.169463806625449,4.546984493483442
2026-04-29 19:19:14,204.458,0.07811659523626946,0.026411805681479873,-0.06766207028299483,0.9942947542426017,-0.7636572437571716,-0.2373350713246331,0.06598244220886483,0.5967796874028849,-0.7613999784152359,-0.121070407305907,0.05719841168775665,0.6343030593056115,-0.7081002073759465,-0.16470197980329476,0.09502503880573752,0.6800276436755971,-0.770837196211431,-0.10326643166474309,-0.10156648679680676,0.6203469269593307,-0.7671282184544979,-0.0927060302350011,-0.019563003537566948,0.6344581761641067,15.831093783677655,14.56417381146051,13.653980125619022,8.566330175150496,12.36985558130262,4.85472460382017,4.551326708539674,2.855443391716832,4.12328519376754
2026-04-29 19:19:14,204.509,0.06885704356670888,0.02117534510082785,-0.068208698590657,0.995066774517008,-0.7525339026499118,-0.22660024816638227,0.04962285899445712,0.6163461890517726,-0.7592098004453048,-0.11990280927775541,0.05721112402666504,0.6371425919860547,-0.7014375426162707,-0.16953022281767816,0.09884030392327142,0.6851828016523701,-0.7601062071083877,-0.10193769573134194,-0.09327306061869829,0.63493889175818,-0.7689963906094046,-0.10076632142929802,-0.020031583782070875,0.6309432901192447,15.771703439177053,14.665330066993139,12.790343571537633,8.04883821866335,11.28912574323152,4.888443355664379,4.263447857179211,2.6829460728877836,3.7630419144105063
2026-04-29 19:19:14,204.561,0.061796776793955344,0.016680904416668228,-0.06631390360923942,0.9957436276440962,-0.7487121881619194,-0.2088574320505959,0.0361207019660228,0.6280954762331147,-0.7530980735911478,-0.11649738377996632,0.056596203033303254,0.6450337362711649,-0.6912007059870554,-0.1701340993908186,0.10714252865655635,0.6941299956208133,-0.7512086875040165,-0.10268799189431178,-0.08296202891732352,0.6467286802803228,-0.7693328983093178,-0.10636195455782797,-0.01707644685251215,0.6297002629541429,15.515177305694074,14.644539328423264,12.006743541603628,7.665847050157341,10.535199563855214,4.8815131094744215,4.002247847201209,2.555282350052447,3.5117331879517377
2026-04-29 19:19:14,204.611,0.05528235666187159,0.01416710627668094,-0.06460321548567834,0.9962778621903459,-0.7467928654606812,-0.19362359136731913,0.026581910519555427,0.6356915313233116,-0.7404270896946464,-0.11285982747731693,0.05544114982718858,0.6602701440273865,-0.6828709270823418,-0.16937616816196932,0.11395055643798904,0.7014372967642539,-0.7468145518243674,-0.10571269796671935,-0.07280691400683138,0.6525273970836537,-0.7695376326665236,-0.10666095403185376,-0.007173119733657168,0.6295901993744059,14.957427774737386,14.627944008995225,11.191624330011408,7.249716984585633,9.979332634286562,4.8759813363317415,3.730541443337136,2.416572328195211,3.326444211428854
2026-04-29 19:19:15,204.662,0.05044048267807895,0.01278694391246272,-0.0639398771866319,0.9965961789400662,-0.7439252487449715,-0.18593172662348148,0.02046651185694145,0.6415494830540767,-0.7267045091734553,-0.10998535255315994,0.055171148431668586,0.6758401608009511,-0.6771599920066271,-0.1688883654155965,0.11709906267664205,0.7065542263500266,-0.7413011953849996,-0.10894604166044926,-0.06542323378467801,0.6590319402035426,-0.7703372028690598,-0.10635150770977772,0.002138342227004509,0.6287013425914171,14.601685263079847,14.830783092054817,10.715590115015603,7.134400254550967,9.446748103115729,4.9435943640182725,3.5718633716718675,2.3781334181836558,3.1489160343719096
2026-04-29 19:19:15,204.714,0.0474028582107301,0.011866899469919414,-0.06399812398734495,0.9967529211677911,-0.7416102584896316,-0.18253163880469286,0.016796904028247284,0.6453017041301541,-0.719864337572825,-0.1089975011969435,0.055056463376542075,0.6832888599005018,-0.6722436564674235,-0.16865162061309624,0.11926322743040382,0.710929940139511,-0.7367034161693066,-0.11212533688653538,-0.061014821181772115,0.6640581126894777,-0.7702261695001408,-0.10876333263284489,0.007097061934167268,0.6283882693077906,14.553219592814088,14.975093234745168,10.660195519247802,7.211477405286891,9.214482484615878,4.991697744915056,3.553398506415934,2.403825801762297,3.071494161538626
2026-04-29 19:19:15,204.764,0.04504587802885817,0.012102624136757294,-0.06342247574240668,0.9968961756032158,-0.7401169794705486,-0.18214009816862647,0.013819193567858455,0.6471946161917981,-0.7177647311413201,-0.10951086002454943,0.05357811534404966,0.6855293923840842,-0.6698124462231785,-0.16948900451042515,0.11999280459134201,0.7129000568669434,-0.7342247817911322,-0.11536210499915761,-0.059286404345074845,0.6664012881093195,-0.7693943581399468,-0.11158673086431489,0.009666377735333104,0.628877797587824,14.458050721878417,14.885004382412465,10.469720177223962,7.161780894976696,9.13948089233693,4.961668127470822,3.4899067257413208,2.387260298325565,3.046493630778977
2026-04-29 19:19:15,204.815,0.04310496944613127,0.01321465360403226,-0.0633336930190312,0.9969735091103198,-0.7394810889459245,-0.18318051153032494,0.011175075442354703,0.6476787297539546,-0.7162087540096688,-0.11026343713991564,0.051839970249740554,0.687167819818795,-0.6694378167027685,-0.1709593261176808,0.12038938940433172,0.712834001223617,-0.731779088307673,-0.11811084969339344,-0.05887996757357606,0.6686421632822972,-0.7688875564477435,-0.1134553090507309,0.010431471932163141,0.6291510174682621,14.311566225280927,14.8139331025119,10.151434162861618,7.15040893226724,9.063511086429806,4.9379777008373,3.3838113876205393,2.38346964408908,3.021170362143269
2026-04-29 19:19:15,204.866,0.04213623723263097,0.014199300872744625,-0.06449100285806045,0.9969271928867034,-0.7396764620234859,-0.18344100917534784,0.009485320985106195,0.6474088015828624,-0.7152803792985547,-0.11077588352374583,0.05077319700751435,0.688131357435254,-0.6694496192927436,-0.17197532858856845,0.12124376451591085,0.7124336061358035,-0.7301999434912476,-0.11997180777493074,-0.057717436598274156,0.6701369303188103,-0.7684773269104803,-0.11489351494271993,0.011242711502695638,0.6293772157352829,14.227765817960291,14.881787298026044,10.027595948797757,7.225972256729468,9.079355974694774,4.960595766008681,3.3425319829325857,2.4086574189098227,3.026451991564925
2026-04-29 19:19:15,204.918,0.041714289639873676,0.01490957876643911,-0.0661680553972149,0.9968246640938411,-0.7393808615927806,-0.18413830134927212,0.00904743509251156,0.6475547632476879,-0.7160144797793703,-0.11156238283843364,0.05015892739705289,0.6872853712134908,-0.6682078669831896,-0.17242394460003357,0.12245101983318946,0.7132839389556955,-0.7315309242047022,-0.1212571284247083,-0.056367860176594876,0.6685670348420716,-0.7683796373264227,-0.11652272168424045,0.013483684060093828,0.6291529055305872,14.256145139148455,14.841732679347519,10.144133946634982,7.0245363661597455,9.091821788740202,4.947244226449173,3.3813779822116605,2.3415121220532487,3.0306072629134
2026-04-29 19:19:15,204.968,0.04127221472370851,0.015556159961618648,-0.06751955523337214,0.9967425544442939,-0.7387771913695194,-0.1857399891832411,0.009134209703537255,0.6477850601422248,-0.7203606421244891,-0.11268483567798673,0.048648755965463454,0.6826536249293865,-0.6668641884113776,-0.1730918108009683,0.12378832306404244,0.714148325154564,-0.733101847177679,-0.12268210606561404,-0.0557590294521758,0.6666346174258667,-0.7685270023970125,-0.11836971582444027,0.01550437901941669,0.6285813162937041,14.322327830057226,14.285587909340205,10.21717292940423,6.747930283942742,9.088630227443682,4.761862636446735,3.40572430980141,2.249310094647581,3.029543409147894
2026-04-29 19:19:15,205.019,0.04100965753062217,0.01631091907683656,-0.06848323135882345,0.9966755785764714,-0.7390931306714182,-0.18825598909306426,0.009233917220244253,0.6466960348863163,-0.7235858849725244,-0.11413158541262229,0.04744246060546667,0.6790778020311286,-0.6678184023471968,-0.17448868268506298,0.12439845452268725,0.7128094455137615,-0.7311228958575602,-0.12461263515427871,-0.054908279292918825,0.6685178256246072,-0.7689140598472414,-0.11995073087564115,0.01626904318669362,0.6277884269126199,14.262089419078109,13.866495868695889,10.025140130442095,6.92956957334256,9.086609374549425,4.622165289565296,3.3417133768140315,2.30985652444752,3.0288697915164753
2026-04-29 19:19:15,205.07,0.04108424541901056,0.016989886068872806,-0.06950019593883398,0.996590764212764,-0.7390455932580008,-0.19092101813723572,0.009975688092453,0.6459576314019777,-0.719931642128628,-0.11513451717793992,0.04788544263864816,0.6827513881344223,-0.6686193327997143,-0.17571241834097237,0.12468311846760613,0.7117074214987681,-0.7285865168098922,-0.12629807423047373,-0.053915354565523536,0.6710466589668533,-0.7689210709910393,-0.12128750691884527,0.016844922850519632,0.6275077496139503,14.252995400622387,14.37527030538959,9.90601437212047,7.237784130607315,9.146804221061105,4.7917567684631965,3.3020047907068237,2.412594710202438,3.0489347403537015
2026-04-29 19:19:15,205.121,0.04146586001815703,0.017380717173090057,-0.07014613581007867,0.9965229614787698,-0.7387511832741724,-0.1933400418363204,0.011580320108429713,0.645547994822946,-0.716383406251124,-0.11546854027060602,0.04783762062639175,0.6864207117421633,-0.6681912747845268,-0.17619637048893663,0.12485663920931599,0.7119593239600905,-0.7301746290677358,-0.12712152537775695,-0.05361623107684505,0.6691863930300296,-0.7690360606008372,-0.12258766230639845,0.01756071916032281,0.6270944296422748,14.263693826461251,14.874784826895974,9.943870064630074,7.062023161239699,9.204253355186289,4.958261608965325,3.3146233548766912,2.354007720413233,3.0680844517287627
2026-04-29 19:19:15,205.172,0.04163642942012639,0.017586589870579504,-0.07087572441143496,0.9964606120118453,-0.7391691447869942,-0.19566692624516221,0.013001559856371522,0.6443402740865537,-0.7167614005081715,-0.1159183138134107,0.04702901326531221,0.6860060576813526,-0.6683434524736103,-0.17662798457528933,0.12492575774561983,0.7116973652137608,-0.7325442237221224,-0.12778153014729357,-0.05325793416430331,0.6664941359780445,-0.7690309586734109,-0.12367384433252103,0.01835253077218692,0.6268646978767634,14.159045571393111,14.818072301065033,9.84879793698852,6.744398009932491,9.251008351657887,4.939357433688344,3.28293264566284,2.248132669977497,3.0836694505526294
2026-04-29 19:19:15,205.224,0.0417997547831711,0.017806102043515248,-0.0721109380602972,0.996361247661784,-0.7397129251035653,-0.19761920216053497,0.013830080968158296,0.643101988981977,-0.7178642674994863,-0.11664400329486417,0.04652623561832202,0.6847630096186287,-0.6692701896846387,-0.1773331034265628,0.12519094270307365,0.7106036951027679,-0.7314674066565896,-0.12901315557050624,-0.05233480727545998,0.6675118775244859,-0.7686051233571428,-0.12468806294501798,0.019635796331328965,0.6271471014129023,14.055243990794786,14.684690183094535,9.673354902167759,6.855446682216934,9.357348614130764,4.894896727698178,3.22445163405592,2.2851488940723113,3.1191162047102545
2026-04-29 19:19:15,205.274,0.04217884165139563,0.018134409008343223,-0.07332028109818682,0.9962510852724566,-0.739684394188028,-0.19958260630723176,0.014716890496781704,0.6425085161991305,-0.7189889885052084,-0.11747274062258249,0.04606942187424355,0.6834709927912448,-0.668103032956041,-0.17769187000550601,0.1260733799320408,0.711455859179891,-0.7294947738493719,-0.1304436340961767,-0.05178249722089596,0.6694328989762937,-0.7666812433659282,-0.12584565190177063,0.021381337598413586,0.6292102839041931,14.024188503704313,14.600193507468179,9.811593759555286,7.107826782711209,9.69489226647746,4.8667311691560595,3.2705312531850956,2.36927559423707,3.2316307554924864
2026-04-29 19:19:15,205.325,0.04229173390318743,0.018410551831873043,-0.07444167267573956,0.9961580688796062,-0.7385802768454369,-0.20148206958636705,0.016196889738924178,0.6431499133583845,-0.7192299908580252,-0.11808559470674386,0.04546292674449442,0.6831523511376834,-0.6655530959119859,-0.17758107492963174,0.12715036212134243,0.7136783755734925,-0.7290658223946418,-0.13139605635521984,-0.05172616721143471,0.6697182292695453,-0.7646980130293672,-0.12696487923911856,0.022880589956707102,0.6313424957279264,14.149155500141758,14.62629710089605,10.120647799630541,7.146466140751973,10.007956039256339,4.87543236696535,3.3735492665435136,2.3821553802506577,3.3359853464187794
2026-04-29 19:19:15,205.377,0.04232456787162418,0.018585652082388614,-0.0754268937662364,0.9960793081817982,-0.737807606130971,-0.20308824455056998,0.017793192335194868,0.643489318922371,-0.7186257458821732,-0.11851363521664196,0.04485059178077214,0.6837543272550027,-0.6667564362992754,-0.17790975503859768,0.12709518739247005,0.7124821310441894,-0.7291634361007253,-0.13204815076295914,-0.05156629001501538,0.6694959948109874,-0.7670914477839232,-0.12804726739281813,0.023266592524198708,0.628198434988746,14.255572938948236,14.739124420391565,9.97233609494475,7.101997269874033,9.710326200456375,4.9130414734638554,3.3241120316482498,2.3673324232913444,3.236775400152125
2026-04-29 19:19:15,205.428,0.04256318145889681,0.01871364614910287,-0.07625838101211671,0.9960034308963569,-0.7386879191133442,-0.2044559560710595,0.018706470194338756,0.6420186820926124,-0.7193656692392976,-0.11894464370685313,0.04432130216997821,0.6829354492390219,-0.6701467712887891,-0.17861195870912927,0.12666791469498195,0.7091941289408172,-0.729119538133122,-0.13272670623282232,-0.05126594620520812,0.669432687672789,-0.7694716088233772,-0.1287695248327123,0.02325173219642833,0.6251329535698679,14.177202061473091,14.680711793430287,9.579648323578336,7.097033400408135,9.434805012994975,4.893570597810096,3.1932161078594454,2.365677800136045,3.1449350043316584
2026-04-29 19:19:15,205.479,0.042989532182234974,0.01880614523311037,-0.07692721904782257,0.9959319414466996,-0.7400033326620947,-0.2055547055320554,0.0192637444050076,0.6401337663599084,-0.7221446312134028,-0.11933487950879816,0.04372874973547915,0.6799662598900412,-0.6693450211630493,-0.17863474407079732,0.127745267815381,0.709752081649483,-0.72833269766618,-0.13342332200342005,-0.050673135082357164,0.6701954431632625,-0.769156299424292,-0.12912192692545946,0.02352201598654182,0.6254381102930283,14.10893245127611,14.415404085957448,9.736269221003102,7.238192734410832,9.555768786943224,4.80513469531915,3.245423073667701,2.4127309114702773,3.185256262314408
2026-04-29 19:19:15,205.529,0.04346589130706955,0.019002050702116486,-0.07750263835514302,0.9958629320393385,-0.7408498181358041,-0.20687577812978733,0.01977182295893196,0.6387120121057861,-0.7229837481014385,-0.1196273354211895,0.043339560949995894,0.6790474821821251,-0.6685245493292025,-0.17874488812583827,0.12884227635802248,0.710299133982262,-0.7277755188125831,-0.13411346759102746,-0.050676154050469685,0.6706625824052205,-0.7695039015567233,-0.1295377034241745,0.02377236049372813,0.6249148772089902,14.072030215406233,14.43547723942622,9.912309308786272,7.366037645038963,9.598539001390147,4.811825746475407,3.304103102928757,2.4553458816796545,3.1995130004633823
2026-04-29 19:19:15,205.58,0.04384895010660541,0.019286392197633125,-0.07809536830253129,0.9957943653687942,-0.7410472954911104,-0.208332492896305,0.02004976654103702,0.6380003801805858,-0.7211687340365719,-0.11966356131105228,0.04328581782040395,0.6809718254950518,-0.6698246150174466,-0.17916182131726083,0.12906084633721357,0.7089282931592825,-0.727727709691035,-0.13477437260146316,-0.05149848298121641,0.6705193176101314,-0.7698587872478716,-0.12990635588175592,0.024221801883693897,0.6243837687770767,14.085166625384321,14.778134137371516,9.821868385098153,7.4031055496642,9.634226809491704,4.9260447124571725,3.2739561283660508,2.467701849888067,3.211408936497235
2026-04-29 19:19:15,205.632,0.04433591164521316,0.019476249932197553,-0.07870040384285379,0.9957214716285565,-0.7410084842705057,-0.20941403432735492,0.020000156578692627,0.6376928588299361,-0.7211010649886,-0.11983493406842016,0.0434023580806689,0.6810059309302392,-0.6677860133312532,-0.17883385383597952,0.13014670468418985,0.7107335143224703,-0.7277280285240079,-0.1352846432079066,-0.05159248354312022,0.6704089777550143,-0.7705790664193487,-0.13009917777147925,0.024192325654192843,0.6234555619440022,14.196893824722345,14.9107695171352,10.136325879073597,7.445575635306066,9.625548505411366,4.970256505711734,3.3787752930245323,2.481858545102022,3.2085161684704553
2026-04-29 19:19:16,205.682,0.04480717587075359,0.019614069842945,-0.07925476676867596,0.9956536984308983,-0.7414850428908053,-0.21030311237585703,0.019766146775138847,0.6368530690323414,-0.7214525760013969,-0.1201192043403964,0.04354754447917005,0.6805741463642397,-0.6663991124042911,-0.17862627561369687,0.13117013394217608,0.7118983583410938,-0.7292919027209971,-0.1354641376106425,-0.05143832239759379,0.6686829495627312,-0.7720908577828235,-0.13021245813985696,0.023487807440539913,0.621585670664146,14.24331167858162,14.995953777759471,10.364027125099678,7.3058546870510845,9.503498143300002,4.998651259253157,3.4546757083665596,2.435284895683695,3.167832714433334
2026-04-29 19:19:16,205.734,0.045157920492123645,0.019748871304884702,-0.07954451656229335,0.995612080171731,-0.7415249432513585,-0.2111095530649057,0.02005277888140999,0.6365307543237315,-0.7209335796325776,-0.1201268052348921,0.04332935949931453,0.6811364701934519,-0.6683300552903363,-0.17903352383047294,0.1312253130008198,0.7099731345398194,-0.7308260443062519,-0.1355919055519609,-0.05141750511940701,0.666981535186515,-0.7730947793870772,-0.1303689875877444,0.023112621091385656,0.6203178184657275,14.328111858562467,15.16907628504583,10.19026004831482,7.1710112967234885,9.451252553958502,5.056358761681943,3.396753349438273,2.3903370989078296,3.1504175179861673
2026-04-29 19:19:16,205.785,0.04564497202786946,0.019808080538800548,-0.07970140479915379,0.9955761460315252,-0.7415367235024009,-0.21185195443221513,0.020666604666316837,0.6362506805907093,-0.721697027403116,-0.12030108530247911,0.04307939204914504,0.680312586605031,-0.668867325389231,-0.17926875430130387,0.1318642305495686,0.7092891085160448,-0.730216034006984,-0.13594451684701678,-0.050807171946656494,0.6676243429482822,-0.7723810036620705,-0.13051302156054356,0.023234993444331623,0.621171531434556,14.422572186339373,15.197696244451725,10.213832847042955,7.332988302085996,9.64869533880275,5.065898748150575,3.4046109490143186,2.444329434028665,3.2162317796009168
2026-04-29 19:19:16,205.837,0.04616164939692909,0.01981869083003947,-0.07988719238186891,0.9955372208572016,-0.7422927435423711,-0.21254708140742037,0.02109383535938123,0.6351222490035746,-0.7235603695497947,-0.1206582590406492,0.04284793030851294,0.6782816752725381,-0.6694411694641109,-0.17960086043774529,0.13260744847609052,0.708524746332269,-0.7282315629319013,-0.13633713994190644,-0.050046243690064524,0.6697658908265904,-0.7704966167052167,-0.13055345841953805,0.023413776214703662,0.6234922238680127,14.404444179470474,15.117002258861241,10.242873318941479,7.67661267081754,9.994048862416038,5.039000752953747,3.414291106313826,2.5588708902725132,3.331349620805346
2026-04-29 19:19:16,205.887,0.04636828018806232,0.019854266020313933,-0.07999268203837158,0.9955184385703281,-0.7428284387300862,-0.2131138137797121,0.02140480955656481,0.6342950789009291,-0.7257559304244369,-0.12093552040036588,0.04231563102139156,0.6759159095113195,-0.6713268462763508,-0.18021094874792234,0.13259622621711203,0.7065851117968757,-0.7285359102637267,-0.13644815982232034,-0.05018974556528587,0.6694014614395443,-0.7703996184525642,-0.13065472301545142,0.02321293357932152,0.6235983731189021,14.388903205071868,14.96581558160988,10.068740665025674,7.701283954752469,10.06143775522716,4.98860519386996,3.356246888341891,2.5670946515841564,3.35381258507572
2026-04-29 19:19:16,205.937,0.04638577642701284,0.019900925652281312,-0.0800108664685131,0.9955152304964517,-0.7430771129333762,-0.21349662182694068,0.02141031979279067,0.6338747470198298,-0.7265880895131571,-0.12102090560878606,0.042004587307003925,0.6750254093205812,-0.6705405327844197,-0.18033388776459108,0.13320235221976445,0.7071861255567846,-0.7314511278428262,-0.13639618659473599,-0.05090565544042192,0.6661711057258884,-0.7719639426954115,-0.13093649497093862,0.022773573257939557,0.6216177843530107,14.392607188518847,14.935637688784155,10.1831468116519,7.380488498071005,9.886299315894428,4.978545896261385,3.3943822705506332,2.460162832690335,3.2954331052981427
2026-04-29 19:19:16,205.989,0.04643893710975812,0.019936715225432847,-0.08004468096906846,0.9955093176634241,-0.7435641905231417,-0.2137753515136744,0.02127948414534349,0.633213690006287,-0.7268072549596922,-0.12098418314485554,0.0418053383731335,0.6748083840989507,-0.6686342402774681,-0.18033903727200118,0.13445483004010447,0.7087510021462176,-0.7317495596174227,-0.13656982057374842,-0.05083810180145019,0.6658128517183995,-0.7727240795864148,-0.13118298695560063,0.022324556012851854,0.6206368785043022,14.342318299565491,14.96273539862759,10.432101456417817,7.388431089808868,9.824072650968143,4.987578466209197,3.4773671521392724,2.4628103632696225,3.2746908836560475
2026-04-29 19:19:16,206.04,0.0464589831740164,0.019976129044056927,-0.08009163271263893,0.9955038159245174,-0.7448418309024571,-0.21401590600655607,0.02089425829760634,0.6316417250975916,-0.7286928792605831,-0.12107689556135813,0.041294612767352974,0.6727866140408412,-0.669855854095286,-0.18109754480273213,0.134961902924582,0.7073062270047347,-0.7304950470511868,-0.13678406116228323,-0.050429434921863595,0.6671761228784335,-0.7731873982193194,-0.13140102336480358,0.021908675632476775,0.6200282479254899,14.132030356586567,14.768089178567228,10.291805826454222,7.574368964710632,9.799439527374307,4.922696392855743,3.430601942151408,2.524789654903544,3.2664798424581023
2026-04-29 19:19:16,206.091,0.046444137914570846,0.020033921294182286,-0.08009379405391842,0.995503173377664,-0.7457148463637437,-0.21421048374382545,0.02071265613059213,0.6305507294761861,-0.73059610089828,-0.12104592619765114,0.04045241201208462,0.6707762842152276,-0.6729481697538029,-0.18216700942428812,0.13470289344044167,0.7041385318253728,-0.7311969341322732,-0.13678495021842008,-0.05057778685243031,0.6663953844276076,-0.774154308276108,-0.13165074194990417,0.021441355482663245,0.618783853535826,13.989701862580125,14.57222028428592,9.915105705057982,7.5007524063421815,9.696042232448068,4.85740676142864,3.3050352350193273,2.5002508021140604,3.232014077482689
2026-04-29 19:19:16,206.142,0.046461368715415036,0.0201053040588355,-0.08011125939691015,0.9954995249037707,-0.7452499478516017,-0.21429143086469282,0.021133742205690996,0.6310586841376411,-0.7299512732968215,-0.12076167577687473,0.039806535050566416,0.6715677151584776,-0.6732100106652412,-0.18253648980806375,0.13510450224392742,0.7037154857625894,-0.7310859441125068,-0.13684674697578447,-0.05061799669144784,0.666501409281492,-0.7742397055353284,-0.1318272391396224,0.021029346365845778,0.6186535573201032,14.08431139155012,14.712318967310768,9.897134842538193,7.536982030381703,9.704225101164848,4.904106322436923,3.299044947512731,2.5123273434605675,3.2347417003882826
2026-04-29 19:19:16,206.193,0.0464814398754423,0.020148961023112512,-0.0801369234820438,0.9954956396748446,-0.7449924122875755,-0.21423933832034117,0.0212111011156817,0.6313777797321204,-0.7297346303529355,-0.12075172886426355,0.039730423159580676,0.6718094095169528,-0.6710120838558664,-0.1823396730489212,0.1363609444844722,0.7056208045197668,-0.7297251928429738,-0.13703928353726375,-0.05028902945796724,0.6679763403100847,-0.7730325520531534,-0.13201057393238613,0.021044850210651448,0.6201217591052921,14.158126685744397,14.790343371360553,10.189349032769547,7.742765835434519,9.893792828176945,4.930114457120184,3.396449677589849,2.5809219451448397,3.2979309427256487
2026-04-29 19:19:16,206.244,0.046489000943679575,0.020189232865465083,-0.08010311819594891,0.9954971914188652,-0.745144768075264,-0.2142772010377253,0.021128868251279423,0.631187869538,-0.7315028207757795,-0.12099342268696067,0.039874355195010175,0.6698315091583513,-0.6684921071960807,-0.18215170279225254,0.13778481419369804,0.7077813255264898,-0.7296716470006634,-0.1371309330171106,-0.050194966615659156,0.6680230984776265,-0.7721434965264878,-0.1321303002184963,0.02107852886960843,0.6212018191833576,14.19202607767733,14.614353961177214,10.5160529542765,7.793271069853926,10.055860740429813,4.871451320392405,3.5053509847588336,2.597757023284642,3.3519535801432707
2026-04-29 19:19:16,206.294,0.046508787294121126,0.02027144405609943,-0.08002028736709665,0.9955012580956379,-0.7452531652551471,-0.21449014303006186,0.021222859111018642,0.630984380528775,-0.7312594778696935,-0.12107661685084826,0.04043175128210602,0.6700487313367276,-0.6672752996862666,-0.18232438109331206,0.13879409712155585,0.7086873027589503,-0.729798561721675,-0.13723628280323513,-0.05015125249946428,0.6678660897695434,-0.772765192432777,-0.13224583393350284,0.02080830025129135,0.6204127750233853,14.230975104245987,14.706900539003453,10.675385455989082,7.820575080669618,10.017577386565351,4.902300179667818,3.558461818663027,2.6068583602232063,3.3391924621884503
2026-04-29 19:19:16,206.345,0.04653828676889787,0.020361634467082248,-0.07998148045480231,0.9955011574532212,-0.7458036274977875,-0.2147294985265675,0.02100372472676631,0.6302594983189644,-0.7300184237622864,-0.12111694282952536,0.04091314973374555,0.6713642091339993,-0.6687159537735013,-0.18287610898408427,0.1390478876927573,0.7071357626791479,-0.72959506250859,-0.13739511977920338,-0.050027800610189216,0.6680650005725882,-0.7736886280931362,-0.132448736100186,0.020542059556564803,0.6192263421835338,14.17076806205395,14.932395219424919,10.50364258857238,7.874980647400868,9.934334278740696,4.97746507314164,3.501214196190793,2.6249935491336225,3.3114447595802323
2026-04-29 19:19:16,206.396,0.04658629704543268,0.020421057729586373,-0.08000734077565587,0.9954956166406801,-0.745757551390227,-0.21484566545241882,0.020820191603663305,0.6302805202466176,-0.7307612149951349,-0.1212009800972873,0.040642495730158296,0.6705569003620165,-0.6698282640400263,-0.18317620102229717,0.13932236246010804,0.7059503207667649,-0.7297720094062466,-0.13750582804812536,-0.049985985995711066,0.6678520515383667,-0.7739360539667741,-0.13259810458719684,0.02033436075550351,0.6188919459832116,14.219266412518886,14.907924624943169,10.371550956580514,7.868249716263506,9.944103905988175,4.96930820831439,3.4571836521935047,2.6227499054211685,3.3147013019960583
2026-04-29 19:19:16,206.447,0.046613154438290415,0.02043071840959465,-0.07996868979526603,0.9954972668124251,-0.7450560319669621,-0.2148724104753717,0.020716033358539918,0.6311039553100872,-0.7318256635550534,-0.12126030790972253,0.04043732194328236,0.669396712631531,-0.6699683332886794,-0.18329031865627143,0.1399114586267278,0.7056712231784805,-0.7299450205780667,-0.13757883958656036,-0.04988427710364121,0.667655516512182,-0.7745532761748786,-0.1327432085553265,0.020003280708753634,0.618098965951316,14.38632719115381,14.820394822693437,10.350677845725144,7.859165057348765,9.901066116514373,4.940131607564479,3.450225948575048,2.6197216857829217,3.300355372171458
2026-04-29 19:19:16,206.498,0.046619718479006186,0.020395972650833042,-0.07982531751333374,0.9955091786781578,-0.7451032817153616,-0.21487597088566093,0.02025804335416081,0.6310618261251462,-0.7312718173460582,-0.12122074123965491,0.04076728556299614,0.6699888726512756,-0.6705696928494602,-0.18362330397010937,0.14048751295192674,0.7048985941080204,-0.730120890459059,-0.13763333493077243,-0.04968452422372937,0.6674668519737639,-0.7760902346338847,-0.13295203895472738,0.01956851221678803,0.6161369785797018,14.424493185768654,14.927318189377555,10.262533581025988,7.860666441129727,9.729004111537865,4.975772729792518,3.4208445270086623,2.620222147043242,3.2430013705126215
2026-04-29 19:19:16,206.549,0.046699805755832886,0.02035399031979767,-0.07978767101350663,0.9955093022039871,-0.7458907430494659,-0.21497039285827232,0.019668757885520277,0.6301173458894116,-0.7313123604622249,-0.12117301801757711,0.041006410947273725,0.6699386579388475,-0.671455973077197,-0.18406500354766264,0.14096231100936707,0.7038441429484599,-0.7309444312799297,-0.13764353678981037,-0.04950142400710083,0.666576405359597,-0.7771604865118809,-0.1330684527518364,0.019217755379475468,0.6147723505209255,14.341553073285029,14.988054478877675,10.157167535068048,7.798029951143702,9.627541540911881,4.9960181596258915,3.3857225116893495,2.5993433170479006,3.2091805136372935
2026-04-29 19:19:16,206.6,0.046851328000224686,0.020336929232382603,-0.07990289665473746,0.995493289520424,-0.7465076386400142,-0.21514124192965245,0.019352862072696576,0.6293377934008668,-0.733259523378189,-0.12117981996193346,0.04094495721824983,0.6678094287201852,-0.6710919491876012,-0.184171211055328,0.1417761807654131,0.7040000534954333,-0.732377513339312,-0.13747937082945327,-0.04948225730662967,0.6650369213533218,-0.7764696216039689,-0.1330092135966009,0.019009235707690416,0.615663970671025,14.285284148709497,14.81823552621557,10.23260177534799,7.671155812496327,9.776492025596403,4.9394118420718565,3.4108672584493296,2.5570519374987755,3.258830675198801
