Timestamp,Thumb Flex,Pointer Flex,Middle Flex,Ring Flex,Pinky Flex,Thumb Acc. X,Thumb Acc. Y,Thumb Acc. Z,Thumb Gyro X,Thumb Gyro Y,Thumb Gyro Z,Pointer Acc. X,Pointer Acc. Y,Pointer Acc. Z,Pointer Gyro X,Pointer Gyro Y,Pointer Gyro Z,Middle Acc. X,Middle Acc. Y,Middle Acc. Z,Middle Gyro X,Middle Gyro Y,Middle Gyro Z,Ring Acc. X,Ring Acc. Y,Ring Acc. Z,Ring Gyro X,Ring Gyro Y,Ring Gyro Z,Pinky Acc. X,Pinky Acc. Y,Pinky Acc. Z,Pinky Gyro X,Pinky Gyro Y,Pinky Gyro Z,Wrist Gyro X,Wrist Gyro Y,Wrist Gyro Z,Wrist Acc. X,Wrist Acc. Y,Wrist Acc. Z,Hand
1.049,91,137,103,88,73,-2.89,-6.11,7.72,-0.30,0.34,-0.20,-5.86,0.02,8.91,-0.02,0.25,0.06,-4.43,3.60,8.53,0.08,0.42,0.10,-3.10,3.81,7.43,0.49,1.55,0.11,-0.63,8.94,3.65,0.38,1.31,-0.70,0.37,0.11,0.94,0.61,0.12,1.34,R
1.101,87,139,104,99,79,-1.99,-6.79,6.33,-0.34,0.28,-0.36,-5.17,1.35,7.59,-0.03,0.40,0.04,-4.23,3.19,8.00,0.20,0.73,-0.09,-3.74,4.83,8.46,0.43,1.29,0.01,-2.15,9.24,4.58,0.84,0.88,-0.54,0.36,0.13,0.93,0.00,-5.25,-1.65,R
1.151,83,139,109,105,83,-2.54,-6.66,6.94,-0.56,-0.05,-0.28,-5.86,0.30,8.30,-0.19,0.31,0.01,-4.54,3.02,8.07,-0.10,0.17,-0.02,-3.66,6.22,7.83,0.21,0.59,0.01,-1.20,9.50,3.48,0.20,0.47,-0.21,0.34,0.13,0.95,0.98,-10.80,2.93,R
1.203,82,142,111,111,86,-2.24,-6.40,6.80,-0.32,0.44,-0.04,-5.57,-0.21,7.98,-0.21,0.30,0.11,-4.40,1.84,8.23,-0.16,0.10,0.07,-3.30,4.66,6.48,0.06,0.79,-0.05,-2.25,9.46,5.30,-0.12,0.76,-0.58,0.36,0.13,0.94,4.27,-6.47,2.93,R
1.254,80,145,112,115,84,-2.52,-7.93,7.07,-0.80,0.59,-0.01,-5.17,1.48,6.60,-0.09,0.82,-0.01,-4.79,3.54,7.35,-0.10,0.90,-0.20,-3.06,6.28,4.59,0.32,1.20,-0.22,-0.92,8.65,0.81,0.68,0.89,-0.72,0.30,0.13,0.96,2.69,-7.69,-4.82,R
1.304,81,146,118,123,85,-2.80,-7.30,6.31,-0.30,0.23,0.03,-7.07,-0.73,8.42,-0.21,0.57,0.25,-5.54,2.75,8.32,-0.29,0.76,0.19,-5.16,5.88,7.44,0.14,1.48,0.10,-3.01,9.36,4.13,0.41,1.04,-0.39,0.34,0.10,0.96,-0.24,2.62,2.14,R
1.356,82,148,122,129,89,-1.31,-7.93,6.26,-0.05,0.28,-0.04,-6.36,-1.55,7.32,0.09,0.68,-0.12,-5.65,1.07,7.46,-0.00,1.12,-0.18,-6.79,7.05,9.07,-0.50,0.72,0.00,-2.82,8.85,3.19,-0.72,-0.14,0.05,0.33,0.11,0.95,-4.15,-2.62,-4.46,R
1.406,83,152,135,135,86,-2.57,-7.60,6.02,0.01,0.15,-0.23,-6.99,-0.34,7.62,0.11,0.54,-0.13,-5.67,2.26,7.61,-0.05,0.90,-0.15,-5.53,4.62,6.67,-0.23,0.26,-0.09,-2.43,8.83,3.14,0.44,0.04,-0.06,0.35,0.13,0.94,-6.23,0.00,-5.55,R
1.458,79,156,143,134,87,-2.69,-7.11,5.50,0.24,0.25,-0.33,-7.50,-0.21,7.23,0.14,0.96,-0.16,-7.02,2.73,7.71,-0.23,0.90,-0.13,-5.55,6.42,6.68,-0.28,0.33,-0.07,-2.39,9.06,2.94,-0.02,-0.02,0.02,0.30,0.14,0.94,-4.94,-0.73,-6.10,R
1.509,77,159,149,136,86,-2.74,-6.99,5.99,-0.05,0.06,-0.07,-7.13,-0.01,6.72,0.18,0.48,-0.11,-6.14,3.15,5.92,0.04,0.20,-0.04,-5.10,5.78,5.60,-0.03,0.22,-0.04,-2.53,9.17,3.11,-0.39,-0.07,-0.01,0.36,0.13,0.94,-2.99,-5.92,-1.04,R
1.559,81,162,150,137,84,-2.71,-7.73,5.95,-0.19,0.09,-0.16,-8.02,0.04,7.10,-0.18,0.22,-0.12,-6.43,2.76,6.01,-0.24,0.68,-0.00,-5.26,5.65,5.71,-0.53,0.53,-0.06,-2.55,8.89,3.13,-0.86,0.24,-0.19,0.31,0.13,0.96,-3.85,-4.94,-0.79,R
1.612,79,161,151,138,83,-2.75,-7.41,6.03,0.08,0.09,0.02,-7.25,-0.27,6.38,-0.07,0.11,0.01,-7.28,1.77,7.34,-0.31,0.52,0.01,-5.56,5.00,6.23,-0.20,0.16,0.03,-2.61,8.64,3.92,-0.06,0.04,-0.01,0.33,0.13,0.94,-1.16,-0.37,-0.98,R
1.661,83,162,154,138,81,-2.77,-7.52,5.98,-0.06,0.09,-0.04,-7.42,-0.17,6.79,-0.16,0.08,-0.01,-7.24,2.17,6.99,-0.16,0.29,-0.03,-5.58,5.04,6.30,-0.08,0.05,-0.01,-2.45,8.75,3.71,0.03,-0.00,-0.01,0.33,0.14,0.94,-0.98,-2.56,-0.12,R
1.712,84,160,157,137,81,-2.68,-7.87,6.00,-0.01,0.06,-0.03,-7.40,-0.44,6.59,-0.18,0.05,-0.03,-7.08,2.15,6.66,0.02,0.09,-0.01,-5.61,4.97,6.29,-0.02,0.01,-0.02,-2.49,8.77,3.72,0.05,-0.01,-0.02,0.34,0.14,0.95,-0.31,-1.71,0.18,R
1.764,83,160,155,136,81,-2.78,-7.60,6.10,0.01,0.01,-0.02,-7.39,-0.30,6.52,0.12,0.00,0.02,-7.11,2.12,6.46,0.07,0.06,0.01,-5.52,5.14,6.22,-0.00,0.01,0.05,-2.55,8.74,3.74,0.03,-0.01,0.03,0.31,0.14,0.95,0.55,1.22,-0.49,R
1.814,83,159,157,138,80,-2.70,-7.48,6.02,-0.06,0.07,-0.00,-7.45,-0.41,6.68,-0.05,0.07,0.01,-7.04,2.05,6.41,-0.02,0.04,0.00,-5.50,5.05,6.22,-0.01,0.02,0.01,-2.50,8.71,3.69,0.00,-0.01,-0.03,0.34,0.14,0.94,-0.24,-0.37,0.37,R
1.865,90,160,154,136,80,-2.68,-7.96,6.15,-0.01,-0.03,-0.03,-7.47,-0.17,6.63,-0.02,0.03,-0.01,-7.05,2.12,6.43,-0.03,0.04,-0.01,-5.59,4.91,6.33,0.01,0.04,-0.00,-2.61,8.76,3.71,0.05,0.00,-0.02,0.32,0.15,0.95,1.46,0.49,-0.12,R
1.917,84,161,153,136,80,-2.72,-7.47,5.97,0.03,0.05,-0.00,-7.72,-1.36,6.51,0.21,0.24,0.04,-7.19,2.13,6.55,-0.07,0.06,-0.01,-5.60,4.94,6.25,-0.03,0.04,-0.00,-2.58,8.69,3.69,0.02,-0.01,-0.01,0.34,0.14,0.95,1.28,-0.18,-0.55,R
1.967,85,160,155,137,79,-2.79,-7.56,6.01,-0.06,0.04,-0.02,-7.69,-0.11,6.54,0.18,0.05,0.01,-7.13,2.30,6.32,0.06,0.01,0.01,-5.64,5.08,6.20,0.02,0.00,0.02,-2.59,8.69,3.75,0.04,0.00,0.01,0.31,0.14,0.94,0.79,0.31,-0.31,R
2.018,84,161,154,136,79,-2.71,-7.59,5.96,0.04,-0.05,0.00,-7.55,0.10,6.47,-0.20,0.03,-0.03,-7.24,2.09,6.54,-0.09,-0.01,-0.00,-5.61,4.98,6.29,0.02,0.01,0.01,-2.58,8.69,3.73,0.04,-0.00,0.00,0.32,0.14,0.95,0.43,-0.18,0.24,R
2.069,85,158,153,138,81,-2.81,-7.56,6.01,0.01,-0.01,0.00,-7.62,-0.14,6.52,0.11,-0.03,0.02,-7.13,2.34,6.25,0.06,-0.00,0.02,-5.55,5.17,6.02,0.06,0.01,0.02,-2.62,8.75,3.63,0.03,0.01,-0.00,0.33,0.14,0.95,1.10,0.85,0.06,R
2.12,83,160,153,135,79,-2.65,-7.53,6.06,0.02,-0.02,0.00,-10.64,0.50,11.56,-0.32,-0.15,-0.05,-7.07,2.44,6.17,-0.10,-0.00,0.01,-5.55,5.09,6.16,0.03,0.01,0.02,-2.60,8.76,3.67,0.05,-0.01,0.01,0.32,0.15,0.95,0.00,0.06,0.31,R
2.172,82,159,154,137,80,-2.71,-7.43,5.97,0.01,-0.11,-0.04,-7.37,-0.41,6.45,0.01,-0.04,0.00,-7.11,2.04,6.55,0.02,-0.01,-0.00,-5.55,5.02,6.26,0.05,-0.02,-0.00,-2.54,8.83,3.60,0.13,-0.02,-0.01,0.32,0.15,0.95,0.31,-0.92,0.37,R
2.223,79,158,155,137,78,-2.65,-7.48,6.00,0.03,-0.07,0.01,-7.55,0.23,6.43,0.04,-0.02,-0.00,-7.24,2.13,6.39,0.04,-0.03,-0.01,-5.59,5.15,6.20,0.06,-0.03,0.00,-2.59,8.81,3.53,0.18,-0.01,0.01,0.33,0.14,0.95,0.24,-0.67,-0.31,R
2.273,78,159,154,138,79,-2.77,-7.55,6.08,0.05,-0.10,-0.01,-7.47,-0.11,6.45,-0.09,0.03,0.01,-7.25,2.10,6.39,-0.05,0.01,0.00,-5.64,5.07,6.30,0.04,-0.01,0.02,-2.57,8.79,3.51,0.09,-0.01,0.01,0.32,0.14,0.95,0.55,0.92,-0.37,R
2.324,78,159,155,136,79,-2.52,-7.52,6.06,-0.01,-0.01,-0.01,-7.37,0.43,6.42,-0.03,0.03,-0.00,-7.13,1.93,6.51,-0.04,-0.01,-0.01,-5.56,5.16,6.22,0.03,-0.00,0.01,-2.49,8.81,3.52,0.06,0.00,0.00,0.33,0.14,0.94,0.73,-0.73,0.37,R
2.376,77,159,153,137,81,-2.67,-7.52,6.06,0.02,-0.01,-0.01,-7.34,-0.32,6.63,0.13,-0.05,0.01,-7.07,2.23,6.32,-0.03,-0.06,-0.02,-5.51,5.23,6.25,0.13,-0.06,0.00,-2.56,8.81,3.46,0.22,-0.05,-0.01,0.32,0.14,0.95,2.56,0.55,0.06,R
2.427,75,158,155,138,79,-2.60,-7.47,6.06,0.00,-0.03,0.04,-7.27,-0.18,6.29,-0.00,-0.01,0.06,-7.07,2.56,6.03,0.08,-0.08,-0.02,-5.48,5.58,5.84,0.12,-0.06,-0.00,-2.55,8.90,3.30,0.14,-0.02,0.01,0.34,0.14,0.95,1.95,0.12,-0.85,R
2.478,77,160,153,138,79,-2.60,-7.59,6.12,-0.03,0.03,-0.03,-7.60,-0.44,6.82,-0.14,0.08,-0.01,-6.90,2.10,6.19,-0.11,0.02,-0.03,-5.44,5.25,6.13,-0.02,0.00,-0.02,-2.54,8.90,3.27,0.03,0.00,-0.01,0.32,0.14,0.94,0.24,-0.79,-0.24,R
2.528,74,159,152,137,79,-2.52,-7.48,6.00,-0.04,0.02,-0.04,-7.21,-0.11,6.43,0.04,0.01,-0.02,-7.08,1.96,6.54,0.00,-0.03,-0.03,-5.64,5.05,6.28,0.10,-0.07,-0.01,-2.46,8.88,3.21,0.27,-0.05,0.02,0.33,0.14,0.95,1.65,-2.44,-1.16,R
2.579,77,158,152,136,78,-2.62,-7.49,6.00,-0.06,0.02,-0.05,-7.50,-0.13,6.60,-0.03,0.09,-0.03,-7.19,2.53,6.55,0.06,0.00,-0.04,-5.57,5.33,6.18,0.07,-0.02,-0.02,-2.46,8.99,3.19,0.08,-0.02,-0.00,0.31,0.14,0.95,0.43,-1.34,-0.73,R
2.631,73,157,153,136,78,-2.60,-7.73,6.09,-0.12,0.04,-0.03,-7.28,-0.42,5.85,-0.02,0.14,-0.01,-6.99,2.10,6.35,0.01,-0.00,0.00,-5.57,5.22,6.17,-0.00,-0.01,-0.02,-2.51,8.87,3.18,0.06,-0.00,0.00,0.33,0.14,0.95,1.34,-1.83,-0.49,R
2.682,75,158,152,136,77,-2.28,-7.68,5.78,-0.04,0.03,-0.07,-7.54,-0.85,6.50,-0.06,0.05,-0.08,-7.13,1.79,6.59,-0.03,-0.03,-0.09,-5.60,4.81,6.09,0.04,-0.04,-0.09,-2.71,8.65,3.69,-0.09,-0.09,-0.10,0.32,0.14,0.95,-2.01,-3.30,-1.77,R
2.733,77,159,150,134,76,-2.48,-7.59,5.75,-0.03,0.16,-0.14,-7.88,-0.50,6.89,0.03,0.06,-0.12,-7.04,2.01,6.45,0.12,-0.05,-0.11,-5.31,4.17,5.64,0.07,-0.08,-0.11,-2.16,9.10,1.88,-0.45,-0.24,-0.16,0.31,0.14,0.95,-2.50,-1.59,-5.25,R
2.783,74,159,152,136,77,-2.51,-7.48,5.80,0.00,0.13,-0.09,-7.50,-0.16,6.58,0.12,0.04,-0.10,-7.28,2.74,6.59,0.02,0.00,-0.06,-5.52,4.97,6.02,0.04,-0.06,-0.07,-2.75,8.79,3.40,0.08,-0.08,-0.05,0.33,0.14,0.94,-1.65,-0.55,-3.91,R
2.835,77,159,150,136,77,-2.35,-7.93,5.80,-0.01,0.16,-0.19,-7.70,-0.22,6.78,0.25,0.02,-0.17,-7.22,2.41,6.35,0.22,-0.09,-0.18,-5.53,5.88,6.52,0.17,-0.14,-0.23,-3.19,8.54,4.76,0.17,-0.22,-0.09,0.28,0.16,0.95,-5.13,-7.45,-6.84,R
2.885,78,159,151,135,78,-2.86,-7.62,5.97,0.04,0.20,-0.15,-7.33,0.01,6.21,0.01,0.01,-0.18,-6.81,3.04,6.46,0.18,-0.01,-0.13,-5.40,5.32,5.19,0.14,-0.11,-0.04,-2.92,9.43,2.73,0.80,-0.00,0.12,0.29,0.15,0.95,-3.78,-0.79,-6.29,R
2.936,75,158,143,133,77,-2.60,-7.47,5.80,-0.01,0.00,0.03,-7.60,-0.38,6.46,-0.15,-0.00,-0.02,-7.37,1.83,6.78,-0.20,0.00,-0.01,-5.62,5.14,6.19,0.01,0.01,-0.01,-2.52,8.91,3.09,0.01,0.01,-0.00,0.33,0.13,0.94,1.59,0.06,1.40,R
2.988,78,162,150,136,79,-2.51,-7.50,5.88,-0.01,0.01,0.02,-7.52,-0.20,6.54,0.07,-0.12,0.02,-7.13,2.19,6.49,0.04,-0.03,0.02,-5.55,5.37,6.06,0.01,0.01,0.01,-2.45,9.12,3.06,-0.06,0.02,0.02,0.32,0.14,0.95,0.79,1.40,-0.31,R
3.038,76,162,149,135,76,-3.14,-7.30,6.06,0.04,0.07,0.07,-7.50,0.14,6.01,-0.08,-0.04,0.17,-7.00,2.89,5.78,0.12,0.09,0.21,-6.00,5.44,6.29,-0.22,0.22,0.04,-2.98,8.64,5.18,-0.16,0.22,-0.02,0.35,0.13,0.94,0.55,6.23,3.17,R
3.09,79,162,150,138,77,-2.71,-7.54,5.94,-0.15,0.40,-0.04,-7.53,0.05,6.45,-0.04,0.14,0.08,-7.14,2.63,6.23,0.15,0.06,0.12,-5.61,5.13,5.68,-0.36,0.21,-0.09,-2.36,9.12,1.93,-0.47,0.35,-0.11,0.31,0.15,0.95,-3.48,-3.42,5.00,R
3.141,91,164,149,134,76,-3.07,-7.25,6.11,-0.30,0.52,0.07,-7.30,0.16,6.41,0.04,0.23,0.22,-6.94,3.05,5.89,-0.25,0.20,0.29,-5.96,4.99,6.34,-0.45,0.29,0.16,-2.85,8.80,2.35,-1.20,0.35,-0.11,0.33,0.16,0.95,0.37,1.71,8.42,R
3.193,111,165,151,133,76,-3.15,-7.91,5.37,-0.33,0.64,0.03,-7.47,-0.71,6.25,-0.05,0.28,0.16,-7.20,1.63,6.62,-0.28,0.15,0.11,-5.85,4.24,6.52,-0.18,0.27,0.02,-2.90,8.27,2.94,0.21,0.35,-0.02,0.32,0.16,0.94,-1.71,-3.54,6.84,R
3.242,117,168,149,133,78,-3.12,-7.96,5.46,-0.09,0.23,-0.10,-8.05,-0.18,6.81,-0.04,0.14,-0.03,-7.15,2.16,6.56,-0.01,0.04,-0.01,-5.70,4.85,6.23,0.03,0.08,0.01,-2.66,8.76,3.62,-0.06,0.03,-0.02,0.27,0.17,0.96,-0.67,-0.73,0.55,R
3.294,116,165,149,134,76,-3.36,-7.89,5.45,-0.08,0.16,0.05,-7.77,0.23,6.11,-0.07,0.10,0.10,-7.39,2.15,6.45,-0.16,0.09,0.08,-5.67,5.11,5.96,-0.03,0.11,0.16,-4.19,7.59,6.38,-0.07,0.04,0.03,0.31,0.15,0.95,0.73,3.42,1.16,R
3.344,120,158,151,135,78,-2.68,-8.42,5.00,0.01,-0.14,0.07,-7.54,-0.72,6.38,-0.07,-0.03,0.01,-7.41,1.34,6.87,0.02,-0.01,-0.01,-5.91,5.06,6.22,0.12,-0.06,0.05,-2.75,8.78,3.67,0.22,-0.08,0.05,0.35,0.15,0.94,0.55,-0.61,0.00,R
3.396,105,163,150,133,79,-3.12,-7.75,5.47,0.12,-0.53,-0.06,-7.53,-0.11,6.13,-0.07,-0.07,-0.07,-7.13,2.61,6.25,-0.09,-0.03,-0.04,-5.77,5.12,6.21,0.06,-0.04,0.00,-2.77,8.69,3.49,0.32,0.01,0.00,0.30,0.16,0.95,0.12,0.00,-1.34,R
3.447,99,163,151,133,83,-2.95,-7.86,5.66,0.22,-0.52,0.01,-7.70,0.06,6.35,0.04,-0.11,-0.06,-6.82,2.20,6.27,-0.01,-0.08,-0.04,-5.78,5.78,6.42,0.24,-0.11,0.01,-2.69,8.98,3.20,0.41,-0.11,0.06,0.30,0.17,0.94,0.92,1.22,-1.46,R
3.497,79,162,147,134,84,-3.33,-6.97,5.82,0.27,-1.16,-0.08,-7.47,0.32,6.45,-0.14,-0.17,0.00,-7.01,2.25,6.44,0.07,-0.09,-0.03,-5.26,5.23,5.74,0.13,-0.22,0.07,-2.40,9.04,3.04,0.29,-0.15,0.11,0.29,0.17,0.95,3.72,2.87,-1.59,R
3.548,62,160,151,134,85,-3.03,-7.69,5.49,0.05,-0.93,0.03,-7.35,-0.13,6.15,-0.06,-0.04,0.15,-7.18,2.86,6.02,0.06,-0.01,0.06,-5.76,5.36,5.85,0.00,-0.04,0.03,-2.89,8.90,3.07,0.06,0.01,0.04,0.35,0.14,0.94,4.76,5.07,0.37,R
3.599,56,158,149,133,87,-2.30,-7.45,6.09,0.09,-0.04,0.00,-7.55,-0.04,6.41,0.05,0.03,-0.01,-7.07,2.39,6.34,0.01,0.00,-0.00,-5.58,5.29,6.15,0.02,0.00,0.01,-2.62,8.86,3.13,0.04,0.01,0.00,0.31,0.16,0.95,0.24,-1.04,0.31,R
3.65,55,158,151,132,85,-2.32,-7.29,6.05,0.02,-0.08,0.05,-7.49,0.71,6.45,0.05,0.01,0.02,-7.02,2.67,6.28,-0.06,0.03,0.02,-5.43,5.40,5.96,-0.03,0.05,0.03,-2.79,8.91,3.20,-0.17,0.03,-0.03,0.33,0.16,0.95,0.79,1.34,0.31,R
3.702,56,158,149,133,85,-2.34,-7.66,6.13,-0.01,0.05,0.03,-7.64,-0.50,6.44,0.09,0.02,0.03,-7.16,2.36,6.22,0.06,0.01,0.01,-5.48,5.46,6.09,0.09,0.02,0.01,-2.53,8.91,3.18,0.07,0.02,-0.02,0.33,0.15,0.94,-0.49,-0.18,0.43,R
3.753,58,156,150,133,85,-2.37,-7.51,6.05,0.00,0.02,-0.01,-7.37,-0.21,6.30,-0.13,0.04,-0.02,-7.11,2.30,6.38,-0.07,0.03,-0.01,-5.49,5.26,6.18,-0.04,0.04,-0.01,-2.63,8.92,3.20,-0.04,0.02,-0.02,0.32,0.16,0.95,0.79,0.18,0.12,R
3.803,62,159,151,130,85,-2.38,-7.55,6.03,0.01,0.10,0.02,-7.52,0.00,6.40,-0.01,0.04,0.02,-7.11,2.39,6.29,0.03,0.02,0.01,-5.55,5.31,6.04,-0.03,0.03,0.00,-2.59,8.89,3.17,-0.06,0.02,-0.00,0.33,0.15,0.94,0.31,-0.67,0.43,R
3.855,62,157,149,133,84,-2.38,-7.43,6.06,-0.02,0.06,-0.03,-7.52,-0.17,6.54,-0.07,0.09,-0.01,-7.15,2.30,6.47,-0.05,0.02,-0.02,-5.51,5.37,6.05,-0.03,0.03,-0.03,-2.60,8.92,3.24,-0.02,0.03,-0.02,0.33,0.16,0.95,0.85,-0.92,0.24,R
3.906,62,157,149,132,84,-2.60,-7.44,6.03,-0.02,0.02,-0.02,-8.05,0.29,6.51,0.02,-0.00,-0.04,-7.34,2.47,6.47,-0.09,0.00,-0.02,-5.48,5.22,6.06,-0.01,0.01,-0.02,-2.61,8.93,3.21,-0.01,0.03,-0.04,0.31,0.15,0.95,1.83,-1.28,0.85,R
3.956,61,158,149,133,84,-2.79,-7.41,6.51,0.11,-0.15,0.10,-7.30,0.18,6.45,0.35,-0.17,0.11,-6.85,3.25,6.21,-0.02,0.03,0.13,-5.34,5.50,6.12,-0.07,0.04,0.10,-1.95,8.95,2.71,-0.08,0.06,0.10,0.34,0.16,0.94,6.35,5.25,2.56,R
4.007,58,153,149,133,83,-2.31,-7.62,6.25,0.11,-0.43,0.11,-7.60,-0.36,6.58,-0.16,-0.21,0.03,-7.18,2.43,6.45,0.02,-0.00,0.08,-5.79,5.41,6.43,-0.06,0.01,0.06,-2.82,8.85,3.50,0.31,0.11,0.07,0.33,0.14,0.94,4.82,-1.89,3.78,R
4.059,59,150,149,133,82,-2.01,-7.33,6.08,0.12,-0.27,-0.01,-7.36,-0.10,6.50,-0.11,0.00,-0.04,-6.96,2.02,6.44,-0.01,-0.00,-0.03,-5.20,5.64,5.97,0.04,-0.02,0.02,-2.08,9.10,2.98,-0.03,-0.04,0.04,0.30,0.15,0.96,2.01,-2.01,0.92,R
4.11,55,149,147,132,83,-2.15,-6.99,6.43,0.24,-0.86,0.18,-7.41,0.23,6.82,-0.20,-0.08,0.18,-7.07,3.02,6.09,-0.17,0.00,0.14,-5.70,4.83,5.88,-0.04,0.04,0.13,-2.49,8.75,2.95,0.02,0.09,0.10,0.36,0.14,0.94,7.75,5.00,5.00,R
4.161,49,148,149,131,80,-1.58,-6.98,6.32,0.14,-0.31,-0.01,-7.27,-0.72,6.63,-0.07,-0.01,-0.01,-7.03,1.80,6.52,-0.01,-0.01,-0.01,-5.26,5.59,5.89,0.02,-0.02,0.04,-2.37,8.89,3.33,0.02,-0.01,0.03,0.30,0.14,0.95,1.95,-2.20,1.77,R
4.212,48,150,149,131,81,-2.00,-7.25,6.59,0.03,-0.29,0.07,-7.47,0.26,6.61,-0.26,-0.04,0.04,-7.18,2.59,6.38,-0.08,-0.02,0.04,-5.51,4.34,6.54,-0.04,0.01,-0.01,-2.65,8.89,3.21,-0.03,0.00,0.04,0.34,0.14,0.95,4.46,0.79,2.14,R
4.264,46,149,149,131,80,-1.80,-6.11,6.82,0.14,-0.15,-0.02,-7.45,-0.44,6.68,0.04,-0.02,0.01,-7.04,2.23,6.32,-0.03,-0.03,0.00,-5.60,5.25,5.91,0.01,-0.01,0.00,-2.86,8.84,3.56,0.06,0.01,0.01,0.32,0.13,0.94,3.30,-0.73,2.08,R
4.314,46,149,146,132,81,-1.97,-7.20,6.66,-0.14,-0.01,0.04,-7.68,-0.03,7.02,0.17,-0.04,0.00,-7.10,2.48,6.35,-0.03,-0.06,0.00,-5.37,5.45,6.10,0.05,-0.04,0.00,-2.55,8.92,3.25,0.01,-0.06,-0.01,0.31,0.14,0.95,2.01,-0.79,1.16,R
4.365,43,151,147,131,78,-1.70,-7.53,6.39,-0.01,0.02,0.07,-8.21,-0.26,8.09,-0.01,-0.19,-0.03,-7.69,1.49,7.94,-0.02,-0.36,-0.03,-5.69,5.39,6.60,0.51,-0.32,-0.02,-2.47,9.14,3.13,0.81,-0.07,-0.05,0.33,0.13,0.95,3.05,-0.24,1.16,R
4.416,45,149,144,129,77,-2.31,-5.76,6.40,0.51,0.16,0.43,-7.31,0.60,6.99,0.03,-0.92,0.13,-6.70,2.85,5.73,0.12,-0.52,0.24,-5.36,4.89,5.67,-0.47,-0.36,-0.05,-2.67,9.36,2.98,-0.37,0.07,0.04,0.31,0.13,0.96,10.62,9.95,6.71,R
4.467,48,150,145,130,78,-4.66,-6.24,9.53,0.50,-0.54,0.99,-11.04,0.68,11.88,0.27,-1.50,0.01,-8.95,3.81,9.28,1.18,-2.03,0.58,-7.01,8.19,9.19,-0.10,-1.51,0.56,-3.92,11.80,5.96,-0.99,-0.44,1.06,0.24,0.07,1.01,10.80,27.53,22.77,R
4.518,74,151,136,125,80,-3.01,-11.45,8.12,2.13,-1.91,0.90,-6.01,-0.57,6.35,0.47,-1.63,0.86,-5.09,2.63,4.76,0.51,-1.67,0.98,-4.39,4.73,5.82,-1.23,-1.67,0.58,-2.21,7.93,3.47,-0.53,-0.55,1.12,0.32,0.10,1.05,-10.62,62.01,34.85,R
4.568,100,150,134,120,89,-0.81,-7.54,3.80,2.19,-1.69,0.04,-5.20,-1.55,7.47,0.39,-0.77,0.75,-4.75,0.42,7.48,-0.07,0.23,0.38,-4.67,2.58,9.35,-0.25,-0.34,0.26,-2.80,9.90,8.49,0.46,-0.55,0.12,0.22,0.14,1.16,-7.39,15.99,12.82,R
4.62,113,151,131,113,89,0.34,-8.66,6.01,1.80,-1.34,-0.49,-6.53,-4.40,9.42,0.26,-0.12,0.05,-6.34,-0.76,10.38,0.06,-0.12,0.01,-4.30,1.57,10.23,-0.11,-1.10,-0.02,-1.72,7.19,6.64,0.23,-0.67,0.44,0.14,0.14,1.05,-31.74,27.22,-16.11,R
4.671,110,148,131,106,89,0.70,-4.97,5.73,2.03,0.43,-2.29,-3.95,-3.22,6.50,0.37,-0.15,-0.48,-3.81,-1.03,6.88,0.11,-0.89,-0.40,-3.15,0.92,8.46,-0.40,-1.79,-0.65,-1.24,6.92,6.00,-0.67,-1.73,0.13,0.19,0.17,0.89,-29.72,21.73,-48.03,R
4.722,99,147,123,87,81,0.23,-1.49,3.18,1.02,1.31,-2.70,-3.41,-0.81,5.28,0.41,-0.49,-1.57,-2.83,3.46,6.85,-0.27,-1.53,-0.68,-1.70,4.61,6.69,-1.15,-2.03,-0.73,-0.32,6.92,3.45,-2.28,-1.72,0.14,0.34,0.18,0.78,-5.74,-33.57,-61.58,R
4.773,79,134,107,61,64,-2.09,1.05,8.95,-0.58,2.02,-2.28,-4.22,1.77,6.95,-0.21,-0.58,-1.33,-5.57,5.09,5.43,-0.10,-2.41,-0.80,-1.78,5.93,5.11,-1.39,-2.19,-0.50,-0.61,7.89,2.16,-2.30,-1.30,-0.19,0.52,0.09,0.72,25.27,-50.29,-61.89,R
4.825,65,109,78,30,46,-3.41,0.47,11.13,-0.77,1.26,-0.72,-4.44,6.50,6.96,0.68,-0.55,-1.21,-4.32,6.70,11.10,0.25,-0.65,-0.82,-1.02,5.44,8.05,-0.68,-0.37,-0.60,0.14,9.58,3.45,-1.31,-0.18,-0.67,0.73,0.07,0.73,40.16,-30.40,-52.25,R
4.874,57,79,60,17,38,-1.74,-1.05,12.70,-0.79,-0.00,-0.02,-3.80,8.18,7.69,-0.77,-0.64,-0.77,-3.94,8.97,5.85,0.09,-1.31,-0.45,-0.49,8.72,6.99,-0.25,-0.39,-0.26,0.11,11.43,2.61,-0.30,0.17,-0.26,0.67,0.06,0.76,41.38,-17.70,-27.83,R
4.926,51,61,51,12,32,-1.50,-0.57,10.08,-0.40,0.05,0.46,-3.85,3.76,8.71,-0.36,-0.66,-0.11,-1.82,4.84,7.56,-0.34,-0.71,0.19,-0.33,4.07,9.53,-0.65,-0.01,0.24,0.36,8.06,5.29,-0.75,0.12,0.10,0.64,0.06,0.88,40.10,-10.50,-3.30,R
4.977,48,41,40,8,30,-0.48,-3.16,9.74,-0.70,0.24,0.47,-3.59,0.56,10.16,-0.14,-0.67,-0.10,-1.77,3.65,9.79,-0.16,-0.44,-0.00,-0.29,3.33,9.90,-0.38,0.06,-0.00,0.12,7.58,6.78,-0.31,0.18,-0.10,0.41,0.02,0.99,42.11,-15.99,-6.10,R
5.027,46,29,35,6,28,-0.75,-4.25,9.28,0.75,-0.78,0.95,-2.85,-0.98,8.36,0.00,-0.58,-0.22,-2.20,1.66,8.22,-0.07,-0.81,-0.35,-0.31,3.78,8.69,-0.35,-0.06,-0.40,0.22,8.94,5.59,-0.18,0.34,-0.47,0.43,-0.04,0.92,41.44,-4.21,-11.84,R
5.08,43,24,35,5,28,-0.91,-4.12,8.09,-0.39,-0.44,0.62,-4.45,-0.50,9.88,-0.70,-0.17,0.04,-1.46,1.51,10.42,-1.08,-0.21,0.23,-0.84,-0.19,10.72,-1.28,0.04,0.19,-0.86,4.58,8.26,-1.31,0.17,0.04,0.25,-0.11,1.04,33.26,-54.87,4.52,R
5.13,38,18,29,2,26,3.62,-7.59,9.43,0.46,-0.68,0.50,-2.71,-4.28,9.01,0.02,-0.22,-0.27,-1.23,-2.38,10.87,-0.34,-0.23,-0.53,-1.08,-2.39,9.39,-0.32,0.41,-0.79,-1.19,3.41,7.63,0.09,0.27,-1.19,0.25,-0.09,0.98,23.38,1.53,-22.71,R
5.181,35,13,46,3,26,-1.34,-5.00,8.08,0.68,-0.44,-0.39,-4.40,6.78,10.37,0.01,0.16,-0.74,-2.76,7.01,10.46,-0.77,0.05,-0.46,-1.82,7.13,12.90,-1.26,-0.14,0.04,-0.75,8.87,6.77,-0.84,-0.07,0.00,0.46,-0.22,0.92,25.82,-1.71,-30.76,R
5.231,31,6,30,0,25,-0.97,-3.81,7.65,-0.26,-0.33,0.14,-3.59,-0.93,9.70,-0.32,-0.46,-0.14,-1.30,1.58,9.35,-0.43,-0.36,-0.02,-0.91,0.62,9.56,-0.39,-0.08,-0.08,-0.66,5.91,7.53,-0.22,-0.03,-0.03,0.07,-0.10,0.95,13.85,-17.52,-6.84,R
5.283,30,6,27,1,26,-0.61,-4.19,9.39,0.31,-0.03,0.06,-3.29,-0.86,9.68,0.30,-0.09,0.08,-1.46,1.76,9.54,0.16,-0.10,0.03,-1.09,0.98,9.88,-0.01,-0.02,0.05,-0.85,6.52,7.57,0.07,0.03,0.11,0.30,-0.18,0.95,2.01,21.61,-0.12,R
5.333,29,8,24,0,25,-0.04,-2.88,8.80,0.17,-0.13,-0.05,-2.86,-0.33,9.24,0.06,-0.03,0.01,-1.19,2.02,9.53,-0.05,-0.04,0.01,-0.94,0.95,9.72,-0.04,0.00,-0.00,-0.68,6.37,7.44,-0.01,0.02,0.00,0.31,-0.15,0.97,-1.10,0.85,-0.92,R
5.384,30,6,25,0,26,-0.57,-3.35,9.21,-0.23,0.00,0.11,-2.93,-0.43,9.39,-0.02,-0.01,-0.01,-1.24,1.88,9.57,-0.09,-0.01,-0.01,-0.92,1.05,9.75,-0.03,0.03,-0.04,-0.72,6.40,7.47,-0.05,0.02,-0.03,0.31,-0.16,0.95,-0.55,-0.98,-0.73,R
5.435,31,8,26,3,27,-0.65,-3.80,9.32,-0.23,0.14,-0.06,-2.94,-0.59,9.44,0.03,0.05,-0.00,-1.23,1.83,9.55,-0.03,0.04,-0.01,-1.00,1.08,9.77,0.00,0.01,-0.02,-0.62,6.60,7.47,-0.01,0.01,-0.01,0.30,-0.16,0.96,-1.22,2.62,-1.22,R
5.486,28,7,26,2,26,-0.57,-3.71,9.21,-0.22,0.20,-0.04,-2.92,-0.53,9.43,0.02,0.02,0.01,-1.45,1.92,9.62,-0.06,0.05,0.01,-1.10,1.11,9.78,0.04,0.03,-0.02,-0.75,6.43,7.55,0.02,0.02,-0.01,0.30,-0.16,0.94,-0.43,1.65,-1.28,R
5.537,27,10,25,4,28,-0.78,-4.02,9.23,-0.09,0.13,-0.18,-2.94,-0.63,9.50,-0.04,-0.02,0.03,-1.22,1.68,9.66,-0.08,0.02,0.03,-0.99,1.07,9.81,-0.00,0.03,0.01,-0.74,6.66,7.53,0.05,0.01,0.00,0.29,-0.15,0.95,1.04,0.12,-1.34,R
5.589,26,12,27,3,32,-0.35,-4.01,8.56,-0.15,0.16,-0.14,-2.92,-0.63,9.46,-0.01,0.03,-0.01,-1.24,1.75,9.52,-0.04,0.04,-0.01,-1.02,1.07,9.78,0.02,0.05,-0.02,-0.71,6.46,7.41,0.03,0.02,-0.02,0.30,-0.15,0.95,0.31,-1.22,-0.98,R
5.639,24,12,27,3,28,-0.68,-3.73,9.17,-0.15,0.09,0.02,-3.01,-0.40,9.61,0.12,0.01,0.04,-1.34,1.70,9.60,-0.11,0.05,0.02,-1.00,1.05,9.73,0.02,0.05,0.00,-0.70,6.45,7.50,0.08,0.04,0.01,0.28,-0.16,0.95,-0.18,-0.43,0.24,R
5.69,24,13,26,2,28,-0.77,-4.26,9.06,-0.02,0.02,-0.02,-2.88,-0.46,9.48,-0.08,0.03,0.03,-1.32,1.65,9.56,-0.05,0.03,0.02,-0.99,1.05,9.69,0.04,0.06,0.00,-0.73,6.59,7.46,0.05,0.03,0.01,0.31,-0.15,0.95,0.37,0.98,1.04,R
5.742,22,14,26,3,28,-0.62,-3.70,9.11,-0.01,0.03,-0.05,-2.97,-0.52,9.43,-0.02,0.07,0.00,-1.36,1.70,9.53,-0.04,0.04,0.00,-1.12,1.10,9.73,0.01,0.05,0.00,-0.75,6.50,7.47,0.04,0.04,0.01,0.29,-0.15,0.95,-1.22,0.18,0.43,R
5.792,23,12,25,5,29,-0.69,-4.11,9.17,-0.10,0.03,0.05,-2.91,-0.53,9.49,0.03,0.04,0.02,-1.32,1.62,9.56,-0.03,0.04,0.02,-1.05,1.11,9.72,0.03,0.04,0.01,-0.66,6.55,7.45,0.05,0.03,0.01,0.31,-0.15,0.96,-0.92,1.71,0.43,R
5.844,24,14,26,4,30,-0.70,-4.10,9.14,0.01,0.02,-0.02,-2.97,-0.61,9.50,-0.03,0.03,0.01,-1.39,1.71,9.55,-0.04,0.03,0.01,-1.13,1.22,9.70,0.01,0.04,0.00,-0.79,6.65,7.41,0.03,0.01,0.01,0.31,-0.15,0.95,-0.31,0.31,0.67,R
5.895,24,12,27,4,29,-0.68,-3.90,9.14,-0.03,0.01,0.01,-2.86,-0.61,9.43,-0.04,0.03,0.01,-1.39,1.60,9.58,-0.04,0.02,0.00,-1.07,1.21,9.65,-0.00,0.02,-0.00,-0.65,6.56,7.47,-0.00,0.02,-0.01,0.30,-0.15,0.95,-0.06,-1.10,0.49,R
5.946,22,12,26,4,28,-0.76,-4.05,9.08,-0.10,0.02,0.02,-2.92,-0.58,9.41,-0.01,0.01,-0.01,-1.36,1.57,9.58,-0.05,0.01,0.01,-1.07,1.13,9.73,0.01,0.03,0.01,-0.72,6.58,7.37,0.03,0.03,-0.00,0.30,-0.15,0.95,0.06,0.00,0.43,R
5.997,22,34,27,3,27,-0.69,-4.44,9.03,-0.07,0.01,-0.00,-2.96,-0.47,9.41,-0.03,0.00,-0.01,-1.38,1.70,9.58,-0.05,0.01,-0.00,-1.12,1.19,9.71,-0.01,0.01,0.00,-0.73,6.60,7.37,0.00,0.03,-0.01,0.30,-0.15,0.95,0.37,-0.92,0.61,R
6.047,22,8,26,5,29,-0.69,-4.09,9.04,0.00,0.01,-0.01,-3.03,-0.64,9.48,-0.01,0.02,-0.00,-1.36,1.67,9.59,-0.03,0.01,0.00,-1.11,1.14,9.77,0.01,0.02,0.01,-0.72,6.62,7.41,0.04,0.02,0.00,0.30,-0.15,0.95,-0.24,0.18,0.37,R
6.099,23,12,27,5,30,-0.64,-4.15,9.05,-0.06,0.01,0.01,-2.88,-0.56,9.44,0.01,0.02,0.01,-1.42,1.71,9.62,-0.02,0.02,0.01,-1.15,1.24,9.75,0.00,0.02,-0.00,-0.78,6.80,7.34,-0.00,0.02,-0.00,0.30,-0.15,0.95,0.37,-0.61,0.12,R
6.149,23,10,26,5,30,-0.79,-4.28,9.04,-0.02,0.01,0.01,-2.94,-0.56,9.44,-0.01,0.04,0.01,-1.46,1.60,9.50,-0.04,0.02,0.01,-1.15,1.23,9.76,0.00,0.02,0.00,-0.74,6.63,7.40,0.02,0.02,-0.00,0.30,-0.15,0.94,0.12,0.31,0.18,R
6.201,23,12,28,7,29,-0.73,-4.06,9.00,-0.03,0.00,-0.00,-2.90,-0.65,9.42,-0.03,0.01,0.00,-1.38,1.62,9.58,-0.03,-0.00,0.00,-1.16,1.18,9.67,0.00,0.01,0.00,-0.70,6.61,7.37,0.01,0.02,-0.02,0.30,-0.14,0.95,0.98,-0.92,-0.18,R
6.252,23,9,26,5,29,-0.71,-3.94,9.07,-0.14,0.00,0.05,-3.03,-0.65,9.46,-0.01,0.04,0.00,-1.44,1.59,9.61,-0.01,0.02,0.00,-1.12,1.22,9.73,0.03,0.02,0.00,-0.71,6.60,7.43,0.03,0.02,-0.00,0.29,-0.15,0.95,0.37,1.04,0.06,R
6.302,23,7,27,5,28,-0.80,-4.56,8.94,-0.64,-0.12,0.29,-2.94,-0.60,9.53,0.01,0.06,0.03,-1.40,1.50,9.52,-0.04,0.01,0.02,-1.17,1.35,9.69,0.00,0.01,0.01,-0.73,6.61,7.39,-0.01,0.02,0.01,0.31,-0.15,0.95,1.46,2.01,0.92,R
6.353,24,9,26,6,30,-0.68,-4.85,8.81,0.01,-0.05,0.00,-2.95,-0.43,9.60,-0.01,0.04,0.01,-1.46,1.62,9.55,-0.05,0.02,0.01,-1.13,1.26,9.73,-0.01,0.01,-0.01,-0.70,6.69,7.37,-0.02,0.01,-0.01,0.31,-0.15,0.95,0.98,0.24,0.24,R
6.405,23,12,24,5,29,-0.66,-4.36,8.91,-0.06,0.00,0.01,-2.95,-0.53,9.51,-0.02,0.03,-0.00,-1.45,1.60,9.58,-0.03,0.01,-0.00,-1.09,1.18,9.68,-0.00,0.01,-0.00,-0.61,6.55,7.42,-0.00,0.02,-0.01,0.29,-0.15,0.95,0.67,-0.85,-0.31,R
6.455,23,12,28,5,30,-0.77,-4.65,8.88,0.09,0.02,-0.02,-2.96,-0.51,9.36,0.01,0.05,0.01,-1.53,1.66,9.63,-0.02,0.02,0.01,-1.13,1.17,9.72,0.00,0.02,0.00,-0.62,6.70,7.38,0.01,0.01,-0.00,0.31,-0.15,0.95,-0.18,1.04,0.06,R
6.507,23,12,26,5,30,-0.70,-4.41,8.91,0.06,0.03,-0.04,-2.92,-0.58,9.43,-0.01,0.01,-0.01,-1.40,1.55,9.59,-0.04,0.01,0.00,-1.14,1.24,9.67,-0.01,0.02,-0.00,-0.75,6.66,7.35,0.00,0.02,-0.01,0.30,-0.15,0.95,0.61,-0.61,-0.12,R
6.559,22,13,26,6,30,-0.82,-4.45,8.88,0.02,0.03,-0.01,-3.03,-0.36,9.38,-0.02,0.02,0.00,-1.50,1.61,9.54,-0.06,0.00,0.01,-1.11,1.31,9.78,0.01,0.02,-0.01,-0.68,6.51,7.42,0.00,0.02,-0.01,0.30,-0.14,0.95,0.37,-0.37,0.18,R
6.608,23,13,27,5,29,-0.72,-4.44,8.97,0.03,0.02,-0.01,-3.01,-0.55,9.46,-0.01,0.03,0.00,-1.41,1.54,9.61,-0.03,0.01,0.01,-1.14,1.17,9.71,0.00,0.01,0.00,-0.69,6.62,7.40,0.00,0.02,-0.01,0.31,-0.15,0.95,0.37,-0.24,0.06,R
6.659,23,13,27,5,31,-0.72,-4.58,8.91,-0.06,0.01,0.01,-3.05,-0.54,9.47,-0.01,0.02,0.00,-1.50,1.68,9.57,-0.04,-0.00,0.00,-1.14,1.23,9.75,-0.01,0.01,0.00,-0.67,6.54,7.39,0.01,0.02,-0.01,0.30,-0.15,0.96,0.31,-0.31,0.00,R
6.711,22,13,26,5,30,-0.68,-4.64,8.79,0.06,0.02,-0.03,-2.96,-0.50,9.35,-0.03,0.02,0.00,-1.49,1.57,9.54,-0.04,0.01,0.00,-1.13,1.23,9.73,-0.00,0.01,-0.00,-0.69,6.63,7.40,-0.01,0.02,-0.02,0.31,-0.15,0.95,0.12,-1.10,-0.12,R
6.761,19,13,26,7,30,-0.71,-4.45,8.90,-0.02,0.02,-0.00,-2.95,-0.47,9.36,-0.01,0.02,-0.00,-1.51,1.70,9.57,-0.03,-0.01,-0.00,-1.17,1.21,9.69,-0.01,0.01,-0.00,-0.68,6.47,7.40,-0.01,0.01,-0.00,0.30,-0.15,0.95,0.85,-0.24,0.12,R
6.812,22,6,28,5,30,-0.73,-4.52,8.85,-0.07,0.01,0.02,-2.99,-0.57,9.41,-0.00,0.03,0.00,-1.46,1.59,9.59,-0.03,0.01,-0.01,-1.16,1.13,9.73,-0.02,0.01,-0.00,-0.74,6.59,7.43,0.00,0.02,-0.01,0.31,-0.15,0.95,0.55,-0.67,-0.18,R
6.863,24,14,28,6,30,-0.70,-4.39,8.92,0.04,0.03,-0.04,-2.94,-0.44,9.40,-0.02,0.02,-0.01,-1.46,1.62,9.50,-0.04,-0.00,0.00,-1.18,1.22,9.69,-0.02,0.01,-0.01,-0.72,6.61,7.43,-0.03,0.01,-0.01,0.31,-0.14,0.96,0.98,-1.65,-0.43,R
6.915,23,14,26,6,30,-0.74,-4.35,8.94,-0.12,0.00,0.05,-2.94,-0.64,9.39,0.02,0.03,0.01,-1.48,1.62,9.57,0.00,0.02,-0.00,-1.21,1.28,9.72,0.02,0.01,-0.00,-0.72,6.62,7.37,0.01,0.02,-0.00,0.31,-0.15,0.95,0.24,0.67,-0.31,R
6.966,23,13,28,6,30,-0.74,-4.81,8.81,-0.05,-0.01,0.00,-2.99,-0.52,9.44,-0.02,0.04,-0.01,-1.42,1.59,9.51,-0.03,0.00,0.00,-1.14,1.29,9.73,-0.01,0.01,-0.00,-0.71,6.55,7.38,0.00,0.01,-0.01,0.30,-0.14,0.95,0.92,-0.12,0.06,R
7.016,23,14,28,5,32,-0.76,-4.55,8.84,0.01,0.01,-0.01,-2.99,-0.44,9.46,-0.01,0.02,0.00,-1.43,1.62,9.53,-0.05,0.01,0.00,-1.16,1.25,9.66,0.00,0.01,-0.01,-0.71,6.56,7.42,-0.00,0.02,-0.01,0.31,-0.14,0.96,0.55,-0.43,0.18,R
7.067,22,13,27,5,30,-0.76,-4.47,8.87,-0.05,0.01,0.02,-3.00,-0.57,9.37,-0.02,0.02,0.00,-1.45,1.54,9.55,-0.03,0.01,0.00,-1.18,1.27,9.65,-0.00,0.01,-0.01,-0.76,6.58,7.38,0.02,0.02,-0.01,0.30,-0.15,0.95,0.49,0.06,-0.06,R
7.118,23,14,29,8,30,-0.75,-4.63,8.88,0.02,0.01,-0.01,-3.07,-0.50,9.46,0.00,0.03,-0.00,-1.54,1.70,9.62,-0.03,0.01,0.00,-1.14,1.28,9.73,-0.01,0.01,-0.00,-0.61,6.56,7.39,0.01,0.02,-0.01,0.30,-0.15,0.95,0.49,-0.06,0.31,R
7.169,22,13,27,5,31,-0.68,-4.55,8.84,-0.07,0.01,0.04,-2.94,-0.56,9.46,0.01,0.04,0.01,-1.48,1.58,9.60,-0.02,0.02,0.00,-1.19,1.22,9.73,-0.01,0.01,0.00,-0.69,6.63,7.43,0.00,0.01,-0.00,0.30,-0.15,0.95,0.24,0.37,0.18,R
7.22,23,13,27,5,32,-0.69,-4.98,8.71,0.00,0.01,0.00,-2.95,-0.52,9.43,-0.02,0.02,0.00,-1.46,1.59,9.57,-0.03,-0.01,-0.01,-1.25,1.31,9.69,-0.02,0.01,-0.01,-0.74,6.66,7.39,-0.00,0.01,-0.02,0.31,-0.15,0.95,1.04,-0.24,0.06,R
7.272,24,14,28,8,31,-0.73,-4.61,8.84,-0.01,0.01,-0.01,-2.99,-0.53,9.40,0.01,0.03,-0.00,-1.49,1.52,9.58,-0.03,0.01,0.00,-1.15,1.18,9.69,0.01,0.01,-0.01,-0.68,6.60,7.41,0.02,0.02,-0.01,0.30,-0.15,0.95,0.67,0.18,0.06,R
7.323,24,15,30,8,32,-0.79,-4.73,8.80,-0.11,-0.01,0.03,-2.97,-0.47,9.47,-0.01,0.03,0.00,-1.49,1.58,9.52,-0.02,0.01,0.01,-1.21,1.31,9.74,0.00,0.02,-0.00,-0.68,6.54,7.39,0.00,0.02,-0.01,0.30,-0.15,0.95,0.61,-0.43,0.12,R
7.373,24,14,29,8,32,-0.68,-4.65,8.80,0.04,0.02,-0.04,-3.03,-0.52,9.46,-0.03,0.01,-0.01,-1.55,1.60,9.57,-0.05,-0.00,-0.01,-1.14,1.24,9.73,0.00,0.01,-0.01,-0.65,6.67,7.38,0.01,0.02,-0.00,0.30,-0.15,0.96,1.04,-0.79,0.24,R
7.425,23,15,28,8,32,-0.71,-4.57,8.75,-0.05,0.01,0.02,-2.97,-0.50,9.39,0.01,0.03,0.01,-1.54,1.61,9.55,-0.02,0.01,0.00,-1.14,1.26,9.69,-0.00,0.01,-0.00,-0.80,6.80,7.33,0.01,0.02,-0.01,0.30,-0.15,0.95,0.37,0.12,0.12,R
7.475,22,14,25,7,31,-0.73,-5.00,8.72,0.00,0.01,-0.02,-3.04,-0.45,9.39,-0.03,0.02,-0.00,-1.43,1.59,9.56,-0.05,-0.01,-0.00,-1.18,1.21,9.69,-0.02,0.01,-0.00,-0.69,6.53,7.46,-0.01,0.01,-0.01,0.30,-0.14,0.95,1.22,-0.61,0.18,R
7.527,24,16,29,8,32,-0.75,-4.70,8.79,-0.03,0.01,0.01,-3.03,-0.57,9.47,0.01,0.04,0.00,-1.47,1.64,9.59,-0.01,0.01,-0.00,-1.22,1.18,9.70,0.01,0.01,-0.01,-0.71,6.59,7.41,0.01,0.02,-0.01,0.30,-0.15,0.95,0.31,0.06,-0.12,R
7.578,23,14,29,7,30,-0.74,-4.71,8.84,-0.01,0.02,-0.00,-3.00,-0.45,9.39,-0.01,0.02,-0.00,-1.52,1.58,9.57,-0.04,-0.00,-0.00,-1.19,1.26,9.70,0.00,0.01,-0.00,-0.78,6.46,7.49,0.01,0.01,-0.02,0.30,-0.15,0.95,0.98,-0.37,-0.06,R
7.629,24,21,29,7,31,-0.77,-4.57,8.85,0.02,0.03,-0.02,-3.03,-0.46,9.48,-0.04,0.01,-0.00,-1.54,1.54,9.74,-0.03,0.03,-0.01,-1.12,1.19,9.74,0.01,0.02,-0.00,-0.68,6.63,7.40,0.01,0.01,-0.00,0.30,-0.15,0.96,0.73,-0.37,0.18,R
7.68,22,16,28,8,32,-0.67,-4.60,8.80,-0.06,0.00,0.03,-3.01,-0.44,9.37,0.03,0.04,0.01,-1.53,1.58,9.58,-0.02,0.02,0.00,-1.16,1.20,9.71,0.01,0.02,-0.00,-0.72,6.61,7.39,0.01,0.01,-0.01,0.31,-0.15,0.95,0.06,-0.18,0.06,R
7.73,24,17,29,9,32,-0.62,-4.88,8.71,0.06,0.01,-0.04,-3.03,-0.50,9.44,-0.04,0.02,-0.00,-1.56,1.52,9.56,-0.05,0.01,-0.00,-1.20,1.23,9.71,-0.00,0.02,-0.01,-0.70,6.60,7.44,0.01,0.02,-0.01,0.30,-0.15,0.95,1.22,-0.37,0.24,R
7.782,25,16,32,9,32,-0.69,-4.71,8.84,-0.03,0.01,0.01,-3.01,-0.62,9.42,0.01,0.04,0.01,-1.52,1.57,9.58,-0.01,0.02,0.00,-1.17,1.43,9.71,0.01,0.01,-0.00,-0.67,6.62,7.40,-0.00,0.01,-0.01,0.30,-0.14,0.96,0.37,0.12,0.00,R
7.832,23,17,29,8,31,-0.75,-4.68,8.84,-0.00,0.01,-0.01,-2.99,-0.51,9.38,-0.02,0.03,0.00,-1.50,1.53,9.53,-0.03,0.01,0.01,-1.19,1.27,9.71,-0.00,0.01,0.00,-0.74,6.63,7.41,0.01,0.01,-0.01,0.30,-0.15,0.95,0.37,0.06,0.12,R
7.883,23,17,29,8,31,-0.83,-4.46,8.86,0.03,0.01,-0.01,-3.01,-0.45,9.39,-0.02,0.02,-0.00,-1.54,1.53,9.58,-0.04,-0.01,-0.00,-1.15,1.25,9.70,-0.01,0.01,-0.01,-0.69,6.57,7.44,0.00,0.02,-0.02,0.31,-0.14,0.95,0.92,-0.79,0.24,R
7.934,23,17,30,8,32,-0.71,-4.75,8.82,-0.07,0.01,0.03,-2.99,-0.58,9.46,0.02,0.03,0.01,-1.49,1.60,9.56,-0.01,0.01,0.00,-1.20,1.27,9.73,0.00,0.01,0.00,-0.73,6.59,7.37,0.01,0.01,-0.01,0.31,-0.14,0.95,0.06,0.73,-0.06,R
7.986,24,17,32,9,33,-0.78,-4.61,8.85,0.03,0.02,-0.03,-3.04,-0.45,9.45,-0.01,0.02,-0.01,-1.53,1.58,9.57,-0.04,0.00,-0.00,-1.21,1.25,9.72,-0.01,0.01,-0.00,-0.66,6.55,7.43,0.01,0.01,-0.01,0.30,-0.15,0.95,1.04,-0.85,-0.06,R
8.037,25,18,30,8,33,-0.74,-4.63,8.79,-0.03,0.01,0.02,-2.97,-0.60,9.36,0.01,0.03,0.01,-1.56,1.59,9.62,-0.02,0.01,0.00,-1.16,1.29,9.66,0.00,0.01,-0.00,-0.73,6.60,7.43,0.01,0.01,-0.01,0.30,-0.14,0.95,0.18,0.00,0.18,R
8.088,24,18,30,16,33,-0.67,-5.35,8.57,-0.20,-0.05,0.12,-3.02,-0.46,9.42,0.02,0.04,0.01,-1.49,1.62,9.54,-0.02,0.01,0.01,-1.23,1.32,9.70,-0.00,0.01,0.00,-0.69,6.65,7.39,0.01,0.01,-0.01,0.31,-0.14,0.95,1.10,1.46,0.24,R
8.138,23,18,32,8,32,-0.71,-4.51,8.77,0.05,0.02,-0.05,-3.01,-0.45,9.36,-0.02,0.02,-0.01,-1.51,1.54,9.53,-0.05,-0.01,-0.01,-1.13,1.21,9.76,-0.03,0.01,-0.01,-0.66,6.54,7.41,-0.01,0.02,-0.01,0.30,-0.14,0.95,0.79,-1.34,-0.06,R
8.189,24,16,30,8,32,-0.73,-4.73,8.79,-0.14,-0.00,0.07,-2.99,-0.46,9.44,0.01,0.02,0.01,-1.58,1.59,9.57,-0.02,0.01,0.01,-1.20,1.39,9.70,0.01,0.01,0.01,-0.75,6.61,7.38,0.01,0.02,-0.00,0.30,-0.14,0.95,0.79,0.98,0.24,R
8.24,24,17,32,8,34,-0.77,-5.09,8.69,0.04,0.01,-0.03,-3.06,-0.50,9.43,-0.02,0.03,0.00,-1.53,1.58,9.61,-0.03,0.01,0.00,-1.21,1.31,9.66,-0.01,0.01,-0.00,-0.67,6.52,7.44,-0.00,0.01,-0.01,0.30,-0.15,0.95,0.43,-0.31,0.00,R
8.292,23,17,27,8,32,-0.74,-4.60,8.79,-0.02,0.02,-0.00,-3.03,-0.52,9.43,-0.01,0.02,-0.01,-1.55,1.56,9.58,-0.03,0.01,-0.00,-1.22,1.26,9.69,-0.00,0.01,0.00,-0.73,6.62,7.44,0.01,0.01,-0.01,0.30,-0.15,0.95,0.79,-0.55,-0.12,R
8.342,24,19,32,8,34,-0.68,-5.33,8.62,-0.07,-0.01,0.04,-3.03,-0.49,9.39,0.01,0.03,0.00,-1.52,1.58,9.58,-0.02,0.01,0.00,-1.25,1.35,9.68,0.00,0.01,0.00,-0.73,6.62,7.43,-0.03,0.01,-0.01,0.31,-0.14,0.95,0.37,0.00,-0.18,R
8.393,24,18,30,8,31,-0.68,-4.85,8.71,0.05,0.02,-0.04,-2.98,-0.54,9.40,-0.02,0.02,-0.01,-1.50,1.63,9.58,-0.02,0.00,-0.01,-1.23,1.20,9.67,-0.00,0.01,-0.01,-0.64,6.54,7.50,0.00,0.01,-0.01,0.29,-0.14,0.95,0.92,-0.49,0.00,R
8.444,25,17,29,9,34,-0.71,-4.77,8.77,-0.06,0.01,0.04,-3.07,-0.45,9.39,0.01,0.03,0.01,-1.58,1.62,9.51,-0.03,0.01,0.00,-1.20,1.24,9.65,0.01,0.02,-0.00,-0.71,6.60,7.44,0.01,0.02,-0.01,0.30,-0.15,0.95,0.31,-0.12,0.24,R
8.495,24,17,30,8,32,-0.68,-5.14,8.67,0.04,0.02,-0.02,-3.02,-0.47,9.45,-0.01,0.02,0.00,-1.49,1.60,9.56,-0.04,0.00,0.00,-1.18,1.23,9.65,-0.02,0.01,-0.00,-0.70,6.57,7.41,-0.00,0.02,-0.01,0.30,-0.15,0.96,0.55,0.18,0.18,R
8.547,25,18,32,8,32,-0.68,-4.73,8.77,-0.03,0.01,-0.00,-3.08,-0.38,9.41,-0.01,0.03,0.00,-1.62,1.61,9.50,-0.03,0.00,-0.00,-1.19,1.32,9.72,-0.01,0.01,-0.00,-0.69,6.50,7.49,0.00,0.02,-0.01,0.30,-0.14,0.95,0.61,-0.43,0.06,R
8.598,24,19,30,8,33,-0.69,-4.96,8.72,-0.08,0.00,0.03,-2.97,-0.48,9.44,-0.01,0.02,0.01,-1.49,1.57,9.60,-0.03,0.02,0.00,-1.22,1.23,9.69,0.01,0.01,-0.00,-0.72,6.64,7.45,0.02,0.02,-0.01,0.30,-0.14,0.95,0.37,0.12,0.00,R
8.649,24,17,32,8,32,-0.76,-5.10,8.63,0.02,0.01,-0.02,-3.00,-0.39,9.33,-0.02,0.02,-0.01,-1.57,1.53,9.55,-0.05,-0.00,-0.00,-1.23,1.25,9.67,-0.02,0.01,-0.01,-0.74,6.66,7.44,-0.01,0.01,-0.01,0.30,-0.14,0.95,0.79,-0.67,0.24,R
8.699,25,19,32,9,34,-0.71,-4.82,8.72,0.00,0.01,-0.00,-3.05,-0.50,9.48,0.01,0.04,0.00,-1.59,1.58,9.56,-0.00,0.02,0.01,-1.23,1.29,9.71,0.02,0.02,0.00,-0.67,6.69,7.41,0.01,0.01,-0.01,0.30,-0.14,0.95,-0.31,0.31,-0.06,R
8.751,24,18,32,10,33,-0.63,-5.03,8.66,-0.02,0.01,-0.00,-2.95,-0.60,9.43,-0.02,0.02,-0.00,-1.55,1.60,9.56,-0.02,0.01,-0.01,-1.21,1.29,9.67,-0.01,0.01,-0.00,-0.70,6.63,7.44,0.01,0.01,-0.01,0.29,-0.14,0.95,1.04,-0.61,-0.18,R
8.801,25,18,34,10,33,-0.74,-4.75,8.74,-0.00,0.01,0.00,-3.03,-0.46,9.43,0.02,0.03,-0.00,-1.61,1.62,9.56,-0.03,0.01,0.00,-1.21,1.33,9.67,0.00,0.01,-0.01,-0.70,6.59,7.42,-0.00,0.02,-0.01,0.30,-0.14,0.95,0.43,0.00,0.12,R
8.852,25,19,29,10,34,-0.67,-4.97,8.74,-0.06,-0.01,0.02,-2.95,-0.57,9.45,-0.01,0.02,0.00,-1.58,1.53,9.63,-0.02,0.02,0.01,-1.26,1.29,9.71,0.01,0.02,-0.00,-0.69,6.60,7.43,0.02,0.02,-0.01,0.30,-0.14,0.95,0.12,0.24,0.00,R
8.904,22,19,32,8,34,-0.75,-4.94,8.68,-0.06,0.01,0.01,-3.04,-0.44,9.43,-0.02,0.01,-0.00,-1.59,1.57,9.59,-0.04,0.00,0.01,-1.15,1.27,9.69,-0.00,0.01,-0.01,-0.69,6.56,7.37,0.01,0.02,-0.01,0.30,-0.14,0.96,0.98,-0.24,0.24,R
8.954,25,18,32,8,32,-0.68,-4.79,8.71,0.02,0.01,-0.01,-3.04,-0.47,9.47,-0.00,0.04,0.00,-1.60,1.55,9.53,-0.02,0.01,-0.00,-1.20,1.21,9.70,-0.01,0.01,0.00,-0.67,6.56,7.46,0.00,0.01,-0.01,0.30,-0.15,0.95,0.18,-0.49,0.00,R
9.005,24,16,30,8,40,-0.67,-4.95,8.63,-0.02,0.00,0.01,-3.06,-0.42,9.39,-0.01,0.03,0.01,-1.58,1.58,9.52,-0.02,0.01,0.01,-1.20,1.32,9.63,0.01,0.01,0.00,-0.72,6.66,7.42,0.01,0.02,-0.00,0.30,-0.14,0.95,0.85,0.37,0.12,R
9.056,24,19,32,9,33,-0.76,-4.96,8.71,0.01,0.01,-0.01,-3.01,-0.46,9.42,0.00,0.03,0.01,-1.57,1.56,9.64,-0.03,0.01,0.00,-1.18,1.29,9.70,-0.01,0.01,-0.00,-0.68,6.67,7.41,-0.00,0.02,-0.01,0.30,-0.14,0.96,0.18,0.06,0.12,R
9.108,25,19,32,10,34,-0.73,-4.97,8.69,-0.02,0.01,0.01,-3.07,-0.54,9.39,-0.00,0.03,0.01,-1.57,1.51,9.58,-0.01,0.01,0.01,-1.24,1.31,9.67,0.01,0.02,0.01,-0.79,6.61,7.36,0.04,0.01,-0.00,0.29,-0.14,0.95,0.37,1.40,0.24,R
9.159,24,19,46,9,34,-0.70,-5.02,8.64,0.04,0.02,-0.03,-3.05,-0.34,9.34,-0.01,0.03,-0.00,-1.64,1.60,9.57,-0.04,0.00,-0.00,-1.15,1.40,9.69,-0.04,0.00,-0.00,-0.63,6.57,7.43,-0.03,0.02,-0.01,0.31,-0.14,0.96,0.31,-1.04,0.18,R
9.21,24,21,32,8,33,-0.72,-4.88,8.72,0.03,0.01,-0.01,-3.05,-0.52,9.41,-0.01,0.02,0.00,-1.56,1.57,9.54,-0.01,0.01,0.00,-1.27,1.33,9.68,0.00,0.01,-0.00,-0.74,6.55,7.39,0.03,0.01,-0.01,0.30,-0.14,0.95,0.43,0.67,0.18,R
9.261,23,18,30,8,32,-0.72,-5.04,8.70,-0.06,0.00,0.02,-3.06,-0.45,9.44,0.02,0.02,0.00,-1.61,1.62,9.55,0.00,0.02,0.01,-1.24,1.27,9.73,0.01,0.01,0.01,-0.70,6.61,7.41,0.01,0.02,0.00,0.30,-0.14,0.96,-0.18,0.79,0.00,R
9.312,24,18,32,8,32,-0.68,-4.82,8.68,0.00,0.01,-0.02,-3.05,-0.46,9.36,-0.04,0.02,-0.00,-1.64,1.62,9.56,-0.05,-0.01,0.00,-1.22,1.28,9.73,-0.03,0.01,-0.00,-0.71,6.54,7.44,0.00,0.02,-0.01,0.30,-0.14,0.95,1.28,-1.53,0.06,R
9.363,24,20,29,8,34,-0.70,-4.99,8.67,0.02,0.01,-0.01,-3.02,-0.38,9.38,0.02,0.03,0.01,-1.55,1.51,9.56,-0.01,0.01,0.01,-1.23,1.39,9.68,0.00,0.01,0.00,-0.71,6.64,7.37,0.01,0.02,-0.00,0.30,-0.14,0.95,0.37,0.85,0.12,R
9.415,24,19,30,10,34,-0.69,-5.04,8.68,0.06,0.03,-0.05,-3.08,-0.46,9.43,-0.04,0.02,-0.01,-1.63,1.51,9.62,-0.04,-0.01,-0.00,-1.17,1.23,9.71,-0.01,0.01,-0.01,-0.69,6.57,7.43,0.00,0.01,-0.02,0.30,-0.14,0.95,0.85,-1.28,-0.18,R
9.464,23,19,18,8,33,-0.65,-4.58,8.71,0.05,0.04,-0.06,-3.04,-0.44,9.35,-0.00,0.02,-0.00,-1.61,1.55,9.59,-0.05,-0.01,0.00,-1.24,1.27,9.69,-0.02,0.00,0.00,-0.70,6.52,7.47,-0.00,0.02,-0.01,0.30,-0.14,0.96,0.73,-0.85,-0.24,R
9.516,24,19,32,10,34,-0.66,-4.89,8.70,-0.07,0.02,0.03,-3.07,-0.52,9.43,-0.00,0.03,0.01,-1.59,1.63,9.55,-0.01,0.01,0.00,-1.25,1.31,9.73,0.00,0.01,0.00,-0.68,6.54,7.40,0.01,0.01,-0.01,0.31,-0.14,0.95,0.12,0.55,-0.06,R
9.567,24,19,32,9,34,-0.79,-4.76,8.77,0.10,0.04,-0.07,-3.06,-0.43,9.41,-0.04,0.01,-0.01,-1.58,1.52,9.56,-0.06,-0.01,-0.01,-1.21,1.20,9.66,-0.03,0.01,-0.01,-0.72,6.59,7.40,-0.02,0.02,-0.02,0.29,-0.14,0.95,0.92,-1.71,-0.06,R
9.617,24,20,30,10,33,-0.73,-4.67,8.74,0.02,0.03,-0.02,-3.09,-0.49,9.44,-0.00,0.03,0.01,-1.62,1.54,9.59,-0.02,0.02,0.00,-1.28,1.32,9.70,0.02,0.02,0.00,-0.69,6.67,7.39,0.02,0.02,-0.01,0.30,-0.14,0.95,0.12,0.37,-0.31,R
9.668,24,19,32,9,32,-0.68,-4.98,8.63,-0.08,0.01,0.03,-3.08,-0.44,9.47,-0.01,0.01,-0.01,-1.56,1.54,9.56,-0.05,-0.00,0.00,-1.19,1.32,9.73,-0.01,0.01,-0.00,-0.68,6.62,7.45,-0.00,0.02,-0.01,0.30,-0.14,0.96,0.85,-0.98,0.00,R
9.719,22,19,30,8,33,-0.75,-4.77,8.71,0.05,0.04,-0.03,-3.10,-0.41,9.37,-0.01,0.02,-0.00,-1.63,1.57,9.56,-0.05,-0.00,-0.00,-1.15,1.30,9.68,-0.03,0.00,-0.01,-0.71,6.56,7.43,-0.02,0.01,-0.01,0.30,-0.14,0.95,0.85,-1.28,-0.06,R
9.77,24,18,30,9,34,-0.70,-4.82,8.71,-0.06,0.00,0.03,-3.02,-0.52,9.44,-0.00,0.03,0.01,-1.58,1.53,9.56,-0.01,0.01,0.01,-1.20,1.27,9.64,0.02,0.02,0.00,-0.68,6.56,7.43,0.03,0.02,-0.00,0.30,-0.14,0.95,0.31,1.40,-0.31,R
9.821,24,19,32,8,34,-0.74,-4.85,8.70,-0.01,0.03,-0.01,-3.04,-0.48,9.42,-0.04,0.01,-0.01,-1.52,1.58,9.52,-0.05,-0.01,-0.00,-1.22,1.32,9.69,-0.03,0.01,-0.01,-0.68,6.54,7.48,-0.01,0.02,-0.01,0.29,-0.14,0.95,1.34,-1.71,-0.61,R
9.872,24,20,32,10,34,-0.74,-4.87,8.72,0.06,0.04,-0.04,-2.99,-0.44,9.44,-0.01,0.03,0.00,-1.55,1.59,9.55,-0.02,0.01,0.00,-1.23,1.33,9.65,-0.00,0.01,0.00,-0.74,6.68,7.36,0.01,0.02,-0.01,0.30,-0.14,0.95,0.43,-0.06,-0.92,R
9.924,25,19,34,8,34,-0.63,-4.81,8.73,-0.01,0.04,-0.03,-3.09,-0.50,9.42,-0.03,0.01,0.00,-1.58,1.50,9.61,-0.05,-0.01,0.00,-1.21,1.22,9.69,-0.01,0.01,-0.00,-0.71,6.52,7.44,-0.01,0.02,-0.01,0.29,-0.14,0.96,0.79,-1.40,-1.10,R
9.975,24,19,32,8,33,-0.66,-4.69,8.36,-0.03,0.07,-0.01,-3.12,-0.39,9.38,-0.02,0.01,0.00,-1.62,1.61,9.53,-0.05,-0.01,0.01,-1.24,1.37,9.69,-0.02,0.01,-0.00,-0.76,6.56,7.39,-0.01,0.02,-0.02,0.30,-0.14,0.96,0.55,-1.10,-1.22,R
10.025,25,23,30,9,34,-0.71,-4.91,8.72,0.06,0.04,-0.08,-2.99,-0.47,9.39,-0.01,0.01,-0.01,-1.60,1.49,9.57,-0.04,-0.01,-0.00,-1.21,1.26,9.68,-0.02,0.01,-0.01,-0.68,6.48,7.49,-0.01,0.02,-0.01,0.29,-0.14,0.96,0.43,-1.65,-0.79,R
10.076,26,21,32,9,34,-0.76,-4.70,8.73,0.04,0.01,-0.02,-2.97,-0.50,9.42,-0.00,0.02,-0.00,-1.54,1.60,9.61,-0.02,-0.00,0.01,-1.16,1.24,9.65,0.01,0.01,-0.01,-0.71,6.62,7.46,-0.01,0.02,-0.00,0.30,-0.14,0.96,0.55,-0.12,-0.55,R
10.128,26,21,30,9,35,-0.69,-5.07,8.60,-0.03,0.01,0.01,-3.06,-0.52,9.43,-0.00,0.02,0.01,-1.60,1.55,9.50,-0.02,0.00,0.00,-1.24,1.29,9.70,-0.01,0.01,-0.00,-0.78,6.53,7.43,0.01,0.02,-0.01,0.29,-0.14,0.95,0.24,0.18,-0.67,R
10.178,26,21,33,10,36,-0.74,-4.82,8.71,-0.01,0.01,-0.02,-3.05,-0.53,9.47,-0.04,0.01,0.00,-1.55,1.49,9.55,-0.04,-0.00,0.01,-1.16,1.23,9.71,-0.00,0.02,-0.00,-0.63,6.54,7.46,0.01,0.02,-0.01,0.29,-0.14,0.96,0.92,-1.22,-0.61,R
10.23,25,21,30,9,34,-0.77,-4.76,8.71,-0.03,0.01,-0.00,-3.01,-0.40,9.38,-0.01,0.02,0.00,-1.58,1.52,9.61,-0.05,-0.01,0.00,-1.22,1.18,9.77,-0.02,0.01,-0.00,-0.69,6.56,7.48,-0.00,0.02,-0.01,0.29,-0.14,0.96,0.67,-0.92,-0.37,R
10.281,24,20,32,9,34,-0.79,-4.83,8.73,0.06,0.02,-0.03,-2.97,-0.53,9.42,-0.02,0.02,0.00,-1.56,1.51,9.53,-0.03,-0.00,0.00,-1.20,1.28,9.68,-0.02,0.02,0.00,-0.71,6.53,7.45,0.00,0.03,-0.01,0.29,-0.14,0.96,0.61,-0.12,0.12,R
10.333,24,19,32,6,33,-0.76,-4.77,8.68,-0.01,0.01,0.00,-3.01,-0.49,9.34,0.01,0.03,0.00,-1.56,1.49,9.57,-0.02,0.00,0.01,-1.23,1.23,9.70,-0.01,0.01,0.00,-0.67,6.59,7.50,0.02,0.02,-0.00,0.29,-0.14,0.96,0.31,0.37,0.24,R
10.383,24,20,30,9,34,-0.74,-4.85,8.72,-0.01,0.01,0.02,-2.98,-0.50,9.47,0.00,0.02,0.01,-1.51,1.47,9.57,-0.02,0.01,0.01,-1.20,1.28,9.71,0.00,0.02,0.01,-0.70,6.59,7.45,0.01,0.02,-0.01,0.30,-0.14,0.95,0.43,0.73,0.49,R
10.433,26,21,32,10,34,-0.74,-4.90,8.71,0.09,0.03,-0.03,-3.01,-0.53,9.46,-0.02,0.02,0.01,-1.58,1.51,9.56,-0.03,0.00,-0.00,-1.24,1.26,9.66,-0.01,0.01,0.00,-0.69,6.62,7.40,0.02,0.02,-0.01,0.29,-0.14,0.95,1.04,0.49,0.31,R
10.484,26,19,30,8,34,-0.74,-4.72,8.75,0.01,0.02,-0.01,-3.04,-0.47,9.37,-0.01,0.02,0.01,-1.58,1.52,9.61,-0.04,-0.01,0.00,-1.17,1.22,9.68,-0.01,0.01,0.01,-0.71,6.63,7.41,0.01,0.02,-0.01,0.30,-0.14,0.96,0.79,-0.06,-0.12,R
10.536,24,21,41,8,35,-0.59,-4.64,8.73,0.19,0.06,-0.14,-3.00,-0.51,9.41,-0.05,0.01,-0.01,-1.59,1.43,9.61,-0.07,-0.02,-0.00,-1.15,1.29,9.61,-0.06,0.01,-0.01,-0.70,6.49,7.44,-0.04,0.02,-0.01,0.30,-0.14,0.95,1.10,-1.16,-0.73,R
10.586,24,21,32,10,34,-0.85,-4.20,9.43,0.26,0.20,-0.30,-2.96,-0.51,9.42,-0.08,-0.02,0.00,-2.56,1.81,9.06,-0.05,0.07,0.03,-1.20,1.23,9.67,-0.09,-0.01,0.02,-0.66,6.46,7.55,-0.03,0.02,0.03,0.29,-0.13,0.96,3.91,1.34,-0.85,R
10.637,25,20,30,10,34,-0.58,-5.15,8.80,-0.10,0.03,0.04,-2.94,-0.72,9.41,-0.03,-0.07,0.00,-1.43,1.30,9.64,-0.06,-0.13,0.03,-1.17,1.23,9.78,-0.11,-0.04,0.03,-0.67,6.55,7.44,0.02,0.03,0.02,0.29,-0.15,0.95,6.90,1.65,-3.05,R
10.689,25,18,28,8,33,-0.66,-5.03,8.76,0.27,0.08,-0.08,-2.81,-0.51,9.41,-0.04,-0.14,0.02,-1.50,1.32,10.27,-0.16,-0.16,0.07,-0.97,1.06,9.75,-0.18,-0.07,0.06,-0.70,6.54,7.49,0.04,0.04,0.04,0.29,-0.15,0.95,9.89,2.50,-5.13,R
10.739,26,19,30,8,32,-0.84,-4.23,8.96,0.35,0.17,-0.13,-2.78,-0.59,9.52,0.01,-0.18,-0.04,-1.44,1.44,9.63,-0.02,-0.15,0.00,-1.17,0.92,9.72,-0.17,-0.06,-0.01,-0.78,6.72,7.71,-0.14,0.00,-0.01,0.34,-0.18,0.94,8.00,-4.21,-8.42,R
10.792,26,16,25,7,33,-1.14,-4.08,9.19,0.13,0.15,-0.19,-2.80,-0.60,9.40,-0.03,-0.14,-0.05,-1.40,1.47,9.62,-0.03,-0.13,-0.03,-1.18,0.99,9.75,-0.12,-0.06,-0.02,-0.78,6.46,7.49,-0.08,0.01,-0.01,0.26,-0.18,0.95,6.90,-4.76,-10.13,R
10.842,27,16,25,5,32,-0.58,-4.41,8.92,0.14,0.10,-0.21,-2.59,-0.51,9.49,0.02,-0.10,-0.08,-1.33,1.55,9.55,-0.02,-0.10,-0.06,-1.13,0.89,9.79,-0.11,-0.03,-0.08,-0.69,6.54,7.50,-0.16,-0.01,-0.10,0.34,-0.17,0.96,4.09,-5.43,-11.84,R
10.893,28,18,26,7,34,-0.87,-3.67,8.38,0.04,0.08,-0.18,-2.72,-0.64,9.44,-0.04,-0.06,-0.08,-1.19,1.25,9.62,-0.12,-0.07,-0.04,-0.98,0.68,9.79,-0.07,-0.02,-0.04,-0.67,6.30,7.69,-0.05,0.00,-0.02,0.20,-0.18,0.95,8.42,-2.99,-7.93,R
10.943,26,17,24,6,32,-0.89,-4.37,8.91,0.01,0.03,0.02,-2.64,-0.66,9.50,-0.00,-0.02,-0.01,-1.28,1.41,9.65,-0.04,-0.05,0.00,-1.06,0.87,9.74,-0.03,-0.01,-0.00,-0.76,6.45,7.52,-0.01,0.03,0.01,0.28,-0.20,0.96,5.07,3.60,-4.03,R
10.995,27,14,26,5,32,-0.75,-4.32,8.99,0.01,-0.08,0.10,-2.40,-0.52,9.61,0.07,-0.09,0.05,-1.18,1.43,9.65,0.01,-0.01,0.02,-1.11,0.83,9.84,0.02,0.01,0.03,-0.70,6.36,7.54,0.05,0.01,0.04,0.28,-0.20,0.93,3.48,7.63,0.24,R
11.045,26,13,20,5,32,-0.74,-4.15,9.00,-0.03,-0.03,0.03,-2.54,-0.48,9.53,0.05,-0.04,0.04,-1.13,1.35,9.68,-0.03,0.01,0.02,-0.98,0.79,9.79,0.02,0.01,0.02,-0.61,6.32,7.64,0.03,0.03,0.05,0.27,-0.18,0.96,-1.83,2.69,2.81,R
11.096,28,13,24,6,33,-0.74,-4.36,9.08,-0.01,-0.05,0.10,-2.54,-0.66,9.59,0.01,0.03,0.06,-1.24,1.57,9.63,0.00,0.03,0.04,-1.05,1.01,9.73,0.00,0.02,0.04,-0.68,6.42,7.53,0.05,0.04,0.04,0.32,-0.20,0.94,0.18,4.82,2.93,R
11.149,27,13,25,5,33,-0.47,-4.15,8.88,-0.05,-0.01,-0.01,-2.46,-0.60,9.50,0.02,0.03,-0.01,-1.21,1.53,9.68,-0.02,0.02,0.00,-1.03,0.99,9.73,-0.02,-0.00,-0.01,-0.73,6.34,7.57,-0.02,0.02,-0.01,0.30,-0.19,0.95,-1.95,-2.26,-0.49,R
11.199,27,30,25,8,33,-0.78,-4.30,9.02,0.00,0.03,-0.03,-2.48,-0.58,9.55,-0.00,0.02,-0.01,-1.19,1.47,9.62,-0.03,0.01,-0.00,-1.04,0.89,9.76,-0.01,0.00,0.00,-0.67,6.50,7.59,0.02,0.01,-0.01,0.27,-0.19,0.94,0.55,-0.31,0.00,R
11.249,27,12,24,8,34,-0.79,-4.19,9.00,0.02,0.01,-0.01,-2.58,-0.51,9.51,-0.01,-0.01,0.00,-1.17,1.47,9.62,-0.05,-0.02,-0.00,-1.05,0.94,9.74,-0.03,-0.01,-0.00,-0.61,6.40,7.57,-0.02,0.02,0.00,0.30,-0.19,0.95,1.46,-0.98,1.04,R
11.3,26,12,24,6,32,-0.71,-4.26,9.04,0.01,0.01,-0.01,-2.42,-0.59,9.60,-0.02,0.02,0.01,-1.20,1.45,9.66,0.00,0.02,0.00,-1.11,0.97,9.76,0.00,0.01,0.01,-0.62,6.46,7.55,0.01,0.02,0.00,0.29,-0.20,0.95,-0.12,1.40,1.10,R
11.352,27,10,23,7,32,-0.68,-4.31,8.96,0.04,0.02,-0.02,-2.50,-0.52,9.57,-0.02,-0.00,-0.00,-1.14,1.41,9.60,-0.04,-0.00,-0.01,-1.02,0.87,9.76,-0.01,0.00,-0.00,-0.66,6.46,7.52,0.00,0.01,-0.01,0.29,-0.19,0.93,1.34,-0.98,0.24,R
11.402,26,10,23,8,32,-0.87,-4.22,8.98,-0.02,0.02,-0.01,-2.52,-0.46,9.54,-0.00,0.01,-0.01,-1.18,1.47,9.65,-0.04,-0.00,0.00,-1.02,0.84,9.78,-0.01,0.01,-0.00,-0.68,6.45,7.56,0.01,0.02,-0.01,0.29,-0.19,0.96,1.71,-0.24,0.67,R
11.454,26,10,23,6,32,-0.78,-4.41,8.93,-0.02,0.00,0.00,-2.43,-0.47,9.54,-0.02,0.01,0.00,-1.12,1.37,9.67,-0.04,-0.00,-0.00,-0.96,0.88,9.76,-0.01,0.00,0.00,-0.60,6.37,7.62,-0.00,0.02,-0.01,0.29,-0.19,0.95,0.67,-0.92,0.61,R
11.505,27,14,24,8,32,-0.80,-4.23,9.04,0.01,0.01,-0.01,-2.53,-0.55,9.57,0.01,0.02,0.00,-1.19,1.46,9.62,-0.02,-0.00,0.01,-1.07,0.89,9.75,-0.00,0.01,0.00,-0.68,6.43,7.55,0.01,0.01,-0.01,0.29,-0.19,0.95,0.98,0.98,0.92,R
11.557,25,8,20,7,31,-0.68,-4.20,9.04,-0.01,0.02,0.00,-2.47,-0.51,9.51,-0.04,0.01,0.00,-1.14,1.51,9.66,-0.04,0.00,-0.00,-1.01,0.88,9.79,-0.02,0.00,-0.01,-0.64,6.42,7.59,0.01,0.02,-0.01,0.29,-0.19,0.94,0.67,-1.59,0.43,R
11.606,26,9,24,6,31,-0.71,-4.30,8.99,0.03,0.02,0.01,-2.50,-0.54,9.57,0.01,0.02,0.01,-1.16,1.49,9.64,-0.03,0.01,0.01,-1.00,0.89,9.71,0.01,0.02,0.00,-0.66,6.52,7.56,0.03,0.03,-0.01,0.29,-0.19,0.95,1.28,2.44,0.67,R
11.659,27,10,24,7,32,-0.70,-4.29,9.00,0.01,0.01,-0.02,-2.47,-0.56,9.58,-0.01,0.01,-0.00,-1.17,1.43,9.62,-0.04,0.00,0.00,-1.04,0.92,9.73,-0.00,0.01,-0.01,-0.61,6.40,7.57,0.01,0.01,-0.01,0.28,-0.19,0.94,1.22,-0.67,0.12,R
11.71,27,10,23,6,31,-0.71,-4.24,8.96,-0.02,0.01,0.01,-2.49,-0.55,9.52,0.00,0.01,0.01,-1.16,1.40,9.63,-0.04,-0.02,0.00,-0.99,0.86,9.75,-0.03,-0.01,0.00,-0.59,6.42,7.58,-0.01,0.02,-0.01,0.29,-0.19,0.96,1.04,-0.43,0.24,R
11.759,27,12,20,5,32,-0.76,-4.30,9.03,0.00,0.02,0.01,-2.41,-0.56,9.59,0.00,0.03,0.00,-1.21,1.41,9.63,-0.02,0.01,0.01,-1.02,0.88,9.73,0.01,0.02,-0.00,-0.68,6.57,7.48,0.00,0.01,-0.01,0.30,-0.20,0.94,-0.12,0.49,0.12,R
11.81,26,12,24,6,31,-0.77,-4.26,8.99,-0.02,0.00,0.01,-2.46,-0.53,9.57,-0.02,0.01,0.01,-1.10,1.41,9.63,-0.05,-0.01,0.01,-0.96,0.79,9.77,-0.02,0.01,-0.00,-0.65,6.43,7.58,0.02,0.01,-0.01,0.29,-0.19,0.94,2.01,-0.85,0.31,R
11.861,26,9,23,5,31,-0.70,-4.36,8.97,0.01,0.02,-0.02,-2.51,-0.57,9.56,-0.00,0.03,-0.00,-1.14,1.47,9.67,-0.03,0.01,-0.01,-0.97,0.87,9.78,-0.02,0.01,-0.01,-0.64,6.41,7.62,0.01,0.02,-0.01,0.29,-0.19,0.95,0.00,-0.18,0.12,R
11.912,26,10,20,6,32,-0.77,-4.28,8.98,-0.02,0.02,0.00,-2.46,-0.44,9.55,0.01,0.02,-0.00,-1.19,1.44,9.63,-0.03,0.01,0.00,-1.02,0.86,9.75,-0.00,0.01,-0.01,-0.62,6.42,7.56,-0.01,0.01,-0.02,0.30,-0.19,0.95,0.18,0.06,0.18,R
11.964,26,9,23,8,29,-0.75,-4.32,8.98,-0.01,0.01,0.00,-2.47,-0.55,9.57,0.01,0.02,-0.00,-1.16,1.43,9.62,-0.03,-0.00,0.01,-1.05,0.85,9.78,0.01,0.01,-0.00,-0.67,6.55,7.55,0.03,0.01,-0.00,0.28,-0.19,0.94,0.31,1.10,0.37,R
12.014,27,10,20,7,32,-0.74,-4.36,8.96,-0.02,0.02,0.00,-2.48,-0.51,9.54,-0.01,0.03,0.00,-1.20,1.41,9.66,-0.03,0.02,0.00,-0.91,0.87,9.73,0.01,0.01,-0.01,-0.64,6.42,7.47,-0.01,0.01,-0.01,0.30,-0.19,0.95,0.55,-0.55,0.06,R
12.066,26,10,23,6,31,-0.79,-4.27,8.98,-0.00,0.01,0.00,-2.54,-0.47,9.54,-0.01,0.03,0.00,-1.15,1.45,9.62,-0.03,0.01,0.00,-1.02,0.92,9.75,-0.01,0.01,-0.00,-0.64,6.44,7.57,0.00,0.02,-0.01,0.29,-0.19,0.94,0.67,0.06,0.24,R
12.117,26,9,22,5,30,-0.65,-4.31,9.02,-0.03,0.01,0.00,-2.50,-0.54,9.59,0.01,0.03,0.00,-1.17,1.45,9.67,-0.02,0.02,0.00,-1.01,0.87,9.73,0.01,0.01,-0.00,-0.62,6.49,7.54,0.01,0.01,-0.01,0.29,-0.19,0.95,0.12,0.18,0.18,R
12.168,26,10,23,5,31,-0.75,-4.30,9.01,-0.02,0.01,0.00,-2.49,-0.53,9.62,-0.00,0.02,0.00,-1.22,1.45,9.64,-0.03,0.00,0.00,-1.01,0.89,9.78,0.00,0.01,-0.00,-0.62,6.45,7.55,0.01,0.02,-0.01,0.29,-0.19,0.95,0.18,-0.18,0.18,R
12.218,26,10,23,5,30,-0.68,-4.55,8.93,-0.01,0.00,0.00,-2.48,-0.57,9.59,-0.00,0.02,0.01,-1.16,1.45,9.62,-0.02,0.01,0.00,-1.06,0.96,9.77,0.00,0.01,-0.00,-0.67,6.43,7.52,0.01,0.01,-0.01,0.29,-0.19,0.95,0.73,0.37,0.18,R
12.27,26,9,23,7,31,-0.72,-4.37,8.93,-0.01,0.01,-0.01,-2.48,-0.49,9.54,0.01,0.03,0.00,-1.23,1.50,9.63,-0.01,0.02,-0.01,-1.03,0.97,9.78,-0.01,0.01,0.00,-0.61,6.37,7.54,0.01,0.01,-0.01,0.29,-0.19,0.95,-0.18,0.67,0.18,R
12.321,26,9,23,6,30,-0.68,-4.34,8.96,-0.03,0.02,0.01,-2.49,-0.59,9.56,-0.01,0.03,0.00,-1.18,1.47,9.58,-0.03,0.02,0.00,-1.00,0.91,9.77,0.00,0.01,0.00,-0.65,6.47,7.52,0.01,0.01,-0.01,0.29,-0.19,0.94,0.12,-0.43,0.31,R
12.372,25,10,25,8,32,-0.78,-4.36,8.93,0.00,0.02,-0.00,-2.50,-0.48,9.62,-0.01,0.03,0.01,-1.11,1.43,9.61,-0.03,0.01,-0.00,-0.95,1.00,9.74,0.00,0.01,-0.01,-0.64,6.46,7.58,0.01,0.02,-0.01,0.30,-0.19,0.95,0.61,0.24,0.24,R
12.422,27,10,23,6,31,-0.76,-4.42,8.97,-0.01,0.01,-0.00,-2.50,-0.56,9.65,0.01,0.03,0.00,-1.21,1.48,9.61,-0.01,0.00,-0.00,-1.00,0.93,9.77,-0.00,0.01,-0.01,-0.61,6.44,7.57,0.00,0.02,-0.01,0.30,-0.19,0.95,0.55,0.37,0.06,R
12.474,28,12,22,9,33,-0.70,-4.30,8.98,0.01,0.01,-0.01,-2.48,-0.48,9.58,-0.02,0.02,0.00,-1.19,1.45,9.60,-0.03,0.00,0.00,-0.96,0.94,9.73,-0.00,0.01,-0.00,-0.63,6.46,7.58,0.00,0.01,-0.01,0.29,-0.19,0.95,0.49,-0.06,0.00,R
12.525,26,10,23,7,31,-0.73,-4.34,8.95,-0.02,0.01,-0.00,-2.47,-0.50,9.49,-0.01,0.03,0.00,-1.25,1.51,9.64,-0.02,0.01,-0.00,-1.03,0.99,9.75,-0.00,0.01,0.00,-0.66,6.48,7.56,0.01,0.02,-0.01,0.29,-0.19,0.95,0.49,-0.06,0.06,R
12.575,25,10,26,7,31,-0.73,-4.49,8.94,0.01,0.01,-0.01,-2.50,-0.46,9.59,-0.01,0.02,-0.00,-1.19,1.42,9.61,-0.03,0.01,0.00,-1.00,0.96,9.76,0.00,0.02,0.00,-0.61,6.43,7.58,0.01,0.02,-0.01,0.29,-0.19,0.94,0.85,0.12,0.37,R
12.626,24,10,23,5,30,-0.70,-4.38,8.97,-0.02,0.02,-0.00,-2.52,-0.55,9.58,-0.01,0.03,-0.00,-1.19,1.45,9.64,-0.02,0.00,-0.00,-0.96,0.99,9.73,-0.01,0.01,-0.01,-0.64,6.44,7.56,0.00,0.02,-0.02,0.29,-0.18,0.95,0.49,-0.55,0.00,R
12.677,26,13,23,8,31,-0.68,-4.36,8.99,-0.00,0.01,0.00,-2.55,-0.51,9.60,0.00,0.03,0.00,-1.20,1.52,9.63,-0.02,0.01,0.00,-0.98,0.95,9.74,0.00,0.01,-0.01,-0.56,6.44,7.53,0.02,0.01,-0.00,0.29,-0.19,0.95,-0.06,0.61,0.12,R
12.728,27,10,23,8,32,-0.75,-4.31,8.94,0.01,0.02,-0.01,-2.46,-0.58,9.57,-0.01,0.02,0.00,-1.18,1.40,9.63,-0.03,0.01,-0.00,-1.01,0.99,9.77,0.00,0.01,-0.01,-0.68,6.45,7.59,-0.00,0.02,-0.01,0.29,-0.19,0.95,0.73,-0.61,-0.06,R
12.78,26,9,22,6,32,-0.71,-4.34,8.92,-0.02,0.01,0.00,-2.49,-0.45,9.52,0.00,0.03,0.00,-1.18,1.56,9.62,-0.03,0.00,0.00,-1.02,0.95,9.71,-0.02,0.01,-0.00,-0.63,6.45,7.56,0.00,0.02,-0.01,0.30,-0.19,0.95,0.85,-0.12,0.18,R
12.83,27,9,22,7,32,-0.69,-4.42,9.02,-0.01,0.02,0.00,-2.49,-0.45,9.58,0.00,0.03,0.00,-1.25,1.43,9.65,-0.03,0.00,0.00,-1.01,0.93,9.82,-0.01,0.01,-0.00,-0.66,6.38,7.57,0.01,0.01,-0.01,0.29,-0.19,0.95,0.43,-0.37,0.00,R
12.882,27,9,25,7,32,-0.77,-4.40,8.95,-0.03,0.02,-0.00,-2.49,-0.44,9.52,-0.01,0.02,-0.01,-1.21,1.43,9.63,-0.04,-0.00,-0.00,-1.02,0.96,9.75,-0.02,0.01,-0.00,-0.64,6.44,7.58,-0.01,0.02,-0.02,0.30,-0.18,0.95,1.22,-1.46,0.18,R
12.933,26,9,22,7,30,-0.69,-4.41,8.98,-0.02,0.01,0.00,-2.47,-0.46,9.59,-0.01,0.03,-0.00,-1.17,1.44,9.61,-0.03,0.02,0.00,-1.00,0.91,9.79,-0.01,0.01,-0.01,-0.61,6.35,7.58,-0.01,0.03,-0.02,0.30,-0.19,0.95,0.31,-1.16,0.49,R
12.984,26,10,23,0,33,-0.70,-4.42,9.05,-0.02,0.02,-0.01,-2.51,-0.61,9.62,-0.01,0.02,-0.01,-1.21,1.44,9.66,-0.03,0.01,0.00,-0.96,0.91,9.75,-0.00,0.02,0.00,-0.72,6.38,7.55,0.00,0.04,-0.01,0.28,-0.18,0.96,1.95,-1.34,0.79,R
13.034,27,9,23,9,32,-0.71,-4.30,9.00,0.02,0.02,0.02,-2.47,-0.45,9.57,-0.00,0.04,-0.00,-1.17,1.48,9.61,-0.03,0.02,0.00,-1.00,0.85,9.75,-0.01,0.03,0.00,-0.71,6.47,7.53,0.01,0.05,-0.03,0.30,-0.19,0.94,0.79,-2.01,0.67,R
13.085,24,9,25,7,30,-0.83,-4.46,8.87,-0.05,0.02,0.02,-2.63,-0.52,9.59,0.01,0.05,0.00,-1.31,1.53,9.70,-0.02,0.04,0.00,-1.09,0.85,9.74,0.01,0.04,0.00,-0.74,6.50,7.64,-0.00,0.04,-0.03,0.29,-0.19,0.96,1.46,-0.49,1.40,R
13.136,26,13,25,8,32,-0.61,-4.38,8.94,-0.12,0.02,0.04,-2.41,-0.54,9.72,0.00,0.14,-0.04,-1.21,1.46,9.52,-0.03,0.13,-0.04,-1.01,0.95,9.77,0.04,0.10,-0.05,-0.64,6.45,7.62,-0.05,0.06,-0.11,0.28,-0.19,0.96,-1.89,-6.35,2.32,R
13.187,26,8,26,8,32,-1.24,-4.84,9.14,-0.06,-0.10,0.19,-3.06,-0.74,9.70,-0.02,0.31,0.05,-1.73,1.76,9.72,0.14,0.25,0.01,-1.08,1.03,9.75,0.22,0.11,0.02,-0.68,6.29,7.64,0.09,0.04,-0.05,0.28,-0.18,1.01,-0.12,8.79,5.62,R
13.238,34,13,27,10,32,-0.05,-4.51,8.96,0.07,-0.52,0.47,-2.97,-0.22,9.53,-0.56,0.60,-0.06,-1.65,2.01,9.55,-0.22,0.50,-0.08,-1.34,1.83,9.85,0.21,0.34,-0.14,-0.85,6.47,7.38,-0.22,0.28,-0.39,0.30,-0.21,0.96,-2.20,-18.49,8.06,R
13.291,38,21,38,14,29,-1.22,-4.65,11.02,0.56,-0.89,-0.04,-4.49,0.90,10.14,-0.41,0.97,0.19,-3.05,4.56,10.09,0.10,0.92,0.21,-2.24,4.19,10.81,0.51,0.34,0.69,-1.44,11.43,9.19,1.41,0.69,0.38,0.37,-0.22,0.93,-11.54,3.91,19.53,R
13.341,45,30,44,18,29,-0.35,-2.09,9.80,-0.15,-1.15,0.42,-5.01,1.17,12.42,-1.06,-0.66,0.84,-3.47,3.52,13.41,-1.14,-0.71,1.16,-2.64,3.28,14.52,-1.33,-1.30,1.16,-1.43,9.90,9.02,-1.64,-0.75,1.88,0.62,-0.30,1.06,-31.92,-38.21,53.65,R
13.391,44,30,45,14,27,0.36,-4.21,11.43,-1.71,-1.69,0.30,-4.29,-0.61,11.83,-1.42,-1.60,0.39,-2.28,2.90,11.70,-1.18,-1.51,1.06,-0.87,2.31,11.15,-1.20,-1.78,1.17,0.22,7.28,6.99,-1.20,-0.83,2.05,0.20,-0.10,1.05,-57.98,-85.57,59.51,R
13.443,44,28,45,11,28,1.75,-4.94,8.06,-0.92,-2.08,0.34,-2.14,-1.59,8.12,-1.18,-2.31,0.83,-0.98,0.07,9.35,-1.18,-1.85,1.41,0.15,-0.52,10.16,-1.32,-1.84,1.33,0.34,5.68,9.63,-1.61,-0.81,2.06,0.30,-0.06,1.08,-73.97,-67.87,73.73,R
13.494,43,25,41,9,26,2.85,-6.68,6.25,-2.37,-1.64,0.26,-0.82,-4.28,9.53,-1.75,-2.58,0.24,0.16,-2.15,10.04,-1.46,-2.26,0.95,1.27,-2.34,11.42,-1.41,-2.23,0.82,0.90,3.17,10.41,-1.64,-1.53,1.91,-0.07,0.04,1.02,-67.14,-90.21,57.80,R
13.545,42,20,41,7,26,3.18,-8.67,7.83,-1.73,-1.59,-0.42,0.12,-5.68,8.92,-1.05,-1.87,-0.30,1.27,-2.46,10.22,-0.92,-1.88,0.30,2.02,-3.51,9.18,-0.97,-2.04,0.40,2.39,2.07,9.57,-0.91,-1.46,1.35,-0.08,0.05,1.07,-89.66,-67.44,45.47,R
13.596,39,19,41,4,25,3.40,-8.09,4.83,-1.42,-1.14,-0.64,0.99,-6.07,8.80,-0.78,-1.92,-0.32,2.19,-4.06,10.54,-0.93,-1.88,0.19,2.85,-4.84,9.49,-0.84,-1.92,0.07,2.86,0.84,10.08,-0.85,-1.60,1.01,-0.18,0.15,0.96,-82.58,-61.40,28.32,R
13.647,38,23,43,3,26,3.71,-9.15,5.92,-1.01,-1.48,-1.45,1.22,-5.81,8.76,-0.14,-1.41,-0.68,2.83,-3.84,9.68,-0.13,-1.56,-0.24,3.30,-3.96,9.51,-0.24,-1.60,-0.24,3.74,0.98,9.37,-0.67,-1.80,0.79,-0.26,0.23,0.97,-110.90,-20.94,22.89,R
13.698,36,26,45,5,25,4.18,-7.01,2.24,-1.28,-0.76,-0.97,3.08,-5.31,5.64,-0.86,-1.41,-1.00,3.59,-3.93,6.83,-1.26,-1.56,-0.58,4.04,-5.02,6.11,-1.62,-1.54,-0.60,4.45,-1.36,6.96,-1.87,-1.74,0.33,-0.23,0.25,0.83,-68.18,-69.70,-6.77,R
13.749,36,26,48,5,25,4.49,-7.56,2.19,-0.71,-0.36,-1.22,3.55,-5.39,4.57,-0.87,-0.70,-1.36,4.54,-3.90,3.93,-0.87,-1.14,-1.10,4.60,-4.05,3.87,-1.12,-0.80,-1.08,3.91,-1.75,6.68,-1.27,-1.00,-0.64,-0.25,0.31,0.88,-49.13,-27.65,-34.06,R
13.8,34,28,44,4,25,5.37,-5.68,-1.83,-2.18,1.71,-1.08,4.41,-6.52,3.03,-0.92,0.75,-2.20,4.84,-5.38,1.70,-1.00,0.34,-2.22,4.59,-4.52,0.82,-1.57,0.88,-1.99,4.55,-2.51,3.05,-1.21,-0.29,-2.34,-0.18,0.39,0.78,-17.15,-31.74,-80.87,R
13.85,32,30,40,5,26,4.25,-5.15,3.35,0.09,2.29,-0.88,2.77,-1.72,3.42,0.42,2.34,-1.75,3.48,-1.71,3.06,-0.27,2.00,-2.18,3.50,-1.71,0.95,0.10,2.61,-2.03,2.98,0.13,3.49,0.47,1.31,-3.41,-0.12,0.41,0.76,40.53,56.46,-109.01,R
13.902,30,26,41,9,29,2.74,-3.01,1.09,-0.48,4.80,-0.16,0.65,-1.67,1.13,0.09,4.73,-1.76,0.07,-1.50,-0.83,0.41,4.52,-2.70,-0.07,-0.12,1.16,-0.08,4.87,-2.36,0.80,2.13,2.26,0.19,2.71,-4.69,0.06,0.43,0.71,109.86,76.48,-144.65,R
13.952,24,21,44,12,33,1.16,-4.20,7.86,2.01,4.65,0.42,-5.00,-0.29,12.09,2.31,5.27,-1.16,-3.93,1.64,10.53,1.94,4.70,-2.44,-3.21,3.72,8.40,2.56,5.21,-2.34,-1.54,9.74,4.61,3.28,3.31,-5.05,0.17,0.20,0.77,183.04,136.84,-150.21,R
14.003,22,18,41,18,30,-0.36,-0.96,9.61,1.92,3.94,0.96,-6.09,6.56,8.44,2.13,4.61,-0.09,-6.25,8.40,8.83,1.30,4.85,-1.01,-4.56,5.43,13.24,1.38,4.76,-0.60,-2.79,11.19,6.79,1.52,3.41,-2.95,0.47,0.01,0.88,176.21,117.61,-76.35,R
14.054,20,15,44,18,32,-2.43,-2.31,13.95,2.28,2.55,1.71,-8.79,6.26,12.22,1.73,3.74,1.02,-7.49,9.82,11.44,1.76,4.10,0.30,-5.73,8.35,10.86,2.08,3.75,0.82,-4.08,12.24,2.60,2.58,3.53,-1.19,0.46,-0.14,0.90,168.52,129.88,-15.87,R
14.106,24,14,45,19,35,-3.10,-0.32,13.03,3.95,1.31,2.23,-9.58,7.52,11.50,2.51,2.78,2.69,-8.79,11.77,12.72,2.32,3.26,2.02,-6.98,11.35,15.47,2.38,2.79,2.36,-4.09,18.20,7.84,2.10,3.04,0.85,0.85,-0.24,0.86,131.04,202.09,72.69,R
14.157,27,12,45,17,32,-3.93,0.79,13.61,3.02,-0.34,3.61,-10.54,9.74,11.61,0.53,1.04,4.53,-9.29,11.09,10.68,1.06,1.56,4.55,-6.99,8.76,10.30,1.76,0.79,4.51,-4.42,11.01,1.26,2.63,3.04,3.26,0.73,-0.15,0.76,112.55,149.29,155.15,R
14.208,31,13,44,13,32,0.91,-1.01,10.58,2.34,-1.78,4.47,-7.41,3.14,9.56,0.92,0.96,5.48,-7.87,4.01,11.55,1.39,1.53,5.11,-6.90,2.48,12.16,1.95,1.14,4.70,-6.48,11.53,8.49,1.92,3.25,2.96,0.90,-0.01,0.61,93.02,111.21,174.44,R
14.258,39,20,47,12,33,1.61,-2.86,10.68,3.28,-1.99,2.26,-5.20,-0.18,13.04,0.57,-0.10,3.53,-3.95,3.00,14.24,1.14,0.08,3.16,-2.66,4.01,13.52,1.49,-0.56,2.89,-1.47,11.83,8.62,1.20,0.83,2.72,0.93,-0.14,0.71,9.95,50.96,120.85,R
14.309,43,36,46,11,32,1.36,-0.19,7.95,-0.01,-2.95,1.40,-3.30,1.24,9.42,-1.94,-2.13,1.75,-2.68,3.14,11.83,-1.93,-2.10,2.38,-1.66,2.68,14.04,-2.20,-2.62,2.29,-1.18,9.66,11.08,-3.37,-1.54,3.60,0.73,-0.01,0.68,-66.16,-146.18,85.14,R
14.361,41,38,45,8,29,4.15,-2.10,1.85,-4.16,-2.96,0.63,-0.93,-0.87,6.63,-4.93,-3.35,-0.86,-0.91,1.07,7.63,-4.70,-3.72,0.40,-0.93,2.56,8.01,-4.98,-3.62,0.79,-0.66,7.58,4.64,-5.48,-2.16,2.68,0.52,0.12,0.73,-132.75,-286.56,33.45,R
14.411,40,39,43,8,30,5.34,-5.29,5.35,-6.54,-2.31,-0.04,0.72,-1.05,4.91,-5.31,-3.42,-2.01,0.93,1.12,4.08,-5.44,-3.57,-0.45,1.34,1.81,3.84,-5.57,-3.16,0.08,1.67,4.38,1.98,-6.02,-2.16,1.82,0.22,0.16,0.85,-124.33,-316.83,-11.72,R
14.463,40,39,43,8,28,4.98,-6.43,3.79,-6.26,-0.82,-0.13,2.38,-3.81,6.28,-5.50,-1.86,-2.15,2.82,-2.11,5.11,-5.26,-2.29,-1.01,3.38,-1.58,3.48,-5.30,-1.93,-0.57,3.53,-0.86,0.06,-4.94,-1.40,0.49,-0.03,0.27,0.77,-55.36,-289.79,-40.41,R
14.514,39,38,44,6,29,4.33,-7.65,10.10,-3.01,0.46,-0.37,1.97,-2.23,7.04,-1.56,-0.11,-1.15,3.27,-0.66,4.51,-1.02,-0.20,-0.80,3.85,-0.79,6.36,-0.77,0.08,-0.72,3.46,2.76,6.82,-0.63,-0.11,-0.81,-0.16,0.32,1.04,12.45,-20.14,-46.75,R
14.565,38,42,41,7,28,3.81,-4.16,4.87,-0.74,1.42,-0.00,1.40,-1.15,6.95,-0.85,1.14,-1.11,2.08,1.60,7.43,-1.07,1.07,-1.13,3.34,1.31,6.64,-1.06,1.30,-0.92,4.08,3.65,3.91,-0.85,0.85,-1.49,0.10,0.24,0.98,55.66,-57.92,-64.27,R
14.615,37,36,39,2,26,3.09,-5.52,9.28,0.36,1.79,0.34,-0.37,-1.47,9.02,0.54,1.90,-0.03,0.93,1.25,9.01,0.60,1.84,-0.56,1.91,1.13,9.69,0.41,1.71,-0.58,2.56,6.67,7.63,0.63,1.14,-1.45,0.21,0.09,1.00,77.88,55.11,-50.48,R
14.666,36,37,37,3,25,2.31,-3.72,6.97,0.74,1.66,0.39,-1.13,-0.59,8.86,0.08,1.79,-0.01,0.30,1.20,8.15,-0.09,1.62,-0.42,1.41,0.88,5.78,-0.15,2.10,-0.29,1.99,3.73,3.49,0.28,1.84,-1.60,0.20,0.07,1.04,82.64,6.71,-39.67,R
14.718,36,35,38,4,27,1.58,-5.90,11.15,1.47,2.18,0.92,-3.78,-2.27,12.45,1.22,2.44,0.70,-1.73,0.06,15.92,1.14,1.96,-0.11,-0.49,1.50,15.95,1.26,1.88,-0.35,0.70,9.88,12.22,1.64,1.18,-1.34,0.34,-0.19,0.95,116.09,91.37,-37.90,R
14.768,36,35,33,1,25,0.33,-3.69,8.53,0.76,1.25,0.62,-2.59,0.27,8.31,0.32,1.32,0.37,-0.47,2.44,7.92,0.22,1.45,0.06,-0.24,0.75,8.40,0.15,1.96,0.25,-0.23,3.28,4.79,0.64,2.02,-1.04,0.10,0.01,1.03,69.70,0.12,-9.40,R
14.819,37,29,32,3,26,1.80,-5.60,9.80,1.94,1.18,0.55,-3.42,-3.09,12.24,1.41,1.29,0.52,-1.24,0.07,14.18,1.32,1.02,-0.17,-0.62,1.47,15.35,1.09,1.09,-0.33,0.29,10.04,12.12,0.98,0.59,-0.83,0.45,-0.26,1.05,69.46,103.82,-13.55,R
14.871,36,27,29,4,27,0.73,-4.61,9.72,0.67,0.37,0.28,-3.46,0.23,11.04,-0.18,0.23,0.10,-0.91,2.00,11.10,-0.06,-0.04,0.11,-0.44,0.68,10.30,-0.03,0.43,0.08,-0.59,5.13,8.27,0.12,0.43,-0.35,0.18,-0.11,0.97,35.46,-10.93,-10.07,R
14.922,32,24,28,3,25,0.94,-3.47,9.14,1.03,0.21,-0.04,-2.79,-0.73,8.03,0.90,0.09,-0.18,-1.02,1.90,8.87,0.74,0.06,-0.46,-0.67,1.59,9.22,0.28,0.49,-0.37,-0.21,6.85,6.91,0.21,0.42,-0.72,0.34,-0.14,0.95,28.63,31.01,-16.54,R
14.974,29,20,24,1,24,0.57,-4.30,10.20,0.27,0.44,0.30,-3.19,1.09,9.24,0.38,0.37,-0.07,-5.50,12.89,46.44,-1.37,-1.26,-0.00,-2.56,-4.70,13.10,-0.19,-0.19,-0.02,-1.53,7.54,8.23,-0.82,0.01,0.11,0.41,-0.43,1.13,6.41,-16.66,-10.93,R
15.024,28,16,25,2,26,0.20,-1.84,5.36,-0.35,0.15,-0.21,-2.43,0.22,7.53,0.12,-0.09,-0.18,-0.71,1.81,9.04,-0.03,-0.21,-0.14,-0.43,1.14,9.73,-0.34,-0.11,-0.10,-0.33,5.93,7.79,-0.25,-0.02,-0.04,0.28,-0.07,0.91,2.38,7.93,-8.06,R
15.074,27,15,20,2,26,-0.07,-4.71,9.60,-0.07,-0.00,-0.13,-2.83,-0.63,9.46,0.08,-0.07,-0.05,-1.17,1.71,9.71,-0.09,-0.05,0.01,-0.99,1.04,9.68,0.03,0.02,0.05,-0.65,6.27,7.93,0.18,0.02,0.14,0.15,-0.21,0.95,-3.91,7.81,-0.67,R
15.125,26,16,19,1,26,0.09,-3.39,9.20,0.23,-0.01,-0.11,-2.45,-0.38,9.66,0.16,-0.10,0.06,-0.77,1.58,9.57,0.06,-0.07,0.02,-0.75,1.09,9.79,-0.02,-0.04,0.02,-0.51,6.31,7.68,0.04,0.03,0.05,0.36,-0.19,0.96,-7.26,12.33,-1.16,R
15.177,30,14,20,2,26,0.18,-3.79,9.34,-0.25,0.14,-0.07,-2.45,-0.68,9.63,0.01,-0.04,-0.05,-0.74,1.42,9.82,-0.04,-0.02,-0.04,-0.68,0.89,9.76,0.01,-0.02,-0.04,-0.42,6.06,7.72,-0.01,0.01,0.01,0.23,-0.20,0.95,-3.17,-3.36,-3.42,R
15.228,26,15,22,2,27,-0.28,-3.81,9.33,0.04,0.06,-0.06,-2.61,-0.50,9.50,0.08,-0.02,0.03,-0.84,1.58,9.74,-0.01,-0.04,0.02,-0.76,0.98,9.82,0.04,-0.02,0.01,-0.47,6.28,7.71,0.08,0.03,0.03,0.31,-0.20,0.97,-0.73,6.96,-1.22,R
15.278,24,21,19,2,26,0.16,-3.76,9.20,-0.06,0.04,-0.04,-2.36,-0.49,9.60,0.00,0.04,0.02,-0.72,1.55,9.68,0.00,0.05,0.01,-0.62,1.29,9.74,0.07,0.01,-0.01,-0.44,6.26,7.71,0.06,0.03,0.02,0.28,-0.19,0.95,-3.97,2.56,-1.16,R
15.329,28,17,23,2,28,-0.02,-3.69,9.32,-0.03,0.09,-0.02,-2.49,-0.43,9.51,0.02,0.03,0.00,-0.88,1.49,9.67,-0.03,0.01,-0.01,-0.75,1.00,9.74,0.02,0.01,-0.02,-0.52,6.35,7.64,0.04,0.03,-0.02,0.30,-0.19,0.95,1.53,1.95,-1.22,R
15.38,23,17,20,2,27,0.05,-3.96,9.28,-0.05,0.08,-0.05,-2.46,-0.43,9.60,0.04,0.06,-0.01,-0.82,1.64,9.62,0.00,0.02,-0.02,-0.74,1.11,9.78,0.06,0.02,-0.02,-0.50,6.42,7.62,0.05,0.02,-0.01,0.28,-0.19,0.95,-1.22,1.28,-1.95,R
15.432,26,16,20,5,29,-0.05,-3.67,9.22,-0.02,0.05,-0.01,-2.52,-0.39,9.52,0.01,0.00,0.00,-0.86,1.69,9.63,-0.03,0.00,0.00,-0.69,0.99,9.81,-0.01,0.01,-0.00,-0.51,6.31,7.67,0.03,0.03,-0.02,0.29,-0.19,0.95,-0.85,0.79,-0.55,R
15.482,26,14,22,3,28,-0.09,-4.22,9.20,-0.05,0.06,0.01,-2.48,-0.34,9.51,0.01,0.06,0.00,-0.83,1.56,9.60,-0.00,0.05,-0.00,-0.76,1.13,9.79,0.03,0.02,0.00,-0.52,6.30,7.63,0.04,0.02,0.01,0.28,-0.19,0.95,-0.98,2.87,0.61,R
15.534,27,18,23,5,30,-0.02,-3.92,9.33,0.00,0.03,0.01,-2.50,-0.50,9.59,0.00,0.04,0.01,-0.87,1.60,9.59,-0.02,0.03,0.00,-0.74,1.13,9.74,0.00,0.02,-0.00,-0.45,6.36,7.61,0.00,0.02,-0.01,0.30,-0.19,0.94,-0.61,-0.24,-0.24,R
15.585,26,15,22,5,28,-0.03,-4.10,9.20,-0.05,0.04,-0.01,-2.46,-0.38,9.54,0.00,0.03,0.00,-0.79,1.61,9.63,-0.02,0.02,-0.00,-0.79,1.10,9.75,-0.01,0.02,0.01,-0.47,6.35,7.62,0.01,0.01,-0.01,0.30,-0.19,0.95,-1.46,1.53,0.00,R
15.635,26,16,22,4,30,-0.14,-3.77,9.27,-0.06,0.03,0.02,-2.48,-0.40,9.50,-0.03,0.04,0.02,-0.98,1.56,9.60,-0.03,0.03,0.00,-0.76,1.15,9.79,-0.02,0.02,-0.01,-0.49,6.31,7.61,0.00,0.01,-0.03,0.31,-0.18,0.95,-1.04,0.12,0.06,R
15.688,27,15,22,4,29,-0.21,-3.85,9.25,-0.05,0.02,-0.00,-2.54,-0.42,9.60,-0.03,0.02,-0.01,-0.77,1.53,9.61,-0.05,0.02,0.00,-0.71,1.06,9.79,0.00,0.02,-0.00,-0.50,6.34,7.60,0.02,0.02,-0.01,0.29,-0.18,0.95,-0.06,-0.24,0.43,R
15.737,24,14,19,2,30,-0.15,-3.86,9.21,-0.04,0.03,0.00,-2.51,-0.46,9.59,0.00,0.03,0.01,-0.86,1.59,9.69,-0.02,0.02,0.00,-0.72,1.06,9.76,0.01,0.01,0.00,-0.51,6.50,7.58,0.01,0.01,-0.00,0.30,-0.18,0.95,-0.24,1.10,0.18,R
15.788,25,14,20,3,28,-0.09,-3.85,9.28,-0.03,0.04,-0.03,-2.62,-0.24,9.52,-0.03,0.05,-0.00,-0.95,1.72,9.54,-0.05,0.01,-0.01,-0.68,0.93,9.83,-0.04,0.01,-0.00,-0.44,6.29,7.61,0.00,0.02,-0.01,0.30,-0.18,0.95,0.79,-0.98,0.18,R
15.841,23,14,23,2,28,-0.21,-4.32,9.20,-0.03,0.04,0.01,-2.58,-0.33,9.55,-0.01,0.04,0.00,-0.89,1.48,9.63,-0.04,0.01,0.01,-0.70,0.96,9.85,0.01,0.03,0.00,-0.47,6.40,7.63,0.01,0.02,-0.00,0.30,-0.19,0.95,-0.61,0.67,0.37,R
15.891,23,14,20,3,28,-0.10,-3.94,9.17,-0.02,0.03,-0.01,-2.58,-0.34,9.52,0.01,0.02,-0.01,-0.94,1.58,9.65,-0.04,0.01,-0.00,-0.65,0.96,9.77,-0.01,0.01,-0.00,-0.44,6.36,7.58,0.01,0.03,-0.01,0.29,-0.18,0.95,0.98,-0.49,0.12,R
15.941,25,14,20,3,28,-0.18,-3.91,9.19,-0.01,0.04,-0.00,-2.56,-0.34,9.53,-0.02,0.03,0.00,-0.97,1.59,9.60,-0.03,0.00,-0.00,-0.72,1.09,9.72,0.00,0.01,-0.00,-0.51,6.44,7.59,0.00,0.02,-0.01,0.31,-0.18,0.95,0.37,-0.85,0.00,R
15.992,24,13,20,3,28,-0.09,-4.17,9.16,-0.00,0.02,-0.01,-2.51,-0.45,9.60,-0.02,0.03,0.00,-0.89,1.55,9.66,-0.03,0.01,0.00,-0.76,1.10,9.73,0.00,0.01,-0.00,-0.49,6.34,7.69,0.00,0.02,-0.02,0.30,-0.18,0.95,0.24,0.49,0.18,R
16.043,24,14,19,3,29,-0.20,-3.91,9.11,-0.01,0.01,-0.01,-2.58,-0.33,9.54,-0.01,0.03,-0.01,-0.88,1.61,9.65,-0.04,0.01,0.00,-0.71,1.00,9.73,0.01,0.01,-0.00,-0.48,6.32,7.59,0.02,0.02,-0.01,0.29,-0.18,0.94,0.67,-0.37,0.12,R
16.095,25,13,20,2,28,-0.15,-3.96,9.13,-0.02,0.02,0.00,-2.55,-0.36,9.53,-0.02,0.04,0.01,-0.94,1.58,9.69,-0.02,0.01,0.00,-0.70,1.02,9.74,-0.01,0.01,0.00,-0.49,6.43,7.61,-0.00,0.01,-0.01,0.31,-0.18,0.95,-0.12,-0.49,-0.06,R
16.145,26,14,20,5,29,-0.17,-4.06,9.22,-0.04,0.02,-0.01,-2.54,-0.34,9.51,-0.00,0.02,-0.00,-0.87,1.51,9.65,-0.03,0.02,-0.01,-0.67,1.09,9.80,-0.00,0.02,0.00,-0.48,6.39,7.61,0.02,0.01,-0.01,0.29,-0.18,0.94,0.49,0.06,0.55,R
16.198,26,15,20,4,30,-0.18,-3.91,9.15,-0.00,0.00,0.00,-2.48,-0.36,9.60,-0.01,0.02,-0.00,-0.91,1.55,9.69,-0.04,0.01,-0.00,-0.74,1.05,9.71,-0.02,0.01,0.01,-0.47,6.27,7.63,0.01,0.02,-0.01,0.30,-0.18,0.95,0.55,-0.61,0.18,R
16.249,24,14,23,2,28,-0.17,-4.28,9.15,-0.04,0.01,-0.00,-2.61,-0.43,9.60,-0.02,0.03,-0.00,-0.96,1.64,9.61,-0.02,0.01,-0.00,-0.79,1.12,9.85,-0.01,0.01,-0.01,-0.54,6.38,7.65,-0.01,0.01,-0.01,0.30,-0.18,0.95,0.12,-0.43,0.06,R
16.299,25,14,20,4,30,-0.23,-3.93,9.11,0.02,0.02,-0.02,-2.55,-0.45,9.59,-0.03,0.02,-0.00,-0.92,1.48,9.64,-0.03,-0.00,0.00,-0.72,1.02,9.74,-0.00,0.01,-0.00,-0.48,6.29,7.54,0.00,0.02,-0.01,0.29,-0.18,0.95,0.98,-0.55,0.24,R
16.349,24,12,25,4,29,-0.10,-4.02,9.20,-0.01,0.01,0.00,-2.55,-0.43,9.55,0.02,0.04,-0.00,-0.94,1.61,9.61,-0.02,0.01,-0.00,-0.75,1.16,9.73,-0.01,0.01,-0.01,-0.50,6.39,7.61,-0.01,0.01,-0.01,0.30,-0.18,0.95,-0.06,-0.31,-0.12,R
16.401,24,15,20,5,30,-0.11,-4.11,9.14,-0.01,0.02,-0.01,-2.51,-0.45,9.57,-0.02,0.02,0.00,-0.87,1.56,9.69,-0.03,0.02,0.00,-0.72,1.03,9.79,-0.01,0.01,0.01,-0.49,6.41,7.60,0.02,0.02,-0.00,0.29,-0.18,0.94,1.04,0.31,0.31,R
16.452,23,14,19,5,30,-0.24,-3.96,9.17,-0.03,0.02,0.01,-2.65,-0.36,9.55,-0.01,0.02,0.01,-0.94,1.69,9.63,-0.04,-0.01,0.00,-0.74,1.01,9.78,-0.02,0.02,-0.01,-0.52,6.40,7.60,0.01,0.01,-0.01,0.30,-0.18,0.95,1.04,-0.61,0.18,R
16.502,23,13,20,3,28,-0.18,-4.04,9.15,-0.02,0.01,-0.01,-2.57,-0.49,9.59,0.02,0.04,-0.00,-0.91,1.55,9.65,-0.01,0.02,-0.00,-0.74,1.11,9.75,-0.01,0.01,-0.00,-0.54,6.50,7.60,0.00,0.02,-0.01,0.29,-0.18,0.95,0.31,0.55,-0.06,R
16.554,24,13,23,4,30,-0.20,-3.92,9.17,0.01,0.02,-0.00,-2.49,-0.44,9.59,0.00,0.01,0.01,-0.91,1.50,9.66,-0.02,0.00,0.00,-0.76,1.02,9.73,-0.00,0.01,0.00,-0.54,6.42,7.56,0.01,0.02,-0.01,0.30,-0.18,0.94,0.67,0.31,0.00,R
16.604,24,14,22,4,28,-0.23,-4.14,9.19,-0.07,0.01,0.02,-2.57,-0.45,9.55,-0.01,0.02,0.01,-0.95,1.56,9.64,-0.03,0.01,0.01,-0.76,1.14,9.71,-0.01,0.01,-0.01,-0.48,6.40,7.55,0.00,0.01,-0.01,0.30,-0.18,0.95,0.43,-0.18,-0.06,R
16.656,24,14,20,4,30,-0.14,-4.05,9.14,0.03,0.02,-0.03,-2.52,-0.46,9.56,-0.01,0.04,0.00,-0.95,1.62,9.62,-0.02,0.02,0.00,-0.78,1.03,9.78,0.00,0.02,-0.00,-0.49,6.45,7.58,0.02,0.02,-0.01,0.29,-0.18,0.94,0.37,-0.06,-0.18,R
16.706,22,12,22,2,28,-0.24,-4.01,9.13,-0.01,0.02,-0.01,-2.55,-0.33,9.54,-0.02,0.01,0.00,-0.85,1.54,9.60,-0.05,-0.00,0.01,-0.73,1.11,9.81,-0.02,0.01,0.00,-0.51,6.39,7.56,0.00,0.02,-0.01,0.30,-0.18,0.95,1.22,-0.73,0.06,R
16.758,23,13,20,4,29,-0.19,-4.20,9.11,0.01,0.02,-0.01,-2.51,-0.49,9.53,0.01,0.04,0.00,-0.94,1.58,9.68,-0.01,0.03,-0.00,-0.71,1.07,9.82,0.00,0.01,0.01,-0.53,6.41,7.57,0.01,0.02,-0.01,0.30,-0.18,0.95,0.00,0.43,-0.06,R
16.809,24,14,23,4,30,-0.14,-4.04,9.12,-0.01,0.01,-0.00,-2.57,-0.40,9.54,-0.02,0.03,0.00,-0.95,1.53,9.63,-0.03,0.01,0.00,-0.74,1.05,9.72,-0.01,0.02,0.00,-0.56,6.42,7.60,0.01,0.02,-0.01,0.29,-0.18,0.94,0.73,-0.43,-0.06,R
16.859,23,15,20,4,28,-0.19,-4.12,9.12,0.00,0.02,-0.02,-2.60,-0.34,9.50,-0.00,0.03,0.00,-0.96,1.63,9.65,-0.03,0.00,0.00,-0.68,1.05,9.78,-0.02,0.02,-0.00,-0.51,6.42,7.56,0.00,0.01,-0.02,0.31,-0.18,0.95,0.55,-0.61,-0.06,R
16.911,23,13,20,4,29,-0.19,-4.01,9.10,-0.00,0.02,-0.01,-2.53,-0.36,9.54,-0.01,0.04,0.00,-0.92,1.57,9.68,-0.03,0.02,0.01,-0.74,1.12,9.76,0.01,0.02,-0.00,-0.56,6.51,7.58,0.02,0.02,-0.01,0.30,-0.18,0.95,-0.18,0.79,0.06,R
16.962,23,14,22,2,30,-0.23,-3.90,9.14,0.00,0.02,-0.01,-2.58,-0.33,9.50,-0.02,0.01,-0.00,-0.86,1.51,9.65,-0.03,-0.01,-0.00,-0.75,1.13,9.82,-0.02,-0.00,-0.00,-0.55,6.38,7.58,-0.01,0.02,-0.01,0.29,-0.18,0.95,1.46,-1.04,0.00,R
17.012,24,15,23,4,29,-0.13,-4.04,9.19,0.00,0.01,0.01,-2.60,-0.45,9.54,0.02,0.03,0.01,-0.95,1.57,9.62,-0.02,0.01,0.01,-0.75,1.07,9.77,0.00,0.01,0.00,-0.53,6.46,7.59,-0.00,0.02,-0.00,0.30,-0.18,0.95,0.67,0.37,-0.06,R
17.064,24,13,23,5,29,-0.21,-4.02,9.10,-0.01,0.01,-0.01,-2.55,-0.35,9.51,-0.02,0.00,0.00,-0.88,1.53,9.69,-0.03,-0.00,-0.00,-0.74,1.12,9.74,-0.01,0.01,-0.00,-0.50,6.35,7.58,-0.00,0.01,-0.01,0.30,-0.18,0.95,0.98,-0.73,-0.12,R
17.115,24,13,25,4,30,-0.11,-4.22,9.09,-0.00,0.02,-0.01,-2.58,-0.37,9.51,0.01,0.03,0.00,-1.01,1.60,9.61,-0.03,-0.00,0.01,-0.74,1.10,9.77,-0.02,0.00,0.00,-0.48,6.44,7.67,0.01,0.02,-0.01,0.30,-0.18,0.95,0.49,0.12,0.12,R
17.166,23,14,20,4,28,-0.11,-4.03,8.58,0.01,0.07,-0.04,-2.47,-0.47,9.54,-0.01,0.02,0.01,-0.88,1.63,9.62,-0.02,0.01,0.00,-0.79,1.09,9.71,0.01,0.02,-0.00,-0.49,6.46,7.58,0.02,0.02,-0.01,0.30,-0.18,0.94,-0.12,0.12,-0.18,R
17.217,22,15,22,5,29,-0.28,-4.02,9.21,-0.01,0.03,-0.03,-2.58,-0.41,9.57,-0.02,0.01,0.01,-0.94,1.55,9.62,-0.04,-0.00,0.00,-0.76,1.14,9.78,-0.01,0.01,0.00,-0.52,6.40,7.66,0.00,0.02,-0.00,0.29,-0.18,0.95,1.34,-0.49,0.06,R
17.267,23,15,22,5,29,-0.13,-4.21,9.11,-0.02,0.01,0.01,-2.58,-0.47,9.60,0.02,0.04,0.00,-0.94,1.64,9.59,-0.02,0.01,0.00,-0.74,1.09,9.77,-0.02,0.01,0.00,-0.54,6.37,7.58,0.01,0.02,-0.01,0.30,-0.18,0.95,0.61,-0.12,0.00,R
17.32,23,13,22,2,29,-0.24,-4.08,9.13,0.02,0.02,-0.02,-2.55,-0.39,9.58,-0.01,0.02,0.00,-0.92,1.56,9.62,-0.02,0.01,0.00,-0.80,1.14,9.73,0.00,0.02,0.00,-0.52,6.34,7.57,0.01,0.02,-0.01,0.30,-0.18,0.94,0.18,-0.12,0.00,R
17.37,23,14,20,6,28,-0.18,-3.98,9.17,-0.02,0.02,0.01,-2.59,-0.36,9.50,-0.01,0.02,0.00,-1.01,1.60,9.65,-0.04,-0.01,-0.00,-0.76,1.14,9.77,-0.02,0.01,0.00,-0.57,6.45,7.63,0.01,0.02,-0.02,0.29,-0.18,0.95,1.22,-0.61,0.12,R
17.421,23,14,22,5,29,-0.16,-4.07,9.13,-0.02,0.02,0.00,-2.56,-0.36,9.58,0.00,0.03,0.00,-0.95,1.48,9.66,-0.03,0.01,-0.00,-0.75,1.11,9.79,0.00,0.02,0.00,-0.49,6.40,7.57,0.01,0.02,-0.01,0.29,-0.18,0.94,0.18,-0.12,-0.12,R
17.472,23,15,22,5,30,-0.18,-4.13,9.14,-0.01,0.02,-0.01,-2.51,-0.41,9.58,-0.02,0.03,0.00,-0.94,1.54,9.65,-0.03,0.00,0.00,-0.74,1.08,9.80,-0.01,0.01,0.00,-0.56,6.33,7.63,0.01,0.02,-0.01,0.29,-0.18,0.95,1.10,-0.37,0.06,R
17.523,21,15,22,3,28,-0.30,-3.98,9.12,-0.01,0.02,-0.02,-2.56,-0.39,9.49,-0.00,0.02,-0.00,-0.98,1.59,9.67,-0.04,-0.01,0.00,-0.75,1.03,9.70,-0.02,0.01,0.00,-0.52,6.38,7.57,0.00,0.02,-0.01,0.29,-0.18,0.95,1.22,-0.73,0.06,R
17.574,21,15,23,4,30,-0.21,-4.07,9.17,-0.03,0.01,0.00,-2.54,-0.45,9.59,0.01,0.03,-0.00,-0.92,1.53,9.64,-0.01,0.02,-0.00,-0.75,1.11,9.77,-0.00,0.02,-0.00,-0.61,6.41,7.60,0.01,0.01,-0.01,0.30,-0.18,0.95,-0.24,-0.12,-0.06,R
17.625,22,14,20,5,30,-0.15,-4.08,9.14,0.00,0.02,-0.00,-2.56,-0.36,9.50,-0.02,0.02,-0.00,-0.96,1.56,9.64,-0.04,0.00,0.00,-0.76,1.07,9.76,-0.01,0.02,0.00,-0.46,6.40,7.55,0.00,0.02,-0.01,0.30,-0.18,0.95,1.22,-0.18,0.37,R
17.676,22,14,23,5,29,-0.14,-4.10,9.13,-0.01,0.02,-0.01,-2.54,-0.37,9.62,-0.01,0.01,-0.00,-0.93,1.54,9.62,-0.05,-0.00,0.01,-0.69,1.01,9.78,-0.01,0.03,0.01,-0.48,6.32,7.60,0.02,0.02,-0.01,0.28,-0.18,0.95,1.89,-1.28,0.61,R
17.726,22,15,23,5,30,-0.21,-4.00,9.12,0.01,0.01,0.00,-2.55,-0.40,9.55,0.01,0.04,0.02,-0.99,1.45,9.65,-0.01,0.03,0.00,-0.82,1.06,9.77,-0.00,0.03,0.00,-0.53,6.45,7.57,-0.01,0.03,-0.01,0.31,-0.18,0.95,-0.12,-0.12,0.79,R
17.778,23,15,22,5,29,-0.19,-4.10,9.16,-0.00,0.01,0.01,-2.55,-0.35,9.57,0.01,0.01,0.00,-0.98,1.61,9.64,-0.02,0.01,0.00,-0.78,1.03,9.70,-0.03,0.02,0.01,-0.53,6.37,7.59,0.00,0.04,-0.02,0.29,-0.18,0.95,2.08,-1.59,1.16,R
17.829,22,14,22,5,29,-0.28,-4.27,9.12,-0.02,-0.01,0.02,-2.45,-0.67,9.61,-0.00,0.05,0.00,-0.95,1.48,9.78,0.01,0.03,0.01,-0.80,1.10,9.84,0.05,0.03,0.02,-0.62,6.68,7.71,0.03,0.01,-0.01,0.28,-0.18,0.96,1.34,-1.59,1.59,R
17.88,22,15,25,6,29,-0.13,-3.77,9.16,-0.10,-0.06,-0.02,-2.49,0.03,9.40,-0.14,0.10,-0.06,-1.09,1.82,9.50,-0.18,0.12,-0.02,-0.85,1.20,9.76,-0.02,0.00,-0.08,-0.47,6.81,7.80,-0.43,-0.08,-0.17,0.36,-0.19,0.94,-11.54,-18.62,-0.18,R
17.931,22,16,30,8,27,-1.18,-5.06,9.89,-0.10,-0.30,0.04,-2.98,0.03,9.02,-0.38,0.33,0.04,-1.91,2.36,9.91,-0.16,0.34,0.17,-1.05,2.81,10.57,0.36,-0.00,0.21,-0.54,8.14,7.97,-0.14,-0.00,0.11,0.19,-0.19,1.01,-9.22,-5.00,15.08,R
17.982,28,17,29,9,26,-0.34,-2.18,10.36,-0.46,-0.79,0.17,-4.25,1.34,12.35,-0.72,-0.44,0.42,-2.12,4.33,12.33,-0.93,-0.37,0.73,-1.17,4.70,13.35,-0.98,-0.71,0.81,-0.11,10.87,9.14,-1.02,-0.50,1.37,0.49,-0.24,1.03,-42.36,-59.75,39.49,R
18.033,38,20,29,7,24,-0.86,-3.38,11.38,-1.30,-1.67,0.57,-3.64,0.86,10.75,-1.81,-1.05,0.63,-1.71,3.54,11.10,-1.61,-1.04,1.25,-0.57,2.94,10.96,-1.71,-1.16,1.35,0.51,8.08,7.82,-1.81,-0.41,2.00,0.28,-0.12,1.07,-34.79,-96.92,55.30,R
18.084,45,24,32,7,25,1.17,-5.35,10.41,-1.90,-1.63,1.00,-3.03,-2.09,10.37,-1.88,-1.24,0.92,-1.61,0.17,11.59,-1.63,-1.07,1.45,-0.88,-0.39,11.53,-1.38,-1.44,1.45,-0.10,5.88,9.84,-1.34,-0.41,2.00,0.24,-0.17,1.05,-47.18,-85.88,70.43,R
18.135,48,28,37,5,26,1.63,-6.97,9.07,-1.44,-1.75,0.47,-2.64,-3.41,11.38,-1.32,-1.58,0.75,-0.59,-1.30,12.45,-1.12,-1.52,1.33,0.40,-1.93,11.73,-0.96,-1.74,1.33,1.05,4.68,10.73,-0.91,-0.76,2.09,-0.03,-0.01,1.06,-61.65,-70.50,71.17,R
18.186,48,34,36,5,24,2.65,-8.07,6.69,-1.61,-2.07,0.12,-0.94,-5.73,9.48,-1.39,-2.17,0.41,0.66,-3.86,9.48,-1.11,-2.06,1.07,1.26,-4.15,9.47,-0.95,-2.25,1.00,1.73,0.62,9.47,-1.06,-1.28,1.99,-0.11,0.04,1.08,-82.03,-63.54,64.03,R
18.237,47,32,39,4,26,3.77,-9.83,5.00,-0.86,-1.98,-0.46,-0.01,-8.49,9.22,-0.42,-2.10,0.15,1.67,-7.25,10.52,-0.37,-1.97,0.52,2.12,-6.74,10.34,-0.20,-2.12,0.27,2.03,0.28,11.82,-0.16,-1.74,1.24,-0.23,0.08,0.99,-91.80,-17.82,29.85,R
18.288,43,34,41,3,26,3.72,-8.53,3.06,-0.82,-0.95,-1.38,2.14,-7.11,5.80,-0.04,-1.58,-0.79,3.06,-5.92,6.12,0.10,-1.80,-0.51,3.29,-5.67,6.15,-0.10,-1.84,-0.63,2.86,-1.62,8.74,-0.19,-1.91,0.28,-0.25,0.26,0.98,-81.85,14.65,-8.61,R
18.338,43,37,26,1,25,4.47,-10.75,3.45,0.02,-0.23,-1.77,2.08,-9.99,6.22,1.48,-1.01,-1.17,3.38,-9.22,5.54,1.46,-1.16,-1.32,3.12,-8.92,3.86,1.62,-1.10,-1.69,2.31,-5.09,7.95,1.75,-2.00,-1.17,-0.46,0.20,0.80,-78.06,79.59,-59.51,R
18.389,43,42,41,2,25,3.40,-6.78,-1.60,0.67,1.08,-2.74,3.18,-6.86,1.35,1.50,0.17,-2.60,2.97,-5.67,2.60,0.87,-0.60,-2.95,2.70,-4.87,3.82,-0.01,-0.49,-3.14,2.42,-1.00,5.29,-0.38,-1.85,-2.72,0.14,0.27,0.84,-73.43,68.54,-117.55,R
18.44,42,45,41,2,24,3.20,-4.57,2.86,-0.51,2.79,-2.47,0.72,-1.94,4.09,1.41,1.48,-3.56,0.99,0.52,3.06,0.82,0.96,-4.01,2.05,2.36,2.27,0.46,1.56,-3.86,2.84,4.96,1.74,0.64,-0.46,-4.20,0.08,0.37,0.80,-19.41,36.87,-167.72,R
18.491,38,40,41,9,25,0.88,0.66,3.09,-1.39,3.99,-1.15,-0.08,4.67,1.27,-0.29,2.83,-2.98,0.01,4.92,1.07,-1.43,2.34,-3.56,0.83,5.12,4.32,-2.20,3.23,-3.04,1.85,6.79,2.36,-2.18,1.28,-4.30,0.63,0.32,0.91,61.40,-9.16,-159.06,R
18.543,29,32,38,10,30,-2.38,-2.42,8.58,-1.23,5.17,1.15,-5.47,0.01,2.56,-0.28,5.86,-2.37,-6.45,2.84,2.76,-1.05,5.66,-3.51,-5.98,3.28,6.94,-0.64,6.29,-2.97,-4.23,7.51,0.89,0.36,4.36,-6.09,0.19,0.32,0.82,194.40,-19.29,-161.56,R
18.594,26,20,38,13,34,-3.10,-3.28,17.24,2.06,4.31,2.23,-11.27,11.31,12.26,1.87,5.31,-0.13,-11.20,14.53,12.55,1.02,5.36,-0.52,-7.82,12.69,15.43,1.00,5.85,-0.18,-4.88,17.41,7.07,0.92,4.37,-2.68,0.68,-0.23,0.91,209.35,159.24,-45.90,R
18.645,14,14,32,14,30,-6.86,-1.92,14.61,0.61,3.24,3.24,-13.01,4.41,15.03,-0.09,4.22,2.01,-9.78,8.66,14.28,0.32,4.33,1.34,-6.73,9.79,11.98,0.82,3.81,1.78,-4.21,15.25,3.15,1.69,4.43,-0.43,0.48,-0.16,0.74,200.13,80.32,47.30,R
18.696,16,9,33,12,33,-4.32,-2.72,16.45,3.96,-0.72,4.06,-12.08,8.51,13.34,1.90,2.26,4.58,-10.21,11.22,14.00,1.52,3.40,4.13,-7.90,10.68,16.40,1.86,2.55,4.47,-5.36,17.90,8.27,1.71,3.73,3.08,0.64,-0.19,0.69,132.69,160.58,170.78,R
18.747,18,8,37,12,31,-2.90,-3.39,12.29,2.24,-2.16,4.17,-11.17,2.14,14.60,-0.31,-0.16,5.86,-8.81,4.69,16.65,0.36,-0.12,5.88,-7.52,2.93,18.21,0.81,-1.51,5.58,-6.32,9.33,12.00,0.72,1.18,5.65,0.77,-0.18,0.68,50.96,89.36,216.43,R
18.798,31,9,35,8,30,3.45,-8.35,7.32,2.57,-4.64,2.31,-4.05,-7.09,9.33,-0.43,-2.36,3.62,-3.69,-4.87,8.85,1.11,-1.78,3.48,-3.41,-2.97,11.33,1.82,-2.36,2.69,-3.25,7.02,12.57,1.22,-1.08,3.39,0.59,-0.06,0.79,-37.29,24.90,122.50,R
18.849,44,20,39,3,26,2.38,-0.77,0.07,-0.17,-2.76,0.04,-1.80,-2.87,5.68,-1.66,-2.63,0.67,-1.58,-2.16,8.47,-1.55,-2.61,1.00,-1.58,-0.35,11.18,-2.15,-2.94,0.76,-1.64,7.97,11.20,-2.91,-2.13,2.10,0.87,-0.02,0.79,-96.80,-106.57,32.53,R
18.9,41,29,39,2,25,3.10,-4.02,4.89,-5.16,-1.66,-0.97,-1.67,-1.55,8.22,-4.69,-2.85,-2.64,-1.32,1.64,7.86,-4.69,-3.57,-1.33,-0.35,3.32,7.95,-5.11,-3.19,-0.87,0.24,7.77,5.29,-5.46,-2.42,0.94,0.35,0.10,0.76,-137.02,-322.51,-46.87,R
18.951,44,36,39,3,27,2.93,-6.44,6.97,-5.69,-0.78,-0.85,-1.50,-1.12,9.50,-4.29,-2.10,-2.65,-0.02,0.99,8.13,-4.33,-2.70,-1.25,0.99,-0.14,4.92,-4.21,-2.32,-0.86,1.22,1.79,1.10,-3.77,-1.85,0.33,-0.12,0.17,0.77,-64.15,-260.68,-59.75,R
19.002,43,38,40,2,26,2.63,-6.78,8.54,-2.60,0.34,-0.84,-0.15,-3.41,6.17,-1.52,-0.57,-1.63,0.74,-1.96,5.28,-1.47,-0.75,-1.36,1.34,-0.51,5.45,-1.39,-0.32,-1.32,1.77,4.33,4.96,-1.07,-0.48,-1.16,0.15,0.08,0.99,-12.08,-59.69,-56.40,R
19.053,40,38,36,2,26,1.05,-4.04,8.95,-0.63,1.18,-0.16,-1.68,1.95,7.30,-1.01,0.97,-0.89,-0.16,3.21,8.04,-1.16,0.84,-0.72,1.27,2.00,7.68,-0.89,1.06,-0.49,1.74,4.60,4.59,-0.61,0.84,-0.99,0.11,0.06,0.97,54.81,-47.24,-51.94,R
19.104,40,35,34,1,26,1.58,-5.44,8.98,0.37,1.23,0.29,-2.24,-2.00,9.32,0.09,0.96,-0.08,-0.50,0.51,10.06,0.06,0.73,-0.39,0.65,1.39,10.62,-0.01,0.98,-0.46,1.36,7.90,9.17,-0.02,0.68,-0.89,0.29,-0.09,1.05,58.11,20.75,-33.69,R
19.155,39,32,33,0,26,0.95,-5.56,11.41,0.59,0.86,0.26,-3.20,0.51,11.31,0.21,0.80,0.27,-0.63,3.08,10.04,0.33,0.77,0.17,0.58,2.22,10.12,0.56,1.07,0.16,0.89,7.14,7.68,0.89,1.03,-0.45,0.21,-0.05,1.10,56.58,21.36,-8.91,R
19.205,39,32,29,2,24,1.58,-5.49,10.60,1.17,0.61,0.47,-2.76,-1.80,11.34,0.89,0.59,0.57,-0.50,1.45,11.48,0.72,0.63,0.19,0.46,1.88,11.23,0.65,0.88,0.16,0.90,7.48,8.77,0.77,0.84,-0.34,0.29,-0.10,1.08,49.68,35.58,3.17,R
19.257,38,29,28,0,25,1.59,-5.00,9.54,1.28,0.56,0.50,-2.35,-1.81,10.67,0.75,0.53,0.60,-0.26,-0.07,10.33,0.93,0.40,0.24,0.23,0.34,9.91,0.96,0.93,0.13,0.26,5.98,8.59,1.12,0.88,-0.55,0.28,-0.11,0.98,53.96,53.77,4.15,R
19.308,36,28,26,2,24,0.60,-3.89,8.74,0.99,0.71,0.30,-2.31,-0.77,8.61,1.11,0.51,0.16,-0.46,1.91,7.66,0.99,0.75,-0.20,-0.23,1.78,7.21,0.97,1.39,-0.11,0.56,5.42,6.56,0.89,1.82,-1.15,0.21,-0.12,1.01,52.06,34.24,-6.10,R
19.359,34,27,25,6,24,0.98,-5.21,9.96,0.42,0.81,0.23,-4.45,-0.94,14.51,0.09,0.61,-0.11,-1.89,3.48,18.99,-1.03,0.12,-0.15,-1.66,2.29,9.99,0.21,0.29,-0.24,-1.28,5.98,9.06,-0.58,0.33,-0.12,0.49,-0.31,1.11,11.66,-0.85,-7.08,R
19.41,31,24,24,5,26,0.01,-2.44,6.64,-1.18,0.91,0.36,-2.17,-1.78,11.90,0.14,-0.34,-0.23,-1.25,3.06,14.83,-0.22,-0.29,-0.16,-0.71,1.26,9.84,-0.26,-0.03,-0.14,-0.74,6.45,7.51,-0.28,0.06,-0.07,0.25,-0.23,0.87,18.31,-9.46,-9.77,R
19.461,29,18,22,4,26,-0.58,-4.72,9.11,0.03,-0.02,-0.16,-3.08,-0.77,9.57,-0.02,-0.07,0.01,-1.08,1.49,9.66,-0.02,-0.07,0.04,-0.61,0.80,9.72,0.01,-0.03,0.08,-0.37,6.05,7.75,0.13,0.06,0.17,0.18,-0.16,1.00,-2.32,14.22,1.40,R
19.512,29,18,23,4,26,0.23,-3.88,8.91,0.37,0.03,0.02,-2.66,-0.18,9.46,0.17,-0.01,0.11,-0.93,1.79,9.67,-0.01,-0.01,0.07,-0.87,1.12,9.75,-0.01,-0.02,0.04,-0.56,6.71,7.65,-0.01,0.01,0.02,0.42,-0.19,0.94,-2.38,9.52,-2.08,R
19.563,30,21,23,6,28,0.07,-4.10,9.15,-0.21,0.09,-0.07,-2.57,-0.56,9.65,-0.02,0.02,-0.08,-0.87,1.53,9.59,-0.05,-0.00,-0.06,-0.75,1.07,9.66,-0.05,-0.02,-0.03,-0.52,6.07,7.65,-0.02,-0.01,-0.01,0.22,-0.17,0.95,-0.49,-4.27,-3.11,R
19.614,31,21,23,5,28,-0.13,-4.35,9.12,0.03,0.00,0.01,-2.67,-0.36,9.52,0.02,0.00,0.03,-0.93,1.60,9.67,-0.03,-0.01,0.02,-0.65,1.03,9.77,0.01,-0.01,0.01,-0.41,6.34,7.73,0.03,0.02,0.02,0.29,-0.18,0.96,-1.65,1.46,-0.43,R
19.665,29,21,22,4,28,0.06,-4.18,9.05,-0.06,0.04,-0.02,-2.57,-0.43,9.55,-0.05,-0.01,0.01,-0.86,1.58,9.73,-0.10,-0.01,0.03,-0.70,0.99,9.83,-0.00,0.01,0.01,-0.43,6.36,7.72,0.04,0.02,0.01,0.27,-0.16,0.97,-0.43,0.92,-0.18,R
19.716,29,19,22,4,27,-0.13,-4.06,9.02,-0.01,0.09,-0.04,-2.66,-0.34,9.44,-0.00,0.04,0.01,-0.94,1.58,9.59,-0.01,0.01,-0.01,-0.70,0.95,9.76,-0.01,0.00,0.00,-0.57,6.45,7.61,0.02,0.03,-0.01,0.29,-0.17,0.94,-1.71,1.34,-0.31,R
19.766,31,19,24,5,27,-0.09,-4.09,9.11,0.00,0.05,-0.04,-2.63,-0.33,9.53,0.00,0.04,0.01,-0.99,1.60,9.64,-0.03,0.04,0.01,-0.71,0.93,9.82,0.02,0.03,-0.00,-0.45,6.49,7.61,0.02,0.03,-0.00,0.29,-0.17,0.95,-3.30,1.71,-0.98,R
19.817,32,20,24,5,28,-0.06,-4.13,9.03,-0.03,0.06,0.00,-2.60,-0.32,9.53,0.01,0.03,0.01,-0.84,1.58,9.66,-0.02,0.02,0.00,-0.70,0.97,9.74,0.02,0.03,0.00,-0.48,6.39,7.59,0.05,0.03,-0.01,0.28,-0.17,0.95,0.43,1.77,-0.37,R
19.869,31,25,22,5,28,-0.08,-4.39,9.09,-0.06,0.04,-0.01,-2.75,-0.24,9.56,-0.01,0.05,0.00,-0.87,1.63,9.60,-0.03,0.01,-0.00,-0.69,1.03,9.71,0.02,0.01,-0.00,-0.47,6.39,7.58,0.03,0.03,0.00,0.28,-0.16,0.96,-0.12,0.61,0.43,R
19.92,31,20,23,4,28,-0.15,-4.07,9.07,-0.01,0.03,-0.01,-2.67,-0.30,9.43,0.01,0.04,0.00,-0.97,1.61,9.65,-0.03,0.00,-0.00,-0.68,0.91,9.83,0.00,0.02,-0.00,-0.52,6.39,7.62,0.03,0.02,-0.01,0.29,-0.16,0.96,0.18,1.46,0.43,R
19.97,31,18,23,6,29,-0.07,-4.27,9.02,-0.04,0.04,-0.01,-2.67,-0.38,9.58,-0.00,0.03,0.00,-0.94,1.66,9.60,-0.03,0.01,0.00,-0.72,1.02,9.71,-0.00,0.01,-0.01,-0.49,6.45,7.57,0.00,0.02,-0.02,0.30,-0.17,0.95,-0.31,0.00,-0.49,R
20.021,31,18,23,5,28,-0.17,-4.23,9.06,-0.01,0.05,-0.02,-2.74,-0.40,9.54,-0.01,0.02,-0.01,-0.96,1.72,9.66,-0.05,-0.01,-0.00,-0.70,1.04,9.80,-0.01,0.01,-0.01,-0.46,6.41,7.64,0.02,0.02,-0.01,0.28,-0.16,0.95,1.46,-0.06,0.00,R
20.073,30,20,20,5,28,-0.07,-4.35,9.02,-0.01,0.04,-0.02,-2.72,-0.39,9.56,-0.00,0.06,-0.00,-1.00,1.75,9.64,-0.00,0.01,-0.01,-0.68,1.08,9.80,-0.02,0.01,-0.01,-0.48,6.27,7.60,0.00,0.01,-0.01,0.29,-0.16,0.96,-0.31,-0.24,-0.18,R
20.124,30,19,19,5,28,-0.07,-4.30,8.95,0.03,0.02,-0.02,-2.72,-0.45,9.52,-0.02,0.03,-0.00,-1.00,1.57,9.60,-0.01,0.00,-0.00,-0.73,0.94,9.71,-0.03,0.01,0.00,-0.49,6.36,7.61,0.00,0.01,-0.01,0.29,-0.17,0.95,0.55,0.49,0.06,R
20.175,30,19,22,5,27,-0.16,-4.41,8.98,-0.05,0.02,0.01,-2.66,-0.19,9.54,-0.02,0.01,-0.00,-1.00,1.57,9.67,-0.05,0.00,0.01,-0.66,0.97,9.75,0.01,0.00,-0.01,-0.56,6.36,7.59,-0.01,0.02,0.00,0.28,-0.17,0.95,0.49,-1.16,0.37,R
20.226,29,20,20,5,28,-0.16,-4.28,9.00,0.03,0.02,-0.03,-2.73,-0.41,9.54,-0.01,0.03,-0.01,-0.97,1.63,9.58,-0.02,0.00,-0.01,-0.66,1.05,9.78,-0.02,0.01,-0.01,-0.56,6.37,7.59,-0.00,0.02,-0.01,0.29,-0.17,0.95,0.31,-1.04,0.31,R
20.277,32,19,24,6,29,-0.15,-4.29,8.98,-0.01,0.02,0.00,-2.65,-0.34,9.51,-0.02,0.03,0.01,-0.95,1.57,9.64,-0.02,0.01,0.01,-0.79,1.05,9.82,0.00,0.02,0.01,-0.49,6.42,7.66,0.00,0.02,-0.00,0.29,-0.17,0.95,-0.18,0.43,0.37,R
20.328,31,19,23,5,30,-0.12,-4.26,8.99,-0.01,0.03,-0.03,-2.71,-0.26,9.44,-0.00,0.03,-0.01,-1.00,1.49,9.59,-0.05,0.00,-0.00,-0.71,0.98,9.75,-0.01,0.01,-0.01,-0.47,6.39,7.58,0.01,0.02,-0.01,0.29,-0.16,0.95,0.43,-1.40,0.06,R
20.379,30,21,20,5,26,-0.10,-4.48,9.00,-0.02,0.03,-0.01,-2.67,-0.47,9.53,-0.00,0.03,0.00,-0.97,1.58,9.63,-0.02,0.02,0.00,-0.74,1.08,9.74,0.00,0.01,-0.00,-0.56,6.40,7.62,0.00,0.02,-0.01,0.28,-0.16,0.95,0.00,0.12,0.18,R
20.43,28,20,19,4,28,-0.22,-4.18,9.12,0.01,0.03,-0.03,-2.75,-0.33,9.52,-0.02,0.03,0.00,-0.97,1.61,9.61,-0.03,0.01,0.00,-0.72,1.02,9.77,0.00,0.02,0.00,-0.52,6.41,7.62,0.01,0.01,-0.01,0.28,-0.16,0.95,0.24,0.37,0.06,R
20.482,31,20,22,6,28,-0.15,-4.40,8.98,-0.03,0.02,-0.00,-2.76,-0.34,9.45,0.00,0.03,-0.00,-0.93,1.60,9.63,-0.03,0.00,0.00,-0.75,1.03,9.74,-0.01,0.00,-0.01,-0.50,6.32,7.60,-0.00,0.02,-0.01,0.29,-0.16,0.95,-0.49,-1.28,-0.12,R
20.532,29,19,22,6,30,-0.09,-4.41,8.93,-0.01,0.03,-0.03,-2.69,-0.39,9.50,-0.01,0.02,-0.00,-0.99,1.53,9.59,-0.02,0.02,-0.00,-0.67,1.05,9.77,0.00,0.02,-0.00,-0.52,6.30,7.62,0.02,0.01,-0.00,0.27,-0.16,0.95,0.43,0.37,0.00,R
20.583,30,20,20,6,30,-0.20,-4.28,9.05,-0.03,0.00,0.02,-2.76,-0.38,9.50,-0.01,0.01,0.01,-0.92,1.63,9.65,-0.04,0.00,0.01,-0.73,1.13,9.72,-0.00,0.01,-0.00,-0.47,6.35,7.62,0.01,0.02,-0.01,0.29,-0.16,0.96,0.79,-0.61,0.18,R
20.634,29,18,25,7,28,-0.11,-4.34,9.00,-0.01,0.02,-0.02,-2.73,-0.49,9.60,-0.00,0.03,-0.01,-0.91,1.55,9.68,-0.01,0.01,-0.01,-0.73,1.06,9.77,-0.01,0.01,-0.00,-0.49,6.35,7.65,0.00,0.01,-0.01,0.28,-0.16,0.96,0.18,-0.43,-0.06,R
20.685,29,19,23,5,28,-0.17,-4.32,8.97,-0.03,0.01,0.01,-2.67,-0.31,9.50,-0.01,0.02,0.00,-0.98,1.63,9.68,-0.04,0.01,0.01,-0.76,1.09,9.78,-0.00,0.01,0.00,-0.47,6.41,7.60,0.00,0.02,-0.00,0.29,-0.16,0.95,0.49,-0.49,0.00,R
20.735,29,18,20,4,29,-0.11,-4.61,8.91,0.02,0.01,-0.03,-2.71,-0.42,9.52,-0.03,0.03,-0.00,-1.02,1.52,9.68,-0.03,0.00,-0.01,-0.69,1.13,9.70,-0.01,0.01,-0.01,-0.53,6.34,7.60,-0.00,0.02,-0.01,0.28,-0.16,0.96,0.79,-0.37,0.31,R
20.788,29,18,20,6,30,-0.14,-4.39,8.99,-0.02,0.01,0.00,-2.73,-0.36,9.54,0.02,0.03,-0.00,-0.97,1.60,9.61,-0.03,0.02,0.01,-0.75,0.99,9.74,0.01,0.01,0.00,-0.44,6.51,7.55,0.01,0.01,-0.01,0.29,-0.16,0.95,-0.49,0.43,-0.06,R
20.838,28,17,22,4,28,-0.17,-4.42,8.96,-0.02,0.02,-0.02,-2.65,-0.41,9.52,-0.04,0.02,0.00,-0.97,1.57,9.64,-0.04,0.00,0.00,-0.68,0.99,9.81,0.01,0.01,-0.00,-0.50,6.35,7.64,0.01,0.02,-0.01,0.28,-0.16,0.96,0.85,-0.98,-0.24,R
20.889,28,18,22,5,26,-0.11,-4.33,8.96,0.00,0.02,-0.01,-2.70,-0.44,9.51,0.01,0.02,-0.01,-0.98,1.59,9.59,-0.02,0.01,-0.00,-0.72,1.03,9.78,0.01,0.01,-0.00,-0.54,6.37,7.58,0.00,0.02,-0.01,0.28,-0.16,0.95,0.12,-0.85,0.06,R
20.94,28,17,20,5,30,-0.20,-4.26,8.96,0.00,0.01,-0.01,-2.73,-0.29,9.46,-0.01,0.03,0.00,-1.01,1.61,9.60,-0.03,0.01,0.00,-0.73,1.01,9.81,0.00,0.01,0.00,-0.57,6.49,7.54,-0.00,0.02,-0.01,0.28,-0.16,0.95,0.31,0.12,-0.18,R
20.99,28,17,22,5,29,-0.18,-4.50,8.99,-0.01,0.02,-0.02,-2.72,-0.44,9.59,-0.02,0.03,0.00,-1.01,1.56,9.62,-0.02,0.02,-0.01,-0.66,1.04,9.74,0.00,0.02,-0.01,-0.48,6.34,7.57,0.01,0.02,-0.01,0.28,-0.16,0.95,0.18,-0.98,0.00,R
21.042,29,17,23,6,28,-0.20,-4.32,8.97,0.00,0.01,-0.00,-2.68,-0.32,9.49,0.01,0.03,0.00,-1.02,1.54,9.57,-0.04,0.01,0.01,-0.70,1.06,9.73,-0.00,0.01,0.00,-0.45,6.47,7.56,0.01,0.02,-0.01,0.29,-0.16,0.96,0.67,0.31,0.12,R
21.093,28,17,22,5,28,-0.18,-4.38,9.02,-0.03,0.02,-0.01,-2.71,-0.40,9.54,-0.01,0.03,-0.01,-0.97,1.65,9.62,-0.02,0.01,-0.00,-0.68,0.96,9.80,-0.01,0.01,0.00,-0.54,6.40,7.57,0.01,0.02,-0.01,0.27,-0.16,0.96,0.18,-0.61,0.00,R
21.143,29,19,22,8,28,-0.23,-4.36,8.98,0.00,0.01,0.01,-2.74,-0.37,9.53,0.00,0.02,0.01,-1.02,1.62,9.70,-0.04,0.00,0.01,-0.71,1.12,9.71,0.00,0.01,0.01,-0.50,6.39,7.59,0.01,0.02,-0.00,0.28,-0.16,0.95,1.04,0.43,0.18,R
21.195,30,17,20,5,27,-0.16,-4.55,8.95,-0.03,0.01,0.00,-2.67,-0.35,9.48,-0.00,0.03,0.00,-0.98,1.63,9.62,-0.03,0.01,-0.00,-0.68,1.17,9.76,-0.01,0.01,-0.01,-0.46,6.32,7.60,-0.01,0.02,-0.01,0.28,-0.16,0.96,0.18,-0.79,-0.18,R
21.246,28,18,20,5,28,-0.16,-4.36,8.96,0.00,0.02,0.00,-2.67,-0.43,9.50,-0.01,0.02,-0.00,-0.99,1.51,9.69,-0.03,0.01,0.01,-0.71,1.02,9.78,0.00,0.01,0.00,-0.49,6.37,7.65,0.01,0.01,-0.01,0.28,-0.16,0.95,0.55,0.12,0.00,R
21.297,28,19,20,3,27,-0.17,-4.28,8.97,0.02,0.02,-0.02,-2.71,-0.39,9.53,-0.01,0.02,-0.00,-1.01,1.65,9.60,-0.03,-0.00,0.00,-0.69,1.14,9.76,-0.02,0.00,-0.00,-0.45,6.32,7.62,-0.01,0.02,-0.00,0.28,-0.16,0.96,1.04,-0.79,-0.06,R
21.348,28,18,19,5,29,-0.13,-4.32,8.99,-0.02,0.01,0.02,-2.75,-0.31,9.55,0.00,0.03,0.01,-0.99,1.61,9.56,-0.02,0.02,-0.00,-0.68,1.12,9.76,0.00,0.02,-0.00,-0.55,6.42,7.58,0.01,0.02,-0.01,0.28,-0.16,0.96,0.18,0.06,0.06,R
21.399,27,16,22,4,28,-0.16,-4.43,8.97,0.00,0.02,-0.01,-2.70,-0.30,9.47,-0.01,0.03,0.00,-1.04,1.61,9.61,-0.02,0.02,-0.00,-0.75,1.07,9.73,0.00,0.02,-0.00,-0.51,6.44,7.58,0.02,0.02,-0.01,0.28,-0.16,0.95,0.73,0.18,-0.06,R
21.45,28,19,19,5,28,-0.20,-4.26,8.99,0.00,0.01,-0.00,-2.75,-0.37,9.51,-0.01,0.02,-0.00,-0.97,1.65,9.66,-0.03,0.01,-0.00,-0.71,1.16,9.78,-0.01,0.01,-0.01,-0.49,6.34,7.53,-0.01,0.02,-0.01,0.28,-0.16,0.96,1.10,-1.04,0.18,R
21.501,28,18,23,7,28,-0.14,-4.52,8.93,-0.01,0.02,-0.00,-2.71,-0.41,9.56,0.01,0.04,0.01,-0.98,1.58,9.64,-0.01,0.03,0.01,-0.72,1.12,9.74,0.01,0.01,-0.00,-0.52,6.35,7.63,-0.01,0.02,-0.00,0.29,-0.16,0.96,-0.31,0.67,0.00,R
21.552,29,19,23,7,29,-0.28,-4.41,9.00,0.03,0.02,-0.02,-2.76,-0.20,9.46,-0.01,0.02,-0.00,-1.06,1.58,9.62,-0.04,-0.00,0.00,-0.76,1.06,9.77,-0.01,0.01,-0.01,-0.48,6.37,7.60,0.01,0.02,-0.02,0.28,-0.16,0.95,1.34,-0.55,0.00,R
21.603,27,18,25,4,28,-0.21,-4.26,8.99,-0.02,0.01,0.03,-2.72,-0.33,9.46,-0.03,0.00,0.01,-1.03,1.57,9.64,-0.04,-0.01,0.01,-0.72,1.01,9.76,-0.03,0.00,0.00,-0.47,6.39,7.60,-0.01,0.01,-0.01,0.29,-0.16,0.96,1.34,0.67,0.18,R
21.654,28,19,23,6,30,-0.15,-4.41,8.95,0.01,0.03,-0.03,-2.76,-0.37,9.52,-0.00,0.03,-0.01,-0.98,1.51,9.59,-0.01,0.02,-0.00,-0.66,1.01,9.71,0.01,0.01,0.00,-0.53,6.38,7.57,0.01,0.01,-0.01,0.27,-0.16,0.95,-0.06,-0.67,-0.49,R
21.705,29,20,22,6,28,-0.24,-4.45,9.00,-0.01,0.01,0.00,-2.75,-0.37,9.55,-0.03,0.02,0.00,-0.96,1.64,9.62,-0.04,-0.00,-0.00,-0.64,1.08,9.76,-0.01,0.01,-0.01,-0.52,6.33,7.58,0.00,0.02,-0.01,0.28,-0.16,0.95,1.34,-1.22,0.00,R
21.756,28,18,23,6,28,-0.12,-4.48,8.95,-0.00,0.02,-0.02,-2.72,-0.36,9.43,0.00,0.03,-0.00,-1.02,1.67,9.66,-0.04,0.00,0.00,-0.72,1.11,9.78,-0.02,0.00,0.00,-0.54,6.38,7.64,-0.00,0.01,-0.01,0.28,-0.16,0.96,0.73,-0.43,0.06,R
21.808,27,19,19,5,27,-0.17,-4.47,8.93,-0.00,0.01,-0.01,-2.74,-0.33,9.52,-0.00,0.03,0.00,-1.01,1.58,9.62,-0.03,0.01,0.00,-0.70,1.11,9.79,-0.00,0.02,-0.01,-0.49,6.32,7.62,0.00,0.02,-0.01,0.28,-0.16,0.95,0.24,-0.31,-0.18,R
21.858,28,18,19,5,28,-0.08,-4.45,8.94,-0.00,0.02,-0.01,-2.77,-0.36,9.50,-0.01,0.02,0.01,-1.03,1.62,9.64,-0.05,-0.01,0.01,-0.66,1.04,9.82,-0.01,0.00,-0.00,-0.50,6.40,7.65,0.01,0.02,-0.01,0.28,-0.16,0.96,1.10,-0.31,-0.18,R
21.909,29,18,23,6,28,-0.15,-4.47,8.90,-0.02,0.01,0.00,-2.75,-0.29,9.53,0.01,0.02,-0.00,-1.06,1.57,9.66,-0.03,0.00,0.00,-0.75,1.11,9.76,-0.01,0.01,-0.01,-0.50,6.37,7.56,-0.00,0.01,-0.01,0.28,-0.16,0.96,0.55,-0.12,0.18,R
21.959,29,20,25,8,29,-0.14,-4.65,8.92,0.00,0.01,-0.01,-2.77,-0.28,9.52,-0.03,0.03,0.00,-0.99,1.50,9.61,-0.03,0.01,0.00,-0.71,1.10,9.73,-0.00,0.01,0.01,-0.57,6.42,7.55,0.01,0.02,-0.01,0.28,-0.16,0.95,0.18,-0.06,-0.24,R
22.01,28,19,22,5,28,-0.13,-4.47,8.97,-0.02,0.01,0.00,-2.76,-0.42,9.55,0.00,0.01,-0.00,-1.02,1.52,9.64,-0.04,-0.01,0.00,-0.73,1.03,9.70,-0.01,0.01,-0.00,-0.47,6.35,7.56,0.00,0.02,-0.01,0.27,-0.16,0.96,1.28,-0.92,-0.12,R
22.062,27,18,20,5,28,-0.20,-4.35,8.98,0.02,0.03,-0.03,-2.73,-0.32,9.53,-0.01,0.03,0.01,-1.04,1.60,9.61,-0.03,0.01,-0.00,-0.73,1.17,9.79,-0.01,0.01,-0.00,-0.49,6.27,7.67,-0.01,0.02,-0.01,0.29,-0.16,0.96,0.49,-0.43,-0.12,R
22.112,28,18,20,8,30,-0.18,-4.43,8.94,-0.00,0.01,-0.01,-2.70,-0.38,9.52,0.00,0.03,0.00,-1.05,1.57,9.62,-0.02,0.02,-0.00,-0.69,1.07,9.73,0.00,0.01,-0.01,-0.49,6.39,7.58,0.00,0.01,-0.01,0.28,-0.16,0.96,0.00,-0.12,-0.24,R
22.164,28,20,24,5,29,-0.16,-4.55,8.94,-0.01,0.01,-0.00,-2.77,-0.31,9.50,-0.03,0.01,-0.00,-0.97,1.60,9.66,-0.03,-0.00,-0.00,-0.75,1.10,9.74,-0.01,0.01,-0.00,-0.51,6.35,7.68,0.01,0.01,-0.01,0.28,-0.16,0.95,1.34,-0.18,0.31,R
22.215,27,19,24,5,29,-0.23,-4.35,8.91,0.00,0.02,-0.01,-2.73,-0.35,9.50,0.01,0.03,0.01,-1.03,1.67,9.58,-0.03,0.00,0.00,-0.67,1.12,9.78,-0.01,0.01,-0.00,-0.50,6.30,7.62,0.01,0.02,-0.01,0.28,-0.16,0.96,0.12,-0.37,-0.12,R
22.266,27,19,20,6,28,-0.22,-4.38,8.98,0.01,0.02,-0.00,-2.73,-0.40,9.57,-0.02,0.03,0.00,-1.02,1.60,9.67,-0.04,0.01,-0.00,-0.70,1.14,9.83,-0.00,0.02,-0.01,-0.51,6.42,7.62,0.01,0.02,-0.01,0.28,-0.16,0.96,0.49,0.12,0.18,R
22.317,28,19,22,5,29,-0.18,-4.48,8.93,-0.01,0.01,0.00,-2.75,-0.34,9.51,-0.01,0.02,-0.01,-1.02,1.64,9.63,-0.03,-0.00,-0.01,-0.72,1.11,9.78,-0.01,0.01,0.01,-0.47,6.36,7.60,0.00,0.02,-0.01,0.27,-0.16,0.96,1.16,-0.85,0.06,R
22.367,28,20,24,8,29,-0.14,-4.50,8.88,0.00,0.01,0.00,-2.73,-0.32,9.50,0.00,0.02,0.01,-0.98,1.67,9.66,-0.02,-0.00,0.01,-0.74,1.12,9.75,-0.02,0.01,0.00,-0.52,6.38,7.60,-0.02,0.01,-0.01,0.29,-0.16,0.96,0.55,0.43,-0.24,R
22.418,28,20,25,7,30,-0.17,-4.59,8.90,-0.01,0.01,0.00,-2.69,-0.32,9.49,-0.00,0.02,-0.00,-0.94,1.58,9.62,-0.03,0.00,0.00,-0.69,0.99,9.74,-0.00,0.01,0.00,-0.57,6.41,7.60,0.01,0.02,-0.01,0.27,-0.16,0.95,0.31,0.31,-0.06,R
22.47,26,18,19,5,28,-0.13,-4.56,8.95,-0.01,0.01,0.01,-2.75,-0.30,9.50,-0.01,0.02,-0.00,-1.03,1.64,9.61,-0.03,0.00,-0.00,-0.74,1.06,9.76,-0.02,0.01,-0.01,-0.56,6.37,7.65,-0.00,0.01,-0.01,0.28,-0.16,0.96,1.10,-0.85,0.06,R
22.521,28,19,23,5,28,-0.19,-4.42,8.93,-0.01,0.01,-0.01,-2.67,-0.37,9.49,-0.00,0.03,-0.00,-0.98,1.52,9.62,-0.03,0.00,0.01,-0.72,1.06,9.76,-0.01,0.02,0.00,-0.57,6.37,7.65,0.01,0.02,-0.00,0.27,-0.15,0.96,0.98,0.24,0.24,R
22.572,27,19,20,6,28,-0.11,-4.62,8.89,-0.02,0.00,0.01,-2.72,-0.33,9.51,-0.02,0.03,-0.00,-0.98,1.56,9.63,-0.02,0.01,-0.01,-0.74,1.13,9.81,-0.00,0.02,-0.01,-0.49,6.36,7.59,0.01,0.02,-0.01,0.28,-0.16,0.95,0.49,-0.06,-0.12,R
22.622,27,18,22,5,28,-0.24,-4.30,8.99,0.01,0.02,-0.01,-2.75,-0.36,9.48,-0.01,0.01,0.00,-1.03,1.56,9.64,-0.03,-0.01,-0.01,-0.69,1.08,9.71,-0.01,0.02,-0.00,-0.53,6.34,7.64,0.00,0.02,-0.01,0.28,-0.16,0.96,1.22,-0.61,0.12,R
22.674,28,17,22,5,28,-0.17,-4.40,8.95,-0.01,0.02,-0.00,-2.72,-0.29,9.55,0.01,0.03,0.01,-1.01,1.58,9.62,-0.02,0.01,0.00,-0.74,1.04,9.73,0.01,0.01,-0.00,-0.50,6.41,7.60,0.00,0.02,-0.01,0.29,-0.16,0.96,0.18,0.85,0.00,R
22.724,27,18,22,5,29,-0.19,-4.43,8.92,0.01,0.01,0.00,-2.76,-0.31,9.54,-0.01,0.02,0.00,-0.97,1.57,9.65,-0.03,0.00,0.01,-0.72,1.10,9.84,0.00,0.01,0.00,-0.52,6.36,7.60,0.01,0.02,-0.01,0.27,-0.16,0.95,0.43,-0.18,-0.24,R
22.776,28,20,23,5,29,-0.22,-4.44,8.93,0.01,0.02,-0.00,-2.76,-0.27,9.49,-0.00,0.00,0.00,-1.02,1.54,9.64,-0.04,-0.00,0.01,-0.67,1.05,9.74,-0.01,0.01,-0.00,-0.48,6.36,7.69,0.00,0.01,-0.00,0.28,-0.15,0.96,1.71,0.18,0.18,R
22.827,28,18,20,6,28,-0.15,-4.54,8.97,0.02,0.02,-0.01,-2.69,-0.45,9.58,0.03,0.04,0.00,-0.96,1.57,9.66,0.01,0.02,0.00,-0.70,1.07,9.73,0.04,0.02,0.00,-0.55,6.31,7.58,0.05,0.02,-0.01,0.27,-0.16,0.96,-0.06,1.10,-0.18,R
22.878,28,20,25,5,28,-0.29,-4.85,9.35,0.24,-0.08,0.02,-2.64,-0.80,10.21,0.36,0.08,0.01,-1.22,0.83,9.84,0.27,0.17,-0.00,-0.79,1.13,9.83,0.27,0.06,0.01,-0.43,6.32,7.64,0.21,0.02,0.02,0.28,-0.16,0.97,-1.16,9.77,-0.55,R
22.929,27,23,28,6,28,-0.02,-6.68,11.86,1.17,-0.83,-0.13,-3.10,-0.83,10.83,0.70,0.35,0.10,-1.12,0.65,10.27,0.72,0.45,-0.02,-0.90,0.27,10.01,0.70,0.25,0.11,-0.61,6.20,7.82,0.76,0.08,0.10,0.15,-0.18,1.02,-4.15,26.86,3.60,R
22.98,35,27,37,9,30,1.34,-6.91,12.47,1.92,-0.95,-0.73,-3.67,-0.49,13.09,2.16,0.50,0.31,-1.78,1.30,12.55,2.15,0.80,0.02,-1.46,0.31,12.59,2.18,0.63,-0.19,-1.00,6.03,7.78,3.69,-0.02,-0.20,0.28,-0.20,1.02,-37.05,99.55,6.84,R
23.031,51,34,39,26,32,0.90,-4.20,10.56,2.35,-0.42,-2.21,-5.09,0.57,12.30,3.22,0.03,0.19,-3.11,3.61,11.93,3.86,-0.04,-0.23,-1.30,6.64,12.96,4.63,-0.38,-0.41,-1.02,17.10,8.16,3.06,-0.78,0.53,0.53,-0.02,1.05,-104.74,165.59,19.96,R
23.082,59,38,37,31,31,-0.10,1.26,12.05,2.86,-1.10,-0.98,-4.82,6.41,9.81,2.57,-0.89,0.95,-3.39,8.19,8.89,2.56,-0.57,0.89,-2.14,7.50,8.39,2.83,-0.73,0.85,-0.74,10.36,1.39,2.98,-0.55,1.27,0.81,-0.14,0.84,-53.89,138.06,36.62,R
23.133,58,39,38,33,34,-0.14,3.52,9.24,2.92,-1.02,-0.63,-3.55,8.40,7.02,2.46,-0.81,1.50,-2.54,9.65,6.98,2.62,-0.52,1.31,-1.44,9.64,6.95,2.19,-0.79,1.29,0.12,12.08,0.31,1.99,-0.16,1.56,1.13,-0.00,0.64,-59.27,176.82,72.20,R
23.183,54,42,38,31,34,0.57,5.38,8.86,2.28,-1.47,0.35,-2.32,9.61,3.90,0.84,-0.49,1.70,-1.44,10.32,2.69,0.97,-0.19,1.74,-0.10,10.37,2.87,1.05,-0.16,1.78,1.33,10.33,-2.93,1.07,0.74,1.66,0.85,0.13,0.53,-15.32,70.86,92.83,R
23.235,55,40,40,32,34,1.26,5.80,6.00,1.10,-0.76,1.69,-1.33,7.43,3.56,-0.10,0.36,2.29,-1.04,7.92,3.17,0.02,0.75,2.16,-0.28,7.68,3.98,0.09,0.71,2.13,0.79,9.17,0.36,0.12,1.82,1.32,0.87,0.14,0.46,42.79,13.67,102.66,R
23.286,53,41,39,31,35,2.15,4.03,4.67,-0.57,-0.08,2.53,-0.50,5.35,3.26,-2.38,1.07,1.82,-0.47,5.68,3.19,-1.90,1.20,1.90,0.29,6.07,3.30,-1.46,1.19,1.86,1.28,7.35,-0.14,-1.21,2.35,0.80,0.75,0.20,0.51,81.91,-72.20,90.27,R
23.337,52,39,38,28,33,2.05,1.77,5.49,-1.20,0.06,2.82,-1.04,3.75,4.17,-2.67,1.01,1.76,-1.06,4.86,3.94,-2.69,1.12,1.93,0.25,3.76,5.29,-2.68,1.28,1.95,0.80,6.57,3.65,-2.85,2.27,0.88,0.69,0.14,0.69,83.80,-112.49,89.42,R
23.387,57,40,40,27,33,2.26,-1.77,2.80,-3.67,0.89,3.14,-0.45,-2.00,3.86,-4.30,1.68,0.87,0.15,-1.29,3.95,-4.28,1.81,1.12,0.32,-1.21,5.52,-4.19,2.20,1.20,0.41,3.26,7.22,-4.46,2.76,-0.22,0.35,0.19,0.79,85.82,-234.37,65.31,R
23.439,59,37,41,27,33,2.40,-7.58,3.92,-4.30,1.22,2.86,-1.28,-7.93,6.81,-4.47,2.39,-0.05,-0.39,-6.05,9.21,-4.84,2.05,0.21,0.49,-5.72,9.19,-5.01,1.78,0.37,0.26,2.01,11.16,-4.79,2.00,-0.75,0.05,0.27,0.72,94.30,-257.02,24.54,R
23.49,61,38,48,22,32,1.85,-10.24,1.38,-6.12,2.30,2.05,-2.07,-11.05,7.38,-5.15,2.34,-1.45,-0.48,-10.23,9.38,-5.04,1.98,-1.09,-0.23,-7.98,9.34,-5.00,2.03,-0.78,-0.36,-0.68,12.07,-5.07,1.55,-1.65,-0.22,0.16,0.85,94.06,-283.94,2.93,R
23.541,57,37,52,19,32,1.29,-13.00,4.22,-4.19,2.10,1.13,-3.40,-9.84,9.56,-3.75,1.98,-2.13,-1.09,-7.48,12.56,-3.74,1.30,-1.79,-0.37,-7.17,11.55,-3.76,1.08,-1.54,-0.17,-0.02,12.90,-3.72,0.39,-1.75,-0.45,0.14,0.88,81.12,-207.34,-38.64,R
23.592,50,36,55,14,31,0.59,-12.04,2.93,-4.17,2.90,0.26,-2.94,-11.69,9.00,-2.58,1.29,-2.55,-1.34,-9.90,11.66,-2.53,0.31,-2.37,-1.17,-9.23,11.59,-2.94,0.35,-2.34,-0.68,-1.22,12.48,-2.86,-0.83,-2.15,-0.41,0.14,0.89,67.32,-141.78,-73.73,R
23.643,38,38,52,11,30,0.23,-12.54,4.47,-1.98,1.21,-0.84,-4.30,-8.15,10.92,-1.37,0.09,-2.94,-1.62,-4.52,13.62,-1.89,-0.77,-2.58,-0.00,-5.82,11.83,-2.24,-1.15,-2.33,2.41,3.91,12.27,-2.09,-3.04,-0.81,-0.56,0.06,0.88,8.00,-93.87,-81.36,R
23.694,32,39,51,5,28,-0.10,-11.15,5.28,-2.41,1.22,-1.23,-2.72,-5.75,8.34,-0.87,-0.34,-2.00,-0.40,-5.16,9.12,-0.66,-1.64,-1.45,0.46,-7.32,7.78,-0.46,-1.79,-1.65,0.88,-1.21,9.98,-0.62,-3.36,-0.25,-0.47,0.04,0.93,-16.97,-22.83,-59.81,R
23.744,27,43,46,0,27,1.82,-14.26,7.67,0.99,-0.45,-2.13,-3.22,-9.57,13.57,3.07,-1.50,-1.45,-0.52,-8.70,11.27,2.67,-0.97,-1.81,0.52,-6.57,8.30,3.59,-0.59,-2.42,1.99,-0.91,7.40,4.04,-1.62,-2.31,-0.52,0.00,0.76,-63.54,65.37,-89.05,R
23.796,33,37,46,5,28,-3.13,-2.51,-0.36,4.96,0.32,-3.56,-1.02,1.15,1.54,4.30,-1.29,-1.32,0.81,5.66,3.91,3.32,-1.10,-1.56,2.96,4.73,6.93,2.11,-0.70,-1.16,4.14,8.14,8.07,1.47,-1.10,-0.35,0.30,0.25,0.91,-83.98,217.65,-63.11,R
23.847,39,41,44,8,30,3.47,-11.20,10.57,4.26,-1.56,-1.43,-0.90,-5.41,11.86,4.73,-0.89,0.66,1.89,-4.75,7.14,4.71,-0.23,-0.06,2.29,-2.51,3.78,6.09,0.27,-0.81,3.34,4.03,1.88,7.26,-0.38,-1.43,-0.31,0.12,0.81,-25.39,221.25,-42.48,R
23.897,39,39,39,14,34,2.31,-1.93,0.82,5.43,0.56,-1.22,2.63,0.42,2.55,5.01,0.49,0.77,2.67,0.84,2.65,4.98,1.11,-0.26,2.28,1.75,3.56,4.68,1.24,-0.61,2.45,3.83,1.87,4.24,0.48,-1.49,0.27,0.27,0.70,16.54,278.63,-16.60,R
23.949,41,38,37,16,36,3.07,-1.81,3.85,5.07,1.13,-0.72,-0.16,2.26,7.21,3.62,1.83,0.49,0.39,4.83,8.90,2.88,1.64,-0.44,1.20,6.34,11.21,2.45,1.47,-0.65,2.88,13.80,8.81,1.75,0.72,-1.37,0.72,0.16,0.86,58.65,153.81,-37.23,R
23.999,39,38,36,11,30,2.03,-0.84,7.96,-0.11,1.21,0.40,-1.57,4.07,8.87,-0.57,1.36,-0.18,-0.15,5.94,7.29,-0.52,1.29,-0.20,1.00,4.85,7.53,-0.14,1.21,0.00,1.43,7.24,4.17,-0.30,1.00,-0.56,0.24,0.13,0.90,68.60,-31.80,-17.58,R
24.05,43,36,35,12,32,2.63,-3.09,9.03,1.69,1.08,0.42,-2.26,-0.29,10.70,0.47,1.48,0.52,-0.36,1.23,10.51,0.62,1.38,0.09,0.24,1.51,12.14,0.26,1.33,-0.09,1.05,8.94,9.23,0.15,0.82,-0.85,0.57,-0.01,1.03,61.34,49.38,-16.60,R
24.101,42,35,32,11,30,1.69,-3.62,10.40,-0.09,1.25,0.45,-2.52,0.67,10.18,-0.68,1.37,-0.26,-0.98,2.58,10.65,-0.86,1.24,-0.41,0.18,2.99,10.12,-0.44,1.22,-0.35,1.04,8.17,5.77,-0.12,0.99,-0.98,0.31,0.00,0.98,62.93,-40.10,-30.33,R
24.153,42,35,33,12,31,1.91,-3.56,11.27,0.52,0.92,0.14,-3.31,0.14,11.48,0.26,0.93,0.00,-1.76,2.12,11.92,0.18,0.68,-0.26,-0.26,2.37,11.44,0.09,0.60,-0.34,0.45,9.79,7.94,-0.03,0.33,-0.70,0.54,-0.13,1.01,27.16,37.05,-17.27,R
24.204,41,34,30,10,30,0.82,-2.18,10.19,-0.36,0.67,0.18,-3.33,0.83,9.38,-0.92,0.57,-0.43,-1.57,2.66,9.45,-0.89,0.44,-0.43,-0.42,3.07,9.07,-0.79,0.50,-0.34,0.06,7.23,4.94,-0.56,0.52,-0.64,0.34,-0.06,0.90,40.89,-56.03,-25.94,R
24.254,38,31,30,10,29,-0.36,-1.19,10.28,0.41,0.47,0.05,-3.58,1.21,9.30,0.11,0.29,-0.02,-1.68,2.66,10.00,0.03,0.19,-0.07,-0.63,2.78,10.37,-0.00,0.41,-0.11,-0.05,8.81,7.60,-0.05,0.47,-0.45,0.41,-0.13,0.96,27.10,12.51,-10.01,R
24.305,34,31,32,8,31,0.79,-2.99,9.77,-0.44,0.37,0.14,-3.49,0.06,9.69,-0.50,0.28,-0.21,-1.65,2.17,9.67,-0.34,0.13,-0.21,-1.10,2.57,9.30,-0.22,0.30,-0.17,-0.21,7.61,6.74,-0.30,0.71,-0.60,0.31,-0.14,0.97,23.68,-25.15,-13.79,R
24.357,34,29,30,10,30,0.04,-1.75,9.59,-0.34,0.35,0.21,-4.93,2.49,13.65,-1.23,0.04,-0.33,-2.74,3.02,15.66,-1.71,-0.37,-0.06,-1.22,3.66,9.97,-1.04,-0.29,-0.07,-0.91,7.39,7.24,-1.24,0.10,-0.03,0.56,-0.24,1.11,4.58,-42.91,-9.52,R
24.408,31,27,30,6,30,0.62,-3.73,8.35,-1.43,0.64,0.21,-2.72,-0.87,9.29,-0.18,-0.22,-0.22,-1.00,1.85,9.35,-0.04,-0.24,-0.13,-0.45,1.53,9.50,-0.30,-0.02,-0.07,-0.34,6.79,7.15,-0.25,0.10,-0.09,0.22,-0.10,0.90,15.50,-11.84,-9.28,R
24.459,30,29,29,8,31,0.07,-4.18,10.60,-0.54,0.15,0.08,-3.50,0.03,9.83,-0.15,-0.05,-0.12,-1.61,1.80,9.69,-0.17,-0.12,-0.08,-1.13,1.77,9.66,-0.23,-0.04,-0.05,-0.75,7.13,7.11,-0.29,-0.01,-0.00,0.31,-0.20,0.91,-7.57,-14.22,-5.07,R
24.509,29,27,29,5,31,-0.10,-4.32,9.62,-0.49,0.25,0.00,-3.14,-0.64,9.60,-0.12,-0.11,-0.04,-1.12,1.51,9.66,-0.07,-0.08,-0.00,-0.57,1.42,9.75,0.02,0.01,0.00,-0.39,6.75,7.26,0.07,0.03,0.03,0.24,-0.14,1.01,0.18,-3.17,-2.93,R
24.56,28,28,29,6,30,-0.16,-4.21,9.63,-0.25,0.20,0.03,-3.11,-0.26,9.45,0.08,0.03,0.03,-1.22,1.81,9.58,0.06,-0.00,-0.01,-0.80,1.66,9.70,0.00,-0.01,-0.01,-0.53,7.14,7.11,-0.04,0.03,-0.00,0.34,-0.16,0.92,-2.93,2.75,-3.05,R
24.612,30,29,29,8,32,-0.11,-4.13,9.35,-0.10,0.06,-0.01,-3.02,-0.39,9.52,-0.08,-0.03,-0.05,-1.13,1.62,9.52,-0.09,-0.02,-0.02,-0.60,1.40,9.73,-0.02,0.00,-0.03,-0.43,6.73,7.15,0.00,0.02,-0.02,0.28,-0.15,0.96,-0.24,-6.77,-2.87,R
24.663,29,29,29,8,32,-0.23,-3.72,8.80,-0.23,0.14,0.03,-3.05,-0.29,9.37,0.02,-0.00,-0.01,-1.17,1.65,9.60,-0.03,-0.00,-0.01,-0.72,1.41,9.72,-0.01,0.01,-0.01,-0.43,6.91,7.21,0.00,0.03,-0.01,0.31,-0.16,0.96,-0.61,-0.67,-1.46,R
24.714,30,29,29,8,32,-0.09,-4.22,8.88,-0.15,0.07,-0.04,-3.08,-0.33,9.36,-0.01,0.03,-0.01,-1.15,1.71,9.55,0.01,-0.02,-0.02,-0.66,1.37,9.72,0.00,-0.00,-0.01,-0.40,6.75,7.19,0.01,0.02,-0.01,0.30,-0.14,0.96,0.06,-0.06,-0.67,R
24.765,28,30,28,7,32,-0.19,-4.33,8.96,-0.08,0.09,0.00,-3.06,-0.23,9.39,-0.01,0.03,0.03,-1.15,1.68,9.50,-0.02,0.03,0.02,-0.75,1.47,9.72,0.05,0.02,0.02,-0.55,6.91,7.14,0.10,0.03,0.01,0.29,-0.15,0.94,-0.55,4.21,-0.12,R
24.816,31,29,28,7,34,-0.30,-4.40,9.11,-0.07,0.05,0.02,-3.00,-0.17,9.42,0.03,-0.02,0.01,-1.17,1.76,9.55,-0.03,-0.03,0.01,-0.72,1.51,9.73,-0.02,-0.01,0.01,-0.41,6.86,7.11,-0.01,0.04,0.00,0.31,-0.14,0.95,0.43,-0.73,-0.06,R
24.866,30,28,27,6,33,-0.24,-4.43,8.96,-0.04,0.06,-0.01,-3.09,-0.37,9.44,0.01,0.04,0.02,-1.31,1.81,9.54,0.01,0.01,0.02,-0.73,1.57,9.65,0.02,0.02,0.02,-0.46,6.87,7.16,0.08,0.04,0.03,0.30,-0.15,0.96,-0.18,4.94,0.37,R
24.918,31,29,27,8,32,-0.22,-4.27,9.15,-0.03,0.04,0.04,-3.02,-0.22,9.45,-0.03,-0.01,0.03,-1.14,1.78,9.55,-0.03,-0.00,0.02,-0.65,1.58,9.67,-0.02,0.02,0.02,-0.48,6.84,7.10,0.06,0.06,0.00,0.31,-0.15,0.95,0.37,0.67,0.18,R
24.968,30,28,27,8,32,-0.32,-4.26,9.00,0.04,0.02,-0.01,-3.11,-0.25,9.41,0.03,0.03,0.02,-1.22,1.86,9.57,-0.03,-0.01,0.01,-0.72,1.53,9.72,-0.04,0.01,0.02,-0.45,6.96,7.06,0.04,0.06,0.00,0.32,-0.15,0.95,0.55,1.95,-0.18,R
25.019,31,28,27,8,32,-0.29,-4.40,9.28,-0.05,0.05,0.01,-2.91,-0.28,9.42,0.00,0.01,0.02,-1.10,1.71,9.58,-0.00,0.01,0.02,-0.70,1.67,9.68,0.01,0.01,0.02,-0.51,6.90,7.11,0.05,0.05,0.02,0.30,-0.15,0.95,0.67,2.87,-0.06,R
25.071,29,29,26,8,33,-0.30,-4.47,9.04,-0.01,0.02,0.03,-3.04,-0.23,9.40,0.02,-0.01,0.02,-1.16,1.92,9.52,-0.02,-0.01,0.01,-0.71,1.53,9.72,-0.01,0.01,0.01,-0.43,6.86,7.05,0.03,0.04,0.01,0.32,-0.15,0.94,1.28,-0.12,-0.24,R
25.121,31,28,29,9,33,-0.41,-4.15,8.93,-0.01,0.02,-0.01,-3.02,-0.23,9.40,-0.04,-0.01,-0.00,-1.20,1.72,9.59,-0.05,-0.02,0.00,-0.68,1.52,9.73,-0.02,0.01,0.00,-0.51,6.98,7.06,0.00,0.04,-0.00,0.30,-0.15,0.96,1.65,-1.34,-0.55,R
25.173,30,29,27,8,33,-0.31,-4.21,9.03,0.01,0.03,-0.02,-3.00,-0.20,9.38,-0.01,0.03,0.00,-1.18,1.81,9.57,-0.01,-0.00,-0.01,-0.68,1.56,9.72,-0.03,-0.00,-0.01,-0.45,7.04,7.04,-0.01,0.03,-0.01,0.32,-0.15,0.95,0.18,-0.43,-0.18,R
25.223,28,29,27,6,32,-0.34,-4.40,8.98,-0.02,0.03,-0.01,-3.02,-0.25,9.42,-0.00,0.02,0.01,-1.16,1.64,9.66,-0.03,0.00,0.01,-0.68,1.50,9.69,-0.01,0.01,0.00,-0.51,7.00,7.02,0.02,0.02,-0.01,0.31,-0.15,0.94,0.49,0.79,-0.31,R
25.275,30,30,27,5,32,-0.27,-4.34,9.07,-0.03,0.01,0.01,-2.99,-0.28,9.43,-0.03,0.01,-0.01,-1.11,1.76,9.61,-0.08,-0.01,0.01,-0.71,1.38,9.70,-0.01,0.02,0.00,-0.53,6.94,7.12,0.01,0.03,-0.01,0.29,-0.15,0.95,1.40,-2.26,-0.49,R
25.326,29,29,25,6,32,-0.32,-4.39,9.01,-0.01,0.02,0.00,-2.97,-0.30,9.43,0.03,-0.00,0.02,-1.22,1.78,9.51,0.01,0.00,0.01,-0.72,1.40,9.78,0.01,0.01,0.01,-0.45,7.03,7.02,0.04,0.03,-0.00,0.32,-0.15,0.95,0.49,0.92,-0.49,R
25.376,28,27,27,6,28,-0.31,-4.41,8.96,-0.00,0.03,-0.02,-2.99,-0.19,9.45,0.05,0.01,-0.02,-1.15,1.74,9.58,-0.01,-0.01,0.00,-0.72,1.49,9.75,0.01,0.01,-0.01,-0.50,7.05,6.99,0.02,0.03,-0.01,0.31,-0.15,0.95,0.06,-1.40,-1.28,R
25.428,28,26,24,0,32,-0.38,-4.28,9.19,-0.04,0.02,-0.01,-2.87,-0.11,9.48,0.07,-0.06,-0.04,-1.19,1.54,9.52,0.01,-0.04,-0.02,-0.79,1.50,9.70,-0.01,-0.00,-0.01,-0.57,6.95,7.07,0.02,0.04,-0.01,0.30,-0.15,0.94,0.85,-1.77,-1.46,R
25.479,30,25,26,8,33,-0.19,-4.54,9.01,-0.03,0.06,-0.10,-2.77,-0.39,9.43,0.05,-0.14,-0.10,-1.03,1.41,9.63,0.18,-0.02,-0.06,-0.71,1.57,9.69,0.09,-0.00,-0.04,-0.45,7.13,6.92,0.03,0.03,-0.05,0.32,-0.14,0.96,-3.11,-4.52,-4.39,R
25.53,28,21,26,6,34,-0.49,-4.52,8.97,0.02,0.04,-0.08,-2.97,0.04,9.51,0.02,-0.06,-0.10,-1.04,1.98,9.46,-0.05,-0.09,-0.09,-0.60,1.66,9.69,0.04,0.01,-0.03,-0.48,7.12,7.02,0.04,0.01,-0.02,0.27,-0.14,0.96,0.55,-1.77,-1.53,R
25.583,28,17,23,6,32,-0.35,-4.36,8.96,0.10,0.01,-0.02,-2.75,0.12,9.46,-0.03,-0.01,0.01,-1.11,2.00,9.45,-0.06,-0.04,-0.01,-0.67,1.73,9.70,-0.02,0.00,-0.01,-0.47,7.06,6.84,0.01,0.01,-0.02,0.33,-0.15,0.94,-0.12,-0.73,-0.73,R
25.632,29,18,25,8,34,-0.14,-4.72,8.92,0.05,0.03,-0.04,-2.72,-0.16,9.55,0.05,0.03,0.00,-1.00,1.21,10.08,-0.02,-0.01,-0.00,-0.57,1.34,9.64,0.05,0.02,-0.00,-0.39,6.99,7.08,0.15,0.03,-0.02,0.29,-0.15,0.96,-0.43,1.53,-1.46,R
25.682,29,18,25,8,34,-0.31,-4.69,9.01,0.26,0.01,-0.01,-2.65,-0.66,9.50,-0.14,-0.04,0.08,-1.05,1.85,9.59,-0.05,-0.02,0.06,-0.68,1.54,9.60,0.03,0.10,0.08,-0.43,7.03,6.89,0.26,0.09,0.02,0.29,-0.15,0.97,5.55,7.20,-0.06,R
25.733,27,18,25,7,33,-0.49,-4.61,9.08,0.12,0.15,0.02,-2.78,-0.04,9.46,-0.14,0.06,0.16,-1.04,1.97,9.44,-0.16,0.08,0.16,-0.83,1.69,9.75,-0.03,0.30,0.14,-0.63,7.20,6.80,0.23,0.23,0.02,0.29,-0.14,1.03,11.23,5.98,0.67,R
25.784,27,15,25,6,36,-0.72,-3.24,9.15,0.06,0.13,0.15,-3.00,0.34,9.40,-0.31,-0.04,0.18,-1.79,2.03,10.25,-0.49,0.10,0.27,-1.01,1.43,9.90,-0.13,0.29,0.11,-0.76,7.28,6.87,0.03,0.44,-0.17,0.38,-0.16,0.98,13.92,-16.48,-3.11,R
25.836,26,9,20,7,36,-0.83,-4.03,9.06,-0.17,-0.24,0.25,-2.73,-0.36,9.43,-0.26,-0.14,0.29,-0.97,1.60,9.65,-0.52,0.04,0.37,-1.13,1.74,9.63,-0.16,0.29,0.25,-0.96,7.11,6.88,0.21,0.63,-0.12,0.19,-0.16,0.89,10.31,-40.65,-4.88,R
25.886,25,7,17,8,41,-0.26,-4.27,9.33,-0.05,-0.17,0.17,-2.56,-0.70,9.68,0.03,0.02,0.32,-1.00,1.20,9.73,-0.13,0.08,0.32,-1.18,1.44,9.75,0.04,0.10,0.24,-1.18,7.61,6.69,0.12,0.07,0.17,0.24,-0.18,0.79,-4.94,-7.81,1.83,R
25.938,23,2,15,4,40,0.23,-3.78,8.91,0.34,-0.21,-0.36,-2.70,-0.34,9.57,0.36,-0.05,0.06,-1.47,1.48,9.78,0.42,-0.21,0.00,-1.64,2.13,9.56,0.01,-0.45,0.05,-1.16,7.59,6.69,-0.56,-0.71,0.58,0.29,-0.18,0.95,-22.28,17.21,8.67,R
25.989,24,4,19,8,38,0.04,-4.17,9.49,0.39,-0.09,-0.14,-2.25,-1.18,10.11,0.09,0.02,-0.21,-0.47,0.51,10.16,0.57,-0.06,-0.33,-0.67,0.84,9.92,0.49,-0.21,-0.18,-0.55,7.06,7.06,-0.10,-0.38,-0.06,0.39,-0.11,1.00,-1.40,24.35,1.53,R
26.04,26,9,22,10,35,0.04,-3.98,9.01,-0.13,0.08,-0.30,-2.52,0.05,9.65,0.15,-0.02,-0.60,-0.80,2.06,9.53,-0.20,-0.30,-0.56,-0.66,2.36,9.47,0.08,-0.24,-0.43,-0.34,7.25,6.62,-0.06,-0.30,-0.23,0.27,-0.16,0.99,-6.16,-7.51,-9.09,R
26.091,24,4,20,8,33,-0.23,-3.71,9.13,0.23,-0.01,-0.17,-2.50,0.03,9.53,0.04,-0.02,-0.23,-0.81,2.14,9.29,0.12,-0.11,-0.26,-0.59,2.11,9.51,-0.21,-0.12,-0.20,-0.18,7.35,6.59,-0.05,-0.09,-0.11,0.27,-0.16,0.96,2.01,2.87,-4.09,R
26.142,24,4,20,8,32,0.03,-4.21,9.51,-0.01,0.07,-0.05,-2.44,-0.70,9.79,0.10,0.02,-0.06,-0.67,1.29,9.66,0.11,-0.01,-0.12,-0.58,1.71,9.54,-0.08,-0.06,-0.14,-0.28,7.25,6.68,-0.03,-0.04,-0.11,0.32,-0.16,0.95,-1.04,1.95,-2.75,R
26.192,25,5,20,8,34,-0.05,-4.13,9.24,-0.15,0.07,0.01,-2.41,-0.17,9.63,0.02,0.02,-0.02,-0.76,1.74,9.72,-0.00,-0.02,-0.03,-0.63,1.28,9.71,-0.09,-0.02,-0.04,-0.48,7.03,6.88,-0.01,-0.01,-0.06,0.27,-0.17,0.95,0.43,0.73,-1.71,R
26.243,23,4,23,8,34,-0.32,-3.74,9.30,-0.12,0.06,0.02,-2.53,-0.05,9.60,-0.04,0.02,-0.01,-0.76,1.82,9.59,0.00,-0.03,-0.03,-0.64,1.63,9.73,-0.09,0.01,-0.01,-0.39,7.04,6.89,-0.06,0.05,-0.01,0.28,-0.16,0.96,2.44,0.43,0.98,R
26.294,24,4,20,7,32,-0.09,-4.24,9.20,-0.02,0.02,0.02,-2.46,-0.21,9.64,0.02,0.04,0.00,-0.75,1.94,9.60,0.01,0.04,-0.01,-0.62,1.58,9.63,-0.03,0.05,0.00,-0.46,7.14,6.87,0.01,0.08,-0.02,0.31,-0.15,0.95,-2.01,1.95,0.31,R
26.345,24,4,20,6,33,-0.16,-4.13,9.22,0.01,0.01,0.03,-2.50,-0.10,9.59,-0.02,0.04,0.03,-0.72,1.80,9.61,-0.10,0.07,0.04,-0.73,1.42,9.67,0.00,0.09,0.02,-0.53,7.14,6.89,0.13,0.11,-0.01,0.29,-0.16,0.95,-0.55,3.97,0.61,R
26.398,23,4,19,6,35,-0.11,-3.93,9.16,-0.03,0.01,0.01,-2.44,-0.10,9.56,-0.04,0.02,0.01,-0.79,1.66,9.67,-0.09,0.03,0.02,-0.74,1.45,9.73,-0.05,0.05,0.02,-0.53,7.21,6.92,0.04,0.08,-0.01,0.29,-0.15,0.96,0.12,-0.37,0.49,R
26.447,24,4,19,8,34,-0.14,-3.96,9.08,-0.01,0.02,0.01,-2.49,-0.04,9.41,-0.03,0.05,0.01,-0.86,1.69,9.67,-0.08,0.02,0.02,-0.72,1.38,9.74,-0.04,0.04,0.02,-0.55,7.27,6.85,0.05,0.04,-0.01,0.30,-0.15,0.96,-0.18,1.83,0.79,R
26.498,24,3,18,7,34,-0.07,-4.05,9.15,-0.02,0.01,0.03,-2.53,-0.09,9.60,-0.04,0.03,0.01,-0.81,1.81,9.63,-0.08,0.02,0.01,-0.69,1.41,9.72,-0.04,0.03,0.00,-0.61,7.11,6.83,0.01,0.03,-0.01,0.31,-0.16,0.95,1.04,-0.67,0.24,R
26.55,23,4,18,8,34,-0.10,-4.19,9.14,-0.01,0.02,0.01,-2.50,-0.13,9.59,-0.01,0.03,0.01,-0.79,1.70,9.58,-0.04,0.02,0.00,-0.77,1.42,9.68,-0.01,0.03,0.00,-0.58,7.17,6.81,0.01,0.03,-0.01,0.30,-0.15,0.95,0.98,1.59,0.24,R
26.601,23,2,18,8,34,-0.17,-4.00,9.09,-0.05,0.02,-0.00,-2.54,-0.11,9.53,-0.02,0.00,-0.00,-0.85,1.67,9.56,-0.04,0.01,-0.00,-0.74,1.50,9.67,-0.02,0.02,-0.01,-0.58,7.16,6.85,0.02,0.01,-0.01,0.30,-0.15,0.96,0.37,-0.61,0.00,R
26.652,23,5,17,7,34,-0.18,-4.10,9.11,-0.01,0.03,0.00,-2.50,-0.18,9.60,-0.02,0.04,0.01,-0.79,1.72,9.62,-0.04,0.01,0.00,-0.84,1.44,9.72,0.00,0.02,-0.01,-0.62,7.28,6.83,0.01,0.02,-0.01,0.30,-0.15,0.95,0.98,1.16,0.18,R
26.703,24,4,19,2,35,-0.13,-4.13,9.15,-0.03,0.03,-0.01,-2.50,-0.08,9.58,-0.02,0.03,-0.00,-0.80,1.72,9.62,-0.02,0.01,-0.02,-0.73,1.34,9.69,-0.01,0.03,-0.01,-0.70,7.24,6.80,0.01,0.01,-0.03,0.30,-0.15,0.95,-0.12,0.00,0.12,R
26.754,26,6,20,9,34,-0.07,-4.25,9.07,-0.03,0.03,-0.01,-2.51,-0.07,9.54,-0.04,0.03,-0.00,-0.84,1.70,9.67,-0.05,0.01,0.00,-0.81,1.47,9.71,-0.01,0.02,-0.00,-0.65,7.27,6.84,0.01,0.02,-0.02,0.30,-0.15,0.95,0.98,-0.49,0.06,R
26.804,24,5,18,8,34,-0.11,-4.14,9.08,-0.02,0.03,-0.02,-2.55,-0.21,9.58,-0.01,0.03,-0.00,-0.80,1.71,9.62,-0.03,0.02,0.00,-0.76,1.40,9.71,-0.00,0.02,-0.00,-0.58,7.18,6.87,0.02,0.02,-0.02,0.30,-0.15,0.95,-0.18,0.12,-0.12,R
26.856,26,4,20,8,36,-0.09,-4.08,9.13,0.01,0.02,-0.01,-2.56,-0.12,9.55,0.03,0.04,-0.01,-0.81,1.65,9.56,-0.03,0.02,-0.00,-0.74,1.44,9.72,-0.01,0.01,-0.01,-0.58,7.16,6.85,0.01,0.02,-0.01,0.30,-0.15,0.95,0.67,0.92,0.18,R
26.906,24,5,18,8,34,-0.16,-4.10,9.10,-0.01,0.02,-0.01,-2.50,-0.12,9.55,0.01,0.03,0.00,-0.88,1.73,9.62,-0.02,0.00,0.00,-0.81,1.49,9.65,-0.00,0.01,0.00,-0.57,7.13,6.85,0.02,0.02,-0.01,0.30,-0.15,0.95,0.06,0.24,0.24,R
26.958,24,4,17,8,35,-0.13,-4.12,9.09,-0.03,0.01,0.00,-2.50,-0.16,9.57,-0.01,0.03,0.00,-0.86,1.65,9.58,-0.03,0.02,0.00,-0.76,1.45,9.72,0.00,0.02,-0.01,-0.58,7.16,6.81,0.01,0.01,-0.01,0.30,-0.15,0.95,0.24,-0.31,-0.37,R
27.009,23,4,20,8,34,-0.14,-4.14,9.07,-0.02,0.02,-0.00,-2.55,-0.21,9.57,-0.02,0.03,-0.01,-0.91,1.63,9.60,-0.04,0.01,0.00,-0.72,1.48,9.74,-0.01,0.01,-0.00,-0.51,7.06,6.83,0.00,0.01,-0.01,0.30,-0.15,0.95,0.24,0.24,0.00,R
27.059,23,4,18,9,35,-0.14,-4.36,9.01,-0.01,0.01,0.01,-2.60,-0.14,9.54,-0.01,0.02,0.01,-0.88,1.78,9.61,-0.04,-0.00,0.01,-0.83,1.48,9.77,-0.01,0.01,0.00,-0.52,7.11,6.86,0.01,0.02,-0.01,0.30,-0.15,0.95,0.79,0.06,0.12,R
27.111,24,3,20,9,36,-0.14,-4.14,9.07,-0.03,0.01,0.01,-2.55,-0.13,9.50,-0.04,0.02,0.01,-0.87,1.70,9.58,-0.06,-0.00,0.00,-0.74,1.40,9.69,-0.04,0.01,0.00,-0.60,7.16,6.89,0.01,0.01,-0.01,0.29,-0.14,0.95,1.40,0.00,0.67,R
27.161,23,5,19,8,36,-0.11,-4.32,9.06,-0.02,0.01,0.03,-2.49,-0.27,9.58,-0.04,0.01,0.02,-0.81,1.72,9.62,-0.04,0.02,0.01,-0.80,1.44,9.75,-0.00,0.03,0.01,-0.63,7.16,6.85,0.02,0.02,-0.01,0.31,-0.15,0.95,0.43,1.40,0.55,R
27.213,22,4,19,8,35,-0.18,-4.18,9.07,-0.02,0.02,-0.01,-2.53,-0.19,9.56,-0.01,0.04,-0.00,-0.85,1.71,9.66,-0.04,0.02,-0.00,-0.75,1.46,9.72,-0.02,0.02,-0.00,-0.57,7.15,6.88,0.00,0.01,-0.01,0.30,-0.15,0.95,0.24,-1.59,-0.18,R
27.263,24,4,19,9,35,-0.12,-4.43,9.05,-0.01,0.02,0.00,-2.53,-0.26,9.56,-0.03,0.02,0.01,-0.85,1.61,9.68,-0.03,0.01,0.01,-0.81,1.47,9.73,-0.01,0.02,0.00,-0.48,7.19,6.88,0.01,0.02,-0.01,0.30,-0.15,0.95,0.55,0.31,0.12,R
27.315,24,4,18,9,36,-0.13,-4.15,9.06,-0.01,0.03,-0.02,-2.55,-0.19,9.56,-0.02,0.01,0.00,-0.88,1.68,9.67,-0.04,0.02,0.00,-0.82,1.52,9.66,-0.01,0.01,-0.00,-0.57,7.27,6.82,-0.01,0.02,-0.01,0.30,-0.15,0.95,0.61,-1.04,0.06,R
27.366,22,0,17,8,35,-0.13,-4.22,9.07,-0.02,0.01,0.00,-2.53,-0.15,9.59,-0.03,0.03,0.00,-0.90,1.71,9.59,-0.03,0.01,0.00,-0.79,1.39,9.66,-0.01,0.02,-0.01,-0.61,7.11,6.81,0.01,0.01,-0.01,0.30,-0.15,0.95,0.37,-0.12,0.00,R
27.416,23,5,17,8,35,-0.15,-4.20,9.03,-0.00,0.03,-0.01,-2.53,-0.26,9.59,-0.02,0.03,0.00,-0.87,1.62,9.66,-0.04,0.00,-0.00,-0.80,1.39,9.70,-0.01,0.02,-0.00,-0.59,7.21,6.88,0.00,0.02,-0.01,0.29,-0.15,0.95,1.53,-1.04,0.12,R
27.467,24,4,20,9,36,-0.10,-4.19,9.06,-0.01,0.03,-0.01,-2.60,-0.25,9.57,-0.00,0.03,0.01,-0.94,1.67,9.66,-0.03,0.01,0.01,-0.86,1.53,9.69,-0.01,0.01,-0.00,-0.57,7.08,6.85,-0.00,0.02,-0.01,0.31,-0.15,0.96,-0.12,0.24,0.00,R
27.518,24,4,18,8,35,-0.15,-4.25,9.03,-0.02,0.02,-0.01,-2.59,-0.14,9.54,-0.02,0.02,-0.00,-0.91,1.61,9.65,-0.05,0.01,0.00,-0.77,1.30,9.72,-0.01,0.01,0.00,-0.58,7.20,6.85,0.01,0.02,-0.01,0.29,-0.15,0.95,1.22,-0.98,0.06,R
27.569,22,5,17,9,35,-0.18,-4.24,8.95,-0.06,0.01,0.01,-2.57,-0.20,9.46,0.01,0.04,0.00,-1.00,1.83,9.59,-0.01,0.01,-0.00,-0.81,1.43,9.71,-0.02,0.00,-0.00,-0.52,7.23,6.87,0.01,0.01,-0.02,0.31,-0.15,0.96,0.43,0.18,0.12,R
27.62,23,5,19,10,36,-0.15,-4.20,9.05,-0.01,0.03,-0.02,-2.57,-0.23,9.52,-0.01,0.03,-0.00,-0.92,1.62,9.64,-0.03,0.00,0.00,-0.81,1.40,9.67,-0.01,0.01,-0.00,-0.55,7.06,6.82,0.01,0.02,-0.02,0.29,-0.15,0.95,0.37,-0.73,0.06,R
27.671,24,3,20,11,36,-0.19,-4.13,9.05,0.02,0.02,-0.01,-2.60,-0.16,9.55,-0.01,0.02,0.01,-0.91,1.63,9.60,-0.03,0.00,0.01,-0.77,1.44,9.70,-0.00,0.02,-0.00,-0.59,7.24,6.82,0.01,0.02,-0.01,0.30,-0.15,0.96,0.92,0.12,0.18,R
27.723,23,4,19,9,36,-0.10,-4.36,9.02,-0.02,0.02,-0.00,-2.58,-0.22,9.57,-0.01,0.05,-0.00,-0.94,1.65,9.65,-0.03,0.01,0.00,-0.80,1.41,9.70,-0.01,0.01,-0.01,-0.62,7.02,6.87,-0.01,0.01,-0.01,0.30,-0.15,0.95,0.37,-0.55,-0.18,R
27.774,23,6,18,8,36,-0.24,-4.16,9.02,-0.00,0.01,-0.00,-2.54,-0.20,9.57,-0.00,0.02,-0.00,-0.96,1.63,9.63,-0.03,0.00,-0.00,-0.85,1.43,9.67,-0.01,0.01,0.01,-0.54,7.13,6.85,0.01,0.02,-0.00,0.29,-0.15,0.96,0.55,0.24,0.18,R
27.824,23,4,18,8,36,-0.21,-4.18,9.01,-0.00,0.01,-0.00,-2.54,-0.19,9.57,-0.02,0.03,0.00,-0.88,1.64,9.60,-0.04,0.01,0.00,-0.82,1.46,9.72,-0.01,0.01,-0.01,-0.58,7.13,6.86,0.00,0.02,-0.01,0.30,-0.15,0.95,0.55,-0.67,0.12,R
27.875,24,5,19,10,36,-0.21,-4.31,9.07,-0.01,0.02,-0.01,-2.56,-0.23,9.51,-0.01,0.03,0.00,-0.90,1.58,9.62,-0.03,0.02,0.00,-0.84,1.50,9.69,-0.00,0.02,-0.00,-0.57,7.16,6.82,0.01,0.02,-0.01,0.29,-0.15,0.95,0.18,-0.37,0.12,R
27.926,23,5,18,8,36,-0.24,-4.30,8.98,-0.01,0.01,0.01,-2.55,-0.26,9.70,-0.02,0.02,0.00,-0.84,1.61,9.60,-0.02,0.00,-0.00,-0.77,1.55,9.72,-0.00,0.02,-0.00,-0.48,7.27,6.80,-0.00,0.02,-0.01,0.30,-0.15,0.96,1.28,0.18,0.31,R
27.979,23,4,17,8,35,-0.16,-4.23,9.03,-0.00,0.02,-0.01,-2.60,-0.25,9.54,0.02,0.05,-0.00,-0.97,1.69,9.65,-0.01,0.01,-0.00,-0.80,1.54,9.73,-0.01,0.01,-0.00,-0.61,7.28,6.80,0.01,0.01,-0.00,0.30,-0.15,0.95,0.31,-0.18,-0.12,R
28.029,22,5,17,8,34,-0.19,-4.30,9.00,0.01,0.00,0.00,-2.59,-0.30,9.62,-0.02,0.02,0.01,-0.93,1.67,9.63,-0.03,0.00,0.01,-0.83,1.55,9.75,-0.00,0.01,0.01,-0.54,7.11,6.85,0.01,0.02,-0.00,0.30,-0.15,0.95,0.92,0.49,0.18,R
28.079,24,5,19,8,36,-0.23,-4.30,9.08,-0.01,0.01,-0.01,-2.56,-0.17,9.49,0.01,0.03,-0.01,-0.89,1.74,9.65,-0.03,-0.00,-0.00,-0.80,1.42,9.73,-0.01,0.01,-0.00,-0.62,7.14,6.85,0.00,0.01,-0.01,0.30,-0.15,0.95,0.24,-0.49,0.12,R
28.13,23,5,19,9,34,-0.17,-4.23,9.03,0.00,0.00,0.01,-2.60,-0.33,9.62,-0.01,0.02,0.01,-0.86,1.68,9.57,-0.02,0.00,0.01,-0.80,1.43,9.63,0.00,0.01,0.00,-0.66,7.22,6.84,0.02,0.02,-0.01,0.30,-0.14,0.95,0.43,0.49,0.06,R
28.182,23,5,19,9,36,-0.25,-4.19,9.06,-0.01,0.01,0.00,-2.58,-0.22,9.59,-0.01,0.02,0.00,-0.91,1.72,9.67,-0.04,0.00,0.00,-0.78,1.47,9.68,-0.01,0.01,0.00,-0.54,7.18,6.84,0.00,0.02,-0.00,0.29,-0.14,0.95,0.85,-0.55,0.24,R
28.233,24,2,19,10,36,-0.11,-4.33,8.98,-0.01,0.02,-0.01,-2.60,-0.25,9.62,-0.00,0.04,-0.00,-0.93,1.63,9.62,-0.03,0.01,0.00,-0.80,1.46,9.74,-0.00,0.01,0.00,-0.58,7.24,6.84,0.01,0.02,-0.01,0.30,-0.15,0.96,-0.06,0.31,-0.31,R
28.283,24,4,18,10,36,-0.19,-4.27,9.07,-0.01,0.01,-0.00,-2.54,-0.24,9.59,-0.01,0.02,0.00,-0.96,1.70,9.62,-0.03,0.00,-0.00,-0.82,1.47,9.73,-0.02,0.01,0.00,-0.52,7.18,6.84,0.02,0.02,-0.01,0.29,-0.15,0.95,0.73,-0.55,0.18,R
28.336,23,4,20,9,36,-0.20,-4.21,9.06,0.00,0.02,-0.01,-2.63,-0.15,9.57,0.01,0.04,0.00,-0.93,1.70,9.66,-0.02,0.01,-0.01,-0.78,1.45,9.73,-0.02,0.01,0.00,-0.52,7.12,6.87,0.00,0.02,-0.00,0.29,-0.14,0.96,0.61,-0.12,0.31,R
28.385,24,3,20,9,35,-0.15,-4.37,9.10,0.01,0.02,0.00,-2.58,-0.23,9.66,-0.01,0.02,0.01,-0.87,1.66,9.60,-0.03,0.01,0.01,-0.79,1.44,9.70,0.00,0.02,0.01,-0.56,7.24,6.79,0.02,0.02,-0.01,0.30,-0.15,0.95,0.24,0.31,0.06,R
28.436,23,5,19,10,36,-0.20,-4.36,8.96,-0.01,0.01,-0.01,-2.55,-0.23,9.57,-0.01,0.03,0.00,-0.88,1.74,9.65,-0.02,0.00,-0.00,-0.82,1.52,9.71,-0.01,0.00,-0.00,-0.57,7.18,6.80,0.00,0.01,-0.01,0.29,-0.15,0.96,0.98,-0.18,0.06,R
28.488,24,3,20,10,35,-0.20,-4.22,9.08,0.01,0.02,-0.02,-2.58,-0.22,9.55,0.01,0.04,0.00,-0.88,1.68,9.65,-0.01,0.01,0.00,-0.84,1.52,9.73,-0.01,0.01,-0.00,-0.60,7.21,6.84,-0.00,0.01,-0.01,0.30,-0.14,0.95,0.79,-0.37,-0.06,R
28.538,24,5,19,8,35,-0.18,-4.17,9.06,-0.01,0.01,0.00,-2.54,-0.18,9.55,-0.01,0.01,-0.00,-0.92,1.58,9.64,-0.03,0.00,0.01,-0.79,1.38,9.73,-0.00,0.01,0.00,-0.58,7.12,6.90,0.01,0.01,-0.01,0.30,-0.15,0.95,0.24,0.06,0.06,R
28.59,22,3,19,8,36,-0.23,-4.29,9.08,0.00,0.01,-0.01,-2.58,-0.20,9.61,-0.00,0.01,0.00,-0.90,1.72,9.61,-0.02,0.00,-0.00,-0.82,1.47,9.75,-0.01,0.00,0.00,-0.59,7.15,6.82,0.00,0.01,-0.01,0.30,-0.15,0.96,1.04,-0.37,0.18,R
28.642,23,5,19,8,35,-0.12,-4.22,8.97,-0.01,0.02,-0.01,-2.58,-0.14,9.55,-0.01,0.03,-0.00,-0.91,1.68,9.65,-0.03,0.01,-0.00,-0.76,1.47,9.73,-0.01,0.02,-0.00,-0.60,7.15,6.83,0.01,0.02,-0.01,0.29,-0.15,0.95,0.31,-0.49,0.06,R
28.692,23,4,19,8,35,-0.13,-4.32,8.98,-0.00,0.01,0.01,-2.62,-0.18,9.53,-0.03,0.02,0.01,-0.93,1.62,9.62,-0.03,-0.00,0.00,-0.76,1.47,9.72,-0.01,0.01,-0.00,-0.58,7.19,6.86,0.01,0.02,-0.01,0.30,-0.15,0.95,1.16,0.06,0.12,R
28.743,23,5,16,8,34,-0.17,-4.34,9.02,-0.01,0.02,-0.01,-2.63,-0.23,9.53,-0.01,0.04,-0.00,-0.97,1.67,9.64,-0.03,0.01,0.00,-0.81,1.51,9.67,-0.01,0.02,-0.01,-0.58,7.19,6.82,0.00,0.02,-0.01,0.29,-0.15,0.95,0.12,-0.67,-0.12,R
28.794,23,5,20,8,35,-0.18,-4.29,9.05,-0.00,0.02,0.00,-2.64,-0.18,9.62,-0.01,0.02,0.01,-0.93,1.66,9.65,-0.04,0.01,0.00,-0.75,1.46,9.71,-0.00,0.02,-0.00,-0.56,7.12,6.83,0.01,0.02,-0.01,0.30,-0.15,0.96,0.61,-0.18,0.12,R
28.845,22,6,18,8,34,-0.22,-4.21,9.04,-0.01,0.02,-0.00,-2.64,-0.11,9.53,0.01,0.03,0.00,-0.95,1.77,9.64,0.01,0.02,-0.01,-0.83,1.48,9.68,0.01,0.01,0.00,-0.56,7.21,6.81,0.02,0.02,-0.02,0.30,-0.15,0.96,0.43,1.28,0.24,R
28.896,24,6,19,9,35,-0.17,-4.44,9.04,-0.03,0.02,0.00,-2.49,-0.18,9.60,0.04,0.03,-0.01,-0.86,1.61,9.62,-0.01,0.03,-0.01,-0.74,1.44,9.67,0.02,0.01,-0.00,-0.54,7.16,6.81,0.04,0.02,-0.01,0.29,-0.14,0.96,-0.12,0.24,0.12,R
28.946,23,4,19,8,36,-0.25,-4.44,9.09,0.05,0.05,-0.00,-2.56,-0.32,9.70,0.17,0.07,0.01,-0.99,1.76,9.63,0.09,0.07,0.02,-0.78,1.43,9.77,0.14,0.05,0.02,-0.51,6.97,6.81,0.16,0.02,0.02,0.26,-0.15,0.96,0.24,5.62,1.10,R
28.999,22,8,26,10,36,0.18,-5.37,9.09,0.09,0.16,0.00,-2.42,-0.12,10.02,0.68,0.26,0.06,-0.82,1.39,9.77,0.74,0.44,-0.02,-0.67,1.85,9.64,0.62,0.23,0.08,-0.81,7.48,6.70,0.73,0.06,0.02,0.33,-0.15,0.94,-5.43,29.48,0.73,R
29.048,24,12,35,11,37,-0.12,-4.90,10.97,1.18,-1.03,-0.65,-3.82,-1.59,13.58,2.41,0.05,0.13,-1.57,0.55,12.29,1.58,0.72,-0.36,-0.99,-0.18,10.38,1.87,0.47,-0.21,-0.87,6.44,7.13,1.49,0.00,-0.08,0.27,-0.15,0.98,-17.58,38.64,1.34,R
29.1,31,19,43,25,43,0.98,-6.28,11.15,1.79,-1.36,-1.20,-3.64,1.03,11.28,2.46,-0.25,0.05,-2.26,4.16,10.46,2.65,-0.38,-0.22,-1.38,2.60,10.98,4.09,-0.69,-0.03,-0.59,8.27,5.20,4.21,-0.51,-0.11,0.16,-0.13,1.08,-48.16,110.17,14.95,R
29.151,39,24,39,34,42,1.44,-5.77,10.39,2.85,-0.54,-1.76,-3.57,-0.69,11.60,3.22,-0.91,0.10,-2.34,3.67,12.77,3.18,-1.05,-0.28,-2.19,6.94,13.96,2.90,-1.49,-0.06,-0.92,13.89,6.18,2.65,-2.18,1.49,0.64,-0.16,0.83,-112.00,191.83,18.49,R
29.202,46,28,37,33,40,-0.92,2.95,11.55,2.60,-1.83,-1.62,-3.34,9.38,6.08,1.62,-2.34,0.35,-2.00,10.56,4.52,1.88,-2.18,0.66,-1.16,10.40,7.46,1.49,-2.09,0.78,0.07,12.96,1.56,1.18,-1.36,1.92,1.19,0.04,0.89,-93.26,108.22,55.11,R
29.253,45,30,38,33,38,1.81,2.78,11.81,1.12,-2.28,-0.69,-2.21,8.99,7.95,0.54,-2.17,0.64,-1.09,11.03,6.95,0.59,-1.96,1.02,0.32,10.48,5.82,0.57,-1.99,1.21,2.03,11.20,-1.30,0.59,-0.93,2.27,0.87,0.11,0.72,-105.04,30.94,75.50,R
29.304,41,31,37,31,36,2.00,4.66,8.12,0.64,-2.35,0.06,-0.40,8.80,4.05,-0.17,-1.90,1.37,0.33,9.72,2.41,0.10,-1.55,1.75,1.32,9.70,2.91,-0.02,-1.57,1.84,2.89,9.51,-2.63,-0.15,-0.01,2.38,0.89,0.25,0.54,-72.08,-3.30,98.75,R
29.355,42,41,40,31,36,2.59,3.83,7.48,0.09,-2.22,1.07,-0.74,7.05,4.32,-1.11,-0.97,2.16,0.63,7.88,3.09,-0.63,-0.83,2.49,1.60,7.92,4.12,-0.65,-0.86,2.53,2.70,9.05,-0.38,-0.85,0.74,2.64,0.73,0.29,0.51,-41.87,-35.71,124.33,R
29.406,46,51,41,33,36,3.30,3.07,4.21,-0.86,-1.63,1.95,2.19,5.34,1.83,-2.80,-0.47,2.19,2.59,5.84,-0.23,-2.34,0.00,2.69,3.03,5.48,1.20,-2.34,0.10,2.75,3.78,5.36,-0.44,-2.34,1.78,2.24,0.56,0.39,0.56,4.15,-125.67,131.96,R
29.459,47,51,41,30,36,3.85,-0.06,4.05,-1.86,-1.06,2.90,1.68,1.36,4.95,-3.44,0.20,2.15,2.49,2.80,4.31,-3.14,0.61,2.60,3.27,2.72,3.28,-2.99,0.64,2.71,4.19,3.04,0.70,-2.73,2.46,1.83,0.34,0.40,0.60,50.35,-168.52,123.23,R
29.509,49,50,39,29,36,4.14,-2.55,0.89,-3.35,0.24,3.71,2.89,-0.74,-0.12,-4.37,1.35,2.38,2.88,-1.19,-0.40,-3.75,1.76,2.79,2.83,-1.83,1.97,-3.83,2.03,2.85,2.84,0.01,4.11,-3.77,3.57,1.14,0.12,0.45,0.76,109.31,-181.03,109.68,R
29.558,52,49,41,24,36,3.60,-8.72,3.52,-3.48,1.15,4.08,0.69,-10.52,4.08,-3.60,3.03,2.15,0.79,-9.40,6.24,-3.88,3.47,2.03,1.26,-8.54,6.34,-3.34,2.23,1.95,1.14,-3.07,8.22,-2.61,3.01,0.22,-0.22,0.33,0.72,138.24,-158.08,77.21,R
29.612,55,46,56,17,36,3.75,-8.60,-0.74,-3.26,1.97,2.96,0.48,-10.52,3.60,-2.81,2.47,0.72,1.13,-9.73,3.17,-2.46,2.73,0.50,0.20,-9.30,6.55,-2.65,3.18,0.62,-0.21,-1.38,12.54,-2.63,3.11,-1.53,-0.11,0.33,0.88,122.99,-129.03,22.89,R
29.661,46,43,56,12,34,-0.65,-14.04,3.18,-3.84,2.84,2.98,-3.62,-14.19,9.22,-3.36,3.50,-0.75,-1.43,-10.94,10.57,-3.41,2.37,-1.11,-0.35,-10.14,7.17,-3.56,2.15,-0.70,0.13,-4.40,9.85,-3.63,1.63,-1.83,-0.63,0.09,0.73,188.48,-200.99,-32.17,R
29.712,42,36,50,3,31,1.66,-14.53,2.02,-1.36,2.00,1.60,-3.20,-12.93,10.46,-1.04,1.86,-1.57,-0.86,-12.71,14.22,-1.61,1.20,-1.84,-0.50,-11.75,12.72,-1.72,1.51,-1.97,-0.10,-2.75,14.27,-1.43,0.39,-2.74,-0.58,0.01,0.84,125.67,-82.34,-78.00,R
29.763,35,29,44,2,28,-0.14,-14.65,3.96,-2.36,3.21,-0.10,-4.29,-11.55,12.25,-0.29,0.46,-2.47,-0.48,-6.99,14.56,-0.56,0.06,-2.61,1.18,-6.70,11.78,-0.57,0.54,-2.45,1.30,0.37,11.63,-0.25,-0.67,-2.41,-0.74,-0.03,0.86,50.11,-72.69,-100.95,R
29.814,31,27,43,2,28,0.52,-14.64,9.00,1.34,0.79,-1.88,-2.95,-8.70,12.85,2.73,-1.17,-1.65,-0.17,-5.45,12.64,2.50,-1.02,-1.93,0.99,-5.63,11.16,2.39,-0.77,-2.25,1.24,1.42,10.15,2.66,-2.38,-1.38,-0.32,-0.09,0.92,-15.14,122.74,-102.66,R
29.865,32,29,41,4,27,-0.33,-9.20,4.60,2.54,-0.45,-3.69,-2.91,-4.66,9.05,3.18,-1.33,-2.00,-1.03,0.13,11.26,2.59,-1.34,-2.13,1.12,-0.13,12.26,2.39,-1.21,-1.90,2.65,5.17,7.84,2.51,-2.35,-0.65,-0.02,0.00,0.98,-124.33,138.31,-71.84,R
29.916,37,31,41,14,32,1.75,-6.62,6.28,3.30,-1.07,-2.79,0.37,-1.96,4.77,3.65,-1.00,-0.57,1.43,-1.36,4.68,3.72,-0.97,-0.83,2.00,-1.22,4.67,4.14,-0.84,-1.29,2.67,4.35,6.41,4.55,-1.41,-1.10,-0.02,0.20,1.00,-51.45,233.15,-58.84,R
29.967,37,32,39,17,34,2.16,-3.04,5.02,4.11,-0.37,-2.31,0.43,1.95,7.19,3.18,-0.37,-0.85,1.91,3.86,7.06,2.69,-0.41,-1.10,3.74,3.96,5.42,3.23,-0.24,-1.18,4.42,4.37,-1.47,3.03,-0.70,-0.80,0.19,0.20,0.89,-34.48,142.94,-35.16,R
30.02,34,36,38,19,40,3.79,-2.28,7.34,5.56,0.00,-1.41,1.42,3.55,5.75,4.90,0.43,1.12,2.82,5.72,1.74,5.41,1.12,0.31,2.42,8.28,7.06,5.72,1.85,0.07,2.72,15.68,8.89,5.42,1.28,-1.06,0.52,0.27,0.91,32.47,321.35,13.00,R
30.069,30,39,33,24,32,3.31,1.57,3.54,2.40,0.34,-0.07,0.15,3.38,10.45,0.69,0.74,0.34,1.68,6.32,9.49,0.16,0.71,0.05,2.76,6.75,7.67,-0.29,0.35,0.17,4.60,8.04,0.21,-0.58,0.57,0.14,0.67,0.12,0.89,27.04,-34.36,8.30,R
30.12,30,38,34,22,34,3.60,0.14,8.74,0.88,0.86,1.35,1.47,5.32,2.62,0.24,2.30,1.83,2.09,3.90,-0.55,0.86,3.04,1.45,-0.39,2.04,8.59,0.71,3.17,1.36,-0.23,6.33,8.93,0.32,2.48,-0.53,0.37,0.29,0.93,104.68,81.05,27.16,R
30.171,30,39,32,19,34,4.40,-2.84,6.41,0.67,1.64,0.92,-2.37,-3.51,15.80,-0.43,1.72,-0.08,-1.01,-0.70,14.20,-0.16,1.05,-0.58,0.73,3.66,11.58,0.06,1.07,-0.68,1.84,10.44,6.73,-0.11,0.77,-1.24,0.57,-0.07,0.87,73.67,-40.83,-27.95,R
30.222,28,35,32,17,31,2.51,-1.65,8.52,-0.71,1.65,0.79,-1.80,0.21,8.77,-1.09,1.81,-0.00,-0.55,0.44,8.29,-0.74,1.58,-0.18,-0.60,-0.19,9.64,-0.87,1.49,-0.31,-0.79,5.81,8.71,-0.76,0.88,-1.24,0.40,0.01,0.93,73.24,-9.83,-25.45,R
30.273,29,37,35,17,33,2.20,-3.05,8.53,-0.10,1.56,-0.26,-3.44,-0.32,11.12,0.06,1.24,-0.98,-1.70,3.07,10.93,-0.18,0.90,-1.22,-0.55,3.61,10.12,-0.35,0.99,-1.11,0.23,8.67,5.55,-0.33,0.29,-1.41,0.33,-0.07,0.97,38.94,-15.99,-47.18,R
30.324,28,30,35,16,32,0.70,-3.16,10.00,-0.87,1.80,0.04,-3.88,-0.71,10.66,-0.22,1.25,-0.65,-2.05,1.67,11.49,-0.36,0.90,-0.87,-1.32,2.88,10.75,-0.25,0.96,-0.90,-0.60,8.60,6.72,-0.07,0.38,-1.29,0.37,-0.12,0.89,50.23,-17.09,-43.88,R
30.375,27,28,32,18,31,-0.31,-1.96,11.10,0.04,0.61,-0.25,-4.54,2.74,11.09,-0.09,0.37,-0.47,-2.52,5.63,11.48,-0.09,0.00,-0.40,-1.17,4.24,9.30,-0.35,0.30,-0.22,-0.61,7.62,5.15,-0.38,0.34,-0.46,0.37,-0.11,1.01,21.55,-5.68,-13.85,R
30.426,28,28,29,17,33,0.75,-2.15,8.22,-0.41,0.91,0.44,-3.15,-0.48,8.46,-0.26,0.35,-0.14,-2.76,8.36,17.41,-2.00,-0.01,-0.35,-2.04,-1.78,14.62,-1.33,-0.68,-0.03,-0.92,8.12,8.25,-1.43,-0.15,0.18,0.58,-0.20,0.96,37.90,-34.06,-19.17,R
30.477,25,28,32,10,30,1.17,-6.34,13.07,-0.95,-0.26,0.02,-3.60,-1.70,12.01,-0.86,-0.44,-0.46,-0.74,0.24,9.81,-0.47,-0.49,-0.33,-0.29,0.79,9.62,-0.67,-0.19,-0.26,-0.19,5.52,7.48,-0.55,0.01,-0.24,0.05,-0.06,1.13,-1.59,-53.04,-4.52,R
30.528,24,27,28,11,32,0.39,-4.17,9.18,-0.52,0.48,0.11,-2.94,-0.79,9.49,0.32,-0.13,0.01,-1.26,1.54,9.80,0.20,-0.08,-0.01,-1.06,1.55,9.73,0.12,-0.04,0.01,-0.73,7.12,7.01,0.21,-0.04,0.08,0.28,-0.21,0.86,6.16,19.35,-6.84,R
30.579,25,26,28,11,32,-0.42,-3.82,10.41,-0.25,0.14,-0.15,-3.41,0.05,9.36,0.03,-0.12,-0.03,-1.52,1.95,9.52,-0.08,-0.22,-0.00,-1.02,1.58,9.58,-0.21,-0.16,0.02,-0.61,6.91,7.02,-0.13,-0.04,0.13,0.31,-0.19,0.98,-9.22,-4.76,-1.10,R
30.63,24,27,28,10,32,0.39,-4.21,9.25,0.04,0.03,-0.05,-2.39,-0.36,9.70,0.10,-0.07,0.02,-0.67,1.61,9.59,0.06,-0.06,-0.01,-0.57,1.51,9.77,0.03,-0.03,-0.02,-0.43,7.05,7.12,0.04,-0.01,0.00,0.33,-0.12,0.98,-0.37,8.06,-3.05,R
30.681,24,27,27,8,31,-0.02,-4.30,9.41,-0.36,0.16,-0.02,-2.83,-0.27,9.49,-0.03,-0.02,-0.06,-1.02,1.59,9.60,-0.12,-0.07,-0.05,-0.73,1.17,9.77,-0.12,-0.04,-0.03,-0.45,6.70,7.19,-0.05,0.05,-0.01,0.24,-0.17,0.95,-1.53,-7.39,-1.89,R
30.732,26,28,27,10,34,-0.12,-3.91,9.15,-0.04,0.00,-0.07,-2.78,-0.10,9.52,0.08,-0.00,0.01,-1.10,1.58,9.60,-0.02,0.01,0.01,-0.79,1.46,9.72,-0.02,-0.03,-0.01,-0.56,7.13,7.07,-0.08,0.04,0.01,0.34,-0.17,0.96,-5.62,-1.53,-0.06,R
30.783,25,24,26,10,31,-0.13,-3.85,9.23,-0.18,0.01,0.01,-2.79,-0.00,9.55,-0.11,0.01,0.02,-0.96,1.82,9.67,-0.22,0.00,0.04,-0.57,1.38,9.68,-0.18,-0.06,0.02,-0.46,6.78,7.22,-0.11,0.01,0.02,0.24,-0.15,0.95,0.49,-4.88,2.32,R
30.833,26,25,26,10,32,0.15,-4.17,9.12,0.06,0.03,0.05,-2.72,-0.35,9.66,0.02,-0.02,0.10,-1.00,1.56,9.66,-0.00,-0.00,0.07,-0.66,1.05,9.79,-0.13,-0.06,0.04,-0.59,7.06,7.27,-0.14,0.01,0.04,0.32,-0.16,0.96,-0.06,1.16,1.65,R
30.884,25,25,26,9,31,0.10,-3.79,9.04,-0.18,0.00,0.02,-2.59,0.04,9.42,-0.04,0.02,0.05,-0.83,1.36,9.62,-0.04,0.02,0.04,-0.50,0.98,9.77,-0.06,-0.02,0.04,-0.41,6.58,7.29,-0.12,0.05,0.03,0.28,-0.14,0.96,-1.16,-4.09,1.04,R
30.935,26,25,28,9,31,-0.04,-4.16,9.00,0.00,0.01,0.05,-2.84,-0.63,9.36,-0.06,-0.04,0.05,-0.92,1.51,9.74,-0.02,-0.01,0.05,-0.56,0.98,9.79,0.01,-0.00,0.03,-0.45,6.76,7.30,-0.00,0.03,0.02,0.30,-0.15,0.96,1.10,2.08,0.43,R
30.986,26,24,28,8,30,0.05,-4.13,9.05,-0.01,0.04,-0.02,-2.66,-0.29,9.47,-0.05,0.04,-0.01,-0.91,1.48,9.66,-0.02,0.00,-0.01,-0.52,1.16,9.69,0.02,0.02,-0.01,-0.46,6.57,7.33,0.04,0.05,-0.01,0.29,-0.15,0.95,-0.73,0.49,-0.98,R
31.037,25,23,26,10,30,-0.16,-4.17,9.12,0.00,0.02,0.04,-2.71,-0.34,9.57,-0.03,-0.00,0.01,-0.94,1.64,9.59,-0.02,-0.01,0.02,-0.64,1.21,9.86,-0.01,0.04,0.02,-0.43,6.71,7.35,0.07,0.06,0.01,0.27,-0.16,0.95,2.01,2.62,-0.06,R
31.088,28,23,27,9,32,-0.09,-4.05,9.10,0.02,0.03,0.00,-2.69,-0.28,9.48,0.01,0.02,0.01,-0.95,1.57,9.66,-0.03,0.00,-0.00,-0.59,1.13,9.73,-0.01,0.04,-0.00,-0.49,6.83,7.27,0.03,0.05,-0.02,0.31,-0.15,0.95,-0.06,0.79,-0.49,R
31.14,26,23,25,9,31,-0.07,-4.19,9.17,-0.02,0.04,0.00,-2.73,-0.30,9.46,-0.01,0.05,0.00,-0.98,1.60,9.65,-0.03,0.02,0.00,-0.63,1.12,9.79,-0.02,0.03,0.01,-0.51,6.68,7.31,0.04,0.04,-0.00,0.29,-0.15,0.96,-0.31,1.40,-0.12,R
31.191,27,24,28,9,32,-0.00,-4.28,9.12,-0.01,0.04,0.00,-2.65,-0.22,9.48,0.00,0.03,0.01,-0.94,1.58,9.66,-0.04,0.01,0.00,-0.59,1.16,9.75,0.00,0.03,-0.01,-0.43,6.76,7.20,0.02,0.03,-0.02,0.31,-0.15,0.95,0.06,1.34,-0.61,R
31.241,25,23,25,7,30,-0.09,-4.25,9.07,-0.01,0.04,-0.00,-2.72,-0.33,9.51,-0.00,0.03,0.00,-0.90,1.51,9.64,-0.03,0.01,0.00,-0.63,1.13,9.75,-0.01,0.02,0.01,-0.54,6.69,7.24,0.04,0.03,-0.00,0.29,-0.15,0.95,0.43,1.22,0.06,R
31.293,26,23,25,10,32,-0.10,-4.19,9.04,-0.04,0.02,0.01,-2.71,-0.24,9.56,-0.01,0.02,0.00,-0.93,1.50,9.63,-0.04,-0.00,0.00,-0.63,1.22,9.79,-0.02,0.02,-0.00,-0.51,6.78,7.27,0.00,0.04,-0.02,0.30,-0.15,0.96,-0.24,-0.67,-0.43,R
31.344,26,24,24,9,32,-0.11,-4.25,9.05,-0.02,0.03,0.00,-2.76,-0.32,9.51,0.00,0.03,0.01,-0.91,1.47,9.64,-0.03,0.01,0.01,-0.64,1.11,9.74,-0.00,0.03,0.00,-0.53,6.80,7.24,0.01,0.02,-0.00,0.30,-0.15,0.95,-0.18,0.37,-0.37,R
31.395,27,24,24,8,32,-0.11,-4.13,9.05,-0.01,0.02,0.01,-2.72,-0.26,9.55,-0.01,0.03,0.00,-0.97,1.57,9.63,-0.04,0.01,0.01,-0.66,1.24,9.77,-0.02,0.02,-0.00,-0.59,6.80,7.18,0.02,0.01,-0.02,0.30,-0.15,0.95,0.73,0.18,-0.43,R
31.446,26,24,25,10,32,-0.11,-4.25,9.08,-0.06,0.04,-0.02,-2.80,-0.31,9.55,-0.01,0.04,-0.01,-0.98,1.47,9.68,-0.04,0.02,-0.01,-0.63,1.23,9.78,-0.01,0.02,-0.02,-0.64,6.68,7.40,0.03,0.02,-0.05,0.30,-0.15,0.96,-0.55,-2.20,-0.31,R
31.496,26,23,24,8,32,-0.15,-4.17,9.16,-0.01,0.02,-0.01,-2.71,-0.30,9.53,-0.01,0.02,0.00,-1.02,1.53,9.62,-0.02,0.01,0.00,-0.67,1.11,9.73,0.02,0.02,-0.01,-0.51,6.82,7.22,0.04,0.01,-0.02,0.29,-0.15,0.95,-0.43,0.43,-0.92,R
31.548,27,24,25,11,32,-0.26,-4.10,9.09,-0.04,0.03,-0.00,-2.71,-0.16,9.44,-0.01,0.02,-0.01,-0.98,1.48,9.68,-0.04,-0.01,-0.01,-0.61,1.08,9.75,-0.02,0.01,-0.01,-0.49,6.82,7.22,-0.00,0.01,-0.01,0.29,-0.15,0.96,0.92,-1.34,-0.37,R
31.599,27,23,25,9,32,-0.08,-4.12,9.05,0.02,0.03,-0.03,-2.76,-0.32,9.57,0.02,0.05,-0.01,-0.97,1.48,9.68,-0.03,0.02,0.00,-0.69,1.13,9.76,0.00,0.01,-0.01,-0.50,6.89,7.18,-0.01,0.01,-0.01,0.30,-0.15,0.95,0.00,0.43,-0.24,R
31.649,26,24,24,9,32,-0.11,-4.19,9.10,-0.02,0.03,0.01,-2.67,-0.31,9.50,-0.03,0.03,0.00,-1.06,1.57,9.65,-0.02,0.01,0.00,-0.65,1.13,9.80,0.00,0.01,0.00,-0.53,6.78,7.25,0.02,0.02,-0.01,0.29,-0.15,0.95,0.61,0.43,-0.37,R
31.7,27,23,26,8,32,-0.13,-4.18,9.10,0.01,0.03,-0.03,-2.78,-0.32,9.55,-0.01,0.02,-0.01,-1.02,1.39,9.63,-0.02,-0.01,-0.01,-0.65,1.26,9.75,-0.01,0.01,-0.01,-0.51,6.68,7.24,-0.00,0.02,-0.02,0.29,-0.15,0.96,1.04,-0.92,0.00,R
31.752,28,25,26,10,32,-0.13,-4.39,9.00,0.01,0.02,-0.02,-2.74,-0.30,9.49,0.04,0.04,-0.01,-0.95,1.59,9.69,-0.01,0.02,0.00,-0.64,1.14,9.67,0.02,0.02,-0.00,-0.48,6.73,7.23,0.02,0.01,-0.01,0.30,-0.15,0.95,-0.61,0.79,-0.37,R
31.802,26,25,25,8,32,-0.15,-4.19,9.00,0.00,0.02,-0.01,-2.75,-0.24,9.52,-0.02,0.02,-0.00,-1.02,1.58,9.67,-0.03,0.00,0.00,-0.70,1.12,9.74,-0.01,0.02,0.00,-0.56,6.71,7.26,0.02,0.02,-0.01,0.29,-0.15,0.95,0.98,0.00,-0.18,R
31.854,26,24,25,8,32,-0.16,-4.23,8.99,-0.01,0.02,-0.01,-2.74,-0.25,9.47,0.02,0.05,0.00,-0.96,1.63,9.62,-0.03,0.01,0.01,-0.62,1.10,9.76,-0.00,0.02,-0.00,-0.49,6.85,7.24,0.02,0.02,-0.01,0.30,-0.14,0.96,-0.12,0.12,0.00,R
31.904,28,24,26,10,34,-0.09,-4.18,8.97,-0.00,0.02,-0.00,-2.72,-0.26,9.48,-0.02,0.04,0.01,-1.02,1.57,9.64,-0.03,0.01,0.00,-0.70,1.14,9.79,0.01,0.02,-0.00,-0.54,6.91,7.21,0.04,0.02,-0.03,0.30,-0.15,0.96,0.00,-0.06,-0.12,R
31.955,27,21,27,11,32,-0.18,-4.41,9.03,-0.06,0.02,-0.01,-2.76,-0.24,9.49,-0.02,0.02,0.01,-0.96,1.55,9.60,-0.06,0.03,0.02,-0.62,1.18,9.71,0.04,0.03,-0.01,-0.52,6.78,7.21,0.03,0.02,-0.03,0.29,-0.14,0.95,-1.65,-1.53,0.12,R
32.006,26,24,27,11,34,-0.23,-4.19,9.07,-0.05,0.05,-0.06,-2.65,0.14,9.50,-0.00,0.01,-0.05,-1.04,1.43,9.70,-0.08,0.02,-0.00,-0.73,0.91,9.76,0.01,0.01,-0.02,-0.55,6.71,7.21,0.01,0.02,-0.02,0.28,-0.14,0.96,-0.79,-1.89,1.22,R
32.058,27,25,25,11,34,-0.24,-4.16,9.05,0.01,0.01,0.02,-2.78,-0.35,9.53,-0.00,0.03,0.01,-1.06,1.44,9.65,-0.02,0.00,0.01,-0.75,1.19,9.80,0.01,0.01,0.01,-0.54,6.82,7.25,0.02,0.02,0.00,0.29,-0.15,0.96,0.43,1.04,0.43,R
32.109,25,21,26,9,33,-0.18,-4.36,9.02,-0.02,0.01,0.01,-2.72,-0.23,9.50,-0.00,0.01,-0.01,-0.93,1.50,9.62,-0.03,-0.00,-0.00,-0.73,1.25,9.72,-0.01,0.01,-0.00,-0.50,6.84,7.20,-0.02,0.02,-0.01,0.29,-0.15,0.95,1.34,-1.04,-0.12,R
32.159,26,23,25,8,33,-0.16,-4.19,9.04,0.00,0.02,-0.00,-2.77,-0.24,9.41,0.01,0.02,0.00,-1.04,1.50,9.66,-0.02,0.00,0.00,-0.66,1.22,9.70,-0.01,0.01,-0.00,-0.47,6.81,7.22,-0.00,0.02,-0.01,0.30,-0.14,0.96,1.10,-0.67,0.06,R
32.211,26,23,23,9,33,-0.13,-4.31,8.96,-0.08,0.03,0.05,-2.75,-0.29,9.51,-0.01,0.02,0.00,-1.03,1.55,9.65,-0.04,0.01,0.01,-0.72,1.22,9.78,0.01,0.02,0.00,-0.56,6.80,7.16,0.03,0.02,-0.01,0.30,-0.15,0.95,-0.12,0.37,0.00,R
32.262,26,24,24,9,32,-0.12,-4.40,9.00,0.02,0.03,-0.05,-2.79,-0.36,9.57,-0.02,0.03,-0.00,-1.01,1.51,9.64,-0.03,0.01,0.00,-0.69,1.22,9.72,-0.01,0.02,0.00,-0.47,6.80,7.19,0.01,0.02,-0.01,0.28,-0.14,0.96,1.28,-0.24,-0.24,R
32.313,26,24,25,10,33,-0.16,-4.24,9.04,-0.06,0.02,0.02,-2.80,-0.25,9.51,0.03,0.04,0.00,-1.12,1.57,9.61,-0.01,0.01,-0.00,-0.71,1.27,9.78,-0.01,0.01,-0.00,-0.49,6.86,7.18,0.01,0.02,-0.01,0.29,-0.14,0.96,0.18,-0.67,-0.31,R
32.363,27,21,25,11,34,-0.14,-4.35,9.01,0.03,0.02,-0.01,-2.70,-0.25,9.50,-0.01,0.03,-0.00,-1.03,1.54,9.63,-0.02,0.00,-0.00,-0.69,1.20,9.74,-0.01,0.01,0.00,-0.55,7.01,7.16,-0.00,0.01,-0.02,0.30,-0.14,0.95,0.61,0.49,-0.12,R
32.414,26,20,22,8,33,-0.21,-4.11,9.07,0.03,0.02,-0.03,-2.79,-0.30,9.54,-0.02,0.03,-0.02,-1.06,1.52,9.63,-0.03,-0.01,-0.01,-0.68,1.17,9.69,-0.01,0.01,-0.01,-0.49,6.63,7.23,-0.01,0.01,-0.01,0.28,-0.14,0.96,2.01,-1.04,-0.18,R
32.465,27,24,25,10,32,-0.16,-4.70,8.98,-0.15,0.05,0.05,-2.79,-0.19,9.47,0.03,0.02,0.00,-1.06,1.57,9.68,-0.01,0.01,0.00,-0.68,1.24,9.70,-0.01,0.01,-0.00,-0.55,6.89,7.18,-0.01,0.01,-0.00,0.30,-0.14,0.96,-0.24,0.49,0.12,R
32.518,25,23,25,10,33,-0.25,-4.41,8.96,0.04,0.03,-0.06,-2.74,-0.32,9.50,-0.01,0.03,-0.02,-1.01,1.51,9.62,-0.02,0.01,-0.01,-0.71,1.19,9.75,-0.01,0.01,-0.01,-0.49,6.84,7.24,0.01,0.01,-0.01,0.28,-0.15,0.95,0.18,-0.67,-0.06,R
32.568,26,20,24,9,32,-0.25,-4.34,9.00,-0.04,0.03,-0.04,-2.79,-0.29,9.57,0.01,-0.00,-0.00,-1.03,1.51,9.71,-0.04,-0.00,0.01,-0.65,1.17,9.76,-0.00,0.02,0.01,-0.46,6.85,7.25,0.03,0.03,-0.00,0.28,-0.14,0.96,1.04,-0.55,0.24,R
32.618,26,20,24,8,34,-0.17,-4.33,8.95,0.03,0.02,-0.04,-2.81,-0.26,9.47,0.01,0.03,-0.00,-1.05,1.52,9.65,-0.02,0.01,-0.01,-0.77,1.30,9.74,-0.01,0.01,-0.01,-0.54,6.91,7.15,-0.00,0.02,-0.02,0.30,-0.14,0.95,0.06,0.00,0.00,R
32.67,25,23,25,10,33,-0.22,-4.36,8.99,-0.01,0.02,-0.00,-2.71,-0.29,9.52,-0.00,0.03,-0.01,-1.01,1.49,9.66,-0.04,0.01,0.00,-0.67,1.12,9.76,-0.00,0.02,-0.00,-0.49,6.76,7.24,0.01,0.01,-0.01,0.28,-0.14,0.96,0.73,-0.12,0.18,R
32.72,25,21,23,9,33,-0.21,-4.45,8.95,-0.08,0.04,0.04,-2.76,-0.13,9.45,-0.01,0.07,0.00,-1.05,1.48,9.67,-0.04,0.01,-0.00,-0.69,1.19,9.73,-0.00,0.00,-0.00,-0.49,6.89,7.21,-0.02,0.01,-0.01,0.29,-0.14,0.96,1.59,0.49,0.43,R
32.771,26,24,26,10,34,-0.40,-4.21,8.97,-0.00,0.08,0.01,-2.78,-0.12,9.48,0.05,0.11,-0.02,-1.11,1.47,9.64,0.01,0.01,-0.02,-0.75,1.22,9.74,0.01,0.01,-0.01,-0.56,6.87,7.23,-0.02,0.01,-0.01,0.29,-0.14,0.95,0.18,-0.18,0.00,R
32.822,27,25,23,10,34,-0.33,-4.43,9.00,-0.03,0.05,-0.01,-2.80,-0.33,9.58,-0.02,0.02,0.00,-1.03,1.50,9.65,-0.03,0.01,-0.00,-0.63,1.18,9.76,-0.00,0.01,0.00,-0.51,6.76,7.25,0.02,0.02,-0.01,0.28,-0.14,0.96,1.46,-0.55,-0.12,R
32.874,28,29,26,11,34,-0.35,-4.28,8.99,-0.02,0.05,-0.02,-2.92,-0.27,9.45,0.02,0.05,0.00,-1.15,1.49,9.65,-0.04,0.01,0.00,-0.78,1.29,9.75,-0.01,0.01,-0.00,-0.56,6.82,7.16,0.00,0.02,-0.02,0.30,-0.15,0.96,0.00,0.06,-0.06,R
32.925,28,27,26,10,34,-0.30,-4.40,8.95,-0.02,0.03,-0.00,-2.83,-0.25,9.53,-0.03,0.02,0.01,-1.02,1.52,9.54,-0.04,0.00,0.00,-0.68,1.29,9.74,-0.01,0.01,0.00,-0.47,6.81,7.22,0.01,0.02,-0.01,0.29,-0.15,0.95,0.18,0.12,0.12,R
32.976,25,27,23,8,33,-0.38,-4.61,8.88,-0.01,0.03,-0.01,-2.81,-0.28,9.47,-0.01,0.02,-0.00,-0.97,1.54,9.66,-0.02,0.00,-0.00,-0.68,1.14,9.75,-0.02,0.01,0.00,-0.49,6.83,7.19,0.00,0.02,-0.01,0.29,-0.14,0.96,0.92,-0.61,0.12,R
33.026,27,26,23,9,33,-0.36,-4.34,8.97,0.01,0.02,-0.01,-2.81,-0.14,9.43,-0.01,0.02,0.01,-1.08,1.56,9.66,-0.03,0.01,0.00,-0.61,1.18,9.68,-0.01,0.01,0.01,-0.49,6.78,7.27,0.02,0.01,-0.01,0.29,-0.14,0.96,0.12,0.00,0.06,R
33.078,28,27,25,10,34,-0.34,-4.66,8.85,-0.03,0.02,0.01,-2.82,-0.25,9.52,-0.03,0.02,-0.00,-1.06,1.47,9.62,-0.04,0.01,-0.00,-0.74,1.32,9.79,0.00,0.01,-0.00,-0.48,6.79,7.21,-0.01,0.02,-0.01,0.28,-0.14,0.96,0.79,-0.24,0.12,R
33.129,28,27,23,9,33,-0.40,-4.20,9.02,0.03,0.03,-0.03,-2.87,-0.18,9.45,-0.01,0.02,0.00,-1.00,1.53,9.66,-0.05,0.00,-0.01,-0.75,1.24,9.75,-0.01,0.01,-0.01,-0.52,6.83,7.20,0.00,0.02,-0.01,0.29,-0.14,0.96,0.85,-0.92,0.06,R
33.18,26,26,23,8,33,-0.31,-4.24,8.99,0.01,0.02,0.00,-2.88,-0.31,9.57,0.01,0.03,0.00,-0.99,1.50,9.62,-0.02,0.01,0.01,-0.66,1.16,9.76,0.01,0.02,-0.00,-0.53,6.74,7.27,0.00,0.01,-0.01,0.29,-0.14,0.96,0.00,0.31,-0.12,R
33.231,26,27,24,9,34,-0.28,-4.66,8.89,0.02,0.02,-0.02,-2.92,-0.26,9.49,-0.02,0.01,-0.01,-1.02,1.50,9.59,-0.03,-0.01,-0.00,-0.76,1.20,9.70,-0.01,0.01,0.00,-0.54,6.73,7.22,0.00,0.02,-0.00,0.28,-0.14,0.95,1.34,-0.24,0.06,R
33.281,26,26,24,9,34,-0.41,-4.38,8.92,0.00,0.02,-0.02,-2.88,-0.19,9.47,0.00,0.03,0.00,-1.07,1.51,9.62,-0.03,0.00,0.00,-0.68,1.23,9.79,-0.02,0.01,0.00,-0.48,6.75,7.23,-0.01,0.01,-0.01,0.29,-0.14,0.96,0.18,-0.37,-0.12,R
33.333,27,26,25,10,33,-0.30,-4.61,8.98,-0.02,0.01,-0.00,-2.80,-0.19,9.48,-0.02,0.03,-0.00,-1.03,1.44,9.59,-0.03,0.01,0.00,-0.72,1.17,9.76,0.00,0.01,-0.00,-0.52,6.85,7.21,0.02,0.02,-0.01,0.28,-0.14,0.95,0.67,0.31,0.18,R
33.383,28,25,24,11,34,-0.39,-4.02,9.04,0.01,0.01,-0.01,-2.84,-0.19,9.43,-0.01,0.01,-0.00,-1.03,1.53,9.65,-0.04,-0.00,0.01,-0.67,1.22,9.79,-0.01,0.01,-0.00,-0.53,6.76,7.27,-0.00,0.02,-0.01,0.29,-0.14,0.96,0.98,-0.67,0.06,R
33.434,27,26,24,9,32,-0.33,-4.42,8.99,-0.02,0.02,0.01,-2.87,-0.19,9.50,0.01,0.03,0.00,-1.03,1.54,9.65,-0.02,0.02,0.00,-0.74,1.16,9.71,0.00,0.01,-0.00,-0.49,6.86,7.19,0.01,0.02,-0.01,0.29,-0.14,0.96,-0.06,0.31,0.06,R
33.485,26,26,24,11,33,-0.34,-4.42,8.95,-0.00,0.02,0.00,-2.86,-0.28,9.42,-0.02,0.01,0.01,-1.03,1.52,9.64,-0.04,0.00,0.00,-0.74,1.21,9.81,-0.00,0.01,0.00,-0.51,6.76,7.23,0.01,0.02,-0.01,0.29,-0.14,0.95,0.79,0.06,0.12,R
33.536,27,25,25,9,33,-0.37,-4.80,8.94,-0.03,0.01,0.00,-2.91,-0.16,9.49,-0.01,0.03,-0.00,-1.15,1.52,9.65,-0.03,0.00,0.00,-0.71,1.25,9.76,-0.01,0.01,0.00,-0.49,6.75,7.24,0.00,0.02,-0.01,0.29,-0.14,0.96,0.49,-0.43,0.00,R
33.588,27,25,25,8,34,-0.27,-4.64,8.96,0.03,0.01,-0.02,-2.81,-0.38,9.50,0.01,0.04,-0.00,-1.05,1.53,9.62,-0.02,0.01,-0.00,-0.74,1.19,9.70,-0.01,0.01,0.00,-0.57,6.82,7.19,0.00,0.02,-0.01,0.29,-0.14,0.96,0.24,0.18,0.12,R
33.639,27,25,25,9,33,-0.30,-4.33,8.98,0.02,0.02,-0.02,-2.84,-0.24,9.42,-0.03,-0.00,-0.00,-1.03,1.57,9.59,-0.03,-0.00,-0.01,-0.68,1.10,9.68,-0.01,0.01,0.00,-0.47,6.77,7.24,0.03,0.02,-0.01,0.28,-0.14,0.96,1.10,-0.12,0.24,R
33.69,27,26,25,10,33,-0.32,-4.57,8.99,-0.01,0.00,0.01,-2.86,-0.21,9.49,0.01,0.03,0.01,-1.03,1.60,9.68,-0.02,0.01,0.00,-0.72,1.21,9.75,-0.01,0.01,-0.00,-0.50,6.87,7.22,-0.02,0.02,-0.01,0.30,-0.14,0.96,0.12,-0.79,0.00,R
33.741,27,25,25,10,33,-0.29,-4.47,8.92,0.02,0.02,-0.02,-2.92,-0.21,9.46,-0.00,0.02,0.00,-1.03,1.58,9.60,-0.03,0.00,0.00,-0.75,1.19,9.76,0.00,0.01,0.00,-0.50,6.84,7.24,0.02,0.01,-0.00,0.28,-0.15,0.95,0.55,0.67,0.12,R
33.792,26,26,26,10,32,-0.32,-4.34,9.02,-0.01,0.00,-0.00,-2.77,-0.15,9.39,-0.01,0.01,-0.00,-1.03,1.60,9.67,-0.04,-0.00,0.00,-0.71,1.19,9.72,-0.01,0.01,-0.01,-0.50,6.92,7.20,0.01,0.02,-0.01,0.29,-0.14,0.96,1.16,-0.67,0.18,R
33.842,26,26,24,11,33,-0.28,-4.53,9.01,-0.01,0.02,-0.00,-2.83,-0.21,9.47,0.00,0.03,0.01,-1.06,1.53,9.61,-0.02,0.01,0.00,-0.79,1.17,9.75,0.00,0.01,0.00,-0.58,6.79,7.17,0.01,0.02,-0.01,0.29,-0.14,0.95,0.00,0.43,-0.06,R
33.894,27,26,25,10,34,-0.35,-4.33,9.01,-0.00,0.01,0.00,-2.86,-0.26,9.48,-0.01,0.01,0.00,-1.09,1.57,9.62,-0.04,0.00,0.01,-0.71,1.19,9.78,-0.00,0.01,0.00,-0.53,6.76,7.30,0.01,0.02,-0.01,0.29,-0.14,0.96,1.22,0.31,0.18,R
33.945,26,27,26,9,33,-0.30,-4.44,8.94,-0.01,0.02,-0.01,-2.79,-0.18,9.43,0.00,0.04,-0.00,-1.09,1.51,9.66,-0.02,0.01,-0.00,-0.73,1.19,9.74,-0.00,0.00,0.00,-0.55,6.78,7.20,0.00,0.01,-0.01,0.28,-0.14,0.96,0.31,-0.73,-0.12,R
33.996,25,25,22,9,32,-0.33,-4.42,8.99,-0.00,0.01,0.01,-2.85,-0.21,9.51,0.01,0.02,0.01,-1.06,1.54,9.67,-0.01,0.01,0.00,-0.70,1.22,9.77,-0.00,0.01,0.00,-0.58,6.86,7.19,0.01,0.02,-0.01,0.29,-0.14,0.96,0.43,0.61,0.18,R
34.047,26,24,24,8,33,-0.34,-4.41,8.95,-0.01,0.01,0.01,-2.83,-0.23,9.44,-0.01,0.01,0.00,-1.08,1.58,9.62,-0.03,-0.01,0.00,-0.73,1.10,9.73,-0.01,0.00,0.01,-0.53,6.85,7.21,0.03,0.02,-0.01,0.28,-0.14,0.96,1.40,-0.43,0.12,R
34.097,26,24,25,8,33,-0.35,-4.54,8.98,-0.01,0.01,0.00,-2.81,-0.16,9.54,0.04,0.04,0.01,-1.03,1.48,9.67,-0.00,0.02,0.01,-0.72,1.13,9.77,0.04,0.02,-0.00,-0.48,6.77,7.17,0.04,0.03,-0.01,0.28,-0.14,0.96,0.49,0.73,0.43,R
34.148,25,26,25,9,32,-0.30,-4.31,8.96,-0.02,0.00,0.04,-2.86,-0.07,9.37,0.06,0.05,0.01,-1.07,1.64,9.66,0.03,0.04,0.00,-0.76,1.19,9.77,0.05,0.03,-0.00,-0.51,6.78,7.23,0.07,0.03,-0.01,0.29,-0.14,0.96,0.61,0.98,0.67,R
34.199,26,26,27,9,33,-0.34,-5.31,9.31,-0.23,0.04,0.10,-2.94,-0.18,9.68,0.22,0.14,0.02,-1.03,1.65,9.59,0.25,0.20,-0.01,-0.76,1.22,9.72,0.25,0.06,0.02,-0.49,6.80,7.13,0.24,0.02,0.01,0.27,-0.15,0.96,-1.34,6.90,0.61,R
34.251,27,27,33,8,32,-0.01,-6.06,10.20,0.55,-0.32,-0.15,-3.26,-0.44,10.07,0.68,0.18,0.08,-1.30,1.47,9.82,0.77,0.53,-0.08,-1.16,1.29,9.60,0.64,0.18,-0.01,-0.67,6.75,7.27,0.49,-0.06,-0.02,0.29,-0.16,0.96,-16.24,17.27,0.43,R
34.304,29,30,41,13,34,0.48,-4.95,8.99,1.21,-1.11,-1.08,-4.19,0.38,13.22,1.12,-0.03,0.07,-2.17,1.82,13.56,1.27,-0.31,-0.07,-1.79,3.17,14.10,2.39,-0.25,-0.26,-0.76,7.89,7.34,2.61,-0.28,-0.31,0.31,-0.17,0.98,-40.77,34.67,1.16,R
34.353,37,35,35,25,36,0.45,-3.17,9.68,1.00,-1.21,-1.29,-3.77,0.71,11.01,1.82,-0.44,0.27,-1.82,4.24,11.33,1.58,-0.69,0.07,-0.91,3.22,10.81,1.83,-0.71,0.11,-0.31,9.47,6.77,1.69,-0.83,0.74,0.34,-0.07,0.99,-60.06,59.33,12.57,R
34.403,41,47,36,31,36,1.25,-3.72,10.09,1.33,-1.08,-1.23,-3.67,1.38,11.05,1.85,-1.02,0.38,-1.72,3.50,10.83,1.95,-0.96,0.27,-0.89,4.47,10.82,2.05,-1.09,0.27,0.30,9.38,5.67,1.91,-1.11,1.14,0.40,-0.04,0.94,-78.67,93.75,26.12,R
34.454,46,47,36,33,37,1.93,-1.80,10.49,2.47,-1.20,-1.30,-2.81,4.83,9.37,1.88,-1.25,0.74,-1.07,6.55,8.61,2.19,-1.14,0.69,-0.02,7.16,8.01,2.49,-1.48,0.75,1.34,10.41,2.42,2.80,-1.07,1.58,0.55,0.10,0.82,-77.58,173.34,49.19,R
34.505,48,48,37,31,35,1.41,2.64,8.00,2.37,-1.39,-0.67,-1.30,7.26,6.54,1.43,-1.57,1.05,-0.07,9.55,5.69,1.76,-1.23,1.12,1.19,9.42,7.10,1.30,-1.12,1.19,2.58,11.57,1.10,1.01,-0.21,1.75,0.88,0.19,0.78,-55.79,68.73,61.10,R
34.557,45,48,37,31,34,2.69,2.40,8.71,1.00,-1.74,0.36,-0.76,6.93,7.04,-0.31,-1.13,1.52,0.70,7.68,5.77,0.11,-0.89,1.82,1.84,7.26,5.51,0.19,-0.87,1.85,3.06,9.19,0.75,0.16,0.26,2.08,0.72,0.22,0.75,-41.63,15.81,83.80,R
34.607,45,51,36,31,36,3.68,2.64,7.23,0.77,-1.22,1.09,0.68,5.63,5.04,-0.59,-0.36,1.97,2.15,7.38,1.72,0.07,0.19,2.04,2.90,7.35,1.61,0.08,0.52,2.12,3.92,6.84,-2.09,0.26,1.80,1.39,0.66,0.33,0.77,6.96,4.70,88.56,R
34.659,43,49,34,31,36,3.23,2.69,4.97,0.47,-0.42,2.47,1.57,5.17,2.26,-0.76,1.40,2.65,1.58,5.51,0.42,-0.82,2.46,2.36,1.56,4.72,1.71,-0.92,2.52,2.32,1.91,6.68,1.44,-0.75,3.65,0.16,0.68,0.34,0.76,71.78,-31.01,87.59,R
34.71,41,43,36,31,36,2.98,0.77,2.87,-1.94,1.20,3.52,-1.36,0.03,4.52,-3.76,3.37,1.79,-0.48,1.13,6.85,-3.97,3.59,1.65,0.63,-0.40,7.55,-4.06,2.93,1.70,0.99,1.44,4.23,-4.43,3.14,-0.09,0.69,0.21,0.75,121.34,-185.91,57.19,R
34.761,44,39,48,30,37,4.06,-6.56,8.34,-2.40,2.18,3.01,-2.30,-7.14,10.04,-2.87,3.52,0.85,-0.82,-7.57,7.73,-2.54,3.47,0.40,-1.13,-6.44,6.48,-2.06,3.84,0.19,-2.04,0.69,11.06,-1.90,3.13,-2.21,0.16,0.23,0.83,153.44,-152.65,-6.59,R
34.812,44,36,46,30,36,2.41,-6.53,1.63,-3.79,3.81,1.70,-4.21,-8.52,7.51,-2.07,3.72,-1.51,-3.74,-7.02,11.48,-2.57,3.26,-2.03,-3.47,-5.54,15.75,-3.12,2.60,-2.14,-2.10,4.90,14.47,-3.22,0.81,-2.93,0.15,0.03,0.87,133.24,-160.58,-99.24,R
34.863,47,35,51,23,34,0.88,-13.93,6.60,-5.91,3.67,0.16,-5.94,-10.27,13.37,-2.00,1.94,-3.14,-3.27,-7.99,13.66,-1.70,0.13,-3.24,-2.85,-7.02,11.66,-1.82,0.12,-3.32,-3.33,0.69,13.00,-1.89,-1.44,-3.05,-0.32,0.05,0.94,73.61,-149.90,-141.78,R
34.914,39,27,47,14,30,-0.24,-12.67,3.00,-1.43,3.43,-1.57,-6.79,-12.15,10.60,0.52,-0.13,-4.78,-5.28,-7.39,14.37,-0.70,-1.69,-5.10,-4.55,-3.87,13.30,-2.59,-1.61,-5.36,-1.60,7.70,10.97,-2.43,-3.62,-3.69,-0.02,-0.07,0.91,30.82,-70.62,-197.45,R
34.966,34,20,41,7,28,-2.15,-5.77,5.32,-2.46,2.27,-2.06,-9.19,2.81,15.28,-0.94,-1.34,-4.94,-4.83,8.35,17.20,-1.10,-2.49,-3.93,-0.95,6.68,15.07,-1.38,-2.12,-3.24,1.64,10.64,7.70,-1.30,-3.10,-1.14,-0.43,-0.06,0.93,-37.96,-121.83,-131.90,R
35.015,32,18,38,6,27,-2.47,-12.12,20.60,0.98,-1.34,-2.03,-6.83,-0.11,18.83,2.42,-4.20,-0.73,-1.52,3.83,11.37,2.12,-3.31,-0.36,0.37,2.39,11.32,2.52,-3.07,-0.77,1.89,5.34,6.26,2.73,-3.13,0.95,0.01,-0.19,1.02,-98.02,103.21,-21.36,R
35.067,28,25,36,5,25,0.78,-8.88,9.79,4.04,-4.43,-3.62,-1.75,-3.84,6.64,3.75,-1.01,-0.21,-0.47,0.72,7.65,4.44,-0.56,0.04,1.04,-0.35,5.86,4.64,-1.41,0.04,5.44,4.36,-1.72,4.84,-1.46,0.58,0.12,0.20,1.11,-174.68,211.43,41.93,R
35.118,27,37,47,11,28,1.60,-2.03,5.31,2.95,-2.43,-0.98,0.80,1.69,5.83,1.60,-2.91,1.36,1.93,3.76,7.02,0.83,-1.42,1.59,2.99,4.68,9.79,0.72,-1.66,1.46,4.28,6.74,3.75,0.30,-0.45,2.53,0.49,0.18,0.79,-50.48,36.44,56.88,R
35.168,27,37,47,16,32,3.27,-4.14,10.24,2.40,-3.09,-0.77,0.79,2.20,7.10,1.21,-1.62,2.05,2.42,4.29,3.33,1.75,-0.98,2.69,2.94,-0.15,3.18,2.19,-0.95,2.61,3.64,1.10,2.87,2.50,0.26,2.57,0.01,0.49,1.03,-58.59,135.25,119.87,R
35.22,24,46,46,19,30,5.68,-3.11,1.47,1.83,-1.23,0.81,3.75,-3.62,6.11,0.53,-0.96,1.47,4.02,-0.72,6.79,0.29,-0.43,1.37,4.64,-0.61,4.37,0.52,-0.43,1.32,4.58,1.40,2.61,0.31,0.34,1.41,0.23,0.21,0.81,21.85,-24.11,53.59,R
35.271,25,45,46,21,30,6.60,-4.78,4.66,2.45,0.16,0.55,5.75,-3.71,0.88,2.10,1.05,1.50,5.17,-3.76,-0.87,2.68,1.73,0.82,2.94,-2.21,3.26,3.02,2.62,0.23,2.10,6.82,10.06,3.06,2.15,-1.80,0.31,0.43,0.94,81.24,162.78,8.67,R
35.322,22,45,40,20,30,5.02,-1.95,1.28,0.87,2.12,0.41,0.66,-0.97,8.55,0.18,3.06,-0.26,1.41,1.42,10.01,-0.52,2.38,-0.77,2.52,1.79,5.14,-0.21,2.03,-0.69,3.14,3.96,3.41,-0.09,1.36,-1.72,0.21,0.23,0.86,104.98,-17.94,-37.66,R
35.373,24,42,41,19,28,4.02,-3.48,10.17,1.74,2.30,0.38,-0.57,-0.76,8.06,1.80,3.00,0.25,-0.90,2.04,10.82,1.72,3.04,-0.67,0.02,2.94,12.53,1.94,2.91,-0.87,0.60,11.50,11.15,1.79,1.90,-2.55,0.38,0.08,0.93,119.87,92.59,-48.46,R
35.424,23,40,38,18,27,2.62,-1.36,8.16,0.66,2.01,0.09,-2.95,0.85,13.06,-0.16,1.78,-0.59,-1.23,3.77,11.80,-0.58,1.37,-0.94,0.61,3.90,10.56,-0.97,1.39,-0.83,1.43,8.62,5.96,-1.06,0.82,-1.42,0.54,-0.06,1.01,76.23,-34.61,-49.80,R
35.475,22,32,37,16,28,3.04,-3.30,12.36,0.26,1.68,0.06,-3.21,-1.65,14.02,0.09,1.53,-0.52,-1.29,0.60,13.68,0.19,0.93,-0.93,-0.38,1.08,12.00,0.21,1.26,-1.07,0.92,9.51,8.45,0.45,0.84,-1.94,0.34,-0.08,0.96,73.30,11.17,-52.12,R
35.525,21,31,37,15,27,1.10,-0.69,11.99,-1.03,1.87,0.03,-3.80,3.92,13.17,-1.02,0.99,-1.18,-1.77,7.99,12.94,-0.89,0.40,-1.09,-0.23,7.02,11.41,-1.26,0.70,-0.65,0.70,9.64,4.49,-1.23,0.45,-0.80,0.66,-0.12,1.07,38.33,-54.75,-39.86,R
35.577,21,26,36,15,26,1.16,-1.53,8.64,-0.33,0.53,0.11,-2.85,-0.00,7.82,-0.24,0.29,-0.12,0.11,1.39,7.69,-0.47,-0.12,-0.26,-1.02,1.17,10.46,-1.34,0.46,-0.25,-0.82,6.84,7.79,-1.01,0.22,-0.29,0.30,-0.13,0.87,21.36,-17.27,-12.15,R
35.628,19,24,34,14,26,0.12,-4.06,13.49,-1.54,1.19,0.17,-5.06,1.65,14.36,-1.07,0.69,-0.50,-2.62,-0.57,6.36,-0.48,-0.60,-0.07,-1.23,2.34,9.50,-0.54,-0.08,-0.24,-0.61,7.45,7.19,-0.61,0.03,-0.20,0.21,-0.31,1.01,10.93,-41.81,-14.71,R
35.679,20,20,33,13,30,0.65,-3.55,8.04,-0.15,0.10,-0.02,-2.48,-0.75,9.28,0.01,-0.09,-0.04,-1.97,1.49,9.23,0.23,-0.07,0.00,-0.67,1.74,9.71,0.03,-0.00,0.03,-0.39,6.99,7.02,0.24,0.06,0.04,0.32,-0.14,0.93,-0.49,15.32,-3.05,R
35.73,22,19,32,12,29,0.68,-2.72,8.92,-1.63,1.00,0.19,-2.81,-0.52,9.64,-0.34,-0.05,-0.21,-1.06,1.92,9.63,-0.28,-0.19,-0.13,-0.73,1.74,9.69,-0.27,-0.07,-0.17,-0.32,6.95,7.11,-0.37,0.02,-0.18,0.32,-0.16,0.95,0.67,-26.55,-5.98,R
35.78,21,17,27,13,29,0.32,-4.07,9.30,-0.35,0.12,-0.03,-2.95,-0.85,9.50,-0.04,-0.09,-0.11,-1.13,1.89,9.61,-0.04,-0.14,-0.09,-0.75,1.57,9.63,-0.07,-0.04,-0.06,-0.56,6.89,7.23,0.03,-0.00,-0.03,0.23,-0.15,0.97,1.34,-1.28,-3.30,R
35.832,21,17,26,11,31,0.27,-4.13,10.34,-0.57,0.35,0.07,-2.78,-0.46,9.54,0.05,-0.04,-0.08,-0.96,1.62,9.63,-0.04,-0.05,-0.06,-0.75,1.53,9.64,-0.00,0.00,-0.08,-0.34,6.82,7.29,-0.03,-0.00,-0.05,0.27,-0.17,0.95,3.42,-2.08,-3.11,R
35.882,22,19,28,12,31,0.06,-4.19,9.22,-0.03,0.03,0.04,-2.86,-0.81,9.55,-0.03,-0.00,-0.00,-1.04,1.75,9.62,-0.02,-0.05,-0.01,-0.68,1.59,9.67,-0.03,-0.01,0.00,-0.52,6.72,7.27,0.03,-0.00,0.03,0.26,-0.17,0.97,5.07,3.66,-0.49,R
35.933,21,18,26,10,31,0.28,-3.86,9.01,-0.11,0.08,0.04,-2.63,-0.58,9.52,0.00,0.00,-0.00,-0.97,1.63,9.61,-0.09,-0.00,0.00,-0.72,1.51,9.75,0.00,0.01,-0.03,-0.49,6.90,7.22,-0.00,-0.03,-0.01,0.29,-0.16,0.96,2.75,0.31,-1.10,R
35.984,22,19,25,11,31,0.11,-4.05,9.12,-0.10,0.08,-0.03,-2.79,-0.54,9.50,-0.02,0.04,-0.03,-1.02,1.74,9.60,-0.04,0.01,-0.02,-0.79,1.63,9.68,-0.01,0.02,-0.03,-0.47,6.87,7.18,-0.04,-0.02,-0.00,0.27,-0.17,0.96,0.31,-0.92,-0.18,R
36.035,23,24,25,11,32,0.16,-4.16,9.06,-0.01,0.04,-0.01,-2.76,-0.49,9.48,-0.01,0.04,0.01,-0.97,1.71,9.61,-0.07,0.02,0.02,-0.71,1.51,9.67,0.01,0.01,-0.01,-0.45,6.89,7.27,0.02,-0.01,0.00,0.28,-0.16,0.96,0.55,2.62,0.12,R
36.086,22,20,25,10,32,0.11,-4.18,9.18,-0.05,0.04,0.01,-2.76,-0.60,9.50,-0.03,0.03,-0.00,-1.04,1.64,9.59,-0.06,0.02,0.01,-0.72,1.45,9.67,0.02,0.02,-0.02,-0.38,6.84,7.26,0.04,0.01,-0.04,0.28,-0.17,0.96,0.37,-0.61,0.37,R
36.137,23,21,27,12,34,0.13,-4.21,9.13,-0.04,0.00,0.02,-2.74,-0.55,9.58,-0.02,0.02,0.00,-1.03,1.56,9.61,-0.06,0.02,0.01,-0.73,1.51,9.73,0.00,0.02,0.00,-0.38,6.71,7.21,0.01,0.00,-0.01,0.27,-0.16,0.96,0.55,0.06,0.24,R
36.189,23,21,27,12,34,0.05,-4.09,9.11,-0.02,0.04,0.01,-2.82,-0.57,9.47,-0.04,0.03,0.02,-1.01,1.63,9.64,-0.06,0.03,0.02,-0.73,1.68,9.62,-0.02,0.02,0.00,-0.45,6.78,7.14,-0.01,-0.02,-0.00,0.29,-0.17,0.96,0.12,0.06,0.31,R
36.239,23,21,27,11,36,0.06,-4.13,9.16,-0.00,0.04,0.01,-2.78,-0.61,9.49,0.01,0.03,0.01,-1.01,1.59,9.58,-0.07,0.03,0.03,-0.78,1.51,9.69,-0.01,0.03,0.01,-0.37,6.79,7.22,0.01,-0.00,0.00,0.28,-0.17,0.95,0.24,1.28,-0.06,R
36.29,23,19,24,11,33,0.09,-4.07,8.77,-0.03,0.05,0.01,-2.75,-0.60,9.54,-0.01,0.02,0.00,-1.07,1.61,9.69,-0.03,0.01,0.01,-0.77,1.62,9.68,0.00,0.01,0.00,-0.43,6.86,7.16,0.01,0.01,-0.00,0.28,-0.17,0.95,1.04,0.73,0.31,R
36.342,23,21,25,11,34,0.10,-4.12,9.09,-0.04,0.04,-0.00,-2.82,-0.52,9.46,-0.02,0.03,0.00,-1.05,1.56,9.59,-0.04,0.00,0.00,-0.77,1.55,9.65,-0.00,0.00,0.00,-0.44,6.92,7.17,0.03,0.02,0.00,0.27,-0.16,0.96,0.43,0.31,0.12,R
36.392,22,21,26,12,35,0.12,-4.29,9.05,0.05,0.01,0.01,-2.78,-0.62,9.44,0.01,0.02,0.01,-1.02,1.64,9.63,-0.03,0.01,0.01,-0.81,1.55,9.69,-0.01,0.01,0.00,-0.45,6.82,7.18,0.01,0.01,-0.01,0.29,-0.17,0.95,1.16,1.83,0.61,R
36.444,23,19,24,11,36,0.07,-4.02,9.09,-0.03,0.03,-0.01,-2.73,-0.49,9.46,-0.03,0.02,-0.01,-1.02,1.66,9.66,-0.05,0.01,-0.00,-0.69,1.55,9.72,-0.02,0.01,-0.00,-0.37,6.82,7.18,0.02,0.02,-0.02,0.28,-0.16,0.95,0.73,-0.73,0.24,R
36.495,23,18,24,11,35,0.06,-4.11,9.11,-0.00,0.02,-0.00,-2.80,-0.61,9.48,-0.01,0.03,0.01,-1.03,1.57,9.63,-0.02,0.01,0.01,-0.79,1.49,9.66,-0.00,0.01,0.01,-0.46,6.85,7.21,0.01,0.02,-0.00,0.29,-0.16,0.96,-0.37,0.67,0.12,R
36.545,23,19,25,11,34,0.07,-4.07,9.12,0.00,0.03,-0.02,-2.81,-0.49,9.48,-0.01,0.04,-0.00,-0.99,1.61,9.65,-0.04,0.02,-0.00,-0.77,1.55,9.65,0.00,0.03,-0.01,-0.39,6.87,7.12,0.01,0.02,-0.01,0.28,-0.17,0.95,0.55,-0.12,0.00,R
36.596,24,19,26,11,34,0.07,-4.11,9.04,-0.02,0.03,-0.01,-2.83,-0.49,9.45,0.00,0.02,0.00,-1.10,1.63,9.61,-0.03,0.02,-0.00,-0.86,1.70,9.67,-0.01,0.01,-0.00,-0.33,6.89,7.25,-0.00,0.02,-0.00,0.29,-0.16,0.96,0.00,0.06,-0.18,R
36.648,22,21,24,10,34,0.05,-3.98,9.05,0.01,0.04,-0.03,-2.75,-0.43,9.50,-0.02,0.03,-0.00,-1.02,1.53,9.61,-0.05,0.01,0.01,-0.74,1.47,9.72,0.01,0.02,0.00,-0.41,6.84,7.17,0.03,0.02,-0.01,0.28,-0.16,0.95,0.24,-0.12,-0.06,R
36.699,24,19,26,11,36,0.06,-4.19,9.00,-0.01,0.01,-0.01,-2.83,-0.58,9.48,-0.03,0.02,0.01,-1.07,1.59,9.62,-0.03,0.01,0.00,-0.80,1.62,9.68,-0.01,0.01,0.00,-0.47,6.91,7.24,-0.00,0.02,-0.01,0.28,-0.16,0.95,0.24,-0.61,-0.31,R
36.749,23,20,25,12,35,0.06,-4.22,9.06,0.01,0.03,-0.02,-2.85,-0.52,9.50,-0.01,0.05,-0.00,-1.10,1.59,9.62,-0.03,0.01,-0.00,-0.73,1.56,9.64,-0.01,0.01,-0.00,-0.42,6.81,7.16,0.01,0.02,-0.01,0.29,-0.16,0.95,0.49,0.31,0.00,R
36.8,24,19,25,11,34,0.05,-4.20,9.05,-0.02,0.02,-0.00,-2.85,-0.46,9.43,0.00,0.02,-0.00,-1.09,1.59,9.63,-0.04,0.01,0.01,-0.73,1.57,9.70,-0.01,0.02,0.01,-0.42,6.92,7.16,0.02,0.02,-0.01,0.28,-0.16,0.95,-0.06,-0.18,-0.12,R
36.851,23,20,25,12,34,-0.05,-4.06,8.89,-0.03,0.04,-0.02,-2.80,-0.52,9.45,-0.02,0.04,0.00,-1.11,1.49,9.69,-0.03,0.01,0.00,-0.78,1.55,9.68,-0.00,0.01,-0.00,-0.43,6.83,7.18,0.02,0.02,-0.01,0.28,-0.16,0.95,0.37,-0.67,0.00,R
36.902,23,20,25,11,34,0.02,-4.17,9.05,-0.03,0.01,0.01,-2.79,-0.57,9.43,0.00,0.02,0.01,-1.11,1.55,9.57,-0.03,0.01,0.00,-0.78,1.64,9.71,-0.01,0.01,0.00,-0.42,6.84,7.21,0.00,0.02,-0.01,0.29,-0.16,0.95,-0.18,0.00,0.00,R
36.955,24,19,26,11,35,-0.08,-4.11,9.08,-0.00,0.02,-0.01,-2.82,-0.56,9.47,-0.03,0.03,0.00,-1.05,1.54,9.62,-0.04,0.00,0.01,-0.77,1.56,9.64,-0.00,0.02,-0.00,-0.37,6.87,7.21,0.02,0.03,-0.01,0.28,-0.16,0.96,0.98,0.00,0.18,R
37.005,23,20,25,11,35,0.02,-4.10,9.06,-0.01,0.02,-0.01,-2.88,-0.45,9.50,0.01,0.02,-0.00,-1.10,1.57,9.66,-0.03,-0.00,0.01,-0.79,1.61,9.69,-0.02,0.00,0.00,-0.41,6.73,7.14,-0.01,0.02,-0.01,0.29,-0.16,0.96,0.12,-0.73,-0.12,R
37.055,24,20,26,11,35,0.03,-4.21,9.06,0.02,0.02,-0.00,-2.84,-0.56,9.48,-0.03,0.02,0.00,-1.14,1.55,9.60,-0.03,-0.00,0.01,-0.78,1.55,9.69,-0.00,0.01,0.00,-0.42,6.83,7.23,0.01,0.02,-0.01,0.28,-0.16,0.95,0.31,0.73,0.12,R
37.107,23,21,26,11,34,0.01,-4.21,9.10,-0.01,0.01,0.00,-2.85,-0.51,9.50,-0.01,0.02,0.01,-1.08,1.60,9.61,-0.03,0.00,0.00,-0.79,1.61,9.64,-0.00,0.01,0.00,-0.43,6.81,7.17,0.00,0.02,-0.01,0.29,-0.16,0.95,0.55,-0.12,0.06,R
37.157,22,19,23,11,34,0.02,-4.22,9.04,-0.00,0.01,-0.01,-2.78,-0.57,9.49,-0.01,0.03,-0.00,-1.08,1.60,9.64,-0.02,0.01,-0.01,-0.81,1.64,9.68,-0.01,0.01,-0.00,-0.42,6.89,7.19,-0.01,0.02,-0.01,0.28,-0.16,0.96,0.37,-0.12,0.24,R
37.208,24,20,23,11,35,0.02,-4.33,9.07,-0.01,0.01,0.00,-2.88,-0.58,9.47,-0.01,0.04,0.01,-1.09,1.60,9.62,-0.02,0.01,0.00,-0.82,1.60,9.70,-0.01,0.01,0.01,-0.41,6.86,7.20,0.01,0.02,-0.01,0.30,-0.16,0.95,0.24,0.73,0.18,R
37.26,23,20,24,11,34,-0.04,-4.17,9.07,-0.03,0.02,-0.02,-2.82,-0.41,9.39,-0.01,0.02,-0.01,-1.02,1.54,9.63,-0.04,-0.00,0.00,-0.81,1.60,9.67,-0.01,0.01,-0.01,-0.38,6.81,7.19,0.00,0.01,-0.01,0.28,-0.15,0.96,0.55,-0.79,0.00,R
37.311,23,20,27,12,36,0.03,-4.22,9.03,0.01,0.03,-0.02,-2.85,-0.61,9.43,0.00,0.03,0.00,-1.05,1.51,9.64,-0.03,0.01,0.01,-0.77,1.61,9.65,0.00,0.01,0.00,-0.45,6.85,7.22,0.03,0.02,-0.01,0.28,-0.16,0.95,0.31,0.24,0.18,R
37.362,23,20,26,14,34,0.04,-4.31,9.05,-0.00,0.01,0.00,-2.82,-0.46,9.47,-0.00,0.02,0.00,-1.13,1.57,9.56,-0.03,0.01,0.00,-0.79,1.62,9.75,-0.01,0.01,0.00,-0.43,6.93,7.11,0.01,0.01,-0.02,0.29,-0.16,0.95,0.18,-0.37,0.24,R
37.412,23,19,25,12,36,0.04,-4.25,9.05,-0.00,0.02,-0.01,-2.81,-0.63,9.50,-0.01,0.03,0.00,-1.08,1.51,9.67,-0.03,0.01,0.00,-0.82,1.55,9.65,0.00,0.01,0.00,-0.41,6.82,7.18,0.01,0.02,-0.01,0.28,-0.16,0.95,0.49,0.31,-0.12,R
37.465,23,19,27,11,35,0.07,-4.15,9.09,-0.01,0.01,-0.00,-2.82,-0.48,9.45,0.01,0.02,0.00,-1.07,1.62,9.66,-0.04,0.01,0.00,-0.79,1.62,9.66,0.00,0.02,-0.00,-0.42,6.90,7.20,-0.01,0.02,-0.01,0.29,-0.16,0.95,1.10,-0.06,0.06,R
37.514,22,20,24,10,34,-0.03,-4.19,9.01,0.00,0.02,-0.02,-2.84,-0.51,9.46,-0.01,0.03,-0.00,-1.10,1.59,9.68,-0.02,0.01,-0.01,-0.73,1.55,9.69,-0.00,0.01,-0.00,-0.36,6.86,7.20,0.02,0.02,-0.01,0.28,-0.16,0.96,0.06,-0.43,-0.06,R
37.565,22,19,32,11,34,0.03,-4.33,9.06,-0.00,0.02,0.00,-2.81,-0.45,9.45,-0.01,0.03,0.01,-1.13,1.59,9.63,-0.02,0.00,0.00,-0.75,1.57,9.73,-0.01,0.01,0.00,-0.37,6.85,7.19,0.01,0.02,-0.01,0.29,-0.16,0.95,0.92,0.18,0.00,R
37.616,23,20,23,11,34,-0.01,-4.07,9.07,0.01,0.02,-0.00,-2.84,-0.47,9.49,-0.01,0.01,0.00,-1.13,1.56,9.63,-0.04,0.00,0.00,-0.79,1.55,9.70,-0.00,0.01,0.01,-0.42,6.99,7.17,0.02,0.01,-0.01,0.29,-0.16,0.95,0.67,0.12,0.06,R
37.667,24,20,24,11,35,0.02,-4.19,9.04,-0.01,0.01,0.00,-2.83,-0.41,9.39,0.00,0.02,-0.00,-1.12,1.61,9.60,-0.05,-0.00,0.01,-0.78,1.68,9.73,-0.02,0.01,0.00,-0.42,6.78,7.16,-0.00,0.02,-0.01,0.29,-0.16,0.96,1.16,-0.24,0.12,R
37.719,23,21,25,12,36,-0.03,-4.21,9.04,-0.00,0.01,0.01,-2.91,-0.64,9.47,-0.00,0.01,0.01,-1.10,1.53,9.61,-0.02,0.01,0.01,-0.74,1.57,9.68,0.01,0.01,0.01,-0.41,6.91,7.14,0.04,0.02,-0.00,0.28,-0.16,0.95,-0.12,0.92,-0.12,R
37.769,22,19,25,11,33,0.02,-4.11,9.08,-0.06,0.00,0.05,-2.81,-0.48,9.50,-0.02,0.00,0.00,-1.08,1.56,9.63,-0.04,-0.01,0.01,-0.69,1.61,9.68,0.00,0.01,0.01,-0.36,6.78,7.16,0.01,0.02,-0.01,0.28,-0.15,0.96,1.77,-1.28,-0.18,R
37.82,24,19,24,11,36,-2.88,-4.09,7.70,-0.06,0.07,0.03,-2.74,-0.50,9.55,0.02,0.01,-0.00,-1.16,1.59,9.57,-0.03,0.00,0.01,-0.76,1.57,9.70,-0.02,0.01,0.01,-0.39,6.86,7.13,0.00,0.01,-0.01,0.29,-0.16,0.96,0.12,-0.18,-0.24,R
37.872,22,20,26,10,34,-0.02,-4.26,9.05,-0.01,0.02,-0.01,-2.78,-0.55,9.48,-0.01,0.01,-0.00,-1.05,1.60,9.62,-0.02,0.00,0.00,-0.77,1.53,9.67,-0.00,0.02,-0.01,-0.45,6.95,7.17,0.01,0.02,-0.02,0.28,-0.16,0.95,0.61,-0.49,-0.12,R
37.922,25,20,24,12,35,-0.10,-4.24,9.31,0.03,0.02,-0.05,-2.82,-0.55,9.50,-0.01,0.02,-0.00,-1.09,1.58,9.61,-0.04,-0.00,0.00,-0.79,1.62,9.65,-0.02,0.01,0.00,-0.45,6.83,7.14,0.00,0.02,0.00,0.28,-0.16,0.96,1.53,-0.61,0.24,R
37.973,23,12,26,11,36,-0.01,-4.22,9.18,-0.01,0.04,-0.01,-2.83,-0.60,9.49,0.03,0.02,-0.00,-1.12,1.55,9.62,-0.03,0.00,0.00,-0.79,1.60,9.68,-0.02,0.00,-0.01,-0.43,6.83,7.17,-0.00,0.02,-0.01,0.29,-0.16,0.96,-0.12,0.00,0.06,R
38.024,23,18,25,11,36,0.01,-4.33,9.06,0.02,0.02,-0.03,-2.80,-0.48,9.49,0.02,0.04,-0.02,-1.08,1.55,9.62,-0.04,0.01,-0.00,-0.80,1.55,9.70,-0.01,0.01,-0.00,-0.48,6.86,7.21,0.01,0.02,-0.02,0.28,-0.16,0.95,0.98,-0.43,0.12,R
38.075,23,18,27,11,35,-0.03,-4.25,9.02,-0.00,0.02,0.00,-2.85,-0.34,9.39,0.01,0.03,0.00,-1.05,1.56,9.61,-0.05,-0.00,0.01,-0.79,1.46,9.66,-0.02,0.01,0.01,-0.38,6.83,7.22,0.01,0.02,-0.00,0.28,-0.16,0.96,0.24,0.06,0.00,R
38.126,23,19,27,12,35,-0.01,-4.44,9.03,0.03,0.01,-0.01,-2.83,-0.44,9.50,0.01,0.03,0.00,-1.11,1.55,9.65,-0.02,0.01,0.00,-0.75,1.67,9.70,-0.01,0.01,-0.00,-0.42,7.02,7.12,-0.01,0.02,-0.01,0.30,-0.16,0.96,0.43,0.67,0.06,R
38.178,24,19,26,11,36,-0.06,-4.23,9.11,-0.03,0.01,0.00,-2.86,-0.44,9.47,-0.00,0.01,-0.00,-1.11,1.57,9.63,-0.05,-0.00,0.01,-0.76,1.59,9.67,-0.00,0.02,0.01,-0.43,6.79,7.15,0.02,0.01,0.00,0.27,-0.16,0.95,0.79,-0.06,-0.06,R
38.229,22,19,25,12,34,-0.06,-4.22,9.11,0.02,0.02,-0.03,-2.85,-0.45,9.50,0.00,0.05,0.00,-1.11,1.57,9.64,-0.03,0.00,-0.01,-0.75,1.55,9.70,-0.02,0.00,0.00,-0.48,6.87,7.13,0.00,0.02,-0.02,0.29,-0.16,0.96,0.43,-0.73,0.00,R
38.28,22,16,25,11,34,-0.12,-4.37,9.04,-0.01,0.02,0.01,-2.82,-0.40,9.47,-0.02,0.03,0.00,-1.06,1.50,9.61,-0.03,0.01,0.00,-0.81,1.58,9.71,0.01,0.02,-0.00,-0.39,6.80,7.18,0.01,0.02,-0.01,0.28,-0.16,0.95,0.43,0.12,-0.18,R
38.33,21,19,24,9,34,-0.03,-4.27,8.98,-0.00,0.01,-0.01,-2.82,-0.48,9.48,0.00,0.01,-0.01,-1.10,1.52,9.62,-0.03,0.00,-0.01,-0.77,1.51,9.68,-0.02,0.01,0.00,-0.39,6.94,7.12,-0.01,0.02,-0.00,0.28,-0.16,0.96,1.16,-0.61,-0.06,R
38.381,24,20,26,13,35,0.04,-4.51,8.99,0.05,0.01,-0.02,-2.83,-0.53,9.57,-0.02,0.06,-0.00,-1.13,1.53,9.68,-0.00,0.01,-0.02,-0.75,1.58,9.70,-0.01,0.01,-0.02,-0.41,6.91,7.15,-0.02,0.01,-0.02,0.29,-0.16,0.96,0.79,0.55,0.24,R
38.432,23,20,25,11,34,-0.07,-4.20,9.14,0.15,-0.04,0.02,-2.87,-0.52,9.48,-0.03,0.03,0.00,-1.05,1.53,9.59,-0.03,-0.01,0.00,-0.69,1.52,9.63,-0.02,0.01,0.01,-0.48,6.87,7.18,0.02,0.02,0.00,0.27,-0.16,0.95,1.04,0.43,-0.06,R
38.483,23,20,24,10,34,0.02,-4.15,9.04,-0.01,0.00,0.01,-2.85,-0.40,9.48,0.01,0.01,0.01,-1.11,1.63,9.63,-0.03,0.00,0.01,-0.79,1.63,9.67,-0.02,0.00,0.01,-0.48,6.88,7.20,-0.00,0.02,-0.01,0.29,-0.16,0.96,0.49,-0.18,-0.06,R
38.535,24,21,24,11,34,0.02,-4.28,9.09,0.02,0.02,-0.04,-2.78,-0.35,9.50,0.00,0.04,-0.01,-1.03,1.50,9.60,-0.04,0.01,-0.01,-0.70,1.51,9.68,-0.00,0.01,-0.00,-0.45,6.80,7.18,-0.00,0.01,-0.01,0.28,-0.16,0.96,0.18,-0.12,-0.12,R
38.585,24,20,27,13,35,-0.03,-4.29,9.05,0.00,0.01,0.01,-2.83,-0.50,9.50,-0.05,0.01,0.01,-1.14,1.53,9.66,-0.02,-0.00,0.00,-0.79,1.60,9.70,0.01,0.01,-0.01,-0.45,6.81,7.17,0.01,0.02,-0.01,0.28,-0.16,0.95,1.28,-0.12,0.12,R
38.637,23,20,25,11,34,0.11,-4.34,8.99,-0.00,0.01,-0.01,-2.86,-0.46,9.52,0.01,0.03,0.00,-1.12,1.58,9.60,-0.02,0.01,0.00,-0.81,1.61,9.67,-0.01,0.01,-0.00,-0.44,6.89,7.19,-0.00,0.02,-0.01,0.29,-0.16,0.96,-0.31,0.18,-0.06,R
38.688,23,19,25,11,36,-0.02,-4.22,9.09,0.00,0.03,-0.01,-2.83,-0.47,9.51,-0.01,0.03,0.01,-1.07,1.51,9.63,-0.04,0.00,0.00,-0.76,1.44,9.72,-0.01,0.02,0.00,-0.43,6.85,7.19,0.02,0.02,-0.01,0.28,-0.16,0.95,1.04,0.18,0.12,R
38.738,22,20,27,10,34,-0.03,-4.19,8.96,-0.02,0.02,-0.01,-2.89,-0.40,9.38,-0.01,0.02,0.00,-1.06,1.54,9.67,-0.04,0.00,0.01,-0.82,1.60,9.64,-0.01,0.01,0.00,-0.41,6.80,7.22,0.00,0.02,-0.01,0.28,-0.16,0.96,0.43,-0.49,0.00,R
38.789,23,19,24,11,35,0.10,-4.34,9.05,0.00,0.02,-0.01,-2.86,-0.46,9.49,0.01,0.03,-0.00,-1.13,1.58,9.64,-0.02,0.01,-0.00,-0.76,1.70,9.65,-0.01,0.01,-0.01,-0.42,6.79,7.23,0.00,0.02,-0.01,0.28,-0.16,0.95,0.37,-0.12,-0.18,R
38.841,24,23,25,12,36,-0.02,-4.25,9.06,-0.02,0.01,0.01,-2.87,-0.45,9.45,-0.02,0.01,0.01,-1.06,1.50,9.67,-0.04,0.01,0.01,-0.84,1.69,9.66,-0.00,0.01,0.00,-0.41,6.82,7.24,0.01,0.02,-0.01,0.28,-0.16,0.96,1.04,0.12,0.00,R
38.891,23,20,25,11,35,-0.02,-4.23,9.05,0.01,0.02,-0.00,-2.81,-0.43,9.46,-0.00,0.02,0.00,-1.15,1.52,9.62,-0.03,0.01,0.00,-0.80,1.59,9.73,-0.01,0.01,-0.01,-0.45,6.81,7.18,0.00,0.01,-0.01,0.28,-0.16,0.96,0.49,-0.31,-0.24,R
38.942,21,18,23,11,34,0.01,-4.29,9.04,-0.01,0.01,-0.00,-2.88,-0.37,9.43,-0.01,0.03,0.01,-1.04,1.58,9.63,-0.03,0.00,0.00,-0.77,1.50,9.66,-0.01,0.01,-0.01,-0.41,6.82,7.22,0.01,0.02,-0.01,0.29,-0.16,0.95,0.67,-0.24,-0.12,R
38.993,22,19,24,9,34,0.02,-4.33,9.05,-0.00,0.02,-0.01,-2.84,-0.42,9.50,-0.01,0.02,0.00,-1.06,1.51,9.65,-0.03,0.00,0.00,-0.73,1.56,9.66,-0.01,0.02,-0.00,-0.42,6.96,7.16,0.01,0.02,-0.02,0.28,-0.16,0.96,0.61,-0.06,-0.12,R
39.045,23,19,26,11,35,-0.05,-4.20,9.05,-0.01,0.02,-0.01,-2.83,-0.46,9.46,-0.03,0.02,0.01,-1.05,1.45,9.55,-0.04,-0.00,0.00,-0.80,1.49,9.68,-0.01,0.01,0.00,-0.36,6.88,7.17,0.01,0.02,-0.01,0.28,-0.16,0.95,1.04,0.18,0.00,R
39.095,23,18,25,11,35,0.02,-4.29,9.00,-0.02,0.01,-0.01,-2.87,-0.43,9.47,0.02,0.03,0.00,-1.12,1.58,9.62,-0.02,0.01,0.00,-0.74,1.58,9.67,-0.00,0.02,-0.01,-0.39,6.90,7.21,0.02,0.02,-0.01,0.28,-0.16,0.96,0.18,0.12,0.06,R
39.146,22,19,24,12,35,-0.03,-4.28,9.06,-0.01,0.02,-0.01,-2.77,-0.49,9.51,0.00,0.02,0.01,-1.11,1.49,9.64,-0.01,0.01,0.00,-0.75,1.57,9.76,0.00,0.01,0.00,-0.41,6.79,7.20,0.02,0.02,-0.01,0.28,-0.16,0.95,0.18,0.12,0.18,R
39.198,22,18,23,11,34,0.00,-4.33,8.97,0.03,0.01,-0.01,-2.85,-0.48,9.48,0.01,0.04,0.01,-1.09,1.52,9.67,-0.01,0.02,0.01,-0.80,1.68,9.73,0.00,0.02,0.01,-0.48,6.73,7.24,0.05,0.04,-0.01,0.28,-0.16,0.96,0.49,0.98,0.61,R
39.248,23,21,25,10,34,-0.07,-4.48,9.18,0.08,-0.01,0.02,-2.83,-0.67,9.62,0.18,0.07,0.01,-0.82,1.29,9.60,0.19,0.07,-0.01,-0.70,1.55,9.44,0.22,0.05,-0.02,-0.41,6.70,7.27,0.21,0.11,-0.04,0.27,-0.15,0.96,-0.98,9.70,3.17,R
39.3,23,21,37,12,35,0.31,-6.62,11.99,0.88,-0.53,-0.17,-3.09,-1.17,10.47,1.12,0.30,0.05,-1.37,0.59,10.05,1.22,0.64,-0.09,-0.81,1.44,9.80,0.91,0.35,0.07,-0.63,6.74,7.18,1.04,0.21,0.00,0.19,-0.18,1.00,-14.16,41.02,5.19,R
39.351,26,28,41,15,37,0.88,-5.07,11.09,1.54,-1.07,-1.00,-4.15,1.08,12.69,2.86,0.28,0.21,-2.29,3.45,12.76,2.72,0.49,-0.11,-1.92,2.14,10.28,2.85,1.02,-0.25,-1.21,7.07,6.82,2.45,0.07,-0.23,0.33,-0.17,1.00,-49.68,81.48,6.77,R
39.402,35,35,45,34,44,0.41,-3.64,9.05,2.42,-0.48,-1.58,-4.10,2.07,10.55,2.39,-0.27,0.32,-2.51,3.57,9.94,2.43,-0.59,0.10,-1.80,5.01,9.08,3.63,-0.78,-0.18,-1.53,10.21,5.98,3.71,-0.72,-0.41,0.46,-0.08,0.89,-50.42,134.52,11.78,R
39.453,39,40,40,34,38,0.02,0.21,11.00,2.91,-0.49,-1.40,-4.70,7.31,10.19,2.34,-0.62,0.36,-3.07,9.16,9.49,2.23,-0.58,0.39,-1.45,9.55,7.28,2.49,-1.00,0.52,0.16,11.25,0.04,2.90,-0.92,1.35,0.71,-0.08,0.77,-56.46,152.59,29.24,R
39.503,39,41,39,30,37,0.39,3.35,9.93,3.14,-1.37,-0.48,-2.74,8.69,5.93,2.18,-0.79,1.52,-1.73,9.76,5.98,1.97,-0.42,1.40,-0.59,9.74,7.01,1.84,-0.46,1.37,0.71,12.67,1.29,1.52,0.26,1.48,1.07,0.06,0.72,-40.16,133.48,67.50,R
39.555,39,42,40,30,35,1.46,4.09,9.90,1.62,-1.44,0.51,-2.68,9.60,7.28,0.52,-0.62,1.80,-1.25,11.38,6.08,0.93,-0.33,1.91,-0.07,11.10,6.65,1.01,-0.31,1.96,1.66,11.93,-1.06,0.93,0.68,2.04,0.77,0.13,0.68,-20.63,46.57,84.72,R
39.605,38,45,44,32,36,1.55,5.17,6.87,0.95,-1.10,1.79,-0.91,8.01,3.41,-0.51,-0.09,2.47,-0.36,9.18,1.88,-0.32,0.46,2.54,0.70,8.64,2.18,-0.34,0.55,2.62,2.06,8.16,-2.84,-0.29,2.22,1.78,0.84,0.19,0.69,24.78,14.89,112.00,R
39.657,37,45,41,32,37,2.70,2.65,3.80,-0.40,-0.07,3.34,0.53,4.24,-0.38,-2.06,1.80,3.02,-0.39,2.87,-0.02,-1.98,2.49,2.74,-0.75,2.94,2.33,-1.91,2.53,2.51,-0.24,5.21,2.26,-2.00,3.67,0.42,0.71,0.17,0.73,111.57,-92.10,95.09,R
39.709,36,42,45,31,36,3.23,-2.54,1.01,-3.11,2.05,3.71,-0.68,-6.92,1.40,-4.88,4.08,1.38,-1.30,-9.45,4.58,-6.07,4.05,1.08,-1.59,-7.81,9.09,-6.24,3.48,0.69,-1.73,0.94,10.82,-6.08,2.63,-1.22,0.69,0.08,0.64,126.77,-283.87,4.21,R
39.759,38,34,59,25,34,3.01,-10.33,2.73,-6.46,4.24,1.98,-4.66,-13.54,10.80,-5.13,3.98,-2.16,-3.23,-11.57,14.84,-4.88,3.01,-2.31,-2.14,-8.86,10.49,-4.25,2.25,-2.13,-2.36,0.54,12.93,-3.81,1.32,-3.18,-0.18,0.10,0.76,119.26,-274.54,-106.57,R
39.81,45,25,56,17,33,0.79,-11.31,8.18,-4.05,2.93,-0.27,-6.79,-8.89,14.39,-1.71,1.90,-3.32,-4.25,-4.91,17.24,-1.84,0.62,-3.29,-2.03,-4.63,16.68,-2.24,0.36,-3.03,-1.80,4.35,15.23,-2.33,-1.35,-2.58,-0.24,-0.06,0.88,43.03,-133.61,-146.30,R
39.861,44,25,51,12,30,0.67,-11.36,4.57,-3.76,2.48,-1.98,-4.75,-8.93,10.05,-0.76,-0.29,-4.19,-3.24,-6.83,11.13,-1.02,-1.78,-4.02,-3.40,-5.82,13.97,-2.24,-1.38,-4.19,-3.02,7.65,16.59,-2.70,-3.82,-2.60,-0.08,0.01,0.98,-9.28,-89.84,-180.05,R
39.912,38,25,47,6,26,-1.66,-8.53,8.85,-0.25,-0.11,-2.35,-10.40,-2.15,15.83,-0.37,-2.55,-5.44,-5.47,5.71,13.70,-1.01,-3.40,-4.44,-0.93,8.71,11.97,-1.33,-2.35,-3.83,1.97,14.35,5.93,-1.47,-3.50,-1.24,-0.21,-0.13,1.00,-61.77,-109.92,-128.36,R
39.963,33,27,44,8,26,0.43,-7.56,15.58,0.00,-1.34,-2.69,-6.35,1.13,13.65,1.71,-2.48,-1.11,-2.26,2.17,9.79,1.99,-2.74,-0.55,-0.26,1.31,5.17,2.55,-2.48,-0.82,1.13,2.02,1.29,3.09,-2.41,0.29,0.10,-0.14,1.20,-142.94,156.07,-15.87,R
40.014,28,34,40,7,26,-0.98,-9.29,14.92,4.66,-2.34,-3.62,-2.83,-1.35,9.52,5.63,-1.83,0.03,0.66,5.88,6.28,5.35,-0.44,-0.85,2.97,9.96,9.91,5.23,-0.18,-0.30,6.90,17.00,4.70,6.00,-0.30,0.06,0.28,0.20,1.05,-127.32,260.19,33.81,R
40.064,27,38,50,22,26,1.56,1.56,4.01,5.30,-2.52,-0.35,-0.13,10.33,5.49,2.16,-1.56,3.56,0.10,7.88,6.03,2.48,-0.71,4.03,1.98,4.07,6.52,3.48,-0.52,3.72,2.01,6.08,5.82,3.38,1.14,3.36,0.16,0.50,0.75,-13.49,175.90,142.09,R
40.116,26,46,47,22,30,4.44,-3.80,2.60,2.21,-1.49,0.79,2.66,-3.46,3.98,1.01,-0.15,2.62,3.38,-0.25,3.42,1.89,0.44,2.33,3.01,0.42,1.86,1.74,0.29,2.29,3.15,-0.42,-0.40,1.21,1.41,1.74,0.29,0.32,0.89,-26.12,87.34,112.79,R
40.167,27,51,49,30,36,6.90,-4.32,3.21,2.63,-0.12,1.09,4.91,-5.18,2.32,1.72,1.64,1.98,3.98,-5.51,3.29,1.64,2.02,1.02,2.30,-3.64,5.99,1.93,2.39,0.36,1.85,3.80,9.26,1.57,1.48,-1.26,0.49,0.27,0.80,78.31,115.05,16.42,R
40.218,27,48,49,40,34,4.64,-2.50,3.05,0.47,2.06,0.07,0.73,-2.29,5.87,0.33,2.93,-0.65,0.57,-0.29,7.65,-0.37,2.86,-1.43,1.02,0.03,7.34,-1.06,2.22,-1.40,1.18,4.69,6.35,-0.85,0.95,-2.34,0.29,0.22,0.82,75.87,-23.13,-57.56,R
40.269,26,46,49,31,35,2.71,-3.59,9.74,-0.60,2.72,-0.06,-1.82,0.06,8.06,-0.49,2.15,-1.45,-1.10,2.06,7.05,-0.39,1.72,-1.82,-0.34,3.65,10.46,-0.75,1.78,-1.82,1.13,10.38,6.99,-0.49,0.68,-2.47,0.39,0.01,0.92,96.56,-27.95,-90.27,R
40.32,27,41,46,25,32,1.89,-1.84,10.08,-0.82,2.04,-0.17,-3.72,1.26,10.84,-0.75,1.59,-1.36,-1.82,3.89,10.44,-0.98,1.15,-1.55,-0.59,4.74,10.54,-1.09,1.12,-1.37,0.77,9.49,6.24,-1.07,0.44,-1.71,0.48,-0.03,1.00,62.26,-42.42,-69.27,R
40.371,27,39,43,24,31,1.26,-2.08,12.12,-0.66,1.59,0.09,-4.10,1.09,11.85,-0.79,0.74,-1.05,-2.08,4.86,11.07,-0.62,0.31,-1.03,-0.52,4.89,10.73,-0.73,0.50,-0.84,0.76,9.46,5.67,-0.61,0.27,-1.01,0.38,-0.08,0.96,65.61,-48.34,-53.65,R
40.422,26,39,40,20,30,1.74,-2.30,10.46,-0.30,1.09,0.09,-3.35,0.65,9.45,-0.19,0.77,-0.37,-1.75,2.13,10.04,-0.42,0.51,-0.51,-1.09,1.98,10.03,-0.49,0.81,-0.57,-0.13,7.62,6.81,-0.36,0.53,-1.12,0.45,-0.10,0.98,44.25,-12.15,-30.88,R
40.473,25,34,39,21,30,1.92,-2.44,11.93,-0.46,0.67,0.11,-4.36,1.42,11.98,-0.48,0.39,-0.94,-3.55,11.24,17.03,-1.09,0.53,-1.10,-0.52,-7.07,4.83,-2.84,-0.30,0.16,-0.24,10.53,4.29,-0.79,-0.12,-0.42,0.66,-0.29,1.21,11.66,-40.53,-24.60,R
40.524,24,29,40,18,28,1.02,-3.08,6.72,-1.08,0.49,0.08,-2.53,-1.82,5.29,-0.40,-0.04,-0.37,-1.06,0.02,6.44,-0.28,-0.04,-0.44,-0.88,2.08,9.60,-0.44,-0.21,-0.19,-0.18,7.43,6.39,-0.31,-0.05,-0.19,0.15,-0.03,0.83,15.69,-9.70,-17.33,R
40.575,22,29,36,15,29,0.49,-4.92,11.71,-0.71,0.26,0.04,-3.90,-0.57,10.52,-0.16,-0.12,-0.21,-1.76,1.90,9.50,-0.21,-0.14,-0.13,-1.25,1.72,9.69,-0.18,-0.07,-0.12,-0.64,7.28,6.87,-0.24,-0.00,-0.04,0.23,-0.24,0.97,-10.38,-15.26,-2.44,R
40.625,23,28,35,16,30,0.41,-3.86,9.13,-0.41,0.25,0.14,-2.96,-0.51,9.38,0.02,-0.27,0.01,-1.21,1.78,9.62,0.06,-0.10,0.02,-0.80,1.52,9.72,0.02,-0.03,0.04,-0.54,7.03,7.13,0.11,0.11,0.06,0.27,-0.15,0.98,6.29,5.98,-0.61,R
40.677,23,27,35,16,32,0.13,-4.20,11.05,-0.01,-0.00,0.04,-3.14,-0.44,9.45,0.03,0.00,-0.01,-1.34,1.68,9.59,0.01,-0.04,-0.03,-0.86,1.61,9.64,-0.03,-0.02,-0.04,-0.49,7.12,6.94,-0.09,0.05,0.01,0.31,-0.17,0.94,-1.95,-3.85,-0.73,R
40.728,23,27,33,14,32,0.25,-3.82,9.29,-0.14,0.10,0.03,-2.99,-0.21,9.30,0.03,-0.01,-0.01,-1.32,1.86,9.61,-0.07,-0.03,0.00,-0.87,1.58,9.71,-0.01,0.01,-0.01,-0.47,7.24,6.87,0.01,0.03,0.00,0.29,-0.16,0.97,2.44,0.61,-1.10,R
40.779,24,27,32,14,32,0.35,-3.78,8.87,-0.62,0.33,0.00,-3.08,-0.17,9.33,0.10,0.00,-0.06,-1.34,1.83,9.48,0.01,-0.04,-0.05,-0.84,1.71,9.71,-0.07,-0.04,-0.04,-0.48,6.96,6.91,-0.08,0.01,-0.03,0.31,-0.16,0.95,-3.72,-3.72,-2.20,R
40.829,26,29,34,16,33,0.15,-4.44,9.36,-0.21,0.11,-0.02,-2.97,-0.45,9.46,0.06,0.04,-0.01,-1.29,1.65,9.55,0.04,0.02,-0.01,-0.83,1.68,9.60,0.05,0.01,0.00,-0.50,7.12,7.01,0.08,0.03,-0.00,0.27,-0.15,0.95,-0.79,2.20,-1.46,R
40.881,26,29,35,16,34,0.06,-4.29,9.19,-0.22,0.18,-0.06,-3.00,-0.24,9.58,0.06,-0.04,-0.03,-1.22,1.77,9.62,0.02,-0.03,-0.04,-0.84,1.67,9.66,0.04,-0.02,-0.04,-0.53,6.97,6.99,-0.02,-0.00,-0.02,0.29,-0.15,0.95,-0.85,-5.19,-2.56,R
40.932,26,28,35,17,33,-0.30,-3.95,9.42,-0.02,0.05,-0.10,-3.01,0.25,9.28,0.09,-0.06,-0.05,-1.23,1.89,9.62,-0.01,-0.07,-0.03,-0.84,1.24,9.74,0.03,-0.04,-0.02,-0.51,6.81,7.10,0.10,0.01,-0.02,0.28,-0.14,0.96,-1.28,-0.31,-2.38,R
40.983,24,29,34,15,33,0.28,-4.38,8.90,-0.01,0.06,-0.15,-2.99,-0.29,9.54,-0.03,0.01,-0.08,-1.21,1.53,9.58,0.02,-0.05,-0.11,-0.90,1.69,9.70,0.06,-0.03,-0.12,-0.46,7.14,6.99,0.06,-0.04,-0.08,0.29,-0.16,0.96,-3.17,-4.39,-4.52,R
41.034,24,28,33,15,33,-0.09,-4.22,9.00,-0.07,0.08,-0.11,-2.92,0.02,9.31,0.01,-0.04,-0.10,-1.24,2.34,9.54,-0.08,-0.07,-0.07,-0.77,1.58,9.60,-0.09,-0.07,-0.09,-0.43,7.13,6.85,0.07,-0.06,-0.05,0.26,-0.15,0.96,0.43,-3.66,-3.11,R
41.085,25,26,33,15,32,-0.06,-4.14,8.92,-0.06,0.09,-0.12,-2.93,0.03,9.39,-0.01,-0.01,-0.10,-1.27,2.33,9.37,-0.04,-0.06,-0.10,-0.78,1.99,9.68,-0.07,-0.02,-0.08,-0.45,7.28,6.82,0.03,-0.02,-0.06,0.28,-0.14,0.97,-2.14,-1.10,-2.99,R
41.136,25,26,33,15,32,0.22,-4.41,8.98,0.05,0.03,-0.05,-2.87,-0.11,9.46,0.01,0.03,-0.03,-1.17,1.81,9.41,0.00,0.01,-0.04,-0.76,1.61,9.68,-0.04,0.01,-0.03,-0.57,7.09,6.84,0.05,-0.02,-0.04,0.28,-0.15,0.96,-2.81,1.46,-1.65,R
41.187,24,28,32,13,30,0.01,-4.14,9.20,-0.01,0.07,-0.05,-2.85,-0.30,9.57,-0.02,0.01,-0.04,-1.14,1.95,9.63,-0.01,-0.01,-0.04,-0.68,1.60,9.65,-0.02,0.00,-0.05,-0.46,7.03,6.83,0.01,-0.01,-0.06,0.26,-0.14,0.95,-1.16,-1.89,-2.14,R
41.237,24,27,32,17,33,-0.15,-4.00,9.17,0.05,0.05,-0.03,-2.97,-0.17,9.42,0.06,0.03,-0.01,-1.24,1.70,9.52,-0.03,-0.00,-0.02,-0.76,1.61,9.69,0.01,0.02,-0.02,-0.59,7.02,6.96,0.05,-0.00,-0.04,0.28,-0.15,0.96,-0.55,2.26,-1.34,R
41.289,24,27,33,15,32,-0.10,-3.84,9.19,-0.10,0.12,-0.11,-2.93,-0.08,9.28,0.01,0.03,-0.04,-1.18,2.09,9.57,-0.10,-0.01,-0.03,-0.76,1.73,9.66,-0.04,0.02,-0.03,-0.46,7.23,6.79,-0.01,0.01,-0.04,0.26,-0.14,0.97,-0.31,-1.40,-1.65,R
41.341,24,26,34,15,32,-0.14,-4.14,9.25,0.08,0.01,0.02,-2.91,-0.09,9.32,0.07,0.05,0.02,-1.22,1.76,9.51,-0.01,0.02,0.01,-0.79,1.67,9.63,0.01,0.05,0.00,-0.49,7.15,6.83,0.04,0.03,-0.01,0.28,-0.14,0.95,-0.67,4.82,0.00,R
41.391,24,26,33,14,31,0.06,-4.13,9.10,0.00,0.04,-0.00,-2.93,-0.33,9.53,0.01,0.03,0.00,-1.20,1.94,9.56,-0.05,0.00,0.00,-0.79,1.64,9.70,-0.03,0.05,0.01,-0.48,7.02,6.87,0.03,0.06,-0.02,0.28,-0.14,0.96,0.24,0.55,-0.49,R
41.442,24,27,33,14,32,-0.03,-4.22,9.07,-0.04,0.03,0.00,-2.93,-0.03,9.44,0.07,0.03,-0.01,-1.23,1.81,9.57,-0.01,0.02,-0.00,-0.84,1.66,9.72,0.00,0.04,-0.00,-0.53,7.16,6.83,0.02,0.03,-0.02,0.28,-0.14,0.96,-1.16,-0.18,-0.24,R
41.493,24,25,32,15,33,-0.14,-4.15,9.00,-0.01,0.03,-0.02,-2.91,0.08,9.44,0.04,0.04,0.01,-1.24,1.93,9.60,-0.01,0.00,0.00,-0.78,1.59,9.67,-0.01,0.03,0.01,-0.57,7.11,6.88,0.05,0.04,-0.01,0.28,-0.14,0.96,1.04,2.50,-0.18,R
41.543,25,27,33,16,33,-0.12,-3.97,9.17,-0.01,0.03,-0.01,-2.92,0.17,9.43,0.00,0.00,-0.02,-1.26,1.90,9.58,-0.05,-0.01,-0.01,-0.87,1.57,9.73,-0.01,0.02,-0.01,-0.56,7.25,6.82,-0.00,0.02,-0.02,0.30,-0.14,0.96,1.22,-1.16,-0.43,R
41.594,26,26,32,14,34,0.00,-4.21,9.03,-0.04,0.01,-0.03,-2.85,0.15,9.44,-0.00,-0.01,-0.02,-1.08,1.98,9.46,-0.03,-0.02,-0.01,-0.95,1.63,9.71,0.00,0.01,-0.00,-0.57,7.16,6.86,0.00,0.03,0.00,0.26,-0.14,0.96,0.61,-0.06,-0.12,R
41.646,24,25,33,14,34,0.07,-4.15,9.04,0.02,0.03,-0.03,-2.83,-0.05,9.39,0.01,0.03,-0.01,-1.17,1.81,9.54,-0.03,0.01,-0.01,-0.80,1.72,9.62,-0.00,0.01,-0.02,-0.53,7.18,6.82,-0.05,0.01,-0.03,0.29,-0.14,0.96,-0.43,-1.65,-0.67,R
41.697,27,26,33,17,34,-0.08,-4.33,9.00,-0.00,0.03,-0.01,-2.95,0.00,9.41,0.00,0.02,-0.00,-1.24,1.95,9.53,-0.03,-0.00,0.01,-0.89,1.65,9.62,0.00,0.01,0.00,-0.56,7.21,6.87,0.01,0.01,-0.01,0.28,-0.14,0.96,0.85,1.28,-0.06,R
41.748,24,25,32,14,33,-0.03,-4.26,9.02,0.01,0.01,-0.01,-2.93,0.05,9.39,-0.00,0.02,-0.00,-1.20,1.96,9.56,-0.05,-0.00,-0.01,-0.83,1.71,9.69,-0.02,0.01,-0.01,-0.53,7.15,6.84,-0.03,0.01,-0.03,0.29,-0.14,0.96,0.79,-1.16,0.06,R
41.799,26,26,33,16,33,-0.06,-4.30,8.96,-0.01,0.02,-0.01,-2.91,-0.08,9.44,-0.02,0.03,0.00,-1.20,1.97,9.58,-0.04,-0.00,0.00,-0.84,1.61,9.67,-0.00,0.01,-0.00,-0.51,7.21,6.87,0.01,0.01,-0.01,0.29,-0.14,0.96,1.22,0.49,0.24,R
41.85,26,26,32,17,34,-0.04,-4.26,9.02,-0.01,0.03,-0.02,-2.91,-0.01,9.42,0.03,0.04,-0.01,-1.19,1.85,9.55,-0.02,0.01,-0.00,-0.81,1.66,9.72,-0.01,0.01,0.00,-0.53,7.18,6.79,0.01,0.02,-0.01,0.28,-0.14,0.96,0.37,0.67,0.12,R
41.9,27,25,33,17,35,-0.11,-4.22,8.99,-0.03,0.02,0.01,-2.89,-0.05,9.45,-0.02,0.01,0.00,-1.24,1.94,9.51,-0.04,-0.00,-0.01,-0.81,1.53,9.64,-0.03,0.01,-0.00,-0.58,7.08,6.90,0.00,0.01,-0.02,0.28,-0.14,0.96,0.67,-0.24,0.43,R
41.951,26,26,34,15,34,-0.08,-4.29,9.01,-0.01,0.02,-0.00,-2.90,0.01,9.44,0.00,0.03,-0.00,-1.19,1.78,9.57,-0.03,0.00,-0.00,-0.89,1.72,9.67,-0.00,0.01,-0.01,-0.53,7.17,6.89,-0.01,0.01,-0.01,0.29,-0.14,0.96,1.04,0.18,0.37,R
42.002,26,25,33,14,34,-0.06,-4.34,9.05,-0.01,0.02,0.00,-2.93,-0.02,9.41,-0.01,0.03,-0.00,-1.30,1.92,9.46,-0.03,0.01,-0.00,-0.86,1.61,9.62,0.00,0.02,-0.00,-0.50,7.19,6.81,0.01,0.01,-0.01,0.28,-0.14,0.96,-0.12,0.06,-0.06,R
42.054,26,25,33,14,34,-0.07,-4.38,9.03,-0.03,0.01,0.01,-2.92,-0.07,9.39,-0.03,0.02,0.00,-1.17,1.87,9.53,-0.03,0.00,-0.01,-0.84,1.59,9.70,-0.01,0.01,-0.00,-0.53,7.08,6.95,0.01,0.02,-0.01,0.28,-0.14,0.96,0.85,-0.24,0.31,R
42.105,26,26,33,16,34,-0.04,-4.34,9.01,-0.01,0.02,-0.02,-2.95,0.02,9.43,0.01,0.04,-0.01,-1.25,1.90,9.56,-0.04,0.01,-0.01,-0.84,1.73,9.68,-0.02,0.01,-0.01,-0.49,7.26,6.81,-0.03,0.01,-0.01,0.29,-0.14,0.96,0.18,-0.79,0.12,R
42.155,26,28,30,17,35,-0.07,-4.37,8.97,-0.00,0.01,-0.00,-2.92,0.04,9.39,0.01,0.03,-0.01,-1.19,1.91,9.55,-0.01,0.01,-0.00,-0.84,1.59,9.63,0.01,0.01,-0.01,-0.53,7.13,6.86,0.02,0.01,-0.01,0.28,-0.14,0.96,0.12,0.24,0.06,R
42.206,26,26,34,16,35,-0.07,-4.35,9.07,-0.01,0.02,-0.01,-2.89,-0.02,9.44,-0.01,0.03,0.00,-1.18,1.89,9.55,-0.04,0.01,0.00,-0.91,1.76,9.67,-0.02,0.01,-0.01,-0.51,7.03,6.91,-0.02,0.02,-0.01,0.28,-0.14,0.96,0.79,-0.24,0.24,R
42.258,24,21,32,14,34,-0.06,-4.31,8.99,-0.01,0.02,-0.01,-2.94,-0.11,9.48,0.00,0.04,-0.01,-1.22,1.87,9.52,-0.03,0.01,-0.00,-0.82,1.63,9.67,-0.00,0.01,0.00,-0.57,7.16,6.80,0.01,0.01,-0.01,0.28,-0.14,0.96,0.12,-0.37,0.06,R
42.309,24,24,30,17,34,-0.02,-4.55,8.95,0.00,0.01,-0.01,-2.94,-0.04,9.42,0.01,0.03,-0.00,-1.22,1.87,9.59,-0.02,0.01,-0.00,-0.83,1.61,9.64,-0.00,0.02,-0.00,-0.55,7.18,6.88,0.01,0.01,-0.01,0.28,-0.14,0.96,0.37,0.43,0.00,R
42.36,24,25,33,14,34,-0.10,-4.27,8.91,-0.03,0.02,0.01,-2.98,-0.07,9.39,-0.03,0.01,0.00,-1.27,1.74,9.57,-0.04,-0.00,0.01,-0.80,1.58,9.67,-0.00,0.01,-0.00,-0.51,7.14,6.87,0.01,0.01,-0.01,0.28,-0.14,0.96,0.55,-0.55,0.00,R
42.411,26,25,35,16,35,-0.01,-4.32,9.02,0.01,0.01,-0.00,-2.94,-0.02,9.45,-0.01,0.04,0.00,-1.24,1.91,9.55,-0.03,0.01,0.00,-0.80,1.57,9.66,0.00,0.01,-0.01,-0.51,7.13,6.78,0.01,0.01,-0.01,0.29,-0.14,0.96,0.43,0.31,0.06,R
42.462,26,26,32,14,34,-0.06,-4.30,8.94,-0.01,0.02,-0.01,-2.95,-0.03,9.39,-0.03,0.02,0.00,-1.21,1.92,9.58,-0.04,0.00,0.01,-0.85,1.64,9.72,-0.01,0.01,0.00,-0.51,7.09,6.90,0.02,0.02,-0.00,0.28,-0.14,0.96,0.73,-0.49,0.00,R
42.513,25,25,29,15,34,-0.04,-4.37,8.95,-0.01,0.02,-0.00,-2.95,-0.05,9.41,0.00,0.02,-0.00,-1.24,1.97,9.55,-0.04,-0.00,0.00,-0.86,1.59,9.62,-0.01,0.01,0.00,-0.57,7.14,6.88,-0.00,0.01,-0.01,0.28,-0.14,0.96,0.85,-0.37,0.06,R
42.564,29,25,32,16,35,-0.08,-4.38,8.98,0.02,0.02,-0.01,-2.98,-0.06,9.43,-0.01,0.02,0.01,-1.20,1.94,9.54,-0.01,0.01,0.00,-0.83,1.65,9.67,-0.00,0.01,-0.00,-0.53,7.22,6.82,0.01,0.02,-0.01,0.29,-0.14,0.96,0.55,0.67,-0.06,R
42.615,27,26,30,15,34,-0.05,-4.53,9.00,-0.02,0.03,0.00,-2.99,-0.09,9.47,-0.03,0.02,0.00,-1.29,1.86,9.59,-0.04,-0.00,0.00,-0.82,1.66,9.64,-0.02,0.01,0.00,-0.52,7.08,6.90,-0.00,0.02,-0.01,0.28,-0.14,0.96,1.65,-0.73,-0.06,R
42.665,26,26,32,16,35,-0.07,-4.41,8.95,-0.05,0.03,0.00,-2.89,0.05,9.35,-0.07,0.02,0.01,-1.24,1.89,9.54,-0.06,-0.01,0.01,-0.77,1.62,9.67,-0.01,0.02,-0.00,-0.50,7.20,6.84,0.02,0.02,-0.01,0.28,-0.14,0.96,2.14,1.28,0.73,R
42.716,27,25,34,16,34,-0.05,-4.41,9.02,-0.02,0.02,0.01,-2.95,-0.17,9.52,-0.01,0.04,0.01,-1.24,1.80,9.50,-0.02,0.01,0.01,-0.85,1.62,9.71,-0.01,0.01,0.00,-0.52,7.12,6.86,0.01,0.01,-0.01,0.29,-0.14,0.96,0.85,0.49,0.24,R
42.768,26,25,30,16,34,-0.06,-4.43,8.95,-0.03,0.01,0.02,-2.95,-0.09,9.50,-0.02,0.02,0.00,-1.27,1.91,9.54,-0.05,0.00,0.01,-0.84,1.63,9.68,-0.01,0.02,0.00,-0.56,7.12,6.86,0.02,0.02,-0.00,0.28,-0.14,0.96,1.28,0.12,0.06,R
42.818,23,26,32,14,34,-0.03,-4.46,8.93,-0.01,0.01,0.01,-2.94,-0.03,9.44,-0.00,0.03,0.01,-1.28,1.82,9.60,-0.04,0.00,0.00,-0.87,1.60,9.66,-0.01,0.01,-0.01,-0.52,7.21,6.88,-0.01,0.02,-0.02,0.29,-0.14,0.96,0.98,-0.43,0.06,R
42.87,26,25,32,15,34,-0.11,-4.55,8.97,-0.03,0.02,0.00,-2.91,-0.08,9.43,-0.01,0.02,-0.00,-1.19,1.89,9.52,-0.03,0.01,-0.00,-0.85,1.59,9.66,-0.00,0.01,0.01,-0.57,7.19,6.79,0.02,0.02,-0.01,0.28,-0.14,0.96,0.55,0.24,0.24,R
42.92,27,25,32,15,36,-0.01,-4.51,8.93,-0.01,0.01,-0.00,-2.91,-0.02,9.42,-0.02,0.03,-0.00,-1.26,1.90,9.59,-0.04,0.01,0.00,-0.83,1.62,9.69,-0.02,0.01,-0.00,-0.55,7.20,6.93,-0.01,0.01,-0.01,0.29,-0.14,0.96,0.92,-0.73,0.24,R
42.972,26,26,32,15,36,-0.07,-4.51,8.97,-0.01,0.02,-0.01,-2.94,-0.15,9.47,-0.00,0.03,-0.00,-1.24,1.83,9.57,-0.03,0.01,-0.00,-0.84,1.57,9.71,-0.00,0.02,-0.01,-0.61,7.11,6.90,0.01,0.02,-0.00,0.28,-0.14,0.96,0.18,0.06,0.06,R
43.022,25,25,32,15,35,-0.09,-4.52,8.94,-0.03,0.01,0.01,-2.99,-0.11,9.41,-0.01,0.02,-0.00,-1.26,1.85,9.56,-0.03,-0.00,0.00,-0.88,1.59,9.64,-0.02,0.01,0.00,-0.49,7.04,6.91,-0.00,0.02,-0.01,0.28,-0.14,0.96,0.67,-0.43,0.31,R
43.074,26,25,30,14,34,-0.05,-4.60,8.86,0.00,0.02,-0.01,-2.93,-0.05,9.42,-0.00,0.03,-0.00,-1.23,1.87,9.54,-0.03,0.00,-0.00,-0.87,1.58,9.62,-0.01,0.01,-0.00,-0.49,7.09,6.95,-0.00,0.02,-0.01,0.28,-0.14,0.96,0.98,-0.24,0.06,R
43.125,26,27,33,14,35,-0.09,-4.41,8.94,0.00,0.02,-0.01,-2.90,-0.12,9.40,-0.01,0.03,-0.00,-1.18,1.88,9.58,-0.02,0.00,-0.00,-0.86,1.65,9.66,-0.01,0.01,-0.01,-0.53,7.13,6.87,-0.02,0.00,-0.01,0.29,-0.14,0.96,0.61,0.12,0.06,R
43.175,23,25,26,14,34,-0.06,-4.40,8.95,-0.01,0.02,0.00,-2.97,-0.10,9.50,0.00,0.02,0.00,-1.24,1.81,9.49,-0.03,0.00,0.00,-0.81,1.64,9.68,-0.00,0.01,0.01,-0.60,7.14,6.81,0.02,0.01,-0.01,0.28,-0.14,0.96,0.43,0.43,0.00,R
43.227,25,26,33,14,35,-0.12,-4.45,8.96,-0.00,0.01,0.00,-2.92,-0.06,9.41,0.01,0.01,0.00,-1.20,1.82,9.55,-0.04,-0.00,0.01,-0.80,1.61,9.65,-0.01,0.01,0.00,-0.56,7.08,6.81,0.01,0.02,-0.01,0.28,-0.14,0.95,0.85,0.06,0.18,R
43.278,24,26,29,15,34,-0.05,-4.55,8.92,0.00,0.01,-0.01,-2.94,-0.12,9.49,-0.01,0.03,0.01,-1.25,1.90,9.55,-0.02,0.01,0.00,-0.82,1.66,9.74,-0.01,0.01,0.00,-0.53,7.19,6.91,0.00,0.02,-0.02,0.29,-0.14,0.96,0.31,0.37,0.18,R
43.328,24,25,32,14,34,-0.03,-4.44,8.99,-0.01,0.02,-0.01,-2.98,-0.15,9.39,-0.01,0.02,-0.00,-1.19,1.81,9.55,-0.03,0.00,-0.00,-0.78,1.60,9.62,-0.01,0.01,0.00,-0.48,7.13,6.90,0.01,0.02,-0.01,0.28,-0.14,0.96,0.85,-0.61,-0.06,R
43.379,25,26,33,16,35,-0.05,-4.40,8.93,-0.00,0.02,-0.01,-2.97,-0.07,9.36,-0.00,0.02,0.01,-1.27,1.86,9.57,-0.04,-0.00,0.00,-0.82,1.50,9.66,-0.01,0.01,0.00,-0.53,7.26,6.79,0.01,0.01,-0.01,0.29,-0.14,0.96,0.79,-0.49,0.31,R
43.432,24,26,30,15,35,-0.07,-4.46,8.91,0.02,0.02,-0.01,-2.97,-0.21,9.51,-0.01,0.04,-0.00,-1.28,1.77,9.54,-0.01,0.01,0.00,-0.84,1.59,9.64,0.00,0.01,0.00,-0.58,7.19,6.92,0.02,0.02,-0.01,0.28,-0.14,0.96,0.12,0.73,0.06,R
43.481,26,23,33,16,35,-0.08,-4.36,8.94,0.01,0.02,-0.01,-2.98,-0.06,9.36,0.00,0.02,-0.01,-1.26,1.87,9.56,-0.04,0.00,-0.00,-0.80,1.58,9.61,-0.02,0.01,-0.00,-0.52,7.10,6.93,0.01,0.02,-0.01,0.28,-0.14,0.96,1.40,-0.92,0.06,R
43.532,26,29,33,16,34,-0.14,-4.48,8.99,0.02,0.02,-0.01,-3.01,-0.09,9.39,0.01,0.04,0.01,-1.24,1.87,9.64,-0.01,0.01,0.00,-0.84,1.61,9.67,-0.01,0.01,-0.00,-0.50,7.24,6.82,-0.00,0.01,-0.01,0.30,-0.14,0.96,0.43,0.06,-0.12,R
43.583,26,25,35,16,35,-0.06,-4.48,8.97,-0.01,0.02,-0.00,-3.01,-0.08,9.44,-0.01,0.02,-0.00,-1.27,1.87,9.56,-0.03,0.00,0.00,-0.86,1.63,9.62,0.00,0.02,-0.00,-0.53,7.18,6.84,0.01,0.02,-0.01,0.28,-0.14,0.95,0.55,0.12,0.06,R
43.634,25,25,32,14,34,-0.05,-4.46,8.93,-0.01,0.01,-0.01,-3.05,-0.09,9.41,0.00,0.01,0.00,-1.26,1.85,9.59,-0.04,-0.00,0.00,-0.78,1.58,9.71,-0.01,0.00,0.00,-0.56,7.20,6.87,0.01,0.03,-0.01,0.28,-0.14,0.96,1.28,-0.43,0.12,R
43.686,26,25,30,16,36,-0.10,-4.42,8.94,0.02,0.01,-0.01,-2.93,-0.12,9.43,0.01,0.04,-0.00,-1.25,1.86,9.55,-0.02,0.01,-0.01,-0.91,1.60,9.69,0.00,0.02,-0.00,-0.50,7.12,6.88,0.01,0.02,-0.00,0.28,-0.14,0.96,-0.06,0.31,0.24,R
43.736,26,24,33,16,35,-0.03,-4.66,8.91,-0.01,0.01,0.00,-2.97,-0.08,9.43,-0.02,0.02,-0.01,-1.19,1.77,9.54,-0.04,-0.00,0.00,-0.83,1.60,9.69,-0.01,0.01,-0.00,-0.55,7.12,6.90,0.00,0.02,-0.01,0.28,-0.14,0.96,1.28,-0.67,0.12,R
43.788,25,23,32,15,34,-0.06,-4.60,8.87,0.01,0.01,-0.01,-2.99,-0.10,9.40,0.01,0.04,0.01,-1.29,1.88,9.56,-0.02,0.01,0.01,-0.87,1.70,9.63,-0.01,0.01,0.01,-0.50,7.14,6.90,0.00,0.02,-0.00,0.29,-0.14,0.96,0.37,0.61,0.00,R
43.839,25,24,33,14,34,-0.09,-4.51,8.89,-0.00,0.01,0.01,-2.98,-0.14,9.50,-0.03,0.02,0.00,-1.24,1.82,9.56,-0.03,0.01,0.00,-0.84,1.68,9.68,0.01,0.01,-0.00,-0.50,7.13,6.90,0.01,0.01,-0.01,0.28,-0.14,0.96,0.92,0.37,0.12,R
43.89,25,26,32,14,33,-0.08,-4.44,8.95,0.01,0.02,-0.01,-2.94,-0.07,9.42,-0.00,0.02,-0.00,-1.23,1.84,9.57,-0.02,-0.01,0.00,-0.87,1.54,9.72,-0.01,0.01,0.00,-0.53,7.11,6.84,0.01,0.02,-0.01,0.28,-0.14,0.96,0.85,0.00,0.18,R
43.941,26,26,30,16,34,-0.11,-4.52,8.98,0.02,0.01,-0.00,-2.90,-0.10,9.49,-0.00,0.02,0.01,-1.24,1.85,9.50,-0.01,0.01,-0.00,-0.85,1.65,9.68,0.01,0.01,-0.01,-0.56,7.11,6.82,0.02,0.02,-0.01,0.28,-0.14,0.96,0.24,0.49,0.18,R
43.991,24,27,30,14,34,-0.08,-4.38,8.91,-0.02,0.01,0.00,-2.90,0.03,9.40,-0.01,0.01,-0.00,-1.21,1.78,9.52,-0.05,-0.00,0.00,-0.80,1.63,9.68,-0.01,0.01,-0.01,-0.51,7.08,6.85,-0.02,0.02,-0.01,0.28,-0.13,0.96,0.98,-0.85,0.31,R
44.043,26,25,30,14,34,-0.06,-4.58,8.95,0.02,0.02,0.00,-2.96,-0.10,9.48,0.01,0.04,0.01,-1.26,1.81,9.61,-0.01,0.02,0.00,-0.80,1.60,9.65,0.01,0.02,0.01,-0.57,7.11,6.87,0.03,0.03,-0.01,0.28,-0.14,0.96,0.55,1.22,0.24,R
44.094,26,25,32,14,34,-0.08,-4.39,8.93,-0.00,0.02,-0.00,-2.94,0.02,9.34,-0.01,0.02,0.01,-1.25,1.85,9.52,-0.03,0.00,0.00,-0.83,1.60,9.73,0.00,0.02,-0.01,-0.55,7.15,6.89,0.01,0.02,-0.01,0.29,-0.14,0.96,1.04,-0.43,0.12,R
44.145,25,25,32,14,35,-0.11,-4.53,9.04,0.00,0.01,0.01,-2.94,-0.11,9.49,0.03,0.04,0.01,-1.27,1.87,9.61,-0.01,0.03,0.01,-0.88,1.64,9.71,0.02,0.02,0.01,-0.53,7.14,6.87,0.05,0.04,0.00,0.27,-0.14,0.97,0.61,1.83,0.43,R
44.195,26,25,32,15,34,-0.07,-4.62,9.10,0.17,-0.04,0.01,-3.02,-0.03,9.50,0.06,0.09,0.02,-1.28,2.00,9.53,0.03,0.06,0.02,-0.87,1.75,9.66,0.04,0.04,0.01,-0.57,7.10,6.88,0.04,0.04,-0.01,0.30,-0.14,0.96,-0.92,2.62,1.10,R
44.246,24,25,27,14,34,-0.03,-4.80,9.19,0.16,-0.09,0.01,-3.13,-0.17,9.75,0.14,0.19,0.04,-1.27,1.66,9.58,0.18,0.22,0.02,-0.95,1.62,9.61,0.24,0.09,0.04,-0.66,7.37,6.89,0.27,0.01,0.01,0.26,-0.15,0.96,-4.39,12.63,2.38,R
44.297,26,28,36,14,34,0.13,-5.05,9.51,0.51,-0.65,-0.33,-4.50,-0.01,10.15,0.93,0.32,0.06,-1.83,1.70,10.32,0.69,0.73,-0.08,-1.25,1.83,9.88,0.68,0.34,-0.05,-0.89,6.54,6.82,0.62,-0.06,-0.11,0.30,-0.16,0.97,-24.48,18.98,4.27,R
44.348,28,28,38,19,34,0.40,-3.40,8.29,0.64,-0.50,-0.47,-3.24,0.74,8.97,0.61,-0.14,-0.01,-1.72,3.09,9.23,0.65,-0.09,-0.06,-1.01,2.86,9.54,0.94,-0.13,-0.12,-0.63,8.37,6.71,0.80,-0.09,-0.22,0.34,-0.09,0.99,-15.14,24.66,4.03,R
44.4,35,30,40,21,33,0.63,-3.40,9.85,0.64,-0.36,-0.23,-3.91,1.74,10.50,0.39,-0.02,0.04,-1.41,4.45,10.85,0.42,0.01,-0.03,-1.33,4.53,10.63,0.52,-0.15,0.08,-0.68,9.60,6.10,0.49,-0.25,0.28,0.39,-0.14,0.96,-14.83,21.36,9.16,R
44.451,36,31,40,21,32,0.66,-2.09,10.09,0.65,-0.30,-0.28,-3.58,2.82,8.97,0.33,-0.09,0.28,-2.08,4.55,8.40,0.41,-0.12,0.26,-0.99,4.86,9.04,0.41,-0.09,0.26,-0.13,9.97,6.02,0.27,0.02,0.28,0.55,-0.08,1.00,-19.10,34.48,17.88,R
44.502,36,32,39,20,34,1.38,-2.24,8.95,0.11,-0.44,0.12,-3.00,1.78,9.32,-0.25,-0.10,0.30,-1.60,3.54,9.46,-0.29,-0.08,0.38,-0.79,3.17,9.89,-0.12,-0.18,0.36,-0.14,8.30,6.37,-0.08,0.00,0.42,0.39,-0.04,0.91,-14.22,-9.89,20.39,R
44.553,37,31,40,23,35,1.22,-2.93,8.26,-0.62,-0.16,0.22,-2.61,0.70,8.30,-0.68,-0.22,0.17,-1.22,2.42,8.18,-0.60,-0.24,0.28,-0.59,2.62,8.10,-0.61,-0.21,0.28,0.04,6.85,5.50,-0.63,0.11,0.29,0.37,-0.03,0.93,-9.70,-30.88,16.66,R
44.603,37,32,40,23,34,1.08,-3.69,8.80,-0.53,-0.17,0.56,-2.51,0.46,7.91,-0.82,0.16,0.28,-1.05,2.07,7.92,-0.79,0.15,0.40,-0.36,1.76,7.73,-0.55,0.09,0.41,0.04,5.87,5.09,-0.33,0.45,0.19,0.22,-0.01,0.89,13.24,-28.32,14.59,R
44.654,34,29,38,19,32,1.71,-4.37,7.85,-0.38,0.05,0.53,-2.39,-1.34,8.75,-0.50,0.36,0.24,-1.12,0.16,9.03,-0.44,0.34,0.16,-0.60,0.38,9.18,-0.37,0.32,0.08,-0.31,5.89,6.89,-0.34,0.26,-0.14,0.27,-0.04,0.88,12.51,-17.76,4.46,R
44.705,36,30,39,19,32,1.14,-4.56,8.98,-0.24,0.23,0.18,-2.94,0.18,9.05,-0.18,0.26,-0.06,-1.46,2.10,9.21,-0.16,0.25,-0.05,-0.64,2.21,9.27,-0.08,0.27,-0.04,-0.13,7.20,6.53,-0.04,0.22,-0.16,0.25,-0.04,0.93,12.33,-7.81,-4.09,R
44.757,36,31,40,19,32,1.38,-4.58,8.99,0.01,0.12,0.08,-3.24,-0.54,9.91,0.02,0.23,-0.00,-1.69,1.49,10.22,-0.04,0.18,-0.06,-0.87,1.57,10.42,-0.03,0.14,-0.08,-0.39,7.71,7.87,-0.07,0.02,-0.14,0.30,-0.06,1.01,6.90,0.31,-2.69,R
44.808,36,29,39,19,33,1.29,-4.77,9.28,-0.30,0.16,-0.01,-3.46,-0.36,10.37,-0.19,0.08,-0.21,-1.82,1.86,11.01,-0.24,0.00,-0.20,-1.00,2.27,11.31,-0.24,-0.04,-0.20,-0.28,8.98,8.12,-0.22,-0.14,-0.11,0.29,-0.07,1.04,1.40,-15.14,-9.34,R
44.859,35,29,37,19,32,1.05,-5.26,10.86,-0.41,-0.39,-0.21,-4.87,0.00,12.37,-0.34,-0.43,-0.17,-2.75,2.30,13.16,-0.57,-0.53,0.01,-1.47,2.79,13.93,-0.57,-0.74,0.01,-0.77,10.56,10.81,-0.77,-0.79,0.60,0.39,-0.15,1.10,-35.10,-25.45,0.24,R
44.91,34,34,41,19,32,1.41,-6.56,10.68,-1.56,-1.05,-0.62,-4.63,-1.49,14.50,-1.10,-1.34,-0.54,-2.45,1.24,15.08,-1.10,-1.53,-0.07,-0.97,1.41,13.86,-0.95,-1.82,-0.04,-0.29,8.74,10.30,-1.12,-1.61,1.19,0.17,-0.05,1.08,-87.89,-72.88,4.88,R
44.96,33,36,46,21,34,2.48,-7.46,8.33,-1.37,-1.33,-1.21,-2.41,-3.64,9.94,-0.96,-1.98,-0.80,-0.67,-1.73,9.39,-0.75,-2.15,-0.31,-0.04,-1.17,9.36,-0.98,-2.13,-0.38,-0.10,4.69,8.74,-1.27,-2.23,1.03,0.14,0.08,1.09,-98.63,-38.27,-4.09,R
45.011,32,38,47,19,32,3.30,-7.17,5.43,-1.66,-0.20,-1.45,-0.37,-5.94,7.49,-0.93,-1.51,-1.57,0.63,-4.79,7.30,-1.00,-1.87,-1.32,0.79,-4.12,6.28,-1.17,-1.72,-1.48,1.04,0.05,4.97,-1.35,-2.31,-0.32,0.13,0.12,0.94,-85.14,-47.97,-48.34,R
45.063,32,39,48,17,32,2.49,-5.01,3.43,-2.49,1.78,-2.10,0.98,-3.93,3.04,-0.46,-0.20,-2.72,1.17,-2.89,2.56,-0.72,-0.81,-2.69,1.12,-2.50,1.74,-1.04,-0.04,-2.66,1.01,-0.31,3.28,-0.82,-0.78,-2.82,0.12,0.27,0.93,-35.16,-33.02,-101.93,R
45.115,29,35,46,21,38,0.14,-5.27,4.66,-1.32,3.48,-0.71,-0.58,-2.28,-0.97,-0.48,2.49,-3.14,-1.45,-0.74,-0.96,-1.43,2.33,-3.58,-1.24,1.40,2.17,-1.94,3.46,-3.30,-0.50,4.36,2.32,-1.61,1.23,-4.80,0.17,0.29,0.88,73.91,-50.84,-132.26,R
45.165,25,28,41,27,42,-3.40,-3.12,11.95,0.75,3.36,0.80,-8.11,6.00,9.77,0.69,4.35,-1.72,-4.96,11.39,10.43,0.30,4.16,-2.23,-2.54,12.18,8.14,0.14,4.19,-1.54,0.17,14.70,0.91,0.94,3.12,-3.25,-0.06,0.08,0.77,168.52,17.09,-78.19,R
45.215,24,24,45,25,43,-2.81,-3.11,17.61,2.33,0.74,2.46,-9.78,10.08,14.63,1.96,2.44,2.74,-7.44,14.08,14.40,1.78,3.08,2.44,-5.37,10.93,15.55,2.23,2.46,2.89,-3.12,15.36,5.37,2.13,3.37,1.25,0.40,-0.10,0.78,117.80,151.98,70.07,R
45.267,23,20,45,25,42,-2.19,-3.39,14.16,3.20,-1.47,3.13,-8.35,5.17,12.94,1.20,0.98,4.31,-6.89,8.82,13.89,1.61,1.64,4.16,-5.18,8.26,14.94,2.08,0.75,4.31,-3.47,14.36,6.85,1.99,2.59,3.48,0.57,-0.10,0.78,88.75,128.42,152.10,R
45.319,31,23,50,21,38,1.35,-7.56,11.13,3.34,-3.34,2.15,-7.63,-2.24,17.90,1.30,-1.03,5.25,-6.24,-1.45,19.06,2.10,-1.07,4.84,-4.53,-3.16,18.91,3.33,-1.49,4.22,-3.47,9.85,19.03,3.02,0.05,4.17,0.66,-0.08,0.96,6.53,159.79,173.52,R
45.369,36,39,48,20,33,1.86,-4.27,0.27,1.44,-3.34,-0.50,-2.60,-4.71,7.73,-0.42,-3.32,1.00,-2.15,-2.68,9.76,-0.32,-3.34,1.12,-1.83,-0.04,11.01,-1.30,-3.26,1.04,-0.79,8.19,9.48,-2.25,-1.68,2.61,0.61,0.12,1.18,-123.47,-51.94,82.34,R
45.42,38,43,48,18,32,3.94,-7.60,6.86,-2.85,-2.11,0.10,-1.74,-3.20,8.89,-3.01,-2.40,-0.30,-0.43,-3.17,9.55,-2.82,-2.68,0.54,-0.02,-2.81,7.72,-2.25,-2.68,0.39,-0.28,1.25,5.97,-1.95,-1.78,1.69,-0.05,-0.01,0.98,-72.08,-166.93,10.56,R
45.471,36,46,45,17,32,3.13,-6.66,7.55,-1.60,-0.68,-1.43,-0.33,-3.98,6.32,-0.44,-1.48,-1.36,0.97,-1.37,5.40,-0.41,-1.52,-1.12,1.26,-0.81,4.48,-0.77,-1.31,-1.03,1.50,3.08,4.18,-0.75,-1.29,-0.29,0.23,0.17,0.96,-83.80,-31.80,-28.08,R
45.522,36,48,47,16,33,3.04,-3.29,5.24,-1.12,0.63,-0.99,0.06,-0.44,5.29,-0.60,-0.19,-1.49,0.96,0.92,4.91,-0.75,-0.41,-1.38,1.63,2.66,6.25,-0.78,-0.14,-1.35,2.58,6.52,3.65,-0.73,-0.66,-1.02,0.30,0.14,0.83,-12.94,-35.71,-60.18,R
45.572,35,45,46,18,33,2.09,-1.70,8.14,-0.18,0.74,-0.36,-0.99,3.39,6.79,0.11,0.77,-0.64,0.50,4.76,5.54,-0.15,0.84,-0.62,1.37,3.72,5.14,0.00,0.96,-0.47,2.05,5.94,2.38,0.33,0.69,-1.02,0.29,0.18,0.83,24.78,-0.79,-34.97,R
45.624,35,43,45,19,34,2.66,-2.36,7.98,0.08,1.11,0.35,-1.24,1.09,8.13,0.17,1.25,-0.08,-0.30,2.99,9.03,-0.03,1.20,-0.36,0.68,2.80,9.63,-0.01,1.12,-0.39,1.69,7.13,5.45,0.11,0.58,-0.91,0.36,0.09,0.85,57.37,10.62,-28.02,R
45.675,33,43,46,18,32,2.48,-2.92,9.45,0.67,0.82,0.18,-2.00,2.41,9.63,0.39,0.95,0.10,-0.33,4.19,9.03,0.27,0.91,-0.09,0.68,4.00,8.82,0.31,0.99,-0.08,1.63,8.51,5.56,0.26,0.85,-0.67,0.41,0.10,1.00,51.64,24.23,-11.29,R
45.726,34,40,45,19,33,2.42,-3.59,9.37,0.18,0.96,0.68,-2.88,0.61,11.42,-0.23,1.05,0.20,-1.05,2.63,11.57,-0.32,0.92,0.04,0.17,2.83,11.64,-0.16,0.88,-0.00,1.03,8.81,7.35,-0.10,0.78,-0.55,0.38,0.00,0.99,57.07,-11.47,-11.60,R
45.778,34,42,44,17,33,2.30,-4.32,10.68,0.33,0.45,0.36,-2.87,0.49,10.62,-0.02,0.57,0.23,-1.13,2.89,10.19,0.11,0.44,0.09,-0.34,3.25,9.82,0.13,0.64,0.06,0.49,8.24,5.76,0.28,0.71,-0.41,0.38,-0.02,1.04,35.83,15.81,-1.71,R
45.828,33,40,38,14,32,1.78,-3.51,9.57,0.12,0.58,0.50,-2.62,-0.05,9.30,-0.14,0.62,0.17,-1.05,1.88,9.90,-0.28,0.70,-0.01,-0.46,2.52,9.93,-0.27,0.68,-0.02,0.27,7.46,6.19,-0.18,0.58,-0.43,0.39,-0.05,0.94,36.99,-10.80,-5.68,R
45.878,34,39,39,14,32,1.30,-3.27,9.91,0.28,0.37,0.30,-3.51,1.06,10.39,0.02,0.39,0.28,-1.74,3.09,10.59,0.07,0.21,0.21,-0.68,2.60,10.34,0.20,0.34,0.18,-0.19,8.13,7.09,0.15,0.47,-0.12,0.36,-0.09,0.95,26.49,12.08,3.30,R
45.93,33,40,37,15,33,1.13,-3.48,8.97,0.15,0.31,0.22,-2.95,-0.04,9.22,-0.09,0.14,0.05,-1.45,2.04,9.90,-0.26,0.07,0.01,-0.75,1.99,10.86,-0.50,0.30,-0.00,-0.32,7.98,8.05,-0.61,0.39,-0.25,0.36,-0.09,1.01,21.97,-21.55,-6.90,R
45.981,33,37,38,15,32,1.47,-5.38,11.38,-0.04,0.29,0.05,-3.90,-1.20,11.73,-0.14,0.08,-0.13,-1.71,1.41,11.95,-0.06,-0.08,-0.18,-1.11,1.93,11.22,-0.04,0.10,-0.18,-0.60,7.95,7.41,0.12,0.08,-0.30,0.28,-0.15,1.07,5.62,-0.67,-8.67,R
46.031,32,38,36,15,31,0.65,-3.13,9.56,0.07,0.25,-0.04,-2.86,0.86,8.73,-0.09,-0.07,-0.09,-0.99,3.18,8.01,0.01,-0.21,-0.06,-0.88,2.79,9.05,-0.28,0.22,0.04,-0.37,7.81,6.35,-0.52,0.16,-0.04,0.31,-0.09,0.86,9.40,-4.39,-6.04,R
46.082,30,35,33,16,30,1.22,-3.62,9.93,-0.20,-0.02,-0.08,-3.90,-0.01,10.93,-0.32,-0.19,-0.02,-1.72,2.11,10.83,-0.20,-0.42,0.07,-1.08,2.47,9.72,-0.12,-0.20,-0.04,-0.55,7.35,6.77,-0.52,0.04,-0.06,0.33,-0.14,1.09,-1.22,-20.20,1.34,R
46.133,29,35,36,18,32,1.19,-3.71,9.32,-0.08,-0.02,0.11,-2.52,0.16,9.28,-0.09,-0.17,0.05,-0.82,2.15,9.47,-0.10,-0.13,0.09,-0.60,2.04,10.07,-0.11,-0.16,0.08,-0.44,7.29,7.00,0.06,0.05,0.02,0.30,-0.10,0.93,4.58,-9.16,1.89,R
46.186,27,34,34,17,32,0.62,-3.15,9.49,-0.10,-0.11,0.05,-3.02,0.73,9.25,-0.16,-0.27,0.09,-0.81,3.01,8.61,-0.10,-0.23,0.21,-0.68,2.26,8.49,-0.09,-0.18,0.27,-0.41,7.11,6.68,0.09,0.10,0.26,0.30,-0.11,0.97,0.31,-11.35,7.63,R
46.236,27,35,33,15,31,1.17,-3.97,8.68,-0.17,-0.02,0.17,-2.34,-1.08,8.85,-0.11,0.03,0.16,-0.70,0.68,8.81,-0.12,0.03,0.15,-0.52,0.84,8.66,-0.11,0.12,0.10,-0.65,6.85,8.32,-0.34,0.16,-0.05,0.24,-0.10,0.96,6.71,-9.28,5.55,R
46.286,26,31,32,15,31,0.75,-4.53,9.32,0.41,0.16,0.14,-2.92,-0.98,9.79,0.06,0.26,0.07,-0.93,1.51,9.87,0.01,0.31,-0.03,-0.80,1.38,9.94,-0.32,0.41,0.02,-0.85,6.83,7.60,-0.56,0.05,0.13,0.21,-0.14,0.96,16.36,3.91,-1.22,R
46.337,25,31,33,15,31,0.44,-3.09,9.26,0.19,0.20,-0.05,-3.04,0.13,9.11,0.11,0.15,0.00,-1.24,2.62,8.80,-0.06,0.17,-0.07,-0.94,2.01,9.67,-0.39,0.01,0.00,-0.53,6.87,7.18,-0.27,0.10,0.02,0.32,-0.13,0.97,4.15,4.82,-0.31,R
46.388,23,32,34,12,31,0.51,-3.18,9.17,-0.08,0.30,0.16,-3.22,-0.70,10.77,-0.42,-0.11,-0.08,-1.13,2.06,8.83,-0.16,-0.09,-0.04,-0.84,1.44,9.78,-0.33,-0.03,-0.02,-0.56,6.56,7.42,-0.26,0.07,-0.01,0.26,-0.15,0.99,8.06,-7.32,-0.49,R
46.44,23,30,33,13,32,0.65,-3.93,9.49,-0.21,0.24,0.04,-2.90,-0.28,9.57,-0.01,-0.01,-0.04,-1.17,1.98,9.57,-0.06,-0.08,-0.04,-0.78,1.61,9.71,-0.11,-0.03,-0.05,-0.53,6.72,7.37,-0.06,0.01,-0.03,0.29,-0.14,0.97,4.94,1.53,-1.65,R
46.49,25,32,33,13,32,0.14,-3.82,9.63,-0.18,0.22,0.19,-2.80,-0.40,9.79,-0.06,-0.13,-0.06,-1.26,1.65,9.67,-0.12,-0.09,-0.01,-0.84,1.46,9.68,-0.12,-0.03,-0.02,-0.63,6.68,7.40,-0.05,0.00,0.03,0.26,-0.16,0.95,4.94,-0.49,-0.73,R
46.542,22,30,30,12,32,0.31,-3.88,9.13,-0.08,0.08,0.03,-2.80,-0.20,9.46,-0.04,-0.03,-0.02,-1.04,1.63,9.63,-0.13,-0.04,0.00,-0.74,1.22,9.73,-0.08,-0.03,-0.00,-0.48,6.58,7.39,0.00,0.00,0.02,0.27,-0.14,0.96,2.87,-0.18,-0.85,R
46.592,23,42,30,11,32,0.22,-3.95,9.35,-0.17,0.13,0.05,-2.85,-0.31,9.43,-0.05,-0.02,-0.00,-1.12,1.70,9.61,-0.08,-0.02,0.00,-0.75,1.13,9.73,-0.07,0.01,-0.01,-0.56,6.60,7.45,-0.00,0.01,0.00,0.27,-0.15,0.96,2.26,-0.61,-0.37,R
46.643,24,34,30,11,31,0.20,-3.88,9.13,-0.01,0.03,0.00,-2.81,-0.24,9.37,0.06,0.00,-0.00,-1.06,1.69,9.54,-0.05,-0.01,0.01,-0.73,1.19,9.72,-0.05,0.00,0.00,-0.44,6.64,7.44,0.03,0.01,0.02,0.27,-0.14,0.96,0.61,1.83,-1.04,R
46.695,24,35,30,11,33,0.14,-3.69,9.21,0.05,0.04,-0.00,-2.84,-0.31,9.50,-0.04,0.00,0.01,-1.03,1.60,9.63,-0.08,0.01,0.01,-0.71,1.16,9.71,-0.03,0.02,0.00,-0.44,6.62,7.33,0.02,0.03,0.00,0.28,-0.15,0.96,1.83,0.55,-0.43,R
46.746,23,32,30,11,32,0.21,-4.00,9.18,-0.04,0.06,-0.01,-2.88,-0.31,9.50,0.02,0.01,0.00,-1.06,1.72,9.61,-0.04,0.01,-0.00,-0.77,1.33,9.76,-0.02,0.01,-0.01,-0.51,6.55,7.41,0.00,0.02,0.00,0.27,-0.15,0.96,0.73,0.12,-0.85,R
46.797,24,34,30,10,30,0.15,-3.88,9.18,-0.04,0.03,-0.01,-2.89,-0.23,9.58,-0.06,-0.02,0.01,-1.02,1.65,9.69,-0.14,-0.02,0.01,-0.70,1.19,9.72,-0.11,-0.01,0.00,-0.43,6.65,7.39,-0.05,0.02,-0.01,0.27,-0.15,0.96,1.65,-3.91,-0.55,R
46.847,24,32,32,11,32,0.21,-4.23,9.15,-0.05,0.04,-0.01,-2.87,-0.18,9.48,-0.07,0.01,-0.01,-1.04,1.63,9.63,-0.10,-0.02,0.01,-0.71,1.05,9.74,-0.11,-0.00,0.01,-0.45,6.50,7.47,-0.03,0.03,0.01,0.28,-0.15,0.97,1.46,-1.83,0.55,R
46.898,23,35,30,10,32,0.22,-3.97,9.17,-0.06,0.02,0.02,-2.78,-0.45,9.55,-0.04,0.01,-0.00,-1.02,1.50,9.67,-0.03,0.02,0.00,-0.73,1.17,9.80,-0.02,0.01,0.02,-0.46,6.66,7.37,0.00,0.01,0.02,0.28,-0.16,0.96,0.24,0.37,0.55,R
46.95,24,31,29,11,32,0.20,-4.17,9.09,-0.12,0.03,0.02,-2.81,-0.58,9.58,-0.10,-0.02,0.02,-0.95,1.38,9.71,-0.11,-0.01,0.03,-0.67,0.83,9.74,-0.09,0.00,0.04,-0.52,6.60,7.47,0.03,0.02,0.03,0.25,-0.15,0.96,1.89,-3.11,0.92,R
47.0,25,31,30,11,32,0.10,-4.01,9.12,-0.05,0.03,0.02,-2.71,0.10,9.36,0.03,-0.02,0.02,-1.00,1.68,9.47,-0.04,-0.02,0.01,-0.61,1.09,9.82,-0.06,-0.00,0.02,-0.40,6.79,7.30,-0.03,0.03,0.02,0.26,-0.15,0.97,1.53,-2.26,0.67,R
47.052,23,30,28,10,31,0.16,-4.06,9.13,-0.03,-0.00,0.04,-2.73,-0.58,9.48,-0.07,0.03,0.04,-0.96,1.42,9.69,-0.03,0.02,0.04,-0.79,1.79,9.62,0.04,0.00,0.06,-0.42,6.76,7.34,0.01,0.03,0.02,0.27,-0.16,0.95,0.73,-0.67,1.46,R
47.102,26,31,32,11,33,0.24,-4.24,9.04,-0.03,0.02,-0.01,-2.75,-0.86,9.56,-0.12,0.00,0.02,-0.97,1.53,9.68,-0.05,-0.00,0.02,-0.63,0.99,9.79,-0.06,0.01,0.02,-0.38,6.61,7.43,-0.04,0.03,0.00,0.27,-0.16,0.96,1.59,-3.23,0.49,R
47.153,23,31,30,10,32,0.11,-4.18,9.13,0.01,-0.04,0.03,-2.78,-0.30,9.45,0.01,0.03,0.02,-1.02,1.49,9.63,-0.04,0.02,0.03,-0.69,1.06,9.77,-0.05,-0.00,0.02,-0.54,6.86,7.27,-0.05,0.03,0.02,0.26,-0.15,0.97,0.24,-1.83,1.65,R
47.205,24,31,30,10,31,0.18,-3.93,9.17,-0.03,-0.03,0.02,-2.72,-0.50,9.66,-0.08,0.01,0.03,-1.01,1.32,9.63,-0.02,0.02,0.04,-0.58,1.00,9.73,-0.01,0.00,0.02,-0.37,6.54,7.43,-0.05,0.04,0.03,0.24,-0.15,0.97,-0.43,-3.36,1.40,R
47.256,24,29,32,10,32,0.00,-3.92,9.34,0.07,-0.02,0.04,-2.71,-0.53,9.45,-0.06,-0.01,0.05,-1.02,1.64,9.68,-0.01,-0.01,0.06,-0.65,0.86,9.72,-0.04,0.00,0.04,-0.42,6.52,7.53,-0.06,0.05,0.01,0.26,-0.15,0.96,1.40,-2.56,2.20,R
47.307,24,29,32,11,32,0.41,-4.59,8.97,-0.09,-0.00,0.00,-2.67,-0.71,9.48,-0.05,0.01,0.04,-0.98,1.53,9.61,0.04,0.02,0.02,-0.64,0.84,9.75,0.01,0.02,0.03,-0.45,6.45,7.44,0.04,0.05,0.00,0.25,-0.15,0.97,0.73,-0.43,0.73,R
47.358,23,32,29,10,32,0.16,-4.16,8.99,0.02,-0.02,0.05,-2.73,-0.33,9.39,-0.05,0.00,0.02,-0.99,1.23,9.67,-0.01,-0.03,0.00,-0.73,0.76,9.80,-0.05,0.16,-0.01,-0.44,6.39,7.40,0.20,0.13,-0.06,0.25,-0.15,0.97,5.49,1.16,1.28,R
47.409,23,30,32,11,33,0.25,-4.23,9.06,0.09,0.06,0.00,-2.72,-0.64,9.71,0.06,0.01,0.03,-1.02,1.34,9.67,-0.02,-0.02,0.00,-0.88,1.01,9.73,-0.03,0.57,0.04,-0.77,7.16,7.41,0.56,0.36,-0.12,0.27,-0.16,0.96,6.96,5.62,-0.49,R
47.46,22,30,30,17,38,-0.27,-3.32,10.26,0.25,-0.01,-0.04,-2.74,-0.51,9.55,-0.03,-0.02,0.03,-1.00,1.52,9.62,-0.03,-0.04,0.02,-1.23,0.76,9.78,-0.10,0.34,0.05,-0.77,6.85,7.27,0.20,0.25,-0.02,0.25,-0.17,0.95,4.94,2.44,-0.43,R
47.511,24,29,30,20,44,0.20,-3.85,9.23,0.15,0.07,-0.03,-2.73,-0.48,9.56,0.07,0.05,0.01,-0.97,1.64,9.61,0.02,0.01,-0.02,-1.29,0.91,9.76,-0.03,0.15,0.01,-0.75,6.79,7.15,0.10,0.10,-0.03,0.29,-0.17,0.96,1.22,4.94,-1.22,R
47.562,22,30,29,21,45,0.08,-3.94,9.29,0.06,0.06,-0.03,-2.41,-0.44,9.31,0.04,0.01,0.00,-0.95,1.46,9.66,0.00,-0.01,0.01,-1.31,0.78,9.74,-0.00,0.04,-0.01,-0.79,6.92,7.05,0.07,0.02,-0.01,0.26,-0.16,0.95,1.10,3.85,-1.04,R
47.612,22,34,30,22,46,0.16,-3.95,9.16,0.28,0.03,-0.07,-2.51,-0.32,9.65,0.12,0.01,0.02,-0.91,1.57,9.66,0.08,-0.04,-0.01,-1.17,0.88,9.78,0.03,0.06,-0.02,-0.71,7.02,7.13,0.07,0.04,-0.04,0.29,-0.16,0.96,3.30,8.61,-2.08,R
47.664,21,32,29,21,46,0.02,-3.59,9.38,0.15,0.00,-0.03,-2.73,-0.26,9.54,0.04,0.01,-0.01,-0.98,1.70,9.67,0.03,-0.06,-0.01,-1.41,0.79,9.71,0.01,0.03,-0.02,-0.72,6.87,7.11,0.02,0.00,-0.02,0.25,-0.17,0.96,1.83,2.87,-1.04,R
47.714,23,36,30,21,48,0.12,-3.63,9.19,0.25,0.04,-0.04,-2.63,-0.45,9.61,0.08,0.06,0.01,-0.90,1.58,9.59,0.05,-0.03,-0.01,-1.35,1.01,9.73,0.01,0.04,-0.03,-0.78,6.90,7.08,0.02,0.02,-0.04,0.29,-0.17,0.94,0.73,7.26,-0.98,R
47.766,22,34,29,20,47,0.07,-3.51,9.33,0.20,0.03,-0.01,-2.75,-0.29,9.69,0.01,0.01,0.01,-0.92,1.64,9.68,-0.01,-0.01,-0.00,-1.29,0.91,9.70,-0.03,0.08,0.00,-0.76,7.00,7.04,0.05,0.02,-0.01,0.30,-0.18,0.95,2.14,6.77,-0.67,R
47.817,21,35,28,22,48,0.23,-3.40,9.26,0.08,0.03,-0.04,-2.74,-0.18,9.60,-0.02,0.02,-0.01,-0.89,1.63,9.52,-0.23,0.21,0.03,-1.37,0.97,9.76,-0.05,0.19,0.00,-0.78,6.92,7.09,0.05,0.05,-0.02,0.29,-0.17,0.95,0.37,-0.67,-0.79,R
47.867,23,34,30,25,50,-0.16,-3.59,10.69,0.05,-0.00,-0.05,-2.71,-0.24,9.60,-0.02,0.04,0.02,-1.33,1.31,9.61,-0.20,0.15,0.05,-1.51,0.88,9.67,-0.04,0.05,0.02,-0.80,7.13,6.96,0.03,0.01,0.03,0.29,-0.17,0.94,-1.53,-0.24,-0.49,R
47.919,23,34,30,26,51,0.13,-3.28,9.41,-0.06,-0.01,-0.02,-2.72,-0.27,9.52,-0.05,0.02,0.01,-1.00,1.45,9.69,-0.06,0.00,0.02,-1.39,0.75,9.63,-0.02,-0.03,0.01,-0.81,6.95,7.01,-0.03,-0.02,0.01,0.29,-0.17,0.95,-2.26,-4.64,-0.49,R
47.97,23,37,32,27,49,0.15,-3.50,9.32,-0.08,-0.01,-0.02,-2.69,-0.23,9.50,-0.03,-0.00,-0.00,-1.02,1.41,9.67,-0.04,-0.04,0.01,-1.51,0.78,9.71,-0.06,-0.15,0.01,-0.82,6.95,7.13,-0.09,-0.03,0.03,0.28,-0.17,0.96,-0.43,-1.83,0.31,R
48.021,21,36,30,25,46,0.29,-3.80,9.26,-0.06,0.01,-0.00,-2.70,-0.21,9.52,-0.01,0.01,0.01,-1.00,1.41,9.68,-0.01,-0.05,0.00,-1.24,0.81,9.78,-0.04,-0.24,0.00,-0.69,6.91,7.13,-0.11,-0.05,0.03,0.29,-0.16,0.96,-0.73,0.31,0.43,R
48.071,21,36,28,21,44,0.19,-3.73,9.41,-0.05,0.02,0.00,-2.64,-0.21,9.47,0.01,0.04,-0.01,-0.97,1.47,9.65,-0.00,-0.02,-0.01,-1.21,0.90,9.74,-0.01,-0.16,-0.02,-0.72,6.74,7.18,-0.09,-0.04,0.01,0.29,-0.17,0.95,-0.37,-1.16,-0.24,R
48.123,22,36,30,20,44,0.18,-3.48,9.37,-0.03,0.01,-0.00,-2.68,-0.26,9.54,-0.01,0.01,0.00,-0.98,1.38,9.67,-0.01,-0.03,0.01,-1.18,0.82,9.69,-0.01,-0.12,0.00,-0.57,6.86,7.16,-0.02,-0.00,0.01,0.28,-0.16,0.96,-0.18,0.85,-0.06,R
48.174,21,37,29,20,43,0.21,-3.58,9.34,-0.01,0.01,0.01,-2.71,-0.31,9.52,0.01,0.02,0.01,-0.92,1.49,9.64,-0.01,-0.03,-0.00,-1.09,0.82,9.79,-0.00,-0.06,-0.00,-0.68,6.88,7.19,-0.02,-0.00,0.00,0.28,-0.17,0.95,0.85,0.31,0.06,R
48.225,22,36,30,19,43,0.27,-3.76,9.33,-0.02,0.01,-0.01,-2.66,-0.22,9.50,-0.01,0.03,-0.01,-0.92,1.40,9.64,0.01,-0.02,-0.01,-0.97,0.84,9.79,-0.00,-0.05,-0.01,-0.68,6.82,7.19,-0.03,0.01,-0.01,0.29,-0.16,0.96,0.61,-0.24,0.31,R
48.275,21,37,32,17,42,0.18,-3.78,9.34,-0.02,0.02,0.00,-2.66,-0.31,9.57,-0.00,0.03,-0.00,-0.99,1.47,9.67,-0.03,-0.00,0.00,-1.01,0.85,9.77,-0.01,-0.04,-0.00,-0.63,6.79,7.21,-0.01,0.00,-0.00,0.28,-0.16,0.96,0.18,0.73,0.24,R
48.328,22,35,27,17,42,0.28,-3.93,9.33,-0.03,0.02,0.01,-2.72,-0.17,9.47,-0.02,0.02,0.00,-0.90,1.44,9.68,-0.03,-0.00,-0.00,-1.02,0.90,9.75,0.00,-0.01,-0.00,-0.65,6.81,7.19,-0.02,0.00,-0.00,0.29,-0.17,0.95,0.67,-0.12,0.00,R
48.378,23,37,29,18,41,0.17,-3.54,9.28,-0.04,0.03,-0.02,-2.63,-0.21,9.53,-0.01,0.04,-0.01,-0.89,1.42,9.68,-0.01,0.01,-0.01,-1.03,0.90,9.78,-0.00,-0.01,-0.01,-0.64,6.70,7.26,-0.01,0.01,-0.01,0.27,-0.16,0.95,0.49,-0.61,-0.18,R
48.429,21,35,28,17,41,0.14,-3.65,9.28,-0.00,0.02,0.01,-2.65,-0.25,9.46,0.00,0.02,0.01,-0.96,1.49,9.67,-0.00,0.00,0.00,-1.02,0.93,9.83,0.01,-0.02,-0.01,-0.62,6.87,7.20,-0.03,0.00,-0.01,0.30,-0.16,0.96,-0.06,0.79,-0.12,R
48.48,22,37,28,18,42,0.13,-3.70,9.32,-0.04,0.03,-0.00,-2.63,-0.25,9.52,-0.01,0.01,-0.00,-1.00,1.42,9.65,-0.04,0.00,0.00,-0.94,0.89,9.78,0.01,-0.02,-0.01,-0.62,6.70,7.20,-0.02,0.01,-0.01,0.28,-0.16,0.95,0.98,-0.49,-0.06,R
48.531,23,36,29,18,42,0.11,-3.72,9.34,-0.01,0.02,-0.00,-2.67,-0.28,9.51,-0.00,0.02,0.00,-0.92,1.53,9.63,-0.03,0.00,0.00,-0.94,0.86,9.76,-0.00,0.01,0.00,-0.58,6.78,7.19,0.03,0.02,-0.01,0.28,-0.16,0.96,0.73,0.31,0.31,R
48.582,22,36,32,17,42,0.15,-3.59,9.29,-0.01,0.03,-0.02,-2.66,-0.25,9.53,0.00,0.04,-0.01,-0.88,1.58,9.68,-0.02,0.02,-0.00,-0.99,0.84,9.78,-0.00,0.01,-0.01,-0.56,6.77,7.21,-0.00,0.02,-0.01,0.28,-0.17,0.95,-0.12,-0.98,-0.06,R
48.633,22,36,28,16,40,0.15,-3.68,9.29,0.00,0.02,-0.02,-2.61,-0.20,9.54,-0.01,0.03,-0.01,-0.93,1.48,9.65,-0.04,0.01,0.01,-0.91,0.86,9.79,-0.00,0.01,-0.01,-0.59,6.78,7.23,-0.01,0.01,-0.01,0.29,-0.16,0.95,0.49,-0.31,0.06,R
48.684,21,35,28,16,42,0.15,-3.64,9.24,-0.03,0.02,-0.00,-2.62,-0.24,9.52,0.00,0.03,0.00,-0.91,1.55,9.64,-0.01,0.02,-0.00,-1.01,0.94,9.76,0.01,0.01,-0.01,-0.65,6.79,7.19,0.01,0.02,-0.01,0.28,-0.16,0.96,0.55,0.12,0.12,R
48.734,23,38,30,17,42,0.18,-3.77,9.29,-0.00,0.02,-0.01,-2.62,-0.15,9.50,-0.01,0.03,-0.01,-0.89,1.49,9.68,-0.03,0.01,0.00,-0.97,0.89,9.78,0.00,0.00,-0.00,-0.59,6.86,7.24,0.01,0.02,-0.01,0.28,-0.16,0.95,0.31,-0.43,0.12,R
48.786,21,35,28,15,39,0.13,-3.70,9.27,-0.01,0.02,0.01,-2.71,-0.27,9.50,-0.00,0.02,-0.00,-0.98,1.49,9.64,-0.00,0.00,-0.01,-0.97,0.89,9.83,-0.01,0.00,-0.01,-0.60,6.80,7.23,0.02,0.01,-0.01,0.28,-0.16,0.95,0.79,0.31,0.06,R
48.837,21,36,26,17,42,0.21,-3.82,9.25,-0.01,0.02,-0.01,-2.72,-0.22,9.50,-0.01,0.02,0.01,-0.98,1.57,9.65,-0.03,-0.00,-0.00,-0.91,0.71,9.78,-0.02,0.00,0.00,-0.64,6.85,7.22,0.01,0.03,-0.00,0.29,-0.16,0.96,0.49,-0.18,-0.12,R
48.889,23,36,29,17,43,0.14,-3.71,9.29,0.00,0.02,0.01,-2.69,-0.26,9.52,-0.01,0.02,0.01,-0.91,1.50,9.66,-0.01,0.00,0.00,-1.01,0.86,9.71,0.00,0.01,-0.01,-0.68,6.88,7.15,-0.00,0.02,-0.01,0.29,-0.17,0.95,0.24,0.37,-0.06,R
48.939,21,35,29,17,42,0.15,-3.68,9.35,-0.03,0.01,-0.00,-2.74,-0.16,9.52,-0.01,0.02,0.00,-0.91,1.50,9.69,-0.04,0.00,0.01,-0.90,0.87,9.81,-0.01,0.01,0.01,-0.66,6.79,7.23,0.02,0.03,-0.00,0.28,-0.16,0.96,0.85,-0.12,0.18,R
48.99,21,35,29,17,40,0.20,-3.78,9.27,0.00,0.02,0.00,-2.71,-0.25,9.54,-0.01,0.02,0.01,-1.01,1.51,9.64,-0.03,-0.00,0.00,-0.99,0.84,9.77,-0.03,0.01,0.00,-0.60,6.87,7.19,0.00,0.01,-0.01,0.29,-0.16,0.95,0.55,-0.18,0.12,R
49.041,21,35,29,16,41,0.15,-3.78,9.28,0.00,0.02,-0.01,-2.69,-0.27,9.51,-0.01,0.04,-0.01,-0.95,1.48,9.64,-0.03,0.01,-0.00,-0.96,0.84,9.73,0.00,0.02,-0.01,-0.65,6.85,7.24,-0.01,0.01,-0.01,0.29,-0.16,0.95,0.24,0.18,0.18,R
49.092,23,36,28,17,41,0.24,-3.98,9.21,-0.06,0.05,0.01,-2.65,-0.21,9.52,-0.03,0.03,-0.01,-0.98,1.43,9.62,-0.04,0.01,-0.00,-0.95,0.94,9.79,-0.02,0.01,-0.01,-0.57,6.86,7.25,-0.01,0.02,-0.01,0.28,-0.16,0.95,0.67,-1.16,-0.12,R
49.143,21,37,30,17,40,0.04,-3.68,9.28,-0.01,0.03,0.01,-2.71,-0.24,9.50,-0.00,0.02,0.00,-0.96,1.46,9.61,-0.03,0.00,0.01,-1.11,0.92,9.64,0.01,0.01,0.01,-0.62,6.89,7.25,0.01,0.02,-0.01,0.29,-0.16,0.95,0.61,0.67,0.00,R
49.193,21,34,29,15,42,0.17,-3.67,9.33,-0.01,0.02,-0.00,-2.69,-0.25,9.57,0.01,0.03,-0.01,-0.87,1.57,9.68,-0.03,0.01,-0.01,-0.94,0.89,9.76,0.01,0.01,-0.01,-0.61,6.79,7.24,-0.03,0.01,-0.01,0.28,-0.16,0.96,0.49,-0.79,-0.06,R
49.244,22,36,28,17,41,0.03,-3.67,9.29,-0.00,0.02,0.01,-2.73,-0.12,9.50,-0.01,-0.00,-0.00,-0.95,1.55,9.59,-0.02,-0.01,0.00,-1.01,0.90,9.69,-0.01,-0.00,-0.00,-0.67,6.85,7.17,-0.00,0.01,-0.01,0.29,-0.16,0.95,1.16,0.00,0.24,R
49.296,22,35,28,16,40,0.14,-3.82,9.25,-0.02,0.02,0.00,-2.68,-0.23,9.53,0.00,0.02,0.00,-0.96,1.53,9.68,-0.03,0.00,0.00,-0.92,0.93,9.79,-0.00,0.00,-0.01,-0.60,6.76,7.22,-0.00,0.01,-0.01,0.29,-0.16,0.96,0.61,0.18,0.00,R
49.347,24,35,30,16,42,0.13,-3.82,9.18,0.00,0.03,-0.01,-2.68,-0.29,9.53,-0.01,0.04,0.00,-0.99,1.50,9.62,-0.03,0.02,-0.00,-0.98,0.87,9.76,0.01,0.02,0.00,-0.68,6.98,7.17,0.02,0.02,-0.01,0.28,-0.17,0.95,0.49,0.06,0.06,R
49.397,22,34,28,16,40,0.12,-3.68,9.27,-0.01,0.01,-0.00,-2.71,-0.19,9.51,-0.01,0.02,0.00,-0.94,1.57,9.66,-0.03,0.00,-0.00,-0.93,0.85,9.80,-0.01,0.01,-0.00,-0.62,6.81,7.29,0.01,0.02,-0.01,0.29,-0.16,0.96,0.98,-0.24,0.12,R
49.448,23,34,28,17,41,0.12,-3.72,9.26,-0.01,0.02,-0.02,-2.71,-0.26,9.51,0.02,0.04,0.00,-0.94,1.52,9.62,-0.02,0.01,-0.00,-0.97,0.86,9.80,-0.01,0.01,-0.00,-0.63,6.79,7.22,0.02,0.02,-0.01,0.28,-0.16,0.96,0.61,-0.12,-0.06,R
49.499,24,35,30,16,41,0.12,-3.95,9.24,-0.01,0.01,-0.00,-2.72,-0.18,9.50,-0.01,0.03,0.01,-0.95,1.40,9.67,-0.02,0.01,-0.00,-0.97,0.92,9.74,0.01,0.01,-0.00,-0.64,6.85,7.25,0.01,0.02,-0.01,0.29,-0.16,0.95,0.43,0.31,0.00,R
49.551,24,36,28,17,41,0.12,-3.77,9.23,-0.00,0.01,-0.00,-2.67,-0.28,9.53,-0.00,0.01,-0.00,-0.90,1.58,9.67,-0.03,0.00,0.00,-0.95,0.90,9.72,0.00,0.01,-0.00,-0.61,6.78,7.21,0.01,0.02,-0.01,0.27,-0.16,0.95,1.04,0.12,0.00,R
49.601,22,35,29,15,41,0.16,-3.70,9.25,-0.01,0.02,-0.02,-2.70,-0.17,9.46,0.01,0.04,0.00,-0.98,1.56,9.69,-0.02,0.01,-0.00,-0.92,0.98,9.75,-0.01,0.00,-0.00,-0.66,6.73,7.20,-0.00,0.02,-0.01,0.28,-0.16,0.96,0.61,-0.18,-0.06,R
49.652,22,34,28,16,41,0.13,-3.59,9.26,0.02,0.01,-0.00,-2.70,-0.17,9.53,-0.00,0.02,0.00,-0.91,1.48,9.66,-0.04,0.00,0.00,-0.91,0.91,9.79,0.00,0.01,-0.00,-0.64,6.82,7.22,-0.00,0.02,-0.01,0.29,-0.16,0.95,0.24,0.00,0.00,R
49.703,24,35,27,16,40,0.11,-3.62,9.31,-0.01,0.02,-0.02,-2.68,-0.24,9.62,-0.00,0.02,0.00,-0.93,1.52,9.64,-0.03,0.01,0.00,-0.99,1.01,9.71,0.00,0.01,0.00,-0.63,6.73,7.27,0.01,0.02,-0.01,0.28,-0.16,0.96,0.92,0.06,0.12,R
49.754,24,36,30,16,42,0.06,-3.77,9.26,-0.01,0.01,0.01,-2.73,-0.10,9.51,0.01,0.03,0.00,-0.95,1.47,9.71,-0.05,0.01,0.00,-0.91,0.93,9.83,-0.02,0.01,0.00,-0.62,6.73,7.23,-0.00,0.02,-0.01,0.29,-0.16,0.96,0.55,-0.31,0.18,R
49.806,22,36,29,15,41,0.15,-3.92,9.21,-0.00,0.00,0.01,-2.64,-0.32,9.52,-0.02,0.03,-0.00,-0.93,1.44,9.68,-0.03,0.01,-0.00,-0.92,0.83,9.82,-0.01,0.01,0.01,-0.63,6.68,7.23,0.00,0.02,-0.00,0.28,-0.16,0.95,0.67,-0.12,0.18,R
49.856,21,36,28,15,41,0.10,-3.75,9.31,-0.00,0.01,0.01,-2.74,-0.16,9.51,-0.00,0.01,0.01,-0.96,1.47,9.69,-0.04,-0.00,0.00,-0.94,0.88,9.73,0.01,0.01,0.01,-0.61,6.88,7.18,0.01,0.02,-0.00,0.29,-0.16,0.95,0.79,0.43,0.37,R
49.907,23,36,30,16,42,0.14,-3.64,9.28,0.01,0.01,-0.01,-2.66,-0.21,9.50,-0.00,0.04,-0.00,-1.03,1.48,9.70,-0.02,0.01,-0.00,-1.01,0.98,9.77,-0.01,0.01,0.00,-0.61,6.77,7.24,-0.01,0.01,-0.01,0.29,-0.16,0.96,0.24,-0.49,0.00,R
49.958,22,35,26,17,40,0.12,-3.84,9.22,0.00,0.01,0.00,-2.68,-0.33,9.55,-0.01,0.02,0.00,-0.94,1.47,9.66,-0.01,0.01,0.01,-0.91,0.92,9.80,0.01,0.01,0.00,-0.58,6.86,7.24,0.01,0.01,-0.00,0.28,-0.16,0.95,0.73,0.18,0.24,R
50.01,22,35,28,15,40,0.10,-3.71,9.22,0.01,-0.00,0.00,-2.71,-0.23,9.49,-0.01,0.00,0.01,-0.97,1.55,9.66,-0.02,-0.01,-0.00,-0.89,0.95,9.79,-0.01,0.00,-0.01,-0.59,6.83,7.23,-0.00,0.02,-0.01,0.28,-0.16,0.95,0.98,-0.37,0.37,R
50.061,22,35,27,17,40,0.11,-3.59,9.27,-0.01,0.00,0.00,-2.64,-0.31,9.52,0.01,0.03,-0.00,-0.91,1.55,9.65,-0.01,0.01,-0.00,-0.89,0.84,9.73,0.00,0.02,-0.00,-0.61,6.81,7.20,0.02,0.03,-0.01,0.29,-0.16,0.96,-0.24,-0.18,-0.06,R
50.111,22,35,26,16,40,0.10,-3.77,9.28,-0.02,0.02,0.03,-2.69,-0.23,9.51,-0.03,-0.00,0.01,-0.99,1.46,9.65,-0.04,-0.01,0.00,-0.95,1.05,9.77,-0.03,0.01,0.00,-0.58,6.61,7.24,-0.00,0.03,0.00,0.28,-0.16,0.96,2.14,2.38,0.92,R
50.162,22,35,28,15,40,0.11,-3.71,9.32,0.06,0.04,0.00,-2.64,-0.11,9.49,0.04,0.04,0.01,-0.91,1.58,9.67,0.01,0.01,-0.01,-0.90,0.89,9.79,0.01,0.01,-0.01,-0.66,6.90,7.13,-0.00,0.02,-0.02,0.31,-0.16,0.95,0.67,0.85,-0.06,R
50.214,22,34,29,15,40,0.02,-3.68,9.24,-0.04,0.01,0.01,-2.69,-0.25,9.55,-0.02,0.01,-0.00,-0.99,1.45,9.67,-0.05,0.01,0.01,-0.91,1.00,9.78,-0.00,0.01,0.00,-0.59,6.79,7.33,0.02,0.02,-0.01,0.27,-0.16,0.96,0.98,1.40,0.61,R
50.265,22,36,28,14,40,0.13,-3.80,9.28,0.02,0.01,0.00,-2.67,-0.18,9.52,0.01,0.02,0.00,-0.96,1.43,9.69,-0.04,-0.00,0.01,-0.98,0.90,9.80,0.00,0.01,0.00,-0.64,6.74,7.20,0.03,0.03,-0.01,0.29,-0.16,0.96,1.59,0.73,0.85,R
50.317,24,35,28,18,41,0.16,-3.65,9.25,-0.01,0.01,0.01,-2.64,-0.18,9.50,0.02,0.04,0.01,-0.90,1.54,9.65,-0.00,0.01,0.00,-0.97,0.87,9.75,0.01,0.01,0.00,-0.66,6.86,7.22,0.01,0.03,-0.01,0.29,-0.16,0.96,0.18,-0.49,0.55,R
50.366,23,37,28,16,40,0.14,-3.75,9.30,-0.04,-0.02,-0.01,-2.64,-0.19,9.53,-0.02,0.06,-0.01,-0.92,1.62,9.63,-0.04,0.05,0.00,-0.93,0.97,9.79,0.00,0.00,-0.01,-0.59,6.85,7.29,-0.02,0.03,-0.03,0.27,-0.16,0.95,-1.95,-6.84,1.46,R
50.418,23,35,27,17,40,0.03,-4.26,9.09,-0.16,-0.09,0.11,-2.83,-0.22,9.40,-0.03,0.26,0.08,-1.24,1.77,9.55,-0.02,0.23,0.08,-0.92,1.00,9.62,0.11,-0.16,0.08,-0.83,6.87,7.49,-0.11,0.03,0.07,0.29,-0.16,0.97,-6.16,5.68,5.86,R
50.469,24,37,29,14,39,-0.03,-3.85,9.88,-0.47,-0.15,-0.01,-3.11,0.04,9.94,-0.19,0.25,-0.07,-1.34,1.92,9.99,0.08,0.39,-0.07,-1.05,1.55,9.56,0.50,0.05,0.00,-0.36,5.83,5.96,-0.89,-0.30,-0.11,0.30,-0.18,0.98,-17.09,-20.75,3.05,R
50.52,28,36,37,19,36,-0.47,-3.60,11.00,-0.40,-0.94,-0.04,-4.92,2.20,12.48,-0.33,-0.35,0.13,-2.36,5.68,12.92,-0.29,-0.40,0.41,-1.16,7.16,13.93,0.93,-0.60,0.56,-0.69,18.26,14.04,-0.18,-0.64,1.20,0.37,-0.22,1.00,-41.44,-23.99,24.54,R
50.571,35,35,34,19,33,-0.17,-3.24,10.99,-1.88,-1.76,0.53,-4.98,1.87,13.14,-2.17,-1.34,0.62,-2.57,4.49,12.73,-1.93,-1.42,1.43,-1.78,3.39,13.49,-2.02,-1.69,1.58,-0.73,9.84,9.36,-2.28,-1.03,2.67,0.34,-0.14,1.23,-66.77,-101.14,64.94,R
50.622,41,39,39,16,32,2.71,-8.10,11.56,-1.54,-2.25,0.33,-3.24,-3.80,14.17,-1.39,-1.56,0.77,-0.83,-2.45,14.90,-1.43,-1.56,1.33,0.02,-2.54,11.95,-0.83,-2.14,1.17,0.49,4.47,9.64,-0.84,-1.15,2.11,0.06,-0.02,1.10,-95.76,-65.43,62.13,R
50.673,42,46,40,14,30,3.17,-7.12,6.69,-0.50,-2.28,-0.76,-1.31,-5.48,9.83,-0.54,-2.59,-0.04,0.28,-3.71,10.64,-0.46,-2.63,0.40,0.71,-2.95,9.23,-0.53,-2.67,0.21,1.17,2.66,7.94,-0.80,-1.97,1.61,0.14,0.11,0.98,-120.36,-15.62,36.01,R
50.724,39,42,41,13,30,4.06,-5.98,2.96,-1.03,-1.57,-1.10,1.11,-4.36,5.93,-0.61,-2.26,-0.70,2.02,-4.10,6.18,-0.73,-2.37,-0.28,1.73,-5.09,5.05,-0.99,-2.41,-0.44,1.47,-1.56,7.59,-1.13,-2.36,0.82,0.02,0.19,0.85,-100.65,-23.99,1.16,R
50.775,37,45,43,11,30,4.90,-6.37,-1.89,-2.19,0.64,-1.61,4.39,-7.59,-0.04,-0.60,-1.07,-2.37,3.66,-8.46,0.68,-1.11,-1.38,-2.26,2.46,-8.61,-1.58,-1.17,-0.64,-2.58,1.07,-6.51,2.89,-1.09,-1.22,-2.63,-0.02,0.37,0.90,-54.14,-48.03,-80.69,R
50.826,32,40,37,8,29,3.25,-7.36,1.28,-2.40,4.48,-1.51,1.03,-6.07,-1.39,-0.09,2.39,-4.11,0.73,-3.32,-2.48,-0.56,2.12,-4.68,0.81,-0.49,-1.03,-0.97,3.56,-4.22,1.33,4.42,3.90,0.10,1.36,-6.11,-0.23,0.42,0.83,34.79,-33.57,-163.51,R
50.877,28,29,37,18,34,-0.07,-3.72,8.96,1.97,2.89,0.34,-5.04,5.54,6.67,1.01,5.10,-1.94,-3.92,8.09,7.31,-0.19,4.87,-2.62,-1.33,6.82,6.50,0.24,4.47,-1.84,1.34,8.25,-0.43,1.16,2.46,-3.75,-0.13,0.17,0.77,175.78,84.23,-105.65,R
50.928,27,23,41,20,36,-1.75,-1.05,12.88,2.74,2.53,1.74,-7.61,9.57,10.11,2.30,4.28,1.39,-6.02,12.15,9.37,2.05,4.86,0.66,-4.19,10.81,11.19,2.38,4.96,1.33,-0.96,13.93,0.59,2.70,4.77,-1.49,0.42,-0.05,0.84,148.86,168.76,19.96,R
50.979,25,23,45,24,40,-1.55,-2.95,15.39,3.61,-0.30,3.48,-10.27,8.56,14.48,2.27,3.09,4.37,-9.10,14.41,19.49,2.01,3.80,3.94,-5.95,10.08,21.51,2.36,1.92,4.27,-3.01,17.14,6.29,3.37,3.15,2.87,0.39,-0.06,0.59,160.77,185.91,135.13,R
51.03,28,20,49,19,35,2.63,-7.04,13.52,4.78,-2.59,2.32,-8.65,-1.70,17.13,1.76,0.22,5.92,-6.10,-1.30,18.79,2.41,0.21,5.26,-3.78,0.11,19.50,3.87,-0.96,4.30,-3.06,14.58,16.65,3.49,0.89,4.01,1.02,-0.12,0.75,2.87,189.21,187.32,R
51.081,32,56,48,14,29,2.76,-1.07,-0.73,0.33,-3.18,0.68,-1.09,-7.81,7.03,-2.41,-3.50,1.34,-1.24,-6.50,8.07,-2.05,-3.61,1.43,-1.24,-3.11,9.62,-3.23,-3.58,1.22,-1.08,4.34,9.00,-4.08,-1.79,2.76,0.91,0.07,1.08,-92.47,-146.18,68.18,R
51.132,36,38,49,12,30,4.73,-7.30,4.86,-4.10,-1.27,0.06,0.14,-3.97,5.83,-3.75,-1.78,-1.51,0.60,-2.62,5.98,-3.35,-1.99,-0.71,0.58,-2.89,5.47,-3.01,-1.70,-0.52,-0.17,1.36,6.23,-2.77,-1.38,0.34,-0.17,0.18,0.93,-54.50,-199.95,-32.59,R
51.183,32,39,46,11,29,2.15,-6.24,8.21,-2.35,0.43,-0.85,-1.09,-2.05,7.31,-1.57,-0.89,-2.06,-0.14,0.85,6.78,-1.72,-1.10,-1.62,0.94,1.64,7.15,-1.85,-0.70,-1.38,1.69,5.97,5.49,-2.03,-0.91,-0.76,0.24,0.04,0.93,-29.66,-109.07,-65.92,R
51.234,33,39,43,12,30,1.57,-3.65,8.06,-1.72,0.85,-0.45,-1.66,0.91,6.32,-1.37,0.46,-1.43,-0.30,2.92,5.73,-1.38,0.31,-1.18,0.84,2.91,6.42,-1.37,0.48,-0.82,1.87,6.00,3.90,-1.04,0.24,-0.98,0.22,0.06,0.97,10.07,-63.11,-53.53,R
51.285,32,39,43,14,30,2.02,-4.69,11.09,-0.42,0.74,0.04,-2.49,0.99,10.74,-0.15,0.63,-0.23,-0.35,2.55,10.33,-0.25,0.56,-0.21,0.99,1.39,9.62,0.01,0.46,-0.19,1.53,5.84,6.57,0.25,0.23,-0.42,0.17,0.03,0.91,24.23,3.11,-19.96,R
51.336,32,35,44,10,29,2.04,-3.39,6.80,-0.02,0.67,-0.01,-1.32,0.15,7.69,-0.10,0.55,-0.27,-0.03,2.00,8.45,-0.41,0.52,-0.37,1.13,2.12,8.92,-0.56,0.62,-0.26,2.02,6.82,6.49,-0.60,0.51,-0.58,0.32,0.07,1.00,26.25,-21.61,-21.42,R
51.387,31,38,44,10,29,2.72,-5.80,10.75,0.18,0.64,0.19,-2.68,-0.85,12.45,0.16,0.62,0.02,-0.55,1.51,11.29,0.42,0.53,-0.10,0.82,1.70,10.63,0.66,0.58,-0.14,1.55,7.27,7.59,0.86,0.28,-0.40,0.19,0.01,0.97,32.53,25.27,-11.47,R
51.437,32,37,43,11,29,1.26,-2.95,6.81,0.41,0.53,0.13,-1.71,0.28,7.96,0.04,0.39,0.10,-0.59,1.90,8.46,-0.13,0.32,-0.00,0.43,1.56,8.52,-0.26,0.63,0.00,0.98,6.27,6.72,-0.40,0.60,-0.41,0.32,0.00,0.99,32.29,-4.76,-6.65,R
51.488,31,36,43,10,29,1.46,-5.77,11.27,0.63,0.53,0.38,-3.22,-0.54,11.54,0.48,0.73,0.29,-1.27,1.96,10.68,0.82,0.73,0.09,0.02,1.80,10.29,1.08,0.84,0.08,0.68,7.82,7.53,1.35,0.65,-0.42,0.14,-0.07,0.95,46.45,37.35,-1.59,R
51.539,32,46,41,11,29,1.10,-3.28,7.12,0.79,0.27,0.17,-2.39,-0.09,8.53,0.32,0.30,0.35,-1.07,1.65,9.03,0.16,0.33,0.18,-0.15,1.59,9.46,-0.02,0.50,0.12,0.46,7.01,6.94,-0.24,0.55,-0.21,0.40,-0.06,1.01,24.35,15.99,4.88,R
51.59,32,36,41,11,29,1.35,-4.94,10.53,0.33,0.44,0.49,-3.15,-0.94,10.84,0.31,0.48,0.38,-1.20,0.90,10.44,0.50,0.43,0.21,-0.46,0.89,9.92,0.89,0.72,0.10,-0.04,7.18,7.65,1.18,0.70,-0.47,0.18,-0.09,0.94,44.13,20.14,1.77,R
51.642,29,36,37,10,28,0.81,-3.26,7.77,0.88,0.23,0.11,-2.93,0.17,8.99,0.33,0.24,0.32,-1.38,1.82,9.99,0.12,0.18,0.19,-0.65,1.37,10.57,-0.00,0.31,0.12,-0.17,7.21,7.78,-0.25,0.33,-0.10,0.43,-0.13,0.99,21.12,2.08,2.50,R
51.693,31,34,39,11,28,0.98,-4.95,10.59,0.40,0.29,0.15,-3.52,-1.36,10.83,-0.21,0.14,0.14,-1.63,0.85,11.38,-0.13,0.01,0.05,-1.08,1.11,12.57,0.02,0.36,-0.04,-0.43,9.54,10.67,-0.02,0.36,-0.32,0.28,-0.20,1.10,17.46,-2.14,-8.30,R
51.744,30,34,37,11,29,0.21,-3.22,10.21,0.11,0.08,-0.23,-3.60,0.30,9.63,-0.25,-0.55,-0.12,-1.31,2.88,6.59,0.16,-0.69,0.01,-0.76,2.94,7.72,0.09,-0.02,0.01,-0.24,7.11,5.91,-0.26,0.11,-0.02,0.26,-0.12,0.93,-2.26,-4.70,1.77,R
51.794,28,31,36,14,30,0.52,-2.27,7.38,0.26,0.29,0.13,-2.48,0.09,7.09,0.08,0.32,0.15,-1.61,2.69,11.63,-0.64,0.30,-0.04,-0.02,1.00,9.77,-0.96,-0.37,-0.01,-0.89,6.61,8.49,-0.62,0.06,0.05,0.40,-0.18,0.89,7.39,-10.99,-4.64,R
51.846,26,31,34,11,29,0.10,-2.85,8.67,-0.50,0.26,-0.11,-2.81,-0.10,8.94,-0.17,-0.06,-0.15,-0.98,1.70,9.63,-0.13,-0.15,-0.06,-0.33,1.13,9.64,-0.21,-0.02,-0.03,-0.18,6.34,7.35,-0.06,0.10,0.01,0.15,-0.03,1.04,5.55,-1.34,-1.83,R
51.897,24,34,30,9,31,0.46,-4.21,9.02,-0.21,0.28,0.18,-2.95,-0.27,9.45,0.05,-0.09,0.03,-1.24,1.69,9.70,-0.04,-0.12,0.01,-1.00,1.30,9.84,-0.05,0.01,-0.00,-0.68,7.03,7.26,0.00,0.08,-0.00,0.30,-0.17,0.91,3.11,2.08,-1.53,R
51.947,26,34,34,11,32,0.09,-3.85,9.25,-0.21,0.06,0.02,-2.92,-0.24,9.36,-0.02,-0.06,-0.07,-1.01,2.02,9.57,-0.13,-0.13,-0.04,-0.55,0.96,9.68,-0.21,-0.04,-0.00,-0.39,6.49,7.37,-0.08,0.04,0.03,0.24,-0.13,0.99,4.03,-6.59,-0.12,R
51.998,25,35,32,10,32,0.20,-4.05,9.14,0.05,0.03,0.04,-2.86,-0.30,9.47,0.06,-0.02,0.02,-1.07,1.64,9.70,0.02,-0.00,0.01,-0.78,1.13,9.80,-0.03,0.03,0.01,-0.45,6.75,7.33,0.06,0.03,0.02,0.29,-0.15,0.95,1.28,6.96,0.06,R
52.05,25,35,33,11,33,0.21,-4.02,9.41,-0.10,0.01,0.03,-2.72,-0.18,9.54,-0.06,0.01,0.00,-0.91,1.56,9.60,-0.08,-0.01,0.00,-0.66,1.21,9.70,-0.04,0.05,-0.00,-0.42,6.77,7.22,0.03,0.06,-0.01,0.26,-0.15,0.96,0.49,-2.08,-0.37,R
52.1,25,35,33,11,32,0.35,-4.41,9.07,0.00,0.03,0.04,-2.81,-0.43,9.56,-0.01,0.00,0.02,-1.00,1.49,9.69,-0.06,0.01,0.02,-0.73,1.13,9.76,-0.01,0.05,0.00,-0.51,6.79,7.30,0.07,0.04,0.00,0.29,-0.16,0.95,2.62,2.81,0.24,R
52.151,26,36,32,11,33,0.17,-3.97,9.07,-0.09,0.05,0.00,-2.72,-0.39,9.58,-0.04,0.04,-0.01,-0.98,1.41,9.69,-0.06,0.02,-0.01,-0.64,1.14,9.83,-0.02,0.06,-0.01,-0.41,6.75,7.28,0.00,0.02,-0.02,0.27,-0.15,0.96,-0.06,-1.46,-0.49,R
52.203,24,36,33,11,34,0.28,-4.10,9.11,0.03,0.01,0.01,-2.80,-0.31,9.46,0.00,0.02,0.01,-0.99,1.53,9.61,-0.01,0.02,0.00,-0.73,1.17,9.75,0.01,0.04,0.00,-0.45,6.74,7.28,0.05,0.04,-0.01,0.29,-0.15,0.95,0.31,2.81,-0.12,R
52.253,26,38,39,11,34,0.23,-4.32,9.20,-0.06,0.03,0.01,-2.82,-0.26,9.54,-0.04,0.02,-0.00,-1.03,1.55,9.58,-0.04,0.01,0.01,-0.76,1.08,9.72,0.00,0.07,-0.01,-0.45,6.76,7.21,0.03,0.04,-0.02,0.28,-0.15,0.96,0.18,-0.06,0.06,R
52.305,26,35,30,11,34,0.12,-3.85,9.17,-0.01,0.01,0.02,-2.78,-0.37,9.47,0.00,0.01,0.01,-1.07,1.42,9.69,-0.10,0.04,0.02,-0.82,1.11,9.68,0.02,0.12,0.00,-0.49,6.82,7.23,0.10,0.05,-0.03,0.29,-0.15,0.96,0.06,2.26,0.79,R
52.355,26,35,34,11,34,0.17,-4.00,9.11,-0.01,0.02,0.02,-2.79,-0.36,9.49,-0.01,0.04,0.01,-1.09,1.50,9.70,-0.03,0.02,0.01,-0.86,1.19,9.69,-0.01,0.05,0.01,-0.50,6.80,7.20,0.05,0.03,-0.01,0.29,-0.15,0.96,0.37,1.95,-0.12,R
52.407,27,36,33,13,34,0.07,-4.06,9.20,-0.01,0.02,0.01,-2.80,-0.32,9.47,-0.03,0.02,0.01,-0.99,1.50,9.69,-0.05,0.06,0.01,-0.90,1.11,9.71,-0.03,0.04,0.01,-0.52,6.88,7.19,0.05,0.04,-0.01,0.28,-0.15,0.95,0.98,1.34,0.49,R
52.458,24,34,29,11,34,0.16,-4.01,9.21,0.02,0.01,0.02,-2.82,-0.42,9.54,0.01,0.02,0.02,-1.03,1.52,9.66,-0.05,0.02,0.02,-0.86,1.19,9.79,-0.03,0.02,0.02,-0.48,6.89,7.18,0.05,0.03,-0.01,0.30,-0.15,0.96,0.55,1.34,0.12,R
52.508,25,36,32,12,34,-0.04,-4.29,10.18,0.62,-0.25,-0.01,-2.85,-0.36,9.44,-0.01,0.01,0.01,-1.09,1.50,9.67,-0.07,0.00,0.02,-0.83,1.13,9.73,-0.14,-0.03,0.08,-0.50,6.83,7.16,0.05,0.06,0.02,0.28,-0.15,0.96,1.53,3.60,1.40,R
52.559,26,35,29,11,34,1.01,-3.03,8.46,0.11,-0.18,0.09,-3.09,-0.02,9.51,0.05,-0.01,-0.03,-1.07,1.53,9.70,-0.01,-0.03,0.01,-0.76,0.97,9.73,-0.04,-0.01,0.03,-0.54,6.90,7.10,0.02,0.02,0.01,0.32,-0.15,0.95,2.75,4.88,0.85,R
52.61,24,36,32,11,34,0.25,-3.74,9.47,-0.06,0.05,-0.01,-2.82,-0.24,9.49,-0.03,0.02,-0.02,-1.12,1.48,9.63,-0.01,-0.02,-0.02,-0.81,1.02,9.73,-0.05,-0.01,0.00,-0.48,6.85,7.16,-0.04,0.03,-0.01,0.29,-0.16,0.95,0.49,-2.38,-0.18,R
52.661,26,34,30,11,35,0.35,-3.67,9.30,0.14,-0.07,0.00,-2.77,-0.26,9.51,0.03,0.02,0.02,-0.97,1.49,9.65,0.01,-0.00,0.01,-0.78,0.96,9.81,-0.01,-0.00,0.01,-0.47,6.86,7.16,0.01,0.02,0.02,0.30,-0.16,0.95,1.22,4.46,0.37,R
52.712,24,36,32,11,34,0.39,-3.50,9.23,-0.04,0.04,0.02,-2.75,-0.24,9.57,0.02,0.01,-0.02,-0.98,1.57,9.67,0.03,-0.01,-0.02,-0.80,1.06,9.84,0.00,0.01,-0.02,-0.44,6.85,7.16,-0.02,0.02,-0.02,0.32,-0.16,0.95,1.10,-0.85,-0.43,R
52.764,24,35,30,11,35,0.31,-3.97,9.24,-0.05,0.05,-0.02,-2.87,-0.24,9.46,-0.00,0.04,-0.01,-1.00,1.53,9.66,-0.01,0.01,-0.01,-0.79,0.96,9.73,0.00,0.01,0.00,-0.59,6.76,7.17,0.03,0.02,0.00,0.28,-0.16,0.95,1.16,1.16,-0.06,R
52.815,26,36,29,11,36,0.30,-3.35,9.17,0.01,0.02,-0.00,-2.72,-0.27,9.44,0.00,0.02,0.01,-0.92,1.46,9.64,-0.01,-0.00,-0.00,-0.77,1.04,9.77,-0.00,-0.00,-0.01,-0.54,6.83,7.12,-0.00,0.02,-0.02,0.32,-0.15,0.95,0.49,1.04,-0.49,R
52.866,24,35,29,11,33,0.29,-3.51,9.25,-0.02,0.04,-0.01,-2.82,-0.34,9.58,0.01,0.03,-0.00,-0.95,1.47,9.67,0.01,0.02,-0.00,-0.59,1.25,9.76,0.03,0.01,-0.01,-0.61,6.86,7.20,0.01,0.02,-0.01,0.31,-0.16,0.96,0.61,1.10,-0.18,R
52.916,24,36,30,11,34,0.13,-3.59,9.39,0.08,-0.03,-0.01,-2.69,-0.48,9.45,-0.05,-0.00,0.02,-0.95,1.49,9.65,0.04,-0.01,0.00,-0.72,0.91,9.73,0.00,0.01,0.01,-0.46,6.87,7.21,0.02,0.01,-0.00,0.31,-0.15,0.95,-0.79,0.49,1.16,R
52.968,25,35,32,12,34,0.36,-3.71,9.28,0.15,-0.04,-0.04,-2.78,-0.29,9.44,-0.02,0.04,0.01,-1.08,1.54,9.66,-0.01,0.00,0.01,-0.79,0.92,9.78,-0.00,0.00,0.01,-0.52,6.84,7.15,0.04,0.01,0.00,0.29,-0.15,0.95,0.31,0.85,0.12,R
53.019,24,36,28,11,32,0.36,-3.37,9.03,0.01,0.02,0.00,-2.80,-0.12,9.51,-0.05,0.03,-0.00,-0.93,1.53,9.69,-0.04,0.00,-0.01,-0.77,0.92,9.71,-0.02,0.01,-0.01,-0.45,6.86,7.25,-0.03,0.01,-0.03,0.31,-0.15,0.95,0.61,-1.59,-0.43,R
53.069,25,36,29,11,34,0.35,-3.66,9.43,-0.03,0.01,0.00,-2.82,-0.34,9.50,0.02,0.05,0.02,-1.05,1.58,9.62,-0.01,0.04,0.01,-0.84,1.09,9.77,0.03,0.03,0.01,-0.47,6.96,7.09,0.03,0.01,-0.00,0.32,-0.16,0.95,-0.67,2.44,-0.37,R
53.12,23,37,32,13,34,0.35,-3.49,9.28,-0.03,0.02,-0.01,-2.77,-0.22,9.48,-0.05,0.02,-0.01,-1.02,1.47,9.65,-0.05,0.01,-0.01,-0.79,0.99,9.81,-0.01,0.01,-0.01,-0.54,6.85,7.18,0.01,0.02,-0.01,0.29,-0.16,0.95,0.73,-1.34,-0.37,R
53.171,25,37,32,11,34,0.30,-3.60,9.36,0.00,0.02,0.00,-2.81,-0.24,9.51,0.01,0.04,0.01,-1.05,1.59,9.65,-0.00,0.00,0.00,-0.82,1.05,9.74,-0.01,0.01,0.01,-0.52,6.84,7.14,0.02,0.01,0.00,0.30,-0.15,0.95,0.24,0.85,0.06,R
53.222,23,37,30,7,34,0.44,-3.57,9.30,-0.01,0.02,-0.01,-2.77,-0.30,9.50,-0.01,0.03,0.01,-1.02,1.52,9.66,-0.03,0.03,0.01,-0.80,1.03,9.77,-0.00,0.01,-0.00,-0.49,6.97,7.13,0.00,0.01,-0.00,0.31,-0.15,0.95,-0.49,-0.18,0.00,R
53.274,25,37,32,11,35,0.28,-3.58,9.27,-0.02,0.04,0.01,-2.75,-0.20,9.44,-0.04,0.03,0.00,-1.02,1.49,9.65,-0.05,0.01,0.01,-0.80,0.99,9.77,-0.01,0.01,0.00,-0.53,7.01,7.10,0.00,0.01,-0.01,0.31,-0.15,0.95,0.24,0.24,-0.24,R
53.324,25,37,30,9,35,0.32,-3.76,9.47,-0.02,0.03,-0.01,-2.75,-0.32,9.50,-0.03,0.04,0.01,-1.09,1.58,9.74,-0.04,0.01,0.00,-0.79,0.97,9.76,-0.02,0.01,-0.00,-0.52,6.97,7.11,0.01,0.01,-0.02,0.30,-0.15,0.95,0.18,0.12,0.12,R
53.376,24,36,32,11,33,0.35,-3.66,9.28,-0.06,0.04,0.01,-2.85,-0.28,9.43,-0.04,0.02,0.00,-1.03,1.48,9.71,-0.03,0.01,0.00,-0.83,0.99,9.83,-0.02,0.01,0.00,-0.51,6.79,7.16,0.01,0.02,-0.01,0.30,-0.15,0.95,0.18,-0.49,0.00,R
53.427,25,37,29,13,35,0.26,-3.86,9.43,-0.04,0.04,-0.01,-2.81,-0.31,9.48,-0.03,0.02,-0.00,-1.01,1.47,9.65,-0.05,-0.00,0.00,-0.78,0.93,9.80,-0.04,0.01,-0.01,-0.57,6.81,7.17,-0.01,0.02,-0.02,0.30,-0.15,0.95,0.37,-1.40,-0.18,R
53.477,24,37,32,13,40,0.33,-3.70,9.25,-0.03,0.02,0.00,-2.83,-0.38,9.53,-0.04,0.03,0.00,-1.01,1.48,9.63,-0.04,0.00,0.01,-0.85,0.96,9.74,-0.01,0.01,0.01,-0.55,6.85,7.12,0.03,0.02,-0.01,0.30,-0.15,0.95,0.61,0.06,0.18,R
53.528,25,37,30,10,34,0.31,-3.74,9.19,-0.04,0.04,-0.01,-2.78,-0.34,9.50,-0.02,0.02,-0.00,-0.98,1.47,9.70,-0.05,-0.00,0.00,-0.79,0.97,9.78,-0.03,0.01,-0.01,-0.56,6.81,7.14,-0.02,0.01,-0.01,0.31,-0.15,0.96,0.49,-1.16,-0.18,R
53.579,24,37,32,11,34,0.23,-3.65,9.30,-0.04,0.03,0.00,-2.76,-0.31,9.50,-0.04,0.03,-0.00,-1.00,1.46,9.59,-0.02,0.00,-0.00,-0.79,1.00,9.72,0.01,0.01,-0.00,-0.49,6.87,7.10,-0.00,0.01,-0.01,0.29,-0.15,0.95,0.18,-0.49,0.00,R
53.632,26,37,43,12,35,0.29,-3.56,9.28,-0.02,0.01,-0.00,-2.76,-0.37,9.51,-0.01,0.01,0.01,-1.06,1.51,9.68,-0.04,0.00,0.01,-0.76,0.96,9.81,-0.01,0.01,0.00,-0.46,6.88,7.17,0.01,0.02,-0.01,0.30,-0.15,0.96,-0.06,-1.04,-0.06,R
53.681,25,36,33,12,34,0.28,-3.75,9.24,-0.04,0.03,0.00,-2.77,-0.27,9.51,-0.03,0.02,-0.00,-1.07,1.42,9.69,-0.03,0.00,-0.01,-0.84,1.08,9.74,-0.02,0.01,-0.00,-0.53,6.81,7.19,-0.00,0.02,-0.02,0.30,-0.15,0.95,0.61,-0.67,0.06,R
53.733,25,37,32,12,35,0.23,-3.63,9.20,-0.01,0.02,-0.01,-2.74,-0.36,9.50,-0.01,0.03,0.00,-0.98,1.43,9.64,-0.05,0.01,0.01,-0.78,0.99,9.77,-0.01,0.02,-0.00,-0.46,6.93,7.18,0.02,0.01,-0.01,0.30,-0.15,0.96,0.00,0.00,0.24,R
53.784,24,36,29,11,34,0.28,-3.61,9.30,-0.02,0.03,0.00,-2.81,-0.33,9.47,-0.01,0.04,-0.01,-1.04,1.47,9.66,-0.03,0.02,-0.01,-0.79,0.91,9.75,-0.01,0.01,-0.01,-0.49,6.78,7.18,-0.01,0.02,-0.02,0.30,-0.15,0.95,0.49,-0.79,0.00,R
53.835,25,35,30,12,34,0.30,-4.16,9.32,-0.03,0.02,-0.01,-2.76,-0.49,9.48,-0.03,0.03,-0.01,-1.00,1.47,9.68,-0.03,0.01,-0.01,-0.78,0.98,9.83,-0.02,0.01,-0.01,-0.46,6.82,7.22,-0.01,0.01,-0.01,0.30,-0.15,0.96,0.79,-0.49,0.18,R
53.886,24,37,30,11,33,0.34,-3.96,9.17,-0.03,0.01,0.00,-2.82,-0.41,9.51,0.01,0.03,0.00,-1.00,1.57,9.58,-0.01,0.01,-0.00,-0.84,0.99,9.79,-0.02,-0.00,0.00,-0.50,6.85,7.16,-0.01,0.02,-0.01,0.30,-0.15,0.95,0.00,-0.61,0.00,R
53.937,23,37,30,11,34,0.25,-3.86,9.29,-0.02,0.02,-0.00,-2.79,-0.40,9.49,-0.01,0.03,-0.01,-0.94,1.45,9.66,-0.02,0.01,-0.01,-0.81,0.98,9.81,-0.00,0.02,-0.01,-0.52,6.76,7.21,0.00,0.02,-0.01,0.29,-0.15,0.95,0.37,-0.61,0.18,R
53.988,26,38,30,12,35,0.23,-3.73,9.27,-0.01,0.02,-0.01,-2.85,-0.35,9.54,0.00,0.03,-0.01,-1.06,1.46,9.64,-0.03,0.00,0.00,-0.81,0.97,9.78,-0.01,0.02,-0.01,-0.52,6.81,7.20,0.01,0.02,-0.01,0.30,-0.15,0.95,0.67,-0.55,-0.06,R
54.039,25,36,30,12,34,0.31,-4.00,9.20,-0.01,0.02,-0.01,-2.77,-0.32,9.46,-0.00,0.03,0.00,-1.06,1.51,9.62,-0.02,-0.00,-0.01,-0.80,0.93,9.78,-0.02,0.01,-0.01,-0.50,6.86,7.19,-0.00,0.02,-0.02,0.30,-0.15,0.95,0.43,-0.73,0.12,R
54.09,26,36,30,12,35,0.25,-3.91,9.20,-0.00,0.01,-0.01,-2.72,-0.50,9.50,-0.01,0.04,0.01,-1.13,1.40,9.62,-0.01,0.03,-0.00,-0.86,1.15,9.79,-0.00,0.01,0.00,-0.48,6.66,7.26,-0.01,0.02,-0.01,0.30,-0.15,0.95,0.12,0.73,0.06,R
54.141,24,35,32,14,34,0.26,-3.88,9.17,-0.01,0.00,-0.00,-2.86,-0.35,9.50,-0.01,0.03,-0.01,-1.01,1.50,9.65,-0.02,0.01,-0.00,-0.81,0.93,9.72,-0.02,0.01,0.00,-0.53,6.89,7.16,0.02,0.01,-0.01,0.29,-0.15,0.95,0.79,-0.98,0.00,R
54.193,23,35,29,11,33,0.22,-3.65,9.27,0.00,0.00,-0.01,-2.84,-0.41,9.44,-0.00,0.02,0.00,-1.05,1.40,9.71,-0.03,0.01,0.01,-0.81,0.90,9.77,0.00,0.02,-0.01,-0.55,6.94,7.15,0.00,0.02,-0.01,0.31,-0.14,0.95,0.24,-0.24,0.18,R
54.243,26,37,30,13,34,0.25,-3.79,9.25,-0.01,0.02,0.01,-2.85,-0.39,9.45,-0.01,0.03,-0.01,-1.02,1.46,9.71,-0.02,0.00,-0.00,-0.85,0.88,9.73,0.01,0.01,0.00,-0.47,6.80,7.24,0.00,0.02,-0.00,0.29,-0.15,0.95,0.67,-0.24,0.06,R
54.294,24,36,30,13,34,0.28,-3.77,9.21,0.01,0.01,0.00,-2.85,-0.32,9.51,-0.00,0.02,0.00,-1.08,1.49,9.63,-0.02,-0.01,0.00,-0.78,1.02,9.77,-0.02,0.00,0.00,-0.52,6.73,7.21,-0.02,0.01,-0.01,0.30,-0.15,0.95,0.67,-0.49,0.12,R
54.344,24,36,28,11,34,0.25,-3.81,9.25,-0.03,0.01,0.01,-2.82,-0.38,9.43,-0.00,0.02,0.01,-1.11,1.47,9.61,-0.02,0.01,0.00,-0.83,0.91,9.74,0.00,0.02,0.00,-0.53,6.84,7.13,0.01,0.02,-0.01,0.30,-0.15,0.95,0.12,0.49,0.00,R
54.396,24,36,30,11,33,0.30,-3.92,9.32,-0.02,0.01,0.00,-2.78,-0.29,9.52,-0.02,0.02,-0.00,-1.04,1.47,9.62,-0.04,0.01,-0.00,-0.86,1.08,9.85,-0.01,0.02,0.00,-0.51,6.82,7.21,0.01,0.02,0.00,0.29,-0.15,0.95,0.67,-0.61,0.31,R
54.447,23,36,30,11,34,0.32,-3.73,9.17,-0.01,0.02,-0.01,-2.82,-0.30,9.48,0.00,0.02,0.00,-0.98,1.54,9.63,-0.02,0.00,-0.00,-0.80,1.03,9.79,-0.02,0.01,-0.01,-0.52,6.89,7.18,-0.01,0.02,-0.01,0.30,-0.14,0.96,0.61,-0.24,0.00,R
54.498,25,36,33,12,34,0.22,-3.90,9.28,-0.01,0.01,0.00,-2.80,-0.43,9.45,0.00,0.03,0.01,-1.08,1.55,9.64,-0.03,0.01,0.01,-0.85,0.98,9.81,0.01,0.02,-0.00,-0.53,6.79,7.12,0.02,0.02,-0.01,0.29,-0.15,0.95,0.37,0.18,0.06,R
54.549,25,36,33,12,35,0.30,-3.84,9.21,0.01,0.01,0.00,-2.86,-0.34,9.49,-0.01,0.02,-0.00,-1.02,1.50,9.64,-0.03,-0.00,0.00,-0.80,0.92,9.78,-0.01,0.00,0.00,-0.50,6.79,7.23,0.00,0.02,-0.01,0.29,-0.15,0.95,1.10,-0.43,0.24,R
54.599,24,35,30,11,34,0.28,-3.91,9.27,0.00,0.01,-0.01,-2.92,-0.31,9.44,0.00,0.03,0.00,-1.05,1.48,9.64,-0.03,0.00,-0.00,-0.79,0.99,9.73,-0.02,0.01,-0.01,-0.51,6.74,7.18,-0.02,0.02,-0.01,0.31,-0.15,0.96,0.55,-0.49,0.06,R
54.651,25,36,32,12,34,0.28,-3.79,9.22,-0.00,0.01,-0.00,-2.78,-0.35,9.50,-0.00,0.02,0.01,-1.03,1.41,9.62,-0.03,0.01,0.01,-0.77,0.99,9.78,-0.00,0.02,0.01,-0.52,6.91,7.16,0.01,0.02,-0.01,0.30,-0.15,0.95,0.24,0.31,0.06,R
54.701,25,36,29,13,34,0.31,-3.80,9.26,0.01,0.01,0.00,-2.85,-0.33,9.51,-0.02,0.02,0.00,-1.00,1.43,9.62,-0.04,0.00,-0.00,-0.84,0.89,9.73,-0.01,0.01,-0.00,-0.54,6.85,7.17,0.02,0.02,-0.02,0.30,-0.14,0.95,1.28,-0.61,0.49,R
54.753,24,36,30,12,33,0.25,-3.97,9.19,-0.01,0.02,-0.01,-2.85,-0.40,9.44,-0.00,0.04,0.01,-1.05,1.45,9.65,-0.02,0.01,0.01,-0.79,0.95,9.75,0.02,0.03,0.01,-0.54,6.89,7.08,0.03,0.04,-0.01,0.29,-0.15,0.96,0.18,0.79,0.73,R
54.803,23,37,29,11,34,0.21,-3.77,9.18,-0.02,0.02,0.02,-2.75,-0.36,9.52,-0.02,0.01,0.00,-1.07,1.45,9.65,-0.03,0.01,0.00,-0.79,0.96,9.82,-0.01,0.01,0.00,-0.47,6.90,7.16,0.01,0.03,-0.02,0.30,-0.14,0.96,1.40,-0.98,0.85,R
54.854,26,36,32,11,34,0.28,-3.96,9.28,-0.01,0.01,0.01,-2.81,-0.31,9.48,0.01,0.04,0.01,-1.14,1.46,9.62,-0.02,0.03,0.01,-0.78,0.99,9.76,0.03,0.03,0.00,-0.57,6.85,7.18,0.04,0.03,-0.01,0.29,-0.14,0.95,0.43,1.10,1.04,R
54.907,23,36,29,11,33,0.35,-3.95,9.27,-0.02,0.00,0.03,-2.85,-0.34,9.43,-0.01,0.04,0.00,-1.02,1.52,9.69,-0.03,0.02,-0.00,-0.79,0.94,9.73,0.02,0.02,-0.01,-0.54,6.82,7.20,0.01,0.04,-0.02,0.31,-0.15,0.95,1.04,-0.73,0.37,R
54.957,23,35,29,13,36,0.21,-3.92,9.26,-0.02,0.03,-0.01,-2.86,-0.35,9.46,0.00,0.04,-0.00,-1.04,1.43,9.69,-0.01,0.02,-0.00,-0.80,0.98,9.76,0.03,0.01,-0.00,-0.57,6.85,7.13,0.04,0.03,-0.01,0.28,-0.14,0.96,1.04,0.98,0.31,R
55.007,23,35,30,12,36,0.23,-3.87,9.25,0.01,0.01,0.02,-2.88,-0.29,9.47,-0.00,0.03,0.01,-1.02,1.47,9.64,-0.03,0.01,0.01,-0.86,1.01,9.74,0.02,0.01,-0.00,-0.57,6.92,7.16,-0.01,0.02,-0.02,0.31,-0.15,0.95,0.43,-0.24,0.06,R
55.059,23,35,29,11,34,0.20,-3.92,9.05,-0.04,0.03,0.01,-2.88,-0.34,9.50,-0.02,0.03,-0.00,-1.13,1.48,9.59,-0.01,0.01,-0.01,-0.88,1.07,9.76,0.00,0.02,-0.00,-0.58,6.68,7.18,0.01,0.02,-0.00,0.29,-0.15,0.95,0.61,-0.12,-0.12,R
55.11,24,18,28,12,35,0.16,-3.65,9.31,0.01,0.01,-0.01,-2.85,-0.20,9.45,-0.01,0.04,0.00,-1.02,1.44,9.66,-0.05,0.01,0.00,-0.86,1.05,9.75,-0.01,0.01,-0.01,-0.57,6.84,7.16,-0.01,0.02,-0.02,0.31,-0.14,0.95,0.92,-0.49,0.24,R
55.161,24,35,30,14,33,0.21,-3.91,9.16,-0.03,0.02,0.01,-2.83,-0.33,9.48,-0.01,0.03,0.00,-1.05,1.50,9.69,-0.02,0.01,0.00,-0.85,1.06,9.77,0.02,0.01,0.00,-0.58,6.94,7.15,0.02,0.02,-0.02,0.30,-0.15,0.95,0.79,0.43,-0.18,R
55.212,26,37,30,13,34,0.19,-4.01,9.18,0.01,0.01,0.00,-2.90,-0.41,9.49,-0.02,0.02,-0.00,-1.08,1.59,9.68,-0.02,0.01,-0.00,-0.87,1.08,9.77,-0.01,0.02,0.01,-0.52,6.85,7.14,0.02,0.03,-0.01,0.30,-0.15,0.95,1.40,0.61,0.18,R
55.262,25,34,32,13,36,0.25,-3.85,9.16,0.01,0.01,0.00,-2.85,-0.34,9.44,-0.01,0.03,0.01,-1.07,1.45,9.66,-0.03,0.01,0.01,-0.80,1.01,9.80,0.01,0.02,-0.00,-0.52,6.91,7.21,0.02,0.02,-0.01,0.30,-0.14,0.95,0.55,0.37,0.43,R
55.313,23,35,30,12,36,0.24,-3.92,9.22,0.01,0.02,-0.00,-2.90,-0.45,9.53,0.00,0.04,0.01,-1.03,1.47,9.63,-0.01,0.01,0.00,-0.82,1.07,9.72,-0.00,0.01,-0.00,-0.57,6.92,7.09,0.02,0.02,-0.01,0.30,-0.14,0.96,0.61,0.00,0.06,R
55.364,24,35,29,12,35,0.24,-3.89,9.17,0.00,0.02,0.01,-2.87,-0.36,9.50,-0.00,0.03,0.01,-1.06,1.53,9.67,-0.01,0.02,0.00,-0.87,1.08,9.74,0.02,0.01,0.00,-0.59,6.89,7.07,0.03,0.01,-0.01,0.30,-0.15,0.95,0.92,1.16,-0.55,R
55.415,23,35,30,12,36,0.20,-3.77,9.14,-0.03,0.04,-0.02,-2.87,-0.25,9.44,-0.00,0.04,-0.01,-1.13,1.64,9.64,-0.04,0.00,-0.01,-0.80,0.94,9.75,-0.02,0.02,-0.02,-0.55,6.93,7.08,0.00,0.02,-0.04,0.30,-0.14,0.96,1.28,-2.32,-0.92,R
55.466,24,35,32,11,35,0.14,-4.08,9.19,-0.02,0.01,0.00,-2.97,-0.31,9.39,-0.00,0.03,0.00,-1.10,1.47,9.62,-0.02,0.01,0.01,-0.91,1.13,9.78,0.02,0.02,0.00,-0.57,6.89,7.15,0.03,0.02,0.00,0.29,-0.15,0.95,0.37,1.40,0.24,R
55.518,24,36,28,12,34,0.31,-4.13,9.13,-0.02,0.01,0.02,-2.86,-0.32,9.44,-0.02,0.02,-0.01,-1.08,1.53,9.68,-0.03,0.00,-0.01,-0.83,1.08,9.74,-0.02,0.01,-0.01,-0.57,6.92,7.16,-0.00,0.03,-0.02,0.30,-0.15,0.96,1.46,-0.73,0.06,R
55.568,25,35,30,11,36,0.18,-3.89,9.16,-0.02,0.03,-0.01,-2.98,-0.34,9.47,-0.02,0.04,0.00,-1.08,1.49,9.64,-0.03,0.02,0.00,-0.91,1.07,9.78,0.02,0.02,-0.01,-0.59,6.99,7.08,0.02,0.02,-0.01,0.29,-0.15,0.95,-0.12,-0.55,-0.43,R
55.619,23,34,29,12,34,0.17,-3.86,9.21,-0.01,0.01,0.01,-2.92,-0.28,9.42,-0.03,0.01,0.00,-1.09,1.47,9.68,-0.04,0.01,0.01,-0.90,1.08,9.80,-0.01,0.01,0.00,-0.55,6.96,7.12,0.02,0.02,-0.00,0.30,-0.15,0.96,1.53,0.12,0.49,R
55.67,23,36,30,12,35,0.21,-3.91,9.27,0.01,0.02,-0.01,-2.90,-0.32,9.53,-0.01,0.04,-0.00,-1.13,1.56,9.61,-0.02,0.01,-0.00,-0.85,1.02,9.76,-0.00,0.01,-0.01,-0.62,6.91,7.16,-0.00,0.02,-0.02,0.30,-0.15,0.95,0.43,-1.10,-0.06,R
55.721,23,34,32,11,35,0.18,-4.15,9.14,-0.02,0.01,0.01,-2.92,-0.32,9.43,-0.01,0.02,-0.00,-1.13,1.44,9.60,-0.02,-0.01,-0.01,-0.87,1.03,9.74,-0.01,0.01,-0.01,-0.49,6.92,7.16,0.01,0.02,-0.02,0.29,-0.14,0.95,1.71,-0.12,0.49,R
55.772,23,37,30,14,37,0.24,-4.14,9.27,0.00,-0.01,0.02,-2.95,-0.39,9.47,0.02,0.04,0.01,-1.13,1.49,9.64,-0.00,0.02,0.01,-0.83,1.12,9.76,0.03,0.03,0.01,-0.52,6.84,7.17,0.05,0.04,-0.01,0.29,-0.15,0.96,0.37,0.73,0.55,R
55.824,24,36,29,12,35,0.07,-4.08,9.14,-0.03,-0.02,0.05,-2.91,-0.17,9.44,0.00,0.05,0.01,-1.15,1.62,9.65,-0.05,0.03,0.00,-0.83,1.17,9.77,-0.00,0.03,-0.01,-0.59,6.80,7.10,-0.01,0.05,-0.04,0.31,-0.15,0.96,0.55,-1.95,0.55,R
55.874,25,34,36,15,36,0.23,-4.17,9.11,-0.07,0.01,0.01,-2.96,-0.28,9.45,0.01,0.07,0.01,-1.19,1.52,9.64,-0.04,0.05,0.01,-0.91,1.06,9.75,0.04,0.05,-0.00,-0.68,6.95,7.13,0.06,0.05,-0.02,0.28,-0.15,0.95,-0.73,-0.92,0.55,R
55.925,24,36,30,14,37,0.36,-4.36,9.04,-0.09,0.02,-0.04,-2.98,-0.41,9.52,0.05,0.10,0.02,-1.15,1.55,9.65,0.02,0.11,0.02,-0.95,1.21,9.73,0.10,0.08,-0.00,-0.65,6.98,7.11,0.10,0.05,-0.05,0.31,-0.15,0.96,-2.81,0.00,-0.31,R
55.977,24,35,30,13,39,0.31,-4.20,9.28,-0.24,0.06,0.01,-2.93,-0.22,9.51,0.01,0.19,0.01,-1.22,1.64,9.68,-0.02,0.18,0.02,-0.92,1.14,9.74,0.17,0.14,-0.03,-0.52,6.91,7.09,0.25,0.08,-0.11,0.28,-0.13,0.98,-5.55,-5.43,0.00,R
56.027,25,36,30,15,48,0.09,-3.76,9.03,-0.07,0.14,0.14,-3.24,-0.26,9.34,0.05,0.24,0.06,-1.47,1.49,9.64,-0.03,0.27,0.06,-1.18,0.99,9.57,0.29,0.23,-0.04,-0.89,7.18,6.91,0.42,0.07,-0.13,0.28,-0.15,0.97,-4.76,-2.62,-0.73,R
56.078,24,35,32,15,55,-0.17,-4.39,9.00,-0.05,0.28,0.47,-3.11,-0.14,9.51,-0.09,0.40,0.11,-1.59,1.48,9.46,-0.16,0.61,0.05,-1.27,1.56,9.73,0.67,0.51,-0.14,-1.10,7.02,6.95,0.68,0.09,-0.38,0.29,-0.13,1.02,-2.62,-1.40,1.65,R
56.13,28,42,39,22,63,-0.51,-5.35,9.95,-0.27,0.40,0.32,-4.15,-0.29,8.99,-0.05,0.81,0.11,-2.34,1.33,9.76,-0.30,0.93,-0.03,-2.29,1.94,9.51,0.29,0.83,-0.25,-2.17,6.89,6.51,0.45,0.10,-0.96,0.34,-0.19,1.03,0.73,-3.30,1.53,R
56.181,29,49,60,31,63,-1.47,-4.25,9.82,-0.19,0.35,0.18,-5.05,-0.70,9.04,0.38,0.75,-0.05,-3.70,0.82,9.20,0.13,1.34,-0.22,-3.54,1.80,9.43,0.33,1.23,-0.47,-3.06,8.12,5.80,0.11,0.58,-1.59,0.32,-0.24,1.13,13.43,-0.73,-2.14,R
56.232,29,49,62,39,61,-2.48,-4.04,9.74,-0.22,0.65,0.05,-7.35,0.33,8.53,-0.18,1.84,-0.21,-5.64,2.29,9.96,-0.28,1.90,-0.48,-5.55,5.58,12.51,0.04,1.38,-0.35,-4.96,11.98,8.33,0.09,1.23,-1.19,0.37,-0.34,1.17,22.64,-5.68,-0.92,R
56.283,29,52,70,40,61,-3.22,-3.00,9.65,-0.29,0.64,0.56,-7.93,-0.17,9.72,-0.57,1.35,0.09,-6.32,1.32,9.62,-0.74,1.22,0.01,-5.41,2.48,8.61,-0.97,1.30,0.19,-4.42,7.60,3.89,-0.85,1.05,-0.39,0.36,-0.37,1.12,17.21,-0.43,15.38,R
56.334,27,50,72,40,62,-4.19,-3.87,8.48,-0.78,1.00,1.10,-8.11,0.40,4.90,-0.51,1.54,0.47,-6.68,1.56,5.42,-0.46,1.63,0.27,-6.07,1.74,4.65,-0.68,2.32,0.48,-5.88,4.51,2.51,-0.53,2.45,-1.04,0.29,-0.28,1.00,61.34,-8.12,28.32,R
56.384,25,51,72,41,69,-5.51,-2.45,7.99,-0.63,1.47,2.10,-8.60,1.29,3.81,-0.27,2.49,1.06,-7.82,1.91,4.92,-0.63,2.89,0.81,-7.28,2.63,6.05,-0.67,3.18,0.79,-6.95,5.83,3.08,-0.41,3.32,-1.49,0.17,-0.49,0.93,63.66,34.24,90.76,R
56.436,14,43,64,43,77,-4.77,-4.07,8.86,0.84,1.11,2.89,-9.19,0.92,6.60,-0.22,2.84,1.79,-7.96,1.99,7.11,-0.12,3.05,1.38,-7.47,2.77,7.03,0.21,3.48,1.30,-6.55,6.63,3.32,0.58,3.78,-1.15,0.24,-0.36,0.75,153.32,62.74,94.97,R
56.486,12,37,61,45,81,-4.88,-2.83,7.58,0.60,1.11,2.53,-9.08,2.20,4.58,-0.44,3.06,1.94,-8.26,3.57,4.29,-0.00,3.56,1.65,-8.31,4.67,4.63,0.04,4.81,1.83,-6.98,6.75,0.38,0.05,4.90,-0.82,0.28,-0.22,0.69,135.80,69.58,138.18,R
56.537,14,47,69,57,94,-4.51,-2.51,7.19,0.62,0.74,2.97,-8.45,1.82,4.61,-0.20,3.28,2.98,-8.31,2.25,5.51,-0.41,3.87,2.43,-8.16,2.62,4.22,-0.07,3.93,2.28,-7.37,5.30,1.21,0.57,4.70,-0.44,0.44,-0.15,0.56,159.00,90.15,137.57,R
56.589,17,53,79,65,102,-3.72,-2.04,6.48,1.01,0.06,3.62,-8.19,0.81,3.21,-1.13,2.27,2.74,-7.79,1.29,3.66,-1.11,2.83,2.44,-8.89,1.62,3.43,-0.56,3.68,2.06,-8.69,4.08,1.25,-0.51,3.83,-0.06,0.55,-0.23,0.59,158.45,62.50,128.17,R
56.639,20,63,87,73,106,-4.67,-3.22,7.71,0.63,-0.00,2.97,-9.69,0.26,4.65,-0.73,2.30,2.00,-9.78,0.57,6.10,-0.65,2.49,1.51,-10.33,2.11,4.54,-0.54,2.48,1.15,-9.82,5.73,0.96,-0.12,2.76,-0.66,0.71,-0.41,0.64,130.31,49.26,84.72,R
56.691,19,63,92,76,108,-5.48,-2.12,10.45,0.55,-0.51,2.22,-11.59,3.10,7.33,-0.71,0.63,1.15,-11.25,3.35,7.72,-0.60,0.96,0.80,-11.74,5.46,5.89,-0.42,1.21,0.45,-10.15,9.48,-0.23,-0.36,1.51,-0.62,0.92,-0.49,0.68,67.50,16.30,73.24,R
56.742,21,63,94,80,106,-6.34,-1.47,15.03,-0.49,-1.98,1.51,-13.50,8.34,8.50,-1.37,-1.68,1.15,-12.67,10.81,6.93,-0.32,0.04,1.37,-11.70,11.69,5.65,-0.14,-0.20,1.55,-9.66,12.90,-3.30,-0.73,0.91,2.09,0.79,-0.44,0.65,-39.49,2.62,133.24,R
56.793,19,68,112,83,107,-5.63,1.69,14.16,0.01,-3.68,0.68,-12.58,8.69,6.45,-0.82,-2.81,2.79,-13.11,10.14,5.88,-0.47,-1.92,3.56,-12.98,11.06,4.03,-0.28,-1.95,3.84,-9.81,12.06,-3.46,-0.59,0.44,4.68,1.11,-0.26,0.52,-121.09,37.48,172.67,R
56.844,17,84,121,87,108,-1.40,0.62,12.36,-0.18,-4.05,-0.86,-9.73,4.13,7.37,-0.71,-2.79,2.59,-10.15,5.05,7.53,-0.35,-2.57,3.33,-11.67,5.57,8.39,-0.41,-3.07,3.87,-12.49,9.67,4.53,-1.37,-2.04,5.81,1.26,-0.01,0.26,-260.13,-4.21,145.81,R
56.895,21,116,137,98,114,2.86,0.27,6.28,-2.28,-3.90,-4.32,-9.41,-1.01,9.13,-1.82,-5.31,-1.33,-14.25,-0.25,13.64,-2.05,-7.10,-0.71,-19.82,2.74,16.15,-2.39,-9.07,-0.30,-20.50,14.85,9.29,-3.72,-9.19,5.62,1.28,0.10,0.18,-402.22,-253.11,110.53,R
56.946,19,134,139,95,107,0.98,-3.98,3.54,-7.65,-4.53,-7.50,-15.73,6.12,4.61,-4.21,-9.59,-8.02,-20.94,9.91,0.13,-3.34,-11.96,-5.35,-22.18,13.70,-1.36,-4.70,-12.89,-4.25,-16.51,13.43,-10.99,-7.00,-11.15,3.50,0.56,0.31,0.12,-479.37,-611.15,9.95,R
56.997,26,128,130,87,104,-0.44,-4.18,13.68,-8.39,-5.64,-6.35,-10.75,14.18,3.70,-4.22,-9.98,-5.67,-9.71,17.93,-6.69,-4.09,-10.25,-2.04,-6.22,18.49,-10.95,-4.52,-10.47,-0.13,-0.07,6.61,-18.24,-4.65,-6.63,5.99,-0.92,0.76,0.22,-243.47,-399.41,147.09,R
57.048,39,129,133,94,111,3.57,-2.21,5.76,-3.21,-3.85,-3.06,5.70,6.31,-1.88,-2.74,-4.18,0.68,6.52,4.17,-6.83,-2.87,-3.79,2.78,7.04,-3.62,-6.47,-2.05,-2.27,3.80,5.46,-7.91,-3.48,-1.21,-0.42,5.15,-0.35,0.94,0.51,-155.64,-43.33,91.37,R
57.099,39,149,132,96,114,9.33,-0.05,0.18,0.37,-1.38,-0.96,6.48,-7.74,3.39,-0.35,-1.29,1.55,6.56,-8.16,4.63,-0.58,-1.04,1.22,4.72,-5.00,7.33,0.54,-1.02,1.01,5.01,0.02,7.54,0.49,-0.85,1.48,0.11,0.77,0.22,-52.12,19.23,24.11,R
57.15,44,151,134,98,116,9.19,-2.48,-3.58,-0.34,-0.45,-0.27,8.22,-1.48,2.10,-0.55,-0.79,-0.99,8.17,-0.38,1.65,-0.24,-0.88,-0.66,8.14,-0.22,1.33,-0.35,-0.77,-0.51,8.15,-0.83,0.87,-0.65,-0.66,0.00,-0.22,0.89,0.30,-14.65,-43.64,0.55,R
57.201,48,152,137,100,119,7.64,-1.95,1.16,-0.23,0.82,-0.08,6.99,-2.94,3.89,0.08,1.14,-0.29,7.06,-1.32,3.79,-0.00,0.43,-0.58,7.12,-0.97,3.01,-0.07,0.13,-0.71,6.97,0.49,3.57,0.16,-0.29,-0.82,-0.17,0.83,0.29,34.30,6.90,-36.80,R
57.251,45,150,135,98,116,7.72,-2.64,0.84,-0.11,1.28,0.33,6.43,-1.06,3.94,0.31,1.18,-0.54,6.50,0.62,3.10,0.30,1.69,-0.75,7.07,0.41,2.93,-0.24,1.40,-0.82,7.85,0.48,0.88,-0.03,0.90,-1.71,-0.15,0.84,0.36,58.47,-1.40,-46.33,R
57.303,45,150,137,95,115,7.60,-1.58,0.71,-0.09,1.89,0.80,6.07,-1.71,3.63,0.03,2.88,-0.11,5.87,-1.42,3.71,-0.13,2.64,-0.72,5.56,-1.08,2.73,0.25,2.91,-1.11,5.05,1.18,3.62,0.29,1.70,-3.00,-0.02,0.86,0.45,110.17,13.49,-75.38,R
57.354,42,146,139,92,112,6.82,-4.23,0.41,-0.53,3.20,1.30,4.49,-2.27,1.47,0.56,4.56,-0.47,2.39,-1.36,3.07,-0.33,4.58,-1.64,2.23,-1.87,3.65,-0.69,4.41,-2.22,2.08,-0.07,3.20,-0.29,2.64,-4.81,-0.00,0.85,0.54,174.38,-24.11,-119.32,R
57.405,39,140,136,90,112,2.28,-1.93,1.87,-0.83,4.48,2.77,-1.79,-2.18,4.17,-0.03,4.92,-1.15,-2.60,-1.79,3.65,-0.14,4.63,-2.17,-2.90,-0.49,3.83,-0.42,4.25,-3.10,-4.03,7.11,8.60,-1.45,0.73,-5.20,0.12,0.58,0.69,273.07,-27.77,-160.03,R
57.455,36,129,130,79,93,-2.43,-4.97,3.28,-0.79,5.35,3.55,-8.02,-2.38,2.96,-0.53,4.77,-1.58,-10.66,-2.11,7.89,-1.06,4.18,-3.11,-8.66,3.54,13.81,-1.66,3.53,-3.81,-2.01,13.32,7.02,-2.43,1.16,-5.20,0.29,0.31,0.59,324.28,-63.05,-170.78,R
57.507,31,118,120,70,69,-2.94,-12.04,15.87,-2.12,3.94,2.57,-12.77,2.03,18.12,-0.87,2.39,-1.34,-10.75,3.53,20.04,-1.51,0.92,-1.01,-5.95,5.05,18.36,-1.39,0.05,-0.72,-2.73,12.42,11.65,-1.28,0.35,-0.65,0.03,-0.24,0.87,231.45,-75.20,-66.28,R
57.558,31,111,105,56,62,-2.75,-11.10,14.05,0.28,0.89,0.37,-8.30,-3.49,11.53,0.05,0.68,0.14,-6.45,-1.95,10.52,0.36,0.30,0.22,-4.55,-0.94,10.61,0.59,0.36,0.20,-2.94,5.74,8.92,0.80,0.46,-0.24,0.17,-0.14,1.08,21.55,31.25,-31.37,R
57.609,30,108,104,53,59,-2.60,-5.84,3.98,1.10,0.21,-0.36,-6.42,-1.99,7.14,0.46,0.54,-0.04,-6.10,-0.30,9.62,0.53,0.20,-0.20,-4.41,0.13,10.66,0.27,0.10,-0.30,-3.26,7.13,8.98,0.06,0.00,-0.43,0.30,-0.11,1.07,30.76,16.30,-35.77,R
57.66,28,108,99,48,56,-3.67,-6.68,8.53,0.14,0.18,-0.09,-9.01,-1.40,8.60,-0.41,0.05,-0.64,-6.69,0.53,9.07,0.12,-0.47,-0.58,-5.74,2.85,10.82,-0.09,-0.37,-0.49,-3.45,8.75,7.75,-0.02,-0.27,-0.30,0.32,-0.32,1.14,31.56,-16.42,-25.02,R
57.71,30,107,91,46,55,-2.93,-7.42,11.97,0.58,-0.77,-0.12,-9.24,-0.52,12.25,0.42,-0.22,0.27,-7.26,2.41,13.79,0.65,-1.12,0.43,-4.33,2.64,11.43,0.86,-0.69,0.51,-2.56,7.89,8.03,1.00,0.03,0.63,0.10,-0.19,1.12,8.85,38.82,5.43,R
57.761,33,108,81,42,55,-2.04,-6.60,8.16,1.00,-0.61,-0.11,-5.54,-1.70,7.59,0.84,-1.36,0.41,-3.81,0.20,7.97,0.88,-1.26,0.33,-2.96,0.86,10.40,0.29,-0.73,0.24,-1.96,8.08,8.51,0.18,-0.29,0.36,0.46,-0.09,1.10,0.43,25.45,9.89,R
57.813,29,102,76,39,53,-0.82,-5.90,8.87,0.47,-0.30,-0.07,-5.55,-1.17,10.31,0.08,-0.34,-0.08,-3.87,0.79,11.09,0.18,-1.00,0.03,-1.98,1.66,10.30,0.25,-0.83,0.02,-1.39,7.81,7.85,0.35,-0.48,0.28,0.22,-0.12,0.99,1.28,7.39,-3.36,R
57.864,32,100,69,36,51,2.19,-5.52,10.18,0.79,-0.92,-0.26,-5.01,1.59,9.39,0.60,-1.32,0.08,-3.98,3.65,10.21,0.58,-1.16,0.37,-2.04,3.61,9.98,0.41,-0.77,0.37,-1.05,8.39,6.92,0.23,-0.30,0.77,0.28,-0.08,1.04,-4.27,20.87,14.95,R
57.914,34,97,56,32,51,-0.63,-5.78,9.78,0.99,-0.43,-0.01,-3.90,-1.26,9.04,0.64,-0.65,0.37,-2.30,-0.21,10.51,0.59,-0.58,0.32,-1.35,-0.13,9.26,0.75,-0.30,0.16,-0.70,6.16,7.36,0.94,0.01,-0.01,0.28,-0.07,1.00,6.16,38.27,7.57,R
57.966,33,93,59,30,48,-0.13,-4.34,7.88,1.04,-0.35,-0.14,-3.59,0.13,8.41,0.57,-0.61,-0.15,-2.14,1.81,9.53,0.37,-0.57,-0.08,-1.19,1.40,9.01,0.14,-0.14,-0.06,-0.62,6.18,6.14,0.14,0.04,-0.13,0.36,-0.08,1.00,1.10,18.49,-0.43,R
58.017,36,83,52,29,48,-0.04,-4.39,8.19,0.43,0.04,-0.02,-2.85,-0.74,7.69,0.03,-0.32,-0.22,-1.32,0.59,8.26,-0.08,-0.36,-0.20,-1.56,0.01,9.77,-0.29,0.24,-0.34,-1.17,5.47,7.65,-0.37,-0.14,-0.43,0.29,-0.09,0.95,16.85,3.60,-16.60,R
58.067,35,78,51,26,46,-1.33,-3.06,9.90,0.85,0.19,-0.47,-3.79,0.24,9.24,0.22,-0.32,-0.53,-2.52,3.36,7.95,0.30,-0.28,-0.58,-2.77,7.97,16.27,0.35,0.06,-0.29,0.12,2.30,4.43,-0.91,-0.19,0.83,0.34,-0.15,1.14,16.54,13.79,-21.85,R
58.118,33,68,47,26,46,-0.95,-2.11,9.91,0.37,0.03,0.08,-3.17,0.25,9.14,-0.28,-0.50,0.23,-0.83,2.93,6.77,-0.08,-0.28,0.28,-1.03,2.27,9.03,-0.68,-0.12,0.04,-0.24,7.21,6.39,-0.78,0.24,0.02,0.34,0.02,0.94,12.33,-3.48,8.12,R
58.17,32,57,45,20,45,0.49,-4.30,7.50,-0.12,0.44,0.48,-5.71,-1.26,15.35,-1.48,0.24,-0.08,-1.44,0.10,10.14,-1.02,-0.51,0.12,-1.26,1.36,10.29,-0.55,-0.09,0.09,-0.56,7.88,6.81,-0.43,0.19,0.10,0.38,-0.25,0.92,19.17,-5.19,-8.61,R
58.221,32,50,37,16,43,-0.64,-4.44,8.67,0.01,-0.02,-0.13,-3.08,-0.56,9.09,-0.18,-0.20,0.02,-1.17,1.44,9.70,-0.23,-0.33,0.14,-0.92,0.77,9.82,-0.42,-0.08,0.19,-0.52,6.55,7.33,0.04,0.21,0.23,0.26,-0.06,1.08,2.99,8.48,1.40,R
58.271,32,47,36,14,44,-0.14,-3.93,9.59,0.42,0.04,0.31,-2.76,-0.50,9.41,-0.19,-0.06,0.24,-1.05,1.36,9.73,-0.12,-0.08,0.24,-0.86,0.99,9.70,-0.18,0.04,0.25,-0.67,6.95,7.07,0.03,0.27,0.12,0.34,-0.11,0.90,13.49,5.98,-0.92,R
58.322,32,47,32,16,43,-0.42,-4.99,9.25,-0.02,-0.14,0.23,-2.82,-0.60,9.62,-0.38,-0.11,0.16,-1.20,0.92,9.74,-0.40,-0.10,0.24,-0.97,0.65,9.67,-0.28,-0.01,0.25,-0.57,7.00,6.99,-0.15,0.35,0.04,0.32,-0.14,0.96,7.32,-16.24,3.91,R
58.373,31,43,28,13,44,-0.15,-3.49,9.54,-0.02,-0.12,0.14,-2.94,-0.66,9.61,-0.12,0.10,0.21,-1.18,1.18,9.80,-0.04,0.06,0.23,-1.21,0.91,9.69,-0.02,0.04,0.26,-1.02,7.03,6.99,0.12,0.11,0.30,0.25,-0.14,0.88,-0.85,2.50,7.51,R
58.425,30,46,29,14,44,-0.09,-4.04,9.13,0.21,-0.08,0.08,-2.89,-0.81,9.54,-0.11,-0.01,0.16,-1.05,0.95,9.73,-0.01,-0.02,0.15,-1.01,0.80,9.81,-0.05,0.01,0.19,-0.82,7.25,6.91,0.04,0.06,0.21,0.37,-0.14,0.94,0.79,3.17,3.60,R
58.476,31,41,30,14,44,0.15,-3.29,9.59,-0.09,0.08,-0.19,-2.68,-0.69,9.46,0.03,0.11,-0.00,-1.00,1.10,9.62,0.04,0.04,-0.01,-0.96,0.59,9.84,-0.01,0.01,0.06,-0.58,6.92,6.98,0.02,0.00,0.09,0.31,-0.13,0.89,-15.26,-0.18,1.34,R
58.527,29,46,29,20,44,-1.09,-2.60,9.28,-0.01,0.12,-0.17,-3.13,-0.72,9.53,0.03,-0.11,-0.00,-1.08,0.79,9.74,0.08,-0.12,-0.00,-0.95,0.55,9.84,0.02,-0.03,0.05,-0.56,7.06,7.07,0.11,0.02,0.11,0.34,-0.08,1.05,-4.88,8.91,1.89,R
58.577,31,45,32,15,45,0.08,-4.00,9.26,0.26,0.06,-0.03,-2.85,-0.58,9.36,0.13,0.10,0.06,-1.01,1.26,9.67,0.09,0.04,0.02,-0.87,0.95,9.75,0.05,0.05,0.04,-0.53,6.95,6.95,0.07,0.03,0.04,0.38,-0.11,0.92,-1.83,8.24,0.18,R
58.63,29,43,28,13,44,-0.29,-4.35,9.42,0.06,0.00,0.05,-3.00,-0.45,9.49,-0.08,0.00,0.05,-1.05,1.27,9.66,-0.07,0.00,0.05,-0.88,0.84,9.71,-0.03,0.08,0.05,-0.49,7.02,6.87,0.08,0.09,0.03,0.33,-0.10,1.00,8.85,3.36,0.24,R
58.68,31,45,30,16,46,-0.07,-3.98,9.37,0.22,0.09,0.08,-2.98,-0.59,9.40,-0.10,0.03,0.16,-1.01,1.44,9.69,-0.38,0.18,0.21,-0.82,0.76,9.67,0.02,0.31,0.07,-0.62,6.69,6.87,0.14,0.25,-0.07,0.38,-0.11,0.99,10.50,-5.13,-1.28,R
58.731,28,45,33,15,45,-0.41,-3.95,8.78,-0.39,0.33,-0.25,-3.02,-0.74,9.40,-0.39,0.33,0.24,-1.21,0.37,9.83,-0.86,0.98,0.52,-1.18,0.74,9.84,0.13,0.98,0.22,-0.68,7.30,7.36,0.47,1.03,-0.44,0.29,-0.11,0.97,4.94,-29.97,-3.36,R
58.782,30,53,39,22,53,-0.27,-3.38,9.42,-0.42,-0.07,0.07,-3.19,-0.98,9.24,-0.25,0.26,0.53,-1.87,0.12,9.79,-0.36,0.75,0.44,-2.07,1.24,9.77,0.25,0.87,0.32,-1.58,7.82,6.14,0.78,0.53,0.12,0.17,-0.09,0.80,-7.02,-19.17,1.34,R
58.833,27,54,45,32,60,-0.78,-2.98,9.66,0.03,0.02,-0.13,-3.52,-0.72,9.20,0.06,-0.01,0.16,-2.34,0.31,9.57,-0.11,-0.06,0.15,-2.48,1.24,9.43,-0.07,-0.09,0.19,-1.37,7.54,6.20,-0.08,-0.21,0.49,0.32,-0.12,0.91,-17.46,12.63,8.00,R
58.884,29,57,48,36,63,-0.10,-3.90,9.27,0.14,0.13,-0.14,-3.13,-0.60,9.37,0.35,-0.05,0.07,-1.73,0.50,9.68,0.44,-0.30,-0.04,-1.94,0.97,9.66,-0.09,-0.31,0.09,-0.94,7.73,6.29,-0.10,-0.10,0.17,0.39,-0.06,1.02,-4.03,30.03,0.00,R
58.935,29,56,41,33,60,-0.20,-3.24,9.47,-0.14,-0.01,-0.13,-3.17,-0.06,9.39,0.42,-0.01,-0.07,-1.75,1.15,9.68,0.71,-0.38,-0.24,-1.75,1.30,9.67,-0.14,-0.61,-0.13,-0.80,7.60,6.32,-0.58,-0.18,-0.06,0.39,-0.11,0.94,-2.62,0.00,-4.52,R
58.985,31,57,41,28,57,-0.39,-4.09,9.51,0.11,-0.17,-0.02,-3.28,-0.40,9.35,0.35,-0.14,-0.14,-1.11,1.24,9.62,0.52,-0.49,-0.21,-1.17,0.93,9.64,0.01,-0.52,-0.08,-0.75,7.16,6.64,-0.22,-0.10,-0.00,0.24,-0.10,0.98,5.49,-1.16,-3.78,R
59.037,33,54,39,25,57,-0.30,-3.44,9.22,-0.04,-0.00,-0.05,-3.24,-0.03,9.36,0.22,-0.03,-0.06,-1.43,1.34,9.69,0.42,-0.30,-0.15,-1.31,1.02,9.65,0.00,-0.32,-0.11,-0.74,7.25,6.66,-0.31,-0.07,-0.06,0.40,-0.12,0.95,-2.69,-1.59,-1.77,R
59.087,33,57,37,20,55,-0.11,-4.01,9.25,-0.11,-0.06,-0.08,-2.97,-0.37,9.36,0.24,0.02,-0.10,-1.01,1.49,9.72,0.36,-0.18,-0.15,-1.04,0.77,9.71,0.17,-0.18,-0.10,-0.66,6.98,6.86,-0.04,-0.05,-0.04,0.26,-0.09,0.97,0.85,6.96,-2.44,R
59.138,32,57,36,19,54,-0.17,-3.94,9.38,0.21,-0.06,0.03,-3.02,-0.04,9.33,0.17,0.01,-0.01,-1.14,1.77,9.52,0.23,-0.06,-0.07,-0.99,1.24,9.66,0.10,-0.07,-0.05,-0.72,7.34,6.69,-0.02,-0.04,-0.03,0.37,-0.12,0.93,3.66,6.04,-2.01,R
59.19,31,57,36,17,50,-0.21,-3.87,9.37,-0.02,-0.02,-0.03,-3.29,0.01,9.69,0.08,-0.01,-0.05,-1.25,1.84,9.70,0.06,-0.07,-0.04,-1.06,1.11,9.80,0.01,-0.01,-0.06,-0.71,7.50,6.93,0.01,-0.06,-0.00,0.33,-0.11,0.95,1.65,2.56,-1.83,R
59.241,32,57,37,18,51,-0.02,-3.80,9.13,-0.06,0.00,-0.08,-2.91,0.07,9.28,0.10,0.01,-0.05,-0.95,1.77,9.62,0.03,-0.01,-0.04,-0.94,1.11,9.71,0.10,0.01,-0.05,-0.82,7.24,6.73,0.03,-0.02,-0.04,0.31,-0.09,0.94,-1.28,-0.92,-3.11,R
59.292,29,56,35,17,51,-0.32,-3.61,9.31,-0.04,0.04,-0.01,-3.14,0.23,9.46,-0.01,-0.07,-0.04,-1.20,1.98,9.57,-0.06,-0.08,-0.03,-1.08,1.28,9.72,-0.02,-0.04,-0.06,-0.75,7.26,6.78,-0.09,-0.04,-0.02,0.35,-0.12,0.95,1.59,-2.99,-0.85,R
59.342,31,56,36,17,51,0.02,-4.12,9.18,0.03,-0.03,-0.04,-3.08,0.14,9.38,0.04,0.04,-0.01,-1.02,1.92,9.60,0.01,-0.01,-0.01,-0.92,1.13,9.73,0.08,0.01,-0.03,-0.64,7.15,6.85,0.03,-0.02,0.00,0.31,-0.09,0.96,-0.98,4.64,-0.12,R
59.393,30,56,34,16,52,-0.10,-3.86,9.26,0.00,0.02,0.01,-2.98,0.10,9.45,-0.03,0.02,0.00,-1.14,1.80,9.59,-0.01,-0.02,-0.02,-1.02,1.11,9.70,0.00,0.01,-0.03,-0.72,7.08,6.86,-0.04,-0.01,-0.01,0.34,-0.11,0.94,0.73,-0.43,-0.49,R
59.444,32,59,37,17,53,-0.01,-4.17,9.30,-0.06,-0.00,-0.01,-2.98,0.18,9.43,0.01,0.04,-0.00,-0.95,1.86,9.74,-0.04,0.03,0.01,-0.95,1.39,9.69,0.04,0.03,-0.00,-0.60,7.13,6.81,0.00,0.00,0.00,0.33,-0.10,0.95,-3.23,0.43,0.24,R
59.495,32,58,36,19,51,-0.08,-3.84,9.16,-0.03,0.03,-0.02,-3.07,0.11,9.39,-0.07,0.03,0.00,-1.07,1.70,9.62,-0.10,0.03,0.01,-1.01,1.22,9.77,-0.01,0.03,-0.01,-0.67,7.12,6.85,0.00,0.02,-0.01,0.33,-0.10,0.95,-1.10,-0.79,0.43,R
59.546,31,53,33,16,51,-0.11,-3.88,9.22,-0.09,0.03,0.01,-3.04,0.11,9.41,-0.09,0.01,0.00,-1.05,1.71,9.60,-0.08,0.00,0.01,-0.95,1.20,9.72,-0.03,0.02,0.02,-0.69,7.05,6.82,0.03,0.03,0.01,0.30,-0.10,0.95,-0.37,-0.92,0.98,R
59.597,32,56,35,18,51,-0.16,-3.77,9.19,0.08,0.03,0.07,-3.05,0.09,9.43,-0.05,-0.03,0.02,-1.02,1.82,9.64,-0.08,-0.02,0.03,-1.16,1.22,9.70,-0.03,0.03,0.03,-0.68,7.47,6.65,-0.01,0.02,-0.00,0.37,-0.10,0.94,1.65,4.27,1.04,R
59.648,31,54,34,17,50,-0.19,-3.60,9.17,-0.04,0.01,0.05,-3.00,0.11,9.44,-0.15,-0.07,-0.02,-1.05,1.66,9.63,-0.14,-0.04,0.01,-0.94,1.18,9.70,-0.06,0.01,0.01,-0.62,7.17,6.86,0.00,0.02,0.01,0.30,-0.09,0.95,2.08,-3.54,1.89,R
59.699,30,53,33,17,51,-0.10,-4.48,9.18,0.08,-0.01,0.11,-3.01,0.09,9.42,-0.03,-0.06,0.02,-0.95,1.73,9.65,-0.10,-0.03,0.04,-0.93,1.21,9.79,0.00,0.02,0.00,-0.72,7.24,6.89,-0.02,-0.06,0.02,0.40,-0.09,0.97,1.65,6.90,2.75,R
59.751,32,51,32,17,48,0.09,-4.21,9.09,0.01,-0.02,-0.04,-2.89,-0.03,9.53,-0.19,-0.04,-0.02,-1.04,1.53,9.60,-0.21,0.02,0.04,-1.45,1.63,9.34,-0.03,-0.04,-0.06,-0.42,7.06,6.93,-0.31,-0.15,0.03,0.33,-0.11,0.93,-2.26,-11.54,-0.92,R
59.801,32,53,33,17,46,-0.24,-3.92,9.27,0.05,0.01,-0.07,-2.91,-0.18,9.43,-0.13,-0.08,0.01,-0.92,1.46,9.65,-0.15,-0.05,0.03,-1.04,1.19,9.79,-0.04,0.02,0.02,-0.59,6.93,6.98,0.03,-0.02,0.01,0.30,-0.09,0.96,2.93,-0.55,1.95,R
59.853,32,52,33,17,46,-0.03,-3.90,9.50,0.11,0.02,0.09,-2.73,-0.13,9.48,-0.11,-0.04,0.04,-0.90,1.36,9.65,-0.13,0.04,0.07,-1.04,1.24,9.68,0.01,0.04,0.03,-0.59,7.08,6.97,0.03,-0.00,0.00,0.34,-0.10,0.93,0.85,1.40,0.79,R
59.903,31,48,29,16,44,-0.07,-3.90,9.20,0.04,0.01,-0.01,-2.84,0.05,9.46,-0.10,-0.01,0.01,-1.04,1.49,9.63,-0.11,-0.00,0.01,-1.03,1.25,9.80,-0.03,0.00,-0.01,-0.49,7.01,7.10,-0.07,0.00,-0.02,0.34,-0.09,0.95,2.44,-3.54,0.55,R
59.955,32,45,29,15,44,-0.18,-3.72,9.29,0.03,0.04,-0.02,-2.76,-0.27,9.50,-0.10,-0.02,-0.02,-1.06,1.34,9.68,-0.06,-0.02,-0.00,-1.04,1.18,9.74,-0.03,-0.01,-0.01,-0.53,7.05,6.99,-0.04,0.02,0.01,0.31,-0.11,0.94,3.78,-0.31,0.55,R
60.006,32,45,27,15,44,0.08,-3.79,8.73,0.01,0.03,0.02,-2.76,-0.02,9.38,-0.03,-0.01,-0.01,-0.92,1.45,9.64,-0.05,-0.05,-0.00,-0.95,1.18,9.64,-0.06,0.01,-0.01,-0.47,7.01,6.94,-0.06,0.03,-0.00,0.36,-0.10,0.95,1.83,-0.85,-0.12,R
60.057,32,47,28,14,44,-0.12,-3.72,9.29,-0.00,0.04,-0.04,-2.82,-0.24,9.54,-0.04,-0.02,-0.02,-0.96,1.45,9.67,-0.03,-0.03,-0.03,-1.02,1.07,9.76,-0.08,0.00,-0.01,-0.53,6.90,7.04,-0.04,0.03,-0.02,0.34,-0.11,0.95,-0.55,-2.01,0.00,R
60.108,34,45,28,16,45,-0.16,-3.76,9.23,-0.05,0.03,0.01,-2.72,-0.36,9.45,-0.03,-0.01,-0.01,-0.87,1.36,9.62,-0.03,-0.02,-0.01,-0.94,0.97,9.76,-0.04,0.01,0.01,-0.50,7.02,7.07,0.03,0.03,-0.01,0.32,-0.11,0.96,0.85,1.71,0.31,R
60.159,33,42,27,14,43,-0.16,-3.85,9.21,-0.00,0.02,-0.01,-2.80,-0.29,9.55,-0.02,0.00,-0.02,-0.93,1.41,9.70,-0.06,-0.02,-0.00,-1.05,1.19,9.75,-0.05,0.00,-0.01,-0.54,6.85,7.03,-0.04,0.03,-0.03,0.34,-0.10,0.95,1.10,-2.93,0.00,R
60.21,33,43,27,14,44,-0.25,-3.64,9.32,-0.03,0.03,-0.01,-2.75,-0.32,9.48,-0.00,0.03,-0.02,-0.91,1.37,9.72,-0.01,-0.02,-0.02,-0.97,1.08,9.74,-0.03,0.00,-0.01,-0.56,7.04,7.04,0.00,0.03,-0.01,0.32,-0.10,0.95,0.12,-0.12,0.24,R
60.261,33,43,27,14,43,-0.15,-3.89,9.28,-0.02,0.02,0.00,-2.74,-0.25,9.54,-0.02,0.04,0.00,-0.96,1.40,9.60,-0.04,0.01,-0.00,-0.96,1.02,9.75,-0.04,0.01,0.01,-0.48,6.82,7.07,0.01,0.02,-0.01,0.33,-0.10,0.95,0.61,-0.31,0.31,R
60.312,33,42,28,14,45,-0.16,-3.68,9.20,0.01,0.02,-0.01,-2.70,-0.43,9.62,-0.01,0.04,-0.00,-0.95,1.27,9.62,-0.01,-0.00,-0.01,-0.97,1.09,9.80,-0.01,0.01,-0.01,-0.51,6.99,7.04,-0.01,0.02,-0.02,0.34,-0.11,0.95,-0.12,0.18,0.06,R
60.362,33,42,27,14,44,-0.12,-4.04,9.21,-0.04,0.02,-0.00,-2.75,-0.33,9.53,-0.00,0.03,-0.00,-0.94,1.39,9.67,-0.02,0.01,-0.00,-0.97,1.08,9.78,-0.01,0.01,0.01,-0.49,7.02,7.02,0.00,0.02,0.00,0.33,-0.11,0.95,0.92,1.10,-0.12,R
60.414,33,42,25,15,44,-0.09,-3.82,9.24,-0.06,0.02,-0.01,-2.72,-0.22,9.52,0.00,0.02,-0.01,-0.95,1.44,9.70,-0.01,0.00,-0.01,-0.95,1.04,9.75,-0.01,0.01,0.00,-0.55,6.95,7.01,0.03,0.01,-0.00,0.31,-0.10,0.95,0.31,-0.85,-0.06,R
60.465,32,43,26,16,46,-0.16,-3.73,9.22,-0.03,0.02,-0.00,-2.69,-0.22,9.53,-0.00,0.04,-0.01,-0.91,1.34,9.69,-0.03,0.00,-0.01,-0.94,1.06,9.77,-0.02,0.01,-0.01,-0.52,7.07,7.03,-0.01,0.02,-0.02,0.32,-0.10,0.95,0.43,-1.77,-0.06,R
60.515,34,43,26,14,44,-0.10,-3.91,9.28,0.00,0.02,-0.01,-2.73,-0.30,9.51,0.01,0.04,-0.00,-1.01,1.32,9.70,-0.02,0.02,-0.00,-1.02,1.09,9.74,-0.01,0.01,0.00,-0.50,6.93,7.07,-0.01,0.02,-0.01,0.33,-0.10,0.95,0.00,0.79,0.12,R
60.566,33,42,27,14,44,-0.14,-3.99,9.19,-0.03,0.02,0.01,-2.77,-0.24,9.50,-0.01,0.02,-0.00,-0.97,1.34,9.66,-0.04,0.01,0.00,-1.06,1.08,9.73,-0.00,0.02,-0.00,-0.53,7.01,7.02,-0.00,0.02,-0.01,0.33,-0.10,0.95,0.85,-0.55,-0.12,R
60.617,33,42,27,17,44,-0.25,-3.87,9.19,-0.02,0.03,-0.01,-2.83,-0.31,9.49,-0.00,0.03,0.00,-0.90,1.40,9.65,-0.03,0.01,0.01,-0.97,1.02,9.73,-0.00,0.01,-0.01,-0.52,7.06,7.07,0.01,0.01,-0.02,0.34,-0.10,0.96,0.49,0.37,-0.06,R
60.669,33,43,26,14,44,-0.06,-3.89,9.15,-0.01,0.02,-0.01,-2.74,-0.24,9.50,-0.00,0.03,-0.01,-0.90,1.36,9.66,-0.03,-0.01,-0.01,-0.93,1.03,9.73,-0.02,0.00,0.00,-0.58,6.98,7.05,-0.00,0.02,-0.01,0.32,-0.10,0.95,0.24,-0.06,-0.06,R
60.72,33,41,27,15,44,-0.21,-3.78,9.26,-0.01,0.02,-0.01,-2.76,-0.22,9.46,0.01,0.02,0.00,-0.88,1.43,9.62,-0.03,0.01,0.00,-0.94,1.06,9.73,-0.00,0.00,-0.00,-0.53,6.94,7.09,0.00,0.01,-0.01,0.34,-0.10,0.95,-0.18,-0.12,0.00,R
60.771,33,42,26,15,44,-0.24,-3.79,9.27,-0.02,0.02,-0.01,-2.77,-0.31,9.46,-0.01,0.03,-0.01,-0.88,1.39,9.68,-0.01,0.01,-0.00,-0.95,1.07,9.76,-0.01,0.02,0.00,-0.51,6.93,7.05,0.02,0.02,-0.01,0.32,-0.10,0.95,-0.43,-0.61,0.06,R
60.821,32,37,27,14,43,-0.09,-3.84,9.19,-0.01,0.02,-0.01,-2.80,-0.27,9.50,-0.01,0.03,0.01,-0.99,1.38,9.70,-0.03,0.03,-0.00,-1.05,1.14,9.75,0.01,0.02,-0.01,-0.52,6.93,7.07,0.00,0.01,-0.01,0.33,-0.10,0.95,-0.06,0.12,0.24,R
60.874,32,41,27,15,45,-0.18,-3.76,9.24,-0.01,0.03,-0.01,-2.70,-0.24,9.50,0.00,0.02,-0.01,-0.95,1.40,9.66,-0.03,0.01,-0.00,-1.00,1.04,9.71,-0.01,0.01,0.00,-0.60,7.00,7.07,0.02,0.02,-0.02,0.32,-0.10,0.95,0.24,-0.18,-0.12,R
60.924,32,42,27,14,45,-0.24,-3.70,9.22,-0.02,0.02,0.00,-2.75,-0.30,9.54,-0.00,0.03,-0.00,-0.93,1.41,9.65,-0.03,0.00,-0.00,-0.94,0.98,9.78,-0.01,0.01,-0.00,-0.57,7.00,7.06,0.01,0.03,-0.00,0.32,-0.10,0.95,0.73,-0.85,0.06,R
60.975,30,42,27,15,44,-0.14,-3.79,9.18,0.00,0.02,-0.01,-2.81,-0.28,9.49,0.02,0.03,0.01,-0.94,1.43,9.64,-0.02,0.01,-0.00,-0.93,1.02,9.81,-0.02,0.01,0.00,-0.55,7.03,7.04,-0.01,0.01,-0.02,0.34,-0.10,0.95,-0.31,-0.18,0.06,R
61.025,31,41,27,14,43,-0.23,-3.90,9.17,-0.00,0.01,-0.02,-2.76,-0.25,9.47,0.01,0.04,-0.01,-0.92,1.39,9.68,-0.02,0.01,-0.01,-0.97,1.00,9.71,0.00,0.02,-0.01,-0.56,6.97,7.07,0.01,0.02,-0.01,0.32,-0.10,0.95,0.31,-0.12,-0.06,R
61.077,32,42,27,15,45,-0.14,-3.98,9.18,-0.01,0.01,0.00,-2.79,-0.20,9.52,-0.01,0.01,0.01,-0.90,1.43,9.66,-0.03,0.00,0.00,-0.95,1.05,9.80,-0.01,0.01,0.00,-0.51,7.02,7.11,0.01,0.01,-0.02,0.33,-0.10,0.95,1.16,0.37,-0.12,R
61.128,31,41,26,15,44,-0.17,-3.91,9.22,-0.02,0.03,-0.02,-2.81,-0.21,9.48,0.00,0.04,-0.01,-1.03,1.47,9.67,-0.03,0.01,-0.00,-1.05,0.99,9.78,-0.01,0.02,-0.01,-0.57,6.95,7.07,0.00,0.02,-0.02,0.32,-0.10,0.95,-0.24,-0.98,-0.06,R
61.18,32,42,27,16,45,-0.15,-3.90,9.20,-0.01,0.01,0.00,-2.73,-0.23,9.50,0.00,0.02,0.01,-0.93,1.45,9.65,-0.02,0.01,0.01,-0.98,1.08,9.81,-0.01,0.01,0.00,-0.57,7.05,7.03,0.02,0.02,-0.00,0.34,-0.10,0.95,0.24,1.34,0.31,R
61.23,30,41,28,14,44,-0.17,-3.89,9.24,0.00,0.02,-0.01,-2.78,-0.33,9.49,-0.01,0.04,-0.01,-1.02,1.41,9.65,-0.03,0.02,-0.01,-0.98,0.97,9.73,0.00,0.01,-0.00,-0.58,7.01,7.06,0.02,0.02,-0.01,0.31,-0.10,0.95,0.73,-1.10,-0.06,R
61.281,31,41,28,14,44,-0.15,-3.85,9.18,-0.02,0.01,-0.01,-2.73,-0.26,9.49,0.00,0.03,0.01,-0.99,1.46,9.64,-0.02,0.02,0.00,-1.00,1.02,9.75,0.01,0.02,-0.00,-0.53,7.08,6.97,0.02,0.02,-0.01,0.33,-0.10,0.95,-0.61,0.00,0.00,R
61.331,31,40,28,14,44,-0.19,-4.02,9.21,-0.00,0.02,0.01,-2.80,-0.27,9.51,-0.00,0.03,-0.00,-1.01,1.40,9.67,-0.02,0.01,0.00,-1.02,1.10,9.76,0.01,0.01,-0.00,-0.55,7.04,7.02,-0.00,0.01,-0.01,0.33,-0.10,0.96,0.85,0.37,-0.06,R
61.382,29,41,27,14,43,-0.22,-3.80,9.25,0.00,0.02,-0.02,-2.76,-0.23,9.46,0.01,0.03,-0.00,-1.02,1.33,9.61,-0.02,0.00,-0.00,-1.00,1.19,9.73,-0.01,0.01,-0.00,-0.51,6.90,7.07,-0.00,0.01,-0.01,0.32,-0.09,0.95,0.06,-0.06,0.18,R
61.433,31,41,26,15,44,-0.09,-3.97,9.21,-0.03,0.01,0.01,-2.83,-0.20,9.49,0.01,0.04,0.01,-1.04,1.44,9.62,-0.02,0.01,0.01,-1.00,1.09,9.73,-0.01,0.01,0.00,-0.57,6.90,7.03,0.00,0.01,-0.01,0.34,-0.10,0.95,-0.67,0.24,0.00,R
61.485,30,41,28,14,44,-0.16,-3.90,9.18,-0.01,0.01,-0.01,-2.83,-0.20,9.46,-0.00,0.04,-0.00,-1.04,1.47,9.66,-0.04,0.01,0.00,-1.04,1.06,9.71,-0.02,0.01,-0.00,-0.59,7.02,7.08,0.02,0.02,-0.01,0.31,-0.10,0.95,0.43,0.18,0.18,R
61.537,32,43,28,15,44,-0.14,-3.89,9.22,-0.02,0.02,-0.00,-2.81,-0.27,9.49,-0.02,0.03,0.00,-1.00,1.47,9.71,-0.02,0.01,-0.00,-0.99,1.11,9.71,-0.01,0.01,-0.00,-0.58,6.96,7.09,-0.01,0.02,-0.01,0.33,-0.09,0.95,-0.37,-0.73,-0.06,R
61.587,29,40,27,14,44,-0.13,-4.07,9.20,-0.01,0.02,-0.00,-2.77,-0.28,9.52,0.02,0.03,-0.00,-1.03,1.47,9.70,-0.03,0.01,0.00,-1.01,1.06,9.70,-0.01,0.01,-0.00,-0.53,6.88,7.02,0.01,0.03,-0.01,0.33,-0.10,0.95,0.24,0.43,0.24,R
61.638,29,42,26,14,44,-0.21,-4.04,9.17,-0.01,0.01,-0.00,-2.79,-0.23,9.54,-0.00,0.03,0.01,-1.03,1.47,9.68,-0.03,0.02,0.00,-1.01,1.01,9.81,-0.01,0.01,0.01,-0.53,7.06,7.07,0.02,0.02,0.00,0.32,-0.09,0.96,0.37,0.79,0.37,R
61.689,31,40,28,16,44,-0.21,-3.65,9.22,0.02,0.03,-0.01,-2.88,-0.23,9.50,0.01,0.04,0.00,-1.00,1.46,9.69,-0.01,0.01,0.00,-1.08,1.05,9.72,0.01,0.01,0.00,-0.52,6.99,6.98,0.01,0.02,-0.01,0.33,-0.10,0.95,-0.24,-0.67,-0.18,R
61.74,29,40,26,15,44,-0.22,-4.01,9.14,-0.04,0.02,0.01,-2.81,-0.23,9.52,0.01,0.02,0.01,-1.01,1.32,9.68,-0.02,0.00,0.01,-1.02,1.16,9.71,0.00,0.01,-0.00,-0.58,7.06,7.02,-0.01,0.01,-0.00,0.33,-0.09,0.95,0.49,0.61,0.00,R
61.791,31,41,27,14,44,-0.21,-3.83,9.17,-0.01,0.01,-0.01,-2.83,-0.23,9.47,-0.01,0.04,-0.01,-1.00,1.46,9.62,-0.03,0.02,-0.00,-0.97,1.00,9.73,0.00,0.02,0.00,-0.62,6.96,7.05,0.03,0.02,-0.01,0.31,-0.09,0.95,0.18,-0.37,0.00,R
61.842,29,41,28,14,44,-0.13,-4.07,9.16,-0.04,0.02,0.02,-2.79,-0.13,9.50,0.01,0.03,0.01,-1.02,1.47,9.70,-0.04,0.00,0.01,-1.07,1.03,9.76,-0.01,0.01,0.00,-0.59,7.04,6.96,-0.01,0.02,-0.00,0.34,-0.09,0.95,0.31,0.31,0.12,R
61.893,31,42,28,17,44,-0.16,-4.04,9.13,-0.01,0.02,-0.01,-2.86,-0.17,9.50,-0.01,0.03,0.00,-1.01,1.39,9.64,-0.02,0.01,0.00,-1.06,1.00,9.76,-0.01,0.02,0.00,-0.57,6.95,7.01,0.01,0.02,-0.01,0.32,-0.09,0.95,0.61,0.24,0.24,R
61.944,30,40,27,15,44,-0.28,-3.94,9.14,-0.00,0.01,0.01,-2.81,-0.15,9.43,-0.01,0.01,0.01,-1.00,1.40,9.67,-0.04,0.00,0.01,-0.97,1.05,9.78,-0.01,0.01,0.00,-0.56,6.95,7.02,-0.01,0.02,-0.01,0.33,-0.09,0.95,0.92,-0.31,0.12,R
61.995,29,42,25,15,42,-0.23,-3.89,9.19,-0.01,0.02,-0.01,-2.90,-0.21,9.48,-0.00,0.03,0.00,-0.99,1.40,9.64,-0.03,0.01,0.00,-1.03,0.95,9.74,-0.01,0.01,0.00,-0.57,7.09,7.00,0.01,0.02,-0.01,0.33,-0.09,0.95,0.37,-0.43,-0.06,R
62.047,30,41,27,15,44,-0.15,-4.00,9.18,0.01,0.02,-0.01,-2.85,-0.25,9.46,-0.03,0.02,-0.01,-0.99,1.42,9.68,-0.04,-0.01,0.00,-0.95,1.05,9.80,-0.02,0.00,-0.00,-0.54,7.02,6.97,-0.00,0.01,-0.01,0.32,-0.09,0.95,0.98,-0.92,0.06,R
62.097,31,40,26,15,44,-0.15,-4.03,9.18,0.01,0.01,0.01,-2.88,-0.21,9.43,0.01,0.02,0.01,-1.03,1.42,9.65,-0.03,-0.00,0.00,-1.01,1.04,9.71,0.00,0.01,0.00,-0.61,7.02,6.99,0.01,0.02,-0.01,0.34,-0.10,0.95,0.55,0.43,0.18,R
62.149,30,40,28,17,44,-0.18,-3.87,9.18,-0.01,0.01,-0.01,-2.86,-0.18,9.45,-0.02,0.01,-0.01,-0.96,1.44,9.69,-0.04,-0.01,-0.00,-1.03,1.08,9.74,-0.03,0.01,0.00,-0.58,7.03,7.03,-0.02,0.01,-0.02,0.33,-0.09,0.95,1.16,-0.79,0.18,R
62.198,31,39,27,15,43,-0.21,-3.95,9.22,-0.00,0.01,-0.00,-2.81,-0.14,9.48,-0.01,0.01,0.01,-0.98,1.40,9.68,-0.04,0.01,0.01,-0.97,0.93,9.75,0.03,0.02,0.01,-0.60,7.12,7.02,0.03,0.03,-0.01,0.32,-0.09,0.95,0.92,0.79,0.37,R
62.25,29,41,27,15,43,-0.13,-4.12,9.14,0.05,0.02,-0.00,-2.78,-0.28,9.52,-0.01,0.04,0.01,-1.04,1.47,9.70,-0.03,0.01,0.00,-1.00,1.06,9.75,-0.01,0.01,-0.00,-0.66,7.01,7.00,0.00,0.03,-0.02,0.35,-0.10,0.95,0.55,-0.06,-0.18,R
62.301,30,41,28,15,45,-0.12,-3.90,9.14,-0.05,0.02,-0.00,-2.81,-0.18,9.47,-0.01,0.02,-0.01,-1.01,1.42,9.67,-0.05,0.00,-0.00,-1.02,1.02,9.79,-0.01,0.02,0.00,-0.57,7.03,7.09,0.01,0.03,-0.01,0.31,-0.09,0.95,0.98,-1.46,0.06,R
62.352,29,38,45,14,44,-0.20,-3.85,9.20,-0.04,0.00,0.02,-2.75,-0.17,9.59,0.00,0.05,0.00,-0.97,1.42,9.71,-0.03,0.03,0.00,-0.98,1.04,9.81,0.02,0.03,0.00,-0.62,6.97,7.04,0.03,0.04,-0.01,0.32,-0.09,0.96,0.43,-0.49,0.98,R
62.402,29,40,26,14,43,-0.10,-4.19,9.10,-0.03,-0.00,0.06,-2.81,-0.11,9.29,0.03,0.07,0.02,-1.19,1.46,9.65,0.02,0.05,0.01,-1.07,1.13,9.75,0.06,0.04,0.02,-0.57,7.05,6.96,0.10,0.07,0.00,0.33,-0.10,0.96,1.65,3.54,1.34,R
62.454,31,39,27,14,44,-0.26,-3.77,9.19,-0.15,0.05,0.12,-2.75,-0.15,9.50,0.06,0.16,0.03,-0.94,1.35,9.65,0.08,0.09,0.01,-0.89,1.04,9.69,0.15,0.08,0.03,-0.58,7.03,6.97,0.23,0.12,-0.03,0.32,-0.08,0.96,1.71,6.47,1.89,R
62.504,31,40,28,17,47,-0.12,-4.38,9.08,-0.23,0.13,0.16,-2.98,-0.22,9.54,0.18,0.28,0.06,-1.16,1.62,9.61,0.18,0.21,0.00,-1.20,1.35,9.74,0.22,0.13,0.01,-0.82,7.19,6.79,0.23,0.12,-0.07,0.37,-0.11,0.94,-1.16,8.79,-0.24,R
62.555,31,40,28,16,48,-0.41,-4.46,8.84,-0.35,0.12,0.07,-3.28,0.10,9.33,0.07,0.28,0.03,-1.30,1.55,9.61,0.03,0.27,0.03,-1.24,1.25,9.73,0.23,0.18,0.01,-0.72,7.40,6.78,0.20,0.13,-0.11,0.36,-0.10,0.98,0.79,2.87,-0.43,R
62.606,32,41,32,17,48,-0.80,-5.17,9.96,-0.12,0.02,0.12,-3.47,-0.09,9.35,0.05,0.58,0.02,-1.60,1.47,9.57,0.22,0.51,-0.03,-1.46,1.09,9.65,0.58,0.34,-0.01,-1.15,7.05,6.79,0.35,0.12,-0.22,0.30,-0.12,1.00,4.33,12.70,1.83,R
62.659,31,45,37,17,51,-0.63,-4.60,10.42,0.47,-0.11,-0.15,-4.82,0.50,9.65,0.73,1.29,0.15,-2.31,2.20,9.64,1.10,1.17,-0.23,-2.44,2.32,9.67,1.61,0.69,-0.24,-1.73,8.49,5.62,0.97,-0.38,-0.33,0.36,-0.16,1.02,4.70,76.17,5.55,R
62.709,33,50,47,19,55,-1.50,-5.71,14.20,1.10,0.90,-0.52,-9.77,3.34,12.06,2.62,2.97,1.07,-7.20,7.75,7.57,3.74,4.38,-0.13,-5.42,10.94,5.03,4.60,3.16,0.28,-3.05,12.39,-2.21,6.04,2.37,-1.28,0.71,-0.43,1.03,-26.43,202.94,37.72,R
62.759,36,63,80,36,55,-4.09,-0.40,12.05,4.61,0.09,-0.36,-9.41,9.13,11.36,4.44,1.46,3.36,-7.55,11.84,10.42,5.10,2.27,2.43,-6.31,15.39,12.87,6.15,2.38,2.05,-4.40,21.94,6.67,5.22,2.39,0.46,1.09,-0.01,0.67,-23.62,279.48,73.49,R
62.811,33,74,79,43,57,-1.96,3.58,7.79,2.11,-1.17,1.11,-5.97,6.39,6.70,-0.52,-0.22,2.25,-5.53,7.02,7.42,-0.77,0.08,2.15,-4.49,7.57,6.60,-0.58,-0.18,1.92,-3.01,9.67,0.72,-1.11,0.98,1.70,1.04,-0.06,0.59,4.33,21.30,106.08,R
62.862,34,74,79,45,65,-0.17,0.65,8.32,-0.23,-1.31,1.13,-3.53,4.96,4.69,-1.31,-0.62,1.40,-2.94,5.93,3.16,-1.00,-0.22,1.68,-1.97,6.18,2.78,-0.78,-0.03,1.66,-0.94,7.33,-0.55,-0.54,1.25,1.19,0.66,0.14,0.60,12.76,-19.04,94.97,R
62.913,35,73,81,45,62,0.58,0.03,6.13,-0.36,-1.02,1.73,-2.18,2.62,3.60,-1.45,0.10,1.47,-1.85,2.96,3.46,-1.61,0.70,1.43,-1.56,3.43,4.75,-1.55,0.69,1.29,-1.25,6.09,2.58,-1.49,1.29,0.68,0.56,0.14,0.58,49.44,-45.96,81.73,R
62.964,36,72,77,45,61,1.00,-1.77,4.57,-1.02,-0.02,1.91,-1.84,-0.32,3.17,-1.84,0.94,0.58,-1.88,-0.24,3.03,-2.24,1.06,0.53,-1.61,0.54,2.70,-2.24,1.16,0.33,-1.48,2.46,1.57,-2.02,1.35,-0.51,0.49,0.08,0.65,75.56,-68.36,50.66,R
63.015,35,72,82,44,59,-0.48,-2.19,3.74,-1.85,1.31,2.23,-2.88,-0.39,2.10,-1.87,2.12,-0.10,-2.83,-0.22,2.22,-2.23,2.20,-0.23,-3.64,-0.60,4.44,-2.35,2.70,-0.41,-4.48,5.02,7.62,-2.66,2.08,-1.91,0.40,0.18,0.82,140.14,-99.00,11.84,R
63.066,29,64,79,40,57,-1.65,-7.01,3.56,-2.05,3.10,2.98,-5.52,-6.96,4.25,-1.69,2.71,-0.58,-5.44,-8.46,6.45,-3.20,2.39,-0.92,-5.21,-8.74,5.87,-3.21,1.72,-1.83,-5.89,-1.99,9.50,-2.64,0.69,-3.04,0.30,-0.01,0.87,222.78,-72.88,-78.61,R
63.117,17,42,75,31,51,-0.08,-14.52,4.36,-1.95,5.28,0.71,-7.78,-15.98,9.86,0.55,2.94,-3.72,-9.15,-15.48,13.95,-0.30,3.06,-4.85,-10.33,-11.22,17.38,-0.66,2.52,-5.62,-10.33,4.01,18.41,-0.78,-0.94,-6.57,0.29,-0.11,0.82,120.30,-93.14,-246.22,R
63.168,10,34,73,28,51,-5.53,-10.63,4.67,-1.17,5.58,-3.21,-15.26,-5.21,17.00,0.30,0.37,-7.59,-15.24,-2.50,24.88,-0.99,-1.14,-7.99,-11.26,5.59,29.11,-1.51,-2.20,-7.74,-6.57,26.22,23.84,-2.20,-5.86,-4.73,0.30,-0.26,1.06,-46.39,-176.39,-330.69,R
63.219,2,28,80,25,44,-5.72,-17.15,18.73,-4.03,2.79,-4.92,-15.42,2.78,24.21,-2.55,-3.36,-6.09,-15.09,11.06,22.81,-1.42,-6.89,-4.94,-12.03,9.32,19.24,-2.27,-7.61,-4.34,-9.95,15.26,7.95,-2.51,-9.63,1.66,-0.06,-0.25,0.91,-211.43,-235.96,-210.45,R
63.27,3,38,73,17,40,-10.88,-12.41,18.78,-1.88,-2.34,-6.67,-17.10,1.49,10.68,0.50,-5.19,-3.39,-13.49,6.52,8.25,1.78,-5.73,-1.33,-8.37,4.23,5.45,2.33,-5.86,-0.96,-3.69,0.89,-3.95,2.31,-5.71,2.59,-0.12,-0.36,1.09,-343.26,-35.34,-39.55,R
63.32,23,60,79,21,43,-9.23,-6.98,9.67,4.91,-6.50,-5.21,-10.10,0.30,3.46,4.35,-5.04,1.34,-4.49,-0.35,-0.37,4.91,-3.34,1.67,-0.42,3.29,4.98,5.84,-2.27,1.13,3.86,7.73,1.91,6.47,-1.63,1.98,0.26,0.37,0.96,-336.00,242.25,67.32,R
63.372,22,79,93,31,48,-3.57,-0.70,6.29,4.93,-4.20,-2.63,-0.99,4.40,1.53,3.19,-2.15,2.12,-1.03,6.03,6.88,2.89,-0.16,2.83,1.48,5.09,8.48,2.92,-1.06,3.23,3.28,8.91,5.26,2.60,0.99,3.22,0.48,0.46,0.82,-126.77,162.11,138.37,R
63.422,27,93,100,33,56,3.49,-1.36,0.67,1.43,-3.32,0.01,0.75,-3.92,6.09,-0.35,-2.79,2.49,1.61,-3.28,5.77,0.50,-2.12,2.49,2.72,0.91,6.84,0.95,-1.63,2.34,4.31,4.92,3.40,1.20,0.25,2.89,0.16,0.51,0.69,-63.11,17.58,115.97,R
63.473,37,92,96,35,55,5.77,-4.98,2.38,1.98,-2.37,0.45,2.04,-3.77,5.21,0.54,-0.80,2.91,3.25,-3.91,4.93,0.68,-0.07,3.02,4.40,-3.85,3.21,2.02,0.64,2.51,4.60,-1.16,3.21,2.80,1.52,1.39,-0.09,0.59,0.68,-34.91,91.43,95.09,R
63.524,38,92,97,46,59,6.40,-5.98,2.18,3.27,-0.93,0.44,2.53,-4.84,6.53,1.65,-0.07,2.28,3.42,-3.28,5.86,1.98,0.52,1.89,4.03,-1.58,6.30,2.27,1.08,1.43,4.56,0.53,4.41,2.53,1.05,0.54,-0.02,0.52,0.63,8.12,131.53,42.30,R
63.575,41,93,99,56,60,6.16,-4.90,4.70,4.67,-0.18,0.22,3.57,-2.01,6.17,3.00,0.94,2.35,3.96,-0.69,1.97,3.52,2.10,1.68,2.66,-0.39,3.15,4.30,2.86,0.89,1.58,3.13,0.85,4.29,3.13,-2.39,0.06,0.58,0.80,34.12,196.23,8.42,R
63.626,37,91,102,59,63,5.09,-2.35,2.27,4.60,0.77,-0.69,0.24,-4.37,10.34,3.40,1.46,1.07,-0.37,-0.11,12.15,3.19,2.20,0.06,0.59,2.91,11.37,2.26,1.48,-0.67,3.08,7.80,3.94,2.42,0.17,-1.34,0.67,0.30,0.72,68.05,138.31,-58.35,R
63.678,37,86,104,59,59,3.68,1.23,6.49,0.69,1.60,-0.14,0.39,4.01,4.82,0.82,1.80,-0.46,0.32,5.88,4.15,0.37,2.30,-0.88,1.38,5.25,5.82,-0.65,2.37,-0.79,2.73,7.50,2.21,-0.67,1.52,-1.88,0.50,0.50,0.87,77.27,-31.43,-45.41,R
63.729,39,86,110,59,59,5.18,-1.47,7.03,-0.19,1.72,0.76,-3.01,1.10,12.64,-0.65,2.31,-0.20,-3.33,1.16,15.29,-1.31,1.41,-0.68,-0.76,1.96,13.67,-1.14,0.81,-0.97,1.03,8.87,9.08,-1.18,-0.14,-1.10,0.55,0.21,0.77,92.22,-36.87,-51.51,R
63.78,37,86,101,57,53,3.30,-4.13,9.98,-2.33,2.23,-0.11,-2.84,-0.27,9.00,-1.20,1.12,-2.07,-1.99,4.25,7.04,-0.54,0.68,-2.11,0.28,6.56,8.41,-1.70,0.69,-1.63,2.58,10.62,3.78,-1.95,0.08,-1.48,0.34,0.34,0.86,45.72,-107.06,-65.55,R
63.83,39,98,104,55,53,4.02,-2.69,9.50,-1.35,1.21,0.06,-3.18,-0.05,10.40,-0.48,1.05,-0.88,-2.29,0.49,10.47,-1.04,0.81,-1.10,-0.61,0.90,9.84,-1.27,0.51,-1.08,0.61,5.87,6.79,-1.18,-0.15,-1.15,0.45,0.20,0.84,31.01,-52.43,-49.93,R
63.882,44,83,102,53,51,1.86,-4.22,10.27,-1.31,1.51,-0.32,-3.22,-0.45,8.22,-0.48,0.54,-1.96,-2.36,2.60,6.79,-0.12,0.10,-2.10,-0.81,4.12,6.90,-0.87,0.44,-1.92,1.00,7.25,3.13,-1.14,-0.02,-1.97,0.26,0.23,0.91,71.90,-85.94,-85.14,R
63.933,42,81,93,47,48,2.33,-2.84,9.88,-0.42,1.97,0.02,-4.89,1.91,8.95,-0.07,1.36,-0.81,-4.13,3.44,10.13,-0.22,0.87,-0.92,-2.26,2.56,11.50,-0.36,0.94,-1.00,-0.63,8.33,7.80,-0.25,0.22,-1.43,0.37,0.05,0.92,75.87,-1.10,-60.30,R
63.984,43,76,88,45,44,0.53,-4.11,11.84,-0.22,1.22,-0.10,-5.58,0.49,10.51,0.13,0.63,-1.20,-4.46,3.58,10.31,-0.04,0.14,-1.31,-2.13,5.00,10.47,-0.28,0.42,-1.16,-0.33,9.82,6.73,-0.57,0.01,-1.17,0.26,0.01,0.99,55.66,-47.12,-53.96,R
64.035,40,71,80,41,43,1.00,-3.32,10.50,0.12,1.03,-0.04,-5.30,0.82,10.05,0.07,0.19,-0.38,-4.04,2.51,11.00,0.04,-0.58,-0.40,-2.49,2.34,10.98,0.09,0.20,-0.55,-1.24,8.87,8.63,0.01,-0.01,-0.75,0.45,-0.05,1.06,42.18,15.20,-29.17,R
64.086,40,69,71,37,42,-0.27,-4.64,12.97,-0.07,0.89,-0.07,-5.34,-0.12,10.02,-0.18,0.07,-0.77,-3.89,2.85,11.05,-0.17,-0.22,-0.75,-2.29,3.76,11.04,-0.25,-0.08,-0.67,-0.92,8.87,6.90,-0.26,-0.20,-0.48,0.22,-0.08,1.02,37.78,-26.25,-31.25,R
64.137,36,64,57,33,40,0.88,-4.05,12.59,0.00,0.18,-0.16,-5.00,-0.98,10.04,0.37,-0.77,-0.10,-3.55,3.76,9.70,-0.11,-1.08,0.12,-1.75,1.88,9.51,0.15,-0.82,0.10,-1.20,6.64,6.90,-0.08,-0.52,0.24,0.46,-0.16,1.14,-1.22,32.71,-2.62,R
64.188,36,61,54,31,39,-0.18,-3.19,11.21,-0.24,0.39,-0.27,-4.19,-0.36,8.87,0.28,-0.56,-0.39,-2.25,2.76,8.32,0.16,-0.63,-0.44,-1.33,2.52,8.46,-0.23,-0.36,-0.29,-0.12,7.27,5.48,-0.19,-0.05,-0.18,0.32,-0.04,0.97,3.05,-11.29,-8.67,R
64.239,32,59,50,27,39,0.18,-3.09,8.18,0.04,0.20,0.22,-4.25,-1.00,9.86,-0.19,-0.46,-0.04,-2.02,1.25,9.55,-0.15,-0.66,-0.01,-1.43,1.76,9.84,-0.36,-0.37,-0.00,-0.67,7.02,7.13,-0.28,-0.00,0.10,0.31,-0.14,0.95,15.38,0.79,-4.03,R
64.29,32,54,46,25,40,0.14,-4.82,9.99,-1.36,0.79,0.30,-3.23,-0.90,9.57,-0.11,-0.32,-0.14,-1.42,1.54,9.76,-0.08,-0.30,-0.08,-1.06,1.32,9.79,-0.16,-0.12,-0.04,-0.55,6.65,7.25,-0.18,0.08,0.08,0.23,-0.06,0.99,4.82,-11.29,0.18,R
64.341,32,57,45,21,38,-0.06,-4.35,8.94,0.31,-0.04,0.02,-3.33,-0.34,9.19,0.41,-0.16,0.10,-1.57,1.87,9.50,0.26,-0.12,0.06,-0.98,1.77,9.59,0.09,-0.04,0.08,-0.67,6.80,7.25,0.36,0.07,0.15,0.31,-0.09,0.94,2.69,19.17,-4.33,R
64.392,33,54,43,21,42,-0.05,-3.06,8.71,-0.09,0.19,0.05,-3.39,-0.07,9.43,0.06,-0.19,-0.03,-1.54,1.72,9.58,-0.04,-0.18,-0.04,-1.28,1.94,9.71,-0.05,-0.06,-0.08,-0.40,6.85,7.10,-0.10,0.01,-0.05,0.41,-0.11,0.95,2.56,-9.28,-5.74,R
64.442,32,54,40,21,41,-0.03,-5.16,8.89,-0.02,-0.01,-0.13,-3.28,-0.38,9.23,0.21,-0.16,-0.07,-0.95,1.62,9.84,0.18,-0.15,-0.06,-1.23,1.50,9.74,0.13,-0.03,-0.01,-0.58,6.94,7.09,0.42,-0.02,0.01,0.23,-0.10,0.97,0.79,7.51,-7.93,R
64.494,32,51,41,20,41,-0.11,-4.17,8.96,-0.01,0.14,-0.17,-3.20,0.23,9.23,0.17,-0.22,-0.09,-1.48,2.06,9.45,0.11,-0.15,-0.10,-1.09,1.67,9.63,0.04,-0.05,-0.07,-0.43,7.05,6.75,0.21,-0.10,-0.07,0.37,-0.11,0.94,-2.81,0.00,-8.61,R
64.545,31,49,44,20,41,0.02,-4.53,9.07,0.03,0.07,-0.26,-3.18,-0.07,9.28,0.11,-0.10,-0.19,-1.40,2.20,9.40,0.02,-0.10,-0.19,-1.02,2.24,9.37,-0.07,-0.09,-0.17,-0.63,7.39,6.98,0.11,-0.12,-0.11,0.31,-0.10,0.97,-5.13,-4.88,-8.54,R
64.596,30,46,40,20,42,-0.34,-3.95,9.06,0.13,-0.02,-0.16,-3.14,0.38,9.17,-0.04,-0.10,-0.12,-1.47,2.17,9.32,-0.21,-0.10,-0.10,-1.09,2.13,9.51,-0.14,-0.04,-0.06,-0.46,7.20,6.66,-0.02,-0.03,-0.04,0.29,-0.11,0.97,-0.85,-2.99,-3.60,R
64.647,30,47,38,20,41,0.00,-4.47,9.09,-0.00,0.03,0.01,-3.12,-0.14,9.55,0.04,0.00,0.03,-1.25,1.36,9.63,-0.04,-0.05,0.01,-1.01,1.55,9.59,-0.02,-0.01,-0.01,-0.45,7.13,6.84,0.04,0.01,-0.03,0.31,-0.11,0.95,-0.98,1.53,-2.08,R
64.698,28,46,39,18,40,0.09,-4.11,9.18,0.05,0.02,-0.12,-3.13,-0.07,9.44,0.02,0.03,-0.05,-1.34,1.86,9.51,-0.01,-0.00,-0.05,-1.02,1.79,9.64,-0.05,0.01,-0.06,-0.47,7.12,6.79,-0.03,-0.00,-0.06,0.30,-0.10,0.96,-2.26,-2.62,-2.44,R
64.749,28,43,38,18,41,-0.12,-4.02,9.16,-0.03,0.04,-0.02,-3.08,-0.06,9.37,0.01,-0.00,0.01,-1.23,1.87,9.51,-0.07,-0.02,0.01,-1.01,1.83,9.66,-0.06,-0.00,0.00,-0.54,7.02,6.88,-0.03,0.01,-0.02,0.29,-0.10,0.96,0.12,-0.18,-1.65,R
64.8,30,45,39,19,42,-0.11,-4.34,9.09,0.00,0.07,-0.04,-3.13,0.28,9.50,0.06,0.02,0.01,-1.35,1.88,9.59,-0.07,-0.02,0.00,-1.02,1.75,9.62,-0.05,0.01,-0.01,-0.45,7.16,6.80,-0.06,0.02,-0.02,0.31,-0.10,0.96,-0.06,1.04,-0.79,R
64.851,28,45,37,19,40,-0.04,-4.00,9.10,0.01,0.03,-0.02,-3.06,-0.10,9.39,-0.06,0.03,-0.01,-1.30,1.83,9.54,-0.06,0.01,-0.00,-0.98,1.76,9.65,-0.05,0.02,-0.01,-0.53,7.17,6.93,-0.06,0.04,-0.02,0.30,-0.10,0.96,-0.49,-0.12,-0.24,R
64.902,29,45,39,19,41,-0.09,-4.16,9.19,-0.00,0.01,0.01,-3.00,0.00,9.39,-0.01,0.03,0.02,-1.27,1.86,9.56,-0.04,-0.00,0.02,-0.96,1.75,9.66,-0.02,0.04,0.02,-0.47,7.20,6.88,0.05,0.04,0.01,0.30,-0.09,0.96,0.12,3.30,-0.06,R
64.953,30,43,35,19,41,-0.05,-4.05,9.21,-0.01,0.04,-0.02,-3.05,-0.01,9.40,-0.00,0.03,0.01,-1.28,1.92,9.51,-0.03,0.00,0.00,-1.07,1.83,9.61,-0.05,0.01,-0.01,-0.47,7.17,6.86,-0.05,0.03,-0.03,0.32,-0.10,0.95,-0.49,-1.16,-0.73,R
65.003,29,45,38,19,40,-0.15,-4.16,9.15,-0.04,0.03,-0.02,-3.07,-0.10,9.43,-0.02,0.04,-0.02,-1.24,1.90,9.55,-0.04,0.01,-0.01,-0.97,1.65,9.65,-0.02,0.02,0.00,-0.50,7.13,6.83,0.04,0.04,0.00,0.28,-0.09,0.96,0.31,0.98,0.18,R
65.054,29,43,39,20,42,-0.09,-4.02,9.12,0.04,0.02,0.03,-3.04,-0.01,9.39,-0.02,0.03,0.03,-1.22,1.80,9.61,-0.06,0.02,0.02,-1.05,1.62,9.68,-0.01,0.03,0.02,-0.52,7.20,6.87,0.05,0.02,0.00,0.32,-0.10,0.96,2.26,3.91,0.37,R
65.105,29,42,37,18,41,-0.09,-4.09,9.09,-0.07,0.03,-0.02,-3.11,0.04,9.32,-0.04,0.02,-0.02,-1.33,1.88,9.62,-0.06,-0.00,-0.02,-1.04,1.68,9.56,-0.06,0.00,-0.01,-0.49,7.01,6.88,-0.04,0.02,-0.02,0.30,-0.09,0.96,0.18,-2.69,0.00,R
65.156,30,42,37,17,40,-0.16,-4.16,9.09,0.02,0.03,0.01,-3.03,-0.08,9.37,-0.02,0.02,0.01,-1.22,1.82,9.59,-0.04,0.00,0.02,-0.98,1.61,9.64,0.00,0.02,0.01,-0.58,7.09,6.90,0.04,0.02,0.00,0.31,-0.10,0.96,0.98,2.75,0.18,R
65.207,29,45,37,19,42,-0.11,-4.02,9.09,-0.02,0.03,-0.02,-3.05,-0.11,9.38,-0.04,0.02,-0.01,-1.25,1.75,9.57,-0.04,0.00,-0.01,-0.99,1.67,9.60,-0.02,0.01,-0.01,-0.54,7.07,6.87,0.00,0.03,-0.01,0.30,-0.10,0.96,0.61,-1.71,-0.49,R
65.259,29,46,37,19,41,-0.14,-4.12,9.13,-0.03,0.03,0.00,-3.06,-0.04,9.33,-0.01,0.00,0.01,-1.26,1.87,9.59,-0.05,0.00,0.01,-1.08,1.69,9.60,-0.03,0.02,0.01,-0.56,7.13,6.91,0.01,0.03,0.01,0.30,-0.10,0.96,1.46,0.06,0.12,R
65.309,28,45,36,19,41,-0.06,-4.23,9.10,0.03,0.06,-0.09,-3.10,0.00,9.35,-0.05,0.02,-0.01,-1.34,1.87,9.54,-0.04,-0.02,-0.02,-1.06,1.88,9.63,-0.10,-0.03,-0.03,-0.55,7.15,6.82,-0.14,0.01,-0.03,0.34,-0.10,0.95,1.34,-2.81,-0.43,R
65.36,29,45,37,20,42,-0.13,-4.28,9.16,-0.14,0.06,-0.09,-3.02,-0.08,9.54,-0.05,-0.01,-0.05,-1.21,1.67,9.55,-0.08,-0.04,-0.03,-0.90,1.39,9.65,-0.09,-0.01,-0.01,-0.48,6.91,7.03,-0.03,0.03,-0.01,0.26,-0.09,0.96,2.93,-4.21,1.22,R
65.412,29,43,35,18,42,-0.26,-4.09,9.27,0.10,0.08,-0.10,-3.03,-0.29,9.50,-0.00,-0.04,0.02,-1.20,1.75,9.62,-0.01,-0.03,0.01,-0.94,1.42,9.72,-0.03,-0.00,0.03,-0.59,7.10,6.97,0.03,0.03,0.01,0.31,-0.10,0.96,2.32,2.56,0.06,R
65.463,27,47,23,19,40,-0.06,-3.99,9.10,-0.02,0.07,-0.05,-2.97,0.01,9.42,0.04,0.00,-0.02,-1.25,1.93,9.60,-0.02,-0.03,-0.01,-1.02,1.48,9.75,-0.05,-0.01,-0.01,-0.64,7.28,6.86,-0.08,0.01,-0.03,0.32,-0.10,0.95,0.61,-5.55,-2.01,R
65.515,28,43,36,18,40,-0.21,-4.16,9.11,-0.03,0.06,-0.07,-2.98,-0.05,9.45,0.04,-0.03,-0.01,-1.13,1.81,9.50,0.02,-0.07,0.01,-0.91,1.50,9.68,0.00,-0.04,0.01,-0.44,7.08,6.94,-0.02,-0.01,0.02,0.27,-0.10,0.96,1.34,-2.69,-1.77,R
65.565,28,45,39,19,42,-0.10,-4.17,9.08,0.06,0.01,-0.04,-2.87,-0.07,9.41,0.07,-0.04,0.01,-1.13,1.84,9.58,0.07,-0.09,0.01,-1.00,1.60,9.79,-0.14,-0.17,0.05,-0.54,7.17,7.02,-0.21,0.00,0.01,0.31,-0.10,0.96,-0.67,-3.54,-2.01,R
65.616,29,45,37,17,41,-0.16,-4.06,9.03,0.10,0.11,-0.14,-2.89,0.27,9.48,0.05,-0.05,0.02,-1.11,2.10,9.56,0.13,-0.19,0.00,-0.61,1.31,9.69,-0.06,-0.44,0.01,-0.45,6.94,7.09,-0.19,-0.12,0.07,0.28,-0.10,0.96,0.55,-3.17,-3.11,R
65.667,28,41,35,11,38,-0.39,-3.70,9.46,-0.05,0.11,-0.31,-3.11,0.07,9.10,-0.09,-0.27,-0.04,-1.07,2.17,9.46,-0.12,-0.17,0.00,-0.53,1.43,9.58,-0.26,-0.13,-0.02,-0.28,6.46,7.13,-0.22,-0.01,-0.01,0.26,-0.09,0.97,-3.91,-10.44,-1.77,R
65.717,27,36,30,11,36,-0.24,-4.18,9.14,0.08,-0.00,0.02,-2.53,-0.14,9.45,0.05,-0.19,-0.01,-0.84,1.76,9.54,-0.01,-0.06,0.02,-0.65,1.18,9.72,0.02,0.01,0.01,-0.54,6.96,7.20,0.05,0.01,0.00,0.32,-0.10,0.96,1.71,5.98,-0.43,R
65.769,26,32,29,9,36,-0.00,-4.12,9.11,0.04,0.04,-0.03,-2.56,-0.11,9.51,-0.00,-0.09,-0.05,-0.85,1.81,9.67,-0.15,-0.05,-0.04,-0.62,1.35,9.75,0.02,0.01,-0.08,-0.32,6.79,7.23,0.03,-0.01,-0.06,0.27,-0.09,0.97,-0.18,-5.92,-2.62,R
65.819,27,30,27,10,36,-0.20,-4.05,9.18,0.13,0.02,0.04,-2.59,-0.10,9.61,0.08,-0.08,-0.06,-0.89,1.71,9.77,0.00,-0.08,-0.06,-0.65,0.97,9.76,0.11,0.04,-0.04,-0.58,6.60,7.39,0.17,-0.04,-0.04,0.28,-0.11,0.95,2.56,6.71,-1.28,R
65.871,26,28,28,8,35,-0.22,-3.89,9.29,0.14,0.02,-0.13,-2.50,-0.12,9.50,-0.05,-0.04,-0.20,-0.69,2.05,9.53,-0.04,-0.10,-0.19,-0.53,1.67,9.64,-0.01,-0.01,-0.15,-0.33,6.76,7.09,0.05,-0.07,-0.12,0.27,-0.09,0.97,-0.55,-5.37,-5.13,R
65.921,27,27,30,12,36,-0.21,-3.92,9.20,0.14,-0.07,-0.02,-2.49,-0.10,9.50,0.05,0.02,-0.10,-0.87,1.91,9.65,0.02,-0.03,-0.10,-0.63,1.12,9.73,0.09,0.03,-0.08,-0.44,6.96,7.09,0.23,-0.06,-0.07,0.27,-0.10,0.96,-0.18,9.22,-3.78,R
65.972,26,28,28,9,35,-0.22,-3.32,9.32,0.14,-0.00,-0.04,-2.66,0.26,9.58,-0.02,-0.00,-0.10,-0.91,2.27,9.55,-0.11,-0.06,-0.10,-0.59,1.70,9.63,-0.07,-0.01,-0.09,-0.24,6.96,6.88,0.00,-0.02,-0.05,0.25,-0.10,0.97,2.20,-1.95,-1.95,R
66.023,26,28,27,10,38,-0.05,-3.85,9.24,0.11,-0.06,0.12,-2.61,-0.12,9.66,0.04,-0.02,0.04,-0.85,1.84,9.63,-0.05,-0.02,0.02,-0.63,1.49,9.70,-0.09,0.03,0.03,-0.36,7.11,6.97,0.04,0.04,-0.00,0.31,-0.11,0.96,2.93,7.39,-0.12,R
66.075,27,26,26,11,36,-0.10,-3.58,9.28,0.03,0.00,0.07,-2.40,-0.07,9.52,-0.10,-0.03,0.03,-0.70,1.68,9.69,-0.17,0.00,0.05,-0.75,1.33,9.80,-0.13,0.09,0.05,-0.45,7.02,6.92,0.07,0.12,-0.00,0.28,-0.11,0.96,4.09,3.36,0.18,R
66.126,27,25,26,10,36,-0.16,-3.70,9.29,0.12,0.02,0.07,-2.53,-0.08,9.65,-0.02,-0.01,0.05,-0.82,1.74,9.67,-0.09,-0.00,0.05,-0.69,1.21,9.76,-0.09,0.08,0.05,-0.51,7.06,7.02,0.10,0.11,0.01,0.31,-0.11,0.96,5.49,5.43,0.00,R
66.176,26,25,27,10,37,-0.00,-3.54,9.29,0.02,0.02,0.06,-2.44,0.02,9.53,-0.04,-0.06,0.01,-0.79,1.78,9.66,-0.09,-0.06,0.02,-0.74,1.05,9.78,-0.10,0.01,0.02,-0.59,7.10,7.03,0.03,0.06,-0.01,0.32,-0.11,0.96,5.00,1.53,-0.24,R
66.227,28,29,28,11,38,-0.18,-3.56,9.28,0.06,0.04,0.03,-2.49,-0.15,9.49,0.02,-0.04,0.03,-0.78,1.70,9.61,-0.02,-0.03,0.02,-0.81,1.16,9.87,-0.02,0.06,0.01,-0.55,7.11,6.94,0.13,0.04,0.01,0.29,-0.11,0.95,5.80,8.18,-0.06,R
66.278,26,23,27,9,39,-0.11,-3.49,9.39,0.06,0.05,-0.03,-2.42,0.00,9.73,0.01,-0.00,0.04,-0.74,1.70,9.63,-0.04,0.01,0.02,-0.78,1.20,9.73,0.05,0.08,0.00,-0.55,7.24,6.89,0.09,0.02,0.01,0.29,-0.12,0.95,4.09,2.38,-0.92,R
66.329,24,24,25,10,38,-0.36,-3.54,9.36,0.11,0.06,0.02,-2.59,-0.19,9.53,0.08,-0.01,0.04,-0.72,1.67,9.62,0.06,-0.02,0.00,-0.68,1.31,9.79,0.14,0.09,-0.01,-0.50,7.03,6.92,0.21,0.03,0.08,0.24,-0.11,0.98,14.28,18.19,2.32,R
66.383,26,25,26,13,40,-0.31,-3.66,9.39,0.33,0.05,0.38,-2.27,-0.11,9.70,0.23,-0.05,0.16,-0.60,1.65,9.66,0.13,0.01,0.10,-0.82,1.35,9.72,0.22,0.08,0.08,-0.74,7.31,6.71,0.38,0.06,0.16,0.38,-0.13,0.97,21.48,39.55,4.76,R
66.432,26,19,26,11,40,-0.07,-3.30,9.49,0.25,-0.07,0.39,-1.67,0.40,9.21,0.08,0.02,0.09,-0.68,2.00,9.55,0.09,0.04,0.05,-0.98,1.52,9.67,0.11,0.03,-0.01,-1.32,7.61,6.46,0.04,0.07,0.01,0.42,-0.16,0.95,14.53,11.35,0.06,R
66.483,27,19,24,11,42,-0.17,-3.57,9.07,0.30,-0.32,0.35,-2.46,0.32,9.44,-0.01,-0.01,0.10,-0.74,1.74,9.56,0.06,0.02,0.07,-0.81,1.24,9.69,0.07,0.03,0.05,-0.42,7.31,6.65,0.15,0.08,0.07,0.36,-0.16,0.95,17.94,13.73,-1.71,R
66.533,25,15,26,9,42,-0.12,-2.25,9.21,0.35,-0.14,0.20,-2.38,0.27,9.64,0.00,0.10,0.08,-0.79,1.83,9.58,0.00,0.08,0.06,-0.72,1.54,9.64,0.09,0.04,0.04,-0.38,7.25,6.65,0.09,0.08,0.03,0.34,-0.18,0.92,17.03,1.65,-2.87,R
66.584,23,16,24,8,43,0.41,-3.15,9.28,0.36,-0.19,0.04,-2.21,0.27,9.48,0.07,0.18,0.11,-0.72,2.01,9.55,-0.01,0.13,0.11,-0.87,1.51,9.73,0.09,0.08,0.09,-0.47,7.40,6.61,0.16,0.10,-0.00,0.43,-0.21,0.81,-4.70,-10.13,-7.02,R
66.635,21,15,23,8,44,0.48,-3.10,10.62,-0.26,-0.49,-0.43,-2.31,-0.60,10.35,0.23,0.26,-0.04,-0.68,1.22,9.52,0.05,0.39,0.04,-0.85,1.10,9.73,0.27,0.23,0.02,-0.71,7.06,7.09,0.33,-0.06,-0.09,0.30,-0.22,0.72,-57.31,-34.12,-5.07,R
66.686,18,32,43,18,49,0.58,-3.04,9.72,0.08,-1.42,-2.21,-5.31,0.09,11.27,3.08,-0.10,-0.21,-3.27,3.58,9.86,1.19,1.71,-0.93,-2.06,0.93,10.16,1.90,0.60,-0.34,-0.54,6.60,7.24,0.49,-0.60,-0.30,0.49,-0.12,1.46,-111.08,7.87,5.62,R
66.738,19,40,67,34,44,1.87,-1.62,8.55,0.60,-0.42,-0.34,-0.49,2.19,5.27,-0.33,-0.40,-0.45,-1.16,3.28,7.60,-0.62,-0.78,-0.38,-0.68,4.62,9.37,-0.65,-0.68,-0.73,0.11,8.25,4.91,1.33,-0.76,-0.21,0.34,-0.08,0.86,12.45,21.36,-14.16,R
66.788,18,40,54,26,37,1.01,-0.64,9.86,-0.08,0.00,-0.32,-2.51,2.12,8.50,-1.11,-0.08,-0.40,-1.33,3.90,7.11,-0.30,-0.95,-0.24,-0.57,4.57,7.14,-0.23,-0.90,-0.19,0.60,8.54,4.05,-1.24,-0.28,0.07,0.44,-0.04,0.95,-0.85,-18.80,-2.26,R
66.84,18,43,48,21,34,1.33,-1.65,9.10,0.01,0.38,0.47,-2.11,0.71,8.49,-0.55,0.40,0.40,-0.63,1.98,10.33,-0.45,0.27,0.35,-1.00,-0.03,11.81,-0.97,0.16,0.33,-0.58,5.99,7.68,-1.47,0.13,0.17,0.33,-0.06,0.95,31.49,-7.51,5.98,R
66.89,16,45,41,17,34,1.62,-2.96,9.99,-0.04,0.33,0.15,-2.39,0.20,9.08,-0.24,0.13,-0.06,-1.34,2.11,8.09,-0.10,-0.15,-0.10,-0.45,2.42,9.37,-0.53,0.01,0.00,0.05,7.87,6.78,-0.35,0.09,0.05,0.25,-0.03,0.95,17.76,3.85,-4.15,R
66.942,14,36,38,16,34,1.28,-2.53,9.50,0.11,0.41,0.35,-3.87,0.59,13.60,-0.09,0.37,0.01,-0.54,0.88,9.87,-0.33,-0.42,0.03,-0.76,0.64,9.96,-0.47,0.10,0.07,-0.29,6.92,6.88,-0.04,0.20,0.01,0.34,-0.14,0.96,23.07,1.40,0.55,R
66.993,17,30,34,14,34,0.73,-2.49,10.13,-0.59,0.54,0.45,-2.23,0.31,9.66,-0.20,-0.28,0.01,-0.62,1.61,9.68,-0.25,-0.20,0.04,-0.46,1.01,9.79,-0.22,0.10,0.06,-0.25,6.98,7.01,0.06,0.17,-0.01,0.35,-0.13,0.94,16.42,0.67,1.10,R
67.044,17,29,32,14,35,0.69,-2.68,9.69,-0.03,0.29,0.28,-2.14,-0.23,9.63,-0.03,-0.14,0.02,-0.11,1.59,9.94,-0.16,-0.10,0.06,-0.75,1.14,9.77,-0.18,0.06,-0.00,-0.21,7.30,6.87,0.01,0.09,-0.05,0.40,-0.12,0.94,14.95,8.85,-0.43,R
67.094,16,29,30,17,38,0.43,-2.85,10.19,-0.26,0.25,0.16,-2.27,-0.02,9.64,-0.05,-0.10,-0.02,-0.62,1.51,9.71,-0.14,-0.05,0.02,-0.75,0.99,9.85,-0.07,0.03,-0.02,-0.35,7.17,6.91,-0.02,0.08,-0.05,0.30,-0.17,0.91,10.44,-5.19,-2.01,R
67.146,15,26,28,12,38,0.32,-2.71,9.36,0.05,-0.01,0.06,-2.42,-0.13,9.62,-0.09,-0.04,0.02,-0.68,1.59,9.70,-0.13,0.01,0.04,-0.77,0.91,9.77,-0.06,0.04,0.00,-0.34,7.24,6.91,-0.03,0.04,-0.01,0.34,-0.16,0.93,0.55,-3.72,-0.73,R
67.197,17,26,29,12,38,0.47,-2.65,9.67,-0.14,0.07,-0.01,-2.33,-0.19,9.58,-0.09,0.11,0.01,-0.67,1.58,9.63,-0.10,0.05,0.02,-0.76,1.07,9.80,-0.05,0.03,0.02,-0.34,7.19,6.84,-0.03,0.03,0.00,0.37,-0.14,0.94,-6.41,-3.78,-0.06,R
67.248,16,24,27,12,36,0.35,-2.54,9.65,-0.05,0.06,-0.04,-2.36,0.04,9.63,-0.11,0.02,0.02,-0.64,1.45,9.70,-0.19,0.04,0.02,-0.63,0.84,9.78,-0.08,0.04,0.00,-0.11,7.01,6.96,-0.04,0.06,-0.03,0.33,-0.14,0.95,-2.01,-8.67,-0.55,R
67.299,16,25,26,12,38,0.56,-3.03,9.50,-0.04,0.05,0.01,-2.35,-0.16,9.71,-0.16,0.06,0.04,-0.47,1.54,9.71,-0.25,0.09,0.10,-0.57,0.98,9.77,-0.11,0.07,0.08,-0.18,7.38,6.90,0.01,0.11,-0.02,0.35,-0.14,0.96,-2.20,-8.61,0.24,R
67.35,15,25,28,15,39,0.19,-2.46,9.59,-0.01,0.07,0.02,-2.30,-0.23,9.65,-0.40,0.07,0.07,-0.76,1.52,9.53,-0.43,0.13,0.16,-0.65,1.04,9.86,-0.19,0.16,0.10,-0.35,7.09,6.84,-0.07,0.16,0.01,0.30,-0.12,0.96,3.42,-19.04,2.81,R
67.401,14,27,26,13,38,0.21,-2.70,9.63,-0.02,0.05,0.10,-2.29,-0.57,9.56,-0.38,-0.02,0.12,-0.83,0.97,9.65,-0.42,0.06,0.20,-0.85,0.90,9.84,-0.25,0.07,0.13,-0.33,7.10,6.90,-0.25,0.20,0.01,0.33,-0.17,0.93,-0.49,-24.60,4.70,R
67.452,16,27,27,14,38,0.40,-2.83,9.55,-0.12,0.02,0.00,-2.54,-0.66,9.41,-0.21,0.12,0.02,-0.78,1.02,9.74,-0.19,0.06,0.09,-0.84,0.30,9.88,-0.17,0.03,0.13,-0.48,6.98,7.12,-0.13,0.11,0.07,0.26,-0.13,0.97,-3.17,-8.18,5.80,R
67.502,16,25,27,14,35,0.45,-2.52,9.66,-0.17,0.12,0.00,-2.33,-0.82,9.47,-0.02,0.10,0.04,-0.85,0.56,9.82,0.00,0.09,0.03,-1.11,0.60,9.79,0.02,-0.04,0.03,-0.63,6.81,7.12,-0.31,-0.14,0.09,0.28,-0.16,0.89,-7.81,-5.31,3.48,R
67.554,15,26,25,14,34,0.25,-3.40,9.70,-0.16,0.02,-0.08,-2.86,-1.25,9.78,0.08,0.08,-0.04,-0.68,1.15,9.72,0.32,-0.13,-0.09,-0.91,0.81,9.79,0.23,-0.18,-0.01,-0.32,6.71,7.17,-0.02,-0.16,0.11,0.25,-0.12,0.97,-4.64,11.35,1.04,R
67.605,17,27,28,14,34,0.21,-2.76,9.67,0.11,-0.10,-0.12,-2.43,-0.68,9.61,0.24,0.04,-0.03,-0.70,1.40,9.72,0.35,-0.04,-0.09,-0.65,0.89,9.66,0.29,-0.16,-0.04,-0.21,6.79,7.12,0.05,-0.07,0.04,0.31,-0.11,0.98,-3.23,12.02,0.73,R
67.656,14,25,29,15,33,0.37,-3.10,9.79,0.25,-0.14,0.02,-2.48,-0.70,9.71,0.27,-0.03,0.02,-0.79,1.15,9.76,0.29,-0.11,-0.08,-0.68,0.73,9.73,0.14,-0.03,-0.02,-0.23,6.81,7.13,0.20,0.05,-0.03,0.28,-0.12,0.96,7.45,18.25,0.49,R
67.707,13,28,29,14,34,0.33,-2.65,9.96,0.56,-0.29,0.14,-2.42,-0.23,9.51,0.45,-0.02,0.10,-0.69,1.66,9.55,0.24,-0.09,-0.04,-0.68,1.00,9.77,0.16,0.12,-0.04,-0.13,6.90,7.13,0.30,0.12,-0.07,0.34,-0.14,0.95,8.79,20.81,4.58,R
67.757,16,27,29,15,38,0.74,-2.47,9.60,0.66,-0.45,0.08,-2.46,-0.16,9.39,0.63,0.12,0.14,-0.66,1.96,9.57,0.23,0.06,0.01,-0.85,1.05,9.74,0.29,0.21,-0.05,-0.54,7.13,6.88,0.69,0.11,-0.21,0.34,-0.12,0.97,3.36,25.02,5.31,R
67.809,16,28,29,17,44,0.92,-1.85,9.36,-0.25,0.16,0.20,-2.40,0.44,9.58,-0.17,-0.01,-0.05,-1.03,1.92,9.38,-0.20,0.11,0.01,-0.98,1.48,9.75,0.11,0.00,-0.15,-0.46,7.54,6.56,0.18,0.02,-0.20,0.32,-0.12,0.94,2.20,-10.13,0.43,R
67.86,16,26,28,16,51,0.41,-2.64,9.66,-0.59,0.34,0.16,-2.51,0.02,9.54,-0.04,-0.06,-0.04,-0.75,1.56,9.73,-0.06,-0.02,0.00,-0.79,1.26,9.73,0.02,-0.02,-0.07,-0.53,7.43,6.58,0.07,0.03,-0.08,0.33,-0.15,0.93,9.34,4.52,-0.37,R
67.91,15,27,29,18,52,0.42,-2.61,9.58,0.03,-0.01,0.02,-2.49,-0.14,9.60,-0.06,0.02,0.02,-0.53,1.57,9.78,-0.08,0.04,0.03,-0.91,1.46,9.73,-0.06,0.00,0.01,-0.52,7.51,6.61,-0.00,0.05,-0.00,0.34,-0.13,0.95,0.12,-0.43,-0.67,R
67.962,16,26,29,22,53,0.48,-2.59,9.58,0.00,0.05,0.05,-2.34,-0.14,9.55,-0.07,-0.00,0.03,-0.74,1.53,9.62,-0.07,-0.01,0.03,-0.33,1.39,9.68,-0.07,0.02,0.01,-0.50,7.32,6.76,-0.02,0.05,-0.00,0.36,-0.14,0.92,5.80,0.79,-1.10,R
68.013,17,28,26,16,51,0.53,-2.94,9.65,-0.08,0.05,0.01,-2.39,-0.22,9.62,-0.11,0.02,-0.01,-0.76,1.40,9.66,-0.08,-0.02,-0.00,-0.85,1.21,9.70,-0.11,-0.00,-0.00,-0.48,7.24,6.69,-0.07,0.02,-0.01,0.34,-0.15,0.94,3.23,-3.23,-1.53,R
68.063,14,26,25,17,51,0.40,-2.83,9.64,-0.01,0.04,0.02,-2.39,-0.19,9.62,-0.06,-0.01,0.02,-0.65,1.48,9.71,-0.04,-0.02,0.02,-0.88,1.23,9.79,-0.06,0.01,0.03,-0.52,7.36,6.67,-0.00,0.03,0.00,0.35,-0.15,0.93,3.60,1.40,-0.18,R
68.114,15,26,27,16,49,0.41,-2.86,9.64,-0.04,0.01,-0.01,-2.33,-0.13,9.57,-0.04,0.00,-0.01,-0.58,1.51,9.68,-0.06,-0.02,0.00,-0.82,0.94,9.75,-0.06,0.00,0.01,-0.52,7.35,6.68,0.03,0.08,-0.02,0.33,-0.14,0.94,2.32,-2.08,-1.16,R
68.166,14,26,26,15,50,0.45,-2.70,9.66,-0.04,0.03,-0.01,-2.29,-0.19,9.60,-0.02,-0.01,-0.01,-0.61,1.46,9.63,-0.04,-0.01,0.00,-0.91,1.07,9.72,-0.04,-0.01,0.01,-0.52,7.34,6.65,-0.03,0.03,0.00,0.33,-0.14,0.94,0.98,-1.46,-0.67,R
68.216,14,26,26,17,51,0.53,-2.71,9.63,-0.03,0.03,-0.02,-2.32,-0.22,9.60,-0.04,0.00,-0.02,-0.60,1.47,9.69,-0.02,-0.00,-0.01,-0.84,1.04,9.80,-0.06,-0.01,0.01,-0.60,7.24,6.68,-0.05,0.02,0.01,0.34,-0.15,0.94,1.46,-2.75,-0.98,R
68.267,15,25,27,17,50,0.42,-2.55,9.60,0.01,0.02,-0.02,-2.34,-0.22,9.69,-0.00,0.01,0.00,-0.57,1.49,9.69,-0.01,-0.02,-0.01,-0.72,1.00,9.77,-0.03,0.00,0.00,-0.53,7.29,6.73,-0.03,0.03,0.01,0.35,-0.15,0.94,1.65,0.31,0.00,R
68.318,17,28,25,15,48,0.48,-2.72,9.59,-0.04,0.03,-0.01,-2.28,-0.26,9.59,-0.00,0.01,-0.01,-0.63,1.43,9.70,-0.03,0.00,-0.00,-0.80,1.03,9.74,-0.02,0.01,0.00,-0.50,7.20,6.74,-0.00,0.02,0.00,0.34,-0.15,0.94,-0.06,-0.49,-0.18,R
68.37,16,26,26,17,48,0.44,-2.68,9.64,0.00,0.03,-0.01,-2.31,-0.17,9.65,-0.01,0.01,0.00,-0.55,1.52,9.71,-0.02,0.01,-0.00,-0.73,0.99,9.83,-0.01,0.01,-0.01,-0.50,7.24,6.69,0.00,0.02,-0.02,0.36,-0.15,0.93,1.34,-0.12,-0.06,R
68.42,17,27,27,18,48,0.37,-2.80,9.66,-0.04,0.04,-0.01,-2.29,-0.24,9.63,-0.01,0.04,-0.00,-0.59,1.49,9.70,-0.03,0.02,-0.01,-1.38,1.09,9.51,0.00,0.03,-0.01,-0.51,7.24,6.68,0.02,0.02,-0.02,0.33,-0.15,0.94,0.12,-0.37,0.37,R
68.471,16,26,25,18,49,0.42,-2.68,9.58,-0.02,0.00,0.00,-2.30,-0.20,9.67,-0.01,0.01,-0.00,-0.57,1.54,9.68,-0.02,-0.00,-0.01,-0.79,1.00,9.77,-0.02,0.01,0.00,-0.57,7.22,6.72,0.00,0.02,-0.01,0.34,-0.15,0.94,0.67,-0.24,0.06,R
68.523,16,27,27,18,48,0.36,-2.82,9.55,-0.01,0.02,-0.01,-2.32,-0.19,9.63,0.00,0.01,-0.00,-0.60,1.52,9.70,-0.05,-0.01,0.00,-0.79,0.91,9.79,-0.03,0.01,0.01,-0.54,7.29,6.77,0.00,0.02,-0.01,0.34,-0.14,0.95,0.98,-0.49,0.37,R
68.574,14,26,25,19,48,0.34,-2.61,9.58,-0.04,0.02,-0.00,-2.27,-0.20,9.60,-0.02,0.01,-0.01,-0.58,1.48,9.69,-0.04,-0.01,-0.00,-0.80,0.91,9.79,-0.06,-0.00,0.02,-0.60,7.31,6.71,-0.02,0.03,0.00,0.33,-0.15,0.94,0.43,-2.75,-0.12,R
68.624,14,25,25,18,48,0.34,-2.62,9.51,-0.01,0.00,0.02,-2.29,-0.18,9.61,-0.06,0.01,0.01,-0.57,1.46,9.69,-0.08,0.00,0.01,-0.79,0.86,9.77,-0.08,0.01,0.02,-0.47,7.31,6.77,-0.04,0.03,-0.01,0.36,-0.15,0.93,-1.46,-6.16,-0.49,R
68.675,14,25,26,19,49,0.43,-2.87,9.56,-0.18,0.09,-0.11,-2.33,-0.25,9.62,-0.14,0.04,-0.04,-0.64,1.44,9.68,-0.12,0.02,-0.02,-0.83,0.86,9.76,-0.08,0.02,-0.02,-0.56,7.11,6.78,-0.11,0.02,-0.04,0.30,-0.14,0.96,-5.31,-13.98,-1.22,R
68.728,15,25,25,19,47,0.29,-3.05,9.64,-0.04,0.03,-0.00,-2.37,-0.43,9.59,-0.00,0.02,0.01,-0.65,1.39,9.65,-0.02,0.00,0.01,-0.83,0.93,9.77,-0.00,0.02,0.01,-0.56,7.22,6.79,0.01,0.02,0.01,0.32,-0.15,0.94,0.49,2.99,0.49,R
68.778,14,25,26,19,48,0.40,-2.84,9.52,-0.01,0.01,0.00,-2.25,-0.33,9.62,-0.01,0.02,0.00,-0.55,1.47,9.69,-0.03,0.01,0.00,-0.80,0.96,9.84,-0.03,0.00,-0.00,-0.49,7.19,6.84,-0.01,0.02,-0.02,0.33,-0.14,0.95,1.28,-1.83,-0.31,R
68.829,14,25,26,18,47,0.32,-2.87,9.60,-0.03,0.01,-0.01,-2.35,-0.42,9.60,-0.00,0.01,-0.01,-0.66,1.36,9.60,0.00,-0.00,-0.01,-0.80,0.82,9.72,-0.01,0.00,0.00,-0.57,7.19,6.72,0.02,0.02,0.00,0.31,-0.14,0.94,-0.06,1.65,0.00,R
68.88,14,23,24,17,45,0.46,-2.98,9.53,0.03,0.01,-0.00,-2.21,-0.32,9.61,0.01,0.02,-0.00,-0.64,1.49,9.72,-0.02,-0.00,-0.00,-0.78,0.91,9.79,-0.01,0.01,-0.01,-0.54,7.20,6.81,-0.02,0.01,-0.02,0.34,-0.15,0.94,1.46,-1.16,-0.06,R
68.931,16,26,25,17,46,0.34,-2.80,9.57,-0.02,0.02,-0.02,-2.28,-0.28,9.60,-0.01,0.02,-0.00,-0.65,1.37,9.71,-0.00,0.01,-0.01,-0.83,0.99,9.80,0.00,0.01,-0.00,-0.52,7.12,6.88,0.01,0.02,-0.01,0.32,-0.14,0.95,0.49,1.22,0.37,R
68.982,14,26,27,19,48,0.39,-2.91,9.52,0.04,0.01,0.01,-2.27,-0.29,9.59,0.01,0.04,0.01,-0.63,1.42,9.68,-0.02,0.00,0.01,-0.76,0.90,9.77,0.01,0.02,0.00,-0.56,7.27,6.79,0.02,0.02,-0.01,0.34,-0.14,0.94,0.73,2.50,0.18,R
69.033,14,25,26,18,46,0.42,-2.94,9.49,-0.06,0.01,-0.00,-2.25,-0.29,9.62,-0.02,0.01,-0.00,-0.68,1.51,9.69,-0.04,0.02,0.00,-0.84,0.98,9.82,-0.02,0.01,0.01,-0.57,7.20,6.77,0.01,0.01,-0.01,0.31,-0.14,0.95,1.04,-0.31,-0.06,R
69.084,14,25,25,17,46,0.42,-2.95,9.58,0.01,0.01,-0.01,-2.32,-0.35,9.65,0.00,0.04,-0.01,-0.58,1.52,9.73,-0.02,0.01,-0.01,-0.78,0.78,9.76,0.00,0.01,-0.00,-0.51,7.29,6.83,0.02,0.02,-0.01,0.32,-0.14,0.95,0.49,0.61,0.24,R
69.134,4,25,27,19,48,0.34,-2.94,9.62,-0.00,0.02,0.00,-2.27,-0.26,9.61,0.00,0.03,0.00,-0.61,1.49,9.73,-0.02,0.01,0.01,-0.84,0.92,9.81,-0.01,0.01,0.00,-0.56,7.26,6.78,-0.00,0.02,-0.01,0.33,-0.14,0.94,0.55,-0.18,0.12,R
69.185,14,25,27,18,46,0.45,-2.98,9.53,-0.01,0.00,-0.01,-2.31,-0.31,9.62,-0.00,0.03,-0.01,-0.62,1.56,9.64,-0.01,0.01,-0.00,-0.76,0.82,9.76,-0.00,0.02,0.00,-0.56,7.21,6.80,0.03,0.02,-0.01,0.31,-0.14,0.95,0.61,0.92,0.12,R
69.237,14,24,25,18,45,0.42,-2.89,9.50,-0.02,0.01,-0.00,-2.28,-0.35,9.59,-0.01,0.02,0.01,-0.57,1.47,9.69,-0.03,0.01,0.01,-0.82,0.87,9.79,-0.02,0.01,0.00,-0.53,7.12,6.78,0.00,0.02,-0.01,0.33,-0.14,0.95,0.43,-1.65,-0.06,R
69.288,16,24,27,17,46,0.44,-3.01,9.51,-0.01,0.00,-0.00,-2.34,-0.29,9.59,0.01,0.04,0.00,-0.65,1.47,9.70,-0.00,0.01,0.00,-0.78,0.92,9.76,0.01,0.01,0.00,-0.56,7.18,6.79,0.02,0.02,-0.01,0.32,-0.14,0.94,-0.24,0.61,0.18,R
69.339,14,24,25,18,46,0.43,-2.89,9.60,-0.01,0.02,0.00,-2.27,-0.20,9.62,-0.00,0.03,0.00,-0.61,1.45,9.71,-0.03,0.02,0.00,-0.75,1.00,9.82,-0.01,0.02,-0.01,-0.56,7.23,6.85,-0.00,0.02,-0.01,0.33,-0.14,0.94,0.61,-0.24,0.12,R
69.39,14,23,25,17,46,0.33,-2.87,9.53,-0.00,0.01,0.01,-2.29,-0.30,9.58,0.01,0.03,0.01,-0.68,1.50,9.70,-0.03,0.01,0.00,-0.74,0.96,9.79,-0.00,0.01,-0.00,-0.55,7.19,6.75,0.02,0.02,-0.01,0.33,-0.14,0.95,0.12,1.16,0.18,R
69.441,15,24,25,17,45,0.43,-3.22,9.60,0.01,0.01,-0.02,-2.35,-0.30,9.60,0.00,0.05,-0.00,-0.69,1.54,9.70,-0.02,0.02,0.00,-0.81,0.92,9.80,-0.00,0.01,0.00,-0.55,7.13,6.86,0.01,0.02,-0.00,0.33,-0.14,0.94,0.18,0.79,0.31,R
69.492,16,25,26,18,46,0.38,-2.90,9.56,-0.01,0.02,-0.01,-2.39,-0.27,9.62,0.00,0.03,-0.00,-0.65,1.48,9.69,-0.03,0.00,0.00,-0.82,0.95,9.76,-0.00,0.01,-0.01,-0.56,7.17,6.77,0.00,0.02,-0.00,0.32,-0.14,0.95,0.12,-0.24,0.06,R
69.542,14,24,26,17,46,0.39,-2.86,9.56,0.01,0.01,0.01,-2.36,-0.28,9.56,-0.00,0.02,0.02,-0.68,1.49,9.70,-0.01,0.02,0.01,-0.81,1.03,9.77,0.01,0.01,0.01,-0.57,7.20,6.79,0.01,0.02,-0.00,0.34,-0.14,0.94,-0.06,1.53,0.12,R
69.593,15,23,25,18,46,0.40,-2.96,9.53,-0.01,0.01,-0.02,-2.32,-0.33,9.65,-0.01,0.03,-0.01,-0.69,1.44,9.67,-0.04,0.00,-0.01,-0.78,0.97,9.74,-0.03,0.01,0.00,-0.48,7.21,6.79,-0.00,0.02,-0.01,0.33,-0.14,0.95,0.61,-0.92,0.18,R
69.645,14,23,26,17,46,0.43,-2.98,9.53,-0.00,0.01,0.01,-2.26,-0.28,9.57,0.00,0.03,0.01,-0.65,1.45,9.66,-0.02,0.02,0.01,-0.82,0.93,9.71,0.01,0.02,0.00,-0.59,7.20,6.81,0.02,0.02,0.00,0.32,-0.14,0.94,0.00,0.92,0.18,R
69.696,12,21,26,19,47,0.42,-2.81,9.49,-0.01,0.01,-0.01,-2.30,-0.29,9.61,-0.01,0.02,0.00,-0.68,1.40,9.73,-0.04,0.00,-0.01,-0.80,0.93,9.81,-0.03,0.00,-0.00,-0.55,7.19,6.82,-0.00,0.02,-0.01,0.33,-0.14,0.95,0.55,-1.04,0.06,R
69.747,13,24,26,17,48,0.37,-2.88,9.52,-0.01,0.02,-0.01,-2.34,-0.30,9.64,-0.00,0.03,0.00,-0.70,1.54,9.71,-0.02,0.01,0.01,-0.73,0.96,9.79,0.00,0.01,0.00,-0.50,7.23,6.80,0.03,0.02,-0.01,0.32,-0.14,0.95,0.67,0.79,0.12,R
69.798,16,24,25,18,46,0.35,-3.01,9.56,-0.01,0.01,0.00,-2.34,-0.26,9.62,0.00,0.04,0.01,-0.77,1.61,9.65,-0.03,0.01,0.01,-0.83,0.96,9.77,0.00,0.01,0.00,-0.60,7.15,6.79,-0.00,0.02,-0.00,0.33,-0.14,0.94,0.31,-0.12,0.31,R
69.849,14,25,26,17,48,0.42,-2.98,9.51,0.01,0.01,-0.00,-2.35,-0.31,9.62,-0.02,0.02,0.00,-0.76,1.48,9.72,-0.03,0.01,-0.00,-0.79,0.94,9.83,-0.01,0.01,0.01,-0.53,7.22,6.83,0.01,0.02,-0.01,0.33,-0.14,0.95,0.85,-0.18,0.06,R
69.9,14,24,26,18,48,0.38,-2.87,9.52,0.01,0.01,-0.01,-2.37,-0.33,9.57,0.01,0.04,0.01,-0.73,1.54,9.68,-0.03,0.00,0.01,-0.82,0.98,9.75,-0.02,0.01,0.01,-0.57,7.17,6.80,0.00,0.02,-0.01,0.33,-0.14,0.94,0.49,-0.12,0.12,R
69.95,14,23,26,18,44,0.23,-2.94,9.71,-0.04,-0.02,0.01,-2.33,-0.23,9.55,0.01,0.04,0.01,-0.71,1.47,9.70,-0.04,0.01,0.01,-0.78,1.01,9.79,-0.01,0.01,-0.00,-0.59,7.24,6.81,0.01,0.02,-0.01,0.33,-0.14,0.95,0.31,0.37,0.18,R
70.002,14,23,26,18,46,0.38,-3.02,9.51,-0.00,0.01,-0.00,-2.34,-0.36,9.61,-0.01,0.03,0.01,-0.70,1.51,9.68,-0.03,0.01,0.01,-0.81,0.92,9.74,-0.01,0.01,0.01,-0.51,7.20,6.79,0.02,0.02,-0.01,0.32,-0.14,0.94,1.28,-0.31,0.24,R
70.053,14,23,28,19,47,0.46,-2.97,9.37,-0.01,0.01,0.00,-2.41,-0.04,9.72,0.02,0.03,0.01,-0.74,1.53,9.63,-0.04,0.01,0.01,-0.79,0.85,9.83,-0.02,0.01,0.00,-0.53,7.18,6.75,0.02,0.02,-0.00,0.33,-0.13,0.95,0.31,0.12,0.37,R
70.104,13,24,26,19,47,0.38,-2.94,9.57,0.01,0.01,0.01,-2.39,-0.24,9.61,-0.02,0.03,0.01,-0.71,1.53,9.66,-0.04,0.01,0.00,-0.86,0.92,9.81,-0.01,0.01,0.01,-0.56,7.22,6.79,0.01,0.03,-0.01,0.33,-0.14,0.94,1.10,-0.37,0.79,R
70.154,14,24,28,17,46,0.08,-2.75,10.22,0.05,0.02,-0.00,-2.42,-0.47,9.61,-0.01,0.04,0.03,-0.79,1.53,9.69,-0.02,0.01,0.02,-0.79,1.00,9.79,0.01,0.01,0.02,-0.57,7.17,6.82,0.02,0.03,0.01,0.34,-0.14,0.95,0.43,2.32,0.98,R
70.206,13,25,28,17,45,0.53,-3.05,9.45,-0.00,-0.00,0.03,-2.30,-0.25,9.62,-0.01,0.04,0.02,-0.70,1.55,9.72,-0.05,0.03,0.02,-0.89,0.86,9.83,0.01,0.02,0.00,-0.54,7.33,6.82,0.02,0.03,-0.01,0.33,-0.14,0.95,0.61,-0.06,1.16,R
70.257,14,20,25,18,46,0.64,-3.43,9.00,-0.15,0.01,0.07,-2.46,-0.31,9.59,0.02,0.10,0.04,-0.91,1.49,9.70,0.01,0.08,0.03,-0.95,0.96,9.73,0.07,0.04,0.03,-0.65,7.30,6.74,0.04,0.05,0.02,0.34,-0.15,0.95,0.49,2.32,2.62,R
70.308,16,24,27,18,46,0.28,-3.19,9.58,-0.35,-0.00,0.13,-2.43,-0.25,9.57,0.03,0.22,0.05,-0.81,1.56,9.58,-0.00,0.22,0.04,-0.73,0.99,9.62,0.14,0.12,-0.00,-0.43,7.12,6.73,0.05,0.09,-0.07,0.34,-0.13,0.97,-3.66,-2.38,5.86,R
70.359,16,23,26,17,47,0.25,-3.50,9.44,-0.16,0.00,0.24,-2.71,-0.38,9.55,0.11,0.38,0.08,-1.07,1.38,9.63,0.12,0.33,0.04,-0.96,0.88,9.85,0.46,0.23,-0.01,-0.87,7.18,6.61,0.37,0.13,-0.07,0.28,-0.13,1.09,16.36,25.82,9.77,R
70.409,18,25,26,17,48,0.42,-4.05,11.65,0.31,-0.26,0.33,-3.19,-0.18,10.00,0.57,1.22,0.34,-1.05,1.40,9.46,0.69,1.12,0.10,-1.49,1.25,9.69,1.29,0.77,0.08,-0.99,7.16,6.70,1.08,0.50,-0.47,0.32,-0.17,1.10,25.76,47.61,6.47,R
70.461,19,26,28,14,51,0.20,-3.63,12.13,1.30,-0.01,-0.13,-6.15,0.43,12.71,1.71,1.85,0.47,-3.53,2.24,9.24,1.78,2.68,-0.22,-3.19,3.06,8.95,2.11,1.86,-0.25,-2.85,7.95,4.70,2.12,1.13,-1.94,0.63,-0.30,1.05,13.00,78.80,2.75,R
70.512,21,27,50,22,48,-1.31,-0.15,11.67,0.53,0.09,-0.03,-7.22,5.42,8.66,1.22,2.20,-0.02,-7.56,9.85,11.59,1.24,3.23,-0.43,-5.77,11.24,11.17,1.98,3.39,0.14,-4.69,14.69,4.71,1.46,2.62,-1.62,0.65,-0.32,0.91,-4.15,22.40,32.65,R
70.564,23,27,65,31,59,-2.11,0.87,11.20,0.49,0.01,1.01,-8.14,5.20,9.48,-0.40,1.04,1.40,-6.87,6.34,9.90,-0.62,1.02,1.37,-5.82,6.00,8.92,-0.46,0.69,1.35,-4.71,9.36,2.26,-0.13,1.21,0.71,0.69,-0.27,0.90,39.12,21.97,72.57,R
70.614,24,29,67,33,57,-1.92,-0.51,10.85,0.21,-0.31,1.84,-6.84,3.78,5.48,-0.65,0.65,1.72,-5.90,5.14,4.34,-0.54,1.16,1.66,-5.07,5.25,3.74,-0.47,1.63,1.79,-3.96,5.83,-1.06,-0.25,2.51,0.46,0.46,-0.23,0.86,57.07,-3.48,93.57,R
70.667,23,29,69,34,62,-2.06,-0.62,8.84,1.04,0.46,2.78,-6.57,3.20,2.47,-0.48,2.12,2.63,-6.52,3.30,1.70,-0.34,2.91,2.31,-6.58,3.20,3.30,-0.02,3.08,2.22,-6.32,5.44,2.14,0.11,3.85,-0.20,0.40,-0.13,0.76,100.52,63.84,113.16,R
70.716,23,28,70,34,63,-1.95,-1.60,6.13,0.57,2.01,3.55,-6.96,-1.33,3.43,-1.14,3.28,2.39,-6.71,-1.57,4.89,-1.40,3.48,1.77,-7.06,-1.47,4.89,-1.06,3.42,1.35,-7.35,3.05,5.33,-0.99,3.55,-1.15,0.52,-0.26,0.73,179.20,30.88,91.61,R
70.768,21,25,70,32,63,-2.31,-5.31,5.96,-1.24,3.04,2.89,-6.93,-5.60,4.64,-0.58,3.83,0.71,-7.69,-5.74,6.36,-0.91,4.04,-0.16,-8.30,-5.04,7.95,-0.85,4.22,-0.49,-8.49,2.11,9.05,-1.03,2.46,-2.79,0.39,-0.27,0.66,208.13,-22.77,-2.14,R
70.819,16,25,73,40,68,-2.60,-6.78,5.75,-0.92,3.83,1.03,-8.32,-5.27,7.94,-0.34,3.20,-1.59,-8.38,-4.18,10.42,-0.62,2.85,-2.25,-8.76,-3.35,10.59,-0.47,3.05,-2.61,-8.64,4.80,10.46,-0.72,0.36,-3.48,0.38,-0.38,0.66,147.89,-46.20,-93.32,R
70.869,13,24,72,49,70,-0.94,-10.53,5.97,-2.23,3.41,-0.92,-9.84,-8.51,11.33,0.60,1.00,-3.41,-10.64,-7.81,15.11,-0.28,0.38,-3.85,-11.35,-5.09,14.82,-0.22,-0.14,-4.62,-10.76,6.21,13.30,-0.44,-3.25,-3.61,0.33,-0.51,0.74,14.71,-108.09,-206.18,R
70.92,13,23,72,52,70,-5.42,-9.85,7.33,-2.31,2.48,-3.88,-12.99,-4.17,10.86,0.01,-1.50,-5.52,-13.17,-1.88,13.96,-0.51,-2.52,-5.37,-12.90,-0.71,13.71,-0.80,-3.34,-5.42,-11.43,8.47,10.15,-1.46,-6.24,-2.44,0.14,-0.42,0.78,-129.94,-166.44,-248.72,R
70.972,9,21,72,47,66,-6.62,-6.37,10.20,-2.92,1.09,-4.66,-16.28,3.46,15.26,-1.33,-5.40,-5.61,-15.04,4.47,15.49,0.06,-5.94,-5.09,-12.45,9.94,13.36,-0.36,-7.03,-4.09,-9.46,14.37,7.29,-1.06,-8.46,1.30,0.02,-0.30,0.69,-226.68,-188.29,-173.65,R
71.022,11,46,81,45,63,-7.18,-8.42,17.84,-2.25,-2.23,-5.39,-12.88,0.98,9.36,-0.39,-3.76,-2.65,-12.23,5.94,8.25,0.06,-5.34,-0.64,-10.48,3.38,5.85,0.76,-6.95,-0.37,-6.50,3.30,0.26,1.10,-5.79,3.88,-0.26,-0.18,0.78,-298.83,-106.08,-64.09,R
71.072,20,101,99,49,63,-7.60,-7.31,10.34,0.20,-4.54,-4.68,-11.03,0.94,4.24,1.61,-3.10,-0.03,-7.41,-0.79,-1.81,2.48,-3.53,1.42,-4.45,-1.07,-0.41,3.60,-2.22,1.79,-1.57,0.41,-0.12,4.19,-1.36,2.92,-0.06,-0.07,1.03,-330.69,105.83,48.77,R
71.124,23,127,124,83,79,-6.49,-2.02,6.59,2.57,-3.39,-3.36,-2.69,1.20,1.13,3.32,-1.34,2.12,-2.72,4.14,1.28,3.49,1.52,2.22,-0.94,6.87,3.96,4.02,3.32,2.64,1.46,5.58,0.45,4.53,2.67,1.08,0.14,0.44,1.01,-132.26,186.10,83.80,R
71.174,29,136,144,98,99,1.51,-5.57,3.63,4.27,-2.02,0.27,-1.98,2.05,5.97,1.93,0.48,4.45,-0.85,3.49,4.30,2.14,1.49,4.34,-0.25,3.52,2.13,2.93,2.14,4.06,-0.38,5.20,-3.29,3.84,5.34,0.66,0.03,0.54,0.91,31.92,262.27,79.90,R
71.226,32,136,144,107,110,2.49,-4.37,5.28,6.09,-0.14,2.65,-2.58,0.07,3.77,2.86,2.03,5.08,-2.98,2.09,-1.52,3.42,4.40,3.91,-6.47,3.87,2.29,3.82,5.59,2.93,-7.41,14.31,5.87,3.71,4.75,-1.01,0.30,0.38,0.89,181.95,300.66,46.69,R
71.276,37,128,147,98,101,0.93,-2.82,7.47,5.73,1.41,3.22,-7.71,1.40,6.39,2.62,3.75,3.82,-13.06,7.67,12.69,1.20,6.14,2.59,-9.84,7.60,11.79,1.46,3.40,1.73,-6.34,17.50,8.91,1.25,2.62,-0.19,0.72,-0.07,0.72,231.99,202.70,49.26,R
71.327,35,123,147,93,82,2.20,-3.02,9.93,1.93,0.78,1.73,-9.62,-0.92,13.86,0.58,1.70,2.34,-9.30,-0.44,11.62,0.17,1.59,1.88,-7.38,1.40,8.44,0.66,1.80,1.32,-5.88,6.00,4.85,0.97,1.90,-0.22,0.68,-0.12,0.89,61.58,77.21,46.20,R
71.378,33,120,145,92,81,0.27,-2.16,4.41,-0.13,2.43,0.81,-3.73,-2.08,1.40,0.14,1.53,-0.06,-4.95,-3.39,0.91,-0.22,1.38,-0.65,-7.99,-2.75,3.63,-0.13,2.32,-1.39,-10.04,3.72,8.33,-0.77,0.96,-2.77,0.81,-0.14,0.98,101.26,-9.09,-42.97,R
71.43,32,118,137,90,82,-1.17,-3.51,-0.48,-2.47,3.92,0.18,-6.81,-8.82,3.85,-0.09,1.30,-4.08,-10.22,-10.57,6.92,-1.64,0.68,-5.19,-13.43,-6.60,10.97,-2.23,0.01,-6.57,-12.32,5.65,9.95,-3.64,-3.11,-5.74,0.99,-0.27,0.64,105.77,-230.22,-217.04,R
71.481,24,94,126,85,78,-7.85,-8.83,3.18,-4.84,6.86,-0.51,-13.60,-3.15,5.25,-3.05,0.38,-7.70,-15.01,-0.92,5.86,-1.64,0.40,-8.24,-12.93,7.42,8.27,-2.00,0.02,-7.77,-7.62,14.93,6.52,-3.00,-2.78,-6.17,0.13,-0.05,0.66,101.44,-292.24,-285.34,R
71.533,16,76,119,79,73,-7.39,-14.13,27.02,-1.94,2.87,-2.77,-19.53,3.42,24.03,0.35,2.44,-4.93,-17.28,11.43,26.52,0.97,-0.39,-4.18,-9.72,11.98,19.73,1.95,-1.91,-2.82,-3.17,19.57,4.84,1.87,-2.94,-0.75,-0.37,-0.38,0.79,-59.45,-93.51,-141.05,R
71.583,21,86,118,79,72,-9.41,-3.39,17.26,2.08,-5.90,-1.61,-18.07,11.75,6.18,0.83,-4.39,1.59,-14.58,17.80,-2.69,2.62,-3.65,4.22,-10.26,15.00,-1.49,2.34,-2.30,5.63,-5.66,8.35,-9.37,3.48,1.52,6.66,-0.44,-0.33,0.96,-197.02,157.47,144.53,R
71.633,29,116,129,80,87,-9.59,-10.78,13.23,7.90,-5.72,0.57,-13.63,-0.51,2.15,5.01,-0.77,10.68,-14.00,-1.37,0.62,5.17,0.94,10.90,-10.87,1.60,-2.80,7.51,2.92,9.11,-11.99,9.82,-1.50,10.17,5.90,4.66,0.36,0.40,0.36,-35.77,594.36,248.60,R
71.685,23,127,125,85,81,0.85,-11.48,0.54,9.91,-3.54,-0.15,-7.53,-14.47,12.10,3.93,-0.39,6.79,-8.03,-12.69,17.50,3.82,0.87,4.54,-13.53,-0.09,28.89,3.60,1.85,4.36,-9.09,19.09,20.76,4.03,1.84,2.16,2.14,-0.32,0.32,24.72,396.61,123.35,R
71.736,26,134,133,86,80,2.90,4.79,-2.89,-0.90,-2.33,-2.13,-2.97,0.37,2.89,-1.21,-2.18,-3.14,-4.22,0.38,4.55,-0.94,-2.91,-2.00,-6.56,3.06,4.55,-2.16,-3.81,-2.15,-5.85,7.73,-0.51,-3.14,-4.09,0.77,0.92,0.23,0.54,-231.32,-172.85,-27.34,R
71.787,32,137,135,88,91,3.00,-2.35,11.79,-2.96,-0.47,-1.81,-5.20,5.38,5.68,-0.21,-1.67,-2.81,-5.06,7.85,1.80,-0.34,-2.95,-2.07,-3.57,7.13,-0.51,-0.29,-2.54,-1.75,-2.54,7.63,-2.74,-0.39,-3.01,0.05,0.43,0.09,0.64,-84.66,-110.60,-68.18,R
71.838,27,132,131,87,89,-1.65,2.79,4.61,-3.33,-0.02,-2.39,-4.44,4.75,4.84,-0.68,-1.65,-3.37,-5.13,6.52,6.97,-1.38,-2.57,-3.00,-5.79,8.13,9.52,-2.47,-2.99,-2.59,-3.94,13.60,4.28,-4.23,-3.78,0.21,0.94,0.16,0.62,-119.26,-228.03,-40.71,R
71.888,24,130,129,83,85,2.20,-2.32,3.41,-6.03,-0.03,-0.45,-2.59,1.39,4.40,-4.10,-1.70,-4.27,-3.34,1.82,5.64,-4.97,-2.96,-3.94,-4.24,3.90,6.04,-5.64,-3.88,-3.63,-3.55,8.60,3.08,-6.09,-5.01,0.02,0.47,0.20,0.64,-23.13,-351.81,-81.91,R
71.939,22,128,122,80,79,1.02,-5.80,9.12,-5.69,1.22,-0.45,-7.08,-1.00,8.27,-3.38,-1.60,-4.86,-5.34,4.58,6.99,-2.83,-1.91,-4.15,-2.66,9.70,5.73,-3.71,-3.11,-2.83,0.34,9.91,-1.02,-3.93,-2.47,-0.12,0.04,0.09,0.79,-6.35,-270.81,-77.15,R
71.99,24,119,117,71,72,0.62,-6.06,14.52,-1.88,0.25,-0.44,-7.22,2.45,10.45,-0.07,-1.24,-1.05,-5.15,4.56,10.71,-0.08,-2.69,0.28,-2.04,4.05,6.47,0.20,-2.56,0.63,0.37,3.85,1.07,1.13,-0.67,1.17,-0.21,0.11,1.03,20.14,41.02,-9.22,R
72.042,22,108,97,53,64,0.58,-4.41,8.35,1.92,0.41,0.64,-3.31,0.93,4.40,1.10,-1.67,1.86,-1.41,1.80,4.68,1.34,-1.68,1.65,-1.69,2.63,7.50,1.00,-0.66,1.31,-1.42,7.43,8.29,0.41,0.32,1.15,0.34,-0.01,1.01,90.58,93.08,18.31,R
72.092,23,90,72,34,48,1.51,-5.55,9.39,2.61,0.36,0.23,-3.92,0.62,10.99,1.59,-0.74,0.67,-1.55,1.97,12.68,1.76,-0.76,0.40,-1.02,2.78,12.30,1.67,0.07,0.25,0.65,12.82,9.14,1.56,0.65,-0.26,0.50,-0.20,1.09,51.33,81.85,2.08,R
72.143,24,75,59,28,40,-0.32,-3.31,9.61,1.91,0.09,0.96,-3.12,2.61,8.84,0.41,-0.46,0.75,-2.06,3.29,7.66,0.43,-0.27,0.81,-0.93,3.31,9.80,0.16,0.34,0.84,-0.24,9.28,7.92,0.17,0.99,0.20,0.45,-0.07,1.13,53.65,37.23,16.05,R
72.194,21,64,46,20,38,-1.81,-3.16,9.32,0.70,0.05,0.71,-3.51,0.59,11.17,-0.36,-0.16,0.29,-1.36,3.53,15.53,-0.85,0.04,0.29,-0.54,2.59,17.42,-1.53,0.02,0.52,0.16,10.11,7.40,-1.70,1.19,0.14,0.55,-0.12,1.24,38.88,-60.06,0.92,R
72.246,21,48,46,19,36,2.22,-4.97,12.04,0.47,-0.66,1.04,-3.29,0.47,12.00,-0.58,-0.55,0.85,-1.22,2.32,10.18,-0.03,-0.44,1.02,-0.66,1.84,10.38,-0.13,0.08,0.93,-1.02,6.66,8.82,-0.07,0.58,0.70,0.15,-0.13,1.02,33.87,7.57,25.82,R
72.297,18,43,41,18,36,0.79,-1.03,7.40,-0.48,0.58,0.95,-1.38,-0.55,6.78,-0.57,0.02,0.35,-0.33,1.06,5.18,-0.58,0.44,0.28,-0.08,1.23,5.66,-0.84,0.98,0.46,-1.53,12.29,15.05,-2.55,0.46,0.17,0.26,-0.10,0.84,33.14,-47.91,5.13,R
72.348,19,36,38,15,35,3.55,-9.85,9.04,-0.56,0.06,0.12,-5.89,-5.54,29.06,-1.92,-0.32,-0.08,-0.43,0.09,7.23,-0.38,0.14,-0.03,-0.54,-0.69,11.00,0.04,0.17,0.01,-0.92,6.23,8.44,0.48,0.14,-0.08,0.11,-0.30,1.08,2.32,-9.22,-6.71,R
72.398,17,29,35,14,37,0.08,-1.16,8.69,-0.09,0.49,-0.15,-2.64,0.65,10.82,0.23,-0.27,-0.10,-0.81,1.04,10.10,-0.16,-0.26,-0.09,-0.63,1.09,9.70,-0.17,-0.01,-0.09,-0.55,6.24,7.62,-0.23,0.04,-0.08,0.41,-0.23,0.93,12.88,13.37,-8.42,R
72.449,17,25,34,17,36,0.62,-3.10,9.76,-0.09,-0.14,-0.17,-2.50,-0.58,9.40,-0.01,0.00,-0.16,-1.00,1.63,9.60,-0.02,-0.11,-0.14,-0.60,0.95,9.78,-0.16,0.00,-0.08,-0.52,6.13,7.62,-0.16,0.04,0.04,0.20,-0.14,0.97,-12.94,-0.37,-5.37,R
72.5,17,27,36,16,38,0.52,-4.06,9.36,0.03,0.06,-0.06,-2.61,-0.65,9.52,0.23,0.08,0.04,-0.78,1.44,9.66,0.08,0.03,-0.01,-0.57,1.03,9.76,0.08,0.04,-0.01,-0.63,6.27,7.66,0.15,0.07,0.04,0.28,-0.15,0.96,-1.65,13.43,-3.54,R
72.553,17,26,35,17,40,0.80,-3.61,9.44,-0.07,0.08,-0.15,-2.36,-0.05,9.62,0.29,0.06,-0.05,-0.75,1.74,9.61,0.05,0.00,-0.06,-0.62,1.14,9.79,-0.02,0.03,-0.06,-0.57,6.65,7.54,0.01,0.05,-0.05,0.29,-0.14,0.96,-6.04,3.85,-4.52,R
72.603,16,28,35,17,41,0.43,-3.71,9.28,0.01,0.03,-0.12,-2.73,-0.21,9.29,0.06,0.15,0.01,-0.98,1.61,9.67,0.05,0.05,0.02,-0.70,0.93,9.78,0.08,0.06,0.02,-0.54,6.38,7.58,0.18,0.03,0.04,0.23,-0.16,0.95,-5.74,12.33,-2.44,R
72.653,17,31,34,17,41,0.70,-3.75,9.12,0.07,0.06,-0.07,-2.38,-0.07,9.64,0.17,0.07,0.02,-0.82,1.67,9.64,0.02,0.04,0.02,-0.62,1.22,9.81,0.05,0.04,-0.00,-0.50,6.53,7.57,0.04,0.04,-0.00,0.32,-0.14,0.97,-4.09,3.30,-2.44,R
72.705,17,30,35,17,42,0.39,-3.46,9.37,0.01,0.06,-0.13,-2.44,-0.16,9.54,0.11,0.07,0.04,-0.89,1.61,9.67,0.04,0.06,0.04,-0.71,1.13,9.80,0.13,0.06,0.04,-0.59,6.66,7.41,0.20,0.03,0.05,0.26,-0.15,0.96,-1.95,9.58,-1.71,R
72.756,18,32,32,16,40,0.68,-3.06,9.09,0.00,0.03,0.03,-2.40,0.15,9.53,0.06,0.05,0.04,-0.81,1.70,9.60,0.01,0.03,0.03,-0.58,1.14,9.68,0.04,0.04,0.01,-0.36,6.60,7.37,0.03,0.04,0.00,0.34,-0.13,0.96,-3.91,-0.79,-2.50,R
72.806,16,35,35,17,42,0.51,-3.92,9.36,-0.04,0.06,-0.11,-2.48,-0.12,9.57,0.12,0.15,0.05,-1.02,1.70,9.58,0.09,0.09,0.02,-0.73,1.16,9.73,0.12,0.07,0.02,-0.50,6.68,7.31,0.18,0.04,0.02,0.28,-0.15,0.95,-5.19,6.23,-2.08,R
72.857,18,35,36,17,41,0.54,-2.95,9.29,-0.03,0.06,-0.02,-2.57,0.16,9.49,-0.02,0.04,0.03,-0.94,1.83,9.62,-0.05,0.02,0.01,-0.71,1.18,9.74,-0.03,0.02,0.00,-0.51,6.62,7.34,0.00,0.04,-0.03,0.34,-0.14,0.95,-2.62,-4.64,-2.14,R
72.909,19,35,35,17,42,0.68,-4.33,9.15,-0.10,0.03,-0.03,-2.59,0.03,9.52,0.04,0.10,-0.01,-1.03,1.68,9.66,-0.03,0.06,0.01,-0.76,1.35,9.75,0.02,0.03,-0.00,-0.49,6.73,7.35,0.06,0.03,0.00,0.27,-0.12,0.97,-2.87,1.34,-1.22,R
72.96,18,35,37,18,42,0.55,-3.51,9.16,-0.01,0.07,-0.02,-2.62,0.04,9.51,0.02,0.03,0.03,-0.95,1.73,9.58,-0.01,0.02,0.01,-0.73,1.34,9.73,0.00,0.03,0.00,-0.59,6.76,7.21,0.03,0.03,-0.02,0.33,-0.14,0.95,-0.79,0.37,-1.46,R
73.01,19,37,36,19,43,0.66,-3.63,9.27,-0.11,0.07,-0.04,-2.57,-0.12,9.34,-0.01,0.02,-0.02,-0.88,1.77,9.66,0.00,0.01,-0.01,-0.73,1.30,9.74,-0.01,0.02,-0.00,-0.57,6.80,7.30,0.03,0.01,-0.01,0.28,-0.12,0.96,-1.34,-1.89,-1.83,R
73.061,19,37,37,19,42,0.43,-3.53,9.23,-0.16,0.10,-0.05,-2.69,0.06,9.48,-0.00,0.04,-0.00,-0.97,1.74,9.62,-0.00,0.01,-0.01,-0.79,1.35,9.73,-0.01,0.02,-0.02,-0.51,6.68,7.35,-0.02,0.03,-0.02,0.31,-0.12,0.96,-1.34,-0.92,-0.73,R
73.113,18,35,35,19,43,0.45,-3.91,9.34,-0.06,0.05,0.03,-2.60,-0.03,9.50,-0.01,0.03,0.00,-1.04,1.70,9.66,-0.02,0.01,0.01,-0.80,1.25,9.78,0.02,0.02,0.00,-0.59,6.73,7.27,0.02,0.01,-0.00,0.30,-0.13,0.96,-0.43,0.73,-0.49,R
73.165,19,37,35,19,43,0.50,-4.01,9.16,0.05,0.02,-0.01,-2.59,0.01,9.53,-0.03,0.01,0.01,-1.02,1.66,9.60,-0.04,0.00,0.00,-0.78,1.20,9.73,-0.02,0.01,0.00,-0.57,6.77,7.25,0.01,0.01,-0.01,0.30,-0.13,0.95,1.53,-0.06,-0.24,R
73.215,20,35,35,18,42,0.43,-3.65,9.26,-0.02,0.04,-0.01,-2.66,0.09,9.48,0.00,0.05,0.01,-1.00,1.74,9.62,-0.04,0.01,0.01,-0.77,1.25,9.73,-0.00,0.02,0.01,-0.59,6.74,7.25,0.03,0.02,0.00,0.30,-0.12,0.96,-0.67,0.12,0.06,R
73.265,19,38,36,18,42,0.53,-3.90,9.20,-0.03,0.04,0.04,-2.58,-0.04,9.54,-0.02,0.02,0.00,-1.03,1.66,9.59,-0.02,0.00,0.00,-0.79,1.34,9.71,-0.02,0.02,0.00,-0.61,6.78,7.27,0.01,0.02,-0.01,0.30,-0.13,0.95,1.46,0.37,0.06,R
73.316,18,39,36,20,42,0.40,-3.85,9.23,0.03,0.03,-0.03,-2.65,0.17,9.54,-0.01,0.03,0.01,-1.00,1.69,9.62,-0.03,0.01,0.01,-0.77,1.19,9.69,-0.01,0.01,0.01,-0.57,6.69,7.30,0.01,0.02,0.01,0.30,-0.13,0.96,1.16,1.16,0.06,R
73.368,21,38,37,19,42,0.39,-3.69,9.19,-0.01,0.02,0.01,-2.59,-0.01,9.61,-0.01,0.02,0.01,-0.96,1.70,9.60,-0.03,0.01,0.01,-0.78,1.20,9.72,0.00,0.02,0.00,-0.56,6.87,7.27,0.03,0.02,-0.01,0.30,-0.13,0.96,0.49,0.55,-0.31,R
73.418,20,36,36,18,42,0.37,-3.69,9.21,0.01,0.03,-0.01,-2.57,-0.05,9.54,-0.04,-0.00,0.00,-1.07,1.72,9.58,-0.03,-0.02,-0.00,-0.79,1.14,9.73,-0.02,0.01,0.01,-0.57,6.72,7.31,0.00,0.01,0.00,0.30,-0.13,0.95,1.46,0.24,-0.18,R
73.47,19,35,34,19,42,0.35,-3.60,9.28,-0.01,0.02,0.04,-2.58,0.07,9.52,-0.03,-0.01,0.02,-1.02,1.78,9.66,-0.03,-0.02,0.01,-0.79,1.34,9.69,-0.03,-0.00,0.01,-0.58,6.83,7.25,0.00,0.02,0.01,0.31,-0.13,0.96,4.15,1.59,0.49,R
73.52,19,37,34,18,42,0.51,-3.79,9.17,-0.08,0.02,0.03,-2.61,0.00,9.50,-0.07,-0.02,-0.02,-0.99,1.60,9.64,-0.06,-0.03,-0.01,-0.70,1.14,9.74,-0.06,-0.01,-0.01,-0.55,6.70,7.27,-0.03,0.02,-0.01,0.30,-0.13,0.96,2.08,-3.11,-0.31,R
73.572,19,35,34,19,42,0.40,-3.88,9.30,0.02,0.02,0.01,-2.48,-0.02,9.56,-0.00,-0.02,0.02,-0.87,1.68,9.64,-0.03,-0.01,0.02,-0.75,1.24,9.77,0.02,0.01,0.02,-0.53,6.78,7.23,0.04,0.02,0.02,0.30,-0.14,0.95,2.62,3.17,-0.06,R
73.623,21,35,33,19,42,0.33,-3.84,9.20,-0.07,0.02,0.01,-2.52,-0.02,9.58,-0.04,-0.01,0.00,-0.99,1.73,9.58,-0.02,-0.02,-0.01,-0.79,1.24,9.71,-0.03,-0.00,0.00,-0.54,6.63,7.30,-0.03,0.02,0.01,0.30,-0.13,0.96,2.01,-2.08,-0.73,R
73.674,21,36,33,18,41,0.39,-4.10,9.10,0.04,0.02,-0.02,-2.59,-0.05,9.59,-0.02,0.00,0.00,-0.96,1.71,9.65,-0.03,-0.01,-0.00,-0.74,1.21,9.72,-0.03,0.01,0.00,-0.52,6.64,7.43,0.02,0.02,-0.01,0.30,-0.13,0.95,1.46,0.49,0.06,R
73.724,21,34,35,19,42,0.34,-3.93,9.19,0.03,0.03,-0.02,-2.53,-0.03,9.50,-0.01,0.01,0.01,-0.90,1.69,9.62,-0.03,-0.02,0.00,-0.74,1.16,9.74,-0.05,-0.01,-0.00,-0.49,6.79,7.30,-0.02,0.02,-0.01,0.31,-0.13,0.95,1.71,-0.31,-0.24,R
73.776,19,34,36,18,42,0.36,-3.71,9.20,-0.00,0.02,-0.01,-2.52,-0.05,9.55,0.00,0.02,0.01,-0.93,1.70,9.57,-0.04,0.01,0.01,-0.75,1.18,9.75,0.01,0.02,0.01,-0.55,6.82,7.26,0.02,0.02,0.00,0.30,-0.13,0.95,0.43,0.61,-0.18,R
73.827,22,35,32,19,42,0.46,-4.20,9.16,0.05,0.03,-0.02,-2.52,0.03,9.57,0.01,0.02,0.01,-0.99,1.74,9.66,-0.01,-0.01,0.00,-0.73,1.21,9.76,-0.03,0.00,0.00,-0.48,6.66,7.30,-0.01,0.01,-0.01,0.32,-0.13,0.95,1.40,0.73,-0.37,R
73.877,21,34,32,18,42,0.32,-3.82,9.22,0.02,0.01,-0.02,-2.51,-0.01,9.53,0.01,0.00,0.00,-0.93,1.58,9.60,-0.02,-0.01,0.01,-0.71,1.30,9.75,0.02,0.00,0.00,-0.48,6.67,7.34,0.01,0.02,0.01,0.30,-0.14,0.95,0.92,0.55,-0.31,R
73.928,19,34,34,19,41,0.45,-4.24,9.11,0.01,0.01,-0.00,-2.47,-0.05,9.53,0.01,0.02,-0.00,-0.91,1.66,9.62,-0.02,0.01,0.00,-0.78,1.21,9.74,-0.00,0.01,0.01,-0.46,6.68,7.28,0.00,0.02,0.01,0.31,-0.14,0.95,0.67,0.06,-0.18,R
73.979,21,32,33,17,41,0.36,-4.12,9.18,0.01,0.02,-0.03,-2.52,0.01,9.52,0.02,0.01,-0.01,-0.95,1.70,9.57,-0.02,-0.01,-0.00,-0.72,1.19,9.72,-0.00,0.01,0.00,-0.48,6.66,7.24,0.01,0.02,0.00,0.30,-0.14,0.95,0.73,0.12,-0.12,R
74.031,20,35,34,18,42,0.39,-3.97,9.20,0.03,0.03,-0.01,-2.42,-0.09,9.49,0.04,0.00,-0.00,-1.00,1.77,9.66,0.01,-0.01,-0.00,-0.75,1.27,9.77,-0.00,0.01,-0.00,-0.56,6.75,7.24,0.01,0.02,-0.01,0.32,-0.14,0.96,0.73,0.73,-0.73,R
74.081,20,31,33,17,43,0.36,-3.63,9.24,0.03,0.03,-0.04,-2.49,0.20,9.76,0.11,-0.00,-0.04,-0.89,1.69,9.54,0.05,0.02,-0.02,-0.72,1.28,9.68,0.02,0.01,-0.01,-0.52,6.69,7.29,0.03,0.02,-0.00,0.31,-0.14,0.95,-0.61,-0.55,-0.85,R
74.132,20,32,30,17,42,0.41,-3.92,9.20,0.05,0.04,-0.06,-2.46,-0.52,9.55,0.03,-0.01,-0.04,-0.95,1.75,9.60,0.08,-0.01,-0.03,-0.76,1.20,9.78,0.02,0.00,-0.01,-0.54,6.67,7.33,0.02,0.02,-0.01,0.30,-0.14,0.95,1.46,0.06,-1.04,R
74.184,19,31,33,19,42,0.36,-3.30,9.33,0.07,0.05,-0.04,-2.32,0.07,9.67,0.04,-0.02,-0.06,-0.96,1.62,9.71,0.09,0.02,-0.02,-0.79,1.30,9.74,0.10,0.02,-0.01,-0.43,6.69,7.32,0.05,0.03,-0.01,0.31,-0.14,0.95,-2.20,-0.67,-2.69,R
74.234,20,30,32,17,42,0.39,-3.79,9.23,0.01,0.04,-0.10,-2.33,-0.07,9.61,0.04,-0.07,-0.10,-0.91,1.70,9.48,0.05,-0.03,-0.06,-0.78,1.32,9.79,0.06,0.01,0.01,-0.48,6.71,7.25,0.06,0.03,-0.02,0.30,-0.14,0.95,-1.34,-0.55,-3.17,R
74.286,20,25,33,19,43,0.15,-3.76,9.28,0.01,0.01,-0.07,-2.32,0.34,9.53,-0.05,-0.02,-0.09,-0.97,2.21,9.63,-0.01,-0.03,-0.08,-0.76,1.65,9.69,0.07,0.05,0.02,-0.47,6.84,7.24,0.04,0.01,-0.01,0.30,-0.13,0.96,-0.43,-0.37,-2.26,R
74.336,20,26,34,19,44,0.20,-3.55,9.23,0.06,0.03,-0.06,-2.38,0.30,9.58,-0.00,0.01,0.02,-0.90,1.96,9.54,-0.12,-0.01,0.01,-0.61,1.41,9.79,-0.07,0.05,-0.03,-0.45,6.64,7.29,0.08,0.01,-0.01,0.30,-0.14,0.95,1.22,1.22,-1.04,R
74.388,19,25,33,19,43,0.34,-3.55,9.31,0.03,0.02,-0.02,-2.42,0.11,9.62,-0.01,0.01,0.00,-0.94,1.86,9.55,-0.06,-0.00,0.01,-0.75,1.39,9.72,-0.01,0.01,0.00,-0.46,6.78,7.23,0.01,0.01,-0.01,0.30,-0.14,0.96,0.92,-0.18,-0.18,R
74.439,19,25,33,21,44,0.35,-3.68,9.25,-0.01,0.01,-0.00,-2.34,0.07,9.56,-0.01,0.03,0.01,-0.91,1.79,9.55,-0.04,0.00,0.01,-0.79,1.29,9.70,0.01,0.02,0.01,-0.54,6.77,7.23,0.04,0.02,-0.00,0.29,-0.14,0.95,0.73,0.73,-0.24,R
74.49,18,26,32,19,43,0.31,-3.55,9.22,0.06,0.01,-0.05,-2.44,0.24,9.50,-0.01,0.03,-0.00,-0.92,1.77,9.63,-0.06,-0.00,0.01,-0.81,1.30,9.75,-0.01,0.01,0.00,-0.46,6.90,7.17,0.02,0.02,0.00,0.30,-0.13,0.96,1.04,-0.85,0.12,R
74.54,19,26,34,20,44,0.43,-3.49,9.31,0.03,0.05,-0.03,-2.35,-0.59,9.96,-0.13,-0.01,-0.03,-0.91,1.76,9.81,0.09,0.01,-0.02,-0.73,1.35,9.70,0.03,0.01,0.00,-0.44,6.87,7.21,0.02,0.03,-0.01,0.31,-0.14,0.95,-0.55,0.12,-1.59,R
74.591,18,25,32,20,44,0.76,-4.19,9.27,-0.02,0.01,-0.09,-2.24,0.04,9.59,0.06,0.02,-0.04,-0.74,1.50,9.65,0.10,-0.01,-0.04,-0.67,1.32,9.73,0.15,0.02,-0.00,-0.51,6.89,7.12,0.11,0.05,-0.04,0.32,-0.13,0.96,-2.62,0.85,-4.70,R
74.643,19,26,30,18,44,0.38,-3.63,9.31,-0.03,0.10,-0.17,-2.35,-0.16,9.59,0.01,-0.04,-0.14,-0.90,1.71,9.64,0.06,-0.10,-0.16,-0.72,1.65,9.65,0.20,0.01,-0.06,-0.50,7.07,7.06,0.13,0.00,-0.06,0.28,-0.14,0.96,0.00,-1.95,-5.55,R
74.694,19,26,30,19,46,0.30,-3.64,9.36,0.00,0.06,-0.12,-2.29,0.22,9.65,-0.01,0.02,-0.06,-0.92,2.15,9.50,-0.03,-0.04,-0.09,-0.72,1.64,9.65,0.05,0.01,-0.05,-0.48,6.87,7.09,0.10,0.00,-0.04,0.29,-0.13,0.95,-0.67,-0.85,-3.30,R
74.744,19,24,32,19,47,0.26,-3.60,9.42,0.09,0.05,-0.05,-2.41,0.22,9.60,0.03,0.01,-0.01,-0.87,1.97,9.59,-0.10,-0.03,-0.01,-0.75,1.56,9.67,-0.03,0.01,-0.01,-0.57,7.07,6.99,0.09,0.02,-0.02,0.30,-0.14,0.96,2.56,1.46,-0.67,R
74.796,18,26,33,19,46,0.47,-3.65,9.35,0.02,0.02,-0.01,-2.38,0.20,9.62,0.00,0.01,-0.01,-0.79,1.87,9.61,-0.09,-0.03,-0.01,-0.74,1.58,9.68,-0.07,-0.00,-0.02,-0.50,6.93,7.09,-0.00,0.01,-0.02,0.30,-0.14,0.95,1.83,-1.28,-0.31,R
74.846,18,25,32,21,47,0.37,-3.79,9.28,-0.01,0.00,-0.01,-2.34,0.14,9.65,-0.04,0.02,0.01,-0.79,1.88,9.62,-0.06,-0.00,0.01,-0.78,1.46,9.71,-0.04,0.01,0.00,-0.57,7.05,7.02,0.03,0.01,-0.00,0.29,-0.13,0.96,1.22,0.73,0.43,R
74.897,18,26,30,20,48,0.35,-3.46,9.35,-0.06,0.01,0.00,-2.31,0.15,9.59,-0.07,0.00,-0.01,-0.87,1.85,9.57,-0.08,-0.01,-0.01,-0.79,1.50,9.64,-0.08,-0.01,-0.02,-0.65,7.01,6.99,-0.06,0.02,-0.03,0.30,-0.14,0.95,0.49,-4.64,0.18,R
74.949,18,26,30,21,47,0.42,-3.68,9.30,0.02,0.01,-0.04,-2.33,0.08,9.61,-0.09,0.02,-0.00,-0.79,1.81,9.62,-0.08,-0.02,-0.00,-0.71,1.36,9.73,-0.07,-0.01,0.00,-0.49,6.88,7.11,-0.03,0.02,-0.00,0.29,-0.13,0.96,2.26,-1.16,0.98,R
75.0,19,25,29,19,45,0.56,-3.95,9.22,0.01,-0.00,0.00,-2.33,0.12,9.64,-0.09,0.01,0.01,-0.75,1.76,9.65,-0.09,-0.01,0.00,-0.79,1.43,9.76,-0.06,0.00,-0.00,-0.56,6.98,7.08,-0.01,0.02,-0.02,0.31,-0.14,0.96,2.38,-0.67,0.49,R
75.051,18,25,29,20,46,0.38,-3.70,9.23,-0.13,0.03,-0.00,-2.34,0.00,9.57,-0.11,-0.01,-0.02,-0.79,1.73,9.66,-0.11,-0.02,-0.01,-0.79,1.28,9.69,-0.07,0.01,-0.02,-0.56,6.95,7.08,-0.04,0.01,-0.01,0.27,-0.14,0.96,2.01,-5.62,0.79,R
75.103,19,25,28,19,45,0.43,-3.67,9.28,0.07,0.00,0.04,-2.20,0.05,9.66,-0.08,-0.02,0.03,-0.78,1.81,9.68,-0.09,-0.03,0.03,-0.56,1.20,9.89,-0.08,0.00,0.01,-0.57,7.05,7.08,-0.03,0.00,0.02,0.31,-0.13,0.96,5.19,0.92,1.04,R
75.153,20,25,30,19,44,0.48,-3.35,9.27,-0.06,0.03,-0.02,-2.21,-0.00,9.60,-0.12,-0.00,-0.03,-0.78,1.79,9.63,-0.14,-0.02,-0.01,-0.71,1.32,9.69,-0.09,-0.02,-0.03,-0.46,6.77,7.14,-0.15,-0.06,0.02,0.32,-0.13,0.97,1.77,-10.13,1.28,R
75.204,20,26,29,20,42,0.36,-3.69,9.38,0.14,0.05,-0.03,-2.25,-0.15,9.71,-0.07,-0.00,0.04,-0.66,1.60,9.68,-0.12,-0.04,0.05,-0.68,1.07,9.72,-0.01,0.01,0.01,-0.50,6.92,7.19,0.03,-0.03,0.02,0.28,-0.15,0.94,6.16,1.16,2.44,R
75.254,21,28,28,19,41,0.35,-3.75,9.29,0.01,0.07,-0.05,-2.30,-0.01,9.70,-0.05,0.01,-0.02,-0.73,1.59,9.73,-0.09,-0.05,-0.02,-0.74,1.24,9.77,-0.08,-0.01,-0.03,-0.43,6.81,7.17,-0.06,0.00,-0.03,0.28,-0.14,0.96,5.92,-5.92,-0.37,R
75.306,21,27,30,19,42,0.29,-3.63,9.31,-0.01,0.04,-0.01,-2.25,-0.22,9.64,0.00,0.01,0.00,-0.74,1.53,9.67,-0.04,-0.03,0.01,-0.74,1.21,9.72,-0.01,-0.00,-0.01,-0.48,6.89,7.23,-0.01,-0.01,-0.01,0.30,-0.15,0.96,1.46,0.43,-0.92,R
75.357,21,28,28,20,42,0.45,-3.77,9.28,0.01,0.08,-0.04,-2.02,-0.20,9.33,-0.02,0.01,-0.01,-0.86,1.62,9.52,-0.02,0.02,-0.02,-0.74,1.26,9.69,-0.02,-0.00,-0.04,-0.47,6.81,7.21,-0.01,0.00,-0.03,0.26,-0.15,0.96,8.67,-2.08,-3.30,R
75.407,21,30,28,17,42,0.32,-3.69,9.26,0.07,0.09,-0.00,-2.24,-0.18,9.54,0.08,0.14,0.01,-0.68,1.60,9.72,-0.01,-0.05,-0.02,-0.79,1.04,9.80,-0.02,-0.02,-0.06,-0.44,6.80,7.24,-0.01,-0.01,-0.04,0.29,-0.16,0.98,11.23,3.72,-3.42,R
75.458,23,41,28,19,43,0.30,-3.58,9.29,0.03,0.16,0.07,-1.90,0.13,9.64,0.22,0.37,0.01,-0.64,1.71,9.67,0.06,-0.03,-0.06,-0.70,1.24,9.71,0.01,-0.01,-0.08,-0.47,6.75,7.20,-0.05,-0.03,-0.06,0.30,-0.19,0.90,11.90,3.91,-5.37,R
75.51,24,49,30,19,44,0.06,-3.49,9.68,0.16,0.02,-0.11,-2.54,0.02,9.56,0.04,0.07,-0.05,-0.65,1.69,9.61,-0.00,-0.02,-0.07,-0.63,1.20,9.77,0.00,-0.01,-0.08,-0.34,6.70,7.23,-0.04,-0.03,-0.06,0.28,-0.20,0.94,-3.30,0.73,-5.92,R
75.561,24,47,28,19,42,0.03,-3.55,9.40,-0.04,-0.01,-0.04,-2.55,-0.09,9.59,-0.01,0.01,0.01,-0.68,1.61,9.70,-0.04,0.02,0.02,-0.67,1.20,9.86,0.01,0.03,0.03,-0.36,6.87,7.32,0.07,0.03,0.03,0.26,-0.17,0.97,-3.72,3.36,-0.43,R
75.612,24,45,28,19,43,0.28,-3.61,9.28,-0.03,-0.02,0.03,-2.39,-0.10,9.60,-0.03,0.01,0.01,-0.56,1.58,9.68,-0.03,0.03,0.02,-0.66,1.17,9.70,0.02,0.03,0.04,-0.39,6.68,7.25,0.09,0.04,0.01,0.25,-0.16,0.95,-1.34,0.92,0.55,R
75.662,22,45,26,18,42,0.29,-3.67,9.38,-0.01,-0.01,-0.00,-2.55,0.07,9.56,-0.01,0.04,0.00,-0.75,1.74,9.67,-0.02,0.03,0.00,-0.76,1.30,9.69,-0.03,0.02,0.00,-0.49,6.79,7.16,-0.00,0.04,-0.01,0.31,-0.18,0.96,-3.54,-4.27,0.18,R
75.713,21,42,26,19,44,0.25,-3.62,9.32,0.01,-0.03,0.04,-2.39,-0.04,9.68,-0.03,0.02,0.02,-0.68,1.58,9.61,-0.01,0.03,0.01,-0.79,1.17,9.73,0.01,0.03,0.02,-0.54,6.90,7.15,0.02,0.04,-0.01,0.31,-0.18,0.93,-3.17,3.11,0.06,R
75.764,22,43,26,18,44,0.19,-3.74,9.27,-0.07,-0.00,-0.04,-2.51,0.08,9.54,-0.02,0.01,-0.00,-0.56,1.60,9.70,-0.06,0.01,0.01,-0.66,1.16,9.77,-0.01,0.02,0.02,-0.38,6.80,7.30,0.04,0.04,-0.01,0.28,-0.14,0.98,-0.24,-0.31,-0.24,R
75.815,19,41,28,21,44,0.41,-3.62,9.25,0.01,-0.00,0.02,-2.40,0.00,9.51,-0.01,0.03,0.02,-0.66,1.58,9.62,-0.02,0.04,0.02,-0.76,1.24,9.78,0.04,0.04,0.03,-0.56,6.79,7.17,0.09,0.05,0.01,0.28,-0.16,0.94,-4.03,3.17,0.98,R
75.867,22,42,29,20,43,0.29,-3.45,9.33,0.02,0.01,0.01,-2.41,0.11,9.59,-0.01,0.03,-0.00,-0.68,1.65,9.66,-0.03,0.01,-0.00,-0.66,1.29,9.73,-0.02,0.02,0.01,-0.45,6.82,7.14,0.01,0.03,-0.02,0.32,-0.16,0.95,0.43,-1.22,0.31,R
75.917,21,41,28,18,44,0.26,-3.63,9.34,0.02,0.01,0.01,-2.56,-0.03,9.57,0.01,0.05,0.02,-0.75,1.57,9.70,-0.02,0.04,0.02,-0.80,1.30,9.72,0.01,0.02,0.01,-0.46,6.90,7.14,0.04,0.03,-0.01,0.31,-0.16,0.96,-1.77,3.97,0.61,R
75.968,19,41,29,19,43,0.33,-3.59,9.30,-0.02,0.03,-0.01,-2.46,-0.02,9.61,-0.02,0.03,-0.01,-0.69,1.56,9.68,-0.04,0.01,-0.01,-0.79,1.26,9.70,-0.01,0.01,0.00,-0.45,6.96,7.20,-0.01,0.02,-0.01,0.28,-0.16,0.94,0.00,-1.22,-0.18,R
76.019,20,39,27,17,43,0.13,-3.49,9.26,-0.00,0.01,-0.00,-2.56,-0.04,9.53,-0.02,0.01,-0.01,-0.70,1.63,9.66,-0.04,-0.01,0.00,-0.72,1.29,9.73,-0.03,-0.00,0.01,-0.49,6.85,7.19,-0.01,0.02,0.00,0.30,-0.15,0.96,0.61,0.18,0.73,R
76.07,21,39,28,19,43,0.36,-3.60,9.32,-0.02,0.01,0.01,-2.47,0.00,9.58,-0.02,0.02,0.00,-0.71,1.44,9.68,-0.02,0.01,0.00,-0.75,1.25,9.71,-0.00,0.01,0.01,-0.46,6.79,7.16,0.01,0.02,-0.01,0.29,-0.16,0.95,-1.04,0.31,0.49,R
76.122,21,39,29,19,43,0.30,-3.88,9.27,-0.01,0.01,-0.02,-2.47,0.00,9.52,-0.03,0.01,-0.01,-0.79,1.67,9.72,-0.04,0.01,-0.00,-0.76,1.28,9.78,-0.04,0.00,0.01,-0.50,6.90,7.16,-0.00,0.01,-0.01,0.30,-0.15,0.96,0.55,0.12,0.43,R
76.173,21,39,27,19,42,0.33,-3.68,9.32,-0.04,0.02,0.00,-2.43,-0.04,9.59,-0.00,0.04,-0.00,-0.69,1.58,9.64,-0.03,0.02,-0.01,-0.75,1.20,9.74,-0.01,0.02,-0.00,-0.54,6.97,7.11,0.01,0.02,-0.01,0.29,-0.15,0.95,-0.43,-0.31,0.43,R
76.223,20,38,27,19,42,0.31,-3.62,9.32,-0.02,0.02,-0.00,-2.48,-0.04,9.56,-0.03,0.01,0.00,-0.70,1.62,9.69,-0.02,0.01,-0.00,-0.74,1.24,9.68,-0.01,0.02,-0.00,-0.47,6.89,7.07,0.01,0.02,-0.01,0.29,-0.16,0.95,0.79,-0.37,0.00,R
76.274,20,38,28,19,44,0.25,-3.62,9.36,-0.01,0.01,0.00,-2.50,0.06,9.59,-0.00,0.03,0.00,-0.68,1.65,9.65,-0.03,0.00,-0.00,-0.76,1.32,9.76,-0.00,0.01,-0.00,-0.54,6.99,7.10,0.02,0.02,-0.02,0.30,-0.15,0.96,0.24,0.49,0.24,R
76.326,22,40,28,19,43,0.35,-3.82,9.27,-0.03,0.01,-0.01,-2.46,-0.02,9.61,0.01,0.03,0.00,-0.77,1.57,9.68,-0.03,0.01,0.01,-0.73,1.27,9.71,0.00,0.01,-0.00,-0.54,6.86,7.13,0.00,0.01,-0.01,0.30,-0.15,0.95,-0.43,0.61,0.18,R
76.377,19,37,28,19,44,0.29,-3.59,9.33,0.00,0.02,-0.02,-2.47,-0.03,9.58,-0.01,0.01,-0.00,-0.69,1.55,9.62,-0.03,-0.01,0.00,-0.75,1.24,9.71,-0.01,0.01,-0.00,-0.47,6.92,7.18,0.03,0.02,-0.02,0.29,-0.15,0.95,1.40,0.85,0.00,R
76.427,19,37,28,20,44,0.34,-3.75,9.27,-0.01,0.01,-0.01,-2.46,0.01,9.54,-0.01,0.04,-0.00,-0.74,1.69,9.66,-0.03,0.01,-0.01,-0.71,1.27,9.75,-0.02,0.01,-0.01,-0.50,6.79,7.13,-0.01,0.02,-0.02,0.29,-0.15,0.95,0.43,-1.65,-0.18,R
76.478,20,38,29,19,43,0.26,-3.67,9.30,-0.01,0.01,0.00,-2.44,0.00,9.54,-0.00,0.02,0.01,-0.74,1.61,9.65,-0.01,0.01,0.01,-0.74,1.27,9.70,0.00,0.01,0.01,-0.51,6.90,7.13,0.02,0.02,-0.01,0.30,-0.15,0.95,0.18,1.10,0.24,R
76.53,20,39,30,19,44,0.34,-3.85,9.27,-0.02,0.01,-0.00,-2.52,0.07,9.58,-0.02,0.03,-0.00,-0.78,1.57,9.63,-0.04,0.01,0.00,-0.72,1.27,9.72,-0.01,0.01,-0.00,-0.55,6.85,7.16,0.01,0.02,-0.02,0.28,-0.15,0.95,0.67,-0.61,0.00,R
76.58,21,39,26,19,43,0.22,-3.62,9.32,-0.01,0.03,-0.03,-2.49,-0.05,9.60,-0.01,0.06,-0.01,-0.76,1.62,9.64,-0.03,0.00,-0.01,-0.70,1.23,9.73,-0.04,0.00,-0.00,-0.52,6.94,7.13,-0.01,0.02,-0.02,0.30,-0.15,0.96,0.79,-1.77,0.12,R
76.632,20,39,27,19,43,0.24,-3.64,9.31,0.02,0.02,-0.01,-2.47,-0.10,9.56,-0.02,0.03,0.01,-0.78,1.60,9.66,-0.03,0.02,0.01,-0.77,1.28,9.72,0.01,0.02,0.01,-0.54,6.89,7.12,0.04,0.02,-0.00,0.29,-0.16,0.95,0.00,0.92,0.12,R
76.683,21,37,28,18,43,0.31,-3.66,9.34,-0.02,-0.00,-0.00,-2.50,-0.04,9.60,-0.02,0.03,-0.00,-0.70,1.62,9.66,-0.04,0.01,0.00,-0.70,1.28,9.73,-0.02,0.00,-0.00,-0.48,6.83,7.21,-0.02,0.01,-0.01,0.29,-0.15,0.96,0.79,-1.46,0.12,R
76.734,19,38,28,19,43,0.23,-3.59,9.37,0.00,0.01,0.00,-2.47,-0.02,9.65,0.00,0.02,0.00,-0.70,1.58,9.65,-0.03,-0.00,0.01,-0.73,1.24,9.77,0.01,0.01,0.00,-0.52,6.87,7.16,0.00,0.02,-0.01,0.29,-0.15,0.96,0.37,0.06,0.00,R
76.784,20,38,26,20,44,0.32,-3.62,9.18,0.01,0.01,-0.00,-2.53,-0.01,9.56,-0.00,0.01,0.01,-0.72,1.66,9.66,-0.02,0.01,0.00,-0.81,1.24,9.76,-0.01,0.01,-0.00,-0.50,6.90,7.17,0.01,0.02,-0.01,0.30,-0.15,0.95,0.31,0.73,0.24,R
76.835,19,37,28,19,44,0.28,-3.64,9.29,-0.00,0.01,-0.01,-2.49,-0.03,9.59,-0.02,0.04,-0.01,-0.75,1.66,9.67,-0.03,0.02,-0.00,-0.69,1.23,9.73,-0.01,0.01,0.00,-0.54,6.81,7.17,0.01,0.02,-0.01,0.29,-0.15,0.96,0.43,-0.49,0.24,R
76.886,19,37,26,19,43,0.25,-3.72,9.29,-0.01,0.01,-0.01,-2.51,-0.05,9.59,-0.01,0.02,0.01,-0.78,1.58,9.61,-0.04,0.01,0.00,-0.69,1.27,9.75,-0.01,0.01,0.00,-0.49,6.80,7.19,0.01,0.02,-0.01,0.29,-0.15,0.95,0.37,0.06,0.37,R
76.937,19,38,28,19,43,0.34,-3.66,9.30,-0.01,0.02,-0.01,-2.52,0.02,9.54,0.00,0.02,-0.01,-0.70,1.70,9.62,-0.03,0.01,-0.00,-0.71,1.25,9.76,-0.01,0.01,0.00,-0.50,6.90,7.05,0.01,0.03,-0.02,0.30,-0.15,0.96,0.12,-0.37,0.00,R
76.989,19,36,27,20,44,0.27,-3.64,9.28,-0.01,0.01,0.00,-2.46,-0.02,9.55,-0.01,0.02,0.01,-0.75,1.60,9.68,-0.02,0.01,0.01,-0.72,1.22,9.71,0.00,0.01,-0.00,-0.48,6.95,7.13,0.03,0.02,-0.01,0.29,-0.15,0.95,0.18,0.24,0.18,R
77.039,20,37,28,18,44,0.32,-3.70,9.32,0.01,0.01,0.00,-2.56,-0.02,9.54,-0.01,0.02,0.00,-0.67,1.56,9.63,-0.03,0.00,0.00,-0.71,1.31,9.74,-0.01,0.02,0.00,-0.52,6.88,7.10,0.02,0.03,-0.01,0.29,-0.15,0.95,1.40,0.24,0.24,R
77.091,18,38,15,20,44,0.28,-3.65,9.29,-0.01,0.01,-0.01,-2.51,-0.02,9.59,-0.01,0.03,0.00,-0.76,1.63,9.67,-0.02,0.02,0.00,-0.73,1.35,9.76,0.01,0.01,0.00,-0.53,6.94,7.14,0.00,0.02,-0.01,0.29,-0.15,0.95,0.31,0.18,-0.24,R
77.142,19,38,28,19,44,0.37,-3.71,9.27,0.00,0.01,0.00,-2.48,0.00,9.55,-0.01,0.02,0.00,-0.72,1.64,9.67,-0.03,0.01,-0.00,-0.72,1.23,9.65,-0.01,0.02,0.00,-0.57,6.85,7.19,0.02,0.02,-0.01,0.29,-0.15,0.95,0.85,-0.18,0.12,R
77.192,19,36,27,19,43,0.30,-3.74,9.28,-0.01,0.01,-0.00,-2.58,0.00,9.51,-0.01,0.02,-0.01,-0.75,1.56,9.66,-0.04,0.00,0.00,-0.78,1.21,9.72,-0.01,0.02,0.00,-0.52,6.85,7.12,0.01,0.02,-0.01,0.29,-0.15,0.95,0.79,-0.37,0.18,R
77.244,19,37,25,19,46,0.33,-3.64,9.33,0.01,0.01,0.01,-2.49,-0.01,9.56,0.00,0.02,0.00,-0.76,1.58,9.68,-0.03,0.01,-0.00,-0.68,1.28,9.76,-0.01,0.01,-0.00,-0.45,6.89,7.09,0.00,0.03,-0.01,0.31,-0.15,0.95,-0.06,-1.10,0.00,R
77.294,17,38,27,19,44,0.32,-3.81,9.33,0.00,0.01,-0.01,-2.49,-0.02,9.60,0.00,0.03,0.01,-0.78,1.64,9.71,-0.03,0.01,0.00,-0.81,1.30,9.77,-0.01,0.01,0.00,-0.48,6.89,7.14,0.01,0.02,-0.01,0.30,-0.15,0.96,0.98,0.73,0.43,R
77.345,18,36,28,19,44,0.31,-3.79,9.26,-0.01,0.01,0.00,-2.53,-0.03,9.59,-0.01,0.03,0.01,-0.74,1.54,9.62,-0.03,0.02,0.01,-0.76,1.32,9.66,0.00,0.01,0.01,-0.57,6.85,7.12,0.01,0.02,-0.01,0.30,-0.15,0.95,-0.43,0.18,0.06,R
77.397,18,37,27,19,44,0.37,-3.74,9.24,0.00,0.01,-0.01,-2.49,0.03,9.56,-0.00,0.03,0.00,-0.79,1.63,9.66,-0.04,-0.01,0.00,-0.73,1.19,9.74,-0.02,0.01,-0.00,-0.52,6.96,7.10,-0.01,0.02,-0.01,0.30,-0.15,0.96,1.34,-0.24,-0.06,R
77.447,19,38,27,19,44,0.30,-3.54,9.30,-0.00,0.01,-0.01,-2.53,-0.01,9.51,-0.01,0.02,-0.00,-0.79,1.63,9.63,-0.02,0.00,0.00,-0.73,1.31,9.64,0.00,0.01,0.01,-0.48,6.86,7.13,0.02,0.02,0.00,0.28,-0.15,0.95,0.06,0.43,0.18,R
77.499,19,37,28,19,44,0.30,-3.58,9.32,0.01,0.01,-0.00,-2.51,-0.02,9.55,-0.00,0.02,0.00,-0.75,1.62,9.62,-0.02,0.00,-0.01,-0.74,1.26,9.72,-0.01,0.01,-0.00,-0.52,6.86,7.10,-0.00,0.02,-0.01,0.30,-0.15,0.95,0.00,-0.31,0.24,R
77.55,19,39,27,19,44,0.33,-3.62,9.30,-0.01,0.01,-0.01,-2.51,-0.00,9.51,-0.01,0.03,0.00,-0.81,1.68,9.64,-0.03,0.01,-0.00,-0.75,1.25,9.70,-0.01,0.01,-0.00,-0.54,6.94,7.19,0.01,0.02,-0.00,0.28,-0.15,0.95,0.61,-0.55,-0.06,R
77.6,19,38,28,19,44,0.50,-4.04,9.18,-0.13,0.04,0.00,-2.57,0.04,9.42,0.01,0.03,0.00,-0.84,1.63,9.66,-0.04,-0.00,0.00,-0.67,1.24,9.81,-0.02,0.01,0.00,-0.49,6.89,7.10,0.01,0.02,-0.00,0.29,-0.14,0.96,0.12,-0.98,0.18,R
77.652,18,37,28,19,44,0.32,-3.77,9.26,-0.01,0.02,0.01,-2.46,-0.14,9.59,-0.02,0.02,0.01,-0.78,1.58,9.66,-0.04,0.02,0.01,-0.73,1.29,9.77,0.00,0.02,0.00,-0.46,6.94,7.11,0.01,0.02,-0.01,0.30,-0.15,0.95,0.49,0.67,0.12,R
77.703,19,37,27,17,43,0.18,-3.62,9.31,0.01,0.02,-0.01,-2.54,0.02,9.50,-0.01,0.03,0.00,-0.82,1.61,9.62,-0.03,-0.00,0.00,-0.78,1.25,9.76,-0.02,0.01,0.01,-0.45,6.90,7.14,-0.01,0.02,-0.01,0.29,-0.15,0.95,1.10,-0.24,0.24,R
77.754,18,38,27,21,43,0.31,-3.66,9.29,0.00,0.01,0.00,-2.47,0.04,9.56,0.01,0.02,0.01,-0.83,1.61,9.70,-0.03,0.01,0.00,-0.77,1.34,9.77,0.01,0.02,-0.00,-0.52,6.97,7.12,0.00,0.01,-0.01,0.30,-0.15,0.96,0.00,0.61,0.18,R
77.805,21,38,28,19,44,0.27,-3.71,9.23,0.02,0.02,-0.01,-2.50,0.03,9.56,-0.02,0.03,0.00,-0.80,1.54,9.66,-0.04,-0.01,-0.00,-0.75,1.21,9.70,-0.01,0.01,0.01,-0.49,6.91,7.12,0.01,0.02,-0.01,0.29,-0.15,0.95,1.22,-0.31,0.06,R
77.856,19,38,28,21,45,0.25,-3.69,9.30,-0.01,0.01,-0.00,-2.58,0.08,9.53,0.01,0.03,0.01,-0.76,1.66,9.64,-0.04,0.00,0.00,-0.74,1.30,9.68,-0.01,0.01,-0.00,-0.48,6.93,7.13,0.01,0.02,-0.01,0.30,-0.15,0.96,0.61,0.00,0.12,R
77.907,19,38,27,18,44,0.29,-3.69,9.30,-0.01,0.01,-0.01,-2.49,0.00,9.54,-0.01,0.02,-0.01,-0.72,1.52,9.70,-0.02,0.01,-0.01,-0.72,1.26,9.73,-0.01,0.01,-0.01,-0.53,6.86,7.05,0.01,0.02,-0.00,0.29,-0.15,0.95,-0.24,-0.55,-0.12,R
77.957,20,36,27,18,44,0.31,-3.83,9.27,-0.01,0.01,0.01,-2.52,0.02,9.51,-0.01,0.03,0.00,-0.77,1.65,9.61,-0.03,0.00,0.00,-0.76,1.33,9.78,-0.01,0.01,0.00,-0.53,6.89,7.07,0.02,0.02,-0.01,0.29,-0.15,0.95,1.40,0.67,0.31,R
78.008,20,38,28,19,44,0.33,-3.72,9.29,-0.02,0.01,-0.01,-2.52,0.03,9.57,-0.01,0.02,0.00,-0.75,1.64,9.67,-0.04,0.02,-0.00,-0.77,1.24,9.72,0.00,0.02,-0.01,-0.54,6.91,7.15,0.00,0.01,-0.01,0.29,-0.14,0.96,-0.12,-0.67,-0.12,R
78.06,19,38,29,19,43,0.25,-3.68,9.31,0.01,0.01,0.01,-2.51,-0.03,9.62,-0.02,0.02,0.01,-0.77,1.60,9.67,-0.04,0.01,0.01,-0.76,1.23,9.68,-0.01,0.01,0.01,-0.45,6.88,7.05,0.02,0.03,-0.01,0.29,-0.15,0.95,0.73,0.24,0.37,R
78.11,19,37,26,19,43,0.23,-3.67,9.27,-0.01,0.01,-0.00,-2.58,0.02,9.59,-0.01,0.03,0.01,-0.74,1.54,9.67,-0.02,0.00,0.00,-0.77,1.23,9.75,-0.01,0.02,0.00,-0.50,6.92,7.15,0.01,0.03,-0.01,0.30,-0.15,0.96,0.31,-0.37,0.18,R
78.161,21,38,27,19,43,0.25,-3.65,9.30,0.01,0.00,0.00,-2.52,0.00,9.55,-0.01,0.02,0.00,-0.80,1.48,9.66,-0.04,0.01,0.01,-0.74,1.31,9.74,0.01,0.01,0.00,-0.49,6.95,7.15,0.02,0.02,-0.01,0.29,-0.15,0.95,-0.37,0.00,0.43,R
78.213,18,36,26,19,45,0.26,-3.52,9.13,-0.00,0.00,0.02,-2.45,-0.11,9.58,-0.05,0.02,0.03,-0.79,1.47,9.73,-0.04,0.02,0.02,-0.80,1.25,9.76,0.04,0.03,0.01,-0.48,6.97,7.19,0.09,0.04,-0.02,0.29,-0.15,0.96,-0.06,1.34,1.10,R
78.264,18,37,28,18,46,-0.05,-3.47,9.60,-0.01,0.06,0.05,-2.70,-0.01,9.62,0.00,0.08,0.02,-0.89,1.58,9.56,-0.04,0.06,0.01,-0.82,1.31,9.73,0.06,0.06,-0.01,-0.57,6.84,7.02,0.25,0.09,-0.09,0.31,-0.15,0.95,-2.01,1.34,2.32,R
78.315,21,37,27,18,53,0.27,-3.94,9.30,-0.19,0.02,0.06,-2.50,0.03,9.54,-0.04,0.10,0.02,-0.79,1.67,9.67,-0.06,0.12,0.00,-0.80,1.25,9.72,0.08,0.12,-0.03,-0.66,7.31,6.84,0.29,0.12,-0.08,0.29,-0.14,0.96,-5.13,0.61,3.36,R
78.367,19,38,30,20,63,0.27,-4.34,9.30,-0.22,0.00,0.05,-2.79,0.09,9.69,0.00,0.23,0.01,-1.10,1.44,9.62,0.01,0.25,-0.01,-1.45,1.09,9.77,0.19,0.17,-0.07,-1.07,7.14,6.92,0.12,0.11,-0.15,0.33,-0.17,0.96,-14.47,-2.38,0.24,R
78.417,19,37,33,21,66,-0.44,-3.99,8.70,-0.68,0.28,-0.03,-2.79,-0.13,9.47,-0.19,0.46,-0.07,-1.05,1.22,9.71,-0.01,0.51,-0.10,-0.98,1.56,9.66,0.41,0.35,-0.17,-0.75,7.06,6.84,0.36,0.09,-0.30,0.27,-0.10,0.99,-28.50,-10.56,1.10,R
78.468,22,36,38,27,72,0.45,-4.19,9.04,-0.50,0.36,0.12,-3.16,-0.00,9.52,-0.23,0.51,-0.02,-1.55,1.51,9.63,-0.20,0.58,-0.01,-1.42,1.49,9.64,0.40,0.48,-0.12,-1.41,7.17,6.56,0.52,0.10,-0.35,0.28,-0.11,1.07,-10.68,-6.10,1.16,R
78.518,24,38,37,31,77,-0.91,-3.90,8.72,-0.77,0.64,0.34,-4.29,0.21,8.96,-0.31,0.93,-0.10,-2.90,1.27,9.39,-0.19,0.96,-0.25,-2.65,1.98,9.15,0.46,0.81,-0.45,-1.65,7.89,6.69,0.62,-0.04,-1.14,0.45,-0.20,1.12,10.44,7.57,-4.64,R
78.57,27,42,39,35,75,-1.04,-4.82,9.50,-1.14,1.00,1.33,-5.51,0.21,9.21,-1.12,1.09,-0.29,-3.94,1.49,8.94,-1.24,1.21,-0.36,-4.02,1.84,8.82,-0.86,1.78,-0.75,-4.52,7.65,6.48,-1.06,1.51,-2.40,0.37,-0.24,1.16,56.15,-74.04,-5.98,R
78.621,27,42,41,41,78,-4.81,-5.73,7.83,-1.59,2.07,1.95,-7.19,-3.00,7.43,-1.53,1.66,-0.05,-6.37,-1.17,8.97,-1.30,1.70,-0.20,-6.83,-1.03,8.26,-1.34,2.47,-0.79,-8.46,5.85,7.78,-0.98,2.00,-2.80,0.21,-0.43,1.25,129.64,-65.31,-33.81,R
78.672,28,38,40,43,85,-5.91,-8.49,10.25,-0.63,3.12,2.45,-7.84,-3.70,6.20,-0.68,2.59,0.37,-6.43,-3.55,7.09,-1.03,2.44,-0.37,-7.72,-1.89,7.78,-0.31,3.48,-1.93,-7.89,3.98,5.88,0.48,1.96,-3.62,0.05,-0.48,0.95,104.98,-16.97,-50.72,R
78.722,26,35,45,51,97,-4.87,-6.93,7.59,0.60,2.50,0.62,-8.02,-2.99,7.46,0.76,3.69,-0.56,-6.95,-2.31,7.81,0.44,3.91,-1.35,-7.60,-0.89,6.73,0.87,4.52,-1.87,-6.94,5.92,6.22,1.23,2.12,-3.17,-0.00,-0.33,0.83,45.90,45.41,-42.42,R
78.774,21,43,64,73,108,-5.34,-6.17,7.35,1.02,1.37,0.08,-8.24,-2.16,9.49,1.30,3.99,-0.41,-7.01,-0.00,9.98,1.04,4.42,-1.45,-7.91,2.20,11.52,1.20,3.71,-1.10,-6.17,5.61,6.69,1.04,1.39,-1.97,0.03,-0.15,0.72,23.50,46.26,-22.40,R
78.825,20,60,89,79,111,-0.44,-3.21,4.72,1.12,0.67,-0.81,-7.84,-1.49,9.88,0.97,1.65,-0.47,-7.13,1.61,13.25,0.79,1.68,-0.84,-7.10,-0.69,9.84,0.53,0.53,-0.47,-7.67,5.88,8.59,0.53,-0.52,-0.32,0.24,-0.24,0.78,-22.83,27.53,-42.85,R
78.877,18,72,99,82,111,-3.34,-4.87,5.90,0.17,0.56,-1.26,-7.74,-3.33,7.44,0.31,-0.59,-1.03,-6.60,-1.80,7.83,0.54,-0.98,-1.06,-7.74,-0.47,6.63,0.46,-1.28,-0.93,-7.92,5.05,6.59,0.28,-2.19,0.24,0.25,-0.23,0.86,-57.31,-1.46,-48.95,R
78.927,15,78,99,83,106,-4.87,-4.34,7.15,-0.12,-0.07,-1.17,-9.88,0.05,10.10,0.79,-3.28,-0.53,-8.44,-0.44,10.78,0.79,-1.68,-1.37,-9.03,1.25,10.75,1.06,-2.02,-1.52,-7.44,10.59,10.06,0.23,-5.03,0.75,0.23,-0.24,0.92,-87.40,-17.33,-51.33,R
78.978,9,74,96,84,92,-2.34,-3.99,6.55,-2.16,0.15,-0.60,-7.53,5.27,5.52,-1.84,-1.96,0.84,-10.42,10.97,12.64,-0.46,-3.59,0.60,-10.41,9.12,16.05,0.81,-4.22,0.11,-7.30,16.20,8.49,1.19,-5.23,3.56,0.28,-0.18,0.92,-158.94,-84.72,-5.74,R
79.029,12,103,89,95,83,-5.68,-9.60,13.95,-3.30,-0.75,-2.72,-13.90,-2.55,14.29,-0.96,-3.73,0.83,-13.29,-2.68,13.31,0.26,-6.74,2.36,-11.66,1.76,4.75,0.91,-6.34,4.10,-7.77,5.46,6.65,2.45,-3.93,6.39,0.07,0.00,0.93,-258.67,-18.37,52.86,R
79.08,26,138,92,101,79,-8.73,-9.95,9.39,-0.84,-4.98,-4.01,-11.54,-2.82,5.00,0.93,-5.21,-0.22,-6.77,-4.16,2.04,1.89,-4.28,1.33,-6.42,-3.56,3.15,2.25,-4.11,2.80,-3.17,3.75,4.20,3.47,-1.72,3.68,0.29,0.16,1.11,-330.57,65.00,76.84,R
79.131,34,147,120,108,87,-4.67,-8.71,5.31,1.48,-3.12,-3.69,-5.32,-1.91,4.28,2.02,-3.44,0.00,-1.65,1.26,4.12,3.27,-0.99,1.46,-0.50,2.89,2.10,3.86,-0.50,2.79,2.24,1.84,-1.91,4.49,1.27,2.16,0.11,0.47,0.80,-229.13,127.93,46.75,R
79.181,41,151,139,111,111,-3.37,-4.19,6.68,3.72,-4.37,-3.18,0.95,3.42,0.32,2.53,-1.62,1.00,-0.76,5.80,6.37,2.37,0.89,1.92,0.02,7.04,7.59,2.28,1.01,2.42,1.92,12.46,3.50,2.82,3.50,0.97,0.47,0.60,0.65,-123.60,179.93,69.46,R
79.233,47,158,158,126,126,3.96,0.58,-1.00,2.42,-2.48,-0.90,3.20,1.18,4.54,-0.01,-0.78,1.58,2.65,1.64,4.70,-0.51,-0.16,1.72,2.85,1.68,3.73,-0.29,0.11,1.61,3.15,1.22,2.75,-0.41,2.56,0.62,0.33,0.75,0.61,-35.58,56.52,68.91,R
79.284,55,159,163,130,139,4.52,-4.91,3.65,1.06,-0.72,1.18,3.89,1.19,4.26,0.14,1.07,1.65,5.19,3.07,-0.23,0.35,2.48,1.60,4.95,2.37,-3.03,0.49,3.72,0.97,1.36,7.47,-3.68,2.09,3.77,-4.06,0.14,0.80,0.66,38.02,63.17,39.37,R
79.335,60,156,160,136,134,3.83,-3.30,4.92,3.02,0.76,2.74,1.88,-0.07,3.26,1.43,3.71,2.86,-1.82,2.37,3.03,1.34,5.50,1.12,-3.06,1.41,2.48,1.29,4.92,-0.02,-5.66,2.88,3.86,1.36,4.18,-3.24,0.36,0.64,0.64,223.69,142.76,-33.81,R
79.386,60,147,149,130,130,1.12,-0.24,-0.06,1.62,2.59,4.14,-4.43,4.11,-0.01,-0.73,5.01,1.53,-7.25,2.36,2.74,-1.02,4.50,-0.58,-9.89,3.29,6.58,-1.10,4.88,-2.46,-8.30,9.34,5.15,-1.82,1.92,-4.53,0.73,0.31,0.68,302.00,-43.09,-26.61,R
79.437,57,140,133,121,123,-3.61,-4.12,3.48,-1.00,4.78,5.22,-8.23,-6.22,2.53,-0.91,4.90,0.27,-9.02,-4.94,5.59,-2.05,3.21,-1.52,-9.89,-3.22,6.94,-2.08,2.44,-3.20,-8.79,2.77,5.65,-2.83,-0.09,-3.83,0.37,0.22,0.69,290.41,-83.31,-46.33,R
79.488,43,129,125,111,120,-5.78,-7.79,7.82,0.23,4.95,4.28,-12.84,-6.00,9.43,0.84,2.55,-1.76,-12.42,-6.45,7.24,0.09,2.55,-3.28,-12.74,-4.87,6.83,-0.01,1.80,-4.68,-12.56,2.85,7.71,-0.22,0.24,-5.43,0.18,-0.20,0.85,305.91,-59.57,-151.37,R
79.539,28,112,117,97,117,-6.51,-13.34,7.06,-0.02,4.39,1.99,-12.89,-4.48,10.84,0.98,1.03,-4.19,-16.28,-3.71,12.73,0.86,2.64,-5.23,-16.51,2.01,16.37,1.27,1.60,-5.78,-13.70,14.53,13.88,0.99,-1.86,-5.58,0.22,-0.31,1.04,107.30,-115.42,-184.14,R
79.59,15,103,113,96,114,-9.30,-12.43,10.32,-1.51,3.56,-0.71,-14.29,1.57,15.31,-0.82,0.91,-3.97,-16.27,7.01,19.08,0.55,-0.88,-4.35,-14.28,9.21,17.67,-0.08,-3.55,-3.51,-11.21,16.24,9.50,-1.12,-6.59,0.03,-0.12,-0.40,1.04,-47.73,-153.20,-106.75,R
79.641,14,102,110,91,103,-9.12,-8.29,8.79,-2.73,0.93,-1.67,-12.44,2.08,13.79,-1.99,-1.87,-2.09,-13.40,6.44,12.25,-1.09,-5.03,-0.26,-11.30,7.29,7.95,-1.45,-5.89,1.05,-8.55,9.83,4.55,-0.97,-5.13,4.66,-0.17,-0.30,1.04,-119.63,-124.63,0.98,R
79.692,21,108,110,89,87,-8.36,-8.65,6.64,-3.57,-0.61,-2.40,-9.99,-1.23,6.39,-2.08,-2.80,-0.40,-8.52,-0.75,2.96,-1.92,-3.99,1.51,-6.98,-0.33,5.87,-1.68,-3.50,2.83,-4.30,3.51,4.16,-0.75,-2.26,5.25,-0.24,-0.20,1.01,-178.96,-111.15,78.86,R
79.744,37,127,122,94,81,-6.35,-8.28,2.05,-3.50,-1.60,-2.95,-6.86,-4.27,3.30,-1.90,-2.35,0.35,-6.57,-4.57,4.99,-1.97,-2.99,1.65,-5.96,-4.24,5.46,-1.51,-2.80,2.79,-3.77,0.90,8.39,-0.57,-1.35,3.95,-0.37,0.06,0.91,-164.73,-84.41,101.93,R
79.794,47,145,132,98,81,-5.31,-4.14,-2.52,-3.60,-1.17,-1.88,-3.67,-4.60,0.47,-3.09,-2.04,-0.42,-3.18,-4.16,-0.04,-3.14,-2.55,0.67,-2.91,-4.46,1.65,-3.01,-2.39,1.21,-1.31,0.21,5.71,-2.41,-0.63,2.76,-0.31,-0.03,0.94,-119.57,-154.11,106.32,R
79.845,53,147,133,105,86,-4.40,-7.84,-0.99,-3.55,-0.20,-0.47,-2.77,-6.21,1.30,-3.07,-0.44,-0.36,-1.98,-5.04,3.12,-2.75,-0.53,0.20,-1.36,-4.34,3.08,-2.51,-0.54,1.18,-0.27,-1.93,5.66,-1.82,0.67,2.16,-0.65,0.11,0.79,-50.17,-137.70,94.18,R
79.896,56,147,137,104,93,-4.07,-7.97,-1.73,-2.09,-0.47,0.22,-4.40,-8.01,3.63,-1.87,-0.10,0.46,-2.60,-7.50,4.17,-1.70,-0.25,0.58,-1.96,-6.82,5.23,-1.32,0.24,0.98,-0.24,-0.84,8.52,-0.61,1.51,0.80,-0.59,0.03,0.79,-5.49,-56.46,74.34,R
79.947,57,147,139,107,100,-3.78,-9.83,-3.06,-1.07,-0.38,0.07,-4.19,-9.58,2.54,-1.29,0.46,0.26,-3.80,-8.82,6.36,-1.29,0.84,0.16,-4.42,-7.68,9.76,-1.08,0.92,0.38,-2.03,-0.45,11.32,-0.61,1.75,0.02,-0.50,-0.02,0.83,0.92,-39.86,46.08,R
79.998,58,146,140,108,110,-3.96,-8.26,-2.71,-1.02,0.56,-0.19,-5.55,-7.27,3.74,-0.70,0.82,-0.62,-4.59,-6.78,6.45,-0.97,0.75,-0.30,-3.13,-3.41,6.72,-0.78,0.76,-0.08,-1.13,2.85,9.95,-0.59,0.82,0.00,-0.69,-0.03,0.77,-2.44,-60.42,26.18,R
80.049,63,148,145,112,118,-3.92,-12.82,-0.50,0.06,-0.17,-0.47,-6.77,-8.57,5.30,-0.24,0.53,1.24,-4.46,-8.81,6.84,0.02,0.74,1.18,-3.76,-8.71,7.49,0.58,1.05,1.32,-2.21,-3.73,10.55,1.17,1.27,1.08,-0.84,-0.02,0.73,-37.90,46.75,10.07,R
80.1,68,146,147,114,124,-3.57,-11.01,-2.93,3.29,-0.62,-1.81,-4.89,-12.22,3.81,2.21,-0.27,1.00,-3.63,-9.11,4.75,2.42,0.48,0.81,-3.85,-6.27,6.71,2.69,0.83,0.56,-2.01,0.25,9.58,3.09,0.56,-0.65,-0.56,0.06,0.83,-29.97,139.22,-44.49,R
80.15,78,146,149,116,126,-3.64,-10.53,-0.75,3.76,-1.35,-1.02,-5.31,-3.91,3.57,2.59,-0.06,1.36,-4.13,-1.47,4.12,2.33,1.10,1.57,-3.25,-1.27,4.99,2.55,1.66,1.33,-1.52,2.42,5.29,3.04,1.60,-0.25,-0.52,0.14,0.87,-17.88,163.64,-42.42,R
80.202,82,143,149,121,128,-2.38,-10.29,0.52,4.94,-0.38,-0.73,-5.76,-4.75,4.75,3.25,0.49,3.15,-4.92,-1.77,3.97,4.06,2.45,2.97,-4.10,0.64,2.13,4.50,3.42,2.29,-2.74,1.65,-1.06,5.64,3.60,-1.02,-0.34,0.17,0.94,28.14,292.36,-58.23,R
80.253,78,140,149,124,130,-4.95,-12.31,11.07,8.11,-1.73,1.26,-9.00,0.88,5.59,5.28,1.02,4.97,-10.59,4.52,6.18,5.92,2.94,4.51,-10.21,8.92,3.79,6.42,3.75,3.54,-9.00,13.72,-5.75,7.99,5.90,-2.07,0.02,0.02,0.73,100.28,442.02,-45.10,R
80.303,68,140,140,120,127,-1.73,-10.93,4.07,7.98,-2.04,-0.54,-9.75,2.87,8.01,3.75,0.55,4.78,-10.45,5.51,5.74,3.09,2.54,4.47,-11.67,8.95,6.11,2.99,4.00,3.91,-12.60,15.94,3.74,2.96,6.24,1.22,0.79,-0.09,0.75,47.24,343.44,27.83,R
80.354,67,139,141,121,134,-2.72,-1.05,5.63,6.61,-1.50,-0.65,-7.23,2.62,3.13,2.16,0.47,3.26,-9.12,3.31,3.73,1.68,1.72,2.76,-9.82,5.50,3.97,1.44,2.06,1.96,-7.64,6.40,-1.92,2.34,2.27,0.16,0.74,-0.04,0.73,77.82,202.58,24.84,R
80.405,65,140,142,121,134,0.69,-1.09,8.49,4.71,-1.13,0.03,-8.55,4.33,5.51,1.56,0.49,2.54,-8.93,6.38,3.14,1.25,1.13,2.23,-7.71,8.05,0.19,1.37,1.82,2.07,-6.02,7.47,-4.75,1.77,2.83,0.96,0.72,-0.10,0.63,41.99,178.65,35.58,R
80.456,60,139,143,120,137,0.01,1.24,10.29,5.14,-0.93,-0.46,-7.78,6.62,2.86,2.12,0.55,2.98,-7.69,7.42,-0.43,2.06,1.76,2.85,-6.91,9.14,-1.83,2.17,2.51,2.65,-4.72,7.79,-8.45,3.05,3.45,0.76,0.75,-0.08,0.47,52.31,233.89,34.79,R
80.508,58,140,144,123,136,0.15,3.43,8.83,5.48,-0.18,0.06,-7.02,9.29,3.98,2.49,1.07,4.03,-7.12,10.22,1.06,1.82,2.00,3.94,-6.44,10.43,-1.32,1.94,2.63,3.79,-4.68,8.45,-6.84,2.47,4.11,1.69,0.96,-0.02,0.10,36.74,266.05,58.17,R
80.559,60,148,147,124,138,-0.01,6.31,7.13,5.26,-0.44,0.26,-5.60,7.30,2.94,2.00,0.07,4.09,-5.65,7.60,0.23,1.78,1.12,3.88,-4.11,8.53,-2.94,1.92,2.06,3.50,-1.98,5.95,-9.04,2.35,3.36,1.72,0.99,-0.04,-0.11,35.28,241.76,54.44,R
80.609,62,151,151,127,141,0.89,7.70,3.06,4.14,0.35,0.13,-2.47,7.32,0.14,2.14,0.41,3.86,-3.25,8.36,-1.09,1.60,1.68,3.69,-2.02,7.84,-3.38,1.55,2.11,3.72,-0.51,4.75,-8.04,2.42,3.56,1.67,1.02,0.05,-0.31,-1.59,234.68,58.78,R
80.661,90,165,156,138,144,11.86,10.81,-1.15,2.91,1.24,0.12,0.41,7.65,-1.35,2.00,0.66,3.03,0.57,5.54,-3.44,1.52,1.30,2.88,-0.06,5.60,-3.78,1.57,1.71,2.65,0.31,0.85,-6.95,1.75,2.17,1.38,1.05,0.08,-0.35,-4.88,189.45,23.80,R
80.713,125,176,161,141,148,0.84,11.28,-1.58,1.45,3.11,0.38,3.29,9.16,-5.82,1.44,1.94,1.59,1.60,7.40,-7.17,1.14,2.39,1.44,2.72,7.56,-8.04,1.22,2.00,1.16,2.86,1.74,-12.06,1.89,2.22,-1.06,0.95,0.16,-0.39,42.36,111.76,9.52,R
80.763,168,201,182,159,156,2.04,15.62,-6.59,-1.19,7.19,0.66,4.09,9.71,-5.19,-0.23,4.73,0.34,3.32,5.86,-4.14,-0.04,5.26,-0.73,2.40,3.28,-6.13,0.13,5.12,-1.55,-1.75,-2.10,-1.54,-0.25,2.62,-3.97,1.23,0.20,-0.28,91.92,9.70,-29.60,R
80.814,179,209,190,170,162,2.65,5.15,-2.94,-6.49,5.01,-0.77,2.82,-0.26,-5.14,-2.62,5.32,-3.32,-0.94,-5.94,-4.93,-2.78,3.64,-6.31,-6.31,-5.00,-2.65,-1.96,2.69,-7.59,-6.93,-0.75,-4.91,-1.58,-2.24,-7.86,1.40,0.01,-0.37,217.04,-329.04,-69.03,R
80.865,149,203,184,170,163,-3.71,1.74,0.28,-7.00,3.00,-1.77,-6.94,-2.92,-1.83,-0.35,3.47,-8.29,-12.28,0.45,0.05,1.36,1.33,-9.23,-12.76,6.03,-0.75,1.79,-0.28,-9.69,-10.44,9.57,-5.21,1.20,-6.52,-7.70,1.08,0.18,-0.39,180.79,-402.59,-201.05,R
80.916,94,201,181,163,153,-7.33,-5.33,1.61,-6.61,3.58,-0.62,-12.50,2.26,-0.94,0.03,3.27,-8.25,-13.78,4.59,-3.37,1.02,0.44,-8.15,-12.09,7.45,-5.88,1.19,-2.93,-7.99,-9.34,2.53,-13.46,-0.01,-8.04,-5.18,0.70,-0.02,0.06,197.20,-342.04,-248.60,R
80.967,52,192,176,150,147,-12.63,-6.67,17.68,-1.72,5.17,-0.65,-19.33,-0.30,0.11,3.26,2.40,-5.22,-16.70,2.34,-5.91,4.02,1.56,-5.07,-14.32,4.25,-8.81,4.63,-0.18,-5.56,-12.84,8.20,-9.68,4.69,-2.87,-5.16,0.43,-0.30,0.59,99.37,-98.45,-261.05,R
81.018,35,184,175,141,142,-10.37,-6.26,9.18,0.29,2.29,-2.65,-20.47,4.70,1.75,4.12,0.20,-2.98,-20.16,7.67,1.58,3.81,0.36,-2.38,-17.20,9.96,4.02,3.41,-0.85,-1.70,-13.27,7.18,-1.36,2.60,-2.39,0.03,0.48,-0.80,0.74,-88.68,-40.28,-178.04,R
81.069,34,182,170,137,142,-9.59,-9.10,7.62,-0.05,1.37,-4.45,-18.35,-5.44,3.27,3.61,-3.31,-1.72,-17.54,-10.69,1.36,2.94,-4.64,-1.17,-18.26,-7.40,1.94,2.84,-4.83,-1.10,-18.47,2.15,3.57,1.90,-6.16,2.34,0.52,-0.73,0.76,-235.96,-93.08,-258.18,R
81.12,35,172,164,131,140,-11.19,0.95,3.09,-1.17,0.70,-5.42,-17.53,2.22,-2.24,1.50,-7.46,-4.71,-18.67,4.73,-2.14,3.28,-7.82,-2.91,-17.21,6.45,-0.11,2.28,-7.79,-1.90,-13.90,6.19,-3.31,0.42,-7.96,3.14,0.23,-0.42,0.80,-252.08,-192.63,-169.01,R
81.171,31,159,154,127,137,-8.45,-10.42,13.98,-1.72,0.11,-4.53,-12.79,2.42,4.53,1.05,-4.62,-2.70,-13.27,0.26,-2.45,1.20,-7.11,-0.54,-11.81,2.03,-2.12,0.75,-6.79,1.05,-9.55,3.03,-3.88,1.42,-5.21,4.56,0.16,-0.13,0.65,-300.29,-93.26,-131.65,R
81.223,36,158,153,122,134,-8.34,-4.25,6.41,-0.98,-1.92,-5.79,-11.44,0.97,1.77,1.28,-4.27,-1.78,-10.39,2.58,-0.28,2.08,-4.84,0.39,-8.37,2.51,-0.61,1.51,-4.83,1.66,-6.31,2.67,-0.94,0.67,-2.69,3.87,0.09,-0.00,0.80,-288.33,-51.27,-24.23,R
81.272,52,162,152,124,127,-5.78,-5.89,7.72,0.39,-2.45,-3.80,-5.98,0.83,0.77,1.66,-3.11,0.52,-5.83,1.05,1.35,1.85,-2.91,2.02,-3.50,1.85,0.21,1.70,-2.22,2.70,-2.25,2.71,-0.50,1.65,-0.96,3.76,0.02,0.32,0.80,-240.72,56.76,3.78,R
81.324,63,164,156,126,134,-3.92,-4.30,6.76,2.96,-4.53,-2.53,-3.07,1.12,4.65,1.83,-2.31,1.72,-0.86,2.06,1.08,1.38,-1.37,2.63,-1.45,2.78,3.62,1.29,-0.68,3.13,-1.28,4.36,2.67,1.37,0.76,3.12,0.03,0.53,0.80,-103.88,127.69,40.89,R
81.375,79,164,154,126,133,3.27,-7.27,-1.01,2.71,-1.38,-1.47,0.73,-2.55,3.86,0.53,-0.49,2.22,-2.83,-3.87,8.92,-0.14,-0.33,1.45,-3.96,-2.37,8.65,0.24,-0.15,1.27,-3.84,5.22,7.98,0.49,-0.29,1.06,0.53,0.40,0.74,-18.07,105.96,7.57,R
81.426,90,162,151,123,131,2.76,-3.72,4.30,1.95,0.06,-1.24,-1.35,-2.53,5.03,-0.09,0.19,-0.68,-2.15,-0.29,4.60,0.19,-0.97,-0.59,-3.41,2.91,6.22,-0.59,-2.57,-0.71,-3.22,8.21,4.47,-0.67,-2.42,-0.19,0.30,0.37,0.93,47.30,-12.63,-31.56,R
81.477,102,159,146,111,128,2.31,-5.73,7.24,1.71,0.14,-0.90,-4.88,-0.27,6.70,0.04,0.65,-0.53,-3.77,2.09,7.15,-1.16,-0.61,-1.09,-2.69,2.24,5.46,-1.81,-1.78,-0.95,-1.60,7.24,2.57,-2.10,-2.68,0.88,0.21,0.28,0.89,80.63,-35.71,-54.44,R
81.528,92,147,129,85,105,0.01,-2.35,6.38,0.86,1.69,0.33,-7.85,0.27,10.12,1.06,-1.02,-0.55,-7.39,1.43,11.47,0.26,-3.45,-0.38,-4.58,3.53,11.71,-0.48,-2.58,-0.48,-1.68,7.03,9.50,-0.34,-0.92,-0.38,0.43,0.03,0.98,116.39,33.94,-56.95,R
81.579,75,111,78,50,72,2.92,-7.51,12.62,-0.50,0.03,0.26,-6.67,0.80,10.59,-0.08,-2.40,-1.25,-4.44,6.27,7.14,-0.49,-3.31,-0.26,-1.86,7.20,7.37,-1.61,-1.83,0.44,-1.36,8.85,6.53,-2.10,-0.01,1.22,0.13,-0.04,1.06,72.57,-39.06,-16.42,R
81.631,57,61,47,28,56,0.70,-5.43,10.18,0.50,0.48,0.52,-5.15,-4.71,10.18,0.29,-0.55,0.48,-2.67,-3.49,12.07,-0.12,-0.34,0.50,-2.30,-2.49,11.99,-0.27,-0.25,0.29,-1.60,6.32,11.68,0.09,-0.22,0.06,0.42,-0.14,1.06,35.89,29.48,-22.28,R
81.681,51,43,38,18,43,-0.41,-4.26,9.28,0.19,0.38,0.46,-4.54,-2.09,10.34,-0.22,-0.60,-0.56,-2.54,0.36,9.71,0.00,-0.70,-0.55,-1.90,2.38,8.97,-0.05,-0.41,-0.47,-1.16,7.19,5.09,0.08,-0.00,-0.29,0.15,-0.05,1.03,55.97,-16.36,-28.14,R
81.732,38,39,38,17,43,-1.89,-2.94,10.63,0.71,0.04,-0.50,-4.54,-0.56,10.81,0.57,-0.17,0.11,-2.69,1.69,12.23,0.50,-0.11,0.06,-1.97,1.62,13.65,0.25,-0.21,0.08,-1.29,8.68,10.09,0.02,-0.14,0.22,0.42,-0.21,1.05,-7.32,31.31,-6.71,R
81.783,34,39,36,17,41,0.60,-4.85,8.61,-0.33,0.25,-0.03,-3.21,-2.09,9.94,-0.09,-0.71,-0.43,-1.11,-0.58,9.34,-0.05,-0.83,-0.30,-0.95,-0.55,8.31,-0.04,-0.49,-0.42,-0.58,4.19,5.51,0.03,-0.42,-0.22,0.17,-0.04,1.03,12.21,-9.16,-17.40,R
81.834,34,35,37,17,40,-3.52,-4.72,10.87,1.22,-0.07,-0.31,-3.13,0.79,8.65,1.22,-0.42,-0.11,-1.34,3.59,9.13,1.05,-0.20,-0.25,-0.63,3.20,9.05,0.74,0.34,-0.11,-0.21,8.52,7.08,0.85,0.56,-0.46,0.29,-0.11,1.00,26.73,49.32,-15.50,R
81.885,28,38,32,17,39,0.30,-1.65,9.68,0.75,0.33,0.09,-2.96,1.54,8.10,0.02,0.15,0.06,-1.79,6.46,8.32,0.14,0.40,-0.24,-3.45,3.57,17.89,-2.40,0.36,0.33,-2.88,11.54,10.05,-0.17,0.12,0.17,0.51,-0.16,1.05,19.47,19.35,-14.34,R
81.935,26,34,33,14,38,0.20,-2.65,9.64,-0.49,-0.04,0.39,-2.11,-0.15,7.48,0.04,-0.23,0.14,-0.79,1.77,6.77,-0.23,0.18,0.03,-0.40,0.57,9.45,-0.95,-0.20,-0.08,-0.10,5.78,7.31,-1.22,0.14,-0.07,0.25,-0.01,0.96,9.28,-40.89,6.23,R
81.987,25,32,35,12,39,0.95,-5.47,8.42,-0.93,1.05,0.24,-2.87,-3.13,11.24,-0.29,-0.03,-0.13,-0.96,0.90,10.44,0.06,0.06,-0.08,-0.79,0.66,9.66,0.14,0.12,-0.04,-0.62,6.52,7.73,0.18,0.16,-0.02,0.23,-0.23,1.04,3.78,-5.19,-7.51,R
82.038,23,31,33,11,39,-0.16,-4.71,9.95,0.05,0.12,0.04,-2.87,-0.52,9.79,-0.01,-0.09,0.11,-0.92,0.99,9.71,-0.03,-0.01,0.08,-0.74,1.14,9.80,0.09,0.07,0.04,-0.53,6.75,7.34,0.15,0.05,0.08,0.38,-0.14,0.92,2.81,14.89,-3.91,R
82.088,24,34,33,11,40,-0.11,-3.28,9.56,-0.38,0.11,0.01,-2.81,-0.20,9.40,-0.13,0.02,-0.04,-1.02,1.36,9.59,-0.18,-0.04,-0.01,-0.62,1.14,9.78,-0.12,-0.03,-0.05,-0.53,6.78,7.43,-0.08,0.03,-0.05,0.28,-0.11,0.98,-3.72,-10.74,-2.87,R
82.139,25,38,35,12,41,-0.11,-3.94,9.23,-0.05,0.04,-0.01,-2.74,-0.36,9.61,-0.06,-0.01,0.01,-0.92,1.19,9.67,-0.13,-0.01,0.01,-0.60,0.90,9.79,-0.01,0.01,-0.03,-0.45,6.47,7.46,0.01,0.03,-0.00,0.30,-0.11,0.95,0.79,1.53,-1.65,R
82.19,26,38,35,12,40,-0.04,-4.04,9.17,-0.10,0.05,0.01,-2.79,-0.40,9.53,0.00,0.02,0.03,-1.00,1.51,9.65,-0.10,0.01,0.03,-0.70,0.93,9.72,-0.02,0.00,0.02,-0.54,6.61,7.38,0.06,0.03,0.02,0.29,-0.11,0.97,-1.16,1.34,-1.34,R
82.242,27,41,33,11,41,0.02,-3.84,9.15,-0.01,0.01,-0.03,-2.67,-0.64,9.52,-0.12,0.02,0.02,-0.93,1.24,9.70,-0.09,0.00,0.01,-0.72,0.91,9.77,-0.04,0.01,-0.02,-0.50,6.61,7.45,-0.02,0.02,-0.01,0.30,-0.11,0.95,-0.85,-1.89,-0.55,R
82.292,27,41,34,11,40,-0.15,-3.84,9.23,-0.06,0.03,-0.09,-2.79,-0.46,9.55,-0.09,-0.01,-0.02,-0.99,1.29,9.71,-0.14,0.01,-0.00,-0.71,0.97,9.77,-0.04,0.01,-0.02,-0.52,6.55,7.46,-0.01,0.04,-0.00,0.27,-0.11,0.97,-1.28,-5.19,-0.43,R
82.343,26,41,34,12,41,-0.01,-3.85,9.08,-0.03,-0.02,0.05,-2.65,-0.50,9.54,0.01,0.01,0.03,-0.89,1.30,9.67,-0.04,0.01,0.03,-0.64,1.02,9.82,0.00,0.00,0.03,-0.55,6.85,7.39,0.05,0.02,0.03,0.30,-0.10,0.96,-1.59,2.08,-0.55,R
82.395,26,39,34,11,40,-0.09,-3.99,9.02,0.05,0.06,-0.09,-2.72,-0.20,9.45,-0.07,0.02,0.00,-0.97,1.19,9.73,-0.10,-0.03,-0.01,-0.63,0.90,9.80,-0.08,-0.02,-0.01,-0.49,6.41,7.47,-0.06,0.02,0.00,0.30,-0.10,0.97,0.92,-3.54,-0.18,R
82.445,26,39,33,11,42,-0.06,-3.82,9.11,-0.02,0.02,0.02,-2.62,-0.50,9.60,-0.07,-0.04,0.01,-0.93,1.22,9.68,-0.05,-0.02,0.03,-0.59,0.88,9.75,-0.04,-0.02,0.05,-0.50,6.65,7.47,0.04,0.04,0.03,0.28,-0.11,0.96,1.22,1.28,-0.67,R
82.497,27,39,33,13,40,-0.01,-3.94,9.15,0.05,0.02,-0.02,-2.65,-0.57,9.56,-0.10,-0.01,0.03,-1.05,1.24,9.72,-0.07,-0.01,0.02,-0.58,1.05,9.73,-0.04,-0.01,0.01,-0.47,6.59,7.42,-0.05,0.02,0.00,0.32,-0.11,0.96,0.18,-2.08,-0.92,R
82.547,26,39,33,11,42,-0.08,-3.88,9.21,0.03,0.02,-0.02,-2.67,-0.60,9.49,-0.06,-0.01,-0.00,-0.97,1.21,9.69,-0.07,-0.04,0.01,-0.57,0.74,9.76,-0.02,0.01,0.02,-0.39,6.47,7.45,0.05,0.03,0.02,0.27,-0.11,0.96,1.34,0.24,-0.12,R
82.599,27,39,33,11,39,-0.04,-3.97,9.17,0.03,0.02,0.05,-2.67,-0.36,9.49,0.01,0.01,0.04,-0.90,1.25,9.72,-0.02,-0.01,0.02,-0.65,0.88,9.75,-0.03,0.01,0.04,-0.52,6.64,7.44,0.05,0.04,0.01,0.32,-0.11,0.96,1.95,3.60,-0.49,R
82.65,26,39,32,11,40,0.03,-4.07,9.19,0.13,0.04,-0.01,-2.59,-0.50,9.51,-0.02,0.01,0.03,-0.98,1.09,9.73,0.06,0.06,0.05,-0.50,0.89,9.77,-0.02,0.03,0.05,-0.46,6.52,7.46,0.13,0.06,0.04,0.27,-0.10,0.97,4.46,6.59,-0.55,R
82.701,27,39,34,10,42,-0.29,-3.21,9.41,0.31,0.04,0.08,-2.59,-0.71,9.51,0.10,0.01,0.12,-0.90,1.24,9.67,0.05,-0.01,0.10,-0.75,0.77,9.83,0.00,0.14,0.13,-0.56,6.56,7.35,0.31,0.11,0.10,0.29,-0.10,0.96,5.49,17.15,-0.61,R
82.751,27,39,32,12,42,0.03,-4.32,8.98,0.13,0.05,0.09,-2.57,-0.32,9.53,0.03,0.08,0.13,-0.82,1.22,9.69,0.01,0.01,0.15,-0.70,0.86,9.81,0.01,0.14,0.17,-0.48,6.80,7.29,0.23,0.17,0.12,0.32,-0.12,0.97,2.99,10.80,-0.67,R
82.802,28,39,33,11,44,0.15,-4.53,9.03,-0.04,0.20,0.02,-2.49,-0.62,9.50,-0.01,0.27,0.31,-0.85,1.01,9.76,0.03,0.20,0.32,-0.64,1.01,9.91,0.29,0.19,0.23,0.22,6.17,6.30,0.74,0.27,0.09,0.36,-0.11,0.95,5.68,27.40,-2.99,R
82.853,29,45,30,9,46,-0.23,-3.53,8.91,0.10,0.07,0.08,-2.79,0.03,9.42,-0.07,0.05,0.14,-1.12,1.29,9.65,-0.10,0.05,0.16,-0.91,1.13,9.52,-0.07,0.10,0.11,-0.68,7.14,6.82,-0.04,0.14,0.05,0.42,-0.15,0.95,9.70,-2.87,-3.48,R
82.904,29,45,32,9,46,-0.67,-3.30,9.66,-0.11,0.12,-0.09,-2.92,-0.17,9.30,-0.19,0.07,0.10,-1.20,1.65,9.62,-0.39,0.04,0.23,-0.91,0.79,9.85,-0.08,0.16,0.13,-0.52,6.91,7.07,0.06,0.19,0.04,0.29,-0.13,0.95,11.29,-16.24,-4.39,R
82.955,27,46,29,8,48,-0.51,-3.79,9.65,-0.04,0.09,-0.02,-2.88,-0.55,9.43,-0.12,0.07,0.19,-0.97,1.08,9.72,-0.30,0.06,0.25,-0.79,0.98,9.55,-0.09,0.29,0.16,-0.54,7.02,6.98,0.17,0.28,-0.04,0.39,-0.15,0.92,10.31,-12.57,-4.33,R
83.007,28,48,29,10,50,-0.23,-3.23,9.35,0.15,-0.12,-0.02,-2.85,-0.46,9.60,-0.09,0.01,0.08,-1.06,1.04,9.67,-0.25,0.13,0.12,-1.25,0.85,9.69,0.02,0.57,-0.01,-1.00,6.88,6.67,0.40,0.14,-0.05,0.25,-0.14,0.89,-0.43,-25.57,-2.01,R
83.058,24,51,30,17,55,-0.22,-3.36,9.41,-0.00,0.00,-0.10,-2.87,-0.48,9.44,-0.10,0.23,0.04,-1.57,0.77,9.76,-0.11,0.37,-0.01,-1.69,1.46,9.64,0.11,0.57,-0.07,-1.06,8.16,6.30,0.27,0.06,-0.03,0.34,-0.18,0.88,-16.54,-7.81,1.53,R
83.109,26,58,38,30,60,-0.53,-3.55,9.41,-0.37,-0.01,-0.20,-3.06,-0.71,9.49,-0.02,-0.08,-0.13,-1.03,0.84,9.80,0.03,-0.06,-0.11,-1.42,0.98,9.75,-0.08,-0.04,-0.04,-0.76,7.10,6.80,-0.02,-0.01,0.05,0.22,-0.10,1.04,-15.08,2.26,3.91,R
83.16,28,57,38,32,60,-0.00,-4.08,9.22,0.03,0.02,0.14,-2.71,-0.64,9.64,0.20,-0.03,0.06,-1.07,0.70,9.76,0.30,-0.14,-0.00,-1.52,1.09,9.73,0.02,-0.20,0.03,-0.78,7.57,6.56,-0.04,-0.01,0.04,0.37,-0.15,0.93,0.55,18.92,-0.24,R
83.21,28,57,37,28,59,-0.09,-3.74,9.41,0.01,-0.18,-0.04,-2.78,-0.35,9.43,0.09,0.05,-0.09,-1.14,1.00,9.62,0.19,-0.15,-0.12,-1.36,1.01,9.70,-0.07,-0.35,-0.08,-0.75,7.13,6.68,-0.23,-0.07,-0.04,0.29,-0.10,0.98,-4.15,-1.89,-3.11,R
83.262,28,58,35,26,56,-0.08,-3.96,8.97,0.10,-0.05,-0.03,-2.86,-0.27,9.37,0.25,0.09,0.01,-1.03,1.23,9.71,0.22,-0.03,-0.03,-1.15,1.34,9.71,0.09,-0.28,-0.02,-0.73,7.51,6.66,-0.13,-0.03,-0.01,0.35,-0.12,0.96,-5.98,7.26,-1.40,R
83.312,28,59,37,21,55,-0.10,-3.59,9.05,-0.05,-0.07,-0.14,-2.91,-0.03,9.41,0.09,0.04,-0.06,-0.99,1.35,9.73,0.09,-0.10,-0.09,-1.04,0.91,9.76,-0.04,-0.23,-0.07,-0.60,6.97,6.86,-0.11,-0.05,-0.05,0.28,-0.10,0.97,-0.73,-5.07,-1.16,R
83.365,28,60,34,19,54,-0.21,-3.93,9.32,0.10,0.06,-0.01,-2.94,-0.28,9.51,0.18,0.03,0.02,-1.00,1.50,9.71,0.14,-0.03,-0.02,-1.06,1.37,9.75,0.03,-0.10,0.00,-0.75,7.47,6.69,-0.01,-0.00,-0.01,0.34,-0.11,0.95,1.22,8.24,0.18,R
83.415,28,59,35,18,53,-0.07,-3.79,9.18,-0.10,0.03,-0.01,-2.86,-0.16,9.47,0.05,-0.02,-0.03,-0.93,1.22,9.69,0.04,-0.05,-0.04,-0.87,1.02,9.66,-0.01,-0.07,-0.03,-0.68,7.11,6.87,-0.03,-0.01,0.00,0.28,-0.11,0.95,2.32,-1.16,-1.46,R
83.466,29,61,35,18,54,-0.11,-3.92,9.18,0.04,0.02,0.02,-2.83,0.05,9.48,0.07,-0.06,0.00,-0.87,1.54,9.63,0.03,-0.05,-0.01,-0.88,1.05,9.73,-0.04,-0.01,-0.00,-0.67,7.27,6.76,-0.04,-0.00,-0.01,0.33,-0.12,0.95,3.60,2.14,-0.49,R
83.517,29,58,33,17,52,-0.16,-3.81,9.23,-0.06,-0.00,0.03,-2.74,-0.10,9.54,-0.01,-0.04,-0.01,-0.81,1.49,9.57,-0.03,-0.06,-0.01,-0.81,0.94,9.73,-0.05,0.00,0.01,-0.70,7.13,6.88,0.01,0.01,0.00,0.29,-0.12,0.95,3.72,-0.18,-0.18,R
83.568,28,58,32,17,51,-0.11,-3.85,9.26,0.01,-0.00,0.03,-2.77,-0.08,9.51,-0.00,-0.02,0.00,-0.92,1.52,9.66,-0.01,-0.05,-0.02,-0.87,0.97,9.75,-0.07,0.02,-0.00,-0.68,7.18,6.89,-0.03,0.01,-0.01,0.32,-0.12,0.95,3.11,0.37,0.37,R
83.618,29,58,30,15,51,-0.08,-3.75,9.30,-0.02,0.01,0.01,-2.72,-0.15,9.48,-0.03,-0.01,-0.01,-0.87,1.49,9.67,-0.03,-0.03,-0.01,-0.88,0.86,9.74,-0.04,0.00,0.01,-0.63,7.17,6.90,-0.02,0.01,-0.00,0.31,-0.12,0.95,0.92,0.12,-0.06,R
83.67,29,57,30,14,51,-0.04,-3.87,9.25,-0.02,0.01,0.01,-2.78,-0.16,9.48,0.01,0.01,0.00,-0.89,1.58,9.73,-0.01,-0.01,-0.01,-0.86,0.85,9.78,-0.02,0.01,-0.01,-0.58,7.06,6.90,-0.01,0.01,0.00,0.32,-0.12,0.95,0.61,2.08,0.49,R
83.72,27,54,29,15,50,-0.05,-3.72,9.18,-0.00,0.01,-0.02,-2.70,-0.14,9.47,0.01,0.04,-0.01,-0.90,1.45,9.67,-0.01,0.01,-0.01,-0.86,1.06,9.74,-0.02,-0.00,-0.01,-0.71,7.04,6.91,-0.02,0.01,-0.01,0.32,-0.12,0.95,-0.55,-0.73,0.06,R
83.771,28,54,27,15,51,-0.04,-3.84,9.28,-0.00,0.02,0.00,-2.77,-0.17,9.50,-0.01,0.02,0.01,-0.88,1.39,9.68,-0.03,0.00,0.01,-0.87,1.00,9.76,0.00,0.02,0.00,-0.67,7.23,6.84,-0.00,0.01,-0.01,0.32,-0.12,0.95,0.85,1.71,0.24,R
83.823,28,56,30,14,49,-0.11,-3.82,9.10,-0.07,0.03,0.00,-2.80,-0.03,9.48,0.00,0.01,-0.01,-0.87,1.60,9.70,-0.03,-0.02,-0.01,-0.86,0.83,9.76,-0.01,-0.00,-0.01,-0.62,7.12,6.87,-0.01,0.00,-0.01,0.31,-0.11,0.95,0.73,0.12,-0.12,R
83.873,28,53,29,14,49,-0.09,-3.96,9.16,-0.01,0.02,-0.01,-2.80,-0.11,9.49,-0.01,0.03,0.01,-0.82,1.48,9.66,0.03,-0.01,-0.01,-0.85,0.98,9.82,-0.01,-0.00,-0.00,-0.69,7.13,6.91,-0.01,0.01,-0.01,0.33,-0.12,0.95,0.12,0.92,0.24,R
83.924,28,56,28,15,51,-0.12,-3.92,9.19,-0.06,0.03,-0.01,-2.67,-0.11,9.47,-0.03,0.02,0.00,-0.85,1.47,9.65,-0.02,0.04,0.00,-0.85,1.06,9.75,0.02,0.01,0.00,-0.59,7.19,6.87,0.00,0.01,-0.01,0.31,-0.12,0.95,-0.31,-0.12,-0.31,R
83.976,28,54,29,15,51,-0.03,-3.95,9.24,-0.04,0.01,-0.00,-2.77,-0.14,9.53,-0.01,0.01,-0.01,-0.83,1.53,9.64,-0.03,0.01,-0.01,-0.79,0.96,9.77,-0.02,0.01,-0.00,-0.62,7.03,6.93,0.01,0.01,-0.01,0.30,-0.12,0.95,0.85,-1.46,0.18,R
84.027,27,51,27,14,51,-0.06,-3.83,9.19,-0.03,0.02,-0.02,-2.77,-0.24,9.47,-0.00,0.02,0.01,-0.94,1.61,9.64,-0.02,0.00,-0.00,-0.83,0.98,9.79,-0.04,0.01,-0.01,-0.66,7.08,6.89,0.01,0.02,-0.02,0.33,-0.12,0.95,-0.12,-0.67,0.31,R
84.078,28,53,29,14,45,-0.04,-3.95,9.17,-0.03,0.02,0.00,-2.75,-0.03,9.47,-0.00,0.01,-0.01,-0.91,1.50,9.70,-0.03,0.01,-0.00,-0.88,1.00,9.83,-0.02,0.01,-0.00,-0.64,6.96,6.90,-0.00,0.02,-0.01,0.31,-0.12,0.95,0.24,-0.37,0.18,R
84.128,26,51,29,15,51,-0.15,-3.95,9.19,0.00,0.02,-0.01,-2.73,-0.02,9.48,0.03,0.02,-0.01,-0.81,1.52,9.68,-0.04,-0.01,0.00,-0.83,0.89,9.75,-0.02,0.01,-0.00,-0.59,7.06,6.89,-0.01,0.02,-0.01,0.33,-0.12,0.96,0.73,0.00,0.12,R
84.18,25,50,27,14,50,-0.08,-3.98,9.13,-0.03,0.01,-0.01,-2.69,-0.08,9.46,-0.01,0.03,0.00,-0.95,1.51,9.65,-0.01,0.02,0.00,-0.83,0.96,9.77,0.01,0.02,-0.01,-0.74,7.08,6.87,0.03,0.02,-0.01,0.31,-0.12,0.95,-0.79,0.24,-0.12,R
84.231,28,51,29,16,50,-0.11,-3.96,9.24,-0.01,0.01,-0.01,-2.72,-0.14,9.53,0.01,0.03,-0.01,-0.91,1.48,9.71,-0.04,0.00,-0.01,-0.91,0.94,9.80,-0.02,0.01,-0.01,-0.64,7.09,6.92,-0.00,0.01,-0.01,0.31,-0.12,0.95,0.79,-1.28,0.06,R
84.281,26,50,28,14,49,-0.12,-3.98,9.17,-0.01,0.01,-0.00,-2.69,-0.09,9.42,0.02,0.03,-0.01,-0.82,1.45,9.69,-0.02,0.00,-0.01,-0.83,0.90,9.79,-0.01,0.01,-0.00,-0.65,7.09,6.90,0.01,0.02,-0.02,0.32,-0.12,0.96,0.24,-0.12,0.24,R
84.333,27,51,27,16,48,-0.10,-3.97,9.19,-0.00,0.02,-0.01,-2.77,-0.09,9.50,-0.01,0.04,-0.00,-0.88,1.52,9.66,-0.04,0.01,0.00,-0.87,0.99,9.73,0.00,0.01,-0.00,-0.65,7.15,6.86,0.01,0.02,-0.01,0.32,-0.12,0.95,0.61,-0.12,0.06,R
84.384,27,49,26,14,50,-0.09,-3.99,9.21,-0.03,0.01,-0.00,-2.84,-0.11,9.43,0.00,-0.02,-0.01,-0.91,1.51,9.61,-0.03,0.01,-0.01,-0.89,0.96,9.75,-0.01,0.01,-0.01,-0.62,7.07,6.91,0.00,0.02,-0.01,0.31,-0.12,0.95,0.79,-0.61,0.06,R
84.434,26,48,27,14,49,-0.05,-3.96,9.14,-0.01,0.01,0.00,-2.72,-0.05,9.48,0.01,0.04,0.00,-0.91,1.44,9.67,-0.03,0.01,0.01,-0.89,0.96,9.70,-0.00,0.02,0.00,-0.67,7.08,6.88,0.02,0.02,-0.01,0.31,-0.12,0.95,0.55,0.06,0.18,R
84.486,26,47,28,15,50,-0.10,-3.90,9.15,0.01,0.01,-0.01,-2.75,-0.06,9.51,-0.01,0.03,0.00,-0.83,1.57,9.67,-0.02,-0.00,0.00,-0.84,0.91,9.80,-0.01,0.01,0.00,-0.64,7.17,6.92,0.01,0.02,-0.01,0.32,-0.11,0.95,0.98,0.06,-0.06,R
84.537,27,48,28,15,49,-0.06,-3.98,9.15,-0.01,0.02,-0.00,-2.77,-0.05,9.48,-0.01,-0.01,-0.00,-0.85,1.46,9.65,-0.04,-0.01,0.01,-0.89,1.10,9.78,-0.00,0.00,-0.01,-0.65,7.02,6.91,-0.01,0.02,-0.01,0.32,-0.12,0.95,0.85,-0.92,-0.37,R
84.587,28,50,28,15,50,-0.06,-3.82,9.25,0.04,0.02,-0.02,-2.82,-0.03,9.50,-0.01,0.01,0.00,-0.91,1.52,9.64,-0.02,-0.01,-0.00,-0.83,1.03,9.76,-0.02,0.00,0.00,-0.71,7.04,6.91,-0.01,0.02,-0.01,0.32,-0.12,0.95,1.04,-0.12,0.00,R
84.638,27,48,30,14,48,-0.01,-4.09,9.15,-0.02,0.02,-0.01,-2.72,-0.02,9.44,-0.01,0.03,0.00,-0.83,1.51,9.62,-0.02,0.01,-0.00,-0.81,0.96,9.78,-0.01,0.01,-0.00,-0.63,7.09,6.94,0.01,0.02,-0.01,0.31,-0.11,0.95,0.37,0.00,-0.12,R
84.69,26,48,27,14,51,-0.02,-4.16,9.15,0.00,0.01,-0.01,-2.74,-0.08,9.47,0.00,0.02,-0.00,-0.87,1.57,9.68,-0.05,-0.01,0.00,-0.85,0.94,9.75,-0.02,0.01,0.01,-0.66,7.02,6.90,0.01,0.02,-0.01,0.31,-0.11,0.95,0.55,-0.06,0.12,R
84.74,27,49,28,16,49,-0.05,-3.87,9.16,0.00,0.01,0.00,-2.72,-0.06,9.51,0.00,0.02,0.00,-0.80,1.52,9.65,-0.02,0.01,0.00,-0.86,1.01,9.71,0.01,0.01,-0.00,-0.65,7.08,6.94,0.01,0.01,-0.00,0.32,-0.12,0.95,0.98,0.31,-0.12,R
84.792,27,48,30,14,49,-0.05,-3.86,9.20,-0.02,0.02,-0.01,-2.71,-0.03,9.49,-0.01,0.02,-0.00,-0.82,1.52,9.67,-0.03,-0.01,-0.01,-0.85,0.86,9.80,-0.02,0.01,-0.00,-0.63,7.03,6.90,0.01,0.02,-0.01,0.31,-0.12,0.95,0.61,-1.22,0.12,R
84.843,27,49,29,14,48,0.01,-4.15,9.11,0.03,0.01,0.00,-2.68,-0.04,9.56,0.00,0.03,0.01,-0.90,1.42,9.67,-0.02,0.02,0.01,-0.90,1.01,9.77,0.00,0.01,-0.01,-0.62,7.22,6.90,0.00,0.01,-0.01,0.32,-0.12,0.95,0.06,1.16,0.18,R
84.894,27,48,28,14,51,-0.00,-3.95,9.19,-0.02,0.01,-0.01,-2.71,-0.02,9.46,0.00,0.02,-0.00,-0.84,1.52,9.67,-0.02,0.00,-0.01,-0.82,0.86,9.76,-0.01,0.01,-0.00,-0.65,7.06,6.91,0.01,0.02,-0.01,0.31,-0.12,0.95,0.67,-0.67,-0.18,R
84.944,27,47,28,14,49,-0.07,-3.92,9.16,-0.00,0.02,-0.01,-2.77,-0.13,9.54,0.02,0.03,-0.01,-0.88,1.53,9.66,-0.02,0.00,-0.00,-0.88,0.94,9.78,0.00,0.02,-0.00,-0.70,7.03,6.94,0.01,0.01,-0.01,0.31,-0.12,0.95,0.61,-0.37,0.06,R
84.995,26,48,28,14,50,0.00,-4.05,9.14,-0.00,0.02,-0.01,-2.72,-0.02,9.50,-0.01,0.04,-0.00,-0.87,1.57,9.65,-0.03,0.01,-0.00,-0.91,1.02,9.81,-0.01,0.01,-0.01,-0.66,7.07,6.93,-0.01,0.01,-0.01,0.32,-0.12,0.95,-0.06,-0.73,-0.12,R
85.047,27,49,28,15,49,-0.09,-4.21,9.13,-0.03,0.01,0.00,-2.68,-0.05,9.50,0.01,0.03,-0.01,-0.91,1.50,9.66,-0.02,0.01,-0.01,-0.90,1.06,9.74,0.01,0.01,0.00,-0.71,7.04,6.95,0.01,0.02,-0.01,0.31,-0.12,0.95,0.37,-0.31,0.00,R
85.097,28,49,29,14,50,-0.06,-3.95,9.15,0.01,0.01,-0.01,-2.80,-0.06,9.56,0.01,0.02,0.00,-0.92,1.54,9.67,-0.03,-0.00,-0.01,-0.83,0.92,9.78,-0.01,0.00,-0.00,-0.69,7.08,6.94,0.00,0.02,-0.02,0.32,-0.12,0.95,0.92,0.31,0.12,R
85.148,26,48,26,14,50,-0.01,-3.95,9.15,-0.02,0.02,-0.01,-2.76,-0.02,9.56,0.00,0.03,-0.00,-0.84,1.60,9.70,-0.03,0.01,-0.00,-0.82,0.96,9.74,-0.01,0.02,0.00,-0.69,7.07,7.01,0.02,0.02,-0.01,0.31,-0.12,0.95,0.12,-0.43,0.06,R
85.2,28,48,29,16,50,-0.07,-3.94,9.20,0.01,0.01,-0.00,-2.74,0.01,9.46,0.01,0.02,-0.00,-0.87,1.48,9.67,-0.02,-0.00,-0.01,-0.87,1.05,9.80,-0.01,0.00,0.00,-0.67,7.13,6.94,-0.01,0.02,-0.01,0.32,-0.11,0.95,0.98,0.06,0.24,R
85.25,27,49,29,16,49,-0.08,-3.94,9.19,-0.02,0.02,0.00,-2.75,-0.06,9.50,-0.00,0.02,-0.00,-0.90,1.54,9.71,-0.02,0.01,0.01,-0.86,0.96,9.80,0.01,0.01,-0.00,-0.62,7.03,7.00,-0.01,0.01,-0.01,0.31,-0.11,0.95,0.00,-0.37,-0.18,R
85.301,26,47,28,14,48,-0.01,-4.10,9.10,-0.01,0.01,0.01,-2.76,-0.07,9.54,0.01,0.02,-0.00,-0.89,1.53,9.68,-0.01,0.01,-0.00,-0.88,1.03,9.76,0.00,0.01,-0.01,-0.66,7.05,6.87,0.00,0.02,-0.01,0.31,-0.12,0.95,0.43,0.37,0.12,R
85.353,27,48,27,15,49,-0.11,-3.87,9.18,0.01,0.01,-0.00,-2.79,0.05,9.47,0.00,0.02,-0.00,-0.87,1.54,9.65,-0.03,0.00,0.00,-0.85,1.01,9.77,-0.00,0.01,-0.00,-0.63,7.02,6.92,0.01,0.02,-0.01,0.31,-0.12,0.95,0.67,-0.24,0.12,R
85.403,27,48,28,12,50,-0.09,-4.06,9.18,-0.03,0.02,0.00,-2.76,-0.17,9.53,0.04,0.03,-0.01,-0.82,1.53,9.70,-0.01,0.01,-0.01,-0.81,0.92,9.81,-0.01,0.01,0.00,-0.65,7.02,6.98,0.01,0.02,-0.01,0.31,-0.12,0.96,0.06,-0.31,0.24,R
85.454,27,48,27,15,48,0.04,-4.12,9.16,-0.04,0.01,0.01,-2.73,-0.08,9.43,0.19,-0.06,-0.08,-0.90,1.60,9.64,-0.03,-0.01,-0.02,-0.86,0.82,9.72,-0.01,0.01,-0.02,-0.64,7.10,6.86,-0.00,0.02,-0.02,0.32,-0.12,0.95,1.10,-0.61,0.61,R
85.505,28,48,30,15,49,-0.01,-4.08,9.17,-0.01,0.01,-0.00,-2.63,0.14,9.68,0.08,-0.02,-0.05,-0.87,1.55,9.65,-0.01,0.01,-0.02,-0.82,0.86,9.80,-0.02,0.01,-0.01,-0.67,7.09,6.94,-0.01,0.02,-0.02,0.31,-0.12,0.95,0.37,-0.85,0.37,R
85.556,27,43,29,15,48,-0.06,-4.14,9.14,-0.01,0.01,0.01,-2.70,0.19,9.50,-0.01,0.01,0.00,-0.90,1.54,9.72,-0.03,0.01,0.00,-0.89,0.95,9.76,0.01,0.02,0.00,-0.67,7.15,6.94,0.01,0.02,-0.00,0.31,-0.12,0.96,0.73,1.16,0.31,R
85.607,28,42,28,16,50,-0.09,-3.88,9.13,0.01,0.01,-0.01,-2.61,0.17,9.46,-0.04,0.03,0.01,-0.88,1.66,9.61,-0.04,0.00,-0.00,-0.81,0.98,9.77,-0.00,0.00,0.00,-0.68,7.02,6.96,0.01,0.02,-0.01,0.31,-0.12,0.95,0.43,-0.61,0.00,R
85.659,26,42,28,14,50,-0.10,-4.18,9.23,-0.02,0.02,-0.00,-2.69,0.17,9.51,-0.01,0.03,0.01,-0.87,1.50,9.66,-0.03,0.01,-0.00,-0.86,0.97,9.76,-0.01,0.01,-0.00,-0.72,7.09,6.90,-0.01,0.02,-0.02,0.32,-0.12,0.96,0.55,-0.61,0.06,R
85.711,26,42,27,14,50,-0.09,-3.97,9.21,0.01,0.01,-0.00,-2.73,0.19,9.52,0.01,0.03,0.00,-0.89,1.59,9.64,-0.04,0.01,-0.00,-0.97,1.09,9.67,-0.00,0.01,-0.01,-0.70,7.07,6.90,-0.02,0.02,-0.01,0.32,-0.12,0.95,0.49,0.12,0.24,R
85.761,26,43,29,14,48,-0.06,-3.95,9.10,-0.01,0.02,-0.01,-2.72,0.13,9.50,-0.02,0.01,0.00,-0.84,1.47,9.64,-0.05,-0.00,-0.00,-0.91,0.94,9.78,-0.01,0.01,-0.00,-0.63,7.07,6.94,0.01,0.02,-0.01,0.31,-0.12,0.96,1.40,-0.12,0.12,R
85.812,27,49,28,15,48,0.00,-4.30,9.11,-0.02,0.01,0.00,-2.70,0.12,9.48,0.00,0.04,-0.00,-0.85,1.61,9.66,-0.03,0.01,-0.00,-0.82,0.93,9.75,-0.01,0.01,-0.01,-0.66,7.03,6.96,0.00,0.01,-0.01,0.31,-0.11,0.96,-0.18,-0.43,0.00,R
85.864,28,43,29,17,49,-0.12,-4.09,9.17,0.01,0.01,-0.00,-2.70,0.14,9.57,-0.01,0.03,0.00,-0.93,1.58,9.61,-0.02,0.01,0.00,-0.86,0.98,9.78,-0.01,0.02,0.00,-0.65,7.10,6.92,0.00,0.01,-0.00,0.32,-0.12,0.95,0.67,0.37,0.18,R
85.915,27,41,28,15,47,-0.03,-3.99,9.13,-0.01,0.02,-0.00,-2.68,0.15,9.52,-0.02,0.01,0.00,-0.91,1.61,9.70,-0.05,-0.00,0.00,-0.90,0.91,9.80,-0.02,0.01,-0.00,-0.64,7.08,7.03,0.01,0.02,-0.01,0.31,-0.12,0.96,0.92,-0.92,0.24,R
85.965,28,43,28,15,48,-0.05,-4.06,9.11,0.02,0.02,-0.01,-2.67,0.09,9.48,-0.00,0.04,0.01,-0.96,1.57,9.66,-0.01,0.01,-0.00,-0.93,1.02,9.77,0.00,0.01,-0.00,-0.68,7.12,6.93,0.00,0.02,-0.01,0.32,-0.12,0.95,-0.06,0.67,-0.06,R
86.016,27,41,28,15,50,-0.07,-4.01,9.19,-0.00,0.02,0.00,-2.72,0.21,9.47,-0.02,0.02,-0.00,-0.86,1.52,9.66,-0.04,-0.01,0.00,-0.87,0.97,9.75,-0.01,-0.01,-0.00,-0.67,7.06,6.96,-0.01,0.01,-0.02,0.31,-0.12,0.95,1.65,-0.43,0.00,R
86.067,27,42,28,14,48,-0.11,-4.16,9.14,0.01,0.01,-0.00,-2.71,0.08,9.53,-0.02,0.02,0.01,-0.92,1.51,9.68,-0.04,0.01,0.01,-0.88,0.97,9.81,0.02,0.02,0.01,-0.68,7.06,6.91,0.01,0.02,-0.00,0.31,-0.12,0.96,0.43,1.34,0.06,R
86.118,27,40,27,15,48,-0.02,-3.95,9.15,-0.00,0.01,0.00,-2.72,0.07,9.49,0.01,0.02,-0.01,-0.95,1.62,9.62,-0.02,0.01,-0.01,-0.87,1.01,9.79,-0.00,0.01,-0.01,-0.65,7.11,6.89,0.01,0.02,-0.02,0.32,-0.12,0.95,0.37,-0.79,-0.06,R
86.169,28,42,29,15,48,-0.10,-3.99,9.15,-0.04,0.00,0.01,-2.70,0.21,9.46,0.00,0.02,0.00,-0.92,1.53,9.67,-0.04,0.01,0.01,-0.92,1.00,9.74,-0.01,0.01,0.01,-0.66,6.92,7.03,0.01,0.03,-0.00,0.30,-0.12,0.96,0.67,0.55,0.55,R
86.22,28,40,26,14,50,-0.03,-4.31,9.08,0.01,0.01,0.03,-2.66,0.11,9.53,-0.00,0.04,0.01,-0.85,1.58,9.66,-0.02,0.01,-0.01,-0.86,0.98,9.82,0.00,0.01,-0.00,-0.68,7.08,6.99,0.00,0.02,-0.01,0.33,-0.12,0.95,0.55,0.73,0.12,R
86.271,26,41,28,14,48,-0.06,-3.97,9.17,-0.01,0.03,-0.02,-2.71,0.16,9.51,-0.01,0.03,-0.01,-0.89,1.62,9.65,-0.04,0.01,-0.01,-0.85,0.92,9.77,-0.01,0.02,0.00,-0.68,6.99,6.92,0.02,0.03,-0.00,0.30,-0.12,0.95,0.79,-1.04,0.12,R
86.322,28,40,28,15,48,-0.04,-4.06,9.16,0.01,0.01,0.00,-2.74,0.25,9.52,0.01,0.03,0.01,-1.02,1.60,9.69,-0.02,0.00,0.00,-0.84,0.97,9.75,-0.02,0.00,0.00,-0.70,7.01,6.95,0.00,0.03,-0.01,0.33,-0.11,0.95,0.67,0.49,0.43,R
86.373,28,41,28,15,48,-0.07,-4.06,9.12,0.01,0.02,-0.01,-2.68,0.18,9.49,-0.01,0.03,-0.00,-0.89,1.52,9.65,-0.03,0.01,0.00,-0.87,1.02,9.83,0.02,0.02,-0.00,-0.67,7.02,6.90,0.02,0.02,0.00,0.31,-0.12,0.95,0.18,0.61,0.12,R
86.425,27,40,29,14,48,-0.14,-3.90,9.14,0.00,0.02,-0.01,-2.73,0.11,9.52,0.00,0.02,0.00,-0.95,1.61,9.63,-0.04,-0.01,-0.01,-0.85,0.98,9.73,-0.03,0.01,-0.00,-0.68,7.04,6.93,0.00,0.02,-0.01,0.32,-0.11,0.95,1.10,-0.92,0.18,R
86.475,27,41,27,14,49,-0.08,-4.12,9.09,0.01,0.01,0.01,-2.68,0.20,9.50,-0.01,0.04,0.01,-0.92,1.56,9.69,-0.02,0.02,0.01,-0.91,1.01,9.75,0.01,0.02,0.00,-0.67,7.08,6.91,0.01,0.02,-0.01,0.32,-0.12,0.95,0.18,1.10,0.24,R
86.526,28,40,28,14,48,-0.10,-3.97,9.05,-0.02,0.02,-0.01,-2.79,0.16,9.47,-0.02,0.01,0.00,-0.93,1.55,9.62,-0.05,-0.00,0.00,-0.90,0.99,9.79,0.00,0.02,0.00,-0.71,7.12,6.91,0.02,0.02,-0.01,0.30,-0.12,0.95,1.04,-0.85,0.06,R
86.576,27,40,26,14,48,-0.03,-4.16,9.14,0.00,0.00,0.01,-2.71,0.16,9.53,-0.01,0.04,0.01,-0.93,1.64,9.65,-0.02,0.01,0.00,-0.83,1.07,9.77,-0.01,0.01,0.00,-0.71,7.16,6.90,0.00,0.02,-0.01,0.32,-0.12,0.95,0.37,0.49,0.24,R
86.627,27,40,29,11,49,-0.04,-4.14,9.07,-0.01,0.01,0.00,-2.72,0.17,9.56,-0.01,0.02,0.00,-0.90,1.54,9.67,-0.04,0.01,0.00,-0.82,1.01,9.77,0.00,0.02,-0.01,-0.68,7.15,6.90,0.02,0.02,-0.01,0.31,-0.12,0.95,0.79,-0.06,0.06,R
86.679,27,41,28,15,48,-0.05,-4.15,9.12,0.00,0.01,0.00,-2.72,0.10,9.45,-0.00,0.03,0.01,-0.96,1.58,9.63,-0.03,0.01,0.00,-0.85,1.09,9.78,-0.01,0.01,0.00,-0.65,7.11,6.88,0.00,0.02,-0.01,0.33,-0.12,0.95,0.49,0.73,0.24,R
86.73,26,42,27,14,50,-0.06,-4.06,9.11,-0.00,0.02,-0.01,-2.69,0.16,9.51,-0.01,0.03,-0.00,-0.93,1.54,9.73,-0.02,0.01,0.01,-0.89,1.05,9.75,-0.00,0.01,-0.00,-0.63,7.14,6.87,0.03,0.02,-0.01,0.31,-0.12,0.96,0.43,-0.31,0.12,R
86.781,27,41,28,15,52,-0.09,-4.09,9.16,0.00,0.02,0.00,-2.72,0.18,9.43,0.01,0.02,0.00,-0.91,1.52,9.65,-0.03,0.01,0.00,-0.90,1.01,9.79,0.01,0.02,-0.00,-0.78,7.22,6.88,0.01,0.02,-0.01,0.32,-0.11,0.95,0.67,0.24,-0.12,R
86.831,26,40,27,12,50,-0.11,-4.02,9.14,-0.02,0.01,-0.01,-2.75,0.20,9.43,-0.03,0.02,-0.00,-0.90,1.60,9.62,-0.03,0.00,-0.01,-0.86,1.04,9.79,-0.00,0.00,-0.00,-0.63,7.03,6.94,0.00,0.02,-0.01,0.31,-0.11,0.95,0.92,-0.73,0.18,R
86.882,28,43,29,16,48,-0.02,-4.19,9.12,0.00,0.01,0.00,-2.75,0.17,9.53,-0.00,0.03,0.01,-0.93,1.54,9.68,-0.02,0.01,0.01,-0.90,1.08,9.78,0.01,0.01,0.00,-0.66,7.09,6.96,0.01,0.02,-0.02,0.32,-0.11,0.95,0.43,0.31,0.12,R
86.933,29,42,29,15,48,-0.03,-4.04,9.15,0.00,0.02,-0.01,-2.71,0.16,9.42,-0.01,0.03,0.01,-0.94,1.59,9.57,-0.02,0.01,-0.01,-0.97,1.03,9.74,-0.00,0.01,-0.00,-0.68,7.12,6.89,0.02,0.03,-0.02,0.32,-0.11,0.95,0.61,-0.18,0.06,R
86.984,27,40,28,15,48,-0.07,-4.11,9.14,-0.02,0.01,-0.00,-2.78,0.16,9.52,0.00,0.05,-0.00,-0.97,1.54,9.60,-0.02,0.02,-0.00,-0.83,1.01,9.75,0.00,0.02,0.01,-0.66,7.12,6.92,0.03,0.03,-0.01,0.31,-0.11,0.96,-0.12,0.06,0.18,R
87.036,26,41,28,15,49,-0.03,-4.08,9.16,-0.01,0.02,0.01,-2.72,0.18,9.52,0.01,0.04,0.01,-1.04,1.57,9.69,-0.03,0.03,0.00,-0.86,1.07,9.76,0.01,0.03,-0.01,-0.66,7.09,6.86,0.02,0.02,-0.02,0.33,-0.11,0.95,0.00,-0.18,0.18,R
87.087,28,42,30,15,48,-0.14,-4.11,9.14,-0.08,0.01,0.02,-2.81,0.21,9.44,0.00,0.06,-0.01,-1.02,1.55,9.62,-0.03,0.03,0.00,-0.87,1.04,9.77,0.03,0.02,0.00,-0.68,7.08,6.90,0.04,0.03,-0.01,0.31,-0.12,0.95,-1.28,-0.18,0.67,R
87.138,28,41,28,14,48,-0.09,-4.04,9.14,-0.15,0.02,0.10,-2.78,0.11,9.45,0.05,0.05,0.02,-1.00,1.66,9.64,-0.00,0.05,0.01,-1.01,1.21,9.76,0.04,0.03,-0.00,-0.68,7.24,6.85,0.04,0.03,-0.02,0.33,-0.12,0.95,-2.01,2.38,0.49,R
87.188,28,39,29,14,51,-0.09,-4.74,9.21,-0.12,0.00,0.08,-2.75,0.10,9.47,0.00,0.04,-0.01,-0.97,1.64,9.59,-0.01,0.02,-0.02,-0.91,1.12,9.72,0.01,0.01,-0.02,-0.71,7.11,6.83,0.00,0.01,-0.02,0.31,-0.11,0.95,0.61,0.49,0.43,R
87.239,29,41,30,14,49,-0.10,-3.95,9.13,0.05,0.01,-0.04,-2.76,0.14,9.50,-0.01,0.05,-0.00,-0.97,1.56,9.66,-0.00,0.03,-0.01,-0.94,1.08,9.76,0.01,0.02,0.00,-0.74,7.12,6.86,0.03,0.03,-0.01,0.31,-0.11,0.95,-0.49,0.85,0.37,R
87.29,29,41,30,15,51,-0.13,-4.31,9.42,-0.09,0.02,0.05,-2.81,0.11,9.55,-0.00,0.01,0.01,-0.99,1.65,9.65,-0.03,0.02,0.00,-0.89,1.13,9.75,0.01,0.02,0.00,-0.68,7.17,6.82,0.03,0.02,-0.01,0.31,-0.11,0.95,0.73,-0.18,0.06,R
87.341,29,41,32,14,51,-0.11,-4.16,9.02,0.04,0.02,-0.03,-2.73,0.23,9.50,0.00,0.04,-0.00,-1.02,1.59,9.68,-0.01,0.02,0.00,-0.94,1.12,9.83,-0.00,0.01,0.00,-0.77,7.23,6.83,0.01,0.02,-0.00,0.32,-0.11,0.95,-0.12,0.61,0.18,R
87.392,28,40,32,14,50,-0.05,-4.13,9.05,-0.03,0.00,0.01,-2.80,0.17,9.50,-0.02,0.01,-0.00,-1.00,1.60,9.59,-0.04,0.01,0.01,-0.97,1.11,9.73,0.00,0.02,0.00,-0.68,7.13,6.80,0.02,0.02,-0.01,0.31,-0.11,0.95,1.10,-0.73,-0.06,R
87.443,27,39,29,15,51,-0.08,-4.08,9.07,0.02,0.01,-0.01,-2.79,0.09,9.52,-0.01,0.04,0.00,-1.03,1.60,9.65,-0.02,0.02,0.00,-0.91,1.16,9.73,-0.00,0.02,0.00,-0.72,7.13,6.86,0.02,0.02,-0.01,0.32,-0.11,0.95,0.06,0.37,0.31,R
87.494,28,40,29,14,48,-0.23,-3.94,9.06,-0.02,0.05,0.04,-2.79,0.15,9.54,-0.00,0.02,0.01,-1.03,1.59,9.62,-0.02,0.02,0.01,-0.97,1.13,9.77,0.00,0.02,0.01,-0.79,7.17,6.79,0.03,0.02,-0.01,0.32,-0.11,0.95,0.43,0.24,0.24,R
87.546,28,39,29,15,51,-0.07,-4.58,8.98,0.02,0.01,-0.00,-2.84,0.08,9.47,-0.02,0.03,0.00,-1.04,1.62,9.67,-0.03,0.01,0.00,-0.98,1.18,9.69,-0.01,0.01,-0.00,-0.79,7.22,6.82,0.00,0.01,-0.01,0.33,-0.11,0.95,0.85,0.12,0.12,R
87.597,29,40,32,16,50,-0.06,-4.30,8.97,-0.02,0.01,0.01,-2.81,0.26,9.47,-0.04,0.01,-0.00,-1.02,1.51,9.59,-0.03,-0.01,-0.00,-0.93,1.09,9.69,-0.01,-0.00,0.00,-0.69,7.16,6.85,0.01,0.02,-0.01,0.31,-0.11,0.95,1.59,0.31,0.24,R
87.647,30,40,30,16,51,-0.15,-4.32,9.01,-0.04,0.01,0.03,-2.82,0.16,9.42,0.01,0.01,0.01,-1.08,1.65,9.60,-0.01,0.01,0.01,-0.95,1.18,9.71,0.01,0.01,0.00,-0.73,7.23,6.79,0.02,0.02,-0.01,0.33,-0.11,0.95,0.18,0.37,-0.06,R
87.699,29,38,32,17,51,-0.01,-4.30,9.06,0.00,0.02,-0.02,-2.77,0.23,9.53,-0.02,0.03,-0.01,-1.06,1.62,9.63,-0.04,-0.01,-0.00,-0.87,1.14,9.76,-0.03,0.01,-0.00,-0.66,7.18,6.81,-0.01,0.02,-0.01,0.32,-0.11,0.96,1.34,-0.61,-0.06,R
87.75,29,38,28,15,53,-0.06,-4.30,9.05,0.04,0.01,-0.01,-2.82,0.16,9.51,-0.00,0.03,0.01,-0.99,1.64,9.61,-0.02,0.01,0.00,-0.95,1.15,9.75,-0.01,0.02,0.01,-0.68,7.20,6.79,0.02,0.02,-0.01,0.32,-0.11,0.95,0.49,0.73,0.31,R
87.8,28,39,29,17,50,-0.05,-4.22,9.07,0.00,0.01,-0.01,-2.82,0.23,9.49,-0.02,0.02,-0.00,-1.04,1.56,9.60,-0.05,0.01,0.00,-0.94,1.17,9.75,-0.01,0.01,-0.01,-0.64,7.23,6.80,-0.00,0.02,-0.02,0.32,-0.11,0.95,1.10,-0.55,0.00,R
87.851,29,40,30,17,50,-0.11,-4.30,9.10,-0.01,0.02,-0.00,-2.84,0.18,9.48,-0.02,0.03,0.01,-1.04,1.65,9.65,-0.02,0.01,0.00,-0.95,1.16,9.74,-0.02,0.01,0.00,-0.71,7.15,6.88,0.01,0.01,-0.01,0.32,-0.11,0.95,0.92,0.18,0.00,R
87.902,28,40,29,14,49,-0.13,-4.18,9.04,0.01,0.02,0.00,-2.86,0.24,9.41,0.00,0.02,0.00,-1.08,1.54,9.62,-0.04,0.01,0.01,-0.99,1.11,9.73,0.01,0.02,0.00,-0.73,7.25,6.79,0.01,0.02,-0.01,0.32,-0.11,0.95,0.73,0.85,0.12,R
87.954,28,38,28,14,51,-0.15,-4.06,9.10,0.00,0.02,-0.01,-2.83,0.11,9.49,-0.02,0.02,0.00,-1.07,1.62,9.59,-0.02,-0.01,-0.01,-0.91,1.14,9.78,-0.03,-0.00,-0.00,-0.70,7.17,6.83,-0.00,0.01,-0.01,0.32,-0.11,0.95,0.73,-1.16,0.00,R
88.004,28,40,30,14,44,-0.07,-4.24,9.09,0.01,0.01,0.00,-2.79,0.11,9.46,-0.02,0.02,0.01,-1.13,1.53,9.64,-0.02,0.01,0.01,-0.95,1.20,9.74,-0.00,0.01,0.00,-0.70,7.18,6.85,0.01,0.02,-0.01,0.33,-0.11,0.95,0.37,0.43,0.18,R
88.056,29,40,32,14,48,-0.13,-4.34,9.11,-0.02,0.01,0.01,-2.85,0.20,9.49,-0.01,0.02,-0.00,-1.10,1.57,9.63,-0.04,0.01,-0.00,-0.96,1.20,9.72,0.00,0.01,-0.01,-0.69,7.14,6.83,0.01,0.01,-0.02,0.32,-0.11,0.95,0.85,-0.61,0.06,R
88.107,29,40,30,16,49,-0.11,-4.24,9.05,-0.00,0.01,-0.00,-2.83,0.17,9.55,0.00,0.02,0.00,-1.04,1.60,9.67,-0.01,0.01,-0.00,-0.95,1.16,9.77,-0.01,0.01,0.00,-0.73,7.16,6.83,-0.01,0.02,-0.00,0.32,-0.11,0.96,0.31,0.06,0.12,R
88.157,27,38,30,15,49,-0.11,-4.27,9.04,0.01,0.01,0.00,-2.85,0.18,9.48,-0.02,0.02,0.00,-1.08,1.63,9.63,-0.04,0.00,0.01,-0.99,1.13,9.69,-0.00,0.01,0.00,-0.70,7.21,6.86,0.01,0.01,-0.01,0.32,-0.11,0.95,0.98,0.24,0.31,R
88.208,28,38,29,16,49,-0.11,-4.20,9.09,-0.03,0.01,0.01,-2.83,0.19,9.46,-0.00,0.03,0.00,-1.03,1.60,9.64,-0.03,0.01,-0.00,-0.99,1.13,9.72,-0.01,0.01,0.00,-0.71,7.15,6.80,0.00,0.02,-0.01,0.32,-0.11,0.95,0.18,-0.06,0.12,R
88.259,28,40,29,16,49,-0.04,-4.16,9.13,0.04,0.02,-0.02,-2.79,0.16,9.50,-0.02,0.03,-0.01,-1.10,1.63,9.57,-0.04,0.00,-0.01,-0.97,1.05,9.70,-0.01,0.01,-0.01,-0.69,7.19,6.82,0.01,0.02,-0.01,0.31,-0.11,0.95,1.22,-0.12,0.49,R
88.31,31,40,30,16,51,-0.15,-4.20,9.23,-0.02,-0.00,0.01,-2.79,0.18,9.44,-0.01,0.04,0.01,-1.03,1.58,9.65,-0.04,0.02,0.00,-0.96,1.21,9.75,-0.00,0.02,0.00,-0.69,7.24,6.84,0.01,0.03,-0.01,0.32,-0.11,0.95,0.12,-0.43,0.55,R
88.362,29,40,30,17,50,-0.12,-4.52,9.05,-0.01,-0.01,0.01,-2.85,0.14,9.47,-0.06,0.02,0.01,-1.08,1.55,9.65,-0.03,0.01,0.01,-0.91,1.07,9.76,0.02,0.02,0.01,-0.71,7.18,6.84,0.03,0.04,-0.00,0.31,-0.11,0.96,-0.18,0.55,1.04,R
88.414,28,38,29,14,49,-0.09,-4.63,8.96,-0.01,-0.01,0.06,-2.84,0.23,9.49,-0.02,0.07,0.00,-1.19,1.49,9.67,0.01,0.06,0.01,-1.04,1.42,10.00,0.12,0.08,-0.02,-0.80,7.27,6.74,0.04,0.05,-0.02,0.33,-0.12,0.95,-2.69,0.24,1.77,R
88.464,29,40,30,16,51,-0.22,-4.29,9.05,-0.18,0.01,0.04,-2.93,0.17,9.49,-0.08,0.17,-0.02,-1.22,1.67,9.59,-0.07,0.18,-0.01,-1.07,1.18,9.73,0.13,0.12,-0.01,-0.77,7.20,6.75,0.02,0.11,-0.08,0.32,-0.11,0.97,-7.26,-7.63,2.99,R
88.514,32,40,34,17,52,-0.37,-4.85,9.11,-0.59,0.14,-0.02,-3.34,0.16,9.52,-0.36,0.48,-0.05,-1.78,1.55,9.61,-0.07,0.56,-0.04,-1.40,1.03,9.84,0.42,0.31,-0.02,-0.97,7.30,6.75,0.09,0.13,-0.19,0.30,-0.12,0.97,-13.61,-7.69,9.16,R
88.566,34,21,36,18,53,-0.66,-5.43,10.89,-0.24,-0.50,-0.23,-3.43,-0.41,9.32,-0.37,0.64,-0.05,-1.83,1.72,9.64,-0.16,0.66,-0.05,-1.72,1.61,9.67,0.50,0.44,-0.11,-1.41,7.46,6.69,0.05,0.15,-0.49,0.36,-0.08,1.01,-14.04,-14.83,11.35,R
88.617,34,40,37,23,51,-0.89,-5.12,11.54,-0.97,-0.69,-0.01,-5.94,1.05,12.41,-0.66,0.90,-0.13,-3.47,4.97,10.21,0.09,1.81,-0.09,-3.09,7.19,12.17,0.94,1.02,0.67,-2.60,15.56,10.28,1.11,1.05,0.01,0.37,-0.17,1.07,-20.26,-31.74,29.54,R
88.668,38,46,51,32,51,-0.28,-4.69,10.43,-1.33,-1.55,0.46,-7.13,1.07,14.46,-1.72,-0.70,0.97,-5.31,3.50,16.40,-1.64,-0.77,1.38,-3.78,3.95,15.16,-1.16,-1.22,1.37,-2.69,10.75,9.50,-1.48,-0.64,2.16,0.51,-0.19,1.17,-53.77,-53.71,77.33,R
88.719,39,54,62,36,57,1.68,-7.74,10.91,-0.72,-2.53,-0.33,-5.65,-2.15,12.47,-1.27,-1.83,0.47,-3.46,-0.22,12.00,-0.87,-1.71,1.00,-2.09,1.53,10.87,-0.58,-1.85,1.03,-0.95,8.51,6.50,-0.40,-0.89,2.00,0.21,0.03,1.23,-95.28,-43.03,73.24,R
88.77,39,58,69,37,59,2.45,-6.87,8.94,-0.36,-2.11,-0.58,-3.73,-1.49,11.42,-0.24,-1.95,0.49,-2.34,0.93,12.80,-0.20,-1.81,0.96,-0.92,1.49,12.62,0.07,-1.85,1.13,-0.27,8.00,9.26,-0.10,-0.92,2.08,0.15,0.14,1.10,-95.64,-8.36,65.80,R
88.82,37,61,71,38,62,3.43,-7.00,7.16,-0.41,-1.85,-0.81,-1.85,-2.97,9.57,-0.20,-2.06,0.17,-0.57,-0.97,9.36,-0.19,-1.83,0.56,0.54,0.23,9.55,-0.19,-1.77,0.65,1.05,5.76,7.40,-0.34,-0.95,1.54,0.15,0.23,1.06,-99.06,-15.20,53.83,R
88.872,37,64,75,40,63,4.44,-7.44,5.59,-0.46,-1.20,-0.95,-0.71,-4.53,10.30,-0.02,-1.84,-0.22,0.29,-2.61,11.43,0.01,-1.92,0.06,1.26,-1.79,10.71,0.07,-1.93,0.06,1.62,5.10,9.55,-0.00,-1.56,1.10,0.07,0.28,0.97,-88.50,-4.03,32.59,R
88.923,33,63,72,39,64,4.87,-7.13,4.46,-0.75,-0.84,-1.35,0.44,-3.71,8.82,-0.22,-1.96,-0.96,1.30,-1.46,10.17,-0.50,-2.12,-0.63,2.33,-0.41,10.55,-0.63,-2.18,-0.55,3.05,5.71,8.40,-0.76,-2.14,0.88,0.01,0.36,0.97,-100.28,-34.12,15.75,R
88.973,32,63,72,39,66,4.96,-8.11,6.34,-0.72,-1.03,-1.42,0.35,-3.52,10.28,-0.22,-2.24,-0.88,1.68,-1.24,9.86,-0.19,-2.19,-0.45,3.05,-0.36,8.67,-0.20,-2.24,-0.20,3.76,3.84,6.03,0.01,-1.92,1.19,-0.14,0.37,0.86,-121.03,-17.15,10.93,R
89.025,31,68,79,41,67,3.57,-5.88,3.86,-0.14,-1.41,-1.84,1.73,-2.89,7.73,0.40,-2.14,-0.72,2.48,-0.71,7.81,0.54,-2.09,-0.30,3.50,-0.43,7.71,0.29,-1.99,-0.18,4.13,4.07,6.17,0.39,-1.77,1.12,0.05,0.50,0.72,-145.45,11.84,12.21,R
89.076,31,75,86,45,73,5.21,-4.62,2.48,-0.75,-1.15,-1.87,2.73,-2.86,6.08,-0.20,-1.92,-1.05,3.32,-1.22,6.22,-0.19,-2.07,-0.62,3.70,-1.21,5.68,-0.25,-1.96,-0.49,3.69,2.53,5.76,-0.38,-1.98,1.04,-0.00,0.55,0.53,-108.46,-54.14,-14.77,R
89.127,28,84,93,55,77,5.97,-4.62,1.73,-0.83,-0.90,-2.01,4.12,-2.72,3.82,-0.21,-1.64,-1.48,4.31,-1.58,3.09,-0.15,-1.82,-1.17,4.66,-1.16,2.59,-0.12,-1.36,-1.08,4.69,0.06,2.26,0.13,-1.86,0.21,-0.04,0.60,0.45,-116.94,-34.42,-40.10,R
89.178,29,92,96,69,91,6.95,-2.83,0.34,-0.77,0.06,-2.03,5.39,-2.35,2.53,0.34,-0.93,-1.75,5.39,-1.86,1.52,0.08,-1.13,-1.66,4.87,-1.25,1.67,0.20,-0.49,-1.76,5.22,-0.47,0.87,0.44,-1.72,-0.87,0.03,0.66,0.31,-81.54,-14.83,-73.24,R
89.229,29,101,97,76,103,7.96,-0.39,-0.51,-0.32,1.27,-1.88,6.12,0.20,1.90,0.41,0.33,-2.38,6.17,0.71,0.46,0.34,-0.63,-2.52,5.72,1.73,0.68,0.29,-0.26,-2.65,6.12,1.62,-1.65,0.42,-1.67,-2.09,0.24,0.79,0.30,-35.34,-9.28,-102.05,R
89.28,28,111,93,76,104,6.20,2.73,4.58,0.33,2.51,-1.03,5.30,5.54,1.96,1.05,1.42,-2.36,6.06,6.53,-3.01,1.19,1.33,-2.75,6.11,7.35,-1.67,0.93,1.06,-2.64,7.34,4.02,-8.15,1.26,-0.66,-3.12,0.25,0.91,0.31,36.44,41.69,-107.12,R
89.331,27,108,98,73,104,6.30,3.33,11.06,2.67,2.37,0.59,2.56,10.51,6.86,2.97,3.03,-0.55,2.11,13.80,3.54,2.88,3.69,-1.27,3.20,13.36,2.02,3.09,3.26,-1.09,4.36,12.39,-6.01,3.71,2.23,-3.80,0.63,0.84,0.36,77.33,166.63,-75.07,R
89.382,27,105,110,68,101,2.38,7.78,11.20,1.87,2.40,1.46,0.16,14.88,5.74,1.76,3.64,0.86,-1.18,18.74,3.72,2.14,4.96,0.10,0.89,17.37,2.04,2.04,4.55,0.39,2.71,13.67,-9.33,1.72,4.74,-3.27,0.90,0.76,0.43,88.56,115.05,17.88,R
89.433,29,105,121,70,98,2.48,3.50,9.31,0.32,0.17,4.47,-2.64,13.46,6.08,-1.00,3.92,3.33,-2.99,15.02,3.26,-1.47,5.07,2.46,-2.31,14.24,5.36,-0.71,5.58,2.41,-0.54,12.76,-2.81,-1.33,5.82,-1.06,0.86,0.76,0.44,164.18,39.06,94.54,R
89.483,32,111,126,79,107,3.07,-2.38,6.87,-0.16,0.25,4.69,-3.40,3.10,5.44,-3.17,4.05,4.20,-3.20,3.30,2.49,-3.18,5.04,2.89,-3.08,3.45,1.36,-2.31,6.33,2.26,-2.45,4.85,1.19,-2.00,5.33,-1.24,0.62,0.60,0.67,198.61,8.97,121.89,R
89.535,37,115,140,95,114,2.40,-6.78,4.55,-0.52,0.97,5.11,-4.24,-3.30,4.50,-3.15,4.47,3.71,-6.30,-4.87,7.46,-3.97,5.63,2.13,-6.76,-4.16,8.54,-2.72,6.28,0.62,-5.38,2.15,6.29,-2.01,4.84,-2.87,0.21,0.47,0.76,190.25,-6.77,94.30,R
89.586,37,113,137,107,120,-2.23,-6.15,2.67,-0.16,2.21,5.29,-6.81,-6.01,5.10,-2.13,3.85,1.91,-6.80,-2.08,4.60,-2.10,3.77,0.22,-7.71,-1.72,5.13,-2.34,4.61,-0.78,-8.08,3.74,7.28,-1.86,3.71,-3.71,0.13,0.25,0.84,309.69,-39.25,49.01,R
89.637,43,128,129,105,118,-7.29,-7.26,1.88,-1.10,3.76,6.20,-9.48,-5.07,-1.47,-2.08,5.24,1.76,-10.18,-7.31,-0.06,-3.12,4.59,0.75,-11.05,-8.00,2.38,-2.69,4.54,-0.82,-10.59,-3.45,4.71,-2.63,3.32,-3.21,-0.23,-0.23,0.91,408.69,-45.59,27.34,R
89.688,39,123,125,95,120,-9.77,-10.17,8.38,1.17,4.49,5.67,-14.41,-9.39,3.77,0.83,6.00,0.34,-15.04,-9.41,2.90,0.04,6.53,-0.70,-14.66,-7.14,2.23,0.35,6.14,-1.91,-15.36,-0.45,5.92,1.19,4.36,-5.61,-0.18,-0.40,0.77,372.01,36.74,-45.78,R
89.739,38,117,124,92,123,-10.22,-9.67,5.15,1.00,3.22,3.90,-15.74,-5.12,9.71,2.19,4.13,-0.77,-17.29,-4.21,11.45,1.22,5.30,-1.67,-17.91,-2.49,12.40,1.83,5.52,-2.38,-16.94,8.01,12.13,2.60,3.05,-4.89,-0.07,-0.80,0.90,234.80,28.20,-90.33,R
89.791,35,113,114,95,128,-8.35,-13.84,6.42,0.35,2.33,0.09,-15.16,-6.92,12.18,1.06,0.91,-1.92,-16.74,-4.75,17.24,1.21,1.10,-2.04,-17.20,-2.84,17.78,1.16,-0.50,-1.84,-16.22,6.95,13.52,0.49,-2.77,-0.49,-0.03,-0.89,0.95,-35.16,-28.69,-148.32,R
89.841,34,113,117,93,130,-9.33,-9.54,2.04,-0.19,1.93,-3.50,-14.23,-7.32,7.69,0.82,-1.95,-3.20,-15.11,-9.76,6.93,1.22,-3.75,-3.23,-15.95,-7.92,6.01,1.25,-4.77,-3.08,-15.76,-0.45,6.56,0.58,-6.32,-0.05,0.09,-0.66,0.97,-154.42,-75.44,-192.44,R
89.894,33,115,115,90,122,-11.56,-4.35,1.86,-1.65,2.42,-4.02,-12.71,-3.07,1.80,-0.52,-2.63,-5.05,-14.26,-1.69,2.88,0.72,-3.86,-4.98,-14.48,-0.67,4.77,0.26,-5.27,-4.33,-13.52,5.31,6.08,-0.94,-7.79,-0.40,-0.10,-0.48,1.03,-130.19,-163.09,-178.34,R
89.943,28,114,115,88,112,-10.90,-7.76,6.48,-1.86,2.46,-3.31,-10.90,-1.28,6.38,-0.97,-0.92,-4.55,-10.80,2.13,7.26,-0.01,-3.01,-3.52,-8.52,4.42,5.10,-0.12,-4.29,-2.87,-5.66,6.30,1.47,-0.78,-5.85,0.73,-0.28,-0.25,0.95,-145.87,-148.19,-106.32,R
89.994,27,118,114,90,99,-7.57,-9.20,8.73,-1.57,0.19,-3.24,-10.42,0.07,10.18,-0.16,-1.20,-2.20,-8.42,2.39,8.70,0.33,-3.04,-0.76,-7.00,1.90,8.50,0.58,-3.45,0.58,-3.77,5.09,4.86,0.60,-2.68,2.66,-0.34,-0.12,0.89,-169.80,-41.38,-10.38,R
90.045,29,131,117,90,97,-5.46,-7.06,5.57,-0.40,-1.51,-3.73,-7.29,-2.31,4.06,-0.00,-2.89,-0.34,-5.76,-1.85,3.29,0.22,-2.77,0.40,-4.47,-0.74,4.18,0.51,-2.36,1.19,-2.32,4.03,4.44,0.72,-1.66,2.53,-0.00,-0.07,0.95,-196.23,-19.10,34.42,R
90.096,39,142,132,98,99,-2.60,-7.79,3.36,-0.56,-0.95,-3.49,-4.21,-4.23,3.11,0.16,-0.99,-0.32,-2.49,-1.63,3.30,0.60,-0.12,0.32,-1.56,-1.59,4.13,0.56,-0.06,1.51,0.17,2.79,4.86,0.95,1.35,1.77,-0.31,0.28,0.84,-171.81,-19.84,53.16,R
90.148,46,150,144,104,114,-1.55,-0.52,-1.50,-1.15,-1.89,-1.71,-0.49,0.15,2.37,-0.95,-1.12,0.43,-0.43,-2.16,4.25,-1.85,-0.65,1.12,-0.50,-2.51,5.63,-1.99,-0.60,1.40,-0.40,4.14,9.82,-2.12,0.06,1.96,-0.41,0.36,0.84,-41.81,-41.56,102.48,R
90.198,47,150,147,107,116,0.66,-7.78,-4.87,-3.21,-0.41,1.03,0.26,-7.73,0.95,-3.79,0.17,1.16,-0.39,-9.16,4.84,-3.02,-0.39,0.31,-0.85,-8.01,6.34,-3.08,-0.54,0.33,-0.04,-2.10,8.75,-3.01,0.02,1.16,-0.49,0.21,0.70,31.86,-112.43,88.50,R
90.249,47,151,146,105,114,-1.12,-9.11,-2.55,-2.51,0.16,1.13,-2.75,-11.45,3.26,-2.10,0.78,-0.82,-1.51,-8.43,4.57,-2.28,0.06,-0.47,-1.31,-6.77,6.02,-2.22,-0.14,-0.29,0.08,-1.41,8.79,-2.24,-0.18,0.45,-0.70,0.06,0.68,55.97,-97.17,65.49,R
90.3,49,151,146,101,110,-2.03,-8.71,-4.24,-2.59,0.00,1.34,-3.87,-8.27,2.39,-2.08,0.51,-0.35,-2.94,-7.71,5.27,-2.09,0.34,-0.25,-2.48,-6.35,7.11,-2.04,0.21,-0.05,-0.63,0.17,9.91,-2.28,0.08,0.74,-0.74,-0.04,0.67,50.60,-91.31,60.97,R
90.35,48,152,146,101,108,-2.94,-10.77,-3.35,-1.70,-0.28,0.99,-4.67,-10.14,2.31,-1.68,0.47,-0.03,-3.29,-9.15,4.67,-1.63,0.13,0.10,-2.78,-8.00,5.93,-1.42,0.11,0.31,-0.99,-3.38,8.75,-0.84,0.83,0.41,-0.77,-0.12,0.68,39.37,-55.05,53.34,R
90.402,49,149,144,99,106,-3.80,-10.26,-2.76,-0.39,-0.62,0.07,-6.30,-8.87,2.35,-1.10,0.18,0.11,-4.90,-6.66,4.83,-0.81,0.32,0.52,-3.61,-5.05,6.01,-0.50,0.45,0.97,-1.65,-0.49,8.91,0.21,1.54,0.64,-0.83,-0.18,0.66,9.95,-21.67,56.76,R
90.453,57,151,144,100,111,-4.33,-10.32,-2.72,0.67,-1.78,-0.74,-6.06,-8.27,2.49,-0.63,-0.63,1.25,-5.29,-8.70,5.31,-0.65,-0.15,1.57,-5.01,-7.24,6.75,-0.27,0.09,1.75,-2.50,-0.71,9.98,0.85,1.32,1.19,-0.62,-0.14,0.74,-23.32,40.59,65.06,R
90.504,63,154,152,104,114,-3.83,-6.56,-4.60,-0.05,-1.96,-0.41,-5.58,-7.50,0.29,-1.37,-0.61,0.79,-4.98,-7.07,3.06,-1.78,0.07,1.42,-4.88,-6.56,4.95,-1.58,-0.11,1.83,-4.00,-0.48,9.61,-1.07,1.80,1.55,-0.67,-0.20,0.71,-37.41,-17.21,91.80,R
90.555,70,156,156,113,124,-3.07,-7.49,-5.02,-0.99,-1.07,0.23,-3.46,-9.22,-1.84,-2.14,-0.63,0.72,-3.47,-10.19,0.08,-2.13,0.00,0.88,-4.70,-9.62,3.71,-2.04,0.13,1.05,-4.70,-3.97,9.05,-1.47,1.12,1.12,-0.60,-0.20,0.66,2.14,-41.99,75.50,R
90.606,69,156,155,115,126,-2.93,-7.22,-5.97,-1.45,-0.36,0.66,-3.30,-10.07,-1.88,-1.62,0.12,0.04,-3.21,-10.14,0.02,-1.53,0.16,0.05,-3.83,-9.34,1.70,-1.47,0.22,0.20,-4.22,-4.92,7.64,-1.33,0.82,0.22,-0.74,-0.24,0.61,29.54,-48.95,50.29,R
90.657,67,153,154,112,126,-3.84,-8.42,-5.39,-1.12,0.02,1.11,-4.19,-9.98,-2.37,-1.21,0.53,0.01,-4.56,-10.40,0.76,-1.02,0.56,-0.23,-5.14,-9.31,3.64,-1.15,0.18,-0.26,-5.17,-3.28,9.86,-1.26,0.21,-0.19,-0.71,-0.35,0.55,46.20,-39.06,28.02,R
90.708,63,153,154,110,122,-4.74,-6.81,-6.48,-1.36,0.41,1.33,-4.15,-9.55,-2.77,-1.03,0.07,-0.35,-3.49,-10.56,-1.60,-0.78,0.26,-0.59,-3.97,-10.33,0.69,-1.09,0.10,-0.69,-4.72,-6.20,8.32,-1.28,-0.15,-0.54,-0.82,-0.39,0.50,59.27,-48.58,14.04,R
90.759,62,149,152,107,119,-5.27,-8.11,-5.27,-0.36,0.58,1.32,-4.80,-10.08,-3.71,-0.15,0.67,0.02,-4.23,-10.20,-2.51,-0.18,1.31,-0.34,-4.84,-10.08,0.62,-0.07,1.72,-0.65,-4.92,-5.44,7.74,-0.35,0.35,-1.09,-0.84,-0.42,0.50,58.23,-5.31,-11.72,R
90.81,62,143,150,104,116,-5.07,-8.47,-5.37,0.65,0.68,0.79,-6.00,-10.76,-1.62,0.64,1.10,0.02,-6.10,-10.54,2.17,0.54,1.15,-0.37,-5.64,-9.22,3.42,0.57,1.07,-0.67,-4.58,-4.17,8.43,0.52,0.33,-1.15,-0.81,-0.46,0.45,34.12,20.26,-24.90,R
90.861,63,142,149,104,115,-6.14,-6.60,-5.13,1.08,0.51,0.45,-5.69,-6.83,-1.85,1.26,0.28,0.21,-3.96,-6.73,-1.79,1.08,0.97,0.60,-3.15,-7.67,-1.15,1.27,1.54,0.41,-3.41,-7.66,3.92,1.52,1.02,-0.62,-1.01,-0.41,0.49,23.68,70.37,-16.05,R
90.912,67,142,144,104,114,-6.81,-9.65,-1.16,3.57,-0.32,1.35,-5.79,-8.00,-1.38,2.67,0.88,3.12,-5.26,-8.17,-0.59,3.19,1.77,2.90,-5.31,-7.27,0.13,4.18,2.57,2.07,-5.88,-4.23,4.61,5.58,2.74,-1.23,-0.92,-0.39,0.51,55.66,259.34,-49.44,R
90.963,70,139,144,107,116,-7.02,-10.25,-2.49,5.86,-0.85,1.35,-8.09,-6.98,0.84,4.40,0.89,3.66,-8.08,-3.67,1.83,4.43,2.16,3.54,-8.25,-0.86,3.30,4.90,3.18,2.71,-7.18,4.69,5.02,5.85,3.31,-0.83,-0.54,-0.44,0.69,41.69,318.85,-39.37,R
91.014,71,139,143,108,116,-6.81,-8.03,-2.35,5.11,-0.91,1.52,-8.25,-4.76,-0.24,3.20,0.93,3.93,-9.28,-5.58,2.04,2.77,2.11,3.58,-10.42,-3.26,5.03,3.24,3.02,2.62,-9.02,2.83,5.40,4.28,3.36,-0.45,-0.13,-0.46,0.81,53.65,275.76,-19.65,R
91.064,69,138,142,110,121,-7.27,-6.29,0.45,4.38,-0.44,1.74,-9.50,-3.64,0.51,2.60,1.28,2.96,-10.19,-2.98,1.42,2.44,1.89,2.64,-10.55,-0.47,3.26,2.84,2.79,1.98,-9.30,5.49,4.15,3.79,3.51,-0.89,-0.01,-0.49,0.80,65.86,227.05,-9.28,R
91.116,63,138,140,109,127,-7.38,-6.16,2.59,3.22,-0.47,1.32,-10.14,-2.26,2.04,1.87,1.04,2.74,-10.03,-1.73,2.03,1.74,1.73,2.53,-9.92,-0.63,2.15,1.94,2.34,2.04,-9.07,3.32,2.24,2.59,3.03,-0.07,0.05,-0.47,0.78,47.18,187.93,6.96,R
91.167,62,120,141,111,132,-8.20,-4.49,4.10,3.05,-0.63,1.53,-9.93,-0.21,0.42,1.75,0.97,2.73,-9.83,0.69,-0.40,1.82,1.80,2.67,-10.20,1.49,0.63,1.85,2.60,2.33,-9.57,3.73,0.14,2.49,3.23,0.15,0.17,-0.54,0.69,66.53,191.16,15.44,R
91.218,61,137,141,110,132,-7.37,-3.95,3.86,2.79,-1.00,1.33,-10.26,-0.23,0.99,1.24,0.77,2.86,-10.92,0.06,1.40,1.17,1.39,2.51,-11.12,1.69,1.45,1.41,1.87,2.18,-10.93,5.00,1.22,1.90,2.79,0.50,0.40,-0.60,0.64,58.47,162.23,26.61,R
91.268,64,135,136,110,134,-8.25,-1.37,5.48,2.43,-1.23,1.13,-10.30,1.85,0.64,0.87,0.11,2.11,-10.90,2.35,0.02,0.98,0.73,2.15,-10.31,3.56,-0.67,1.12,1.24,2.02,-9.19,4.65,-2.47,1.60,2.32,0.75,0.45,-0.62,0.58,42.97,125.98,48.77,R
91.32,68,137,137,112,136,-10.95,-3.46,8.09,2.18,-1.85,1.22,-10.37,3.20,0.78,0.95,-0.31,2.48,-10.25,3.65,-0.92,0.86,0.47,2.69,-9.92,4.38,-1.69,0.98,1.12,2.63,-9.02,4.49,-3.94,1.43,2.38,1.40,0.48,-0.54,0.55,0.61,149.60,77.70,R
91.371,65,135,135,111,136,-8.11,0.24,8.50,2.71,-2.55,1.10,-11.56,5.02,0.74,0.96,-0.45,2.93,-11.39,6.14,-0.54,0.95,0.30,3.28,-10.07,7.16,-2.05,0.90,1.04,3.36,-8.44,6.89,-4.98,1.30,2.99,2.08,0.58,-0.60,0.42,-20.51,159.18,110.17,R
91.422,65,138,139,113,139,-6.45,-0.53,7.16,2.56,-3.14,0.55,-9.76,4.39,0.65,0.74,-1.18,3.80,-10.11,4.17,-0.68,0.42,-0.02,4.11,-9.60,5.20,-2.05,0.47,0.71,4.08,-8.06,5.19,-5.65,1.05,2.88,2.89,0.70,-0.36,0.38,-55.24,185.06,135.74,R
91.473,64,139,141,116,139,-6.00,0.94,8.33,2.25,-3.60,1.00,-9.26,5.63,0.82,0.76,-1.24,4.11,-8.81,5.89,-1.59,0.30,0.08,4.57,-7.41,6.33,-3.23,0.25,0.83,4.67,-5.89,4.80,-6.36,0.83,3.35,3.54,0.71,-0.33,0.22,-78.86,185.85,153.69,R
91.524,62,141,144,120,141,-3.57,1.15,6.68,2.76,-3.47,0.42,-6.68,4.10,0.27,0.78,-1.33,4.11,-6.73,5.09,-1.86,0.78,-0.11,4.35,-6.33,6.41,-3.06,0.72,0.85,4.30,-4.85,5.35,-6.86,1.35,3.18,3.02,0.94,-0.15,0.16,-56.46,198.97,136.90,R
91.575,57,142,147,123,144,-2.41,2.31,7.08,2.47,-3.22,0.61,-5.21,6.96,0.26,1.03,-0.96,4.07,-5.27,7.99,-1.33,0.70,0.42,4.33,-4.89,8.31,-2.91,0.58,1.13,4.34,-2.81,5.52,-7.99,1.20,3.23,3.11,0.98,-0.02,-0.00,-77.33,190.61,132.45,R
91.627,56,148,153,130,146,-1.26,4.21,7.55,2.93,-3.12,0.02,-4.10,7.60,-0.26,1.21,-1.26,3.97,-3.21,7.59,-3.06,0.74,-0.07,4.28,-2.53,7.71,-3.80,0.69,0.79,4.33,-0.93,4.39,-7.73,1.16,2.82,3.21,0.97,-0.03,-0.17,-80.93,190.80,113.59,R
91.677,55,154,157,136,147,1.36,6.81,3.35,3.03,-2.18,-0.20,0.99,6.70,-1.65,1.07,-0.91,3.25,1.22,5.98,-3.65,0.75,0.13,3.31,0.96,5.42,-4.31,0.60,0.66,3.17,1.37,2.31,-7.20,1.34,1.96,2.11,1.08,0.20,-0.30,-74.16,171.69,74.95,R
91.728,54,156,160,138,148,2.82,9.32,2.32,1.66,-1.44,-0.48,2.67,9.64,-1.95,0.54,-0.59,1.48,2.38,9.04,-3.51,-0.05,-0.12,1.46,2.77,8.16,-3.24,-0.57,0.01,1.31,3.67,4.68,-5.51,-0.52,0.78,1.07,1.06,0.19,-0.52,-48.03,43.27,64.58,R
91.779,57,163,161,140,148,4.15,9.96,-1.63,-0.67,0.31,-2.01,4.87,5.23,-0.90,-0.82,-0.39,-0.50,3.75,2.55,-1.11,-0.97,-0.93,-0.89,1.92,2.20,-2.75,-0.87,-1.40,-1.18,-0.05,1.00,-4.39,-1.29,-2.07,-0.54,1.32,0.31,-0.33,-44.13,-76.23,12.76,R
91.83,57,165,162,138,145,1.90,8.82,1.80,-3.53,1.76,-2.29,1.00,6.85,-1.56,-1.29,-0.35,-4.55,-1.76,5.79,-2.23,-1.11,-1.64,-4.95,-3.87,7.46,-2.56,-1.44,-2.28,-5.34,-4.03,7.13,-7.69,-2.98,-4.92,-3.54,1.42,0.18,-0.19,-7.45,-264.53,-56.40,R
91.882,55,161,158,132,141,-1.85,5.46,4.29,-7.07,2.13,-2.61,-5.38,6.85,1.95,-3.17,0.34,-7.68,-8.04,7.83,1.52,-3.01,-1.95,-8.07,-8.59,9.79,-0.68,-3.68,-3.24,-8.18,-6.22,9.78,-9.46,-5.28,-6.69,-4.87,1.27,0.06,-0.12,16.36,-467.41,-65.92,R
91.932,48,157,153,130,135,-4.50,-3.24,6.07,-8.20,2.52,-0.16,-8.26,5.50,2.73,-3.30,-0.84,-7.63,-8.89,8.15,-0.96,-2.86,-2.68,-7.27,-6.98,9.01,-3.81,-2.04,-2.70,-6.75,-3.72,6.57,-9.10,-3.08,-4.85,-4.00,0.53,0.15,0.37,100.40,-408.69,-71.23,R
91.983,41,152,150,126,134,-7.28,-4.89,11.37,-3.99,3.36,0.59,-8.85,4.17,0.86,-2.31,1.22,-5.02,-8.10,6.14,-2.25,-2.12,0.31,-5.04,-6.99,6.56,-2.81,-1.78,-0.38,-5.13,-5.06,4.84,-6.00,-2.39,-2.48,-4.08,0.34,-0.00,0.54,138.06,-168.21,-32.84,R
92.034,30,146,143,121,134,-6.48,-3.48,8.88,-2.17,2.51,1.43,-11.43,1.83,3.83,-0.67,1.77,-2.57,-10.94,3.93,2.49,-1.42,1.73,-3.05,-9.73,4.91,1.17,-1.17,1.35,-3.09,-8.20,6.75,-0.90,-1.04,-0.28,-3.27,0.45,-0.23,0.70,167.97,-108.28,-77.33,R
92.085,29,139,141,119,132,-6.52,-4.44,8.37,-1.21,2.19,1.44,-11.12,0.91,3.64,-0.69,1.02,-1.50,-10.35,1.52,2.66,-1.17,0.93,-1.77,-10.16,2.15,1.37,-0.95,0.97,-2.18,-9.28,4.40,-0.37,-0.70,-0.35,-2.28,0.45,-0.34,0.77,150.51,-67.50,-74.89,R
92.136,29,132,139,116,130,-6.53,-3.49,8.53,-0.40,2.28,1.23,-10.72,-0.16,4.00,-0.07,1.43,-1.07,-10.99,0.35,2.20,-0.33,1.61,-1.43,-10.72,0.44,1.09,-0.30,0.84,-1.82,-10.14,2.86,-0.12,-0.26,-0.33,-2.11,0.49,-0.43,0.73,119.57,-35.71,-80.69,R
92.187,28,125,137,111,131,-6.11,-4.43,8.60,0.02,1.62,0.42,-11.79,-0.53,6.29,0.56,-0.16,-1.16,-12.79,0.22,4.88,0.60,0.54,-1.39,-12.62,2.65,3.53,0.84,0.42,-1.65,-11.47,6.95,1.52,0.61,-0.68,-1.57,0.56,-0.55,0.75,43.33,-33.20,-85.27,R
92.238,29,118,132,109,130,-7.16,-4.73,8.00,-0.40,1.25,-1.00,-11.70,0.02,5.16,0.43,-0.25,-1.47,-12.53,0.44,4.61,0.57,-0.88,-1.34,-12.52,1.23,4.30,0.68,-1.24,-1.08,-11.40,5.12,2.14,0.28,-1.97,-0.08,0.43,-0.59,0.80,-36.80,-51.70,-83.86,R
92.289,31,118,132,107,129,-8.02,-3.69,7.02,-0.65,0.59,-1.57,-11.17,-0.05,4.48,0.08,-1.24,-1.24,-11.19,-0.34,2.34,0.41,-1.64,-1.06,-10.72,0.31,1.30,0.41,-2.03,-0.83,-9.99,2.68,0.70,-0.01,-2.28,0.45,0.35,-0.57,0.82,-69.15,-55.36,-70.56,R
92.34,33,118,133,106,129,-7.69,-4.22,6.00,-0.92,0.28,-1.64,-9.76,-0.44,3.76,-0.31,-1.55,-0.84,-9.78,-0.25,2.41,0.39,-1.35,-0.99,-9.63,0.91,3.41,0.41,-1.75,-0.59,-8.53,4.41,2.51,-0.05,-1.67,0.49,0.13,-0.45,0.84,-80.57,-68.18,-60.85,R
92.391,37,118,132,107,128,-6.05,-5.95,5.33,-1.06,-0.11,-1.64,-8.21,-2.91,4.00,-0.15,-1.26,-0.85,-9.83,-2.45,5.78,-0.02,-1.90,-0.60,-9.97,-1.61,5.13,0.13,-2.65,-0.16,-9.83,3.26,5.44,-0.12,-2.26,1.16,0.20,-0.39,0.77,-87.83,-63.29,-66.41,R
92.442,39,122,132,104,126,-5.10,-5.84,2.89,-1.61,0.11,-2.55,-8.22,-3.85,4.46,-0.72,-1.33,-2.03,-9.36,-3.81,4.64,-0.29,-2.86,-1.86,-10.38,-2.36,6.50,-0.55,-3.50,-1.39,-10.06,4.02,7.24,-1.36,-4.36,0.90,0.13,-0.32,0.77,-117.07,-125.24,-80.14,R
92.494,43,123,132,102,125,-6.01,-5.54,3.19,-2.60,0.63,-2.42,-8.50,-1.86,3.96,-1.41,-1.94,-2.78,-9.20,0.72,4.53,-0.50,-3.83,-1.74,-8.61,2.01,3.81,-1.14,-4.91,-0.91,-7.18,4.04,2.56,-1.56,-4.81,2.44,-0.38,-0.26,0.79,-117.00,-153.32,-42.24,R
92.544,51,131,132,102,122,-7.11,-9.16,5.45,-1.68,-0.19,-2.12,-8.52,-3.17,3.51,-0.76,-2.15,-1.22,-7.23,-2.52,0.71,-0.54,-3.51,-0.17,-6.65,-2.14,1.82,-0.61,-3.37,0.69,-5.41,1.02,2.99,-0.52,-2.29,2.63,-0.26,-0.35,0.92,-117.86,-47.42,-9.09,R
92.595,54,134,130,97,116,-6.96,-7.66,5.75,0.22,-1.13,-1.87,-7.69,-2.67,3.79,0.45,-2.01,0.36,-6.35,-1.94,3.64,1.04,-2.19,1.00,-4.74,-1.63,2.48,1.04,-1.57,1.56,-4.23,2.64,4.97,1.48,-0.50,1.88,-0.28,-0.20,0.92,-107.91,44.49,15.93,R
92.646,53,135,128,94,112,-5.11,-8.35,4.31,1.85,-1.66,-1.23,-6.47,-5.00,4.04,1.69,-1.16,1.45,-4.88,-4.14,3.28,2.02,-0.37,1.48,-5.25,-2.36,5.38,2.26,-0.13,1.51,-4.37,2.80,6.64,2.70,0.38,1.13,-0.07,-0.14,0.95,-75.93,130.62,10.19,R
92.697,50,134,125,90,111,-3.81,-7.32,2.61,1.85,-1.43,-1.08,-7.03,-4.29,7.78,1.57,-0.77,1.00,-6.70,-2.07,9.86,1.51,-0.75,0.94,-5.98,1.02,10.14,1.16,-1.20,1.23,-4.06,8.22,8.57,1.02,-0.12,1.51,0.14,-0.09,0.95,-51.15,92.53,5.49,R
92.748,48,130,125,83,108,-2.96,-8.73,4.64,0.88,-1.05,-0.56,-5.43,-0.26,4.58,0.46,-1.54,0.63,-6.19,-0.81,6.45,0.43,-1.43,1.19,-5.61,0.07,9.31,-0.03,-1.98,1.18,-3.99,6.66,8.20,-0.02,-1.27,1.76,0.10,-0.07,1.00,-21.55,39.67,16.66,R
92.799,49,124,118,78,99,-2.85,-5.43,4.94,1.22,-0.49,-1.20,-6.79,-3.00,8.37,0.35,-1.70,0.26,-4.92,-0.49,6.25,0.28,-1.30,0.66,-3.90,1.21,5.61,-0.01,-1.38,0.74,-2.53,4.24,4.89,-0.27,-0.40,1.12,0.12,-0.08,1.07,-18.13,19.90,14.22,R
92.849,47,119,107,71,87,-2.61,-7.39,7.25,0.89,-0.34,-0.23,-5.52,-2.57,6.59,0.18,-0.45,0.78,-4.87,-1.08,5.89,0.28,-0.16,0.63,-4.63,0.56,9.06,-0.17,-0.50,0.60,-3.27,7.56,9.36,-0.21,0.02,0.55,0.21,-0.10,1.08,11.05,36.80,4.52,R
92.901,49,112,97,62,77,-2.51,-5.87,7.95,1.50,-0.66,-0.15,-6.75,-2.14,9.85,0.53,-0.72,0.13,-4.99,1.43,11.60,0.91,-1.61,0.32,-3.69,1.63,9.89,0.73,-1.22,0.40,-2.68,6.45,8.28,0.42,-0.46,0.61,0.03,-0.10,1.08,15.01,49.26,0.73,R
92.952,48,102,79,52,67,-1.29,-8.85,6.35,1.29,0.06,-0.42,-4.56,-3.69,7.13,0.88,-0.58,0.06,-2.51,-0.79,8.48,0.72,-1.50,0.12,-3.10,-0.87,10.05,0.24,-0.61,0.08,-2.26,5.79,8.95,0.08,-0.24,-0.00,0.26,-0.12,1.10,0.06,36.50,-13.85,R
93.003,46,87,59,41,59,-2.71,-7.47,8.90,1.19,0.04,-0.44,-4.02,-0.68,9.03,0.45,-0.28,-0.42,-2.18,0.86,8.52,0.23,-0.77,-0.35,-2.45,0.85,9.16,-0.05,-0.49,-0.36,-1.58,6.38,7.85,0.10,-0.13,-0.33,0.07,-0.07,1.06,27.10,14.40,-22.77,R
93.053,43,67,49,34,55,-3.79,-5.92,8.14,1.04,0.11,-0.25,-5.40,-1.86,9.59,0.68,-0.16,-0.47,-3.07,0.81,10.88,0.40,-0.31,-0.46,-2.08,1.11,11.66,0.18,-0.26,-0.39,-1.46,7.71,9.36,0.22,-0.02,-0.43,0.19,-0.11,1.08,10.31,15.08,-20.94,R
93.105,39,54,46,26,49,-1.43,-7.09,10.12,0.57,0.09,-0.08,-4.74,-1.47,12.37,0.03,-0.38,-0.32,-2.74,1.59,11.71,0.24,-0.70,-0.27,-1.18,2.83,10.64,0.02,-0.62,-0.23,-0.63,8.15,7.20,-0.01,-0.36,0.08,0.15,-0.06,1.01,4.76,2.87,-13.85,R
93.156,37,49,39,23,50,0.05,-3.23,6.30,1.06,-0.47,-0.04,-2.89,-1.40,7.37,0.15,-0.52,0.10,-0.74,0.92,7.53,-0.14,-0.54,0.12,-1.08,-0.20,6.92,-0.39,-0.26,0.11,-0.82,3.65,5.51,-0.42,0.01,-0.04,0.28,-0.01,0.92,23.99,7.87,-7.32,R
93.207,34,40,36,19,47,-4.39,-2.74,8.27,1.00,-0.14,0.68,-2.38,0.45,5.92,0.43,-0.46,-0.05,-1.33,1.46,5.77,0.14,-0.33,-0.09,-1.20,1.08,5.07,-0.06,0.44,-0.18,-0.90,4.48,2.82,0.31,1.01,-0.93,0.24,-0.01,0.80,73.85,4.58,-18.92,R
93.258,31,28,27,13,42,0.58,-4.39,11.09,0.78,-0.59,-0.36,-4.01,3.84,13.51,-0.40,-0.05,-0.06,-1.57,1.01,9.86,-0.68,0.12,0.11,-1.47,-0.34,8.87,-0.13,0.12,0.14,-1.48,8.69,7.27,-0.27,-0.00,0.40,0.46,-0.38,1.15,-45.35,46.39,31.43,R
93.309,29,25,33,13,42,0.11,-3.46,9.04,0.25,-0.15,-0.17,-2.17,-0.28,9.58,0.27,-0.52,-0.05,-0.92,1.36,10.23,0.07,-0.37,-0.07,-0.91,1.86,10.24,-0.15,-0.24,-0.01,-0.50,6.74,7.45,0.10,-0.12,0.09,0.40,-0.25,1.08,22.58,23.80,-5.80,R
93.359,29,23,30,11,40,-0.08,-3.94,8.84,-0.03,-0.22,0.00,-2.48,-0.90,8.94,-0.02,0.01,-0.05,-1.15,0.71,9.52,-0.04,-0.06,-0.01,-0.86,0.94,9.89,-0.04,-0.05,-0.01,-0.99,6.29,7.65,0.02,-0.05,0.09,0.14,-0.11,0.89,-6.90,-6.96,3.11,R
93.411,29,27,33,12,40,-0.87,-4.44,8.45,0.13,-0.03,-0.08,-2.90,-0.56,9.32,0.27,-0.08,0.02,-0.91,1.38,9.54,0.06,-0.12,0.01,-0.60,0.64,9.58,0.03,-0.03,0.02,-0.67,6.16,7.59,0.12,0.04,0.10,0.31,-0.07,1.03,-7.87,20.20,6.29,R
93.461,28,24,33,0,41,0.25,-5.25,9.10,0.14,0.01,-0.05,-2.62,-0.63,9.60,0.23,0.13,0.05,-1.01,1.00,9.65,0.07,0.06,-0.01,-0.22,0.48,9.99,0.14,0.07,0.00,-0.68,6.46,7.35,0.04,0.05,0.01,0.31,-0.13,0.94,-5.80,13.43,3.42,R
93.512,27,28,33,11,39,0.08,-4.74,9.18,0.07,0.03,0.00,-2.91,-0.53,9.51,0.06,0.04,0.05,-1.22,1.72,9.72,0.05,0.00,0.03,-0.98,1.28,9.80,0.11,0.04,0.00,-0.71,6.68,7.35,0.13,-0.00,0.05,0.31,-0.14,1.00,0.98,11.84,2.01,R
93.564,27,24,34,11,41,-0.09,-3.54,9.32,-0.05,-0.07,0.05,-2.58,-0.38,9.73,0.06,0.01,0.05,-1.09,1.22,9.74,-0.08,0.07,0.03,-0.83,1.09,9.75,-0.01,0.05,-0.02,-0.70,6.63,7.39,0.06,0.01,0.02,0.30,-0.12,0.95,-5.62,0.85,2.08,R
93.615,30,25,34,12,42,-0.21,-4.03,8.77,-0.13,0.02,0.07,-2.76,-0.55,9.58,-0.01,0.02,0.06,-1.12,1.12,9.74,-0.01,0.01,0.05,-0.89,1.06,9.80,0.04,0.05,0.01,-0.59,6.70,7.43,0.09,0.02,0.04,0.30,-0.10,0.97,-1.83,6.47,2.81,R
93.666,29,29,33,13,44,0.11,-4.50,8.87,-0.03,0.03,0.05,-2.62,-0.40,9.53,0.02,0.07,0.05,-1.05,1.09,9.69,-0.03,0.03,0.03,-0.78,1.20,9.73,0.02,0.04,-0.00,-0.61,6.61,7.41,0.05,0.01,0.00,0.32,-0.09,0.95,-2.50,3.23,1.77,R
93.717,28,26,32,13,43,-0.04,-4.70,8.92,-0.06,0.02,0.04,-2.88,-0.44,9.37,0.12,0.07,0.04,-1.15,1.02,9.66,-0.01,0.06,0.02,-0.88,1.36,9.64,0.06,0.05,0.00,-0.64,6.76,7.28,0.05,0.01,0.01,0.30,-0.09,0.95,-4.09,4.82,1.65,R
93.767,31,29,34,14,46,-0.10,-4.52,8.89,-0.04,0.03,0.06,-2.72,-0.44,9.56,0.02,-0.00,0.03,-1.25,1.24,9.61,0.00,-0.00,0.02,-0.91,1.28,9.67,0.04,0.04,0.01,-0.59,6.72,7.22,0.08,0.04,0.00,0.31,-0.09,0.96,-0.43,4.82,1.28,R
93.818,28,26,33,12,46,-0.02,-4.53,9.21,-0.04,0.03,0.06,-2.74,0.01,9.62,0.13,0.04,0.05,-1.16,1.24,9.69,-0.02,0.03,0.02,-0.91,1.23,9.60,-0.03,0.03,0.02,-0.70,6.74,7.28,0.04,0.05,-0.00,0.33,-0.09,0.94,-2.44,3.72,1.53,R
93.87,29,27,34,15,44,-0.15,-4.47,8.95,0.01,0.03,-0.03,-2.77,-0.38,9.54,-0.05,-0.01,0.00,-1.19,1.17,9.69,-0.05,-0.00,0.00,-0.89,1.18,9.75,-0.01,0.01,0.00,-0.60,6.79,7.29,0.05,0.04,-0.01,0.31,-0.09,0.97,0.43,0.06,1.28,R
93.921,29,30,34,15,43,0.05,-4.26,8.34,0.03,0.01,0.05,-2.61,-0.25,9.44,0.03,0.01,0.04,-1.11,1.24,9.69,-0.00,-0.01,0.02,-0.59,0.97,10.06,0.03,0.03,0.04,-0.69,6.79,7.26,0.07,0.03,0.01,0.32,-0.08,0.96,-0.79,4.94,2.26,R
93.972,28,27,33,13,43,-0.13,-4.41,8.97,0.00,-0.00,0.02,-2.81,-0.38,9.41,0.01,0.01,0.06,-1.30,1.34,9.62,-0.03,-0.04,0.01,-0.90,1.26,9.70,-0.08,-0.01,0.02,-0.66,6.82,7.22,-0.01,0.04,0.01,0.33,-0.09,0.96,0.43,0.12,2.01,R
94.023,29,27,33,14,42,-0.05,-4.55,9.00,-0.02,-0.01,0.10,-2.66,-0.20,9.62,-0.03,-0.02,0.05,-1.11,1.14,9.68,-0.05,-0.01,0.04,-0.97,1.28,9.73,-0.03,0.00,0.04,-0.68,6.86,7.27,0.02,0.04,0.04,0.31,-0.08,0.95,0.85,3.85,2.38,R
94.074,30,27,35,14,42,-0.04,-4.64,8.87,0.12,0.03,0.04,-2.64,-0.64,9.38,-0.08,-0.03,0.07,-1.11,1.28,9.69,-0.06,-0.01,0.06,-0.84,1.24,9.68,-0.09,-0.00,0.06,-0.56,6.72,7.17,-0.00,0.06,0.04,0.34,-0.08,0.96,2.93,3.85,2.50,R
94.125,30,24,32,15,41,-0.20,-4.35,8.99,0.08,0.02,0.16,-2.61,-0.30,9.51,-0.18,-0.03,0.11,-1.16,1.56,9.70,-0.21,-0.03,0.17,-0.80,1.10,9.73,-0.15,0.01,0.18,-0.64,6.85,7.20,0.07,0.15,0.13,0.29,-0.08,0.99,6.84,4.03,1.83,R
94.176,30,23,32,13,41,-0.25,-4.89,8.76,0.25,0.09,0.23,-2.64,-0.35,9.52,-0.32,0.02,0.24,-1.13,0.86,9.70,-0.37,0.03,0.29,-0.78,1.01,9.66,-0.27,0.21,0.26,-0.65,6.67,7.26,0.07,0.28,0.10,0.37,-0.09,0.98,16.30,0.67,2.01,R
94.227,29,23,28,12,41,-0.30,-3.84,9.26,0.17,0.13,0.07,-2.66,-0.67,9.50,-0.49,0.08,0.23,-1.11,0.90,9.68,-0.54,0.14,0.30,-1.33,0.78,9.69,-0.21,0.60,0.20,-0.81,6.84,7.13,0.25,0.37,-0.07,0.36,-0.12,0.94,20.81,-17.09,-1.28,R
94.278,27,25,29,14,44,-0.34,-4.14,9.16,0.06,-0.08,0.07,-2.74,-0.92,9.59,-0.34,-0.06,0.17,-1.19,0.43,9.85,-0.31,0.07,0.23,-1.33,0.65,9.73,-0.21,0.32,0.15,-0.97,7.04,7.10,-0.02,0.34,-0.03,0.25,-0.14,0.87,11.47,-29.24,0.00,R
94.329,28,28,30,15,48,-0.10,-3.73,9.31,-0.01,-0.11,0.04,-2.59,-1.06,9.54,-0.01,0.01,0.10,-1.13,0.43,9.75,0.03,0.02,0.10,-1.41,0.73,9.77,-0.00,0.06,0.11,-0.82,7.15,7.02,0.22,0.01,0.18,0.29,-0.15,0.87,-11.78,5.00,3.78,R
94.38,28,25,29,17,48,-0.23,-4.13,9.01,-0.02,-0.05,-0.05,-2.71,-0.83,9.51,0.10,-0.05,0.03,-1.13,0.72,9.72,0.17,-0.08,-0.01,-1.46,0.86,9.77,0.00,-0.14,0.06,-0.91,7.34,6.93,0.08,-0.04,0.15,0.33,-0.11,1.00,-8.18,15.20,3.72,R
94.43,28,25,30,17,49,-0.08,-3.66,9.15,-0.00,0.02,-0.05,-2.51,-0.81,9.50,0.08,-0.01,-0.05,-0.98,0.72,9.76,0.09,-0.06,-0.07,-1.24,0.62,9.71,-0.05,-0.23,-0.03,-0.81,6.98,7.07,-0.12,-0.03,-0.00,0.34,-0.12,0.94,-7.81,-0.73,1.22,R
94.481,28,24,29,17,48,-0.25,-4.04,9.00,-0.26,0.12,-0.07,-2.70,-0.62,9.45,0.07,-0.00,-0.06,-1.13,1.04,9.68,0.08,-0.06,-0.06,-1.37,0.74,9.68,-0.02,-0.21,-0.03,-0.78,6.87,7.03,-0.08,-0.02,-0.00,0.32,-0.10,0.98,-7.93,0.12,-0.55,R
94.533,29,25,30,14,46,-0.25,-4.23,9.10,-0.15,0.03,0.02,-2.56,-0.66,9.61,0.02,0.01,-0.01,-1.01,0.74,9.70,0.05,-0.02,-0.03,-1.08,0.76,9.73,0.04,-0.14,-0.01,-0.81,6.90,7.01,-0.03,-0.01,-0.01,0.32,-0.10,0.95,-2.87,2.26,0.55,R
94.583,31,24,28,15,47,-0.14,-4.39,8.79,-0.09,-0.00,-0.04,-2.58,-0.63,9.56,0.04,0.05,-0.04,-1.04,0.95,9.75,0.05,0.01,-0.06,-1.05,0.84,9.78,0.01,-0.08,-0.06,-0.79,7.06,7.04,-0.07,-0.01,-0.04,0.33,-0.09,0.97,-5.62,-1.46,-0.37,R
94.634,32,23,28,20,46,-0.23,-4.34,9.02,-0.08,0.02,-0.01,-2.54,-0.73,9.63,0.01,0.02,-0.01,-1.01,0.94,9.74,0.07,-0.00,-0.02,-0.88,0.73,9.79,0.04,-0.04,-0.01,-0.79,6.91,7.04,0.01,0.00,-0.01,0.29,-0.09,0.95,-0.06,2.81,-0.61,R
94.686,31,24,29,15,47,-0.26,-4.51,8.82,-0.11,0.04,-0.01,-2.57,-0.68,9.50,0.01,0.01,-0.01,-1.02,0.92,9.78,0.00,-0.02,-0.03,-0.95,0.77,9.78,-0.02,-0.03,-0.03,-0.77,6.89,7.08,-0.07,0.01,-0.03,0.32,-0.09,0.96,0.24,-3.23,-0.18,R
94.736,31,23,30,15,46,-0.24,-4.37,8.93,0.00,0.03,-0.03,-2.58,-0.59,9.49,0.07,0.03,-0.02,-1.10,1.00,9.70,0.03,0.01,-0.01,-0.94,0.70,9.73,0.01,-0.00,-0.01,-0.84,6.94,7.10,0.00,0.01,-0.01,0.32,-0.09,0.96,0.06,2.32,0.24,R
94.787,32,23,28,14,45,-0.30,-4.30,9.00,-0.02,0.03,-0.01,-2.56,-0.57,9.54,-0.01,0.01,-0.01,-1.00,0.98,9.82,-0.00,-0.00,-0.00,-0.98,0.88,9.80,0.03,-0.01,-0.01,-0.79,6.99,7.13,-0.01,0.01,-0.01,0.31,-0.09,0.96,1.22,0.00,-0.31,R
94.839,29,24,29,13,44,-0.29,-4.31,9.04,0.01,0.03,-0.04,-2.61,-0.99,9.29,-0.01,0.04,-0.01,-1.11,1.11,9.67,-0.01,-0.00,-0.02,-0.96,0.75,9.76,-0.01,-0.01,-0.03,-0.77,6.84,7.15,-0.03,0.01,-0.03,0.31,-0.09,0.95,1.77,-1.22,-0.06,R
94.889,32,25,29,14,46,-0.25,-4.86,8.94,-0.06,0.02,0.01,-2.65,-0.48,9.49,0.02,0.03,0.00,-1.06,1.08,9.74,-0.01,0.00,-0.01,-0.92,0.75,9.80,-0.00,0.00,-0.00,-0.75,6.77,7.13,0.00,0.02,-0.00,0.32,-0.09,0.96,0.61,1.10,0.06,R
94.94,28,21,29,13,46,-0.20,-4.38,8.98,-0.07,0.02,0.01,-2.57,-0.50,9.52,0.02,0.01,-0.01,-1.01,1.07,9.75,0.00,0.01,-0.01,-0.93,0.79,9.83,-0.02,0.00,-0.02,-0.75,6.79,7.17,-0.01,0.01,-0.02,0.32,-0.09,0.96,0.85,-0.67,-0.06,R
94.992,28,24,34,13,44,-0.28,-4.12,8.99,0.02,0.02,-0.02,-2.61,-0.59,9.54,0.04,0.04,-0.01,-1.01,0.96,9.72,-0.02,0.00,0.00,-0.95,0.79,9.72,0.00,0.00,-0.00,-0.81,6.90,7.15,0.01,0.02,-0.00,0.31,-0.09,0.95,0.43,0.00,-0.24,R
95.042,30,23,30,12,46,-0.25,-4.33,9.04,-0.06,0.02,0.01,-2.67,-0.48,9.51,0.01,0.03,0.00,-1.03,1.03,9.74,-0.02,0.01,0.00,-0.90,0.88,9.82,0.00,0.00,-0.01,-0.72,6.86,7.10,-0.01,0.01,-0.01,0.32,-0.09,0.95,0.61,0.24,0.12,R
95.094,29,24,28,14,44,-0.21,-4.45,8.94,0.04,0.03,-0.05,-2.56,-0.74,9.64,0.01,0.01,-0.01,-1.00,1.05,9.69,-0.03,-0.01,-0.00,-0.82,0.76,9.79,-0.01,0.01,-0.00,-0.76,6.86,7.13,-0.00,0.02,-0.01,0.32,-0.09,0.96,0.92,-0.85,-0.18,R
95.145,31,21,29,14,46,-0.26,-4.41,8.99,-0.08,0.03,0.02,-2.63,-0.57,9.50,0.03,0.03,0.00,-1.03,1.04,9.69,-0.00,0.01,-0.01,-0.93,0.82,9.77,0.01,0.01,-0.00,-0.76,6.85,7.10,0.00,0.01,-0.01,0.31,-0.09,0.95,0.06,0.79,0.00,R
95.196,30,25,30,14,45,-0.28,-4.42,8.98,0.01,0.01,-0.02,-2.55,-0.58,9.55,-0.01,0.03,-0.00,-1.06,0.98,9.71,-0.03,0.01,-0.01,-0.89,0.80,9.77,-0.02,0.01,-0.01,-0.77,6.82,7.17,-0.01,0.01,-0.02,0.33,-0.09,0.96,0.73,-1.28,-0.12,R
95.247,29,24,29,14,46,-0.21,-4.44,8.98,-0.05,0.03,0.02,-2.68,-0.57,9.47,0.02,0.04,0.00,-1.02,1.11,9.73,0.00,0.02,0.00,-0.97,0.80,9.79,0.02,0.01,0.00,-0.82,6.81,7.04,0.03,0.02,-0.00,0.31,-0.09,0.95,-0.18,1.77,-0.12,R
95.297,29,21,28,12,44,-0.24,-4.65,8.93,0.07,0.01,-0.04,-2.62,-0.52,9.49,-0.00,0.02,-0.02,-1.03,1.09,9.66,-0.06,-0.01,-0.01,-0.90,0.76,9.77,-0.03,0.01,-0.01,-0.76,6.79,7.17,-0.02,0.02,-0.01,0.32,-0.09,0.96,1.16,-1.40,0.06,R
95.348,31,25,32,14,46,-0.33,-4.30,9.00,-0.01,0.02,0.00,-2.61,-0.58,9.51,0.01,0.03,0.00,-1.05,1.09,9.68,0.01,0.01,-0.01,-0.86,0.76,9.79,0.02,0.01,-0.01,-0.77,6.95,7.06,0.02,0.01,-0.02,0.32,-0.09,0.95,0.43,0.92,-0.12,R
95.4,31,23,32,14,46,-0.26,-4.47,8.94,0.02,0.03,-0.04,-2.67,-0.66,9.49,-0.02,0.01,-0.01,-1.01,1.03,9.63,-0.04,-0.01,-0.01,-0.92,0.87,9.77,-0.04,0.00,-0.01,-0.75,6.76,7.14,-0.02,0.01,-0.01,0.32,-0.09,0.95,1.04,-1.22,0.00,R
95.451,32,23,32,15,46,-0.25,-4.37,8.94,-0.02,0.01,-0.03,-2.61,-0.54,9.51,0.00,0.02,-0.01,-1.04,1.08,9.75,-0.02,0.01,0.00,-0.90,0.74,9.76,-0.00,0.01,-0.00,-0.77,6.92,7.15,0.00,0.02,-0.01,0.32,-0.09,0.96,1.10,-0.31,0.12,R
95.501,31,19,30,14,46,-0.26,-4.43,8.98,-0.02,0.01,0.01,-2.62,-0.54,9.52,0.01,0.03,0.01,-1.01,1.08,9.72,-0.03,0.01,0.00,-0.95,0.76,9.77,-0.01,0.01,-0.02,-0.79,6.81,7.12,0.00,0.02,-0.01,0.32,-0.09,0.95,0.31,0.37,0.31,R
95.553,31,23,32,14,47,-0.27,-4.34,9.00,-0.01,0.01,-0.02,-2.57,-0.54,9.52,-0.03,0.01,-0.01,-1.02,1.00,9.71,-0.03,0.01,-0.01,-0.91,0.82,9.77,0.00,0.02,-0.00,-0.74,6.90,7.09,0.02,0.01,-0.01,0.30,-0.09,0.96,0.92,-0.92,-0.06,R
95.604,31,23,29,14,46,-0.24,-4.55,8.94,-0.01,0.01,0.02,-2.65,-0.53,9.50,0.01,0.02,0.00,-1.04,1.13,9.71,-0.03,0.01,0.01,-0.85,0.80,9.83,-0.01,0.01,0.00,-0.81,6.87,7.15,0.00,0.02,-0.01,0.32,-0.09,0.95,0.61,0.12,0.00,R
95.655,31,23,32,13,45,-0.38,-4.57,9.01,0.02,0.02,-0.02,-2.60,-0.54,9.53,-0.04,0.02,0.00,-1.00,1.02,9.75,-0.03,-0.00,-0.01,-0.89,0.74,9.74,-0.02,0.01,-0.00,-0.79,6.93,7.13,0.00,0.02,-0.01,0.32,-0.09,0.96,0.92,-0.67,0.00,R
95.705,31,23,33,14,47,-0.25,-4.34,8.97,-0.04,0.02,0.03,-2.61,-0.51,9.45,0.01,0.01,0.02,-1.02,1.17,9.69,-0.03,-0.00,0.02,-0.91,0.80,9.73,0.01,0.01,0.02,-0.83,6.98,7.08,0.02,0.01,0.00,0.32,-0.09,0.95,0.92,1.40,-0.18,R
95.757,29,23,32,15,46,-0.25,-4.54,8.90,0.01,0.01,-0.01,-2.63,-0.57,9.53,-0.02,0.02,-0.00,-0.98,0.98,9.68,-0.03,0.00,-0.01,-0.86,0.73,9.81,-0.01,0.01,0.00,-0.75,6.88,7.15,0.00,0.02,-0.01,0.31,-0.09,0.95,1.04,-1.40,-0.06,R
95.807,31,23,29,13,47,-0.26,-4.39,9.03,0.01,0.01,0.01,-2.65,-0.55,9.56,-0.01,0.02,0.01,-1.05,1.11,9.72,-0.04,-0.00,0.00,-0.90,0.83,9.81,-0.03,0.00,0.01,-0.75,6.80,7.19,-0.01,0.01,0.00,0.32,-0.09,0.96,1.40,-0.12,-0.12,R
95.858,27,21,28,11,44,-0.30,-4.55,8.86,0.17,0.03,-0.16,-2.60,-0.51,9.56,-0.05,0.02,-0.02,-0.97,1.03,9.72,-0.04,0.00,-0.01,-0.83,0.63,9.78,0.02,0.02,-0.02,-0.74,6.90,7.16,0.02,-0.01,0.00,0.31,-0.09,0.96,0.79,-2.01,-0.61,R
95.91,31,21,32,15,46,-0.27,-4.25,8.94,-0.08,0.03,-0.11,-2.63,-0.57,9.48,-0.03,-0.02,0.00,-1.02,1.02,9.75,-0.07,-0.02,0.00,-0.89,0.74,9.81,-0.02,0.00,-0.00,-0.74,6.79,7.17,-0.04,0.01,0.00,0.33,-0.10,0.95,2.44,-2.08,-0.06,R
95.96,28,21,30,13,45,-0.17,-4.63,8.93,-0.05,-0.01,0.05,-2.62,-0.56,9.54,-0.01,0.00,0.00,-1.08,1.01,9.73,-0.03,-0.01,0.01,-0.91,0.80,9.79,-0.01,0.01,0.00,-0.79,6.84,7.17,0.01,0.03,-0.00,0.31,-0.09,0.95,1.95,1.10,0.18,R
96.013,29,23,29,14,46,-0.13,-4.56,8.90,0.03,0.00,-0.04,-2.66,-0.49,9.50,-0.02,-0.01,-0.02,-1.03,1.08,9.68,-0.06,-0.02,-0.01,-0.88,0.79,9.79,-0.06,-0.01,-0.01,-0.74,6.79,7.18,-0.04,0.01,-0.01,0.32,-0.09,0.96,2.87,-2.93,0.00,R
96.063,27,21,32,12,45,-0.21,-4.30,9.01,-0.01,0.01,0.01,-2.62,-0.64,9.50,-0.00,-0.01,0.01,-1.08,0.98,9.75,-0.05,0.00,0.01,-0.91,0.77,9.75,-0.02,-0.00,0.01,-0.76,6.79,7.23,-0.01,0.02,-0.01,0.31,-0.10,0.95,0.79,-0.18,0.12,R
96.114,28,20,28,12,44,-0.19,-5.02,8.93,0.05,-0.03,-0.02,-2.59,-0.66,9.56,-0.07,-0.03,-0.01,-1.01,0.98,9.75,-0.06,-0.03,0.00,-0.83,0.69,9.79,-0.04,-0.01,-0.00,-0.78,6.80,7.15,-0.02,0.00,0.00,0.31,-0.10,0.96,4.27,-0.06,0.18,R
96.165,27,20,26,13,44,-0.20,-4.20,8.94,0.00,0.01,-0.01,-2.52,-0.59,9.48,-0.02,-0.04,-0.01,-0.97,1.02,9.72,-0.05,-0.04,-0.00,-0.79,0.70,9.78,-0.04,-0.01,0.00,-0.67,6.69,7.18,-0.03,0.01,-0.00,0.31,-0.10,0.96,2.56,-1.53,-0.12,R
96.216,29,21,30,12,43,-0.18,-4.37,9.01,0.07,-0.00,0.00,-2.51,-0.56,9.53,-0.02,-0.04,0.00,-0.95,0.97,9.74,-0.06,-0.04,0.01,-0.86,0.81,9.75,-0.04,-0.01,0.01,-0.73,6.80,7.16,-0.02,0.02,-0.00,0.32,-0.11,0.95,3.42,0.31,0.24,R
96.266,28,20,28,13,44,-0.18,-4.32,9.00,0.01,0.00,0.01,-2.47,-0.61,9.63,-0.00,-0.01,0.00,-0.89,0.96,9.73,-0.03,-0.01,0.00,-0.88,0.71,9.78,-0.02,-0.01,0.01,-0.76,6.82,7.18,0.01,0.02,-0.01,0.32,-0.10,0.95,1.34,0.55,0.24,R
96.317,28,19,29,11,43,-0.43,-3.91,9.34,-0.07,0.05,0.05,-2.54,-0.73,9.65,-0.04,-0.04,0.01,-0.96,0.93,9.76,-0.06,-0.04,0.01,-0.76,0.62,9.78,-0.04,-0.00,0.01,-0.75,6.78,7.14,0.02,0.03,-0.00,0.30,-0.10,0.96,3.36,-0.37,0.31,R
96.368,29,19,28,12,42,-0.17,-4.46,9.00,0.10,0.01,-0.01,-2.54,-0.56,9.51,0.04,0.03,0.01,-0.87,1.04,9.76,0.04,0.00,0.00,-0.90,0.71,9.83,-0.02,0.00,0.01,-0.71,6.79,7.23,-0.01,0.02,-0.00,0.34,-0.11,0.96,1.46,2.20,0.18,R
96.419,29,21,29,13,44,-0.64,-3.07,9.39,0.29,0.12,0.02,-2.34,-0.67,9.78,-0.05,-0.04,0.01,-0.91,0.91,9.79,-0.08,-0.03,0.03,-0.83,0.58,9.84,-0.04,-0.00,0.04,-0.74,6.95,7.19,0.02,0.03,0.04,0.29,-0.11,0.96,5.68,0.18,0.98,R
96.47,29,19,26,11,43,-0.24,-4.46,9.07,0.12,-0.03,0.18,-2.37,-0.61,9.67,-0.01,-0.06,0.06,-0.86,0.77,9.73,-0.12,-0.02,0.05,-0.74,0.63,9.73,-0.07,-0.01,0.06,-0.53,6.77,7.23,-0.01,0.03,0.05,0.31,-0.11,0.95,4.52,-0.49,2.14,R
96.521,29,20,27,11,42,-0.47,-4.31,9.05,0.23,0.02,0.12,-2.44,-0.16,9.65,-0.06,-0.04,0.09,-0.93,1.09,9.77,-0.18,-0.04,0.10,-0.87,-0.11,9.71,-0.25,-0.04,0.12,-0.72,6.56,7.26,-0.10,0.05,0.10,0.31,-0.11,0.95,10.38,-1.65,4.76,R
96.573,31,20,27,11,43,-0.04,-4.07,9.13,0.07,0.03,0.09,-2.21,-0.70,9.55,-0.01,0.02,0.09,-0.80,0.96,9.77,0.04,0.02,0.08,-0.83,0.36,9.81,0.02,0.01,0.08,-0.75,6.83,7.28,0.01,0.05,0.04,0.35,-0.12,0.94,-0.37,1.22,0.98,R
96.624,31,19,28,12,44,-0.21,-4.19,9.12,-0.06,0.08,-0.00,-2.36,-0.68,9.61,-0.05,0.02,0.01,-0.84,0.89,9.79,-0.02,0.01,0.02,-0.88,0.57,9.81,0.02,0.01,0.01,-0.69,6.71,7.25,0.01,0.02,-0.00,0.29,-0.12,0.95,-0.49,0.00,-0.85,R
96.675,33,29,28,12,42,-0.38,-4.18,9.13,0.01,0.02,0.02,-2.38,-0.54,9.57,0.04,0.05,0.01,-0.91,0.90,9.75,0.01,0.01,0.01,-0.81,0.59,9.87,0.01,0.01,0.00,-0.64,6.77,7.25,0.01,0.01,-0.01,0.34,-0.11,0.96,-1.34,0.67,-0.12,R
96.725,32,17,25,11,41,-0.34,-4.14,9.16,-0.03,0.03,0.01,-2.37,-0.65,9.59,-0.01,0.03,0.00,-0.89,0.89,9.74,-0.01,0.01,0.01,-0.81,0.49,9.80,0.03,0.02,0.01,-0.68,6.76,7.24,0.03,0.02,-0.00,0.30,-0.12,0.95,-0.12,2.08,-0.18,R
96.777,33,18,28,12,42,-0.38,-4.09,9.14,-0.05,0.02,0.01,-2.34,-0.66,9.63,-0.02,0.02,-0.00,-0.88,0.82,9.75,-0.04,0.01,0.00,-0.79,0.53,9.80,-0.00,0.01,-0.00,-0.62,6.82,7.25,0.01,0.02,-0.01,0.31,-0.12,0.95,-0.43,-1.40,-0.43,R
96.828,33,17,28,11,42,-0.28,-4.12,9.11,0.01,0.01,-0.01,-2.31,-0.67,9.60,0.01,0.04,0.01,-0.89,0.93,9.76,-0.03,0.01,0.00,-0.80,0.65,9.76,0.01,0.02,0.01,-0.70,6.73,7.24,0.01,0.02,0.00,0.31,-0.12,0.95,-0.31,0.43,0.24,R
96.879,32,19,27,12,41,-0.34,-4.14,9.08,-0.02,0.01,-0.00,-2.35,-0.61,9.56,-0.03,0.02,0.01,-0.84,0.81,9.76,-0.05,0.01,0.01,-0.74,0.54,9.84,0.00,0.02,0.01,-0.66,6.74,7.25,0.02,0.02,0.00,0.30,-0.11,0.95,0.12,-0.12,0.24,R
96.929,33,18,28,11,42,-0.38,-4.30,9.08,-0.00,-0.01,0.01,-2.37,-0.58,9.67,-0.04,0.01,0.00,-0.83,0.96,9.77,-0.06,0.00,0.01,-0.82,0.51,9.83,-0.04,0.01,0.01,-0.66,6.82,7.25,-0.01,0.03,0.00,0.32,-0.11,0.96,1.59,-1.10,0.49,R
96.981,32,18,28,11,41,-0.27,-4.07,9.08,0.03,0.01,0.01,-2.27,-0.54,9.58,-0.04,-0.01,0.01,-0.89,0.90,9.75,-0.05,-0.02,0.01,-0.82,0.58,9.82,-0.03,0.01,0.01,-0.68,6.76,7.27,-0.03,0.03,0.01,0.32,-0.12,0.95,2.14,-0.61,0.18,R
97.032,32,19,26,12,42,-0.38,-4.09,9.09,0.02,0.00,0.02,-2.31,-0.70,9.57,-0.04,-0.05,0.04,-0.84,0.89,9.81,-0.08,-0.03,0.04,-0.74,0.54,9.85,-0.03,-0.00,0.04,-0.60,6.80,7.22,-0.00,0.03,0.02,0.31,-0.11,0.96,5.13,0.98,0.49,R
97.082,33,18,26,12,41,-0.22,-4.27,8.85,0.13,-0.00,0.05,-2.18,-0.85,9.68,-0.10,-0.06,0.04,-0.86,0.92,9.69,-0.01,-0.05,0.04,-0.79,0.60,9.85,-0.05,-0.01,0.04,-0.66,6.79,7.24,-0.01,0.04,0.03,0.32,-0.12,0.95,6.35,0.18,0.98,R
97.134,34,19,27,13,42,-0.26,-4.19,9.13,0.12,0.01,0.04,-2.17,-0.86,9.72,-0.10,-0.05,0.06,-0.79,0.97,9.78,-0.02,-0.05,0.07,-0.71,0.51,9.83,-0.05,-0.00,0.04,-0.65,6.63,7.27,-0.04,0.06,0.02,0.32,-0.11,0.98,9.83,0.12,-0.31,R
97.185,32,18,28,12,43,-0.42,-3.75,8.32,0.34,0.07,0.08,-2.18,-0.63,9.36,-0.14,-0.11,0.07,-0.74,0.95,9.74,-0.17,-0.00,0.12,-0.83,0.51,9.91,-0.07,0.03,0.05,-0.71,6.75,7.32,-0.07,0.07,0.05,0.33,-0.14,0.98,22.83,-1.89,-0.43,R
97.236,30,18,25,11,41,-0.22,-4.05,9.14,0.38,-0.00,0.14,-2.16,-0.75,9.69,-0.14,-0.05,0.11,-0.86,0.93,9.84,-0.18,0.01,0.15,-0.92,0.50,9.70,-0.11,-0.01,0.11,-0.60,6.62,7.36,-0.01,0.09,0.06,0.33,-0.16,0.92,28.02,-9.03,-3.66,R
97.287,31,17,25,9,42,-0.55,-2.87,9.50,0.19,-0.02,0.08,-2.12,-0.72,9.66,-0.07,-0.16,0.05,-0.79,0.63,9.84,-0.16,-0.08,0.09,-0.72,0.45,9.83,-0.12,-0.00,0.03,-0.57,6.70,7.32,-0.06,0.05,-0.01,0.32,-0.19,0.90,15.50,-10.44,-4.33,R
97.337,29,15,25,5,41,-0.13,-3.53,9.44,-0.14,-0.01,-0.02,-1.98,-1.12,9.90,-0.02,0.03,-0.01,-0.69,0.57,9.77,0.01,0.04,-0.01,-0.74,0.35,9.85,0.00,0.03,0.01,-0.70,6.59,7.44,0.03,-0.00,0.02,0.25,-0.21,0.86,-16.11,-0.92,0.85,R
97.388,31,17,24,8,42,-0.31,-3.72,9.25,-0.03,0.01,-0.15,-2.21,-0.67,9.57,0.03,-0.02,0.01,-0.73,0.77,9.74,0.06,-0.06,-0.01,-0.73,0.39,9.82,-0.02,0.01,0.04,-0.61,6.74,7.29,0.06,0.02,0.02,0.32,-0.17,0.99,-17.76,3.30,2.69,R
97.44,30,17,23,9,41,-0.44,-3.46,9.30,-0.24,0.06,-0.12,-2.26,-0.72,9.55,0.03,0.07,-0.04,-0.72,0.83,9.73,0.06,-0.04,-0.06,-0.81,0.36,9.84,-0.04,0.01,-0.00,-0.68,6.69,7.27,0.03,0.02,-0.02,0.29,-0.15,0.97,-22.46,-0.06,3.30,R
97.49,32,17,25,11,42,-0.27,-3.85,9.34,-0.15,0.01,0.01,-2.01,-0.87,9.72,0.02,0.09,0.00,-0.59,0.70,9.75,0.09,0.04,-0.02,-0.68,0.61,9.83,0.07,0.01,-0.02,-0.66,7.06,7.16,0.03,-0.01,-0.04,0.32,-0.14,0.95,-10.99,6.16,0.73,R
97.541,28,17,23,9,42,-0.49,-3.87,9.46,-0.07,0.03,-0.03,-2.11,-0.81,9.67,-0.02,0.01,-0.02,-0.72,0.79,9.81,-0.02,0.02,-0.01,-0.72,0.43,9.86,0.03,0.01,-0.00,-0.67,6.73,7.23,0.05,0.02,-0.02,0.29,-0.14,0.96,-4.46,1.77,-0.06,R
97.592,31,15,23,10,43,-0.39,-3.89,9.32,-0.11,0.02,0.01,-2.08,-0.64,9.68,0.01,0.02,-0.01,-0.69,0.78,9.80,-0.00,-0.01,-0.01,-0.71,0.41,9.79,0.02,0.01,0.00,-0.61,6.74,7.23,0.04,0.02,-0.00,0.29,-0.12,0.96,-2.81,0.31,0.37,R
97.643,31,18,24,11,43,-0.28,-4.21,9.15,-0.08,0.01,0.02,-2.13,-0.56,9.61,0.03,0.04,-0.01,-0.71,0.86,9.76,0.01,-0.00,-0.01,-0.74,0.40,9.88,-0.00,0.00,-0.01,-0.66,6.83,7.25,-0.01,0.02,-0.01,0.32,-0.12,0.96,-0.92,1.34,0.49,R
97.694,31,17,24,11,43,-0.28,-4.06,9.20,-0.06,0.02,-0.02,-2.13,-0.91,9.61,-0.01,0.04,-0.00,-0.73,0.87,9.78,-0.02,0.02,-0.00,-0.75,0.47,9.78,0.02,0.02,-0.01,-0.63,6.73,7.25,-0.00,0.01,-0.01,0.30,-0.12,0.96,-1.40,-0.06,0.12,R
97.746,29,15,23,10,42,-0.22,-3.91,9.17,-0.04,0.01,0.01,-2.16,-0.58,9.67,0.04,0.03,0.00,-0.70,1.02,9.76,-0.03,0.01,0.00,-0.69,0.37,9.83,0.00,0.01,0.00,-0.64,6.70,7.25,0.01,0.01,-0.01,0.32,-0.12,0.96,0.00,1.34,0.31,R
97.796,29,15,25,11,40,-0.27,-3.97,9.08,-0.07,0.01,-0.02,-2.05,-0.68,9.64,0.01,0.02,0.00,-0.74,0.92,9.79,-0.01,0.00,-0.00,-0.69,0.43,9.79,-0.01,0.01,-0.01,-0.64,6.64,7.30,-0.02,0.02,-0.01,0.30,-0.12,0.96,-1.04,-1.83,0.06,R
97.848,28,17,24,8,41,-0.24,-4.04,9.10,-0.04,-0.00,0.01,-2.19,-0.70,9.55,0.03,0.04,-0.00,-0.78,1.00,9.71,0.02,0.00,-0.01,-0.74,0.44,9.80,0.03,0.01,-0.02,-0.65,6.71,7.33,0.02,0.01,-0.02,0.31,-0.12,0.95,-0.98,1.34,0.67,R
97.898,31,17,23,11,42,-0.29,-3.92,9.15,-0.00,0.01,-0.03,-2.09,-0.68,9.72,-0.01,0.04,-0.01,-0.69,0.91,9.75,-0.03,0.01,-0.01,-0.74,0.46,9.86,-0.00,0.01,-0.02,-0.65,6.67,7.27,-0.00,0.02,-0.03,0.30,-0.12,0.95,0.49,-1.16,0.24,R
97.949,30,16,25,11,42,-0.23,-4.00,9.16,-0.05,0.01,0.01,-2.19,-0.71,9.63,0.03,0.03,0.01,-0.68,0.93,9.81,-0.00,0.01,0.00,-0.72,0.49,9.80,0.02,0.01,0.01,-0.62,6.77,7.30,0.02,0.02,-0.01,0.31,-0.11,0.96,0.00,1.40,0.43,R
98.001,30,18,25,10,42,-0.21,-4.08,9.10,0.01,0.03,-0.03,-2.25,-0.49,9.76,0.03,0.04,0.00,-0.75,0.95,9.71,-0.02,0.01,-0.01,-0.72,0.61,9.84,0.01,0.01,-0.01,-0.68,6.70,7.26,-0.00,0.01,-0.01,0.30,-0.12,0.95,0.79,-0.49,0.18,R
98.051,28,16,25,8,42,-0.27,-4.04,9.12,-0.01,0.02,0.01,-2.19,-0.67,9.63,0.02,0.04,0.01,-0.76,1.02,9.79,0.01,0.01,-0.00,-0.77,0.45,9.83,0.00,0.01,-0.00,-0.68,6.79,7.26,-0.00,0.01,-0.01,0.32,-0.12,0.95,0.43,1.04,0.31,R
98.102,29,15,23,11,42,-0.21,-4.13,9.16,0.00,0.01,-0.01,-2.17,-0.63,9.70,0.01,0.03,0.00,-0.72,0.95,9.76,-0.03,0.00,0.01,-0.70,0.57,9.75,0.00,0.01,-0.00,-0.57,6.73,7.23,0.01,0.01,-0.02,0.32,-0.12,0.95,0.43,0.12,0.00,R
98.153,29,16,23,11,42,-0.28,-4.01,9.19,0.02,0.02,-0.02,-2.18,-0.67,9.67,-0.00,0.03,0.00,-0.71,0.92,9.75,0.00,0.01,-0.00,-0.75,0.50,9.82,0.01,0.02,-0.00,-0.63,6.91,7.22,0.04,0.02,-0.01,0.31,-0.12,0.95,0.73,0.85,0.18,R
98.204,30,16,25,12,43,-0.21,-4.23,9.05,-0.02,0.02,0.01,-2.24,-0.62,9.68,0.02,0.04,-0.00,-0.81,1.09,9.73,0.01,0.01,-0.01,-0.76,0.54,9.79,-0.00,0.01,-0.00,-0.63,6.75,7.28,-0.01,0.01,-0.01,0.32,-0.12,0.95,0.85,0.43,0.18,R
98.255,32,16,24,11,42,-0.27,-4.07,9.17,-0.02,0.02,-0.00,-2.09,-0.68,9.63,0.01,0.04,0.00,-0.77,1.00,9.76,-0.01,0.02,-0.00,-0.74,0.56,9.85,0.01,0.01,-0.00,-0.57,6.81,7.24,0.02,0.02,-0.01,0.31,-0.12,0.95,0.06,0.67,0.24,R
98.308,30,15,24,10,43,-0.32,-4.12,9.14,-0.03,0.01,0.00,-2.24,-0.49,9.64,0.01,0.02,0.00,-0.77,1.02,9.80,-0.03,0.01,0.00,-0.72,0.49,9.79,-0.01,0.01,0.01,-0.64,6.78,7.22,0.01,0.02,-0.01,0.31,-0.12,0.95,0.85,-0.49,0.37,R
98.357,29,17,24,11,43,-0.27,-4.14,9.15,0.01,0.01,-0.01,-2.23,-0.61,9.64,0.01,0.04,0.00,-0.76,0.99,9.75,-0.01,0.01,0.00,-0.80,0.61,9.76,0.00,0.01,-0.00,-0.64,6.74,7.24,0.01,0.02,-0.01,0.31,-0.12,0.95,0.18,0.24,0.49,R
98.409,29,15,23,10,41,-0.18,-4.23,9.08,-0.03,0.01,0.00,-2.19,-0.55,9.62,-0.01,0.03,0.00,-0.77,1.03,9.74,-0.02,0.01,-0.00,-0.72,0.55,9.81,-0.01,0.01,-0.01,-0.61,6.74,7.26,0.01,0.02,-0.01,0.31,-0.12,0.95,0.49,0.24,0.00,R
98.46,30,16,24,11,43,-0.35,-4.00,9.13,0.01,0.02,-0.00,-2.27,-0.60,9.63,0.01,0.03,0.00,-0.81,0.99,9.73,-0.01,0.00,-0.01,-0.76,0.51,9.80,-0.00,0.01,0.00,-0.61,6.82,7.20,0.01,0.02,-0.01,0.32,-0.12,0.95,0.49,-0.12,0.18,R
98.51,29,17,25,13,44,-0.28,-4.11,9.09,-0.03,0.02,0.01,-2.23,-0.53,9.64,0.00,0.04,0.00,-0.76,0.99,9.77,-0.01,0.02,-0.00,-0.75,0.60,9.77,0.01,0.01,-0.01,-0.61,6.77,7.26,0.00,0.01,-0.02,0.32,-0.12,0.95,0.55,0.37,-0.12,R
98.561,28,16,23,11,43,-0.29,-4.18,9.03,0.00,0.02,-0.01,-2.12,-0.74,9.67,-0.03,0.01,0.00,-0.79,1.02,9.67,-0.02,0.00,0.00,-0.73,0.57,9.81,0.01,0.01,-0.00,-0.64,6.83,7.19,0.01,0.01,-0.00,0.30,-0.12,0.95,0.98,-0.31,0.00,R
98.613,29,17,24,11,43,-0.26,-3.96,9.10,0.02,0.02,-0.02,-2.20,-0.57,9.63,0.00,0.03,-0.00,-0.82,1.09,9.77,-0.02,0.01,-0.00,-0.71,0.60,9.81,-0.02,0.01,-0.01,-0.62,6.80,7.25,-0.01,0.02,-0.02,0.32,-0.11,0.95,0.49,-0.73,-0.12,R
98.663,28,17,22,10,43,-0.28,-4.18,9.09,-0.01,0.02,-0.00,-2.26,-0.69,9.63,-0.01,0.03,-0.00,-0.81,0.95,9.70,-0.02,0.01,-0.00,-0.84,0.57,9.82,0.01,0.02,0.00,-0.66,6.79,7.24,0.02,0.02,-0.01,0.30,-0.12,0.95,0.43,0.00,0.12,R
98.714,30,17,26,11,43,-0.22,-4.12,9.05,0.01,0.01,-0.02,-2.19,-0.47,9.62,0.00,0.03,0.00,-0.80,1.05,9.78,-0.05,0.00,0.00,-0.78,0.49,9.82,-0.03,0.01,-0.00,-0.64,6.72,7.18,-0.01,0.02,-0.01,0.32,-0.11,0.96,0.55,-0.79,0.06,R
98.766,29,15,25,11,43,-0.29,-4.08,9.10,-0.00,0.02,-0.00,-2.24,-0.57,9.65,0.00,0.03,0.00,-0.85,1.04,9.70,-0.03,0.01,0.01,-0.80,0.53,9.83,0.01,0.02,-0.00,-0.65,6.78,7.24,0.01,0.02,-0.01,0.31,-0.12,0.95,0.24,0.49,-0.06,R
98.817,30,16,24,11,43,-0.19,-4.41,9.11,-0.01,0.01,-0.00,-2.22,-0.52,9.68,-0.01,0.04,-0.00,-0.83,1.09,9.75,-0.02,0.00,-0.00,-0.74,0.52,9.80,-0.02,0.01,0.00,-0.60,6.69,7.24,-0.00,0.02,-0.01,0.31,-0.11,0.96,0.79,0.00,0.24,R
98.867,29,16,26,11,43,-0.29,-3.99,9.10,0.00,0.02,0.00,-2.23,-0.57,9.60,-0.01,0.01,0.00,-0.75,1.04,9.73,-0.03,0.00,0.00,-0.75,0.47,9.80,-0.00,0.02,-0.01,-0.60,6.81,7.24,0.00,0.02,-0.01,0.32,-0.12,0.95,0.31,-0.31,0.00,R
98.918,29,15,25,12,43,-0.25,-4.13,9.10,-0.02,0.02,-0.01,-2.28,-0.58,9.63,-0.01,0.03,-0.00,-0.84,0.96,9.73,-0.02,0.01,-0.00,-0.77,0.58,9.78,-0.01,0.01,-0.01,-0.68,6.73,7.21,-0.01,0.02,-0.01,0.31,-0.12,0.95,0.98,-0.18,-0.18,R
98.972,29,16,26,12,42,-0.26,-4.10,9.07,0.00,0.01,0.01,-2.23,-0.57,9.61,0.00,0.03,0.01,-0.76,0.99,9.74,-0.03,0.01,0.00,-0.76,0.57,9.80,-0.01,0.01,-0.00,-0.64,6.76,7.25,0.00,0.02,-0.01,0.32,-0.12,0.95,0.06,-0.24,-0.12,R
99.02,28,16,25,11,44,-0.30,-4.23,9.07,-0.03,0.02,-0.01,-2.29,-0.54,9.69,-0.03,0.01,-0.01,-0.82,1.07,9.74,-0.02,-0.00,-0.00,-0.79,0.58,9.76,-0.01,0.02,-0.00,-0.67,6.67,7.23,-0.00,0.02,-0.01,0.31,-0.12,0.96,1.22,-0.49,-0.18,R
99.071,29,16,27,12,43,-0.31,-3.96,9.16,0.00,0.01,0.00,-2.23,-0.62,9.67,-0.00,0.03,0.00,-0.80,1.04,9.79,-0.01,-0.00,0.00,-0.79,0.57,9.80,-0.00,0.01,-0.01,-0.63,6.87,7.21,-0.00,0.02,-0.01,0.32,-0.12,0.95,0.31,-0.06,0.00,R
99.122,29,14,25,11,42,-0.28,-4.20,9.11,-0.00,0.01,0.00,-2.27,-0.57,9.64,-0.01,0.03,0.01,-0.84,1.02,9.75,-0.02,0.01,-0.00,-0.84,0.57,9.83,0.00,0.02,0.00,-0.63,6.76,7.26,0.02,0.02,-0.01,0.31,-0.12,0.95,1.04,1.22,0.00,R
99.174,29,15,27,13,43,-0.26,-4.02,9.09,-0.04,0.01,-0.00,-2.25,-0.60,9.67,-0.01,0.03,-0.01,-0.77,1.11,9.74,-0.02,0.01,-0.00,-0.78,0.48,9.82,-0.02,0.01,0.00,-0.67,6.79,7.25,0.01,0.02,0.00,0.30,-0.12,0.95,1.04,-1.04,0.12,R
99.224,28,16,24,11,42,-0.20,-4.07,9.15,0.03,0.02,0.00,-2.22,-0.59,9.65,0.02,0.04,0.01,-0.90,1.10,9.73,-0.01,0.02,0.00,-0.78,0.57,9.77,0.00,0.01,-0.00,-0.65,6.81,7.24,-0.00,0.02,-0.01,0.32,-0.12,0.95,-0.12,0.31,0.18,R
99.276,30,16,26,11,43,-0.20,-4.34,9.12,-0.03,0.01,0.00,-2.20,-0.54,9.70,-0.01,0.02,0.00,-0.81,1.10,9.73,-0.03,0.00,0.01,-0.71,0.50,9.83,0.01,0.01,0.00,-0.66,6.73,7.24,0.01,0.01,-0.01,0.31,-0.12,0.95,1.22,0.55,0.06,R
99.326,29,16,25,11,43,-0.27,-4.09,9.16,-0.02,0.02,0.01,-2.24,-0.54,9.62,0.02,0.03,0.00,-0.88,1.09,9.68,-0.01,-0.00,-0.01,-0.79,0.54,9.83,-0.01,0.00,-0.00,-0.63,6.72,7.23,-0.01,0.01,-0.01,0.32,-0.12,0.96,0.73,0.55,0.12,R
99.377,30,15,24,11,43,-0.26,-4.09,9.09,0.02,0.01,-0.01,-2.27,-0.49,9.63,-0.00,0.02,0.00,-0.77,1.03,9.70,-0.03,0.01,0.00,-0.78,0.57,9.80,0.00,0.01,-0.00,-0.63,6.76,7.26,0.00,0.02,-0.01,0.31,-0.12,0.95,0.06,0.00,0.06,R
99.43,29,17,28,11,43,-0.30,-4.14,9.09,-0.04,0.01,0.00,-2.23,-0.49,9.62,-0.00,0.01,-0.00,-0.85,1.10,9.70,-0.01,-0.00,0.00,-0.73,0.55,9.87,-0.01,0.01,0.01,-0.64,6.79,7.24,0.00,0.02,0.00,0.31,-0.11,0.95,0.98,-0.12,0.18,R
99.479,30,15,24,12,43,-0.27,-4.10,9.15,0.02,0.02,-0.01,-2.17,-0.53,9.67,0.01,0.04,-0.00,-0.82,1.07,9.69,-0.03,0.02,-0.00,-0.79,0.60,9.77,-0.01,0.01,-0.01,-0.63,6.77,7.27,0.00,0.02,-0.01,0.31,-0.12,0.95,0.12,-0.43,0.00,R
99.531,31,14,25,12,43,-0.32,-4.06,9.14,0.02,0.02,-0.01,-2.24,-0.48,9.67,-0.01,0.02,0.00,-0.77,1.03,9.75,-0.02,0.00,0.00,-0.78,0.61,9.82,0.01,0.01,-0.00,-0.61,6.80,7.21,0.01,0.02,-0.01,0.32,-0.12,0.95,0.67,0.31,-0.06,R
99.581,29,15,26,11,42,-0.34,-3.92,9.16,-0.01,0.01,-0.01,-2.27,-0.47,9.63,-0.01,0.02,-0.00,-0.80,1.13,9.77,-0.04,0.00,0.01,-0.81,0.70,9.81,-0.00,0.01,0.00,-0.63,6.79,7.23,-0.01,0.01,0.00,0.31,-0.12,0.96,1.28,0.00,0.24,R
99.633,28,15,25,10,42,-0.20,-4.13,9.14,0.02,0.01,0.00,-2.26,-0.47,9.60,0.01,0.03,-0.00,-0.79,1.06,9.74,-0.01,0.01,-0.00,-0.74,0.59,9.84,0.00,0.01,0.00,-0.65,6.74,7.29,0.00,0.02,-0.01,0.32,-0.12,0.95,-0.12,-0.43,-0.12,R
99.684,28,13,23,10,42,-0.29,-4.07,9.09,0.02,0.02,-0.02,-2.27,-0.57,9.64,-0.02,0.02,0.00,-0.85,1.11,9.69,-0.04,-0.00,0.01,-0.76,0.51,9.84,-0.01,0.01,-0.01,-0.65,6.85,7.23,0.00,0.02,-0.01,0.31,-0.12,0.95,1.83,0.12,0.00,R
99.735,28,16,24,11,42,-0.26,-4.10,9.12,-0.01,0.01,-0.00,-2.22,-0.54,9.63,-0.00,0.03,0.00,-0.88,1.02,9.73,-0.02,0.01,-0.00,-0.80,0.63,9.83,0.00,0.02,-0.00,-0.61,6.77,7.26,0.01,0.02,-0.01,0.31,-0.12,0.95,0.06,-0.18,-0.18,R
99.785,28,12,26,9,42,-0.30,-4.07,9.13,-0.01,0.02,-0.00,-2.22,-0.56,9.63,-0.01,0.02,0.01,-0.86,0.99,9.73,-0.04,0.01,0.00,-0.74,0.60,9.84,-0.00,0.01,0.00,-0.62,6.77,7.25,0.02,0.01,-0.01,0.31,-0.12,0.95,1.10,-0.18,-0.06,R
99.837,28,15,26,12,43,-0.29,-4.21,9.11,0.00,0.01,-0.00,-2.31,-0.49,9.56,-0.01,0.02,0.01,-0.87,1.13,9.73,-0.01,-0.00,-0.00,-0.70,0.58,9.78,-0.01,0.01,-0.00,-0.60,6.79,7.23,-0.00,0.02,-0.01,0.32,-0.12,0.95,0.43,-0.49,0.06,R
99.887,29,14,25,13,43,-0.15,-4.38,9.07,-0.04,0.01,0.01,-2.25,-0.54,9.60,0.00,0.03,0.00,-0.78,1.01,9.70,-0.02,0.02,0.01,-0.78,0.68,9.86,0.02,0.01,-0.00,-0.64,6.75,7.29,0.02,0.02,-0.00,0.31,-0.12,0.95,-0.06,0.79,-0.12,R
99.938,30,16,26,12,44,-0.25,-4.19,9.10,-0.01,0.01,0.00,-2.25,-0.45,9.68,-0.01,0.02,0.00,-0.82,1.10,9.75,-0.03,0.00,0.00,-0.73,0.59,9.79,-0.01,0.00,-0.00,-0.61,6.81,7.21,0.00,0.02,-0.01,0.32,-0.12,0.95,1.77,-0.67,-0.06,R
99.989,28,15,26,11,43,-0.28,-4.15,9.09,0.01,0.02,0.00,-2.25,-0.56,9.62,0.01,0.04,0.00,-0.86,1.07,9.77,-0.01,0.02,0.00,-0.79,0.68,9.83,0.00,0.02,-0.00,-0.68,6.81,7.20,0.01,0.02,-0.01,0.33,-0.12,0.95,0.00,1.22,0.12,R
100.041,29,15,26,11,44,-0.25,-4.11,9.10,-0.01,0.02,-0.01,-2.19,-0.61,9.62,-0.01,0.02,-0.00,-0.80,1.07,9.75,-0.03,0.00,-0.00,-0.74,0.51,9.80,-0.01,0.01,0.00,-0.60,6.76,7.24,0.01,0.02,-0.01,0.31,-0.12,0.95,0.55,-0.12,0.00,R
100.091,29,13,24,11,42,-0.32,-4.11,9.13,0.02,0.02,-0.01,-2.29,-0.47,9.60,-0.00,0.03,-0.00,-0.82,1.02,9.75,-0.03,0.01,0.01,-0.72,0.61,9.81,0.01,0.01,-0.00,-0.62,6.79,7.23,-0.00,0.01,-0.01,0.31,-0.12,0.96,0.37,0.24,0.12,R
100.142,29,16,26,11,42,-0.27,-4.20,9.05,0.02,0.01,-0.01,-2.31,-0.53,9.57,0.01,0.03,0.00,-0.83,1.01,9.69,-0.04,0.00,0.00,-0.73,0.57,9.81,0.00,0.02,0.00,-0.63,6.78,7.23,-0.01,0.02,-0.01,0.31,-0.12,0.95,0.12,-0.31,0.31,R
100.193,28,14,23,11,42,-0.29,-4.07,9.07,-0.01,0.01,0.01,-2.26,-0.47,9.62,-0.00,0.02,0.01,-0.83,1.09,9.83,-0.03,0.01,0.01,-0.82,0.60,9.84,0.01,0.03,0.00,-0.64,6.85,7.20,0.01,0.02,-0.00,0.32,-0.12,0.95,0.31,0.61,0.49,R
100.245,27,15,24,11,42,-0.28,-4.20,9.05,-0.02,0.01,-0.01,-2.35,-0.39,9.43,-0.03,0.04,-0.00,-0.82,1.04,9.74,-0.06,0.01,-0.00,-0.79,0.41,9.80,-0.02,0.01,-0.01,-0.68,6.81,7.22,-0.00,0.02,-0.01,0.31,-0.12,0.95,0.37,-1.59,0.49,R
100.295,28,15,24,11,42,-0.29,-4.10,9.11,-0.01,0.01,0.01,-2.30,-0.48,9.64,-0.01,0.03,0.01,-0.85,1.13,9.80,-0.03,0.01,0.01,-0.72,0.56,9.83,0.00,0.02,0.00,-0.64,6.76,7.23,0.02,0.03,-0.02,0.32,-0.12,0.96,0.79,0.06,0.31,R
100.347,29,14,25,12,43,-0.25,-4.28,9.05,-0.06,0.01,0.01,-2.23,-0.58,9.66,-0.01,0.04,-0.01,-0.84,1.05,9.71,-0.03,0.02,-0.01,-0.80,0.60,9.79,0.00,0.02,-0.01,-0.69,6.77,7.21,0.00,0.01,-0.03,0.32,-0.12,0.95,0.12,-1.65,0.06,R
100.398,29,15,24,11,42,-0.28,-4.13,9.11,-0.05,0.01,-0.01,-2.32,-0.48,9.65,-0.01,0.03,-0.00,-0.86,1.04,9.74,-0.04,0.01,-0.00,-0.75,0.57,9.83,0.02,0.02,-0.01,-0.64,6.74,7.24,0.03,0.02,-0.02,0.30,-0.12,0.95,0.18,-0.61,0.06,R
100.448,28,14,25,11,43,-0.23,-4.16,9.06,-0.05,0.02,0.01,-2.30,-0.50,9.64,-0.02,0.05,0.01,-0.90,1.06,9.74,-0.03,0.03,0.00,-0.81,0.65,9.78,0.03,0.03,-0.02,-0.74,6.90,7.20,0.01,0.02,-0.04,0.32,-0.12,0.95,-0.92,-1.77,0.12,R
100.5,28,13,25,12,44,-0.23,-4.14,9.07,-0.13,0.02,-0.01,-2.28,-0.49,9.68,-0.02,0.07,-0.01,-0.88,0.97,9.74,-0.03,0.06,-0.02,-0.84,0.60,9.79,0.07,0.04,-0.05,-0.70,6.71,7.26,0.02,0.03,-0.08,0.31,-0.12,0.96,-2.99,-4.03,0.55,R
100.551,28,16,24,9,47,-0.24,-4.28,9.00,-0.29,0.06,0.06,-2.30,-0.57,9.68,0.04,0.24,0.04,-1.02,0.90,9.68,0.06,0.23,0.01,-0.89,0.63,9.73,0.34,0.14,-0.06,-0.90,6.76,7.24,0.28,0.05,-0.13,0.30,-0.12,0.96,-12.88,-0.12,0.49,R
100.601,30,17,28,13,55,-0.44,-4.23,8.95,-0.38,0.13,0.09,-2.79,-0.50,9.36,-0.05,0.47,0.10,-1.27,1.31,9.69,0.06,0.40,0.01,-0.84,0.75,10.15,0.41,0.36,0.01,-0.66,6.89,7.13,0.25,0.09,-0.18,0.32,-0.09,0.97,-19.17,-6.29,1.10,R
100.653,30,24,30,14,63,-0.38,-4.92,8.78,-0.26,-0.01,0.20,-2.74,-0.62,9.50,-0.05,0.62,0.16,-1.27,1.08,9.76,0.10,0.54,0.05,-1.11,1.16,9.79,0.57,0.38,-0.04,-0.88,7.11,6.93,0.55,0.09,-0.14,0.28,-0.06,0.98,-12.88,7.81,1.65,R
100.704,30,27,37,17,78,-0.79,-4.61,8.97,-0.30,0.06,0.32,-3.45,-0.38,9.33,-0.15,0.78,0.07,-1.97,1.33,9.62,0.05,0.70,-0.05,-1.61,1.50,9.69,0.67,0.50,-0.19,-1.20,7.02,6.80,0.43,0.09,-0.36,0.34,-0.08,1.00,-5.55,-2.75,4.70,R
100.754,31,45,44,26,73,-0.86,-4.82,8.71,-0.36,0.02,0.57,-3.90,-0.39,8.99,-0.21,0.98,0.10,-2.51,1.33,9.46,-0.04,0.84,-0.09,-2.12,1.88,9.57,0.57,0.71,-0.27,-1.74,7.41,6.67,0.53,0.15,-0.61,0.34,-0.10,1.02,-0.49,0.00,4.33,R
100.806,32,59,51,34,75,-1.53,-4.98,8.47,-0.52,0.32,0.64,-4.79,-0.44,8.57,-0.28,1.04,-0.05,-3.43,1.40,9.42,-0.26,0.90,-0.23,-3.29,1.95,9.28,-0.06,1.06,-0.45,-2.78,7.21,6.05,0.19,0.59,-1.36,0.42,-0.14,1.06,13.67,-19.78,-2.99,R
100.857,31,69,59,41,78,-2.91,-4.38,8.67,-0.79,1.04,0.95,-5.74,-0.53,8.42,-0.59,1.05,0.00,-4.41,1.16,8.72,-0.47,1.02,-0.32,-4.26,1.95,8.58,-0.26,1.28,-0.61,-4.14,7.89,6.26,-0.21,0.90,-1.56,0.31,-0.21,1.09,47.55,-26.79,-5.00,R
100.907,33,73,61,45,81,-4.58,-4.35,8.21,-0.59,1.44,1.72,-6.50,0.00,7.46,-0.73,0.95,0.26,-5.10,0.85,8.09,-0.76,0.60,-0.23,-4.52,1.81,5.88,-1.16,1.29,-0.53,-4.99,6.60,5.51,-1.01,1.21,-1.54,0.32,-0.26,1.01,100.34,-33.69,-6.47,R
100.959,32,70,55,42,79,-5.15,-4.88,7.25,-0.58,1.55,2.11,-7.84,-1.29,7.31,-0.82,0.53,0.54,-5.41,-0.39,9.19,-0.96,0.28,0.02,-6.06,0.45,8.64,-1.16,1.13,-0.51,-6.39,4.92,6.70,-1.30,1.27,-1.65,0.26,-0.45,0.92,126.34,-45.65,-9.22,R
101.009,33,64,38,37,79,-5.67,-5.52,9.73,-0.19,1.60,1.69,-6.86,-1.70,7.60,-0.37,1.31,0.26,-5.26,0.45,8.21,-0.57,1.34,-0.14,-5.84,0.79,8.47,-0.59,1.85,-0.54,-6.06,6.27,6.42,-0.30,1.51,-1.69,0.18,-0.45,0.79,70.25,-23.50,1.53,R
101.06,31,62,38,39,85,-5.36,-4.00,7.29,0.07,0.40,0.74,-7.10,0.07,7.57,-0.36,1.56,0.27,-5.60,0.39,9.04,-0.59,1.44,-0.00,-5.93,0.98,7.80,-0.42,1.85,-0.21,-6.21,5.87,4.81,-0.13,1.52,-0.96,0.19,-0.41,0.72,30.27,-20.51,25.88,R
101.112,31,63,41,47,93,-5.53,-2.88,5.77,-0.34,0.13,0.85,-6.75,0.00,6.10,-0.63,0.40,0.59,-5.62,0.71,7.76,-0.64,1.15,0.44,-6.28,0.70,7.82,-0.65,1.08,0.29,-6.55,5.57,5.67,-0.59,1.05,-0.28,0.15,-0.40,0.76,25.88,-25.63,47.91,R
101.163,28,62,45,49,96,-6.09,-3.78,5.94,-0.44,-0.06,1.15,-7.34,-1.25,5.60,-0.77,0.61,0.75,-6.31,-1.01,7.75,-0.77,0.24,0.70,-7.21,-0.89,6.89,-0.77,0.35,0.59,-7.21,4.41,5.45,-0.84,0.67,0.16,0.16,-0.48,0.86,48.52,-17.21,59.02,R
101.214,28,56,43,49,93,-6.87,-4.26,6.93,-0.31,0.04,1.54,-7.79,-1.55,7.41,-0.63,0.12,0.92,-5.53,-1.66,8.38,-0.48,0.05,0.65,-6.85,-0.96,7.98,-0.47,0.15,0.63,-7.26,4.19,5.70,-0.72,0.65,0.29,0.08,-0.44,0.93,61.52,-0.18,74.10,R
101.265,28,38,40,47,88,-6.82,-5.44,7.92,0.16,-0.17,1.74,-7.58,-1.96,6.99,-0.10,0.86,1.28,-5.22,-1.46,7.92,-0.19,0.76,0.89,-6.95,-0.94,7.60,-0.10,0.93,1.01,-7.85,4.50,6.41,-0.30,1.22,0.34,0.10,-0.43,1.01,64.94,32.10,72.51,R
101.315,27,82,43,45,98,-6.56,-6.52,7.54,0.65,-0.08,1.30,-8.59,-4.27,7.43,0.21,2.47,1.01,-0.36,2.42,-18.78,-0.05,7.36,2.08,-9.65,-1.92,1.96,-0.23,5.89,1.24,-8.75,4.53,3.23,-0.11,3.93,-1.50,0.25,-0.46,0.99,60.18,39.55,45.96,R
101.366,28,87,98,67,107,-6.55,-0.80,7.80,1.41,0.06,1.57,-8.00,2.62,3.68,0.98,1.97,1.66,-13.04,-2.00,12.86,0.55,5.63,0.36,-10.77,0.31,7.89,0.46,4.35,0.43,-9.82,4.30,3.15,1.30,3.61,-2.05,0.38,-0.37,0.78,125.00,76.97,51.15,R
101.417,24,89,111,73,112,-5.36,-3.44,7.38,0.85,0.55,1.98,-9.02,-0.91,6.94,0.08,2.61,0.86,-9.77,1.77,7.08,-0.46,2.15,0.78,-10.51,3.01,7.92,0.08,2.86,0.10,-10.25,8.70,5.34,0.02,2.41,-1.33,0.46,-0.48,0.79,96.13,26.06,41.87,R
101.468,26,100,114,80,118,-5.94,-3.35,9.69,0.32,-0.05,1.10,-10.63,1.51,8.03,-0.17,1.60,0.71,-10.96,1.52,6.91,-0.29,2.00,0.43,-10.89,1.65,5.65,-0.47,0.95,0.66,-10.02,5.40,1.70,-0.06,0.94,0.13,0.50,-0.57,0.76,40.71,22.83,47.97,R
101.519,23,105,120,81,117,-6.57,-1.68,8.97,0.15,-0.61,0.71,-10.71,1.89,5.43,-0.39,-0.15,0.90,-11.12,1.64,4.59,-0.33,-0.14,0.91,-11.01,2.30,3.00,-0.16,0.33,0.74,-10.37,4.53,0.03,-0.03,0.60,0.47,0.62,-0.62,0.72,12.76,23.93,55.42,R
101.57,24,105,118,82,116,-6.86,0.23,9.08,0.03,-0.88,0.50,-10.22,2.91,3.82,-0.33,-0.55,0.86,-10.48,3.10,2.27,-0.15,-0.41,0.85,-10.51,3.05,1.43,-0.21,-0.08,0.75,-9.21,5.12,-1.47,-0.24,0.42,0.49,0.60,-0.58,0.69,-3.54,15.99,65.43,R
101.622,25,104,117,85,116,-7.54,1.60,11.22,-0.37,-1.43,1.02,-11.21,6.43,4.94,-0.74,-0.37,1.24,-10.90,8.21,2.38,0.18,0.22,1.46,-10.01,9.57,1.23,-0.20,0.66,1.77,-7.81,9.32,-4.46,-0.72,1.55,1.82,0.42,-0.47,0.62,-25.88,15.08,137.39,R
101.672,23,103,119,87,112,-6.30,-1.56,11.77,0.43,-3.37,1.41,-10.86,5.47,5.79,-0.04,-1.15,3.72,-11.31,6.44,3.56,-0.59,-0.02,4.51,-10.64,5.73,0.01,-0.52,0.65,4.90,-8.77,6.14,-3.87,0.08,3.36,3.87,0.59,-0.26,0.47,-56.03,92.77,170.04,R
101.724,27,106,131,96,116,-4.51,1.44,8.17,0.64,-4.08,1.53,-9.79,3.82,4.10,-0.13,-1.45,4.63,-10.17,5.05,1.34,-0.51,-0.26,5.18,-9.35,5.79,0.16,-0.57,0.97,5.44,-7.41,6.57,-3.85,-0.28,4.02,4.20,0.57,-0.09,0.36,-85.14,123.23,232.06,R
101.775,29,114,137,103,125,-2.69,-0.45,7.82,1.41,-4.57,1.36,-6.89,2.96,3.67,0.32,-1.62,5.03,-8.71,3.16,1.53,-0.07,-0.10,5.64,-7.44,3.68,-0.88,-0.02,0.63,5.72,-6.20,4.76,-3.64,0.73,3.79,4.25,0.69,0.13,0.30,-73.79,172.67,209.72,R
101.827,32,122,144,113,132,-0.25,-0.01,6.43,1.98,-4.01,1.01,-3.28,2.29,3.62,0.91,-0.94,4.45,-4.01,3.61,1.01,0.66,0.61,4.78,-4.30,4.90,-0.06,0.36,1.92,4.87,-2.95,5.08,-3.66,0.80,4.27,3.05,0.72,0.30,0.24,-51.94,164.12,155.94,R
101.877,33,129,150,122,138,0.99,0.40,5.20,2.46,-2.95,1.14,-1.97,4.65,4.70,1.95,-0.28,4.19,-2.37,7.07,2.67,1.58,1.23,4.69,-2.31,7.17,0.68,1.23,2.02,4.66,-0.77,5.95,-4.54,1.82,4.19,3.00,0.70,0.35,0.02,-12.15,204.83,111.69,R
101.928,38,141,154,130,143,3.31,1.07,6.05,3.40,-1.90,0.97,-0.48,3.79,2.79,2.61,-0.04,4.22,-0.84,5.02,2.02,2.25,0.82,4.52,-1.32,6.34,-0.62,2.08,1.75,4.39,-0.38,5.35,-5.15,2.63,3.43,2.75,1.00,0.20,-0.21,8.24,240.36,63.05,R
101.978,43,146,156,136,145,0.73,7.50,4.38,3.98,-1.57,0.79,1.57,8.84,-1.07,2.23,-0.57,3.02,1.55,8.75,-2.91,2.24,0.47,3.18,0.77,8.48,-2.41,1.62,0.87,3.21,2.18,5.79,-6.08,1.79,2.09,2.28,1.10,0.22,-0.24,-18.37,182.50,41.87,R
102.03,66,150,160,138,148,3.85,4.43,4.80,2.77,-0.73,0.52,1.15,9.15,1.73,1.58,-0.13,3.16,2.23,7.86,-1.53,1.44,0.69,2.97,2.89,7.52,-4.07,1.34,0.72,3.04,4.22,3.41,-8.03,1.97,1.85,1.82,0.92,0.29,-0.37,10.31,167.66,17.58,R
102.081,97,159,164,143,149,4.75,4.58,4.03,2.78,-0.62,0.02,2.64,5.29,0.32,1.53,0.09,2.60,3.51,5.75,-2.12,1.48,0.84,2.38,2.65,5.60,-2.43,1.53,0.88,2.53,3.47,3.10,-5.50,1.79,1.64,1.51,0.95,0.24,-0.48,5.55,155.58,-9.95,R
102.131,126,171,168,149,149,5.35,9.79,3.07,2.06,1.06,-0.23,4.56,8.26,-1.44,1.13,0.46,1.55,4.87,8.42,-5.48,1.21,1.07,1.25,5.46,7.38,-4.94,0.97,0.21,1.22,6.28,2.74,-7.50,0.86,0.59,1.02,0.96,0.27,-0.52,-30.27,85.69,-13.85,R
102.183,150,179,178,154,152,4.46,8.55,3.71,1.50,0.66,-0.25,5.78,7.07,-0.80,1.28,0.29,0.92,5.49,7.54,-3.06,1.06,1.21,1.22,7.13,6.33,-5.23,1.06,0.67,1.23,8.15,0.26,-8.58,1.39,1.02,0.65,0.80,0.28,-0.66,-14.83,87.59,-13.92,R
102.234,164,186,186,158,155,5.08,11.88,1.30,1.47,0.42,0.03,7.91,11.17,-2.64,0.48,0.31,1.00,8.25,9.01,-4.15,0.40,0.49,0.90,8.26,7.56,-4.68,0.33,0.57,0.80,8.70,2.39,-6.86,0.31,0.84,0.22,0.83,0.37,-0.76,-21.30,57.68,6.10,R
102.284,165,187,186,160,156,5.84,9.61,2.05,0.35,-0.11,0.41,8.04,7.13,-1.02,0.14,0.29,0.62,8.15,6.52,-1.81,-0.10,0.37,0.58,8.53,4.93,-2.99,-0.03,0.48,0.60,9.02,1.00,-5.00,0.03,0.80,0.16,0.69,0.39,-0.84,-1.53,28.87,15.69,R
102.335,160,187,182,160,156,6.64,11.09,1.13,0.18,-0.49,0.54,9.92,9.08,-2.85,-0.16,-0.01,0.05,10.14,7.22,-4.20,-0.42,-0.08,0.08,9.96,5.92,-4.82,-0.50,0.26,-0.12,10.35,0.49,-6.68,-0.63,0.29,-0.24,0.77,0.45,-0.85,11.35,-3.23,17.58,R
102.387,155,185,178,161,157,6.47,9.41,2.05,-0.43,-0.31,0.95,8.35,8.08,-1.20,-0.48,0.52,0.31,9.37,7.19,-3.68,-0.51,0.64,-0.02,10.07,6.15,-4.87,-0.54,0.87,-0.14,10.93,0.94,-7.16,-0.35,0.79,-0.56,0.67,0.43,-0.88,49.93,-13.92,20.02,R
102.438,155,183,178,159,156,6.80,8.29,1.63,-0.35,-0.46,1.24,8.26,6.93,-1.27,-0.53,0.67,0.69,8.54,6.38,-2.45,-0.73,0.91,0.20,8.58,5.03,-3.27,-0.66,1.06,0.15,8.79,0.96,-4.87,-0.51,1.08,-0.48,0.69,0.44,-0.77,78.74,-9.22,16.91,R
102.489,155,180,175,159,155,6.82,8.16,1.13,-0.48,-0.23,1.20,7.66,6.61,-0.68,-0.65,0.70,0.32,7.69,6.59,-1.95,-0.83,0.80,-0.06,7.84,6.01,-2.22,-0.78,0.87,-0.15,8.57,1.90,-4.76,-0.82,0.78,-0.69,0.58,0.38,-0.68,26.12,-10.62,57.37,R
102.539,151,179,173,158,154,7.33,6.11,1.01,-0.81,-0.13,0.86,6.04,6.12,1.21,-0.89,0.82,0.01,5.76,6.33,0.83,-1.13,0.75,-0.34,5.84,5.63,0.23,-1.03,0.81,-0.32,6.66,3.78,-2.18,-1.04,0.60,-0.64,0.61,0.40,-0.52,38.57,-45.35,42.79,R
102.591,148,176,172,158,153,6.01,4.94,3.05,-1.03,0.04,0.41,5.73,4.64,1.66,-0.90,0.52,-0.27,5.55,5.06,0.97,-0.99,0.42,-0.43,5.84,4.59,0.56,-0.85,0.41,-0.47,6.73,2.88,-2.39,-0.77,0.18,-0.58,0.53,0.47,-0.41,26.86,-45.53,29.79,R
102.642,146,176,172,158,152,6.00,4.97,3.17,-0.73,0.13,0.18,5.48,4.95,2.40,-0.49,0.43,-0.45,5.34,6.06,1.45,-0.75,0.28,-0.45,5.66,5.43,0.85,-0.73,0.17,-0.41,6.48,3.43,-1.90,-0.72,0.01,-0.37,0.53,0.51,-0.37,-2.20,-34.61,29.30,R
102.693,145,174,173,157,153,7.25,3.29,3.03,-0.89,0.05,-0.28,5.56,3.13,2.76,-0.58,0.43,-0.73,4.72,3.35,2.23,-0.70,0.16,-0.98,4.32,3.48,1.75,-0.58,-0.05,-0.98,4.57,3.82,-0.15,-0.68,-0.52,-0.68,0.63,0.50,-0.32,-47.30,-42.05,24.90,R
102.744,140,175,174,156,152,6.27,4.99,2.01,-1.34,0.62,-1.39,4.94,3.98,3.60,-0.25,0.53,-2.15,4.26,5.58,3.46,-0.06,-0.16,-2.10,4.52,5.47,2.64,-0.47,-0.74,-2.25,5.83,4.50,-1.18,-0.86,-1.91,-1.17,0.60,0.56,-0.37,-42.24,-113.77,-18.68,R
102.795,135,176,175,155,150,7.49,3.00,3.75,-1.83,0.62,-1.52,3.85,4.75,4.02,-0.70,-0.26,-2.44,2.71,4.81,2.75,-0.49,-1.15,-2.60,2.98,5.42,0.50,-0.52,-1.47,-2.36,3.88,5.35,-2.94,-0.88,-2.34,-1.11,0.80,0.48,-0.38,-59.08,-126.65,-26.06,R
102.846,126,174,175,155,149,5.36,4.08,4.48,-2.65,1.30,-3.45,1.37,6.62,4.53,0.42,-0.55,-3.95,1.13,8.10,2.97,0.78,-1.62,-3.43,1.51,9.42,2.88,-0.08,-2.13,-3.44,3.89,8.04,-3.14,-0.90,-3.68,-1.58,0.76,0.51,-0.35,-127.62,-194.70,-50.96,R
102.897,116,176,172,154,147,2.80,5.46,7.91,-2.56,0.33,-2.31,0.59,13.34,3.49,-0.70,-1.92,-3.12,1.95,14.57,-1.12,-0.31,-2.69,-2.12,4.53,15.06,-3.97,-0.73,-3.03,-1.95,8.09,7.36,-11.26,-1.43,-2.89,0.32,0.71,0.49,-0.28,-95.58,-151.61,-12.88,R
102.948,114,175,172,153,146,2.14,3.77,10.68,-0.96,-0.54,-2.13,0.60,10.82,3.28,-0.14,-1.41,-1.02,1.79,12.33,-0.27,0.14,-1.49,-0.25,3.22,10.85,-0.84,0.18,-1.22,0.23,6.18,7.86,-6.87,-0.33,-0.61,1.01,0.79,0.44,-0.18,-72.45,-32.47,-3.85,R
102.999,108,172,173,150,148,3.06,4.46,8.26,0.21,-1.35,-1.85,0.46,8.71,3.57,-0.13,-1.81,-0.17,-0.98,7.90,2.27,-0.65,-1.81,-0.11,-2.31,7.32,3.10,-0.46,-2.02,0.58,-2.26,9.46,0.24,-1.19,-1.97,1.60,1.20,0.37,-0.05,-87.89,-12.76,16.24,R
103.051,95,169,172,148,146,7.10,9.81,-1.15,-3.90,-1.03,-3.37,1.10,7.05,3.04,-2.36,-2.65,-4.20,-1.43,6.28,1.91,-1.80,-3.92,-4.09,-2.82,6.49,0.70,-3.09,-4.78,-4.30,-0.83,8.26,-6.72,-4.68,-6.14,-1.44,0.98,0.31,-0.26,-169.07,-328.43,8.73,R
103.101,95,169,167,146,146,0.63,1.49,10.30,-5.30,0.47,-3.11,-1.13,10.34,2.93,-2.35,-3.02,-5.21,-2.52,11.10,0.39,-1.74,-4.33,-4.61,-0.77,13.74,-3.28,-2.43,-4.96,-4.04,0.64,10.66,-8.80,-3.40,-5.70,-0.91,0.81,0.44,0.03,-120.61,-314.09,-34.30,R
103.152,90,165,170,141,144,2.03,-0.28,8.04,-5.23,0.60,-3.12,-1.95,7.63,4.10,-2.50,-2.10,-4.62,-2.32,9.30,-0.01,-1.60,-3.39,-4.03,-1.76,8.77,-1.03,-2.34,-4.06,-3.50,0.60,5.40,-7.07,-3.65,-4.71,-0.59,0.79,0.36,0.16,-98.88,-287.78,-37.54,R
103.203,88,162,167,134,142,-0.96,1.51,10.12,-3.89,0.66,-2.83,-2.67,7.87,3.68,-2.22,-1.64,-4.68,-3.76,9.72,1.82,-1.65,-2.90,-4.44,-3.35,10.31,2.09,-2.24,-3.11,-3.88,-2.28,11.18,-2.54,-3.24,-4.34,-1.52,0.88,0.33,0.34,-39.61,-260.07,-50.29,R
103.254,86,160,166,129,138,-1.18,-3.09,10.23,-4.26,1.45,-1.51,-4.08,6.12,5.65,-2.53,-0.83,-3.79,-5.09,8.70,2.33,-1.54,-2.11,-3.54,-3.30,9.92,0.36,-2.69,-3.33,-2.94,-1.22,9.95,-4.97,-3.24,-3.78,-0.72,0.65,0.25,0.56,1.89,-240.72,-53.28,R
103.305,82,158,163,113,134,-0.84,-2.84,7.85,-3.55,1.06,-1.45,-4.52,4.44,6.67,-2.62,-0.52,-3.15,-5.92,5.99,5.60,-2.11,-2.19,-3.29,-5.17,6.68,6.72,-3.37,-3.37,-2.50,-3.58,10.31,1.90,-4.54,-4.19,-0.37,0.55,0.23,0.73,29.85,-228.88,-48.89,R
103.356,77,152,155,93,119,0.89,-4.75,7.85,-3.35,1.06,-1.07,-6.28,-0.12,7.56,-2.54,0.21,-2.93,-7.14,4.91,5.73,-2.17,-2.13,-3.05,-4.07,6.07,5.59,-3.27,-2.65,-2.31,-1.74,8.73,1.24,-3.53,-3.00,-0.52,0.27,0.13,0.86,39.79,-207.52,-49.62,R
103.407,73,147,144,81,106,-2.53,-8.22,9.29,-2.36,1.22,-0.58,-7.44,0.03,8.08,-1.97,-0.01,-1.86,-6.87,2.54,6.42,-2.00,-1.15,-1.79,-5.14,2.20,8.60,-2.84,-1.38,-1.35,-3.12,6.67,6.68,-2.85,-1.88,-0.10,0.24,-0.03,0.96,49.93,-122.01,-53.59,R
103.458,67,137,133,74,89,-3.30,-6.53,9.05,-1.06,1.16,-0.61,-7.52,-1.08,8.26,-0.53,-0.12,-1.87,-6.96,1.48,7.35,-0.74,-1.00,-1.47,-3.85,2.14,7.08,-1.36,-1.08,-1.14,-1.61,6.24,4.27,-1.60,-0.97,-0.46,0.14,-0.02,1.03,36.62,-67.87,-48.52,R
103.509,62,128,124,65,79,-5.62,-5.21,9.96,0.36,0.55,0.37,-7.08,0.70,8.27,0.02,0.07,-0.30,-5.95,2.48,7.76,0.23,-0.66,-0.43,-4.58,3.49,9.73,0.17,-0.46,-0.46,-2.69,9.61,7.87,0.01,-0.38,-0.46,0.21,-0.08,1.03,63.72,22.28,-41.50,R
103.559,57,119,108,53,65,-3.09,-5.10,7.97,0.73,0.22,0.21,-6.92,0.06,8.83,0.18,-0.42,-0.44,-7.80,3.92,10.12,0.06,-1.04,-0.32,-4.00,4.54,10.03,-0.51,-0.74,-0.19,-1.64,8.85,5.98,-0.70,-0.24,0.08,0.39,-0.13,1.04,30.27,-8.42,-19.96,R
103.612,56,112,92,42,58,-4.16,-5.47,10.33,1.28,-0.63,0.46,-6.19,1.16,8.49,0.21,-0.61,0.20,-6.89,1.25,9.47,-0.12,-1.22,0.52,-3.33,1.91,9.06,0.01,-0.40,0.31,-1.47,6.86,6.64,0.32,0.13,0.18,0.28,-0.10,0.98,43.70,26.73,-8.67,R
103.661,53,102,73,33,53,1.16,-5.71,9.73,1.03,-0.65,0.41,-6.15,-0.24,9.10,0.35,-0.58,0.23,-4.30,2.81,9.90,0.31,-0.92,0.32,-3.04,2.72,10.34,0.19,-0.27,0.37,-1.55,7.61,7.40,0.15,0.18,0.31,0.31,-0.16,0.96,24.66,18.49,1.95,R
103.713,54,92,61,27,48,-2.29,-4.30,9.78,1.35,-0.69,0.57,-4.42,-1.01,8.92,0.50,-1.08,0.39,-3.22,2.27,9.05,0.34,-0.97,0.53,-2.24,2.54,9.78,0.39,-0.35,0.44,-0.98,7.20,7.54,0.48,0.27,0.33,0.30,-0.10,0.99,21.00,32.23,8.54,R
103.764,54,74,50,22,47,-0.28,-4.42,7.44,0.84,-0.78,0.38,-3.04,-1.67,8.38,0.16,-1.00,0.14,-3.11,-1.26,10.25,-0.07,-0.88,0.20,-1.40,-1.08,9.64,-0.16,-0.31,0.01,-1.02,4.55,7.87,-0.14,-0.04,-0.17,0.22,-0.07,0.95,18.49,2.26,-4.58,R
103.814,48,63,43,20,47,-2.25,-4.03,8.28,1.19,-0.46,-0.34,-2.62,-1.65,7.24,0.55,-0.54,-0.48,-5.54,10.34,20.93,3.69,-1.59,-0.47,-0.51,9.29,7.21,-2.16,-1.08,0.86,1.53,1.06,3.49,-0.28,0.19,1.03,0.33,-0.15,1.17,36.93,23.07,-22.83,R
103.866,43,49,34,16,42,-0.98,-5.98,13.03,0.16,-0.23,-0.01,-2.36,-4.03,7.61,-0.17,-0.28,0.12,-1.05,0.22,8.93,-0.44,-0.05,0.09,-0.66,1.06,8.55,-0.32,0.01,0.01,-0.45,6.01,7.19,-0.50,0.22,-0.04,0.12,0.15,0.98,-23.38,-22.40,20.08,R
103.916,41,41,33,16,44,-0.76,-4.28,12.63,0.18,0.30,0.32,-4.08,-0.56,12.04,0.09,-0.32,-0.10,-0.74,1.28,10.65,-0.25,-0.32,0.20,-0.97,1.36,9.76,-0.16,0.01,0.20,-0.47,7.08,7.03,0.21,0.32,0.03,0.30,-0.20,1.01,20.02,6.71,-7.93,R
103.967,40,37,29,14,44,-0.52,-3.98,8.17,0.03,-0.13,-0.07,-2.88,-0.04,9.30,0.14,0.09,0.12,-1.36,1.73,9.86,0.02,0.06,0.15,-0.99,1.72,9.77,-0.06,0.20,0.19,-0.68,7.38,6.74,0.47,0.39,-0.01,0.26,-0.11,0.89,-6.53,3.05,0.85,R
104.019,39,35,28,14,46,-0.72,-2.66,8.96,-0.14,0.08,-0.15,-2.93,-0.27,9.51,-0.20,0.03,0.07,-1.41,1.35,9.67,-0.26,-0.02,0.11,-1.12,1.39,9.87,-0.07,0.07,0.06,-0.63,7.58,7.00,0.25,0.21,-0.05,0.34,-0.12,0.96,-1.40,-7.57,0.31,R
104.07,38,30,28,14,51,-0.31,-5.13,8.56,-0.21,0.11,-0.35,-3.19,-0.55,9.31,0.25,0.16,-0.04,-1.58,0.65,9.50,0.13,0.10,-0.02,-1.47,1.40,9.68,0.29,0.05,-0.04,-1.17,7.56,6.59,0.29,-0.14,0.07,0.29,-0.15,0.86,-15.87,10.56,-5.07,R
104.12,38,32,29,15,54,-1.22,-2.83,8.93,-0.02,-0.06,-0.54,-3.42,-0.26,9.26,-0.03,-0.21,-0.14,-1.86,1.53,9.55,0.01,-0.26,-0.16,-1.42,1.53,9.55,-0.15,-0.16,-0.14,-1.07,7.39,6.61,-0.30,-0.08,-0.05,0.39,-0.12,1.02,-8.36,-3.66,-4.15,R
104.172,36,31,30,17,52,-0.48,-4.23,9.29,-0.45,0.01,-0.13,-2.94,-0.52,9.50,0.14,0.01,-0.13,-1.30,1.50,9.74,0.14,-0.09,-0.14,-0.77,1.19,9.61,0.04,-0.06,-0.10,-0.49,6.68,6.87,-0.11,-0.06,-0.02,0.22,-0.06,0.96,-3.66,-0.98,-4.88,R
104.223,37,32,32,14,48,-0.22,-5.02,8.67,0.27,-0.09,-0.16,-2.95,-0.23,9.60,0.14,-0.16,-0.08,-1.49,1.57,9.57,0.05,-0.15,-0.08,-1.00,1.63,9.65,0.03,-0.06,-0.05,-0.73,7.48,6.54,-0.02,-0.05,-0.01,0.29,-0.12,1.00,-0.43,3.85,-5.00,R
104.274,38,32,33,14,48,-0.34,-3.54,9.07,0.04,0.07,-0.09,-2.93,-0.12,9.55,0.02,-0.12,-0.05,-1.31,1.42,9.65,-0.05,-0.14,-0.07,-1.05,1.62,9.61,-0.04,-0.09,-0.09,-0.72,7.10,6.78,-0.08,-0.03,-0.02,0.29,-0.11,0.95,5.43,-1.28,-3.05,R
104.326,37,34,34,17,48,-0.45,-4.24,8.90,0.06,-0.02,-0.08,-2.83,-0.45,9.50,0.03,-0.07,-0.03,-1.24,1.57,9.60,-0.01,-0.08,-0.02,-0.88,1.57,9.72,-0.04,-0.04,-0.01,-0.74,7.06,6.92,0.05,0.02,0.02,0.23,-0.11,0.97,1.53,2.50,-0.43,R
104.375,38,34,36,15,48,-0.26,-3.85,9.05,0.09,-0.02,-0.01,-2.74,-0.26,9.52,-0.03,-0.03,0.01,-1.22,1.59,9.63,-0.04,-0.04,-0.02,-0.93,1.60,9.73,-0.10,-0.03,-0.01,-0.71,7.15,6.86,-0.08,0.04,-0.01,0.33,-0.10,0.97,1.10,0.31,1.40,R
104.426,37,31,30,14,47,-0.33,-3.91,9.06,-0.13,0.03,0.02,-2.73,-0.30,9.47,-0.02,0.03,-0.01,-1.28,1.52,9.62,-0.04,0.02,-0.01,-0.93,1.50,9.65,-0.03,0.00,-0.01,-0.80,7.11,6.88,0.01,0.03,-0.01,0.28,-0.11,0.95,-0.18,-0.06,0.18,R
104.478,38,32,34,16,47,-0.34,-4.20,9.13,-0.03,0.02,0.03,-2.75,-0.31,9.51,0.00,0.02,0.01,-1.20,1.45,9.66,-0.04,0.00,0.00,-0.84,1.49,9.72,-0.01,0.03,0.01,-0.68,7.17,6.89,0.02,0.03,-0.00,0.31,-0.10,0.96,-0.12,3.30,1.10,R
104.528,37,31,35,14,47,-0.36,-3.86,9.12,-0.17,0.04,0.05,-2.71,-0.26,9.47,-0.04,0.01,0.01,-1.10,1.56,9.62,-0.08,-0.00,-0.00,-0.87,1.46,9.70,-0.00,0.03,-0.01,-0.66,7.04,6.83,0.02,0.03,-0.01,0.29,-0.10,0.96,0.31,-1.10,1.22,R
104.58,37,34,34,17,48,-0.37,-4.17,9.01,-0.01,0.02,0.00,-2.74,-0.45,9.50,-0.01,0.03,0.01,-1.27,1.44,9.66,-0.05,0.01,0.00,-0.90,1.42,9.73,-0.01,0.04,-0.01,-0.74,7.14,6.90,0.02,0.02,-0.00,0.30,-0.10,0.96,1.77,2.75,0.85,R
104.63,37,35,33,16,46,-0.48,-4.21,9.09,-0.02,0.03,0.01,-2.78,-0.52,9.43,0.01,0.03,0.02,-1.17,1.48,9.62,-0.04,0.00,0.02,-0.90,1.39,9.70,0.01,0.01,0.00,-0.62,7.23,6.86,0.02,-0.01,0.02,0.30,-0.10,0.96,0.37,1.28,0.12,R
104.681,39,37,35,17,48,-0.38,-4.14,9.15,-0.20,0.05,0.04,-2.71,-0.34,9.51,-0.04,0.03,0.01,-1.13,1.50,9.64,-0.07,0.01,0.01,-0.89,1.40,9.65,-0.01,0.01,-0.01,-0.62,7.08,6.85,0.02,0.00,-0.01,0.29,-0.10,0.96,0.73,-1.46,-0.06,R
104.733,37,37,33,14,48,-0.45,-4.28,9.00,0.05,0.02,0.01,-2.72,-0.27,9.53,0.03,0.03,0.01,-1.17,1.46,9.62,-0.04,0.02,0.02,-0.87,1.45,9.66,0.01,0.02,0.01,-0.69,7.17,6.86,0.04,0.00,0.02,0.30,-0.10,0.96,0.73,3.23,0.61,R
104.783,38,36,35,17,51,-0.37,-4.06,9.07,0.03,0.02,-0.01,-2.76,-0.42,9.52,-0.04,0.03,0.00,-1.15,1.36,9.60,-0.04,0.03,0.00,-0.94,1.48,9.66,-0.01,0.03,-0.01,-0.65,7.16,6.84,0.01,0.02,-0.01,0.30,-0.11,0.95,0.06,-0.67,0.49,R
104.834,37,35,35,17,49,-0.25,-4.79,8.93,-0.05,0.02,0.03,-2.73,-0.42,9.52,0.01,0.03,0.01,-1.26,1.32,9.68,-0.02,0.01,-0.00,-1.07,1.56,9.67,-0.01,0.02,0.00,-0.64,7.19,6.84,-0.03,0.02,0.00,0.30,-0.10,0.96,0.85,1.53,0.67,R
104.887,39,38,34,17,51,-0.42,-4.16,9.00,-0.01,0.03,-0.00,-2.75,-0.39,9.43,0.01,0.04,0.00,-1.26,1.38,9.66,-0.00,0.01,0.00,-1.01,1.39,9.68,-0.00,0.02,0.01,-0.70,7.13,6.82,0.02,0.02,-0.00,0.29,-0.10,0.96,0.85,1.71,0.55,R
104.937,37,36,36,16,50,-0.32,-4.61,8.89,-0.05,0.02,0.01,-2.76,-0.32,9.54,-0.02,0.03,0.00,-1.18,1.55,9.63,-0.04,0.00,0.00,-1.46,1.60,9.41,-0.02,0.03,0.00,-0.73,7.20,6.75,0.01,0.02,-0.01,0.30,-0.10,0.96,0.98,-0.18,0.61,R
104.987,38,36,37,15,48,-0.39,-4.09,8.94,0.01,0.02,-0.03,-2.72,-0.33,9.55,0.01,0.04,0.01,-1.27,1.39,9.64,-0.03,0.01,0.01,-0.99,1.43,9.72,-0.02,0.01,0.00,-0.68,7.17,6.80,0.01,0.02,-0.01,0.30,-0.10,0.96,0.06,0.98,0.49,R
105.039,37,36,34,17,48,-0.43,-4.14,9.11,0.03,0.02,-0.02,-2.76,-0.06,9.53,0.03,0.02,-0.01,-1.16,1.43,9.64,-0.03,0.00,0.01,-0.96,1.45,9.64,0.00,0.01,0.00,-0.70,7.32,6.79,0.00,0.02,-0.01,0.31,-0.10,0.96,0.55,0.06,0.24,R
105.089,39,36,35,17,48,-0.37,-4.35,9.00,-0.14,0.02,0.04,-2.76,-0.33,9.47,-0.03,0.03,0.00,-1.28,1.39,9.65,-0.04,0.02,-0.00,-0.96,1.52,9.68,-0.01,0.01,-0.00,-0.65,7.15,6.86,0.00,0.02,-0.02,0.30,-0.10,0.96,0.12,-0.24,0.00,R
105.141,37,36,34,16,48,-0.42,-4.24,9.10,0.01,0.02,-0.01,-2.72,-0.35,9.53,0.02,0.02,0.00,-1.26,1.45,9.73,-0.03,0.01,0.00,-0.96,1.47,9.67,-0.01,0.01,0.00,-0.68,7.19,6.83,0.01,0.03,-0.01,0.30,-0.10,0.96,0.55,0.79,0.06,R
105.191,38,34,34,17,48,-0.44,-4.21,8.95,-0.10,0.02,0.02,-2.72,-0.34,9.48,-0.04,0.02,-0.00,-1.22,1.40,9.64,-0.04,-0.00,0.00,-0.97,1.40,9.67,-0.03,0.01,0.00,-0.68,7.24,6.85,0.02,0.03,-0.01,0.30,-0.10,0.96,0.79,-1.16,-0.06,R
105.243,39,36,35,17,49,-0.46,-4.16,9.03,0.12,0.04,-0.06,-2.73,-0.41,9.47,0.01,0.02,-0.00,-1.24,1.44,9.60,-0.03,0.01,-0.01,-0.96,1.40,9.66,-0.04,0.01,-0.01,-0.68,7.15,6.90,-0.02,0.02,-0.02,0.31,-0.10,0.96,0.85,-0.06,-0.12,R
105.293,38,35,35,17,49,-0.46,-4.51,8.96,-0.01,0.03,-0.01,-2.77,-0.25,9.50,-0.00,0.03,0.00,-1.24,1.38,9.64,-0.03,0.02,0.01,-1.02,1.49,9.70,0.00,0.02,-0.00,-0.74,7.20,6.85,0.01,0.03,-0.01,0.30,-0.10,0.96,0.43,0.18,-0.31,R
105.345,37,35,36,17,48,-0.39,-4.91,8.83,-0.08,0.02,0.02,-2.82,-0.31,9.51,-0.02,0.02,-0.01,-1.24,1.33,9.68,-0.06,-0.00,-0.00,-0.90,1.40,9.71,-0.02,0.00,-0.01,-0.75,7.20,6.82,-0.01,0.02,-0.02,0.30,-0.10,0.96,1.10,-1.10,0.06,R
105.396,38,36,34,17,48,-0.42,-4.39,8.96,0.03,0.02,-0.01,-2.74,-0.38,9.49,-0.00,0.03,-0.00,-1.20,1.45,9.62,-0.03,0.01,0.00,-0.91,1.36,9.72,0.00,0.02,-0.00,-0.72,7.16,6.83,0.01,0.02,-0.01,0.31,-0.10,0.95,0.43,0.24,0.06,R
105.446,39,35,34,17,49,-0.52,-4.29,9.02,-0.08,0.03,0.01,-2.78,-0.29,9.49,-0.02,0.01,0.00,-1.21,1.44,9.69,-0.03,0.00,0.00,-0.94,1.47,9.80,-0.00,0.02,-0.00,-0.75,7.21,6.78,-0.01,0.02,-0.01,0.30,-0.10,0.96,0.98,-1.04,0.06,R
105.497,39,36,33,17,49,-0.38,-4.35,8.90,0.03,0.01,-0.02,-2.70,-0.36,9.45,-0.00,0.03,0.00,-1.26,1.38,9.62,-0.03,0.01,0.00,-1.00,1.45,9.68,-0.00,0.01,-0.00,-0.72,7.15,6.84,0.01,0.02,-0.00,0.30,-0.10,0.96,0.18,-0.06,0.06,R
105.55,37,34,36,17,49,-0.47,-4.38,9.00,-0.04,0.01,0.00,-2.72,-0.34,9.50,-0.01,0.02,0.00,-1.24,1.43,9.64,-0.03,-0.00,-0.00,-0.94,1.40,9.64,-0.01,0.01,0.00,-0.68,7.17,6.81,0.00,0.02,-0.01,0.30,-0.10,0.95,0.79,-0.18,0.24,R
105.599,38,35,34,18,49,-0.43,-4.36,9.00,0.06,0.03,-0.02,-2.73,-0.40,9.53,0.02,0.04,0.00,-1.25,1.38,9.62,-0.02,0.02,0.00,-0.94,1.48,9.65,-0.00,0.02,0.01,-0.71,7.11,6.84,0.00,0.02,-0.01,0.31,-0.10,0.96,0.18,0.73,0.37,R
105.651,39,37,34,17,49,-0.47,-4.19,9.06,-0.01,0.01,-0.01,-2.39,-0.05,9.66,0.08,-0.06,0.01,-1.20,1.45,9.65,-0.02,-0.00,0.00,-0.90,1.42,9.72,-0.00,0.01,0.00,-0.65,7.17,6.83,0.02,0.02,-0.01,0.30,-0.10,0.96,0.61,-0.43,0.24,R
105.702,39,35,36,18,50,-0.37,-5.18,8.76,-0.04,0.01,0.01,-2.84,-0.25,9.51,-0.01,0.04,0.00,-1.24,1.45,9.62,-0.03,0.01,0.01,-1.02,1.43,9.68,-0.01,0.01,-0.01,-0.72,7.13,6.89,-0.01,0.02,-0.01,0.31,-0.10,0.96,0.24,-0.12,0.12,R
105.752,38,34,34,16,48,-0.39,-4.70,8.88,0.03,0.01,-0.02,-2.73,-0.39,9.45,-0.03,0.02,-0.00,-1.22,1.34,9.66,-0.01,-0.01,-0.01,-0.95,1.45,9.73,-0.01,0.00,0.00,-0.73,7.14,6.82,-0.01,0.02,-0.01,0.30,-0.10,0.96,0.55,-0.43,0.12,R
105.803,38,34,33,19,48,-0.44,-4.52,8.90,-0.06,0.00,0.02,-2.76,-0.34,9.49,-0.01,0.00,0.00,-1.20,1.42,9.62,-0.04,-0.00,0.01,-1.03,1.44,9.71,-0.02,0.01,-0.00,-0.76,7.20,6.80,-0.01,0.02,-0.01,0.30,-0.10,0.96,0.79,-0.12,0.18,R
105.854,38,38,35,17,48,-0.49,-4.33,9.00,0.02,0.01,-0.01,-2.76,-0.27,9.46,0.02,0.03,0.00,-1.22,1.45,9.62,-0.03,0.00,-0.00,-0.96,1.43,9.64,-0.02,0.01,0.00,-0.77,7.12,6.90,-0.01,0.01,-0.00,0.30,-0.10,0.96,0.43,0.00,0.12,R
105.905,39,35,35,17,48,-0.42,-4.38,8.95,-0.09,0.02,0.04,-2.77,-0.35,9.52,-0.02,0.01,0.01,-1.24,1.41,9.67,-0.04,0.00,0.00,-1.02,1.43,9.65,-0.01,0.01,-0.01,-0.70,7.11,6.88,0.01,0.02,-0.01,0.30,-0.10,0.96,0.92,-0.12,0.00,R
105.956,38,35,34,16,48,-0.40,-4.79,8.80,0.07,0.03,-0.05,-2.76,-0.29,9.45,-0.02,0.03,-0.00,-1.29,1.36,9.65,-0.03,-0.00,-0.00,-0.93,1.46,9.69,-0.02,-0.00,-0.01,-0.71,7.18,6.81,-0.01,0.02,-0.01,0.30,-0.10,0.96,0.98,-0.24,0.00,R
106.007,37,34,35,17,48,-0.39,-4.36,8.96,-0.01,0.01,0.00,-2.77,-0.36,9.60,-0.01,0.03,0.01,-1.25,1.39,9.69,-0.02,0.01,0.01,-0.98,1.39,9.70,0.00,0.01,-0.00,-0.72,7.18,6.83,0.02,0.02,-0.01,0.30,-0.10,0.96,0.31,0.31,0.06,R
106.058,38,34,33,16,48,-0.41,-4.49,8.93,0.03,0.02,-0.02,-2.73,-0.39,9.43,-0.01,0.01,-0.01,-1.23,1.31,9.64,-0.04,0.00,0.00,-0.93,1.41,9.68,-0.01,0.01,-0.00,-0.79,7.14,6.88,0.00,0.02,-0.01,0.30,-0.11,0.96,1.46,0.00,0.06,R
106.11,37,34,34,16,48,-0.43,-4.27,8.99,0.02,0.02,-0.01,-2.83,-0.28,9.49,0.01,0.03,0.01,-1.26,1.41,9.68,-0.02,0.01,-0.01,-0.92,1.41,9.73,-0.01,0.01,0.00,-0.72,7.18,6.87,0.01,0.01,-0.01,0.30,-0.10,0.96,0.06,-0.12,-0.06,R
106.16,37,34,34,15,48,-0.47,-4.60,8.95,-0.04,0.02,0.01,-2.83,-0.35,9.50,-0.02,0.01,0.00,-1.22,1.40,9.61,-0.03,0.00,-0.00,-0.98,1.47,9.70,-0.01,0.01,-0.00,-0.73,7.14,6.80,0.00,0.03,-0.00,0.30,-0.10,0.96,0.92,-0.24,0.00,R
106.211,39,53,32,18,48,-0.46,-4.40,9.00,0.04,0.01,-0.02,-2.76,-0.29,9.48,-0.00,0.03,0.01,-1.24,1.32,9.65,-0.02,0.01,-0.00,-0.97,1.36,9.69,-0.01,0.01,0.00,-0.71,7.17,6.86,0.02,0.02,-0.00,0.30,-0.10,0.96,0.73,0.43,0.06,R
106.263,39,34,33,17,48,-0.41,-4.34,8.97,-0.03,0.02,-0.00,-2.77,-0.23,9.51,0.00,0.02,-0.00,-1.20,1.46,9.58,-0.03,-0.00,0.00,-0.95,1.39,9.74,-0.02,0.01,-0.00,-0.67,7.15,6.87,0.01,0.02,-0.02,0.30,-0.10,0.96,0.79,-1.04,0.06,R
106.314,39,35,34,18,48,-0.44,-4.40,8.92,0.08,0.02,-0.02,-2.75,-0.38,9.50,-0.00,0.03,0.00,-1.20,1.40,9.61,-0.03,0.01,0.00,-0.93,1.44,9.68,-0.01,0.02,-0.00,-0.70,7.11,6.87,0.00,0.02,-0.01,0.31,-0.10,0.96,0.61,0.06,0.24,R
106.365,39,34,33,18,49,-0.51,-4.30,9.04,0.00,0.02,-0.01,-2.76,-0.37,9.45,-0.00,0.02,0.01,-1.24,1.39,9.66,-0.02,0.01,0.00,-0.93,1.44,9.66,0.00,0.01,0.00,-0.70,7.15,6.82,0.03,0.03,-0.01,0.30,-0.10,0.96,0.43,0.06,0.12,R
106.415,38,35,35,17,48,-0.40,-4.63,8.89,0.07,0.02,-0.03,-2.74,-0.30,9.57,-0.01,0.02,-0.01,-1.19,1.36,9.68,-0.04,0.00,-0.00,-1.02,1.49,9.68,-0.01,0.00,-0.01,-0.79,7.12,6.89,0.00,0.02,-0.01,0.30,-0.10,0.96,1.10,0.00,-0.12,R
106.467,37,34,34,17,46,-0.45,-4.30,8.98,0.00,0.01,-0.01,-2.74,-0.32,9.46,-0.01,0.02,0.00,-1.22,1.42,9.65,-0.03,0.00,0.00,-0.97,1.47,9.70,-0.01,0.00,0.00,-0.76,7.19,6.88,-0.01,0.02,-0.01,0.30,-0.10,0.96,0.85,-0.79,-0.31,R
106.517,39,36,32,17,48,-0.39,-4.40,8.95,-0.03,0.01,0.00,-2.71,-0.26,9.53,0.01,0.02,-0.00,-1.20,1.32,9.67,-0.02,0.00,0.01,-0.89,1.37,9.65,-0.00,0.01,-0.00,-0.75,7.16,6.85,0.01,0.02,-0.02,0.30,-0.10,0.96,0.31,-0.24,-0.18,R
106.569,39,32,35,17,48,-0.34,-4.85,8.86,-0.01,0.01,-0.02,-2.77,-0.43,9.54,-0.01,0.03,-0.01,-1.24,1.39,9.60,-0.02,-0.00,-0.01,-0.89,1.51,9.68,-0.01,0.01,-0.01,-0.73,7.12,6.83,-0.01,0.02,-0.01,0.30,-0.10,0.96,0.79,-0.79,-0.18,R
106.619,37,32,30,16,47,-0.43,-4.59,8.90,-0.04,0.01,0.00,-2.77,-0.29,9.52,-0.02,0.02,-0.00,-1.16,1.36,9.70,-0.04,0.01,-0.00,-0.97,1.39,9.66,-0.00,0.02,0.00,-0.70,7.17,6.83,0.02,0.02,-0.01,0.29,-0.10,0.96,0.37,-0.18,0.06,R
106.671,39,32,34,18,50,-0.52,-4.47,8.95,-0.02,0.02,0.00,-2.84,-0.32,9.48,-0.02,0.01,0.00,-1.25,1.36,9.64,-0.04,-0.01,0.00,-0.99,1.36,9.72,-0.03,0.01,-0.01,-0.71,7.16,6.90,-0.00,0.02,-0.01,0.31,-0.10,0.96,1.53,-0.61,-0.06,R
106.721,38,34,32,16,48,-0.40,-4.54,8.91,0.03,0.02,-0.03,-2.70,-0.34,9.56,-0.01,0.03,-0.00,-1.23,1.36,9.62,-0.01,0.01,0.00,-0.90,1.37,9.69,-0.01,0.01,0.01,-0.74,7.13,6.81,0.02,0.02,-0.00,0.30,-0.10,0.96,0.18,0.49,0.12,R
106.772,37,31,35,17,48,-0.44,-4.36,8.98,-0.01,0.01,0.01,-2.77,-0.30,9.52,-0.00,0.02,0.01,-1.25,1.37,9.62,-0.03,0.00,0.01,-0.94,1.38,9.68,-0.00,0.01,0.01,-0.73,7.09,6.87,0.01,0.02,-0.01,0.30,-0.10,0.96,1.10,0.18,0.31,R
106.823,39,34,35,17,49,-0.41,-4.29,8.97,0.02,0.03,-0.01,-2.79,-0.37,9.48,-0.01,0.03,0.00,-1.24,1.37,9.64,-0.04,0.01,-0.01,-1.02,1.53,9.73,-0.01,0.01,-0.01,-0.70,7.10,6.90,-0.03,0.02,-0.01,0.30,-0.10,0.96,0.37,-0.98,0.06,R
106.875,38,32,34,15,46,-0.47,-4.42,9.05,0.05,0.02,-0.03,-2.72,-0.38,9.46,-0.01,0.03,0.00,-1.22,1.34,9.63,-0.03,0.01,0.01,-0.92,1.41,9.73,0.00,0.01,0.01,-0.68,7.12,6.91,0.02,0.01,-0.00,0.30,-0.10,0.96,0.67,0.92,0.18,R
106.926,37,32,34,17,47,-0.51,-4.53,8.96,-0.06,0.02,-0.00,-2.74,-0.24,9.52,-0.03,0.01,-0.00,-1.18,1.35,9.64,-0.05,0.00,0.00,-0.99,1.45,9.65,-0.01,0.00,-0.00,-0.77,7.08,6.88,-0.01,0.02,-0.01,0.28,-0.10,0.96,1.04,-2.08,-0.24,R
106.977,40,35,35,18,48,-0.41,-4.50,8.91,0.03,0.02,-0.01,-2.74,-0.28,9.52,0.01,0.02,0.00,-1.27,1.36,9.66,-0.03,0.00,-0.00,-0.91,1.50,9.72,-0.03,0.01,-0.01,-0.72,7.18,6.87,-0.03,0.02,-0.02,0.31,-0.10,0.96,0.55,-0.12,-0.06,R
107.027,39,34,33,17,49,-0.50,-4.36,8.99,-0.06,0.02,0.00,-2.73,-0.44,9.51,-0.03,0.01,0.01,-1.23,1.38,9.63,-0.03,0.01,0.01,-0.90,1.38,9.73,0.00,0.01,0.00,-0.69,7.15,6.85,0.02,0.02,-0.01,0.29,-0.10,0.96,0.61,0.12,-0.24,R
107.079,38,32,33,17,48,-0.38,-4.86,8.68,0.20,0.08,-0.16,-2.74,-0.27,9.49,-0.03,0.04,-0.02,-1.14,1.24,9.69,-0.05,-0.01,-0.03,-0.80,1.11,9.52,-0.05,-0.01,-0.01,-0.69,7.01,6.93,-0.04,0.01,-0.01,0.30,-0.11,0.96,1.71,-2.50,0.06,R
107.13,37,29,34,17,47,-0.45,-3.70,9.07,-0.03,0.02,-0.01,-2.72,-0.40,9.58,0.02,0.02,0.01,-1.21,1.29,9.68,-0.03,0.01,0.01,-0.97,1.51,9.74,0.01,0.02,0.01,-0.76,7.09,6.83,0.02,0.02,-0.00,0.31,-0.11,0.96,0.49,0.61,-0.24,R
107.181,39,34,34,17,48,-0.45,-4.62,8.93,-0.21,0.00,0.11,-2.72,-0.21,9.49,-0.01,0.01,0.00,-1.27,1.28,9.65,-0.04,-0.00,0.01,-0.96,1.42,9.68,-0.00,0.01,0.00,-0.68,7.17,6.85,0.01,0.01,0.00,0.29,-0.10,0.96,0.98,0.06,0.00,R
107.231,39,31,33,17,48,-0.52,-4.46,8.96,0.01,0.03,0.01,-2.76,-0.34,9.51,-0.02,0.02,-0.00,-1.28,1.35,9.68,-0.04,0.00,-0.00,-0.97,1.37,9.71,-0.02,-0.00,-0.00,-0.76,7.17,6.88,-0.01,0.02,-0.01,0.30,-0.10,0.96,0.98,-1.16,-0.06,R
107.283,39,35,34,17,49,-0.43,-4.70,8.84,0.01,0.02,0.00,-2.77,-0.35,9.50,-0.00,0.04,0.01,-1.24,1.43,9.64,-0.01,0.01,0.01,-1.02,1.44,9.70,0.01,0.01,0.00,-0.72,7.20,6.85,0.01,0.01,-0.00,0.29,-0.11,0.96,0.43,1.40,0.18,R
107.333,40,32,33,17,48,-0.43,-4.32,8.98,0.08,0.01,-0.05,-2.11,0.15,9.59,0.07,-0.07,0.01,-1.14,1.46,9.63,-0.02,-0.01,-0.01,-0.92,1.29,9.74,-0.03,0.01,-0.01,-0.61,7.10,6.94,0.01,0.02,-0.01,0.29,-0.10,0.96,1.46,-1.40,0.37,R
107.384,39,34,34,17,47,-0.51,-4.42,9.00,-0.05,0.01,0.02,-2.72,-0.23,9.47,0.01,0.02,0.01,-1.23,1.43,9.61,-0.02,0.01,0.00,-0.97,1.34,9.71,-0.01,0.01,0.00,-0.69,7.20,6.87,0.00,0.02,-0.01,0.30,-0.10,0.96,0.37,-0.24,0.06,R
107.435,39,31,33,17,48,-0.50,-4.36,8.99,0.01,0.00,0.00,-2.77,-0.34,9.53,-0.00,0.03,0.01,-1.30,1.39,9.63,-0.02,0.01,0.01,-1.01,1.46,9.72,0.00,0.01,-0.00,-0.71,7.22,6.89,0.00,0.01,-0.01,0.30,-0.11,0.96,0.73,0.79,-0.06,R
107.487,39,31,34,16,47,-0.45,-4.62,8.90,0.03,0.01,-0.03,-2.74,-0.32,9.55,-0.03,0.02,-0.00,-1.24,1.33,9.66,-0.04,0.00,-0.01,-0.89,1.40,9.74,-0.02,0.01,-0.00,-0.70,7.11,6.93,0.00,0.01,-0.00,0.28,-0.10,0.96,1.16,-0.98,0.00,R
107.537,41,34,36,17,48,-0.49,-4.50,8.95,-0.04,0.01,0.02,-2.75,-0.27,9.43,-0.00,0.02,0.01,-1.25,1.33,9.60,-0.03,0.00,-0.00,-0.94,1.44,9.63,-0.01,0.01,-0.00,-0.73,7.09,6.81,0.00,0.02,-0.01,0.30,-0.10,0.96,0.43,0.00,0.00,R
107.588,40,32,33,17,48,-0.50,-4.62,8.92,0.06,0.03,-0.04,-2.78,-0.36,9.56,-0.01,0.04,-0.00,-1.26,1.37,9.65,-0.02,0.02,0.00,-0.98,1.45,9.68,-0.00,0.01,0.00,-0.73,7.08,6.87,0.01,0.02,-0.01,0.30,-0.10,0.96,0.24,0.06,-0.06,R
107.639,39,34,32,16,48,-0.50,-4.37,8.94,-0.02,0.01,-0.01,-2.80,-0.33,9.46,-0.01,0.01,0.00,-1.17,1.35,9.64,-0.04,-0.00,0.00,-1.00,1.43,9.76,-0.01,0.02,-0.01,-0.72,7.18,6.94,0.00,0.02,-0.01,0.30,-0.11,0.96,0.85,-0.43,0.00,R
107.691,39,32,35,16,46,-0.47,-4.48,8.90,-0.04,0.02,0.01,-2.74,-0.25,9.53,0.01,0.03,0.00,-1.26,1.41,9.63,-0.02,0.01,0.00,-1.03,1.44,9.70,-0.01,0.01,-0.01,-0.73,7.10,6.93,-0.01,0.01,-0.01,0.30,-0.11,0.96,0.24,0.00,0.00,R
107.741,39,34,35,17,48,-0.57,-4.51,8.89,0.02,0.01,-0.01,-2.70,-0.34,9.46,-0.00,0.03,0.00,-1.19,1.38,9.66,-0.03,0.01,0.01,-0.97,1.36,9.66,-0.01,0.02,-0.00,-0.76,7.14,6.91,0.01,0.02,-0.01,0.30,-0.11,0.95,0.61,0.31,0.06,R
107.792,39,30,32,16,46,-0.45,-4.66,8.92,-0.02,0.01,-0.00,-2.72,-0.30,9.57,-0.02,0.02,0.00,-1.28,1.36,9.62,-0.03,0.00,-0.01,-0.96,1.35,9.73,-0.02,0.01,-0.00,-0.74,7.15,6.90,-0.01,0.02,-0.01,0.29,-0.10,0.96,0.79,-0.79,0.00,R
107.844,39,34,34,17,48,-0.50,-4.57,8.86,0.03,0.01,-0.01,-2.76,-0.33,9.47,0.01,0.03,0.00,-1.25,1.39,9.61,-0.02,0.01,0.00,-0.96,1.45,9.68,-0.01,0.02,-0.01,-0.71,7.17,6.89,-0.01,0.01,-0.00,0.30,-0.11,0.96,0.12,-0.12,0.06,R
107.894,41,31,34,18,48,-0.47,-4.47,8.95,0.01,0.02,-0.02,-2.72,-0.35,9.50,-0.02,0.02,0.00,-1.23,1.24,9.64,-0.04,0.01,0.00,-0.92,1.41,9.71,-0.00,0.01,-0.01,-0.76,7.13,6.85,0.01,0.02,-0.01,0.30,-0.10,0.96,0.31,-0.24,0.12,R
107.945,39,31,35,17,48,-0.49,-4.42,8.87,-0.05,0.02,0.01,-2.79,-0.37,9.53,-0.01,0.01,0.00,-1.26,1.39,9.63,-0.02,0.00,-0.01,-0.99,1.41,9.72,-0.01,0.01,0.01,-0.71,7.06,6.86,0.02,0.03,0.00,0.29,-0.11,0.96,1.22,0.06,0.00,R
107.996,39,32,33,18,50,-0.41,-4.44,8.97,0.05,0.01,-0.02,-2.79,-0.38,9.54,-0.00,0.03,0.00,-1.23,1.36,9.67,-0.03,0.01,0.01,-1.00,1.37,9.70,-0.01,0.01,-0.01,-0.66,7.07,6.90,0.00,0.02,-0.01,0.31,-0.11,0.96,-0.06,-0.43,0.00,R
108.048,40,32,35,17,49,-0.53,-4.30,8.94,0.06,0.02,-0.03,-2.71,-0.37,9.55,-0.01,0.01,-0.00,-1.24,1.35,9.67,-0.03,-0.01,0.01,-0.91,1.41,9.75,0.00,0.01,-0.00,-0.66,7.13,6.90,0.01,0.02,-0.01,0.29,-0.10,0.96,1.16,0.24,0.00,R
108.098,40,34,33,17,47,-0.49,-4.71,8.90,-0.05,0.01,0.02,-2.76,-0.29,9.50,0.00,0.03,0.01,-1.30,1.29,9.62,-0.01,0.01,0.00,-1.02,1.41,9.69,0.00,0.01,-0.00,-0.76,7.16,6.81,-0.01,0.01,-0.01,0.30,-0.11,0.96,0.37,-0.18,-0.12,R
108.149,38,38,34,16,47,-0.45,-4.46,8.92,0.04,0.01,-0.02,-3.06,-0.47,9.23,-0.08,0.03,-0.00,-1.17,1.40,9.60,-0.05,-0.01,0.00,-0.94,1.36,9.74,-0.01,0.01,-0.01,-0.70,7.15,6.93,0.01,0.02,-0.01,0.29,-0.10,0.96,0.92,-0.61,0.18,R
108.2,41,32,34,18,52,-0.40,-4.36,8.91,-0.06,0.01,0.02,-2.72,-0.34,9.51,-0.00,0.02,0.01,-1.27,1.39,9.65,-0.01,0.01,-0.00,-1.02,1.37,9.71,-0.01,0.01,0.00,-0.72,7.09,6.90,0.01,0.02,-0.01,0.29,-0.10,0.96,0.67,0.12,-0.06,R
108.251,39,32,34,16,48,-0.42,-4.53,8.90,0.04,0.00,-0.02,-2.73,-0.27,9.46,-0.01,0.03,-0.01,-1.24,1.30,9.67,-0.04,0.01,-0.00,-0.96,1.38,9.65,-0.02,0.01,-0.01,-0.71,7.14,6.88,-0.02,0.01,-0.01,0.30,-0.10,0.96,0.55,-0.67,0.24,R
108.303,38,32,32,17,46,-0.47,-4.30,9.00,-0.03,0.02,-0.01,-2.68,-0.29,9.47,-0.00,0.02,-0.01,-1.21,1.35,9.69,-0.04,0.01,0.00,-0.98,1.37,9.77,0.00,0.02,-0.00,-0.69,7.14,6.94,0.01,0.02,-0.01,0.29,-0.10,0.96,0.31,-0.61,-0.06,R
108.353,41,31,34,18,46,-0.46,-4.59,8.87,0.01,0.02,0.00,-2.74,-0.33,9.51,-0.00,0.03,0.00,-1.26,1.44,9.60,-0.03,0.00,0.00,-1.04,1.34,9.74,-0.01,0.01,0.00,-0.70,7.07,6.90,-0.00,0.01,-0.01,0.30,-0.10,0.96,0.43,0.55,0.12,R
108.404,40,35,33,17,48,-0.51,-4.58,8.94,-0.05,0.01,0.01,-2.78,-0.32,9.51,-0.01,0.03,-0.00,-1.20,1.35,9.64,-0.02,0.01,0.00,-0.91,1.44,9.71,-0.00,0.01,-0.00,-0.73,7.14,6.86,0.01,0.01,-0.01,0.29,-0.10,0.96,0.37,-0.67,-0.06,R
108.455,38,30,20,18,48,-0.49,-4.62,8.92,-0.08,0.00,0.04,-2.74,-0.24,9.49,-0.01,0.01,0.00,-1.27,1.37,9.72,-0.03,0.01,-0.00,-0.98,1.36,9.67,-0.02,0.01,0.00,-0.74,7.14,6.89,-0.00,0.01,-0.01,0.30,-0.10,0.96,0.85,0.06,0.12,R
108.506,38,32,34,17,48,-0.56,-4.44,8.94,0.00,0.02,-0.01,-2.82,-0.24,9.50,0.01,0.03,-0.01,-1.31,1.35,9.64,-0.04,0.00,0.00,-0.94,1.46,9.67,-0.02,0.01,-0.01,-0.71,7.06,6.87,-0.01,0.01,-0.01,0.30,-0.10,0.96,0.24,-0.31,-0.18,R
108.558,39,31,32,17,48,-0.48,-4.61,8.89,-0.06,0.01,0.02,-2.74,-0.31,9.50,-0.01,0.02,0.00,-1.31,1.33,9.66,-0.03,0.01,-0.00,-0.94,1.36,9.70,0.01,0.01,0.01,-0.76,7.17,6.90,0.02,0.02,-0.01,0.29,-0.11,0.96,0.49,0.61,0.06,R
108.608,39,32,34,18,48,-0.53,-4.82,8.86,0.01,0.01,-0.03,-2.73,-0.30,9.52,-0.03,0.02,-0.01,-1.22,1.35,9.67,-0.05,-0.01,-0.01,-0.95,1.37,9.74,-0.03,0.01,-0.01,-0.70,7.13,6.94,-0.01,0.02,-0.01,0.30,-0.10,0.96,1.16,-1.71,0.06,R
108.659,37,28,32,15,48,-0.47,-4.57,8.89,-0.05,0.01,0.02,-2.79,-0.25,9.43,0.00,0.03,0.01,-1.22,1.30,9.66,-0.01,0.01,0.01,-0.99,1.50,9.71,0.00,0.01,-0.00,-0.78,7.17,6.90,0.01,0.02,-0.01,0.30,-0.11,0.96,0.18,0.92,0.06,R
108.71,41,31,35,17,48,-0.53,-4.29,8.95,0.03,0.01,-0.03,-2.73,-0.23,9.53,-0.02,0.02,-0.01,-1.23,1.38,9.65,-0.05,0.00,0.00,-0.97,1.36,9.73,-0.01,0.02,-0.01,-0.73,7.05,6.92,0.01,0.02,-0.01,0.28,-0.10,0.96,0.98,-0.73,0.06,R
108.762,39,30,33,17,48,-0.51,-4.36,8.88,-0.04,0.01,0.01,-2.79,-0.24,9.47,0.00,0.02,-0.00,-1.26,1.42,9.64,-0.04,-0.01,0.00,-0.94,1.35,9.70,-0.02,0.01,-0.00,-0.70,7.01,6.93,0.01,0.02,-0.02,0.30,-0.10,0.96,0.98,-0.98,0.43,R
108.812,40,32,33,16,48,-0.44,-4.70,8.88,0.03,0.02,0.00,-2.73,-0.44,9.47,-0.01,0.04,0.01,-1.25,1.28,9.67,-0.02,0.02,0.01,-0.92,1.39,9.73,0.01,0.02,-0.01,-0.65,7.05,6.90,0.03,0.04,-0.03,0.29,-0.10,0.96,0.49,0.85,0.98,R
108.863,39,30,34,17,48,-0.53,-4.50,8.97,0.01,0.02,0.04,-2.82,-0.25,9.57,0.02,0.07,0.04,-1.34,1.30,9.72,0.01,0.05,0.02,-1.03,1.41,9.76,0.09,0.04,0.00,-0.79,7.13,6.93,0.15,0.04,-0.03,0.28,-0.11,0.98,1.71,4.64,1.53,R
108.914,39,35,35,19,52,-0.29,-4.39,8.93,0.03,0.03,0.13,-2.71,-0.37,9.89,0.16,0.42,0.13,-1.24,1.20,9.74,0.19,0.46,0.01,-0.98,1.13,9.75,0.46,0.27,-0.03,-0.78,7.09,6.88,0.49,0.08,-0.12,0.29,-0.11,0.97,-11.11,8.48,3.36,R
108.966,37,47,43,21,61,-0.98,-4.52,9.20,0.14,-0.09,0.54,-4.54,-0.30,12.43,0.41,0.73,0.49,-2.16,1.17,10.07,0.74,1.23,0.05,-1.41,1.11,10.18,1.35,0.83,-0.11,-1.04,7.23,6.57,1.22,0.15,-0.12,0.25,-0.12,1.03,-18.19,29.11,9.89,R
109.017,37,54,68,36,71,-1.40,-6.39,13.97,-0.06,-0.59,1.09,-4.89,0.46,12.03,1.07,0.10,0.24,-5.79,2.77,18.16,1.60,2.03,0.16,-3.24,0.78,11.55,3.57,2.52,-1.11,-2.26,7.25,6.02,4.19,-0.22,-1.89,0.37,-0.18,1.11,-49.87,52.86,27.28,R
109.068,37,71,101,70,80,-2.32,-7.75,18.61,1.57,-1.58,-0.03,-5.93,1.85,12.64,1.89,0.15,0.78,-5.77,6.10,9.10,3.06,0.82,0.55,-4.58,8.58,7.78,3.48,0.89,0.70,-2.95,21.27,-1.07,4.43,0.34,-0.13,0.66,-0.08,1.15,-94.48,157.65,42.11,R
109.118,38,90,115,90,90,-0.70,-5.33,12.38,3.40,-2.08,-0.77,-4.73,4.02,9.79,3.47,0.17,1.47,-4.70,8.16,7.71,3.48,1.08,1.81,-4.05,10.42,5.33,3.87,1.61,2.03,-2.90,9.86,-0.68,4.20,2.10,1.01,0.80,0.07,0.87,-70.50,228.27,53.65,R
109.17,37,106,129,88,99,-0.83,1.50,10.00,3.97,-1.33,-0.30,-3.77,7.52,6.10,3.76,0.96,2.33,-4.07,9.47,2.28,3.52,2.22,2.58,-3.00,11.72,0.64,3.57,2.41,2.51,-1.78,9.83,-6.23,3.74,3.31,0.71,0.83,0.17,0.54,-25.88,241.52,67.20,R
109.22,38,117,139,88,102,1.89,2.64,7.60,4.66,-0.90,1.03,-1.86,8.63,2.50,3.71,1.62,3.34,-2.93,9.57,-0.74,3.14,2.95,2.99,-3.10,9.28,-1.37,3.23,3.53,2.55,-2.14,7.96,-7.25,4.10,4.00,-0.26,0.87,0.20,0.28,62.81,253.54,72.02,R
109.271,40,127,139,89,102,2.94,3.59,6.15,4.23,-0.13,2.14,-2.02,9.96,0.77,2.87,3.24,3.50,-3.32,10.20,-1.76,2.37,4.41,2.71,-3.20,9.52,-2.18,2.21,5.11,2.22,-2.41,6.80,-6.81,2.81,4.98,-1.30,0.86,0.24,0.15,131.16,214.60,77.94,R
109.323,42,137,145,92,106,1.79,5.87,4.79,3.43,0.97,3.18,-1.53,9.21,-0.35,0.75,4.15,3.21,-2.63,8.81,-2.72,0.66,4.91,2.19,-2.82,8.41,-2.88,0.65,5.19,1.52,-2.34,5.46,-6.88,1.62,4.86,-1.93,0.87,0.29,0.08,192.75,169.80,70.92,R
109.374,43,139,149,100,113,2.08,4.49,5.10,2.62,1.78,4.06,-2.66,7.28,-0.78,0.10,4.90,2.69,-3.48,6.16,-2.40,-0.36,5.37,1.31,-4.23,6.29,-3.31,-0.06,6.04,0.49,-3.62,3.93,-5.76,0.99,5.11,-3.63,0.90,0.32,0.03,247.01,123.29,51.94,R
109.425,42,140,151,104,116,2.58,4.71,4.26,1.39,2.38,3.78,-2.73,5.59,-0.02,-1.02,5.45,1.29,-4.63,4.64,-0.47,-1.53,5.59,-0.20,-5.34,4.90,1.56,-1.15,6.03,-1.17,-3.87,6.96,-1.55,-0.71,3.99,-4.65,0.89,0.32,0.04,251.53,26.31,29.24,R
109.476,38,149,152,110,118,0.37,3.57,4.11,-0.20,3.58,3.98,-4.92,5.01,-0.61,-2.42,5.92,0.20,-5.03,4.75,-1.35,-2.81,5.62,-1.09,-4.43,5.24,-1.58,-2.21,4.78,-1.80,-3.13,3.21,-4.69,-1.39,3.06,-4.46,0.79,0.32,0.11,286.19,-22.64,26.25,R
109.526,34,157,164,110,116,-0.62,1.21,7.67,-0.89,4.25,3.91,-6.78,4.14,-0.27,-2.08,6.80,0.20,-6.37,4.23,-2.89,-1.74,7.15,-1.09,-6.44,5.50,-2.51,-1.07,5.98,-1.86,-5.39,5.04,-6.04,-0.29,3.86,-5.28,0.66,0.28,0.16,308.65,7.57,13.92,R
109.577,32,168,173,115,114,-1.83,2.04,12.36,0.65,3.10,4.01,-9.87,5.08,4.32,-0.26,5.86,0.51,-10.88,6.03,3.04,-0.15,5.75,-0.86,-10.63,8.04,2.65,0.34,5.72,-1.84,-8.71,10.60,-2.66,0.74,3.45,-4.93,0.82,0.11,0.24,283.39,68.24,-6.10,R
109.629,26,161,171,120,109,-1.02,-1.53,12.06,0.33,2.38,3.25,-13.32,5.18,8.40,-0.63,3.44,0.16,-14.35,8.12,5.64,-0.38,4.16,-0.60,-12.63,10.82,6.11,-0.23,3.58,-1.05,-9.62,13.28,-1.44,0.12,2.13,-2.46,1.01,-0.15,0.43,149.66,29.85,-9.34,R
109.68,20,159,168,123,109,-0.52,-3.60,13.80,-0.30,0.98,0.52,-11.73,5.89,6.56,-0.32,1.70,0.17,-11.27,7.32,4.30,-0.41,1.27,0.05,-9.01,7.60,2.71,-0.27,0.28,0.15,-6.80,7.08,-3.93,0.05,-0.12,0.30,0.98,-0.17,0.42,4.94,12.88,-4.52,R
109.731,22,171,182,124,108,-2.21,2.98,9.14,0.16,0.40,-0.78,-7.81,5.71,1.69,0.18,0.01,-0.19,-6.98,5.78,-0.06,0.37,-0.49,-0.15,-6.75,6.60,-1.42,0.48,-0.63,-0.27,-5.38,5.71,-5.90,0.36,-0.66,0.01,0.98,-0.06,0.36,-21.12,-4.09,-20.20,R
109.782,22,173,176,122,108,-2.06,2.06,10.05,0.03,0.19,-0.68,-7.52,8.49,1.08,0.18,0.18,-0.29,-6.88,9.37,-0.82,0.22,-0.42,-0.08,-6.08,9.21,-1.37,0.56,-0.51,-0.01,-4.31,7.99,-6.29,0.12,-0.38,0.45,0.90,0.01,0.31,-36.01,-9.52,-9.64,R
109.833,21,178,176,123,110,-1.07,3.08,10.28,0.09,-0.59,-0.89,-7.40,7.86,3.31,0.37,-1.10,0.06,-7.27,8.26,1.63,0.33,-1.12,0.31,-6.84,8.77,0.94,0.33,-1.19,0.40,-4.89,8.75,-4.87,-0.03,-0.77,1.19,0.99,0.07,0.29,-67.38,-9.22,-2.87,R
109.884,23,176,176,124,112,-0.17,1.55,10.36,-0.23,-0.90,-1.54,-7.08,6.95,3.22,0.18,-1.73,-0.23,-7.12,7.70,1.10,0.29,-1.89,0.25,-5.81,7.82,0.57,0.17,-1.84,0.57,-4.93,7.34,-4.83,-0.12,-1.31,1.73,0.99,0.11,0.30,-111.69,-30.94,-8.18,R
109.935,24,178,176,124,116,-0.92,2.89,10.18,-0.36,-1.15,-2.09,-6.95,7.27,2.92,0.48,-2.49,-0.40,-6.73,8.04,0.40,0.56,-2.65,0.33,-5.97,8.14,-0.72,0.56,-2.59,0.64,-4.70,6.92,-5.65,0.14,-1.76,2.12,0.93,0.11,0.30,-132.14,-31.19,-10.93,R
109.986,27,175,172,126,120,-4.71,2.13,8.64,-0.34,-1.05,-2.38,-5.43,5.77,1.52,0.98,-2.85,-0.33,-5.67,3.94,-0.07,0.56,-2.71,0.16,-6.68,6.35,1.62,1.21,-2.47,0.64,-5.77,7.50,-2.74,0.70,-1.96,1.99,0.97,0.11,0.22,-162.66,-34.06,-33.57,R
110.037,29,173,168,126,124,-0.52,0.83,7.64,-0.62,-1.25,-3.83,-6.97,5.50,2.73,1.42,-3.16,-1.69,-7.13,7.10,0.40,1.60,-3.69,-0.77,-6.77,7.98,0.00,1.05,-3.93,-0.46,-4.91,7.84,-4.61,0.27,-3.55,1.99,0.91,0.17,0.30,-203.67,-83.62,-58.96,R
110.088,31,173,164,124,123,-0.79,0.13,9.12,-1.55,-0.75,-3.63,-6.64,5.98,2.13,0.89,-3.10,-1.68,-7.38,6.23,1.35,1.01,-3.79,-0.76,-7.45,6.73,1.52,0.89,-4.67,-0.27,-6.03,7.22,-2.87,-0.18,-4.23,2.38,0.85,0.21,0.33,-187.44,-117.25,-70.50,R
110.139,39,171,163,121,122,-1.05,2.37,8.23,-1.68,-1.05,-4.40,-6.83,5.42,2.52,0.79,-3.55,-2.89,-7.17,6.70,-0.27,0.83,-4.40,-1.81,-7.16,6.99,0.44,0.07,-4.86,-1.35,-5.53,8.00,-3.91,-0.95,-4.83,1.57,0.80,0.22,0.39,-205.02,-155.33,-76.54,R
110.19,49,171,163,120,124,-0.49,-0.45,8.10,-2.36,-0.84,-4.03,-6.79,5.11,3.53,0.26,-3.94,-3.24,-7.98,5.38,2.83,-0.09,-4.89,-2.29,-8.09,6.20,2.81,-0.71,-5.69,-1.49,-7.15,8.37,-1.20,-1.93,-5.76,2.02,0.67,0.27,0.49,-165.71,-191.47,-85.33,R
110.241,51,169,160,113,120,-0.04,-2.15,7.63,-3.39,0.29,-3.31,-5.53,4.31,2.71,-0.39,-3.03,-4.12,-6.00,5.28,0.12,-0.49,-3.99,-3.27,-6.53,6.46,1.24,-1.57,-4.98,-2.78,-5.37,7.11,-2.86,-2.89,-5.73,0.59,0.64,0.27,0.59,-147.09,-225.22,-90.52,R
110.292,55,167,160,110,116,-0.25,-2.07,7.06,-3.92,0.09,-3.23,-7.23,4.61,4.77,-0.98,-2.53,-4.74,-7.28,6.83,2.44,-0.86,-3.43,-3.96,-6.52,8.90,4.21,-1.92,-4.21,-3.12,-3.85,10.16,-1.86,-3.06,-4.85,-0.08,0.51,0.25,0.64,-111.63,-254.82,-87.28,R
110.343,55,163,158,105,113,-0.67,-5.35,8.45,-4.18,1.20,-2.17,-5.56,3.99,5.57,-1.41,-1.79,-3.70,-6.15,6.01,4.14,-1.37,-2.41,-3.10,-4.37,6.22,3.83,-2.21,-3.11,-2.24,-2.27,7.75,-1.55,-3.13,-3.67,0.21,0.30,0.31,0.80,-59.51,-206.12,-66.35,R
110.394,53,159,158,99,108,-0.46,-5.88,9.25,-2.91,0.98,-1.36,-5.97,1.85,7.07,-1.31,-0.68,-2.68,-5.07,4.61,5.09,-0.91,-1.49,-2.32,-3.20,6.68,5.47,-1.98,-2.52,-1.59,-1.13,8.53,1.77,-2.31,-2.38,-0.12,0.31,0.29,0.93,-10.74,-138.98,-56.21,R
110.445,52,156,150,86,99,-1.11,-5.76,9.94,-1.00,1.12,-0.12,-5.58,2.07,7.46,-0.77,-0.26,-0.95,-6.17,3.80,7.01,-0.59,-1.41,-0.85,-3.09,3.57,8.24,-1.39,-3.24,-0.33,-1.78,8.72,6.36,-1.16,-2.23,0.58,0.27,0.23,1.01,58.90,-33.33,-51.33,R
110.496,48,149,133,62,79,-0.45,-6.99,9.94,0.10,0.99,-0.14,-6.54,-1.27,9.90,0.16,-0.23,-0.89,-7.92,3.14,8.94,0.36,-2.31,-0.90,-1.66,4.99,9.73,-0.84,-2.02,-0.73,0.66,9.23,4.52,-1.21,-1.48,0.08,0.37,0.17,1.03,37.23,-25.51,-44.80,R
110.546,51,141,114,44,64,-0.35,-7.38,8.55,-0.03,1.07,0.15,-5.03,0.77,8.85,-0.12,-0.46,-0.37,-3.87,1.58,7.95,-0.69,-1.18,-0.21,-1.21,1.04,9.40,-0.66,-0.60,-0.18,-0.07,5.98,6.29,-0.94,-1.06,0.35,0.32,0.15,1.02,51.70,-4.09,-37.72,R
110.598,51,127,97,32,51,-1.05,-6.01,8.70,0.90,0.64,0.05,-6.14,0.01,9.01,0.19,-0.86,-1.05,-3.02,2.61,9.33,0.11,-1.66,-0.88,0.24,4.14,10.41,-0.12,-0.19,-0.74,0.60,10.63,7.08,-0.22,-0.16,-0.55,0.24,0.02,1.00,62.07,-13.06,-46.39,R
110.648,55,114,82,25,44,-1.33,-8.09,8.90,0.68,0.46,0.02,-5.32,-0.87,9.99,0.15,-0.57,-0.19,-4.69,0.82,10.46,-0.04,-1.61,-0.01,-1.39,1.13,10.17,-0.36,-0.29,-0.09,-0.10,6.23,7.34,-0.17,-0.02,-0.20,0.36,0.00,1.09,39.67,19.78,-25.51,R
110.699,54,102,64,16,40,-4.02,-5.40,8.17,1.30,-0.14,0.15,-4.87,-1.83,9.10,0.36,-0.69,-0.58,-4.02,1.85,8.96,0.08,-1.01,-0.58,-0.49,2.62,9.30,-0.00,0.18,-0.49,-0.02,7.26,6.47,0.28,0.78,-0.96,0.24,-0.05,0.99,60.55,-4.27,-38.33,R
110.75,52,85,47,14,40,-0.45,-6.90,12.04,1.83,-0.04,-0.09,-4.01,-1.97,10.46,1.06,-0.91,-0.32,-1.02,2.25,11.34,0.67,-0.65,-0.36,-0.53,1.85,10.75,0.51,0.07,-0.37,0.03,8.06,8.41,0.88,0.36,-0.72,0.31,-0.07,1.04,34.73,48.52,-27.10,R
110.801,51,61,38,13,39,-1.30,-4.89,10.01,1.56,0.09,-0.41,-3.30,0.23,9.17,0.57,-0.48,-0.58,-1.66,3.12,8.60,0.27,-0.01,-0.64,-0.50,3.54,8.78,-0.11,0.66,-0.43,1.23,7.64,4.95,0.20,0.80,-0.91,0.42,-0.06,1.01,29.66,19.41,-26.98,R
110.853,42,41,28,8,36,-0.52,-1.34,9.80,-0.50,0.62,-0.03,-3.69,-4.05,8.25,-0.26,-0.34,-0.12,-1.69,2.42,9.17,-0.14,-0.41,-0.16,-0.88,2.07,9.66,-0.44,-0.06,-0.16,-0.90,7.92,7.51,-0.90,0.42,-0.09,0.44,-0.18,0.92,-1.34,-29.36,-1.22,R
110.903,44,36,30,10,38,-0.44,-5.60,9.20,-0.36,0.05,-0.10,-2.78,-0.79,9.32,-0.06,-0.17,-0.06,-1.00,1.26,9.72,-0.17,-0.18,-0.00,-0.66,1.54,9.84,-0.06,0.01,0.00,-0.40,6.73,7.27,0.12,0.16,0.08,0.19,-0.08,1.00,6.35,13.06,-5.55,R
110.954,41,32,29,11,38,-0.59,-3.98,9.21,0.09,0.05,0.02,-2.77,-0.50,9.68,0.06,-0.07,0.05,-1.12,1.33,9.65,-0.06,0.00,0.02,-0.74,1.44,9.71,-0.02,0.04,-0.01,-0.69,6.89,7.18,0.03,0.04,-0.01,0.36,-0.10,0.95,-3.17,1.22,-1.04,R
111.005,42,34,28,10,40,-0.36,-4.41,8.83,-0.19,-0.02,-0.04,-2.71,-0.54,9.49,-0.06,0.06,-0.06,-0.98,1.39,9.66,-0.08,-0.03,-0.06,-0.67,1.23,9.81,-0.03,0.02,-0.08,-0.58,6.67,7.27,0.01,0.01,-0.05,0.28,-0.10,0.95,-0.31,-3.11,-2.44,R
111.057,42,34,30,12,41,-0.54,-4.48,8.87,-0.07,0.12,-0.06,-2.77,-0.49,9.44,-0.09,0.20,0.00,-1.08,1.39,9.64,-0.02,0.01,-0.03,-0.61,1.28,9.77,0.02,0.05,-0.06,-0.59,6.91,7.24,0.03,-0.00,-0.04,0.30,-0.09,0.98,1.28,1.28,-1.40,R
111.107,43,40,30,11,42,-0.63,-4.13,8.93,-0.23,0.21,-0.22,-2.85,-0.48,9.43,0.06,0.14,-0.05,-1.08,1.43,9.69,-0.04,0.02,-0.05,-0.65,1.37,9.74,-0.01,0.01,-0.05,-0.51,6.82,7.20,-0.02,-0.01,-0.03,0.29,-0.08,0.96,0.12,-0.92,-3.11,R
111.16,44,41,30,10,42,-0.74,-3.79,8.89,-0.02,0.09,-0.04,-2.98,-0.58,9.32,0.01,0.07,-0.01,-1.11,1.48,9.66,-0.02,0.01,-0.01,-0.71,1.37,9.71,-0.01,0.03,-0.03,-0.59,6.90,7.19,0.02,-0.01,-0.02,0.30,-0.10,0.95,-2.08,-1.10,-1.65,R
111.209,46,45,30,11,42,-0.62,-4.45,8.95,-0.07,0.02,0.01,-2.86,-0.59,9.48,0.01,-0.00,0.00,-1.09,1.35,9.68,-0.05,0.00,0.01,-0.67,1.35,9.72,-0.01,0.03,-0.01,-0.59,6.88,7.19,0.03,0.01,-0.01,0.30,-0.10,0.96,1.71,0.92,-0.98,R
111.26,46,43,30,11,42,-0.46,-4.75,8.85,-0.08,0.02,0.01,-2.85,-0.47,9.47,0.02,0.03,0.01,-1.06,1.33,9.64,-0.04,0.02,0.01,-0.73,1.44,9.75,0.02,0.03,0.00,-0.51,6.79,7.22,0.05,0.00,0.01,0.29,-0.09,0.96,0.49,1.95,-0.73,R
111.311,44,45,29,9,42,-0.64,-4.22,8.95,0.05,0.04,-0.03,-2.88,-0.50,9.45,-0.01,0.06,-0.00,-1.03,1.46,9.67,-0.02,0.01,-0.01,-0.68,1.39,9.69,-0.01,0.03,-0.01,-0.49,6.84,7.15,0.01,0.01,-0.02,0.30,-0.09,0.96,0.12,0.37,-0.55,R
111.362,46,45,30,11,42,-0.65,-4.50,8.96,-0.04,0.04,0.01,-2.93,-0.58,9.45,0.03,0.03,0.00,-1.17,1.41,9.71,-0.02,0.02,0.01,-0.67,1.38,9.70,0.01,0.04,0.01,-0.47,6.89,7.13,0.06,0.01,0.01,0.30,-0.10,0.96,0.18,3.54,0.31,R
111.414,46,45,32,11,43,-0.44,-5.05,8.72,-0.03,0.01,0.01,-2.94,-0.45,9.44,-0.03,0.03,-0.00,-1.03,1.47,9.67,-0.06,0.01,-0.00,-0.72,1.47,9.71,-0.02,0.02,-0.01,-0.60,6.84,7.19,-0.01,0.01,-0.01,0.31,-0.09,0.96,0.12,-0.24,0.06,R
111.464,45,47,29,11,43,-0.62,-4.58,8.91,-0.02,0.02,0.00,-2.88,-0.50,9.48,0.01,0.02,0.00,-1.13,1.43,9.68,-0.02,0.00,0.00,-0.73,1.34,9.75,0.01,0.02,-0.00,-0.50,6.77,7.15,0.02,0.01,-0.00,0.30,-0.09,0.96,0.12,1.40,0.67,R
111.516,44,46,32,11,41,-0.67,-4.46,8.89,-0.02,0.00,-0.00,-2.87,-0.52,9.46,-0.03,0.02,-0.00,-1.04,1.42,9.64,-0.03,-0.01,-0.01,-0.77,1.45,9.76,-0.01,0.01,-0.00,-0.57,6.76,7.20,0.00,0.01,-0.01,0.30,-0.09,0.96,0.37,-0.67,0.18,R
111.566,45,42,30,11,42,-0.69,-4.50,8.84,-0.00,0.02,-0.01,-2.94,-0.47,9.45,-0.01,0.03,-0.00,-1.16,1.39,9.66,-0.04,0.01,-0.00,-0.73,1.34,9.69,0.01,0.03,-0.01,-0.50,6.93,7.16,0.05,0.02,-0.02,0.30,-0.09,0.95,0.67,0.67,1.04,R
111.617,45,42,30,11,42,-0.71,-4.53,8.92,0.00,0.02,-0.01,-2.91,-0.52,9.44,-0.03,0.03,0.00,-1.07,1.47,9.63,-0.01,0.01,-0.01,-0.75,1.33,9.69,0.00,0.02,-0.01,-0.57,6.90,7.17,0.01,0.03,-0.02,0.31,-0.09,0.96,0.61,-0.31,0.49,R
111.668,44,45,32,12,42,-0.56,-4.64,8.83,-0.03,0.01,-0.00,-2.95,-0.76,9.42,-0.02,0.03,-0.00,-1.15,1.48,9.59,-0.03,0.03,-0.01,-0.80,1.43,9.68,0.00,0.02,0.00,-0.58,6.91,7.20,0.02,0.02,-0.01,0.30,-0.09,0.96,0.24,0.18,0.24,R
111.719,46,43,32,12,43,-0.68,-4.49,8.94,-0.01,0.02,-0.01,-2.94,-0.52,9.38,0.01,0.03,-0.01,-1.16,1.47,9.65,-0.04,0.01,-0.00,-0.71,1.30,9.74,-0.01,0.02,-0.01,-0.50,6.83,7.12,0.01,0.02,-0.02,0.31,-0.09,0.96,-0.18,-0.67,0.00,R
111.772,45,43,32,14,42,-0.65,-4.69,8.85,-0.04,0.02,0.01,-2.95,-0.53,9.40,-0.01,0.03,-0.00,-1.12,1.39,9.65,-0.01,0.04,0.01,-0.79,1.40,9.71,0.00,0.02,-0.01,-0.58,6.90,7.16,0.04,0.03,-0.02,0.31,-0.09,0.96,0.31,0.18,0.06,R
111.822,46,43,33,11,43,-0.66,-4.53,8.86,-0.02,0.02,-0.01,-2.93,-0.56,9.41,0.01,0.03,-0.01,-1.15,1.46,9.63,-0.03,0.01,-0.00,-0.75,1.41,9.70,-0.01,0.01,-0.01,-0.57,6.79,7.13,-0.00,0.02,-0.01,0.30,-0.09,0.95,0.49,-0.67,-0.06,R
111.873,43,42,30,12,41,-0.74,-4.47,8.93,-0.06,0.02,0.01,-2.94,-0.58,9.41,0.01,0.03,0.00,-1.11,1.47,9.68,-0.02,0.01,-0.00,-0.79,1.42,9.78,-0.01,0.01,-0.00,-0.55,6.89,7.15,-0.00,0.02,-0.01,0.31,-0.09,0.96,-0.18,-0.37,0.18,R
111.923,43,43,33,12,43,-0.54,-4.56,8.88,0.00,0.02,-0.01,-2.94,-0.57,9.40,-0.00,0.03,-0.00,-1.15,1.34,9.68,-0.03,0.01,0.00,-0.82,1.52,9.69,0.00,0.01,-0.00,-0.50,6.86,7.13,0.01,0.02,-0.01,0.30,-0.09,0.96,0.37,0.31,0.06,R
111.974,46,43,32,14,44,-0.61,-4.67,8.77,-0.02,0.00,-0.01,-2.93,-0.56,9.43,0.00,0.03,-0.01,-1.07,1.44,9.63,-0.03,0.01,-0.01,-0.76,1.40,9.68,0.00,0.02,-0.01,-0.51,6.86,7.21,0.01,0.02,-0.01,0.30,-0.08,0.96,0.00,-0.73,0.12,R
112.026,45,45,33,12,44,-0.65,-4.55,8.85,-0.04,0.01,0.01,-2.94,-0.44,9.46,-0.01,0.02,0.00,-1.18,1.36,9.66,-0.03,0.01,-0.00,-0.73,1.36,9.71,-0.02,0.01,-0.00,-0.54,6.88,7.13,-0.01,0.03,-0.02,0.30,-0.08,0.96,0.79,-0.79,0.12,R
112.076,45,42,33,12,42,-0.68,-4.60,8.82,0.00,0.01,-0.00,-2.96,-0.56,9.42,-0.00,0.02,0.01,-1.16,1.45,9.71,-0.03,0.01,0.00,-0.76,1.37,9.73,-0.01,0.01,0.00,-0.53,6.89,7.17,0.00,0.01,-0.01,0.31,-0.09,0.96,0.00,0.55,0.06,R
112.127,44,41,29,13,42,-0.64,-4.69,8.81,-0.03,0.01,0.00,-2.94,-0.57,9.44,-0.02,0.03,0.00,-1.18,1.44,9.68,-0.03,0.01,0.00,-0.80,1.47,9.71,-0.00,0.02,-0.00,-0.57,6.90,7.16,0.03,0.02,-0.01,0.30,-0.09,0.96,0.55,0.12,0.06,R
112.178,44,42,30,13,43,-0.62,-4.75,8.83,-0.02,0.01,0.00,-2.96,-0.42,9.41,0.00,0.03,0.00,-1.14,1.38,9.64,-0.04,0.00,0.00,-0.75,1.38,9.70,-0.02,0.01,-0.01,-0.55,6.90,7.15,-0.00,0.01,-0.01,0.30,-0.09,0.96,0.67,-0.79,0.00,R
112.229,43,42,32,11,42,-0.61,-4.72,8.83,0.01,0.01,-0.01,-2.94,-0.65,9.41,-0.01,0.02,-0.00,-1.14,1.36,9.67,-0.04,0.00,-0.00,-0.79,1.45,9.71,-0.01,0.01,-0.00,-0.55,6.80,7.21,-0.01,0.02,-0.01,0.31,-0.09,0.96,0.43,-0.12,0.00,R
112.281,42,42,32,14,43,-0.71,-4.64,8.82,0.02,0.01,-0.01,-2.98,-0.45,9.44,-0.01,0.02,-0.01,-1.15,1.38,9.68,-0.02,0.00,-0.00,-0.81,1.46,9.69,0.00,0.01,-0.00,-0.56,6.90,7.13,0.01,0.01,-0.02,0.31,-0.09,0.96,0.67,0.31,0.06,R
112.333,44,45,32,12,43,-0.60,-4.70,8.81,-0.02,0.01,-0.01,-2.94,-0.51,9.42,-0.01,0.02,-0.01,-1.23,1.41,9.63,-0.04,0.00,-0.00,-0.85,1.37,9.70,-0.00,0.01,-0.00,-0.60,6.96,7.08,0.02,0.02,-0.02,0.30,-0.09,0.96,0.92,0.24,0.06,R
112.382,45,42,29,13,43,-0.70,-4.76,8.84,-0.02,0.01,-0.01,-2.96,-0.48,9.46,-0.02,0.02,-0.00,-1.19,1.36,9.67,-0.05,0.00,0.00,-0.76,1.42,9.69,-0.01,0.01,0.00,-0.56,6.79,7.11,0.01,0.02,-0.01,0.30,-0.09,0.96,0.49,-0.79,0.06,R
112.434,43,43,30,12,42,-0.68,-4.54,8.94,0.01,0.02,-0.00,-2.95,-0.55,9.46,0.00,0.03,0.01,-1.15,1.40,9.68,-0.01,0.01,0.00,-0.90,1.46,9.72,-0.01,0.02,-0.01,-0.54,6.91,7.14,-0.00,0.02,-0.01,0.31,-0.09,0.96,0.12,0.31,-0.12,R
112.484,44,41,29,13,43,-0.60,-4.87,8.77,-0.01,0.01,-0.01,-2.94,-0.55,9.41,-0.02,0.02,-0.01,-1.20,1.37,9.66,-0.04,0.01,-0.00,-0.80,1.40,9.69,0.00,0.02,-0.00,-0.57,6.78,7.11,0.03,0.02,-0.01,0.29,-0.09,0.96,0.92,0.61,0.18,R
112.536,44,41,32,14,44,-0.57,-4.73,8.80,0.02,0.01,-0.01,-2.95,-0.55,9.42,-0.02,0.03,-0.00,-1.16,1.44,9.66,-0.03,-0.00,-0.01,-0.81,1.43,9.70,-0.01,0.01,-0.01,-0.51,6.86,7.13,0.00,0.02,-0.01,0.31,-0.09,0.96,0.92,-1.28,0.06,R
112.586,43,40,32,12,43,-0.62,-4.68,8.83,-0.00,0.02,-0.00,-2.96,-0.59,9.46,0.01,0.03,0.01,-1.15,1.35,9.64,-0.01,0.02,0.01,-0.79,1.52,9.73,0.00,0.01,0.00,-0.56,6.89,7.14,-0.01,0.02,-0.01,0.30,-0.09,0.96,0.06,0.43,0.00,R
112.638,43,41,33,12,42,-0.66,-4.47,8.86,0.01,0.02,-0.02,-2.90,-0.55,9.44,-0.01,0.02,-0.00,-1.17,1.41,9.66,-0.04,-0.00,0.00,-0.76,1.40,9.72,0.00,0.01,-0.00,-0.56,6.84,7.15,0.02,0.02,-0.01,0.30,-0.09,0.96,0.92,-0.43,-0.12,R
112.688,45,43,32,14,43,-0.62,-4.72,8.79,-0.04,0.02,0.01,-2.94,-0.49,9.42,-0.01,0.02,-0.00,-1.17,1.37,9.61,-0.03,-0.00,0.00,-0.79,1.46,9.71,-0.01,0.01,0.00,-0.59,6.86,7.17,-0.01,0.01,-0.01,0.31,-0.09,0.96,0.73,-1.04,-0.24,R
112.739,45,40,28,13,43,-0.56,-4.80,8.81,0.00,0.01,-0.01,-2.89,-0.50,9.50,-0.02,0.02,0.01,-1.15,1.37,9.67,-0.03,-0.00,0.01,-0.79,1.42,9.68,-0.00,0.01,0.00,-0.62,6.95,7.16,0.02,0.02,-0.01,0.30,-0.08,0.96,0.49,0.24,0.06,R
112.79,43,41,32,14,44,-0.56,-4.60,8.86,-0.09,0.01,0.02,-2.87,-0.48,9.42,-0.02,0.02,0.00,-1.10,1.36,9.65,-0.04,0.01,0.01,-0.84,1.46,9.66,0.00,0.02,0.01,-0.52,6.84,7.17,0.03,0.03,-0.01,0.29,-0.09,0.96,0.55,-1.16,-0.24,R
112.842,44,41,29,12,43,-0.55,-5.04,8.68,-0.01,0.04,-0.01,-2.95,-0.55,9.43,-0.03,0.04,0.00,-1.14,1.45,9.62,-0.03,-0.00,-0.01,-0.78,1.50,9.77,-0.02,0.01,-0.01,-0.62,6.96,7.06,-0.02,0.02,-0.02,0.31,-0.09,0.96,1.04,-0.31,0.24,R
112.892,44,42,29,14,43,-0.64,-4.75,8.76,0.08,0.05,-0.05,-2.95,-0.63,9.48,-0.03,0.02,-0.00,-1.14,1.39,9.63,-0.03,-0.00,0.00,-0.77,1.38,9.69,-0.01,0.01,0.00,-0.60,6.88,7.15,0.01,0.02,-0.00,0.30,-0.09,0.96,0.79,0.37,-0.06,R
112.944,46,42,32,13,43,-0.57,-4.84,8.79,-0.06,0.03,-0.01,-2.85,-0.60,9.50,-0.02,0.01,0.00,-1.15,1.37,9.66,-0.03,0.01,-0.00,-0.83,1.50,9.72,0.01,0.02,-0.00,-0.62,6.95,7.12,0.01,0.01,-0.00,0.29,-0.09,0.96,0.85,-0.85,-0.31,R
112.995,44,42,34,13,44,-0.65,-4.60,8.85,0.00,0.03,-0.00,-2.93,-0.55,9.46,-0.02,0.01,-0.00,-1.16,1.42,9.62,-0.02,-0.01,-0.01,-0.81,1.48,9.64,-0.01,-0.00,-0.01,-0.56,6.85,7.17,-0.01,0.01,-0.02,0.30,-0.09,0.96,0.67,-0.73,0.00,R
113.045,45,42,30,13,43,-0.68,-4.70,8.80,0.01,0.01,-0.01,-2.93,-0.56,9.43,0.00,0.01,0.00,-1.13,1.40,9.66,-0.02,0.00,0.00,-0.80,1.47,9.67,-0.01,0.01,0.01,-0.51,6.91,7.18,0.01,0.02,-0.00,0.30,-0.09,0.96,0.49,0.61,0.00,R
113.098,44,40,32,13,43,-0.66,-4.87,8.75,-0.01,0.01,-0.00,-2.94,-0.49,9.39,-0.02,0.03,-0.01,-1.10,1.33,9.62,-0.04,0.01,-0.01,-0.81,1.41,9.65,-0.01,0.02,-0.01,-0.54,6.93,7.18,-0.01,0.01,-0.01,0.30,-0.09,0.96,0.61,-1.04,0.00,R
113.147,46,41,32,14,44,-0.66,-4.67,8.82,-0.00,0.02,-0.01,-2.93,-0.56,9.45,-0.00,0.02,0.01,-1.12,1.30,9.67,-0.03,0.00,0.00,-0.88,1.54,9.69,-0.01,0.01,0.00,-0.57,6.88,7.17,0.00,0.02,-0.00,0.30,-0.09,0.96,1.16,0.37,0.18,R
113.198,44,38,30,4,42,-0.62,-4.68,8.83,-0.01,0.02,-0.01,-2.88,-0.52,9.42,-0.01,0.02,0.00,-1.25,1.43,9.63,-0.03,0.01,0.00,-0.81,1.49,9.69,-0.01,0.01,-0.01,-0.56,6.83,7.20,-0.01,0.02,-0.01,0.30,-0.09,0.96,0.12,-0.49,-0.06,R
113.25,44,41,30,12,43,-0.67,-4.92,8.69,-0.02,0.02,-0.01,-2.97,-0.58,9.46,0.00,0.03,-0.01,-1.17,1.36,9.62,-0.03,0.00,0.00,-0.80,1.40,9.74,-0.01,0.02,-0.01,-0.56,6.87,7.14,0.01,0.02,-0.01,0.29,-0.09,0.96,0.73,-0.37,0.18,R
113.3,43,40,30,12,43,-0.59,-5.10,8.68,0.04,0.02,-0.01,-2.95,-0.54,9.39,-0.02,0.02,0.00,-1.19,1.35,9.66,-0.03,-0.01,0.00,-0.82,1.45,9.77,-0.00,0.00,0.00,-0.53,6.87,7.13,-0.01,0.02,-0.01,0.31,-0.09,0.96,0.79,0.06,0.06,R
113.352,45,40,32,14,43,-0.75,-4.57,8.82,-0.01,0.03,-0.01,-2.92,-0.59,9.44,-0.01,0.02,0.00,-1.11,1.34,9.62,-0.02,0.01,0.00,-0.88,1.38,9.69,0.01,0.02,-0.00,-0.55,6.89,7.11,0.02,0.01,-0.01,0.29,-0.09,0.96,0.43,-0.18,-0.24,R
113.402,44,40,32,14,43,-0.60,-5.00,8.76,-0.04,0.01,0.00,-2.91,-0.55,9.48,-0.01,0.02,-0.00,-1.17,1.42,9.69,-0.03,0.00,0.00,-0.77,1.45,9.73,-0.01,0.01,0.00,-0.51,6.76,7.15,0.00,0.02,-0.01,0.30,-0.09,0.96,0.67,-0.43,0.06,R
113.453,43,40,30,11,42,-0.77,-4.78,8.75,-0.02,0.03,-0.00,-3.03,-0.54,9.42,0.00,0.03,0.00,-1.23,1.36,9.62,-0.03,0.00,0.00,-0.84,1.41,9.74,-0.00,0.01,0.00,-0.60,6.86,7.15,0.01,0.02,-0.01,0.31,-0.09,0.96,0.61,0.31,-0.06,R
113.504,43,40,29,14,43,-0.65,-4.74,8.84,-0.10,0.02,0.02,-2.88,-0.58,9.48,-0.01,0.02,0.00,-1.17,1.36,9.67,-0.03,0.01,0.00,-0.80,1.38,9.73,-0.00,0.02,0.00,-0.60,6.88,7.12,0.04,0.02,-0.01,0.30,-0.09,0.96,0.43,0.00,0.06,R
113.555,44,42,32,14,42,-0.61,-4.80,8.71,-0.04,0.01,-0.00,-2.93,-0.57,9.41,-0.02,0.03,-0.00,-1.12,1.37,9.64,-0.04,0.00,-0.00,-0.83,1.41,9.71,-0.00,0.01,-0.01,-0.60,6.85,7.13,0.02,0.03,-0.02,0.29,-0.09,0.96,0.61,-1.04,0.37,R
113.606,44,40,30,13,38,-0.70,-4.74,8.74,0.01,0.02,-0.01,-2.94,-0.56,9.45,-0.00,0.03,0.01,-1.19,1.38,9.67,-0.03,0.00,0.00,-0.90,1.43,9.70,-0.02,0.01,-0.00,-0.57,6.92,7.16,0.01,0.02,-0.01,0.30,-0.09,0.96,0.18,-0.12,0.12,R
113.657,43,40,29,13,43,-0.63,-4.95,8.71,-0.00,0.02,0.00,-2.92,-0.56,9.36,-0.02,0.02,0.01,-1.13,1.25,9.70,-0.03,0.01,0.01,-0.79,1.45,9.70,0.00,0.01,0.00,-0.58,6.98,7.12,0.01,0.02,-0.00,0.30,-0.09,0.96,0.98,0.73,0.12,R
113.708,45,41,33,15,44,-0.67,-4.75,8.74,0.01,0.02,-0.02,-2.89,-0.53,9.41,-0.01,0.03,-0.00,-1.18,1.37,9.69,-0.04,-0.00,0.00,-0.86,1.44,9.73,-0.01,0.01,-0.01,-0.52,6.91,7.14,-0.01,0.02,-0.01,0.29,-0.09,0.96,0.61,-0.67,0.00,R
113.76,44,41,32,14,43,-0.75,-4.67,8.83,0.00,0.01,0.01,-2.92,-0.56,9.46,0.00,0.01,0.01,-1.21,1.37,9.62,-0.02,0.01,0.01,-0.84,1.52,9.66,0.01,0.01,0.01,-0.58,6.85,7.13,0.01,0.02,-0.00,0.30,-0.09,0.96,0.55,0.92,0.06,R
113.811,42,41,29,15,43,-0.69,-4.79,8.76,0.05,0.01,-0.02,-2.94,-0.53,9.47,-0.02,0.03,0.00,-1.19,1.40,9.65,-0.03,0.00,0.00,-0.81,1.42,9.75,-0.01,0.01,-0.01,-0.53,6.88,7.13,-0.01,0.01,-0.00,0.30,-0.09,0.96,0.73,-0.55,0.18,R
113.861,43,40,33,15,42,-0.74,-4.63,8.80,0.01,0.02,-0.01,-2.90,-0.61,9.44,-0.01,0.03,0.00,-1.23,1.41,9.71,-0.03,0.01,0.00,-0.83,1.51,9.74,-0.01,0.01,-0.00,-0.57,6.80,7.13,0.00,0.02,-0.01,0.30,-0.09,0.96,0.31,-0.55,0.18,R
113.913,44,39,32,2,44,-0.67,-4.95,8.73,0.01,0.01,-0.00,-2.91,-0.64,9.39,-0.01,0.03,0.01,-1.22,1.38,9.65,-0.03,0.01,0.01,-0.81,1.49,9.71,-0.00,0.01,0.00,-0.61,6.94,7.15,0.02,0.02,-0.01,0.30,-0.09,0.96,0.61,0.61,0.18,R
113.964,43,37,32,14,43,-0.64,-4.64,8.79,0.00,0.02,-0.02,-2.88,-0.54,9.42,-0.02,0.03,-0.01,-1.14,1.43,9.64,-0.03,0.00,-0.01,-0.84,1.47,9.66,-0.01,0.01,-0.01,-0.58,6.84,7.17,-0.02,0.02,-0.02,0.29,-0.09,0.96,0.61,-1.77,0.00,R
114.015,43,39,32,14,43,-0.67,-4.62,8.83,-0.00,0.02,0.00,-2.92,-0.70,9.44,0.01,0.03,0.00,-1.11,1.31,9.67,-0.02,0.01,0.01,-0.86,1.44,9.69,0.01,0.01,0.01,-0.56,6.93,7.16,0.01,0.02,-0.01,0.30,-0.09,0.96,0.43,0.73,0.06,R
114.065,42,39,30,13,42,-0.62,-4.94,8.73,-0.02,0.00,0.00,-2.94,-0.52,9.49,-0.01,0.02,-0.00,-1.12,1.27,9.66,-0.02,0.00,-0.01,-0.82,1.47,9.70,-0.01,0.01,-0.01,-0.58,6.90,7.13,-0.00,0.02,-0.02,0.30,-0.09,0.96,0.55,-0.67,-0.18,R
114.116,44,39,32,14,44,-0.76,-4.65,8.78,-0.03,0.02,-0.01,-2.96,-0.65,9.46,-0.01,0.02,-0.00,-1.16,1.39,9.70,-0.04,0.00,0.00,-0.88,1.40,9.67,-0.01,0.01,0.00,-0.57,6.84,7.15,0.00,0.02,-0.01,0.29,-0.09,0.96,0.85,-0.85,0.12,R
114.167,43,39,32,14,43,-0.69,-4.95,8.76,0.01,0.02,-0.00,-2.93,-0.58,9.47,-0.00,0.03,0.01,-1.08,1.36,9.70,-0.03,0.01,0.01,-0.86,1.49,9.69,-0.00,0.01,-0.00,-0.60,7.02,7.13,0.02,0.02,-0.01,0.30,-0.09,0.96,0.24,0.31,0.24,R
114.218,43,39,32,14,43,-0.72,-4.77,8.76,-0.02,0.02,-0.01,-2.91,-0.60,9.49,-0.03,0.02,0.00,-1.15,1.34,9.70,-0.03,0.01,-0.00,-0.83,1.42,9.67,-0.00,0.01,-0.01,-0.57,6.90,7.14,0.01,0.02,-0.02,0.29,-0.09,0.96,0.85,-1.10,0.00,R
114.269,44,40,32,14,43,-0.66,-4.82,8.75,0.02,0.02,-0.01,-2.96,-0.53,9.40,0.00,0.03,0.00,-1.22,1.40,9.69,-0.03,0.01,0.00,-0.87,1.43,9.72,-0.00,0.02,-0.00,-0.60,6.92,7.12,0.01,0.02,-0.01,0.30,-0.09,0.96,0.18,0.61,0.06,R
114.32,43,40,30,14,43,-0.72,-4.68,8.71,-0.03,0.02,0.01,-2.91,-0.57,9.47,-0.01,0.02,0.00,-1.16,1.35,9.68,-0.03,0.01,0.00,-0.87,1.43,9.72,-0.01,0.02,-0.01,-0.62,6.90,7.13,0.00,0.02,-0.02,0.30,-0.09,0.96,0.49,-0.67,-0.18,R
114.371,44,40,34,27,44,-0.69,-4.83,8.75,0.01,0.02,-0.02,-2.89,-0.63,9.45,-0.01,0.02,-0.00,-1.16,1.36,9.66,-0.03,0.00,-0.00,-0.83,1.41,9.68,-0.01,0.01,0.00,-0.58,6.91,7.18,0.01,0.02,-0.01,0.29,-0.09,0.96,0.79,-0.55,0.06,R
114.422,43,38,28,14,43,-0.68,-4.72,8.81,-0.01,0.01,0.01,-2.93,-0.53,9.48,0.00,0.04,0.00,-1.23,1.33,9.65,-0.02,0.01,-0.00,-0.86,1.47,9.75,-0.01,0.01,0.00,-0.58,6.81,7.15,0.00,0.02,-0.01,0.30,-0.09,0.96,0.24,-0.12,-0.06,R
114.473,42,41,36,15,44,-0.70,-4.94,8.76,-0.01,0.01,-0.00,-2.95,-0.52,9.48,-0.02,0.02,-0.00,-1.18,1.38,9.64,-0.03,0.00,0.00,-0.81,1.41,9.71,-0.00,0.01,-0.00,-0.57,6.86,7.14,0.00,0.01,-0.01,0.29,-0.09,0.96,1.22,-0.18,-0.06,R
114.524,43,39,32,14,43,-0.78,-4.64,8.79,0.02,0.02,-0.01,-2.93,-0.58,9.37,0.00,0.02,-0.00,-1.17,1.36,9.66,-0.02,-0.00,0.00,-0.82,1.56,9.73,0.01,0.01,-0.00,-0.62,6.91,7.14,-0.00,0.01,-0.01,0.30,-0.09,0.96,0.67,-0.18,0.06,R
114.575,44,39,32,15,43,-0.72,-4.79,8.79,-0.01,0.01,0.01,-2.94,-0.57,9.45,0.00,0.02,0.00,-1.20,1.35,9.66,-0.02,0.00,0.00,-0.85,1.40,9.73,0.00,0.01,-0.00,-0.52,6.93,7.11,0.01,0.01,-0.01,0.30,-0.09,0.96,0.24,0.37,0.18,R
114.626,43,40,29,12,43,-0.68,-4.71,8.75,0.01,0.01,-0.02,-2.95,-0.61,9.46,-0.02,0.02,-0.00,-1.18,1.46,9.64,-0.04,0.00,-0.00,-0.83,1.47,9.73,-0.01,0.01,0.00,-0.56,6.80,7.09,0.01,0.02,-0.01,0.29,-0.09,0.96,1.22,-0.18,0.00,R
114.677,42,38,30,13,42,-0.65,-4.85,8.71,-0.03,0.01,0.01,-2.87,-0.64,9.44,-0.00,0.03,0.00,-1.18,1.30,9.61,-0.03,0.02,0.00,-0.85,1.41,9.69,-0.01,0.01,-0.00,-0.57,6.84,7.14,-0.00,0.01,-0.01,0.30,-0.08,0.96,0.24,-0.31,0.31,R
114.729,43,40,32,14,43,-0.65,-4.84,8.74,-0.01,0.01,-0.01,-2.95,-0.58,9.41,-0.01,0.02,0.01,-1.18,1.30,9.72,-0.04,0.00,0.00,-0.87,1.43,9.74,-0.00,0.02,0.00,-0.61,6.95,7.16,0.01,0.02,-0.01,0.30,-0.09,0.96,0.61,-0.24,0.00,R
114.779,42,39,30,14,43,-0.75,-4.65,8.82,0.01,0.01,-0.01,-2.97,-0.52,9.44,-0.01,0.02,0.00,-1.16,1.34,9.68,-0.03,-0.00,-0.00,-0.83,1.38,9.76,-0.01,0.02,-0.00,-0.57,6.84,7.16,-0.01,0.02,-0.01,0.30,-0.09,0.96,0.85,-0.61,0.43,R
114.83,43,40,29,14,43,-0.68,-4.85,8.71,0.02,0.02,-0.01,-2.91,-0.59,9.51,-0.01,0.03,0.00,-1.18,1.39,9.68,-0.03,0.02,0.00,-0.84,1.45,9.67,-0.00,0.02,-0.01,-0.60,6.89,7.09,-0.01,0.03,-0.02,0.30,-0.09,0.97,0.18,-0.67,0.49,R
114.881,42,39,30,14,43,-0.74,-4.73,8.76,-0.02,0.01,-0.00,-2.95,-0.64,9.45,-0.04,0.02,-0.00,-1.21,1.33,9.67,-0.05,0.02,0.00,-0.80,1.40,9.69,-0.01,0.03,0.01,-0.55,6.81,7.13,0.03,0.04,-0.01,0.28,-0.09,0.97,0.55,-1.16,1.53,R
114.932,42,41,30,16,43,-0.61,-4.73,8.70,0.05,-0.01,0.03,-2.87,-0.67,9.26,-0.02,0.06,0.02,-1.21,1.35,9.69,-0.03,0.03,0.01,-0.84,1.37,9.71,-0.00,0.02,-0.02,-0.52,6.98,7.09,-0.02,0.03,-0.08,0.35,-0.09,0.95,-0.55,0.73,1.95,R
114.984,42,40,30,14,43,-0.62,-4.91,8.72,-0.25,0.04,-0.02,-3.00,-0.53,9.51,-0.04,0.13,-0.06,-1.17,1.36,9.70,-0.09,0.12,-0.04,-0.93,1.46,9.73,0.02,0.08,-0.06,-0.64,6.77,7.19,-0.01,0.08,-0.12,0.26,-0.08,0.98,-0.98,-7.51,4.46,R
115.034,43,42,34,18,44,-0.77,-5.16,8.71,-0.08,0.03,0.08,-3.27,-0.69,9.21,0.01,0.36,0.05,-1.41,1.52,9.69,-0.01,0.32,0.02,-1.17,1.20,9.85,0.17,0.22,-0.04,-0.95,7.00,7.39,0.08,0.06,-0.18,0.28,-0.07,1.02,2.81,-5.68,6.90,R
115.086,43,45,35,19,43,-0.63,-5.09,8.45,-0.61,0.22,-0.01,-4.19,-0.73,8.93,-0.51,0.88,-0.02,-2.36,1.47,10.09,-0.27,1.05,-0.03,-1.41,2.24,9.83,0.56,0.89,-0.28,-1.52,8.80,5.16,1.67,0.49,-0.67,0.41,-0.14,1.02,-5.49,-15.01,12.70,R
115.137,42,52,45,29,46,-2.68,-4.50,12.51,-1.21,-0.46,-0.48,-6.14,2.47,12.24,-0.67,0.34,-0.00,-4.36,6.08,16.41,-1.37,0.00,0.21,-2.68,6.43,16.46,-1.48,-0.44,0.45,-1.48,16.06,10.08,-1.75,-0.46,1.07,0.53,-0.20,1.13,-15.93,-62.13,26.61,R
115.188,42,59,54,28,44,-1.27,-8.31,13.25,-2.65,-1.97,-0.17,-5.84,-1.23,12.78,-2.70,-1.19,0.09,-3.64,1.67,12.27,-2.52,-1.18,0.86,-2.50,2.32,11.92,-2.54,-1.38,1.09,-1.45,8.64,8.27,-2.30,-0.58,1.92,0.19,-0.11,1.31,-47.36,-146.00,73.12,R
115.238,42,65,64,31,45,0.76,-9.18,10.30,-1.74,-2.00,-0.34,-4.82,-3.41,12.35,-1.65,-1.49,0.14,-2.60,-0.42,13.45,-1.95,-1.52,0.73,-1.38,0.52,13.54,-2.15,-1.84,1.02,-0.06,8.94,10.67,-2.11,-0.75,2.03,0.18,-0.03,1.20,-75.50,-106.26,77.76,R
115.289,44,70,70,32,45,1.09,-6.97,6.09,-2.63,-2.20,-0.34,-3.17,-2.72,9.95,-2.81,-2.11,-0.28,-1.59,-0.81,10.61,-2.98,-2.18,0.62,-0.34,-0.37,9.58,-3.09,-2.14,1.05,0.31,4.73,7.86,-3.07,-0.79,2.29,-0.07,0.07,1.03,-87.04,-177.12,95.70,R
115.342,42,69,76,34,47,1.41,-9.42,4.64,-2.89,-2.06,-0.36,-1.36,-5.63,6.96,-2.62,-2.19,-0.24,0.29,-3.65,7.38,-2.76,-2.04,0.58,0.94,-3.36,6.72,-2.83,-1.85,0.95,1.37,1.50,6.84,-2.65,-0.63,2.04,-0.30,0.15,0.90,-83.37,-154.36,107.36,R
115.393,38,69,77,36,51,2.26,-6.91,0.09,-2.64,-1.55,0.19,1.29,-5.46,2.54,-2.82,-1.74,-0.10,1.87,-5.36,2.77,-2.86,-1.58,0.62,1.83,-5.53,3.72,-2.91,-1.23,0.79,1.23,-1.32,7.45,-2.86,-0.16,1.43,-0.40,0.19,0.78,-37.35,-128.11,91.37,R
115.443,37,71,76,36,51,2.55,-6.80,-3.06,-3.23,-0.15,0.52,1.92,-7.29,1.35,-2.97,-0.60,-0.48,2.72,-6.94,1.47,-2.91,-0.39,0.10,2.39,-7.30,1.40,-3.10,-0.09,0.44,1.64,-5.33,5.37,-3.27,0.27,0.67,-0.52,0.18,0.58,-8.18,-126.16,65.55,R
115.494,26,67,75,36,50,2.45,-8.05,-3.68,-3.15,0.55,0.54,1.96,-9.84,-0.13,-2.80,0.53,-0.50,2.55,-9.64,1.04,-2.85,0.42,-0.30,2.15,-9.27,1.85,-2.80,0.92,-0.27,1.80,-6.09,5.54,-2.52,0.98,-0.65,-0.64,0.13,0.55,51.27,-136.60,9.64,R
115.544,25,62,76,39,51,2.95,-8.71,-3.02,-2.42,1.37,1.38,1.55,-8.91,0.03,-2.16,1.63,-0.34,1.82,-9.29,0.55,-2.38,1.75,-0.35,1.85,-10.84,0.07,-2.25,2.15,-0.30,0.67,-7.70,6.58,-2.06,1.62,-1.54,-0.77,0.11,0.49,80.20,-83.50,-5.80,R
115.596,19,60,76,43,52,0.36,-7.81,-4.86,-1.24,2.25,1.84,0.73,-9.70,-1.57,-1.88,2.81,-0.49,0.24,-9.38,-0.25,-2.22,2.85,-0.75,0.38,-9.86,-0.16,-2.24,3.16,-0.85,0.19,-6.73,6.73,-2.18,1.87,-2.26,-0.79,0.06,0.48,122.92,-68.12,-25.15,R
115.647,16,58,78,48,53,1.69,-9.50,-5.41,-1.38,3.20,2.09,-1.93,-10.78,0.42,-1.83,3.71,-0.71,-1.38,-10.15,2.01,-2.06,3.29,-1.03,-1.08,-10.16,1.92,-1.90,3.41,-1.10,-0.82,-6.16,7.26,-1.60,2.67,-2.90,-0.78,-0.04,0.49,166.02,-59.45,-49.80,R
115.698,11,58,72,45,53,-1.56,-9.85,-3.40,-1.24,3.29,1.71,-2.30,-9.40,0.46,-1.26,3.59,-0.49,-1.41,-9.18,0.56,-1.18,3.41,-0.78,-1.24,-8.37,0.98,-0.93,3.85,-0.71,-1.36,-5.53,7.23,-0.58,3.45,-3.11,-0.89,-0.07,0.46,190.80,-14.53,-57.50,R
115.749,7,56,68,43,58,-2.07,-8.80,-3.87,-0.97,2.98,2.07,-2.72,-9.12,-1.31,-0.88,4.53,0.12,-3.04,-9.49,0.32,-0.94,4.63,-0.44,-2.89,-8.61,2.35,-1.10,4.69,-0.10,-1.85,-5.90,6.07,-0.78,3.75,-2.75,-0.80,-0.22,0.47,208.98,2.62,-53.65,R
115.8,4,56,67,42,64,-4.61,-8.45,-5.03,-1.14,3.51,1.61,-3.48,-9.40,-0.45,-1.37,5.06,0.17,-2.92,-9.67,-0.74,-1.51,4.32,-0.30,-3.22,-8.86,1.45,-0.78,4.57,-0.35,-3.45,-5.53,5.65,-0.19,4.11,-3.27,-0.57,-0.22,0.48,171.69,6.84,-29.17,R
115.851,11,83,86,48,77,-5.64,-4.37,-4.77,-1.62,3.83,1.98,-4.86,-8.29,-5.37,-0.84,7.26,0.07,-6.08,-7.18,-3.21,-1.23,7.33,-0.77,-5.72,-9.02,-4.23,-1.85,6.96,-0.62,-5.15,-8.90,1.55,-1.17,5.83,-4.62,-0.74,-0.20,0.41,218.57,-19.41,-20.81,R
115.902,19,84,109,57,88,-3.44,-8.96,-1.23,-3.48,3.76,3.22,-2.94,-11.08,-1.35,0.45,3.86,0.06,-6.62,-10.30,5.37,-0.49,5.43,-0.71,-7.67,-12.14,7.97,-0.57,5.80,-0.42,-8.79,-7.11,13.44,-0.27,4.74,-3.87,-0.68,-0.53,0.39,255.25,-13.24,-16.72,R
115.953,12,72,109,68,91,-0.13,-11.31,-6.86,-2.56,1.66,1.47,-4.22,-14.05,2.92,-0.69,3.57,-1.18,-3.90,-13.73,5.26,-0.81,3.36,-1.71,-5.60,-13.05,5.60,-0.08,3.58,-1.85,-6.47,-5.85,11.60,-0.15,1.88,-3.73,-0.74,-0.54,0.45,148.80,-82.21,-42.30,R
116.003,12,86,114,81,90,-1.91,-9.05,-5.75,-2.66,1.38,0.32,-4.11,-8.16,2.17,0.17,2.21,-1.62,-3.37,-5.87,4.20,0.33,2.09,-1.70,-2.41,-5.66,4.25,0.01,1.93,-1.35,-1.04,-2.60,3.71,-0.03,0.65,-1.92,-1.06,-0.48,0.40,66.16,-37.29,-11.90,R
116.055,8,93,117,83,83,-1.40,-9.14,-5.51,-0.50,0.58,0.51,-1.44,-10.32,-0.51,-0.04,2.04,0.11,-1.70,-11.20,0.47,-0.54,2.22,0.06,-1.97,-11.68,1.63,-0.29,1.50,0.10,-2.93,-7.53,8.39,-0.24,0.80,-0.63,-0.84,-0.47,0.36,26.31,4.76,8.30,R
116.106,10,111,125,83,77,0.88,-7.48,-8.49,-0.82,0.50,0.50,0.32,-10.89,0.99,0.01,0.94,-0.34,-0.56,-9.91,2.33,-0.01,0.82,-0.42,-0.74,-9.58,1.99,0.20,0.63,-0.39,-1.83,-6.08,6.99,0.16,0.36,-0.63,-0.88,-0.43,0.29,45.96,-24.35,-20.63,R
116.156,11,120,128,85,73,-0.61,-6.74,-7.02,-0.51,-0.14,0.15,-0.88,-8.92,1.02,-0.23,0.33,0.10,-0.37,-8.67,2.13,-0.21,0.09,0.17,-0.68,-8.89,1.91,-0.17,-0.02,0.27,-1.35,-6.35,7.01,-0.39,0.16,0.37,-0.93,-0.41,0.29,6.35,3.78,12.45,R
116.207,10,119,126,80,69,-0.30,-5.82,-8.58,0.01,-0.30,0.10,0.92,-11.41,-1.75,-0.34,0.10,0.36,0.81,-11.60,-0.63,-0.40,0.09,0.28,-0.79,-11.89,-0.44,-0.17,0.10,0.27,-1.73,-11.47,5.31,0.06,0.15,0.09,-0.90,-0.42,0.27,0.73,6.84,5.74,R
116.259,10,127,129,80,70,-0.54,-5.39,-9.02,0.01,0.01,-0.05,0.18,-10.39,-0.36,0.22,0.09,-0.10,-0.32,-9.45,1.24,0.21,0.04,-0.10,-0.69,-9.14,1.49,0.08,-0.08,-0.11,-1.10,-7.09,5.82,0.09,-0.08,-0.12,-0.87,-0.42,0.26,0.12,-3.05,-2.56,R
116.31,8,122,125,78,69,-1.15,-5.77,-7.53,0.06,-0.13,0.12,-0.20,-9.18,-1.20,-0.28,-0.09,0.21,-0.26,-9.58,-0.11,-0.32,-0.07,0.32,-0.95,-10.12,0.57,-0.33,-0.08,0.38,-2.16,-6.99,6.86,-0.38,-0.04,0.57,-0.86,-0.44,0.25,-1.04,5.25,9.52,R
116.361,10,125,128,80,71,-0.68,-5.02,-8.87,0.17,-0.19,-0.18,-0.06,-10.60,-0.32,0.01,-0.25,0.09,-0.49,-9.99,0.77,-0.00,-0.17,0.14,-0.65,-10.06,0.32,-0.18,-0.46,0.18,-1.66,-7.88,6.06,-0.15,-0.20,0.48,-0.90,-0.45,0.26,-12.70,-7.08,5.62,R
116.412,12,124,129,79,69,-0.78,-6.40,-8.01,0.53,-0.17,-0.25,-0.52,-10.42,-0.24,0.07,-0.40,0.32,-0.60,-10.21,1.30,0.07,-0.49,0.39,-1.34,-10.29,1.75,0.15,-0.58,0.40,-2.34,-7.41,7.20,0.13,-0.27,0.76,-0.91,-0.46,0.27,-24.54,3.97,2.87,R
116.463,19,123,129,80,71,-0.60,-8.72,-6.25,1.25,-0.38,-0.53,-2.94,-9.93,1.47,0.42,-1.49,0.70,-3.16,-9.88,3.46,0.35,-1.59,0.95,-3.23,-9.97,3.71,0.65,-1.76,0.93,-3.67,-5.23,9.26,0.74,-0.93,1.83,-0.91,-0.48,0.32,-64.15,11.66,-0.18,R
116.514,38,120,124,78,77,-1.56,-8.21,-5.70,1.86,-1.23,-1.36,-5.04,-9.36,3.74,0.70,-3.49,1.09,-5.00,-8.40,6.24,0.64,-3.62,1.57,-4.43,-8.82,5.95,0.96,-3.57,1.61,-4.18,-3.46,9.01,0.85,-1.90,3.37,-0.83,-0.42,0.31,-118.71,12.82,7.63,R
116.565,49,109,117,79,93,-1.90,-9.05,-4.52,1.45,-2.39,-2.15,-5.72,-11.00,-0.63,0.11,-5.14,1.64,-5.77,-10.90,-0.41,0.13,-4.96,2.25,-5.92,-10.30,1.52,0.76,-3.88,2.31,-6.28,-6.63,7.34,0.67,-2.61,4.50,-0.78,-0.37,0.32,-158.45,17.64,21.61,R
116.615,65,111,119,86,112,-3.23,-7.14,-7.43,1.48,-2.36,-3.11,-3.89,-10.94,-2.78,0.70,-3.77,1.24,-4.45,-10.95,-0.73,0.81,-3.80,1.49,-5.52,-10.51,1.88,0.36,-4.40,1.50,-6.66,-4.83,8.61,0.08,-3.25,3.77,-0.74,-0.37,0.44,-177.19,2.93,20.02,R
116.667,71,118,118,82,116,-2.82,-5.66,-6.58,0.81,-3.50,-2.45,-4.46,-8.61,-1.09,-0.18,-4.24,0.71,-4.96,-8.31,1.23,0.06,-4.40,1.06,-5.78,-7.67,3.59,-0.55,-5.18,1.11,-5.99,-3.91,7.05,-0.95,-4.62,4.45,-0.76,-0.25,0.43,-171.33,-19.23,35.28,R
116.718,67,123,118,80,109,-1.42,-8.28,-5.14,0.16,-2.31,-2.40,-4.20,-10.55,-0.82,-1.12,-3.85,0.27,-4.32,-10.38,-0.11,-0.65,-4.10,0.75,-4.12,-9.20,1.21,-0.26,-4.25,0.94,-4.18,-4.26,7.13,-0.65,-3.39,3.42,-0.77,-0.26,0.43,-176.64,-26.92,46.63,R
116.769,64,126,113,76,102,-1.87,-6.72,-5.08,-0.26,-2.80,-2.96,-4.98,-7.77,1.04,-1.34,-4.83,-0.85,-5.43,-7.23,2.49,-1.30,-5.15,-0.04,-5.37,-5.25,5.37,-1.42,-5.56,0.76,-6.03,-2.22,9.08,-1.71,-4.21,4.61,-0.77,-0.26,0.34,-220.34,-86.36,69.27,R
116.82,60,120,109,70,99,-2.17,-9.01,-2.99,1.18,-3.23,-2.70,-4.55,-7.21,-1.15,0.45,-4.90,0.86,-3.87,-7.01,-0.07,1.32,-4.28,1.73,-1.86,-8.97,-1.26,1.76,-3.58,2.14,-1.83,-8.91,3.43,2.07,-2.33,3.71,-1.03,-0.01,0.40,-198.79,76.11,58.41,R
116.87,63,116,105,66,94,-0.79,-7.19,-7.13,3.30,-2.58,-1.90,-0.49,-10.68,-4.51,1.66,-3.47,1.87,-1.30,-10.64,-0.51,1.82,-2.85,2.11,-1.70,-11.69,2.91,2.06,-2.03,1.97,-1.82,-6.68,8.88,2.00,-1.60,2.52,-0.54,-0.10,0.53,-139.89,138.49,41.75,R
116.922,69,117,104,59,90,4.48,-8.02,-5.34,2.65,-1.39,-1.40,-0.98,-10.55,-0.07,1.54,-2.97,0.59,-0.19,-10.26,-0.62,2.28,-2.66,0.72,-0.18,-8.55,0.90,2.28,-2.26,0.61,0.09,-5.19,6.06,2.52,-1.30,0.66,-0.68,0.02,0.62,-84.72,96.07,-19.53,R
116.973,73,115,100,60,89,1.58,-8.00,-3.38,2.54,0.39,-0.64,0.01,-8.32,0.96,2.62,-0.44,1.05,0.95,-8.08,1.26,3.20,-0.50,0.84,0.76,-7.83,0.30,3.64,-0.53,0.44,-0.07,-5.85,5.15,3.74,-0.22,-0.36,-0.80,0.09,0.51,-20.69,184.08,-55.48,R
117.024,80,111,93,54,88,1.87,-9.32,-3.54,5.00,1.11,0.20,-1.15,-9.74,2.47,4.81,-0.08,1.51,-1.38,-9.25,4.77,4.92,0.06,0.56,-1.85,-6.73,4.80,5.23,0.06,-0.44,-1.10,-0.14,7.58,4.98,-0.37,-1.66,-0.49,-0.06,0.71,29.24,288.82,-89.05,R
117.075,80,101,79,46,77,1.13,-9.08,-0.88,5.29,2.23,0.41,-2.83,-5.84,4.28,4.66,1.00,0.78,-2.38,-3.96,6.78,4.86,0.76,-0.29,-2.20,-2.51,9.11,4.74,0.93,-0.99,-1.66,4.73,9.52,4.43,-0.11,-2.06,-0.38,-0.03,0.99,50.90,265.44,-98.33,R
117.126,77,90,61,36,68,-2.36,-10.71,5.05,5.65,1.62,-0.07,-7.02,-4.74,10.43,4.31,0.27,0.35,-4.50,-0.93,11.42,4.35,-0.01,-0.58,-3.02,1.84,12.56,3.79,-0.00,-0.96,-1.68,9.90,9.97,3.70,-0.63,-1.32,0.08,-0.27,1.12,23.19,237.12,-79.77,R
117.176,74,87,51,32,60,-1.42,-6.61,6.68,4.11,1.03,-0.29,-5.89,-2.64,9.09,2.90,0.18,0.03,-4.17,-0.75,10.41,2.81,-0.37,-0.74,-3.03,0.45,10.98,2.49,0.21,-1.16,-1.63,8.09,7.48,2.39,-0.55,-1.48,0.34,-0.17,1.15,21.97,153.38,-66.47,R
117.227,67,81,48,29,55,1.54,-6.71,12.66,4.08,0.36,-0.23,-7.15,3.64,9.85,2.91,-0.45,-0.26,-4.40,7.59,9.09,2.87,-0.38,-0.58,-3.53,7.20,9.88,2.26,0.14,-0.42,-1.55,11.34,6.02,2.21,-0.02,-0.52,0.47,-0.24,1.00,11.78,143.92,-33.94,R
117.278,60,75,40,27,51,-0.94,-0.81,6.66,2.89,0.04,-0.04,-3.66,1.61,5.83,1.69,-0.25,0.18,-2.16,2.02,5.88,1.35,-0.12,-0.23,-2.15,3.64,8.02,0.92,0.72,-0.42,-13.27,42.34,42.78,-3.21,-1.98,0.74,0.57,-0.09,0.87,23.19,78.25,-23.07,R
117.33,49,67,43,19,44,-0.09,-2.70,5.90,-1.26,0.44,0.41,-6.09,-4.13,18.79,-2.94,-1.02,-1.05,-1.67,1.08,11.47,-1.35,-1.58,-0.19,-0.54,0.03,10.20,-1.62,-0.77,-0.07,-0.12,7.08,6.74,-1.56,-0.06,-0.08,0.23,-0.10,1.16,14.40,-129.58,-29.66,R
117.381,44,60,40,16,44,1.11,-16.87,4.33,0.33,-0.09,-0.17,-3.05,-1.84,9.26,0.00,-0.44,-0.04,-1.15,0.69,9.61,0.39,-0.20,-0.04,-0.56,2.46,9.61,0.48,0.00,0.00,-0.30,8.12,6.58,0.32,0.13,0.09,0.09,-0.11,0.96,6.84,47.79,-19.41,R
117.431,38,48,34,12,44,-1.38,-1.76,9.02,0.77,-0.23,-0.67,-3.63,0.98,9.66,0.18,-0.43,0.04,-1.86,2.47,9.53,-0.20,-0.40,0.04,-1.33,1.97,9.62,-0.43,-0.20,0.02,-1.08,7.55,7.05,-0.49,0.06,0.08,0.46,-0.20,0.83,-4.94,4.39,-10.86,R
117.483,36,40,32,11,43,-2.30,-4.16,9.86,-0.31,-0.41,-0.07,-3.07,0.13,9.41,-0.39,-0.61,-0.21,-1.08,1.86,9.58,-0.37,-0.46,-0.07,-0.87,1.27,9.68,-0.46,-0.18,-0.15,-0.87,7.04,7.15,-0.57,0.04,-0.09,0.37,-0.12,1.03,-3.48,-30.70,-10.07,R
117.533,34,36,29,11,44,-0.13,-3.98,9.30,-0.33,-0.06,-0.22,-2.28,-0.06,9.76,-0.01,-0.32,-0.30,-0.70,1.25,9.74,-0.06,-0.31,-0.24,-0.69,1.24,9.73,-0.22,-0.13,-0.33,-0.66,6.32,7.63,-0.35,-0.08,-0.24,0.29,-0.13,0.96,16.60,-5.31,-13.92,R
117.585,36,35,26,10,44,0.90,-3.47,8.62,0.09,-0.28,-0.06,-2.35,0.23,9.59,0.43,-0.20,-0.29,-0.53,1.69,9.62,0.12,-0.24,-0.28,-0.59,1.21,9.78,-0.04,-0.10,-0.37,-0.64,6.49,7.54,-0.06,-0.24,-0.26,0.31,-0.17,0.88,-3.42,12.76,-16.60,R
117.635,32,29,25,9,44,-0.12,-4.98,9.02,-0.05,-0.06,-0.26,-2.42,-0.06,9.41,0.05,-0.09,-0.23,-0.66,1.74,9.56,-0.04,-0.13,-0.19,-0.45,1.25,9.66,0.00,-0.05,-0.23,-0.57,6.53,7.42,0.08,-0.12,-0.14,0.22,-0.16,0.97,-5.68,-1.16,-12.57,R
117.686,31,29,23,10,44,0.03,-4.17,8.96,-0.13,0.12,-0.22,-2.25,0.13,9.70,0.33,-0.09,-0.04,-0.58,1.79,9.66,0.05,-0.05,-0.17,-0.64,1.33,9.68,0.02,-0.02,-0.16,-0.69,6.55,7.50,0.02,-0.06,-0.10,0.33,-0.15,0.96,-7.51,4.21,-7.51,R
117.738,31,26,25,11,45,-0.23,-4.96,9.92,-0.16,0.15,-0.21,-2.38,0.27,9.48,0.06,0.00,-0.14,-0.57,1.76,9.62,0.01,-0.04,-0.16,-0.58,1.21,9.75,0.00,-0.00,-0.17,-0.63,6.61,7.50,0.04,-0.07,-0.14,0.33,-0.14,0.96,-2.32,3.11,-8.24,R
117.789,32,25,26,12,45,-0.04,-4.85,9.12,-0.18,0.15,-0.21,-2.37,0.52,9.51,0.09,-0.01,-0.17,-0.55,1.90,9.59,-0.07,-0.03,-0.20,-0.52,1.38,9.77,-0.06,-0.01,-0.20,-0.52,6.38,7.46,-0.04,-0.08,-0.16,0.32,-0.14,0.93,-4.21,-2.99,-7.63,R
117.84,31,25,25,11,45,-0.38,-3.16,8.55,0.01,0.02,-0.20,-2.49,0.32,9.61,-0.02,0.01,-0.14,-0.57,1.75,9.63,-0.08,0.00,-0.11,-0.49,1.10,9.69,-0.01,0.02,-0.09,-0.58,6.58,7.57,0.09,-0.03,-0.04,0.25,-0.14,0.96,-7.69,-1.83,-3.05,R
117.891,31,26,23,10,45,0.35,-5.84,9.16,0.01,0.01,-0.02,-2.37,0.53,9.50,-0.07,0.04,-0.04,-0.48,1.91,9.61,-0.08,0.03,-0.03,-0.58,1.20,9.75,-0.01,0.04,-0.03,-0.64,6.82,7.36,0.06,0.01,-0.04,0.34,-0.14,0.95,-6.96,1.22,-2.50,R
117.942,31,25,23,11,45,0.16,-4.42,8.87,-0.12,-0.03,-0.07,-2.30,0.17,9.55,-0.08,0.05,-0.05,-0.60,1.76,9.62,-0.12,0.06,-0.04,-0.57,1.11,9.71,-0.02,0.04,-0.03,-0.68,6.55,7.55,0.05,0.01,-0.03,0.29,-0.14,0.95,-7.32,-5.62,-2.26,R
117.993,31,27,24,11,45,0.07,-4.84,8.87,-0.17,-0.01,-0.04,-2.45,0.27,9.54,-0.10,0.02,-0.03,-0.55,1.71,9.61,-0.12,0.04,-0.02,-0.62,1.07,9.77,-0.03,0.04,-0.01,-0.68,6.45,7.51,0.02,0.04,-0.01,0.28,-0.11,0.97,-8.18,-6.29,-0.85,R
118.044,31,24,25,14,46,0.16,-4.62,8.89,-0.09,0.02,-0.03,-2.40,0.09,9.51,-0.07,0.09,-0.00,-0.73,1.59,9.61,-0.05,0.10,-0.02,-0.76,1.27,9.78,0.03,0.06,-0.03,-0.78,6.77,7.37,0.02,0.02,-0.03,0.31,-0.12,0.96,-8.06,-2.26,-0.49,R
118.095,32,25,27,13,48,0.09,-4.65,8.84,-0.03,0.01,0.01,-2.36,0.14,9.41,-0.03,0.03,0.00,-0.67,1.61,9.63,-0.06,0.03,0.00,-0.64,1.16,9.75,0.02,0.03,-0.00,-0.73,6.60,7.44,0.06,0.02,-0.02,0.31,-0.12,0.95,1.04,0.00,-1.34,R
118.146,31,27,25,11,49,-0.02,-4.72,8.77,-0.11,0.08,-0.01,-2.50,0.25,9.52,-0.06,-0.02,0.02,-0.80,1.64,9.66,-0.12,-0.00,0.03,-0.66,1.11,9.77,0.01,0.03,-0.00,-0.75,6.75,7.35,0.06,0.02,-0.02,0.28,-0.11,0.97,-2.69,-3.05,-1.65,R
118.197,31,24,25,14,48,0.04,-4.83,8.77,-0.00,0.06,0.01,-2.46,0.09,9.57,-0.18,0.05,0.07,-0.64,1.54,9.63,-0.05,0.03,0.03,-0.68,1.17,9.76,0.06,0.05,-0.01,-0.69,6.65,7.41,0.08,0.01,-0.01,0.29,-0.12,0.95,0.24,2.32,-0.98,R
118.248,31,26,24,11,47,0.04,-4.66,8.86,0.07,0.04,-0.01,-2.45,0.07,9.62,-0.16,0.06,0.06,-0.76,1.49,9.62,-0.09,0.03,0.03,-0.77,1.27,9.71,0.01,0.02,-0.01,-0.76,6.63,7.33,0.03,0.02,-0.02,0.30,-0.12,0.96,1.59,-0.12,-1.65,R
118.299,31,27,24,12,49,-0.02,-4.94,8.68,-0.02,0.03,0.03,-2.46,0.08,9.60,-0.04,0.04,0.02,-0.82,1.59,9.65,-0.06,0.03,0.02,-0.78,1.28,9.67,0.03,0.03,-0.01,-0.70,6.76,7.33,0.03,0.01,-0.01,0.29,-0.12,0.96,-1.10,0.61,-1.28,R
118.35,31,28,24,13,48,0.02,-4.95,8.78,0.02,0.02,0.01,-2.48,-0.08,9.63,-0.02,0.02,0.01,-0.81,1.56,9.67,-0.04,0.02,0.01,-0.65,1.21,9.77,0.01,0.02,-0.01,-0.73,6.71,7.36,0.02,0.01,-0.01,0.30,-0.12,0.95,0.85,0.24,-0.73,R
118.401,31,26,24,14,48,-0.07,-4.64,8.87,-0.03,0.02,-0.02,-2.54,0.11,9.53,-0.01,0.04,0.01,-0.84,1.52,9.68,-0.05,0.03,0.01,-0.78,1.33,9.76,0.03,0.04,-0.01,-0.75,6.71,7.32,0.04,0.02,-0.01,0.29,-0.11,0.96,-0.92,-0.49,-0.79,R
118.451,32,26,24,14,49,-0.06,-4.66,8.76,-0.01,0.01,-0.01,-2.55,-0.04,9.48,-0.02,0.06,0.01,-0.80,1.58,9.66,-0.04,0.04,-0.01,-0.77,1.32,9.70,0.01,0.03,-0.01,-0.73,6.68,7.39,0.03,0.02,-0.01,0.30,-0.12,0.95,-2.14,-0.55,0.00,R
118.503,31,27,25,14,49,-0.04,-4.66,8.84,-0.07,0.01,-0.01,-2.49,0.09,9.78,0.01,0.04,-0.01,-0.78,1.59,9.67,-0.07,0.04,-0.01,-0.74,1.24,9.74,0.01,0.04,-0.02,-0.68,6.87,7.38,0.04,0.03,-0.03,0.30,-0.11,0.96,-1.83,-2.26,0.18,R
118.553,32,27,25,14,48,-0.14,-4.70,8.74,-0.03,0.00,-0.02,-2.48,-0.06,9.62,-0.04,0.01,0.01,-0.75,1.47,9.70,-0.08,-0.01,0.01,-0.76,1.21,9.78,-0.01,0.02,-0.00,-0.68,6.71,7.37,0.04,0.03,-0.02,0.29,-0.10,0.97,0.06,0.31,0.12,R
118.604,31,25,26,14,48,-0.06,-4.73,8.73,-0.02,0.01,0.01,-2.50,-0.07,9.56,-0.07,-0.04,0.01,-0.85,1.48,9.60,-0.06,-0.02,0.00,-0.86,1.31,9.73,-0.04,-0.00,0.00,-0.73,6.75,7.35,0.00,0.02,-0.01,0.29,-0.11,0.96,3.36,-0.73,0.79,R
118.656,32,26,25,15,50,0.00,-4.41,8.93,0.11,0.06,-0.05,-2.39,-0.19,9.57,-0.10,0.01,0.01,-0.81,1.48,9.63,-0.07,-0.01,0.00,-0.80,1.21,9.72,-0.05,0.00,0.01,-0.84,6.77,7.34,0.00,0.03,-0.02,0.29,-0.12,0.95,2.93,-0.61,0.31,R
118.706,31,25,24,14,50,-0.04,-4.92,8.82,-0.02,0.01,-0.01,-2.50,-0.11,9.62,-0.01,0.03,-0.00,-0.80,1.50,9.69,-0.02,-0.00,-0.00,-0.78,1.18,9.74,-0.03,0.01,-0.00,-0.72,6.71,7.34,-0.01,0.00,-0.01,0.30,-0.11,0.96,0.85,0.00,-0.18,R
118.757,33,28,24,16,49,0.02,-4.69,8.78,0.01,0.02,-0.01,-2.49,-0.21,9.49,-0.02,0.03,-0.01,-0.84,1.52,9.68,-0.05,-0.00,0.00,-0.78,1.27,9.73,-0.02,0.01,0.00,-0.72,6.64,7.30,0.01,0.02,-0.01,0.29,-0.12,0.96,1.22,-0.12,-0.12,R
118.808,31,26,25,14,47,-0.03,-4.61,8.75,-0.01,0.02,-0.02,-2.48,-0.17,9.53,-0.00,0.01,-0.01,-0.75,1.47,9.66,-0.05,-0.01,0.00,-0.76,1.17,9.74,-0.02,0.01,-0.00,-0.74,6.57,7.31,0.01,0.01,-0.01,0.29,-0.12,0.96,1.22,-0.98,-0.31,R
118.859,30,25,25,14,48,-0.05,-4.73,8.80,-0.01,0.02,-0.02,-2.51,-0.15,9.53,-0.02,0.03,0.00,-0.81,1.46,9.67,-0.02,0.01,-0.01,-0.73,1.13,9.72,-0.01,0.01,-0.01,-0.75,6.76,7.34,0.01,0.01,-0.02,0.29,-0.12,0.96,0.06,-0.18,0.00,R
118.91,32,26,25,14,48,-0.06,-4.87,8.82,-0.01,0.01,-0.01,-2.48,-0.18,9.60,-0.03,0.02,0.00,-0.88,1.46,9.72,-0.03,0.01,0.01,-0.82,1.24,9.74,-0.01,0.01,0.00,-0.72,6.72,7.35,0.01,0.01,-0.00,0.29,-0.12,0.96,1.04,0.18,0.06,R
118.962,31,25,24,14,46,-0.09,-4.86,8.73,-0.01,0.02,0.00,-2.51,-0.04,9.53,0.00,0.02,-0.01,-0.82,1.49,9.71,-0.06,-0.01,0.01,-0.76,1.19,9.74,-0.01,0.02,-0.01,-0.70,6.63,7.33,-0.00,0.02,-0.00,0.29,-0.11,0.96,0.49,-0.31,-0.12,R
119.012,32,24,25,14,48,-0.00,-4.66,8.87,0.00,0.01,-0.02,-2.49,-0.11,9.55,-0.02,0.02,-0.01,-0.78,1.41,9.63,-0.03,0.01,0.00,-0.76,1.17,9.77,0.01,0.01,-0.01,-0.76,6.75,7.32,0.01,0.01,-0.01,0.29,-0.12,0.96,-0.31,-0.18,0.06,R
119.064,32,26,24,14,48,0.00,-4.79,8.76,0.01,0.01,-0.01,-2.43,-0.07,9.53,-0.01,0.01,-0.00,-0.82,1.43,9.66,-0.02,0.00,-0.01,-0.79,1.28,9.74,-0.02,0.00,0.00,-0.72,6.57,7.39,-0.02,0.01,0.00,0.29,-0.12,0.96,1.40,0.18,0.24,R
119.114,31,24,23,14,46,-0.06,-4.81,8.76,-0.01,0.02,-0.01,-2.49,-0.15,9.56,-0.01,0.04,-0.00,-0.84,1.36,9.65,-0.03,0.02,-0.00,-0.77,1.33,9.80,-0.01,0.01,-0.01,-0.74,6.65,7.33,0.00,0.01,-0.01,0.29,-0.12,0.96,0.24,-0.55,-0.31,R
119.165,31,24,24,14,47,-0.06,-4.75,8.75,0.01,0.02,-0.00,-2.46,-0.10,9.58,-0.02,0.01,0.00,-0.79,1.50,9.62,-0.02,-0.00,0.00,-0.83,1.28,9.75,-0.01,0.01,0.01,-0.75,6.68,7.38,0.02,0.02,-0.00,0.29,-0.12,0.96,1.65,0.85,0.43,R
119.216,32,24,22,14,47,-0.07,-4.84,8.72,-0.01,0.02,-0.01,-2.41,-0.16,9.54,-0.01,0.03,-0.00,-0.82,1.44,9.70,-0.02,0.00,-0.01,-0.79,1.21,9.79,-0.01,0.01,-0.00,-0.74,6.63,7.34,0.00,0.02,-0.01,0.29,-0.11,0.96,0.31,-0.06,0.00,R
119.267,31,24,23,14,47,-0.01,-4.74,8.79,-0.02,0.03,-0.00,-2.48,-0.08,9.62,-0.01,0.01,-0.00,-0.76,1.43,9.73,-0.05,0.00,0.01,-0.76,1.17,9.73,-0.00,0.01,0.00,-0.68,6.62,7.38,0.02,0.01,-0.01,0.29,-0.11,0.96,0.79,0.00,0.00,R
119.318,31,23,23,13,48,-0.01,-4.65,8.80,0.01,0.02,-0.01,-2.51,-0.19,9.57,0.00,0.04,0.00,-0.77,1.46,9.67,-0.02,0.01,0.00,-0.78,1.21,9.73,-0.00,0.02,-0.00,-0.74,6.61,7.35,0.02,0.02,-0.01,0.29,-0.12,0.96,-0.18,0.18,0.12,R
119.369,31,23,23,13,46,0.05,-4.75,8.77,0.01,0.02,-0.01,-2.45,-0.12,9.60,-0.02,0.01,0.00,-0.84,1.46,9.65,-0.04,-0.00,-0.00,-0.73,1.09,9.70,0.00,0.02,-0.01,-0.79,6.85,7.38,0.02,0.01,-0.02,0.29,-0.12,0.96,1.16,-0.43,0.12,R
119.42,33,24,25,14,48,0.01,-4.84,8.72,0.01,0.02,-0.01,-2.44,-0.16,9.56,0.01,0.04,-0.00,-0.82,1.54,9.69,-0.01,0.01,-0.01,-0.82,1.26,9.74,-0.00,0.01,-0.00,-0.74,6.80,7.36,0.00,0.01,-0.00,0.29,-0.12,0.96,0.73,0.67,0.00,R
119.471,31,23,25,14,47,0.04,-4.94,8.78,-0.01,0.02,0.00,-2.49,-0.11,9.58,-0.01,0.03,-0.00,-0.81,1.48,9.71,-0.01,0.01,0.00,-0.79,1.24,9.75,-0.02,0.00,0.00,-0.70,6.60,7.34,-0.00,0.02,-0.00,0.30,-0.12,0.96,0.92,0.43,0.06,R
119.522,31,25,23,14,48,-0.05,-4.73,8.74,-0.02,0.02,-0.00,-2.49,-0.17,9.58,-0.01,0.02,0.00,-0.81,1.41,9.65,-0.02,0.01,0.00,-0.80,1.16,9.73,-0.02,0.01,0.00,-0.76,6.72,7.37,0.01,0.01,-0.00,0.29,-0.12,0.96,0.79,0.12,0.06,R
119.573,31,23,24,14,48,0.01,-4.84,8.75,-0.02,0.02,0.00,-2.48,-0.10,9.58,-0.01,0.03,-0.00,-0.83,1.50,9.66,-0.03,0.01,-0.00,-0.77,1.20,9.71,-0.01,0.01,-0.01,-0.71,6.65,7.33,0.00,0.02,-0.01,0.29,-0.11,0.96,0.37,0.00,0.18,R
119.625,32,24,25,16,48,-0.04,-4.78,8.72,0.01,0.02,-0.01,-2.56,-0.16,9.58,-0.00,0.03,-0.00,-0.84,1.52,9.73,-0.03,0.01,0.00,-0.79,1.21,9.76,-0.01,0.01,-0.00,-0.71,6.61,7.38,0.01,0.01,-0.01,0.29,-0.12,0.96,0.79,0.18,0.37,R
119.675,32,26,23,13,46,0.02,-4.84,8.74,0.00,0.02,-0.01,-2.51,-0.14,9.62,-0.03,0.02,0.00,-0.80,1.49,9.74,-0.03,-0.00,0.00,-0.78,1.25,9.71,-0.01,0.01,0.01,-0.75,6.65,7.41,0.01,0.02,-0.00,0.29,-0.11,0.96,1.04,0.18,0.12,R
119.726,30,25,23,14,45,0.01,-4.74,8.84,-0.01,0.01,0.00,-2.48,-0.12,9.58,0.00,0.02,-0.00,-0.77,1.47,9.70,-0.01,0.01,-0.01,-0.85,1.23,9.75,-0.00,0.01,-0.00,-0.72,6.67,7.34,-0.01,0.01,-0.00,0.29,-0.12,0.96,0.12,-0.31,0.06,R
119.777,32,24,24,15,48,-0.06,-4.82,8.72,0.02,0.01,0.00,-2.48,-0.11,9.59,-0.01,0.00,0.01,-0.79,1.50,9.64,-0.03,-0.00,0.00,-0.81,1.21,9.73,-0.01,0.01,0.00,-0.71,6.68,7.34,0.02,0.02,-0.00,0.29,-0.12,0.96,0.98,0.73,0.18,R
119.828,31,24,22,13,48,0.25,-5.20,8.21,-0.06,-0.04,0.03,-2.48,-0.17,9.46,0.02,0.03,0.00,-0.76,1.53,9.71,0.00,0.01,-0.00,-0.78,1.23,9.69,-0.02,0.01,0.01,-0.73,6.66,7.32,0.03,0.02,-0.00,0.29,-0.11,0.96,0.18,0.73,0.49,R
119.879,32,24,23,14,47,0.17,-5.08,8.36,-0.04,-0.04,0.03,-2.49,-0.25,9.49,0.01,0.04,0.01,-0.78,1.62,9.71,-0.00,0.01,0.00,-0.73,1.05,9.76,-0.03,0.02,0.02,-0.72,6.69,7.43,0.06,0.03,0.00,0.29,-0.11,0.96,-0.12,1.83,1.10,R
119.93,33,25,25,15,47,0.00,-4.91,8.78,-0.01,-0.00,0.03,-2.51,0.04,9.59,-0.01,0.02,0.01,-0.77,1.40,9.66,-0.05,0.00,0.00,-0.77,1.25,9.75,-0.01,0.01,-0.00,-0.65,6.58,7.39,0.00,0.02,-0.01,0.31,-0.11,0.96,1.40,-0.24,0.12,R
119.981,31,24,22,14,48,-0.09,-4.74,8.82,0.01,0.02,-0.01,-2.49,-0.20,9.59,0.00,0.03,-0.00,-0.84,1.44,9.73,-0.01,0.01,-0.01,-0.84,1.24,9.72,-0.00,0.01,0.00,-0.69,6.65,7.38,0.02,0.02,0.00,0.29,-0.12,0.96,0.12,0.55,0.00,R
120.032,33,25,25,14,47,-0.02,-4.64,8.83,0.01,0.01,0.01,-2.62,0.03,9.51,0.01,0.02,-0.00,-0.74,1.62,9.65,-0.07,-0.01,0.01,-0.77,1.07,9.73,0.01,0.02,0.01,-0.71,6.92,7.28,0.03,0.02,-0.00,0.30,-0.11,0.96,1.04,0.31,0.37,R
120.083,32,24,23,15,48,-0.01,-4.79,8.77,-0.01,0.02,-0.00,-2.50,-0.07,9.56,-0.03,0.02,0.00,-0.85,1.38,9.74,-0.05,0.01,0.00,-0.75,1.15,9.72,-0.01,0.01,-0.01,-0.65,6.67,7.26,-0.00,0.02,-0.01,0.30,-0.12,0.96,0.43,-0.79,-0.24,R
120.134,32,23,24,14,47,-0.07,-4.83,8.77,-0.01,0.01,0.00,-2.51,-0.10,9.61,0.01,0.03,0.00,-0.81,1.46,9.66,-0.02,0.00,0.00,-0.79,1.21,9.75,-0.01,0.01,0.00,-0.69,6.73,7.32,0.01,0.01,-0.00,0.30,-0.12,0.96,0.55,0.67,0.06,R
120.185,33,23,23,14,47,-0.06,-4.80,8.78,0.02,0.02,-0.01,-2.45,-0.09,9.54,-0.01,0.03,0.00,-0.79,1.50,9.70,-0.03,0.00,-0.00,-0.80,1.21,9.70,-0.01,0.01,-0.00,-0.74,6.66,7.32,0.00,0.02,-0.01,0.30,-0.12,0.96,0.92,-0.37,-0.12,R
120.236,32,21,24,15,48,-0.05,-4.83,8.75,-0.01,0.01,-0.02,-2.49,-0.13,9.59,-0.02,0.02,-0.01,-0.83,1.42,9.67,-0.04,-0.01,0.00,-0.81,1.19,9.72,-0.03,0.00,-0.00,-0.70,6.61,7.37,-0.00,0.02,-0.01,0.30,-0.11,0.96,0.98,-0.92,-0.12,R
120.287,32,24,24,14,47,-0.03,-4.67,8.86,-0.01,0.02,-0.01,-2.51,0.06,9.51,-0.02,0.03,-0.01,-0.73,1.54,9.69,-0.05,-0.02,-0.00,-0.78,1.16,9.75,-0.04,-0.00,-0.01,-0.67,6.66,7.32,-0.02,0.02,-0.01,0.30,-0.11,0.96,0.98,-1.16,-0.12,R
120.338,34,25,25,15,48,0.02,-4.75,8.79,0.00,0.04,-0.01,-2.47,-0.16,9.57,-0.01,-0.01,-0.01,-0.79,1.46,9.65,-0.06,-0.03,0.00,-0.83,1.26,9.74,-0.06,-0.03,0.00,-0.73,6.69,7.35,-0.07,0.01,-0.01,0.31,-0.12,0.97,4.15,0.43,-0.73,R
120.389,31,24,24,15,48,0.14,-4.84,8.87,0.06,0.09,-0.03,-2.39,-0.22,9.71,0.00,-0.04,-0.04,-0.65,1.22,9.69,-0.06,-0.04,-0.00,-0.70,0.98,9.71,-0.10,-0.04,-0.01,-0.72,6.71,7.35,-0.11,0.01,-0.06,0.32,-0.10,1.00,8.42,0.31,-2.20,R
120.44,34,24,26,14,48,0.10,-4.61,8.89,0.08,0.24,-0.08,-2.64,-0.25,9.60,0.09,0.31,-0.18,-1.02,1.15,9.81,-0.10,0.25,-0.10,-1.01,1.17,9.88,0.02,0.01,-0.21,-0.90,6.88,7.35,-0.24,-0.07,-0.28,0.35,-0.14,0.95,10.86,-2.93,-4.70,R
120.492,34,25,30,14,46,-0.05,-4.07,8.95,-0.23,0.33,-0.20,-2.48,0.34,9.72,0.08,-0.02,-0.50,-1.01,1.33,9.96,-0.10,0.03,-0.42,-0.73,1.21,9.75,-0.24,-0.03,-0.45,-0.80,6.56,7.40,-0.48,-0.19,-0.46,0.32,-0.14,0.91,8.97,-0.92,-7.81,R
120.543,35,21,27,11,44,-0.27,-4.66,9.08,0.00,0.19,-0.20,-2.72,0.15,9.75,-0.10,0.06,-0.52,-1.15,1.40,9.59,-0.06,0.05,-0.45,-0.81,1.16,9.73,-0.16,-0.01,-0.37,-0.50,6.11,7.43,-0.23,-0.18,-0.23,0.22,-0.19,0.89,-13.67,-3.97,-4.88,R
120.593,37,24,30,13,44,-0.65,-5.80,8.03,0.10,0.06,-0.25,-2.64,-0.59,9.52,-0.08,-0.10,0.00,-1.10,1.21,9.76,-0.00,-0.15,0.06,-0.60,0.89,9.78,0.01,-0.07,0.13,-0.59,6.24,7.84,0.32,-0.06,0.29,0.10,-0.13,1.01,-3.30,13.85,-0.18,R
120.644,33,14,27,11,43,-0.18,-4.36,8.80,0.64,-0.14,0.10,-2.44,-0.48,9.73,-0.04,-0.17,0.20,-0.80,1.41,9.75,-0.02,-0.12,0.15,-0.77,1.01,9.79,-0.03,0.01,0.18,-0.82,6.49,7.60,0.23,0.06,0.20,0.38,-0.13,0.97,-1.71,11.47,2.44,R
120.697,33,20,24,11,43,0.15,-4.25,8.62,0.09,-0.06,-0.01,-2.34,-0.29,9.50,-0.15,-0.06,0.06,-0.72,1.69,9.64,-0.18,-0.07,0.04,-0.62,0.97,9.76,-0.22,0.04,0.05,-0.61,6.45,7.55,-0.08,0.14,-0.01,0.34,-0.11,0.99,2.08,-13.85,-0.98,R
120.747,33,18,24,11,44,-0.30,-4.09,7.63,0.33,0.03,0.08,-2.41,-0.02,9.57,-0.25,-0.19,0.10,-0.71,1.67,9.74,-0.44,-0.10,0.16,-0.55,1.02,9.70,-0.36,0.06,0.17,-0.48,6.59,7.49,-0.08,0.30,-0.01,0.31,-0.15,0.95,0.31,-18.19,1.04,R
120.797,33,16,24,9,42,-0.35,-4.23,8.91,0.32,-0.10,0.12,-2.21,-1.15,9.31,-0.47,-0.17,0.18,-0.61,0.69,9.56,-0.67,-0.05,0.31,-0.79,0.39,9.95,-0.29,0.05,0.26,-0.85,6.29,7.72,0.12,0.20,0.16,0.15,-0.11,0.97,-0.61,-19.84,6.96,R
120.848,33,13,22,9,42,0.08,-4.12,9.07,0.29,-0.06,0.22,-2.20,-1.01,9.30,-0.18,-0.04,0.26,-0.69,0.64,9.78,-0.17,0.04,0.25,-0.68,0.62,9.61,-0.27,0.04,0.24,-0.84,6.66,7.49,-0.03,0.09,0.17,0.32,-0.14,0.92,-12.33,-4.76,9.70,R
120.899,33,13,22,10,42,0.08,-4.14,9.09,-0.13,-0.03,0.04,-2.12,-1.07,9.79,-0.12,0.02,0.09,-0.82,0.68,9.92,0.03,0.03,0.07,-1.04,0.36,9.73,0.09,-0.08,0.18,-0.98,6.47,7.69,0.09,-0.11,0.20,0.23,-0.10,0.99,-7.81,-1.89,4.52,R
120.95,32,8,20,10,42,0.11,-3.60,9.24,0.19,-0.05,0.01,-1.89,-1.03,9.80,0.15,-0.09,0.00,-0.56,0.69,9.80,0.34,-0.09,-0.04,-0.60,0.76,10.01,0.43,-0.39,-0.03,-0.63,6.64,7.54,-0.02,-0.31,0.12,0.32,-0.13,0.94,-0.79,4.03,-3.23,R
121.001,32,9,25,9,40,2.52,-5.56,10.49,-0.06,-0.08,-0.09,-2.22,-0.45,10.01,0.05,-0.13,0.02,-0.68,1.13,10.00,0.14,-0.14,-0.02,-0.65,1.18,9.89,0.20,-0.55,0.04,-0.23,6.78,7.40,0.14,-0.34,0.14,0.22,-0.10,0.97,-1.46,-0.67,-1.53,R
121.053,29,7,22,7,38,0.05,-4.01,9.33,-0.14,-0.09,0.03,-2.38,-0.49,12.11,0.04,-0.38,0.24,-0.80,0.55,14.53,-0.11,-0.72,0.22,-0.51,0.01,15.50,0.01,-1.31,0.05,-0.59,8.44,11.07,-0.07,-1.13,0.69,0.35,-0.15,0.96,-5.00,-1.22,3.91,R
121.103,29,7,19,2,34,-0.35,-3.78,9.26,-0.41,-0.17,-0.20,-1.63,-0.15,8.95,-0.22,-1.34,-0.24,0.23,1.14,8.81,-0.10,-1.62,-0.21,0.52,1.36,7.07,-0.68,-2.18,0.08,0.91,4.98,5.09,-0.79,-1.50,1.06,0.20,-0.05,0.99,-24.41,-20.94,10.62,R
121.155,28,7,20,0,32,0.20,-5.17,9.95,0.14,-0.27,-0.12,-0.44,-1.16,8.61,0.09,-0.35,-0.35,0.95,1.87,7.07,0.19,-0.62,-0.19,1.92,0.09,7.79,-0.15,-0.57,0.04,1.74,4.44,5.94,0.15,-0.16,0.14,0.20,-0.02,0.99,-8.18,-4.82,6.53,R
121.205,26,5,19,0,30,0.52,-3.64,8.21,0.31,-0.34,0.04,-0.89,0.22,8.59,-0.08,0.08,0.11,0.81,1.90,7.84,0.08,0.22,0.18,1.78,0.78,7.69,0.19,0.39,0.20,1.43,4.82,5.78,0.21,0.50,-0.15,0.22,-0.03,0.97,3.11,3.36,5.86,R
121.257,27,4,17,0,30,0.72,-3.98,8.76,0.25,0.18,0.37,-0.78,-1.45,9.26,0.37,0.45,0.52,0.78,-0.20,9.73,0.26,0.78,0.18,1.25,-0.94,10.22,0.49,1.03,0.10,0.52,4.82,7.43,0.69,1.23,-0.77,0.25,-0.07,0.97,26.12,16.60,-4.15,R
121.307,27,4,18,0,31,0.53,-4.76,9.38,0.77,-0.14,0.17,-1.47,-0.23,9.77,0.56,0.38,0.01,0.08,2.18,8.63,0.58,0.62,-0.15,0.87,1.59,7.56,0.61,1.28,-0.06,0.81,6.60,5.91,0.66,1.55,-1.01,0.25,-0.08,0.97,26.37,30.40,-6.65,R
121.358,26,4,25,3,34,-0.72,-1.54,9.88,0.46,0.03,0.25,-1.81,1.20,9.43,0.53,0.95,0.12,0.21,3.81,16.19,-0.38,1.16,0.15,-0.89,-3.58,15.12,-0.43,0.76,0.23,-1.48,5.00,9.32,-0.08,0.39,-0.03,0.37,-0.19,0.95,13.67,5.13,4.39,R
121.409,23,5,27,5,37,0.71,-4.29,9.15,-0.02,0.05,0.21,-2.66,0.22,11.15,0.21,0.11,-0.08,-0.43,0.76,9.96,0.20,-0.03,-0.07,-0.36,0.78,10.22,0.02,0.14,-0.05,-0.40,6.59,7.62,0.05,0.04,0.01,0.32,-0.10,0.95,6.59,22.34,1.95,R
121.46,28,4,20,6,38,0.53,-3.19,9.46,-0.01,-0.20,0.13,-1.55,0.39,9.64,0.05,-0.03,-0.08,-0.05,1.72,9.62,-0.12,0.00,-0.03,0.02,0.73,9.82,-0.03,0.19,-0.08,-0.39,6.53,7.48,-0.07,0.04,-0.06,0.28,-0.12,0.94,2.08,-7.45,-1.83,R
121.512,26,1,19,5,38,0.55,-3.33,9.28,0.14,-0.08,0.10,-1.80,-0.06,9.84,-0.08,-0.01,0.02,-0.29,1.66,9.67,-0.04,0.03,0.02,-0.46,0.67,9.84,0.05,0.24,-0.03,-0.37,6.63,7.44,0.10,0.03,-0.01,0.29,-0.13,0.96,4.15,6.35,0.06,R
121.562,26,2,20,8,38,0.55,-3.19,9.29,-0.07,0.02,0.03,-1.75,-0.02,9.74,-0.01,0.04,-0.02,-0.30,1.55,9.77,-0.08,0.04,0.01,-0.46,0.91,9.93,-0.01,0.15,-0.05,-0.35,6.55,7.48,-0.01,0.04,-0.04,0.32,-0.13,0.96,-0.49,-2.14,-0.61,R
121.614,26,2,20,9,40,0.50,-3.44,9.34,-0.04,0.06,0.01,-1.74,-0.07,9.75,-0.02,0.06,0.00,-0.15,1.66,9.56,-0.07,0.01,0.00,-0.67,0.59,9.71,-0.04,0.06,-0.00,-0.41,6.52,7.50,0.07,0.06,-0.02,0.30,-0.13,0.95,1.65,2.87,0.12,R
121.664,26,1,19,8,38,0.43,-3.55,9.44,-0.08,0.06,0.02,-1.69,-0.04,9.77,-0.04,0.02,0.01,-0.30,1.50,9.62,-0.14,0.08,0.03,-0.43,0.85,9.78,0.01,0.07,-0.00,-0.44,6.75,7.34,0.04,0.04,-0.02,0.30,-0.13,0.95,1.10,-0.18,-0.06,R
121.718,26,1,20,9,41,0.48,-3.74,9.32,-0.01,0.01,0.00,-1.70,-0.11,9.77,-0.05,0.07,0.01,-0.47,1.47,9.62,-0.06,0.08,0.01,-0.53,0.93,9.77,0.02,0.06,-0.01,-0.49,6.61,7.36,0.05,0.04,-0.02,0.30,-0.12,0.96,0.12,1.16,0.79,R
121.767,25,0,19,9,40,0.42,-3.33,9.32,-0.04,0.07,-0.01,-1.70,-0.18,9.73,-0.04,0.04,-0.01,-0.34,1.47,9.65,-0.04,0.01,-0.01,-0.46,0.91,9.75,-0.03,0.02,-0.01,-0.44,6.62,7.36,0.01,0.03,-0.02,0.30,-0.13,0.95,1.34,-0.43,0.49,R
121.817,24,0,19,8,40,0.43,-3.63,9.31,-0.03,0.02,0.00,-1.78,-0.19,9.73,0.00,0.03,0.00,-0.36,1.49,9.71,-0.01,0.01,-0.00,-0.49,0.92,9.84,0.01,0.02,-0.01,-0.42,6.69,7.40,0.03,0.02,-0.01,0.31,-0.13,0.96,0.00,1.83,0.49,R
121.868,25,0,22,10,40,0.46,-3.55,9.23,-0.07,0.04,-0.02,-1.77,-0.15,9.72,-0.02,0.03,-0.01,-0.34,1.50,9.71,-0.04,-0.01,-0.00,-0.47,0.95,9.78,-0.02,-0.00,-0.01,-0.42,6.61,7.42,-0.01,0.02,-0.02,0.31,-0.12,0.96,-0.12,-1.34,0.12,R
121.919,25,2,20,11,44,0.38,-3.70,9.31,-0.05,0.06,0.00,-1.77,-0.25,9.74,-0.03,0.03,-0.01,-0.42,1.48,9.67,-0.01,0.00,-0.01,-0.50,0.91,9.85,-0.00,0.02,-0.01,-0.48,6.51,7.38,-0.00,0.01,-0.02,0.31,-0.13,0.95,-0.31,0.18,0.00,R
121.97,23,0,20,9,40,0.42,-3.69,9.24,-0.07,0.04,-0.01,-1.79,-0.12,9.76,-0.01,0.03,-0.00,-0.39,1.52,9.71,-0.04,0.01,-0.00,-0.50,0.92,9.80,-0.01,0.03,-0.00,-0.42,6.61,7.40,0.03,0.03,-0.02,0.30,-0.13,0.96,0.55,-1.28,-0.06,R
122.022,24,0,25,10,41,0.40,-3.67,9.29,-0.04,0.04,0.00,-1.79,-0.20,9.70,0.00,0.04,0.01,-0.42,1.52,9.73,-0.00,0.02,0.00,-0.44,0.91,9.84,-0.01,0.02,0.00,-0.55,6.64,7.43,0.04,0.03,-0.00,0.31,-0.13,0.95,0.49,0.55,0.24,R
122.072,23,0,20,11,41,0.40,-3.61,9.29,-0.04,0.03,-0.01,-1.76,-0.13,9.67,-0.02,0.03,-0.01,-0.39,1.41,9.68,-0.04,0.02,0.01,-0.53,0.90,9.77,-0.02,0.01,-0.01,-0.46,6.65,7.37,0.00,0.02,-0.02,0.30,-0.13,0.96,-0.31,-0.98,-0.12,R
122.123,23,0,20,11,42,0.31,-3.66,9.33,-0.01,0.04,-0.02,-1.79,-0.23,9.75,0.00,0.04,-0.01,-0.29,1.38,9.68,-0.03,0.02,0.00,-0.50,0.91,9.77,-0.02,0.01,-0.00,-0.49,6.58,7.38,-0.00,0.02,-0.02,0.31,-0.13,0.95,0.06,-1.04,-0.12,R
122.174,24,0,22,11,41,0.41,-3.82,9.28,-0.01,0.03,-0.01,-1.81,-0.19,9.76,-0.01,0.04,0.00,-0.39,1.48,9.69,-0.03,0.02,0.00,-0.53,0.92,9.74,0.01,0.03,-0.01,-0.56,6.82,7.35,0.02,0.02,-0.02,0.30,-0.13,0.95,0.43,0.31,0.18,R
122.225,24,0,23,10,40,0.37,-3.55,9.27,-0.02,0.02,-0.01,-1.74,-0.07,9.66,0.00,0.02,-0.00,-0.44,1.48,9.65,-0.04,0.04,0.00,-0.59,0.89,9.80,0.01,0.02,-0.00,-0.49,6.76,7.35,0.01,0.02,-0.01,0.30,-0.13,0.95,0.24,-0.49,-0.12,R
122.276,23,1,22,12,42,0.38,-3.63,9.34,-0.01,0.02,-0.01,-1.80,-0.21,9.73,-0.01,0.03,-0.00,-0.39,1.55,9.70,-0.02,0.01,0.00,-0.55,0.97,9.80,0.00,0.03,-0.01,-0.52,6.66,7.35,-0.00,0.01,-0.02,0.31,-0.12,0.96,0.79,-0.12,0.24,R
122.327,25,2,24,12,43,0.40,-3.60,9.25,-0.01,0.02,-0.01,-1.81,-0.22,9.73,-0.01,0.04,0.00,-0.47,1.47,9.63,-0.02,0.02,-0.00,-0.54,0.98,9.77,-0.01,0.01,-0.00,-0.50,6.59,7.37,0.02,0.01,-0.01,0.30,-0.13,0.95,0.37,0.12,0.00,R
122.378,24,1,23,11,42,0.45,-3.86,9.31,-0.03,0.02,-0.01,-1.82,-0.10,9.65,0.01,0.04,0.00,-0.51,1.55,9.63,-0.03,0.00,-0.00,-0.57,0.97,9.79,-0.01,0.01,-0.01,-0.47,6.60,7.36,0.01,0.02,-0.01,0.31,-0.13,0.95,0.73,-0.12,0.12,R
122.43,23,2,22,11,42,0.39,-3.80,9.25,-0.03,0.04,-0.01,-1.81,-0.19,9.72,-0.01,0.03,-0.00,-0.54,1.39,9.74,-0.03,0.03,0.01,-0.55,0.89,9.78,0.01,0.03,-0.00,-0.51,6.68,7.41,0.02,0.02,-0.01,0.30,-0.13,0.96,0.61,0.55,0.18,R
122.48,24,2,25,11,42,0.43,-3.70,9.26,0.01,0.01,-0.01,-1.82,-0.15,9.74,0.01,0.04,-0.00,-0.44,1.52,9.71,-0.03,0.02,-0.00,-0.55,0.95,9.79,-0.01,0.01,-0.01,-0.49,6.72,7.35,-0.02,0.02,-0.01,0.31,-0.13,0.95,0.00,-0.43,0.18,R
122.531,23,0,22,11,42,0.30,-3.50,9.31,-0.00,0.02,-0.01,-1.79,-0.18,9.73,-0.01,0.03,-0.00,-0.50,1.46,9.72,-0.03,0.01,0.00,-0.55,0.95,9.77,0.01,0.01,0.00,-0.50,6.69,7.31,0.02,0.02,-0.00,0.30,-0.13,0.95,0.55,0.18,0.24,R
122.583,24,2,23,11,42,0.32,-3.86,9.18,-0.01,0.00,0.01,-1.86,-0.21,9.74,0.00,0.02,0.00,-0.49,1.48,9.66,-0.04,0.00,0.01,-0.54,0.95,9.83,-0.01,0.01,0.00,-0.48,6.64,7.39,0.02,0.02,-0.01,0.31,-0.12,0.96,0.79,0.79,0.24,R
122.634,23,0,22,11,42,0.40,-3.71,9.22,0.01,0.01,0.01,-1.84,-0.25,9.76,-0.02,0.02,0.00,-0.45,1.47,9.71,-0.02,0.00,0.01,-0.55,1.01,9.78,-0.00,0.01,-0.00,-0.50,6.59,7.34,-0.01,0.02,-0.01,0.31,-0.13,0.95,0.31,-0.18,0.06,R
122.684,24,1,24,12,43,0.32,-3.69,9.27,-0.01,0.02,-0.00,-1.85,-0.23,9.73,-0.02,0.00,0.01,-0.46,1.46,9.70,-0.03,-0.01,0.01,-0.55,0.91,9.78,-0.00,0.00,0.01,-0.53,6.63,7.35,0.02,0.02,-0.01,0.30,-0.13,0.96,1.10,0.06,0.06,R
122.735,23,1,23,10,42,0.36,-3.77,9.31,-0.06,0.03,0.02,-1.84,-0.17,9.71,0.01,0.03,0.00,-0.46,1.58,9.68,-0.02,0.01,0.00,-0.57,1.02,9.78,0.00,0.01,-0.00,-0.48,6.66,7.37,0.01,0.02,-0.01,0.31,-0.13,0.95,0.06,-0.79,0.18,R
122.786,22,0,22,11,42,0.28,-3.98,9.29,-0.07,0.04,0.03,-1.78,-0.19,9.75,-0.01,0.03,0.00,-0.43,1.54,9.66,-0.01,0.01,-0.00,-0.57,0.91,9.70,0.00,0.02,-0.00,-0.49,6.75,7.34,0.02,0.02,-0.00,0.30,-0.13,0.96,0.61,1.28,0.31,R
122.837,23,2,20,10,41,0.32,-3.65,9.27,0.00,0.02,-0.00,-1.76,-0.14,9.68,-0.01,0.01,0.00,-0.53,1.49,9.72,-0.04,0.00,0.00,-0.49,0.99,9.73,-0.01,0.01,-0.01,-0.48,6.81,7.34,0.00,0.02,-0.01,0.31,-0.12,0.95,1.04,-1.04,0.00,R
122.888,23,2,25,10,42,0.32,-3.79,9.27,-0.03,0.02,0.01,-1.85,-0.13,9.70,-0.01,0.02,0.01,-0.49,1.44,9.69,-0.03,0.01,0.01,-0.58,0.91,9.77,-0.00,0.01,-0.00,-0.48,6.75,7.35,0.02,0.02,-0.01,0.31,-0.13,0.95,0.79,0.49,0.18,R
122.939,24,2,20,11,42,0.35,-3.84,9.19,-0.01,0.02,0.01,-1.82,-0.08,9.67,0.01,0.02,-0.00,-0.49,1.54,9.70,-0.04,0.00,0.00,-0.57,0.87,9.82,-0.00,0.02,-0.01,-0.51,6.68,7.32,0.01,0.02,-0.01,0.31,-0.13,0.95,0.43,0.06,0.00,R
122.99,24,4,23,13,42,0.33,-3.66,9.28,0.00,0.02,-0.01,-1.84,-0.15,9.68,0.01,0.02,-0.01,-0.48,1.50,9.69,-0.03,0.01,-0.00,-0.55,0.85,9.84,-0.01,0.01,-0.01,-0.49,6.82,7.37,0.01,0.02,-0.01,0.30,-0.12,0.95,1.16,-0.67,0.12,R
123.041,22,3,22,10,43,0.29,-3.72,9.24,-0.00,0.01,-0.00,-1.79,-0.18,9.74,-0.00,0.03,0.02,-0.52,1.55,9.66,-0.01,0.01,-0.00,-0.60,0.98,9.83,-0.01,0.01,0.00,-0.51,6.76,7.32,0.00,0.01,-0.01,0.31,-0.13,0.95,0.24,0.43,0.12,R
123.092,25,1,23,12,43,0.33,-3.69,9.30,0.01,0.02,-0.01,-1.79,-0.17,9.66,-0.02,0.03,0.00,-0.47,1.47,9.67,-0.03,0.01,0.00,-0.59,1.00,9.76,0.00,0.01,-0.01,-0.46,6.67,7.39,-0.01,0.02,-0.01,0.31,-0.13,0.95,0.73,-0.43,0.06,R
123.144,24,1,23,12,42,0.23,-3.63,9.27,-0.01,0.01,-0.01,-1.90,-0.11,9.72,-0.01,0.02,0.00,-0.51,1.48,9.66,-0.03,-0.00,0.00,-0.57,1.01,9.80,-0.02,-0.00,-0.00,-0.41,6.71,7.31,0.00,0.01,-0.01,0.31,-0.13,0.96,0.85,-0.43,0.06,R
123.194,23,2,22,11,42,0.28,-3.73,9.32,0.00,0.02,-0.01,-1.89,-0.15,9.70,-0.00,0.03,0.00,-0.42,1.45,9.73,-0.03,0.01,0.01,-0.55,0.96,9.82,-0.00,0.01,0.00,-0.50,6.63,7.38,0.01,0.02,-0.01,0.31,-0.13,0.95,0.43,0.49,0.31,R
123.245,23,1,23,11,42,0.32,-3.92,9.29,-0.02,0.01,0.01,-1.84,-0.07,9.72,-0.01,0.04,0.00,-0.45,1.46,9.65,-0.03,0.01,0.00,-0.54,0.99,9.74,-0.00,0.01,-0.00,-0.52,6.71,7.31,0.02,0.02,-0.01,0.30,-0.13,0.95,0.85,-0.31,0.18,R
123.296,23,0,23,11,42,0.32,-3.78,9.31,-0.00,0.02,0.01,-1.87,-0.12,9.76,0.00,0.03,0.00,-0.50,1.51,9.66,-0.03,0.01,0.00,-0.61,0.95,9.73,0.00,0.01,0.00,-0.49,6.80,7.34,0.00,0.02,-0.00,0.31,-0.13,0.95,0.79,0.67,0.12,R
123.347,24,2,22,12,43,0.28,-3.68,9.25,-0.03,0.02,-0.00,-1.83,-0.16,9.76,-0.00,0.02,-0.01,-0.45,1.51,9.70,-0.02,-0.00,-0.01,-0.52,0.84,9.80,-0.01,0.01,-0.00,-0.46,6.71,7.38,0.00,0.01,-0.01,0.30,-0.12,0.96,0.55,-0.61,-0.18,R
123.398,24,1,22,11,42,0.26,-3.82,9.25,0.03,0.01,0.00,-1.83,-0.21,9.73,-0.01,0.02,0.00,-0.50,1.51,9.69,-0.02,0.00,0.01,-0.58,0.95,9.81,-0.00,0.01,0.00,-0.53,6.70,7.34,0.01,0.01,-0.00,0.31,-0.13,0.95,1.10,0.55,0.06,R
123.45,22,0,23,11,42,0.34,-3.75,9.23,0.00,0.02,-0.01,-1.84,-0.13,9.69,-0.01,0.03,0.00,-0.50,1.59,9.71,-0.02,0.01,-0.00,-0.57,1.02,9.75,-0.01,0.01,-0.00,-0.43,6.67,7.36,-0.01,0.01,-0.01,0.31,-0.13,0.95,0.61,-0.49,-0.06,R
123.5,23,0,23,10,42,0.32,-3.83,9.25,-0.00,0.02,-0.01,-1.84,-0.11,9.68,-0.01,0.03,-0.00,-0.42,1.57,9.69,-0.04,0.00,0.00,-0.51,0.86,9.77,-0.00,0.01,0.00,-0.50,6.77,7.37,0.02,0.02,-0.01,0.30,-0.13,0.95,1.10,0.00,0.37,R
123.552,24,0,20,11,42,0.34,-3.71,9.28,-0.00,0.01,0.00,-1.84,-0.11,9.75,-0.01,0.03,0.00,-0.54,1.43,9.72,-0.03,0.01,0.01,-0.55,1.04,9.80,-0.00,0.01,-0.00,-0.48,6.67,7.34,0.01,0.02,-0.00,0.31,-0.12,0.95,0.73,-0.06,-0.12,R
123.602,24,2,23,11,42,0.36,-3.85,9.22,-0.01,0.02,-0.00,-1.83,-0.15,9.74,-0.02,0.03,-0.00,-0.49,1.56,9.66,-0.03,0.00,0.01,-0.56,1.04,9.84,-0.01,0.01,0.00,-0.48,6.64,7.36,0.00,0.01,-0.01,0.30,-0.13,0.95,0.55,-0.55,-0.18,R
123.654,23,0,22,11,41,0.28,-3.87,9.26,-0.03,0.02,0.02,-1.83,-0.10,9.70,-0.01,0.02,0.01,-0.51,1.48,9.74,-0.03,-0.00,0.00,-0.57,0.96,9.78,-0.01,0.01,-0.00,-0.50,6.68,7.32,0.00,0.02,-0.01,0.31,-0.13,0.95,1.10,0.00,0.12,R
123.706,23,0,20,10,42,0.37,-3.84,9.27,-0.03,0.02,-0.00,-1.83,-0.14,9.73,-0.01,0.03,0.00,-0.56,1.49,9.73,-0.02,0.01,-0.00,-0.57,1.01,9.84,-0.02,0.01,-0.01,-0.47,6.64,7.33,0.01,0.02,-0.01,0.31,-0.13,0.96,0.43,-0.24,0.00,R
123.755,23,2,23,11,42,0.33,-3.81,9.25,-0.01,0.01,0.00,-1.85,-0.11,9.66,-0.00,0.03,0.00,-0.43,1.55,9.74,-0.03,0.01,0.01,-0.56,0.94,9.81,-0.01,0.01,0.01,-0.49,6.75,7.36,0.01,0.02,-0.01,0.31,-0.13,0.95,0.31,-0.18,0.00,R
123.806,23,0,23,10,42,0.27,-3.76,9.25,-0.01,0.02,-0.01,-1.82,-0.13,9.66,-0.01,0.02,0.00,-0.51,1.52,9.71,-0.04,0.01,0.01,-0.59,1.00,9.73,-0.01,0.01,-0.00,-0.46,6.72,7.35,-0.00,0.02,-0.01,0.31,-0.13,0.95,0.79,0.00,0.06,R
123.857,22,1,20,11,42,0.32,-3.75,9.27,-0.00,0.01,-0.01,-1.88,-0.10,9.73,-0.00,0.03,0.01,-0.50,1.53,9.67,-0.02,0.01,0.00,-0.56,0.94,9.71,-0.02,0.00,0.00,-0.50,6.67,7.43,0.01,0.02,-0.01,0.31,-0.13,0.95,0.24,0.00,0.00,R
123.908,24,1,22,12,42,0.27,-3.76,9.29,-0.00,0.02,-0.01,-1.81,-0.19,9.78,-0.02,0.02,0.00,-0.45,1.50,9.66,-0.03,0.01,0.00,-0.56,0.95,9.77,0.01,0.03,0.00,-0.49,6.68,7.37,0.01,0.02,-0.01,0.30,-0.13,0.95,0.73,-0.12,0.00,R
123.959,24,1,23,12,42,0.34,-3.82,9.25,-0.04,0.02,0.01,-1.85,-0.05,9.68,-0.01,0.02,0.00,-0.51,1.53,9.71,-0.03,-0.00,-0.00,-0.56,0.96,9.78,-0.01,0.01,-0.01,-0.47,6.71,7.32,-0.01,0.01,-0.01,0.31,-0.12,0.95,0.92,-0.37,0.18,R
124.011,22,0,20,11,42,0.31,-3.84,9.22,0.01,0.02,-0.00,-1.80,-0.16,9.73,-0.00,0.03,0.01,-0.54,1.53,9.63,-0.03,0.01,0.01,-0.61,0.91,9.77,0.01,0.01,0.01,-0.50,6.79,7.33,0.03,0.02,-0.01,0.31,-0.13,0.95,0.18,0.85,0.06,R
124.061,23,2,25,10,43,0.39,-3.80,9.29,-0.01,0.02,-0.01,-1.84,-0.13,9.73,-0.03,0.02,-0.00,-0.57,1.50,9.66,-0.03,0.00,-0.00,-0.50,0.90,9.78,-0.01,0.01,-0.00,-0.40,6.70,7.35,0.01,0.02,-0.01,0.30,-0.13,0.95,1.10,-0.79,-0.12,R
124.113,22,0,20,10,42,0.24,-3.59,9.29,0.03,0.02,-0.03,-1.86,-0.08,9.69,0.00,0.02,-0.01,-0.53,1.50,9.75,-0.04,-0.01,-0.00,-0.58,0.99,9.78,-0.01,0.01,-0.01,-0.51,6.77,7.35,-0.02,0.02,-0.01,0.31,-0.13,0.96,0.55,-0.73,0.06,R
124.164,24,0,23,14,42,0.33,-3.78,9.26,0.01,0.02,0.00,-1.81,-0.23,9.72,-0.00,0.01,0.01,-0.50,1.48,9.66,-0.02,0.01,0.01,-0.57,0.93,9.77,-0.00,0.01,0.01,-0.47,6.71,7.34,0.01,0.01,-0.00,0.31,-0.13,0.95,0.24,0.98,0.06,R
124.215,22,1,20,10,40,0.38,-3.85,9.27,-0.00,0.02,-0.01,-1.84,-0.20,9.72,-0.03,0.02,0.00,-0.44,1.53,9.65,-0.03,0.00,-0.00,-0.58,0.96,9.77,-0.02,0.01,-0.00,-0.49,6.64,7.33,-0.00,0.02,-0.01,0.30,-0.12,0.95,1.10,-0.98,0.18,R
124.266,24,1,23,11,33,0.31,-3.73,9.28,0.01,0.02,-0.00,-1.83,-0.11,9.77,0.00,0.04,0.01,-0.57,1.55,9.65,-0.02,0.01,0.00,-0.66,1.07,9.77,-0.01,0.01,-0.00,-0.48,6.68,7.35,-0.01,0.02,-0.01,0.32,-0.13,0.96,0.06,-0.12,0.12,R
124.316,27,0,23,11,42,0.35,-3.70,9.26,0.01,0.02,-0.01,-1.78,-0.12,9.68,0.00,0.03,0.01,-0.49,1.55,9.69,-0.03,0.01,0.00,-0.63,0.84,9.77,-0.01,0.01,0.00,-0.53,6.72,7.34,0.02,0.02,-0.01,0.31,-0.13,0.95,0.43,0.61,0.06,R
124.367,23,1,20,11,42,0.26,-3.83,9.27,-0.03,0.01,-0.00,-1.85,-0.18,9.67,-0.02,0.02,0.00,-0.53,1.45,9.72,-0.03,0.00,0.00,-0.51,0.89,9.78,-0.01,0.01,-0.00,-0.51,6.72,7.35,0.01,0.02,-0.01,0.30,-0.12,0.96,0.85,-0.31,0.18,R
124.418,23,1,20,11,42,0.27,-3.76,9.27,0.00,0.01,0.00,-1.88,-0.08,9.71,-0.00,0.03,0.00,-0.50,1.47,9.68,-0.02,0.00,0.00,-0.56,1.07,9.85,-0.00,0.01,0.00,-0.47,6.68,7.35,0.01,0.01,-0.00,0.31,-0.13,0.95,0.12,0.12,0.00,R
124.469,23,1,24,12,41,0.34,-3.77,9.24,-0.02,0.02,-0.00,-1.84,-0.14,9.73,-0.01,0.03,-0.00,-0.48,1.47,9.75,-0.03,0.01,0.00,-0.53,0.88,9.86,-0.01,0.01,-0.00,-0.45,6.75,7.36,0.01,0.02,-0.02,0.30,-0.13,0.96,0.43,-0.18,-0.06,R
124.52,23,0,22,11,42,0.25,-3.76,9.24,-0.01,0.02,-0.01,-1.82,-0.12,9.74,-0.01,0.01,-0.00,-0.57,1.44,9.67,-0.04,0.00,-0.00,-0.59,1.01,9.79,-0.00,0.01,-0.00,-0.54,6.78,7.36,-0.01,0.02,-0.00,0.31,-0.13,0.95,0.92,-0.73,0.06,R
124.571,24,1,23,11,41,0.27,-3.79,9.26,0.02,0.01,-0.00,-1.82,-0.18,9.76,-0.01,0.03,0.01,-0.54,1.40,9.70,-0.03,0.01,0.01,-0.57,0.97,9.77,-0.01,0.01,-0.00,-0.47,6.74,7.38,0.01,0.02,-0.01,0.31,-0.13,0.95,0.12,0.18,0.00,R
124.622,22,0,20,10,41,0.30,-3.74,9.26,0.01,0.02,-0.01,-1.85,-0.18,9.74,-0.02,0.02,0.00,-0.51,1.51,9.64,-0.03,0.01,0.00,-0.53,0.89,9.72,-0.00,0.01,-0.00,-0.46,6.68,7.38,0.01,0.02,-0.01,0.30,-0.13,0.95,0.98,0.12,0.06,R
124.673,24,0,23,11,41,0.33,-3.92,9.25,-0.01,0.01,0.00,-1.88,-0.09,9.76,-0.02,0.03,0.00,-0.45,1.49,9.68,-0.02,0.00,0.00,-0.56,0.97,9.80,-0.02,0.01,-0.01,-0.47,6.65,7.31,0.00,0.02,-0.01,0.31,-0.13,0.96,0.37,-0.24,0.24,R
124.725,24,0,22,11,40,0.32,-3.89,9.27,0.01,0.01,-0.01,-1.84,-0.11,9.76,-0.01,0.04,0.00,-0.52,1.53,9.68,-0.02,0.01,0.00,-0.56,0.97,9.82,-0.00,0.01,0.00,-0.47,6.66,7.32,0.01,0.02,-0.01,0.31,-0.13,0.95,0.43,0.37,0.12,R
124.775,23,1,24,11,41,0.29,-3.74,9.24,-0.00,0.01,-0.01,-1.83,-0.16,9.71,-0.02,0.03,0.00,-0.55,1.48,9.69,-0.03,0.01,0.01,-0.54,0.99,9.73,0.00,0.02,0.00,-0.52,6.77,7.38,0.02,0.02,0.00,0.30,-0.13,0.95,0.49,0.00,0.06,R
124.826,25,1,22,11,43,0.34,-3.74,9.27,-0.00,0.01,0.00,-1.90,-0.10,9.78,-0.01,0.01,-0.01,-0.56,1.53,9.68,-0.03,-0.00,0.00,-0.59,0.96,9.80,-0.01,0.01,-0.01,-0.53,6.68,7.34,-0.01,0.02,-0.01,0.31,-0.12,0.95,1.10,-0.92,0.00,R
124.877,23,2,22,10,40,0.34,-3.82,9.20,-0.01,0.01,0.01,-1.83,-0.11,9.72,0.00,0.02,0.00,-0.49,1.51,9.66,-0.02,0.01,0.00,-0.63,1.08,9.83,0.00,0.01,-0.00,-0.53,6.73,7.35,0.00,0.02,-0.01,0.31,-0.13,0.95,0.18,0.49,0.00,R
124.929,22,1,22,8,40,0.31,-3.92,9.27,-0.01,0.01,-0.01,-1.82,-0.12,9.65,-0.02,0.02,-0.00,-0.56,1.44,9.66,-0.04,0.00,0.00,-0.57,1.02,9.85,-0.01,0.01,-0.00,-0.51,6.68,7.33,0.01,0.02,-0.01,0.30,-0.13,0.95,1.04,-0.55,0.12,R
124.979,23,2,20,11,40,0.33,-3.85,9.18,0.01,0.01,-0.01,-1.88,-0.15,9.73,-0.01,0.04,0.00,-0.53,1.58,9.69,-0.03,0.01,0.00,-0.57,1.00,9.82,-0.01,0.01,0.00,-0.48,6.81,7.28,0.01,0.02,-0.01,0.31,-0.12,0.95,0.49,-0.24,0.24,R
125.03,26,1,23,12,42,0.28,-3.80,9.30,-0.01,0.02,-0.01,-1.83,-0.09,9.73,-0.01,0.03,0.00,-0.51,1.50,9.75,-0.03,0.01,0.00,-0.57,0.94,9.85,-0.01,0.02,-0.00,-0.50,6.68,7.31,0.01,0.02,-0.01,0.30,-0.13,0.96,0.55,0.37,0.18,R
125.081,24,0,23,12,41,0.33,-3.79,9.26,-0.01,0.01,-0.01,-1.84,-0.08,9.70,0.00,0.02,-0.00,-0.56,1.43,9.63,-0.03,0.01,0.00,-0.61,0.97,9.80,-0.01,0.02,-0.01,-0.50,6.75,7.31,0.01,0.02,-0.01,0.31,-0.12,0.96,0.79,-0.61,-0.12,R
125.132,23,1,22,11,40,0.34,-3.84,9.21,-0.02,0.01,0.01,-1.86,-0.12,9.67,-0.00,0.03,0.00,-0.53,1.52,9.69,-0.02,0.01,0.01,-0.52,0.96,9.78,0.00,0.00,0.01,-0.48,6.68,7.33,0.00,0.01,-0.00,0.31,-0.12,0.95,0.24,0.67,0.18,R
125.184,23,0,23,10,40,0.25,-3.66,9.26,0.01,0.02,-0.02,-1.87,-0.13,9.73,-0.01,0.02,-0.00,-0.55,1.54,9.70,-0.03,0.00,0.00,-0.56,1.02,9.77,-0.01,0.02,-0.01,-0.50,6.66,7.32,0.01,0.01,-0.02,0.31,-0.13,0.96,0.67,-0.24,0.00,R
125.234,24,0,23,11,42,0.29,-3.77,9.22,-0.02,0.01,0.00,-1.87,-0.17,9.73,-0.01,0.02,-0.00,-0.53,1.49,9.68,-0.03,0.01,0.00,-0.54,0.99,9.82,-0.00,0.01,0.00,-0.50,6.64,7.33,0.02,0.02,-0.01,0.30,-0.13,0.95,0.98,-0.18,-0.06,R
125.285,24,1,23,12,42,0.33,-3.67,9.22,0.01,0.02,-0.01,-1.78,-0.14,9.73,-0.01,0.02,0.00,-0.48,1.51,9.67,-0.02,0.01,-0.00,-0.60,0.94,9.77,-0.01,0.01,-0.00,-0.52,6.78,7.32,0.01,0.02,-0.02,0.31,-0.13,0.95,0.31,-0.24,-0.18,R
125.336,23,3,23,11,42,0.31,-3.87,9.24,-0.02,0.02,0.00,-1.87,-0.11,9.74,-0.01,0.01,-0.00,-0.53,1.43,9.69,-0.03,0.00,-0.00,-0.57,0.93,9.76,-0.01,0.01,-0.00,-0.49,6.64,7.33,0.02,0.02,-0.01,0.30,-0.13,0.95,1.16,-0.49,0.12,R
125.387,23,0,23,12,40,0.34,-3.87,9.15,0.00,0.01,0.01,-1.84,-0.11,9.73,-0.00,0.03,0.01,-0.55,1.54,9.69,-0.03,0.02,0.01,-0.60,1.09,9.78,-0.00,0.01,-0.00,-0.56,6.75,7.35,-0.02,0.00,-0.00,0.31,-0.12,0.96,0.73,0.49,-0.18,R
125.439,22,0,23,10,40,0.44,-4.12,9.17,0.02,0.01,-0.03,-1.93,-0.07,9.71,-0.03,0.04,-0.01,-0.57,1.53,9.69,-0.04,0.01,-0.01,-0.56,0.95,9.73,0.01,0.00,-0.03,-0.38,6.65,7.39,-0.04,0.00,0.02,0.30,-0.13,0.95,0.92,-1.04,-0.18,R
125.489,23,0,22,11,40,0.33,-3.64,9.24,-0.01,0.01,-0.02,-1.84,-0.19,9.62,-0.01,0.03,-0.00,-0.53,1.52,9.76,-0.04,0.02,0.00,-0.59,0.95,9.73,0.01,0.01,-0.01,-0.53,6.68,7.36,0.02,0.02,-0.02,0.31,-0.13,0.96,0.67,-0.06,-0.06,R
125.54,23,1,22,11,41,0.36,-3.67,9.32,-0.03,0.01,0.02,-1.89,-0.19,9.74,-0.00,0.02,0.00,-0.60,1.49,9.69,-0.02,0.00,0.00,-0.56,0.96,9.79,0.00,0.02,-0.00,-0.51,6.73,7.37,0.03,0.03,-0.01,0.30,-0.13,0.95,0.12,0.12,0.18,R
125.592,24,0,22,10,42,0.35,-3.81,9.28,-0.03,0.02,-0.00,-1.87,-0.04,9.75,-0.02,0.01,-0.01,-0.49,1.51,9.73,-0.04,0.00,0.00,-0.51,0.98,9.77,-0.01,0.01,-0.01,-0.47,6.66,7.37,-0.00,0.03,-0.03,0.30,-0.12,0.96,0.85,-0.85,0.12,R
125.644,24,0,24,11,41,0.28,-3.83,9.30,-0.08,0.02,0.02,-1.89,-0.09,9.73,-0.01,0.03,-0.01,-0.65,1.46,9.71,-0.05,0.04,0.01,-0.56,1.00,9.72,0.03,0.05,-0.02,-0.49,6.59,7.33,0.06,0.04,-0.06,0.30,-0.13,0.95,-0.06,-0.92,0.85,R
125.694,23,0,23,11,40,0.30,-3.86,9.25,-0.07,-0.01,0.02,-1.90,-0.22,9.81,-0.04,0.11,0.01,-0.68,1.54,9.63,-0.04,0.11,0.02,-0.69,0.98,9.75,0.11,0.11,-0.04,-0.58,6.74,7.34,0.16,0.05,-0.07,0.30,-0.13,0.96,-2.69,0.49,1.46,R
125.745,23,0,25,11,44,0.36,-3.79,9.16,-0.30,0.00,0.09,-2.05,-0.18,9.76,-0.01,0.34,0.04,-0.77,1.45,9.72,-0.00,0.33,0.02,-0.70,1.08,9.66,0.26,0.24,-0.07,-0.64,6.82,7.30,0.28,0.11,-0.13,0.32,-0.12,0.96,-12.33,-1.16,1.28,R
125.795,23,0,29,18,53,0.09,-4.24,8.95,-0.51,0.17,0.14,-3.90,-0.35,10.31,-0.07,0.64,0.13,-1.16,1.32,9.66,-0.06,0.42,0.07,-1.13,1.18,9.71,0.37,0.34,-0.04,-0.98,6.79,7.20,0.49,0.17,-0.10,0.26,-0.12,0.99,-7.87,3.36,2.01,R
125.846,27,1,33,22,60,-0.42,-3.31,9.60,-0.46,0.18,0.33,-2.67,-0.24,9.39,-0.11,0.53,0.08,-1.36,1.40,9.45,-0.06,0.54,0.03,-1.32,1.40,9.81,0.44,0.45,-0.11,-1.21,7.25,6.94,0.50,0.18,-0.30,0.35,-0.11,1.02,-8.79,-3.97,3.48,R
125.898,28,6,38,27,69,-0.59,-4.64,8.65,-0.54,0.01,0.92,-3.39,-0.23,9.05,-0.37,0.73,0.05,-2.35,1.31,9.38,-0.11,0.69,-0.06,-2.46,1.62,9.28,0.41,0.53,-0.21,-1.85,7.68,6.36,0.56,-0.01,-0.51,0.32,-0.16,1.02,8.06,1.34,0.79,R
125.949,31,8,38,29,77,-1.52,-3.87,9.24,-0.17,0.74,0.48,-3.79,0.01,8.26,-0.50,0.60,0.06,-2.60,1.71,9.15,-0.42,0.59,-0.08,-2.32,1.91,9.71,-0.25,0.78,-0.24,-2.13,7.62,5.87,-0.04,0.69,-1.11,0.40,-0.20,1.00,27.40,-12.82,-2.32,R
126.0,28,7,38,38,77,-2.29,-4.25,8.90,-0.82,0.92,0.88,-4.73,-0.66,9.25,-0.69,0.78,0.08,-3.41,1.14,9.53,-0.73,0.82,-0.15,-3.48,1.18,8.59,-0.65,1.24,-0.47,-3.73,7.19,6.36,-0.34,0.86,-1.45,0.32,-0.24,1.01,42.66,-33.51,-0.55,R
126.051,29,14,39,36,78,-3.16,-4.48,8.83,-0.52,1.04,1.35,-4.93,-0.67,8.62,-0.42,0.90,0.22,-3.95,1.24,10.65,-0.59,0.74,-0.13,-3.64,1.59,9.13,-0.61,1.01,-0.40,-3.79,7.14,6.41,-0.84,0.96,-1.20,0.27,-0.23,0.96,67.26,-31.19,2.26,R
126.102,29,23,39,39,77,-3.70,-4.78,8.13,-0.68,0.90,1.72,-5.07,-0.59,8.43,-0.78,0.77,0.09,-3.86,0.70,9.28,-0.79,0.72,0.04,-3.42,1.16,8.66,-0.83,1.00,-0.23,-4.10,6.22,6.03,-0.97,1.07,-1.04,0.25,-0.33,0.92,73.18,-46.33,9.09,R
126.153,31,21,40,40,76,-4.19,-5.21,7.79,-0.84,0.91,1.59,-5.04,-1.28,8.59,-1.09,0.63,0.31,-3.63,0.01,9.79,-0.91,0.65,0.24,-4.06,0.22,8.20,-0.95,1.03,-0.05,-4.69,6.05,6.76,-1.03,1.05,-0.86,0.16,-0.32,0.89,72.33,-51.51,12.88,R
126.204,31,23,36,42,76,-4.18,-5.45,7.46,-0.57,0.97,1.59,-4.97,-2.44,8.33,-0.73,0.55,0.67,-4.02,-1.15,8.95,-0.56,0.66,0.30,-4.08,-0.56,8.21,-0.59,0.79,0.01,-5.26,5.25,6.91,-0.59,0.87,-0.76,0.17,-0.39,0.89,63.11,-24.78,10.62,R
126.254,31,23,33,40,75,-4.75,-5.77,7.89,-0.29,0.99,1.28,-5.31,-2.45,8.20,-0.35,0.64,0.46,-4.48,-0.82,9.21,-0.19,0.62,0.10,-5.35,-0.28,8.84,-0.30,0.88,-0.16,-5.83,4.76,6.20,-0.22,0.69,-0.77,0.18,-0.41,0.87,39.61,-5.37,9.46,R
126.305,29,25,33,41,75,-5.15,-4.64,8.33,0.23,0.53,0.66,-5.38,-1.49,8.28,0.02,0.87,0.09,-4.87,-0.25,10.72,-0.03,0.63,-0.12,-4.89,0.26,8.68,-0.02,0.78,-0.27,-5.66,5.35,6.33,0.06,0.60,-0.60,0.20,-0.37,0.87,32.23,9.77,7.39,R
126.357,29,29,33,39,74,-5.70,-4.04,7.08,0.29,0.47,0.64,-6.15,-1.09,8.04,-0.07,1.10,0.17,-4.57,0.41,7.86,-0.05,0.89,-0.12,-6.24,0.23,8.06,-0.12,1.03,-0.16,-6.37,4.68,6.33,-0.05,0.86,-0.50,0.18,-0.44,0.93,38.64,10.56,14.65,R
126.407,28,35,33,41,75,-6.81,-4.79,7.47,0.41,0.50,0.87,-7.39,-2.01,7.27,0.30,1.30,0.52,-5.45,-0.73,8.42,0.10,1.21,0.18,-6.16,-0.67,7.56,-0.02,1.33,0.10,-6.82,5.20,5.91,0.12,1.19,-0.69,0.18,-0.52,0.95,60.36,20.45,17.70,R
126.459,29,26,33,43,77,-6.68,-4.32,7.49,0.62,0.55,1.01,-7.55,-1.56,7.37,0.21,1.77,0.58,-6.22,-0.72,8.94,0.02,1.69,0.17,-6.60,-0.64,7.50,0.01,1.94,0.12,-6.26,3.87,4.33,0.35,2.02,-0.94,0.21,-0.52,0.89,65.19,30.94,22.89,R
126.51,27,35,33,44,85,-6.37,-3.54,8.16,0.77,0.37,1.02,-7.21,-0.25,6.62,0.38,2.41,0.63,-6.10,0.30,7.60,0.35,2.30,0.16,-7.31,1.25,-5.79,0.73,5.04,0.38,-8.60,5.67,3.14,1.94,3.78,-1.92,0.22,-0.48,0.81,58.17,40.16,34.30,R
126.56,26,80,66,73,107,-6.35,-2.31,8.03,0.93,0.10,0.83,-8.28,1.02,4.26,0.35,3.11,0.76,-17.97,1.82,-0.25,0.28,8.57,0.16,-10.79,2.20,6.66,-0.21,5.40,0.30,-8.86,3.50,2.02,0.05,3.57,-1.58,0.26,-0.44,0.70,68.79,49.62,41.20,R
126.612,27,92,111,75,112,-6.46,0.36,5.19,1.20,0.16,1.76,-9.37,1.69,4.12,0.35,2.41,1.69,-12.02,3.23,11.73,-0.34,3.43,0.76,-9.51,1.00,4.09,0.00,2.78,0.57,-8.87,4.60,1.26,0.36,2.77,-1.19,0.41,-0.51,0.63,124.82,51.15,61.16,R
126.662,27,96,124,80,115,-5.76,-1.69,8.91,0.58,0.15,2.38,-8.94,1.80,4.85,-0.60,2.86,1.52,-7.63,2.60,0.45,-0.71,2.71,1.41,-8.52,4.56,2.85,-0.46,2.78,1.22,-7.49,6.40,-0.55,-0.09,3.40,-0.53,0.29,-0.41,0.57,81.36,35.46,90.09,R
126.714,26,114,133,85,121,-5.55,-1.41,8.03,0.90,-1.36,2.08,-9.60,3.24,5.39,-0.22,1.55,2.68,-10.62,3.49,4.96,-0.65,2.16,2.54,-9.61,2.68,2.10,-0.33,2.23,2.36,-8.69,4.16,-1.01,0.05,3.29,0.59,0.42,-0.43,0.52,63.42,82.52,116.76,R
126.765,24,138,135,88,120,-5.56,1.70,7.46,0.96,-1.64,2.31,-9.67,3.80,3.09,-0.73,0.21,2.95,-10.14,4.17,1.18,-0.75,0.59,2.70,-10.44,4.66,1.45,-0.88,1.38,2.38,-9.61,5.78,-2.04,-1.19,2.29,1.30,0.63,-0.46,0.47,46.81,68.12,153.75,R
126.816,24,117,134,90,120,-5.25,1.57,9.99,0.45,-1.85,2.11,-10.66,4.85,3.28,-0.92,0.12,2.74,-11.01,6.16,1.12,-0.49,0.69,2.79,-10.44,7.11,-0.56,-0.68,1.30,2.84,-8.70,6.88,-5.97,-0.74,2.42,2.11,0.75,-0.46,0.44,2.81,67.87,175.23,R
126.867,26,116,135,96,119,-4.70,0.62,11.72,0.87,-3.04,1.63,-10.94,6.13,4.44,0.00,-0.52,3.58,-10.95,6.82,0.82,-0.27,0.72,3.99,-10.49,7.22,-2.08,-0.20,1.34,4.26,-8.33,5.92,-6.74,0.19,3.53,3.06,0.87,-0.39,0.36,-30.64,117.92,175.29,R
126.917,28,117,142,106,124,-3.11,1.84,10.34,1.60,-3.77,1.05,-9.58,4.88,3.72,0.89,-1.00,4.35,-9.93,5.80,0.81,0.43,0.55,4.71,-10.16,6.28,-1.58,0.46,1.50,4.93,-8.75,5.42,-6.00,0.79,3.67,3.60,0.94,-0.24,0.25,-55.66,155.21,155.76,R
126.968,28,119,149,116,131,-3.55,5.69,8.52,2.30,-3.11,0.74,-6.73,6.45,0.65,1.49,-0.86,3.64,-6.51,7.25,-2.60,1.15,0.62,4.16,-6.21,7.35,-3.54,0.64,1.29,4.19,-4.46,5.68,-7.73,1.16,3.37,3.06,0.94,-0.11,0.11,-52.31,144.23,130.86,R
127.019,28,125,150,122,137,-2.19,1.34,6.41,2.13,-2.20,0.21,-3.79,6.38,0.11,1.68,-0.17,4.16,-6.65,6.24,-1.33,1.31,1.29,4.27,-3.54,6.93,-3.81,1.09,1.52,4.42,-2.04,4.33,-7.83,1.71,3.42,3.01,0.92,-0.03,-0.10,-23.01,181.76,97.11,R
127.07,41,139,153,129,140,0.91,4.61,4.11,2.82,-1.41,0.85,-0.95,6.72,-2.44,1.82,-0.08,3.74,-0.54,5.85,-4.58,1.18,0.93,3.97,-0.89,6.00,-4.29,1.21,1.67,3.89,-0.59,2.51,-7.53,1.72,3.16,2.41,0.94,0.08,-0.20,33.69,185.79,80.32,R
127.121,64,149,160,133,142,2.57,6.92,3.36,3.09,-0.44,1.06,0.66,7.94,-2.30,1.45,0.68,2.85,0.77,6.11,-3.73,1.18,1.41,2.55,0.28,5.42,-4.32,1.28,1.49,2.23,0.78,2.74,-6.87,1.88,2.17,0.87,1.08,0.00,-0.25,25.76,155.88,35.83,R
127.172,81,152,165,137,144,2.61,6.95,3.49,2.07,-0.01,0.94,0.79,7.13,-0.62,1.06,0.83,1.88,1.36,7.99,-3.07,1.00,1.28,1.68,1.72,7.89,-3.35,1.00,1.24,1.63,3.08,3.89,-7.32,1.17,1.72,0.84,0.83,0.08,-0.47,12.70,102.23,11.41,R
127.223,101,158,165,140,146,3.01,7.46,4.74,2.09,0.18,0.24,2.36,8.71,-1.65,1.40,0.35,1.58,2.50,7.64,-3.74,1.12,0.57,1.65,3.10,6.93,-5.72,1.18,0.72,1.61,4.28,1.93,-8.90,1.63,1.18,1.01,0.94,0.06,-0.52,-1.89,117.55,-2.87,R
127.274,114,164,167,142,146,1.93,8.78,3.96,2.08,0.09,-0.06,2.45,8.20,-1.81,1.56,0.17,1.34,3.46,7.21,-4.27,1.27,0.51,1.41,4.05,6.83,-5.93,1.18,0.77,1.42,4.75,1.69,-8.69,1.51,1.08,0.81,0.96,0.07,-0.59,3.30,107.67,-14.34,R
127.325,123,163,167,145,146,3.60,9.94,1.45,1.54,-0.57,0.35,3.62,9.20,-3.96,0.90,0.04,0.85,4.07,8.00,-5.65,0.55,0.46,0.79,4.41,7.17,-5.68,0.50,0.44,0.78,5.25,1.76,-8.38,0.56,0.66,0.41,0.95,0.08,-0.64,1.46,51.51,-4.58,R
127.376,123,164,167,144,147,2.26,9.60,2.23,0.59,-0.30,0.31,3.96,9.54,-2.99,0.30,0.09,0.61,4.58,8.24,-5.04,0.14,0.34,0.53,5.58,6.66,-6.11,0.09,0.22,0.57,6.39,0.52,-8.81,0.19,0.46,0.39,0.81,0.11,-0.68,-1.59,33.08,7.14,R
127.427,119,164,167,146,148,3.68,9.60,1.42,0.62,-0.49,0.08,4.56,8.66,-3.58,0.35,0.16,0.44,5.51,7.60,-5.21,0.06,0.48,0.49,5.56,6.10,-5.28,0.01,0.51,0.55,6.13,0.50,-7.34,0.11,0.66,0.22,0.77,0.13,-0.68,-3.48,25.63,10.74,R
127.479,120,168,167,148,150,3.80,9.72,0.60,0.16,-0.25,0.31,4.64,8.44,-3.63,0.11,0.26,0.27,5.59,7.12,-4.80,-0.20,0.44,0.28,6.11,5.86,-5.37,-0.22,0.30,0.25,6.77,0.25,-7.61,-0.10,0.43,0.09,0.72,0.15,-0.68,4.88,10.13,16.30,R
127.53,119,168,168,148,149,4.30,8.05,1.20,0.20,-0.42,0.23,4.66,7.55,-2.79,0.12,0.32,0.34,5.34,6.47,-3.65,-0.16,0.55,0.30,5.83,5.38,-4.39,-0.09,0.36,0.35,6.18,0.46,-6.43,-0.00,0.45,0.10,0.70,0.15,-0.69,5.98,13.00,11.66,R
127.58,118,170,167,148,148,4.45,9.06,0.13,-0.04,-0.22,0.21,4.96,7.82,-3.26,-0.24,0.15,0.14,5.70,6.54,-3.83,-0.32,0.17,0.05,6.15,5.48,-4.60,-0.30,0.12,-0.01,6.60,0.23,-6.79,-0.28,0.14,-0.06,0.70,0.16,-0.68,-1.77,-2.69,17.82,R
127.631,117,168,168,150,150,4.69,8.14,1.04,-0.16,-0.00,0.07,4.76,7.13,-2.89,-0.36,0.20,0.09,5.42,6.56,-3.62,-0.24,0.06,-0.11,5.81,5.81,-4.23,-0.16,-0.04,-0.10,6.53,1.01,-6.77,-0.16,-0.08,-0.05,0.74,0.15,-0.70,-9.22,-0.12,15.99,R
127.683,113,167,167,148,148,4.30,9.05,0.86,-0.32,-0.04,0.01,4.53,8.51,-2.89,-0.37,-0.06,-0.15,5.38,7.47,-3.99,-0.38,-0.16,-0.19,5.82,6.38,-4.64,-0.34,-0.21,-0.18,6.39,1.21,-7.26,-0.41,-0.19,-0.07,0.76,0.16,-0.70,-15.38,-9.52,26.49,R
127.733,110,164,167,147,148,4.93,9.09,0.48,-0.74,-0.14,-0.29,4.19,8.37,-2.55,-0.88,-0.05,-0.32,4.35,7.33,-3.24,-0.80,-0.40,-0.62,4.28,6.56,-3.29,-0.85,-0.65,-0.59,4.72,2.65,-5.90,-1.22,-0.79,-0.16,0.88,0.14,-0.70,-15.26,-49.32,19.04,R
127.784,108,163,167,147,148,3.94,10.30,1.11,-1.90,0.10,-0.76,4.12,8.82,-1.99,-1.25,-0.49,-1.54,4.68,7.57,-3.44,-1.20,-1.22,-1.48,4.92,6.57,-4.96,-1.37,-1.44,-1.49,5.56,1.34,-8.16,-1.73,-1.68,-0.47,0.81,0.16,-0.61,-43.27,-112.06,22.46,R
127.835,105,165,167,145,148,3.51,8.10,3.04,-2.27,0.18,-0.76,2.92,8.84,-2.13,-1.30,-0.63,-1.81,3.11,8.35,-3.59,-1.11,-1.10,-1.67,3.65,7.99,-4.32,-1.15,-1.33,-1.48,4.76,3.33,-7.90,-1.65,-1.58,-0.57,0.82,0.12,-0.58,-27.77,-118.47,13.06,R
127.886,104,163,168,144,147,3.15,8.89,2.95,-2.64,-0.06,-1.11,2.13,9.81,-0.91,-1.73,-1.03,-1.94,2.46,8.85,-2.80,-1.65,-1.54,-1.92,2.44,8.18,-3.70,-1.88,-1.77,-1.75,3.34,3.86,-7.58,-2.54,-2.05,-0.51,0.94,0.14,-0.46,-54.50,-152.95,25.09,R
127.938,102,165,167,144,144,3.04,7.36,4.41,-3.35,0.27,-1.16,1.52,8.94,-0.52,-1.96,-0.89,-2.50,1.59,9.16,-2.89,-1.63,-1.63,-2.39,2.10,8.99,-4.14,-1.77,-2.00,-2.18,3.50,4.38,-8.90,-2.31,-2.36,-0.74,0.88,0.15,-0.39,-57.92,-183.41,15.44,R
127.989,99,163,165,146,144,3.19,5.71,6.16,-3.15,0.27,-1.46,0.01,9.02,0.43,-1.86,-1.14,-2.56,-0.41,8.77,-1.70,-1.53,-1.88,-2.53,-0.40,8.99,-2.72,-1.61,-2.08,-2.19,0.63,6.54,-7.16,-2.32,-2.52,-0.90,1.03,0.14,-0.19,-56.76,-184.20,10.01,R
128.04,92,158,164,141,141,1.50,6.42,5.45,-3.90,0.44,-1.86,-1.21,9.92,1.81,-2.22,-1.33,-3.30,-1.45,10.85,-0.93,-1.72,-2.20,-3.12,-0.99,10.18,-2.10,-2.17,-2.62,-2.95,1.49,7.31,-8.88,-2.91,-3.25,-1.01,0.93,0.14,-0.11,-83.68,-231.26,4.46,R
128.091,88,161,164,139,141,0.73,1.66,9.55,-3.61,0.54,-1.60,-2.39,8.55,2.60,-1.92,-1.24,-2.82,-2.55,9.16,-0.62,-1.53,-1.94,-2.66,-1.79,9.11,-2.32,-1.56,-1.97,-2.12,-0.71,6.98,-6.31,-2.21,-2.38,-0.87,0.94,0.23,0.15,-55.05,-186.95,-6.53,R
128.142,79,159,165,138,140,0.53,2.05,7.00,-3.80,0.42,-2.06,-3.16,6.82,3.96,-1.91,-0.87,-3.05,-3.68,8.49,1.44,-1.44,-1.60,-3.02,-3.33,9.09,1.00,-1.73,-1.99,-2.80,-0.86,8.51,-5.83,-2.38,-2.78,-1.28,0.79,0.26,0.28,-43.03,-203.06,27.47,R
128.193,68,156,166,136,138,-0.80,-1.87,11.30,-2.97,0.84,-1.04,-4.98,7.50,4.99,-1.59,-0.81,-2.54,-5.17,8.88,1.28,-1.17,-1.56,-2.37,-4.32,9.52,0.34,-1.17,-1.65,-1.96,-2.60,9.08,-4.42,-1.53,-2.04,-0.84,0.80,0.23,0.46,-28.20,-153.81,-10.62,R
128.243,61,156,163,135,142,-0.50,-1.49,9.49,-2.62,0.59,-1.26,-5.46,5.74,5.90,-1.33,-0.51,-2.12,-5.81,7.05,2.85,-1.02,-1.14,-2.01,-4.90,7.76,1.51,-1.06,-1.38,-1.75,-2.88,7.96,-3.53,-1.32,-1.80,-0.72,0.72,0.21,0.54,-36.32,-131.16,-12.45,R
128.295,59,154,163,135,134,-1.31,-2.65,10.82,-1.97,0.49,-1.54,-5.93,5.23,6.31,-0.81,-0.52,-2.05,-6.59,6.99,3.47,-0.63,-1.16,-1.92,-5.79,8.19,2.94,-0.77,-1.39,-1.61,-3.85,9.50,-2.12,-1.31,-1.86,-0.66,0.73,0.21,0.60,-42.05,-114.44,-12.82,R
128.346,55,152,162,134,138,-1.03,-1.72,8.52,-2.16,0.36,-1.24,-5.86,5.32,5.74,-1.17,-0.68,-1.96,-6.53,6.45,3.04,-1.01,-1.22,-1.87,-5.86,7.47,2.29,-1.14,-1.43,-1.65,-4.03,8.97,-2.18,-1.52,-1.80,-0.69,0.70,0.24,0.68,-29.91,-129.70,-5.37,R
128.396,51,156,162,133,137,-1.54,-2.62,8.93,-2.32,0.41,-0.91,-5.45,4.38,5.48,-1.48,-0.31,-1.95,-5.98,5.78,3.14,-1.27,-0.81,-1.97,-5.23,6.68,2.55,-1.40,-0.95,-1.77,-3.62,7.97,-1.33,-1.66,-1.35,-1.00,0.56,0.27,0.75,-8.97,-137.57,-2.81,R
128.448,49,152,161,133,132,-1.30,-5.07,8.79,-2.15,0.56,-0.37,-6.52,2.48,7.09,-1.47,0.13,-1.65,-7.46,4.43,5.57,-1.35,-0.51,-1.83,-6.81,5.82,5.03,-1.29,-0.76,-1.61,-5.29,8.84,1.14,-1.49,-1.25,-0.96,0.51,0.24,0.82,8.73,-120.85,-1.16,R
128.498,48,153,161,132,136,-1.12,-5.75,7.23,-2.39,0.55,-0.33,-6.41,0.79,6.68,-1.71,-0.06,-1.86,-7.25,2.59,5.17,-1.54,-0.60,-2.10,-6.90,4.46,5.23,-1.69,-0.80,-1.98,-5.49,8.25,1.87,-1.99,-1.38,-1.32,0.41,0.26,0.91,5.86,-143.62,5.92,R
128.549,47,153,161,134,138,-1.80,-6.58,6.50,-2.80,0.69,-0.06,-6.69,0.14,6.52,-2.06,0.26,-1.98,-7.90,2.08,5.54,-1.80,-0.40,-2.21,-7.33,3.97,5.22,-1.84,-0.60,-2.04,-5.79,7.74,1.90,-2.07,-1.16,-1.43,0.24,0.20,0.96,29.42,-152.04,9.70,R
128.6,45,153,161,132,137,-2.83,-8.61,7.66,-2.49,0.59,0.14,-8.42,-0.74,7.24,-1.93,0.51,-1.51,-9.15,1.64,6.37,-1.83,-0.16,-1.76,-8.48,3.73,6.94,-1.77,-0.42,-1.52,-6.99,8.56,4.01,-2.01,-0.85,-0.99,0.18,0.13,1.01,31.37,-126.65,24.23,R
128.652,45,150,158,130,136,-2.80,-7.91,5.33,-2.43,0.28,0.06,-7.77,-2.22,6.49,-2.10,0.25,-1.44,-8.35,-0.23,5.76,-2.07,-0.39,-1.70,-7.83,1.41,6.16,-2.15,-0.64,-1.52,-6.79,5.98,4.07,-2.35,-0.93,-0.96,0.09,0.12,1.07,35.83,-133.54,38.21,R
128.702,46,152,158,130,139,-3.27,-9.83,5.40,-2.52,0.18,0.38,-8.62,-2.73,6.16,-2.04,0.53,-1.20,-9.14,-0.24,6.11,-2.09,-0.15,-1.38,-8.22,1.49,6.85,-2.12,-0.35,-1.07,-6.96,6.16,4.83,-2.32,-0.45,-0.65,-0.07,0.04,1.05,30.58,-120.36,53.22,R
128.753,45,151,162,130,136,-3.33,-9.36,3.96,-2.21,-0.20,0.26,-8.05,-4.42,5.77,-2.12,0.19,-0.80,-8.40,-2.96,5.95,-2.16,-0.24,-1.01,-7.92,-0.67,6.84,-2.13,-0.38,-0.79,-7.16,4.95,6.25,-2.20,-0.32,-0.44,-0.14,0.05,1.07,34.36,-105.22,60.24,R
128.805,46,150,157,130,138,-3.11,-9.88,1.87,-2.28,-0.34,0.40,-7.41,-5.43,4.53,-2.41,0.10,-0.72,-7.91,-4.39,5.66,-2.26,-0.31,-0.95,-7.71,-2.36,7.26,-2.32,-0.35,-0.72,-7.48,3.63,7.89,-2.44,-0.30,-0.29,-0.33,0.00,1.05,32.90,-101.14,68.66,R
128.856,45,149,155,127,138,-3.09,-10.97,1.19,-2.06,-0.24,0.32,-7.61,-8.68,4.50,-2.27,0.10,-0.71,-7.80,-6.22,5.56,-1.98,-0.50,-1.03,-7.90,-3.92,7.47,-2.07,-0.63,-0.82,-7.51,2.94,8.62,-2.14,-0.62,-0.30,-0.34,-0.07,1.03,28.08,-108.03,48.40,R
128.906,47,148,154,126,138,-2.89,-11.13,0.27,-2.10,-0.18,0.02,-7.25,-7.54,4.33,-1.78,-0.21,-1.10,-7.12,-5.87,5.51,-1.86,-0.83,-1.04,-6.51,-4.07,6.83,-2.06,-1.04,-0.67,-5.98,1.47,7.86,-2.13,-0.83,0.15,-0.50,-0.06,0.92,14.10,-108.76,51.21,R
128.957,48,149,154,127,140,-2.33,-10.42,-0.93,-2.04,-0.31,-0.12,-5.61,-7.81,2.94,-1.76,-0.40,-0.88,-5.81,-6.90,4.85,-1.66,-0.83,-0.84,-5.20,-5.11,6.20,-1.91,-1.02,-0.52,-4.76,-0.22,7.48,-1.94,-0.86,0.31,-0.57,-0.03,0.79,-0.31,-75.32,61.10,R
129.009,46,149,153,122,140,-1.88,-8.81,-2.66,-1.77,-0.42,-0.32,-4.88,-8.07,2.22,-1.50,-0.42,-0.96,-4.81,-6.48,3.73,-1.51,-1.08,-0.89,-4.65,-4.38,5.77,-1.90,-1.33,-0.47,-4.35,0.72,7.59,-1.92,-1.00,0.43,-0.57,-0.08,0.71,-2.75,-84.72,49.38,R
129.059,47,148,155,122,140,-1.91,-9.03,-2.12,-1.62,-0.36,-0.30,-4.50,-7.28,2.04,-1.44,-0.57,-0.57,-3.73,-6.90,2.94,-1.75,-1.05,-0.28,-3.12,-5.99,5.31,-2.60,-1.52,0.24,-3.12,-3.13,7.56,-2.16,-1.38,1.00,-0.76,-0.12,0.55,-12.27,-56.46,56.15,R
129.11,46,149,152,114,135,-1.57,-8.19,-3.75,-0.93,-0.54,-0.90,-3.26,-9.32,1.12,-1.04,-0.80,-0.61,-3.25,-8.47,2.66,-1.23,-1.29,-0.57,-2.97,-3.26,4.61,-2.23,-1.57,-0.22,-2.76,-4.92,3.91,-3.18,-1.94,1.27,-0.54,-0.14,0.57,-11.84,-61.89,43.64,R
129.161,49,151,156,111,129,-1.37,-6.31,-6.04,-1.77,-0.29,-0.32,-2.34,-7.12,-0.75,-1.54,-0.63,-0.96,-1.77,-7.13,0.16,-1.42,-0.94,-0.67,-3.53,-5.78,3.80,-1.84,-0.85,-0.29,-4.20,-2.49,7.67,-1.98,-0.93,0.91,-0.73,-0.14,0.61,12.27,-85.75,38.64,R
129.213,49,152,153,108,125,-1.58,-9.49,-2.47,-0.70,0.13,-0.07,-4.88,-11.16,2.80,-0.72,-0.39,-0.45,-4.14,-10.33,3.84,-0.26,-1.47,-0.56,-3.79,-8.24,5.16,-0.42,-1.60,-0.45,-2.60,-2.23,8.43,-0.45,-1.48,0.71,-0.63,-0.20,0.58,7.87,-30.21,4.94,R
129.263,51,153,152,107,122,-1.32,-8.18,-4.52,-0.66,-0.01,-0.71,-2.66,-6.86,-0.33,-0.26,-0.75,-0.66,-1.94,-8.16,1.94,-0.53,-0.66,-0.33,-1.63,-8.15,3.80,-0.67,-0.82,-0.20,-2.40,-3.83,7.68,-1.43,-0.90,0.62,-0.78,-0.15,0.52,-11.47,-42.72,10.38,R
129.315,54,153,152,107,120,-0.36,-7.86,-5.75,-0.40,0.14,-0.43,-3.30,-11.54,2.17,-0.33,-0.92,-0.39,-2.49,-11.67,4.22,-0.18,-0.92,-0.52,-2.32,-10.74,4.52,-0.60,-1.12,-0.59,-2.50,-5.29,10.35,-1.15,-1.35,0.29,-0.78,-0.19,0.51,2.08,-33.14,-14.77,R
129.365,54,154,147,107,118,-0.19,-8.54,-6.41,-0.30,0.58,-0.69,-0.98,-10.62,-1.84,0.32,-0.63,-1.15,-1.13,-8.85,2.16,0.04,-0.85,-0.97,-0.58,-9.18,2.61,-0.96,-1.44,-1.08,-1.24,-6.31,7.42,-0.89,-1.87,0.10,-0.90,-0.13,0.51,-4.88,-40.95,-32.35,R
129.417,55,153,145,104,111,-0.51,-8.94,-4.75,0.21,0.87,-0.38,-2.27,-10.28,1.76,0.59,-0.45,-0.51,-0.65,-10.22,2.81,0.59,-0.85,-0.59,-0.18,-10.46,3.31,0.18,-0.89,-0.80,-0.45,-5.46,9.52,0.04,-1.45,-0.22,-0.93,-0.11,0.47,5.55,0.55,-50.96,R
129.468,58,153,143,99,100,0.43,-9.82,-5.66,1.12,0.95,-0.60,-1.38,-13.11,0.23,1.51,-1.38,-0.91,-0.78,-10.43,2.45,1.44,-1.29,-0.91,-0.18,-9.00,3.92,0.88,-1.27,-1.28,0.72,-4.46,8.34,0.47,-1.77,-0.69,-0.79,-0.09,0.55,-6.71,24.11,-77.15,R
129.519,64,153,139,96,89,0.27,-8.45,-4.44,1.10,1.07,-0.52,-2.05,-8.73,3.96,1.80,-0.26,-0.63,0.34,-8.90,3.68,1.42,-0.10,-0.31,1.34,-10.46,3.37,1.56,0.02,-0.70,0.83,-7.79,7.70,0.78,-1.06,-0.77,-1.04,0.02,0.46,0.55,60.91,-82.82,R
129.57,74,158,142,95,89,0.66,-11.11,-2.08,3.00,0.48,-0.41,-1.24,-13.54,2.45,3.70,-2.04,-0.45,-0.33,-10.81,4.68,3.57,0.19,-0.15,0.68,-9.37,4.70,3.99,0.39,-1.02,1.18,-3.30,8.54,3.94,-1.09,-1.88,-0.75,0.05,0.62,-19.65,157.17,-116.39,R
129.62,98,163,140,96,88,1.73,-10.27,-3.71,3.78,-0.50,-0.88,-0.54,-7.95,3.73,3.83,-0.67,-1.08,-1.01,-7.35,5.83,3.53,-0.42,-0.53,-0.34,-6.09,7.15,3.71,0.16,-1.23,1.17,-0.92,8.64,3.04,-1.39,-1.78,-0.57,0.08,0.74,-19.71,139.40,-133.97,R
129.672,101,160,135,93,87,2.31,-10.56,2.21,4.68,-0.94,-1.61,-0.28,-6.47,4.99,4.02,-0.23,-1.08,-0.31,-3.78,5.14,4.04,0.45,-0.63,0.72,-2.50,6.20,3.82,0.44,-1.32,2.53,1.71,6.70,3.43,-1.32,-2.00,-0.41,0.19,0.83,-27.04,180.91,-133.30,R
129.722,104,157,137,97,86,1.24,-7.93,1.13,4.58,-0.12,-1.39,0.57,-2.33,4.10,3.82,0.89,-0.82,-0.95,-1.37,6.45,3.89,0.77,-0.43,-0.13,-0.05,7.11,3.97,0.53,-1.13,2.15,5.22,5.32,3.69,-1.12,-1.91,-0.16,0.22,0.80,-23.44,201.11,-116.64,R
129.773,85,157,135,97,87,0.60,-5.58,2.34,4.29,-0.40,-1.82,-0.80,-0.47,7.57,3.21,1.29,-0.43,-1.35,0.74,7.75,3.04,0.93,-0.33,0.63,1.78,8.31,2.80,0.76,-0.88,3.63,5.70,5.80,2.55,-0.52,-1.63,-0.05,0.29,0.91,-9.09,158.81,-93.08,R
129.824,73,154,134,98,84,2.91,-5.44,5.23,3.22,-0.17,-1.25,-0.87,-0.46,7.68,2.21,1.37,0.15,-2.24,0.42,9.38,2.38,0.73,0.00,-0.22,1.72,9.76,2.32,0.46,-0.52,2.72,6.71,6.46,2.23,-0.65,-1.11,0.06,0.29,0.85,-6.16,135.99,-74.16,R
129.875,70,152,134,97,86,3.17,-4.85,5.91,2.28,0.17,-1.18,-2.11,-0.18,9.80,1.72,0.96,-0.02,-1.36,1.96,7.81,1.89,0.71,-0.08,0.25,2.78,7.93,1.85,0.56,-0.41,2.82,6.24,3.80,1.83,0.12,-1.11,0.15,0.31,0.90,1.10,95.28,-62.19,R
129.926,64,154,135,97,85,3.71,-3.62,6.87,2.71,0.29,-1.50,-1.27,0.57,7.54,1.92,1.04,0.38,-1.77,2.27,8.12,1.88,1.04,0.31,-0.50,2.96,8.12,2.02,0.79,-0.28,1.82,7.83,4.67,2.18,0.07,-1.17,0.32,0.29,0.87,14.16,133.48,-56.64,R
129.977,62,151,134,96,85,0.86,-1.39,5.53,2.48,0.69,-1.52,-2.49,-0.71,6.99,1.87,1.21,-0.13,-2.81,3.72,7.30,1.42,0.96,-0.06,-0.57,4.87,7.63,1.19,0.71,-0.43,1.98,8.45,3.37,1.12,0.22,-1.14,0.41,0.25,0.87,22.89,87.40,-53.96,R
130.029,61,149,132,88,81,3.29,-1.17,6.35,1.19,1.01,-0.65,-3.23,3.77,8.64,0.40,1.13,0.28,-3.81,4.17,9.13,0.64,0.55,0.03,-1.81,5.32,10.41,0.47,0.61,-0.36,1.05,10.43,6.72,-0.23,0.21,-0.82,0.44,0.22,0.91,54.08,38.70,-38.64,R
130.079,62,147,130,83,79,2.32,0.45,7.59,-0.14,1.83,-0.68,-4.24,0.69,10.15,-0.38,1.21,-0.73,-3.38,0.89,7.95,-0.63,0.30,-0.80,-0.66,3.53,7.03,-0.79,0.32,-0.80,1.45,6.95,3.33,-1.02,0.69,-1.21,0.41,0.21,0.95,49.44,-29.48,-39.43,R
130.13,61,138,124,77,77,2.54,-2.54,9.54,-0.54,1.56,0.20,-4.32,0.07,8.15,-0.39,1.06,-0.32,-4.40,1.36,9.04,-0.70,1.08,-0.57,-2.83,2.42,10.83,-0.80,0.52,-0.70,-0.80,8.33,8.11,-1.04,0.32,-1.07,0.30,0.07,0.96,88.68,-30.46,-45.17,R
130.181,60,134,119,70,69,2.32,-2.75,6.43,-1.20,2.67,-0.08,-5.36,-1.47,9.92,-0.58,1.37,-0.90,-4.50,0.18,9.57,-0.12,0.73,-1.14,-2.90,2.27,10.95,-0.97,0.53,-1.22,-0.33,8.59,7.15,-1.59,0.08,-1.52,0.42,0.06,1.03,55.60,-34.06,-62.93,R
130.232,59,128,114,59,65,0.55,-6.33,11.67,-0.87,1.33,0.53,-5.71,2.10,9.07,-1.09,0.09,-0.49,-7.36,2.73,11.70,-1.14,-0.59,-0.81,-0.95,1.83,13.11,-1.32,-0.51,-0.82,-0.68,7.78,7.55,-1.17,-0.12,-0.82,0.19,-0.08,0.98,75.93,-51.70,-50.90,R
130.284,59,123,98,45,58,0.53,-5.68,10.36,-0.34,1.45,-0.24,-5.83,-1.14,9.66,-0.00,0.28,-0.57,-4.77,2.03,9.43,0.26,-0.28,-0.50,-2.18,3.79,10.18,-0.02,-0.02,-0.49,-0.61,9.92,6.63,-0.11,0.25,-0.69,0.34,-0.09,1.03,27.89,1.16,-36.07,R
130.334,57,114,88,36,52,-1.12,-3.04,9.84,-0.34,0.84,0.10,-4.48,2.20,8.67,-0.13,-0.47,-0.34,-4.26,3.48,10.40,-0.33,-0.38,-0.03,-2.43,3.76,10.57,-0.34,-0.16,0.10,-1.14,9.45,7.41,-0.42,0.47,-0.03,0.34,-0.12,0.95,34.91,-19.65,-12.94,R
130.385,57,106,80,31,52,-0.74,-3.24,10.17,-0.39,0.29,0.17,-4.05,-0.26,9.06,-0.49,-0.30,0.21,-4.65,0.86,10.37,-0.41,-0.77,0.34,-2.15,1.25,10.82,-0.62,-0.21,0.39,-1.08,7.07,7.83,-0.75,0.22,0.32,0.33,-0.13,1.01,12.15,-21.67,-0.24,R
130.437,52,101,68,25,45,-0.72,-4.15,9.49,-0.57,0.09,0.13,-4.31,-0.94,8.99,-0.46,-0.53,-0.09,-3.47,1.19,9.19,-0.26,-0.94,0.19,-1.86,1.29,8.68,-0.38,-0.40,0.29,-1.70,6.54,8.07,-0.37,0.22,0.12,0.23,-0.12,0.97,18.49,-20.32,-3.85,R
130.487,46,92,58,21,45,-1.33,-4.17,10.86,0.39,-0.20,0.10,-4.14,-1.15,9.54,0.22,-0.62,-0.11,-2.78,1.04,8.84,0.57,-0.87,-0.06,-1.78,1.94,7.92,0.38,-0.06,-0.10,-1.03,6.24,4.83,0.49,0.07,-0.16,0.24,-0.16,0.93,6.16,23.99,-6.53,R
130.538,38,78,47,21,44,-0.71,-2.26,8.42,0.77,-0.27,0.16,-3.70,0.18,8.17,0.55,-0.54,0.15,-2.70,2.02,8.43,0.70,-0.62,0.12,-1.54,2.38,7.73,0.59,0.18,-0.04,-0.13,13.08,14.04,0.85,0.70,-0.45,0.32,-0.14,0.83,26.43,30.15,-5.86,R
130.59,33,62,34,13,38,-0.60,-0.61,6.18,-0.15,-0.67,0.33,-9.30,-0.08,29.99,-2.10,-2.15,-0.22,-1.14,-3.14,12.08,-1.49,-1.82,0.21,-1.55,-2.33,8.96,-1.46,-1.13,0.21,-0.85,5.67,8.19,-1.22,-0.30,0.62,0.58,-0.40,1.18,-22.28,-70.25,9.58,R
130.641,32,49,33,14,40,0.69,-10.86,10.58,0.34,-0.49,-0.11,-2.01,-1.84,7.33,0.62,-0.22,0.34,-0.51,-0.34,10.12,0.42,-0.20,0.10,-0.35,1.03,9.72,0.05,-0.00,0.11,-0.25,6.90,7.35,0.39,0.08,0.07,0.33,0.05,1.02,-8.61,44.56,-7.26,R
130.692,26,42,29,11,38,0.57,-3.01,9.01,0.01,-0.43,0.10,-2.73,-0.02,9.75,-0.15,-0.16,-0.05,-1.35,1.11,9.64,-0.51,-0.12,0.01,-1.14,1.06,9.71,-0.22,-0.02,-0.11,-0.75,6.31,7.36,-0.13,0.01,-0.11,0.26,-0.18,0.92,-6.16,-17.82,-2.32,R
130.742,27,39,29,14,40,-0.39,-3.61,9.18,-0.14,-0.04,-0.06,-2.15,-0.43,9.79,0.12,-0.31,-0.03,-1.23,1.13,9.90,0.04,-0.11,-0.02,-0.90,0.86,9.85,0.00,-0.01,0.01,-0.47,6.32,7.53,0.17,0.02,0.03,0.23,-0.14,1.01,-7.02,12.57,2.50,R
130.794,24,36,28,11,39,0.23,-3.55,9.02,0.14,-0.14,0.34,-2.26,-0.38,9.46,0.10,0.06,0.07,-1.02,1.04,9.69,0.08,0.00,0.06,-0.90,0.83,9.88,0.09,0.03,0.06,-0.67,6.64,7.53,0.26,0.04,0.03,0.32,-0.14,0.95,-4.15,12.94,1.46,R
130.844,26,34,28,14,40,0.17,-4.18,9.06,-0.31,0.08,0.13,-2.38,-0.17,9.95,-0.07,-0.03,-0.02,-1.12,1.08,9.65,-0.13,-0.02,-0.01,-0.91,1.13,9.75,-0.06,-0.01,-0.02,-0.65,6.55,7.37,-0.06,0.04,-0.02,0.27,-0.13,0.95,-0.79,-6.23,0.73,R
130.895,26,32,30,12,41,-0.07,-3.79,9.00,-0.10,0.07,0.04,-2.69,-0.40,9.47,0.05,0.11,0.04,-1.16,1.11,9.62,0.08,0.03,0.02,-0.99,0.85,9.77,0.06,0.02,0.04,-0.62,6.58,7.44,0.11,0.03,0.05,0.27,-0.13,0.95,-5.19,7.08,3.30,R
130.946,26,30,28,13,40,0.21,-3.70,9.27,-0.34,0.17,0.17,-2.42,-0.13,9.62,0.04,0.10,0.04,-0.96,1.21,9.72,0.01,0.07,0.03,-0.79,1.00,9.67,0.03,0.04,0.01,-0.46,6.59,7.29,0.04,0.05,-0.01,0.32,-0.12,0.95,-5.07,0.67,1.10,R
130.998,27,30,28,14,42,-0.24,-3.94,9.26,-0.07,0.24,-0.00,-2.78,-0.14,9.46,0.11,0.10,0.02,-1.29,1.41,9.65,0.04,0.04,0.01,-1.01,1.09,9.70,0.02,0.01,0.02,-0.63,6.60,7.38,0.05,0.01,0.01,0.30,-0.13,0.97,-3.23,6.84,1.46,R
131.048,28,30,27,13,41,-0.05,-3.77,9.19,-0.07,0.03,0.04,-2.52,-0.05,9.52,-0.02,0.02,-0.00,-1.10,1.14,9.71,-0.04,0.03,-0.00,-0.92,0.99,9.75,0.02,0.03,-0.01,-0.67,6.71,7.35,0.02,0.02,-0.03,0.31,-0.12,0.95,-2.50,-2.44,0.18,R
131.099,31,30,32,15,42,-0.29,-4.27,9.15,-0.21,0.08,0.04,-2.72,-0.11,9.50,0.02,0.05,0.01,-1.20,1.24,9.68,0.01,0.01,0.00,-0.97,1.13,9.67,0.02,0.01,0.01,-0.58,6.75,7.33,0.05,0.02,0.01,0.28,-0.11,0.96,-1.04,2.44,0.43,R
131.151,31,29,32,16,43,-0.14,-4.34,9.04,0.01,0.03,0.02,-2.52,-0.12,9.50,0.03,0.08,0.01,-1.19,1.21,9.63,0.04,0.05,-0.01,-0.91,1.09,9.72,0.03,0.02,-0.01,-0.58,6.55,7.39,0.00,0.02,-0.01,0.31,-0.12,0.95,-2.32,2.69,0.43,R
131.201,29,30,30,14,44,-0.24,-3.89,9.08,-0.12,0.11,-0.01,-2.64,-0.04,9.51,-0.09,0.05,-0.00,-1.21,1.33,9.65,-0.06,0.03,-0.01,-0.88,1.08,9.70,-0.01,0.02,-0.02,-0.59,6.62,7.32,0.01,0.02,-0.03,0.30,-0.11,0.96,-1.95,-2.69,-0.55,R
131.252,31,29,30,14,43,-0.25,-4.23,9.05,-0.11,0.10,0.02,-2.62,-0.14,9.50,0.04,0.08,-0.01,-1.21,1.23,9.73,0.01,0.05,-0.01,-0.98,1.10,9.70,0.05,0.04,-0.01,-0.67,6.72,7.27,0.06,0.02,-0.03,0.30,-0.11,0.96,-3.11,1.83,-0.79,R
131.303,34,30,30,15,44,-0.24,-4.50,8.99,-0.08,0.07,-0.02,-2.66,-0.20,9.48,-0.06,0.03,-0.01,-1.20,1.26,9.69,-0.05,0.00,-0.02,-0.96,1.09,9.73,-0.01,0.02,-0.03,-0.57,6.64,7.24,-0.03,0.02,-0.04,0.31,-0.11,0.96,-0.06,-2.93,-1.53,R
131.354,32,30,30,12,44,-0.53,-4.36,8.96,-0.14,0.09,0.00,-2.79,-0.02,9.50,0.03,0.05,-0.02,-1.29,1.37,9.68,-0.04,0.00,-0.02,-1.00,1.04,9.78,-0.02,0.02,-0.02,-0.69,6.65,7.30,0.01,0.02,-0.02,0.29,-0.11,0.96,0.73,-0.92,-1.46,R
131.405,34,31,29,16,45,-0.42,-4.59,8.92,-0.19,0.00,0.08,-2.77,-0.20,9.58,0.03,0.06,0.01,-1.22,1.21,9.69,0.00,0.03,0.01,-1.00,1.19,9.71,0.02,0.02,0.01,-0.59,6.69,7.30,0.05,0.02,-0.00,0.29,-0.11,0.96,0.06,1.40,-0.43,R
131.456,33,32,30,15,44,-0.31,-4.88,8.79,0.25,-0.02,-0.01,-2.82,-0.12,9.50,0.03,0.07,0.01,-1.26,1.20,9.66,-0.02,0.01,0.01,-0.97,1.23,9.69,-0.01,0.01,0.02,-0.64,6.77,7.22,0.01,0.02,0.00,0.32,-0.12,0.96,2.32,2.75,0.12,R
131.507,34,31,30,15,44,-0.30,-4.31,8.97,-0.03,-0.01,0.01,-2.74,-0.18,9.51,-0.02,0.01,0.01,-1.20,1.30,9.68,-0.05,0.00,0.02,-1.02,1.10,9.74,0.01,0.02,0.02,-0.68,6.76,7.25,0.06,0.03,0.01,0.29,-0.12,0.96,1.28,0.00,-0.79,R
131.559,34,31,29,15,44,-0.44,-4.25,9.03,0.00,-0.04,0.03,-2.75,-0.05,9.30,-0.03,0.00,0.01,-1.27,1.43,9.69,-0.07,-0.05,0.02,-0.95,1.13,9.73,-0.08,-0.00,0.03,-0.68,6.83,7.26,-0.01,0.04,0.00,0.30,-0.11,0.96,2.01,-0.49,0.12,R
131.61,34,32,29,15,44,-0.39,-4.02,8.94,0.09,0.03,-0.01,-2.76,-0.05,9.53,-0.09,-0.01,0.01,-1.24,1.28,9.68,-0.08,-0.01,0.02,-1.03,1.07,9.83,-0.08,0.01,0.02,-0.70,6.71,7.27,-0.01,0.06,0.00,0.30,-0.11,0.96,-0.55,-1.65,0.67,R
131.66,32,31,29,11,45,-0.47,-4.31,9.08,-0.02,0.01,0.07,-2.78,-0.03,9.44,-0.07,-0.03,0.04,-1.18,1.23,9.66,-0.09,-0.02,0.06,-1.00,1.09,9.62,-0.04,0.01,0.06,-0.61,6.82,7.22,0.03,0.07,0.04,0.29,-0.11,0.97,3.23,0.55,0.98,R
131.711,36,31,30,14,44,-0.26,-4.67,8.92,0.05,-0.02,0.11,-2.42,0.06,9.40,-0.10,0.04,0.08,-1.11,1.72,9.58,-0.39,0.07,0.16,-0.91,0.91,9.84,-0.02,0.17,0.10,-0.55,6.69,7.26,0.11,0.12,0.02,0.31,-0.10,1.00,2.50,-0.49,0.31,R
131.762,35,29,28,15,42,-0.47,-4.54,8.86,0.11,0.02,0.21,-2.72,-0.36,9.50,-0.26,0.12,0.15,-1.72,1.00,9.33,-0.38,0.10,0.26,-1.05,1.00,9.62,-0.03,0.20,0.12,-0.71,6.91,7.14,0.10,0.20,-0.01,0.33,-0.12,0.99,10.44,-4.58,-1.83,R
131.813,34,29,27,14,44,-0.62,-4.35,8.87,-0.01,0.05,0.35,-2.87,-0.39,9.47,-0.28,0.24,0.19,-1.41,0.57,9.69,-0.46,0.22,0.29,-1.25,1.01,9.80,0.08,0.33,0.11,-0.77,6.91,7.08,0.23,0.34,-0.14,0.26,-0.11,0.98,13.49,-8.73,-3.72,R
131.865,33,30,25,12,44,-0.69,-4.51,8.95,-0.23,-0.10,0.41,-2.90,-0.35,9.57,-0.34,0.19,0.28,-1.36,0.24,9.70,-0.27,0.25,0.30,-1.34,1.05,9.69,0.08,0.46,0.15,-1.10,6.93,7.11,0.34,0.63,-0.32,0.26,-0.14,0.93,10.56,-29.60,-5.74,R
131.915,34,28,20,14,48,-0.79,-3.81,9.24,-0.23,-0.06,0.36,-3.11,-0.93,9.36,-0.18,0.37,0.12,-1.57,0.43,9.72,0.12,0.36,0.14,-1.53,1.02,9.68,0.22,0.42,0.13,-1.17,7.02,6.82,0.47,0.31,-0.14,0.23,-0.17,0.89,-1.40,-3.54,1.34,R
131.966,33,29,24,17,49,-0.09,-6.30,9.36,-0.03,-0.47,-0.25,-3.15,-1.17,9.51,-0.03,0.52,0.08,-1.59,0.39,9.74,0.50,0.47,0.04,-1.84,1.25,9.64,0.38,0.32,0.14,-1.40,7.20,6.70,0.45,-0.10,0.19,0.24,-0.14,0.81,-41.20,9.03,4.64,R
132.017,32,34,33,26,56,-0.28,-6.90,10.75,1.81,-1.80,-2.11,-3.86,-0.65,9.01,0.54,0.11,0.13,-2.23,0.71,9.61,0.62,-0.07,0.06,-2.11,1.43,9.41,0.17,-0.31,0.18,-1.33,7.58,6.57,0.36,-0.51,0.62,0.24,-0.10,0.94,-38.82,60.06,14.53,R
132.068,30,34,40,24,54,0.29,-2.74,10.70,2.06,-1.00,-1.33,-3.55,0.28,10.22,0.51,-0.06,0.17,-1.50,0.90,9.80,0.43,-0.02,0.01,-1.36,1.25,9.78,0.19,-0.17,0.14,-0.59,7.30,6.73,0.06,-0.00,0.15,0.46,-0.03,1.11,2.08,29.60,6.90,R
132.119,27,32,43,21,51,2.04,-1.49,7.14,1.02,-0.80,-0.37,-2.37,0.73,7.06,0.78,-0.35,0.01,-1.77,2.29,9.06,0.73,-0.02,-0.13,-1.65,2.09,9.50,0.11,-0.26,-0.06,-0.96,7.86,6.30,-0.26,-0.11,0.02,0.44,-0.04,0.83,0.85,22.34,-0.73,R
132.171,23,32,40,19,49,1.35,-0.08,8.72,-0.55,0.51,0.08,-3.07,1.25,7.97,-0.55,-0.07,-0.43,-1.67,2.23,9.50,-0.59,-0.74,-0.29,-1.29,1.54,9.69,-0.55,-0.49,-0.34,-0.60,6.85,6.82,-1.03,-0.16,-0.25,0.37,-0.07,0.95,18.55,-38.39,-4.76,R
132.222,24,31,36,17,47,2.07,-5.71,12.07,-0.97,0.30,0.27,-3.43,-0.29,10.17,-0.03,-0.16,-0.18,-1.33,0.66,9.56,0.04,-0.18,-0.12,-1.20,1.04,9.79,0.12,-0.12,-0.10,-0.61,6.64,7.28,0.00,-0.08,-0.05,0.17,-0.09,0.99,6.65,-9.52,-6.29,R
132.273,23,34,35,17,47,0.99,-1.74,8.54,-0.98,0.59,0.27,-2.69,0.78,9.23,-0.03,-0.37,-0.11,-1.41,1.95,9.74,-0.14,-0.22,-0.05,-1.21,1.49,9.80,-0.07,-0.26,-0.17,-0.82,7.32,7.21,-0.46,-0.29,-0.12,0.44,-0.11,0.91,7.51,-14.89,-3.42,R
132.323,22,34,33,14,43,1.17,-3.35,8.60,-0.30,-0.10,-0.09,-3.07,0.33,9.57,-0.22,-0.27,-0.21,-1.35,1.59,9.65,-0.13,-0.24,-0.17,-1.36,0.44,10.56,-0.52,-0.67,-0.30,-0.92,6.06,7.89,-0.25,-0.43,-0.10,0.25,-0.08,0.96,-0.73,-27.28,0.67,R
132.374,19,29,33,8,38,1.09,-2.79,8.67,-0.40,0.39,-0.06,-2.76,-0.15,10.58,-0.18,-0.64,-0.44,-1.12,1.35,10.89,-0.50,-0.65,-0.45,-0.26,1.41,9.86,-0.11,-0.84,-0.21,-0.11,6.91,7.14,-0.43,-0.37,-0.11,0.28,-0.10,0.98,8.97,-20.02,-1.40,R
132.425,18,28,32,7,36,0.85,-3.55,9.85,-0.72,0.57,0.09,-2.70,-0.16,9.80,-0.17,-0.80,-0.20,-0.79,1.90,9.38,0.00,-0.93,0.01,-0.09,1.01,9.14,-0.10,-0.67,0.03,-0.24,5.86,6.73,-0.04,-0.20,0.14,0.26,-0.11,0.97,7.20,-8.85,4.09,R
132.477,20,26,27,7,34,0.85,-3.58,8.68,-0.24,0.37,0.23,-1.32,0.04,6.86,0.08,-0.16,-0.09,-0.16,1.40,6.32,0.04,0.11,-0.11,0.29,1.17,7.45,-0.23,0.45,0.01,-0.23,8.71,8.91,-0.27,0.40,-0.24,0.27,-0.08,0.96,17.09,-1.46,-2.75,R
132.527,21,20,24,3,32,0.73,-4.94,10.16,-0.09,0.45,0.33,-2.42,-1.48,20.60,-0.24,-0.52,-0.04,0.13,-1.07,3.98,0.41,-0.18,-0.02,0.11,1.29,5.30,-0.05,0.08,-0.13,-0.29,7.05,6.49,0.08,0.23,-0.07,0.24,-0.21,0.99,8.48,3.36,1.16,R
132.578,19,16,20,6,34,0.42,-4.39,8.91,-0.09,-0.01,0.18,-2.19,0.30,9.10,0.08,0.03,0.04,-0.66,2.11,9.75,-0.12,-0.01,0.03,-0.52,0.91,9.85,-0.06,0.30,0.01,-0.66,6.59,7.59,0.09,0.24,0.03,0.32,-0.12,0.96,4.52,9.09,1.95,R
132.63,21,18,25,9,37,0.26,-4.60,10.18,0.18,-0.18,0.11,-2.23,-0.07,9.50,0.10,0.07,0.05,-0.65,1.73,9.56,-0.15,0.07,0.06,-0.62,0.98,9.83,-0.08,0.16,0.06,-0.72,6.18,7.68,0.16,0.11,0.06,0.22,-0.13,0.96,0.12,9.34,4.39,R
132.68,17,14,23,9,38,1.89,-3.03,7.78,1.70,-1.99,-0.33,-2.16,-0.17,9.87,0.51,0.13,0.17,-0.83,1.24,9.74,0.02,0.12,0.12,-0.83,1.00,9.76,0.06,0.08,0.08,-0.76,6.75,7.43,0.15,0.05,0.11,0.31,-0.16,0.94,-1.89,18.98,4.88,R
132.732,12,18,25,11,38,1.95,-2.07,8.30,0.65,-0.95,-0.06,-2.19,0.45,9.67,0.16,-0.02,0.04,-0.61,1.41,9.65,-0.06,-0.01,0.03,-0.56,0.91,9.72,-0.11,0.00,-0.01,-0.57,6.34,7.44,-0.08,0.05,0.00,0.33,-0.12,0.97,1.53,-2.01,4.21,R
132.783,12,19,25,11,39,2.31,-3.00,8.46,0.06,0.06,0.07,-2.07,0.04,9.69,0.06,-0.08,0.06,-0.62,1.33,9.72,0.01,-0.02,0.03,-0.59,0.83,9.73,-0.04,0.02,0.01,-0.61,6.61,7.56,0.06,0.01,-0.00,0.31,-0.13,0.96,6.77,10.44,3.23,R
132.834,9,19,24,10,38,2.29,-2.31,8.60,-0.22,0.47,0.32,-1.89,-0.22,9.60,-0.09,-0.13,0.05,-0.55,1.20,9.67,-0.06,-0.07,0.04,-0.47,0.72,9.75,-0.07,0.00,-0.00,-0.55,6.54,7.55,0.08,-0.00,0.01,0.27,-0.11,0.96,21.55,6.65,1.77,R
132.885,9,17,23,11,40,1.58,-3.87,10.70,-0.16,0.89,0.39,-2.13,0.38,9.76,0.01,-0.25,0.08,-0.45,1.30,9.79,-0.02,-0.18,0.10,-0.79,0.72,9.66,-0.11,-0.03,0.02,-0.65,6.54,7.47,0.05,0.03,0.01,0.35,-0.17,0.96,27.53,12.76,0.92,R
132.935,9,17,22,13,43,1.23,-2.60,9.61,0.41,0.17,0.26,-2.04,0.20,9.66,-0.09,-0.18,0.02,-0.64,1.50,9.65,-0.04,-0.08,0.04,-0.81,0.64,9.79,-0.08,0.01,0.01,-0.65,6.68,7.36,0.03,0.02,0.01,0.34,-0.19,0.92,17.64,8.24,3.91,R
132.987,8,15,23,11,42,0.95,-3.64,12.05,-0.26,0.45,0.41,-1.70,-0.12,9.70,-0.05,-0.16,-0.02,-0.26,1.47,9.76,-0.06,-0.08,0.01,-0.56,0.66,9.83,-0.05,0.01,-0.01,-0.54,6.53,7.56,0.03,0.02,0.00,0.32,-0.19,0.93,13.92,2.32,4.15,R
133.037,6,13,22,13,43,1.46,-3.47,10.47,0.58,-0.39,0.07,-1.66,-0.02,9.82,0.08,0.04,0.06,-0.48,1.24,9.73,-0.01,0.04,0.04,-0.76,0.75,9.82,0.04,0.05,0.03,-0.57,6.66,7.48,0.10,0.03,0.03,0.33,-0.22,0.89,-4.52,4.64,5.13,R
133.088,7,10,22,14,43,1.93,-3.20,8.98,1.24,-1.72,-0.62,-1.68,0.32,9.72,0.19,0.11,0.09,-0.41,1.49,9.59,0.03,0.09,0.06,-0.66,0.73,9.79,0.02,0.04,0.08,-0.58,6.64,7.29,0.13,0.04,0.06,0.34,-0.16,0.94,-15.08,3.85,5.31,R
133.139,5,12,22,14,43,2.35,-0.97,8.59,0.27,-0.51,-0.30,-1.79,0.68,9.29,0.08,0.06,0.07,-0.41,1.51,9.66,-0.07,0.02,0.06,-0.71,0.71,9.84,-0.07,0.02,0.02,-0.54,6.77,7.30,-0.01,0.03,0.00,0.40,-0.14,0.96,-10.25,0.37,3.42,R
133.19,3,9,22,14,43,2.64,-1.29,8.60,-0.39,0.16,0.13,-1.57,0.04,9.73,-0.03,0.05,-0.01,-0.38,1.20,9.73,0.02,0.05,-0.01,-0.74,0.71,9.84,0.03,0.03,-0.03,-0.58,6.81,7.29,0.03,0.01,-0.04,0.35,-0.16,0.92,-6.10,-0.31,0.31,R
133.241,3,9,25,11,42,2.19,-2.26,9.70,-0.72,0.51,0.17,-1.81,0.28,9.73,-0.15,-0.02,-0.02,-0.44,1.36,9.74,-0.11,0.00,0.00,-0.59,0.70,9.82,-0.04,0.01,-0.01,-0.47,6.64,7.40,-0.02,0.04,-0.03,0.33,-0.15,0.94,2.99,-5.00,-0.31,R
133.292,6,10,23,16,42,1.99,-2.27,9.04,-0.45,0.41,0.10,-1.82,0.38,9.69,-0.06,0.02,0.01,-0.65,1.38,9.72,-0.07,-0.00,0.02,-0.78,0.76,9.84,-0.03,0.00,0.01,-0.64,6.68,7.36,-0.02,0.03,-0.00,0.35,-0.16,0.94,-3.23,-3.11,-0.49,R
133.343,4,10,20,15,43,1.94,-1.90,9.11,-0.50,0.40,0.09,-1.70,0.24,9.73,-0.29,-0.02,-0.02,-0.49,1.23,9.70,-0.13,-0.01,-0.04,-0.68,0.78,9.78,-0.06,0.00,-0.07,-0.57,6.59,7.42,-0.12,0.01,-0.08,0.34,-0.15,0.93,1.10,-10.99,-1.65,R
133.394,7,10,22,16,43,1.68,-3.96,11.41,0.50,-0.66,-0.39,-1.81,0.06,9.74,0.07,0.13,-0.01,-0.61,1.27,9.72,0.01,0.03,0.02,-0.75,0.86,9.81,0.02,0.01,0.02,-0.59,6.46,7.45,0.01,0.03,0.03,0.30,-0.16,0.93,-4.15,1.53,0.00,R
133.446,4,9,19,16,43,2.31,-1.68,8.92,-0.03,-0.26,-0.12,-1.81,0.31,9.76,0.01,0.04,-0.01,-0.46,1.34,9.77,-0.04,0.01,-0.01,-0.61,0.72,9.85,-0.04,0.00,-0.02,-0.55,6.54,7.44,-0.04,0.02,-0.04,0.35,-0.14,0.96,1.04,-3.72,-0.61,R
133.496,6,9,20,17,43,2.10,-2.05,8.64,-0.84,0.56,0.19,-1.82,0.12,9.66,-0.21,-0.01,-0.04,-0.51,1.35,9.73,-0.11,-0.01,-0.03,-0.74,0.62,9.81,-0.04,0.02,-0.05,-0.68,6.52,7.39,-0.08,0.01,-0.08,0.34,-0.16,0.93,-0.31,-8.06,-2.32,R
133.548,11,9,20,17,43,1.04,-7.12,15.73,-1.56,1.88,0.33,-1.67,-0.57,9.98,-0.16,0.02,-0.06,-0.48,1.13,9.78,-0.04,0.03,-0.06,-0.66,0.70,9.85,0.03,0.02,-0.06,-0.61,6.45,7.63,-0.01,0.02,-0.05,0.28,-0.16,0.95,1.28,-5.43,-1.77,R
133.599,12,8,20,17,43,2.15,-4.71,9.22,-0.38,0.89,-0.06,-1.81,-0.08,9.65,-0.08,0.02,0.00,-0.53,1.19,9.75,-0.02,0.00,-0.01,-0.79,0.80,9.81,-0.00,0.02,-0.03,-0.69,6.66,7.40,-0.03,0.02,-0.04,0.34,-0.15,0.95,1.89,-1.10,-0.92,R
133.649,13,8,19,17,44,0.60,-3.74,9.45,-0.06,0.08,0.00,-1.77,-0.19,9.73,-0.03,0.01,0.01,-0.56,1.23,9.68,-0.02,-0.01,-0.01,-0.71,0.68,9.80,0.00,0.01,-0.01,-0.63,6.61,7.50,0.02,0.00,-0.02,0.30,-0.15,0.94,0.06,-0.06,-0.79,R
133.7,13,8,17,17,44,0.56,-3.54,9.42,-0.06,0.03,0.04,-1.77,-0.07,9.75,-0.02,0.01,-0.01,-0.47,1.19,9.80,-0.05,-0.01,-0.00,-0.62,0.59,9.83,0.01,0.02,-0.01,-0.62,6.67,7.48,0.02,0.01,-0.02,0.30,-0.14,0.95,1.10,-2.56,-1.10,R
133.751,15,10,22,17,40,0.75,-3.70,9.30,0.01,0.01,0.01,-1.74,-0.12,9.73,0.02,0.04,0.00,-0.52,1.25,9.71,-0.00,0.00,-0.01,-0.72,0.67,9.78,0.01,0.01,-0.01,-0.68,6.59,7.43,0.01,0.01,-0.01,0.31,-0.15,0.94,0.18,-0.37,-0.67,R
133.803,13,12,19,17,44,0.70,-3.76,9.21,-0.05,0.04,0.00,-1.81,0.02,9.74,-0.00,0.03,-0.01,-0.47,1.34,9.73,-0.03,0.00,-0.00,-0.73,0.67,9.85,-0.01,0.02,-0.01,-0.73,6.64,7.41,0.01,0.01,-0.02,0.31,-0.15,0.95,0.73,-1.22,-0.49,R
133.853,15,10,20,17,44,0.67,-3.92,9.29,-0.01,0.04,-0.02,-1.84,-0.13,9.75,0.01,0.05,-0.01,-0.52,1.22,9.75,0.01,0.01,-0.02,-0.68,0.62,9.82,-0.00,0.01,-0.01,-0.64,6.64,7.50,0.01,0.01,-0.01,0.31,-0.16,0.95,0.31,0.43,-0.24,R
133.904,15,9,22,17,44,0.66,-3.75,9.17,-0.01,0.02,-0.00,-1.77,-0.04,9.64,-0.03,0.03,0.02,-0.49,1.29,9.74,-0.02,0.00,0.00,-0.68,0.75,9.82,0.01,0.02,0.00,-0.61,6.51,7.51,0.02,0.03,-0.01,0.32,-0.15,0.95,0.18,0.00,-0.31,R
133.955,13,10,20,17,43,0.62,-3.60,9.29,-0.01,0.03,0.01,-1.82,-0.06,9.70,0.00,0.05,0.00,-0.54,1.23,9.75,-0.02,0.00,-0.01,-0.73,0.60,9.76,-0.01,0.01,-0.01,-0.63,6.46,7.51,0.00,0.02,-0.01,0.31,-0.16,0.95,0.73,-0.12,0.12,R
134.006,14,9,20,17,43,0.65,-3.69,9.30,0.03,0.01,-0.00,-1.79,-0.05,9.73,0.01,0.04,0.00,-0.43,1.31,9.71,0.00,0.01,0.00,-0.66,0.67,9.78,0.01,0.01,0.00,-0.63,6.49,7.45,0.00,0.02,-0.00,0.32,-0.16,0.95,-0.06,0.37,-0.06,R
134.057,14,10,18,18,46,0.69,-4.17,9.16,-0.01,0.03,-0.01,-1.86,0.03,9.67,-0.03,0.02,0.01,-0.53,1.30,9.70,-0.04,0.00,0.00,-0.75,0.65,9.80,-0.00,0.01,-0.00,-0.64,6.55,7.43,0.01,0.02,-0.01,0.32,-0.16,0.95,1.16,0.12,0.31,R
134.109,14,12,19,18,44,0.72,-3.67,9.19,0.02,0.02,-0.00,-1.87,-0.08,9.70,-0.02,0.03,0.01,-0.54,1.17,9.75,-0.01,0.01,0.01,-0.72,0.62,9.79,0.00,0.01,0.01,-0.61,6.62,7.52,0.02,0.02,0.01,0.32,-0.15,0.95,1.22,1.28,0.37,R
134.159,13,12,20,16,43,0.75,-3.68,9.22,-0.01,0.02,0.01,-1.74,-0.02,9.68,-0.03,0.04,0.01,-0.50,1.30,9.70,-0.04,0.00,0.01,-0.68,0.67,9.77,-0.00,0.02,0.00,-0.67,6.67,7.48,0.01,0.02,-0.02,0.32,-0.15,0.94,0.61,-0.31,0.00,R
134.21,13,13,23,19,43,0.62,-3.70,9.31,-0.01,0.03,-0.01,-1.93,-0.11,9.69,-0.03,0.05,0.01,-0.49,1.26,9.70,-0.01,0.01,-0.00,-0.66,0.71,9.79,-0.01,0.01,-0.01,-0.64,6.53,7.44,0.02,0.02,-0.01,0.31,-0.15,0.94,0.00,0.12,0.31,R
134.262,13,13,20,17,43,0.73,-3.76,9.22,-0.01,0.02,0.02,-1.84,-0.07,9.73,-0.01,0.03,0.02,-0.58,1.33,9.75,0.01,0.01,-0.01,-0.76,0.68,9.79,-0.02,0.00,-0.00,-0.66,6.68,7.38,0.01,0.01,-0.01,0.33,-0.15,0.94,0.67,1.28,0.61,R
134.313,14,13,20,17,44,0.79,-3.95,9.19,-0.04,0.02,-0.00,-1.81,-0.05,9.72,-0.01,0.03,-0.00,-0.56,1.24,9.73,-0.02,0.02,-0.00,-0.73,0.74,9.78,0.00,0.01,-0.00,-0.61,6.47,7.41,0.01,0.02,-0.00,0.31,-0.16,0.94,0.24,0.49,0.24,R
134.363,14,14,22,19,44,0.67,-3.81,9.25,-0.01,0.02,0.01,-1.84,-0.04,9.71,-0.02,0.04,0.00,-0.53,1.26,9.76,-0.03,0.02,0.00,-0.74,0.68,9.79,0.01,0.01,-0.01,-0.62,6.53,7.44,0.01,0.03,-0.02,0.32,-0.16,0.94,0.79,0.06,0.37,R
134.414,13,13,20,16,46,0.73,-3.89,9.18,-0.02,0.02,0.00,-1.81,-0.14,9.71,0.01,0.03,0.00,-0.56,1.31,9.72,-0.01,-0.00,-0.00,-0.74,0.72,9.80,-0.01,0.00,0.00,-0.68,6.54,7.45,0.02,0.02,-0.01,0.32,-0.16,0.94,1.22,0.98,0.24,R
134.465,14,12,19,19,44,0.67,-3.74,9.23,-0.01,0.02,-0.00,-1.78,-0.01,9.62,-0.00,0.02,-0.00,-0.51,1.27,9.72,-0.04,-0.00,-0.00,-0.74,0.72,9.81,-0.02,0.00,-0.00,-0.64,6.57,7.45,-0.01,0.02,-0.01,0.32,-0.15,0.95,0.55,-0.43,-0.31,R
134.516,13,15,22,17,44,0.70,-3.88,9.16,-0.01,0.03,0.00,-1.89,-0.09,9.69,-0.01,0.02,0.01,-0.51,1.25,9.72,-0.02,0.00,0.00,-0.76,0.71,9.79,0.00,0.01,-0.01,-0.67,6.52,7.46,0.01,0.01,-0.00,0.32,-0.16,0.94,0.79,0.55,-0.06,R
134.568,13,12,19,15,46,0.68,-3.92,9.21,-0.02,0.00,0.00,-1.82,0.00,9.66,-0.01,0.03,-0.00,-0.45,1.31,9.69,-0.03,0.01,0.00,-0.70,0.75,9.79,0.00,0.01,-0.01,-0.61,6.52,7.43,0.00,0.02,-0.01,0.32,-0.15,0.94,0.49,-0.43,-0.18,R
134.618,12,13,22,17,44,0.64,-3.96,9.25,-0.01,0.02,-0.00,-1.94,0.04,9.73,0.00,0.03,0.00,-0.53,1.30,9.71,-0.04,0.00,0.00,-0.76,0.76,9.82,-0.00,0.01,-0.00,-0.62,6.55,7.45,-0.01,0.01,-0.00,0.32,-0.15,0.94,0.18,0.06,0.06,R
134.669,14,12,20,17,45,0.59,-3.83,9.23,0.01,0.01,-0.01,-1.86,0.01,9.69,-0.00,0.02,-0.00,-0.52,1.35,9.71,-0.03,-0.01,0.01,-0.71,0.64,9.80,-0.01,0.01,-0.00,-0.62,6.54,7.50,0.01,0.01,-0.01,0.32,-0.15,0.95,1.04,0.37,0.06,R
134.721,15,13,23,17,44,0.65,-3.85,9.19,-0.02,0.02,0.00,-1.82,-0.10,9.73,0.00,0.03,0.00,-0.52,1.24,9.73,-0.01,0.02,-0.00,-0.79,0.73,9.81,-0.00,0.01,-0.00,-0.68,6.64,7.48,-0.01,0.01,0.00,0.32,-0.15,0.94,-0.06,0.37,-0.18,R
134.771,13,15,20,17,44,0.68,-3.97,9.29,0.00,0.01,-0.00,-1.84,-0.09,9.72,-0.01,0.03,0.00,-0.57,1.27,9.73,-0.02,0.01,-0.00,-0.73,0.72,9.81,-0.00,0.01,-0.00,-0.68,6.49,7.37,0.01,0.02,-0.01,0.33,-0.15,0.94,0.37,0.31,0.18,R
134.822,15,14,20,17,46,0.59,-3.76,9.24,-0.02,0.02,0.00,-1.87,-0.11,9.77,-0.02,0.02,0.00,-0.61,1.32,9.73,-0.04,-0.00,0.01,-0.75,0.70,9.83,-0.01,0.01,0.00,-0.66,6.54,7.45,0.01,0.02,0.00,0.31,-0.16,0.95,1.10,-0.37,0.00,R
134.873,12,13,20,17,45,0.69,-3.82,9.22,-0.02,0.01,0.01,-1.81,-0.03,9.71,0.00,0.03,0.00,-0.50,1.24,9.73,-0.03,0.01,0.01,-0.71,0.73,9.84,-0.01,0.01,-0.00,-0.60,6.52,7.47,0.01,0.03,-0.00,0.32,-0.15,0.94,-0.18,-0.49,0.00,R
134.924,13,13,19,17,44,0.69,-3.62,9.24,0.03,0.01,-0.01,-1.91,-0.04,9.63,-0.01,0.02,-0.00,-0.53,1.30,9.74,-0.03,0.00,0.00,-0.71,0.64,9.77,-0.01,0.01,-0.00,-0.65,6.54,7.47,0.00,0.02,-0.01,0.32,-0.16,0.94,1.16,0.00,0.24,R
134.975,14,10,22,16,44,0.65,-3.83,9.24,-0.03,0.01,0.01,-1.84,-0.07,9.69,0.00,0.01,0.01,-0.57,1.34,9.76,-0.02,0.01,0.01,-0.71,0.79,9.86,-0.00,0.01,0.01,-0.63,6.61,7.41,0.02,0.02,0.01,0.32,-0.15,0.95,0.67,0.85,0.06,R
135.026,12,13,22,17,44,0.72,-3.94,9.11,0.01,0.02,-0.03,-1.84,-0.05,9.75,-0.04,0.03,0.00,-0.53,1.26,9.69,-0.03,0.01,-0.00,-0.67,0.70,9.79,-0.01,0.01,-0.00,-0.61,6.50,7.44,0.02,0.02,-0.01,0.31,-0.15,0.94,0.31,-0.85,0.00,R
135.077,14,12,23,17,45,0.68,-3.77,9.24,-0.00,0.01,0.01,-1.89,-0.01,9.73,-0.02,0.02,0.01,-0.57,1.27,9.71,-0.03,-0.00,0.00,-0.79,0.73,9.78,-0.01,0.01,0.00,-0.62,6.56,7.47,-0.00,0.02,-0.01,0.32,-0.15,0.94,0.92,-0.43,0.00,R
135.128,14,14,20,16,44,0.69,-3.87,9.20,-0.02,0.02,0.02,-1.92,-0.02,9.73,-0.00,0.03,0.01,-0.53,1.33,9.72,-0.02,0.01,0.00,-0.75,0.75,9.84,-0.00,0.01,-0.01,-0.68,6.51,7.45,-0.01,0.01,-0.01,0.32,-0.15,0.95,0.49,0.98,0.00,R
135.18,13,12,22,17,45,0.69,-3.88,9.21,-0.01,0.02,-0.01,-1.89,-0.01,9.66,-0.01,0.03,-0.02,-0.52,1.26,9.79,-0.04,0.01,-0.00,-0.75,0.69,9.81,-0.00,0.00,-0.01,-0.62,6.57,7.43,-0.00,0.01,-0.01,0.31,-0.16,0.94,0.98,-0.79,-0.12,R
135.231,13,10,20,17,44,0.73,-3.83,9.17,-0.04,0.01,0.02,-1.88,-0.02,9.71,-0.01,0.02,0.01,-0.52,1.26,9.73,-0.03,0.01,0.01,-0.70,0.61,9.77,-0.01,0.02,0.00,-0.66,6.61,7.43,0.00,0.02,-0.01,0.32,-0.15,0.95,0.55,-0.31,0.18,R
135.281,14,13,22,18,44,0.68,-3.65,9.23,0.02,0.02,-0.02,-1.84,0.02,9.70,-0.00,0.03,0.00,-0.61,1.34,9.74,-0.02,0.01,-0.00,-0.75,0.68,9.77,-0.01,0.01,0.00,-0.64,6.58,7.44,0.01,0.02,-0.01,0.32,-0.15,0.95,0.37,-0.24,-0.06,R
135.332,14,12,20,16,44,0.68,-3.74,9.19,-0.02,0.01,0.01,-1.86,-0.08,9.67,0.00,0.02,0.01,-0.54,1.31,9.71,-0.01,0.01,0.00,-0.70,0.69,9.82,0.00,0.01,0.01,-0.64,6.50,7.44,0.01,0.02,0.00,0.32,-0.15,0.95,0.49,0.67,0.12,R
135.383,13,12,23,18,44,0.73,-3.83,9.15,0.03,0.02,-0.02,-1.83,-0.09,9.71,-0.01,0.03,-0.00,-0.57,1.28,9.74,-0.04,0.00,-0.00,-0.75,0.75,9.75,-0.02,0.00,-0.01,-0.59,6.54,7.39,-0.01,0.02,-0.02,0.32,-0.15,0.95,0.98,-0.61,-0.12,R
135.435,14,13,23,18,44,0.67,-3.83,9.17,-0.01,0.01,0.01,-1.88,0.00,9.71,-0.00,0.02,0.01,-0.54,1.20,9.69,-0.01,0.01,0.00,-0.69,0.66,9.80,0.00,0.01,0.00,-0.65,6.55,7.48,0.02,0.02,-0.01,0.32,-0.15,0.94,0.37,0.37,0.12,R
135.485,12,12,20,17,45,0.65,-4.02,9.12,0.00,0.02,0.00,-1.89,0.01,9.73,0.01,0.02,0.00,-0.53,1.40,9.70,-0.03,-0.01,0.00,-0.72,0.70,9.80,-0.01,0.01,-0.01,-0.60,6.61,7.48,-0.01,0.01,-0.01,0.33,-0.15,0.95,1.04,-0.49,-0.06,R
135.536,16,13,22,17,45,0.65,-3.74,9.21,-0.01,0.02,-0.01,-1.92,-0.02,9.67,0.00,0.02,0.00,-0.56,1.25,9.69,-0.03,0.01,0.01,-0.67,0.78,9.81,0.01,0.01,0.01,-0.58,6.59,7.45,0.02,0.02,-0.00,0.32,-0.15,0.94,0.31,0.55,-0.06,R
135.587,14,13,22,17,44,0.73,-4.23,9.13,0.01,0.01,-0.01,-1.85,0.03,9.72,-0.02,0.03,0.00,-0.56,1.19,9.74,-0.04,-0.00,0.00,-0.72,0.69,9.80,-0.01,0.01,-0.01,-0.61,6.57,7.43,0.01,0.01,-0.01,0.32,-0.15,0.95,0.85,-0.37,0.00,R
135.639,14,12,20,17,45,0.67,-3.74,9.17,0.02,0.01,-0.03,-1.89,-0.02,9.69,-0.02,0.03,0.00,-0.57,1.25,9.69,-0.02,0.00,0.00,-0.73,0.68,9.82,-0.01,0.01,-0.01,-0.62,6.49,7.45,-0.00,0.02,-0.01,0.32,-0.15,0.94,0.43,0.00,0.00,R
135.689,13,13,20,16,44,0.67,-3.77,9.23,0.02,0.02,-0.02,-1.93,-0.03,9.73,0.01,0.02,0.00,-0.49,1.39,9.68,-0.03,0.01,0.00,-0.71,0.66,9.81,-0.00,0.01,0.01,-0.64,6.60,7.39,0.01,0.02,-0.01,0.31,-0.15,0.94,0.85,0.06,0.18,R
135.74,13,10,22,17,44,0.74,-3.73,9.19,0.01,0.01,-0.02,-1.85,-0.04,9.63,-0.01,0.02,0.00,-0.52,1.40,9.71,-0.04,0.00,0.00,-0.74,0.69,9.83,-0.01,0.01,-0.01,-0.60,6.54,7.46,0.01,0.02,-0.01,0.32,-0.15,0.95,0.79,-0.43,0.12,R
135.792,13,13,18,16,44,0.68,-3.75,9.17,0.01,0.01,-0.01,-1.85,-0.04,9.71,0.00,0.03,-0.00,-0.58,1.29,9.73,-0.01,0.01,0.00,-0.75,0.68,9.81,-0.00,0.01,-0.00,-0.57,6.55,7.47,0.01,0.02,-0.01,0.32,-0.15,0.94,0.31,0.00,0.06,R
135.842,13,10,20,17,44,0.71,-3.84,9.19,0.00,0.01,-0.01,-1.90,-0.02,9.68,-0.01,0.02,0.00,-0.59,1.34,9.71,-0.01,0.01,-0.00,-0.72,0.70,9.84,-0.01,0.02,-0.00,-0.64,6.56,7.44,0.01,0.02,-0.01,0.32,-0.15,0.95,0.85,0.49,0.12,R
135.893,14,13,22,17,44,0.78,-4.08,9.20,-0.02,0.01,0.00,-1.88,-0.04,9.73,0.01,0.03,-0.00,-0.62,1.33,9.64,-0.02,0.01,0.00,-0.65,0.72,9.74,-0.01,0.01,0.00,-0.60,6.51,7.43,-0.00,0.01,-0.00,0.32,-0.15,0.95,0.55,-0.18,-0.18,R
135.944,14,13,23,18,46,0.65,-4.05,9.24,-0.01,0.01,0.02,-1.88,0.01,9.72,-0.01,0.03,0.01,-0.50,1.22,9.70,-0.03,0.00,0.01,-0.69,0.70,9.77,0.01,0.01,-0.00,-0.65,6.52,7.45,0.01,0.02,-0.01,0.32,-0.15,0.94,0.55,0.61,0.31,R
135.995,14,13,22,18,45,0.67,-3.81,9.17,0.01,0.02,-0.01,-1.89,-0.02,9.71,-0.00,0.02,-0.01,-0.57,1.33,9.69,-0.03,0.00,-0.01,-0.66,0.69,9.75,-0.01,0.01,-0.01,-0.64,6.59,7.48,-0.00,0.02,-0.01,0.31,-0.15,0.94,0.85,-1.22,0.12,R
136.046,12,9,19,16,44,0.68,-3.74,9.22,-0.01,0.01,0.01,-1.84,0.02,9.75,0.00,0.02,0.01,-0.55,1.34,9.73,-0.02,0.01,0.00,-0.77,0.78,9.78,0.00,0.02,-0.00,-0.63,6.56,7.44,-0.00,0.02,-0.01,0.33,-0.15,0.95,0.12,0.61,0.24,R
136.097,14,12,22,17,45,0.71,-3.88,9.19,0.01,0.01,-0.01,-1.91,-0.02,9.70,-0.01,0.03,0.00,-0.57,1.32,9.69,-0.02,0.01,-0.00,-0.74,0.69,9.77,-0.01,0.01,0.00,-0.62,6.60,7.38,0.01,0.02,-0.01,0.32,-0.15,0.94,0.73,-0.18,-0.06,R
136.148,13,12,20,17,44,0.71,-4.06,9.20,-0.05,0.02,0.01,-1.93,-0.03,9.71,-0.01,0.02,0.00,-0.59,1.30,9.67,-0.04,-0.00,0.00,-0.65,0.71,9.82,-0.01,0.01,-0.00,-0.62,6.52,7.48,0.01,0.02,0.00,0.31,-0.15,0.95,1.04,-0.79,-0.18,R
136.199,13,12,23,17,44,0.65,-3.75,9.18,0.02,0.02,-0.01,-1.88,0.02,9.73,0.02,0.03,0.00,-0.58,1.31,9.70,-0.03,0.01,0.00,-0.75,0.74,9.73,0.00,0.01,-0.00,-0.61,6.61,7.38,0.01,0.02,-0.01,0.33,-0.15,0.94,0.18,0.18,-0.06,R
136.25,14,10,22,17,45,0.62,-3.84,9.27,-0.01,0.03,-0.00,-1.91,-0.02,9.71,-0.01,0.01,0.00,-0.57,1.32,9.67,-0.02,0.01,-0.01,-0.69,0.69,9.81,-0.01,0.01,0.01,-0.64,6.59,7.42,0.02,0.02,-0.00,0.32,-0.15,0.94,0.61,0.43,-0.12,R
136.301,12,12,22,15,44,0.71,-3.80,9.19,-0.04,0.01,0.03,-1.90,-0.01,9.67,0.00,0.02,-0.00,-0.60,1.36,9.78,-0.04,0.00,0.01,-0.73,0.75,9.80,-0.01,0.01,0.00,-0.67,6.64,7.45,0.01,0.02,-0.02,0.32,-0.15,0.95,0.73,-0.55,0.00,R
136.352,13,12,20,18,44,0.69,-3.99,9.21,0.02,0.02,-0.02,-1.94,-0.15,9.70,-0.01,0.03,0.00,-0.57,1.38,9.74,-0.02,0.01,-0.00,-0.72,0.79,9.78,-0.01,0.01,-0.00,-0.65,6.56,7.46,0.01,0.01,-0.01,0.32,-0.15,0.95,0.37,0.12,-0.12,R
136.403,16,13,22,17,44,0.62,-3.81,9.21,-0.03,0.01,0.01,-1.85,-0.06,9.67,-0.01,0.01,0.00,-0.51,1.36,9.70,-0.02,0.01,0.00,-0.76,0.65,9.79,-0.00,0.01,0.00,-0.62,6.64,7.41,0.03,0.02,-0.01,0.31,-0.15,0.94,0.79,0.61,0.18,R
136.455,13,12,19,16,44,0.62,-3.62,9.21,0.03,0.02,-0.04,-1.82,0.03,9.69,-0.01,0.03,-0.00,-0.53,1.33,9.74,-0.05,0.00,-0.00,-0.73,0.72,9.83,-0.02,0.01,0.00,-0.62,6.53,7.44,-0.01,0.02,-0.01,0.32,-0.15,0.95,1.16,-0.98,0.18,R
136.506,12,12,20,16,44,0.71,-3.93,9.23,-0.01,0.01,0.01,-1.85,0.01,9.73,0.01,0.03,0.01,-0.55,1.25,9.73,-0.02,0.01,0.01,-0.75,0.71,9.79,0.01,0.01,-0.00,-0.66,6.55,7.42,0.01,0.02,-0.01,0.32,-0.15,0.94,-0.12,0.43,0.06,R
136.556,15,13,22,17,45,0.66,-3.95,9.17,0.02,0.02,-0.01,-1.82,-0.02,9.68,-0.02,0.02,0.00,-0.56,1.34,9.72,-0.03,0.00,0.00,-0.77,0.64,9.77,-0.02,0.01,0.00,-0.62,6.64,7.42,0.01,0.02,-0.01,0.32,-0.15,0.94,1.34,0.37,0.31,R
136.607,14,13,22,24,44,0.63,-3.80,9.20,-0.01,0.02,-0.01,-1.93,0.07,9.69,0.00,0.02,-0.00,-0.61,1.39,9.79,-0.03,0.00,0.00,-0.71,0.69,9.83,-0.01,0.01,-0.00,-0.63,6.53,7.45,0.01,0.02,-0.01,0.32,-0.15,0.95,0.61,-0.18,-0.12,R
136.658,14,13,20,17,44,0.71,-3.97,9.22,0.01,0.01,0.00,-1.88,-0.03,9.72,-0.01,0.03,0.00,-0.54,1.36,9.73,-0.03,0.00,0.00,-0.72,0.73,9.86,0.00,0.01,-0.00,-0.59,6.58,7.45,-0.00,0.02,-0.01,0.33,-0.15,0.95,0.06,0.00,-0.06,R
136.709,14,13,20,18,46,0.65,-3.81,9.14,0.02,0.01,-0.01,-1.86,-0.08,9.69,0.00,0.02,-0.01,-0.60,1.32,9.71,-0.03,0.00,-0.00,-0.78,0.72,9.84,0.01,0.01,0.00,-0.60,6.61,7.46,0.01,0.02,0.00,0.32,-0.16,0.94,1.22,0.61,0.24,R
136.76,13,9,19,16,43,0.63,-3.82,9.19,-0.02,0.01,-0.01,-1.86,0.10,9.69,-0.01,0.02,0.00,-0.55,1.38,9.69,-0.05,-0.00,0.00,-0.73,0.67,9.83,-0.02,0.01,-0.01,-0.61,6.57,7.46,-0.01,0.02,-0.01,0.32,-0.15,0.95,0.73,-1.28,0.06,R
136.812,13,10,20,17,43,0.64,-3.96,9.16,0.02,0.01,-0.01,-1.89,-0.06,9.73,-0.00,0.03,0.01,-0.58,1.29,9.69,-0.02,0.01,0.01,-0.76,0.70,9.82,-0.00,0.01,0.00,-0.69,6.67,7.40,0.02,0.02,-0.01,0.33,-0.15,0.94,0.06,1.34,0.31,R
136.862,14,10,20,16,44,0.68,-3.90,9.21,-0.02,0.01,0.00,-1.81,0.03,9.71,0.01,0.02,-0.01,-0.55,1.36,9.77,-0.04,-0.00,0.00,-0.75,0.74,9.82,-0.01,0.01,-0.00,-0.63,6.56,7.39,0.01,0.02,-0.01,0.32,-0.15,0.94,1.16,-0.43,-0.06,R
136.913,14,12,23,17,44,0.67,-3.82,9.24,-0.01,0.02,-0.01,-1.90,-0.01,9.76,-0.02,0.02,0.00,-0.64,1.29,9.69,-0.04,0.01,0.00,-0.74,0.74,9.84,-0.00,0.01,0.00,-0.64,6.56,7.47,0.01,0.03,-0.01,0.32,-0.15,0.95,0.24,-0.24,0.12,R
136.964,15,13,22,17,46,0.64,-3.82,9.24,0.04,0.01,-0.01,-1.86,0.04,9.63,0.02,0.04,0.00,-0.55,1.40,9.74,-0.01,0.01,-0.00,-0.76,0.74,9.78,0.00,0.01,0.00,-0.66,6.61,7.41,0.00,0.02,-0.01,0.33,-0.15,0.94,0.43,0.37,0.06,R
137.015,14,13,20,17,45,0.63,-3.78,9.15,-0.02,0.02,0.00,-1.85,0.02,9.76,-0.01,0.01,0.00,-0.57,1.30,9.75,-0.05,0.00,0.01,-0.76,0.67,9.81,-0.01,0.01,0.00,-0.63,6.55,7.47,0.01,0.01,-0.01,0.31,-0.15,0.94,0.79,-0.06,0.06,R
137.067,12,10,20,17,43,0.65,-3.86,9.21,0.02,0.01,-0.01,-1.96,0.00,9.66,-0.00,0.03,-0.01,-0.59,1.33,9.69,-0.03,0.00,-0.00,-0.74,0.65,9.80,-0.02,0.01,-0.00,-0.63,6.55,7.45,0.02,0.02,-0.01,0.32,-0.15,0.95,0.79,-0.24,0.18,R
137.117,13,12,19,17,44,0.72,-3.81,9.19,-0.01,0.01,0.00,-1.88,-0.03,9.73,-0.01,0.02,0.01,-0.53,1.35,9.70,-0.03,0.01,0.01,-0.76,0.72,9.81,0.00,0.01,-0.00,-0.65,6.69,7.33,0.01,0.02,-0.01,0.32,-0.15,0.94,0.31,-0.12,-0.12,R
137.168,14,12,22,17,44,0.57,-3.81,9.23,0.01,0.02,-0.01,-1.87,0.04,9.69,-0.00,0.02,0.00,-0.65,1.26,9.73,-0.03,0.01,0.01,-0.73,0.70,9.80,0.01,0.02,0.00,-0.62,6.56,7.43,0.02,0.02,-0.00,0.32,-0.15,0.95,0.61,0.61,0.00,R
137.219,13,10,22,17,44,0.58,-3.85,9.18,-0.01,0.02,0.00,-1.91,0.08,9.67,-0.01,0.02,-0.00,-0.60,1.32,9.76,-0.05,-0.00,-0.00,-0.66,0.70,9.77,-0.01,0.01,-0.00,-0.64,6.66,7.41,-0.00,0.02,-0.01,0.33,-0.15,0.95,1.16,-0.31,0.18,R
137.27,14,12,20,17,44,0.71,-3.85,9.21,0.00,0.01,0.00,-1.89,-0.02,9.67,-0.00,0.03,0.00,-0.59,1.30,9.68,-0.02,0.01,0.00,-0.79,0.68,9.78,-0.00,0.01,0.01,-0.68,6.61,7.50,0.02,0.02,-0.01,0.32,-0.15,0.94,0.00,0.31,0.00,R
137.321,14,13,23,18,44,0.64,-3.75,9.23,-0.00,0.02,0.00,-1.90,0.04,9.73,-0.02,0.02,0.01,-0.59,1.34,9.71,-0.03,0.00,0.00,-0.75,0.75,9.79,-0.00,0.01,0.00,-0.63,6.59,7.39,0.01,0.02,-0.01,0.32,-0.15,0.94,0.79,-0.31,0.06,R
137.372,14,12,23,18,44,0.66,-3.85,9.28,0.00,0.01,-0.01,-1.88,0.07,9.69,0.00,0.02,0.00,-0.58,1.31,9.69,-0.01,-0.00,-0.00,-0.72,0.77,9.81,0.00,0.01,-0.01,-0.57,6.61,7.45,-0.00,0.02,-0.01,0.33,-0.15,0.95,0.55,-0.06,0.06,R
137.424,15,12,22,17,45,0.71,-3.96,9.22,-0.01,0.01,-0.00,-1.95,0.05,9.69,0.00,0.03,-0.01,-0.61,1.34,9.72,-0.02,0.00,0.00,-0.73,0.76,9.81,0.00,0.01,0.00,-0.65,6.52,7.47,0.00,0.01,-0.01,0.32,-0.15,0.94,0.43,0.06,0.12,R
137.474,13,13,22,17,44,0.71,-3.87,9.16,-0.01,0.01,-0.00,-1.92,0.02,9.67,-0.01,0.02,-0.00,-0.58,1.34,9.73,-0.03,0.01,0.00,-0.69,0.70,9.83,0.00,0.01,-0.01,-0.65,6.61,7.45,0.00,0.02,-0.02,0.33,-0.15,0.94,0.67,-0.31,-0.12,R
137.525,13,13,22,17,44,0.64,-3.77,9.19,0.01,0.02,-0.01,-1.89,0.15,9.65,-0.01,0.03,-0.01,-0.61,1.35,9.74,-0.04,0.00,0.01,-0.71,0.74,9.79,0.00,0.01,0.00,-0.68,6.57,7.40,0.01,0.02,-0.01,0.31,-0.15,0.94,0.92,0.06,0.37,R
137.576,14,10,23,17,45,0.76,-4.00,9.20,-0.02,0.01,0.00,-1.88,0.04,9.76,-0.00,0.04,-0.00,-0.55,1.27,9.70,-0.03,0.02,-0.00,-0.70,0.77,9.76,0.00,0.02,-0.00,-0.64,6.56,7.40,0.01,0.02,-0.01,0.32,-0.15,0.95,-0.18,-0.61,-0.18,R
137.627,13,13,23,16,44,0.60,-3.84,9.23,0.01,0.02,-0.00,-1.92,0.06,9.66,-0.01,0.02,0.01,-0.59,1.42,9.73,-0.01,0.00,-0.00,-0.85,0.69,9.84,-0.00,0.01,0.00,-0.58,6.61,7.42,0.02,0.02,-0.01,0.33,-0.15,0.94,1.10,0.85,0.12,R
137.679,14,12,22,17,46,0.69,-3.83,9.22,-0.00,0.02,-0.01,-1.91,0.06,9.70,0.01,0.03,-0.00,-0.57,1.35,9.73,-0.02,0.01,-0.00,-0.77,0.73,9.84,0.00,0.01,0.00,-0.65,6.60,7.40,0.00,0.02,-0.01,0.33,-0.15,0.95,0.37,0.31,0.12,R
137.729,15,12,20,17,45,0.70,-3.85,9.20,0.00,0.02,0.00,-1.90,-0.02,9.72,0.00,0.03,-0.00,-0.63,1.32,9.70,-0.02,0.02,-0.00,-0.74,0.76,9.86,0.00,0.01,-0.00,-0.67,6.54,7.44,0.01,0.01,-0.01,0.32,-0.15,0.94,0.18,-0.06,-0.12,R
137.78,14,12,22,17,44,0.69,-4.00,9.13,0.00,0.01,0.00,-1.95,0.19,9.65,0.01,0.03,0.00,-0.61,1.48,9.64,-0.02,0.00,0.00,-0.72,0.80,9.79,-0.01,0.01,0.00,-0.66,6.67,7.36,0.02,0.02,-0.01,0.33,-0.15,0.94,0.98,0.49,0.24,R
137.832,14,12,23,17,44,0.69,-3.72,9.20,-0.01,0.01,0.00,-1.89,-0.02,9.70,-0.00,0.02,0.01,-0.58,1.41,9.67,-0.02,0.01,0.00,-0.77,0.79,9.79,-0.00,0.01,0.00,-0.65,6.63,7.40,0.01,0.02,-0.01,0.32,-0.15,0.95,0.12,0.00,-0.12,R
137.882,13,13,24,4,43,0.67,-3.88,9.13,0.00,0.01,-0.00,-1.92,0.13,9.70,0.00,0.03,0.00,-0.65,1.43,9.71,-0.02,0.02,0.01,-0.70,0.74,9.81,0.00,0.01,-0.00,-0.64,6.57,7.41,0.02,0.02,-0.01,0.32,-0.15,0.95,0.55,0.18,0.18,R
137.933,14,12,25,17,44,0.60,-3.86,9.17,-0.01,0.01,0.01,-1.96,0.05,9.73,0.00,0.03,0.00,-0.65,1.40,9.76,-0.03,0.00,-0.01,-0.76,0.79,9.81,-0.01,0.01,-0.00,-0.69,6.56,7.38,0.00,0.02,-0.01,0.33,-0.15,0.94,0.43,-0.24,0.18,R
137.984,14,12,25,18,45,0.68,-3.86,9.24,-0.00,0.02,0.00,-1.91,0.05,9.71,-0.00,0.02,0.01,-0.62,1.35,9.69,-0.02,0.01,0.01,-0.79,0.74,9.82,-0.01,0.01,0.01,-0.61,6.61,7.34,0.02,0.02,-0.00,0.33,-0.15,0.95,0.43,0.31,0.00,R
138.035,14,13,23,17,44,0.65,-3.90,9.19,-0.00,0.01,0.00,-1.92,0.07,9.71,0.00,0.03,0.00,-0.59,1.37,9.72,-0.03,0.02,0.00,-0.76,0.76,9.79,0.01,0.02,0.00,-0.63,6.66,7.41,0.02,0.02,-0.01,0.32,-0.15,0.94,0.00,0.24,0.06,R
138.087,13,13,23,18,45,0.64,-3.88,9.25,0.02,0.02,-0.01,-1.90,0.08,9.72,-0.01,0.03,0.00,-0.61,1.39,9.73,-0.03,0.00,0.00,-0.79,0.75,9.81,-0.01,0.01,0.00,-0.65,6.57,7.44,0.01,0.01,-0.00,0.32,-0.15,0.95,0.85,0.18,-0.06,R
138.137,15,10,23,19,44,0.65,-3.86,9.20,-0.00,0.01,0.01,-1.95,0.11,9.67,-0.01,0.02,0.01,-0.70,1.35,9.70,-0.01,0.01,0.00,-0.76,0.82,9.82,0.00,0.01,0.00,-0.60,6.56,7.39,0.01,0.01,-0.01,0.32,-0.15,0.94,0.37,0.37,0.00,R
138.188,13,15,23,17,44,0.67,-3.88,9.24,-0.01,0.01,0.00,-1.93,0.09,9.72,0.00,0.02,0.00,-0.62,1.36,9.72,-0.04,0.01,0.00,-0.73,0.74,9.79,-0.00,0.02,-0.01,-0.60,6.66,7.38,-0.00,0.02,-0.01,0.32,-0.15,0.94,0.55,-0.49,0.12,R
138.24,14,10,22,17,43,0.68,-3.73,9.26,0.00,0.02,-0.01,-1.94,0.13,9.68,-0.00,0.02,0.01,-0.62,1.48,9.68,-0.02,0.00,0.00,-0.75,0.78,9.77,-0.01,0.01,0.00,-0.67,6.60,7.41,0.01,0.02,-0.01,0.32,-0.15,0.94,0.43,-0.06,0.12,R
138.29,15,12,23,17,44,0.69,-3.82,9.24,0.02,0.01,-0.02,-1.92,0.12,9.68,-0.00,0.03,0.00,-0.68,1.43,9.74,-0.02,0.01,0.00,-0.74,0.79,9.81,-0.00,0.02,-0.00,-0.61,6.59,7.35,0.01,0.02,-0.01,0.33,-0.15,0.94,0.06,0.12,0.18,R
138.341,14,13,22,19,44,0.62,-3.74,9.23,-0.01,0.01,0.00,-1.92,0.08,9.70,-0.01,0.02,0.00,-0.67,1.34,9.72,-0.03,0.00,0.00,-0.81,0.78,9.80,-0.01,0.01,0.00,-0.69,6.59,7.41,0.02,0.02,-0.01,0.32,-0.15,0.94,0.98,-0.24,0.06,R
138.392,14,13,25,19,46,0.68,-3.85,9.19,0.02,0.02,-0.01,-1.92,0.10,9.69,0.00,0.04,0.00,-0.67,1.45,9.70,-0.03,0.01,0.00,-0.79,0.82,9.83,-0.01,0.01,-0.00,-0.68,6.65,7.37,-0.01,0.02,-0.01,0.33,-0.15,0.95,0.43,0.37,0.12,R
138.443,13,9,22,16,44,0.67,-3.90,9.19,0.00,0.02,-0.01,-1.98,0.03,9.70,-0.03,0.02,0.00,-0.70,1.44,9.71,-0.03,0.00,-0.00,-0.75,0.77,9.80,-0.00,0.01,-0.01,-0.68,6.57,7.40,0.00,0.01,-0.01,0.32,-0.15,0.94,0.73,-0.43,-0.18,R
138.494,14,12,25,19,44,0.67,-3.97,9.21,-0.02,0.01,0.00,-1.95,0.05,9.67,-0.00,0.03,0.01,-0.62,1.38,9.71,-0.01,0.00,-0.00,-0.68,0.79,9.80,-0.01,0.00,-0.00,-0.65,6.57,7.40,0.01,0.02,-0.01,0.32,-0.14,0.95,0.79,0.06,0.18,R
138.545,16,12,26,19,46,0.68,-3.85,9.17,0.01,0.02,-0.00,-1.95,-0.01,9.70,-0.01,0.02,0.00,-0.68,1.37,9.69,-0.03,0.00,0.00,-0.80,0.79,9.78,-0.01,0.01,0.00,-0.67,6.69,7.34,0.02,0.02,-0.01,0.33,-0.15,0.94,0.31,-0.24,-0.12,R
138.596,13,10,25,17,44,0.64,-3.87,9.19,0.01,0.01,0.00,-1.95,0.08,9.72,-0.01,0.03,0.01,-0.69,1.36,9.67,-0.03,0.01,0.01,-0.78,0.78,9.76,-0.01,0.01,0.00,-0.65,6.59,7.44,0.01,0.02,-0.01,0.32,-0.15,0.94,0.67,0.18,0.24,R
138.647,11,12,23,18,45,0.63,-3.77,9.21,-0.03,0.01,0.01,-1.93,0.14,9.62,0.00,0.02,0.00,-0.67,1.47,9.74,-0.04,0.00,0.00,-0.76,0.73,9.79,-0.01,0.01,0.00,-0.64,6.55,7.35,-0.00,0.02,-0.00,0.32,-0.15,0.94,0.61,-0.31,0.12,R
138.698,14,10,23,17,44,0.63,-3.99,9.16,0.02,0.01,-0.00,-1.95,0.09,9.72,-0.01,0.03,-0.00,-0.65,1.36,9.70,-0.03,0.00,-0.00,-0.78,0.75,9.78,-0.01,0.01,-0.01,-0.63,6.56,7.37,0.01,0.02,-0.02,0.33,-0.15,0.94,0.61,-0.55,0.12,R
138.749,13,12,25,17,46,0.62,-3.84,9.15,-0.00,0.02,0.00,-1.96,0.08,9.70,-0.02,0.02,0.01,-0.62,1.42,9.69,-0.02,-0.00,0.00,-0.76,0.78,9.84,-0.00,0.01,0.00,-0.61,6.67,7.37,0.02,0.03,-0.01,0.32,-0.15,0.94,0.61,0.37,0.12,R
138.8,15,12,23,19,44,0.44,-3.48,9.28,0.09,0.04,0.00,-1.95,0.14,9.71,-0.02,0.02,0.01,-0.59,1.34,9.68,-0.04,0.00,0.00,-0.73,0.79,9.77,-0.00,0.00,-0.00,-0.62,6.55,7.34,-0.01,0.02,-0.01,0.33,-0.14,0.95,1.04,-0.55,-0.12,R
138.851,16,13,24,19,45,0.65,-3.91,9.19,0.00,0.02,-0.01,-1.93,0.06,9.72,-0.01,0.03,-0.01,-0.60,1.34,9.70,-0.02,0.01,0.00,-0.83,0.86,9.75,0.01,0.01,-0.01,-0.59,6.67,7.37,0.00,0.02,-0.01,0.32,-0.15,0.94,0.12,-0.31,-0.12,R
138.902,14,13,22,17,45,0.67,-3.82,9.21,-0.02,0.02,0.01,-1.92,0.08,9.71,-0.01,0.01,0.01,-0.68,1.38,9.71,-0.03,-0.00,0.00,-0.77,0.80,9.80,-0.02,0.01,0.00,-0.62,6.53,7.37,0.00,0.02,-0.01,0.32,-0.15,0.94,0.92,0.06,-0.12,R
138.954,13,12,23,17,43,0.67,-3.88,9.22,0.00,0.01,-0.01,-1.92,0.14,9.62,-0.01,0.03,0.00,-0.69,1.40,9.67,-0.03,-0.01,-0.00,-0.72,0.77,9.81,-0.03,0.00,-0.00,-0.63,6.52,7.40,-0.00,0.02,-0.01,0.33,-0.15,0.95,0.55,-0.18,0.18,R
139.004,14,10,24,18,44,0.71,-3.89,9.22,0.01,0.02,0.00,-1.90,0.12,9.67,-0.00,0.03,0.00,-0.68,1.43,9.76,-0.03,0.01,0.00,-0.76,0.77,9.82,0.01,0.01,0.00,-0.66,6.56,7.40,0.01,0.02,-0.00,0.32,-0.15,0.94,0.37,0.06,0.06,R
139.055,14,10,25,17,44,0.63,-3.78,9.18,-0.03,0.03,0.00,-1.91,0.03,9.67,-0.02,0.02,0.01,-0.67,1.44,9.69,-0.03,-0.00,0.00,-0.70,0.77,9.80,-0.03,0.01,-0.00,-0.57,6.57,7.43,-0.00,0.02,-0.01,0.32,-0.15,0.95,0.73,-0.49,0.00,R
139.106,13,16,20,16,44,0.60,-3.78,9.20,-0.02,0.04,-0.00,-1.95,0.10,9.69,0.01,0.03,-0.00,-0.66,1.36,9.71,-0.03,0.01,-0.00,-0.79,0.75,9.82,0.00,0.01,-0.01,-0.57,6.66,7.36,0.01,0.01,-0.01,0.33,-0.15,0.95,0.31,0.12,0.12,R
139.157,13,13,22,17,43,0.76,-4.79,10.08,-0.06,0.18,0.02,-1.85,0.12,9.92,-0.01,0.01,0.01,-0.68,1.30,9.68,-0.04,-0.00,0.01,-0.82,0.85,9.76,0.00,0.01,-0.00,-0.68,6.61,7.38,-0.01,0.01,-0.01,0.33,-0.15,0.94,0.92,-0.24,-0.12,R
139.208,14,12,23,19,44,0.58,-3.85,9.18,0.01,0.05,-0.03,-2.00,-0.01,9.67,-0.01,0.03,-0.00,-0.67,1.41,9.70,-0.03,-0.00,0.00,-0.76,0.73,9.84,-0.02,0.01,-0.00,-0.67,6.59,7.39,0.01,0.02,-0.01,0.32,-0.15,0.95,0.67,-0.61,0.00,R
139.259,16,13,24,18,45,0.58,-3.89,9.15,-0.01,0.03,-0.00,-1.93,0.09,9.66,-0.00,0.02,0.00,-0.72,1.39,9.72,-0.02,0.00,0.01,-0.81,0.76,9.80,-0.01,0.01,0.00,-0.70,6.65,7.40,0.01,0.02,-0.01,0.33,-0.15,0.94,0.37,0.00,-0.06,R
139.31,13,9,22,18,44,0.57,-4.24,9.12,-0.01,0.01,-0.01,-1.93,0.16,9.65,-0.02,0.03,-0.00,-0.67,1.33,9.66,-0.03,0.01,-0.00,-0.77,0.80,9.80,-0.01,0.01,-0.01,-0.62,6.59,7.41,0.00,0.02,-0.01,0.32,-0.15,0.94,0.92,0.31,0.00,R
139.361,15,12,23,18,45,0.61,-3.77,9.13,0.00,0.01,-0.01,-1.90,0.03,9.71,-0.01,0.02,0.00,-0.66,1.28,9.71,-0.04,0.01,0.01,-0.77,0.84,9.83,-0.01,0.01,-0.01,-0.61,6.58,7.42,0.01,0.02,-0.01,0.32,-0.15,0.94,0.61,-0.37,-0.06,R
139.412,14,13,23,18,44,0.62,-4.07,9.13,-0.02,0.02,0.01,-1.89,0.08,9.75,-0.00,0.03,0.01,-0.70,1.37,9.70,-0.02,0.01,0.00,-0.78,0.81,9.79,-0.01,0.01,-0.00,-0.68,6.63,7.38,0.00,0.02,-0.01,0.33,-0.15,0.94,0.24,0.24,0.12,R
139.463,16,9,24,17,43,0.54,-3.95,9.16,0.01,0.02,-0.01,-1.91,0.00,9.78,-0.01,0.02,0.00,-0.67,1.36,9.71,-0.04,0.01,0.00,-0.82,0.75,9.84,-0.01,0.01,0.00,-0.65,6.59,7.44,0.02,0.02,-0.01,0.32,-0.15,0.94,0.85,0.00,0.18,R
139.514,15,10,23,17,44,0.60,-3.93,9.13,-0.02,0.01,0.01,-1.94,0.11,9.67,0.00,0.03,0.01,-0.68,1.40,9.71,-0.04,0.01,0.01,-0.79,0.81,9.82,0.00,0.01,0.00,-0.63,6.66,7.38,-0.01,0.02,-0.01,0.33,-0.15,0.95,0.37,-0.24,0.00,R
139.565,15,12,24,19,45,0.59,-4.06,9.21,0.01,0.02,-0.01,-1.88,0.08,9.69,-0.00,0.02,-0.00,-0.69,1.36,9.69,-0.02,0.00,-0.00,-0.77,0.75,9.81,-0.01,0.01,-0.01,-0.66,6.50,7.42,-0.00,0.01,-0.01,0.32,-0.15,0.94,0.67,0.55,0.06,R
139.616,16,12,23,19,44,0.47,-3.80,9.23,0.00,0.02,-0.02,-1.93,0.10,9.68,-0.01,0.01,0.00,-0.66,1.42,9.69,-0.04,-0.00,0.01,-0.75,0.74,9.87,-0.01,0.00,-0.00,-0.63,6.57,7.44,0.00,0.02,-0.01,0.32,-0.15,0.95,0.55,-0.43,0.00,R
139.667,16,13,24,18,44,0.57,-4.08,9.17,0.00,0.01,0.01,-1.92,0.17,9.70,0.00,0.03,0.00,-0.64,1.33,9.65,-0.03,0.01,0.00,-0.78,0.84,9.80,-0.00,0.01,-0.01,-0.66,6.62,7.36,0.01,0.02,-0.01,0.32,-0.15,0.94,0.31,0.06,0.31,R
139.718,16,12,24,19,45,0.58,-3.90,9.21,-0.00,0.01,-0.00,-1.91,0.08,9.75,-0.01,0.02,0.01,-0.64,1.37,9.71,-0.03,0.01,0.01,-0.75,0.71,9.80,-0.01,0.01,0.00,-0.61,6.68,7.39,0.01,0.02,0.00,0.32,-0.15,0.95,0.79,-0.18,0.12,R
139.769,15,12,25,18,45,0.57,-3.85,9.16,-0.03,0.01,0.01,-1.94,0.09,9.67,0.01,0.02,0.00,-0.70,1.42,9.72,-0.03,-0.00,0.00,-0.75,0.78,9.79,-0.01,0.01,-0.01,-0.66,6.60,7.41,-0.01,0.02,-0.01,0.33,-0.15,0.95,0.43,-0.24,-0.12,R
139.82,16,12,23,19,44,0.61,-3.93,9.15,0.02,0.03,-0.02,-1.92,0.07,9.73,-0.00,0.03,-0.00,-0.71,1.36,9.70,-0.03,0.00,0.00,-0.78,0.86,9.76,-0.01,0.01,-0.00,-0.66,6.68,7.38,0.02,0.02,-0.01,0.32,-0.15,0.94,0.67,0.18,0.00,R
139.871,15,12,24,19,44,0.49,-3.88,9.14,-0.01,0.02,0.01,-1.94,0.12,9.73,-0.01,0.01,0.01,-0.63,1.34,9.72,-0.02,0.01,0.01,-0.80,0.77,9.77,-0.00,0.01,0.00,-0.61,6.67,7.34,0.01,0.02,-0.01,0.33,-0.15,0.95,0.73,0.12,-0.12,R
139.922,16,10,23,18,44,0.59,-3.95,9.15,0.00,0.02,-0.01,-1.93,0.00,9.72,-0.02,0.02,-0.00,-0.73,1.41,9.72,-0.03,0.01,-0.00,-0.82,0.80,9.78,-0.01,0.01,-0.00,-0.66,6.66,7.43,-0.00,0.02,0.00,0.31,-0.15,0.94,0.67,-0.79,-0.12,R
139.973,14,13,22,17,44,0.51,-3.74,9.24,0.02,0.02,-0.02,-1.89,0.12,9.69,-0.00,0.02,0.00,-0.60,1.40,9.75,-0.03,0.00,0.00,-0.78,0.79,9.80,-0.01,0.01,0.00,-0.64,6.60,7.40,-0.00,0.02,-0.01,0.33,-0.14,0.95,0.85,-0.67,-0.18,R
140.024,15,12,25,18,44,0.53,-4.12,9.14,-0.04,0.01,0.02,-1.92,0.09,9.66,-0.02,0.02,0.00,-0.72,1.37,9.72,-0.02,0.00,-0.00,-0.78,0.77,9.76,0.00,0.01,-0.01,-0.69,6.70,7.40,-0.01,0.01,-0.01,0.32,-0.15,0.94,0.49,-0.55,-0.12,R
140.075,14,12,22,18,43,0.54,-3.88,9.21,0.00,0.01,0.01,-1.92,0.05,9.67,-0.01,0.02,0.01,-0.67,1.42,9.74,-0.02,0.00,0.00,-0.76,0.83,9.84,-0.02,0.01,-0.01,-0.68,6.60,7.41,-0.01,0.01,-0.01,0.33,-0.15,0.95,0.98,0.12,0.18,R
140.126,14,10,22,17,44,0.55,-4.04,9.11,-0.01,0.02,-0.01,-1.97,0.09,9.66,-0.01,0.02,0.01,-0.64,1.49,9.71,-0.03,0.00,0.01,-0.79,0.84,9.77,-0.01,0.01,0.01,-0.63,6.56,7.35,0.01,0.02,-0.00,0.32,-0.15,0.94,0.49,0.18,-0.06,R
140.177,14,12,23,18,44,0.61,-4.14,8.95,-0.01,0.02,0.04,-1.89,0.23,9.67,-0.02,0.02,0.01,-0.64,1.24,9.75,-0.04,0.01,0.01,-0.79,0.91,9.81,0.00,0.01,-0.01,-0.68,6.62,7.39,-0.01,0.02,-0.01,0.33,-0.15,0.94,0.55,-0.06,0.12,R
140.228,16,13,24,19,46,0.54,-3.79,9.24,0.03,0.01,-0.02,-1.94,0.00,9.70,-0.01,0.02,-0.01,-0.69,1.38,9.68,-0.03,0.01,0.00,-0.78,0.79,9.81,-0.01,0.01,-0.00,-0.62,6.64,7.42,0.01,0.02,-0.01,0.32,-0.15,0.95,0.61,-0.31,0.18,R
140.279,16,12,23,17,43,0.56,-3.98,9.15,-0.03,0.01,0.02,-1.93,0.11,9.67,0.00,0.02,0.01,-0.66,1.16,9.71,-0.04,0.00,0.01,-0.79,0.86,9.83,0.01,0.01,-0.00,-0.67,6.75,7.36,0.00,0.02,-0.01,0.32,-0.15,0.94,0.06,0.43,-0.12,R
140.33,15,7,22,17,44,0.50,-3.75,9.18,0.03,0.03,-0.02,-1.91,0.00,9.75,-0.04,0.02,-0.01,-0.69,1.30,9.73,-0.01,-0.00,-0.01,-0.82,0.67,9.80,-0.02,0.01,-0.00,-0.69,6.55,7.45,-0.02,0.02,-0.01,0.32,-0.15,0.94,1.34,-0.55,-0.06,R
140.381,16,13,22,19,44,0.48,-3.89,9.15,-0.03,0.01,0.01,-1.89,0.12,9.65,0.01,0.01,0.00,-0.66,1.47,9.66,-0.02,-0.01,0.00,-0.75,0.73,9.80,-0.01,0.01,0.00,-0.70,6.63,7.41,0.01,0.01,-0.00,0.33,-0.15,0.95,0.79,0.31,0.06,R
140.433,14,12,25,19,44,0.58,-4.08,9.12,0.00,0.01,0.00,-1.92,0.17,9.69,0.00,0.04,-0.00,-0.70,1.32,9.71,-0.03,0.01,0.00,-0.78,0.86,9.81,-0.00,0.01,-0.01,-0.63,6.63,7.39,-0.00,0.02,-0.01,0.32,-0.15,0.94,0.24,0.24,0.18,R
140.483,16,13,24,19,44,0.52,-3.85,9.13,-0.00,0.02,-0.01,-1.89,0.01,9.67,-0.02,0.02,0.00,-0.65,1.37,9.69,-0.04,0.01,0.01,-0.84,0.76,9.81,-0.00,0.01,0.00,-0.67,6.60,7.44,0.00,0.01,0.00,0.32,-0.15,0.94,0.85,-0.31,0.00,R
140.534,17,10,23,17,44,0.58,-4.12,9.20,-0.01,0.01,-0.00,-1.94,0.10,9.64,-0.01,0.03,-0.00,-0.74,1.38,9.66,-0.02,0.00,-0.01,-0.77,0.84,9.81,-0.03,0.00,-0.00,-0.68,6.57,7.42,-0.01,0.02,-0.02,0.32,-0.15,0.95,0.79,-0.49,0.00,R
140.585,13,13,25,17,44,0.56,-4.01,9.12,0.06,0.02,-0.03,-1.90,0.02,9.67,-0.01,0.03,0.00,-0.61,1.37,9.67,-0.02,0.01,0.00,-0.78,0.71,9.81,0.00,0.02,0.00,-0.58,6.59,7.42,0.02,0.02,-0.01,0.33,-0.15,0.94,0.37,0.73,0.12,R
140.636,16,10,23,17,44,0.46,-4.09,9.14,-0.03,0.02,0.02,-1.94,0.15,9.74,-0.01,0.02,0.00,-0.67,1.41,9.70,-0.04,0.00,0.00,-0.79,0.74,9.76,-0.01,0.01,0.00,-0.65,6.68,7.40,0.00,0.02,-0.01,0.32,-0.15,0.94,1.34,-0.12,0.00,R
140.687,16,10,24,19,44,0.56,-3.93,9.17,0.01,0.01,-0.02,-1.97,0.06,9.68,0.00,0.04,0.00,-0.70,1.29,9.73,-0.02,0.01,-0.00,-0.77,0.79,9.77,-0.00,0.01,-0.01,-0.60,6.68,7.43,0.00,0.01,-0.01,0.32,-0.15,0.95,0.12,-0.24,0.00,R
140.738,16,12,23,17,44,0.61,-4.03,9.13,-0.01,0.02,-0.00,-1.95,0.18,9.69,-0.00,0.03,0.01,-0.59,1.45,9.77,-0.03,0.00,0.01,-0.75,0.72,9.74,-0.00,0.01,0.01,-0.61,6.66,7.40,0.01,0.03,-0.01,0.33,-0.15,0.94,0.31,-0.12,0.00,R
140.789,16,12,23,17,44,0.53,-4.02,9.11,0.00,0.01,-0.00,-1.95,0.18,9.66,-0.02,0.02,0.00,-0.60,1.32,9.73,-0.03,-0.00,0.00,-0.78,0.89,9.78,-0.01,0.01,0.00,-0.61,6.67,7.40,0.00,0.02,-0.01,0.32,-0.15,0.95,0.79,-0.18,0.18,R
140.84,14,12,22,18,43,0.54,-3.92,9.15,-0.00,0.01,-0.01,-1.97,0.04,9.68,-0.01,0.03,0.00,-0.65,1.36,9.72,-0.02,0.01,0.00,-0.80,0.77,9.77,0.00,0.01,-0.00,-0.61,6.65,7.38,0.02,0.02,0.00,0.32,-0.15,0.94,-0.06,-0.18,0.00,R
140.891,16,13,24,19,44,0.55,-4.08,9.06,0.00,0.01,0.00,-1.98,0.15,9.69,-0.01,0.02,0.01,-0.69,1.42,9.70,-0.03,-0.00,0.00,-0.79,0.78,9.84,-0.01,0.01,-0.00,-0.64,6.63,7.40,0.01,0.02,-0.01,0.33,-0.15,0.95,0.73,-0.06,0.18,R
140.943,15,12,20,17,44,0.48,-3.88,9.15,-0.02,0.02,0.00,-1.94,0.15,9.68,-0.00,0.01,-0.00,-0.75,1.36,9.70,-0.04,0.00,0.01,-0.78,0.73,9.80,-0.00,0.01,0.00,-0.63,6.64,7.42,0.01,0.02,-0.01,0.32,-0.15,0.95,0.61,0.00,0.18,R
140.994,16,10,23,16,44,0.56,-3.86,9.20,0.01,0.02,-0.01,-1.97,0.15,9.71,-0.01,0.03,0.00,-0.67,1.35,9.73,-0.02,0.00,0.01,-0.76,0.75,9.81,0.00,0.01,0.01,-0.66,6.66,7.33,0.01,0.02,-0.01,0.32,-0.15,0.95,0.49,0.24,-0.12,R
141.044,16,10,22,18,44,0.51,-4.10,9.14,-0.01,0.02,0.01,-1.98,0.14,9.70,-0.00,0.02,0.00,-0.64,1.43,9.72,-0.04,-0.00,0.00,-0.73,0.86,9.79,-0.00,0.01,-0.00,-0.69,6.61,7.41,0.00,0.01,-0.01,0.32,-0.15,0.94,1.10,0.12,0.24,R
141.095,16,12,22,18,44,0.53,-3.86,9.21,-0.00,0.01,0.00,-1.91,0.07,9.69,0.00,0.02,0.00,-0.70,1.35,9.74,-0.02,0.01,0.00,-0.78,0.72,9.78,-0.00,0.01,0.00,-0.66,6.60,7.33,0.01,0.01,-0.00,0.32,-0.15,0.95,0.24,-0.06,-0.12,R
141.146,17,13,25,19,45,0.52,-4.01,9.21,0.03,0.02,-0.01,-2.00,0.11,9.67,0.00,0.02,0.01,-0.70,1.45,9.70,-0.03,0.00,0.01,-0.77,0.90,9.80,-0.01,0.01,-0.00,-0.68,6.60,7.33,-0.00,0.02,-0.01,0.33,-0.15,0.94,0.85,-0.18,0.06,R
141.197,15,12,22,18,44,0.51,-3.78,9.17,0.02,0.01,-0.02,-2.00,0.12,9.68,-0.01,0.03,0.00,-0.60,1.38,9.68,-0.03,0.00,0.00,-0.78,0.78,9.81,-0.01,0.01,0.00,-0.63,6.60,7.40,0.01,0.02,-0.00,0.32,-0.14,0.95,0.79,0.06,0.43,R
141.248,14,12,23,19,43,0.47,-3.94,9.19,-0.03,0.01,0.02,-1.87,0.11,9.69,0.01,0.02,0.01,-0.63,1.36,9.69,-0.02,0.01,0.01,-0.76,0.78,9.79,0.00,0.02,0.00,-0.63,6.66,7.39,0.01,0.02,-0.01,0.33,-0.15,0.94,0.49,-0.18,-0.24,R
141.299,14,10,23,16,43,0.53,-4.14,9.11,0.07,0.02,-0.04,-1.95,0.12,9.64,-0.02,0.03,0.00,-0.62,1.35,9.73,-0.03,0.00,0.01,-0.79,0.84,9.82,-0.01,0.01,0.00,-0.66,6.59,7.35,0.01,0.02,-0.01,0.33,-0.15,0.94,1.28,0.61,0.43,R
141.35,16,10,22,17,44,0.55,-4.01,9.08,-0.01,0.01,-0.01,-1.94,0.11,9.72,0.00,0.02,0.00,-0.69,1.42,9.74,-0.02,0.01,0.01,-0.79,0.85,9.83,-0.01,0.01,-0.00,-0.61,6.62,7.40,0.01,0.02,-0.02,0.33,-0.14,0.95,0.31,0.06,-0.24,R
141.401,15,12,23,18,44,0.55,-3.83,9.25,0.02,0.02,0.00,-1.90,0.11,9.67,-0.01,0.02,0.01,-0.70,1.36,9.68,-0.02,0.01,0.00,-0.77,0.79,9.77,-0.00,0.01,0.00,-0.63,6.64,7.36,0.01,0.02,-0.01,0.33,-0.15,0.94,0.92,0.31,0.00,R
141.452,14,10,23,17,44,0.52,-4.00,9.14,-0.00,0.01,-0.01,-1.93,0.16,9.64,-0.00,0.02,-0.01,-0.65,1.44,9.73,-0.04,0.00,-0.00,-0.70,0.74,9.78,-0.01,0.01,-0.01,-0.58,6.64,7.44,0.00,0.02,-0.02,0.33,-0.15,0.95,1.04,-0.43,0.06,R
141.503,15,10,24,18,44,0.57,-4.00,9.22,-0.01,0.01,0.01,-1.98,0.11,9.73,-0.00,0.03,0.01,-0.66,1.43,9.74,-0.03,0.01,0.00,-0.83,0.76,9.81,0.00,0.01,0.00,-0.71,6.62,7.31,0.01,0.02,-0.01,0.32,-0.15,0.94,0.06,0.31,0.00,R
141.554,16,10,23,18,45,0.55,-3.93,9.22,-0.00,0.01,-0.00,-1.94,0.23,9.63,0.00,0.01,0.00,-0.66,1.42,9.69,-0.05,-0.00,0.00,-0.77,0.79,9.80,-0.01,0.01,0.00,-0.61,6.68,7.33,0.00,0.02,-0.01,0.33,-0.14,0.95,0.98,-0.49,0.06,R
141.605,14,10,22,16,44,0.55,-3.80,9.23,-0.00,0.01,-0.00,-1.98,0.13,9.69,0.01,0.03,0.00,-0.65,1.38,9.64,-0.02,0.00,-0.00,-0.80,0.80,9.80,-0.00,0.01,0.01,-0.66,6.56,7.39,0.01,0.02,-0.01,0.32,-0.15,0.94,0.24,0.00,0.00,R
141.656,14,10,23,17,44,0.46,-3.80,9.22,0.03,0.02,-0.01,-1.92,0.08,9.68,-0.00,0.02,0.00,-0.67,1.38,9.67,-0.04,0.01,0.00,-0.76,0.80,9.80,-0.00,0.02,0.00,-0.62,6.62,7.32,0.01,0.02,-0.01,0.32,-0.15,0.94,0.49,0.00,0.06,R
141.708,16,13,23,18,44,0.56,-4.21,9.13,-0.01,0.00,0.01,-1.96,0.18,9.65,-0.02,0.02,0.01,-0.70,1.38,9.72,-0.03,0.01,0.00,-0.81,0.95,9.84,-0.01,0.00,-0.01,-0.63,6.61,7.43,-0.01,0.02,-0.00,0.33,-0.15,0.95,0.79,-0.06,0.18,R
141.758,16,12,24,19,45,0.56,-3.92,9.17,0.03,0.01,-0.02,-1.92,0.08,9.74,0.01,0.03,0.00,-0.66,1.40,9.71,-0.01,0.01,0.00,-0.77,0.75,9.79,0.01,0.01,0.00,-0.70,6.68,7.39,0.02,0.02,-0.01,0.33,-0.15,0.94,0.12,0.92,-0.24,R
141.809,15,10,23,18,45,0.50,-4.05,9.07,-0.04,0.01,0.02,-1.95,0.15,9.71,-0.01,0.01,0.00,-0.72,1.43,9.68,-0.04,-0.00,0.01,-0.79,0.87,9.78,-0.02,0.00,-0.00,-0.65,6.66,7.44,-0.01,0.01,-0.00,0.32,-0.15,0.94,1.53,0.06,0.00,R
141.86,16,10,22,17,44,0.56,-4.04,9.16,0.04,0.01,-0.03,-1.92,0.10,9.66,0.00,0.04,-0.00,-0.68,1.39,9.72,-0.01,0.01,0.00,-0.78,0.79,9.80,0.00,0.01,-0.00,-0.61,6.68,7.38,0.01,0.02,-0.01,0.32,-0.15,0.94,0.00,0.18,0.00,R
141.912,16,13,24,18,45,0.45,-3.85,9.16,-0.04,0.01,0.02,-1.93,0.17,9.65,-0.01,0.01,0.00,-0.69,1.54,9.70,-0.04,0.00,0.01,-0.78,0.74,9.80,-0.01,0.01,0.01,-0.62,6.66,7.32,0.01,0.02,0.00,0.32,-0.15,0.94,1.10,-0.31,0.06,R
141.962,14,10,22,17,44,0.56,-3.87,9.10,0.02,0.01,-0.02,-1.97,0.16,9.71,-0.00,0.04,-0.01,-0.70,1.27,9.75,-0.04,0.01,0.00,-0.72,0.80,9.81,-0.01,0.02,0.00,-0.59,6.75,7.39,-0.00,0.02,-0.01,0.33,-0.15,0.95,0.00,-0.24,0.18,R
142.013,14,13,23,17,44,0.52,-3.89,9.24,-0.02,0.02,-0.00,-1.92,0.16,9.73,-0.01,0.02,0.00,-0.73,1.27,9.70,-0.02,0.01,-0.00,-0.78,0.86,9.76,-0.01,0.01,0.00,-0.63,6.59,7.42,0.01,0.02,-0.01,0.32,-0.15,0.94,0.61,-0.12,-0.18,R
142.065,15,13,22,17,44,0.50,-4.01,9.15,-0.01,0.02,0.00,-1.97,0.15,9.72,-0.00,0.01,0.01,-0.69,1.36,9.76,-0.04,-0.00,0.01,-0.79,0.77,9.79,-0.01,0.01,0.00,-0.59,6.61,7.38,-0.00,0.02,-0.01,0.33,-0.14,0.95,0.92,0.55,0.24,R
142.116,16,12,22,17,44,0.52,-3.97,9.12,0.01,0.02,-0.01,-1.95,0.12,9.68,-0.00,0.04,-0.00,-0.70,1.36,9.70,-0.03,0.01,-0.00,-0.78,0.87,9.80,0.01,0.01,-0.00,-0.64,6.70,7.30,0.01,0.02,-0.01,0.32,-0.15,0.94,0.24,-0.37,-0.31,R
142.166,16,13,25,19,44,0.52,-3.95,9.13,0.01,0.01,-0.01,-1.99,0.22,9.70,-0.01,0.02,-0.00,-0.68,1.45,9.71,-0.02,0.00,0.01,-0.84,0.80,9.76,-0.01,0.01,-0.00,-0.68,6.61,7.45,-0.00,0.02,-0.01,0.32,-0.15,0.94,0.67,-0.06,0.18,R
142.217,15,12,20,17,44,0.57,-3.94,9.14,-0.01,0.02,0.01,-1.98,0.20,9.69,-0.01,0.02,0.00,-0.72,1.36,9.67,-0.04,-0.00,0.00,-0.85,0.79,9.80,-0.01,0.01,0.00,-0.66,6.61,7.40,0.00,0.02,-0.01,0.32,-0.15,0.94,0.55,-0.37,-0.18,R
142.268,14,10,22,17,43,0.56,-3.91,9.12,-0.01,0.01,-0.01,-1.96,0.10,9.65,-0.01,0.03,0.00,-0.71,1.42,9.73,-0.03,0.00,0.00,-0.88,0.86,9.73,-0.01,0.01,-0.01,-0.69,6.57,7.41,0.00,0.02,-0.01,0.32,-0.14,0.95,0.61,-0.31,-0.12,R
142.319,16,10,23,18,43,0.56,-3.91,9.19,-0.01,0.02,-0.01,-1.94,0.14,9.69,-0.01,0.03,0.00,-0.67,1.40,9.68,-0.03,0.01,-0.00,-0.78,0.79,9.80,-0.01,0.01,-0.00,-0.61,6.59,7.39,0.01,0.02,-0.01,0.32,-0.15,0.94,0.55,-0.49,0.06,R
142.371,13,12,24,16,44,0.45,-3.81,9.18,0.01,0.02,-0.02,-1.95,0.08,9.67,-0.01,0.02,0.00,-0.66,1.37,9.72,-0.03,0.00,0.01,-0.75,0.76,9.84,0.00,0.01,0.00,-0.57,6.69,7.39,0.02,0.02,-0.01,0.32,-0.15,0.95,1.10,0.12,0.00,R
142.421,15,12,22,17,44,0.49,-3.98,9.17,-0.02,0.02,-0.00,-1.91,0.16,9.64,-0.01,0.02,0.00,-0.68,1.36,9.74,-0.04,0.00,0.00,-0.78,0.79,9.84,-0.00,0.01,-0.00,-0.68,6.63,7.39,0.01,0.02,-0.01,0.32,-0.14,0.94,0.18,-1.04,-0.18,R
142.472,15,9,22,17,44,0.56,-3.88,9.20,0.04,0.02,-0.02,-1.96,0.07,9.68,0.00,0.03,0.00,-0.69,1.39,9.72,-0.03,0.00,0.01,-0.78,0.89,9.72,0.00,0.01,-0.00,-0.69,6.52,7.39,0.00,0.02,-0.01,0.33,-0.15,0.94,0.98,0.49,0.12,R
142.523,15,12,23,17,43,0.53,-3.78,9.16,0.02,0.02,-0.03,-1.90,0.13,9.66,-0.00,0.03,-0.00,-0.68,1.40,9.75,-0.04,-0.01,-0.01,-0.78,0.91,9.84,-0.01,0.01,-0.00,-0.69,6.62,7.47,-0.01,0.02,-0.01,0.33,-0.15,0.95,0.55,-0.55,-0.24,R
142.574,14,10,25,28,44,0.53,-4.00,9.16,-0.02,0.01,0.01,-1.98,0.09,9.68,0.00,0.02,0.00,-0.69,1.43,9.69,-0.02,0.01,0.00,-0.76,0.79,9.77,0.00,0.01,0.00,-0.65,6.61,7.38,0.02,0.02,-0.01,0.32,-0.15,0.94,0.24,0.49,0.06,R
142.625,15,9,22,17,44,0.48,-3.86,9.17,-0.02,0.00,0.00,-1.90,0.12,9.64,0.00,0.02,0.00,-0.69,1.51,9.69,-0.02,0.01,0.01,-0.81,0.83,9.82,-0.01,0.01,0.01,-0.56,6.54,7.36,0.00,0.02,-0.00,0.33,-0.14,0.95,0.37,-0.61,-0.24,R
142.676,15,12,24,16,44,0.42,-4.03,9.24,-0.05,0.02,0.02,-1.95,0.15,9.64,0.00,0.03,-0.00,-0.72,1.40,9.72,-0.03,0.01,-0.01,-0.80,0.79,9.74,-0.03,0.01,-0.01,-0.64,6.67,7.40,-0.01,0.02,-0.01,0.33,-0.14,0.95,0.24,-0.43,0.31,R
142.727,14,12,23,18,43,0.48,-3.87,9.24,0.04,0.02,-0.02,-1.93,-0.01,9.71,-0.00,0.02,0.00,-0.72,1.38,9.69,-0.02,0.01,0.00,-0.78,0.75,9.81,-0.01,0.01,0.00,-0.62,6.59,7.36,0.01,0.02,-0.01,0.32,-0.15,0.94,1.04,0.31,0.12,R
142.778,14,12,25,19,44,0.56,-3.92,9.21,-0.01,0.02,-0.01,-2.03,0.18,9.69,-0.01,0.02,-0.00,-0.66,1.46,9.70,-0.04,-0.00,0.00,-0.73,0.78,9.70,-0.03,0.01,0.00,-0.61,6.56,7.39,0.01,0.02,-0.01,0.32,-0.14,0.94,0.92,-1.04,-0.18,R
142.829,14,10,23,17,43,0.58,-4.15,9.08,-0.02,0.01,0.02,-2.00,0.17,9.72,0.01,0.03,0.01,-0.72,1.36,9.68,-0.01,0.01,0.00,-0.79,0.84,9.84,0.01,0.01,0.00,-0.62,6.64,7.39,0.00,0.02,-0.01,0.33,-0.15,0.94,0.06,0.61,0.06,R
142.88,14,10,18,17,43,0.44,-3.85,9.18,0.01,0.02,-0.02,-1.99,0.12,9.72,-0.02,0.02,-0.00,-0.67,1.39,9.70,-0.04,-0.00,0.00,-0.74,0.79,9.80,-0.01,0.01,-0.00,-0.62,6.73,7.34,0.01,0.02,-0.00,0.31,-0.14,0.94,1.28,-0.61,-0.06,R
142.932,14,12,23,17,43,0.56,-4.00,9.15,0.00,0.01,-0.01,-1.95,0.11,9.67,-0.01,0.03,0.00,-0.72,1.45,9.68,-0.01,0.01,-0.00,-0.78,0.76,9.83,-0.01,0.01,-0.00,-0.64,6.67,7.39,0.01,0.02,-0.01,0.32,-0.15,0.94,0.12,-0.43,-0.12,R
142.982,14,12,24,17,43,0.53,-4.01,9.17,0.03,0.02,-0.02,-1.92,0.10,9.65,-0.01,0.03,0.00,-0.68,1.44,9.72,-0.02,0.00,0.00,-0.81,0.82,9.75,-0.01,0.01,-0.00,-0.67,6.66,7.38,0.00,0.02,-0.01,0.32,-0.15,0.94,1.16,0.06,0.06,R
143.034,16,14,23,17,44,0.45,-3.88,9.19,-0.02,0.02,-0.01,-1.97,0.17,9.66,0.00,0.02,0.00,-0.70,1.43,9.73,-0.03,0.00,0.00,-0.78,0.78,9.77,-0.01,0.01,0.00,-0.65,6.63,7.42,0.01,0.02,-0.01,0.32,-0.14,0.95,0.43,0.00,0.12,R
143.084,15,10,25,16,45,0.49,-3.92,9.17,-0.01,0.02,-0.00,-1.98,0.12,9.71,-0.00,0.03,0.00,-0.71,1.33,9.63,-0.04,0.01,0.01,-0.84,0.77,9.76,0.00,0.01,0.00,-0.64,6.68,7.35,0.01,0.02,-0.01,0.32,-0.15,0.94,0.24,0.00,0.06,R
143.135,16,13,23,18,44,0.47,-4.05,9.16,0.02,0.01,-0.02,-2.02,0.18,9.65,-0.01,0.02,0.00,-0.70,1.30,9.76,-0.03,-0.00,0.00,-0.73,0.84,9.78,-0.01,0.01,-0.00,-0.67,6.67,7.40,-0.00,0.02,-0.00,0.33,-0.15,0.95,0.55,-0.12,0.12,R
143.186,16,12,25,17,43,0.49,-4.06,9.15,-0.00,0.02,-0.01,-1.94,0.16,9.71,0.00,0.03,0.00,-0.71,1.34,9.67,-0.02,0.01,0.00,-0.78,0.85,9.78,0.00,0.01,0.00,-0.66,6.56,7.37,0.02,0.02,-0.01,0.32,-0.15,0.95,0.31,0.18,0.12,R
143.237,16,12,24,15,44,0.45,-3.79,9.13,0.02,0.02,-0.02,-1.91,0.15,9.70,-0.01,0.03,-0.00,-0.64,1.42,9.73,-0.03,0.01,0.00,-0.76,0.82,9.84,-0.01,0.01,0.00,-0.67,6.64,7.39,0.01,0.02,-0.00,0.32,-0.15,0.94,0.37,0.00,0.18,R
143.288,14,12,25,17,44,0.57,-3.92,9.15,0.01,0.02,-0.01,-1.96,0.13,9.65,-0.01,0.02,-0.00,-0.71,1.49,9.70,-0.03,-0.00,-0.00,-0.80,0.77,9.85,-0.01,0.01,-0.00,-0.65,6.68,7.45,0.00,0.02,-0.01,0.32,-0.14,0.95,1.16,-0.37,0.00,R
143.339,15,12,23,18,44,0.57,-3.86,9.10,-0.01,0.01,0.01,-1.99,0.19,9.63,0.01,0.02,0.00,-0.67,1.36,9.72,-0.02,-0.00,0.00,-0.79,0.88,9.77,0.01,0.01,-0.00,-0.59,6.59,7.39,0.00,0.01,-0.01,0.33,-0.14,0.94,0.85,0.18,-0.06,R
143.39,15,10,22,17,43,0.52,-3.82,9.23,-0.01,0.01,0.01,-1.95,0.10,9.70,0.00,0.02,0.01,-0.68,1.42,9.67,-0.01,0.01,0.00,-0.78,0.82,9.84,0.01,0.01,-0.00,-0.62,6.65,7.39,-0.00,0.02,-0.00,0.33,-0.15,0.94,-0.06,0.73,0.06,R
143.441,15,9,23,17,43,0.56,-4.06,9.16,-0.01,0.01,-0.01,-2.03,0.11,9.73,-0.03,0.02,0.01,-0.70,1.37,9.71,-0.03,0.00,0.00,-0.81,0.87,9.78,-0.01,0.01,0.01,-0.62,6.69,7.36,0.01,0.02,-0.01,0.32,-0.15,0.94,0.85,-0.67,0.18,R
143.492,15,12,24,16,43,0.49,-3.82,9.17,-0.02,0.01,0.01,-1.95,0.16,9.65,0.01,0.03,0.00,-0.70,1.52,9.69,-0.02,0.01,0.01,-0.79,0.83,9.77,-0.00,0.01,0.01,-0.69,6.63,7.40,0.01,0.02,-0.01,0.33,-0.14,0.94,0.24,0.00,0.06,R
143.543,16,13,23,18,44,0.58,-4.27,9.13,-0.03,0.01,0.00,-1.96,0.18,9.73,-0.03,0.03,-0.00,-0.63,1.38,9.73,-0.03,0.01,-0.00,-0.80,0.83,9.79,-0.00,0.01,-0.00,-0.65,6.61,7.38,0.00,0.02,-0.01,0.32,-0.14,0.95,0.79,-0.61,-0.06,R
143.594,17,13,24,19,44,0.48,-3.88,9.13,0.00,0.02,-0.01,-1.99,0.23,9.66,-0.00,0.02,0.00,-0.73,1.45,9.69,-0.03,0.01,0.00,-0.82,0.84,9.85,-0.00,0.01,0.00,-0.61,6.64,7.38,0.00,0.02,-0.01,0.32,-0.14,0.95,0.37,-0.31,0.06,R
143.645,17,12,25,19,44,0.55,-3.95,9.11,-0.03,0.02,0.02,-1.92,0.14,9.70,-0.01,0.02,0.01,-0.63,1.42,9.72,-0.03,0.01,0.00,-0.79,0.81,9.85,-0.01,0.01,-0.01,-0.70,6.56,7.37,0.00,0.01,-0.02,0.33,-0.14,0.95,0.43,0.00,-0.12,R
143.696,14,12,23,17,43,0.51,-4.13,9.16,-0.01,0.02,-0.00,-1.97,0.20,9.72,-0.01,0.03,0.00,-0.69,1.40,9.73,-0.03,0.01,-0.00,-0.73,0.83,9.75,-0.01,0.01,-0.00,-0.64,6.61,7.35,0.00,0.02,-0.01,0.32,-0.14,0.95,0.31,-0.67,-0.12,R
143.747,16,12,23,18,44,0.54,-3.97,9.16,-0.03,0.02,0.02,-1.94,0.14,9.66,-0.01,0.03,0.01,-0.67,1.34,9.71,-0.04,0.01,0.01,-0.73,0.81,9.78,0.01,0.02,0.00,-0.65,6.72,7.41,0.02,0.02,-0.01,0.32,-0.15,0.94,-0.43,-0.79,-0.06,R
143.799,16,13,24,19,45,2.58,-5.29,10.34,-0.13,0.09,0.09,-2.00,0.05,9.59,-0.03,0.05,0.00,-0.67,1.42,9.73,-0.02,0.03,0.00,-0.79,0.75,9.70,0.02,0.02,-0.00,-0.63,6.55,7.42,0.03,0.03,-0.02,0.32,-0.14,0.95,-1.53,-1.22,0.06,R
143.85,15,12,26,18,45,-1.72,-3.01,8.02,-0.03,0.12,0.09,-2.04,0.05,9.96,-0.00,0.21,0.09,-0.83,1.23,9.76,0.03,0.15,0.02,-0.83,0.72,9.85,0.25,0.09,-0.02,-0.84,6.23,7.63,0.23,0.07,-0.05,0.31,-0.16,0.95,-10.80,-1.22,-0.31,R
143.9,17,20,28,18,51,0.36,-3.34,9.31,-0.66,0.26,0.37,-2.61,0.60,10.10,-0.22,1.33,0.15,-1.81,1.34,10.06,0.23,1.23,-0.10,-1.43,0.96,10.23,1.31,0.61,-0.29,-1.15,6.52,7.47,0.61,0.06,-0.25,0.34,-0.19,0.96,-55.73,-4.94,7.75,R
143.951,25,39,56,31,63,-0.42,-4.57,9.55,-0.66,0.10,0.49,-4.30,-0.70,12.51,-0.18,0.56,0.17,-3.54,1.08,11.47,0.63,2.49,-0.27,-2.49,1.09,10.73,2.35,1.79,-0.63,-1.40,6.25,6.53,3.96,-0.79,-1.58,0.27,-0.12,1.05,-70.74,8.42,18.68,R
144.002,37,63,93,64,68,-2.04,-7.31,12.90,-0.93,-0.06,-0.37,-5.49,0.51,12.32,0.49,0.38,0.23,-3.85,3.99,10.96,0.78,0.74,0.15,-4.52,7.12,13.27,2.64,1.06,-0.23,-1.92,16.32,5.57,3.02,-1.25,-0.28,0.37,-0.10,1.12,-117.86,24.72,36.32,R
144.053,46,87,109,94,83,-1.53,-5.34,13.18,-0.26,-0.89,-0.66,-5.45,1.79,13.40,-0.04,-0.91,0.76,-5.34,4.57,10.90,0.43,-0.54,0.69,-4.56,7.47,11.08,0.64,-0.13,1.16,-2.16,12.46,5.79,0.92,0.03,1.56,0.58,0.08,1.26,-112.98,27.16,50.84,R
144.104,49,103,125,102,93,0.86,-7.60,12.29,-0.54,-1.24,-0.15,-5.00,1.63,12.61,-0.04,-1.62,0.60,-5.00,4.52,11.48,-0.01,-1.00,1.11,-4.31,6.65,9.93,0.47,-1.17,1.47,-1.41,12.42,4.29,0.91,0.08,1.89,0.46,0.17,1.13,-120.73,13.12,57.37,R
144.155,60,117,134,109,104,-1.07,-6.07,10.57,-0.05,-1.69,-1.00,-3.88,0.59,12.15,0.08,-2.00,0.67,-3.21,4.30,10.63,0.38,-1.44,1.27,-3.46,6.45,9.85,0.41,-1.32,1.81,-0.43,11.00,4.08,0.73,-0.00,2.33,0.45,0.28,0.97,-122.01,25.63,66.41,R
144.206,79,128,143,112,107,2.49,-8.20,9.73,-0.08,-2.37,-0.48,-3.57,0.87,9.61,0.47,-2.82,0.94,-2.38,3.36,8.99,0.36,-1.56,1.68,-2.19,5.73,8.49,0.45,-1.38,2.16,0.46,9.50,2.37,0.93,0.04,2.70,0.47,0.40,0.92,-127.14,46.81,84.05,R
144.258,100,145,149,117,109,0.51,-5.32,7.58,0.10,-2.25,-0.44,-0.05,3.12,8.49,0.27,-2.85,1.15,-1.46,3.39,8.99,0.22,-1.98,1.46,-1.11,4.70,8.49,0.03,-2.07,1.82,1.62,7.62,2.41,0.24,-0.64,2.55,0.41,0.45,0.78,-106.57,26.79,80.87,R
144.308,109,149,154,119,108,2.20,-5.92,9.62,0.59,-2.88,-0.07,0.37,1.96,8.88,0.29,-3.30,1.80,-0.51,3.52,8.85,0.75,-2.39,1.88,0.73,4.89,7.49,0.93,-2.01,2.13,2.68,4.41,4.32,1.54,-1.41,1.55,0.35,0.56,0.74,-102.91,71.66,85.45,R
144.359,120,150,155,124,102,3.97,-7.16,8.88,1.46,-2.87,0.11,3.53,-0.74,6.82,1.35,-2.92,1.95,3.11,2.50,5.95,1.89,-1.62,2.40,4.07,3.23,4.33,2.66,-1.38,2.02,5.54,5.66,-4.83,2.93,-0.22,0.09,0.27,0.70,0.66,-102.66,137.02,83.19,R
144.411,129,148,155,131,102,3.00,-10.39,9.80,4.27,-2.54,-0.08,4.17,-3.03,7.90,4.66,-1.62,2.71,5.12,1.66,4.35,5.38,0.08,3.17,6.47,5.62,-0.87,5.92,0.99,2.53,5.06,9.00,-12.07,7.02,3.04,-1.73,0.32,0.86,0.30,-106.45,337.16,81.36,R
144.461,148,162,164,142,115,6.31,-5.43,1.80,5.53,-0.91,0.74,8.19,2.99,2.15,5.96,0.98,3.15,7.54,6.81,0.45,6.00,3.28,3.82,5.07,12.33,0.59,6.44,5.07,3.32,2.10,10.58,-6.51,5.73,7.64,-1.78,0.29,0.94,0.01,-20.32,379.15,53.53,R
144.512,171,184,177,151,137,6.59,-4.02,1.10,5.66,-0.31,2.40,8.76,-0.22,1.67,5.74,2.00,4.97,3.45,6.49,3.78,5.04,5.25,4.82,3.55,7.81,2.94,5.21,5.54,3.94,0.78,8.88,-7.91,4.78,7.52,-1.00,0.34,0.86,0.06,86.06,389.28,26.12,R
144.564,203,201,188,166,153,7.75,-0.01,1.18,4.55,2.58,3.57,3.17,5.06,6.73,4.63,4.93,4.69,4.51,8.37,-2.43,4.26,8.06,4.55,0.83,11.06,1.29,4.25,9.69,4.05,-1.94,11.39,-5.89,2.37,11.94,-1.11,0.31,0.83,-0.06,121.70,313.84,28.32,R
144.614,230,219,215,198,191,9.98,-0.92,-1.00,1.60,4.12,3.27,3.17,3.83,3.83,1.80,8.24,5.07,0.92,6.49,1.32,0.91,10.22,4.32,-3.01,7.04,5.10,0.25,10.57,3.58,-7.31,10.54,2.52,-0.51,14.00,-1.33,0.41,0.85,-0.05,120.67,198.67,49.38,R
144.665,240,242,240,226,215,3.59,-2.59,6.02,-0.50,4.27,2.35,-0.63,-2.03,6.95,-0.93,8.54,3.89,-0.20,2.56,1.80,-0.24,10.55,2.75,0.10,-1.59,4.83,-0.35,8.64,1.94,4.00,9.60,2.47,1.43,9.58,-0.50,0.30,0.76,0.07,102.60,118.35,57.37,R
144.717,245,255,252,246,235,-0.94,-5.76,10.24,-0.14,3.53,1.83,-8.50,4.59,7.54,-2.23,7.72,3.29,-4.37,6.09,3.97,-1.64,8.45,1.97,-4.93,5.08,3.75,-0.84,8.55,2.05,-4.18,9.59,-0.59,0.91,10.63,-1.54,0.20,0.79,0.10,100.95,130.86,57.80,R
144.767,240,255,255,255,244,-1.65,-2.44,11.00,-0.55,0.73,1.39,-7.46,-2.02,8.82,-1.93,2.97,1.62,-10.71,2.85,6.66,-1.11,4.58,0.52,-7.00,4.28,5.90,-0.77,3.54,0.65,-5.36,6.70,3.34,0.02,4.48,-0.00,0.29,0.74,0.27,51.45,83.25,40.95,R
144.819,231,255,255,255,248,-4.47,-1.97,11.38,-0.33,-2.89,1.91,-11.33,1.40,10.09,-2.54,-2.41,1.11,-11.63,5.27,6.32,-1.08,0.72,0.79,-8.42,5.32,7.97,-0.64,1.03,1.19,-5.28,9.35,6.16,-0.73,-0.07,1.14,0.17,0.84,0.27,37.11,94.18,30.88,R
144.869,189,255,253,255,238,3.86,-3.51,2.86,-0.38,-10.74,4.36,9.01,-4.93,-1.71,-2.53,-6.40,1.43,6.93,2.62,-2.53,-1.22,-4.25,1.66,-1.01,5.95,5.91,-0.74,-5.29,1.81,0.48,9.22,1.92,-1.02,-6.93,2.08,0.33,1.08,0.20,27.34,100.22,7.63,R
144.92,187,249,245,243,218,2.05,-2.29,13.67,0.36,-4.86,2.51,-2.18,1.89,12.51,0.06,-1.19,1.25,-6.94,9.16,11.23,-0.56,-1.32,0.76,-1.18,8.12,11.04,-0.74,-5.57,0.66,3.11,11.51,4.57,-0.82,-5.34,0.78,0.43,1.04,0.04,30.82,66.53,17.94,R
144.971,138,241,234,219,188,6.58,-5.59,2.34,0.59,-7.67,3.60,4.19,0.59,8.51,-0.49,-8.65,0.67,-0.11,6.18,6.74,-1.94,-9.08,0.71,5.78,5.75,3.09,-0.52,-3.72,0.62,5.15,8.54,0.31,-0.41,-3.62,0.95,0.39,1.10,0.04,10.01,73.67,26.00,R
145.022,110,217,203,199,167,8.67,-4.79,2.35,1.93,-2.98,1.29,7.73,-0.74,5.41,0.40,-4.87,0.29,10.72,2.84,1.80,-1.22,-3.37,0.24,4.33,4.44,6.53,-0.81,0.59,0.30,4.59,7.57,3.29,-1.04,0.64,0.05,0.28,0.97,0.17,52.80,44.86,25.76,R
145.073,99,197,177,191,165,9.17,-5.97,-0.15,2.29,-1.95,0.52,7.95,-1.18,5.50,0.73,-0.72,0.39,4.73,2.58,7.04,-0.54,0.20,0.20,2.32,3.16,8.14,-0.53,0.86,0.02,2.62,7.51,5.76,-0.62,0.66,-0.11,0.27,0.97,0.17,52.37,31.25,13.31,R
145.124,88,185,170,185,165,14.29,-6.29,1.08,2.15,-1.70,0.57,6.87,-0.59,6.05,0.25,0.19,0.36,2.35,2.74,8.19,-0.75,0.67,0.08,1.81,3.53,7.96,-0.70,1.29,-0.14,2.60,5.39,5.46,-0.54,1.22,-0.57,0.17,0.93,0.23,59.45,8.85,19.78,R
145.175,66,172,164,184,165,0.76,-6.17,4.30,2.18,-2.11,-0.02,5.66,-1.09,6.58,0.04,1.12,0.34,2.62,1.85,7.65,-0.74,1.37,-0.26,0.49,2.82,8.81,-0.56,1.55,-0.36,1.57,6.22,6.05,-0.38,1.34,-0.77,0.16,0.84,0.30,63.42,4.88,11.72,R
145.226,44,167,162,183,165,9.23,-5.17,-2.77,1.02,-0.97,-0.50,3.97,-3.52,9.05,-0.24,1.42,0.23,-1.32,-0.89,11.92,-0.86,1.43,-0.70,-3.38,-0.17,10.24,-0.56,1.39,-0.73,-3.80,6.76,9.73,-0.24,0.68,-0.88,0.28,0.78,0.38,34.36,-27.59,-6.96,R
145.277,41,168,164,183,163,8.88,-4.04,-7.45,-2.85,1.28,-1.55,4.56,-5.72,6.19,-1.65,2.40,-2.11,-1.93,-4.81,11.12,-1.48,1.13,-3.34,-7.60,-3.80,12.98,-0.80,0.45,-3.61,-8.19,5.96,13.43,-1.17,-1.63,-2.85,0.37,0.74,0.39,-42.66,-185.00,-28.75,R
145.329,60,170,166,184,163,7.48,-4.44,-5.73,-7.63,4.38,-0.52,3.66,-6.25,7.48,-3.19,2.86,-5.57,-2.28,-1.19,11.35,-1.22,-0.77,-6.26,-4.98,1.87,9.54,-0.19,-2.23,-6.57,-2.98,7.81,4.82,-1.50,-5.26,-4.74,0.12,0.96,0.11,-70.56,-376.40,-40.47,R
145.379,85,174,165,181,163,6.25,-14.20,-3.17,-8.46,5.56,-2.16,1.53,-6.74,8.80,-3.32,2.11,-6.74,-1.45,-0.06,9.12,-0.99,-1.04,-6.78,-3.40,2.57,8.99,0.15,-2.16,-6.67,0.17,7.41,4.29,-1.21,-4.88,-4.80,-0.14,0.94,0.18,-84.72,-397.89,-90.39,R
145.43,83,174,167,181,162,4.44,-10.43,4.66,-6.51,4.83,-2.71,-0.10,-6.31,8.26,-1.45,2.74,-5.81,-1.48,-1.02,8.31,-0.03,-0.31,-5.64,-2.25,2.09,7.89,0.74,-1.65,-5.10,-0.11,5.14,4.98,-0.42,-3.83,-3.44,-0.24,1.02,0.21,2.38,-276.55,-97.96,R
145.482,83,178,168,176,164,5.55,-7.47,4.62,-4.29,3.94,-2.89,-1.88,-4.14,9.99,0.07,2.45,-5.43,-2.76,-1.44,9.17,0.38,0.17,-5.52,-3.13,1.03,7.54,1.07,-0.81,-5.18,-3.13,6.56,7.59,0.13,-3.32,-3.94,0.06,0.89,0.41,14.40,-254.03,-114.50,R
145.533,79,178,168,173,162,5.57,-4.35,0.59,-5.10,2.99,-1.16,-0.31,-2.30,7.93,-0.75,1.73,-5.53,-2.25,-0.17,8.48,0.20,0.33,-5.85,-3.34,1.97,8.56,0.67,-0.78,-5.95,-0.73,6.83,5.65,-0.13,-3.73,-4.99,-0.07,0.98,0.37,55.91,-301.82,-109.68,R
145.584,72,179,170,171,163,4.70,-8.26,2.79,-4.23,3.53,-0.33,-1.40,-4.83,6.90,-0.73,2.62,-4.58,-3.13,-1.13,7.27,0.14,0.96,-5.21,-3.21,1.60,7.23,0.52,-0.35,-5.17,-1.46,6.08,6.35,0.09,-2.67,-4.47,-0.17,0.88,0.33,109.74,-248.35,-119.26,R
145.634,67,172,166,164,162,4.43,-6.91,1.67,-4.14,3.06,-0.62,-3.71,-4.10,8.26,-0.49,2.82,-4.70,-5.66,-1.01,9.48,-0.29,1.35,-5.24,-4.68,0.99,9.03,-0.42,-0.44,-5.32,-3.17,6.38,7.91,-1.47,-3.01,-4.58,-0.09,0.73,0.40,101.01,-262.94,-95.09,R
145.685,67,172,167,159,161,4.01,-7.03,0.70,-4.68,3.13,-0.10,-2.26,-5.01,7.34,-1.39,2.26,-4.76,-3.90,-3.15,7.47,-0.63,0.82,-5.60,-4.45,-1.10,8.62,-1.27,-1.64,-5.95,-4.25,7.71,8.85,-2.44,-6.35,-3.77,-0.12,0.78,0.58,120.36,-288.76,-80.81,R
145.736,65,169,167,146,150,0.66,-8.16,0.34,-4.94,3.53,0.48,-4.29,-6.49,4.26,-1.59,2.39,-4.89,-6.90,-2.83,6.62,-0.69,0.60,-5.79,-6.71,0.78,9.40,-3.24,-1.10,-6.02,-1.48,3.55,6.16,-2.77,-3.55,-4.39,-0.38,0.63,0.74,174.32,-281.01,-61.65,R
145.787,56,167,163,132,137,-2.69,-14.21,4.62,-4.20,3.96,2.04,-8.98,-5.70,6.59,-2.01,3.24,-3.59,-8.69,-2.83,7.50,-1.76,0.73,-4.18,-6.67,-0.04,9.44,-2.39,0.12,-3.91,-2.17,7.20,8.72,-4.09,-2.39,-1.87,-0.49,0.26,0.91,190.92,-199.95,-36.68,R
145.839,48,160,158,122,122,-2.48,-11.22,3.91,-3.02,2.53,1.48,-9.61,-6.27,7.65,-1.59,2.28,-2.64,-7.20,-4.39,7.49,-2.14,0.88,-3.01,-5.17,-2.64,8.56,-2.57,0.37,-2.77,-0.72,3.30,10.63,-3.65,-0.40,-1.59,-0.39,0.16,0.90,150.70,-161.80,-6.59,R
145.889,43,161,156,117,112,-1.38,-11.74,2.97,-2.44,1.79,1.65,-6.73,-6.75,6.32,-1.77,1.63,-1.46,-5.99,-5.00,7.80,-1.39,1.03,-1.81,-3.32,-3.58,7.99,-1.73,1.05,-1.60,1.04,-0.83,6.90,-1.82,0.23,-0.99,-0.56,0.21,0.70,109.50,-105.90,4.82,R
145.94,42,158,155,116,114,-1.04,-10.89,2.12,-0.89,0.90,1.20,-5.91,-6.54,6.06,-0.98,1.00,-0.23,-4.95,-6.78,5.76,-0.70,0.81,-0.76,-3.99,-4.86,7.33,-0.58,1.05,-0.79,-0.53,1.49,10.16,-0.23,0.40,-1.21,-0.28,0.09,0.82,108.76,-25.45,-13.61,R
145.991,42,160,154,114,106,-0.62,-9.75,2.12,-0.36,0.99,1.25,-5.02,-5.24,5.28,-0.17,1.24,-0.15,-4.81,-2.38,7.11,-0.15,0.88,-0.15,-2.15,-2.04,7.40,-0.27,0.08,0.03,1.20,-0.90,6.93,-0.44,0.21,0.04,-0.54,0.24,0.75,74.71,14.89,-17.82,R
146.042,47,158,153,110,99,-1.09,-9.44,3.33,1.07,0.42,0.67,-5.61,-4.84,6.26,0.70,0.72,1.17,-3.69,-3.68,6.46,0.79,-0.02,1.04,-1.93,-2.77,5.85,1.26,0.22,0.86,1.06,-0.04,7.10,1.77,0.61,-0.16,-0.45,0.19,0.79,75.13,88.56,-23.50,R
146.093,53,157,150,103,93,-1.53,-11.09,5.39,2.86,-0.11,1.37,-5.53,-4.66,5.70,1.86,0.50,2.85,-4.60,-4.42,5.71,1.78,0.72,2.37,-4.38,-3.38,7.24,2.49,0.73,1.57,0.11,2.88,9.05,3.01,0.41,-0.35,-0.32,0.11,0.81,87.40,197.51,-36.32,R
146.145,57,160,137,97,83,-5.98,-8.90,2.59,3.07,-0.60,0.47,-9.89,-4.81,9.05,2.04,-0.17,1.82,-8.92,-0.87,10.22,2.26,0.07,1.93,-5.81,0.45,11.30,2.64,-0.18,1.62,-1.16,5.67,8.72,2.78,1.02,0.29,-0.19,-0.09,1.01,27.83,139.95,-3.91,R
146.195,59,157,135,87,82,-2.35,-12.82,7.38,4.12,-1.29,-0.02,-7.09,-3.72,5.91,2.71,-0.65,2.74,-5.54,-4.13,8.40,2.65,-0.33,2.65,-5.60,-1.70,10.55,3.22,-0.37,1.87,-2.89,6.42,11.65,3.99,0.73,0.22,0.03,-0.04,1.04,23.93,230.83,-7.14,R
146.246,58,151,126,79,77,-1.02,-5.23,2.68,3.68,-0.58,-0.48,-6.92,-3.90,7.44,1.76,-1.04,1.32,-6.73,-0.41,9.72,2.22,-0.63,1.07,-4.94,1.01,11.33,1.83,-0.92,0.55,-1.65,7.46,10.23,1.70,-0.03,0.11,0.30,-0.00,1.09,4.09,112.67,-14.34,R
146.297,54,143,115,69,71,-1.12,-6.45,7.14,2.05,-0.64,-0.43,-6.38,-2.36,7.55,1.65,-1.80,0.40,-1.74,0.10,8.44,1.71,-1.56,0.58,-2.69,-0.01,9.31,1.33,-1.14,0.36,-0.67,4.75,8.24,1.28,-0.26,0.07,0.10,-0.01,1.12,9.46,83.19,-22.16,R
146.348,51,132,99,55,65,-0.75,-5.23,7.15,1.70,0.19,-0.84,-4.93,-1.30,7.92,1.52,-0.89,-0.11,-5.00,0.75,9.17,1.57,-0.47,0.20,-3.15,1.43,9.76,1.41,-0.33,-0.15,-1.04,7.03,8.55,1.16,-0.12,-0.37,0.24,0.01,1.08,11.05,65.31,-28.32,R
146.399,48,125,92,46,60,-0.94,-6.45,8.60,0.85,0.53,-0.31,-5.77,-0.45,8.84,0.87,-0.30,-0.35,-5.43,1.48,9.30,0.99,-0.98,-0.21,-2.84,3.71,10.41,0.77,-0.55,-0.27,-0.70,8.84,7.97,0.63,-0.25,-0.22,0.33,-0.01,1.04,4.33,34.73,-27.22,R
146.451,47,118,82,45,58,-0.61,-7.50,7.76,0.09,0.23,-0.32,-4.94,-0.04,7.68,-0.03,-0.22,-0.11,-4.20,2.05,8.16,0.07,-0.28,-0.12,-2.29,2.56,8.68,0.04,-0.16,-0.15,-0.55,6.60,6.89,0.09,-0.03,-0.15,0.23,0.02,1.02,5.07,7.93,-19.59,R
146.501,46,115,76,33,55,-0.92,-5.15,8.13,0.09,0.53,-0.22,-5.24,-0.92,9.00,0.28,0.31,0.01,-4.61,1.57,9.62,0.28,-0.03,-0.08,-2.54,2.39,10.08,0.34,0.22,-0.17,-0.71,7.20,7.43,0.33,0.21,-0.34,0.28,-0.02,1.03,13.85,12.57,-17.03,R
146.552,44,111,71,39,56,-0.91,-5.22,9.94,0.31,0.16,-0.23,-5.43,-0.21,9.48,-0.03,-0.05,0.12,-4.78,2.38,10.44,0.36,-0.37,0.09,-2.86,2.67,11.02,0.21,-0.09,-0.01,-0.95,8.00,7.78,0.40,-0.15,-0.01,0.31,-0.03,1.02,9.03,15.87,-9.40,R
146.603,42,106,67,36,55,-1.22,-5.10,9.54,0.53,0.05,0.11,-4.73,1.43,8.78,0.32,-0.51,0.11,-3.22,3.29,7.29,0.17,-0.82,0.11,-1.69,3.40,7.51,0.17,-0.12,0.07,-0.20,7.06,5.04,0.18,0.23,-0.13,0.36,0.03,1.03,14.04,20.14,-3.48,R
146.654,40,94,54,35,55,4.98,-5.27,9.79,1.22,-0.81,0.43,-3.83,1.32,8.90,0.44,-0.67,0.41,-4.30,7.66,14.26,-0.77,-0.60,0.18,-1.53,5.17,11.51,-0.97,-2.23,0.48,6.15,9.11,-3.29,-2.84,-1.08,1.57,0.49,-0.05,0.98,52.00,31.31,-3.91,R
146.705,39,78,48,19,47,0.19,-9.10,16.56,-0.56,-0.36,-0.01,-6.07,-0.29,16.29,0.34,-0.39,0.09,-2.28,0.65,12.67,-0.24,0.17,0.01,-0.74,2.70,9.48,0.06,0.31,-0.14,-0.33,6.19,5.77,0.02,0.58,-0.36,0.24,0.10,1.11,-14.34,-58.96,19.78,R
146.756,42,71,45,19,52,-0.80,-4.27,7.12,-0.30,0.63,0.88,-2.48,0.01,3.89,0.27,-0.87,-0.16,1.33,0.60,3.73,-0.38,-0.42,-0.14,-2.12,1.65,9.71,-1.12,-0.74,-0.06,-1.66,6.82,7.44,-0.87,-0.22,0.12,0.40,-0.12,0.92,51.45,-0.79,-11.47,R
146.807,39,56,38,11,50,0.62,-4.54,9.85,0.85,-1.19,0.19,-5.12,-0.91,14.93,-0.01,-0.64,-0.26,-2.49,0.47,10.05,0.33,-0.26,-0.34,-1.92,2.83,9.85,0.12,-0.18,-0.29,-1.63,7.27,7.31,0.14,-0.18,-0.12,0.20,-0.21,0.94,11.96,6.77,-1.40,R
146.858,34,53,36,10,49,-0.80,-4.57,9.23,0.94,-0.74,-0.00,-4.03,-1.01,9.71,0.48,-0.66,-0.06,-2.54,2.91,10.48,0.30,-0.54,0.06,-1.30,3.40,9.66,0.31,-0.28,0.17,-0.67,7.55,6.95,0.10,-0.16,0.18,0.35,-0.12,0.93,-0.98,16.48,9.40,R
146.909,31,43,33,11,47,0.60,-5.26,8.67,0.09,-0.27,-0.07,-1.95,-1.48,9.21,-0.61,-0.41,-0.19,-0.42,1.40,9.90,-0.59,-0.83,0.07,0.55,2.93,9.06,-0.82,-0.78,0.21,1.26,5.40,5.64,-1.10,-0.29,0.53,0.27,0.01,0.94,1.65,-41.14,7.81,R
146.96,30,45,30,6,45,1.38,-5.75,9.09,0.41,-0.09,0.13,-0.98,-1.51,7.17,-0.01,-0.09,0.45,0.53,-0.26,5.60,-0.06,0.18,0.37,0.82,0.54,6.59,-0.22,0.77,0.34,-1.11,11.63,12.98,-1.10,-0.02,0.44,0.15,0.07,1.01,24.23,16.54,7.81,R
147.011,30,38,28,5,44,1.46,-4.30,10.12,-0.06,0.67,0.14,-2.49,-0.46,6.16,0.33,0.08,-0.01,-1.44,3.04,8.93,-0.08,-0.01,0.02,-0.89,1.47,9.62,-0.21,0.15,-0.01,-0.62,6.90,7.15,-0.16,0.31,-0.13,0.45,-0.20,1.02,-3.72,-3.42,2.69,R
147.062,29,36,28,8,48,0.14,-4.32,9.02,-0.44,0.05,0.05,-2.87,-0.05,9.49,-0.19,-0.29,-0.11,-1.16,1.50,9.57,-0.29,-0.19,-0.06,-0.85,1.24,9.96,-0.34,-0.08,-0.03,-0.88,6.33,7.72,-0.08,0.06,0.03,0.25,-0.13,0.89,3.78,-6.16,-2.93,R
147.113,31,37,26,8,50,-0.38,-3.51,8.85,-0.15,-0.29,0.09,-3.16,0.14,9.15,0.13,-0.18,-0.02,-1.30,1.58,9.65,0.04,-0.20,-0.02,-0.83,1.10,9.93,-0.15,-0.04,-0.02,-1.19,6.11,7.85,0.18,0.09,-0.03,0.36,-0.11,1.02,-6.90,3.85,-3.48,R
147.164,31,32,23,8,53,0.01,-3.99,9.17,-0.37,-0.02,0.02,-2.75,-0.42,9.44,0.06,-0.09,-0.18,-1.32,0.98,9.62,-0.13,-0.09,-0.12,-0.94,0.63,9.74,-0.05,0.03,-0.26,-0.96,6.15,7.67,-0.14,0.03,-0.29,0.27,-0.14,0.90,11.47,-16.48,-9.77,R
147.215,33,34,26,8,56,-0.48,-3.84,9.28,-0.21,-0.04,-0.22,-2.74,-0.08,9.36,0.11,-0.10,-0.24,-0.91,1.54,9.61,-0.06,-0.11,-0.20,-0.37,1.05,9.62,0.03,-0.03,-0.27,-0.44,6.05,7.47,0.14,-0.11,-0.11,0.19,-0.10,0.97,5.31,-5.37,-8.67,R
147.266,32,32,22,8,61,0.56,-4.58,8.98,0.32,-0.02,0.15,-1.93,0.08,9.85,0.11,-0.02,0.04,-0.34,1.16,9.68,0.04,0.00,0.01,-0.35,0.91,9.83,0.38,0.15,-0.12,-0.54,6.33,7.59,0.74,-0.00,-0.04,0.28,-0.10,0.95,5.07,20.63,0.37,R
147.317,31,34,23,11,68,0.41,-4.61,8.96,0.03,0.06,-0.11,-2.41,-0.02,9.73,0.08,0.12,0.03,-0.82,1.50,9.69,0.02,0.06,-0.01,-0.84,1.76,9.70,0.01,0.04,-0.04,-0.84,7.05,7.16,0.14,0.03,-0.07,0.33,-0.10,0.98,-3.36,1.89,1.16,R
147.368,33,35,23,12,71,0.31,-4.59,8.83,0.03,0.14,-0.11,-2.37,0.03,9.61,-0.04,0.13,-0.01,-0.85,1.22,9.68,0.02,0.06,-0.02,-0.83,1.39,9.77,0.03,-0.01,0.00,-1.10,7.17,7.07,0.03,0.01,0.01,0.27,-0.12,0.94,-1.77,2.26,0.85,R
147.419,33,37,26,14,70,-0.28,-3.89,9.27,-0.08,0.18,-0.02,-2.62,0.11,9.60,-0.00,0.01,0.02,-0.92,1.17,9.73,-0.03,-0.00,0.02,-0.75,1.13,9.76,-0.01,0.00,0.02,-0.86,6.80,7.32,0.01,0.02,-0.01,0.32,-0.10,0.97,-3.54,0.61,-0.24,R
147.47,32,42,24,14,66,0.19,-4.13,8.72,0.01,0.03,-0.04,-2.58,0.21,9.44,0.07,0.06,0.01,-0.93,1.45,9.60,0.03,0.02,0.00,-0.76,1.16,9.70,0.03,0.01,0.01,-0.90,6.68,7.28,0.04,0.02,0.02,0.30,-0.11,0.95,-0.85,3.30,-1.04,R
147.521,32,38,25,14,67,-0.29,-3.53,9.16,0.04,0.04,0.02,-2.60,0.16,9.53,-0.03,0.00,0.02,-0.94,1.41,9.65,-0.06,-0.00,0.03,-0.71,1.26,9.78,-0.05,0.01,0.02,-0.79,6.78,7.25,-0.04,0.01,-0.01,0.34,-0.10,0.96,-0.31,-0.61,-1.04,R
147.572,32,37,26,11,63,-0.07,-4.55,9.12,-0.08,0.09,-0.04,-2.56,0.12,9.58,0.04,0.04,-0.02,-1.03,1.42,9.66,0.01,0.06,-0.02,-0.82,1.17,9.66,0.01,0.04,-0.01,-0.87,6.67,7.30,0.05,0.01,-0.01,0.27,-0.11,0.96,-0.43,1.16,-0.92,R
147.623,32,38,26,12,65,-0.08,-5.05,9.52,-0.09,0.05,0.05,-2.54,0.52,9.50,0.03,0.07,0.04,-0.97,1.53,9.68,-0.01,0.02,0.02,-0.95,1.20,9.75,-0.01,0.02,0.02,-1.06,6.75,7.21,0.02,0.03,0.01,0.32,-0.12,0.95,-1.53,2.62,0.00,R
147.674,33,41,25,14,63,0.13,-5.61,8.32,-0.37,0.00,0.33,-2.47,0.36,9.72,0.01,0.03,0.02,-0.91,1.36,9.66,-0.01,0.03,0.02,-0.76,1.24,9.83,0.06,0.01,0.02,-0.81,6.90,7.29,0.03,0.02,0.01,0.31,-0.08,0.98,2.32,4.52,-0.55,R
147.725,33,40,27,14,63,-0.00,-4.91,8.81,0.11,0.04,-0.06,-2.53,0.14,9.56,-0.04,0.02,-0.01,-0.93,1.39,9.65,-0.01,0.01,-0.01,-0.72,1.13,9.70,-0.03,-0.00,0.01,-0.84,6.62,7.26,-0.07,0.02,0.03,0.28,-0.10,0.96,1.46,-0.98,-1.22,R
147.776,33,40,27,14,61,-0.12,-4.33,8.99,0.07,0.00,0.06,-2.58,0.22,9.46,0.05,0.01,0.05,-0.98,1.37,9.63,0.03,0.01,0.05,-0.83,1.21,9.73,-0.01,0.02,0.07,-0.94,6.95,7.17,0.03,0.03,0.06,0.31,-0.11,0.95,1.65,5.80,-0.67,R
147.827,32,39,28,13,60,0.07,-5.61,8.69,-0.05,-0.00,0.03,-2.61,0.48,9.54,-0.00,0.00,-0.01,-1.02,1.40,9.62,-0.07,-0.03,0.00,-0.72,1.13,9.74,-0.11,-0.02,0.04,-0.81,6.61,7.24,-0.14,0.04,0.03,0.31,-0.10,0.96,0.73,-1.16,-0.12,R
147.878,32,37,25,14,59,-0.05,-5.11,8.81,0.26,-0.01,-0.04,-2.61,0.14,9.53,0.18,-0.06,-0.02,-1.01,1.77,9.62,-0.03,-0.09,0.02,-0.73,1.22,9.84,-0.15,0.01,0.08,-0.74,6.64,7.34,-0.03,0.05,0.06,0.31,-0.11,0.97,2.99,7.02,0.79,R
147.929,32,35,25,12,56,-0.11,-4.20,9.37,0.12,0.01,0.03,-2.38,0.06,9.55,0.14,-0.14,0.02,-0.93,1.33,9.67,-0.16,-0.12,0.10,-0.69,1.05,9.79,-0.13,-0.01,0.13,-0.83,6.44,7.44,-0.04,0.11,0.12,0.31,-0.11,0.95,1.71,5.19,-0.92,R
147.981,33,31,23,8,55,-0.21,-3.45,9.22,0.16,0.02,-0.03,-2.45,0.67,9.62,0.07,-0.17,-0.08,-0.91,1.68,9.69,0.03,-0.05,0.06,-0.76,1.06,9.73,-0.06,-0.01,0.06,-0.85,6.76,7.26,-0.02,0.03,0.02,0.39,-0.12,0.94,-0.98,5.19,-2.62,R
148.031,33,29,18,8,53,-0.09,-3.72,9.28,-0.04,0.04,-0.14,-2.34,0.16,9.71,-0.04,-0.01,-0.02,-0.82,1.29,9.73,0.10,0.02,0.00,-0.81,1.08,9.77,0.06,0.02,0.02,-0.76,6.90,7.24,0.04,0.01,0.01,0.31,-0.11,0.95,-0.37,-0.61,-2.26,R
148.082,32,27,19,8,53,-0.54,-1.93,10.27,-0.02,0.20,-0.47,-2.36,0.60,9.55,-0.03,0.02,0.02,-0.88,1.53,9.69,0.06,0.02,0.01,-0.70,1.06,9.73,0.03,0.02,0.03,-0.78,6.69,7.26,0.08,0.03,0.02,0.33,-0.12,0.95,1.04,0.55,-2.75,R
148.134,31,29,17,7,52,-0.32,-3.28,9.40,-0.04,0.09,-0.10,-2.35,0.85,9.57,-0.01,-0.01,0.01,-0.81,1.79,9.55,-0.01,0.00,0.01,-0.72,0.99,9.71,0.02,0.03,0.02,-0.82,6.66,7.34,0.08,0.03,0.02,0.32,-0.11,0.94,2.56,1.77,-1.28,R
148.184,32,27,20,10,54,-0.20,-3.78,9.11,-0.01,0.02,-0.07,-2.36,0.50,9.52,0.00,0.02,-0.01,-0.88,1.88,9.65,0.10,-0.01,-0.03,-0.73,1.19,9.77,0.00,0.01,0.00,-0.72,6.75,7.16,0.02,0.03,-0.01,0.34,-0.11,0.96,-0.67,-0.18,-2.62,R
148.235,33,25,19,8,53,-0.12,-3.96,9.15,-0.10,0.08,-0.10,-2.38,0.57,9.63,-0.06,0.01,-0.01,-0.83,1.64,9.69,-0.03,-0.01,-0.00,-0.77,1.13,9.75,-0.00,0.02,-0.00,-0.76,6.74,7.24,0.05,0.01,-0.02,0.32,-0.12,0.93,2.26,1.16,-0.73,R
148.286,31,25,17,9,53,-0.05,-4.04,9.14,-0.02,0.04,0.00,-2.24,0.32,9.57,-0.04,-0.00,0.01,-0.80,1.73,9.66,-0.03,-0.00,0.02,-0.74,1.10,9.76,0.02,0.03,0.01,-0.75,6.95,7.25,0.05,0.02,-0.01,0.34,-0.11,0.95,0.06,0.06,-1.10,R
148.337,31,25,17,7,53,-0.03,-4.63,9.04,0.04,0.04,-0.04,-2.27,0.41,9.56,-0.02,0.02,-0.01,-0.83,1.72,9.59,-0.03,-0.00,-0.01,-0.81,1.06,9.76,-0.01,0.01,-0.02,-0.76,6.79,7.21,-0.00,0.01,-0.02,0.33,-0.11,0.94,0.43,-0.31,-0.31,R
148.388,31,23,17,8,53,-0.14,-4.16,9.09,-0.04,0.02,0.00,-2.28,0.45,9.62,0.00,0.03,-0.00,-0.78,1.69,9.64,-0.04,0.01,0.00,-0.79,1.11,9.73,-0.01,0.01,0.00,-0.76,6.76,7.15,0.01,0.01,-0.00,0.33,-0.11,0.95,0.49,0.24,0.18,R
148.439,31,23,18,9,53,-0.19,-4.23,9.05,-0.09,0.03,0.04,-2.22,0.43,9.61,-0.02,0.02,0.01,-0.82,1.64,9.70,-0.03,0.01,0.00,-0.76,1.08,9.72,0.00,0.01,-0.00,-0.75,6.79,7.21,0.02,0.02,-0.01,0.33,-0.11,0.95,0.79,0.43,0.55,R
148.49,32,25,17,9,53,-0.14,-4.27,9.03,-0.02,0.03,-0.01,-2.32,0.33,9.66,0.00,0.02,0.01,-0.82,1.76,9.62,-0.01,0.01,0.00,-0.73,1.07,9.79,-0.01,0.01,-0.00,-0.79,6.79,7.18,0.02,0.02,-0.01,0.34,-0.12,0.95,0.31,0.37,0.37,R
148.541,31,24,17,8,54,-0.14,-4.33,9.09,-0.04,0.04,0.01,-2.32,0.38,9.68,0.01,0.03,-0.00,-0.84,1.66,9.62,-0.04,0.02,-0.00,-0.79,1.08,9.75,-0.01,0.01,-0.01,-0.81,6.76,7.23,0.03,0.01,-0.01,0.33,-0.11,0.95,0.92,0.49,0.37,R
148.592,32,24,18,10,55,-0.15,-4.22,9.04,-0.01,0.02,-0.01,-2.31,0.37,9.60,0.01,0.03,-0.00,-0.95,1.71,9.65,-0.03,0.01,-0.00,-0.75,1.13,9.79,-0.01,0.00,-0.00,-0.72,6.77,7.20,-0.00,0.02,-0.01,0.34,-0.12,0.94,0.43,-0.43,0.18,R
148.643,32,23,18,9,53,-0.09,-4.31,9.01,-0.04,0.02,0.01,-2.29,0.33,9.63,-0.01,0.02,0.01,-0.83,1.72,9.61,-0.01,0.02,-0.00,-0.76,1.15,9.78,0.00,0.01,0.00,-0.82,6.68,7.19,0.02,0.01,-0.01,0.33,-0.12,0.95,0.31,0.79,0.12,R
148.694,32,23,17,8,55,-0.09,-4.23,8.96,-0.04,0.02,0.00,-2.24,0.41,9.53,-0.00,0.03,-0.00,-0.86,1.69,9.62,-0.03,0.01,0.00,-0.74,1.09,9.78,0.00,0.01,0.00,-0.73,6.78,7.20,0.02,0.02,-0.00,0.32,-0.11,0.95,0.61,-0.31,-0.06,R
148.745,33,23,17,8,54,-0.14,-4.28,9.02,-0.04,0.02,0.00,-2.19,0.46,9.58,0.00,0.02,-0.01,-0.83,1.71,9.63,-0.04,0.00,-0.01,-0.72,1.06,9.75,-0.02,0.01,-0.01,-0.80,6.83,7.23,-0.00,0.02,-0.02,0.33,-0.11,0.95,0.49,-1.34,0.00,R
148.797,31,24,18,9,54,-0.10,-4.32,9.04,0.00,0.01,-0.01,-2.27,0.30,9.63,-0.00,0.03,-0.00,-0.86,1.78,9.59,-0.02,0.01,-0.00,-0.75,1.06,9.70,0.00,0.02,-0.00,-0.84,6.82,7.17,0.02,0.03,-0.01,0.33,-0.11,0.95,0.55,0.12,0.18,R
148.847,31,23,16,8,53,-0.09,-4.57,8.99,-0.06,0.01,0.01,-2.25,0.37,9.60,0.00,0.02,-0.00,-0.81,1.69,9.66,-0.02,0.01,-0.00,-0.72,1.14,9.74,-0.02,0.01,0.00,-0.76,6.75,7.27,-0.01,0.02,-0.01,0.33,-0.11,0.95,0.24,-0.55,0.37,R
148.899,31,25,19,11,55,-0.20,-4.32,9.00,0.02,0.02,-0.01,-2.30,0.39,9.63,0.01,0.04,0.00,-0.95,1.73,9.66,-0.01,0.01,-0.00,-0.85,1.13,9.78,0.00,0.01,-0.01,-0.83,6.81,7.23,0.01,0.01,-0.01,0.33,-0.11,0.95,0.12,0.73,0.43,R
148.949,29,24,17,8,53,-0.15,-4.33,8.99,-0.05,0.01,0.00,-2.27,0.44,9.60,-0.03,0.01,-0.00,-0.84,1.70,9.64,-0.05,0.01,0.01,-0.76,1.11,9.75,-0.00,0.01,-0.00,-0.79,6.79,7.23,-0.01,0.02,-0.01,0.32,-0.11,0.95,1.16,-0.61,0.24,R
149.0,31,23,18,9,55,-0.10,-4.51,9.01,0.00,0.02,0.00,-2.27,0.29,9.64,0.00,0.04,-0.01,-0.89,1.73,9.61,-0.02,0.01,-0.01,-0.84,1.15,9.73,-0.01,-0.00,-0.00,-0.74,6.79,7.25,-0.01,0.02,-0.01,0.34,-0.11,0.95,0.24,-0.49,0.06,R
149.052,31,21,16,10,54,-0.23,-4.33,9.05,0.00,0.01,-0.00,-2.26,0.38,9.64,-0.03,0.01,-0.00,-0.82,1.70,9.63,-0.04,-0.00,0.00,-0.69,1.08,9.75,-0.00,0.01,0.00,-0.75,6.74,7.23,0.02,0.02,-0.01,0.32,-0.11,0.95,1.10,0.31,0.18,R
149.102,31,21,17,9,55,-0.23,-4.20,9.01,0.00,0.01,-0.00,-2.32,0.49,9.58,-0.01,0.03,0.01,-0.85,1.73,9.62,-0.03,0.01,-0.00,-0.74,1.16,9.78,-0.01,0.01,-0.01,-0.77,6.81,7.20,-0.00,0.01,-0.01,0.33,-0.11,0.95,0.31,-0.55,0.31,R
149.153,29,23,18,8,53,-0.18,-4.42,8.97,0.02,0.02,-0.02,-2.29,0.37,9.61,-0.01,0.03,-0.01,-0.88,1.67,9.64,-0.01,0.01,-0.00,-0.80,1.16,9.80,0.00,0.02,-0.01,-0.80,6.73,7.25,0.01,0.02,-0.01,0.33,-0.11,0.95,0.85,0.18,0.18,R
149.205,32,23,18,9,55,-0.13,-4.30,9.00,-0.06,0.02,0.01,-2.33,0.32,9.62,-0.01,0.03,0.00,-0.89,1.67,9.65,-0.03,0.02,-0.00,-0.88,1.16,9.82,-0.00,0.03,0.01,-0.84,6.99,7.17,0.03,0.01,-0.01,0.32,-0.11,0.95,0.18,0.00,0.00,R
149.255,32,24,19,11,56,-0.11,-4.47,8.92,0.05,0.01,-0.03,-2.29,0.44,9.57,-0.02,0.03,-0.00,-0.94,1.69,9.60,-0.04,-0.00,-0.00,-0.75,1.03,9.73,-0.02,0.01,-0.00,-0.72,6.79,7.27,-0.01,0.03,-0.01,0.33,-0.11,0.94,1.04,-0.92,0.18,R
149.306,32,23,17,8,54,-0.18,-4.32,9.02,-0.03,0.02,0.01,-2.29,0.31,9.62,0.00,0.02,0.01,-0.91,1.58,9.62,-0.02,0.01,0.01,-0.74,1.15,9.76,0.01,0.01,0.00,-0.87,6.77,7.19,0.01,0.02,-0.00,0.33,-0.11,0.95,0.18,0.67,0.00,R
149.357,31,21,18,10,55,-0.17,-4.35,8.95,-0.03,0.02,0.00,-2.24,0.44,9.62,0.02,0.03,-0.01,-0.87,1.66,9.62,-0.04,0.01,-0.00,-0.77,1.10,9.76,-0.01,0.01,-0.01,-0.77,6.84,7.18,-0.01,0.01,-0.01,0.33,-0.11,0.95,0.67,-0.31,0.12,R
149.408,32,21,19,9,58,-0.15,-4.26,9.04,-0.00,0.01,-0.01,-2.33,0.43,9.60,-0.01,0.03,0.00,-0.88,1.70,9.62,-0.03,0.01,0.00,-0.78,1.13,9.78,0.00,0.01,-0.00,-0.77,6.73,7.22,0.02,0.02,-0.01,0.33,-0.11,0.95,0.49,0.06,0.00,R
149.459,29,25,17,8,54,-0.17,-4.55,8.97,-0.05,0.01,0.02,-2.32,0.43,9.61,-0.02,0.02,0.01,-0.93,1.66,9.62,-0.03,0.01,0.01,-0.77,1.19,9.76,-0.01,0.01,-0.00,-0.76,6.80,7.18,0.01,0.02,-0.01,0.33,-0.11,0.95,0.55,0.12,0.12,R
149.51,31,23,18,10,55,-0.11,-4.41,9.01,0.00,0.02,0.00,-2.30,0.32,9.59,-0.01,0.03,0.00,-0.89,1.69,9.62,-0.02,0.01,0.00,-0.82,1.07,9.76,0.00,0.02,-0.00,-0.76,6.82,7.17,0.02,0.01,-0.01,0.33,-0.11,0.95,0.37,0.24,0.12,R
149.562,30,23,16,8,53,-0.03,-5.01,8.87,-0.14,-0.01,0.09,-2.24,0.24,9.53,-0.03,0.00,0.01,-0.91,1.68,9.70,-0.03,0.00,0.00,-0.74,1.14,9.79,-0.02,0.01,0.00,-0.82,6.75,7.26,0.01,0.02,-0.01,0.32,-0.11,0.95,1.22,-0.73,0.24,R
149.613,33,23,19,11,55,-0.19,-4.37,8.95,0.07,0.01,-0.04,-2.29,0.48,9.61,0.01,0.03,-0.00,-0.87,1.74,9.63,-0.03,0.00,0.00,-0.73,1.16,9.69,-0.01,0.01,-0.01,-0.80,6.75,7.22,-0.01,0.02,-0.01,0.33,-0.11,0.95,0.24,0.24,0.12,R
149.665,32,23,17,9,54,-0.14,-4.27,9.01,-0.01,0.02,0.00,-2.33,0.38,9.63,0.00,0.01,-0.00,-0.94,1.73,9.66,-0.02,0.00,0.00,-0.75,1.13,9.77,-0.00,0.01,0.00,-0.81,6.86,7.24,0.00,0.01,-0.01,0.33,-0.11,0.95,0.55,0.37,0.24,R
149.717,31,25,17,8,53,-0.17,-4.46,8.96,-0.04,0.02,0.02,-2.35,0.47,9.60,-0.00,0.03,0.01,-0.96,1.64,9.61,-0.04,0.00,-0.00,-0.81,1.08,9.72,-0.01,0.01,-0.01,-0.77,6.89,7.13,0.01,0.01,-0.01,0.33,-0.11,0.95,0.98,0.31,0.12,R
149.765,31,24,19,10,55,-0.16,-4.40,9.00,0.00,0.01,-0.00,-2.35,0.43,9.60,-0.01,0.03,0.01,-1.00,1.67,9.68,-0.02,0.01,0.01,-0.78,1.13,9.79,0.00,0.01,0.00,-0.79,6.87,7.20,0.01,0.02,-0.01,0.33,-0.11,0.95,0.12,-0.18,0.06,R
149.816,32,23,19,8,55,-0.14,-4.56,8.98,0.00,0.02,-0.01,-2.32,0.27,9.67,-0.00,0.02,0.00,-0.86,1.67,9.68,-0.03,0.00,-0.00,-0.81,1.07,9.78,-0.02,0.01,0.01,-0.82,6.79,7.20,0.01,0.02,-0.01,0.32,-0.11,0.95,0.61,0.12,0.24,R
149.867,30,23,19,10,55,-0.15,-4.39,8.91,0.08,0.01,-0.04,-2.43,0.19,9.52,-0.06,0.06,-0.01,-0.92,1.71,9.73,-0.01,0.00,-0.00,-0.79,1.11,9.73,-0.01,0.02,0.00,-0.82,6.83,7.22,0.01,0.02,-0.01,0.34,-0.11,0.94,0.31,-0.06,0.06,R
149.919,31,21,20,10,54,-0.12,-4.42,8.96,-0.03,0.02,-0.00,-2.25,0.42,9.55,-0.01,0.01,0.00,-0.93,1.61,9.64,-0.04,-0.00,0.00,-0.79,1.17,9.76,-0.01,0.01,0.00,-0.74,6.86,7.17,0.01,0.02,-0.01,0.33,-0.11,0.95,1.04,0.00,-0.06,R
149.97,31,21,19,9,54,-0.12,-4.57,8.91,0.03,0.02,-0.03,-2.33,0.42,9.62,0.00,0.03,0.00,-0.91,1.70,9.59,-0.03,0.01,0.00,-0.77,1.18,9.74,-0.00,0.01,-0.01,-0.80,6.84,7.16,0.00,0.02,-0.01,0.33,-0.11,0.94,0.06,0.00,0.06,R
150.022,31,23,18,11,55,-0.19,-4.41,8.96,0.03,0.01,-0.01,-2.28,0.47,9.62,-0.02,0.02,-0.00,-0.96,1.63,9.62,-0.04,0.00,0.00,-0.78,1.09,9.80,-0.00,0.01,-0.01,-0.73,6.70,7.24,0.01,0.02,-0.01,0.33,-0.11,0.95,1.28,-0.06,-0.12,R
150.071,31,23,17,9,55,-0.15,-4.54,8.90,-0.06,0.01,0.01,-2.29,0.45,9.61,0.00,0.02,0.00,-0.91,1.63,9.62,-0.03,0.01,0.01,-0.74,1.23,9.74,-0.01,0.01,-0.01,-0.82,6.75,7.21,-0.00,0.02,-0.01,0.33,-0.11,0.95,0.37,-0.49,0.00,R
150.124,32,24,22,8,55,-0.15,-4.29,9.01,0.03,0.02,-0.02,-2.29,0.40,9.64,0.00,0.02,-0.00,-0.90,1.73,9.65,-0.02,0.00,0.01,-0.78,1.13,9.67,-0.01,0.01,-0.00,-0.82,6.73,7.18,0.01,0.02,-0.01,0.33,-0.11,0.95,0.55,-0.12,0.18,R
150.175,31,24,17,9,54,-0.13,-4.35,8.92,-0.03,0.01,0.01,-2.33,0.44,9.60,-0.00,0.02,0.01,-0.91,1.64,9.63,-0.02,0.01,0.00,-0.78,1.18,9.75,0.00,0.01,-0.00,-0.82,6.85,7.21,0.01,0.02,-0.01,0.33,-0.11,0.95,0.43,-0.31,0.12,R
150.224,32,24,20,11,55,-0.13,-4.44,8.95,-0.01,0.01,0.00,-2.32,0.39,9.63,-0.01,0.02,0.00,-0.91,1.67,9.64,-0.03,0.01,-0.00,-0.74,1.15,9.74,-0.01,0.01,0.00,-0.79,6.70,7.25,-0.01,0.01,-0.01,0.33,-0.11,0.95,0.37,-0.49,0.18,R
150.277,31,23,20,9,55,-0.15,-4.33,9.00,0.02,0.01,-0.01,-2.36,0.45,9.56,-0.01,0.03,0.00,-0.87,1.73,9.62,-0.04,0.00,0.01,-0.72,1.13,9.72,0.00,0.01,0.00,-0.82,6.79,7.20,0.02,0.02,-0.01,0.33,-0.11,0.95,0.98,0.24,0.06,R
150.327,32,21,20,11,55,-0.12,-4.53,8.97,-0.04,0.01,0.02,-2.36,0.46,9.62,0.00,0.03,0.01,-0.88,1.70,9.63,-0.02,0.01,0.00,-0.78,1.16,9.76,-0.01,0.01,0.00,-0.75,6.78,7.24,-0.00,0.02,-0.01,0.33,-0.11,0.95,0.24,-0.18,0.06,R
150.377,30,24,19,8,54,-0.20,-4.33,8.97,0.04,0.01,-0.02,-2.33,0.45,9.56,0.01,0.02,0.00,-0.95,1.79,9.59,-0.05,-0.01,0.01,-0.82,1.06,9.81,-0.01,0.01,-0.01,-0.79,6.80,7.22,0.00,0.02,-0.01,0.33,-0.11,0.95,1.22,0.18,-0.18,R
150.428,30,21,20,10,55,-0.14,-4.49,8.94,-0.01,0.01,-0.00,-2.38,0.44,9.54,-0.01,0.03,0.00,-0.91,1.62,9.63,-0.02,0.00,-0.00,-0.75,1.06,9.78,0.00,0.01,0.00,-0.77,6.78,7.22,0.01,0.02,0.00,0.32,-0.11,0.95,0.43,-0.18,0.06,R
150.479,30,21,19,10,55,-0.07,-4.49,8.94,-0.01,0.01,-0.01,-2.31,0.34,9.64,-0.00,0.03,0.00,-0.97,1.66,9.64,-0.04,-0.00,-0.00,-0.78,1.16,9.83,-0.01,0.01,-0.01,-0.80,6.87,7.24,-0.01,0.02,-0.01,0.33,-0.11,0.95,0.85,-0.24,0.12,R
150.53,31,21,19,8,55,-0.15,-4.37,8.99,0.01,0.01,-0.02,-2.32,0.48,9.58,-0.01,0.03,-0.00,-0.94,1.70,9.61,-0.02,0.01,-0.00,-0.80,1.11,9.84,-0.00,0.01,0.01,-0.78,6.82,7.19,0.01,0.02,-0.00,0.32,-0.11,0.95,0.55,-0.43,0.18,R
150.582,29,24,18,8,53,-0.17,-4.31,8.97,-0.05,0.02,0.04,-2.43,0.44,9.61,-0.01,0.02,0.01,-0.91,1.79,9.62,-0.03,-0.00,0.00,-0.77,0.99,9.76,-0.00,0.02,0.00,-0.79,6.90,7.16,0.02,0.02,-0.01,0.34,-0.11,0.95,0.85,0.18,0.06,R
150.632,32,23,20,9,55,-0.17,-4.38,8.95,0.09,0.03,-0.06,-2.36,0.43,9.62,-0.04,0.04,-0.00,-0.90,1.70,9.62,-0.04,0.00,-0.01,-0.82,1.16,9.74,-0.02,0.00,-0.01,-0.79,6.73,7.28,-0.02,0.02,-0.01,0.33,-0.11,0.95,0.85,-1.16,-0.24,R
150.683,31,21,19,9,52,-0.13,-4.35,8.98,-0.05,0.02,0.02,-2.31,0.36,9.55,-0.01,0.02,0.01,-0.89,1.68,9.62,-0.04,0.01,0.01,-0.79,1.10,9.73,0.01,0.02,0.00,-0.82,6.79,7.22,0.02,0.02,-0.01,0.33,-0.11,0.95,0.18,0.31,-0.12,R
150.734,30,25,19,10,55,-0.15,-4.53,8.94,0.01,0.02,-0.01,-2.38,0.48,9.51,-0.01,0.02,0.00,-0.92,1.67,9.63,-0.06,0.00,0.01,-0.77,1.06,9.78,-0.01,0.01,-0.01,-0.81,6.81,7.19,0.01,0.03,-0.02,0.33,-0.11,0.95,0.55,-0.37,0.06,R
150.786,31,25,19,10,54,-0.16,-4.39,8.97,-0.08,0.02,0.02,-2.28,0.25,9.62,-0.02,0.04,0.01,-0.94,1.61,9.69,-0.07,0.05,0.01,-0.85,1.07,9.75,0.03,0.03,-0.01,-0.80,6.81,7.22,0.06,0.03,-0.02,0.32,-0.11,0.95,-1.22,-1.10,0.55,R
150.838,32,23,22,11,57,-0.23,-4.00,9.22,0.01,0.02,0.11,-2.38,0.34,9.64,0.00,0.16,0.04,-0.95,1.58,9.66,-0.04,0.17,0.02,-0.89,1.21,9.80,0.18,0.11,-0.03,-0.85,6.81,7.12,0.21,0.04,-0.07,0.33,-0.11,0.94,-6.53,-0.55,-0.12,R
150.888,32,28,25,11,61,-0.29,-5.14,8.81,-0.22,-0.02,0.12,-2.43,0.52,9.35,-0.07,0.15,-0.02,-1.03,1.64,9.64,-0.11,0.10,-0.01,-0.79,1.25,9.78,0.07,0.07,-0.05,-0.85,6.93,7.12,0.08,0.04,-0.07,0.32,-0.08,0.96,-5.31,-5.25,1.59,R
150.938,32,29,25,13,66,-0.25,-4.80,8.80,-0.06,0.03,0.02,-2.50,0.29,9.61,-0.02,0.14,0.03,-1.17,1.56,9.66,-0.04,0.08,0.01,-0.87,1.29,9.76,0.08,0.04,-0.01,-0.82,6.90,7.10,0.06,0.04,-0.01,0.31,-0.10,0.95,-1.59,-0.92,0.00,R
150.989,31,34,27,14,67,-0.33,-4.82,8.92,-0.03,-0.12,0.27,-2.66,0.20,9.49,0.06,0.21,0.05,-1.22,1.73,9.61,-0.03,0.11,0.01,-0.97,1.38,9.72,0.08,0.07,-0.01,-0.87,7.06,6.94,0.09,0.03,-0.01,0.34,-0.09,0.95,-5.49,1.28,0.31,R
151.04,31,36,28,12,68,-0.17,-4.01,8.97,0.02,-0.02,0.07,-2.67,0.57,9.38,0.01,0.11,0.01,-1.07,1.54,9.60,-0.07,0.06,0.00,-0.88,1.16,9.67,0.03,0.06,-0.01,-0.79,6.93,7.06,0.04,0.02,-0.02,0.32,-0.09,0.95,-0.85,-0.31,0.06,R
151.092,31,37,29,13,69,-0.24,-4.63,8.68,-0.01,0.02,0.06,-2.65,0.49,9.54,0.01,0.17,0.05,-1.33,1.65,9.64,0.01,0.12,0.01,-0.98,1.37,9.75,0.11,0.07,0.00,-0.87,6.97,6.99,0.10,0.02,-0.01,0.32,-0.09,0.96,-3.17,1.16,-0.18,R
151.142,36,39,29,12,69,-0.06,-5.14,8.96,-0.15,0.05,0.17,-2.73,0.38,9.41,-0.01,0.16,0.02,-1.29,1.64,9.59,-0.08,0.09,0.01,-0.93,1.45,9.63,0.05,0.06,-0.02,-0.88,7.08,6.94,0.04,0.02,-0.04,0.32,-0.08,0.96,-3.05,-2.01,0.49,R
151.193,31,42,33,13,69,-0.21,-5.49,8.69,-0.09,0.01,0.09,-2.94,0.41,9.50,-0.03,0.14,0.04,-1.30,1.57,9.63,-0.02,0.08,0.01,-1.07,1.45,9.65,0.06,0.06,0.00,-0.85,7.10,6.92,0.06,0.02,-0.01,0.32,-0.09,0.95,-2.38,2.14,0.49,R
151.244,31,41,30,13,69,-0.34,-4.48,8.89,-0.03,0.01,-0.00,-2.87,0.48,9.43,-0.04,0.12,0.02,-1.34,1.56,9.61,-0.05,0.08,-0.01,-1.03,1.54,9.63,0.02,0.05,-0.02,-0.84,7.03,6.94,0.01,0.02,-0.02,0.32,-0.08,0.96,-2.50,-1.83,0.61,R
151.295,33,45,35,17,69,-0.31,-4.52,8.86,-0.09,0.04,0.09,-2.98,0.34,9.54,0.01,0.23,0.06,-1.50,1.58,9.71,0.01,0.18,0.02,-1.06,1.45,9.73,0.13,0.11,0.00,-0.89,7.07,6.96,0.18,0.05,-0.02,0.31,-0.08,0.96,-6.23,1.28,1.10,R
151.346,33,48,37,16,73,-1.16,-4.87,8.36,-0.11,0.08,0.13,-3.12,0.37,9.42,-0.00,0.38,0.06,-1.59,1.69,9.59,0.05,0.33,0.02,-1.11,1.60,9.70,0.27,0.24,-0.01,-0.96,7.20,6.85,0.34,0.06,-0.04,0.32,-0.07,0.97,-9.83,4.76,2.14,R
151.397,33,54,41,18,73,-0.51,-4.34,9.05,-0.10,0.06,0.24,-3.99,0.73,10.27,0.00,0.82,0.04,-2.08,1.49,9.67,0.24,1.04,-0.15,-1.59,1.70,9.97,0.79,0.69,-0.16,-1.07,7.03,6.81,0.68,0.11,-0.31,0.33,-0.09,1.00,-22.40,5.13,12.82,R
151.448,36,69,60,35,82,-1.30,-5.85,9.05,-0.46,0.19,0.60,-4.40,-0.15,9.20,0.21,1.23,0.14,-3.27,1.55,9.41,0.42,1.82,-0.05,-2.84,1.84,9.19,1.06,1.27,-0.16,-2.34,7.41,6.21,1.25,0.39,-0.61,0.36,-0.09,1.06,-24.72,11.78,12.94,R
151.5,38,91,91,55,85,-2.17,-5.06,9.23,-0.42,0.04,0.25,-6.64,1.30,9.59,-0.08,1.26,-0.14,-10.13,0.94,10.10,0.15,2.91,-0.66,-4.96,2.11,9.32,1.29,2.39,-0.78,-4.40,7.98,6.16,1.60,1.08,-1.95,0.45,-0.23,1.16,-21.73,-2.01,6.84,R
151.55,36,97,119,80,93,-3.66,-6.08,13.58,-0.41,-0.06,0.48,-8.51,2.07,12.07,0.19,0.66,0.27,-9.08,3.89,11.70,1.31,1.79,-0.29,-8.71,7.08,11.66,2.64,2.27,-0.61,-6.01,11.96,3.15,2.43,1.73,-2.21,0.42,-0.29,1.12,-31.07,26.86,15.20,R
151.602,38,114,134,101,114,-4.41,-4.20,12.03,0.43,0.67,0.24,-8.12,2.72,7.90,0.96,1.18,1.15,-9.69,5.93,4.78,1.18,2.13,1.27,-6.36,7.61,1.66,1.17,3.04,1.33,-6.13,9.40,-2.14,2.36,3.43,-0.03,0.45,-0.16,1.08,-26.49,95.15,41.81,R
151.652,48,138,150,123,134,-5.10,-3.40,11.07,1.14,0.01,1.70,-7.50,3.20,6.51,0.97,1.18,1.81,-7.64,3.19,5.44,1.19,1.96,1.73,-7.11,-0.80,2.58,2.44,3.84,1.24,-7.13,-0.33,-1.75,2.26,4.27,-2.48,0.45,-0.02,0.84,4.82,123.66,57.43,R
151.703,52,138,145,138,142,-5.40,-6.45,8.75,2.29,0.02,1.47,-6.67,4.19,6.28,1.60,1.35,3.08,-5.71,6.84,2.37,2.82,1.78,2.53,-6.45,15.64,0.99,2.62,3.85,1.63,-4.77,18.64,-5.11,2.92,4.31,-1.06,0.42,0.11,0.67,31.80,200.99,72.39,R
151.755,66,149,136,141,136,-5.11,-3.16,11.05,3.28,-0.67,3.27,-6.29,7.71,5.77,1.88,2.09,4.68,-6.35,10.64,1.91,1.66,3.55,4.02,-6.05,8.96,-1.98,1.25,4.69,3.51,-5.72,5.53,-6.32,1.65,6.04,0.62,0.64,0.27,0.42,86.24,278.93,108.34,R
151.805,68,156,140,143,138,-2.26,-3.14,8.68,3.81,-1.82,3.95,-4.25,6.86,6.00,1.72,2.26,5.70,-5.83,9.44,2.52,1.83,4.64,4.52,-6.19,10.71,-0.60,0.95,5.34,3.94,-4.75,8.92,-6.45,1.52,6.53,0.33,0.82,0.42,0.11,110.72,300.35,117.49,R
151.856,82,165,153,150,141,2.13,-1.09,7.37,3.23,-1.40,3.61,-2.26,6.16,6.63,1.30,2.38,4.92,-4.47,8.40,3.82,0.70,4.25,4.16,-4.27,8.72,1.04,0.26,5.17,3.63,-3.34,8.62,-3.86,0.60,5.94,0.62,0.90,0.47,0.02,101.20,242.86,108.83,R
151.907,99,176,163,156,144,3.78,2.12,6.36,2.39,-0.62,3.07,0.38,7.48,4.58,0.40,1.97,3.82,-0.79,7.47,2.40,0.13,3.36,2.98,-1.10,7.29,1.11,-0.01,3.51,2.45,-0.00,6.51,-3.48,0.26,3.86,0.25,0.90,0.51,-0.05,94.24,173.10,80.32,R
151.959,104,189,168,158,144,3.44,2.99,8.00,1.52,-0.40,2.79,0.37,7.73,4.91,0.24,1.67,3.04,-0.63,9.05,2.17,-0.00,2.67,2.39,0.25,9.34,0.00,-0.02,2.52,1.81,1.65,7.69,-5.47,0.07,2.83,0.27,0.87,0.50,-0.11,90.58,129.88,61.16,R
152.009,117,181,172,155,143,3.06,2.86,7.68,1.29,0.11,2.18,0.67,7.59,4.01,0.28,1.77,2.74,1.11,7.45,0.97,0.19,2.43,2.08,0.94,7.58,-0.50,0.19,2.58,1.60,1.75,5.24,-4.55,0.41,2.93,0.07,0.84,0.46,-0.11,86.43,115.66,32.53,R
152.06,124,182,173,158,143,3.15,4.75,7.06,1.36,-0.01,1.73,1.66,6.81,3.16,0.34,1.42,1.81,1.14,7.01,0.74,0.40,1.85,1.13,1.04,6.72,-0.54,0.41,1.94,0.65,1.32,5.73,-3.51,0.72,1.68,-0.42,0.94,0.38,-0.10,74.89,77.94,-5.31,R
152.111,125,183,171,158,143,4.36,3.41,5.72,0.57,0.55,1.02,1.97,6.23,2.83,0.17,1.38,0.67,0.77,5.81,1.49,0.11,1.47,-0.02,0.51,5.95,0.24,0.24,1.35,-0.37,0.95,6.11,-3.50,0.34,0.71,-0.80,0.92,0.36,-0.12,52.61,16.24,-35.46,R
152.163,123,180,170,155,144,3.24,4.68,5.66,-0.06,1.12,-0.59,0.77,6.28,3.67,0.36,1.17,-1.24,0.15,7.10,1.82,0.38,0.79,-1.56,-0.10,7.24,1.37,0.14,0.28,-1.70,1.11,6.41,-2.82,-0.04,-0.82,-1.00,0.94,0.30,-0.10,15.01,-61.89,-61.58,R
152.213,119,178,170,155,146,1.82,3.56,6.74,-0.78,1.62,-0.90,-0.28,7.18,3.06,0.12,0.73,-1.84,-0.75,7.59,0.56,0.12,-0.12,-2.10,-0.33,7.86,-1.79,0.19,-0.60,-2.12,0.63,5.59,-6.29,-0.29,-1.67,-1.15,0.95,0.26,-0.06,23.99,-84.96,-73.91,R
152.264,111,175,166,152,144,1.43,1.68,6.79,-1.16,1.79,-2.09,-1.92,5.97,2.35,0.52,0.82,-2.85,-3.07,6.45,-0.17,0.46,-0.39,-3.20,-2.98,7.16,-1.41,0.60,-0.79,-3.00,-1.74,5.70,-5.51,0.10,-2.48,-1.89,0.97,0.14,0.13,25.70,-134.22,-76.72,R
152.316,100,173,167,152,144,-3.73,3.69,9.24,-1.79,2.09,-1.80,-4.72,9.41,2.07,0.12,0.52,-3.35,-5.80,9.18,0.26,0.39,-0.79,-3.48,-4.98,9.62,-2.08,0.57,-1.57,-3.34,-3.15,7.36,-6.92,0.11,-3.12,-1.98,0.92,0.06,0.23,9.40,-138.37,-101.38,R
152.367,92,168,164,149,141,-3.80,0.02,8.57,-1.91,1.86,-2.47,-7.21,4.99,4.12,0.02,0.63,-3.47,-7.02,7.37,0.84,-0.21,-0.86,-3.54,-6.32,7.95,-1.06,0.01,-1.60,-3.15,-4.40,6.87,-6.23,-0.59,-3.15,-1.74,0.84,0.04,0.35,-14.10,-153.14,-73.55,R
152.418,83,165,162,147,142,-6.00,-0.51,9.58,-1.44,1.82,-2.13,-8.22,5.80,2.46,0.67,0.31,-2.99,-7.65,7.61,-0.95,0.88,-0.94,-2.80,-6.15,8.31,-3.68,1.04,-1.50,-2.49,-3.84,5.95,-8.34,0.74,-2.45,-1.28,0.68,-0.08,0.47,-8.67,-101.38,-109.01,R
152.469,74,165,156,144,141,-7.27,-0.97,11.37,0.10,1.38,-1.52,-8.96,8.32,1.62,1.35,0.42,-1.50,-8.40,8.83,-1.35,1.44,-0.13,-1.51,-7.19,8.75,-2.90,1.44,-0.54,-1.16,-6.01,7.16,-6.14,1.23,-1.21,-0.51,0.84,-0.18,0.55,-13.49,-24.05,-103.39,R
152.52,74,162,156,141,142,-6.15,1.57,6.56,-0.15,0.86,-1.48,-8.92,5.39,1.23,0.86,0.10,-1.68,-9.20,5.60,-0.69,0.82,-0.57,-1.59,-8.98,5.61,-1.72,0.86,-1.06,-1.50,-7.55,4.58,-5.57,0.50,-1.91,-0.81,0.93,-0.27,0.60,-5.49,-52.67,-87.28,R
152.572,70,159,155,140,140,-7.38,-1.49,9.69,-0.57,1.19,-1.03,-9.85,6.26,1.36,1.01,-0.16,-1.93,-9.71,5.66,-1.74,0.88,-0.74,-1.69,-9.30,6.63,-2.85,0.92,-1.03,-1.54,-7.81,6.15,-6.31,0.65,-1.75,-0.74,0.88,-0.31,0.64,-13.37,-52.55,-86.61,R
152.622,70,161,154,138,140,-6.88,-0.61,8.37,-0.52,0.95,-1.43,-10.52,5.45,1.74,0.70,-0.26,-1.75,-10.49,6.36,-0.08,0.63,-0.89,-1.54,-9.66,7.02,-1.66,0.54,-1.28,-1.30,-8.00,7.01,-5.32,0.14,-1.88,-0.31,0.84,-0.30,0.60,-33.14,-66.10,-72.69,R
152.672,69,160,153,137,140,-6.85,-0.95,7.78,-1.03,0.60,-1.78,-9.84,4.74,1.29,0.13,-0.79,-2.11,-10.58,4.94,0.56,-0.01,-1.45,-1.84,-10.39,5.40,-0.29,-0.13,-1.91,-1.57,-9.29,6.40,-3.15,-0.68,-2.41,-0.49,0.81,-0.27,0.69,-50.66,-103.64,-48.95,R
152.724,68,150,151,136,140,-5.92,-3.51,6.58,-2.04,0.47,-2.03,-10.43,2.43,2.18,-0.51,-1.15,-2.79,-10.95,3.05,1.26,-0.54,-2.08,-2.43,-10.83,4.37,0.34,-0.74,-2.55,-2.08,-9.66,5.71,-2.63,-1.25,-3.15,-0.59,0.67,-0.28,0.73,-76.05,-165.22,-46.26,R
152.774,66,158,151,135,138,-6.59,-4.53,6.77,-2.47,0.50,-2.28,-10.71,2.38,3.13,-0.74,-1.51,-2.92,-10.49,2.95,1.62,-0.69,-2.32,-2.39,-9.66,4.12,0.40,-0.89,-2.69,-1.93,-8.44,5.36,-2.30,-1.38,-2.96,-0.39,0.34,-0.22,0.82,-77.21,-173.46,-43.82,R
152.826,65,157,150,135,135,-5.90,-7.24,6.42,-2.11,0.33,-2.09,-9.87,-0.49,2.72,-0.52,-1.37,-2.43,-10.00,0.32,2.57,-0.63,-1.93,-1.87,-9.65,1.74,1.74,-0.62,-2.27,-1.41,-9.13,4.32,0.53,-1.01,-2.50,-0.12,0.25,-0.20,0.88,-80.93,-136.23,-46.75,R
152.876,63,156,149,133,139,-5.29,-7.24,5.29,-1.60,0.31,-2.24,-9.62,-1.67,3.87,-0.15,-1.35,-2.38,-9.77,-1.07,3.80,-0.37,-1.91,-1.96,-10.10,0.69,3.59,-0.55,-2.39,-1.61,-9.90,4.50,2.16,-0.85,-2.92,-0.30,0.24,-0.11,0.96,-80.81,-142.46,-60.12,R
152.927,64,158,149,135,138,-4.24,-7.35,3.24,-2.34,0.49,-2.26,-9.26,-1.20,4.65,-0.55,-1.23,-2.96,-9.32,-0.13,4.62,-0.66,-1.99,-2.39,-8.78,1.36,4.07,-0.91,-2.32,-2.01,-8.77,5.41,3.86,-1.48,-3.01,-0.56,0.02,-0.01,1.03,-67.26,-179.32,-50.05,R
152.978,67,158,149,134,137,-4.53,-10.35,5.11,-2.04,0.79,-1.64,-8.55,-3.48,4.79,-0.68,-0.69,-2.30,-8.81,-1.80,5.50,-0.72,-1.60,-1.96,-8.83,-0.05,5.45,-0.80,-2.05,-1.60,-8.10,4.11,4.53,-1.03,-2.44,-0.30,-0.14,0.01,1.06,-40.41,-127.44,-47.24,R
153.03,65,159,149,133,138,-4.14,-9.72,3.28,-1.45,0.60,-1.41,-8.53,-4.13,5.05,-0.46,-0.92,-1.92,-8.38,-2.46,6.18,-0.48,-1.58,-1.54,-8.41,-0.91,6.89,-0.60,-1.95,-1.20,-7.73,4.37,6.97,-0.83,-2.31,0.04,-0.24,-0.02,1.04,-34.67,-97.90,-40.10,R
153.081,68,157,150,133,140,-3.05,-10.01,1.82,-1.07,0.56,-1.23,-7.53,-5.95,5.13,-0.43,-0.82,-1.60,-7.30,-4.43,6.25,-0.50,-1.71,-1.38,-7.36,-2.60,6.21,-0.72,-2.33,-1.07,-7.44,2.34,6.79,-1.09,-3.09,0.55,-0.28,0.01,1.02,-23.74,-77.15,-42.66,R
153.132,66,159,150,129,141,-2.54,-10.27,1.25,-1.05,0.79,-0.98,-6.79,-6.08,4.43,-0.20,-0.36,-1.64,-6.33,-4.23,6.02,-0.15,-1.08,-1.44,-6.43,-1.94,7.69,-0.21,-1.51,-1.17,-5.63,4.31,7.95,-0.72,-2.52,0.22,-0.32,0.04,0.98,-21.36,-77.09,-45.78,R
153.183,69,159,151,125,142,-2.59,-9.80,2.30,-0.42,0.78,-1.01,-6.33,-5.37,5.00,0.40,-0.71,-1.27,-5.95,-3.57,6.94,0.23,-1.05,-1.10,-5.27,-2.08,7.33,-0.00,-1.68,-0.91,-3.58,2.39,6.48,-0.10,-2.37,0.37,-0.29,0.09,0.96,-13.67,-40.22,-47.00,R
153.233,66,160,149,122,140,-1.25,-9.77,1.78,-0.22,0.76,-0.82,-4.96,-5.54,5.44,0.31,-0.17,-0.98,-4.19,-3.92,6.51,0.25,-0.66,-0.93,-4.20,-1.81,8.22,0.09,-1.11,-0.83,-2.98,4.07,9.05,-0.45,-2.16,0.33,-0.28,0.18,0.90,-10.50,-29.30,-47.00,R
153.286,67,160,149,119,138,-0.58,-9.36,2.08,0.24,0.87,-0.63,-6.16,-5.52,8.38,0.65,-0.77,-0.73,-4.69,-3.91,8.77,0.72,-1.36,-0.76,-3.04,-1.71,7.32,0.36,-1.85,-0.76,-1.06,3.16,6.66,0.33,-2.19,0.25,-0.25,0.21,0.88,-9.16,-4.03,-56.64,R
153.336,68,159,147,116,134,-0.13,-9.53,3.08,0.70,0.63,-0.59,-3.31,-4.74,6.23,1.11,-0.63,-0.30,-1.89,-2.60,7.03,1.18,-0.62,-0.24,-0.69,-1.57,6.47,1.04,-0.63,-0.24,0.95,1.50,5.40,0.98,-1.15,0.03,-0.33,0.31,0.81,-9.95,28.08,-62.01,R
153.387,74,161,143,114,133,-0.16,-8.84,4.08,2.39,0.72,0.20,-2.83,-4.66,6.73,2.72,-0.12,0.94,-2.04,-3.82,7.34,2.77,-0.18,0.57,-1.62,-2.35,6.32,3.13,0.33,0.11,-0.46,2.30,5.88,3.47,-0.85,-0.66,-0.18,0.26,0.81,14.22,143.68,-91.55,R
153.437,76,161,140,112,131,-0.47,-7.53,4.10,3.47,0.74,0.46,-2.51,-3.21,6.56,3.54,0.37,0.59,-2.54,1.12,5.30,3.71,0.80,0.05,-2.37,3.65,6.02,3.46,0.69,-0.27,-0.11,7.48,3.86,3.29,-0.27,-1.27,0.08,0.24,0.84,18.62,163.94,-90.09,R
153.488,78,159,136,107,126,-1.36,-5.95,4.71,3.02,0.41,0.63,-4.50,1.10,6.88,2.91,0.65,0.43,-4.71,2.77,8.02,2.47,1.18,0.19,-4.48,4.15,8.91,2.71,0.95,-0.13,-1.73,9.21,5.17,2.64,0.37,-1.21,0.23,0.14,0.89,26.86,131.84,-70.13,R
153.539,75,160,133,105,125,-1.74,-7.46,7.89,2.52,-0.37,0.44,-7.09,-0.15,9.58,2.10,0.05,0.50,-5.93,2.65,8.97,2.13,-0.08,0.22,-5.31,4.75,8.67,2.09,0.26,0.00,-2.69,10.31,5.64,2.06,0.15,-0.61,0.36,0.07,0.96,2.32,100.83,-47.18,R
153.59,74,160,131,106,124,-1.88,-5.68,7.17,1.63,-0.62,0.06,-5.09,1.47,6.85,1.14,-0.53,-0.05,-4.61,3.81,7.47,1.00,-0.28,-0.06,-4.78,4.67,8.01,0.63,-0.24,-0.04,-2.22,9.30,4.11,0.64,-0.01,-0.26,0.40,0.11,0.98,1.10,39.43,-28.32,R
153.642,73,156,129,104,122,-2.76,-5.97,7.88,0.79,-0.67,0.40,-5.11,1.26,8.16,0.31,-0.21,0.14,-5.13,2.99,8.27,0.30,-0.39,0.03,-4.69,4.18,7.93,0.48,-0.13,-0.01,-2.54,9.32,4.36,0.56,-0.02,-0.21,0.34,0.07,0.95,11.47,23.50,-20.39,R
153.693,69,153,123,107,123,1.74,-6.14,9.24,1.19,-1.06,0.14,-5.09,1.00,7.40,0.52,-0.03,0.08,-4.14,3.09,6.90,0.55,0.03,0.04,-4.17,4.35,6.90,0.47,0.09,0.05,-2.22,8.28,3.37,0.56,0.15,-0.24,0.38,0.09,0.96,8.06,36.44,-13.61,R
153.743,67,146,119,103,120,-1.61,-4.98,8.69,1.54,-0.88,0.27,-4.99,1.56,7.91,0.54,0.15,0.20,-4.50,4.11,8.94,0.44,0.05,0.17,-4.47,4.62,8.45,0.32,-0.43,0.29,-2.75,9.94,4.85,0.28,-0.00,0.06,0.38,0.08,0.93,28.81,43.21,-11.96,R
153.794,60,142,112,96,114,-3.10,-4.50,9.15,1.57,-1.08,-0.74,-6.00,1.28,9.49,0.34,0.24,0.24,-5.01,3.82,8.71,0.24,0.48,0.18,-4.41,5.02,8.29,0.12,-0.16,0.20,-2.72,9.95,4.32,0.10,0.02,0.06,0.48,0.04,0.98,11.72,29.17,-2.01,R
153.845,57,137,107,88,109,-0.36,-6.23,9.03,0.45,-0.55,-0.13,-6.04,1.18,8.67,-0.31,0.31,0.17,-5.44,2.96,9.30,-0.51,0.08,0.20,-4.65,3.76,9.71,-0.54,-0.22,0.18,-2.87,9.67,5.81,-0.53,0.07,0.10,0.50,-0.01,1.00,3.30,-7.51,5.07,R
153.896,55,134,103,83,104,0.23,-6.29,8.49,-0.47,-0.08,-0.33,-5.64,-0.11,8.98,-0.55,0.03,-0.10,-4.57,2.03,9.45,-0.44,-0.35,0.04,-3.51,3.22,8.82,-0.43,-0.21,0.08,-2.32,7.30,6.22,-0.46,-0.00,0.14,0.30,0.07,1.00,-1.34,-23.93,6.71,R
153.947,52,132,103,82,103,0.62,-6.34,8.49,-0.32,0.21,-0.61,-4.84,-2.34,8.48,0.17,-0.15,-0.34,-3.52,0.57,8.40,0.08,-0.27,-0.11,-2.75,2.15,7.77,-0.02,-0.17,-0.06,-1.90,6.47,5.07,-0.18,0.18,0.05,0.27,0.10,0.98,-3.48,0.18,-8.42,R
153.998,47,126,96,77,102,0.25,-5.18,8.39,0.13,0.64,-0.76,-5.60,0.18,8.79,0.55,0.38,-0.20,-4.05,1.46,8.45,0.49,-0.08,-0.15,-3.30,2.94,8.11,0.39,0.08,-0.24,-2.46,8.00,5.18,0.48,0.21,-0.43,0.35,0.05,0.97,3.30,21.18,-14.59,R
154.049,46,123,92,75,102,-0.25,-3.90,7.84,-0.17,0.73,-0.36,-5.55,0.57,7.75,0.14,0.42,-0.20,-4.44,2.38,8.45,0.11,0.27,-0.33,-3.79,3.56,7.88,0.25,0.67,-0.48,-2.69,7.90,4.34,0.26,0.49,-0.85,0.39,0.06,1.01,5.74,1.10,-10.62,R
154.1,42,123,91,76,104,-0.79,-3.96,7.73,-1.15,2.07,0.27,-5.46,0.23,5.90,-0.21,1.52,-0.23,-4.66,1.98,7.18,-0.09,1.08,-0.50,-4.64,3.43,7.42,0.23,1.60,-0.67,-3.81,8.03,3.16,0.33,1.65,-1.68,0.42,0.05,1.06,13.12,-11.47,-16.30,R
154.151,42,122,92,80,109,-2.94,-6.42,10.90,-1.07,2.07,0.66,-8.36,0.52,7.94,-0.06,2.52,-0.09,-6.14,2.62,7.50,-0.25,2.58,-0.50,-6.66,3.89,7.47,0.53,3.04,-0.73,-6.49,9.16,4.12,0.77,2.69,-2.02,0.38,-0.03,1.03,14.53,-6.23,-13.00,R
154.202,40,127,108,94,121,-2.62,-6.11,10.09,-0.25,1.05,1.17,-9.86,-0.39,7.95,0.48,2.12,0.07,-8.61,2.40,9.18,0.56,2.40,-0.58,-8.74,5.66,9.81,-0.07,2.24,-0.70,-6.64,8.85,3.73,0.55,0.73,-1.13,0.50,-0.07,1.03,9.46,14.89,-9.77,R
154.253,43,129,121,100,121,-3.64,-5.81,7.86,-0.21,0.28,0.87,-9.32,1.99,6.65,0.05,0.69,-0.25,-7.90,2.33,6.38,-0.16,1.20,-0.40,-7.39,4.09,5.06,0.27,1.70,-0.62,-6.57,7.22,1.37,0.82,1.23,-1.42,0.44,-0.02,1.01,25.21,-8.67,-4.39,R
154.304,39,131,125,109,128,-4.68,-5.00,9.26,0.14,0.31,1.11,-9.19,2.18,4.62,0.13,0.80,0.46,-8.85,4.47,5.45,0.28,1.62,0.21,-8.21,6.12,4.16,0.59,1.66,0.01,-6.80,9.05,0.28,0.79,1.47,-0.72,0.35,-0.09,0.94,39.12,45.10,10.74,R
154.355,39,128,128,113,130,-4.85,-4.54,9.79,0.89,-0.56,0.98,-10.54,3.00,6.29,0.26,0.72,1.08,-10.46,4.84,6.63,0.15,1.24,0.95,-9.59,6.53,4.71,0.44,1.36,0.88,-7.45,9.52,-0.31,0.53,1.63,0.07,0.54,-0.14,0.89,23.38,64.58,43.46,R
154.406,39,127,129,113,131,-4.90,-4.41,11.50,0.93,-0.92,1.14,-10.60,4.69,6.66,0.13,0.09,1.95,-9.04,6.53,4.93,0.39,0.95,2.09,-7.92,7.63,2.89,0.32,1.40,2.15,-5.56,8.66,-2.24,0.63,2.37,1.19,0.48,-0.01,0.82,1.10,101.20,74.77,R
154.457,39,129,132,116,133,-4.77,-1.38,9.60,1.25,-1.95,1.80,-9.88,5.58,6.31,-0.36,-0.93,3.38,-8.76,7.21,3.86,0.32,1.13,3.28,-7.44,8.58,2.04,0.28,1.71,3.13,-5.31,8.87,-4.03,0.40,3.20,1.56,0.56,0.11,0.78,30.27,138.92,114.93,R
154.508,41,129,135,121,136,-3.54,-5.21,10.45,1.76,-1.96,2.51,-9.06,2.57,6.19,0.15,-0.91,4.55,-8.91,5.34,3.72,0.43,1.66,4.35,-7.86,7.20,0.61,0.65,2.70,4.04,-6.59,8.82,-3.93,1.17,4.24,1.80,0.61,0.11,0.65,40.59,195.50,133.79,R
154.56,52,136,141,125,136,-1.96,-4.16,8.48,2.45,-1.65,1.95,-7.02,2.35,5.83,0.77,-0.47,4.50,-7.24,4.91,3.79,0.98,2.04,4.10,-7.42,6.86,2.81,0.91,3.06,3.71,-6.19,7.07,-1.62,1.20,4.22,1.50,0.78,0.13,0.57,38.70,194.21,104.86,R
154.613,59,140,150,131,137,0.32,-4.96,7.58,1.77,-1.84,1.98,-7.39,3.80,9.77,0.55,-1.87,3.85,-7.77,5.52,6.90,0.37,0.84,3.20,-7.26,8.20,2.70,0.33,2.94,2.79,-5.92,10.93,-2.41,0.49,4.13,0.92,0.94,0.07,0.45,9.16,134.46,104.80,R
154.661,59,143,158,147,145,-0.08,0.68,7.07,0.72,-1.83,0.35,1.22,4.22,-1.13,-0.41,-1.47,1.93,-1.73,8.33,-1.24,-0.55,1.14,1.93,-3.87,7.53,1.45,-1.14,2.13,1.81,-2.36,7.67,-2.81,-1.27,2.63,1.03,0.77,0.32,0.44,-35.34,33.51,90.76,R
154.712,66,142,161,159,153,0.37,-0.71,10.33,0.20,-1.56,0.42,-3.37,7.13,8.15,-0.08,-2.97,2.17,-2.96,8.15,3.19,-0.26,0.75,1.96,-2.57,9.80,0.18,-0.70,1.59,1.53,-0.59,8.62,-4.30,-0.25,2.34,0.65,0.78,0.30,0.37,-27.28,39.55,81.79,R
154.763,69,142,164,168,154,1.27,0.39,7.93,0.44,-2.05,0.16,-2.47,5.82,10.08,0.37,-2.99,1.68,-3.01,7.60,3.07,-0.58,0.46,1.61,-2.99,7.81,1.46,-1.15,1.16,1.15,-1.77,8.20,-2.04,-1.18,1.41,0.50,0.85,0.39,0.37,-22.71,32.53,74.28,R
154.815,74,142,172,174,155,2.87,0.87,6.94,-0.96,-1.76,-0.42,-0.11,5.37,7.34,-1.71,-3.50,1.14,-5.23,7.16,5.20,-1.98,1.35,-0.02,-4.55,7.27,3.55,-2.36,0.49,-0.79,-3.37,10.01,-0.16,-2.81,-0.22,-0.42,0.94,0.38,0.36,-49.68,-68.85,81.12,R
154.865,74,128,179,178,155,3.43,1.15,6.17,-3.67,-1.33,-1.29,2.37,6.91,3.86,-4.05,-2.63,0.18,-1.77,6.74,3.77,-3.30,-1.15,-2.36,-2.93,6.66,4.03,-3.34,-1.50,-3.05,-1.04,8.90,-0.94,-4.07,-2.29,-2.03,0.68,0.53,0.35,-72.14,-209.90,109.01,R
154.916,73,118,182,178,156,4.45,-2.88,5.57,-5.24,-1.15,-1.09,4.02,3.32,3.39,-5.44,-1.85,0.77,-2.09,5.08,4.99,-3.73,-1.66,-3.53,-2.77,6.47,3.87,-3.52,-1.51,-4.03,-1.38,8.83,0.14,-4.25,-2.28,-2.80,0.51,0.61,0.40,-55.97,-258.12,113.71,R
154.967,67,113,177,179,155,4.68,-5.81,5.88,-5.46,-0.66,-0.89,6.18,-1.05,3.48,-5.00,-1.19,0.62,-1.85,3.35,6.76,-3.16,-1.67,-3.33,-3.00,4.78,5.55,-2.71,-1.49,-3.81,-1.47,7.30,1.82,-3.32,-1.95,-2.58,0.11,0.68,0.49,-37.11,-240.42,89.23,R
155.018,62,113,172,179,153,5.30,-8.15,5.25,-3.98,-0.32,-0.54,6.94,-5.80,5.99,-3.00,-1.15,0.11,-2.20,1.58,8.76,-1.53,-1.40,-1.84,-2.12,4.15,6.18,-0.87,-0.59,-1.93,0.51,6.43,2.76,-1.13,-0.87,-1.25,-0.06,0.77,0.59,-8.12,-126.40,27.59,R
155.069,62,109,166,179,150,5.55,-8.76,6.03,-0.98,0.08,0.08,7.40,-5.81,7.40,-0.14,-1.00,-0.73,-2.20,0.53,8.36,0.30,-0.49,-0.51,-4.68,2.78,7.01,0.77,0.37,-0.36,-3.15,7.05,4.07,1.16,0.20,-0.55,0.12,0.79,0.75,27.28,-13.73,-39.06,R
155.121,58,101,156,176,147,5.57,-8.31,4.64,0.37,0.85,0.53,6.06,-0.53,8.21,1.02,0.70,-1.75,-4.78,3.72,8.38,1.87,0.78,-0.33,-6.20,6.20,6.15,1.90,0.35,-0.03,-3.73,10.85,2.05,1.92,0.29,-0.41,0.18,0.75,0.75,39.49,36.44,-67.81,R
155.171,55,91,151,170,145,3.39,-8.83,8.14,0.68,0.67,0.15,5.33,4.55,9.29,0.61,0.93,-0.86,-6.97,7.53,7.69,0.89,0.79,0.00,-8.09,8.96,7.28,0.42,0.54,0.20,-6.15,12.47,3.35,0.25,0.40,-0.07,0.45,0.66,0.81,-3.36,15.99,-21.91,R
155.221,55,89,151,170,142,3.72,-7.32,8.16,-0.10,-0.24,-0.28,5.44,6.19,9.74,-0.33,0.46,0.49,-6.06,6.40,8.20,-0.59,0.21,0.17,-6.51,7.34,6.35,-0.84,-0.18,0.19,-3.52,9.98,2.10,-0.78,0.09,0.34,0.34,0.72,0.72,-39.43,1.40,24.72,R
155.273,53,90,156,170,143,4.73,-7.29,6.97,-0.09,-0.51,-0.60,5.59,1.53,9.19,0.02,-0.17,0.35,-4.88,4.10,7.92,-0.40,0.11,0.36,-5.66,5.11,5.88,-0.70,0.04,0.40,-3.91,8.55,2.98,-0.69,0.41,0.30,0.29,0.73,0.66,-53.16,11.60,33.14,R
155.324,51,91,156,169,143,4.63,-5.76,5.92,-0.05,-0.43,-0.75,5.99,-0.13,7.24,-0.19,-0.18,0.51,-3.42,3.52,7.43,-0.46,0.02,0.34,-4.52,4.32,6.35,-0.58,0.02,0.21,-3.06,7.63,3.54,-0.46,0.23,0.12,0.28,0.76,0.58,-40.71,-3.91,20.81,R
155.375,51,92,157,170,142,5.18,-5.64,5.45,-0.11,-0.39,-0.51,5.93,0.05,6.99,-0.08,-0.33,0.23,-3.74,3.93,7.88,-0.31,-0.15,0.23,-4.98,4.82,6.53,-0.51,-0.04,0.13,-3.28,8.14,3.68,-0.42,0.17,0.13,0.25,0.79,0.53,-26.12,-8.42,12.57,R
155.426,49,92,157,170,141,5.31,-5.79,5.64,-0.29,-0.29,-0.34,6.21,0.59,7.20,-0.13,-0.44,0.32,-3.51,3.57,7.99,-0.49,-0.22,0.18,-4.59,4.37,6.68,-0.62,-0.02,0.05,-2.99,7.92,3.89,-0.58,0.16,0.03,0.19,0.81,0.52,-31.19,0.37,28.44,R
155.477,50,91,158,169,142,6.27,-5.61,3.99,-0.31,-0.38,-0.36,6.50,0.19,6.68,-0.17,-0.32,0.21,-3.35,3.51,8.02,-0.38,-0.21,-0.01,-4.39,3.56,6.82,-0.51,0.05,-0.16,-3.62,7.04,4.22,-0.63,0.11,-0.24,0.18,0.81,0.52,-14.65,-20.08,10.19,R
155.528,50,91,154,170,142,6.18,-6.17,4.38,-0.34,-0.29,-0.26,6.48,-0.23,6.95,-0.43,-0.28,0.35,-3.75,2.88,8.39,-0.46,-0.20,-0.11,-5.05,3.45,7.25,-0.44,0.01,-0.24,-3.34,7.30,4.74,-0.49,-0.03,-0.21,0.11,0.82,0.50,-20.26,-21.00,11.60,R
155.579,51,90,153,172,142,6.47,-5.38,3.31,-0.41,-0.10,-0.39,6.91,-1.51,6.31,-0.57,-0.26,0.14,-2.74,1.94,8.95,-0.26,-0.38,-0.32,-4.57,2.26,7.69,-0.07,-0.06,-0.44,-3.17,6.39,5.50,-0.09,-0.29,-0.36,0.09,0.84,0.48,-6.47,-32.53,-3.48,R
155.631,52,89,147,170,142,6.43,-5.56,3.31,-0.38,0.29,-0.06,6.54,-2.49,6.49,-0.39,-0.36,-0.33,-3.69,2.45,8.68,0.24,-0.69,-0.40,-4.97,4.13,6.69,0.54,-0.21,-0.44,-2.94,8.03,3.86,0.41,-0.41,-0.26,0.08,0.78,0.49,9.58,-26.55,-14.53,R
155.681,51,104,147,169,136,5.92,-6.21,5.29,0.25,0.43,-0.13,7.21,0.44,5.21,0.26,0.17,-0.60,-2.05,4.21,6.69,0.54,0.26,-0.10,-3.76,4.91,5.47,0.56,0.39,0.07,-2.28,7.30,2.74,0.64,0.39,-0.14,0.19,0.83,0.49,8.54,2.62,-26.98,R
155.732,51,87,145,170,141,6.21,-3.66,4.59,0.21,0.63,0.34,6.79,0.11,7.35,0.09,0.10,-0.35,-3.78,3.24,9.75,0.36,0.05,-0.38,-6.16,4.56,7.20,0.98,1.24,-0.35,-4.50,8.52,4.73,1.24,0.68,-0.77,0.29,0.83,0.54,33.69,-14.89,-34.85,R
155.783,50,84,144,172,141,5.87,-5.00,5.14,0.14,0.94,0.77,8.12,-0.52,2.98,0.01,1.69,-1.12,-1.54,4.88,4.96,1.22,0.79,-0.80,-4.86,5.27,4.83,1.50,0.66,-0.67,-3.24,8.53,1.25,1.53,0.09,-0.91,0.17,0.87,0.60,61.04,13.06,-43.52,R
155.834,48,83,137,172,138,3.78,-7.31,8.03,0.33,0.92,0.91,3.28,3.45,11.93,0.34,0.74,-0.26,-9.44,8.37,9.51,0.65,0.25,-0.18,-10.81,9.13,5.67,0.18,0.90,0.18,-8.01,12.64,2.12,0.14,0.79,-0.21,0.40,0.61,0.73,29.24,-0.92,-13.00,R
155.886,48,78,133,172,139,3.86,-8.68,10.07,-0.29,-0.34,-0.28,5.34,2.95,10.34,-0.25,-0.02,0.36,-6.46,6.56,6.81,-0.39,0.02,0.17,-8.08,7.94,3.38,-0.63,0.73,-0.08,-5.29,10.13,-0.42,-0.56,1.13,-0.33,0.31,0.78,0.76,-43.95,2.99,38.94,R
155.936,48,80,134,184,146,5.03,-7.25,7.28,0.02,-0.73,-0.85,5.55,-0.11,9.86,0.24,-0.12,0.62,-5.35,4.40,8.83,-0.63,0.27,0.66,-8.18,4.75,4.83,-1.01,1.97,0.53,-6.15,8.60,2.64,-0.98,2.27,-0.45,0.26,0.81,0.64,-51.33,11.23,39.00,R
155.987,51,85,137,195,157,5.20,-5.24,5.42,-0.15,-0.95,-0.66,6.42,0.75,6.12,-0.23,-0.41,1.03,-3.28,3.80,7.56,-1.03,-0.03,0.55,-7.60,3.23,6.38,-1.07,1.02,0.15,-5.78,7.08,3.97,-1.17,1.12,-0.37,0.18,0.83,0.53,-39.92,9.89,45.10,R
156.038,53,86,142,199,163,5.75,-5.63,4.43,-0.26,-0.77,-0.27,5.84,-0.90,6.71,-0.30,-0.44,0.87,-3.51,2.95,7.77,-0.84,-0.26,0.41,-7.02,3.57,5.19,-1.04,-0.07,-0.05,-5.52,6.47,3.20,-1.14,0.12,-0.01,0.11,0.82,0.46,-29.60,10.74,37.05,R
156.089,52,85,140,198,161,6.49,-5.09,3.43,-0.19,-0.62,-0.31,6.66,-2.28,6.31,-0.10,-0.51,0.42,-3.19,1.70,8.98,-0.59,-0.57,0.23,-7.38,2.43,6.35,-0.48,-0.65,-0.11,-5.99,6.63,4.65,-0.51,-0.74,0.24,0.09,0.84,0.45,-15.08,1.22,20.87,R
156.141,53,84,140,194,155,7.01,-5.29,2.84,-0.18,-0.24,-0.09,7.02,-0.89,5.65,-0.21,-0.56,0.09,-2.83,1.63,9.15,-0.34,-1.08,0.12,-8.15,2.63,8.70,0.16,-1.92,0.01,-5.98,7.58,6.46,0.14,-2.32,1.10,0.01,0.84,0.43,-2.32,-9.46,3.97,R
156.191,52,92,139,187,148,7.20,-5.34,2.43,-0.00,0.27,0.00,8.13,-3.04,4.13,-0.37,0.59,-0.39,-1.36,0.40,9.11,0.18,-0.98,-0.28,-4.86,0.80,5.45,0.57,-2.39,-0.09,-4.36,3.99,4.24,0.16,-2.53,0.76,0.05,0.89,0.50,20.20,-14.40,-20.51,R
156.242,51,96,142,181,142,7.17,-5.67,2.31,0.28,1.29,0.54,6.67,-5.03,5.97,0.04,1.35,-1.39,-3.70,0.71,9.27,1.54,-1.53,-0.76,-7.09,2.67,7.60,1.60,-2.97,-0.24,-4.66,7.98,4.33,1.11,-2.03,0.34,0.12,0.82,0.55,42.60,-6.47,-59.33,R
156.293,48,104,141,175,142,5.01,-6.16,5.80,0.64,1.52,0.39,4.90,1.88,5.86,0.16,3.13,-1.89,-2.42,6.15,6.57,1.31,-0.51,-1.14,-5.43,7.79,5.97,1.48,-2.16,-0.36,-3.91,10.49,3.57,1.42,-2.54,0.14,0.30,0.85,0.63,49.13,-11.96,-63.84,R
156.345,48,106,146,172,144,3.94,-5.93,8.15,-0.09,1.17,0.58,2.55,2.59,13.32,-0.38,1.28,-0.29,-3.82,6.12,10.45,-0.12,-0.55,-0.90,-4.95,7.26,8.09,0.49,-1.85,-0.46,-2.26,10.07,3.91,0.42,-2.23,0.55,0.31,0.83,0.62,36.32,-21.91,-23.68,R
156.395,48,109,153,169,150,3.46,-5.81,7.78,0.02,0.42,0.88,1.41,0.41,14.76,0.21,-0.45,-0.09,-3.20,7.34,7.61,0.46,-0.92,-0.26,-2.52,8.13,4.17,0.56,-1.79,-0.00,-0.41,9.39,-0.36,0.19,-1.78,0.66,0.16,0.70,0.59,40.28,-6.90,-13.61,R
156.446,48,123,156,166,151,3.78,-10.90,8.73,0.23,-1.07,0.58,4.61,1.65,6.54,0.79,-0.63,0.16,-2.38,4.23,8.04,-0.49,-0.17,0.85,-4.23,6.64,8.17,-0.62,-0.48,1.32,-1.71,11.03,5.08,-0.58,-0.31,1.79,0.22,0.72,0.59,-15.93,29.97,26.37,R
156.497,52,129,156,164,153,5.77,-3.91,2.52,0.47,-0.60,-0.49,6.34,1.17,4.66,-0.32,0.18,0.37,0.06,3.31,7.97,-0.73,-0.73,0.28,-1.31,2.83,7.82,-0.82,-1.26,0.19,-0.01,5.64,5.15,-0.73,-1.58,0.88,0.20,0.76,0.54,-18.01,-13.67,21.55,R
156.548,54,136,156,161,156,5.52,-5.78,3.55,0.09,0.04,-0.08,4.61,-2.58,7.51,-0.64,0.92,0.34,0.44,1.68,7.40,-0.34,-0.46,0.06,0.50,3.45,5.21,-0.21,-1.13,0.19,2.26,5.00,2.04,-0.17,-0.86,0.63,0.08,0.73,0.46,21.24,-9.52,-12.76,R
156.599,69,135,156,158,157,3.90,-8.33,8.97,1.45,-0.44,0.04,3.72,-2.77,9.36,1.04,0.37,0.45,0.69,1.99,7.24,1.14,-0.11,1.31,0.86,3.86,5.97,1.26,-0.24,1.58,3.26,4.93,2.33,1.84,0.03,1.43,-0.03,0.70,0.49,0.79,112.30,-29.17,R
156.652,94,136,153,158,158,5.05,-8.29,6.79,4.67,-1.37,-0.15,3.99,-2.43,9.05,3.78,-0.29,0.46,0.23,2.09,8.70,3.14,0.48,2.04,0.67,4.54,5.51,3.27,1.25,2.12,1.71,7.62,1.80,3.95,1.46,0.83,0.33,0.73,0.48,-2.20,216.49,-64.94,R
156.701,106,131,154,157,153,5.35,-5.46,9.67,5.93,-2.39,-0.04,4.98,1.26,6.18,4.52,-1.06,-0.34,0.74,6.66,5.66,3.87,0.56,2.16,0.52,8.58,4.36,3.61,0.88,2.28,3.01,9.94,-1.09,4.21,1.20,1.15,0.45,0.68,0.45,16.78,231.75,-78.61,R
156.753,97,130,151,156,155,7.22,-7.80,5.84,7.07,-2.59,-1.30,5.86,2.25,3.77,5.94,0.24,-0.00,0.85,6.34,5.17,4.84,1.73,2.77,0.29,9.06,3.17,4.75,2.02,3.27,1.54,11.39,-2.22,5.67,2.35,1.41,0.70,0.66,0.28,-9.52,337.28,-93.08,R
156.803,95,129,150,157,153,6.11,4.69,2.70,6.34,-0.38,-1.62,4.48,9.12,1.34,5.30,0.50,-0.93,1.17,10.80,2.77,4.26,0.94,2.13,1.08,10.82,2.05,3.80,0.65,2.24,3.52,10.47,-4.87,3.87,1.07,0.90,0.85,0.59,0.12,10.13,241.09,-88.56,R
156.854,95,128,149,157,153,7.07,2.32,4.13,4.63,-0.07,-1.16,4.32,8.01,2.60,4.20,1.01,0.24,1.92,9.50,1.24,3.58,1.26,2.24,2.84,10.52,-1.08,3.47,1.40,2.57,3.87,9.09,-5.58,4.05,2.07,1.25,0.87,0.55,-0.06,3.48,240.11,-73.12,R
156.905,95,129,149,157,153,5.41,6.21,4.65,3.60,0.87,-0.73,4.41,9.97,-0.79,4.20,0.67,-0.05,3.29,10.88,-0.55,3.38,1.17,2.27,3.65,10.54,-0.91,3.02,1.10,2.46,5.34,8.04,-6.60,3.26,1.69,1.35,0.85,0.48,-0.29,1.65,214.23,-58.41,R
156.956,103,132,151,157,154,5.66,6.51,2.48,3.76,0.22,-0.75,3.60,8.61,0.03,3.78,0.52,0.70,4.49,9.22,-1.59,3.04,1.04,2.38,5.45,8.81,-2.23,2.70,1.30,2.57,6.03,5.49,-5.81,3.04,2.11,1.55,0.77,0.45,-0.45,9.09,208.68,-45.23,R
157.007,109,134,144,158,157,6.14,8.61,-1.43,3.42,0.17,-0.59,5.29,8.45,-3.39,3.20,0.55,0.50,5.28,8.19,-1.55,2.35,0.60,1.78,5.78,6.68,-1.61,2.11,0.63,1.86,6.39,4.26,-5.13,2.27,1.16,1.10,0.80,0.45,-0.52,12.33,168.64,-39.49,R
157.059,111,132,150,158,157,6.41,7.14,-0.40,2.14,0.05,-0.08,4.40,8.30,-1.19,2.00,0.50,0.58,4.75,7.87,-1.20,1.46,0.46,1.25,5.08,7.48,-1.42,1.34,0.57,1.36,5.82,5.17,-4.78,1.53,1.00,0.65,0.72,0.43,-0.49,10.50,108.28,-23.38,R
157.109,113,134,150,159,157,5.70,7.04,1.57,1.57,-0.33,-0.37,3.76,7.86,-0.50,1.60,-0.11,0.34,4.16,8.50,-0.97,1.21,0.14,1.19,4.69,8.03,-0.94,0.88,0.20,1.31,6.20,5.28,-5.10,0.85,0.62,1.08,0.72,0.40,-0.48,-21.79,89.17,-5.37,R
157.16,112,135,147,158,156,5.20,8.08,1.22,1.14,-0.64,-0.57,3.62,8.18,-1.75,1.11,-0.63,0.34,4.83,7.67,-2.89,0.75,-0.64,1.22,5.77,7.01,-3.17,0.42,-0.35,1.41,6.69,3.62,-5.85,0.40,0.40,1.54,0.76,0.33,-0.64,-43.88,73.97,12.88,R
157.213,120,136,150,159,159,5.28,8.97,-0.99,0.56,-0.82,-0.73,4.79,8.23,-4.84,0.58,-0.92,0.31,6.65,6.06,-4.32,0.09,-0.87,0.97,7.59,4.60,-4.15,-0.11,-0.51,1.08,8.05,0.43,-6.15,-0.21,0.14,1.42,0.67,0.34,-0.81,-58.72,40.28,23.50,R
157.262,123,138,149,158,158,4.82,10.13,-1.94,0.18,-0.46,-0.36,5.64,8.53,-7.15,0.37,-0.71,0.25,8.69,6.31,-6.37,0.00,-0.74,0.64,9.96,4.09,-5.88,-0.20,-0.41,0.64,9.52,-1.35,-6.61,-0.09,0.02,0.74,0.54,0.37,-0.89,-42.97,32.53,24.54,R
157.314,123,138,149,158,161,5.47,9.90,-4.04,0.06,-0.49,-0.03,5.99,6.89,-7.17,-0.05,-0.39,0.43,8.26,4.87,-5.62,-0.38,-0.61,0.41,8.92,3.00,-4.40,-0.46,-0.16,0.33,8.95,-1.49,-5.77,-0.45,0.07,0.42,0.44,0.34,-0.92,-28.20,8.97,24.96,R
157.364,125,138,146,158,160,4.90,9.19,-3.94,-0.16,-0.14,0.03,6.10,5.59,-7.29,-0.21,-0.13,0.30,8.80,3.98,-5.28,-0.42,-0.39,0.22,9.35,1.88,-4.60,-0.52,-0.17,0.15,8.76,-2.73,-5.13,-0.43,-0.00,0.34,0.34,0.33,-0.89,-15.81,2.20,13.12,R
157.415,125,138,145,157,160,5.08,7.38,-3.45,-0.02,0.03,0.17,6.02,4.22,-6.86,-0.08,0.05,0.28,7.95,2.48,-4.85,-0.09,-0.13,0.10,8.15,0.90,-3.35,-0.13,0.10,0.01,7.51,-2.39,-3.56,-0.03,0.06,-0.06,0.30,0.30,-0.84,9.16,4.94,-5.43,R
157.466,123,136,143,155,159,4.82,7.92,-3.56,0.18,0.52,-0.03,5.55,3.92,-6.12,0.17,0.30,-0.24,7.83,3.17,-5.39,0.25,-0.23,-0.27,8.73,1.76,-4.48,0.34,0.00,-0.27,8.09,-2.72,-4.54,0.36,-0.10,-0.29,0.26,0.31,-0.83,27.28,2.75,-24.84,R
157.517,121,134,141,152,159,5.57,6.88,-3.99,0.34,0.72,-0.18,5.66,3.47,-6.09,0.31,0.51,-0.35,7.27,1.89,-4.72,0.60,-0.00,-0.54,7.55,0.79,-3.50,0.75,-0.03,-0.53,7.04,-2.22,-4.25,0.79,-0.39,-0.60,0.36,0.31,-0.85,24.78,8.67,-49.68,R
157.568,121,131,140,152,156,5.57,7.71,-3.07,0.25,1.27,-0.48,5.88,4.86,-6.65,0.50,0.91,-1.21,7.24,4.28,-5.13,0.93,-0.15,-1.07,7.98,2.94,-4.53,1.18,-0.07,-0.98,7.94,-1.06,-6.14,1.14,-0.64,-0.99,0.45,0.34,-0.79,28.99,4.52,-68.97,R
157.618,120,131,137,152,155,4.92,8.69,0.04,0.37,1.61,-0.34,4.51,8.86,-4.38,0.50,1.23,-1.33,5.56,6.88,-5.65,0.84,0.07,-1.30,6.37,6.11,-4.91,1.11,0.08,-1.31,6.45,2.78,-7.31,1.02,-0.64,-1.37,0.70,0.34,-0.75,33.87,4.39,-72.94,R
157.67,120,131,134,150,153,5.02,10.21,0.57,-0.30,1.96,-0.64,3.43,8.40,-3.71,0.12,1.60,-1.81,4.28,9.07,-4.66,0.79,0.05,-1.70,5.90,8.19,-4.11,1.00,-0.06,-1.60,7.44,3.94,-8.22,0.58,-1.00,-1.28,0.71,0.31,-0.68,19.65,-27.83,-67.57,R
157.721,121,130,132,150,155,3.04,9.88,2.79,0.17,1.41,-0.38,0.92,10.99,0.36,0.23,0.75,-0.94,2.25,10.64,-4.53,0.64,-0.18,-1.00,4.78,9.56,-5.43,0.69,-0.06,-0.84,5.49,4.90,-8.30,0.46,-0.47,-0.60,0.78,0.23,-0.68,24.35,-11.23,-38.51,R
157.772,118,128,131,149,152,2.35,11.50,3.91,-0.17,0.68,-0.67,2.24,9.87,-2.31,0.20,0.18,-0.86,3.01,10.49,-4.68,0.39,0.10,-0.54,5.48,9.73,-4.41,0.20,0.03,-0.31,7.45,4.15,-8.38,-0.03,-0.04,0.11,0.66,0.27,-0.66,-23.56,-21.97,-4.39,R
157.823,118,130,129,148,151,2.23,10.11,3.04,-0.08,-0.32,0.00,3.01,11.01,-3.72,-0.07,0.16,0.55,4.33,9.96,-6.38,-0.38,0.68,0.84,7.18,8.36,-6.32,-0.57,0.68,1.03,8.29,2.18,-8.91,-0.47,1.40,0.51,0.61,0.30,-0.68,-19.35,12.39,38.70,R
157.874,118,139,134,150,153,3.95,8.71,1.33,-0.09,-0.74,0.54,1.83,9.06,-2.25,-0.11,0.84,1.66,4.32,7.61,-4.62,-1.05,2.06,1.74,6.08,6.63,-4.05,-1.18,1.40,1.74,7.49,2.54,-6.34,-0.93,2.75,0.52,0.54,0.29,-0.78,-12.02,23.99,73.06,R
157.926,126,156,152,162,161,5.34,6.69,-0.75,-0.17,-1.69,0.61,5.71,5.88,-4.97,-0.72,-0.30,1.99,5.72,3.17,-3.81,-1.76,0.88,1.73,6.42,1.69,-3.21,-1.77,1.07,1.64,6.30,-0.60,-3.10,-1.44,1.92,1.15,0.57,0.30,-0.77,-25.76,24.35,87.40,R
157.977,133,159,152,167,167,4.88,8.84,-0.61,-0.16,-1.01,0.48,5.87,5.59,-3.77,-0.54,-0.49,1.34,7.01,3.58,-3.00,-1.00,0.03,1.13,8.50,2.35,-3.18,-1.02,0.09,0.82,8.59,-0.81,-3.90,-0.74,0.53,0.61,0.41,0.32,-0.80,-19.04,18.86,55.24,R
158.027,134,158,152,169,167,5.87,6.55,-1.69,0.11,-0.94,0.37,6.11,3.91,-3.96,-0.26,-0.54,0.99,7.73,3.17,-3.38,-0.39,-0.20,0.89,8.45,1.91,-2.30,-0.56,0.13,0.80,8.46,-1.16,-2.86,-0.42,0.51,0.69,0.38,0.31,-0.85,-18.92,18.86,34.55,R
158.079,137,157,151,170,167,5.49,7.67,-2.29,0.21,-0.55,0.19,7.03,4.87,-5.04,-0.14,-0.36,0.76,8.30,2.68,-3.92,-0.34,-0.12,0.62,8.90,1.21,-2.77,-0.39,0.04,0.51,8.48,-1.98,-2.78,-0.28,0.25,0.49,0.33,0.33,-0.87,-9.58,18.55,23.01,R
158.131,137,157,151,169,169,6.46,7.91,-3.23,-0.01,-0.11,-0.15,7.88,3.65,-5.24,-0.06,-0.07,-0.02,8.85,2.21,-3.68,-0.04,-0.21,-0.05,9.11,1.18,-2.23,0.06,-0.15,-0.09,9.22,-1.67,-2.56,0.06,-0.15,-0.01,0.33,0.36,-0.86,-14.28,-3.17,-2.56,R
158.181,135,156,151,167,168,5.72,6.94,-1.86,0.03,0.20,-0.28,7.39,4.11,-5.04,0.19,0.11,-0.27,8.44,2.37,-3.82,0.22,0.02,-0.25,8.59,1.14,-2.08,0.35,0.05,-0.16,8.40,-1.44,-2.33,0.36,-0.13,-0.06,0.33,0.34,-0.87,-2.14,2.56,-19.41,R
158.231,136,159,150,166,166,5.65,7.78,-2.42,0.20,0.46,-0.51,7.00,4.83,-4.79,0.47,0.49,-0.72,8.15,4.07,-3.53,0.65,0.01,-0.57,9.06,2.74,-2.91,0.75,-0.13,-0.49,8.93,-0.69,-3.88,0.68,-0.42,-0.44,0.38,0.34,-0.83,-0.55,-0.85,-37.72,R
158.284,135,156,150,167,165,4.68,8.74,-1.96,0.13,0.82,-0.70,6.49,4.73,-4.50,0.42,0.57,-0.91,7.19,4.41,-3.72,0.72,0.04,-0.86,7.91,3.21,-2.68,0.90,0.01,-0.73,8.21,0.09,-3.63,0.78,-0.45,-0.58,0.42,0.29,-0.83,-4.58,-11.35,-45.72,R
158.335,133,154,150,165,165,4.12,8.84,-0.56,-0.04,0.98,-0.99,6.10,5.73,-4.65,0.65,0.90,-1.32,7.29,5.38,-4.11,0.91,0.07,-1.10,8.48,4.46,-2.82,1.06,-0.03,-0.92,9.37,0.23,-4.32,0.83,-0.63,-0.54,0.45,0.29,-0.81,-9.83,-17.03,-53.53,R
158.385,130,156,149,163,162,3.97,8.11,-0.15,0.15,0.83,-0.67,5.73,7.87,-3.79,0.59,1.10,-0.81,6.77,5.31,-4.47,0.73,-0.00,-0.81,8.01,3.96,-3.73,0.85,-0.06,-0.59,8.58,0.52,-4.87,0.76,-0.36,-0.38,0.55,0.25,-0.83,5.00,0.43,-46.33,R
158.436,128,160,149,162,164,4.89,8.21,-1.99,-0.05,0.71,-0.96,5.56,6.15,-4.09,0.49,1.09,-1.12,6.75,5.45,-4.56,0.54,0.36,-1.14,7.84,4.17,-3.03,0.83,0.20,-0.97,8.82,0.17,-4.13,0.69,-0.37,-0.60,0.52,0.24,-0.81,-8.30,-21.67,-46.94,R
158.486,126,159,147,160,161,2.62,9.05,0.75,-0.06,0.82,-0.29,4.43,8.81,-3.21,0.17,0.75,-0.72,5.61,7.49,-4.22,0.28,0.28,-0.72,7.58,6.38,-4.18,0.65,0.03,-0.56,8.88,1.88,-6.37,0.65,-0.15,-0.54,0.59,0.19,-0.84,18.80,-7.57,-38.57,R
158.538,123,158,146,160,161,3.35,9.79,-0.35,-0.07,0.48,-0.49,4.73,7.91,-3.28,0.07,0.36,-0.77,5.77,7.22,-3.95,0.19,0.18,-0.78,7.10,5.53,-3.12,0.32,-0.07,-0.69,7.74,1.34,-4.55,0.24,-0.53,-0.59,0.62,0.21,-0.78,-0.18,-24.23,-23.62,R
158.59,121,160,147,159,163,2.52,9.86,1.18,-0.59,0.52,0.00,4.85,9.03,-3.94,-0.48,0.34,-0.56,5.87,7.51,-5.02,-0.33,-0.01,-0.69,7.59,6.02,-4.77,-0.16,-0.07,-0.70,8.24,1.38,-6.31,-0.14,-0.24,-0.65,0.65,0.20,-0.78,15.01,-32.96,-10.86,R
158.639,120,159,147,159,161,3.85,8.86,0.86,-0.72,0.43,-0.29,4.43,7.04,-2.87,-0.47,0.38,-0.78,4.61,5.43,-3.33,-0.40,0.05,-1.07,5.47,4.32,-3.11,0.04,-0.14,-1.00,6.59,1.14,-4.37,0.07,-0.59,-0.82,0.71,0.17,-0.76,8.12,-45.78,-10.74,R
158.69,117,156,150,159,160,1.91,9.29,1.41,-1.11,0.54,-0.24,3.96,10.29,-3.13,-0.58,0.01,-1.16,5.01,8.96,-4.53,-0.41,-0.30,-1.12,6.87,7.95,-4.48,-0.32,-0.46,-1.26,8.38,2.84,-7.08,-0.49,-0.77,-0.85,0.65,0.20,-0.73,7.45,-65.80,-4.88,R
158.741,114,157,149,159,160,4.16,8.83,1.89,-1.31,0.30,-0.39,3.51,7.94,-2.15,-0.87,0.08,-1.09,4.27,6.71,-3.36,-0.71,-0.18,-1.30,5.26,5.57,-3.16,-0.48,-0.33,-1.26,6.12,2.32,-4.79,-0.63,-0.82,-1.08,0.76,0.19,-0.69,-3.60,-83.01,3.48,R
158.792,111,159,150,160,159,2.59,9.28,1.75,-1.81,0.33,-0.43,3.39,9.27,-2.15,-1.36,-0.19,-1.52,4.07,8.28,-3.67,-1.16,-0.58,-1.66,5.44,7.39,-3.88,-0.91,-0.85,-1.85,6.81,3.28,-6.45,-1.13,-1.32,-1.31,0.76,0.21,-0.64,1.04,-113.04,9.40,R
158.844,108,154,149,160,160,2.41,8.38,3.01,-2.22,0.33,-0.42,2.68,9.20,-1.52,-1.58,-0.20,-1.62,3.30,8.46,-3.28,-1.31,-0.66,-1.78,4.70,7.52,-3.63,-1.02,-0.86,-1.88,6.13,3.73,-6.46,-1.23,-1.35,-1.34,0.80,0.21,-0.58,2.56,-124.51,11.54,R
158.895,104,154,151,158,159,1.60,8.67,4.09,-2.16,0.54,-0.54,1.91,9.17,-0.38,-1.46,-0.37,-1.73,2.56,9.01,-2.44,-1.04,-0.78,-1.80,3.95,8.21,-3.10,-0.83,-1.05,-1.91,5.95,4.68,-6.85,-1.13,-1.53,-1.30,0.81,0.23,-0.49,5.68,-122.50,4.58,R
158.946,100,153,149,158,159,1.60,7.57,5.35,-1.91,0.30,-0.36,1.02,9.42,-0.09,-1.36,-0.22,-1.40,1.62,9.67,-2.97,-1.09,-0.70,-1.49,2.96,8.86,-3.64,-0.86,-0.80,-1.44,4.64,5.41,-6.67,-1.07,-1.06,-1.02,0.86,0.23,-0.37,4.52,-103.58,9.83,R
