episode_id,timestamp,wx,wy,wz,marker
1,22.319,-0.0068514500451914,0.0191918349431116,-0.000202438872131,start
1,22.369,-0.0055478784185751,0.0161647836306022,-0.0003729221421977,
1,22.42,-0.0040653168136903,0.0137281412024346,-0.000452303722833,
1,22.471,-0.0027878926733176,0.0118659023428589,-0.000266046441978,
1,22.522,-0.0009413190427211,0.0107224918462467,-0.0005268849279062,
1,22.573,0.0023269397696095,0.0103327908054361,-0.002057683191066,
1,22.625,0.005641947047007,0.0102569548615638,-0.0036774968192018,
1,22.675,0.0077164622341662,0.0101876752886481,-0.0042201070734061,
1,22.728,0.0082262319568877,0.0101281661222855,-0.0038274278709204,
1,22.778,0.0078923318581856,0.0102805374542052,-0.0028664446167493,
1,22.828,0.0076466671398037,0.0109582254642251,-0.0022206787638502,
1,22.878,0.0078789947269675,0.011918385109537,-0.0026322893054186,
1,22.931,0.0094033880132286,0.0127817417683317,-0.0038898173796209,
1,22.982,0.0124373244549192,0.0137144909089137,-0.005588854380362,
1,23.032,0.0151915138242699,0.0146168140565395,-0.0070328969741486,
1,24.256,0.0004086365517896,0.018907285347321,-0.0091794803855472,
1,24.511,0.0101215416269988,0.0175989864410645,-0.0093625432613451,
1,24.561,0.0084036801323768,0.017402635844361,-0.008250177082749,
1,24.614,0.0068276639555404,0.0168828603756046,-0.0076773286565024,
1,24.663,0.0060717282944164,0.0159965775750704,-0.0076973533236053,
1,24.716,0.0048983111840665,0.0149464328994966,-0.0076943420988777,
1,24.766,0.0021455707737962,0.0140763905716388,-0.0072751313603179,
1,24.817,-0.0026039358299696,0.0137934179852874,-0.0060201661065404,
1,24.868,-0.008654194504867,0.0143113629594679,-0.0041291704571954,
1,25.276,-0.0116555530950944,0.0180965026968188,-0.0054543923991118,
1,25.327,-0.0096727583375919,0.0166571351851477,-0.0074920794177535,
1,25.38,-0.008025711014667,0.0154000375552146,-0.0092012567203185,
1,25.531,-0.0045969814301299,0.0136116566016539,-0.0093855616135913,
1,25.582,-0.0052211783387899,0.0132353347788612,-0.0085363238309426,
1,25.633,-0.0062062409314049,0.0133365755215888,-0.0075067450802212,
1,25.684,-0.0065402771742837,0.0139368023864891,-0.006444213997963,
1,25.737,-0.0064299423785335,0.0148088364661171,-0.0050442383765003,
1,25.787,-0.0068468077324088,0.0157851410041435,-0.0033394734139147,
1,25.837,-0.0075683054759388,0.0167498896372808,-0.0017770146660372,
1,25.889,-0.0072222173255151,0.0176297252751364,-0.0008330092599727,
1,25.939,-0.0060184001237232,0.0181835879342191,-0.000361485078555,
1,25.991,-0.0043611838793438,0.0180822263056973,-0.000230866627299,
1,26.04,-0.0025463093802665,0.0171671109918228,-0.0001285479671968,
1,26.092,-0.0011777829804079,0.0154019405704907,0.0003490682773868,
1,26.398,-0.0011276202564091,0.0118520739364519,-0.000389957673378,
1,26.448,-0.0023794908222114,0.0134394209027819,-0.0017104876629442,
1,26.5,-0.0025895598875968,0.0147836686987159,-0.0032233368292601,
1,26.551,-0.0039220952837828,0.0154623490769532,-0.0039346631614115,
1,26.602,-0.0068716472839006,0.0154588123679781,-0.0034722873171006,
1,26.653,-0.0092154920562439,0.0152188524525492,-0.0026959673404158,
1,26.704,-0.0103800754339602,0.01504737261648,-0.0021823305943994,
1,26.755,-0.0098914480650733,0.0147327544979311,-0.0024809293274701,
1,26.806,-0.0079801172581311,0.0141507751288685,-0.0032764690642653,
1,26.857,-0.0057115445455164,0.0134440756282508,-0.0037243132497771,
1,26.91,-0.0033960964876258,0.0127141582970933,-0.0037123518290815,
1,26.959,-0.0018390937810381,0.012027986960982,-0.0032056206223333,
1,27.011,-0.001696935207773,0.0114249947052085,-0.0024222755245875,
1,27.06,-0.0022727755302639,0.0111246235918064,-0.0021269534731724,
1,27.112,-0.0030620126464166,0.0112433025206566,-0.0021683499960002,
1,27.163,-0.0043263772856029,0.011621205949377,-0.0018198750013805,
1,27.214,-0.005191393936513,0.0123358387746054,-0.0016510168235131,
1,27.267,-0.0053291310471603,0.0132090245871007,-0.0020125884406735,
1,27.316,-0.0059935296852933,0.0137120852510475,-0.0020828047559199,
1,27.367,-0.0065406627499108,0.0137365193211968,-0.0017596855248097,
1,27.417,-0.0055627986757022,0.0134520226158067,-0.00141109087827,
1,27.468,-0.0040870978589561,0.0129922472877158,-0.0008733276941005,
1,27.52,-0.0032139914601149,0.0124569920893329,-0.0002574413558287,
1,27.57,-0.0025966659223174,0.011916326663323,-4.259420570973887e-05,
1,27.621,-0.0013896431083783,0.0114156249050971,-0.0003030472268011,
1,27.672,9.861863893584592e-05,0.0109807770124673,-0.0008474116507977,
1,27.724,0.000643527911615,0.0108239310902368,-0.0015301324108107,
1,27.777,0.0003388085196243,0.0110588157909207,-0.0022467428973212,
1,27.825,-8.467504817049427e-05,0.0113252347722357,-0.0029275208105743,
1,27.877,5.219266535270883e-05,0.0113896422981129,-0.0035306282010566,
1,27.927,0.0013407821002717,0.0113193153867908,-0.004035471777508,
1,27.979,0.0030636795262454,0.01136905959686,-0.0044367378733009,
1,28.029,0.0039225464567204,0.0116926491363299,-0.0047393392978038,
1,28.08,0.0041582703458356,0.0119650410753028,-0.005155186619151,
1,28.131,0.0049795722490062,0.0121827151669038,-0.0060119252268082,
1,28.182,0.0063112911423462,0.0125486430251536,-0.0070826053604542,
1,28.233,0.0060558822671481,0.012779423757235,-0.0076019848118158,
1,28.285,0.0042005834688137,0.012904988256854,-0.0073243958618249,
1,28.336,0.0020707363504706,0.0133546524442478,-0.0063571360276382,
1,28.386,-0.0004657620733711,0.0139760553838538,-0.0050252580425013,
1,28.437,-0.002456800270125,0.0142560164754557,-0.0039681933265827,
1,28.488,-0.0033355587525296,0.0142945030688975,-0.0033731318476572,
1,28.539,-0.0034303612180071,0.0147775288271672,-0.0033230138598647,
1,28.59,-0.0024122555090501,0.0159085246422894,-0.0038272560253877,
1,28.641,-0.0009630060428889,0.0169625729290781,-0.0044456967532629,
1,28.692,4.3833940862218334e-05,0.0172800944850304,-0.0048868637642337,
1,28.744,0.0004852173251429,0.0170997358834096,-0.0051788955307859,
1,28.794,0.0003276527385644,0.017016217219161,-0.0051509856004134,
1,28.845,-5.566859299970732e-07,0.0170015163411537,-0.0049201226719677,
1,28.896,-0.0004118432402684,0.0166304655173423,-0.0049793088556873,
1,28.947,-0.0006425377110779,0.0160606769050527,-0.0052197638525504,
1,28.999,-0.0005380430301494,0.0158108679097164,-0.0053563256434679,
1,29.049,-0.0006286360020041,0.0159871800110006,-0.0054152848854821,
1,29.1,-0.0004354037816579,0.0162217881158251,-0.0054197372133569,
1,29.151,0.0001251708046078,0.0160732702595644,-0.0053888737771003,
1,29.202,7.297346231360842e-05,0.0154901312768503,-0.005337839887892,
1,29.253,-0.0009705338725404,0.0146750929396713,-0.0052779693766724,
1,29.304,-0.0023651571830731,0.0139776341019714,-0.0050164074341458,
1,29.355,-0.0034712670342805,0.0136124479959628,-0.0044456689027332,
1,29.406,-0.0045043143562575,0.0134897021817426,-0.0039233225484209,
1,29.457,-0.0056083483003308,0.0135323064177819,-0.0036748081381032,
1,29.508,-0.0066692187544905,0.0136775356170852,-0.0040235476005215,
1,29.559,-0.0074163491857755,0.0140777503856623,-0.0051289886156723,
1,29.61,-0.0072997414296107,0.0148101835589116,-0.0062292701201668,
1,29.661,-0.005634373085014,0.0154960129686474,-0.0068361858305687,end
2,30.528,-0.0022458689020228,0.0159165157887668,-0.0012376065644461,start
2,30.579,-0.000959547792889,0.015162143722301,-0.0017148095187361,
2,30.63,-5.747997470647822e-05,0.0138619658480414,-0.0020839414373266,
2,30.681,0.001128181140222,0.0125170160253036,-0.0021532745302598,
2,30.733,0.0019988096784917,0.0114522297760119,-0.0020247614178455,
2,30.783,0.0007899480835852,0.0106526648314266,-0.0015788495849563,
2,31.344,-0.0114190064860754,0.010424732799255,0.0001128072334392,
2,31.395,-0.0080176402746574,0.0109071064160207,-0.0008551487075316,
2,31.446,-0.006397085954927,0.0109427728223753,-0.0012064180269826,
2,31.497,-0.0070530110984113,0.0108899113220048,-0.0011339557526063,
2,31.548,-0.0087145997979433,0.010985352515482,-0.0007955537141888,
2,31.6,-0.0082768536694872,0.0115699080595268,-0.0013179440846643,
2,31.65,-0.0053228596484388,0.0124211984738597,-0.002952940530348,
2,31.701,-0.0030007072949602,0.0129735052898517,-0.0043668290457908,
2,31.752,-0.0018728350721556,0.0132896897964371,-0.0053244934347641,
2,31.803,0.0002059807721075,0.0138307040118732,-0.0065151262494071,
2,31.854,0.0031293546077193,0.0144724515618255,-0.0075586924102534,
2,31.905,0.0057570413014492,0.0147255834769367,-0.008022436552411,
2,31.956,0.0069798291439052,0.0145083075381387,-0.0078762231229,
2,32.007,0.0070025185106492,0.0142076229827924,-0.0071497246420285,
2,32.058,0.0070570347813562,0.014078432869956,-0.0061094215892479,
2,32.109,0.0075292511163806,0.013868775615003,-0.00495143063765,
2,32.16,0.0088339262239012,0.013624353127868,-0.0042126531048232,
2,32.211,0.0097643563544559,0.0135781028658893,-0.0040029209555911,
2,32.262,0.0089741836301528,0.0136626661089898,-0.0039485077308821,
2,32.313,0.0065414759622984,0.0138243335366738,-0.0037972460843968,
2,32.365,0.0036524211229857,0.014022464547531,-0.0037968555810577,
2,32.416,0.0021086106907567,0.0142280649834568,-0.0042949251991934,
2,32.466,0.0011499271538792,0.0144219393517793,-0.0046710040147433,
2,32.517,4.102905209382707e-05,0.014793552245001,-0.0049386321280914,
2,32.568,-0.0008742941124852,0.0152493050642071,-0.0053160393794785,
2,32.619,-0.0021944375813895,0.0153207416411709,-0.0053318679074245,
2,32.67,-0.0030656605126504,0.0149391240018709,-0.0053153594601526,
2,32.721,-0.002775644589594,0.0142975960103697,-0.0054802714804564,
2,32.772,-0.002366665291404,0.0133400766237771,-0.005346622531832,
2,32.823,-0.0017134097169724,0.0122568165174327,-0.0050322275293516,
2,32.874,-0.0009559654590951,0.0115816017532307,-0.0044263335506561,
2,32.925,-0.001397549682396,0.0112223298365841,-0.00348132616065,
2,32.976,-0.0023718250210977,0.0110945499081114,-0.0031980782007898,
2,33.027,-0.0026053074366112,0.0113263363820053,-0.0035628386142127,
2,33.078,-0.002947425687568,0.0117701111111386,-0.003711396760684,
2,33.129,-0.0035325678107159,0.0125150285290085,-0.0037093590604618,
2,33.18,-0.003423232552845,0.0133932424782017,-0.0036109001778517,
2,33.231,-0.002475609127039,0.0140855627399936,-0.0034585109645456,
2,33.282,-0.0004639731991765,0.0148038769714773,-0.0036854427150996,
2,33.333,0.0022693007601489,0.0154811578061997,-0.0041374223360245,
2,33.384,0.0046433240534986,0.0158768798387818,-0.004496594011288,
2,33.435,0.0053912259351906,0.0160602339795891,-0.0045665560079969,
2,33.486,0.0048352971452208,0.0158918225177802,-0.0042445789874795,
2,33.537,0.0046928161669334,0.0153105010658664,-0.0036970968042646,
2,33.588,0.0050277802245085,0.0145110587216359,-0.0028481340217732,
2,33.639,0.0052403782564113,0.0136359461790224,-0.0020748499685282,
2,33.69,0.0053574179135714,0.0129834369143455,-0.0020147241369151,
2,33.742,0.005604602514877,0.0129277802440202,-0.0026176471994906,
2,33.792,0.0067187332040098,0.013460220651743,-0.0035973827930702,
2,33.843,0.0078977118130347,0.0141262315879592,-0.004338414819356,
2,33.894,0.0074169000564956,0.0144227379123724,-0.0040634896547347,
2,33.945,0.0057093708136033,0.0144584425060653,-0.0031590644734602,
2,33.995,0.0039547571269891,0.0147256805462869,-0.0027268987170304,
2,34.047,0.0029134009192704,0.0151199447615339,-0.003034001951854,
2,34.098,0.0028148165535654,0.0153631711444099,-0.0037905658251325,
2,34.149,0.0031279663265527,0.0154899899637415,-0.0047746145748216,
2,34.201,0.0028766913946235,0.0153311291626738,-0.0056246754011472,
2,34.251,0.0012794393171281,0.014800975480196,-0.0055171799148664,
2,34.302,-0.0024585800728789,0.0140752816179976,-0.003398354109814,
2,34.353,-0.008273464110017,0.0134833089169144,0.0004427298428118,
2,34.659,-0.0031229906553308,0.01407267429953,0.0001977737126855,
2,34.71,-0.0016496125350001,0.0136133763264884,-0.0011113130103824,
2,34.761,-0.0015763084032774,0.0132293634899499,-0.0020624558275398,
2,34.812,-0.0014026643740312,0.0133261512834949,-0.0031092894857843,
2,34.863,-0.0015802839345336,0.0137235260020833,-0.0039325651843223,
2,34.914,-0.0021697517999673,0.0140809264647687,-0.0043454913986597,
2,34.966,-0.0023735042477693,0.0145848118160103,-0.0046629012033519,
2,35.016,-0.0019118420683613,0.0151421666209839,-0.004692719127601,
2,35.067,-0.0006588348043267,0.0154882062455165,-0.0043348605242608,
2,35.119,0.0012018780907565,0.0158717536485837,-0.0041587803155712,
2,35.169,0.003102032762229,0.0162485450322752,-0.0045150964039597,
2,35.22,0.003669835540217,0.0163899008205063,-0.0047825742600129,
2,35.272,0.0031366851634077,0.0163689040275968,-0.0045699208455818,
2,35.322,0.0019402666031125,0.0160446352464936,-0.0038655840317557,
2,35.373,0.0002137387628088,0.0153510784875585,-0.00290248712834,
2,35.425,-0.000910742897904,0.0144763941317716,-0.0024533039191445,
2,35.475,-0.0019604351215895,0.0137566433914834,-0.0025706381461906,
2,35.526,-0.0030786692698164,0.0135957469440057,-0.0028410496819646,
2,35.577,-0.0031468629878179,0.0140070315811048,-0.0031879144902301,
2,35.628,-0.0025361334234005,0.0147522455179736,-0.0033551142157723,
2,35.68,-0.0025432056662034,0.0154509262535393,-0.0031928200756915,
2,35.73,-0.0037492725331,0.0158628017507362,-0.0028322421882895,
2,35.781,-0.0038199260183717,0.0162584805381159,-0.0025742948403215,
2,35.832,-0.0007467006782095,0.0168128189494531,-0.0028045588614978,
2,35.883,0.0034934723833142,0.0174243820307984,-0.0037311074004019,
2,35.934,0.0065347721330288,0.0178226836069133,-0.0050297862335971,
2,35.985,0.0073578525677703,0.0176505453327242,-0.0058603030694372,
2,36.036,0.0062904864207818,0.0169255493910838,-0.0061230115396858,
2,36.087,0.0044980919803528,0.0159042187682106,-0.0064021182716452,
2,36.138,0.0025855224355621,0.0149757141224356,-0.0066693204438569,
2,36.189,0.0009503553917349,0.0143821672084028,-0.006706588677106,
2,36.24,-0.0005763741570813,0.0140511276294234,-0.0067942281943828,
2,36.291,-0.001710076025461,0.0141158747446974,-0.0071079666819336,
2,36.342,-0.0014964665120288,0.0144292589051325,-0.0075415103928745,
2,36.393,-0.0010384177303406,0.0144752642709913,-0.0076153959894803,
2,36.444,-0.0008620614037944,0.0143460900653827,-0.0070510115042119,
2,36.495,-7.720165834675173e-05,0.0143157748389903,-0.0065242777912672,
2,36.546,0.0006332048787046,0.0141504646424219,-0.0064656731131939,
2,36.597,0.0008371240080223,0.013911855154538,-0.0067120116283387,
2,36.648,0.0013023260966311,0.0138462370353614,-0.0069333030480234,
2,36.699,0.0018977311186223,0.0138968385272762,-0.0069199197129577,
2,36.751,0.0019263100784099,0.014017912652476,-0.0067571024926319,
2,36.801,0.0013882247689627,0.013973624550115,-0.0065115252911804,
2,36.852,0.0003291010591347,0.0136260052897286,-0.0062325979153883,
2,36.903,-0.0007782746999536,0.0131117695833358,-0.005954688555804,
2,36.954,-0.000823469378092,0.0127328181533839,-0.0059005911791714,
2,37.005,-0.0003846355969393,0.0126719076382396,-0.0057935481359624,
2,37.056,-0.001879792668015,0.0126190326498998,-0.0050586464794062,
2,37.107,-0.0044952066026194,0.0125755588899152,-0.0041809375856288,
2,37.158,-0.0056106571866447,0.0127424406754949,-0.0038846494118308,
2,37.209,-0.0054736623057129,0.0130308281221379,-0.0041858918215193,end
3,38.229,0.0005285542599723,0.0149694026772399,-0.0053026218266189,start
3,38.28,0.0004331877209505,0.0145470236908907,-0.0053143402149539,
3,38.332,0.0009397257419648,0.0139108521222994,-0.0052966037835423,
3,38.382,0.0019924378809715,0.0131886702169559,-0.0050605676314842,
3,38.433,0.0023067033415031,0.0124693408226832,-0.0045026525635026,
3,38.484,0.002322952512151,0.0120104607671602,-0.0043856201737076,
3,38.535,0.0033517650586316,0.0119563173748933,-0.0049624174960231,
3,38.586,0.0047465049540689,0.0119652683346309,-0.0051345328228603,
3,38.637,0.0052597203546183,0.0118131322368411,-0.0046316107980768,
3,38.688,0.0045638393275999,0.0115699043264146,-0.0041378213083652,
3,38.739,0.0033492386349622,0.0114886275376533,-0.0040912241146873,
3,38.79,0.0025020303327845,0.0117185812513464,-0.0043351777017775,
3,38.841,0.0015568415701813,0.0121296701484995,-0.0043442115314322,
3,38.892,0.0002230758630867,0.0128247398353993,-0.0040010198388797,
3,38.943,-0.0012527582479208,0.0136461036841235,-0.003459497542797,
3,38.994,-0.0027011492844334,0.014482483486041,-0.0030351116256721,
3,39.044,-0.0030114171180342,0.0154621381630266,-0.0029207773510521,
3,39.096,-0.0025668229956484,0.0160533160381997,-0.0028136463867226,
3,39.147,-0.0022763137488461,0.0159461850422241,-0.0029205751334485,
3,39.198,-0.0021079646876039,0.0151989651258777,-0.0035578687599411,
3,39.25,-0.0032364892460701,0.0141012499589052,-0.0042832830586712,
3,39.3,-0.0057086083771054,0.0132685946950808,-0.0050069386438879,
3,39.351,-0.0086430164092341,0.0126728260880272,-0.0052696652055615,
3,39.402,-0.0108348483596424,0.0120760116019053,-0.0046131675277981,
3,39.453,-0.0107676813035161,0.0115264705136296,-0.0038215300129544,
3,39.504,-0.0092570975222467,0.0110513948300452,-0.0032076489938084,
3,39.555,-0.0075446275963533,0.0106622421227882,-0.0027570875642596,
3,39.606,-0.0054385790079665,0.0105602918885159,-0.0030499675312152,
3,39.657,-0.003048460658187,0.0108515630729653,-0.0045994613420718,
3,39.708,-0.0014714948348324,0.0111707949407645,-0.0068304101718872,
3,39.759,-0.0011452297263531,0.0114823144346322,-0.0085158567600433,
3,40.422,0.0163255788387178,0.0145709377799689,-0.0087235615930025,
3,40.83,0.0141232901078802,0.0161336963355149,-0.005106946159758,
3,40.881,0.00989467861678,0.0147522158732348,-0.0049650584229511,
3,40.932,0.0043794417854891,0.013283605643824,-0.0046760318269375,
3,40.983,-0.0033254190175916,0.0118770931486877,-0.0035125213818371,
3,41.034,-0.0104098047887344,0.0108242308050221,-0.0018816281975455,
3,41.646,-0.0016122883415557,0.0161447047692401,0.000369964264345,
3,41.901,-0.0067635100068363,0.0186943399204548,-0.0055587295433294,
3,41.952,-0.0041813528009875,0.016335974688047,-0.0076970094714797,
3,42.003,1.979045397392334e-05,0.0145152763911203,-0.0090525721392552,
3,42.309,0.0117231421996114,0.0129968544966305,-0.0093804464150606,
3,42.36,0.0083539403134161,0.0126299013779068,-0.0085190159032582,
3,42.411,0.0029111590294671,0.0117816190364528,-0.0072821740770542,
3,42.462,-0.003022610814385,0.0112952818820754,-0.0063055887244017,
3,42.513,-0.0067862600940868,0.0118834826001258,-0.005775205399561,
3,42.564,-0.0076507503009888,0.0129127539795338,-0.0053727683047073,
3,42.616,-0.0065864128860695,0.0137405544612016,-0.0052855525420569,
3,42.666,-0.0047721881300814,0.0143726411939796,-0.0052066771541785,
3,42.717,-0.0026227649304895,0.0148284288971976,-0.004737819900199,
3,42.768,-2.936498973204457e-05,0.0151345319423954,-0.0042573457587396,
3,42.819,0.0018371086980075,0.0153200441845204,-0.00420968657122,
3,42.87,0.0018824248879196,0.0154133124889181,-0.00484510985893,
3,42.921,0.0013585994760494,0.0154399274361668,-0.0060684170456905,
3,42.972,0.0013151695540256,0.015421656079431,-0.0071688246623059,
3,43.023,0.0015833308942925,0.0153760646239438,-0.0074995099299192,
3,43.073,0.0022306230966099,0.015316613900571,-0.0073099674926581,
3,43.125,0.0032699058923664,0.0152530503968658,-0.0070028364726075,
3,43.176,0.0044771032728823,0.0151919554314944,-0.0068457963879762,
3,43.227,0.0056950145853915,0.0149365179814328,-0.006797632929336,
3,43.278,0.0068219582622078,0.0145769588546587,-0.0066223331439784,
3,43.329,0.0088041966968423,0.014581173071204,-0.0069820776855547,
3,43.38,0.0121799079416339,0.0148183553383858,-0.0082585751715125,
3,43.635,0.0122255605188334,0.0146779505809621,-0.0085522131276165,
3,43.686,0.0092765130922112,0.0142056673307184,-0.0075124700607012,
3,43.736,0.0060374216080477,0.014167412890925,-0.0066437938267575,
3,43.788,0.0028725173549652,0.0142097629522284,-0.0057537816830617,
3,43.84,0.0014152765024971,0.0143004067072333,-0.0051224171334264,
3,43.89,0.0001661451233078,0.0142139083146584,-0.0041051553493487,
3,43.941,-0.0008491678766056,0.0140207482486338,-0.0029221179415658,
3,43.992,0.0001745454099919,0.0137746977711638,-0.0025311321960621,
3,44.043,0.0016204182863439,0.0133136583780678,-0.0024787055853695,
3,44.094,0.0014133889899712,0.0129526060595961,-0.0020451250407364,
3,44.145,-0.0006404348995395,0.0126846851880192,-0.0012010882050094,
3,44.196,-0.0031112115909991,0.0124980173243745,-0.0003624426526123,
3,44.247,-0.0050484145902713,0.0125792905337597,0.0004053738910987,
3,44.298,-0.006286953401724,0.013227546515427,0.0004635818128891,
3,44.348,-0.0069779067508694,0.0145890284339978,-0.0009421631685069,
3,44.401,-0.0080654932693198,0.0156960653809388,-0.0027722209233155,
3,44.451,-0.0099225924573439,0.0159484805762539,-0.0039240628298274,
3,44.502,-0.0121240325720255,0.0156325054101402,-0.0043475648549346,
3,44.553,-0.0135661323407032,0.0149773755905882,-0.0044707572485666,
3,44.604,-0.013802878176298,0.0141573572590466,-0.0043914491266544,
3,44.655,-0.0130467161447161,0.0132974623384191,-0.0039878044280165,
3,44.706,-0.0119153298950373,0.0124810708422,-0.0034085721432106,
3,44.757,-0.0112366821574783,0.0117581638895843,-0.0027632582248414,
3,44.808,-0.010702083427774,0.0111532870111865,-0.0023282367060963,
3,44.859,-0.0099011496064041,0.0108735344119482,-0.002263866981691,
3,44.91,-0.0091945768069071,0.0110256079197231,-0.0022415527428532,
3,44.961,-0.0086052840332411,0.011241583518365,-0.0020471697787893,
3,45.012,-0.0081385489133167,0.0114811927536677,-0.001758045729657,
3,45.063,-0.0077879107812606,0.0121183781300164,-0.0014313856757873,
3,45.114,-0.0075398996060851,0.0129593622685383,-0.0011068935806552,
3,45.165,-0.006975964672647,0.0138634938890838,-0.0010106931383129,
3,45.216,-0.0052505461184186,0.0149363268765772,-0.0012694696688592,
3,45.267,-0.0027179834482287,0.0156295050456423,-0.0017351228122929,
3,45.318,-0.0002728744967959,0.0158226719550534,-0.0024968827160095,
3,45.369,0.0011163871873708,0.015880471763055,-0.0031865226797466,
3,45.42,0.0017168754016529,0.0156459767580285,-0.0033728399317714,
3,45.472,0.0017632432405476,0.015242855820736,-0.0034222165342089,
3,45.522,0.0008479992684565,0.0149648041386713,-0.0035806331026248,
3,45.573,-0.0002087838892525,0.0147893026701172,-0.0037962564695111,
3,45.624,-0.0022756166496503,0.0146936705793265,-0.003629580421694,
3,45.675,-0.0048242104446982,0.0148577789494061,-0.0032311057202548,
3,45.726,-0.0042637065665789,0.0155769561812911,-0.0035193120707522,
3,45.777,-0.0021558726422245,0.0163935200287672,-0.0042247697560843,
3,45.828,-0.00203665698883,0.016604444563991,-0.0047394930571465,
3,45.879,-0.0028007544170332,0.016209163440962,-0.0050905390626182,
3,45.93,-0.0028649815229435,0.0156576793434532,-0.0053084096417868,
3,45.981,-0.0016718515128536,0.0154519841662294,-0.0056241993141581,
3,46.032,0.001035172775406,0.0154845854506295,-0.0061782547254757,
3,46.083,0.004294837198295,0.0154665659075138,-0.0066397793898174,
3,46.134,0.0074462444369927,0.015618361846742,-0.0068040497874231,
3,46.185,0.0100742236539954,0.0160677085690448,-0.0069653129497195,
3,46.236,0.0111512185567703,0.0164709587101242,-0.0071116925888633,
3,46.287,0.0101428002765285,0.0164105829466642,-0.0066342665073987,
3,46.338,0.0082795760870127,0.0160577101903596,-0.0055942813020265,
3,46.389,0.0074236356524425,0.0157464251837091,-0.0044778772051734,
3,46.44,0.0066799778950354,0.0152859854909544,-0.0034021463411103,
3,46.491,0.0046622378182159,0.0145660402698956,-0.0026397521578637,
3,46.542,0.0021902887881769,0.0137374964713674,-0.0023403963567755,
3,46.593,0.0010314479609912,0.0133075299113999,-0.0025628928778543,
3,46.645,0.0018120330734044,0.013569399490119,-0.0031022062725155,
3,46.697,0.0027695966122513,0.0140531086949082,-0.0033997184328126,
3,46.747,0.0023579055531932,0.0144394033942913,-0.0031165835063616,
3,47.091,0.0011011135199306,0.0147321887601502,-0.0024837948866837,
3,47.098,0.0004074454106275,0.0149414813089929,-0.002280090400689,
3,47.102,0.0005323297682343,0.0148795787605104,-0.0025687776260675,
3,47.107,0.0005696606497202,0.0146487176652869,-0.0029492361328959,
3,47.11,-0.0004563282225358,0.0145288742729647,-0.0031571550874909,
3,47.114,-0.0024835249272401,0.0142890260341418,-0.0030368790297518,
3,47.117,-0.0041866614626674,0.0139914803418821,-0.0031174440994984,
3,47.154,-0.0053443089998766,0.0142833341416838,-0.0037220141755576,
3,47.206,-0.0052557738717795,0.0153314218973229,-0.0046140884609787,end
1,16.402,0.0058618145628155,0.0148114774814701,-0.0072041658108532,start
1,16.453,0.0054594035082519,0.0145499057056469,-0.0062775056258294,
1,16.504,0.0049635774294433,0.0142174702222756,-0.0055805642409322,
1,16.555,0.0042468372511032,0.0140671255400742,-0.0050869410762558,
1,16.606,0.0036468253509568,0.0138448091264802,-0.0047633708227018,
1,16.657,0.0033707120005409,0.0133933593238394,-0.0043740241283565,
1,16.708,0.0035253462802256,0.0130320546510365,-0.0037729355248746,
1,16.759,0.0037429852522772,0.0129584232068415,-0.0032851671065798,
1,16.81,0.003581881377252,0.0128743728434731,-0.0031100945448108,
1,16.861,0.0033916458824318,0.0125895586913193,-0.0029488004809599,
1,16.912,0.0029971753987507,0.0121988644813839,-0.0026084669328895,
1,16.963,0.0019009067036245,0.0119724834077506,-0.0021806463084804,
1,17.013,0.0004426057060252,0.0120705044478841,-0.001731084025085,
1,17.065,-0.0007290675861576,0.0123687069131033,-0.0015045262456262,
1,17.116,-0.0012211198751427,0.0129721740623492,-0.0014391929185861,
1,17.167,-0.0008361006131608,0.0137229445807531,-0.0010808422831548,
1,17.218,-0.0001203337489725,0.0141062090351396,-0.0005633520935555,
1,17.269,0.0001475576013045,0.0140221502939,-0.0003870365960235,
1,17.32,-9.415099344230333e-05,0.0136451258320925,-0.0008453653576456,
1,17.371,-0.0004424413528088,0.013110495035173,-0.0016739050547226,
1,17.423,-0.0002286077534783,0.0127185655714097,-0.0022716533308917,
1,17.473,0.0003285669179606,0.0128513101892178,-0.0026733639857083,
1,17.524,0.0004586831767097,0.0133098915014761,-0.0031179084584685,
1,17.575,0.0005052858317207,0.0135389419430515,-0.0033533790139817,
1,17.626,0.0006954168115402,0.0134015483370373,-0.0034358435261169,
1,17.677,0.0007614923676972,0.0130401725815526,-0.0036143863728685,
1,17.727,0.0013451976758136,0.0125641760956213,-0.0034385389309752,
1,17.779,0.002615661864439,0.0120529058736618,-0.0028486955105812,
1,17.83,0.0036220181634815,0.0113592512382843,-0.00244238660806,
1,17.882,0.0039764770642768,0.0104035141016716,-0.0021864280517484,
1,18.034,0.0064290244562444,0.0101904437222764,-0.0032309431085306,
1,18.084,0.0046708601192003,0.0108494675904352,-0.0041091572532586,
1,18.136,0.0027663650411021,0.0114047265449229,-0.0045431320722538,
1,18.187,0.0015235161675648,0.0118488298381682,-0.0046573306166824,
1,18.238,0.0004031901467617,0.0123868005776079,-0.0049589335024091,
1,18.288,-0.0007493896415276,0.0127409226403038,-0.005557333302271,
1,18.34,-0.001830064708282,0.0127478515644001,-0.0062980127317675,
1,18.39,-0.0025769755459571,0.0127323846662323,-0.0070704420775705,
1,18.442,-0.0026481569370919,0.0131054639937738,-0.0076003487016907,
1,18.493,-0.0020794063051369,0.0138986009423447,-0.0077313101158152,
1,18.544,-0.0011459239933468,0.0146965933994708,-0.0075958868220895,
1,18.595,0.0001473233318643,0.015031927136257,-0.0073004963083244,
1,18.646,0.0015674154665838,0.0148427618154277,-0.0071270739702788,
1,18.697,0.0027539451414282,0.0143324045224482,-0.007045807726173,
1,18.749,0.0032936938252643,0.0136570490324513,-0.0068293406777682,
1,18.799,0.0029736013339254,0.0131309589954285,-0.0065435519330426,
1,18.85,0.0025294298317587,0.0131445305316665,-0.0060354283554567,
1,18.902,0.0020413618997618,0.0137039582550939,-0.0054255293170938,
1,18.952,0.001564349111772,0.014568530917828,-0.0050001853874459,
1,19.003,0.0015344139574787,0.0153585209857048,-0.0047273755111474,
1,19.054,0.0015927838701334,0.0158363810987144,-0.0045743093464717,
1,19.104,0.0019039329717603,0.0160756680277435,-0.0043095036747385,
1,19.156,0.0023522067104116,0.0161427229308058,-0.0039943064547278,
1,19.207,0.0024507468531754,0.0162947634622293,-0.0038729450773435,
1,19.258,0.0023170687454667,0.0164890957148224,-0.0036848163397459,
1,19.309,0.0020451959308726,0.0162932731338716,-0.0032681456301824,
1,19.359,0.0019073658685981,0.0158629552562626,-0.0029392054317503,
1,19.411,0.0018665766977949,0.015517646040096,-0.0028937898922245,
1,19.462,0.0016904679316624,0.0150537634889356,-0.0030338617162959,
1,19.513,0.0014417191618533,0.0145510990384195,-0.0034824773473504,
1,19.564,0.0015680327751567,0.0144656098440504,-0.0038921055210644,
1,19.615,0.0021255796704923,0.01465454428482,-0.0038421548683315,
1,19.666,0.0025132417107637,0.0146026356770144,-0.0037022989929163,
1,19.717,0.0027608056040665,0.0141995983521183,-0.0037168510269856,
1,19.768,0.0026977960150109,0.0136037414681879,-0.0040300974516535,
1,19.819,0.0022398277681671,0.0129320867099988,-0.0045097478133078,
1,19.87,0.0019670096648385,0.012265775220739,-0.0046559223103785,
1,19.921,0.0018348543136318,0.0118572514097412,-0.004375645189708,
1,19.973,0.0014018624204797,0.011847711910483,-0.0038443782995869,
1,20.023,0.0008107122863531,0.0118939942985812,-0.0031948172434577,
1,20.074,0.0005672835693934,0.0117715264598732,-0.0027224031862443,
1,20.125,0.0005664219897951,0.011550668669154,-0.0028032205973667,
1,20.176,0.0003195331192139,0.0112844506023779,-0.0034331951748042,
1,20.227,-0.000266145950719,0.0110105268718054,-0.0043647645065538,
1,20.278,-0.0006203916973418,0.0109544999992187,-0.0052140922524577,
1,20.328,-0.0005969158831436,0.0112435560999355,-0.0057416111367259,
1,20.38,-0.0005339073140315,0.0117307108189809,-0.0060203599942443,
1,20.431,-0.0002497723926181,0.0123057815663428,-0.0059163332960173,
1,20.482,-0.0002483105983206,0.012690206313865,-0.0053743360755759,
1,20.533,-0.001231593702432,0.0127206441295778,-0.00459498630034,
1,20.583,-0.0025666202699583,0.0125216067070025,-0.0039268516204206,
1,20.635,-0.0034174897754467,0.0123922180083214,-0.0037853857963138,
1,20.687,-0.0036886574555889,0.0127195601792597,-0.0039930642923709,
1,20.737,-0.0033654149841906,0.0135143645216147,-0.0042071498469025,
1,20.788,-0.0022852465234563,0.0143442934063114,-0.0046089800000685,
1,20.839,-0.000605562431895,0.0147284110982435,-0.0052997736885298,
1,20.89,0.0011228534373717,0.0145949159362637,-0.0061204007360961,
1,20.94,0.0025428402205823,0.0141401731028655,-0.0065567054849786,
1,20.992,0.0034501094247725,0.013515928647549,-0.0061089736984873,
1,21.043,0.0035539950334131,0.0128331217847023,-0.0053310652205484,
1,21.094,0.003134283846777,0.0123684417267009,-0.0050063904619969,
1,21.144,0.0024124799029386,0.012482654299664,-0.005199313749578,
1,21.195,0.0015549133145115,0.0129589654604468,-0.0057087011445005,
1,21.246,0.0012816674052573,0.0132275780715149,-0.0063801324283423,
1,21.298,0.0014051272522473,0.0133414043172181,-0.0071015524098767,
1,21.348,0.0013714296779183,0.0135476476886533,-0.0073954112434197,
1,21.4,0.0016413133038088,0.0135957610260825,-0.006788945412645,
1,21.451,0.0020842185133112,0.0133377586563704,-0.0056537744735857,
1,21.501,0.0022008439613652,0.012904154730689,-0.0046723772232214,
1,21.553,0.0022996741121899,0.0125935950372418,-0.0042701093148697,
1,21.604,0.0023791518535752,0.0125877319424411,-0.0042715824745848,
1,21.655,0.0024398331752636,0.0125769238268861,-0.004331043589619,
1,21.705,0.0026844182992461,0.0123629788123655,-0.0044229186517457,
1,21.756,0.0030273020398583,0.012035938579006,-0.0043273681512167,
1,21.808,0.003204851055758,0.0116626368273404,-0.0041192878803352,
1,21.859,0.0028604319532172,0.0112896538019341,-0.0042574195880322,
1,21.909,0.00200808251843,0.0111476718655404,-0.0048073319379999,
1,21.96,0.0004967760536954,0.0113660823890485,-0.0055771640732196,
1,22.011,-0.0013157450348665,0.0117980854974723,-0.006225365164539,
1,22.062,-0.0023725098686795,0.0123323722333439,-0.0063418184495888,
1,22.113,-0.0026588420325789,0.0126885039720249,-0.0061078793656496,
1,22.165,-0.0024280539645779,0.012901766433657,-0.00606967604479,
1,22.216,-0.001884150045037,0.0134079346640848,-0.0063609108173109,
1,22.267,-0.0015847897887968,0.0140612962134007,-0.0066392016644677,
1,22.318,-0.0014663166329826,0.0143549063175312,-0.0064851675266331,
1,22.369,-0.0014733730560325,0.0143942025627552,-0.0058654015346893,
1,22.42,-0.0017612048563059,0.0142672374199875,-0.0049967256497123,
1,22.471,-0.0020051561959046,0.0136421725185321,-0.0040381947634197,
1,22.522,-0.0020005336231846,0.0127478641984054,-0.0030990373386074,
1,22.572,-0.0020376927923914,0.012154386392567,-0.0022477508806522,
1,22.623,-0.0020986636213285,0.0120023564823198,-0.0015212073909814,
1,22.674,-0.0019691744414302,0.0119448292922969,-0.0011338674055292,
1,22.725,-0.0017279357560728,0.0117516992699469,-0.0013968597826082,
1,22.777,-0.0010327385810529,0.01148711496588,-0.0022566503880895,
1,22.827,-0.0001022420264942,0.0113987919771798,-0.0034301284991123,
1,22.878,0.0005027468259056,0.0118322770569534,-0.0045096873591004,
1,22.929,0.0008503699637364,0.0127664348423609,-0.0052414526064092,
1,22.982,0.0010050054344623,0.013946655708394,-0.005691374649424,
1,23.032,0.0012242792209555,0.0149890446256073,-0.0059243923244127,
1,23.082,0.0014673938682322,0.0154576287884294,-0.0062004125883997,
1,23.134,0.0015054349912579,0.0153197257456776,-0.006481838965522,end
2,25.378,0.0001056066146499,0.0155176879580815,-0.0041340071279884,start
2,25.428,-0.0002286967331753,0.0152150752631451,-0.0047014568096402,
2,25.479,-0.0004247306990981,0.0146020490939934,-0.0052902081994947,
2,25.53,-0.0007171709527109,0.013839185280342,-0.006046158690755,
2,25.582,-0.0008471151334942,0.0130415063543128,-0.0066477808069638,
2,25.632,-0.0008624033420974,0.0122855790123097,-0.0067004264836178,
2,25.683,-0.0004012613005824,0.0116171553735359,-0.0061959224112855,
2,25.736,0.0003283948778358,0.0112593828102129,-0.0053746180493655,
2,25.785,0.0003683125813094,0.011330421556284,-0.0046169452130632,
2,25.837,-0.0002381749299476,0.0118716059623873,-0.0043626163470671,
2,25.888,-0.0008088468670017,0.0130725111048858,-0.0044515390289562,
2,25.939,-0.0013107043779379,0.0143992226327789,-0.0045526294964706,
2,25.99,-0.0019289453550719,0.0150975399820641,-0.0046534028447541,
2,26.041,-0.0023713299534119,0.0151359038523285,-0.0047458773361601,
2,26.091,-0.0022637231950171,0.0147479236412527,-0.0048256005468787,
2,26.142,-0.0016111894018842,0.0141176747915103,-0.0046899076069348,
2,26.194,-0.0008624197713769,0.0133826766499193,-0.0042261242154684,
2,26.244,8.875326023745952e-05,0.012639542334357,-0.0035891768338698,
2,26.295,0.0014949943129092,0.0121517220792375,-0.0030931723049451,
2,26.346,0.003080125728278,0.0120676698351655,-0.0029282411081067,
2,26.398,0.0046526496581777,0.012048493378132,-0.0027880601404458,
2,26.448,0.0056890941548259,0.0118716319624435,-0.0026750139928099,
2,26.499,0.0060976284519422,0.011607846945855,-0.0027892858478084,
2,26.551,0.0062714662579309,0.0115103377634519,-0.0030401685996741,
2,26.601,0.006280816115532,0.0119289704045539,-0.0033585126802832,
2,26.652,0.0063847539236521,0.0126450011885433,-0.0036945495056569,
2,26.703,0.0065410061753336,0.0130925801856444,-0.0040149385984698,
2,26.755,0.0063165907802087,0.0133320316458599,-0.0042995540288427,
2,26.805,0.0056652280143477,0.0138204315366242,-0.0047391954784963,
2,26.856,0.0047923681217623,0.0146300936876693,-0.0054437788398944,
2,26.908,0.0038475705635134,0.0155807549196134,-0.006261681483016,
2,26.958,0.003133368187375,0.0163446425651194,-0.0070865566706515,
2,27.01,0.0028252663912212,0.0165257096330717,-0.0076488049750407,
2,27.06,0.0026015350550171,0.016117604427087,-0.0075957824597006,
2,27.111,0.0022490543002788,0.0153644171811937,-0.006951580884398,
2,27.162,0.0018423159073467,0.0144504171774393,-0.0059799766526564,
2,27.213,0.0016342876536867,0.0135067044488958,-0.0048764445555227,
2,27.264,0.0017712477389824,0.0126197471294686,-0.0039777845287235,
2,27.315,0.0019176304925943,0.012041275986957,-0.0036843793019673,
2,27.367,0.001857463399969,0.0119079571738155,-0.004003559085487,
2,27.418,0.0016696586766384,0.012070847453629,-0.0044891467348036,
2,27.469,0.0014150803661944,0.0126114600062926,-0.0046407840764108,
2,27.519,0.0011381278700469,0.0135517296971543,-0.0047668939775173,
2,27.571,0.001069907864024,0.0146727849885729,-0.0052681682816994,
2,27.621,0.0011410391108642,0.0156188954943843,-0.0057689520967811,
2,27.672,0.0008941619674408,0.0161759669046198,-0.0060283579825739,
2,27.723,0.000663995805132,0.0164387760174346,-0.0059112831335866,
2,27.775,0.0008647046122604,0.0162909135316192,-0.0055621568142614,
2,27.825,0.0013256321103658,0.0156907108341671,-0.0052930841091648,
2,27.876,0.0017155897087463,0.0148486154069987,-0.0048961357990381,
2,27.927,0.0016270366974869,0.0139190301467969,-0.0042482288493925,
2,27.979,0.0010378702851038,0.0130080099500297,-0.0036922514544301,
2,28.03,-2.5869179952129403e-05,0.0123829155474847,-0.0036415641211149,
2,28.08,-0.0009068556168091,0.0119914160904283,-0.0041198508906221,
2,28.131,-0.0005956921490614,0.0113795163065163,-0.0048989735824209,
2,28.183,0.0006558953105497,0.010876252117825,-0.0054067809210452,
2,28.233,0.0022092471341789,0.010884757801208,-0.005298118507657,
2,28.284,0.0036305162110647,0.0112208045881823,-0.0050036451541764,
2,28.335,0.0046520646937888,0.0119407582194862,-0.0048144913881491,
2,28.387,0.0053351872321737,0.0128490947280047,-0.0047080798784466,
2,28.437,0.0055455485163417,0.0134036137566606,-0.0046632836470987,
2,28.488,0.0050341372814174,0.0134858313113137,-0.0046616031056516,
2,28.539,0.0039000659107421,0.0132585327683646,-0.0046877098819497,
2,28.591,0.0026585880396105,0.0128509852790859,-0.0047295408494938,
2,28.641,0.0016487907155593,0.0123605745516932,-0.0047780961248258,
2,28.693,0.0008687025819348,0.0118564157507471,-0.0048270634319218,
2,28.743,0.0007002732828202,0.0113839404236893,-0.0046715276272647,
2,28.794,0.0013393301380126,0.0109697409201944,-0.0043973281670404,
2,28.846,0.0020432645191893,0.010626190785954,-0.0042698846364372,
2,28.897,0.0021297577484733,0.0103555503050899,-0.0042468012270713,
2,28.947,0.0016124721891188,0.0103542456850549,-0.0042925037121678,
2,28.998,0.001151174826267,0.0107266184939031,-0.0041778170419709,
2,29.05,0.0011645105049274,0.0111079022438757,-0.0039694777176303,
2,29.1,0.0012803478578941,0.0112634375402643,-0.0041194780500442,
2,29.151,0.001251785546066,0.0114625276855128,-0.0046880836820644,
2,29.202,0.0011329067965261,0.0120752255106826,-0.005278650752105,
2,29.254,0.000965653402287,0.0129039711199093,-0.0054341932154825,
2,29.305,0.0005799772438585,0.0136038696479733,-0.0052982367136727,
2,29.355,-0.0001156356448552,0.0141649066303715,-0.0051870824143466,
2,29.407,-0.0007533122848551,0.0145918145036298,-0.0051007644554403,
2,29.457,-0.0007001036834151,0.0150992371345614,-0.0050373095421557,
2,29.509,0.0003944317659943,0.0154167013567509,-0.0047927817755847,
2,29.56,0.0020688959687557,0.0149843314942891,-0.0044517664181645,
2,29.611,0.003378281895684,0.0141057881563753,-0.0042770971959361,
2,29.661,0.0037458358370283,0.0134133345131013,-0.0042231461067342,
2,29.712,0.0032789838495101,0.0130966906359601,-0.0044517855112506,
2,29.763,0.0023144881726704,0.0128456763736561,-0.0050441310242225,
2,29.814,0.0017108101942584,0.0126569186105369,-0.005621321187702,
2,29.865,0.0017887060550697,0.0127240863692052,-0.0059415901046196,
2,29.916,0.0018958053904878,0.0129499965362943,-0.0060713538739458,
2,29.967,0.0020130307588422,0.0132595682452977,-0.006068512500991,
2,30.018,0.0021273333542905,0.0133970937900411,-0.006181686529049,
2,30.069,0.0022305791016027,0.0132123957039192,-0.0063601755514735,
2,30.12,0.0027201067452961,0.0130367100889159,-0.0061645484935628,
2,30.172,0.0036188850825112,0.0132825853811324,-0.00574469691099,
2,30.223,0.0045071013501954,0.013779077396072,-0.0054156003715593,
2,30.273,0.005116356474683,0.0139947505977659,-0.0049703135274213,
2,30.325,0.0052969222117332,0.013812160791019,-0.0044862792865389,
2,30.375,0.004786374568695,0.0133888124626059,-0.0044179458008639,
2,30.426,0.0038735943561772,0.0130458959786258,-0.0048225457550474,
2,30.477,0.0029770021169602,0.0129829459058469,-0.0054979593831344,
2,30.528,0.0021628184181265,0.013104609718792,-0.0060919678066647,
2,30.58,0.0014668937588571,0.0135357359116098,-0.0061843808124905,
2,30.631,0.0009027207538506,0.0141307024179913,-0.0059476709689734,
2,30.681,0.0004683688457511,0.014582118786446,-0.0057197270567424,
2,30.733,0.0001521708904409,0.0149052052133557,-0.005314883056052,end
3,35.272,-0.008615916596013,0.0156576384037478,-0.0044720419169651,start
3,35.323,-0.0080652837486218,0.0157035324801713,-0.0046924847365771,
3,35.373,-0.007465889668716,0.015877283172373,-0.0046577361881545,
3,35.424,-0.006080039276466,0.0157174095957967,-0.004462111734547,
3,35.475,-0.005305292357069,0.0151555751235938,-0.003777357150089,
3,35.526,-0.0055872166592329,0.0145819101767513,-0.0030347405661076,
3,35.578,-0.0039133531959315,0.014046742228158,-0.0039213403061943,
3,35.628,0.0018928953461447,0.0137800899384438,-0.008794121649425,
3,36.24,-0.002624530628141,0.0188117436246109,-0.0065953328605616,
3,36.291,-0.0040059976211027,0.0182313461832836,-0.0045863937050888,
3,36.342,-0.0055743562213292,0.0173986885093079,-0.0031303502579016,
3,36.393,-0.006534085397982,0.0162702999653155,-0.0023467099905598,
3,36.444,-0.0068255371344874,0.0152437249871388,-0.0022581027282882,
3,36.495,-0.0058616401572623,0.0145657502738984,-0.0026223740809786,
3,36.546,-0.0043708901887691,0.0143666485884215,-0.0028461693396814,
3,36.597,-0.0032645003172505,0.0146915010392126,-0.0029618917914766,
3,36.648,-0.0018909995471532,0.015125462103434,-0.003199838852768,
3,36.7,-0.0004565248636949,0.0151928712386365,-0.0032962260884389,
3,36.75,0.0002993182481105,0.0150197765211663,-0.0028924132805777,
3,36.802,0.0007600341192097,0.0149071732414704,-0.00220023608642,
3,36.853,0.0036052963028648,0.0144407447384656,-0.0029853901852288,
3,36.904,0.0089563231032582,0.0133831923895456,-0.0054582934564083,
3,36.954,0.0114678862722599,0.012232312350214,-0.0068066438171217,
3,37.006,0.0093457549856199,0.0117165315982218,-0.0065221081637009,
3,37.056,0.0064306113430058,0.011850340860199,-0.0064181782216698,
3,37.107,0.0052493881443974,0.0117875153485193,-0.0070409300494224,
3,37.158,0.0060784438612323,0.0114027911575484,-0.0082805461930961,
3,37.209,0.0073268595137058,0.0112441902910742,-0.0092137055909416,
3,37.261,0.0065347725421387,0.0114441885789196,-0.0082686853130985,
3,37.311,0.0042968035074252,0.0118581084310259,-0.0063958420179685,
3,37.363,0.0015121332442871,0.0123759755925781,-0.005082558268029,
3,37.414,-0.0007969615221511,0.0127180738032017,-0.0040328158679485,
3,37.464,-0.0008080447342723,0.0129199603931132,-0.0034372592150602,
3,37.515,0.0012580966181707,0.0132165374513187,-0.0041850066958047,
3,37.566,0.0050929898185606,0.0133491856694502,-0.0061358825159957,
3,37.618,0.0095533708332587,0.0131652081276015,-0.0076974976598918,
3,37.668,0.0130524232915936,0.0129937753761572,-0.0084823426078347,
3,37.719,0.0146496669249194,0.0130449936874432,-0.0087059554838827,
3,37.77,0.0132922011869645,0.0132348950559848,-0.0077483230883071,
3,37.821,0.0101487779718506,0.0134984855821776,-0.0061100271468583,
3,37.872,0.0067149512189904,0.0135873279677389,-0.0045684638898262,
3,37.923,0.0027682239354603,0.0133561246924641,-0.0030119457468085,
3,37.975,-0.0005878976580896,0.0129382329999513,-0.0011692094448723,
3,38.025,-0.0020906225827676,0.0124341790904133,0.000307392615061,
3,38.485,0.0037858829427571,0.015504818938382,0.0003484603835186,
3,38.535,0.0043756800932252,0.0157064058528803,-0.0001031311375733,
3,38.587,0.0035990992486342,0.0159797795582678,-0.0003844751728516,
3,38.637,0.0022094088589546,0.0158755654648763,-0.0005340293808137,
3,38.688,0.0009398056712869,0.0153367230792821,-0.0003862121173634,
3,38.74,5.004587073042036e-05,0.0147632519000881,-5.9549875902727785e-05,
3,38.79,-0.0003237896482836,0.014615307727471,-4.6094352850413136e-05,
3,38.841,-0.0005375384898943,0.0149529944782564,-0.0002345953691325,
3,38.892,-0.0016356125884403,0.0153741801672032,-0.0003366449276187,
3,38.943,-0.0032126379565143,0.0156142490682778,-0.0003750507163251,
3,38.994,-0.0045684842387861,0.0157188728728789,-0.00057038686106,
3,39.045,-0.0062760581149759,0.0157282239640765,-0.0008506785021913,
3,39.096,-0.0082728713586108,0.0158765542041079,-0.000761272372345,
3,39.147,-0.0094914431715133,0.016302936708905,-0.0006427759680653,
3,39.199,-0.0093096619305281,0.0168733956785138,-0.0007159753535982,
3,39.249,-0.0084451988767122,0.0172895977106812,-0.0005045714574073,
3,39.301,-0.0074131757579816,0.017171764557238,-0.0001276196156623,
3,39.352,-0.0059549264128734,0.0165200594056691,-7.644250224963698e-05,
3,39.403,-0.0043404624406439,0.0157791420138148,-0.000639980057906,
3,39.453,-0.0031571727689054,0.015442195985058,-0.001753328544721,
3,39.504,-0.0023454751541412,0.0157930729637231,-0.0027281926679469,
3,39.555,-0.0016364715007049,0.0167577327792291,-0.003134258110055,
3,39.606,-0.001251121151191,0.0178377150426548,-0.0033437366559579,
3,39.657,-0.0017068038406297,0.0187040671653871,-0.0034103057567567,
3,39.708,-0.003066945106309,0.0191629765476156,-0.0033798719387884,
3,39.759,-0.004496230102655,0.0191228724663729,-0.0034905036592822,
3,39.81,-0.0056542074690607,0.0189667806881605,-0.0036827205506927,
3,39.861,-0.0067459905943011,0.0187488394150744,-0.0041126544242042,
3,39.913,-0.0071051122557491,0.0181070715390744,-0.0044596767175658,
3,39.963,-0.0063629899071565,0.0172450372548702,-0.0045248123835274,
3,40.014,-0.0049742002766283,0.0165118186252582,-0.004604760709527,
3,40.066,-0.003483069525228,0.0159201181049527,-0.0040852856650693,
3,40.116,-0.0024477571457717,0.0152658801374871,-0.0028214334376142,
3,40.167,-0.0013862874969115,0.0142224235718814,-0.0015833706954455,
3,40.218,8.353936222990144e-06,0.0132139991939898,-0.0008629732571848,
3,40.269,0.0015046392307086,0.0127107202965546,-0.0009341205894852,
3,40.32,0.0031467458494181,0.0123710137106226,-0.0015072108662923,
3,40.371,0.0041479581216979,0.011962670628814,-0.0021553510408122,
3,40.422,0.0046577009708764,0.0117439446940006,-0.0030003908940564,
3,40.473,0.0052129570529896,0.0120660683309678,-0.0041046613375795,
3,40.525,0.005351130162248,0.0127091893656218,-0.0050856461952514,
3,40.575,0.0052107065411107,0.0131048511243466,-0.0057079220871367,
3,40.627,0.004902885194105,0.0133100196168867,-0.0058493161995836,
3,40.679,0.0043115977570657,0.0135773667204598,-0.0050684363976418,
3,40.728,0.0035860090742024,0.0138631152533989,-0.003758785580293,
3,40.779,0.0036359097544042,0.0141377104023786,-0.0028177164103641,
3,40.831,0.0053841649697982,0.0141822594767227,-0.0025903043028355,
3,40.882,0.0074787181172171,0.0138748557102507,-0.0030396997075219,
3,40.933,0.0080204380246164,0.0133664212568691,-0.0032845641954294,
3,40.984,0.0071210603981631,0.0129707334188541,-0.0033785816531829,
3,41.035,0.0063738510487024,0.012879976425658,-0.0039708013551681,
3,41.085,0.0067884292500179,0.0129920781222753,-0.0044333014623938,
3,41.136,0.0077139835259898,0.0132252780341985,-0.0047754514730965,
3,41.188,0.0078887318356472,0.0135174107164415,-0.005012928669318,
3,41.238,0.0067645768247193,0.0140247056474102,-0.0049633627739574,
3,41.29,0.0050985090911292,0.0146292424593409,-0.0051353504615903,
3,41.34,0.0030178921331184,0.014845913654742,-0.005234781858383,
3,41.392,3.521193372365113e-05,0.0145955870374821,-0.0050788578424461,
3,41.442,-0.0026838979188092,0.0140658602586621,-0.0051733544671372,
3,41.493,-0.0040113627370747,0.0133994945426848,-0.0056217011694654,
3,41.544,-0.0039379867160229,0.0128998603549389,-0.0058593056091544,
3,41.595,-0.0027712401622767,0.0127481306890725,-0.0053401616203518,
3,41.647,-0.0013986548372431,0.0128317190927969,-0.0043773804970438,
3,41.698,-0.0004059863423396,0.0130595141565104,-0.0036090828674964,
3,41.75,6.2443756515082e-05,0.0131606631616107,-0.0034289048457087,
3,41.799,0.0001570221420887,0.012971628216805,-0.0034395589075902,
3,41.85,0.0002050660028183,0.0126116691810111,-0.0033709138865234,
3,41.901,-0.0003830956221323,0.0121710044721868,-0.0036585920801345,
3,41.952,-0.0019345405210722,0.011914812833231,-0.0041516885302162,
3,42.004,-0.0033766547222113,0.0121991813540082,-0.0047369181499689,
3,42.054,-0.0038294648628433,0.012807394656812,-0.0055350576538683,
3,42.105,-0.0036114075163204,0.0137752800838976,-0.0062047962740785,
3,42.156,-0.0027797719210525,0.0152977555049464,-0.0067383823678781,
3,42.207,-0.0012197578276531,0.0164511113829146,-0.0071417820111268,
3,42.258,0.001284582569445,0.0168734114920252,-0.007228446228423,
3,42.309,0.0043942194147222,0.0171945903407812,-0.0073058433121401,
3,42.36,0.0060355869287404,0.0174251135047541,-0.0069694120184952,
3,42.411,0.0058000862910673,0.0175789757819654,-0.005992930637883,
3,42.462,0.0051831065817322,0.0178721448477463,-0.0050860635909786,
3,42.514,0.0049735297661694,0.0180302735949153,-0.0046983628850373,
3,42.564,0.0048412437986974,0.0180890909963003,-0.0048756093060502,
3,42.615,0.0041666544583748,0.0182803235634681,-0.0049992793058996,
3,42.666,0.0031984501130904,0.018541118426656,-0.0048778194907247,
3,42.717,0.0021197145400057,0.0188255766210885,-0.0048097362347805,
3,42.77,0.0012575818130556,0.0191023598177842,-0.0051830227921511,
3,42.972,0.0018548191225517,0.0191510418140328,-0.0079002311632216,
3,43.023,0.0018092191445336,0.0187725486765287,-0.0075446386370061,
3,43.074,0.0016346326906345,0.0186284069352124,-0.0069113255358507,
3,43.125,0.0017930130076297,0.0184453125717806,-0.0059499384952736,
3,43.176,0.0023530524916845,0.0178502771770937,-0.0050562059342324,
3,43.227,0.002724039478269,0.0170388440218428,-0.0044784939643002,
3,43.278,0.0023414737188164,0.0161538090647734,-0.0039490382336234,
3,43.329,0.0011046812673989,0.0148910000899393,-0.003493064728171,
3,43.38,-0.0003797813114024,0.013487350984891,-0.0033216827469185,
3,43.432,-0.001100500866218,0.0125078011493962,-0.0033465916853523,
3,43.482,-0.0008718274494809,0.0122806059737412,-0.0034953910857681,
3,43.533,-0.0010567977957205,0.0125541859914077,-0.0037116942535096,
3,43.586,-0.001693033552867,0.0129261276638664,-0.0041547483395304,
3,43.635,-0.0021659107429035,0.0133312743726058,-0.0049084710626906,
3,43.688,-0.0022951961471289,0.0137251703446001,-0.0058008924381733,
3,43.738,-0.0017920651756357,0.0142810412677214,-0.006710577108765,
3,43.789,-0.0017270858643596,0.0148961400390525,-0.0073574218454341,
3,43.84,-0.0021491694629582,0.0152989780123559,-0.0073820631976955,
3,43.891,-0.0024480568598143,0.0155333208272507,-0.0068048402715985,
3,43.941,-0.0024430878681434,0.0154399397878274,-0.0060888147366638,
3,43.992,-0.0016411383237208,0.0149430405169429,-0.0055421224009925,
3,44.043,-0.0007941347707317,0.0142272618464996,-0.0051479498612267,
3,44.094,0.0002145551676336,0.0134286055153064,-0.0048832613719951,
3,44.145,0.0016475786741348,0.0126409542971587,-0.004722881020487,
3,44.197,0.002233461149226,0.011923635974594,-0.0046422827624545,end
4,50.317,0.003249304589652,0.0145477638780938,-0.008754407593616,start
4,50.369,0.0025553930383526,0.0147587238831045,-0.0084312683474346,
4,50.419,0.0023067355387372,0.0149134059526168,-0.0081492104842497,
4,50.47,0.002564451583498,0.0152204015910877,-0.0077153252582995,
4,50.52,0.0031262278576213,0.0156004217487411,-0.0072189208221433,
4,50.572,0.0036370505387522,0.0155950806478122,-0.0065214638257571,
4,50.622,0.0038733242444313,0.0153430165801136,-0.0055502569402901,
4,50.674,0.0035128675463304,0.0153546328487561,-0.0046823342097372,
4,50.725,0.0027986536205117,0.0157352613872301,-0.0043520434799964,
4,50.775,0.0021157658856924,0.0161211456485512,-0.004393097258757,
4,50.826,0.0015078279877228,0.0160777339457772,-0.0044681817613653,
4,50.878,0.0007959633834329,0.0155616463728932,-0.0045590601229983,
4,50.928,-0.0005278691924064,0.0147838665052689,-0.0048536009826166,
4,50.979,-0.0027403412807018,0.0139007316315551,-0.0054559332671752,
4,51.03,-0.0053450081440901,0.0130209724446888,-0.0060064469620304,
4,51.081,-0.0077911341668986,0.0122140523612075,-0.0064795020535519,
4,51.132,-0.0093365730383013,0.0115186704327834,-0.0068648767973493,
4,51.183,-0.0093768697420265,0.0109506861095587,-0.0067613918165567,
4,51.234,-0.008850271339073,0.0105100365835655,-0.0063526892063025,
4,51.285,-0.0082032310161041,0.0103872859833321,-0.0061827346069502,
4,51.337,-0.0073300904162085,0.0106791149844345,-0.0061795544529905,
4,51.387,-0.0067837497746615,0.0112133916164555,-0.0058819235075858,
4,51.438,-0.0064908922243457,0.0120610757734534,-0.0054193558185248,
4,51.489,-0.0061832990497853,0.0130416669254021,-0.0050889990148702,
4,51.54,-0.0054892978733463,0.0136270565894025,-0.0048699745717365,
4,51.591,-0.0042015575366142,0.0137111231371439,-0.0047399483010943,
4,51.642,-0.0016323020377499,0.0136677456320109,-0.0040749456388426,
4,51.694,0.0027574599255983,0.0137469500083642,-0.00251775604435,
4,51.745,0.0073596607660616,0.0138984097011682,-0.00091512273143,
4,51.795,0.0105233969457374,0.0140840431707955,0.0001862435861592,
4,51.897,0.0106097655824422,0.0144583370141694,0.0003345661273266,
4,51.948,0.0093833187319257,0.0146183557427823,-0.0007151448314257,
4,51.999,0.0084454416437324,0.014952476460671,-0.0019334294759402,
4,52.051,0.0071654811631814,0.0153714166830809,-0.0027602927783019,
4,52.101,0.0057689486297526,0.0156102674509859,-0.0030688589533114,
4,52.152,0.0046106743801229,0.0157144298611076,-0.003221059934991,
4,52.203,0.0034974219723361,0.0157238419587645,-0.0034615826832546,
4,52.254,0.0025024758123449,0.0156717296913987,-0.0037394287072414,
4,52.305,0.0016633330161303,0.0155843450367613,-0.0042197253940794,
4,52.357,0.0011923598486985,0.0154813582941513,-0.0047912802291538,
4,52.407,0.0009953477441223,0.0153766384100236,-0.0049737813279044,
4,52.458,0.0009898676530437,0.015279219483777,-0.0046912676137063,
4,52.509,0.0009068334924566,0.0151943090377314,-0.0041332112388005,
4,52.56,0.000379063020429,0.0151242420748142,-0.0034432657553801,
4,52.612,-0.0001907084840338,0.0148684900687103,-0.0029249923544546,
4,52.662,-0.0005408120419583,0.0143133604630517,-0.0027592894600127,
4,52.713,-0.0013244071604782,0.0138116537123246,-0.0030338533450366,
4,52.766,-0.0033272421274533,0.0137861809433831,-0.0039703936500159,
4,52.815,-0.0053486428123436,0.0140681878868574,-0.0048545907135653,
4,52.866,-0.00641622991078,0.0143239091670191,-0.0048308521247159,
4,52.917,-0.0071879915419301,0.0147430627764205,-0.0042267146117747,
4,52.968,-0.0073063594594879,0.0152333619008873,-0.0034997034699161,
4,53.019,-0.0059919951310281,0.0153282355733732,-0.0027522904592894,
4,53.07,-0.0036634995544902,0.014961047337814,-0.0022526686092707,
4,53.121,-0.0012733127650025,0.0143270124891148,-0.0021529380098982,
4,53.172,0.000763594142913,0.0137736030248824,-0.002317689983524,
4,53.224,0.0024102926712097,0.0135171937289338,-0.0026388331656766,
4,53.274,0.0034736118053614,0.0134718641942158,-0.0028336458906121,
4,53.325,0.0040773595602768,0.0135655524674823,-0.0027309527461798,
4,53.376,0.0047395266680739,0.0135400400667106,-0.0024457034506898,
4,53.427,0.0051851332856899,0.0132392939741493,-0.0022671202060921,
4,53.479,0.0052552177218059,0.0127861863049091,-0.0025729609189165,
4,53.529,0.005480497615123,0.0124725946676124,-0.0031649184385453,
4,53.58,0.0061888821510927,0.0124745074095873,-0.0034911561039373,
4,53.631,0.0069493659546446,0.0124777820576445,-0.0036207661309424,
4,53.684,0.0070796704397362,0.0122808334468042,-0.0040155240087152,
4,53.733,0.006594506983604,0.0119712929047104,-0.004749456256958,
4,53.784,0.0057535870769344,0.0118152414734318,-0.0056419591908082,
4,53.835,0.0049528898867644,0.0119710003268564,-0.0063636301713707,
4,53.887,0.0040414787195498,0.0121133928823427,-0.0065160961761798,
4,53.937,0.002931444131833,0.0122357740551063,-0.0062912535722766,
4,53.988,0.0021848623408231,0.0125363232491011,-0.006244153207972,
4,54.039,0.0017313570601224,0.012926996620213,-0.00631483183775,
4,54.09,0.0017030821550695,0.0133440871264221,-0.0060537030362118,
4,54.141,0.0023514681377693,0.0135437803227767,-0.0056007464089825,
4,54.192,0.0029800772194193,0.013387169718592,-0.0052619819404638,
4,54.244,0.0033446703555859,0.0130146241959759,-0.0046220015999296,
4,54.295,0.0035106474301016,0.0127343500086258,-0.0036394141774802,
4,54.345,0.0035359082749435,0.0129374368912023,-0.0029176971369948,
4,54.397,0.0036697249139709,0.0136350471226393,-0.0024212677458475,
4,54.447,0.0036615803690014,0.014392945563634,-0.0019083731712235,
4,54.499,0.003563043079827,0.014726958023467,-0.0014261212228045,
4,54.549,0.0032136144510862,0.0147622781799854,-0.001203096594171,
4,54.6,0.0025305134317454,0.0148040278335488,-0.0015659114576594,
4,54.651,0.002089954292725,0.014846547160712,-0.0022753092063327,
4,54.702,0.0016395077470159,0.0148861443944584,-0.0029491663885735,
4,54.754,0.0012189058283979,0.0147198529005729,-0.0035460962933534,
4,54.804,0.0016545678381904,0.0144348731259996,-0.0038449016687974,
4,54.855,0.0028052314534741,0.0144983331633067,-0.0037276666928266,
4,54.906,0.0041211920004021,0.0147801676453719,-0.0033530214890994,
4,54.957,0.0052366166661064,0.0147777488624433,-0.0030442160418642,
4,55.009,0.0059329877550271,0.0143923844643781,-0.0032041117457449,
4,55.059,0.0063046562873607,0.0139932086190217,-0.0038525983339325,
4,55.11,0.0062373852599595,0.0138180756140514,-0.004762348264395,
4,55.161,0.0058940037853487,0.0135998682143559,-0.0055657428239195,
4,55.212,0.0054011234734767,0.0133715643412602,-0.0060355530805452,
4,55.263,0.0046511229786783,0.013556792831277,-0.0062536770469164,
4,55.314,0.0041981355068199,0.0141931945481429,-0.0060920253148629,
4,55.366,0.0039720278460208,0.015067832554677,-0.0054989562421814,
4,55.416,0.0035079266009492,0.0158241674170824,-0.0046768402865095,
4,55.467,0.0031293043200531,0.0162430357222792,-0.0039747018368821,
4,55.518,0.0028359201430144,0.0166126538464231,-0.0036067500135731,
4,55.569,0.0026207721216988,0.016920992587574,-0.0034826881409617,
4,55.62,0.002874751875922,0.0167635924722821,-0.0037258454387502,
4,55.671,0.0034092043775327,0.0161193008656565,-0.0041849856486744,
4,55.722,0.0038797704315553,0.0154153324833022,-0.0043440951974822,
4,55.773,0.004271560613816,0.0149304761821639,-0.0042979977993848,
4,55.824,0.0045813539077411,0.014424264281046,-0.004525661085144,
4,55.876,0.0046128379476893,0.0137441880320453,-0.0051114458822227,
4,55.928,0.0040616313863246,0.0130072364957974,-0.0056790206848687,
4,55.977,0.0033818292987313,0.0124938434306605,-0.0057876539193068,
4,56.028,0.0030758304392342,0.0123659062328796,-0.0055932173892577,
4,56.079,0.0028333191471953,0.0122946257308879,-0.0056216936705482,
4,56.13,0.0024501738202769,0.0120645746417562,-0.0057908478279758,
4,56.181,0.0018067783738023,0.0117511765928497,-0.0058358035628712,
4,56.232,0.000847323641044,0.0114095001934326,-0.005998326654261,
4,56.283,-3.6926224886391686e-05,0.0110771354785583,-0.0062231957079357,
4,56.334,-0.0004002411692927,0.0107774428351653,-0.0060683186194932,
4,56.385,-0.0001994336975358,0.0105227798227251,-0.0054814989158292,
4,56.436,0.0003470429940269,0.0105182882504948,-0.0048656270656982,
4,56.488,0.0010713148066953,0.0108754389954115,-0.0044814313504164,
4,56.54,0.0016505988757752,0.0112350047851283,-0.0042766852525442,
4,56.59,0.0018895252819635,0.0113664006471029,-0.0044043110613692,
4,56.64,0.0020918026477751,0.0115417375461051,-0.0047348514806654,
4,56.691,0.0022543254540409,0.0121328379879147,-0.0049681443855417,
4,56.742,0.00197662828139,0.0131439375279821,-0.0053211598763458,
4,56.793,0.0018405710347993,0.0143431790089601,-0.0057226006751685,
4,56.844,0.0022079520336057,0.0155667463928652,-0.005922016334867,
4,56.895,0.0024670336265289,0.0167076218277735,-0.0059758431104902,
4,56.947,0.0024350106519094,0.0175029785246758,-0.0059319721401397,
4,56.997,0.0020180261759418,0.0176111751790546,-0.0058289668770849,
4,57.048,0.0013876438556533,0.0172699688714185,-0.0054954768582221,
4,57.099,0.0006710392940258,0.0170696148782068,-0.0050409554945664,
4,57.15,-0.0002441303648366,0.0171765255190842,-0.0049469910778709,
4,57.201,-0.0010122976513245,0.0172710786480493,-0.0052926525562299,
4,57.252,-0.0014236415468336,0.0169484431762417,-0.0058925005952267,
4,57.304,-0.001372257876777,0.0161833279225236,-0.0064063500503994,
4,57.355,-0.0010282309989624,0.0153967255931165,-0.0064220975644686,
4,57.406,-0.0009258211312384,0.0148603666388506,-0.0059162879245324,
4,57.456,-0.0009865996438006,0.0143267555742869,-0.005116610241309,
4,57.507,-0.0007454894154232,0.0138377736973249,-0.0043935343691623,
4,57.558,7.153571313112556e-05,0.013818363736915,-0.0039785080302936,
4,57.609,0.0011922902913766,0.0141016737167365,-0.0035935565804778,
4,57.661,0.0022169744680821,0.0141547070129708,-0.0030579845341352,
4,57.711,0.0030977273173636,0.0138549580000642,-0.00266966974896,
4,57.762,0.0034137483513675,0.0135538650422476,-0.0028086606171473,
4,57.813,0.0033421907032454,0.0134769316387005,-0.0034755078151238,
4,57.864,0.0036303083117746,0.0133491099810825,-0.0044273263378742,
4,57.915,0.0039251250586858,0.0131989194197549,-0.0052846151250558,
4,57.966,0.003798887347007,0.0132472815110604,-0.0056107408332258,
4,58.017,0.0034127468231522,0.0134191005572809,-0.0053691718208018,
4,58.068,0.003292604547446,0.0136562960925556,-0.0047829170013197,
4,58.119,0.0037543794135655,0.0137155325454153,-0.0042235269443902,
4,58.17,0.0041506044485542,0.0134550423420648,-0.0039271380399106,
4,58.222,0.0040712915583502,0.013010421035915,-0.0038232352759371,
4,58.272,0.0036933631674907,0.0124834249326967,-0.004051964318642,
4,58.323,0.0035559448734051,0.0119459330482488,-0.00467648634189,
4,58.375,0.0037846510427873,0.0114448882623789,-0.0055046807855785,
4,58.426,0.0038281316302248,0.0110074695416343,-0.0061961354666509,
4,58.476,0.0039501582153069,0.0106459968559118,-0.0065435112864896,
4,58.527,0.0043135912343616,0.0103622706289154,-0.006843139352793,
4,58.578,0.0046018211527804,0.0103520335785914,-0.0072889078196144,
4,58.63,0.0048186649396671,0.0109196889213483,-0.0075917598771336,
4,58.68,0.0043698043422038,0.0120132083758294,-0.0075777894657589,
4,58.731,0.0033292180841689,0.0133561453833502,-0.0073617467681828,
4,58.783,0.0027960561830715,0.0145503302870826,-0.0068326265013021,
4,58.833,0.0028319960708445,0.0153523461367272,-0.0061452195168054,
4,58.884,0.003430876746245,0.0158384150503672,-0.0056123505411978,
4,58.935,0.0049451911704186,0.0158819696562858,-0.0050205683093774,
4,58.986,0.006724136661076,0.0154373844824021,-0.0042377082300149,
4,59.037,0.0081282275315257,0.0147154451762411,-0.0031943562842384,
4,59.089,0.0089782756781687,0.0138736202547608,-0.0020677535534423,
4,59.139,0.0088021993941174,0.013022533220061,-0.0015807626685088,
4,59.191,0.007781327790079,0.0124347103386238,-0.0019447767998374,
4,59.242,0.0058989882474109,0.0124646214853407,-0.0028253417917604,
4,59.292,0.0030128588029945,0.012888314435149,-0.0039664586380672,
4,59.343,0.0003173008989229,0.0133296895727949,-0.0051830109498234,
4,59.394,-0.0016378228442063,0.0139477816714877,-0.0063502140541498,
4,59.445,-0.0029610061399588,0.0146295579866672,-0.0071911678462194,
4,59.496,-0.0031700965955509,0.0148957415088731,-0.007554490754726,
4,59.547,-0.0026478649343445,0.0146731668545231,-0.0075822973742779,
4,59.598,-0.0025018860087273,0.0141550065844953,-0.0073926863038433,
4,59.65,-0.0026089443462899,0.0134888976337202,-0.0072796998329471,
4,59.701,-0.0022671871879326,0.0127814124072502,-0.0074257669168554,
4,59.752,-0.0014642024011027,0.0121042251804621,-0.0077262443220046,
4,59.804,-0.0004299151134229,0.0117017040725362,-0.0079007809782461,
4,59.854,0.0002679631988616,0.0117085100722681,-0.0077796905519427,
4,59.904,0.0004931884606582,0.0117764582369002,-0.0076795605103908,
4,59.957,0.0007988511477733,0.0116773278560704,-0.0078017508923936,
4,60.006,0.0011315475593949,0.0116798385354811,-0.0080567108435439,
4,60.059,0.0012540217815402,0.0119481688292792,-0.0083763409464616,
4,60.108,0.001432664556471,0.0123654270400815,-0.0085109367022306,
4,60.159,0.0020346474377881,0.0128446806027852,-0.0081143805405122,
4,60.21,0.0028597807783819,0.0131243612261502,-0.0072081923533789,
4,60.261,0.0035609125355356,0.0130527440694726,-0.0062487817730733,
4,60.313,0.0039253576892358,0.0127615747954013,-0.0057339770139735,
4,60.364,0.0038437575753262,0.0123529860690448,-0.0055456769308181,
4,60.414,0.004085141829589,0.0121027471990366,-0.0053810742657438,
4,60.465,0.0045142813722686,0.0121750024634099,-0.0052448930781858,
4,60.516,0.0040251955144873,0.0122474516656876,-0.0049370462995954,
4,60.567,0.0027856606884912,0.0121133714994399,-0.0045438319277337,
4,60.618,0.0013652340422992,0.0118576045290089,-0.00432828884617,
4,60.669,0.0001437335950151,0.0117451738414616,-0.0040431771862731,
4,60.72,-0.0006512242129187,0.0119345377014377,-0.0035355179627888,
4,60.771,-0.0013095901856408,0.0121014120485052,-0.002925909540176,
4,60.822,-0.0022291312680271,0.0120396234621746,-0.0022998877971077,
4,60.873,-0.0030414738342213,0.0120369788985223,-0.0017136298397895,
4,60.924,-0.003318138865013,0.0124741462030204,-0.0014008042347501,
4,60.976,-0.0034298544804046,0.0131582683624568,-0.001489308908977,
4,61.026,-0.0034268050323551,0.0137449838406224,-0.0018280974881739,
4,61.078,-0.00314956215143,0.0142220945082172,-0.0025010236308764,
4,61.128,-0.0027187367711158,0.0143897483545242,-0.0035350245826118,
4,61.179,-0.0020231870573861,0.0141446297229592,-0.0045167028864023,
4,61.23,-0.0010128982462928,0.0136544700561805,-0.004984295051208,
4,61.282,-8.274468473514016e-05,0.0130465291676713,-0.0050846139825587,
4,61.332,0.0005204578996077,0.0124118871078723,-0.0051421563493025,
4,61.383,0.0006646789641598,0.0120119368603983,-0.0049668076673538,
4,61.435,0.0005029457476082,0.0119954696114806,-0.0044553466642072,
4,61.485,0.0005596481828272,0.0122262726446253,-0.0039702405957345,
4,61.536,0.0009527232119785,0.0125971216467348,-0.0037418412108347,
4,61.587,0.0017307878992324,0.0128271641064825,-0.0034955955099982,
4,61.638,0.0022915943543754,0.0127475863108182,-0.0032576858167011,
4,61.69,0.0020655094170746,0.0124758258479762,-0.0032450681996699,
4,61.74,0.0017545799720073,0.0121026401948363,-0.0033779556191254,
4,61.791,0.0014142134102282,0.0116943846354824,-0.0037943212666737,
4,61.843,0.0008814764770719,0.0114972671760492,-0.0043590480177828,
4,61.893,0.0006698264239531,0.0116522322453724,-0.0045718926244187,
4,61.944,0.0006811085167502,0.011819723449847,-0.0045419585323079,
4,61.995,0.000834462154637,0.0117809595063717,-0.0045595563132491,
4,62.046,0.0012674478234424,0.0116130275483165,-0.004405391387766,
4,62.097,0.0016441590318427,0.011576577696699,-0.0041534507885592,
4,62.148,0.001753682357225,0.0118282158946936,-0.0040598745268846,
4,62.199,0.0016830459349574,0.0120435711830799,-0.0038745491261031,
4,62.25,0.0013017045941587,0.0122183561356522,-0.0034444344492866,
4,62.302,0.000751726646186,0.0127547474718445,-0.0030927100505834,
4,62.352,0.0005394422948392,0.013680799100824,-0.003020350271667,
4,62.403,0.0005607917880073,0.014581533368676,-0.0029321406772562,
4,62.454,0.0003286003167094,0.0149920038944352,-0.0028408519614234,
4,62.505,-4.75472973133192e-05,0.0148542348410184,-0.0031565892962227,
4,62.556,-0.0004858041647315,0.0143759189553261,-0.0039088427969985,
4,62.607,-0.0011295218614669,0.0139184512617653,-0.0046797918283559,
4,62.658,-0.0014516327945167,0.0139127718632725,-0.00499913095081,
4,62.709,-0.0013407707929021,0.0143981374840845,-0.005003175746246,
4,62.76,-0.0011619605177677,0.0149586108268608,-0.005206348418971,
4,62.811,-0.0009539359613918,0.0151205625472267,-0.0055209104978293,
4,62.862,-0.0009447197692985,0.014813078014053,-0.0056808088271032,
4,62.913,-0.0014654173073205,0.0144300547704341,-0.0059295017919417,
4,62.964,-0.0020833127395298,0.0142301878976151,-0.0064159986216085,
4,63.016,-0.0021114075443637,0.0139630109871555,-0.0068150956953929,
4,63.067,-0.0019598095123813,0.0134732942711387,-0.0067244106403182,
4,63.118,-0.0017051435979094,0.0130810256035135,-0.0063268881080358,
4,63.169,-0.0010031658218227,0.0129836013474523,-0.005965342904798,
4,63.22,-0.0004723635117624,0.0128822687803904,-0.0056559159948166,
4,63.271,-9.398603745717497e-05,0.0125857363523663,-0.0054047725673704,
4,63.321,0.0005579044727318,0.0121878336699002,-0.0050103509064991,
4,63.373,0.0011320107118256,0.0117568819189581,-0.0045557227878574,
4,63.423,0.0014092762914841,0.0115401875989786,-0.0042998366713756,
4,63.474,0.0014738889536771,0.0116791490725046,-0.0039911366056939,
4,63.526,0.0015977594369637,0.0120350476799258,-0.0034725295218951,
4,63.576,0.0021513513814409,0.0125014886844859,-0.0028609597517703,
4,63.628,0.0027352402327697,0.0130013554046369,-0.0024397313924761,
4,63.679,0.0026891532719794,0.0134825037345959,-0.0025760848335613,
4,63.73,0.0024435663359147,0.0139129946850107,-0.0030590904758998,
4,63.781,0.0018889249770823,0.0142764136186238,-0.0033239532138602,
4,63.831,-0.003036879418954,0.013563452831703,-0.0036284659794603,
4,63.882,-0.0137846011763839,0.0112132605857401,-0.0041347794421512,
4,64.239,-0.0107394826628492,0.0119216103534121,-0.0033691880739921,
4,64.291,-0.0073227227139948,0.0131366787721408,-0.0031396030897356,
4,64.341,-0.0053464534194299,0.0140656518168683,-0.0027401432206571,
4,64.392,-0.0048544728876197,0.0145356758767805,-0.0024646574828784,
4,64.443,-0.0041489638023544,0.0146735936393147,-0.0024916471236484,
4,64.495,-0.0023590155601739,0.0149891024171401,-0.0029112952980293,
4,64.545,-0.0008206879588993,0.0153931635532726,-0.0039507311473793,
4,64.596,0.0004326831750274,0.0152190572836486,-0.0051033336391256,
4,64.647,0.0018042767089445,0.0142864617072433,-0.0058342558709775,
4,64.698,0.0029406738478973,0.0133439937901558,-0.0062360153060524,
4,64.749,0.0034332693892391,0.0130734069099596,-0.0061935572930872,
4,64.8,0.0030717225691368,0.0134563028027348,-0.0056687768801292,
4,64.851,0.0027939155065552,0.0140267178686567,-0.0050776493372359,
4,64.903,0.0025921322694327,0.0142699079162384,-0.004893124593953,
4,64.953,0.0018528160088344,0.0140828617408658,-0.0047833650374368,
4,65.004,0.0012298112630742,0.0138357426246852,-0.0041278726467108,
4,65.056,0.0005306175588364,0.0139716148809985,-0.0033758652922681,
4,65.106,-0.0003621050556964,0.0145430378099915,-0.0030240365831092,
4,65.157,-0.0007047312691189,0.0151470637948684,-0.0029571266819291,
4,65.209,-0.0010686952709094,0.0153218089898395,-0.0032791586561308,
4,65.259,-0.001818773118972,0.015207196403421,-0.0038247691568786,
4,65.31,-0.0023545620144253,0.0151170446403868,-0.0042691076532926,
4,65.361,-0.002308207272239,0.0150498230673053,-0.0046127999441339,
4,65.412,-0.001691383993972,0.015002707948522,-0.0046634989889151,
4,65.463,-0.0007582413922199,0.014771439400102,-0.0043213798792528,
4,65.514,0.0003028105181884,0.0142398087139096,-0.0039556435102866,
4,65.565,0.001159825631196,0.0135582480423464,-0.0038049747001757,
4,65.616,0.0012146334722096,0.0130361153281916,-0.0038043435468931,
4,65.667,0.0005497078862193,0.0128590103640577,-0.0038999899783124,
4,65.718,-0.0001217367544214,0.0129174169330241,-0.0038488669221301,
4,65.769,-0.0005425892724502,0.0133230108397132,-0.003707719921439,
4,65.82,-0.0005680819517019,0.0141195247722922,-0.0037210084083699,
4,65.871,-0.0003379620750813,0.0151027691427934,-0.0038322768226545,
4,65.922,3.760898097182933e-05,0.0159259522866892,-0.0039974462370869,
4,65.973,0.0008779617626943,0.0163795171090554,-0.0039830828543045,
4,66.024,0.0021497282262051,0.0165595902198758,-0.0036538960405231,
4,66.076,0.0033951834592318,0.0165497931043987,-0.0033500751071765,
4,66.126,0.0043228785575222,0.0164190094634608,-0.0032877632633848,
4,66.177,0.005173086401144,0.0160203035753754,-0.0033853493717855,
4,66.228,0.0061061311907301,0.0154817947664141,-0.003778480503443,
4,66.279,0.0066156815533462,0.015097717071846,-0.0045304119610468,
4,66.33,0.0062101882021166,0.0148435383009982,-0.0054520553021826,
4,66.381,0.0052504048424486,0.0148939231210068,-0.0062076711646468,
4,66.432,0.0044138967649216,0.0153364263370533,-0.0063944364986529,
4,66.483,0.004125318380558,0.0159948674740944,-0.0062013651653974,
4,66.536,0.0044121717040427,0.0167389058726596,-0.0059810287456879,
4,66.586,0.0044425341508411,0.0172772373703059,-0.0055600725526605,
4,66.639,0.003703455691979,0.0172387250863267,-0.004843431772253,
4,66.688,0.0019277668893804,0.0168333469808946,-0.0037938898063919,
4,66.738,-0.0011734409447047,0.0166269116546295,-0.0024143208374783,
4,66.79,-0.0036706397520156,0.0167654859059018,-0.0011347477498934,
4,66.84,-0.0041740122253746,0.0169133667753458,-0.0002229333665767,
4,66.891,-0.003358203459244,0.0166536693651402,0.000379769199776,
4,66.942,-0.0017618725189128,0.0159525997348612,0.000534971587379,
4,66.993,5.975071343158943e-06,0.0150247747030658,0.000189867446271,
4,67.045,0.0015409741555212,0.0142268887985597,-0.0004483856460316,
4,67.095,0.0028033237011986,0.0139781038016736,-0.0012233771883622,
4,67.146,0.0039902337920675,0.0141014712765958,-0.0016221410808303,
4,67.197,0.0050334120755776,0.0142527751196718,-0.0015467430516523,
4,67.248,0.0056997719644627,0.0144098412338638,-0.0017757984963957,
4,67.299,0.0060709277994034,0.0145579853247425,-0.0025833821392649,
4,67.352,0.0062229378270486,0.0146885063345135,-0.0034962960860758,
4,67.401,0.0062221868623072,0.0145964058938564,-0.0042025925915919,
4,67.452,0.0061235227277414,0.0141680919351939,-0.004719635439676,
4,67.503,0.0059699878626428,0.0135585548628753,-0.0050737643213614,
4,67.555,0.005592761901771,0.0128817562912749,-0.0052949596809749,
4,67.605,0.0051023751800653,0.0122161890261653,-0.0052122948770332,
4,67.656,0.0045788070935504,0.011611292299519,-0.0049413896397484,
4,67.708,0.0038751844691551,0.0110939001643902,-0.0047723525223111,
4,67.758,0.0035142753427801,0.0108750267908198,-0.0046822280171106,
4,67.809,0.0034021591251553,0.0110660253956508,-0.0044491205950352,
4,67.86,0.0028561123392259,0.0115045524450238,-0.003741369874315,
4,67.911,0.0022764630004142,0.0120666038468475,-0.0027860620097905,
4,67.962,0.0021234951621946,0.0126627262470282,-0.0021503934898925,
4,68.013,0.0028589695636249,0.013433645213715,-0.0019716252639878,
4,68.065,0.0047076655237882,0.0144555732931065,-0.002100251814903,
4,68.117,0.0061176474174929,0.0153555577765603,-0.0026165271181914,
4,68.166,0.0065304896757399,0.015904201022028,-0.0033399473624497,
4,68.217,0.0068731508140834,0.0161834366126778,-0.0039372718246697,
4,68.268,0.0071432740276101,0.0162674552277636,-0.0044057394209961,
4,68.319,0.0071443413428674,0.0162195216290726,-0.0045530971885822,
4,68.37,0.0067719298471741,0.0158899772914248,-0.0044826729139597,
4,68.421,0.006189904246479,0.015406294910824,-0.0044790648730548,
4,68.472,0.0057210321044106,0.0152642790508526,-0.0045185993728298,
4,68.523,0.0055632308852391,0.0155536338207587,-0.0043817938085379,
4,68.574,0.0062201131661233,0.0158955702814803,-0.0035403813706448,
4,68.625,0.0071458906792377,0.0160429274950764,-0.0023146618049635,
4,68.676,0.0073664190276427,0.0160536532940978,-0.0015434335351823,
4,68.727,0.0071169189337944,0.0157750550290218,-0.0011256493941622,
4,68.778,0.0063851749263063,0.01513244543801,-0.0007672755796226,
4,68.829,0.0052020929170515,0.0145088333322064,-0.0006766277342939,
4,68.88,0.003824585660117,0.014148335867967,-0.0013674693732844,
4,68.931,0.001629708776211,0.0137847137375753,-0.0027048564499295,
4,68.982,-0.0013147346270872,0.0132474649667863,-0.00394780219191,
4,69.033,-0.0041017090261837,0.0126420195369815,-0.0050303277037963,
4,69.084,-0.0057604685119699,0.0122423072582524,-0.0059230044320249,
4,69.135,-0.0059598907683742,0.0122074861792942,-0.0064213758829596,
4,69.186,-0.0052073445678616,0.0124094859303649,-0.0068276567893361,
4,69.237,-0.0035030392638343,0.0129479774012823,-0.0069414036758195,
4,69.289,-0.0011244008850808,0.0138598531256546,-0.0062558947705718,
4,69.339,0.001093970480605,0.0147371116255377,-0.0051128512377624,
4,69.39,0.0026296775872989,0.0151200277913773,-0.0039690254679947,
4,69.441,0.0034033545969759,0.014954302103953,-0.0029165854936547,
4,69.492,0.0036261502790293,0.0144500174383509,-0.0022081357423672,
4,69.543,0.0036785730814508,0.0139699420401642,-0.0019780505267092,
4,69.594,0.0036175156702575,0.0137447930673924,-0.0018724150280753,
4,69.645,0.0030869151914766,0.0137012285461582,-0.001855081612208,
4,69.696,0.0022977975176497,0.0137776231810275,-0.0020966069818882,
4,69.747,0.0018079393093165,0.0139248167596508,-0.0022839156070078,
4,69.798,0.0019510309366306,0.0141055927799508,-0.0024214050892483,
4,69.85,0.0022877372130661,0.0142933845872682,-0.0029175652927307,
4,69.9,0.0023199024502722,0.0144705900143146,-0.0038047349036001,
4,69.951,0.00235499953434,0.0144259366689643,-0.0048714095928419,
4,70.002,0.0025899911482656,0.0142425810165392,-0.0057666868136563,
4,70.053,0.003135141392059,0.0141858316761653,-0.0060784499743638,
4,70.105,0.0036345848879837,0.0142148403597462,-0.0059909304810396,
4,70.155,0.0036629249543497,0.0142965197159037,-0.0058551948429884,
4,70.206,0.0033868454559323,0.0144054179034538,-0.0056994398201135,
4,70.258,0.0027368707677501,0.0145230247619422,-0.0055433576742425,
4,70.309,0.0021001461972631,0.0146367691738039,-0.005198770691067,
4,70.359,0.0019247372106747,0.0149397325728056,-0.0047609677059621,
4,70.41,0.0020592848945533,0.0155405474171026,-0.0044993843798701,
4,70.461,0.0023818150844824,0.0160832905516926,-0.0043718336973756,
4,70.512,0.0027989981769556,0.0163443552151844,-0.0043404916449404,
4,70.563,0.0030425396362016,0.0166046263853507,-0.0041725373053124,
4,70.614,0.0027534839269979,0.0168434801631271,-0.0037296251631369,
4,70.666,0.0023469007061915,0.0166477426011269,-0.0033467827328953,
4,70.716,0.0020984369285196,0.0159881698353416,-0.0034348884739976,
4,70.768,0.0017705095987625,0.0150841014120893,-0.0038179597099093,
4,70.818,0.0014179617354242,0.0140958522694291,-0.0041586004252769,
4,70.869,0.0010779448454788,0.0131330031681042,-0.0044446634129819,
4,70.92,0.0009741131042297,0.0122637934242966,-0.0044719088052388,
4,70.971,0.0012309338902721,0.0117252997102451,-0.0043309724178881,
4,71.022,0.001899262082117,0.0116430039506333,-0.0042943279511089,
4,71.073,0.0027778220640207,0.0116590688984167,-0.0041266813892419,
4,71.125,0.0033189694513963,0.011536093428654,-0.0038884840609518,
4,71.175,0.003198577197808,0.0113338232185045,-0.0040258414174713,
4,71.226,0.0028644106602033,0.0110969462709409,-0.0043930269567025,
4,71.277,0.0030224853786098,0.0108569033844362,-0.0044764485574635,
4,71.328,0.0028810601273035,0.0106341134942852,-0.0043711761738251,
4,71.379,0.0021572439785773,0.0104402863231135,-0.0041533415081278,
4,71.432,0.0017205581562312,0.0102806052440451,-0.0034791469513155,
4,71.481,0.0011014369830751,0.0101556515476044,-0.0027672593150543,
4,71.686,0.0004014133719513,0.010135112384894,-0.0026475843255002,
4,71.736,0.0014579507083423,0.0108408031602711,-0.0021819029644938,
4,71.787,0.0030226086040616,0.0118283553624376,-0.0019087913435634,
4,71.839,0.0043857887047298,0.0125156790253508,-0.0019819582793482,
4,71.889,0.005108574423207,0.0127544019076701,-0.0024721674024464,
4,71.94,0.0051617446848254,0.0126862365537252,-0.0031904669777246,
4,71.991,0.0047811846920754,0.0124267239163287,-0.0037965155678628,
4,72.042,0.0041530228353982,0.0118645042974068,-0.0042818858344914,
4,72.093,0.0034165235592698,0.0111533081388396,-0.0044500337430899,
4,72.144,0.0028705411049906,0.0110061994641241,-0.0042003890451485,
4,72.195,0.0026914412239558,0.0116343542252281,-0.0037028472393334,
4,72.246,0.0027620297590913,0.0125084298808599,-0.0032871191536242,
4,72.297,0.0027862520669076,0.0130683424454622,-0.0031580929552636,
4,72.348,0.0023771241503837,0.013180952657914,-0.0032233085745543,
4,72.399,0.00152209940736,0.0131984721062277,-0.003608696141502,
4,72.45,0.00065061880241,0.0133544312044087,-0.0041684669619587,
4,72.501,0.0004410942263152,0.0135866500506328,-0.0045942767665452,
4,72.552,0.0006729480020787,0.0140499569152798,-0.0048999636916982,
4,72.603,0.0005667538792012,0.0146242533914447,-0.0051040527343064,
4,72.655,0.0002522831581552,0.0148219306900885,-0.0052265866392797,
4,72.705,-0.0001705035576674,0.0147621825981575,-0.0052869714584641,
4,72.756,-0.0008296286383003,0.0147429677627765,-0.0055034795999381,
4,72.807,-0.0013865462372766,0.0145504589324371,-0.00600355848132,
4,72.858,-0.0016323401361317,0.0142622726327511,-0.0066453328249469,
4,72.909,-0.0016588488964913,0.014136708099813,-0.0073264278162093,
4,72.96,-0.0015425892555039,0.013924694665126,-0.0077771927908941,
4,73.011,-0.0011432707645656,0.01347343521195,-0.0076423564328213,
4,73.062,-0.0005944906817708,0.0131058198467339,-0.007142775630778,
4,73.114,-0.000395605892511,0.0132230488723312,-0.0068510657853855,
4,73.164,-0.0002362704359884,0.013842649835834,-0.0069169420152556,
4,73.217,8.57336819134471e-05,0.0145338394681316,-0.0072068645588573,
4,73.266,8.453057904844638e-05,0.0148137496357455,-0.007416355413011,
4,73.317,7.696833309399909e-05,0.0148073989332276,-0.0073565984981612,
4,73.368,0.0004676024536225,0.0148187982109282,-0.0073297932480483,
4,73.42,0.0010822394348662,0.0146398320666554,-0.0075271086129862,
4,73.47,0.0017911650786245,0.0141523180805611,-0.0078523130526755,
4,73.522,0.0021019451383778,0.0135060801479517,-0.0082334145485758,
4,73.572,0.0019315742216163,0.0130107925543287,-0.0084189168491708,
4,73.623,0.0018679701829246,0.0130537726712778,-0.0082632356073085,
4,73.674,0.0018779507783382,0.0134385188706862,-0.0081020758445406,
4,73.725,0.0017334895605856,0.013609881967163,-0.0079503489456832,
4,73.777,0.0017024155738445,0.0134297916358939,-0.0074151932644217,
4,73.827,0.0019473925986918,0.0130387633880143,-0.0064762821969097,
4,73.879,0.0019480682005402,0.0125438624358742,-0.0053538479682315,
4,73.929,0.0015911727799207,0.0122229333276962,-0.0042038799056155,
4,73.98,0.0012344529345209,0.0122401963312631,-0.0031286338922095,
4,74.031,0.0009065022347948,0.0122721389133688,-0.0021876892150261,
4,74.083,0.0010250153973381,0.0123109302075346,-0.0014084682501024,
4,74.133,0.0014203482719647,0.0125518313503901,-0.0009964002103944,
4,74.184,0.0015597941248538,0.01270216987705,-0.0010537427719331,end
5,75.663,0.0007765774859799,0.0119955206332551,-0.0026969880974188,start
5,75.714,0.0007420784798761,0.0120002294660617,-0.0026823394131157,
5,75.765,0.0006603387556952,0.0118425641249078,-0.0028591301561881,
5,75.816,0.000554867559364,0.0115934256602763,-0.0029436650023244,
5,75.867,0.0002418153575964,0.0113056349226567,-0.0029622404101945,
5,75.918,-0.0001792206740442,0.0110161737166651,-0.0031378540596982,
5,75.969,-0.0004348553632606,0.0109497282297225,-0.0034000767745233,
5,76.021,-0.0007647072831009,0.0114333193245045,-0.0036967810880376,
5,76.071,-0.0009148267355571,0.0122308286800031,-0.0037909312874928,
5,76.122,-0.0007367812226078,0.012763935995843,-0.0037476096828618,
5,76.173,-0.0005634032724955,0.0130846423004464,-0.0038204341553733,
5,76.224,-5.279610715183192e-06,0.013444195097634,-0.0037610651954434,
5,76.275,0.0007547652988863,0.0135989443758843,-0.0034208494327558,
5,76.326,0.0011815883610012,0.0134090774013188,-0.0031286765069341,
5,76.377,0.0015612445600075,0.0132142765900475,-0.0032924545024223,
5,76.428,0.0020809847775224,0.0132327941342784,-0.0037355004691522,
5,76.479,0.0028496492202602,0.0131858024998238,-0.0039203966510377,
5,76.531,0.0037162121217055,0.0128997377979132,-0.0039248747209151,
5,76.581,0.0041742810407957,0.0126841574400575,-0.0040141152739472,
5,76.632,0.0039318961425083,0.0127319342968537,-0.0041505493733214,
5,76.683,0.0030589120735434,0.0129447776280033,-0.004507124558298,
5,76.734,0.0018516220893219,0.0134472218102936,-0.0051770763035934,
5,76.785,0.0005269102765491,0.0140950388631318,-0.0059941930445959,
5,76.836,-0.0003650242088695,0.0143823823320399,-0.0068400524650706,
5,76.887,-0.0007069104487912,0.014415452217751,-0.0076363952314033,
5,76.938,-0.0008693911507487,0.0146844540426599,-0.0081361737882379,
5,76.989,-0.0005020898863746,0.0152839949873441,-0.0080039341800615,
5,77.041,0.0001754812746831,0.0158465308493909,-0.0072761383596052,
5,77.091,0.0007967792182564,0.0157376420244041,-0.0062248480044768,
5,77.142,0.0017337425436287,0.0148052140487266,-0.00525137138169,
5,77.193,0.0027978888391944,0.0136203467953364,-0.0046068371189991,
5,77.244,0.0034564502607536,0.0125695953673407,-0.0040242145581111,
5,77.295,0.0034003173691689,0.0118901034860639,-0.003327269594261,
5,77.346,0.0028903235301359,0.0117041390771344,-0.0026129917833854,
5,77.397,0.0023310485008539,0.0116488047808522,-0.0019449779339719,
5,77.448,0.0015842617482224,0.011681695503835,-0.0015611330683998,
5,77.499,0.0005763723731812,0.0121701945642492,-0.0015912096603456,
5,77.55,-0.0007188419829065,0.0129116559117948,-0.0018843392589417,
5,77.601,-0.0018934499482794,0.0133541235428004,-0.0025234638480406,
5,77.652,-0.0024946791835306,0.0133684524814562,-0.0035339834210449,
5,77.703,-0.0032823732291774,0.0131070429180188,-0.004500685546584,
5,77.754,-0.003925544922237,0.0128906216331023,-0.0047591257891556,
5,77.805,-0.0036210241506835,0.0129212731765753,-0.004341726128624,
5,77.856,-0.0031348298785372,0.0129070892582953,-0.0039260739779161,
5,77.907,-0.0027720103522143,0.0126644558352822,-0.0037457670273244,
5,77.958,-0.0023166303019647,0.012495631209612,-0.0037308837644116,
5,78.009,-0.0018384686734104,0.0127893735476184,-0.0036224572064203,
5,78.06,-0.0015849420793533,0.013557020235852,-0.0034627467930594,
5,78.111,-0.0012950185236053,0.0143661048360981,-0.0034838091462855,
5,78.162,-0.0006033749722349,0.0147351018264667,-0.0036191183796433,
5,78.213,8.951653942482213e-05,0.0147922051455615,-0.0040176638217428,
5,78.264,0.0009283797138778,0.0150463549828294,-0.0045530196759609,
5,78.315,0.0019943069112546,0.0154064641712369,-0.0049322784534625,
5,78.366,0.0031202323466921,0.0154039344232897,-0.0051809569600378,
5,78.417,0.004395021911561,0.0149681952035211,-0.0051250767479502,
5,78.468,0.005060376488481,0.0142896208628638,-0.004677522728486,
5,78.52,0.0048797514504574,0.0135098160701138,-0.0040147216741744,
5,78.57,0.0041710663198991,0.012727731390102,-0.0034679503621236,
5,78.621,0.0029798065113523,0.0120070120710116,-0.003240352591934,
5,78.672,0.0019764120270023,0.0115843810543916,-0.0032357409806056,
5,78.723,0.0015757787214949,0.0115877144975023,-0.0035753460075752,
5,78.775,0.0015939114856466,0.0118639731149929,-0.0041084332573258,
5,78.825,0.0014774965336516,0.0122930799016253,-0.0045219522281444,
5,78.876,0.0010833075574738,0.012785744462778,-0.0048255664887321,
5,78.927,0.000743468004536,0.0132795944504462,-0.0050343028096301,
5,78.978,0.0002649523700428,0.0137345320338884,-0.0053662541622658,
5,79.029,-6.322890934258059e-05,0.0141279663758422,-0.0057505628635604,
5,79.08,0.0001330382308482,0.0144503495764118,-0.0059367445267533,
5,79.131,0.0006498943526675,0.0147012658594989,-0.005980900491716,
5,79.182,0.001330839869184,0.0148861897513812,-0.0057295871994881,
5,79.233,0.0020623216604185,0.0150139337451754,-0.005108129455946,
5,79.284,0.0025666188486612,0.0148939095504387,-0.0045000365070774,
5,79.335,0.0026838652475722,0.0144237871503816,-0.0043510326130691,
5,79.386,0.0025434572182771,0.0137668952879521,-0.0047092698448385,
5,79.438,0.0022490815882867,0.0132438225968474,-0.0051632148600119,
5,79.488,0.0022812741256248,0.013049428933024,-0.0052404079232484,
5,79.539,0.0027211591770184,0.0128806167292883,-0.0048689357009697,
5,79.59,0.0031863473045406,0.0127417725031229,-0.0042395529575007,
5,79.641,0.0038312270816129,0.0128341357785091,-0.0034953193994528,
5,79.692,0.0043387132936265,0.0128665308232865,-0.0029380466089152,
5,79.743,0.0041148128399855,0.0126570290893794,-0.0029471163581465,
5,79.794,0.003439823122054,0.0123092164840453,-0.0035195158176105,
5,79.846,0.0027305845273398,0.0121014726350367,-0.004206391167151,
5,79.896,0.002257189610346,0.0122010845366267,-0.0045098394186109,
5,79.947,0.0021739165071384,0.0122889836970152,-0.0043421654066862,
5,79.999,0.0023475382459258,0.0121614759732936,-0.003885806240435,
5,80.049,0.0030736395626302,0.012106893505693,-0.0032809593182997,
5,80.1,0.0038949106180149,0.0123043002175118,-0.0028303026485781,
5,80.152,0.0039079087617798,0.012647462212492,-0.0027155726006055,
5,80.203,0.0034014756446155,0.0132573708469781,-0.0028255062701446,
5,80.253,0.0026025880150425,0.0141901954323566,-0.0030706970081628,
5,80.304,0.0018811452990042,0.0152551856308814,-0.003182104398543,
5,80.355,0.0014681616442175,0.0161185524431167,-0.0031987598917587,
5,80.406,0.0010853514339947,0.0163815832299381,-0.0033541417722006,
5,80.458,0.0011543127897102,0.0160376237540814,-0.0033851800143892,
5,80.508,0.0017083122852664,0.0155328352508838,-0.0031331432078369,
5,80.559,0.0021272197289752,0.0151662838674483,-0.0029206364283176,
5,80.61,0.0024258333921341,0.014717003759473,-0.0029513873534292,
5,80.661,0.0032258087516061,0.0140499240277275,-0.0029348479976262,
5,80.712,0.0044839020714273,0.0132967469967409,-0.0028893076111388,
5,80.763,0.0057339094018645,0.0125488566490549,-0.0030296594415777,
5,80.814,0.0066774796982312,0.0118644375448532,-0.0032779585827821,
5,80.865,0.0067462148957627,0.0114765412321998,-0.0037763768237287,
5,80.916,0.0062483515207129,0.0115108149774093,-0.0045960033266877,
5,80.967,0.0056279280239676,0.0116122611542918,-0.0055557938077847,
5,81.018,0.0049787411722274,0.0115478052952789,-0.0063275417238112,
5,81.069,0.0047649256372577,0.0115829595283371,-0.0065150237581412,
5,81.12,0.0046466790524911,0.0120808420971807,-0.006312724889682,
5,81.171,0.0043983912628402,0.0128354995653306,-0.0060775244638694,
5,81.222,0.0040866471642046,0.0134933821072087,-0.0058401170381737,
5,81.273,0.0035584150913416,0.0142371815745715,-0.0056203659101799,
5,81.324,0.0031346064901672,0.0151771656634432,-0.0054295920448204,
5,81.375,0.0028118160554362,0.0161674608847376,-0.0052727283165325,
5,81.426,0.0025797446503307,0.0169096357287675,-0.0049493806575649,
5,81.478,0.0026253327895117,0.0172322230567524,-0.0043444002549095,
5,81.528,0.0028453360514189,0.0172597927290349,-0.0038082280849075,
5,81.579,0.0033603607524525,0.0168951039512087,-0.0035600924031729,
5,81.63,0.0038223905342057,0.0161073026696161,-0.0035166229646285,
5,81.681,0.0038116481796509,0.0153122579931244,-0.0038087422420853,
5,81.732,0.0036993893145006,0.0147772701013268,-0.0042926249057542,
5,81.783,0.0035310408224482,0.0144520474579888,-0.0044589560311306,
5,81.834,0.0033402431791453,0.0142874843403251,-0.0042074293781858,
5,81.887,0.0033512088290789,0.0140383467259157,-0.0039089486589485,
5,81.936,0.0034906947688282,0.0137549812150819,-0.0038051655223117,
5,81.988,0.0039022356612883,0.0136732609784435,-0.0038345892384219,
5,82.038,0.004254365255712,0.0137274311180979,-0.0041479153210755,
5,82.089,0.0041384362219947,0.0138644030847256,-0.0046181520541351,
5,82.14,0.0039324637035146,0.0138426430424831,-0.0047495806180389,
5,82.193,0.0036852881431293,0.0137208280417449,-0.0046531559299704,
5,82.242,0.0036323770726385,0.0137454621158915,-0.0046191769929796,
5,82.293,0.0039091420166578,0.0136612089333547,-0.00462797738014,
5,82.344,0.0037726107265332,0.0133130554354865,-0.0048643410427142,
5,82.395,0.0033819792922091,0.012823617440367,-0.0052276648506141,
5,82.446,0.0030605947708096,0.012483718319982,-0.0054423940279396,
5,82.497,0.0026086061391979,0.0126686987713501,-0.005544571872137,
5,82.549,0.0023099978279451,0.0131754514232488,-0.0053655227900898,
5,82.599,0.0023345821162059,0.0132453630089007,-0.0048196583633852,
5,82.65,0.0027653051899026,0.0128286560094593,-0.0040823875305213,
5,82.701,0.0032210708668774,0.0125349982593167,-0.0034824190789403,
5,82.752,0.0032546171098881,0.0123438488782564,-0.0032195409193764,
5,82.803,0.0032155110393235,0.0122337990889596,-0.0031939740497715,
5,82.854,0.0031329508217477,0.0123854369838131,-0.0033226610161347,
5,82.906,0.0030291535682737,0.012491893424642,-0.0033391073922498,
5,82.956,0.0031209079575492,0.0123599870003273,-0.0030814132431998,
5,83.007,0.0031298750902618,0.0120858026855959,-0.00286943376553,
5,83.059,0.0028841924721868,0.0117423944023131,-0.0031054698193144,
5,83.109,0.0026957600357466,0.0113821763966932,-0.0038107133854949,
5,83.16,0.0027600161770148,0.0112409486649989,-0.0045593955983709,
5,83.211,0.0029811726079465,0.0116531833062444,-0.0048741257085417,
5,83.262,0.0032851910191785,0.0125880993112804,-0.0048852566107726,
5,83.313,0.0036179302373585,0.0135822991176515,-0.0049016131657661,
5,83.364,0.0039423594958238,0.0141329858572856,-0.0047191735668608,
5,83.415,0.0042353966232549,0.0141541525813636,-0.0044238917535256,
5,83.466,0.004484759672148,0.0138340104328025,-0.0042807930784566,
5,83.517,0.0042844127752368,0.0133206874410298,-0.0042467929051937,
5,83.568,0.0038117382727855,0.0127247046315254,-0.0042854945754996,
5,83.62,0.0038048785878944,0.0121235851833162,-0.0043677146458271,
5,83.671,0.0042981546705748,0.0117682950061199,-0.0044712402860258,
5,83.721,0.0052734006770967,0.0118000431556694,-0.0045801137131211,
5,83.772,0.0062785802916737,0.0118766348369489,-0.0048845044278636,
5,83.823,0.0066197073462612,0.011775000455696,-0.0052898376957612,
5,83.875,0.0065075393527838,0.0117680588124885,-0.0055265151449603,
5,83.925,0.0063144943819486,0.012023239804344,-0.0056360118065023,
5,83.976,0.0060850868081701,0.0122252003231369,-0.0054543109726997,
5,84.027,0.0058507871277357,0.0123768036219611,-0.0048996131788117,
5,84.078,0.0052305046804239,0.0126847650780641,-0.0041502540051712,
5,84.129,0.0042116673728391,0.0130682674688152,-0.0035370807287607,
5,84.18,0.003420730332297,0.0134694100793565,-0.0032613424749,
5,84.231,0.0030403298450824,0.0138496410972283,-0.0030233360447131,
5,84.282,0.0029537864959554,0.0141859151588552,-0.0028286488582496,
5,84.333,0.0028618275455386,0.0144669832993484,-0.0028782180867633,
5,84.384,0.0027737826717777,0.0146900658605568,-0.002879625819313,
5,84.435,0.0026953210466432,0.0146572046311526,-0.0028500320143214,
5,84.487,0.0022276414354719,0.0142619996586726,-0.0032046000096462,
5,84.537,0.0015479065927087,0.013866986808648,-0.0039779007474389,
5,84.588,0.0011884425656308,0.0137046635821763,-0.0047568007923738,
5,84.639,0.0012640953642818,0.0135037825348052,-0.0052758865685526,
5,84.69,0.0014118999014614,0.0130934761840911,-0.0055866401062467,
5,84.741,0.001393271761269,0.0127826495783509,-0.0057388155347702,
5,84.792,0.0014702318861001,0.0127614278930979,-0.0059778955256731,
5,84.843,0.001803148874083,0.0127268159248377,-0.0064543394235389,
5,84.895,0.0020726461599938,0.0126863965772216,-0.007044742640328,
5,84.945,0.0020789858167494,0.0130471669953439,-0.0074599710514102,
5,84.996,0.001916039636718,0.01383709280565,-0.0075286604398915,
5,85.047,0.0018584454113375,0.0148388006115309,-0.0073695784368339,
5,85.098,0.0018730455676404,0.0158958644697905,-0.0070771945095755,
5,85.149,0.0017319411649278,0.0167026797621814,-0.0069236390570321,
5,85.2,0.0017031444646597,0.0168825161748318,-0.0068714571014245,
5,85.251,0.0015478561650821,0.0164449581813209,-0.0066876494955141,
5,85.302,0.001323917130489,0.0156465838843872,-0.0064341894777061,
5,85.353,0.0014756059506724,0.0146809356677467,-0.0061564190991724,
5,85.404,0.0014543512738589,0.01368557992999,-0.0058853714896165,
5,85.455,0.0013238864810269,0.012751131600465,-0.0056404097311966,
5,85.507,0.0013346939564679,0.0121316474561413,-0.0056326904553408,
5,85.557,0.0014352384165303,0.0119647650381984,-0.0057777471267257,
5,85.609,0.0015852587451127,0.0119007320203784,-0.0058083003265738,
5,85.659,0.0011524578787368,0.0117069719618937,-0.0057629621045119,
5,85.711,0.0005814657902678,0.011445576682696,-0.0056725929786335,
5,85.761,0.0005702152872775,0.0111618022384629,-0.0057614365337373,
5,85.812,0.0009188597029063,0.0108864714659191,-0.0059580813070478,
5,85.863,0.0018719827764106,0.0106386743294244,-0.0060072337463427,
5,85.914,0.0037387224573414,0.01042844233467,-0.0059578431647381,
5,85.965,0.0058406162372964,0.0106608587766481,-0.005849219581538,
5,86.016,0.0071211394331328,0.0115601649681581,-0.0059121665858242,
5,86.067,0.0071695055127815,0.012413270234968,-0.0062809275551292,
5,86.118,0.0060220730049163,0.0127665442566252,-0.0066153652802069,
5,86.169,0.0044007241154471,0.0127708710151493,-0.0067000895438015,
5,86.221,0.0032081777624692,0.0125510523262694,-0.0068186871570105,
5,86.271,0.0025872796088715,0.0122051364062949,-0.0069494821382095,
5,86.322,0.0025837214612037,0.0120069701123565,-0.0068767590508014,
5,86.373,0.0029763811141648,0.0123211499641027,-0.0066793514344672,
5,86.424,0.0035916119535542,0.0129386846491394,-0.0062170019853881,
5,86.475,0.0043001655422712,0.0132995004124873,-0.0056218738163994,
5,86.526,0.004609983945545,0.0132658498654129,-0.0051902301731188,
5,86.577,0.0050408514506354,0.0131827446640327,-0.0046972793545336,
5,86.629,0.0059164082161827,0.0132754314282499,-0.0040037758751099,
5,86.679,0.0068059969608609,0.013272583135664,-0.0032373591737853,
5,86.73,0.0074322877374497,0.013007858445022,-0.0026865820282407,
5,86.781,0.0072368988838478,0.0125964451746499,-0.0025191851341374,
5,86.832,0.0065302207987287,0.0121240032104797,-0.002410283670389,
5,86.884,0.0055523964758625,0.0118512069540158,-0.0023476467724959,
5,86.934,0.0040775567984291,0.0119292021026706,-0.0025205472195865,
5,86.985,0.0028041018477522,0.0120250785825627,-0.0028306202136119,
5,87.037,0.0019629400021799,0.0119238875365256,-0.0034045934500729,
5,87.087,0.0014666034478313,0.0119052696123523,-0.004101710255586,
5,87.138,0.0012312935582256,0.0123427730404816,-0.0046209699162862,
5,87.189,0.0007806294683779,0.0130376644343203,-0.0049844466972518,
5,87.241,2.721738198811248e-05,0.0136409753086424,-0.0050179788847894,
5,87.292,-0.000859838396222,0.0141370848245651,-0.0046363731874942,
5,87.343,-0.0013596791885701,0.0145245863893238,-0.0042200075317783,
5,87.393,-0.0011693578014658,0.0150121363908732,-0.0040156302735971,
5,87.444,-0.0009533563263124,0.0155246860315909,-0.0037627967773392,
5,87.495,-0.000939070689185,0.0156104270308384,-0.0032983631327492,
5,87.546,-0.000653636118433,0.0152147121244537,-0.0029363626258738,
5,87.597,-0.0002172297093744,0.0145420038809815,-0.0028699721791178,
5,87.648,0.0002809446825946,0.0137456865170233,-0.0029985050735333,
5,87.699,0.0007787139916915,0.0129340631844255,-0.0032417268601903,
5,87.75,0.0008345686569761,0.0121778238576553,-0.0033381320404239,
5,87.801,0.0004016800314739,0.0117186901272627,-0.0033326316024078,
5,87.852,-0.0003098894132314,0.0118886566415579,-0.0036638830199045,
5,87.904,-0.0009421947371885,0.0124484435668151,-0.0041845001846331,
5,87.954,-0.0012720349638718,0.0128116054790926,-0.0045839107276092,
5,88.005,-0.0011805578721667,0.0128186539274599,-0.0048734991855224,
5,88.056,-0.0004245496305125,0.0125967422317645,-0.005069389436814,
5,88.107,0.0006969239267017,0.0122458135303511,-0.0053902833127092,
5,88.158,0.0015610300611926,0.0118403308914746,-0.0057655699394389,
5,88.209,0.0019898229100906,0.0116332674808073,-0.0057439260552275,
5,88.262,0.0021049804995939,0.0117709283236599,-0.0052686152498352,
5,88.311,0.0022105702808674,0.0119177861689474,-0.004540527829423,
5,88.362,0.0023015413409083,0.0120587449267207,-0.0039096451771323,
5,88.413,0.0023758286413839,0.0123854302462383,-0.0035926195957612,
5,88.464,0.0028351153422371,0.0126041541633614,-0.0035023544921302,
5,88.515,0.0031027585985414,0.0125352323638248,-0.0037656075336062,
5,88.566,0.0028243230162127,0.0122873652682747,-0.0044352756085486,
5,88.617,0.0026196939364543,0.0119446433538632,-0.0053118018352714,
5,88.668,0.0026796729887355,0.0117694518491008,-0.0062505824692466,
5,88.72,0.0027037068929082,0.0121174472816582,-0.0071538745644372,
5,88.77,0.0025019229386798,0.0129738674388523,-0.0077610077936169,
5,88.821,0.0023723540129583,0.0138867337231628,-0.0077277586529356,
5,88.873,0.0020986753716024,0.0145616344530782,-0.0072864703129871,
5,88.923,0.0015537236396392,0.0150296984963641,-0.0068197692808445,
5,88.974,0.0012802356644571,0.0153275063073981,-0.0063742614892279,
5,89.025,0.0012028216231453,0.0154921960894661,-0.005978135198382,
5,89.077,0.0012573788388603,0.0153574466628796,-0.0054446683497996,
5,89.127,0.0013921932532191,0.0148406426716004,-0.0046651395065788,
5,89.178,0.0013668169810588,0.0141203240515614,-0.0039912543311864,
5,89.23,0.0016424080408029,0.0133273467000257,-0.0036400930695867,
5,89.28,0.0022897194334149,0.0125514721754316,-0.0035241212864206,
5,89.331,0.00292259981227,0.011848895262039,-0.0037691387074909,
5,89.382,0.0036962170218706,0.0112497683202811,-0.0042259940121726,
5,89.433,0.0040962813541384,0.0107651191185058,-0.0045811774453096,
5,89.484,0.0036221274541199,0.0105936575953425,-0.0048426203523341,
5,89.535,0.0030270500819421,0.0110385008806414,-0.0050229400148543,
5,89.586,0.0024022228805253,0.0120437100571322,-0.0053375791125783,
5,89.637,0.0016076764571291,0.0131267251707319,-0.0055122544829376,
5,89.688,0.0011697763260779,0.0139718052323724,-0.004980630657281,
5,89.739,0.0007949562211727,0.0145963970752452,-0.004038727938464,
5,89.79,8.903587352325861e-05,0.0150294028346524,-0.0031101921826399,
5,89.841,-0.0005716934428151,0.0153047497129282,-0.002264821841185,
5,89.892,-0.0009495270924776,0.0152560286016063,-0.0017415349482094,
5,89.943,-0.0011155724859732,0.0150033799222782,-0.0018685215294496,
5,89.994,-0.0011324481542822,0.0148410717823442,-0.0024023607318048,
5,90.045,-0.0012531315646902,0.0147497424611328,-0.0029534166814192,
5,90.096,-0.0016315309696027,0.0147112723150572,-0.0034712463860389,
5,90.147,-0.0021448187896602,0.0147097939222832,-0.0037253336786536,
5,90.199,-0.0023017160032333,0.0147321590117947,-0.0035890240021047,
5,90.251,-0.0014141028342352,0.0145671858346264,-0.0032132828571859,
5,90.3,-0.0001287300195105,0.0142953158384874,-0.0029150002144946,
5,90.351,0.0007059871403542,0.014378394972446,-0.0030920250900451,
5,90.402,0.0015862871946673,0.0148832808980947,-0.003760501807954,
5,90.453,0.0026259380128981,0.0154173003682628,-0.0044896372160108,end
6,91.626,0.0018488421401505,0.0136203480399294,-0.0045901854227649,start
6,91.677,0.0016381323896865,0.013630361797104,-0.0042325602339557,
6,91.728,0.0017730638319284,0.0135459782589055,-0.0036631805512605,
6,91.779,0.0023196669304476,0.0132069980362697,-0.0028028983838283,
6,91.83,0.003488053070795,0.0127319632934067,-0.0018251549054131,
6,91.881,0.0045596929061657,0.0124086646159649,-0.001453123920283,
6,91.932,0.0048806948448441,0.0126103211108459,-0.0019011214227287,
6,91.983,0.0046944868168296,0.0133332923041292,-0.0028390562664781,
6,92.034,0.0039971039765066,0.0141316970463343,-0.0038150319686128,
6,92.085,0.0032287352178171,0.0147135089382958,-0.0043353344152665,
6,92.136,0.0028782325651626,0.0151096697089578,-0.0043207587660634,
6,92.187,0.0026230524182916,0.0153549378811147,-0.0039643091397743,
6,92.238,0.0024495070118137,0.015483727611688,-0.0034172329450592,
6,92.292,0.0023422596750069,0.015326633933999,-0.0029926802879714,
6,92.34,0.0020853146013954,0.0147979747161011,-0.0028816477306853,
6,92.392,0.0019538355970556,0.0140734803928287,-0.002779777745727,
6,92.442,0.0017125529572079,0.0132815880608927,-0.0026919677592155,
6,92.493,0.0010185633454,0.0125100853651973,-0.0028210629102121,
6,92.544,0.0004916473204072,0.011813637076751,-0.0028780661886799,
6,92.596,0.0003150468415353,0.0114221068057677,-0.0028842539631007,
6,92.646,0.0001764750492355,0.0116592564677965,-0.0032590213617851,
6,92.697,0.0002742586210477,0.0124813935740267,-0.0038400715067102,
6,92.748,0.0003149401206437,0.0134118345015046,-0.0043059099826829,
6,92.799,0.0005165646883273,0.0139353233989031,-0.0044596012043012,
6,92.85,0.0014077141075968,0.0139549256546715,-0.0041999161006457,
6,92.902,0.0020670012657955,0.0136497847207497,-0.0040976401697368,
6,92.952,0.0023237867305572,0.0129600486147026,-0.0045062023447928,
6,93.003,0.002703465961005,0.0118782270372836,-0.0050087364550963,
6,93.054,0.0031314623499643,0.0108326809682505,-0.0049286683386959,
6,93.105,0.0035560645910911,0.0102960598992733,-0.0040797122258458,
6,93.156,0.0039443802221734,0.0103297809458708,-0.0030066618533701,
6,93.207,0.0042782286409994,0.0107265828570871,-0.002478591101337,
6,93.259,0.0045503252301179,0.0113243707679079,-0.0027441329301964,
6,93.309,0.0047609587272034,0.0120030389861314,-0.0030956602026625,
6,93.36,0.0047144182019496,0.0128798938018548,-0.0032732613131193,
6,93.411,0.0045066774834488,0.0138134151134635,-0.0037267146112436,
6,93.462,0.0042122393042429,0.0145074529146703,-0.004521492316437,
6,93.514,0.00348418350234,0.0151929767942756,-0.0052704980546558,
6,93.564,0.0027373472701167,0.0160188034061005,-0.0055283103359701,
6,93.615,0.0024401294315796,0.0166674382244342,-0.0054503839850444,
6,93.666,0.0024551515793862,0.0167486564214999,-0.0053642248951594,
6,93.717,0.0028700561971759,0.0164594365568274,-0.0050788735278336,
6,93.769,0.0033072616720358,0.0161567033602287,-0.0046886931502989,
6,93.82,0.0031211466394383,0.0158696229732378,-0.004463458722108,
6,93.87,0.0027510489612688,0.0156156437011967,-0.0039604391823767,
6,93.922,0.0024935186138886,0.0152024632587625,-0.003118837379677,
6,93.972,0.0023288718016864,0.0145195374606717,-0.002328527764158,
6,94.023,0.0030403572586729,0.0137184718576716,-0.0012329354681629,
6,94.074,0.0044574290595826,0.0131068231381133,-2.9562377861519376e-05,
6,94.125,0.0052090231851556,0.0130674603986956,0.0003429303413423,
6,94.177,0.0052726003661471,0.0133982962979912,-4.822062884031735e-05,
6,94.227,0.0054923104133784,0.0137391488147411,-0.0006968794863969,
6,94.278,0.0057945064457272,0.014059043641712,-0.0014585824117317,
6,94.329,0.0057236612266563,0.0143397989631002,-0.002231596090601,
6,94.38,0.0048167557020343,0.0145728980553702,-0.0031505987290929,
6,94.431,0.003245662819629,0.0145558734390239,-0.004290238603247,
6,94.483,0.0013748036845215,0.0143797992438267,-0.0054798332910291,
6,94.533,-0.0009396857173802,0.0143166966619625,-0.0064050686597709,
6,94.584,-0.0029510998149237,0.0143311178469447,-0.0066847621007886,
6,94.635,-0.0038032176188135,0.0143941005153103,-0.0065279674910924,
6,94.686,-0.0036425317326246,0.0142823348942803,-0.0063046601082292,
6,94.737,-0.0024435237843427,0.0138666390527299,-0.0058558000555657,
6,94.788,-0.0006749068442972,0.013289411382984,-0.0052983399333121,
6,94.839,0.000714449609581,0.0128557893796431,-0.0049168453467265,
6,94.89,0.0019497886087245,0.0129507707594481,-0.0046788533080595,
6,94.942,0.0031879428731662,0.0133771425489664,-0.0047528492293129,
6,94.992,0.0041276038378242,0.0137809665097492,-0.0050209947599697,
6,95.044,0.0050011731025695,0.0141378888089806,-0.005191283726722,
6,95.094,0.0053605101990806,0.0142352241957426,-0.005485965989064,
6,95.145,0.0049595095992118,0.0139574201726719,-0.0058367552364568,
6,95.196,0.0047055799818074,0.013461336871121,-0.0055928477033159,
6,95.247,0.0047672072661879,0.0132667792190565,-0.0043846234449832,
6,95.298,0.0050262667217492,0.0138837359627791,-0.0024541603539866,
6,95.349,0.0053911384609636,0.0147707627854676,-0.0006172363719591,
6,95.4,0.0053928943496694,0.0149564069103344,0.0004096287283572,
6,95.502,0.0040843090818546,0.0125795421640937,0.00012390032152,
6,95.554,0.0029932359561614,0.0114133302860648,-0.0008154737707632,
6,95.604,0.0020530175211546,0.0111543417561243,-0.0017541002695596,
6,95.655,0.0008834136649204,0.0116988414167789,-0.0028176778373513,
6,95.706,-0.0003393485567856,0.0125140842657028,-0.0038759520970255,
6,95.757,-0.000895474288235,0.0132366437385654,-0.0044441429253007,
6,95.808,-0.0009793761758754,0.0138417148814972,-0.0044515395989715,
6,95.859,-0.0005528427902153,0.0141219935878586,-0.0040986758786479,
6,95.91,0.0005684614507007,0.0139706167509551,-0.0037439390205354,
6,95.961,0.0016436124850327,0.0135545575928814,-0.0038181653739074,
6,96.012,0.0022011251730144,0.0130021674937004,-0.0041615450827782,
6,96.063,0.0025826964425712,0.012406716744939,-0.0044491281736469,
6,96.114,0.0030216081272741,0.012032317258233,-0.0046778234723655,
6,96.165,0.0034620358801666,0.0122314334567543,-0.004649545454226,
6,96.216,0.0034663875681763,0.0129832127841197,-0.0046595625308246,
6,96.267,0.0029898779594566,0.0138282167673345,-0.005095002830173,
6,96.318,0.0026449141964385,0.0144642947757286,-0.0057683085409046,
6,96.369,0.0020103623860385,0.0151161130957937,-0.0067409142758192,
6,96.42,0.0010402249243156,0.0159264973221873,-0.0076265100998456,
6,96.471,0.0005352945570583,0.0167734770658236,-0.0077826580380669,
6,96.522,0.0005701219355944,0.0173750529298198,-0.0074584295482929,
6,96.573,0.0009483259706743,0.0175700783105563,-0.0072538246060074,
6,96.624,0.0013155390573422,0.0174886948494937,-0.0073432106889424,
6,96.675,0.0016462035837032,0.0170357403121661,-0.0074131340189159,
6,96.726,0.0021276978640916,0.0161800318441645,-0.007063290387869,
6,96.777,0.0024664132809678,0.0153355922028256,-0.0064723327208766,
6,96.828,0.0024855134163287,0.0147670502564967,-0.0061758771828041,
6,96.879,0.0020972597636579,0.0142202950085538,-0.0062929499934964,
6,96.93,0.0014789388926523,0.0135306017795622,-0.0064650013268382,
6,96.981,0.0011644032249488,0.0130054741572002,-0.006457658085306,
6,97.032,0.00086913474817,0.0128289099154347,-0.0063358497652757,
6,97.083,0.0002082759416756,0.012689247695135,-0.0061504143751765,
6,97.134,-0.000232298397808,0.0123836385371207,-0.0059390683327381,
6,97.185,0.0001063008734343,0.0119961496971281,-0.0055272489572511,
6,97.236,0.0013190907978374,0.0115872755172654,-0.0048191049218891,
6,97.287,0.0027942829729411,0.011197532095281,-0.003977800272289,
6,97.338,0.0039175926289169,0.0108513676527659,-0.0029178441176117,
6,97.389,0.0049258161918254,0.0105609612439378,-0.0018028054316002,
6,97.44,0.0053775677111146,0.0103296446880567,-0.0013445153645214,
6,97.492,0.005034466954434,0.010154807960058,-0.0017459153734028,
6,97.593,0.0035670370762008,0.0101487523569818,-0.0031307670739164,
6,97.644,0.0016068869805087,0.0108153116810346,-0.0037075353202745,
6,97.696,1.982125157113605e-05,0.0117798146854929,-0.003980441029104,
6,97.746,-0.0009996381044464,0.0124562551506442,-0.0040365405716714,
6,97.797,-0.0019748328517656,0.0128936054585781,-0.004149918131203,
6,97.848,-0.0026424639981457,0.0133433147176327,-0.004290923023112,
6,97.899,-0.0028583719788715,0.0137648237072087,-0.0044383193359715,
6,97.95,-0.0027672219769083,0.0143352187897179,-0.00437714028471,
6,98.001,-0.0020847949494327,0.014955280385093,-0.0037854385165898,
6,98.053,-0.0008771395624393,0.0153565503244736,-0.0029010186396943,
6,98.103,0.0001686893910276,0.0155852624952378,-0.0023015793756025,
6,98.154,0.0010267156516937,0.0154840975795163,-0.0019330678973461,
6,98.205,0.0016953661462539,0.0149786587593039,-0.0017422661126453,
6,98.256,0.0017871778813993,0.0144553755546785,-0.0018816001368459,
6,98.307,0.0013008239807807,0.0143643522895168,-0.0022214740852792,
6,98.36,0.0008844004644158,0.0145578718154072,-0.0024618277159103,
6,98.409,0.0009479469616679,0.0145166698931688,-0.0024182117426944,
6,98.46,0.0015150517108785,0.0141274052465807,-0.0021959752494277,
6,98.511,0.0023595568315177,0.0135461810131851,-0.0018770332378417,
6,98.562,0.0029124637755117,0.013089368614204,-0.001923358020677,
6,98.613,0.0034347705069446,0.0129498789138313,-0.0024010594493646,
6,98.664,0.0036946593812485,0.0130251103048517,-0.0029162158880179,
6,98.715,0.0031628674192677,0.0134328434556216,-0.0034140098545997,
6,98.766,0.0025677177360755,0.0142219061613776,-0.003860678860188,
6,98.818,0.0019797439155485,0.0149913133689974,-0.0044395099813503,
6,98.868,0.0010419390070137,0.0154854716921407,-0.0052574376262261,
6,98.919,-4.48934926510184e-05,0.0157634012708753,-0.0061630032347413,
6,98.971,-0.0009391623938666,0.0156794915108456,-0.0070520283653961,
6,99.021,-0.0010355896510933,0.01537025629591,-0.0076581931127139,
6,99.072,-0.0006125736073924,0.0151421838450167,-0.0076325822939888,
6,99.123,-0.000492895114015,0.0149844871073005,-0.0070030049943721,
6,99.174,-0.0003765431571766,0.0148845942663997,-0.0060366489875369,
6,99.225,0.0001299956760869,0.0146289651257494,-0.0049319301626439,
6,99.276,0.0008460894444322,0.0140931561880033,-0.0038272180196034,
6,99.327,0.0014382216453458,0.0134206968935345,-0.0030120891688692,
6,99.378,0.0019032828745138,0.012714617665957,-0.0026490007864583,
6,99.429,0.0026511542730942,0.0122445316871919,-0.0026049974005351,
6,99.48,0.0033194936543925,0.0123652312870405,-0.0029700082678648,
6,99.531,0.0036823013819778,0.0128551359096466,-0.0035680184688718,
6,99.582,0.0042216776239226,0.0131408076956628,-0.0040665892653451,
6,99.633,0.00483096639315,0.0132725454341706,-0.0044613325285163,
6,99.684,0.004833646426007,0.0134958080415472,-0.0045569410948364,
6,99.735,0.0042462280608332,0.0135590011504583,-0.0042521849404485,
6,99.786,0.003729205842829,0.0133136232634606,-0.0039159700293188,
6,99.837,0.0034997001425633,0.0128900549488607,-0.003988255615325,
6,99.888,0.0036738642463184,0.0125870642943072,-0.0045175603277136,
6,99.939,0.003892097738652,0.0127874139070759,-0.0052974540795941,
6,99.99,0.0039202300934699,0.0132944867964023,-0.0059745782764501,
6,100.044,0.004225848133176,0.0135558748988068,-0.0063305616743721,
6,100.092,0.00408237972149,0.0136386944739826,-0.0066528172037459,
6,100.143,0.0028590797151496,0.0140020029776393,-0.007128387065987,
6,100.194,0.0012423336352648,0.0145160176570193,-0.0076640811378399,
6,100.245,-0.000296037223201,0.0148845617395067,-0.0079944681488574,
6,100.296,-0.0012588920442844,0.0151302016087943,-0.00776497271687,
6,100.347,-0.0015744556525452,0.0150764499151022,-0.0071948319815537,
6,100.398,-0.0012486940730353,0.0146341673860259,-0.0066528528918991,
6,100.449,-0.0001361198422216,0.0139782300949497,-0.0059716407181044,
6,100.5,0.0009900336414057,0.0132379587072669,-0.0050550216684584,
6,100.551,0.0018335947356962,0.0125030680805971,-0.0040610592387444,
6,100.602,0.0022273149274705,0.0118306647216994,-0.0032981746122396,
6,100.653,0.0021000664027271,0.0112523541579497,-0.0029456109092256,
6,100.705,0.0020505834162092,0.0109816814985761,-0.0028845298245189,
6,100.755,0.0020549506168698,0.0111308906098469,-0.0030152984203935,
6,100.807,0.0020935038855525,0.011336571400372,-0.0030577713542817,
6,100.857,0.002351718979629,0.0113611136835787,-0.0030402037317195,
6,100.908,0.0023284038994759,0.0114683445955759,-0.0033872075851603,
6,100.959,0.0017247346788983,0.0120216610676902,-0.0041409875501464,
6,101.01,0.0007973492762883,0.0128166253719622,-0.0050951002455499,
6,101.061,-6.231826168208568e-05,0.0135018749944819,-0.0059002158138828,
6,101.112,-0.0002069938063705,0.0140617104624252,-0.0061434268131975,
6,101.163,0.0003193478065819,0.0144961378480025,-0.0060067214712969,
6,101.214,0.00103293080591,0.014815235511087,-0.0060390055243328,
6,101.265,0.0018092767634346,0.0148338984035511,-0.0063779113516127,
6,101.316,0.0023626756264123,0.0146583777390247,-0.0066854103912794,
6,101.368,0.0023269632694407,0.0145732509898779,-0.0067472305212657,
6,101.418,0.0019162924227485,0.0143521033882384,-0.0066465178795812,
6,101.469,0.0016997992942132,0.0138606505005123,-0.0064496551900005,
6,101.52,0.0018260676420865,0.0134361506694586,-0.0062069411807604,
6,101.571,0.0019611893608412,0.0132895264810776,-0.0057534847581932,
6,101.622,0.0016894670958497,0.0133328970922167,-0.0052012960891121,
6,101.673,0.0013794768620943,0.0136954707045401,-0.0048309782251218,
6,101.724,0.0012706796520993,0.0142336388590246,-0.0048078860534963,
6,101.775,0.0010988242982602,0.0144395246207884,-0.0052101763434619,
6,101.826,0.0013019995537451,0.0144157610428395,-0.0054513016463222,
6,101.877,0.0019302131512627,0.0146482878294283,-0.0051680257951207,
6,101.928,0.0025797255142088,0.0150265071536686,-0.0045711809871034,
6,101.979,0.0029898866405852,0.0150661156319224,-0.0040220085118452,
6,102.03,0.0032135898198865,0.0146845399814647,-0.0037483613424807,
6,102.081,0.0035005707127791,0.0140634905353666,-0.0036734057763767,
6,102.132,0.0036042470402386,0.013338745254348,-0.0039327364714056,
6,102.183,0.0035820320243856,0.0126057157877913,-0.0043856292415625,
6,102.234,0.0032800273553666,0.0121270936967251,-0.0047254472464124,
6,102.285,0.0028228402426369,0.0120509191925531,-0.0049654458197504,
6,102.336,0.002905355021545,0.0120381407732369,-0.0051221451308272,
6,102.387,0.0031265460852283,0.0118662144094736,-0.0054136657893839,
6,102.438,0.0032180746978364,0.0118068633624568,-0.0057682354626884,
6,102.489,0.0030182576320305,0.0120253141987203,-0.0059339242534646,
6,102.54,0.0022459702526973,0.0122035511324488,-0.0059651636455013,
6,102.591,0.0017710696432566,0.0121408447723046,-0.0057068304847024,
6,102.642,0.0017258825619108,0.0121294801347086,-0.0052835323189858,
6,102.693,0.0015582556361423,0.0123527902061628,-0.0051901059121428,
6,102.744,0.0011247341235061,0.0125078363363708,-0.0055165821875851,
6,102.795,0.000354673337052,0.0124058122347753,-0.0058853030689525,
6,102.846,-0.0001676984698737,0.0121471116939388,-0.0058498296570138,
6,102.897,-0.0002884169773412,0.0118087087879507,-0.005357141659746,
6,102.948,-0.0001418367877719,0.0116472073802037,-0.0046107977175881,
6,102.999,0.0003652341937784,0.0118129696433241,-0.0037617275379453,
6,103.05,0.0010627717316635,0.0119744730529557,-0.0031158161307647,
6,103.101,0.0020272633385721,0.0119194372566476,-0.0028529228700646,
6,103.152,0.003085485398139,0.0117299449236259,-0.0028567980125498,
6,103.203,0.0039179773301575,0.0114694412591638,-0.0032322878327527,
6,103.254,0.0045388199384868,0.0113851551850019,-0.0038159489007753,
6,103.306,0.0047732128356536,0.0116214911812112,-0.0040845660931036,
6,103.356,0.0045400923675844,0.011843639290915,-0.0041295504621183,
6,103.407,0.0042266925136237,0.0120388420510002,-0.0044291611371144,
6,103.458,0.0038869818473867,0.0124019157117465,-0.0050688416778722,
6,103.509,0.0029551858682866,0.0128434866686048,-0.0058752387975059,
6,103.56,0.0017185094602388,0.0135007627189035,-0.0065229455232051,
6,103.611,0.0009881449846378,0.0144444139575103,-0.0068160097412348,
6,103.662,0.000842010808325,0.0152950919367975,-0.0068580805782123,
6,103.713,0.0012831467530199,0.0158169698102381,-0.0065349630725731,
6,103.764,0.0022663249709572,0.0158852133179895,-0.0060035886096597,
6,103.815,0.0031164934129841,0.0152553681790521,-0.0057830026885323,
6,103.866,0.0034113915449203,0.0142284004535566,-0.0057794619074593,
6,103.918,0.0033264760214908,0.013230071075032,-0.0057145741483487,
6,103.968,0.0030047879840135,0.0123303081998342,-0.0056155540688659,
6,104.019,0.0027579214999413,0.0117668758257629,-0.0053017641433906,
6,104.07,0.002578873573606,0.0118660793205257,-0.0048754390779944,
6,104.121,0.0020560374121322,0.0125831296443773,-0.0046120212517167,
6,104.172,0.0013547133763306,0.0134380001915793,-0.0042734118441712,
6,104.223,0.0007960893114062,0.0139109199288803,-0.0039137798663916,
6,104.274,0.00037386229752,0.0139000499912799,-0.003971222824056,
6,104.325,0.0002738663556297,0.0135797740213069,-0.0042915428413811,
6,104.376,0.0005894004832397,0.0134884562054174,-0.0043530597379335,
6,104.427,0.0011460875111017,0.0139529842414005,-0.004243650989637,
6,104.478,0.00221438503739,0.0143350204126749,-0.004033407999675,
6,104.529,0.0037258183603654,0.0142317927000111,-0.0035745507053887,
6,104.58,0.0045967042137409,0.0138256328885788,-0.0031939394954148,
6,104.631,0.0045851453751733,0.0134586489891985,-0.0030949210038748,
6,104.682,0.0042093914933412,0.0135479390197815,-0.0033852905893031,
6,104.733,0.0038310798262846,0.0141235217154623,-0.0039020684226648,
6,104.784,0.0036823524614091,0.0147639167534485,-0.0041208716702117,
6,104.835,0.0034919834703621,0.0149927668249596,-0.0039301575807736,
6,104.886,0.0032902005584799,0.0147384539250176,-0.0036929532961469,
6,104.937,0.0030973072308505,0.0141946935459508,-0.0038466552060617,
6,104.988,0.0025239437293248,0.0135089777348489,-0.004238717998503,
6,105.04,0.0017526253717951,0.0127873045143057,-0.0045513244923845,
6,105.09,0.0011171446927058,0.0123013781179791,-0.0047878588049987,
6,105.142,0.0010215013920434,0.0124073517710593,-0.0047557688312369,
6,105.192,0.0014806006374619,0.0130852618563849,-0.0043531405013021,
6,105.243,0.0018569365248473,0.0138746917323072,-0.0037452113544727,
6,105.294,0.002149959640458,0.0144713937066685,-0.0032552829217774,
6,105.345,0.0023660104203531,0.0150973878650434,-0.0030812257314823,
6,105.396,0.0021136714558924,0.0158927139882356,-0.003123735665056,
6,105.447,0.0015812012711563,0.0165319164707643,-0.0033017262864713,
6,105.5,0.0015143446378533,0.0166179721564374,-0.0033514753969012,
6,105.549,0.0019523144523726,0.0163423531419986,-0.0031141464430908,
6,105.6,0.0024780381984484,0.0160577485877022,-0.0027117649877905,
6,105.651,0.0028169761991435,0.0157902444128186,-0.0024366852078938,
6,105.703,0.002607223500381,0.0155551971291094,-0.0026670159757148,
6,105.753,0.0020624173381128,0.0151590146289277,-0.0032029893076215,
6,105.805,0.0015473239426098,0.0144904808661092,-0.0036910967190291,
6,105.855,0.0012934997672599,0.0137009798339094,-0.0041092938903924,
6,105.906,0.0012276315829128,0.0128973196088094,-0.0042482251394535,
6,105.957,0.0010867670261415,0.0121491391719255,-0.0041968879314664,
6,106.01,0.001109953223764,0.0114966447074328,-0.0042284795072098,
6,106.059,0.0010356573418628,0.0111587693835821,-0.0043107197252905,
6,106.11,0.0007039759681084,0.0114514855353446,-0.0046196705422216,
6,106.161,0.0006355324376844,0.0123259512535903,-0.0052500371172703,
6,106.212,0.0009422488643653,0.0133024404366506,-0.0058350709980369,
6,106.263,0.0014649351140668,0.0138642504575718,-0.0059423655771377,
6,106.314,0.0018833110901819,0.0141149732159436,-0.005734641975304,
6,106.366,0.0020003442655686,0.0143468719084046,-0.0055424017903817,
6,106.416,0.0019147090920479,0.0145480685323831,-0.0051747015827075,
6,106.469,0.0017059716312197,0.0147134115161202,-0.0047240084503288,
6,106.518,0.0012342172763774,0.0146416434825579,-0.0046579607290666,
6,106.571,0.0006316742926831,0.0142227356523335,-0.0048439117759539,
6,106.62,0.0003953214960373,0.0136148414959674,-0.0047748772176915,
6,106.671,0.0004128123775451,0.012934574910925,-0.0043470193788223,
6,106.722,0.0005917011893936,0.0124633739831144,-0.0037234009785951,
6,106.773,0.0008597320544905,0.0123649444937161,-0.0032251623221095,
6,106.824,0.0007617351538748,0.012513499721359,-0.0032490287047036,
6,106.875,0.0006376918687065,0.0128085250213801,-0.0036058306879939,
6,106.927,0.0009085758325961,0.0129729550681542,-0.0037458309809227,
6,106.977,0.0012101522927586,0.0128395847577968,-0.0035347048123946,
6,107.028,0.0015071867514325,0.0125259338291523,-0.0031153436438493,
6,107.079,0.0019782800396332,0.0121218563137254,-0.0025961193723709,
6,107.13,0.002322328015334,0.0116922445136188,-0.0020545588296467,
6,107.181,0.0025572567193896,0.0114816021197307,-0.0015421783184234,
6,107.232,0.0029041626302055,0.0116291513797497,-0.0012905074213854,
6,107.283,0.0030941834862694,0.0117937406093684,-0.001627927942184,
6,107.334,0.0031683208379011,0.0117552027713907,-0.0021152233355543,
6,107.385,0.0035638477268748,0.0115894849541418,-0.0022578277715891,
6,107.436,0.0041337242455315,0.0113555127475942,-0.0025695755351867,
6,107.487,0.0043679727022584,0.0110965612809147,-0.0033664271661524,
6,107.538,0.0039664802844099,0.0108423917952048,-0.0044103870581519,
6,107.589,0.003189507754842,0.0108125412107741,-0.0053281316452084,
6,107.64,0.0026358046827758,0.0111297895551338,-0.0058903685965254,
6,107.692,0.0022697767055208,0.0116441646734339,-0.0061794337379618,
6,107.742,0.0020535187336739,0.0122436458172411,-0.0060692444597057,
6,107.793,0.0019506887367695,0.0126487177899233,-0.0057118446315294,
6,107.844,0.0017280329800863,0.0126957306520213,-0.0054254407581874,
6,107.895,0.0014464134958958,0.0127101587024896,-0.0052075780644235,
6,107.946,0.0011496010025829,0.0131041966899385,-0.0050511760260889,
6,107.998,0.0012685557360147,0.0137100436585393,-0.0047459225352453,
6,108.048,0.001845441029847,0.0142022312027486,-0.0043697250061784,
6,108.099,0.002669677599937,0.0145819839708037,-0.0039782486590833,
6,108.15,0.0037871731697434,0.0146582860119396,-0.003407588213258,
6,108.201,0.0046013112506038,0.0145338398554993,-0.0031695182107868,
6,108.252,0.0051554880085567,0.0144914743800349,-0.0033647142439043,
6,108.303,0.0056992528902009,0.0143043211852413,-0.0036212716865334,
6,108.354,0.0053893229607958,0.0138385091724321,-0.003896573215896,
6,108.405,0.0045567722955786,0.0132313991898451,-0.0037601130578121,
6,108.456,0.004058420661995,0.0125824387838886,-0.0031696975694881,
6,108.507,0.003613608747872,0.0119587707808138,-0.0029380682191786,
6,108.558,0.0032388678962868,0.0114014255092142,-0.0033568218092733,
6,108.609,0.0029391714584905,0.0111322235544365,-0.0039582259171559,
6,108.661,0.0025108468677324,0.0114711159954415,-0.0044276266857048,
6,108.711,0.001833601554938,0.0123736199649893,-0.0049754919762619,
6,108.762,0.0012519496706274,0.0133642621310186,-0.0055296686930511,
6,108.813,0.0011800001996821,0.013930182838584,-0.0058425406627577,
6,108.864,0.0014407291056088,0.0139774117600738,-0.0057746837175705,
6,108.915,0.0020947102001396,0.0136881828440042,-0.005066429569294,
6,108.966,0.0027475339694598,0.0134072345921793,-0.0042051858533794,
6,109.017,0.003347171892843,0.0133550003585299,-0.0037166760437839,
6,109.068,0.0036636943460037,0.0134536483690502,-0.0035064633826436,
6,109.119,0.0029698782897765,0.0138419738583465,-0.0034916241365817,
6,109.17,0.0020854840338448,0.0143848889131587,-0.0034024463631472,
6,109.221,0.0015515759202757,0.0147825023218757,-0.0032727554201418,
6,109.272,0.0010845096648267,0.0152558182902673,-0.0033283334716375,
6,109.323,0.0006978335872931,0.0157396631012588,-0.0034982693004087,
6,109.374,0.0003937789020905,0.0157897243614994,-0.0037278971320378,
6,109.425,-3.369431612848506e-05,0.0153567226242798,-0.0037765280671221,
6,109.476,-0.0007068154523229,0.0148495258750166,-0.0037051696728356,
6,109.527,-0.0012825754515006,0.0147371562228609,-0.0037634220601229,
6,109.578,-0.0015488062859006,0.0150878702355543,-0.0036992872499238,
6,109.629,-0.0015951328697098,0.0155065759424043,-0.0033609777380906,
6,109.68,-0.0012958682936632,0.0155335848364946,-0.0028740034340679,
6,109.731,-0.0005981655995865,0.0153072086592951,-0.0025316367244338,
6,109.783,0.0002990271212684,0.0151373428146322,-0.0027111851323062,
6,109.833,0.0012520884800468,0.0150173658700786,-0.003411874513922,
6,109.884,0.0019635849013506,0.0149390234116893,-0.004189676000959,
6,109.935,0.0020613289962733,0.0148936768159617,-0.0045527826577242,
6,109.986,0.0017575899711249,0.0150739686721801,-0.0044199208767217,
6,110.037,0.0018232605038537,0.0155853242832146,-0.0041804758778404,
6,110.088,0.00232141053908,0.0160670955202744,-0.0040927426696637,
6,110.139,0.0026552465400741,0.01608952311081,-0.0041093579641647,
6,110.19,0.0028568812807031,0.0156147146055105,-0.0043923962228605,
6,110.241,0.0031583641784799,0.0148591459765092,-0.0048235678161442,
6,110.292,0.0034996656804261,0.0139842088542867,-0.004913440133204,
6,110.344,0.0040399206297168,0.0133038349492685,-0.0045763662244871,
6,110.394,0.0050660414391702,0.0130037349099152,-0.0039925480113241,
6,110.445,0.0069238421949377,0.0125699648630896,-0.0032973800973896,
6,110.496,0.0085632976296249,0.01168364428978,-0.0029883104382636,
6,110.547,0.0087260118916726,0.0109799482518689,-0.0033533614357806,
6,110.598,0.0081293781869484,0.0110524100466507,-0.003719767631457,
6,110.649,0.0068928314913716,0.0118176744099916,-0.0038567746516241,
6,110.7,0.0051443780365442,0.0127649587747569,-0.0040364835651078,
6,110.751,0.003609739025235,0.0135520496589876,-0.0042291427643295,
6,110.802,0.00253634675687,0.0143740041278916,-0.0044146306687184,
6,110.853,0.002045838769436,0.0151522879621436,-0.0045806183665701,
6,110.904,0.0013660677500554,0.0156392076770274,-0.0049215988661484,
6,110.955,0.0002178536422831,0.016100978274924,-0.0053474191241698,
6,111.006,-0.000736889834748,0.0165095238170627,-0.0055926102204892,
6,111.057,-0.0012900191204652,0.0166502798542961,-0.0057022574764509,
6,111.109,-0.001340304080638,0.0166079812608782,-0.0055153314825846,
6,111.159,-0.0010640494942692,0.0162508446353595,-0.0051532141910674,
6,111.21,-0.001002228066161,0.0155196425196982,-0.0051094951384024,
6,111.261,-0.0012837336589174,0.0148081065798026,-0.0054743270444493,
6,111.312,-0.0017628182456512,0.0145680110288382,-0.0060718755260865,
6,111.363,-0.00192846658921,0.0146495622032987,-0.0065698403473717,
6,111.414,-0.0014781176998859,0.0145291834003419,-0.0065622664854646,
6,111.465,-0.0006688761233162,0.0140881332861704,-0.0062310730460941,
6,111.516,0.00050636630821,0.0134768512160405,-0.0059197652642754,
6,111.567,0.0018219326574776,0.0130063306798813,-0.0056462196114539,
6,111.618,0.0029209783119073,0.0128647199694083,-0.0054188676275215,
6,111.669,0.0033912006317986,0.0127445985045443,-0.0052394059961999,
6,111.72,0.0028178505850036,0.012447075317925,-0.0051050756903697,
6,111.771,0.0018220966457462,0.0120596763318867,-0.0050104816481113,
6,111.822,0.0012379266487993,0.0118465901211223,-0.005149805242177,
6,111.873,0.0015671560116207,0.0119632512855949,-0.0054279599253925,
6,111.924,0.0026565809797404,0.012081190985451,-0.0055719753567767,
6,111.975,0.0035435403220582,0.0119896425158728,-0.0056183911144636,
6,112.026,0.0038277281977306,0.0117710928921485,-0.0055984824327924,
6,112.077,0.0037024978701886,0.0114886477308262,-0.0057384694588979,
6,112.128,0.0035255803897393,0.0113887465215393,-0.0059697602006366,
6,112.179,0.0037313929792976,0.0116147792223212,-0.0058393610234711,
6,112.231,0.0039653027943788,0.0120316921481937,-0.0054874668778936,
6,112.281,0.0035959410560366,0.0125375343412178,-0.0052226191243572,
6,112.332,0.0028693422863061,0.0130597754017869,-0.0050348748452514,
6,112.383,0.0021728328475298,0.01355058046875,-0.0051124968016628,
6,112.434,0.0015515742621515,0.0139817959425412,-0.0055549098165081,
6,112.485,0.0010284857804605,0.0143401525071111,-0.0059949079128775,
6,112.536,0.0006103803545614,0.0146229928746362,-0.0061971769714582,
6,112.587,0.0004940274850574,0.0148346792670492,-0.006230729172229,
6,112.638,0.000580551110561,0.0147828917916278,-0.0059525455366508,
6,112.689,0.0003885718344856,0.0143654515573929,-0.0054967770975517,
6,112.74,0.0002342303096997,0.0137470337831993,-0.0051645614839212,
6,112.791,0.0003172602592905,0.0132502320512024,-0.0051391083510371,
6,112.842,0.0003450250301001,0.0132730060693917,-0.0055132762009301,end
7,114.321,0.0014126840186285,0.0122867691895747,-0.0067209328390688,start
7,114.372,0.0007471333468515,0.0129615297845111,-0.0065711113440787,
7,114.423,0.000260261591332,0.0133572122443698,-0.0059471429726877,
7,114.474,-7.290207263139505e-05,0.0133412873154613,-0.0050692053124643,
7,114.525,-0.000280720625039,0.0130626566593664,-0.0040989118301203,
7,114.576,-0.0003914541135263,0.0126379226463791,-0.0033481664896948,
7,114.627,-0.0006318599980699,0.012153605374535,-0.002999372315878,
7,114.678,-0.0011369524918577,0.0118708148269007,-0.0027355563289454,
7,114.729,-0.0017712263208016,0.0119408249532251,-0.0023466008288592,
7,114.78,-0.0022365637293961,0.012030646522938,-0.002109466707168,
7,114.831,-0.0021545040285313,0.0119251248590166,-0.0021895869206773,
7,114.882,-0.0017279624894688,0.0117027964323607,-0.0022659087002328,
7,114.933,-0.0013155862079166,0.0114234142210409,-0.0023336631555325,
7,114.984,-0.0009454224505053,0.0111298842175032,-0.0027921473055504,
7,115.035,-0.000632068296612,0.0110516944427689,-0.0036652285827218,
7,115.086,-0.0001794882377641,0.0115195620215852,-0.0045332410675986,
7,115.137,0.0005268609019303,0.0125008925571267,-0.0049266049152644,
7,115.188,0.0011383881043413,0.0135318660145191,-0.0047831181939663,
7,115.239,0.001639975014,0.0143110227132249,-0.004306848319666,
7,115.29,0.0020307573347319,0.0148660839911906,-0.0036554078663191,
7,115.341,0.0019174147538344,0.0152328313321695,-0.0029439539597499,
7,115.392,0.0016906897494905,0.0154493411563497,-0.0022511638882031,
7,115.443,0.0020119613249861,0.0153512692786261,-0.0016259981210187,
7,115.494,0.0028597161474697,0.0148584847403871,-0.0012952586916516,
7,115.545,0.0037761950744936,0.0141521377183392,-0.0013807531459963,
7,115.596,0.0042614590750886,0.0135663990263071,-0.0015254981206878,
7,115.647,0.0044311797821085,0.013305900744984,-0.0016966156427733,
7,115.698,0.0045857257161008,0.0130740889745162,-0.0022725680869747,
7,115.75,0.004718124076117,0.0128792975840204,-0.0032627274328386,
7,115.8,0.0044240147255577,0.0131255648492598,-0.0044389960837186,
7,115.851,0.0034783235099559,0.0136349222596713,-0.005439298834706,
7,115.902,0.0027932108795402,0.013870427183748,-0.0058447204905756,
7,115.953,0.0025310918507976,0.0139113774685833,-0.00583604531584,
7,116.004,0.0019588163812526,0.014225927469428,-0.0057633190643554,
7,116.055,0.0010327608155517,0.0148915158339687,-0.0056553559078622,
7,116.107,0.0003558684021661,0.0155279405195796,-0.0055334665623028,
7,116.157,0.0002948215821722,0.0156928675251083,-0.0052116037714652,
7,116.208,0.0002319850718317,0.0153413159553098,-0.0047873440562875,
7,116.259,-2.7785040375626625e-05,0.0148875950672574,-0.0045323278236503,
7,116.311,8.676722753239686e-06,0.0146056303552781,-0.004004675184462,
7,116.361,0.0002321981550785,0.0142556392768996,-0.0031437212743344,
7,116.412,0.000356900687762,0.0136893017232456,-0.0025398348011817,
7,116.463,0.0004082077809685,0.0132305395370534,-0.0023501648709579,
7,116.514,-0.0001941800471819,0.0130784585886516,-0.0024413901998114,
7,116.565,-0.0013682578743505,0.0131352853129283,-0.0025046060329527,
7,116.616,-0.0020113376022976,0.0135223638625217,-0.0025447795861931,
7,116.667,-0.0022622000615501,0.0140901545681741,-0.00296861496844,
7,116.718,-0.0022413607223707,0.0143265653885541,-0.0036044642911313,
7,116.769,-0.0016462718018571,0.0143314535101172,-0.0041243754474087,
7,116.82,-0.0009315262381035,0.0143882951686118,-0.0045281632190873,
7,116.871,-0.0001974566879383,0.0144738910206978,-0.004825037409733,
7,116.922,0.0004900359821312,0.0145710522079162,-0.0052303271347969,
7,116.973,0.0012932614876929,0.0144669918904016,-0.0056725910027777,
7,117.025,0.0025078538507506,0.0144430710325679,-0.0057013723951565,
7,117.075,0.0032862036038877,0.0148741366970738,-0.0054626540569496,
7,117.126,0.0029189063351014,0.0151607123589036,-0.0056740523926404,
7,117.177,0.0016455191923704,0.0151307638645277,-0.0065588187005036,
7,117.229,0.0002949728246197,0.0151010516376216,-0.0076035405965573,
7,117.279,-0.0001932310425444,0.0148730441716373,-0.0084660904724703,
7,117.331,0.0001116825419536,0.0147370100338857,-0.0091425124251737,
7,117.432,0.0016234840783606,0.0154827678614828,-0.0092809632495415,
7,117.483,0.0022862173844204,0.0159079074850341,-0.009033079606523,
7,117.534,0.0021259353403373,0.0163084697404483,-0.0089517751137485,
7,117.585,0.0020531881140602,0.0164602570545375,-0.0087830042309509,
7,117.637,0.0022432591700152,0.0164402985769103,-0.0083708609380847,
7,117.687,0.0021849527582254,0.0161109603495778,-0.0078357392733621,
7,117.738,0.0021728666870516,0.0154088241683411,-0.0070638997611154,
7,117.789,0.002392228674006,0.0145239984763977,-0.0062022454335988,
7,117.84,0.0029432417767639,0.0135930856971033,-0.0055530415672086,
7,117.891,0.0030601940755211,0.0129082319957136,-0.0050922459251205,
7,117.942,0.0020860310043755,0.0126370389870053,-0.0049901371524351,
7,117.993,0.0010928382717786,0.0124521001174695,-0.0051262755063589,
7,118.044,0.0009705620700076,0.0123373372524514,-0.0050026102447704,
7,118.095,0.0016175060510835,0.0124776348297931,-0.0045214203377624,
7,118.146,0.0023041520183629,0.0125694115683636,-0.0040504207563961,
7,118.197,0.0027602666120195,0.0124218629935543,-0.0040254610944304,
7,118.248,0.0030318882901382,0.0123335095044203,-0.0042885749168699,
7,118.299,0.0029625311876467,0.0124910522718563,-0.0043136409559977,
7,118.35,0.0028808921715831,0.0127936450256845,-0.0041840210414592,
7,118.401,0.0029987681318175,0.0131649574878116,-0.0041664395247754,
7,118.452,0.0030343002893216,0.0133496809692473,-0.004021292735342,
7,118.503,0.0028133330454191,0.0131990621884659,-0.0036051582505164,
7,118.554,0.0028472778909461,0.012845470860177,-0.0030486549143869,
7,118.605,0.0030419840901311,0.0125909416476282,-0.0024468316393271,
7,118.656,0.0029224860963573,0.0126212269439042,-0.002065122554724,
7,118.707,0.0028119061033799,0.0128317455407709,-0.0022569153683439,
7,118.759,0.002916762613264,0.0133417790100668,-0.002801117125714,
7,118.809,0.003352199824775,0.0142037677046532,-0.0031259519785635,
7,118.86,0.0039646752989305,0.0150214032324024,-0.0032840004214087,
7,118.911,0.0044406586040996,0.0155440756399325,-0.0037240508763367,
7,118.962,0.0047908650598757,0.0158355849125168,-0.0045104466344794,
7,119.013,0.0048314373871024,0.0157545857481726,-0.0054557975915821,
7,119.064,0.0046701660742308,0.0152403510125344,-0.0064271513945883,
7,119.115,0.0045932311709029,0.0144895702336322,-0.0071363162930944,
7,119.166,0.0045765660007027,0.0138482267610684,-0.0072186889515457,
7,119.218,0.0045998936873637,0.0135294260705346,-0.0068924501619466,
7,119.268,0.0046469968604479,0.0132422653969434,-0.0067320229944475,
7,119.319,0.0045047308616985,0.0129984657080161,-0.0066908270356154,
7,119.37,0.0036499404066475,0.0130028945820455,-0.0065285759542083,
7,119.422,0.0024068395724023,0.0131661694399323,-0.0063017201748722,
7,119.472,0.0014162251844506,0.0134182039792468,-0.0058508205276985,
7,119.523,0.0006671228507136,0.013706917869611,-0.0048907850197985,
7,119.574,0.0003339262841025,0.0139959627317712,-0.0034805037651385,
7,119.625,0.0002942383547325,0.014061166233035,-0.0022964167955169,
7,119.676,0.0002451472544244,0.013977570710199,-0.0017541889956718,
7,119.727,0.0001939690740261,0.014006091877816,-0.0016671775980726,
7,119.778,-5.526999361663731e-05,0.0139033943975124,-0.0020799435226699,
7,119.829,-0.0006123471343314,0.013523956024059,-0.0029809171413618,
7,119.88,-0.0011212711055838,0.012997511051393,-0.0039217915297192,
7,119.931,-0.0011567610316186,0.0124190743175595,-0.0044110053296213,
7,119.982,-0.0006849286203087,0.0118537604132602,-0.0043704120224656,
7,120.033,-0.0001264618344993,0.0113422764790606,-0.004194120768875,
7,120.084,0.0004427044701843,0.0109064057543011,-0.0043466288266778,
7,120.135,0.0009730098278993,0.0107548783377719,-0.0048985949838918,
7,120.186,0.001234956736425,0.0111995549725935,-0.0054615791994531,
7,120.237,0.001504582094365,0.0121917192347271,-0.0055847360811655,
7,120.288,0.0019583057547733,0.0134553115384002,-0.0052150817514833,
7,120.339,0.0026944856077172,0.0145906422337092,-0.0045590578055429,
7,120.39,0.0033518456421049,0.0151508397923754,-0.0039729045963052,
7,120.441,0.003303345490194,0.0150963385641902,-0.0036794844638701,
7,120.492,0.0026052033516279,0.0146519775959731,-0.003597380595617,
7,120.543,0.0015464965008721,0.0141941101945706,-0.0038582340820573,
7,120.594,0.0007432578155047,0.0141660298063645,-0.0043180885317108,
7,120.645,0.0003692246311901,0.0146166834305572,-0.0046677971994789,
7,120.696,9.967678017136544e-05,0.0151373376283703,-0.0049187703925614,
7,120.747,0.0003204617817668,0.0152593935361066,-0.0048854242359172,
7,120.799,0.0010388197445961,0.0149151689881356,-0.0046724082392426,
7,120.849,0.0018177550534726,0.0142995475024628,-0.0045621066824929,
7,120.9,0.0023721335105297,0.0135593201787546,-0.0045265420957158,
7,120.951,0.0025371232887929,0.0129994753885843,-0.0045417672059699,
7,121.002,0.0030416248058109,0.0130019607953422,-0.0043875096250705,
7,121.053,0.0039241780007341,0.0135657315331083,-0.0041369461050785,
7,121.105,0.0043757957000467,0.0142433601702799,-0.0040455789136439,
7,121.155,0.0043139185874015,0.0147387418361645,-0.0040636523752072,
7,121.206,0.0039276815900158,0.0150774434023489,-0.0041504638641544,
7,121.257,0.0035652772925615,0.015087615220482,-0.0042743867252166,
7,121.308,0.0032472713258154,0.0146854331863946,-0.0044121558693821,
7,121.359,0.0027824531614411,0.0140510960502173,-0.0045477378761695,
7,121.41,0.0024616508764187,0.0135196580362761,-0.0046710253870104,
7,121.461,0.0026606518666632,0.0132977404439227,-0.0045756900357255,
7,121.512,0.0031770430484486,0.0130913280029022,-0.0043477991944058,
7,121.563,0.0032530084593051,0.0127106079849348,-0.0044548682572584,
7,121.614,0.0026387362488261,0.0124495137472333,-0.0047681631413199,
7,121.666,0.0018319593473564,0.0124869499474288,-0.0049877195546148,
7,121.716,0.0013681977592847,0.0125120080679088,-0.0051295189286678,
7,121.767,0.0013625187997117,0.0123262808267073,-0.0048083901600603,
7,121.818,0.0014502543933262,0.0120202861819124,-0.0040153254453179,
7,121.869,0.0015908534503063,0.0116617394620931,-0.0035857944869125,
7,121.92,0.0017540617617857,0.0112982916875128,-0.0040264231382312,
7,121.971,0.0017178258090402,0.0109608976320049,-0.0049897327684721,
7,122.022,0.0017574205858616,0.0108681508575622,-0.0056083776837092,
7,122.073,0.0018424687322135,0.0113414269739006,-0.0055546061546316,
7,122.124,0.0019498362549686,0.0121397028327883,-0.0052747326135213,
7,122.175,0.0022637267949137,0.0128814558572057,-0.0050731650654296,
7,122.226,0.0028856889313765,0.0135273702862093,-0.0047371781497741,
7,122.277,0.0036552688882831,0.0138590962865933,-0.0043419721581946,
7,122.328,0.0040560334276701,0.0137618347012687,-0.0041413678424391,
7,122.379,0.0041880628287727,0.013397254627936,-0.0040816868500103,
7,122.43,0.0041371321566963,0.0130913510663709,-0.00431801528414,
7,122.481,0.0039729511975063,0.013048487723735,-0.0047252047379292,
7,122.532,0.003749326217379,0.0129769353351562,-0.0048075979195696,
7,122.583,0.0031038739806118,0.0128927312339438,-0.0046750635829644,
7,122.634,0.0024405672525469,0.0130080110000035,-0.0048169994053731,
7,122.685,0.0020199289006729,0.0130411355727779,-0.005324398546026,
7,122.736,0.0013870503089867,0.0128180751187206,-0.0058245933625816,
7,122.787,0.0006688924415176,0.0126494628778865,-0.0058783179820957,
7,122.838,0.0001545663429436,0.0127301499430749,-0.0056413823693463,
7,122.889,-0.0001877143409169,0.0129642436303115,-0.0054378988833287,
7,122.94,-0.0001913231853951,0.0132779193341587,-0.0048705491919016,
7,122.991,0.0004242328974673,0.0134166027758029,-0.0037137432037264,
7,123.043,0.0013874416074413,0.013231080084268,-0.0026734860544879,
7,123.093,0.0018937390070487,0.0128525309707091,-0.0023940461077223,
7,123.144,0.0018654893563122,0.0123805942254258,-0.0026250058223599,
7,123.195,0.0016975101805669,0.0120875091472575,-0.0027630900400597,
7,123.246,0.0014534096078199,0.0121335090555847,-0.0026296819760175,
7,123.298,0.0013809315598164,0.0121924526539915,-0.0023328690511868,
7,123.348,0.0012235126389141,0.0122549625646012,-0.0021559338330998,
7,123.399,0.0006225954541909,0.0125155717531247,-0.0022709298409177,
7,123.45,-1.3652610539151636e-05,0.0126814629241743,-0.002363084706381,
7,123.501,-0.0004206145239664,0.0125724462812649,-0.0022323535950156,
7,123.552,-0.0006478307520882,0.0122958747734173,-0.0019691763024003,
7,123.603,-0.0005406800865519,0.0121348932976617,-0.0016421963908337,
7,123.655,0.000173976827846,0.0122618115217211,-0.0013005639998552,
7,123.705,0.0014216816007137,0.0123623452250591,-0.0009769787314558,
7,123.756,0.0025093576819063,0.0122370472993465,-0.0008917963934681,
7,123.807,0.002804521363217,0.0119769775271865,-0.0011671907893531,
7,123.859,0.0027685281331239,0.0118521975848887,-0.0016517182427876,
7,123.909,0.0029247056806389,0.0122258772991257,-0.0024322833920893,
7,123.96,0.0033924196244661,0.0128892258955212,-0.0031391736163559,
7,124.011,0.0042231984904176,0.0134842313299426,-0.0033403580637,
7,124.062,0.0048184229486325,0.0141884395813497,-0.003602712801287,
7,124.113,0.0050139241279587,0.0149061137404053,-0.0042848906454791,
7,124.163,0.0049373568809616,0.0151731037187893,-0.0051815209767057,
7,124.215,0.0044916153866899,0.0149287648197277,-0.005942827665818,
7,124.266,0.0040457450342659,0.0143761129483888,-0.0061545186154648,
7,124.317,0.0036356103475956,0.0136701205163241,-0.0059967067983514,
7,124.369,0.0030805086688496,0.0131233313518284,-0.0058154250387554,
7,124.419,0.0026778590821688,0.0129234065702023,-0.0056336537868427,
7,124.47,0.0026061647702304,0.0129620044439261,-0.0056670045679267,
7,124.521,0.0023508212737944,0.013150478488688,-0.0060364786676718,
7,124.572,0.0015965394062669,0.0132191014180601,-0.0065918448411706,
7,124.624,0.0007836903766223,0.0130045112770903,-0.0070209850389044,
7,124.674,0.0006010791512438,0.0128263544224909,-0.0069330283837767,
7,124.725,0.0012390090142394,0.0128867097247388,-0.0063196630737343,
7,124.776,0.0019502797404474,0.0130951866152308,-0.0056194335293798,
7,124.827,0.0022497815907567,0.013381913843749,-0.0051205789940617,
7,124.878,0.0022611348185965,0.0134949596002815,-0.0047909513425,
7,124.929,0.002086771440126,0.0134875331206082,-0.0047971713992638,
7,124.98,0.0020081393000812,0.0138051054930599,-0.00501828822162,
7,125.031,0.0023988886403795,0.0145064383466347,-0.0051586326795673,
7,125.082,0.0032601199232929,0.0151967224230594,-0.005235899301153,
7,125.133,0.0043539098329705,0.015422800128181,-0.0050656701044997,
7,125.184,0.0051073163339017,0.0151321631026576,-0.0047503841849005,
7,125.235,0.0051802263481132,0.0145334781684184,-0.0045682275780987,
7,125.286,0.0048108417800494,0.0137853206676973,-0.0044860869317173,
7,125.337,0.0041874648426258,0.0132022344445541,-0.0044746903178978,
7,125.389,0.0036521011917747,0.0131735255855583,-0.0045095810276163,
7,125.439,0.0032161926132757,0.0135026737837631,-0.0047721889476083,
7,125.49,0.0028790877437357,0.0136332252303668,-0.0051597474472224,
7,125.541,0.0026324315862161,0.0136259186951696,-0.0053954756215151,
7,125.592,0.0022627659367445,0.0137316173462224,-0.0055148903227467,
7,125.643,0.0020447381375554,0.0137004672530481,-0.0055501142027395,
7,125.694,0.0019414784348498,0.0135840514021168,-0.0055285125138065,
7,125.745,0.0019201206367739,0.0136231359703134,-0.0052713673416625,
7,125.796,0.0023546738083518,0.0135579775171601,-0.0046829797006204,
7,125.847,0.0032475506763692,0.0132303633904273,-0.0039294164090346,
7,125.898,0.0041618126062071,0.0127607412908571,-0.0031304538081657,
7,125.949,0.0050163440521017,0.012438602184344,-0.0021657240667608,
7,126.0,0.00536225247931,0.0124377637276621,-0.0009713457394408,
7,126.051,0.0049524994183267,0.0124422256374145,0.0002743695153903,
7,126.306,0.001145049200379,0.0139280462833622,-0.0003618798085986,
7,126.357,-0.0019232659852683,0.0140808035049585,-0.0025601608541567,
7,126.408,-0.0049416339672439,0.0142526168209197,-0.0045676998210278,
7,126.459,-0.0072838249716813,0.0146236830894204,-0.0060907998508943,
7,126.51,-0.0086025252076381,0.0152935651630615,-0.0069800146690131,
7,126.561,-0.0089580386537666,0.0159004456110038,-0.0075920861822381,
7,126.612,-0.0084664174891535,0.0162173334062027,-0.0081780752424431,
7,126.663,-0.0076718125249138,0.016322777273804,-0.0087002617512365,
7,126.714,-0.0065458881470387,0.0160833069266274,-0.0089387456897127,
7,126.765,-0.004695419990228,0.0154410291437595,-0.0085744509966105,
7,126.816,-0.0021272517689553,0.0145920065904983,-0.0076519946993738,
7,126.867,0.0008957383032932,0.0136785928819977,-0.0064456647069785,
7,126.918,0.0033650808434093,0.0127972594927238,-0.0053550142041345,
7,126.969,0.0046784688845785,0.0120073014280901,-0.0046270043064838,
7,127.02,0.0051449747212897,0.0115402407904668,-0.0041900580743714,
7,127.071,0.0048300216689499,0.0117194588236799,-0.0041757210311125,
7,127.122,0.0042400136809736,0.0122987714713408,-0.0044335767854456,
7,127.173,0.0039226634826939,0.0128873135689885,-0.0046444557080119,
7,127.224,0.0038056766173753,0.0134344953641927,-0.0046074316776626,
7,127.275,0.0036257573881091,0.0137103600020754,-0.0042135553200746,
7,127.326,0.003219096269403,0.0135892201466911,-0.0038232862807007,
7,127.377,0.0029005160424355,0.0134240260885768,-0.0034666824635564,
7,127.428,0.0026640192834969,0.0134446820660582,-0.0031603171077532,
7,127.479,0.0024991654864858,0.0135828738835298,-0.0031116173117901,
7,127.529,0.0027951706008622,0.0137853460656027,-0.0030312502865138,
7,127.581,0.0031621355155588,0.0140127792669831,-0.0029370295964031,
7,127.632,0.0029426300782804,0.0144387844156309,-0.0032431602225802,
7,127.683,0.0021637909548562,0.0151587551751857,-0.0037814642481182,
7,127.736,0.0010887891548609,0.0158085898319509,-0.004224595558672,
7,127.785,0.0001110352388994,0.0159595718121619,-0.0047719230853205,
7,127.836,-0.0005249685841175,0.01557765130015,-0.0053421083002169,
7,127.887,-0.0008906980702817,0.0150854676077951,-0.005479481064903,
7,127.938,-0.0008528727232928,0.0147629389308514,-0.0051273996135072,
7,127.989,-0.0003584318488131,0.0143742949486348,-0.0044896898698055,
7,128.04,0.0001883062935532,0.0137736352747269,-0.0037200214131472,
7,128.091,0.0005238303455488,0.0130852520821036,-0.0031283848205294,
7,128.142,0.0006969381070583,0.0123959074810511,-0.0028992911092621,
7,128.193,0.0007519735850334,0.0117613237177145,-0.0027202850679262,
7,128.244,0.0007268620318691,0.0114136728683152,-0.0023869493501616,
7,128.294,0.0004515316993789,0.011679642192262,-0.0021822457249957,
7,128.346,-0.0001629922488515,0.0123177915215206,-0.0022773186968497,
7,128.397,-0.0005440243965511,0.0127417070132798,-0.0023561826536379,
7,128.448,-0.0003430292759163,0.0127933350490554,-0.0024183155189872,
7,128.499,1.4269638876863002e-05,0.0128028821491151,-0.0028663938361995,
7,128.55,0.0006439448292138,0.0129855072803702,-0.0035260031799866,
7,128.601,0.0013977249746642,0.0132644653640477,-0.0038666222594067,
7,128.652,0.0015680452881663,0.0135827970662406,-0.0037744596765471,
7,128.703,0.0013504803205773,0.0136999747558018,-0.0036129693039549,
7,128.755,0.0007007886228407,0.0136787287204736,-0.0038216558388233,
7,128.805,-0.000173856234433,0.0137712448395031,-0.0044518250464148,
7,128.856,-0.0007208445856528,0.0139292903510464,-0.0053016891401683,
7,128.907,-0.0010137484646926,0.0141166668961301,-0.0060233487063241,
7,128.958,-0.0009193312383493,0.0143078023380754,-0.006403977034357,
7,129.009,-0.0003832562323932,0.0144859939824928,-0.0065353072618702,
7,129.06,0.0003930119085547,0.014440735695074,-0.006295365901663,
7,129.111,0.0008593006673744,0.0142558032051174,-0.0058365842578383,
7,129.162,0.0008884914266505,0.0143978140290223,-0.0054751382350371,end
8,130.335,0.0029687541816649,0.0144479519276715,-0.0056511234269464,start
8,130.386,0.0035502592261418,0.0134640294294621,-0.0056395733868688,
8,130.437,0.0040396710765442,0.0125547117444777,-0.0053799529507238,
8,130.489,0.00443070266687,0.0117662906091279,-0.0047812547373804,
8,130.539,0.0041247240376521,0.0113195769169934,-0.0042140176260767,
8,130.59,0.0033962971547497,0.0113287375322994,-0.004114193573311,
8,130.641,0.0026562831437437,0.0116295379318995,-0.004322164816322,
8,130.692,0.0017674519422873,0.0120932176181672,-0.0045100003400431,
8,130.743,0.0006537458389789,0.0124232775352388,-0.0046698323112726,
8,130.794,-0.0003138826056452,0.0124402916962888,-0.0047988643054122,
8,130.845,-0.0009092573204195,0.0122551666737675,-0.0048977771000419,
8,130.896,-0.0010172243651868,0.0119552711089705,-0.0047685932368447,
8,130.947,-0.0008039183846182,0.0116058589293969,-0.0045034970183227,
8,130.998,-0.0008033663743375,0.0112527586829169,-0.0043733629543794,
8,131.049,-0.0009393087950258,0.0109256588543773,-0.0043402411957688,
8,131.1,-0.0009510377479888,0.0108423451512464,-0.004371999213939,
8,131.151,-0.0006813263193363,0.0113237442441135,-0.0042419830895403,
8,131.202,-5.19458662952459e-05,0.0121286503013975,-0.0038178238597672,
8,131.253,0.0005567149022176,0.0126747098462252,-0.003239089676429,
8,131.304,0.0009023575866734,0.0128100572726918,-0.0026077103295506,
8,131.355,0.0008507128891943,0.0128719545786149,-0.0019932878149966,
8,131.406,0.0003475824599737,0.0132834394231522,-0.0016399329344593,
8,131.457,-0.0002038571727219,0.0138860767710374,-0.0018840677147787,
8,131.508,-0.0003403136211644,0.0141612308150233,-0.0024917912159017,
8,131.559,-0.0001996579471675,0.0142042488613579,-0.0030830487137503,
8,131.61,0.0001074246554921,0.0142957639956007,-0.0036162479531858,
8,131.661,0.0008982437274374,0.0142101974285401,-0.0040693776983144,
8,131.712,0.0019357786939056,0.01381709944293,-0.0046355869244822,
8,131.763,0.0028473628470783,0.0134591782868645,-0.0054296679578795,
8,131.814,0.0034041038856193,0.0135542382014973,-0.0063061036465982,
8,131.865,0.0034877071559735,0.0139321817304692,-0.0067632831955689,
8,131.916,0.0032611466508245,0.0140595242770847,-0.006312344391504,
8,131.967,0.0028538625209961,0.0140159136305648,-0.0055160416160201,
8,132.018,0.0023633895607875,0.0140669989405602,-0.0051647098521626,
8,132.069,0.0020597983629444,0.0139738801324498,-0.0051269846279941,
8,132.12,0.002101286258505,0.0135949226920127,-0.00509258838263,
8,132.172,0.0021599246394371,0.0132639188239771,-0.0050630903524208,
8,132.222,0.0022248518863795,0.0133919280513804,-0.0050391034789316,
8,132.272,0.0026902639879526,0.0138040426090939,-0.0050205781428772,
8,132.324,0.0035759731571584,0.0139635946568204,-0.0048062101209994,
8,132.374,0.0046600884130166,0.013948347981907,-0.0042826253611039,
8,132.426,0.0055835273300786,0.0140230523512039,-0.0038036190028772,
8,132.477,0.0059280658734498,0.0141494457004235,-0.0037933506216083,
8,132.528,0.0058736477977022,0.0142988362410682,-0.0040845329574266,
8,132.579,0.0057685635287408,0.0144509750064459,-0.0043448258334708,
8,132.631,0.0056394262019888,0.0145926545162168,-0.0045643974790457,
8,132.68,0.00530440280255,0.0147162443607666,-0.0045393798946829,
8,132.732,0.0044625803320589,0.0148183039705915,-0.0041586707250344,
8,132.786,0.0033633480115222,0.0146975226738048,-0.0035804218957995,
8,132.834,0.0025889979371653,0.0142426911429253,-0.0027210997769178,
8,132.885,0.0020852178135553,0.013610154172241,-0.0015497095367758,
8,132.938,0.0015946048899127,0.0131152930849193,-0.0004731094163713,
8,132.987,0.0015535167162894,0.0129493181972686,0.0002553762441664,
8,133.19,0.0040871352981062,0.0118611876025903,0.0002555745159575,
8,133.242,0.0044812825593371,0.0119687626405662,-0.0003175364509539,
8,133.293,0.004574906223848,0.012080432192992,-0.0006595932485624,
8,133.344,0.0044682675042607,0.0119849233111409,-0.0010268181481155,
8,133.395,0.0038400895428878,0.0117642127809693,-0.001782351512237,
8,133.446,0.0031287189528309,0.0114809344221252,-0.0029270661520018,
8,133.497,0.0026219731605016,0.0113811184771195,-0.0040285902555332,
8,133.548,0.0020863387852594,0.0116078186494978,-0.0046122574859415,
8,133.599,0.0019768733480849,0.0118248851705773,-0.004816908404854,
8,133.65,0.0023503594080203,0.0118175017737589,-0.0049628699682117,
8,133.701,0.0028027500694929,0.0116667602107092,-0.0050594654253756,
8,133.751,0.0032694042103925,0.0114361852589199,-0.0053174736625342,
8,133.803,0.0035068846573035,0.0113737655803031,-0.0058591111950649,
8,133.854,0.0033774729209319,0.0118258742449485,-0.0063383095385021,
8,133.905,0.0030231504113501,0.0127724906552141,-0.0063372994386588,
8,133.956,0.0027538786410365,0.0139602153950488,-0.0058275544043049,
8,134.007,0.0025607858267629,0.0152071612923321,-0.005233314676359,
8,134.058,0.0022312286617785,0.0161910836332128,-0.0048334551371187,
8,134.108,0.0018406243436505,0.0167264398677724,-0.0045903837320763,
8,134.16,0.0010405786259233,0.0169311005202595,-0.0044673954055936,
8,134.211,-0.0001586261763546,0.0169072279537535,-0.0044313026243233,
8,134.261,-0.0009149950307904,0.0169395366773116,-0.0044538398927074,
8,134.313,-0.0011257549845084,0.0170052818860377,-0.0045121691368145,
8,134.364,-0.0011704904094278,0.0166855227844257,-0.0045887678294717,
8,134.415,-0.0009043183402357,0.015943373600529,-0.0044700965672285,
8,134.466,-0.0006609614510179,0.0149899433011523,-0.0042357218924397,
8,134.517,-0.0006526204696847,0.0139775998903694,-0.0041468024407897,
8,134.568,-0.0007956773622503,0.0132096311717976,-0.0041583141276311,
8,134.619,-0.0012251749142623,0.0128609197796478,-0.0042333127059526,
8,134.67,-0.0014022112871043,0.0128091129121003,-0.0041421701486682,
8,134.721,-0.0014031093496098,0.0129518880431016,-0.0037509608600719,
8,134.772,-0.0014918023470421,0.0130071553619108,-0.0033995641640909,
8,134.823,-0.0012280104341773,0.0128010259400669,-0.0033027639044736,
8,134.874,-0.0009601767552693,0.0124438084066915,-0.0033770257609046,
8,134.925,-0.001313767857155,0.0120183868018382,-0.003755866512168,
8,134.977,-0.0020375055005523,0.0115833980012775,-0.0045004494725411,
8,135.027,-0.0025388295357106,0.0113780510770689,-0.005419786834115,
8,135.077,-0.0024555678543989,0.0115373152084889,-0.0061765159908021,
8,135.129,-0.0018032362681937,0.0119176289621387,-0.0063664981407525,
8,135.18,-0.0010391685337243,0.012409161310418,-0.0061777343023704,
8,135.232,-0.0004656525108597,0.0129325373800752,-0.0061628925058085,
8,135.282,-0.000261253304731,0.0136351255133196,-0.006461621826816,
8,135.333,-0.0003100078326496,0.0143962102419,-0.0067366288500909,
8,135.384,-0.0001155389659519,0.0147320039692685,-0.0065726619636198,
8,135.435,0.0004201328972536,0.014768061186164,-0.0061403305126517,
8,135.486,0.0011316034516545,0.0148098189856252,-0.0057714473734243,
8,135.537,0.0016978342184711,0.0148518783138758,-0.0054728905662611,
8,135.588,0.0019245942905565,0.0148907522566206,-0.0052434217623331,
8,135.639,0.0017145842331163,0.0149244603690598,-0.0048758630233986,
8,135.69,0.0012413218163501,0.0149521474789087,-0.0042484337026968,
8,135.74,0.001038908213812,0.0147729151524496,-0.0035047395543359,
8,135.791,0.0010264645003599,0.014475373080593,-0.002746222305732,
8,135.843,0.0013376915696848,0.0143266891120001,-0.0022399662113923,
8,135.893,0.0022331707566254,0.0140845861592247,-0.0023378348124634,
8,135.945,0.003029756683062,0.0138020177656791,-0.0030161312481866,
8,135.996,0.003297257448031,0.0137170301524774,-0.003811362411635,
8,136.047,0.0032039393683229,0.0135647549702151,-0.0042160388586239,
8,136.098,0.0030875397876973,0.0131807239390085,-0.0041368897217932,
8,136.149,0.0031665212879165,0.0128797401356207,-0.0037537966268245,
8,136.2,0.003163632231834,0.0130578651818194,-0.0034073774571483,
8,136.251,0.0031084674564234,0.0137297916795638,-0.0033131418727994,
8,136.302,0.0030242071454222,0.014463606660164,-0.0033882148895317,
8,136.353,0.0025263879791485,0.0149773303607421,-0.0035658433626174,
8,136.404,0.0022049910534574,0.0153086289768542,-0.0035941427694913,
8,136.454,0.0026250626978373,0.0152954809639485,-0.0033235627050973,
8,136.506,0.0032860968848225,0.0148616441454998,-0.0028830324655023,
8,136.557,0.0038477359485691,0.014192849528253,-0.0023688937390245,
8,136.608,0.0043005093866217,0.0136279246081527,-0.0016480149846065,
8,136.659,0.0044462551746551,0.0133758327084638,-0.0008524538815007,
8,136.71,0.0041825463877182,0.0131437945070379,-0.0006754062839741,
8,136.761,0.0038782515748838,0.0127424245522908,-0.0013109334323378,
8,136.812,0.0035723719077782,0.01226469685522,-0.0024165525475786,
8,136.862,0.0032900481646406,0.011977208178231,-0.0033331803460558,
8,136.914,0.003045512093334,0.0122364918614365,-0.0034524614212683,
8,136.965,0.0024431883214461,0.0128256196828414,-0.0030507806873961,
8,137.016,0.0016597836114879,0.0131772995607104,-0.0027489160113564,
8,137.067,0.0010240096317266,0.0131476065169465,-0.0029369856633739,
8,137.118,0.0007348264284909,0.0128757047083304,-0.0036250008195881,
8,137.169,0.0010928281520831,0.0124703047495253,-0.0045783861542801,
8,137.22,0.0020379770615961,0.0120118527290583,-0.0054245446606505,
8,137.271,0.0030829329819739,0.0115562047253301,-0.005933124577679,
8,137.322,0.0039071216996471,0.0111389588637599,-0.0061843419616484,
8,137.373,0.0045235110990691,0.0107798610797997,-0.0062503183269688,
8,137.423,0.0047562777359275,0.0104869042231241,-0.0063930236258559,
8,137.476,0.0043226410628608,0.0102599011904797,-0.0067743087891998,
8,137.526,0.0032956074816738,0.0100934336838735,-0.0070771439026419,
8,137.832,0.0002534224876901,0.0105857134355738,-0.005704009961483,
8,137.883,-0.0002551989440569,0.0110777677793124,-0.0055129866143531,
8,137.934,-0.0005609030668565,0.011306766772256,-0.0049475961947597,
8,137.985,-0.0005110739352114,0.0113486585294164,-0.0041875246473767,
8,138.036,-0.0006388932619481,0.0114680171188751,-0.0035644868938613,
8,138.088,-0.0008703795316414,0.0118283043472775,-0.0032802204103074,
8,138.138,-0.0007480893498521,0.0121133347527219,-0.0030352278569785,
8,138.189,-0.0002078944348368,0.012126367944053,-0.0026342711435988,
8,138.24,0.0001552612844934,0.0119639083023812,-0.0023663304729318,
8,138.29,-2.59682241817277e-05,0.0119027806634796,-0.0026068917588831,
8,138.342,-0.0003409475865968,0.0123132203665659,-0.0033550900914737,
8,138.394,-0.0005155705850587,0.0129931284673372,-0.0041679232065473,
8,138.444,-0.0003853140879248,0.0133895738563861,-0.0045552449291235,
8,138.495,0.0001308470428775,0.0135723721685917,-0.0044377157150363,
8,138.546,0.0006522100376648,0.0138042964337904,-0.0040058411049144,
8,138.597,0.0007333590501716,0.0138482627696528,-0.0036078882298982,
8,138.648,0.0003248235112927,0.0135673163748206,-0.003665327355415,
8,138.699,-0.000164119237845,0.0131005560970283,-0.0040102185570711,
8,138.751,-0.0006653528110697,0.0125521202687662,-0.0043109276299037,
8,138.8,-0.00113420329489,0.0119953594494986,-0.0045591434255082,
8,138.852,-0.0011429531405834,0.011477985908706,-0.0045529188871348,
8,138.903,-0.0008559138289541,0.0112282695229973,-0.0043840086879393,
8,138.953,-0.0002013948924001,0.0113711097028621,-0.0041243289310675,
8,139.005,0.0006362278945181,0.0117542417936342,-0.0036264612970767,
8,139.056,0.0009214945120271,0.012260707143696,-0.003216660588175,
8,139.107,0.0010304238513211,0.0126047526985712,-0.0030970961025549,
8,139.158,0.0012183419906904,0.0126161580417533,-0.0033741137498712,
8,139.209,0.0014418236037209,0.01241330784284,-0.0038832261713974,
8,139.26,0.0018709945091992,0.0122901738369068,-0.0042994605141969,
8,139.311,0.002397607774014,0.0124288913706099,-0.004622689812486,
8,139.361,0.0029444111790282,0.0127244041322433,-0.0046594703981546,
8,139.413,0.0030585696395301,0.0130967381911867,-0.0045095819496189,
8,139.464,0.0026852461994161,0.0132875971676024,-0.0046536813981959,
8,139.515,0.0024309331683369,0.0131459008026994,-0.004974754429143,
8,139.566,0.0022733774924209,0.0130031361733764,-0.0051827031754833,
8,139.617,0.0021905342880016,0.0130719888436279,-0.005502227900776,
8,139.668,0.0021622631235242,0.0130701977654122,-0.0060684771799628,
8,139.719,0.0017695956300389,0.012822409438335,-0.0067474748661687,
8,139.77,0.0011747663297491,0.0124367560915635,-0.0074442376816324,
8,139.821,0.0006988985965151,0.0119936636709438,-0.0078955871650893,
8,139.872,0.0003375551498689,0.0117501614158572,-0.0079524483082677,
8,139.923,7.86900007038696e-05,0.0120558953109191,-0.0077517358951634,
8,139.974,0.0001071786545778,0.0128901556489581,-0.0072011185529947,
8,140.025,0.0005185071754391,0.0137955345570841,-0.0064703221438717,
8,140.076,0.0009414935339745,0.0144729595915338,-0.0060843423300657,
8,140.127,0.001337976705964,0.0149497661600582,-0.0059505182648183,
8,140.178,0.0016856111525664,0.0150587685887801,-0.0057883315715915,
8,140.229,0.0015723224040302,0.0147222890686,-0.0058218171375279,
8,140.28,0.00117252073277,0.0141271295801494,-0.0061789410520285,
8,140.331,0.0006210810103158,0.013413876518486,-0.0067149419186486,
8,140.382,-0.000184146603011,0.0128830157055586,-0.0071217733326033,
8,140.433,-0.000886621092764,0.0127126119846091,-0.007212245887741,
8,140.484,-0.0012659288451217,0.0125862434392464,-0.0070925532286049,
8,140.535,-0.0014075020083939,0.0122974348886022,-0.0068476861117631,
8,140.586,-0.0013852306649385,0.0119276461815313,-0.0067430428428772,
8,140.637,-0.0010588328735778,0.0115356271337265,-0.0067367387106417,
8,140.688,-0.0003627701260999,0.0113616765257233,-0.0065931773120749,
8,140.739,0.0005144606790967,0.0117432258128755,-0.0063731185388304,
8,140.791,0.0012365792533363,0.0124503946369179,-0.0061216761398337,
8,140.841,0.0013995387631672,0.0131087570760888,-0.0058703050426605,
8,140.892,0.0011907896453884,0.013682928931097,-0.0054383395299267,
8,140.943,0.000760414166957,0.013956146156777,-0.0049252507962218,
8,140.994,2.1638177857802527e-05,0.0138135635267227,-0.0046021854100406,
8,141.045,-0.0006547488644173,0.013415761175999,-0.0042261110954258,
8,141.096,-0.0012367861467574,0.0130870637606511,-0.003645417119146,
8,141.148,-0.0015107213397528,0.0130299259589456,-0.0029801391657668,
8,141.198,-0.0007617139988123,0.0129507097549187,-0.0025148908855801,
8,141.249,0.0003823551010166,0.0126628635898993,-0.0026169742603932,
8,141.3,0.0010853896687598,0.0124651696131879,-0.0032755496094337,
8,141.351,0.0018507561713845,0.012742843634008,-0.0040372926484741,
8,141.402,0.0027954484709063,0.0135039227913589,-0.0046031753328555,
8,141.454,0.0035784275872516,0.0143130607971254,-0.0047971497066222,
8,141.504,0.0041947922815514,0.0146863532505092,-0.0045361838246838,
8,141.555,0.0044539501944618,0.0145492939576602,-0.004406072914136,
8,141.606,0.004262360280666,0.0140959302349435,-0.0047720056119578,
8,141.657,0.0037970736360448,0.0136769581127862,-0.0054266800003822,
8,141.708,0.0031936292592516,0.0135145342333481,-0.0060131134002607,
8,141.759,0.0025500539845027,0.0135296960365523,-0.0063078364561394,
8,141.81,0.0021332749823118,0.0138583683459529,-0.0063917945107408,
8,141.86,0.0022971007298779,0.0143617077161376,-0.0061329998107517,
8,141.912,0.0030209711928375,0.0145349677688229,-0.0054743363230543,
8,141.963,0.0038450425192386,0.0144826123636459,-0.0046121290917679,
8,142.014,0.0042655100094419,0.0144905976841672,-0.0038894765151829,
8,142.065,0.0043933479492794,0.0143358074778359,-0.0035152143701617,
8,142.116,0.004524071468236,0.0138882221145553,-0.0033944587381697,
8,142.166,0.0048469778405645,0.0132888082089174,-0.0034459906162216,
8,142.217,0.0052672007946176,0.0128410054841245,-0.0036038796196478,
8,142.268,0.0053144126119352,0.012727246022286,-0.0038172971587185,
8,142.32,0.0051186004742502,0.012636030756713,-0.0040491834397111,
8,142.371,0.0047826548162116,0.0125666018841832,-0.0042742864489394,
8,142.422,0.0041829883315592,0.0127175568656935,-0.0042761220366506,
8,142.473,0.0034623573740516,0.0127968949790036,-0.0041346172610575,
8,142.524,0.0029228701012963,0.0126230943427695,-0.004113382147185,
8,142.575,0.0027437321454722,0.0123009047870244,-0.0039701544004153,
8,142.626,0.002810095550513,0.0119094283720361,-0.0037601924716945,
8,142.677,0.0030285804288456,0.011504963379113,-0.0039259647526989,
8,142.728,0.0029254096900341,0.0111246602149975,-0.0043193976857321,
8,142.778,0.0022225653778104,0.0109912380024726,-0.0046264016427806,
8,142.83,0.0013924150696169,0.0112277051918838,-0.0048533115523523,
8,142.881,0.0007481393691971,0.0114815716344602,-0.0050106245627292,
8,142.932,7.39978763793923e-05,0.01152536948889,-0.005311497651624,
8,142.983,-0.0007659756238011,0.0114309210979287,-0.0058811066963912,
8,143.034,-0.0014439941018472,0.0112553956311057,-0.0065773112930896,
8,143.086,-0.0017628412498938,0.0110419718254416,-0.0072987796160384,
8,143.136,-0.0014240519064013,0.010821386935109,-0.0077776591647416,
8,143.187,-0.0004898688528738,0.0106139296200721,-0.0078616503221737,
8,143.238,0.0003494574019784,0.0104315574600295,-0.0076856319020273,
8,143.289,0.00106052111909,0.0102799242897603,-0.0073569961085026,
8,143.34,0.0016322012500656,0.0101601868354214,-0.007157713034585,
8,143.391,0.0018677288038259,0.0100705246718207,-0.0070573996256363,
8,143.442,0.0016679099856748,0.01020818786987,-0.0068277854313459,
8,143.493,0.0012049332397966,0.0108822548882127,-0.0065336896827153,
8,143.544,0.0010120395884436,0.0118461951843438,-0.0060210306641126,
8,143.594,0.0012086936156704,0.012516942180345,-0.0052085457744299,
8,143.645,0.0016393867468272,0.0127449321182305,-0.0042690368254002,
8,143.697,0.0019847484912169,0.0128714775704796,-0.0035243684628768,
8,143.748,0.0022476387148011,0.0131236292671685,-0.0031653168536222,
8,143.799,0.0024365168198167,0.0132352488474674,-0.0030824250010775,
8,143.85,0.002361920250991,0.0130469374957899,-0.0031833076227561,
8,143.901,0.0023251700511462,0.0126813926824408,-0.0033939500358526,
8,143.952,0.0025164786046916,0.0122315443963198,-0.0036580654256496,
8,144.005,0.0030395181676676,0.0117637658185873,-0.0037344248319582,
8,144.054,0.0037332963447723,0.0113220658934708,-0.0036842324339924,
8,144.105,0.004280010736007,0.0109325748365832,-0.0037577416264608,
8,144.156,0.0044876524264258,0.0108086908383944,-0.0039046817762758,
8,144.207,0.0040594814314785,0.0112667736775981,-0.0040869127725468,
8,144.258,0.0032579274513173,0.0120613024625881,-0.0040763047049687,end
9,146.298,0.0031638942396579,0.0103344744257576,-0.0049671967995728,start
9,146.349,0.0039561834443075,0.0102068879086072,-0.0046171934633094,
9,146.4,0.0041465054308915,0.0103092737332421,-0.0046243041153807,
9,146.451,0.0041362992478251,0.0109525949764968,-0.0044582118385481,
9,146.502,0.0041991375683939,0.0120919994153014,-0.0039935447088771,
9,146.554,0.0043037750738619,0.0134580352710962,-0.0035755481130783,
9,146.604,0.0044268146577585,0.014658849489245,-0.0036227301609967,
9,146.654,0.0041501049359055,0.0152555656810136,-0.0041652986059112,
9,146.706,0.0032375771206848,0.0152160727411141,-0.0049819974767806,
9,146.757,0.0023922402234446,0.0149725523563321,-0.0059089020700463,
9,146.808,0.0022604061314497,0.0148185751472504,-0.0066311921620728,
9,146.859,0.0023959351944186,0.0145335624582987,-0.0069633947095322,
9,146.91,0.0022903831978945,0.0139865723632408,-0.0070187270294984,
9,146.961,0.002038692850397,0.0133155042639966,-0.006892043166382,
9,147.011,0.0019143292594067,0.0126187677697508,-0.0066587998976303,
9,147.063,0.0020824510930232,0.0119615400657547,-0.0063759518295069,
9,147.114,0.0022238194389531,0.0115832824177473,-0.0062848454672585,
9,147.166,0.0023366727857249,0.0116151630463519,-0.006524865488138,
9,147.216,0.0024221720938554,0.0119075254082031,-0.0067571386291977,
9,147.266,0.0024832593917886,0.0123434616495469,-0.006564116680075,
9,147.318,0.0025237826552917,0.0126356252960957,-0.0061138371922,
9,147.369,0.0023470281139832,0.0126112759949272,-0.0057355713520558,
9,147.42,0.002245955078288,0.0125867203472335,-0.005433878980237,
9,147.47,0.0020007063838765,0.0127648386547179,-0.0054063667685101,
9,147.522,0.0012810247744487,0.0128577996991063,-0.0055569105753852,
9,147.572,0.00051571305632,0.0126878434636385,-0.0054078898671393,
9,147.623,-1.654980654044666e-05,0.0125637516548223,-0.0048778806901724,
9,147.675,-0.0001557542533857,0.0128807111025054,-0.0041461014450226,
9,147.726,0.0003699800058875,0.0134550770020792,-0.0033437030166805,
9,147.777,0.0012799396737696,0.0137467228128798,-0.0027613059660818,
9,147.828,0.0021623890321465,0.0138336167421715,-0.0025676267645985,
9,147.879,0.0029563043989852,0.0141838795584326,-0.0026388112743381,
9,147.931,0.003227993072739,0.0148757502463399,-0.0030749816901619,
9,147.981,0.0027412578505654,0.0155302976447043,-0.003911030954227,
9,148.032,0.0022088747331229,0.0157066583239091,-0.0047355467450066,
9,148.083,0.0020916507581961,0.0153613318956935,-0.0052855956611546,
9,148.134,0.0022501067456257,0.0147091619063364,-0.005816261146909,
9,148.185,0.0025726411828387,0.0139125884003232,-0.0064926984996389,
9,148.236,0.002773663622502,0.0132882266401239,-0.0072082863089145,
9,148.287,0.0026797716714326,0.0130253039455136,-0.0078914976774434,
9,148.338,0.0024042785877791,0.0128144785862548,-0.0084990596312153,
9,148.389,0.0020344466516674,0.012453168608551,-0.0090092961611978,
9,148.44,0.001633820227314,0.0122252040264525,-0.0092152901582752,
9,148.491,0.0014464610739452,0.0121010739030703,-0.0086071085610157,
9,148.542,0.0014109324223153,0.0116518426607866,-0.007324777871826,
9,148.593,0.0012748009804523,0.0110301956169178,-0.0061147620009518,
9,148.644,0.0012859173500294,0.0105487421484947,-0.0052491637699637,
9,148.695,0.0013905783134934,0.0101958788693436,-0.0048748284805116,
9,148.848,0.0024136962881995,0.0104361779973993,-0.0050490033657945,
9,148.898,0.0029352471070948,0.0110805350625666,-0.0055812176095967,
9,148.95,0.0032347796199183,0.0118086586459882,-0.006277530121816,
9,149.001,0.00316702421121,0.0123311796706808,-0.0068223164603159,end
10,149.816,0.0006669674947507,0.0125583341905736,-0.0061671459938153,start
10,149.868,0.0002922068693868,0.0127134148271091,-0.0064223671459382,
10,149.919,2.837957639328432e-05,0.0129965653355575,-0.0066726236026056,
10,149.971,5.772736226333531e-05,0.0133391071926527,-0.0068995919765903,
10,150.021,0.0002727458266342,0.0134913885535594,-0.0066917240363389,
10,150.072,0.0001879039772575,0.0133085791080031,-0.0062216719084814,
10,150.123,-8.243810603891848e-05,0.0131263780296697,-0.0060228957748047,
10,150.174,-0.0002491998784827,0.0131600376276819,-0.0062149049479083,
10,150.225,-0.0001353000530542,0.0131286021547859,-0.006441286461263,
10,150.276,0.0005511198638005,0.0130579431784185,-0.0062698594058616,
10,150.327,0.0013487502777353,0.0131686380836248,-0.0058570685419209,
10,150.378,0.0015511283353414,0.0133867520747218,-0.0055234732030724,
10,150.429,0.0013554826486314,0.0136562376097,-0.0052674689046116,
10,150.48,0.0011211143723519,0.0137361880016637,-0.005081793450891,
10,150.531,0.0008807389187713,0.0134873233907018,-0.0045544721506834,
10,150.582,5.33199782904877e-05,0.013047564927709,-0.0034487299958438,
10,150.633,-0.001686631744121,0.0125207037189993,-0.0022616784875451,
10,150.684,-0.0034703941124465,0.0121811372710216,-0.0015195063691699,
10,150.735,-0.0045364577320947,0.0121898048099841,-0.001323113243274,
10,150.786,-0.0048557499182223,0.0122202828030182,-0.001693366909053,
10,150.836,-0.0044696155944587,0.0122623005616138,-0.002798963918607,
10,150.888,-0.0032604070894297,0.0125091775902191,-0.0042873580770531,
10,150.939,-0.0016204585981101,0.0128676089402708,-0.0055000246084703,
10,150.99,0.0001640029056892,0.013268791794628,-0.0058359341342493,
10,151.041,0.0016969624258055,0.0134643313286953,-0.0053817157751066,
10,151.092,0.0025438055048274,0.0135122728352235,-0.0050597375820441,
10,151.142,0.0030834105681827,0.0136625344682123,-0.0052501047571942,
10,151.194,0.00338261971465,0.0138663482344583,-0.0055529389123422,
10,151.245,0.0035036140634037,0.0140881346782371,-0.0057027425662778,
10,151.296,0.0039022574938744,0.0143036310534841,-0.0059431992823537,
10,151.346,0.0044469471829691,0.0146986153693185,-0.0064233134143799,
10,151.398,0.0046398797447949,0.0151769840942832,-0.0068177293125864,
10,151.448,0.0043908797357085,0.0152687352110977,-0.0067238304107676,
10,151.5,0.0038784486253817,0.0149043241897632,-0.0063242932847814,
10,151.551,0.0032382309383629,0.0142766272785514,-0.0061624981255512,
10,151.602,0.0025674880372357,0.0137313302786858,-0.0061661767076782,
10,151.653,0.0017302171869804,0.0134835198402974,-0.00587401930381,
10,151.704,0.0008534042466698,0.0132455766805209,-0.0052147633954456,
10,151.755,0.0002225020009731,0.0128322430572617,-0.0043730286062361,
10,151.806,-0.0002000024807655,0.0123396270115107,-0.0036827138316951,
10,151.858,-0.0004549094882251,0.0118357366146722,-0.0035466352036244,
10,151.908,-0.0007826836909604,0.0113650946555991,-0.0039777821035137,
10,151.959,-0.0011308601449156,0.0111544185869226,-0.0045372507893343,
10,152.009,-0.0010624840827637,0.0113282300355481,-0.0049332411377298,
10,152.061,-0.0005316106538908,0.0117346702693112,-0.0053934067829138,
10,152.112,5.2405616272410975e-05,0.0122576565810401,-0.0058577646539091,
10,152.163,0.0004227554247954,0.0126125429423507,-0.006086674084231,
10,152.214,0.0008271520927913,0.0126302752361591,-0.0061461892079128,
10,152.265,0.0016225654932953,0.0124303487536574,-0.0060922819765507,
10,152.317,0.0026048597642116,0.0123077209223756,-0.0061707953535092,
10,152.367,0.0030255983021362,0.0126461871294838,-0.0063279296398802,
10,152.417,0.0024498818566189,0.0132531865450285,-0.0063220307705207,
10,152.469,0.0014821704258546,0.0137828141265428,-0.0062120442125782,
10,152.521,0.0009432929850166,0.0142202723459697,-0.0058433028008292,
10,152.571,0.0007227387737438,0.0145634750699007,-0.0051373971842527,
10,152.622,0.0005232258831167,0.0148186562237557,-0.0042719586285384,
10,152.673,-4.843187416655971e-05,0.0149968850226683,-0.0035745607081302,
10,152.724,-0.0012145093784758,0.015111442573891,-0.0034426276084333,
10,152.775,-0.0022664765473267,0.0149751280121182,-0.0036839548839019,
10,152.825,-0.0027590834008846,0.0146888668555232,-0.0039444529638612,
10,152.877,-0.0028533708418232,0.0147311008808156,-0.0041963195560922,
10,152.928,-0.0024837874226202,0.0151814566464214,-0.0042215833593699,
10,152.979,-0.0018463896294626,0.0156565496243514,-0.0040994855866374,
10,153.03,-0.0012892667028566,0.0157076746763574,-0.0042943530885816,
10,153.081,-0.0004267164876935,0.0152819465389072,-0.0048776860314803,
10,153.132,0.0007632619992379,0.0147854217458753,-0.0054624670718237,
10,153.182,0.0018668083643633,0.0144842126202594,-0.0055995320547734,
10,153.233,0.002625435999317,0.0143324666702717,-0.0054384427510659,
10,153.285,0.0029010726360486,0.014489603091044,-0.005299906254174,
10,153.337,0.0032464667191333,0.014832218382655,-0.0049861294954229,
10,153.387,0.0038096868008324,0.014864600049474,-0.0043843352429628,
10,153.438,0.0042665308469542,0.0144945779168241,-0.0036461647437914,end
11,154.713,0.0035652318045507,0.0126942289975049,-0.0037298075881906,start
11,154.764,0.0028167694956673,0.0119302820549263,-0.0036972290930527,
11,154.815,0.0019096275410783,0.0114860909233468,-0.0037809909225709,
11,154.866,0.0011744236612702,0.0116843263957422,-0.0041334725761175,
11,154.916,0.0008093876589454,0.0122786582168463,-0.0044291483748576,
11,154.969,0.0009119176557411,0.0128784486518529,-0.0042629716793444,
11,155.021,0.0013060852355885,0.0134335567350089,-0.0040147683812252,
11,155.07,0.0014539628701986,0.0137145803131928,-0.0039347298812865,
11,155.121,0.00103033523596,0.0137972437755436,-0.0041698075587642,
11,155.172,0.0004750369487454,0.0139468816860251,-0.0047889345332057,
11,155.224,8.073417536691316e-05,0.0139266191747497,-0.0054038018458692,
11,155.274,2.219548501269393e-05,0.0135981848687065,-0.0057657091422028,
11,155.325,0.0001837022214027,0.0132993220286736,-0.0059363068768658,
11,155.376,0.0004733610353656,0.0132442672361708,-0.0057696695675854,
11,155.427,0.0008219410859864,0.0131491681963958,-0.0054001325961807,
11,155.478,0.001381141375664,0.0128351926965227,-0.004930151798746,
11,155.529,0.0024321680955261,0.0124060631812896,-0.0042326727280087,
11,155.58,0.0031116948705872,0.0121383865765494,-0.0038469855096715,
11,155.631,0.0032975371904827,0.0123974287439859,-0.0038930837206643,
11,155.681,0.003553492180036,0.0131743067075429,-0.0040115712963337,
11,155.733,0.0038338522876187,0.0142208901588397,-0.0041669673851896,
11,155.784,0.0041073423570654,0.0153563739673375,-0.0041327176442639,
11,155.835,0.0041536222571734,0.0164576568109868,-0.0039795896589916,
11,155.888,0.0038496290854629,0.0172477012938309,-0.0041641875413755,
11,155.937,0.0033454085643875,0.0175738319109843,-0.0047513906970476,
11,155.989,0.0025524440493926,0.0175762314552268,-0.0053487996457876,
11,156.04,0.0012363274034446,0.0173708128142439,-0.0055030948550892,
11,156.09,-0.0003095854594253,0.0170486116511728,-0.0051599696620525,
11,156.141,-0.001477022635552,0.0166773953729148,-0.0047262212193013,
11,156.192,-0.0019062722662587,0.0163045642640221,-0.0046708632414009,
11,156.243,-0.0016267674146861,0.0157598146391905,-0.004862633668147,end
12,157.619,0.0006094150682699,0.0128789955828416,-0.0033763457715197,start
12,157.672,5.208877183679201e-05,0.0127481156983537,-0.0037088443225909,
12,157.722,-0.0001087041213247,0.0126442436900475,-0.0038249821299591,
12,157.773,-0.000203096312235,0.0127668712783711,-0.0037930268894132,
12,157.824,-4.64858034804345e-05,0.0130249136326244,-0.0038694926755645,
12,157.875,0.0002585246083668,0.0133490750195563,-0.0040093516926,
12,157.926,0.0004333753282599,0.0134887672876072,-0.0043794663523414,
12,157.977,0.0005107015658179,0.0132980943833545,-0.0050683568862717,
12,158.027,0.0003184347866038,0.0129108586822814,-0.0059063538557021,
12,158.079,-0.0002321240881576,0.0126294987693614,-0.0065718276133176,
12,158.129,-0.0007674121932444,0.0126394787276037,-0.0066715262214104,
12,158.182,-0.0008482375086421,0.0126346745800726,-0.0061995212771497,
12,158.231,-0.000631099437459,0.0124199409017271,-0.005599604827291,
12,158.283,-0.0004411391986954,0.0120878188957548,-0.005367512813348,
12,158.334,-0.0002838696682262,0.0119079238715826,-0.005590803977799,
12,158.385,-0.0001602003796918,0.0120409451020983,-0.0058873844361447,
12,158.436,-6.801544012438718e-05,0.0121631359421983,-0.0060063101051542,
12,158.486,-3.428571554916224e-06,0.012268564681506,-0.006202576546679,
12,158.538,0.0002391034006061,0.0127564408773239,-0.0064326788488385,
12,158.589,0.0005762773056138,0.0136512412092801,-0.0064651632620098,
12,158.639,0.0007462299570033,0.0145343068974846,-0.0063682955527512,
12,158.691,0.0009961157709252,0.0149372395184525,-0.0059954157236449,
12,158.742,0.0012771926489778,0.0147990354301352,-0.0052746361689874,
12,158.792,0.0011540267739258,0.0143248748939311,-0.0043886333074074,
12,158.844,-2.1841093972109374e-05,0.0136733391306931,-0.0036686735568921,
12,158.896,-0.0019792331227553,0.0129603836164288,-0.0033138763261284,
12,158.947,-0.0030756108616327,0.0124661442909148,-0.0030209450733528,
12,158.996,-0.0027283653191156,0.01255355019694,-0.0025903901868099,
12,159.047,-0.0016839788570262,0.0130069735477641,-0.0021061581358048,
12,159.1,-0.0008788801412865,0.0132570503708418,-0.0018272338456484,
12,159.15,-0.0004927590126424,0.0133566210485627,-0.0019032246132653,
12,159.201,-0.0002055345953662,0.0135524991768334,-0.0022007360976028,
12,159.252,-0.0004064787792033,0.0135935750127741,-0.0028172537623647,
12,159.303,-0.0011052017598299,0.0133312347406759,-0.0035888395330389,
12,159.354,-0.0018662114455557,0.0130962064390046,-0.0041970606599151,
12,159.405,-0.0022043669512478,0.0130984090044177,-0.0044508134566453,
12,159.456,-0.0006374898305108,0.0130517493559625,-0.0040551752926409,
12,159.506,0.0026278111981226,0.0125758328713139,-0.0034756658763261,
12,159.558,0.0053142504859236,0.0114611765622235,-0.0034272853142869,
12,159.915,0.0063957714282677,0.0105287543067921,-0.0088570520854866,
12,159.965,0.0051463620862968,0.011189504296897,-0.0090171353570746,
12,160.016,0.0047349610213091,0.0115177203207831,-0.0085962609622946,
12,160.067,0.004693233469954,0.0116062984444115,-0.0080374324275931,
12,160.12,0.0046911150581762,0.0115340686447815,-0.00723418576843,
12,160.169,0.0049154038639821,0.0113645069061203,-0.0063387087543911,
12,160.22,0.0052668813906968,0.0113469763158342,-0.0056568500849482,
12,160.272,0.0054708625369213,0.0118300267406886,-0.0051667719370555,
12,160.323,0.0055638601409492,0.0127961541120947,-0.0048390621960252,
12,160.373,0.0055782074599771,0.0139944912694456,-0.0044409800849382,
12,160.424,0.005741793383582,0.0150446563017212,-0.0038289102046825,
12,160.475,0.0057871186365083,0.0155137602094145,-0.0033296022878112,
12,160.527,0.0053512887806235,0.0155725149300882,-0.0031435592189276,
12,160.577,0.0048427147325789,0.0155642052540327,-0.0031733745259724,
12,160.629,0.0043283415991011,0.0155135512690338,-0.0033392357675785,
12,160.68,0.0036507369323235,0.0154398089063581,-0.0033781924151273,
12,160.731,0.0029228777995282,0.0153571827564569,-0.0031317954280733,
12,160.781,0.002422092987473,0.0152754966206494,-0.0027221803716362,
12,160.832,0.0025088397293602,0.0150001418387923,-0.0022407909510375,
12,160.884,0.0027645984152682,0.0144218639202513,-0.0019528742660834,
12,160.935,0.0027065398793986,0.0136957608494278,-0.0020130046174931,
12,160.986,0.0026527118845151,0.0131340139191012,-0.0022915249916756,
12,161.037,0.0026059213427951,0.0131244714393809,-0.0026877356368928,
12,161.088,0.0025674031287028,0.0136706863694557,-0.0027259308342549,
12,161.139,0.0027381183417979,0.0145294578326203,-0.0021297766097569,
12,161.189,0.0028284779354628,0.0153188661684464,-0.001375506196418,
12,161.24,0.0028600424300074,0.0155987051398339,-0.0009820881872399,
12,161.292,0.0030521965678118,0.0155292505821458,-0.0012533753645578,
12,161.342,0.0031310750574981,0.0156430229187244,-0.0019291787973699,
12,161.394,0.0031309674538653,0.01606600203569,-0.0026092960676075,
12,161.445,0.0034818779532537,0.0164524783642644,-0.0034383775046962,
12,161.495,0.0038288909419006,0.0163828292805218,-0.004296394356976,
12,161.546,0.0037438601899285,0.0158254049584405,-0.0047023742065904,
12,161.597,0.0035894019907486,0.0152007587184054,-0.0045849920067183,
12,161.648,0.0032019908977905,0.0147840132486892,-0.0041413804699701,
12,161.7,0.0022946298712426,0.0143332502086005,-0.0037250117525431,
12,161.751,0.0013275232634956,0.0136960476474581,-0.0035603972554772,
12,161.801,0.0006006234131684,0.0131912941562707,-0.0035704697673394,
12,161.853,-0.0001146587377872,0.0132137029866308,-0.0036917689013048,
12,161.904,-0.0009658624233475,0.0135724080037934,-0.0036738253653867,
12,161.957,-0.0016350257993927,0.013716313770363,-0.003568019795341,
12,162.006,-0.0019328474764866,0.0137108972587238,-0.0038160308136228,
12,162.057,-0.0019685835373571,0.0140118151127067,-0.0044718727168843,
12,162.108,-0.0018333597836627,0.014685860865818,-0.0053365915347129,
12,162.16,-0.0011976863709806,0.0155450643418605,-0.0060649743708069,
12,162.209,0.0003103863210345,0.0162531625626325,-0.0062457370889667,
12,162.261,0.0016543239650394,0.0164057979025514,-0.0058599278515792,
12,162.312,0.0013791945900588,0.0161899245441828,-0.0055434075221755,
12,162.363,8.777618749430867e-05,0.0159558830753089,-0.0056984202256974,
12,162.414,-0.0009483620119535,0.0157289908223251,-0.0059425650023212,
12,162.465,-0.0017375392915586,0.0157257444258318,-0.0062242617759212,
12,162.516,-0.0023049304621773,0.0160670280932913,-0.0067082465590511,
12,162.567,-0.0024836646178459,0.016401026492913,-0.0070822552392732,
12,162.617,-0.002398774665651,0.0163018539156878,-0.006954017853265,
12,162.668,-0.0023524621458215,0.0157319996870672,-0.0065139659334057,
12,162.72,-0.0025354454222798,0.0149060514205555,-0.0061101158326093,
12,162.77,-0.0024491209189401,0.0139822081328489,-0.0055610928453371,
12,162.822,-0.0023978438586891,0.0130697952526151,-0.0049630679214655,
12,162.872,-0.0027748311050366,0.0122380105674713,-0.0045824905984807,
12,162.923,-0.0023920333541798,0.0115247570428693,-0.0041711130671413,
12,162.974,-0.0011510304841593,0.0109448217854866,-0.0035721955005462,
12,163.026,-0.0002626451207821,0.0106978122665886,-0.0031019456212657,
12,163.077,0.0001273877346628,0.0108850019676325,-0.0029528274177132,
12,163.127,0.0003673024086209,0.0111347947537835,-0.0030216466898848,
12,163.179,0.0004916653795867,0.011404671405497,-0.0032247120069089,
12,163.23,0.0009335958913632,0.0118665824051067,-0.0034975632912965,
12,163.282,0.0015436970257879,0.0122137143636042,-0.0039940864804735,
12,163.331,0.0016101421443226,0.0122585126398195,-0.00459417456293,
12,163.382,0.0011217412188279,0.012105809943265,-0.0050116433400153,
12,163.433,0.0005175575225664,0.0118387068303669,-0.0052784522324743,
12,163.485,0.000289319847637,0.0117205238079731,-0.0054272014941124,
12,163.536,0.0003205308543602,0.011908178621683,-0.0056891171423878,
12,163.586,0.0003147987282355,0.0120760743854375,-0.0062034052915862,
12,163.637,0.0002858335485759,0.012217810004112,-0.0066374047291501,
12,163.689,0.0002442946874648,0.0125322153161725,-0.0065833788892974,
12,163.741,0.0001980286369471,0.0127312716787501,-0.0062206973699292,
12,163.791,0.0003532811638978,0.0126395242727313,-0.0058900281735632,
12,163.842,0.0008261396230832,0.012569473464871,-0.0056064539311971,
12,163.892,0.0014647087782196,0.0127197988831817,-0.0053758646107097,
12,163.943,0.0021582582719543,0.0127985531161382,-0.0049969476341953,
12,163.995,0.0024296869470496,0.0126242448034443,-0.0045533401999826,
12,164.045,0.002207749324996,0.0123016372281317,-0.0043047136179429,
12,164.097,0.002088886798309,0.0121106675317629,-0.0042011113394805,
12,164.147,0.0020456802808723,0.0122202989040591,-0.0041988433508996,
12,164.198,0.0018536331348271,0.0123130805107345,-0.0042617484603672,
12,164.25,0.0017823882904988,0.0121867683709731,-0.0043613990512711,
12,164.301,0.0019951771888327,0.0121309208671099,-0.0044766111362276,
12,164.352,0.0021722038403079,0.0123255860448445,-0.0047933818792929,
12,164.403,0.0025129068115734,0.0124644461328743,-0.0050131416315708,
12,164.453,0.0033328813042813,0.0123555267735078,-0.0047513618626494,
12,164.505,0.0037918649675255,0.0122972772093414,-0.0046034429676418,
12,164.556,0.0033799538933545,0.0124770378410661,-0.0049420990674967,
12,164.606,0.0026434170382282,0.0127950058840752,-0.0055656153716714,
12,164.658,0.0019586831504873,0.0131760699891004,-0.0061209043268878,
12,164.709,0.0015630138751238,0.0135669886516466,-0.0063869936269447,
12,164.76,0.0015853557719474,0.0139328237001925,-0.0064462284086161,
12,164.811,0.001673161319411,0.0142531825382548,-0.0063680381916693,
12,164.861,0.0017958983562663,0.0145186396041523,-0.006207991531333,
12,164.912,0.0021320125220941,0.0145267265932035,-0.0058074695618343,
12,164.965,0.0021763079118359,0.0143690992317897,-0.0052848936994592,
12,165.014,0.0018290528230389,0.0143186871241579,-0.0049268523691204,
12,165.065,0.0014594060918151,0.0141402538079459,-0.0047030982136639,
12,165.116,0.0011050934480126,0.0136932144031383,-0.0045834442903617,
12,165.167,0.0011907458174447,0.0131098162934316,-0.0045401674249953,
12,165.22,0.0019533569847034,0.0124858307086373,-0.0045493516836389,
12,165.27,0.0028880398670862,0.0118859412066944,-0.0045914441615594,
12,165.321,0.0034563275852818,0.0115505306208543,-0.0048520945976836,
12,165.371,0.0037439746814283,0.0118133559995628,-0.0052319785644839,
12,165.422,0.0040293584514828,0.0124387472616153,-0.0052561484339783,
12,165.474,0.0040895311119045,0.0128447635539676,-0.0048494052151157,
12,165.525,0.0040004304026307,0.0130774666775939,-0.0041989703152871,
12,165.576,0.0040235844122193,0.0133811549419355,-0.0036453287241771,
12,165.627,0.003916039461007,0.0135051396500906,-0.0033990752719928,
12,165.677,0.0035324763328996,0.013303077429576,-0.0033697480678958,
12,165.728,0.0030027014765835,0.0129081368676453,-0.0036827364581402,
12,165.779,0.0024217121519233,0.0124212204275151,-0.0041901260402821,
12,165.831,0.0018545492332039,0.0119144307999027,-0.0045806011083589,
12,165.882,0.0015426497177671,0.0114356076383546,-0.0048647246588754,
12,165.933,0.002022020713513,0.0110131863352067,-0.0048569812158658,
12,165.983,0.0029703647368317,0.010660873016506,-0.004662670485237,
12,166.034,0.0035408006069616,0.0105826597657933,-0.0045651478471294,
12,166.085,0.0038230394133564,0.0110881914677745,-0.0045375347321936,
12,166.137,0.0040986030248021,0.0121283314367409,-0.0045569764545954,
12,166.188,0.0045485821663631,0.0132269515394154,-0.0044042013927818,
12,166.239,0.0050742745940398,0.0138731546979525,-0.0041532477811944,
12,166.29,0.0050037941944942,0.0141772878164771,-0.0042611544894741,
12,166.341,0.0041549520584941,0.0146392690336025,-0.0047913819520137,
12,166.391,0.0028750968533481,0.0153662074765178,-0.0055498704720021,
12,166.442,0.0014216259531993,0.0162046791617459,-0.006192988907729,
12,166.493,0.0001744023653702,0.016846491874355,-0.0063087833206016,
12,166.545,-0.0006395167468216,0.0171097843594357,-0.0060770754942659,
12,166.596,-0.0011101504268369,0.0171091611174924,-0.0060427777755413,
12,166.646,-0.0011219761783205,0.0169393251852878,-0.0061378445874537,
12,166.697,-0.0004369274443227,0.0164737742867328,-0.0059065751826295,
12,166.748,0.0006400304761549,0.0156551317995778,-0.005484588215281,
12,166.799,0.0016809905420613,0.014876631519985,-0.0051750175756294,
12,166.85,0.0022135720911221,0.0141864161297807,-0.0051632478575873,
12,166.901,0.0021764865210763,0.013407436125529,-0.0055442523764968,
12,166.952,0.0023795242471784,0.0128349386159454,-0.0057448885329608,
12,167.003,0.002720254695082,0.0126416933346196,-0.0056128937100086,
12,167.055,0.0029210888696738,0.0125063724600701,-0.0054790027535722,
12,167.106,0.003016066649624,0.0122182386316239,-0.0053546516331046,
12,167.156,0.0028346897185146,0.0118552447681933,-0.0050455748015091,
12,167.207,0.0022898092496252,0.0114733998600137,-0.0044420194073063,
12,167.259,0.0013547337066311,0.0113109733844518,-0.0040997527398146,
12,167.31,0.0008470247754842,0.0115031531949135,-0.004153393121133,
12,167.36,0.0008550277500598,0.011706488167129,-0.0042558063239433,
12,167.412,0.0005906394749828,0.0119006429171766,-0.0043812728436705,
12,167.463,0.0001727918785048,0.0122741464499743,-0.0043106118280904,
12,167.513,-0.0001090762900202,0.0125318371128406,-0.0041198405601136,
12,167.564,-0.0002810903974057,0.0126945498303102,-0.0040681953691237,
12,167.615,-0.0003688309449143,0.0129841106761127,-0.0041099277385943,
12,167.667,-0.0005963076688586,0.0131309306832017,-0.0042081954443585,
12,167.718,-0.0008951304116649,0.0131744090743402,-0.0041339943343351,
12,167.768,-0.0008140382565878,0.0133489500470921,-0.0037543072604687,end
13,171.746,0.0012173399959732,0.0127253876407188,-0.0016226007865114,start
13,171.798,0.0018720319090897,0.0121478362914742,-0.0012589061546724,
13,171.848,0.0029448673923768,0.0118057133753161,-0.0009245177530979,
13,171.899,0.003798027997433,0.0118429004208349,-0.0008366211810574,
13,171.95,0.0040400951249137,0.011919537473916,-0.0011147072146016,
13,172.002,0.0036699567645632,0.0120153193302125,-0.001404343485618,
13,172.052,0.0029369139689859,0.0125173525586435,-0.0014772863791141,
13,172.103,0.0022308433771012,0.0132396056620231,-0.0014053928864691,
13,172.154,0.0013979588891414,0.0136434087172073,-0.0014472174636258,
13,172.206,0.0005506506084645,0.0136097007910521,-0.0019602826979485,
13,172.257,-3.700753042833248e-05,0.0134989360541533,-0.0029351962015453,
13,172.307,-0.0004109300386104,0.0135484825836195,-0.0039271649702033,
13,172.359,-0.0006177343816004,0.0134960310904399,-0.004448716562419,
13,172.41,-0.0007007439234249,0.0133823766186052,-0.0044258336742045,
13,172.461,-0.0004968553795813,0.013439433435142,-0.0040556151562311,
13,172.511,-0.00012534337987,0.0134005589717798,-0.0036932069888722,
13,172.562,0.0001229956802275,0.0131024480990996,-0.0035657551603689,
13,172.613,0.0004732213051876,0.0128628574907637,-0.0035992315878216,
13,172.664,0.0008606571982057,0.0130817133983487,-0.0039340639780695,
13,172.715,0.0010400002315434,0.013577013231245,-0.0044352732333746,
13,172.767,0.0008706416868245,0.0138081543391104,-0.0048020910165453,
13,172.817,0.000491248006956,0.0138513084769211,-0.0050532488798213,
13,172.869,0.0004092932892596,0.0141720974723357,-0.0050092180392092,
13,172.92,0.0005246852136513,0.0146451779200373,-0.0045785709635715,
13,172.97,0.0005565422220317,0.0149770928789643,-0.0041353959972011,
13,173.021,0.0007330984554086,0.0151918072567196,-0.0041214553395588,
13,173.072,0.0011891080414247,0.0151132724564756,-0.0045847583229432,
13,173.124,0.0015868789804621,0.014852970817299,-0.0053169235167989,
13,173.174,0.0017145105013251,0.0146978373239533,-0.0059618728822576,
13,173.225,0.0018594682645303,0.0144217823376813,-0.006298241570881,
13,173.279,0.002204726936553,0.0138895169631152,-0.0064096799064494,
13,173.328,0.0026507130800225,0.0132356893823287,-0.0061670729311636,
13,173.379,0.0031254733312055,0.0125564219268966,-0.0057168879095119,
13,173.43,0.0033797151102653,0.012116240130868,-0.005571404621286,
13,173.48,0.0032712692500544,0.0120655912735648,-0.0056330294346853,
13,173.531,0.0029389249459809,0.0122688387637038,-0.0054208655017006,
13,173.582,0.0024896813991751,0.0128194291478462,-0.0048493169427802,
13,173.634,0.0020015536327565,0.0137493912550898,-0.0040931909758477,
13,173.684,0.0015277004057832,0.0146471232689551,-0.0034802618768641,
13,173.736,0.0011010684469626,0.0150503992307238,-0.0032092446816659,
13,173.787,0.0009398283991044,0.0151041584887245,-0.00297845130582,
13,173.837,0.0009617508328287,0.0151302696595054,-0.00279199596933,
13,173.889,0.0010993837008284,0.0151365510862712,-0.0028497891609538,
13,173.939,0.0017018384202973,0.0153304437230956,-0.0028587551389317,
13,173.99,0.0021523427643766,0.0156290850312257,-0.0028356854402851,
13,174.041,0.0022683692721277,0.0155692488592681,-0.0027939228799283,
13,174.092,0.0029638917165906,0.0150834757953166,-0.002542692899387,
13,174.144,0.0039752010453209,0.0143635512826677,-0.0025789701521812,
13,174.194,0.0045052978312584,0.013551287406923,-0.0029975599896019,
13,174.245,0.0046841837025977,0.0129458871636804,-0.0032260525090017,
13,174.297,0.0048242830479254,0.0129234604381862,-0.0031134365702829,
13,174.347,0.0049282519296695,0.013477559947095,-0.0027910970255679,
13,174.398,0.0050006963027861,0.014156069055541,-0.0023601455752295,
13,174.449,0.0048462690208524,0.0144581941548609,-0.0020949891898806,
13,174.5,0.0043579092765929,0.0144946540357644,-0.0023591339662238,
13,174.551,0.0036946130630968,0.0145586338274038,-0.0031423608479354,
13,174.602,0.0029724059573254,0.014434290182302,-0.0041955825091626,
13,174.653,0.0020696000018159,0.0141991539669145,-0.0053373567949294,
13,174.704,0.0011234922244075,0.0141126837280951,-0.00624336810551,
13,174.756,0.0008281178372774,0.0139276734400289,-0.006523722132631,
13,174.806,0.0011746544136899,0.0134934932011694,-0.0061794544334098,
13,174.858,0.0015033757796003,0.012934386632962,-0.0056630745011586,
13,174.908,0.001593430351771,0.012340073337678,-0.005278626366975,
13,174.959,0.0015231812131189,0.0119717570541511,-0.0050096769440778,
13,175.011,0.0013557643995027,0.0121796397352565,-0.0048364084356211,
13,175.061,0.0013403117760187,0.0129412022286816,-0.004537590632346,
13,175.112,0.0018252302936354,0.0137958555138656,-0.0039814230088159,
13,175.163,0.002592107428764,0.0142398881528109,-0.0033048825530398,
13,175.214,0.0032773796058698,0.0141840642738491,-0.0026054896333317,
13,175.265,0.0038552640310594,0.0138121411737931,-0.0019476249054505,
13,175.317,0.0043178516997292,0.0132673652224304,-0.0013692428985576,
13,175.367,0.0046693323472504,0.0126554935673517,-0.0008883006861402,
13,175.418,0.0049213186785373,0.012049743748007,-0.0005084873888468,
13,175.469,0.0048884175870036,0.0114965821576755,-0.000424878649635,
13,175.52,0.0044746129116234,0.0110215854946441,-0.0007387913944665,
13,175.573,0.0040505911548051,0.0106348781544606,-0.0012824374568612,
13,175.623,0.0038549134485316,0.0103358608467967,-0.0019297503653837,
13,175.674,0.0038214040179127,0.010317938427603,-0.0023907156223686,
13,175.724,0.0036937597332469,0.0108834037287399,-0.0026951355913526,
13,175.775,0.0035159960224776,0.0117775998561683,-0.0030755335446552,
13,175.826,0.0035212021706822,0.0124091268225085,-0.0032732677547926,
13,175.877,0.0032416707801634,0.0126206241150276,-0.0033379656185968,
13,175.928,0.002199477288725,0.0125457444204458,-0.0035129766693047,
13,175.979,0.0007518722973526,0.0122932117498411,-0.0037446780084647,
13,176.03,-0.0004377855508273,0.0119470278935861,-0.0039941243805321,
13,176.081,-0.0011656056124959,0.011769424508766,-0.00403407901039,
13,176.132,-0.0015387569939983,0.0121158752746824,-0.0039364660954216,
13,176.183,-0.0016544645295534,0.0129714310423137,-0.0039592992630547,
13,176.234,-0.0013949312159642,0.0138839386732178,-0.0038567127879649,
13,176.285,-0.0007147521606438,0.0143580002606167,-0.0034810957031946,
13,176.337,-2.0266105997395227e-05,0.0143119471393774,-0.0029605446378715,
13,176.388,0.0006276052954129,0.0139360172564636,-0.0023888576105628,
13,176.439,0.0011935345645019,0.0135795538097827,-0.0020311337092578,
13,176.489,0.0014606134077742,0.0136658784460444,-0.002241039898711,
13,176.54,0.0017154023582663,0.0142300847990681,-0.0027981340289717,
13,176.591,0.0019418410885836,0.0150554566763809,-0.0031314770674934,
13,176.642,0.0021319067543919,0.0157811888281881,-0.0030937047431404,
13,176.693,0.0022833758663431,0.0159830490010807,-0.0030217850472458,
13,176.744,0.0021970893252841,0.0158327069479708,-0.0031345760959102,
13,176.795,0.0021660831827168,0.0156693906087983,-0.0031559371136003,
13,176.846,0.001972188383888,0.015510872958273,-0.0029161096801499,
13,176.897,0.0014885672796952,0.0153681672257879,-0.002528034799911,
13,176.948,0.0010588143773039,0.0152470665368319,-0.0022768902460477,
13,177.0,0.0008989671231965,0.0153503843690408,-0.0023345751347931,
13,177.05,0.0013267326663853,0.0157901671414352,-0.0025856942347202,
13,177.101,0.002297834349426,0.0162095792923306,-0.0029406993967656,
13,177.153,0.0035393935410407,0.0161805665723182,-0.0031329795951052,
13,177.203,0.0042521713563731,0.0156654529082517,-0.0032054493536355,
13,177.255,0.0041668872017209,0.0148799585201553,-0.0035969240669914,
13,177.305,0.0039782832578569,0.0141849901782623,-0.0043623782353049,
13,177.357,0.0039393998717182,0.0140055773796835,-0.0051053594630758,
13,177.407,0.0042004972882302,0.0143720634286886,-0.0051717404145198,
13,177.459,0.0046330129944554,0.0148583877943879,-0.0045980164707921,
13,177.509,0.0047390552889935,0.0149808352174565,-0.0040615168100912,
13,177.56,0.0042255273028611,0.0148600729782658,-0.0037928235314486,
13,177.612,0.0031550567897356,0.0147938627525407,-0.0039183070048412,
13,177.662,0.0020142185885188,0.0145671247855832,-0.0042865158225446,
13,177.714,0.0011207311005357,0.0142556467507961,-0.0043791501127034,
13,177.764,0.0004576593163176,0.0143165099634071,-0.0040867689668776,
13,177.816,-4.3681497470898735e-06,0.014812119110768,-0.0035709455687502,
13,177.866,-9.950561149759772e-05,0.0153459055776694,-0.0029532550179266,
13,177.917,4.830511700952035e-05,0.0154596289009006,-0.0025206866882369,
13,177.969,0.0001392232377848,0.0150939746369211,-0.0024424301470289,
13,178.02,0.0003871830853056,0.0144502450930881,-0.0023968649795728,
13,178.07,0.0007159424127619,0.0138807182194805,-0.0023759268826139,
13,178.122,0.0010701122359251,0.0136053670637973,-0.00257329908066,
13,178.172,0.0014121274314713,0.0135408058689366,-0.002693995674517,
13,178.224,0.0015180383174559,0.013616621563967,-0.0025549866207866,
13,178.274,0.0014640151531994,0.0135755440003195,-0.0024614156847471,
13,178.326,0.0011109242520176,0.0134627966683393,-0.0028061707439179,
13,178.376,0.0007952244680009,0.0137148085150291,-0.0034043514867538,
13,178.428,0.0009305341024557,0.0143813478934473,-0.0039161795958221,
13,178.478,0.001143395774071,0.0150593660702657,-0.0043315083863263,
13,178.529,0.0011880619932941,0.015288611333192,-0.0044507487350898,
13,178.581,0.0011212676083949,0.0150107856762361,-0.0041696796606427,
13,178.631,0.0011891872734495,0.0144300680018365,-0.0036544507738043,
13,178.682,0.001739717091075,0.0137017411275624,-0.0030304332514718,
13,178.733,0.0023547100503664,0.0129372538853823,-0.0023867734585201,
13,178.785,0.0025599747197456,0.0122109890426446,-0.001782223484779,
13,178.836,0.0024859698986336,0.0115675815639101,-0.0014521559018818,
13,178.886,0.0020379665681242,0.0112298355890692,-0.0017263108055192,
13,178.937,0.001787755688308,0.0113160920490398,-0.0021651272619786,
13,178.989,0.0022870005741565,0.0114665201870034,-0.0022726307020723,
13,179.039,0.0028251366865416,0.0114451868605619,-0.0025606772172785,
13,179.09,0.0029433180985254,0.0115162414903619,-0.0033430428488203,
13,179.141,0.0027826669954932,0.0118416748692162,-0.0041787570103406,
13,179.192,0.0024560918894171,0.0123041112599683,-0.0047807168659217,
13,179.243,0.002049336077746,0.0130180992824191,-0.0051844005185225,
13,179.294,0.0018246660055058,0.0138360632009073,-0.0052276564622698,
13,179.346,0.0019356590827186,0.0144541686910245,-0.0048354429852187,
13,179.396,0.0024538474345654,0.0148944401166512,-0.0039946147362748,
13,179.448,0.0031915632376835,0.0149844552079024,-0.0029336133577831,
13,179.499,0.0034083090777679,0.0146417679808098,-0.0024191384851368,
13,179.549,0.0030726844313729,0.0140490957077499,-0.0026981760866518,
13,179.601,0.0024097580137605,0.0133437065566459,-0.0034637180773084,
13,179.651,0.0015901712761171,0.0128235262708321,-0.0042789481119582,
13,179.702,0.0011376177528082,0.0126647515146333,-0.0048597217431848,
13,179.753,0.0011576503930569,0.012549686020958,-0.0052434708428845,
13,179.804,0.0014791676048187,0.0122710634838805,-0.0054700300624377,
13,179.855,0.0019682138194251,0.0119099260985231,-0.0055775750240788,
13,179.906,0.0025254182420522,0.0117257127604671,-0.0053993168935982,
13,179.957,0.002880740220128,0.0118706020831493,-0.0048512449475586,
13,180.008,0.0030780403371693,0.0120140887868975,-0.0041100208591065,
13,180.059,0.0035598104003679,0.011944315479493,-0.0035052971000146,
13,180.11,0.0041853234438773,0.0119442063229287,-0.0032375312460223,
13,180.161,0.0046519429847799,0.0121896188012199,-0.0030065507652094,
13,180.212,0.0053808380814052,0.0127736157792322,-0.0028177181018007,
13,180.263,0.006018555686712,0.013929517258996,-0.0030727538988329,
13,180.314,0.0055423981263385,0.0153593530026829,-0.0035919775070891,
13,180.366,0.0043901064006563,0.0166491795964724,-0.0040380936886311,
13,180.416,0.0034992435389005,0.0175447612150011,-0.0042006505965322,
13,180.467,0.0030484482348395,0.0179147143844825,-0.0039674539132858,
13,180.518,0.0027152712276576,0.0179178353207434,-0.0037000072082592,
13,180.57,0.0022834605029719,0.0176854371244039,-0.0034320791188693,
13,180.622,0.0018230797424144,0.0173206577218633,-0.0031853658839342,
13,180.671,0.0011805258702183,0.0166994457658397,-0.0033737454681644,
13,180.722,0.0004727535699199,0.0159636745044544,-0.0038260393169445,
13,180.773,0.0001816784411051,0.0156152048205171,-0.0042104269987368,
13,180.824,0.0001812357570002,0.0155431253751703,-0.0045203837625607,
13,180.875,0.0003672262006661,0.0154532659702078,-0.0045568705870365,
13,180.926,0.0012603455282128,0.0153592220779162,-0.0042142022767199,
13,180.977,0.002535235685251,0.0150692156740698,-0.0038567236249572,
13,181.028,0.0033500578437307,0.0146768256305338,-0.0037192974913501,
13,181.079,0.0032018562316832,0.0144511273886054,-0.0037340422958328,
13,181.13,0.0022470897361878,0.0143504683112191,-0.0038451976643126,end
14,183.017,0.0045603081892472,0.0153169280392801,-0.0038532245538241,start
14,183.068,0.0043244940395731,0.0150793190944592,-0.0031635591225197,
14,183.12,0.0042275200045601,0.014719722599119,-0.0024671014800412,
14,183.171,0.0038257142393265,0.0147124441433997,-0.0020230701518571,
14,183.221,0.0028590153120589,0.0151325437634666,-0.0021782707138197,
14,183.272,0.0018085132139121,0.0157929949127983,-0.0027053217716943,
14,183.323,0.0013911552608063,0.016353705901979,-0.0030268525695001,
14,183.374,0.0018150603995925,0.0164037372196702,-0.0031907429501989,
14,183.426,0.0023427898375231,0.0159213904999834,-0.0036420318364981,
14,183.477,0.0024930455052298,0.0151363508891968,-0.0044422242533273,
14,183.528,0.0023891372318164,0.0142202436770875,-0.00540190425878,
14,183.579,0.0019297341795651,0.0134945037770696,-0.0061859438013588,
14,183.629,0.0010784057862513,0.0131499910999661,-0.0063926841406423,
14,183.68,0.0004457729412801,0.0130776549847711,-0.0060117309250881,
14,183.731,0.000606723376305,0.0131856907367592,-0.0052844628349956,
14,183.783,0.0010628763071927,0.0131998957215406,-0.0045943427867738,
14,183.833,0.0012700461572994,0.0129519474082061,-0.0041843210808304,
14,183.885,0.0013008876542626,0.012756618876031,-0.0039868793407534,
14,183.936,0.0008144957752177,0.0130123968499861,-0.0039416372673194,
14,183.987,3.544901859249273e-05,0.013737778800901,-0.0039976431365775,
14,184.037,-0.0002662079037428,0.0147060695411413,-0.0041140853842221,
14,184.09,-0.0002374569766184,0.0157523640593883,-0.0042599343871931,
14,184.139,-0.0004007754398599,0.0167646339594432,-0.0046137605581889,
14,184.191,-0.0006741579644237,0.0174729293168369,-0.0050725491244251,
14,184.242,-0.0007953348236405,0.0175277030041202,-0.005360965754675,
14,184.292,-0.0010099934442819,0.0169581057475422,-0.0057177782309002,
14,184.343,-0.0012673624661937,0.0160338249455133,-0.0062906261621887,
14,184.395,-0.0011297812137595,0.0149563179830101,-0.0067551762515479,
14,184.445,-0.0005491167181246,0.0138670990517199,-0.0067112831250633,
14,184.497,0.0002690731076805,0.0128578693591407,-0.006344825246902,
14,184.547,0.0011738721478277,0.0121818494588963,-0.0060017624548959,
14,184.599,0.0018606988456193,0.0121755085018869,-0.0057012635592318,
14,184.65,0.0021517198241411,0.0128000102117989,-0.0054522032006454,
14,184.701,0.0021655114730431,0.0135781017962285,-0.0050553072522032,
14,184.751,0.0020003937340923,0.0139905243806958,-0.0045954807465215,
14,184.802,0.001733796663719,0.014135293255494,-0.0045339003976865,
14,184.854,0.0016243659893897,0.0142976058826317,-0.0047326827966995,
14,184.905,0.0018253588254822,0.0142572974313675,-0.0048816467105072,
14,184.957,0.0020084621513787,0.0140902757572757,-0.0051875263308995,
14,185.006,0.0021653826882759,0.014056237447825,-0.0055694717121151,
14,185.058,0.0024937385387917,0.0141102226390705,-0.0057686853355202,
14,185.109,0.0031065003846921,0.0142163250205494,-0.0058347001449047,
14,185.16,0.0038524411725451,0.0141464956148436,-0.0058099844918515,
14,185.21,0.0040213715066031,0.0137686080691194,-0.0057290642111469,
14,185.261,0.0038066645400294,0.0132235039763749,-0.005618597612368,
14,185.312,0.0037648266659189,0.0128157790487129,-0.005698889257034,
14,185.363,0.0036363859757811,0.0127297500706034,-0.0060959075443662,
14,185.415,0.0034627205217174,0.0128569522901921,-0.0064633314418735,
14,185.465,0.003474834898593,0.0131106920716801,-0.0065814248425039,
14,185.517,0.0036051262659441,0.0132243694623129,-0.0067309565493774,
14,185.567,0.0038007438712582,0.0130382518691349,-0.0068886388625836,
14,185.618,0.00382171026461,0.0128756454282767,-0.0068380477578987,
14,185.669,0.003528145875935,0.0129420142951419,-0.0064571106792694,
14,185.72,0.0030564397301783,0.0129490715312893,-0.005694074040946,
14,185.771,0.0027092095380236,0.0129175222296374,-0.0049481082929492,
14,185.822,0.0028713737049828,0.0130645806858645,-0.0042730169979808,
14,185.873,0.0033472115186516,0.0131135421317312,-0.0036976135635355,
14,185.924,0.003584331397757,0.013095655666661,-0.003433202897488,
14,185.975,0.0032476331902253,0.0134380003840462,-0.0033894889460383,
14,186.026,0.0025699640030105,0.0139838781879226,-0.0032899972093671,
14,186.077,0.002330553032543,0.0144156063402691,-0.002761057508743,
14,186.128,0.0025922860112548,0.0147394422208064,-0.0019991822533984,
14,186.18,0.0025519015492679,0.0149680663693878,-0.0015507848101193,
14,186.23,0.0021201641700256,0.0151172601578271,-0.0015402918184831,
14,186.281,0.0016729486094805,0.0150026922534061,-0.0018114924587781,
14,186.332,0.0012517324679043,0.0147281640180142,-0.0024424049124139,
14,186.384,0.0012826961559679,0.0145739324376043,-0.0034541693646541,
14,186.436,0.0018020123086253,0.0143084096030918,-0.0046289152905345,
14,186.486,0.0025928156010152,0.0137920066645508,-0.0054121509164267,
14,186.537,0.0036950432772359,0.0131561858213957,-0.0054797034683811,
14,186.588,0.0045067903843046,0.0126956874667925,-0.0052836585053629,
14,186.639,0.0046653595646998,0.0125854595427092,-0.0051351374969684,
14,186.69,0.0041914400102873,0.0125078994331128,-0.0052298609124306,
14,186.74,0.0033499444316389,0.0124575215487193,-0.0054729800533364,
14,186.792,0.0027419709690846,0.0128302913674265,-0.0053900751073825,
14,186.842,0.0023326078880651,0.0136453353818231,-0.005104734153224,
14,186.893,0.0018826757786933,0.0144777236686581,-0.0051141502919008,
14,186.944,0.0012420356090745,0.0150535334426324,-0.0055126865700419,
14,186.995,0.0005305493745828,0.0154185294000061,-0.0059279361934175,
14,187.046,3.1615715626269263e-05,0.0156189982028938,-0.0059188791952344,
14,187.097,-0.0002909159538321,0.0156978429091891,-0.0054375864170864,
14,187.149,-0.0002735681946724,0.0156923499458328,-0.0046920884103598,
14,187.199,-3.963184676995997e-05,0.0156332081570936,-0.0040378640655495,
14,187.25,0.0003144210088736,0.0153435760206916,-0.0036955679865469,
14,187.301,0.0007170684797873,0.0147285520419644,-0.0033799917540847,
14,187.352,0.0007168688052541,0.0139542445102728,-0.0031069036676576,
14,187.403,0.000458318534933,0.0133408166874146,-0.0032846708418073,
14,187.454,0.0004565122623118,0.013281515405398,-0.0037373140781941,
14,187.506,0.0008203479072781,0.0137832015655716,-0.0039282197902418,
14,187.556,0.0013894603814148,0.0146043756984117,-0.0037350899660315,
14,187.608,0.0018436750345645,0.0153636525170634,-0.0033111731474173,
14,187.658,0.001585210190883,0.0156205687511209,-0.0029741290963688,
14,187.71,0.0008904306315313,0.0153338226253554,-0.0029207105996098,
14,187.762,0.0003733013169998,0.014721433118005,-0.00305348708112,
14,187.812,1.1651048490695889e-05,0.0139493870963921,-0.0032950136038558,
14,187.862,-2.039622087862584e-05,0.0131369662537337,-0.0035868844709971,
14,187.913,0.0003623560239451,0.0123639155365994,-0.0038875967635661,
14,187.964,0.0009803927621689,0.011678216750631,-0.0039689886026844,
14,188.015,0.0012980132298483,0.0113044594732525,-0.0039031804434187,
14,188.066,0.001196612052862,0.0113616252339697,-0.0041499192473503,
14,188.117,0.0012362839184984,0.011690571824473,-0.0047781228000927,
14,188.168,0.0015640798743207,0.0123682337053037,-0.0053996799341639,
14,188.22,0.0020503316744902,0.0132151057488033,-0.0055653752295429,
14,188.27,0.0025991470835097,0.0137008015157587,-0.0052245583011355,
14,188.322,0.002943165861703,0.0139158386996793,-0.0047871016384545,
14,188.372,0.0027265344749091,0.0143416812148682,-0.0045236409975023,
14,188.423,0.0021677319918231,0.0148685146498753,-0.0043929376781578,
14,188.474,0.0016352017436774,0.0150161291014867,-0.0043578783213863,
14,188.526,0.0013631348880511,0.0147078388392175,-0.0041861431509886,
14,188.576,0.0012799727023025,0.0143327530672835,-0.0039405468181359,
14,188.627,0.0011238118677942,0.0141457934868355,-0.0038681427745177,
14,188.678,0.001335045489417,0.0138936743834033,-0.0037117986838429,
14,188.729,0.0019657726380253,0.0134191850645238,-0.003514179176991,
14,188.782,0.0022123731428575,0.0130410292913805,-0.0037076303889691,
14,188.832,0.0017911358502634,0.013156703059775,-0.0043371884579642,
14,188.882,0.0011762528649048,0.0135798026898656,-0.0049950360954484,
14,188.935,0.0006874042513924,0.0139652476553867,-0.0052165128015533,
14,188.985,0.0003186588777544,0.0142955786152814,-0.0051403303490437,
14,189.035,5.656449429123343e-05,0.014363191837558,-0.0052810310487974,
14,189.086,8.475949231574154e-05,0.0140560453748562,-0.0055495271174808,
14,189.137,0.0002968670298295,0.0135332203505605,-0.005677582068142,
14,189.188,0.0004090541689115,0.0129140698934166,-0.0057052777942075,
14,189.239,0.0006489784811148,0.0122828794716417,-0.0056663830836556,
14,189.29,0.0011523869307299,0.0118955065675992,-0.0055879050409214,
14,189.342,0.0015835071377988,0.0118964590657681,-0.0052895109244525,
14,189.393,0.0017327981348023,0.0119455544847943,-0.0046732106727012,
14,189.444,0.0018901781274298,0.0118207487795255,-0.0039025303651415,
14,189.495,0.0018392694745024,0.0115944373951338,-0.0032955832443852,
14,189.546,0.0014580305910948,0.0113212055643713,-0.0030432384740757,
14,189.596,0.0010963938013949,0.0112406645477687,-0.0030385901957053,
14,189.648,0.0007763803800397,0.0114910098755565,-0.0031931758557067,
14,189.698,0.0007096036117397,0.0119334585623004,-0.0032366343900685,
14,189.749,0.000810604969365,0.0124635695988996,-0.0032053301969515,
14,189.8,0.0006094299860702,0.0128064837078156,-0.003530258899077,
14,189.852,0.000230614824689,0.0128009576459742,-0.0040575554688447,
14,189.903,-3.086494901727825e-05,0.012572402872377,-0.0044714477670504,
14,189.955,-0.0001960859158378,0.0124200025433846,-0.0047793586599513,
14,190.005,-8.54647208664102e-05,0.0125295204862886,-0.004994562667461,
14,190.056,0.0003940153408825,0.012597388504544,-0.0053338545440639,
14,190.106,0.001272378966364,0.0124322585510408,-0.0057254738752009,
14,190.157,0.0025368388434381,0.0121309604508732,-0.0057175260517448,
14,190.208,0.0037465100498569,0.0117665350199659,-0.0054539536953088,
14,190.261,0.0044221980705946,0.0113908983349943,-0.0054492771427127,
14,190.311,0.0047011347957875,0.0110382474904396,-0.0058118531514097,
14,190.361,0.0047032065144711,0.0109295019689428,-0.0063808401690376,
14,190.412,0.0043267103514188,0.0111867550614184,-0.006835666851968,
14,190.463,0.0037376643354604,0.0116580758962973,-0.0069799051708464,
14,190.514,0.0028587855946753,0.0122288265725156,-0.0071141936568336,
14,190.566,0.0018646255621943,0.0126166626968574,-0.0074321465988143,
14,190.616,0.0008763940134214,0.0126551964177214,-0.0076415171058267,
14,190.669,-0.0002294808870245,0.0124666089576571,-0.0073627613321591,
14,190.718,-0.0009203004611484,0.0123483405181263,-0.0065925047783918,
14,190.769,-0.0008877604238881,0.0124855058594346,-0.0055689008191412,
14,190.821,-0.0005947402967952,0.012775475082187,-0.0046658754173896,
14,190.871,-0.0001582001847749,0.0131401510777132,-0.0041135600716173,
14,190.922,0.0005361515673498,0.0133226110358964,-0.0038305425636432,
14,190.974,0.0011392378754705,0.0133735488181069,-0.0039438090700734,
14,191.024,0.0016353429395366,0.0135368762977061,-0.0043021338480302,
14,191.075,0.0022238152363875,0.0135583307650272,-0.0045880079996766,
14,191.126,0.0026234197273607,0.0134870712460743,-0.005005284225976,
14,191.177,0.0028697919482514,0.0137637413045855,-0.0054733141309822,
14,191.228,0.0031989301391786,0.0144421643246781,-0.0057354628675379,
14,191.279,0.0031530422905653,0.0151229184988793,-0.0060453437400592,
14,191.33,0.0026694835887935,0.0155496467669519,-0.0065617775436621,
14,191.381,0.0023457372681876,0.0157791745702054,-0.0069683638161925,
14,191.433,0.0021504945268702,0.0156629551332798,-0.006870169411455,
14,191.484,0.0018525186235238,0.0151334928261938,-0.0062552877838347,
14,191.535,0.0015125920846855,0.0143815301090019,-0.0055592572367908,
14,191.585,0.0013739015726721,0.0135472741801302,-0.0050679299047855,
14,191.637,0.0015762492406296,0.0127272580405505,-0.0045465256646299,
14,191.688,0.0019810669811012,0.0119822493473338,-0.0040477177610192,
14,191.738,0.0024832188033153,0.0113451959229453,-0.0040051403297883,
14,191.789,0.0028066227384613,0.0110293901391271,-0.0044594210618339,
14,191.84,0.0029894062834937,0.0113466541069849,-0.0049950349414093,end
15,198.215,0.000779755164682,0.0120843484952447,-0.0062704094037602,start
15,198.269,0.001137160311511,0.0122258619941879,-0.0068756427013993,
15,198.317,0.0020783652497432,0.0121378106938919,-0.0069122994799215,
15,198.368,0.003117547175086,0.0119096011223291,-0.0063805204118287,
15,198.42,0.0035335847429025,0.0118106673485637,-0.0057277274485599,
15,198.471,0.0033157123246938,0.0120034261547721,-0.0052505968120122,
15,198.521,0.0029096168632851,0.0123677774635035,-0.0049244570348685,
15,198.572,0.0024154273180438,0.0128129102855389,-0.0047213554151138,
15,198.623,0.0023061057651073,0.0132740933946202,-0.004412646707503,
15,198.674,0.0024524020698313,0.0137085219440977,-0.0038601727153351,
15,198.726,0.0021483858251207,0.0138900586104986,-0.0033965752872312,
15,198.776,0.0017808172673856,0.0138948192097873,-0.0034288886779643,
15,198.828,0.0016028510464468,0.0139866554267607,-0.0039774930441851,
15,198.878,0.0013599495628824,0.0139261265481514,-0.0046123164778303,
15,198.931,0.0012957485215629,0.013772740575529,-0.0048497717673474,
15,198.98,0.0013513147756586,0.0137729562447263,-0.0048132987809146,
15,199.031,0.0012783964836594,0.0136708335820573,-0.0050057387859472,
15,199.083,0.001329765864906,0.0133104462842687,-0.0053295331182565,
15,199.133,0.0016575543119429,0.0128133717249049,-0.0055107265749796,
15,199.184,0.0019354585154925,0.0122685643004506,-0.0055859068431002,
15,199.235,0.0017573770646256,0.0119377432518662,-0.0055870558984247,
15,199.286,0.0011003207568362,0.0121724060060739,-0.0055406326139656,
15,199.337,0.0005905241072553,0.0129517250510828,-0.0052665944237451,
15,199.389,0.0004169600515102,0.0138169211931794,-0.0046677558445987,
15,199.442,7.131497720385522e-05,0.014266023230667,-0.0041095464684908,
15,199.49,-0.0003569276574962,0.014412184752609,-0.0040239048973729,
15,199.541,-0.000602908495421,0.0145531469035016,-0.004449058954385,
15,199.592,-0.0007122349572955,0.0144786167965042,-0.0049668248200969,
15,199.646,-0.0007251353517092,0.014071034004365,-0.0051007261758454,
15,199.695,-0.0006751564061004,0.0136834235528469,-0.0047768450225729,
15,199.745,-0.0003880310251546,0.0135405941379242,-0.0041853828474461,
15,199.796,0.0002289564665282,0.01336539574308,-0.0034698213767199,
15,199.848,0.0010079367889032,0.0129826780911754,-0.0027321521622902,
15,199.9,0.0016273996204285,0.012698446334265,-0.0022403972900708,
15,199.95,0.0018939584142122,0.0129018792899862,-0.0023475316422096,
15,200.0,0.001912768069804,0.0134017342855399,-0.003030991701725,
15,200.051,0.0015703387341644,0.013850711274193,-0.003828340771551,
15,200.102,0.0010237367500022,0.014230989698895,-0.0042330116106171,
15,200.154,0.0005909324091873,0.0145366591114666,-0.004353329052847,
15,200.205,0.00046671468878,0.0147699224371377,-0.0046832778012441,
15,200.255,0.0007512219671911,0.0147371755013994,-0.0051211679849506,
15,200.307,0.0010741765418829,0.0143356194944513,-0.0053922756840252,
15,200.357,0.0009941779787576,0.0139306192624035,-0.0057354718155912,
15,200.409,0.0006621713624795,0.0137567787977878,-0.0060973318407298,
15,200.459,0.0005968775459711,0.0137451582119547,-0.0060404252027613,
15,200.51,0.0009087193278008,0.0138385111167758,-0.0055186797729333,
15,200.561,0.0014373862756701,0.0137908559135851,-0.0049415565414341,
15,200.612,0.0016609774196813,0.0134557595952671,-0.0047769462902783,
15,200.663,0.0012692785656512,0.0129632319231013,-0.0048901255849328,
15,200.714,0.0009160963614165,0.0126101355188113,-0.0047707062361694,
15,200.766,0.0010176565303267,0.0127764963405779,-0.0043108691038044,
15,200.816,0.0012018740840353,0.0134634811680768,-0.0036696448112614,
15,200.868,0.0012234715890762,0.0142283474770488,-0.0031644330076997,
15,200.919,0.0013398711290711,0.0145800515239022,-0.0029878720921364,
15,200.969,0.0015077213219419,0.0144376860590629,-0.0028354420230793,
15,201.02,0.0014942518273928,0.0139898850636884,-0.0025098998891007,
15,201.071,0.0015664083792109,0.0135829995810305,-0.0020994839927615,
15,201.122,0.0016876847419323,0.0134358755005897,-0.0016676043083097,
15,201.173,0.0018307216208183,0.01326633512611,-0.0010558195250277,
15,201.224,0.0021770576481463,0.012895204136603,-0.0003777991197036,
15,201.276,0.0024251238691916,0.0126254305890703,-0.0001134334342333,
15,201.326,0.0023894029247852,0.0126431682915822,-0.0003364369060238,
15,201.377,0.0019737105768326,0.0128438768454637,-0.0010549343510833,
15,201.428,0.0015485506459845,0.0131458104232529,-0.0020334982306128,
15,201.48,0.0017539742024689,0.0134884094561399,-0.0026985773821204,
15,201.53,0.0021464874072642,0.013829567174722,-0.0031091745102382,
15,201.582,0.0024266252453934,0.0139415604678064,-0.0035244081679946,
15,201.633,0.0028130201824676,0.0136967483395046,-0.0039092583137929,
15,201.683,0.003236522830286,0.0134435987669205,-0.0042437056028032,
15,201.736,0.0036498031314898,0.0134062719988992,-0.0043181259777792,
15,201.785,0.0040233270774915,0.0133095284514,-0.0040189655894767,
15,201.836,0.0045421804077608,0.0129816159494758,-0.0035042411938192,
15,201.888,0.0053133933333731,0.0125317852296767,-0.002892614083306,
15,201.939,0.0061845032691505,0.0120398985324774,-0.0022679723909757,
15,201.989,0.0066480357176132,0.0117613877865541,-0.0018859970620369,
15,202.04,0.0066120968956134,0.011842933423304,-0.0018911752348065,
15,202.093,0.0064595421517297,0.0119480172758947,-0.0021442389208145,
15,202.143,0.0058427835464595,0.0120597556497121,-0.0025359548799315,
15,202.193,0.0049778534348547,0.0123676192361597,-0.0027842941328029,
15,202.244,0.0040232409764357,0.0125757026259353,-0.0029207285626048,
15,202.295,0.002886964275207,0.0125022421183266,-0.0031752660675399,
15,202.346,0.0021271252852178,0.0122541143360153,-0.0034851012823154,
15,202.397,0.0012680883858545,0.0119138963922602,-0.0038055116328161,
15,202.449,0.000213606507432,0.0115419471671669,-0.0039061310344387,
15,202.5,-0.0002790131618085,0.0113803606606605,-0.0036568704124023,
15,202.55,-0.000371707795408,0.0115675050664334,-0.0032032376678292,
15,202.601,-0.0002004634114416,0.0117624409654652,-0.0026549724370957,
15,202.653,0.0005279693244222,0.0117458804193527,-0.0020900585600329,
15,202.705,0.0013544044874279,0.0115950066688593,-0.0017606821913037,
15,202.755,0.0017756359485552,0.0113701111488957,-0.0018096617655423,
15,202.807,0.0019031504105722,0.0111158082889972,-0.0020973658069579,
15,202.857,0.0018320453452347,0.0108630740155989,-0.0025150638908174,
15,202.908,0.0018401011122646,0.010631648776778,-0.00278174506484,
15,202.959,0.0014966123419465,0.0106333149663882,-0.002930147889438,
15,203.01,0.0005535862727862,0.0109851745069925,-0.003191604655647,
15,203.061,-0.0002965301046909,0.0113325313411075,-0.0035045650139318,
15,203.111,-0.0010187659165827,0.0116490959803672,-0.0038254160910797,
15,203.163,-0.0016009656277136,0.0121213149202385,-0.0039247191593685,
15,203.214,-0.0016449155404334,0.0126554280028292,-0.0036731210564916,
15,203.264,-0.0011392938127865,0.0131863298358887,-0.0032166836944826,
15,203.316,-0.0005226554679337,0.0134716892911118,-0.0026655395521682,
15,203.368,0.0001156468619114,0.0133758121959834,-0.0022987640434374,
15,203.418,0.0007165663857291,0.013043130591926,-0.0024813652991965,
15,203.469,0.0010444027878758,0.0125852995169313,-0.0030016411967467,
15,203.52,0.0013715943323252,0.0122848164472889,-0.0032950223697095,
15,203.571,0.0016720878667119,0.0125110549195078,-0.0032184822810538,
15,203.622,0.0019313189052786,0.0130569325429583,-0.002910841352622,
15,203.673,0.0023440949074767,0.0135631253325723,-0.0026805310617084,
15,203.724,0.0026213538272255,0.0142040356292506,-0.0027191521728107,
15,203.775,0.0025885918331054,0.0148798606631596,-0.0029271502846567,
15,203.827,0.0023596293334635,0.0153229532969966,-0.003427903043616,
15,203.877,0.0020232266881607,0.0157820211383571,-0.004076187242913,
15,203.928,0.0018457751850408,0.0164152898501683,-0.0045661783884844,
15,203.979,0.0017845225350642,0.0169085762343733,-0.004915285355386,
15,204.03,0.0014010475244325,0.0168707900230556,-0.0049451574106186,
15,204.081,0.000841720582491,0.0164954350829599,-0.0045670542829869,
15,204.132,0.0002145434037134,0.0161345671370174,-0.0041585036333107,
15,204.183,-0.0006065999702391,0.0158119802185722,-0.0039640793623792,
15,204.235,-0.0012853449159172,0.0157406930756702,-0.0037217704929828,
15,204.285,-0.0016174028234868,0.0158363041733301,-0.0032673826174838,
15,204.336,-0.001499603448914,0.0156296076324841,-0.0027134800964775,
15,204.388,-0.0009019169905017,0.0150447966158363,-0.0023410842674231,
15,204.438,-4.446843532328581e-05,0.0144652948479466,-0.00231584753634,
15,204.491,0.0009106971290005,0.0143374188695966,-0.0023144555250332,
15,204.54,0.0016509682349813,0.0145094665060747,-0.0021276345308752,
15,204.591,0.0021939479086317,0.0146592157762691,-0.0020377300062902,
15,204.643,0.002767608637234,0.0149834677332481,-0.0022180390059036,
15,204.693,0.0031140288994875,0.0153935889744441,-0.0025571650186505,
15,204.746,0.0028852116887922,0.0154241688426098,-0.0031717390559371,
15,204.795,0.00210501306319,0.015008039025099,-0.0039136012471887,
15,204.847,0.0012346948315655,0.0145396740682453,-0.0042758362221375,
15,204.897,0.0007781612401054,0.0144771007143015,-0.0041646634526915,
15,204.948,0.00082451764372,0.0148806428188243,-0.003758800791728,
15,204.999,0.0009888456931073,0.0153498771994821,-0.0031965426683456,
15,205.05,0.0010148003421628,0.0154218808887852,-0.0027799818719712,
15,205.101,0.0009499239712688,0.0150325021019253,-0.0028919953626615,
15,205.152,0.0008320047295196,0.0143784951004231,-0.0035348460094541,
15,205.203,0.0006895392219208,0.0136073070332177,-0.0042656738089579,
15,205.254,0.0005427756764434,0.012822916916782,-0.0047933823075772,
15,205.305,0.0006058792571452,0.0120930724195803,-0.0051484272794086,
15,205.356,0.0007985121128913,0.011456841774538,-0.0051633785852818,
15,205.409,0.0006570765928798,0.0109317611280716,-0.0049590092052432,
15,205.458,0.0003127478112684,0.0105201482504419,-0.004831229521487,
15,205.509,6.678790309200044e-05,0.0102143743884449,-0.0047628357416432,
15,205.661,-3.8974712771643245e-05,0.0105024240967267,-0.0035786547818091,
15,205.712,0.0002639014438815,0.0111442888082957,-0.003404658795756,
15,205.763,0.0002361177604682,0.0118656923577774,-0.0034212254849029,
15,205.814,-1.5031604625761986e-06,0.0123793217628333,-0.0035586789793884,
15,205.865,-0.0001537809494919,0.0127184332723682,-0.0039634549529395,
15,205.916,-0.000239090787596,0.0131192091151821,-0.0045071615542029,
15,205.967,-7.376373707221583e-05,0.0133265041063036,-0.0048954600378594,
15,206.018,0.0006406956843781,0.0131922234756199,-0.0051528939246808,
15,206.069,0.0016499469975522,0.0128496600225055,-0.0053057170456143,
15,206.12,0.0025663532359736,0.0124010333691055,-0.0053791710805305,
15,206.171,0.003148761401293,0.0119204226513993,-0.0053958208131139,
15,206.222,0.0032693388687113,0.0114579080278081,-0.0055755351440059,
15,206.273,0.0030840341022807,0.0110441547630679,-0.0058453941314081,
15,206.324,0.0027174374681666,0.0108957465587433,-0.0057497215148474,
15,206.376,0.0024648526483886,0.0113311072731972,-0.0052264666987658,
15,206.426,0.002104846838536,0.0123067287036993,-0.004671849908036,
15,206.478,0.0013031996133332,0.0133496384723847,-0.0043425070092963,
15,206.528,0.000885205051161,0.0141510895120751,-0.0039832674673519,
15,206.579,0.0017510139430979,0.0147332972876996,-0.0034328789678474,
15,206.63,0.0033706387289491,0.0149272886366957,-0.0030049450598072,
15,206.681,0.0047411134642438,0.0146558791310196,-0.0028907586604369,
15,206.732,0.0058417004509851,0.0143086209923087,-0.0027861340414758,
15,206.783,0.0064799468962871,0.014141447320363,-0.002495213087323,
15,206.834,0.0061678970105799,0.0139023670823809,-0.0021081813795507,
15,206.886,0.004869773847801,0.0134355419453072,-0.0018914341448512,
15,206.936,0.0028426801445945,0.0128601539464458,-0.0020021448303045,
15,206.987,0.0007117371752258,0.0124621955549328,-0.0023139773838256,
15,207.038,-0.0011137899984787,0.0126116686016981,-0.0027297491681003,
15,207.09,-0.0021951200522952,0.0133010636116658,-0.0029779484953016,
15,207.14,-0.0025114574959458,0.0140805232595089,-0.003098736258139,
15,207.192,-0.0027134205816582,0.0146542956535352,-0.0035297724303025,
15,207.242,-0.0028258051030693,0.0150500570880076,-0.0043259939245415,
15,207.293,-0.0028717100367796,0.0150990243778782,-0.005091630701772,
15,207.344,-0.002871290482409,0.0147208073421441,-0.0053744783592778,
15,207.395,-0.002439527039329,0.0140989984661146,-0.0053249663406719,
15,207.446,-0.0015649719264099,0.0133709136485267,-0.0052671060601236,
15,207.498,-0.0002758540795135,0.0128339918222174,-0.0050077060699598,
15,207.548,0.0011755849145422,0.0126636391192952,-0.0044390531207317,
15,207.6,0.0022128623950566,0.0127420711098923,-0.0039185758264349,
15,207.65,0.0027003550048842,0.0129737608329667,-0.0036716414612444,
15,207.701,0.0027960802731238,0.0130842965452187,-0.0034191477112248,
15,207.752,0.0026328550120521,0.0131082502298197,-0.0031833721383316,
15,207.804,0.0023166638810756,0.0132755837710429,-0.0031780931177802,
15,207.854,0.0021286022380935,0.013521431721119,-0.0031202338419463,
15,207.905,0.0020378242822057,0.0137978851910542,-0.0028324665188248,
15,207.956,0.0016150645648726,0.0138709254381893,-0.0026211983169965,
15,208.007,0.0012141832416676,0.0136068050704416,-0.0026767985060293,
15,208.058,0.0010603715004763,0.0131476639273602,-0.0028990885923127,
15,208.11,0.0006757071341381,0.0126003303077536,-0.0032104281683199,
15,208.161,0.000173886501952,0.012040403512355,-0.0035538687854466,
15,208.211,3.890781857110036e-05,0.0117182145780201,-0.0038903076808149,
15,208.263,0.0005517143995313,0.011775215394771,-0.0041952287098618,
15,208.314,0.0014387835279913,0.0118699974129932,-0.0044554403448888,
15,208.364,0.002293791526935,0.0117805626395631,-0.0044652401840922,
15,208.415,0.0028587176626971,0.0117809984041087,-0.0043136507778836,
15,208.467,0.0029913832212978,0.0120398714255785,-0.0042715654883884,
15,208.517,0.0030369939658918,0.0122428637575264,-0.0043030916895862,
15,208.568,0.0032239415582401,0.0123937098464646,-0.0043792961246646,
15,208.619,0.0036873512635681,0.0129006611849367,-0.0042771995920087,
15,208.67,0.0040900094085556,0.0135952760166924,-0.0038681175717699,
15,208.721,0.0040196902127024,0.0139527809928488,-0.0034958465675834,
15,208.772,0.0038525089119427,0.0138645267764713,-0.0033779238394657,
15,208.823,0.0036366352039365,0.0136983076387614,-0.0034326009104354,
15,208.874,0.0034068744280252,0.0138971058489502,-0.0035935827296013,
15,208.926,0.0031866646383738,0.0145148720037588,-0.0038098110356316,
15,208.976,0.0025886032919914,0.0151508829445231,-0.0042449350481654,
15,209.027,0.001796250607139,0.0153458349346326,-0.0047854931403015,
15,209.078,0.0013446086193145,0.015041418264384,-0.0049485793271778,
15,209.129,0.0013485975812862,0.0144411855808469,-0.0048564720490041,
15,209.18,0.0018453193622124,0.0136994496118333,-0.0048089290017152,
15,209.231,0.0026181527139864,0.0131273801671526,-0.0047937865900417,
15,209.282,0.0031043189562192,0.0131117502392365,-0.0048006408182107,
15,209.334,0.0033675753893663,0.0136550829130998,-0.0046202183456527,
15,209.384,0.0036675536285143,0.0145132593164823,-0.0041333459792887,
15,209.436,0.0037661515082265,0.0155044209483288,-0.0036898773007038,
15,209.487,0.0033260057643474,0.0163004157598051,-0.0035107046740288,
15,209.537,0.0023748607447206,0.0165056277004307,-0.0033145986285491,
15,209.588,0.0011723943261816,0.0163154547524912,-0.0029225525308351,
15,209.64,0.0001061744881945,0.0162886456607655,-0.0026371680552894,
15,209.69,-0.0003853429534038,0.0163687638966439,-0.0026439507538101,
15,209.741,-0.0002679551756677,0.0163101903076214,-0.0028375704411326,
15,209.792,0.0002305247344077,0.0161673719225856,-0.0031354641787454,
15,209.843,0.0009333740526589,0.0157811624477552,-0.0036771370592066,
15,209.894,0.0015100000303533,0.0150690456117629,-0.0047333109212659,
15,209.945,0.0017585164575853,0.0142051143993917,-0.006034614676121,
15,209.996,0.0017766351349496,0.0135140530443144,-0.0071877609730271,
15,210.047,0.0016455323249872,0.0131902110450237,-0.0079524163662416,
15,210.099,0.0014292580272523,0.0131279010933984,-0.0080048177943977,
15,210.15,0.0013765665836123,0.0132383306969418,-0.0073953708027828,
15,210.201,0.0014330221411447,0.0132498422318456,-0.0066112389517275,
15,210.251,0.0013541103697112,0.0129961540941888,-0.0059788983794978,
15,210.303,0.0013955534650967,0.0127935930407166,-0.0054947074848995,
15,210.353,0.0015108570720905,0.0130417621633506,-0.0053452630005111,
15,210.405,0.0016642684938453,0.0135590714928328,-0.0054225140340163,
15,210.456,0.0020306300061921,0.013805769747151,-0.0052372834323246,
15,210.507,0.0025041362979449,0.0136582593916531,-0.0046977563900953,
15,210.557,0.0030083216589478,0.013470606411152,-0.0041751765117244,
15,210.61,0.0030900128212476,0.0134731163656322,-0.0041071136851793,
15,210.66,0.0024925068342011,0.0135973859776106,-0.0045368574470456,
15,210.71,0.001708230091078,0.0139905969806574,-0.0052513474257708,
15,210.761,0.0012688386137076,0.0147255396128831,-0.0058902287192534,
15,210.812,0.0016884386375709,0.0156206118648789,-0.0060276274086045,
15,210.863,0.0026252462592488,0.0163456455861877,-0.0058323617460616,end
16,212.495,-0.0005528155801636,0.0166474674615217,-0.0063616779546403,start
16,212.546,-0.0006776174004818,0.0162464811510007,-0.0060463122255003,
16,212.597,-0.0007032238880291,0.0156883401618682,-0.0053583307351054,
16,212.648,-0.0004623205828926,0.0148734115203376,-0.0044866394882172,
16,212.699,0.0001309902467604,0.0139592577622536,-0.0035671516823274,
16,212.751,0.0009026554711446,0.0130549029594762,-0.0028917087744002,
16,212.801,0.0017267180217311,0.0122294826841718,-0.0026278787601292,
16,212.853,0.0025181858802627,0.0117218297136423,-0.0026492316867825,
16,212.904,0.0034260013852135,0.0118604261248065,-0.0028517717766981,
16,212.954,0.0041346750138995,0.0124023616413234,-0.0029534121301374,
16,213.005,0.0040561975208226,0.0127577764457711,-0.0029821751609012,
16,213.056,0.0034791838138474,0.0127641805472329,-0.0033635548861155,
16,213.107,0.0028296203038042,0.0127470652895352,-0.0039404483168995,
16,213.158,0.0021857085516951,0.0129170744382168,-0.0041947236055295,
16,213.209,0.0017979828793066,0.0129926050335668,-0.0040208267825396,
16,213.26,0.0020073772001289,0.0128006403735512,-0.0035862908510753,
16,213.311,0.0023820803205913,0.0124525384058539,-0.0032203350580046,
16,213.362,0.0024310359836878,0.0120322617720102,-0.0031285953937052,
16,213.413,0.0024679738917128,0.0115994580821271,-0.0030192607745709,
16,213.465,0.0024942368439987,0.0113942224201137,-0.0029074248325907,
16,213.515,0.0025115436031162,0.0115522588097375,-0.0030038024874223,
16,213.566,0.0027225496377319,0.0119305846780711,-0.0032259759021167,
16,213.617,0.0028400004996491,0.0124198013155286,-0.0035109806612566,
16,213.67,0.0026871807176379,0.0129408374520395,-0.0036125533250912,
16,213.719,0.0025741326402838,0.0134404244364016,-0.003387488193074,
16,213.77,0.0024956737503381,0.0138861214218908,-0.00317184732523,
16,213.822,0.0020440342519268,0.0142614515917551,-0.0031804075568686,
16,213.872,0.0013893365609022,0.0143606666685135,-0.0031312381798071,
16,213.923,0.0008578349736235,0.0142748246150034,-0.0030489937757108,
16,213.974,0.0004480427596661,0.0142780255313749,-0.0031529772855288,
16,214.025,0.0003500627224796,0.0141372434970965,-0.0033680449990037,
16,214.076,0.0008616022913535,0.0137145936285598,-0.0036370796033047,
16,214.127,0.0017229644524016,0.0131451203182546,-0.0037182798191688,
16,214.178,0.0021369886994075,0.0125272293304278,-0.0036724890666324,
16,214.229,0.0018291847747064,0.0119279229130029,-0.0037497646465255,
16,214.28,0.0012839958524775,0.0113886800978538,-0.0036989275374827,
16,214.331,0.0010320239219632,0.0111321120643858,-0.0033691754236845,
16,214.382,0.0011891825932815,0.0114791162466362,-0.0030878645272292,
16,214.433,0.0013952790495188,0.0121853463503886,-0.003061053813947,
16,214.485,0.0016162053874947,0.0126635653307378,-0.0029987873263603,
16,214.535,0.0020297287709415,0.0127562983843476,-0.0029187833059207,
16,214.586,0.002332721144968,0.0127951835343235,-0.0032354976027453,
16,214.637,0.0025404838596566,0.0129972431253969,-0.0037812050465126,
16,214.688,0.0026704805876615,0.0132877227487066,-0.0040282717176549,
16,214.739,0.0025393252376133,0.0136115754618307,-0.0038631232932043,
16,214.79,0.002652883075286,0.0137299821920884,-0.0034468670279069,
16,214.841,0.0027134319423776,0.0135062801470086,-0.0033046689809258,
16,214.892,0.0021326183576008,0.0130811368724785,-0.0037513291665036,
16,214.943,0.0013879583996987,0.0127617858424524,-0.004338939070429,
16,214.994,0.0007988700866521,0.012736773060713,-0.0047689088993246,
16,215.045,0.0005577150467158,0.0127017102749371,-0.004862401402977,
16,215.096,0.000559080365929,0.0124621849629506,-0.0045317494244076,
16,215.147,0.0005150431540315,0.0121107691929137,-0.0041564678036894,
16,215.198,0.0004454246206742,0.0117158227510111,-0.0039835442208917,
16,215.249,0.0003649921652749,0.0115255189164808,-0.0039542948270648,
16,215.3,0.0002840856019617,0.0118834180101336,-0.0042203744560305,
16,215.351,0.0004102081288011,0.0127649902772548,-0.0046544887101665,
16,215.402,0.0008598108774249,0.0139116013871719,-0.0047598310172684,
16,215.455,0.0014807600183843,0.0149352506705973,-0.004445018762576,
16,215.504,0.00216171943723,0.0153961375951213,-0.0040868633474774,
16,215.556,0.002625629056683,0.015258237717205,-0.0039305152499511,
16,215.606,0.0029130659875555,0.0147473829772128,-0.0039161565699325,
16,215.657,0.0034658983956284,0.0140383717927761,-0.0039940165036997,
16,215.708,0.0041445316598091,0.0134600636467856,-0.0041247662292055,
16,215.759,0.004447663225545,0.0134137069024344,-0.0042789333258512,
16,215.81,0.004284780935603,0.0139130756611112,-0.0044357344128552,
16,215.861,0.0038361048408572,0.0145214966335428,-0.0045816284394221,
16,215.912,0.0032401781539561,0.0149501481921273,-0.004507973378083,
16,215.963,0.0025976849273062,0.0152290692968424,-0.0040985934819844,
16,216.014,0.0017761062284977,0.015188720190994,-0.0035067828511806,
16,216.065,0.0009056710480682,0.0149468480279164,-0.0028455121850575,
16,216.116,0.0006763277266475,0.0147959928260565,-0.0021928153805473,
16,216.167,0.0010774072537355,0.0147156302129278,-0.0015980508294801,
16,216.219,0.0014489220260057,0.0146869339369522,-0.0012890543695185,
16,216.269,0.0015707966737231,0.0146936792169784,-0.0015898257810534,
16,216.32,0.0015227736311851,0.0149234467774013,-0.0022575107459942,
16,216.371,0.0015704779566068,0.0152777919967347,-0.0027052115265312,
16,216.422,0.002077412234362,0.0154827358552725,-0.0027750261026549,
16,216.473,0.0028381505626997,0.0155753970715517,-0.0027977079893933,
16,216.524,0.0030980527985306,0.0155886018462004,-0.0031900064500938,
16,216.575,0.0028150305340227,0.015549786324535,-0.0037878443754103,
16,216.626,0.0026082062758614,0.0152798920354209,-0.0040678116507965,
16,216.677,0.0024668666350041,0.0146826429104369,-0.0041214213553961,
16,216.728,0.0023788799568782,0.0139234233480171,-0.0044272169419239,
16,216.779,0.0025330132135883,0.0133221481881322,-0.0048701867134942,
16,216.83,0.0028300484047395,0.0130713070847456,-0.0049638807529136,
16,216.881,0.0031948721060186,0.012864534681151,-0.0048260394977325,
16,216.932,0.0035738645214937,0.0125018028933861,-0.0049524433017995,
16,216.983,0.0039314982907065,0.0120681858150908,-0.0054390002814584,
16,217.034,0.0040458700447453,0.0118247739635234,-0.0059166215918161,
16,217.085,0.0039950374522149,0.0119237382990975,-0.005948475712131,
16,217.136,0.0040431680117141,0.0120335023255303,-0.0056918774077243,
16,217.187,0.0039500685908514,0.0119405413703892,-0.0056725604385524,
16,217.238,0.0035730364480338,0.0117250303118941,-0.0060078096733418,
16,217.289,0.0030441919147001,0.0114482343056074,-0.0065435287566353,
16,217.34,0.0026612998392132,0.0113552027409608,-0.007164783316843,
16,217.391,0.0026036072987862,0.0117891696425718,-0.0075901550013218,
16,217.442,0.0027591166218645,0.0125262657573597,-0.0076548916663704,
16,217.493,0.0030388706856824,0.0129968934650477,-0.0074831339865916,
16,217.544,0.0033758356925425,0.0130579804411638,-0.0069726645284596,
16,217.595,0.0037224234600558,0.0128515005108986,-0.0060851358736286,
16,217.646,0.00364567289329,0.0126908370370196,-0.0052279116283928,
16,217.697,0.0029019119621898,0.012773298326669,-0.0048606542656952,
16,217.748,0.0021917791099943,0.0128042300008056,-0.0048371409721958,
16,217.799,0.0023635957311739,0.0127996282283007,-0.0046343100591662,
16,217.85,0.0032880830351812,0.0131742740127418,-0.0043327676245467,
16,217.901,0.004018528606401,0.0137620542081507,-0.004393807662806,
16,217.952,0.0041641786808398,0.0140376427564195,-0.0048833206257512,
16,218.003,0.0041239023448535,0.0138900340737432,-0.0054074774311848,
16,218.056,0.0041684510127343,0.0134828651126373,-0.0055100784760522,
16,218.105,0.0040629899229392,0.013142769715753,-0.005133238132696,
16,218.156,0.0038697918988116,0.0130738467488169,-0.0044791802070941,
16,218.207,0.0036358439230848,0.0131843774574697,-0.0039007047520644,
16,218.258,0.00319372109846,0.0134011217424598,-0.0036180088225618,
16,218.31,0.0030552695828388,0.0136685744491588,-0.0033468878338226,
16,218.36,0.0033235340735576,0.0141478973338362,-0.0031049705388608,
16,218.411,0.0034294285738709,0.0147245978161637,-0.0031020507873464,
16,218.462,0.0032218463036171,0.0151165895684435,-0.0030518133760199,
16,218.513,0.0028298910268874,0.015358628037978,-0.0027744308003401,
16,218.564,0.0023511749633075,0.0152842162950878,-0.0025744850824563,
16,218.615,0.0018552716544636,0.0148119928190372,-0.0028419332554876,
16,218.667,0.0011873492535366,0.0141225675228569,-0.0035884938372641,
16,218.719,0.00026192500667,0.0135500570819193,-0.0045823601029733,
16,218.77,-0.0005534722556931,0.0132993555647541,-0.0054541618756562,
16,218.821,-0.0010319662014747,0.0130743527610359,-0.0057759752319091,
16,218.871,-0.0012559476116565,0.0128839071209532,-0.0055183666346203,
16,218.921,-0.0012987038135153,0.0131325912398428,-0.0051106731224127,
16,218.973,-0.001221796195553,0.0138437679044195,-0.0048403075062001,
16,219.024,-0.0008734866022815,0.014593599935129,-0.0044789030976855,
16,219.074,-0.0003790938502782,0.0149063197299398,-0.004088143687116,
16,219.125,-3.156037686334682e-05,0.0147127414004776,-0.0039107821128315,
16,219.176,0.0003946997608234,0.0144108324633629,-0.0036836979827581,
16,219.227,0.0006363747574026,0.0144653662259006,-0.0034429666694456,
16,219.278,0.0005394175449716,0.0147441241761352,-0.0034136551496868,
16,219.33,0.0004339006086635,0.0147426277514607,-0.0035222927355656,
16,219.38,0.0001305367654598,0.0143606763097239,-0.0039115106147561,
16,219.431,-0.0002753462279331,0.0137654029393612,-0.0046502455324451,
16,219.482,-0.0007143740498501,0.0130811355928033,-0.0055537986067244,
16,219.533,-0.0013402243891999,0.0123947613877932,-0.0062896388568011,
16,219.584,-0.0018347832571923,0.0117621747621665,-0.0064571363228825,
16,219.635,-0.0022054085119403,0.0112149027571197,-0.006045836963293,
16,219.687,-0.0024667751433031,0.0107663116701622,-0.0052963664709164,
16,219.737,-0.0024362384464538,0.0104170466169512,-0.0045910506175542,
16,219.788,-0.0020201085640334,0.0101595421392224,-0.0041715475299637,
16,220.094,0.0012905092882344,0.0105187654968915,-0.0046017464092835,
16,220.145,0.0016242398326961,0.0110196809752957,-0.0050633183354978,
16,220.196,0.0019086312770295,0.0112590293846641,-0.0053542616191847,
16,220.247,0.0017368655529655,0.011311393665591,-0.0055123994792509,
16,220.299,0.0014871749183072,0.0112396287841641,-0.0053718249591606,
16,220.349,0.0014083991912034,0.0110940185949374,-0.005050963632524,
16,220.4,0.0012447346741947,0.0109127449746152,-0.0048410846421326,
16,220.451,0.0012406079941586,0.010723160895444,-0.0045184109941002,
16,220.502,0.0015399663173803,0.0105434768361765,-0.0039484841545886,
16,220.553,0.0018090830680169,0.0103845768124944,-0.0034665989523252,
16,220.604,0.0018363516035908,0.0104526053066992,-0.0032807245518744,
16,220.655,0.0017063198385842,0.0110623771016926,-0.0032996290685808,
16,220.706,0.0010841818744657,0.0121714453720428,-0.0036491838491307,
16,220.757,0.0001964093393181,0.0133108092551313,-0.0041827207391856,
16,220.808,-0.0003887431837909,0.0141772405749049,-0.0043897266612426,
16,220.859,-0.0007328025686026,0.0147990227476852,-0.0043706819423242,
16,220.91,-0.0008945970167481,0.015213948899048,-0.0046098565366299,
16,220.961,-0.0011273317148775,0.0154628751685982,-0.0051962604170258,
16,221.012,-0.0011860340117141,0.0153845063939089,-0.0057574188244791,
16,221.063,-0.0009275709459203,0.0149016884185594,-0.0060564725556443,
16,221.114,-0.0006872902755677,0.0141982627659,-0.0061634010279147,
16,221.165,-0.0004779734906598,0.013409858658209,-0.0061385197355019,
16,221.216,-0.000104496927704,0.01263028871931,-0.0058302671925014,
16,221.268,0.000545094751658,0.0119190101404165,-0.0051642034004817,
16,221.319,0.0009179220256675,0.0115095034568121,-0.0047238313353503,
16,221.369,0.0010832955168796,0.0115272693877475,-0.0048652509303432,
16,221.42,0.0013031668359463,0.0118176400684455,-0.0053684427756889,
16,221.471,0.0013394937407746,0.0122595197425672,-0.0056615673558248,
16,221.522,0.0012551858871913,0.0127630722185276,-0.0053947499486437,
16,221.573,0.0011002814875313,0.0132657265269817,-0.0049910809084252,
16,221.625,0.000912543891207,0.0137274248334078,-0.0047329036501213,
16,221.675,0.000517996629169,0.0141257661214671,-0.0045887780429584,
16,221.726,2.2507017524017342e-05,0.0142506394978785,-0.0045293777466963,
16,221.777,-0.0002970840736388,0.0139892586422321,-0.0045290879903504,
16,221.828,-0.0004781885192889,0.0135011506698759,-0.0045667321468259,
16,221.879,-0.0003550919390475,0.0129068423158731,-0.0046256811912103,
16,221.93,0.0003548829738293,0.0122921650314842,-0.0044927249217491,
16,221.981,0.0013842184651279,0.0117138032566891,-0.0040465370659041,
16,222.032,0.0021340189594679,0.0114060279492758,-0.0034353014656405,
16,222.083,0.0024434715282135,0.0114973520005791,-0.0029681485683071,
16,222.134,0.0022448132257047,0.0118373026622046,-0.0030325986550358,
16,222.185,0.001937069799302,0.0125102346247596,-0.0034328156346191,
16,222.236,0.0019857538671247,0.0135434993580368,-0.0038153927560974,
16,222.288,0.0020582886412077,0.0145240246789351,-0.0043567564383425,
16,222.338,0.0021402931328985,0.0149902891914455,-0.0049564685066234,
16,222.389,0.0022217833378038,0.0148884414452739,-0.0053445917995872,
16,222.44,0.0020955636581461,0.0144304158102804,-0.0055658330181593,
16,222.491,0.001846268588426,0.0137807497235302,-0.0056622710885643,
16,222.542,0.0017388993197086,0.0130603646643513,-0.0056709192638488,
16,222.593,0.0019320133824926,0.0123524949093974,-0.0054217348613671,
16,222.644,0.0023023293708217,0.0119103511479419,-0.0048263733287232,
16,222.695,0.0027565453211743,0.0118749837559336,-0.0042576516700634,
16,222.749,0.0028264145900254,0.0121033441991667,-0.0041533702267418,
16,222.797,0.0024433360276339,0.0124825019101131,-0.0043553355192543,
16,222.848,0.0020013663598905,0.0129279146289805,-0.0045366543999737,
16,222.899,0.0017579654004162,0.0133800385532423,-0.0044893320436315,
16,222.951,0.0018623036848337,0.0138001460392009,-0.0040983381913214,
16,223.001,0.0019804495568889,0.0143668046999856,-0.003719173642005,
16,223.052,0.0018971262239168,0.0149819325300105,-0.0035788890910117,
16,223.103,0.0012896166469693,0.0151770634766754,-0.0038039137936784,
16,223.154,0.00039472276389,0.0148863195760368,-0.0042451531345883,
16,223.205,-0.000210928250676,0.014508149214587,-0.0045887821267046,
16,223.256,-0.0005824188637295,0.0143051211481294,-0.0048422036648233,
16,223.308,-0.0005730535603361,0.0142307308094577,-0.0048165786283667,
16,223.358,-0.0003201780763979,0.0142448185088178,-0.0044132115343734,
16,223.409,-0.0001322749824212,0.014113686364647,-0.003799982866011,
16,223.46,-0.0002019705924278,0.0136991178939833,-0.0033022555918745,
16,223.511,-0.0006321122934218,0.0133369044756152,-0.0033202567810479,
16,223.564,-0.0010580382215134,0.0132382005641774,-0.0036675751155341,
16,223.615,-0.0010453769414172,0.0131155944516042,-0.0037965329120766,
16,223.665,-0.000551610549602,0.0127866743434445,-0.0035742515598345,
16,223.715,1.0213726138849372e-05,0.012351857727987,-0.0033453927255562,
16,223.767,0.00036972008552,0.0118840545488656,-0.0035323677468673,
16,223.817,0.0005705891475149,0.0114326756354368,-0.0039710181002195,
16,223.869,0.0006535794276274,0.0112289249366189,-0.0041341752019784,
16,223.919,0.0006543010731403,0.0114011926288236,-0.0041075373082272,
16,223.97,0.0008030352866783,0.0115999477786566,-0.0041621476720645,
16,224.022,0.0014364165653257,0.0117997240108514,-0.0040636460356263,
16,224.072,0.0027314125848379,0.0121849400550226,-0.0036740251041673,
16,224.123,0.0043467047221491,0.0124573088136347,-0.0033298276191224,
16,224.175,0.0054351562903718,0.0124345888110559,-0.0034440804182571,
16,224.226,0.0056966114550399,0.0122244383540934,-0.0040440163449884,
16,224.276,0.0054066676057175,0.0121117948563779,-0.0049072509624857,
16,224.327,0.0047863753439651,0.0124724039504032,-0.0056691723190688,
16,224.378,0.0040040438448034,0.0131075653449868,-0.006104074823755,
16,224.429,0.003381469285106,0.0134661192546077,-0.0062943060608578,
16,224.48,0.002911368654143,0.013618466651344,-0.0063123350702715,
16,224.531,0.0023759885675396,0.0138271582456807,-0.0064193072389947,
16,224.582,0.0018417503376381,0.0140552213594921,-0.0065747297950622,
16,224.633,0.0013511616459663,0.0144782209832096,-0.0063470731382464,
16,224.684,0.0013296456522041,0.0149922624130725,-0.0056911828308558,
16,224.736,0.0018115322646219,0.0151217316062457,-0.0048133341522745,
16,224.786,0.0025775652927847,0.0147933204397383,-0.0038636527546332,
16,224.838,0.0036651316320057,0.0141976294063529,-0.0031450261824955,
16,224.888,0.0044698785740629,0.0134783719424005,-0.0028331503943219,
16,224.939,0.0046269234413762,0.0129384790561273,-0.0026063652532657,
16,224.99,0.0043559476289286,0.012757827038066,-0.00225153790954,
16,225.041,0.0040330621760396,0.0128220871054399,-0.0018430950112207,
16,225.092,0.0041044902130409,0.0130382596817998,-0.0014330773266553,
16,225.143,0.0044230737517455,0.0131336620323018,-0.0012558214463385,
16,225.194,0.0046737442772826,0.0129431105559329,-0.0016437545970332,
16,225.245,0.0048607214561685,0.0125844698127218,-0.0025638422445829,
16,225.296,0.0047909946294307,0.0123476692679412,-0.0037513141708674,
16,225.348,0.0043613980356223,0.0126097014407318,-0.0048140460287575,
16,225.398,0.0037355093949573,0.0133714444481495,-0.0053097354110464,
16,225.449,0.0032348420052663,0.0143924843148034,-0.005201097129539,
16,225.501,0.0032563731136221,0.0152969672977092,-0.0049144333162944,
16,225.551,0.0038119210190332,0.0156523687830986,-0.0049382885623625,
16,225.602,0.004263665020609,0.0154262317180822,-0.0053602129658496,
16,225.653,0.0040100431021768,0.0148452903827007,-0.0060035449875577,
16,225.704,0.0035252416485082,0.0140834638116504,-0.006536362381423,
16,225.755,0.0033327859349128,0.0132668263825837,-0.0067546643271015,
16,225.807,0.0031424535895201,0.0126814728931536,-0.0067537143552286,
16,225.857,0.0027679394702328,0.0124923108422296,-0.0066122231433419,
16,225.908,0.0021045524472003,0.0123716091665928,-0.0065927957255835,
16,225.959,0.001108354863782,0.0121036773858046,-0.0068540484373039,
16,226.011,0.0001795703721885,0.0117628432382285,-0.0072743284469111,
16,226.061,-0.0004305324997355,0.0116034670883571,-0.0077628383103222,
16,226.112,-0.0005864030930574,0.011774106197969,-0.0082558638067374,
16,226.163,-0.0002375958357947,0.0121426930713615,-0.0087121789662171,
16,226.214,0.0002060327868856,0.0126086241878275,-0.0089074588623573,
16,226.265,0.0006748370149011,0.0128987236689089,-0.008517968569417,
16,226.316,0.001322960645005,0.0130527485644829,-0.0077847241200472,
16,226.367,0.0020340250342649,0.0133079621178581,-0.0072915837903202,
16,226.419,0.0025275006562973,0.0136075709841907,-0.0071928839327277,
16,226.469,0.0026409491269048,0.0141124178908577,-0.0071542543242534,
16,226.52,0.002903220202295,0.014708338430439,-0.0067555868013527,
16,226.571,0.0034407033962665,0.0149131295131075,-0.0061580347506795,
16,226.622,0.0037098491086213,0.0146497838846532,-0.0058825985386171,
16,226.673,0.0035844411018557,0.014107353522603,-0.0058358785596263,
16,226.724,0.003216059919864,0.0134295070464295,-0.0055379319548794,
16,226.775,0.002721440854014,0.0127192649914947,-0.0049019621939876,
16,226.826,0.0021855933892483,0.0122461358412507,-0.0041002904147864,
16,226.877,0.0016663505095126,0.0121639211754992,-0.0034575801165421,
16,226.928,0.0014003032398482,0.012339024704374,-0.0033701184633718,
16,226.979,0.0019205168293549,0.0126650929804148,-0.0036457924801379,
16,227.03,0.0029032094714473,0.0128609548800543,-0.0039313846134781,
16,227.081,0.0033002360403928,0.0127567407997595,-0.0042003951412733,
16,227.132,0.0030889165980041,0.012669278061728,-0.0042363268281251,
16,227.183,0.0025044095280242,0.0130012523186702,-0.0041198865250399,
16,227.234,0.0017275134757497,0.0135755644960168,-0.0041159099201867,
16,227.285,0.0012913065147524,0.0140583303300798,-0.003983547879964,
16,227.336,0.0011086430418826,0.0144436005251646,-0.0037794787442655,
16,227.387,0.0011032640642914,0.0147353916535615,-0.0037466473884464,
16,227.438,0.0014128525379562,0.0149437892471618,-0.0036254434469679,
16,227.489,0.0014979082456736,0.0148811273130943,-0.0034572983440129,
16,227.54,0.0012312930434786,0.0146496547841672,-0.0034733887888706,
16,227.591,0.001162218595888,0.0147301776215369,-0.0034055127288962,
16,227.642,0.0014262198602625,0.0150043304886311,-0.0032892373408044,
16,227.693,0.0022842989204724,0.0149789773128177,-0.0031512617736843,
16,227.744,0.0036552918826124,0.0145627385284783,-0.0028096191627397,
16,227.795,0.0046426053863416,0.0139292425605776,-0.0025656333694205,
16,227.846,0.0051036975115683,0.013207299288273,-0.0024038801498059,
16,227.897,0.005391089275137,0.0126874600595115,-0.002307861113978,
16,227.948,0.0055439908692036,0.0125398347106292,-0.0024625479952574,
16,227.999,0.0053975202161283,0.0126427885614866,-0.0027655989693348,
16,228.05,0.0048699795509353,0.0128981811282101,-0.0029386246928907,
16,228.101,0.0043412518711212,0.0130299902750523,-0.0026126914553213,
16,228.152,0.0036534037671227,0.0130719503203521,-0.0021937671216872,
16,228.203,0.0025170934427539,0.0132537483661115,-0.0023513574146372,
16,228.255,0.0011844449261446,0.0133097936064549,-0.0028660364762089,
16,228.305,3.376453291530974e-05,0.01328068478343,-0.0033675553621499,
16,228.356,-0.0005061048732834,0.0134001343390699,-0.0040211788563562,
16,228.407,-0.0004100264792791,0.013404432587346,-0.0047198470367173,
16,228.458,0.0002870333601134,0.0131336994187274,-0.0049896109506436,
16,228.509,0.0013135363435512,0.012708323360652,-0.0049626253844149,
16,228.56,0.0020671983441642,0.0124187724347223,-0.0049483205822793,
16,228.611,0.0023844954272745,0.012641261105865,-0.0049432977619809,
16,228.662,0.0023964396261399,0.0133751075305127,-0.005145465111197,
16,228.713,0.0024124194198379,0.0143779616128117,-0.0054642733911839,
16,228.764,0.0024297037363348,0.0152719477738832,-0.0054306112273093,
16,228.815,0.0020447688902641,0.0156226270114173,-0.0051735958003154,
16,228.866,0.0014327933145726,0.0153958505849687,-0.0051956466648779,
16,228.917,0.000724366934549,0.0148169398157595,-0.0055957393580962,
16,228.968,1.0992026681528602e-05,0.0140586930506463,-0.0060053152726608,
16,229.019,-0.0002465814396094,0.0134471751122596,-0.0059864033032636,
16,229.07,-0.0001911341819636,0.0131797209414364,-0.005493365578786,
16,229.122,6.061512824333346e-05,0.013154418116667,-0.0047358539994854,end
17,230.141,0.0006632650648787,0.0127008506336814,-0.0067107628806079,start
17,230.192,0.0002699269460298,0.0128674673683459,-0.006223667429527,
17,230.243,0.0003976420836827,0.0131456409970657,-0.0052104656046043,
17,230.295,0.0008492757296126,0.0132721815050229,-0.0043429059694814,
17,230.345,0.0012715400589398,0.0130904727849965,-0.0040401155572807,
17,230.396,0.0014402127206878,0.0127256652390998,-0.004324698612641,
17,230.45,0.0012318602618468,0.0122727332328339,-0.004762299347057,
17,230.498,0.0005976061807761,0.0120005017202422,-0.0048612169119193,
17,230.549,-5.8015078847818377e-05,0.0122676993584222,-0.0047349731146107,
17,230.6,-0.0004738382299439,0.0130602294563831,-0.0046752969883311,
17,230.651,-0.0005016283262562,0.0139251819930619,-0.004663108130089,
17,230.702,-7.748669577035993e-05,0.0143654308289589,-0.0048831881330665,
17,230.753,0.0006024292771302,0.0144979285798986,-0.0054353879944594,
17,230.804,0.0013917665137874,0.0146232393517298,-0.0061562333111432,
17,230.855,0.0019870373975,0.0145330404396546,-0.0067264979942813,
17,230.907,0.002209189700555,0.0143118700512383,-0.0067527089088095,
17,230.957,0.0023750292200167,0.0144261355993636,-0.0062270508328988,
17,231.008,0.0028930972976154,0.0147463541542118,-0.005590512320007,
17,231.059,0.0033946158447227,0.0149721030658576,-0.0053356631222017,
17,231.11,0.0034435642924358,0.0151191285348624,-0.0053460838721002,
17,231.161,0.0033991576681889,0.0150030198822411,-0.0051241314647561,
17,231.212,0.0030976113071856,0.0147274771660625,-0.0047709763809494,
17,231.263,0.0024545385880863,0.014572650124035,-0.0045628780850341,
17,231.314,0.0020457549832271,0.0145076820576291,-0.0042636957840971,
17,231.365,0.0022217393757125,0.0145055642931568,-0.0035284636552429,
17,231.416,0.0027586281871501,0.0143430921382073,-0.0025726340410578,
17,231.467,0.0028813524987784,0.0138899947433763,-0.0019537763038833,
17,231.518,0.0023269255913048,0.0132869032864151,-0.0018015846386255,
17,231.569,0.0013827457410083,0.0128368949874447,-0.0019609160597476,
17,231.62,0.0006661137890215,0.0129228848432872,-0.0021064099911126,
17,231.671,0.0005546568687488,0.0135465637329182,-0.0022313411958953,
17,231.722,0.0008402836061577,0.0142641543711836,-0.0027347156194178,
17,231.773,0.0013576351734292,0.0145826616021381,-0.0036412010287355,
17,231.824,0.0017812095184942,0.014619629287384,-0.004532567521743,
17,231.875,0.0019097788485578,0.0146738950654605,-0.0049409636067139,
17,231.926,0.0018388178390916,0.0147348956441443,-0.0050067980061764,
17,231.977,0.0018464219386966,0.014996148865513,-0.0050484748921561,
17,232.028,0.0019038030281934,0.0155656807071114,-0.0050713102711613,
17,232.079,0.0017876653894877,0.0160863413956013,-0.0048793935199894,
17,232.13,0.0017704046418253,0.0163329983634688,-0.0043643288412719,
17,232.181,0.0018179453559327,0.0163841078154631,-0.0038842233267727,
17,232.232,0.0015015601657679,0.016305696768156,-0.0036659411198844,
17,232.283,0.0007763531992497,0.0163513502359634,-0.0038339487151023,
17,232.334,4.803979979124901e-05,0.016472905170225,-0.0042362072372277,
17,232.385,-0.0004229243225827,0.0164325410423719,-0.0043547208205276,
17,232.436,-0.0004901692560894,0.0164924061207743,-0.0042817335444249,
17,232.487,-0.0002930862485448,0.0166117441857507,-0.0044934575294792,
17,232.538,-0.0003439757810878,0.0163579711909163,-0.0050716066546588,
17,232.589,-0.0007506484069121,0.0156844556516661,-0.0058383183861142,
17,232.64,-0.0013528336467899,0.0147958434211186,-0.0064635387715418,
17,232.691,-0.001831201921519,0.0140414975495021,-0.0067469536906957,
17,232.742,-0.0019908973598274,0.0138355301405858,-0.0069892171022697,
17,232.793,-0.0017325489412522,0.0139978121772301,-0.007185626072534,
17,232.844,-0.0010260078193798,0.0139815675730237,-0.0071360143580958,
17,232.895,-0.0002896101680906,0.0138521296184224,-0.0071334360355611,end
18,234.17,-0.0003099950949052,0.0120356067283264,-0.0048672875983262,start
18,234.221,-0.0001168593147174,0.0121239930103832,-0.0052020311837049,
18,234.273,0.0006188972952345,0.0120100519759901,-0.0051996559769295,
18,234.323,0.0014427250774398,0.0117755012837867,-0.0049812599228817,
18,234.375,0.0018551891920963,0.0114824396712215,-0.0048426967329903,
18,234.425,0.0019706899154821,0.0113762282995232,-0.0047664657340985,
18,234.476,0.0018864541381271,0.0115992196000529,-0.0049371691374892,
18,234.527,0.0020825513117407,0.011814598221882,-0.0052525311041696,
18,234.578,0.0026435209453732,0.0118069586744879,-0.0054345022886195,
18,234.629,0.0029917701482588,0.01165689979254,-0.0057171383700874,
18,234.68,0.0029747810558704,0.0114275548008561,-0.0062424645587452,
18,234.731,0.0027249106136628,0.0111657836179797,-0.0068812391493716,
18,234.783,0.002546587972944,0.0109042448329481,-0.007340625416982,
18,234.833,0.0024284778998824,0.0106638654127478,-0.0074472229626838,
18,234.884,0.0019568061295103,0.0106572007504485,-0.0075198292247081,
18,234.936,0.0014971017027749,0.0110017984586351,-0.0075648024122554,
18,234.986,0.001684503165428,0.011343162445768,-0.0071867729218368,
18,235.038,0.0024727060328419,0.0114541958743113,-0.0063669847754609,
18,235.088,0.0031812474286818,0.0114085867451003,-0.0053297304557519,
18,235.139,0.0031792772667973,0.0112661786098083,-0.0044371637576855,
18,235.19,0.0027217776944841,0.0110731284216454,-0.0041107629727326,
18,235.241,0.002209709814429,0.0108631072649879,-0.0041736944720893,
18,235.292,0.0019046143076318,0.0108599071338875,-0.0040796020142909,
18,235.343,0.0017567702291392,0.0113912763745261,-0.0038923607729664,
18,235.394,0.0013199891114666,0.0124236394287328,-0.0040620874645363,
18,235.445,0.0005321522631031,0.013493548681736,-0.0046479550117762,
18,235.496,-0.0004175450563603,0.0140999214212071,-0.0052528167127129,
18,235.548,-0.0011939257085038,0.0141594586275565,-0.0056204360530721,
18,235.598,-0.0017967801036747,0.0138634991937546,-0.0058063675061789,
18,235.649,-0.002239913786242,0.0133633168890223,-0.0056600029803373,end
