episode_id, timestamp, wx, wy, wz, marker
1,21.757,0.011011984461090602,0.018749750836797748,-0.008545108461402932,start
1,21.808,0.010282099401669829,0.0185088383633194,-0.008533946701077726,
1,21.859,0.008586322540715686,0.017871617988049607,-0.008644561226281221,
1,21.91,0.007411465391916977,0.016830581393745426,-0.009025224767364106,
1,21.96,0.0070667485554180886,0.01581502037586959,-0.00974933829556414,
1,22.012,0.007081302126348347,0.015098215346460142,-0.010233886143176055,
1,22.063,0.007525938842562939,0.014630601359533098,-0.010124195455564982,
1,22.114,0.008612358149922467,0.014561205137184001,-0.009843034457770817,
1,22.165,0.00982227622914638,0.014752781329437662,-0.009675321004856024,
1,22.215,0.010411702560376192,0.01489550894673557,-0.009393006656036054,
1,22.267,0.010354991241102807,0.015196275307338584,-0.008859038479807908,
1,22.319,0.009486767051224457,0.015775072111597493,-0.008407400902286947,
1,22.369,0.007766157977533951,0.01628485376165051,-0.008044847791163594,
1,22.42,0.006038760342957827,0.016508586255818417,-0.0075677206306078,
1,22.471,0.005048277654022637,0.016530887478023476,-0.007055440503971251,
1,22.522,0.00481081905824161,0.01642220890974998,-0.0065617682046896116,
1,22.573,0.004673722182656922,0.016439090432703248,-0.006320522124765658,
1,22.625,0.0042103386060783465,0.016735977617738554,-0.006260550121728995,
1,22.675,0.003574915759029131,0.016987763233699313,-0.005919988974072149,
1,22.728,0.00247853366727361,0.01698956242304659,-0.0054268300030523315,
1,22.778,0.0013754244799730818,0.01703172155372439,-0.005277086662183707,
1,22.828,0.0009591184067876265,0.017297212461559453,-0.005761290176211663,
1,22.878,0.0008159042197580237,0.01768460974434736,-0.0066131787359555,
1,22.931,0.0008593428254339053,0.018119070903215042,-0.0072307801965445385,
1,22.982,0.0012198355688467475,0.018347981126643365,-0.007648507202119601,
1,23.032,0.0019555454965899943,0.01822583813504239,-0.007904486961917003,
1,23.083,0.002671965761254714,0.018089192449090147,-0.007634498825201903,
1,23.134,0.0025151274279754756,0.017954222658864743,-0.006848035795238094,
1,23.185,0.0016099890604676908,0.01763033664184815,-0.005994343751897224,
1,23.236,9.680655832019754e-05,0.017211307797338513,-0.0053669479706096885,
1,23.287,-0.0020864541066455936,0.016764920991946018,-0.004935088520362901,
1,23.338,-0.003921580576801466,0.01633684791384613,-0.004864163017264006,
1,23.39,-0.004984341271354538,0.01595490896537563,-0.005231254403173954,
1,23.442,-0.005667202397279905,0.015834074345643375,-0.006050612528192215,
1,23.491,-0.00564989044078807,0.016091240107746575,-0.007295044402580991,
1,23.542,-0.004783244819100665,0.01657017798008262,-0.008712128458904015,
1,23.594,-0.0032406647326137855,0.01715287499892409,-0.01012610398910616,
1,23.645,-0.0011876601810154892,0.01755447438135196,-0.011223662655769882,
1,23.695,0.0006261136114010457,0.01760683099165463,-0.01182928253697067,
1,23.746,0.0019399160043280187,0.01763182788076378,-0.012271578835258309,
1,23.797,0.00302835233190453,0.017838103139598965,-0.01297526342074292,
1,23.848,0.003483144616917971,0.017943237098312238,-0.013790060367162791,
1,23.899,0.0030933459705055175,0.017573390842442752,-0.014008162970497149,
1,23.95,0.0021931815060429413,0.016928626325640433,-0.013424386490606057,
1,24.002,0.0012388401228748823,0.016561006036608046,-0.012574054068808016,
1,24.052,0.0009289188039790558,0.016601498490575628,-0.011821909386843967,
1,24.103,0.0012580279926756011,0.016900481780944637,-0.011393993604903202,
1,24.154,0.0017697082440515722,0.017341230203941203,-0.011208398482992727,
1,24.205,0.002357375681120312,0.017837493065987826,-0.010791458276532629,
1,24.256,0.002745734601088324,0.018329493685005912,-0.010259638794613593,
1,24.307,0.00277423482478434,0.018779236594743835,-0.009897697868608342,
1,24.358,0.0029713169097825513,0.019165748052575423,-0.009673784783439844,
1,24.409,0.0038631879115051657,0.019480656117863718,-0.009757217435305072,
1,24.46,0.005329849423781579,0.019724343582037018,-0.010231897970184823,
1,24.511,0.007047331716822538,0.019902777346438198,-0.010718539550122771,
1,24.561,0.008586873348776721,0.019824192692406598,-0.010972925106068898,
1,24.614,0.00928611478755015,0.019386248202100522,-0.011057917231347454,
1,24.663,0.008586921296698458,0.018953842980908405,-0.01102744090764232,
1,24.716,0.007047008046765842,0.018760560642640648,-0.010925356985184471,
1,24.766,0.006095772727424127,0.01873616717254734,-0.010785548174061755,
1,24.817,0.006401837553479597,0.018822050449727564,-0.010833609429064393,
1,24.868,0.007690520170075587,0.019172594243019918,-0.011199134168558843,
1,24.919,0.009104214570331871,0.019664718068796067,-0.011538067078602996,
1,24.97,0.009681183881999855,0.01960560948845392,-0.011631883968150692,
1,25.022,0.009474334673106032,0.018996881897886495,-0.0115609586853949,
1,25.072,0.009383900130533758,0.018486223815971186,-0.011390073430574642,
1,25.123,0.009777060544455938,0.01828031935165827,-0.011168806498095003,
1,25.174,0.010247957734607899,0.018286410107235654,-0.010933002337927636,
1,25.226,0.01053004906846443,0.01842797503166724,-0.010505984013382355,
1,25.276,0.010266720791186037,0.018645054122146818,-0.009990634050872745,
1,25.327,0.009072239912717071,0.018692291968602507,-0.009861699614542125,
1,25.38,0.0069748523545910155,0.018425973436580412,-0.009990951119930298,
1,25.431,0.00426604095734102,0.018180782984336438,-0.010074573699572804,
1,25.481,0.001784367449889945,0.018169673712137558,-0.01012221440616288,
1,25.531,0.00025023156938352656,0.018510418866731927,-0.010343784595865959,
1,25.582,-0.00015128983857676422,0.019250286816748816,-0.010859938882247478,
1,25.633,5.014736686240401e-06,0.019785029320161813,-0.01132272701559516,
1,25.684,-9.597559036582194e-05,0.019743589274901382,-0.011714111311571178,
1,25.737,4.779781515874506e-05,0.01953677634380128,-0.01202825939105695,
1,25.787,0.0009395019685121346,0.01944134891245176,-0.011865967990132302,
1,25.837,0.0022392589753983966,0.019425024758639168,-0.011210315170143764,
1,25.889,0.0036963073270509764,0.019460744989334453,-0.010290915106288484,
1,25.939,0.004936351330186584,0.01932614078063465,-0.009477052587891594,
1,25.991,0.005937602232512931,0.018892278297237098,-0.008997090786143273,
1,26.04,0.00690610251642817,0.018502173390162486,-0.00876983371586151,
1,26.092,0.007775795159849461,0.018372304605435066,-0.008522071905416217,
1,26.144,0.008311418294280667,0.018419771467149394,-0.007879395601093443,
1,26.194,0.008388923318807112,0.01857715964111759,-0.0070350686913578046,
1,26.245,0.008768888308897941,0.01879240248083196,-0.006530907870910297,
1,26.296,0.009713979871198167,0.0190274592968662,-0.0064862477349056724,
1,26.347,0.01014225912986433,0.019256340909229116,-0.006739876772957107,
1,26.398,0.009401340244477816,0.01946287519285157,-0.007365272788461882,
1,26.448,0.007970074910423652,0.019638485368736722,-0.008379695555190346,
1,26.5,0.00661270063070091,0.019780154947125112,-0.009361295478476084,
1,26.551,0.005813426379075065,0.019888675863377954,-0.010042155444605695,
1,26.602,0.005837966218069211,0.019967218973255735,-0.01047543953826659,
1,26.653,0.006388889120926356,0.020020226130954378,-0.010715133253949134,
1,26.704,0.007032317411534269,0.020052597517944838,-0.010811412056900128,
1,26.755,0.007884219008198324,0.0200691336160576,-0.011008810731049467,
1,26.806,0.009002222731225385,0.01987335166963734,-0.011456038726822831,
1,26.857,0.009598577385462602,0.01915545974911755,-0.011826734113310868,
1,26.91,0.009209963406070963,0.0181603825371754,-0.011917732293640864,
1,26.959,0.00882335795193528,0.017469137421185017,-0.011822036041726016,
1,27.011,0.009272432645788278,0.017429952911964412,-0.01161429063978548,
1,27.06,0.010221396362908844,0.018012949958736996,-0.011351371250543746,
1,27.112,0.01141473113300774,0.018747316276501984,-0.011275020820159978,
1,27.163,0.013271429907003848,0.019118102008877508,-0.011726127484195315,
1,27.214,0.0152035895086662,0.019025084616326356,-0.012479280606826624,
1,27.267,0.01642642799085471,0.01884291244108342,-0.01296398098100855,
1,27.316,0.016895273777394745,0.01881902888604216,-0.01303673745721935,
1,27.367,0.01603954656103071,0.01889858262969173,-0.012839448301237318,
1,27.417,0.014202212286380451,0.01903808521628631,-0.01228398022902634,
1,27.468,0.012485423205662326,0.01920482935973352,-0.011342582575763866,
1,27.52,0.010983861581296854,0.01937564978321308,-0.010430127780601263,
1,27.57,0.00933929474988844,0.01933452828347653,-0.009810369840487177,
1,27.621,0.007534291400830488,0.018959947282111377,-0.009428120779633604,
1,27.672,0.005771394012832431,0.018602426560874217,-0.009228905794298884,
1,27.724,0.004177120998502962,0.0184854020095445,-0.009163083624320511,
1,27.777,0.0030199026122456896,0.01853202103405924,-0.00918810086444438,
1,27.825,0.0026376205547572478,0.01867984804998876,-0.00906853472279619,
1,27.877,0.0029838888005002057,0.018880709510871143,-0.008665011313356107,
1,27.927,0.003970430632364903,0.018898615142365315,-0.008111787906057075,
1,27.979,0.0054891942480936205,0.018596909694270827,-0.007506996526593854,
1,28.029,0.007227291583890055,0.018315291887571212,-0.007118550589966106,
1,28.08,0.00896643156167588,0.01827001430966362,-0.007100896998483655,
1,28.131,0.010365695448098304,0.018379951205592587,-0.007322469821985165,
1,28.182,0.011233737912326425,0.01858060353156568,-0.007679671162626735,
1,28.233,0.011088846876917358,0.018823317242067823,-0.008095162840924023,
1,28.285,0.009703448015164004,0.01887267539788654,-0.008514661231874172,
1,28.336,0.008236242405109971,0.018593225904127434,-0.00890302957599059,
1,28.386,0.0074369365846344545,0.018125344263946085,-0.00924023364297656,
1,28.437,0.007130200325434289,0.01777503158456164,-0.00951753465194324,
1,28.488,0.006963181842017558,0.017929931080703763,-0.009734140192377288,
1,28.539,0.0066983550863851556,0.01839640556983832,-0.009894417927707727,
1,28.59,0.006793740606394902,0.01862356833789795,-0.010005694073197778,
1,28.641,0.007313319829985516,0.018478165738274783,-0.010076603775642621,
1,28.692,0.007862383084212183,0.018306332116952262,-0.010115927975849509,
1,28.744,0.00838624781462538,0.018332184564585508,-0.010131835716462664,
1,28.794,0.008651033909843578,0.018482746459969897,-0.010332281006461486,
1,28.845,0.00892922199575737,0.018500362137497495,-0.0106349772734495,
1,28.896,0.009394491312558867,0.018230463769715807,-0.010577268411373823,
1,28.947,0.009540701458147132,0.017998683352745338,-0.010293049118142756,
1,28.999,0.009269703290692124,0.018010803321175935,-0.010087222987011655,
1,29.049,0.008351230839749106,0.018178375537889865,-0.009948209156703256,
1,29.1,0.007091283833210119,0.018231351981146015,-0.00986321296057892,
1,29.151,0.006516882123096006,0.018005742812093193,-0.009819689095934095,
1,29.202,0.006428299621351835,0.01782041995341432,-0.009605426341966091,
1,29.253,0.0064575804995320035,0.01787665606437157,-0.00909803875194125,
1,29.304,0.0073634356259536255,0.018083298750539482,-0.00864424895492345,
1,29.355,0.00916037982738222,0.01816897094698069,-0.00846212234606059,
1,29.406,0.010380302350219145,0.01796934253397472,-0.008468858201813576,
1,29.457,0.009927148598201476,0.017803606633514765,-0.008596180175115374,
1,29.508,0.008437368213852455,0.01767292188680903,-0.008790612025438788,
1,29.559,0.0072057595833118285,0.01737438195399918,-0.009012465514899384,
1,29.61,0.006841170156522311,0.017193004241477166,-0.00923408365587454,
1,29.661,0.007262767216182364,0.01730217305440423,-0.009236913847531003,end
2,30.528,-0.0009505049508396963,0.01910340298918817,-0.010092128592376091,start
2,30.579,-0.0009331165528486141,0.019403314226837106,-0.009342076361076194,
2,30.63,-0.0014495049605995122,0.019643596594421577,-0.008512215181439645,
2,30.681,-0.0014634140524601037,0.02002716683561235,-0.008300334998715717,
2,30.733,-0.0009531062410842134,0.020672655105074083,-0.008501818947513872,
2,30.783,-0.000348419561488483,0.02123343694163825,-0.008550561403361183,
2,30.834,0.0004690542314897657,0.02149400897503613,-0.008296593561900033,
2,30.885,0.0013573288668205436,0.021541108335823195,-0.008069717777322823,
2,30.936,0.002219653554398829,0.021447513014975945,-0.00807927689801671,
2,30.987,0.0027952280196887128,0.021271201779840713,-0.008239705991595236,
2,31.038,0.0029398232436501004,0.02105600425780824,-0.008484007949796141,
2,31.089,0.0031980607446321784,0.020833154517878833,-0.008561642620943383,
2,31.14,0.003709271437873506,0.020623299307403243,-0.008325314653628334,
2,31.191,0.003739158585200501,0.020438636554009335,-0.008107444964727538,
2,31.242,0.0034579471980302604,0.019682464653115888,-0.007918915747507839,
2,31.293,0.0032006366272723115,0.01781716576575131,-0.0075635156360418666,
2,31.344,0.0023768245639791516,0.01579203980876238,-0.007330476796976649,
2,31.395,0.0012558655724299234,0.014630428517046221,-0.007395469020588872,
2,31.446,0.0006368824251800132,0.01431678359654033,-0.00764638287429566,
2,31.497,0.0005904009726785506,0.014773013050456859,-0.007996381072825293,
2,31.548,0.0011156620342968483,0.01588718578254576,-0.00838181060123294,
2,31.6,0.0021662486526923606,0.01713299243928216,-0.008759001179080269,
2,31.65,0.003469356364451463,0.018363142754013528,-0.00910060666826462,
2,31.701,0.004628902058009966,0.019685263271483008,-0.009391947254430934,
2,31.752,0.005201556398896072,0.020759324845602795,-0.009627645969753636,
2,31.803,0.0051509701065511485,0.02118634303866602,-0.009808724191779025,
2,31.854,0.0047047312475103405,0.021164075114203228,-0.009940224835904106,
2,31.905,0.004040587918822996,0.021257113017990808,-0.009828531266515969,
2,31.956,0.003691711467690692,0.021416628435141385,-0.009369003789743093,
2,32.007,0.003974725677880483,0.021204297570706285,-0.008924141590333872,
2,32.058,0.004037767457294639,0.020569706139497178,-0.008725255965465722,
2,32.109,0.003552997904209186,0.019715276171114054,-0.008700104965844392,
2,32.16,0.0029566655826979158,0.018788491736406274,-0.008587565746575656,
2,32.211,0.00233668774810945,0.018090588111483782,-0.00822718696770937,
2,32.262,0.0023538507602420943,0.01759554256046057,-0.00793764003677602,
2,32.313,0.003380767237117586,0.016868701758944372,-0.007917615183547751,
2,32.365,0.0045711275843446225,0.0160515883551054,-0.008072057395187118,
2,32.416,0.005369019829897471,0.01564388733899334,-0.008325987449640136,
2,32.466,0.0058511046082098984,0.015732349277281784,-0.00862332510465444,
2,32.517,0.006091918242334456,0.016131919635721515,-0.008924616127765484,
2,32.568,0.006359480519699451,0.01669892098761926,-0.00920423889855246,
2,32.619,0.00702437118772182,0.01732775528298755,-0.009648335292723319,
2,32.67,0.008091509716463842,0.01794572979562052,-0.010363074952943918,
2,32.721,0.009130069940995142,0.01850709533770693,-0.010993140920950528,
2,32.772,0.009866036631924863,0.018987058191877956,-0.011116618594278278,
2,32.823,0.010348811742284839,0.019376256229122195,-0.010704442040999832,
2,32.874,0.01083125270255865,0.01967597648559353,-0.01038350170649064,
2,32.925,0.011475556858129557,0.01989423246383333,-0.010548525420748885,
2,32.976,0.011770245728111457,0.02004270794354233,-0.010811132343161846,
2,33.027,0.011214533952811873,0.020134502043846914,-0.010914394627281263,
2,33.078,0.009957225010980468,0.020182569316399026,-0.010907165565746028,
2,33.129,0.00855178328336297,0.020198730910292357,-0.010829653445275126,
2,33.18,0.007766741332650903,0.019992297775669955,-0.010713291993860738,
2,33.231,0.007844326182269493,0.019458853002337125,-0.010581362182558588,
2,33.282,0.008067258086177063,0.01895936593276139,-0.010450045958214185,
2,33.333,0.007963832343932378,0.01852178321437072,-0.010329672345760947,
2,33.384,0.00786023882697421,0.017958221825975017,-0.010225986823327206,
2,33.435,0.007965693388972227,0.017559970316975353,-0.010141333650097726,
2,33.486,0.007795082416576468,0.0172997334759494,-0.0100756873857998,
2,33.537,0.006858621192277798,0.016747250969665065,-0.00982667116783201,
2,33.588,0.005305376247774508,0.01585088543340066,-0.009279221027349857,
2,33.639,0.004083834626720347,0.015006811789564591,-0.008785182052494607,
2,33.69,0.004578997699543996,0.014665750300858703,-0.008565919927845674,
2,33.742,0.006135393804155153,0.014875528737379537,-0.008540500444314016,
2,33.792,0.0070423807243615655,0.01522090332341338,-0.008440610616282828,
2,33.843,0.007460006665799433,0.015223830260936232,-0.008100149958355065,
2,33.894,0.007931898164318985,0.01500689274135734,-0.007833582867717041,
2,33.945,0.008601517939092893,0.014867205811735349,-0.00783665544306965,
2,33.995,0.009544991828698881,0.014788285201486636,-0.008012415002310558,
2,34.047,0.01038747629631272,0.014955510785136884,-0.008083974594710077,
2,34.098,0.010896677692981206,0.015468002454360814,-0.007882123092653072,
2,34.149,0.011352055223952051,0.01616076082843999,-0.007721968050308469,
2,34.201,0.01173633068217665,0.01691348185224145,-0.007802254561223516,
2,34.251,0.012044134538666842,0.017443357672070694,-0.008030298938740263,
2,34.302,0.012679833577563308,0.017386077307126317,-0.008334788456867985,
2,34.353,0.013273927135627686,0.016956824950032683,-0.008663845486291467,
2,34.403,0.01359277770650287,0.01672515842297126,-0.008982224636417189,
2,34.455,0.013307819082619509,0.016839658101749345,-0.009067345357149995,
2,34.506,0.0118551635932725,0.017166973853442614,-0.008795193727578388,
2,34.557,0.009971134423843156,0.017805318768880793,-0.008315767809295932,
2,34.608,0.007961793667388603,0.018792695915338442,-0.007741920151060284,
2,34.659,0.006033501431678778,0.01972377233962175,-0.007153614133873636,
2,34.71,0.0047137634922276616,0.02034310996071428,-0.006603295885163117,
2,34.761,0.003689508248979317,0.020712759885499903,-0.006322383776096287,
2,34.812,0.0031378769129769943,0.02089257696394403,-0.006437656007005412,
2,34.863,0.0033353454132043427,0.020936199125928857,-0.006797761456301435,
2,34.914,0.004198220572888442,0.02088896814946353,-0.007285962549257974,
2,34.966,0.005418537567976023,0.020787262600781068,-0.007817099096219882,
2,35.016,0.00596673352213104,0.020658790060278515,-0.008132270669254624,
2,35.067,0.005437324167004303,0.02032263745674436,-0.00808278029478569,
2,35.119,0.0046609875870834375,0.019679459572207438,-0.008205056463827907,
2,35.169,0.004591984279662701,0.01909187291343083,-0.008829339813011395,
2,35.22,0.005183007184713606,0.018787976299115678,-0.009524601740783104,
2,35.272,0.005949026344413557,0.018690437798343562,-0.010008699435626127,
2,35.322,0.006765742649933209,0.018733082996553296,-0.010318477381000295,
2,35.373,0.00734853034375333,0.01886220938929482,-0.010692403207698197,
2,35.425,0.007734470209459035,0.0190364274589647,-0.011278265276102425,
2,35.475,0.007963157532205188,0.019225569604261892,-0.011752154995093165,
2,35.526,0.007871785794608208,0.019609922540668446,-0.011915328218071085,
2,35.577,0.007582483894424491,0.020289431471730412,-0.011866114668481902,
2,35.628,0.006988646147674918,0.020902818193222764,-0.011885473686114287,
2,35.68,0.006448032565193979,0.0210228545435838,-0.012148090303932593,
2,35.73,0.0065874847100786645,0.0204151696277131,-0.012344789999976688,
2,35.781,0.006951061725929686,0.01938957699172063,-0.012081744897964559,
2,35.832,0.0072283405163694825,0.018580015315260563,-0.01134413943073733,
2,35.883,0.007829664353247957,0.01797404031934514,-0.01036142834434018,
2,35.934,0.008590508553305795,0.017346482367945913,-0.009300462976070319,
2,35.985,0.009191706479169422,0.016956329713496147,-0.008475373780771643,
2,36.036,0.009642218710647172,0.016950613280570688,-0.008269513714812451,
2,36.087,0.009759063577281492,0.017191914830453542,-0.008477334655204106,
2,36.138,0.009250856502305964,0.017572257154588353,-0.00873294191397083,
2,36.189,0.008382597437089303,0.018011219277401805,-0.009199496841092914,
2,36.24,0.007554002386637662,0.018452513951133207,-0.009763863407135656,
2,36.291,0.006616576166630658,0.01885985388096709,-0.010144790442365765,
2,36.342,0.005684657602504227,0.01921269385669893,-0.010377467064761363,
2,36.393,0.00503196928238771,0.0195022353461702,-0.010496371338204613,
2,36.444,0.004610798421268703,0.019727920383805306,-0.010532755548696019,
2,36.495,0.004371945752040315,0.0198945209273876,-0.010513292520292398,
2,36.546,0.00386754368620103,0.019809010285711814,-0.010258741656142736,
2,36.597,0.0026308505038071263,0.01916700980223064,-0.009472198487912115,
2,36.648,0.0012246827882382784,0.018018844168760664,-0.00840764697314282,
2,36.699,0.0004252856081878732,0.01683911851405732,-0.007451147142302403,
2,36.751,0.00028009364317415204,0.016135590548834594,-0.0066407853681989815,
2,36.801,0.0007669746279130262,0.01599482319706268,-0.005989248628546901,
2,36.852,0.002021791047213437,0.01622629155902623,-0.005491914771106022,
2,36.903,0.004069987602423879,0.01667789921359452,-0.005334265375652095,
2,36.954,0.006261647351759827,0.017234414335588605,-0.005407137654107269,
2,37.005,0.00796758651426547,0.017612671580979757,-0.005421167624606687,
2,37.056,0.009224964032017651,0.01744454883761051,-0.005195498258648131,
2,37.107,0.009892812703986509,0.016939510330144878,-0.004633392500431524,
2,37.158,0.010128915547900038,0.01666062918234216,-0.004302335957577952,
2,37.209,0.010069150582040085,0.01675003154880555,-0.004547725413938887,end
3,38.229,0.004698812137977525,0.018841885246045114,-0.011361289120543488,start
3,38.28,0.004544411742417412,0.018675021971411385,-0.01175603936606772,
3,38.332,0.004682819448985522,0.018473610370388385,-0.011466477009763531,
3,38.382,0.004997901311937638,0.018467054893989292,-0.010761291260385674,
3,38.433,0.005601815455518491,0.018585997316933563,-0.009846194821389027,
3,38.484,0.006141624456819419,0.01877587295400036,-0.009070818359636268,
3,38.535,0.006797788456131917,0.01899598834972021,-0.00864817385155342,
3,38.586,0.007475864986506749,0.01921781542932847,-0.008485707021116952,
3,38.637,0.0077118556057368,0.019422920162703975,-0.008503157067398093,
3,38.688,0.008047023113681903,0.01960082322024585,-0.00863459525665028,
3,38.739,0.008619706361037054,0.019746988872595666,-0.008828581031901874,
3,38.79,0.009097881409497076,0.01986105769839531,-0.009047098248681435,
3,38.841,0.009276196366386914,0.01994537763140817,-0.00946462815427121,
3,38.892,0.009047037278844882,0.02000384435412053,-0.010177087186652696,
3,38.943,0.008574953229097803,0.019840199590738534,-0.010820631511690543,
3,38.994,0.007784159371758245,0.019547249434552348,-0.011167445483790612,
3,39.044,0.0068524876976167525,0.019596570077411404,-0.011095256564865714,
3,39.096,0.005704474574619453,0.019660610870026598,-0.010358471371840983,
3,39.147,0.003907433432613208,0.01912644686780554,-0.00945546849737236,
3,39.198,0.002039333364770592,0.018050700888412128,-0.009120903971517621,
3,39.25,0.0012798987700527063,0.01671402887400852,-0.008976951325905418,
3,39.3,0.002296684770276556,0.01531739103655074,-0.008565144805997646,
3,39.351,0.004571804296865648,0.013793657123606057,-0.007813797979717754,
3,39.402,0.005663686836580419,0.01190914945666756,-0.006302543780697985,
3,39.453,0.004302314564946764,0.009944648013249072,-0.004425326101547668,
3,39.504,0.0032844101955874874,0.008488324952092707,-0.0032675351996870766,
3,39.555,0.0037735632097149643,0.007675748007317049,-0.0030658264309612084,
3,39.606,0.003784138849989659,0.007542149399366771,-0.003493506372589965,
3,39.657,0.0020810929881706864,0.008256414342060783,-0.004089655065549771,
3,39.708,-0.0009858424004866853,0.00965791215685027,-0.004344293451480803,
3,39.759,-0.00407863192970724,0.010985913348070241,-0.0043594476935710875,
3,39.81,-0.0061362139382606954,0.011557593466223615,-0.00442062467457583,
3,39.861,-0.006159569390748383,0.011799114513347827,-0.004305570195632337,
3,39.913,-0.0046755606327427285,0.012411986277466782,-0.004086732123438601,
3,39.963,-0.002745684392758544,0.013414623940000068,-0.0040197459597437315,
3,40.014,-0.00048405034188061434,0.014586693206143364,-0.0040555314815744975,
3,40.066,0.0006036702637589574,0.015572437654061261,-0.00455602231840279,
3,40.116,0.0004494520022450916,0.016158660473188185,-0.005314346461998028,
3,40.167,0.0005152715032101031,0.01664238982813043,-0.0051729453112721886,
3,40.218,0.00011442408624881328,0.017222358843941316,-0.004465863203209143,
3,40.269,-0.000553519415443879,0.01781746039523066,-0.004256117719517027,
3,40.32,-0.0007366062208789375,0.018374460653414332,-0.004382189425695288,
3,40.371,-0.0013973560640259599,0.018862278829444846,-0.004713510226453157,
3,40.422,-0.0023113755084971303,0.019065705192005945,-0.0053506853583041025,
3,40.473,-0.002711902487849985,0.018869560827926495,-0.006132834151417611,
3,40.524,-0.002750924565939548,0.018633741775264133,-0.006945129304608881,
3,40.575,-0.0025549601409511594,0.018592255116665773,-0.00771150439017255,
3,40.626,-0.0026256965728136718,0.01847790294917533,-0.008386863005724833,
3,40.677,-0.003062633162581681,0.018125171025374576,-0.00874876051675233,
3,40.728,-0.0028959975352480915,0.017848723710551958,-0.008679713130586545,
3,40.779,-0.0019539790437424014,0.01784424327260101,-0.008540659043020387,
3,40.83,-0.0015945114448596399,0.01801454913852545,-0.008568710401774031,
3,40.881,-0.002240042000671144,0.0182832732094194,-0.008701681632772988,
3,40.932,-0.00307660465291568,0.01859353041243675,-0.008891261345842576,
3,40.983,-0.0039684820597763295,0.01890550091831328,-0.009101917401230728,
3,41.034,-0.005025021725227639,0.019193508582754624,-0.00930916807090682,
3,41.085,-0.005700624982864484,0.019443010989144204,-0.00949758552736867,
3,41.136,-0.0052743059180809775,0.01964777459691229,-0.009658788046941794,
3,41.187,-0.0035730139965670397,0.019807395537817418,-0.009789586268361359,
3,41.238,-0.0013915205984143223,0.01992524125706636,-0.009689543516770793,
3,41.289,-8.146444041643022e-05,0.019805993763371887,-0.009047820021418223,
3,41.34,0.0003636191007225432,0.019343432081284962,-0.0077085733068267374,
3,41.391,0.0008206969887344805,0.018697844497864945,-0.006029555328144751,
3,41.442,0.001449582475938456,0.017986735256886738,-0.004870006820995909,
3,41.493,0.0023389701382261568,0.017491563123070233,-0.004538438715907046,
3,41.544,0.003323983680971053,0.01737549513262029,-0.005166200440300824,
3,41.595,0.003889530169682477,0.017511890311132525,-0.006760466864829138,
3,41.646,0.003939784854977556,0.01779924603443651,-0.008444862312402176,
3,41.697,0.003655519216738725,0.018160336255176365,-0.009850915173773251,
3,41.748,0.003380378153052397,0.01833887492599338,-0.010965499494906696,
3,41.799,0.003133192183544391,0.0179843239386349,-0.01120111063504316,
3,41.85,0.002522125250151864,0.017115523731801956,-0.010653229859360307,
3,41.901,0.0019276054789743387,0.015986702725738527,-0.010048535809309861,
3,41.952,0.0017931253986169546,0.01498263273548911,-0.009656815300650453,
3,42.003,0.0019644957319942813,0.014540899731055408,-0.009433153965025375,
3,42.054,0.0023182569264275964,0.01469614201466266,-0.009335245127974299,
3,42.105,0.002559742262923755,0.015221784167306506,-0.009325853205164094,
3,42.156,0.002508986296438078,0.015942756191623268,-0.009373986227122976,
3,42.207,0.002274878323319041,0.016731085150662354,-0.009455146268583346,
3,42.259,0.0019419839627623431,0.017499284388707497,-0.009550968372671031,
3,42.309,0.0011708080459484245,0.017791193983453045,-0.00944766263615163,
3,42.36,-0.0006228438122350156,0.017151683407569267,-0.00922494486027439,
3,42.411,-0.0027273382685492416,0.01616701282702726,-0.009345200990618996,
3,42.462,-0.004058796154723949,0.015441742654823362,-0.0096757633719244,
3,42.513,-0.0043858379145351135,0.01494110279748463,-0.00991381711452239,
3,42.564,-0.00343992248305866,0.01482558172680493,-0.010073416618055673,
3,42.616,-0.0015527490050390265,0.015167171045497294,-0.010169878194004367,
3,42.666,0.0003848312781872991,0.015573654107192894,-0.010218097070616208,
3,42.717,0.0017974201996251112,0.01578826902343705,-0.010231501828503945,
3,42.768,0.0023581596336239396,0.01606342190585993,-0.010422335302832136,
3,42.819,0.0021266842928610473,0.01655613057794954,-0.010912466299279815,
3,42.87,0.0016065496590254775,0.017148787996842305,-0.011354344646329494,
3,42.921,0.0011439008152209571,0.017757937475832337,-0.01152894480931547,
3,42.972,0.0009561204103433602,0.018127895420610156,-0.011518099462259684,
3,43.023,0.001361379662887061,0.018113893848795085,-0.011389189596391113,
3,43.073,0.002114429932978585,0.01805559770084438,-0.011194914645636225,
3,43.125,0.002829207716004994,0.018174409945404705,-0.010974324476578154,
3,43.176,0.0034620188065321196,0.018397266330940843,-0.010754577773807271,
3,43.227,0.0039914245268987646,0.01886978241692365,-0.010553025042890088,
3,43.278,0.004411982059613942,0.019665292938261976,-0.010379332472506551,
3,43.329,0.004327277485798642,0.020202383011774513,-0.010237461384478999,
3,43.38,0.0037244932388792763,0.02012892111717519,-0.010127396048799128,
3,43.431,0.0034403625092535133,0.019870615882742478,-0.010046571310796146,
3,43.482,0.0035842595639379677,0.019715345297451083,-0.009990993006126743,
3,43.534,0.003790279492167675,0.019638629566562798,-0.009956071337946756,
3,43.584,0.004421259038049811,0.019618457952639657,-0.009937203213863035,
3,43.635,0.005474931972433835,0.019636171450685972,-0.009930146796710665,
3,43.686,0.006112553799828573,0.01967675963693664,-0.009931232702386782,
3,43.736,0.005829617273913687,0.019527924294479405,-0.009937453464769663,
3,43.788,0.0049790085029576036,0.01906872468326472,-0.009946467740019036,
3,43.84,0.004435155579055036,0.018648195221202323,-0.00975571583545929,
3,43.89,0.004332564233446107,0.018286249506444138,-0.00925133368951034,
3,43.941,0.0041195508864676385,0.017790119264898128,-0.008787156725591787,
3,43.992,0.0034511630074608966,0.017448619086389047,-0.008586888015259874,
3,44.043,0.0025444138843966992,0.01763539233962383,-0.008571965548154514,
3,44.094,0.0023609683298654923,0.018346804084375272,-0.00847628029702157,
3,44.145,0.003057818759310786,0.019136709708396944,-0.008135650782003038,
3,44.196,0.00386160065306857,0.01971266799334076,-0.007866123490533526,
3,44.247,0.004468558967862878,0.02010514210015862,-0.00786468343563506,
3,44.298,0.005101358770332072,0.020348409543279333,-0.008035297226840871,
3,44.348,0.005900730707261564,0.020275606891547067,-0.008302552020318049,
3,44.401,0.006742717623500194,0.019805107031779862,-0.008610318166376632,
3,44.451,0.007745229653748729,0.019318173994326827,-0.00891934241064376,
3,44.502,0.00877015945042038,0.019060652185517765,-0.009204348550668684,
3,44.553,0.009526297101288361,0.01897095123955547,-0.009250221456961867,
3,44.604,0.009848467684948271,0.018795254794012842,-0.008938207110972094,
3,44.655,0.009665598088523134,0.01817685199504078,-0.008421726417966615,
3,44.706,0.009374344399284038,0.017324197233299643,-0.007815601601079546,
3,44.757,0.009237809478311505,0.016590634979706118,-0.00720067549256353,
3,44.808,0.00921147200025379,0.015992382484996303,-0.006629503805453616,
3,44.859,0.009257925602498997,0.015729804462106697,-0.006333111938620061,
3,44.91,0.009146498441708582,0.01570360557969692,-0.00643759437263755,
3,44.961,0.0087419318846892,0.015429446158245626,-0.006589951064761845,
3,45.012,0.008382693812913915,0.015018281039237984,-0.00655993898973785,
3,45.063,0.008282219728590046,0.014753111078591171,-0.006616209054947937,
3,45.114,0.008355775756672873,0.014602877358333306,-0.006924129589986421,
3,45.165,0.008535037254610309,0.014739260623165598,-0.007368710218222633,
3,45.216,0.008767692421441434,0.015249343648003127,-0.00786522330630376,
3,45.267,0.009015901704876575,0.01595812285326811,-0.00835515674196014,
3,45.318,0.00905331347817408,0.01673739747192182,-0.008801512258252358,
3,45.369,0.00875169087120584,0.017499282604213053,-0.009184061724913825,
3,45.42,0.008256858431312462,0.018188810092160713,-0.00949495756036581,
3,45.472,0.007477028515396229,0.0187765387631903,-0.00973492289037109,
3,45.522,0.006376227811365117,0.019251764327405625,-0.009910119585831994,
3,45.573,0.005158003130514572,0.01941582568046087,-0.010029702660787643,
3,45.624,0.004163166263587624,0.01916630811594455,-0.01010401133225679,
3,45.675,0.0031906845489627724,0.01867158568638701,-0.010143313722560407,
3,45.726,0.0019089958574834433,0.01805934350511857,-0.010157007483508776,
3,45.777,0.001134460252868683,0.017621747040141286,-0.009952343387762198,
3,45.828,0.0011490764985892816,0.017532147168667595,-0.00942324286454624,
3,45.879,0.00146780866801739,0.01767293331556948,-0.008929402672124854,
3,45.93,0.0021568148498024233,0.017950168051085062,-0.00849784863954978,
3,45.981,0.0036304475537424913,0.018493476728254108,-0.007940076505337384,
3,46.032,0.005689753322907138,0.01936462012567058,-0.00754699561984297,
3,46.083,0.007155915628401515,0.019974371548625528,-0.007491950924139321,
3,46.134,0.00772221525566711,0.01996582807251744,-0.007658128189661845,
3,46.185,0.008067561071761294,0.019561426538937603,-0.007952836905181086,
3,46.236,0.008444288651780365,0.018935627806680223,-0.00830630449236956,
3,46.287,0.008610045487886936,0.018418941875009656,-0.008669061897203203,
3,46.338,0.008024679125436557,0.018214576431249827,-0.009008635782582253,
3,46.389,0.007004603250905296,0.018026101940799205,-0.009306061736197005,
3,46.44,0.006591006611526934,0.017662126290417527,-0.009552562792329864,
3,46.491,0.006599602012432918,0.01741566578099764,-0.009746600803848164,
3,46.542,0.006275779462490327,0.017264372814009925,-0.009891403815737039,
3,46.593,0.005563940279444675,0.01678460227330326,-0.009992997357597061,
3,46.645,0.004861264193752712,0.01593187010845622,-0.010058717078434878,
3,46.697,0.004421746933092744,0.015109275015152355,-0.010096149576270646,
3,46.747,0.004387148588533038,0.014572923946557959,-0.010112432937974604,
3,47.091,0.005016692329693898,0.014062409206154005,-0.010113844169868979,
3,47.098,0.006021611190650821,0.013408642395560442,-0.010105603769291661,
3,47.102,0.006985715195007506,0.01291635365646655,-0.010292668914934728,
3,47.107,0.007846192715662366,0.012768010041375124,-0.010790799637862435,
3,47.11,0.008370250437541062,0.012450505805489842,-0.0110467488703049,
3,47.114,0.007431443498968024,0.011447515392903193,-0.01072514603204727,
3,47.117,0.004826509049642085,0.010085461059025429,-0.010259798410048778,
3,47.154,0.0023664328401717958,0.009205040034315305,-0.009940476491180574,
3,47.206,0.0007993890918820191,0.009306743509304624,-0.0097404606169281,end

1,16.402,0.006599380692994578,0.018022400295882507,-0.008534724944515158,start
1,16.453,0.007784595151510219,0.017627722377815017,-0.008277064571390486,
1,16.504,0.008321038097902847,0.017565168362849635,-0.007848555751731452,
1,16.555,0.007996628806676242,0.017720647704564704,-0.007344896615203663,
1,16.606,0.006945337874722658,0.018003472881105247,-0.006833500389601155,
1,16.657,0.005311480469263967,0.018345251179031425,-0.006358224199408221,
1,16.708,0.004238581204784935,0.018697382918034914,-0.0061451278870084634,
1,16.759,0.004214143986303878,0.019027866890632853,-0.006318133462690454,
1,16.81,0.0044624353287028885,0.01931791811321189,-0.0067248679412563305,
1,16.861,0.004865695449911243,0.019558736910436806,-0.007047996766650752,
1,16.912,0.005335949754033091,0.01974863460818094,-0.007090713264852321,
1,16.963,0.005409726412731901,0.019890618840919107,-0.007150988977164543,
1,17.013,0.005223294789306188,0.01999046761418029,-0.00741851781743579,
1,17.065,0.005487455848634884,0.019854437892398866,-0.007797477252098251,
1,17.116,0.0064210515568805205,0.019377221217905586,-0.008217459746418852,
1,17.167,0.007508157575604445,0.018719520234234125,-0.00863001379529099,
1,17.218,0.00800388571081063,0.017998900758424047,-0.009004661704135402,
1,17.269,0.00787967551776813,0.01769748557965436,-0.009324901688126446,
1,17.32,0.007970346126183534,0.018090808757723432,-0.009584521079163187,
1,17.371,0.00799071332757195,0.018697272781176357,-0.009784405235119727,
1,17.423,0.007361854196002572,0.019190882003258806,-0.010130754375525188,
1,17.473,0.0063671311885540385,0.01937162463145121,-0.01054321563338009,
1,17.524,0.005418504020407704,0.0191363564517032,-0.01056327624727091,
1,17.575,0.004776480650146102,0.018854012663514167,-0.010330058566051742,
1,17.626,0.004181840401772975,0.018764992171140544,-0.010153969300141143,
1,17.677,0.003665358901450073,0.01880711119624467,-0.010028665291652356,
1,17.727,0.0030396617258722724,0.01892995318546978,-0.00994599859095826,
1,17.779,0.0025950169850703533,0.01929553230522759,-0.00989731829547703,
1,17.83,0.003105544975852377,0.019988256676219385,-0.009874345889931812,
1,17.882,0.0033843273634994067,0.02043347989886263,-0.009668873076368972,
1,17.931,0.002688749175153365,0.020282534245105222,-0.009362859687941056,
1,17.983,0.0022274761594801447,0.02016302806378938,-0.00941861487345982,
1,18.034,0.0023551980963543917,0.020474953293070072,-0.009701911883208684,
1,18.084,0.0028504125065578396,0.020837686031827705,-0.009907551306617695,
1,18.136,0.0035415364916244244,0.021003031012512826,-0.010046865190726858,
1,18.187,0.003700286034354202,0.02082766466055707,-0.010333283177184741,
1,18.238,0.0033040098536274436,0.020247036701952294,-0.010691037657433755,
1,18.288,0.0027844349647501367,0.019653971098447447,-0.01066413694037482,
1,18.34,0.0026291888207694188,0.01930140526117323,-0.010392698048639133,
1,18.39,0.0033225779048610426,0.01913140715325523,-0.010187063504067123,
1,18.442,0.004102870840626286,0.018891322020303573,-0.01004015201368449,
1,18.493,0.004273715095294615,0.018223906024730875,-0.009942704553093401,
1,18.544,0.004441631301774312,0.01713520290520455,-0.009884809215985065,
1,18.595,0.004995847621093398,0.015863765931728096,-0.009856931626984271,
1,18.646,0.005552462340521578,0.014778104909728381,-0.009850545470145083,
1,18.697,0.006266734145635927,0.014300473799961147,-0.009858455898467207,
1,18.749,0.009233909850106727,0.014251173370318398,-0.010276567302860685,
1,18.799,0.015014294683198034,0.014279710299732573,-0.011325840708730465,
1,18.85,0.020527907945851607,0.014355875868754224,-0.012293951758178785,
1,18.902,0.02341916265213956,0.014456469495179449,-0.012730570181768309,
1,18.952,0.023592964541573055,0.014765482715142615,-0.012791239922644968,
1,19.003,0.022210795435435225,0.015384175715782007,-0.012806754242936282,
1,19.054,0.02014257002347738,0.015950946913605872,-0.012992895401362099,
1,19.104,0.01800132270830005,0.01623805363506452,-0.013273514981134531,
1,19.156,0.016587757460483726,0.016121899181852174,-0.013592185299330687,
1,19.207,0.015754448816269327,0.015354776332124558,-0.013708825971517824,
1,19.258,0.014958563894477157,0.014231779534559966,-0.013284857159182869,
1,19.309,0.013447282303377455,0.01337242396533145,-0.012347392849402842,
1,19.359,0.011196919129469957,0.013152857422861713,-0.011155907166297637,
1,19.411,0.00905499162205818,0.01336125909728843,-0.009897220654864137,
1,19.462,0.007556345259991513,0.013626563562172504,-0.008897383089825097,
1,19.513,0.0075948279790693666,0.01410788354866195,-0.00854554641925899,
1,19.564,0.009218560315398023,0.014889912976851303,-0.00883840403256338,
1,19.615,0.01112605392467363,0.01580197973643013,-0.009521211050380016,
1,19.666,0.012258968074360574,0.016724176657894153,-0.01039926046675073,
1,19.717,0.012201592613282073,0.017578787302680206,-0.011131158490436376,
1,19.768,0.011586265904684348,0.018321397552990042,-0.011308858880088361,
1,19.819,0.011064194941534022,0.018731686069882576,-0.01091601482157775,
1,19.87,0.01004137249524638,0.018695045979189657,-0.010188809727055045,
1,19.921,0.008377891872164095,0.01857554461960476,-0.0095064142264754,
1,19.973,0.007441325578085345,0.018613333671372558,-0.009108410276723038,
1,20.023,0.007046204519985502,0.01854813178937709,-0.008523107009495611,
1,20.074,0.005624246049867633,0.01842211440653293,-0.007463031163570818,
1,20.125,0.003055453706380634,0.018668883632634355,-0.006384452412671018,
1,20.176,0.0005599986440093528,0.019134916297439127,-0.005782320071867634,
1,20.227,-0.0004829509614020729,0.01950330223276542,-0.005534128744655144,
1,20.278,-0.0005105502051931819,0.019779468570322912,-0.005131208788223703,
1,20.328,-0.00048723675700872447,0.01997430432895755,-0.0046614213425736645,
1,20.38,-3.147591424466472e-05,0.020101326764646345,-0.004588155293185323,
1,20.431,0.0012675238506280112,0.02017465286931985,-0.005176751877859624,
1,20.482,0.002601315735277776,0.020006816554004304,-0.006745052046279726,
1,20.533,0.003448606168150637,0.019496959566366715,-0.009217366943872752,
1,20.583,0.004518313339575702,0.019009539327202788,-0.011669196151650475,
1,20.635,0.005443900892037307,0.01857566508656755,-0.013308421934707404,
1,20.687,0.005600200485575009,0.018010153618737694,-0.01389313126763093,
1,20.737,0.005049726320307368,0.017405645906937658,-0.013352885816942536,
1,20.788,0.004090183213350094,0.016824690091538738,-0.012134548673061733,
1,20.839,0.003547867498361498,0.0165063431688322,-0.010980856931056207,
1,20.89,0.003919208278879427,0.01658282842950346,-0.010162139324626287,
1,20.94,0.004846692967470583,0.016906395592457355,-0.009624028315192436,
1,20.992,0.00525301872809266,0.01716160218735158,-0.009108279443155348,
1,21.043,0.00448912223096597,0.017151630341777507,-0.008447470799235619,
1,21.094,0.002634401028098753,0.01717322062407155,-0.00794754654940611,
1,21.144,0.0006307412094853881,0.01741415255913251,-0.0077918000546729,
1,21.195,-0.000905812377714575,0.01777640470404393,-0.00766847049205007,
1,21.246,-0.002220183651000445,0.018187364783129708,-0.007375005413817345,
1,21.298,-0.003085636304812219,0.01859654992471151,-0.00719683238239802,
1,21.348,-0.003794483159103642,0.01877089179262574,-0.007307748994665097,
1,21.4,-0.004345946520988851,0.01857977742426282,-0.0075951633790617475,
1,21.451,-0.004149669809860087,0.018370463671210552,-0.007771852232834317,
1,21.501,-0.003489596440601898,0.018367126268918847,-0.0074616657585889245,
1,21.553,-0.0029867596616867205,0.018496160221071947,-0.0066633057416561935,
1,21.604,-0.002625161431227296,0.018699725000867844,-0.005816823552211682,
1,21.655,-0.001981527887567516,0.0189347371780506,-0.005409146289713124,
1,21.705,-0.001208715872986973,0.01917103885004971,-0.005516481023640605,
1,21.756,-0.0006159713678445299,0.019389184610083838,-0.00594549692279721,
1,21.808,1.4503000475893217e-05,0.019377327988232083,-0.006546359199495179,
1,21.859,0.0006185272857048384,0.01881724415720071,-0.007209166067712245,
1,21.909,0.0011570644073416565,0.017950547435657813,-0.007858455624442939,
1,21.96,0.0016103386843507156,0.017358496124849496,-0.008446916154562055,
1,22.011,0.001570849101510268,0.0171909842579093,-0.008949090823119324,
1,22.062,0.0014193306498109215,0.017108374568858328,-0.009355584491868393,
1,22.113,0.0016098016238671009,0.016886019688876357,-0.009668057960431489,
1,22.165,0.002004306849325643,0.016792735208755415,-0.00989512935340375,
1,22.216,0.0026988114407401247,0.016990557749008105,-0.010049186562665574,
1,22.267,0.003329095472903029,0.017359190454945838,-0.010144040063899065,
1,22.318,0.0034658913408219414,0.01780775898179245,-0.010193303265768602,
1,22.369,0.0036768658411816344,0.01807072575186171,-0.010209369575452524,
1,22.42,0.003918466609486426,0.01799269786301536,-0.010202854344991871,
1,22.471,0.0037586336443567086,0.017903074431309795,-0.010182379800048094,
1,22.522,0.0037558477836164505,0.01801404759656722,-0.010154597218373801,
1,22.572,0.004054841778304601,0.018244758839233245,-0.010124359487078542,
1,22.623,0.004322529868997137,0.018533730449104387,-0.01009497624344345,
1,22.674,0.004548635558881545,0.018636019689533333,-0.010068501484477002,
1,22.725,0.004529074803505036,0.018208695345072794,-0.010046018895676398,
1,22.777,0.003951859567530832,0.017275197301822243,-0.010027902795550693,
1,22.827,0.003264195126735927,0.016292888763794856,-0.010014042478698236,
1,22.878,0.00316343735087834,0.015759855097017415,-0.010004025062234452,
1,22.929,0.0034471872882584757,0.015758618655520546,-0.00999727702959295,
1,22.982,0.003753913568391599,0.016098550510018437,-0.009993167914119883,
1,23.032,0.004050735377240033,0.01642914961744373,-0.009991081371704362,
1,23.082,0.004116526558976137,0.016325537670976987,-0.009789625973164405,
1,23.134,0.0036271933479762905,0.015951767303645836,-0.009275655006121196,end
2,25.378,0.006443672388055449,0.01800179716454832,-0.009305987215823914,start
2,25.428,0.006936888055415074,0.018077934071099564,-0.009594512218407866,
2,25.479,0.00729844941441695,0.01828117080397364,-0.010012966065623402,
2,25.53,0.007948195915758993,0.018348762839895057,-0.01068196778648204,
2,25.582,0.008730574015344161,0.017922261727245755,-0.011457915546966372,
2,25.632,0.008731829830355534,0.01701230186921032,-0.012039285088681542,
2,25.683,0.007830343471492423,0.016066208882786953,-0.012248324506737842,
2,25.736,0.0070248025182566105,0.015574612095397691,-0.012201776567119746,
2,25.785,0.006546341847894647,0.015614832471907703,-0.01199504663969955,
2,25.837,0.005914423710941813,0.0159929035623516,-0.011702191078855133,
2,25.888,0.005234849563568823,0.016356450312494147,-0.01137762481169171,
2,25.939,0.004579303704733894,0.01627980957422975,-0.011058794366230718,
2,25.99,0.003790997038575976,0.01592701072909657,-0.010568421696755266,
2,26.041,0.0029808714282603117,0.015827106321370018,-0.009605756181117194,
2,26.091,0.0022218323996898814,0.016098255472649915,-0.008417519176045619,
2,26.142,0.0017573677176911072,0.01658559804459001,-0.0073809003975251475,
2,26.194,0.00131830714629724,0.017172446683279347,-0.006524797377319798,
2,26.244,0.0003283098292270153,0.01777597010795774,-0.005853242136015117,
2,26.295,-0.0011363353605920432,0.018140871150377352,-0.0053539952541842226,
2,26.346,-0.001984402051989869,0.018122583941159533,-0.005005364834260426,
2,26.398,-0.0011638951076946456,0.017860007432219934,-0.0047813392025180725,
2,26.448,0.0006608399405735954,0.017261015629601088,-0.004856059453599475,
2,26.499,0.0021797163211883137,0.01649438244632281,-0.005116378299648188,
2,26.551,0.002577078553911833,0.015882652159252355,-0.005273985120204597,
2,26.601,0.002825735445933561,0.015419411494842106,-0.005553889979306032,
2,26.652,0.003963212748139251,0.015289452260382913,-0.006090578802737723,
2,26.703,0.004976857930622284,0.015383683658885212,-0.006748842345300319,
2,26.755,0.0054279862543672045,0.015413296474518359,-0.00743219743151493,
2,26.805,0.005281269169766458,0.0155999208182764,-0.008076748737816554,
2,26.856,0.004562075648738664,0.016073086223056726,-0.008443800486509043,
2,26.908,0.00413599975720986,0.01649118050721206,-0.008402557273676609,
2,26.958,0.004333810771026927,0.016639534226413902,-0.008303600325012551,
2,27.01,0.004715028111906966,0.016803805307146247,-0.008175578137406391,
2,27.06,0.004781581562588864,0.0169650885475141,-0.007838365724034688,
2,27.111,0.004640978374202593,0.01691066543512385,-0.00739407827830378,
2,27.162,0.00478047740894276,0.016923104374310615,-0.006916809244634548,
2,27.213,0.004887580339214133,0.01697742613006231,-0.006657561748358232,
2,27.264,0.004764468373208707,0.016853411984278588,-0.0065589689493758315,
2,27.315,0.0049052650511510806,0.01682581797509599,-0.006370498932852794,
2,27.367,0.005404842914824801,0.01706311354675954,-0.006139526473582633,
2,27.418,0.0058935591686955354,0.017451233683664243,-0.005899849824624553,
2,27.469,0.0061352153880366005,0.017904906353094063,-0.006075512096539725,
2,27.519,0.0066006735047481665,0.018364176143815834,-0.006905108376965502,
2,27.571,0.007373109106149626,0.018589307268846122,-0.007886628242413589,
2,27.621,0.00807953910763285,0.01844535398213886,-0.008685901988075522,
2,27.672,0.008686886348226846,0.01827708576185721,-0.009304083477227562,
2,27.723,0.008780229089816264,0.018307574345894997,-0.00955562685416788,
2,27.775,0.00813474839850794,0.018463086658567388,-0.009551818963553295,
2,27.825,0.007468943172194647,0.018686290289392737,-0.009786214357068614,
2,27.876,0.0074460901800403965,0.018934977130776128,-0.010355385655374982,
2,27.927,0.007435764140860049,0.018979196137817404,-0.010892708838471415,
2,27.979,0.006229299874862773,0.01868789346324477,-0.01096477384096049,
2,28.03,0.004754277280227963,0.018405638450172603,-0.010732655562565677,
2,28.08,0.0038280090273237256,0.018352694346801136,-0.010524929389723254,
2,28.131,0.002524760928670104,0.01845107233118951,-0.010148700838317003,
2,28.183,0.001486097969357132,0.01863859792520897,-0.00949379311374471,
2,28.233,0.0011022337990312368,0.018868233895550122,-0.008913598733453524,
2,28.284,0.0007674956656948391,0.019106429967957164,-0.008628764550423317,
2,28.335,0.0010936562318669715,0.019330980959797652,-0.008757075455921456,
2,28.387,0.00241998455486322,0.019528741699602108,-0.009340883595746313,
2,28.437,0.0038795561494543696,0.01969343366513134,-0.009969092602579603,
2,28.488,0.0049056637703292555,0.019823686645620626,-0.010374478313577877,
2,28.539,0.005571337827135658,0.01992138845719343,-0.010604389923363364,
2,28.591,0.005751537705899239,0.019990364801723667,-0.01070329135281965,
2,28.641,0.005405068238086371,0.020035376915214793,-0.01071022410737023,
2,28.693,0.00474865166671462,0.019860569897708267,-0.010657615678640894,
2,28.743,0.0039461822596199535,0.0193579907397429,-0.010571046637660937,
2,28.794,0.003114506787523838,0.018886401994821434,-0.010469651296566842,
2,28.846,0.0027325786421502365,0.018673407011253727,-0.010366892523897643,
2,28.897,0.0030714455580428167,0.01864337215873568,-0.010271514280276494,
2,28.947,0.0034437058312205846,0.018532258215718578,-0.010188531614846057,
2,28.998,0.0036066443732069514,0.01797640292976895,-0.010120165157374674,
2,29.05,0.003823078339374107,0.016979132223483746,-0.010066664941589311,
2,29.1,0.0040564347882664645,0.015979706922729334,-0.01002699707033994,
2,29.151,0.00448273182164501,0.015460854375459116,-0.009999387251971489,
2,29.202,0.005199359334638489,0.015492732779949659,-0.009981728876666016,
2,29.254,0.006044621578010718,0.01587526242480392,-0.009971871433100996,
2,29.305,0.0065028137497496735,0.016451952851200217,-0.009967809011676576,
2,29.355,0.006475116116533692,0.017106841054866172,-0.009967789584993276,
2,29.407,0.006539684667640156,0.017759272086465053,-0.009970364699818284,
2,29.457,0.006658241262709236,0.018156881507685185,-0.009974396959940597,
2,29.509,0.006601065455413063,0.01815828570008394,-0.009979039837024166,
2,29.56,0.006234942876488704,0.01790547025595458,-0.009983701355844041,
2,29.611,0.005700088704778088,0.017509920196872402,-0.009988000354623995,
2,29.661,0.005099984953931135,0.017255436634340256,-0.009790887841520424,
2,29.712,0.004707075352808451,0.017312703487646647,-0.0092796008204775,
2,29.763,0.005281948449468546,0.017364477849400397,-0.008808724607798671,
2,29.814,0.006632162577286217,0.017006903068229048,-0.0086024267013193,
2,29.865,0.007969508180996012,0.016415516804827373,-0.00858238912354144,
2,29.916,0.008588665967470373,0.01612335060503618,-0.00868341958205354,
2,29.967,0.008496640148433704,0.016046560375642897,-0.008853981085324139,
2,30.018,0.007955888382821448,0.01571240336983539,-0.009055434635007893,
2,30.069,0.006969952347117627,0.015039194119701494,-0.00926051738504244,
2,30.12,0.006179367661667648,0.0144034480767157,-0.009451452720944458,
2,30.172,0.006180083237080364,0.01404363445564616,-0.00961797609443286,
2,30.223,0.006889076622854426,0.013688861936078137,-0.00975546541914127,
2,30.273,0.00759370186699512,0.013365822639522098,-0.009863288718531414,
2,30.325,0.007636419644399069,0.013289920015131794,-0.009943423848003667,
2,30.375,0.007251190383000844,0.013378616396157065,-0.009798529939072063,
2,30.426,0.007024110741674656,0.013766586970733059,-0.009320119483974822,
2,30.477,0.007318370007504888,0.014516164145776392,-0.008666240047264438,
2,30.528,0.008124185573305952,0.01523660848485917,-0.007952351708364568,
2,30.58,0.008992520948912975,0.015679658991026694,-0.007458159345319054,
2,30.631,0.00942952980229128,0.01611004441033336,-0.00734540317347924,
2,30.681,0.009153132981720179,0.01669856636150653,-0.007486339783214739,
2,30.733,0.008240562592813784,0.017341231414663476,-0.007778660722788873,end
3,35.272,-0.0011995080042466874,0.018431011139863222,-0.010425877184469247,start
3,35.323,0.0004939675824912903,0.018537891497608577,-0.010301728547490506,
3,35.373,0.0025445669067750195,0.018723895617628977,-0.010197866729334799,
3,35.424,0.004056975379062986,0.0189457035293261,-0.009914525817440166,
3,35.475,0.005102717311729481,0.0191726556603808,-0.00913717015789418,
3,35.526,0.0055643202157293695,0.019183841538336275,-0.00810542505165516,
3,35.578,0.005413368840146241,0.018654079486416876,-0.007595911505991026,
3,35.628,0.0046808476261997155,0.01761910361182403,-0.008064763929040094,
3,35.68,0.0044375162897922985,0.016544084926012094,-0.009123428332475508,
3,35.73,0.005330809905044422,0.015730578350300832,-0.010073656068516216,
3,35.781,0.005676316378460184,0.015150144768418916,-0.010878002697172859,
3,35.833,0.005241075683405174,0.014966654804493959,-0.011524172303700581,
3,35.883,0.004741733294250415,0.015253319280201417,-0.01181615213646093,
3,35.935,0.004241393087965095,0.015818489279052095,-0.012058349717818611,
3,35.985,0.0043831079581319295,0.016516877160756834,-0.012048329149768413,
3,36.037,0.004925221392925238,0.017244600619991227,-0.011676519414952582,
3,36.087,0.00568058121382488,0.017932677951948247,-0.011504211716161826,
3,36.138,0.006712859918418569,0.01833921888917922,-0.011473697029038736,
3,36.189,0.00723731348570626,0.01833170352995445,-0.011134905547216578,
3,36.24,0.006992274137981057,0.018260069918624108,-0.010424782906042507,
3,36.291,0.006273404184879862,0.018353902199342537,-0.009533553065081874,
3,36.342,0.005710058867771288,0.018546318412440945,-0.008597765421775818,
3,36.393,0.00569338230621616,0.018786504121606467,-0.00790940928036912,
3,36.444,0.006028652277771513,0.019038031920944987,-0.007635875401016542,
3,36.495,0.006562710302045503,0.019276627888286036,-0.007650362341025833,
3,36.546,0.006980524963899967,0.01948776276514858,-0.007848408090477004,
3,36.597,0.006888554956825018,0.01946349057809234,-0.008148269863949073,
3,36.648,0.0064770220373461425,0.019089355921702838,-0.008489342566564364,
3,36.7,0.006094430472387371,0.018721725620437984,-0.008628612755245941,
3,36.75,0.005761135394706943,0.018588633567909643,-0.008426434879144183,
3,36.802,0.00568706509814866,0.018616654727320266,-0.008222344065947955,
3,36.853,0.00598603299268073,0.01874575505625743,-0.008435089020527075,
3,36.904,0.006500232378751409,0.018728477933991888,-0.009098915352749416,
3,36.954,0.0067094960847011685,0.018217042028025748,-0.009797882297065566,
3,37.006,0.00610387697824677,0.017429762043137304,-0.01026240263671425,
3,37.056,0.0052251166619927845,0.016930481272203795,-0.010539243758694375,
3,37.107,0.0048442716363518695,0.01685685184870912,-0.010874310575579707,
3,37.158,0.00501419360330317,0.01706212947808392,-0.0114206371096013,
3,37.209,0.005523700408146134,0.017228960256457985,-0.011857733430494987,
3,37.261,0.005808402714111262,0.016956063682487248,-0.011988827669757509,
3,37.311,0.005725221531366031,0.016423070021389295,-0.011712302093553065,
3,37.363,0.005412779939714973,0.015966913575217064,-0.010995729523053105,
3,37.414,0.004576734035722603,0.015596681421669305,-0.010255330547132768,
3,37.464,0.0036728698183920313,0.015512132631728166,-0.009759962938278906,
3,37.515,0.00340062173040811,0.015818433059101304,-0.0094615411686746,
3,37.566,0.003756165905585294,0.01635079905932591,-0.009313404169952164,
3,37.618,0.004284949864102142,0.01678455210277269,-0.009273552898177153,
3,37.668,0.004882362377943104,0.016919381035330968,-0.00930635223456658,
3,37.719,0.005676631361305558,0.017052496910285726,-0.009383111265991197,
3,37.77,0.006332514511133359,0.017374654109637334,-0.009481897596685355,
3,37.821,0.006646120673874629,0.017792173249932416,-0.009586875321676973,
3,37.872,0.00651418024002604,0.01823731215962535,-0.009687390682815567,
3,37.923,0.005906253387398849,0.01866440550110152,-0.00977696935306339,
3,37.975,0.005242722437506051,0.019045615402819117,-0.009852337595061784,
3,38.025,0.004596833452829116,0.019366773978624616,-0.00991253736522201,
3,38.076,0.0038133120124082755,0.01962361876386606,-0.009958172756674806,
3,38.128,0.0030044627748709186,0.019818582569749877,-0.00999080121244589,
3,38.178,0.0020435135197503468,0.01995819679680475,-0.010012466493191905,
3,38.229,0.0008613774094890572,0.020051096792107214,-0.010025360077760505,
3,38.28,3.4015167365506144e-05,0.0201065735647598,-0.01003159213520505,
3,38.331,-0.00029851377967279197,0.0201335922547848,-0.010033051169231266,
3,38.382,-0.0008894683971361987,0.01973852149354685,-0.009830498152449962,
3,38.434,-0.002000358596627026,0.018301145793061777,-0.009312539822587477,
3,38.485,-0.003154634969787585,0.01631075558324939,-0.008834738851653586,
3,38.535,-0.0032398418364938367,0.014928918226676587,-0.008621909926539793,
3,38.587,-0.001829219745766158,0.014249218613289764,-0.008596118514977774,
3,38.637,-0.00017506657592766817,0.013873605089019426,-0.008692355813793915,
3,38.688,0.0013015581191849856,0.013924025636223096,-0.00865829168264401,
3,38.74,0.002545702279770854,0.014444466988947906,-0.008342561362926213,
3,38.79,0.002938297317076688,0.015224548052446732,-0.008072381365316092,
3,38.841,0.0031548788071078947,0.016108482831119434,-0.008053953287131424,
3,38.892,0.003642842308204823,0.016988014808571875,-0.008198467081002529,
3,38.943,0.0038639899707175935,0.01779406719377558,-0.008435874601725044,
3,38.994,0.003896249327376637,0.018488240350610908,-0.008713787888934158,
3,39.045,0.0040056070283868185,0.01905489425916114,-0.009196187530853075,
3,39.096,0.004356460444023809,0.01949424223131657,-0.00997181563309221,
3,39.147,0.004834012238048256,0.01961581434598045,-0.010672363712841281,
3,39.199,0.00495279153161572,0.01912214680551551,-0.011067647996323215,
3,39.249,0.004631095922663531,0.018072718733046948,-0.01123539631948811,
3,39.301,0.004052743979564561,0.016951990634679216,-0.01124373830095265,
3,39.352,0.0037579134270846757,0.01627723343471214,-0.011149174639738408,
3,39.403,0.004070271824894592,0.01614353959406144,-0.010996208912626352,
3,39.453,0.0047469589583033584,0.016367597660196777,-0.010818075197190542,
3,39.504,0.0056029482663556285,0.016803101101793137,-0.01063811005183911,
3,39.555,0.006304335059479783,0.017138396205226263,-0.010672261194948199,
3,39.606,0.006649388806752223,0.017181653464673544,-0.01104182632506075,
3,39.657,0.006738188444823836,0.01723497045393246,-0.011395987629550536,
3,39.708,0.006253838222168255,0.017290456128034228,-0.011310151351713902,
3,39.759,0.0052399733294864964,0.017142041679547162,-0.010748183817454354,
3,39.81,0.004570451632775531,0.01707561187596564,-0.010126827222915812,
3,39.861,0.004577227281657186,0.017067099586610138,-0.00971813074540106,
3,39.913,0.005017202961985215,0.01689558295011751,-0.009478656164073956,
3,39.963,0.005498833723416287,0.016834135405764637,-0.009366950128380331,
3,40.014,0.005767655312943437,0.016848217136933238,-0.009346162378546371,
3,40.066,0.006079229699383258,0.016708774795264458,-0.009385355163102757,
3,40.116,0.006393193808666021,0.016682905095086128,-0.009861535374849227,
3,40.167,0.006683468746446563,0.017133620897076055,-0.011182225906994423,
3,40.218,0.007136065462532659,0.018054621638671917,-0.012938448789015768,
3,40.269,0.007455575183943875,0.019002419515653724,-0.014431250237612313,
3,40.32,0.007463228378837102,0.019690430236011098,-0.015233516724612517,
3,40.371,0.007069423447509516,0.020156555780663655,-0.015327625051714911,
3,40.422,0.006048111131767642,0.020442929447757458,-0.014959995006035499,
3,40.473,0.004706391544258288,0.020591013583533387,-0.014325761339191346,
3,40.525,0.003869464206964821,0.020638509404369145,-0.013571491216198916,
3,40.575,0.003825186737693264,0.020617677250976935,-0.012800828657889689,
3,40.627,0.003690332475898901,0.020353862709587413,-0.012081562777518222,
3,40.679,0.002905718991731411,0.019754570519796327,-0.011252207698404529,
3,40.728,0.0021690794599286346,0.018988262440728362,-0.010218038051657377,
3,40.779,0.0015223849002866466,0.01797556498969743,-0.00933642235086816,
3,40.831,0.0007844942442371185,0.016886198828457013,-0.008824304255222319,
3,40.882,0.0006498931095855398,0.016236840938684962,-0.008389470581009268,
3,40.933,0.0013146929238310324,0.0161226818537485,-0.007838301428263313,
3,40.984,0.002237950439748177,0.016360944140000933,-0.007457631319400984,
3,41.035,0.0030519680717048677,0.01680609198032983,-0.007417725238035476,
3,41.085,0.0037305316813530925,0.017147332266095664,-0.007599574483500939,
3,41.136,0.004267710281333156,0.017193684612667483,-0.007909038269404867,
3,41.188,0.004871891626759689,0.017248020137040864,-0.00827548753973274,
3,41.238,0.0052696756510811705,0.01730311072397941,-0.008649046399515931,
3,41.29,0.0051014637568725365,0.01715342629822681,-0.008997155728868148,
3,41.34,0.004985429864919096,0.01708526742693773,-0.009300978135064844,
3,41.392,0.005514682786170888,0.017275704189151104,-0.009551989949178925,
3,41.442,0.006616108333628527,0.017415859558554552,-0.009748966960739933,
3,41.493,0.007795182691650195,0.017311674057623502,-0.009895464823251187,
3,41.544,0.008728504452675185,0.017259983401341963,-0.00999781912537079,
3,41.595,0.009027568127887695,0.01744694653944402,-0.010264473067313831,
3,41.647,0.008694990928131736,0.017771951259439124,-0.010615079601579216,
3,41.698,0.008586527926565146,0.01815938040589021,-0.010589696511982822,
3,41.75,0.00822884680786623,0.01835488837390546,-0.010325211010299045,
3,41.799,0.007137562062155339,0.018210767911333487,-0.00992862384493675,
3,41.85,0.006265947150793084,0.0180612375838189,-0.00927833863883234,
3,41.901,0.005404404013497486,0.01792024992002433,-0.008718417121798671,
3,41.952,0.004417697511450974,0.017595233478271716,-0.00846226458543261,
3,42.004,0.003831650153737967,0.017379133248427353,-0.008421512372144054,
3,42.054,0.0033488117121295282,0.017451080333909758,-0.008522181253747454,
3,42.105,0.0031717882069732264,0.01770198724963425,-0.008705463692272866,
3,42.156,0.003205120492741526,0.01804751410649069,-0.008927006749736994,
3,42.207,0.0029690197793537077,0.018225134583766903,-0.009155290993159442,
3,42.258,0.0027799182409435175,0.018079965522700244,-0.00936955984291178,
3,42.309,0.0026361508769912516,0.01794027048367866,-0.009557626939822912,
3,42.36,0.002533007985659972,0.018016142058901872,-0.009914615076860183,
3,42.411,0.0026650391435368743,0.01822417258740028,-0.010552096545401924,
3,42.462,0.002937293019546638,0.018500251651240415,-0.011117428094384296,
3,42.514,0.0032776078550288135,0.018797795360829622,-0.011390237485191647,
3,42.564,0.003634235022558643,0.01908520273761981,-0.011453521617037794,
3,42.615,0.0043743423455182414,0.019343020732123375,-0.011377342568370143,
3,42.666,0.0053009398722822865,0.01956115011865665,-0.011217838321108476,
3,42.717,0.005670205423719059,0.019736302066584638,-0.011017706857996783,
3,42.77,0.005652360875331927,0.019869819805763266,-0.010807596320850973,
3,42.819,0.005387676183379465,0.01976507578322164,-0.01060796459613056,
3,42.87,0.004785109567765846,0.01931510300767979,-0.010431090581499288,
3,42.921,0.004014248123202925,0.018880698767042268,-0.010283021161214953,
3,42.972,0.0033982101556504006,0.018692010282522518,-0.010165320541003954,
3,43.023,0.002730123270378966,0.01847523631972123,-0.010076552295760278,
3,43.074,0.001680657152972297,0.01805703023954385,-0.010013470934180445,
3,43.125,0.0008725674364692343,0.017543231303430634,-0.009971931439125907,
3,43.176,0.0002842014906773418,0.017009398989577516,-0.009947544864758129,
3,43.227,-0.0007184797702479856,0.01670643649177694,-0.00993611840040653,
3,43.278,-0.002508834905471092,0.01677671438761714,-0.009933921849989922,
3,43.329,-0.004459706809138932,0.017080724917291092,-0.009937821375571648,
3,43.38,-0.005151804160838919,0.01751021801275732,-0.009945317366479882,
3,43.432,-0.004780152285443637,0.01778485322177751,-0.009954517777054138,
3,43.482,-0.0037561192890480134,0.017737274034304855,-0.009763238563324965,
3,43.533,-0.0021951111177227023,0.017486864348918267,-0.009458747555696218,
3,43.586,-0.0006159479387134076,0.016925651633097238,-0.00950777611807684,
3,43.635,0.000847999336759114,0.0162101890761986,-0.009779596366250908,
3,43.688,0.0019196151064473392,0.015854941042074727,-0.009971634487485588,
3,43.738,0.0026535218564842774,0.01575925545070423,-0.010097077131734111,
3,43.789,0.002911047481505703,0.015636893730416365,-0.009968897766820632,
3,43.84,0.0026415237585768955,0.015708086630098463,-0.009286687317135014,
3,43.891,0.0022564615551733083,0.015897696910876873,-0.008303952506510127,
3,43.941,0.001627398293953935,0.01574635499953551,-0.0076090897358751216,
3,43.992,0.001093213064411181,0.015187667039454542,-0.007154674873009888,
3,44.043,0.0008636246110298508,0.014613442058289385,-0.006690142709208343,
3,44.094,0.0006469997482392285,0.014276215521248529,-0.0064572729315802565,
3,44.145,0.000857758640735815,0.014118078876149425,-0.0065925210727685625,
3,44.197,0.0017273570817752256,0.01428833912855033,-0.006952997255930851,end
4,50.01,-0.0057745209180682915,0.018089253984622154,-0.009313335906508412,start
4,50.062,-0.004691608453827893,0.019173789318168735,-0.00871552335592057,
4,50.113,-0.0036201877286561298,0.02013656374268381,-0.008033634501853671,
4,50.164,-0.0018388735618293304,0.0207430699623805,-0.00795510264068417,
4,50.214,0.00025463272127153975,0.02087152662080525,-0.008069009795570306,
4,50.266,0.0011751833564836054,0.02068306608971929,-0.007895520141973957,
4,50.317,0.0008678387518553332,0.020908990885591,-0.007752478783405778,
4,50.369,0.0010026736366303241,0.021583366682835555,-0.007841290148906964,
4,50.419,0.0018119365751888526,0.022089514965614943,-0.008071666091114406,
4,50.47,0.003189567745262179,0.02224627597363536,-0.008374327795268666,
4,50.52,0.005624387495764089,0.022367197416732328,-0.008899869877082025,
4,50.572,0.008340805612169487,0.022656252717199368,-0.009726971672558269,
4,50.622,0.010617940690149293,0.02282908645697793,-0.010480201647696833,
4,50.674,0.012028743459667392,0.022913496987342276,-0.010924710589822086,
4,50.725,0.011967253377079235,0.02313524982183584,-0.011135511880268479,
4,50.775,0.01096644572055034,0.023427273181362906,-0.011179490011345045,
4,50.826,0.00944360363735218,0.02354007174702753,-0.010912109281401074,
4,50.878,0.007306621837420196,0.023127195404888754,-0.01026568403118878,
4,50.928,0.004746598076705027,0.022812011749444173,-0.009628921228992018,
4,50.979,0.0011167429977261521,0.023187304210082856,-0.009451176124512482,
4,51.03,-0.002907651216698335,0.023573618735757338,-0.01018460257302791,
4,51.081,-0.005255120946596733,0.023534300985143333,-0.01144349161257097,
4,51.132,-0.005936844896907834,0.02302432819487762,-0.012134921355349179,
4,51.183,-0.005696308639877935,0.022052634295293465,-0.012206031604575342,
4,51.234,-0.004080267868137665,0.02106370804294384,-0.012275253771286753,
4,51.285,-0.0013101999993406716,0.020344007320053776,-0.01253853781269861,
4,51.337,0.0019774757805268548,0.019653957199783363,-0.012704299561682232,
4,51.387,0.004730508845169161,0.01883752399875736,-0.0127941990232165,
4,51.438,0.006517819993015987,0.01840728903152839,-0.013229889466298711,
4,51.489,0.008747184945406019,0.018660972471325952,-0.013852352965478118,
4,51.54,0.01088013552434236,0.019132075108697577,-0.014142931692151356,
4,51.591,0.011574901357891952,0.019704774576898176,-0.013393977791779584,
4,51.642,0.011893973215036359,0.020698293708983732,-0.01163681679079488,
4,51.694,0.011745627359939096,0.02188189334804792,-0.009575033097745432,
4,51.745,0.008899415704626356,0.022690651444401414,-0.007282675739458278,
4,51.795,0.00435073604981747,0.022792366691516977,-0.005829927232224966,
4,51.847,0.0008830900111850269,0.022231614126193976,-0.005835702092924743,
4,51.897,-0.0006084971646455855,0.021692701316775902,-0.006173938277460902,
4,51.948,-0.000311244276149358,0.0216127555115176,-0.006698227359619843,
4,51.999,0.00010523630703256661,0.02163275756798203,-0.007701391107920156,
4,52.051,-3.777453855587036e-05,0.021514420849197743,-0.00873026058713341,
4,52.101,0.0008777080733449825,0.021316866742466755,-0.009692963828928973,
4,52.152,0.003603515138233198,0.021084376647512,-0.010736727623692006,
4,52.203,0.006869735745177213,0.020848157037044516,-0.011547796913722751,
4,52.254,0.00901516266480271,0.020628521835228546,-0.011742803909763306,
4,52.305,0.008662748011611814,0.020437167125604356,-0.011326199163215624,
4,52.357,0.005933314890543422,0.020279322339487656,-0.010751637242189832,
4,52.407,0.0029028104099350594,0.02015564941252062,-0.010121925792762226,
4,52.458,0.0013284998566275921,0.019862994078746095,-0.009507431009426264,
4,52.509,0.0020195932695719894,0.019083804323386733,-0.009554560918702769,
4,52.56,0.0037064217627047766,0.018256003634871183,-0.010022238733415107,
4,52.612,0.004490522118432619,0.018066027311902887,-0.010320398104744825,
4,52.662,0.0040301659315291815,0.018300382082559782,-0.010485884387078735,
4,52.713,0.002607823977686576,0.01838638841135134,-0.010552986493710434,
4,52.766,0.001686940904503954,0.01816950839697418,-0.010752432869026657,
4,52.815,0.0017641479482340574,0.01797662813864048,-0.011020736226753073,
4,52.866,0.0014711110362221733,0.017814634899711194,-0.011110813722750858,
4,52.917,0.001365825574733843,0.017484630920286227,-0.011079349551082422,
4,52.968,0.002795248329952786,0.017073383356259905,-0.010972462069765343,
4,53.019,0.005294961737113175,0.016643067034955123,-0.01082578837424583,
4,53.07,0.008079463411775682,0.01643592339243911,-0.010665380534837187,
4,53.121,0.01022042485270946,0.016388552456704505,-0.01050905039823418,
4,53.172,0.010772491651620222,0.01624662380783957,-0.010367894043725718,
4,53.224,0.010462002646346655,0.016256285699622165,-0.01024780899637896,
4,53.274,0.010828256740037977,0.016362394244585177,-0.01015088491190789,
4,53.325,0.011799952257350416,0.016120167620829816,-0.010076601393881668,
4,53.376,0.012479387930814519,0.01547316094855233,-0.01002280589015901,
4,53.427,0.012515133572599618,0.014819357911309608,-0.00998647198498958,
4,53.479,0.012135176051369882,0.014615385587843201,-0.00996425593130878,
4,53.529,0.012121630937282434,0.01511796599875562,-0.009952879075904144,
4,53.58,0.012344173109990374,0.016234154723751726,-0.009949367899169484,
4,53.631,0.01149525071011591,0.01745338112429721,-0.00975034979688926,
4,53.684,0.00922400511164239,0.01843991256286128,-0.009241097184775325,
4,53.733,0.006825508331619747,0.018997119587933136,-0.008774618873757576,
4,53.784,0.004939745672426269,0.01903338271492613,-0.008573881399971095,
4,53.835,0.003333482018006743,0.01893345818474305,-0.008559703157141553,
4,53.887,0.002437179512125626,0.018955050430281745,-0.008666313951360296,
4,53.937,0.0024698820756318732,0.019052843066987374,-0.008841828566056904,
4,53.988,0.0030957763591018487,0.019191650920678715,-0.009047435055319778,
4,54.039,0.0034493338428093247,0.01934561303139214,-0.0092558239334738,
4,54.09,0.002997324237420071,0.019296092383102703,-0.009449256700944703,
4,54.141,0.0030691427152149064,0.01891921226384677,-0.009617558219900768,
4,54.192,0.004475317991072889,0.018563489384866474,-0.009555387874605595,
4,54.244,0.006423488467594478,0.018249912184950475,-0.009350398403781162,
4,54.295,0.00836193146459383,0.01778772226763679,-0.009471946492336252,
4,54.345,0.009736746579019453,0.01726734867172319,-0.009793155568048629,
4,54.397,0.010840468081601549,0.016751462296676473,-0.010216613687804127,
4,54.447,0.012083324820884696,0.0166815640575572,-0.010872465187982976,
4,54.499,0.012913905861983974,0.017304983474208755,-0.011423842062752912,
4,54.549,0.013614183454874985,0.01812214813993152,-0.011663086306828116,
4,54.6,0.01377296769598137,0.018797092296663865,-0.011682924489677714,
4,54.651,0.012567540377022278,0.019326602510271546,-0.011560452587787927,
4,54.702,0.010784843681452367,0.019720301052010978,-0.011155714830435306,
4,54.754,0.009176791892312765,0.01999526940216814,-0.010401625762252559,
4,54.804,0.007609095594593951,0.01997116714611885,-0.009484058279243642,
4,54.855,0.0057915525134456915,0.01955635805882578,-0.008535355036211155,
4,54.906,0.0037589456863337247,0.019125125250184876,-0.007843729097408169,
4,54.957,0.002153361050080541,0.01891883514279589,-0.007573374444965263,
4,55.009,0.0015531308924223008,0.01887338438138554,-0.007594921305236867,
4,55.059,0.002248405909545982,0.018934739398925062,-0.0078019487157628695,
4,55.11,0.004120368625015573,0.01905966560608174,-0.00811130313380467,
4,55.161,0.006596620559483331,0.01921532753872802,-0.008461433624035808,
4,55.212,0.009261508422671162,0.019378197014199305,-0.008809588716359567,
4,55.263,0.010427462970805618,0.01953260518948646,-0.009128508380228434,
4,55.314,0.00953424088798855,0.019669182553564975,-0.009403057936311611,
4,55.366,0.008597120262108172,0.019783352366927676,-0.009627095139121413,
4,55.416,0.008108794693829151,0.019873979406782042,-0.01000157213793449,
4,55.467,0.007345032442697452,0.019942226868751106,-0.010442450897449128,
4,55.518,0.006064306806070981,0.019990638599112136,-0.010488831899847902,
4,55.569,0.004755744687271411,0.019821605914941993,-0.01007764155681241,
4,55.62,0.004538619201607897,0.019125026590539992,-0.009406019471514204,
4,55.671,0.004838097065663996,0.018146063045893935,-0.008621322815196963,
4,55.722,0.004440672910728986,0.01746630278952004,-0.007827143008064797,
4,55.773,0.003829049688031149,0.017233878172812602,-0.00729151403677536,
4,55.824,0.003530850686133359,0.017307024430807044,-0.007165569627110591,
4,55.876,0.003859289459858382,0.01736943929147919,-0.007312494591642506,
4,55.928,0.005165739677877679,0.01721912389647699,-0.007622621757911456,
4,55.977,0.006994487370653307,0.017145282636559817,-0.008012505318272545,
4,56.028,0.009011301718432606,0.017327253760509715,-0.008422220068373723,
4,56.079,0.011388382536653686,0.017658672179889267,-0.008811739778102892,
4,56.13,0.013604728021969024,0.01805931486296672,-0.009357849556370625,
4,56.181,0.015138271636628139,0.018472169620178235,-0.010161351382321653,
4,56.232,0.01530736973069741,0.018658856902220387,-0.010663716599045577,
4,56.283,0.013784459733614566,0.01848466043483619,-0.010530923339815194,
4,56.334,0.012102053000205145,0.018293838080677423,-0.01020227161304168,
4,56.385,0.011456674625667082,0.0183085157644919,-0.009975241143598297,
4,56.436,0.010724906840824364,0.01845381210457268,-0.009831623767491122,
4,56.488,0.009394017547608968,0.018671208762696925,-0.009753040788152196,
4,56.54,0.007584962042677835,0.018917382844462597,-0.009521646906369873,
4,56.59,0.004409559660688905,0.0191622373548359,-0.009210836188942141,
4,56.64,0.0016171079531931724,0.01938657554549963,-0.009275727174147288,
4,56.691,0.0011020924644110151,0.019579733699389902,-0.00957636210667609,
4,56.742,0.0018882535190164695,0.019737377425473674,-0.009803207081761174,
4,56.793,0.0028432701446737063,0.019859579852341134,-0.010165337167544489,
4,56.844,0.003428195447198472,0.019949235003399002,-0.010785975059214173,
4,56.895,0.003728773035697022,0.020010813600363168,-0.011321715683501236,
4,56.947,0.004425338309027142,0.02004943843428093,-0.01175996941555495,
4,56.997,0.005119079737339237,0.02007023897032696,-0.012100493339691496,
4,57.048,0.005152778470532129,0.020077936886440783,-0.011949315324114893,
4,57.099,0.004760450670115606,0.020076613016854917,-0.011294094511003654,
4,57.15,0.004327240803304536,0.020069609362161938,-0.01056907488654882,
4,57.201,0.0041034460644592255,0.020059525596384613,-0.010058366679362909,
4,57.252,0.0032286036236651365,0.019847442804801323,-0.009525300732109837,
4,57.304,0.0018056562044334616,0.019121177660980006,-0.00902071864703126,
4,57.355,0.000747992073986494,0.017922650612586296,-0.008574939556655259,
4,57.406,9.568764132002953e-06,0.016718353148377142,-0.008202684835105754,
4,57.456,0.00013771211359336292,0.016008767515280804,-0.008108323246853476,
4,57.507,0.0010121687795510406,0.01567346954663829,-0.007998935584503257,
4,57.558,0.0020941928517044027,0.015404323538335835,-0.007888698416064134,
4,57.609,0.004025752481679105,0.01540005927788466,-0.007987605804640521,
4,57.661,0.006346994175665695,0.015566019896627288,-0.00821270280356805,
4,57.711,0.008129184711820532,0.01562698865671253,-0.008500648881913693,
4,57.762,0.009422484422637564,0.01581655655081929,-0.008805771608592859,
4,57.813,0.009695837040249917,0.016274206707699395,-0.009097399040052018,
4,57.864,0.009293085658708337,0.016867027214530577,-0.009356943801907101,
4,57.915,0.008890735661614703,0.017298082453749936,-0.00957506216493617,
4,57.966,0.008320131605717561,0.01718909381870749,-0.009749089440078067,
4,58.017,0.0080891234610946,0.016742502648688283,-0.009880858614649622,
4,58.068,0.007692806049268264,0.0165169330997948,-0.009974940017412939,
4,58.119,0.006218136556299994,0.016250403234754487,-0.01003729242494312,
4,58.17,0.004772830570504795,0.015577347363523397,-0.010074286407802563,
4,58.222,0.0044666316272678405,0.014898467977031857,-0.01009204487127094,
4,58.272,0.004513931447753205,0.014471224057284907,-0.009895206350295633,
4,58.323,0.004382481174425385,0.014440522570108005,-0.009375714787538203,
4,58.375,0.004950283731642028,0.014867444194368456,-0.008891855411666495,
4,58.426,0.006523440588846299,0.015553567012810783,-0.008871386203851733,
4,58.476,0.008414172179985994,0.016149976638627002,-0.009149757355374459,
4,58.527,0.009754190833342412,0.016440103264561176,-0.009195760401313488,
4,58.578,0.010030859592184112,0.01671132159672804,-0.009289871877028361,
4,58.63,0.009201654190105166,0.016948625157954703,-0.009608111123133341,
4,58.68,0.008131474946176954,0.01694428035635467,-0.009642862487749582,
4,58.731,0.007394385273331466,0.01698613669418411,-0.009493006766114568,
4,58.783,0.00693013607462426,0.01725509539495353,-0.009437625090376038,
4,58.833,0.00728066924605845,0.017648100161854106,-0.009246449835395288,
4,58.884,0.007723937489183604,0.01808909063044932,-0.008782707273997525,
4,58.935,0.00859273955177511,0.01852543051146664,-0.008382240952600055,
4,58.986,0.011070500095767792,0.018722901381983032,-0.00845619510244862,
4,59.037,0.013778620586409204,0.0185504760708548,-0.008828478558311228,
4,59.089,0.015011094498423923,0.018355502452572923,-0.00875968818755686,
4,59.139,0.01419398303290309,0.018362564004264902,-0.008011873297073167,
4,59.191,0.012128008226194593,0.018498633844065016,-0.007089473201404165,
4,59.242,0.010029540870876326,0.018706512386525573,-0.00653086952042283,
4,59.292,0.008279645173259567,0.01894374594783856,-0.006451295452906018,
4,59.343,0.006693047968768744,0.018979914946656355,-0.006685340225109284,
4,59.394,0.0049369720393662745,0.018482557986883367,-0.006900889640014535,
4,59.445,0.0032132723284684955,0.01768297773953065,-0.006886427542640892,
4,59.496,0.002050475232056952,0.017155466482758116,-0.006926442654091865,
4,59.547,0.0015416590624457225,0.017045657552830055,-0.007199015910408252,
4,59.598,0.0016939831862974332,0.017212563984201762,-0.0075988439372233684,
4,59.65,0.0024589275856212933,0.017342700411000094,-0.008048167437121626,
4,59.701,0.003555326308832796,0.017237966373438354,-0.008493139222388453,
4,59.752,0.004776226267015904,0.016991011450168455,-0.008899573904666131,
4,59.804,0.0057780625073859185,0.01647184803147125,-0.009248642451460808,
4,59.854,0.006358087265958483,0.015819809470460456,-0.009532877254102063,
4,59.904,0.006219319873574862,0.015536599058972417,-0.009551863613780315,
4,59.957,0.005229034383426093,0.015713522077003855,-0.009399207236588263,
4,60.006,0.004173846824922389,0.016171339539177914,-0.009349564597065568,
4,60.059,0.003764302061887416,0.016772531023316585,-0.009369977941746602,
4,60.108,0.003801741447525857,0.017216546207917457,-0.009433681924992363,
4,60.159,0.003721179857646013,0.017122419542705738,-0.009319199208689307,
4,60.21,0.002968908985138851,0.01648988263968861,-0.00909963297153841,
4,60.261,0.0014446015435503686,0.01576368303761574,-0.008830309772692287,
4,60.313,-5.073253344420157e-05,0.015437418159053135,-0.008349876879321143,
4,60.364,-0.0010056918235739217,0.015393862017844203,-0.007973476952016204,
4,60.414,-0.0017381993825719955,0.01493261960885889,-0.0076940362368601465,
4,60.465,-0.0038758615584584934,0.01383887935797892,-0.007097561590404415,
4,60.516,-0.007747164283581167,0.01242734958454458,-0.006345673617991419,
4,60.567,-0.010210174677978722,0.010925398085820019,-0.005956180145278528,
4,60.618,-0.009764609566695486,0.009887778749825382,-0.006031231957163482,
4,60.669,-0.008091919836263898,0.009833816081258613,-0.006398191429925285,
4,60.72,-0.006168252112564476,0.010415058137265868,-0.006922887205006337,
4,60.771,-0.004037320499698534,0.010553661911023306,-0.007305763116301442,
4,60.822,-0.002547145953952272,0.009794743453702527,-0.007366091236619123,
4,60.873,-0.002190133786277626,0.00912366524721242,-0.007415540123961908,
4,60.924,-0.0013835551422926274,0.00936616817903684,-0.007454039198178363,
4,60.976,0.0008515603315320621,0.01017511667893877,-0.007482422828979311,
4,61.026,0.0034216482225059024,0.011282370281368494,-0.008104539716180267,
4,61.078,0.005397606162912552,0.012893660115919523,-0.009057471537091988,
4,61.128,0.006632948747447987,0.014698773872069547,-0.009543518745156626,
4,61.179,0.0072940571874973185,0.01608151854936622,-0.009691082933632272,
4,61.23,0.007332936890216823,0.016881461845325765,-0.009810539830364891,
4,61.282,0.007170459549737363,0.017444196020051195,-0.009902373686202498,
4,61.332,0.0076952285497709745,0.01801042303108802,-0.009969114130684431,
4,61.383,0.009020274847943538,0.018533403201845402,-0.010014399386220499,
4,61.435,0.010350467354083027,0.018986634137264823,-0.01004228640196042,
4,61.485,0.011175434107846749,0.019157888027435635,-0.009855941113679078,
4,61.536,0.011610101112681352,0.018933704432374843,-0.009346333714252862,
4,61.587,0.011357863156525384,0.01867474949796968,-0.008670340189435759,
4,61.638,0.010484507139827232,0.018615130313687053,-0.007941939567499539,
4,61.69,0.00968462312357345,0.018688144834825723,-0.007439276172733129,
4,61.74,0.009397785251522631,0.01884035867765652,-0.0075234376979445156,
4,61.791,0.009864700303803339,0.019031139262269663,-0.008178032957087232,
4,61.843,0.009974192428121462,0.01903049496550731,-0.008945057209660762,
4,61.893,0.008640652992564741,0.01870629812959983,-0.009521736600607096,
4,61.944,0.006689584542173106,0.018401467884992462,-0.009930011369700589,
4,61.995,0.004499198992041984,0.018133546502452264,-0.010197481449799362,
4,62.046,0.0025321219624709766,0.017709986071996784,-0.01035315942846121,
4,62.097,0.0020712882381865795,0.017421466030274623,-0.010424633219900744,
4,62.148,0.002814339998675252,0.017443565819090612,-0.010436360789227396,
4,62.199,0.004068979990270096,0.01766310676142269,-0.010408827910860953,
4,62.25,0.005350104650684206,0.017991640407233504,-0.01035832709542679,
4,62.302,0.005741963492058359,0.01836368444582161,-0.010297152663578857,
4,62.352,0.005532010955205675,0.018733746356007122,-0.010234047045339255,
4,62.403,0.005153785635143765,0.019072808670598417,-0.010174772350538127,
4,62.454,0.004095521489304828,0.01936475129722426,-0.010122716365834039,
4,62.505,0.0026861274194324614,0.019603020877523452,-0.009878638293793835,
4,62.556,0.001968091760608781,0.019787726146672898,-0.00933018054164544,
4,62.607,0.0019519758281995024,0.0199232398487136,-0.00883140157927999,
4,62.658,0.002186498184924866,0.02001631817866148,-0.008605386481740472,
4,62.709,0.0025629278009904654,0.02007470321294378,-0.00857246548374126,
4,62.76,0.0027992963060987815,0.01990531372110068,-0.008666030341222293,
4,62.811,0.002726014446246655,0.0194026146753043,-0.008632367052068974,
4,62.862,0.002861692145373831,0.018726530589252735,-0.008318976428314027,
4,62.913,0.0035221542310065078,0.01799355791636661,-0.008052191657762763,
4,62.964,0.004466130384044832,0.01748381554901093,-0.008037563022784059,
4,63.016,0.005917773158897483,0.01715819165067694,-0.0081858302820814,
4,63.067,0.007980060523691417,0.016775977255139445,-0.008426660251437254,
4,63.118,0.009063313117415608,0.01638817306289897,-0.008707508752002347,
4,63.169,0.008226636889697141,0.015827103843743896,-0.008991461666689253,
4,63.22,0.006627491768830224,0.015199983466026034,-0.00925459468139323,
4,63.271,0.004868634570473994,0.014982547138651563,-0.009483236435115698,
4,63.321,0.0037511418408592906,0.015246163375722994,-0.009671389581865128,
4,63.373,0.0037372622266705763,0.015596292554215156,-0.00981846030454569,
4,63.423,0.004432301578943388,0.015772946195961857,-0.010128201706655116,
4,63.474,0.005927839594425871,0.015824149836739698,-0.010718223255619485,
4,63.526,0.007414969600766237,0.015589948905060887,-0.011239770778379706,
4,63.576,0.007773072537065377,0.015191517483573882,-0.01147467100523998,
4,63.628,0.00717747092112559,0.014920597616054522,-0.01150685919948618,
4,63.679,0.006018056163689081,0.014552387755102307,-0.011406451930744974,
4,63.73,0.003987677815506801,0.013950526724549609,-0.011229070421411075,
4,63.781,-0.000446523605212724,0.012644661770460128,-0.010815737379625264,
4,63.831,-0.007873708799030661,0.009787185536360979,-0.010685948245190412,
4,63.882,-0.014213793369959073,0.006164131980562001,-0.011551771464942871,
4,63.933,-0.016334838505158385,0.003947795913205053,-0.012384076655491051,
4,63.985,-0.015378771654171616,0.00401670815434105,-0.01232468842627688,
4,64.036,-0.012525998458357807,0.0057465656096922215,-0.011698182112892395,
4,64.086,-0.009489277501467332,0.008402707394210469,-0.010758283165244967,
4,64.139,-0.007582699951673586,0.011640379647765323,-0.009893728361875288,
4,64.189,-0.0051482680003882625,0.015392591251567386,-0.009347781977629354,
4,64.239,-0.0007633592633322842,0.018972541654145792,-0.009250867011921718,
4,64.291,0.0033152339258426047,0.0213510876372564,-0.009851391863153813,
4,64.341,0.0050622207544503955,0.02236636690286758,-0.011051812228854149,
4,64.392,0.005976821379672961,0.022827419375147907,-0.012339708925650077,
4,64.443,0.006685764109574337,0.02309681335535453,-0.013178580189970802,
4,64.495,0.007005022352320879,0.023020811860104632,-0.013461245213853818,
4,64.545,0.00805287700809019,0.023331896875609034,-0.013163645394285347,
4,64.596,0.010287174924103424,0.0246695845063638,-0.011915298081835144,
4,64.647,0.013102911162585532,0.026357390568944494,-0.010157471464229023,
4,64.698,0.015061187644418767,0.0273308236990854,-0.00901743643146064,
4,64.749,0.014103045650597728,0.02716539242971329,-0.008566039598745455,
4,64.8,0.010548090422925201,0.02608200473706659,-0.008391730549581252,
4,64.851,0.007621583451701915,0.02489858387608391,-0.008409135025996491,
4,64.903,0.006337397451869665,0.023946908539443996,-0.008548097105059339,
4,64.953,0.006008845984929427,0.022818647614731787,-0.008753857034609293,
4,65.004,0.006520419527991389,0.021466936702279737,-0.00898592846077362,
4,65.056,0.00692721109753938,0.020080503414079427,-0.009417065360247619,
4,65.106,0.006832454300730571,0.019184845174301454,-0.010142072143003618,
4,65.157,0.0064236408293085875,0.01907756490535389,-0.010595643211088614,
4,65.209,0.005645414372520658,0.019283696600363397,-0.010437024320522579,
4,65.259,0.005295282922009832,0.019473442612119318,-0.010099352518692933,
4,65.31,0.005047004478232021,0.01943660303100253,-0.00987480485742028,
4,65.361,0.0038798264057600673,0.019056568226852238,-0.009540014573114892,
4,65.412,0.002417907754378657,0.018687787805793006,-0.008960581219994051,
4,65.463,0.0006835641105469038,0.018556684464317453,-0.008270793545816588,
4,65.514,-0.0016886748584723774,0.018588547668728094,-0.007565642990186935,
4,65.565,-0.0036769578388121445,0.01872237003646587,-0.0069072866124549916,
4,65.616,-0.004656763432582504,0.018710000000652666,-0.006130996144269853,
4,65.667,-0.004509402016409881,0.018203195658490604,-0.005542264222451549,
4,65.718,-0.0032493010462425753,0.01741999846097596,-0.005723619103368584,
4,65.769,-0.0013767711253900423,0.017124954190005363,-0.006384301474176515,
4,65.82,0.0007381142332138213,0.017568356788371427,-0.00709849270991807,
4,65.871,0.003039372217085269,0.018248909700617814,-0.007789628483803905,
4,65.922,0.0046727915825069705,0.018625220848448223,-0.008410456272162135,
4,65.973,0.005144172422943648,0.018575342039695922,-0.00893631868016043,
4,66.024,0.00583657869135578,0.018456966239827042,-0.009359030547497435,
4,66.076,0.007217617532046251,0.018304169327204124,-0.009882462404731725,
4,66.126,0.009130201956182239,0.017940737430345795,-0.010629275744694735,
4,66.177,0.010828382117875129,0.01767224386059067,-0.011258527385278447,
4,66.228,0.01104763115030669,0.01768704180663803,-0.011560997030587584,
4,66.279,0.010300752394433598,0.017882340431823705,-0.011428752451140459,
4,66.33,0.009395912763200762,0.018177714430460002,-0.01082749324431998,
4,66.381,0.008261619926325061,0.018513543507809444,-0.01017456567430191,
4,66.432,0.006870454938255322,0.018647506543961682,-0.009741786108022761,
4,66.483,0.005024634389711051,0.018440407113959844,-0.00928413182785298,
4,66.536,0.001629665364044619,0.01963787300609674,-0.007843120786302839,
4,66.586,-0.0024861228040171097,0.02344746534761881,-0.005284692812573829,
4,66.639,-0.0051269046791223415,0.027421309328620597,-0.003018469770373201,
4,66.688,-0.005806211225934565,0.02957459446063188,-0.0017242073205888607,
4,66.738,-0.004168783229034374,0.030186446869196037,-0.0013581195309843607,
4,66.79,-0.0013778878850825341,0.02976054680739497,-0.001817560742543254,
4,66.84,0.0007235812963712236,0.028703296629142016,-0.0025687140898392963,
4,66.891,0.0024149013085995874,0.027526895305582662,-0.0032457810593441937,
4,66.942,0.004108969239229845,0.026569414258686898,-0.004021775138305661,
4,66.993,0.005869542865029907,0.025628422179841646,-0.004999711635661015,
4,67.045,0.0075313370457981066,0.02477359847766648,-0.005827769533310351,
4,67.095,0.008594613886183036,0.024243543599657653,-0.0060915144913648,
4,67.146,0.00898778034419128,0.02376352719443552,-0.005972148932030982,
4,67.197,0.009120419710620949,0.023153330764826646,-0.005817497557421793,
4,67.248,0.009677815213550519,0.022508662368200216,-0.0056526392512792675,
4,67.299,0.010262017551684847,0.021893673766815776,-0.005695312008055328,
4,67.352,0.010414814187043105,0.021347124511356726,-0.0060684907365751925,
4,67.401,0.010680320739943825,0.020888375129655502,-0.006623661239107547,
4,67.452,0.011599285878094688,0.02072362291381248,-0.00725095367720534,
4,67.503,0.013265191344995875,0.020961495004032448,-0.007874109056205782,
4,67.555,0.013870484597134736,0.021237648067981518,-0.008243717241229909,
4,67.605,0.012140258026291225,0.02131533470592811,-0.008220186982603577,
4,67.656,0.00905113731573869,0.021259493759707888,-0.007946407045615719,
4,67.708,0.006141982143202821,0.02112250058855474,-0.007534122782746982,
4,67.758,0.0039836179638077385,0.020944465448868337,-0.007266962435359286,
4,67.809,0.00187766264303889,0.020754410158712617,-0.007114339450057688,
4,67.86,-0.00022633514900870932,0.020571913526044153,-0.0068466022552822045,
4,67.911,-0.0015575550828578655,0.020408925236333263,-0.006727378296681727,
4,67.962,-0.001282042964252628,0.020271542066002967,-0.0067129812039023375,
4,68.013,-0.00039985092622488183,0.02076411821102435,-0.006365304239772235,
4,68.065,-2.7679521255118784e-06,0.022223650351631864,-0.005831807811823244,
4,68.117,0.0006537914945114187,0.02358359097018604,-0.005422827055753891,
4,68.166,0.0012231892267321695,0.024167908707615305,-0.004925725801846177,
4,68.217,0.001891777623763993,0.024207839250376697,-0.004412042195934057,
4,68.268,0.0033736067080434792,0.023895418469789185,-0.004330656766911026,
4,68.319,0.004856301185802958,0.0231812808133787,-0.004733898067468083,
4,68.37,0.005818773392850106,0.021865203259978695,-0.005415561696626435,
4,68.421,0.006370281521726019,0.020268795694289393,-0.0062210315150379395,
4,68.472,0.00701557996080923,0.019223343957905828,-0.006840364788449498,
4,68.523,0.00807085921308252,0.019016900658939632,-0.007089732260650494,
4,68.574,0.009705973365770655,0.0191643073610779,-0.007282622700442364,
4,68.625,0.011983278453872925,0.019125147303639328,-0.007624629607411101,
4,68.676,0.013485341605576727,0.018768644575349845,-0.007833964335358766,
4,68.727,0.013365367937289294,0.018438086391128452,-0.007941392973767187,
4,68.778,0.012817237326794005,0.018351556319207287,-0.008376501181727518,
4,68.829,0.012641041799520067,0.018629318968348026,-0.008986813436808183,
4,68.88,0.012315874495383568,0.019319241334795997,-0.00945963092483286,
4,68.931,0.01111795110581466,0.020017245461837013,-0.009806282866702707,
4,68.982,0.00925568393626499,0.020463526094627715,-0.01004417059080782,
4,69.033,0.006514440264076524,0.020712512208845495,-0.010193191872058126,
4,69.084,0.002827176288154441,0.02081496126351721,-0.01027324712802901,
4,69.135,-0.00016644030494955949,0.02081519846239991,-0.010302639801729218,
4,69.186,-0.001470529218409432,0.020749862875357114,-0.01029717873512484,
4,69.237,-0.0007829403558612696,0.020647720715122015,-0.010269802874957,
4,69.289,0.001126777717706973,0.02032934438029137,-0.01023057112586056,
4,69.339,0.0024618940418311376,0.01969702854263875,-0.010186887206400036,
4,69.39,0.002317065855135688,0.01891416324247269,-0.010143857161124021,
4,69.441,0.0014355411854979697,0.018097633093012985,-0.01010470323158003,
4,69.492,0.001156519300431011,0.01752594029026563,-0.01007118062554369,
4,69.543,0.0014871619526474463,0.017358034014240308,-0.010043962664507054,
4,69.594,0.0027847531914537435,0.017462585340662848,-0.010223808365925641,
4,69.645,0.005200759363610914,0.01773347879943573,-0.010722840693510866,
4,69.696,0.007738309221531697,0.01808929423118932,-0.011386494860062452,
4,69.747,0.009949127487879905,0.018270156959729677,-0.01210241585929271,
4,69.798,0.01096945863711617,0.018123450518157922,-0.012593512203838175,
4,69.85,0.010541801341961985,0.01797927617754348,-0.012700131785007155,
4,69.9,0.009822330589013875,0.018049141483364794,-0.012752435138179665,
4,69.951,0.00937516971394482,0.018250668923724716,-0.01296653464117928,
4,70.002,0.009138577179161866,0.018520448679551042,-0.01326720299937887,
4,70.053,0.008855205615108754,0.018812329821045404,-0.01339840504016148,
4,70.105,0.008564596467529911,0.01889410424192533,-0.013008712372144302,
4,70.155,0.00829269112361354,0.01863372351638751,-0.012316248442710261,
4,70.206,0.007452123623700222,0.018375652002269875,-0.011686063379668413,
4,70.258,0.005912702161647526,0.018340626938329323,-0.011146445911352382,
4,70.309,0.004249570347660418,0.018451466742920235,-0.010708263448736028,
4,70.359,0.003444036468562072,0.018646953060033705,-0.010370337197360243,
4,70.41,0.003654902980797006,0.018680189799825046,-0.01012385720702391,
4,70.461,0.004299866154651878,0.018405863845627975,-0.009955827007855597,
4,70.512,0.004970592109676313,0.01815715329392198,-0.009851609150576085,
4,70.563,0.005603959325835847,0.01814568465536207,-0.009595855962576153,
4,70.614,0.006162485876010411,0.018287292798133004,-0.009263460896223877,
4,70.666,0.006025643911482029,0.01851570109765883,-0.009310281201112101,
4,70.716,0.005453819269324705,0.018781429981713938,-0.009395716974762785,
4,70.768,0.004849788126792053,0.01904974755878031,-0.00909738817591491,
4,70.818,0.004675292519983064,0.019298170518140905,-0.008777730819187571,
4,70.869,0.005191965337188623,0.01931304370176519,-0.008670907196903577,
4,70.92,0.005909580314290503,0.019176934563172675,-0.008709166328984249,
4,70.971,0.006698421359024535,0.019155760453996955,-0.008837401020179344,
4,71.022,0.007067905708206226,0.01900916743657257,-0.009013040137874925,
4,71.073,0.006937919383039089,0.018793913134073782,-0.009204972458985106,
4,71.125,0.006698872679852518,0.01875274858981504,-0.00939193586329135,
4,71.175,0.006208249729147991,0.018625710014484036,-0.009560693027579665,
4,71.226,0.005194024094167612,0.01825296779020004,-0.009503383088900193,
4,71.277,0.004327128640347693,0.01795342048180185,-0.009104854916181853,
4,71.328,0.004226865304963744,0.017925714173320475,-0.008519501052170756,
4,71.379,0.0040238361918055075,0.0178737455962874,-0.007861349746241815,
4,71.432,0.0031687071536846507,0.017408723880439337,-0.007209381262066345,
4,71.481,0.0023657156133146343,0.01671614670317147,-0.006814586681390276,
4,71.532,0.002062336939202697,0.01633493091454284,-0.006817279850459873,
4,71.583,0.0021037572045650298,0.01638486527121934,-0.006873852391949978,
4,71.634,0.0027646546780398734,0.016506473381321527,-0.007161269539327095,
4,71.686,0.004372263596414582,0.016463446707256506,-0.007975317326465572,
4,71.736,0.006257068910062383,0.016519121398487224,-0.00886089155157777,
4,71.787,0.007364906999068718,0.01683445947709421,-0.009520364468465397,
4,71.839,0.007684605838578934,0.017090167213294174,-0.009981849220888161,
4,71.889,0.0076739814992060435,0.017086255394259578,-0.010078447635931218,
4,71.94,0.007653191026608537,0.016916150424132245,-0.009732431896508563,
4,71.991,0.008029217970761263,0.01665312234213438,-0.00913034153069646,
4,72.042,0.008227869517864906,0.016552461491557032,-0.008412385313069143,
4,72.093,0.008095969059053921,0.01676485520486409,-0.007878627917524734,
4,72.144,0.008365165550297468,0.016960130966220694,-0.0077067189550629805,
4,72.195,0.008869980701199699,0.01692790726911875,-0.007981525739492155,
4,72.246,0.009485356692997398,0.016953198741224185,-0.008721591830461605,
4,72.297,0.009519704799215156,0.017013345904042607,-0.009298933310605564,
4,72.348,0.008977816819425338,0.016890182332233623,-0.009323863960028099,
4,72.399,0.008511557988446397,0.016860179950618333,-0.009193335963785477,
4,72.45,0.00772959290329544,0.017093170492454266,-0.009174423747542895,
4,72.501,0.007008800744753124,0.017275281357703003,-0.00922861576728455,
4,72.552,0.006786812977726257,0.01720929721215454,-0.009325339868640677,
4,72.603,0.0069025672202916236,0.01719033134035496,-0.009441571804011418,
4,72.655,0.007024800225457314,0.017403877960529533,-0.009560977804938456,
4,72.705,0.0069405353388323,0.01754855823005534,-0.009471993544581097,
4,72.756,0.006931435657433056,0.01763744829270089,-0.009055672627711531,
4,72.807,0.006971274304926005,0.017884250029504806,-0.00866369199902943,
4,72.858,0.006637631937154967,0.01801166856775686,-0.008519644868294885,
4,72.909,0.0060912595923676895,0.018052284535665954,-0.008546182072545068,
4,72.96,0.00545234453176825,0.0182348003758953,-0.008880825632552311,
4,73.011,0.0048054033169526505,0.018493661788125074,-0.009587024257554427,
4,73.062,0.0040044518878065045,0.01857985866124998,-0.010273955258734526,
4,73.114,0.003369902627867878,0.01834755871775603,-0.010692511738443192,
4,73.164,0.00309388484975211,0.01813048546544219,-0.010905321714865657,
4,73.217,0.0026683179414217456,0.018141449776500077,-0.010969080092746738,
4,73.266,0.002783525698507536,0.018297785528492778,-0.01113295572305241,
4,73.317,0.0034371387366371057,0.018534796485486563,-0.011548710666066822,
4,73.368,0.00398188452024903,0.018804508698522786,-0.01189177610402701,
4,73.42,0.004413046807884595,0.019073526996532083,-0.011959828726065914,
4,73.47,0.0049375590419595316,0.01932048907978205,-0.01184603455288412,
4,73.522,0.005881472835285863,0.01953346605657876,-0.01162475413781304,
4,73.572,0.007219376256254032,0.019707537455153547,-0.011553147133700642,
4,73.623,0.008702487116917372,0.019842672943169288,-0.011784119496117221,
4,73.674,0.009958749906376681,0.01994198092343624,-0.01178892947979885,
4,73.725,0.01036610243015585,0.020010333122619153,-0.011447469815743407,
4,73.777,0.010196281010773963,0.020053340815178813,-0.011112193873205885,
4,73.827,0.010071597849087524,0.020076638812587342,-0.010807817747250268,
4,73.879,0.009785046752820591,0.020085424357900568,-0.010748544509853604,
4,73.929,0.009417701049424874,0.02008419654646866,-0.010851230011395823,
4,73.98,0.009228881408321421,0.02007664528763047,-0.01084870526175378,
4,74.031,0.009169728267364409,0.020065645094839296,-0.010778906577575364,
4,74.083,0.0091984889123273,0.020053316606525134,-0.010671568821971884,
4,74.133,0.009281322756919777,0.019840292948342855,-0.010347944483069083,
4,74.184,0.008990514890449997,0.019113998751005116,-0.009710768619278578,end
5,75.663,0.005427087610818244,0.017967684772806466,-0.010963185436169318,start
5,75.714,0.005390571987154681,0.018406794352932906,-0.010799567245852496,
5,75.765,0.005335776635766253,0.018816405683238866,-0.010630398462672106,
5,75.816,0.005273659453178822,0.01917419276930935,-0.010471259712280197,
5,75.867,0.0052118364912334,0.019470000021255904,-0.010331337905642156,
5,75.918,0.004954335025087197,0.01970229319054898,-0.01021498131860989,
5,75.969,0.00398951986669242,0.019875190590696,-0.010123085648909142,
5,76.021,0.002046073959070248,0.019996104976178073,-0.010054260323474735,
5,76.071,0.00023360642063518383,0.020073966504029473,-0.010005760175502166,
5,76.122,5.657944281595883e-05,0.02011796112931276,-0.009974191796162645,
5,76.173,0.00013933135142206,0.019935867268332932,-0.009755184974246031,
5,76.224,-0.0008229568327874393,0.01942256578361726,-0.009232724139511804,
5,76.275,-0.0007715099011927419,0.018938912721093118,-0.008758447350317175,
5,76.326,0.00113096662982112,0.018713961900428292,-0.008554007425025378,
5,76.377,0.002661935725319016,0.01847216758309829,-0.008539051154444513,
5,76.428,0.002626647973746676,0.01803816118229885,-0.008646822006247484,
5,76.479,0.001991341082855941,0.017716578158593,-0.009025480136739119,
5,76.531,0.0016247483631665997,0.017492931918397066,-0.00974828697706597,
5,76.581,0.0016607792085280458,0.016948396550449066,-0.010432914890097664,
5,76.632,0.0019521388140371077,0.016040969202657785,-0.010837224503133593,
5,76.683,0.0025846816423469544,0.015174530961681993,-0.011230105607924772,
5,76.734,0.002983561188651429,0.014604818786777348,-0.011784929177614416,
5,76.785,0.00299970339903399,0.014070345626587063,-0.012198210242306539,
5,76.836,0.003572414293270917,0.013601409142124907,-0.012085845193621846,
5,76.887,0.004857740831210474,0.01361384330809979,-0.01144454921940434,
5,76.938,0.006496849777359305,0.013934006401505194,-0.010716373764152534,
5,76.989,0.007628681351564222,0.01422497845040074,-0.010191808531206683,
5,77.041,0.007741744887077279,0.014674687641536748,-0.009839969168843105,
5,77.091,0.007794838155714996,0.01559174375794708,-0.009627172283376706,
5,77.142,0.007805204235362291,0.016734863250773516,-0.009319811559248523,
5,77.193,0.007385667112281381,0.01732863712420453,-0.008775659867238855,
5,77.244,0.007125781089841452,0.01712072011737651,-0.00852502282447654,
5,77.295,0.006587497779040738,0.01661617378011033,-0.008683600050508465,
5,77.346,0.005713072445548364,0.01636358303096047,-0.008690221108340222,
5,77.397,0.004894141178963566,0.016292875875184475,-0.008398019295837927,
5,77.448,0.004377422357180262,0.01614366653675395,-0.007937640559116145,
5,77.499,0.0051002060418682245,0.01615692986113636,-0.007607218766892811,
5,77.55,0.006359049194011883,0.01647416344457959,-0.007587522643121344,
5,77.601,0.0068563994030379875,0.016960864349093087,-0.007768693162541046,
5,77.652,0.0066245774218883224,0.017517155011882394,-0.00806413575743201,
5,77.703,0.005943722797433623,0.018073388418211923,-0.00840913299713776,
5,77.754,0.0054312431171174395,0.018584900947669538,-0.008959031017420864,
5,77.805,0.005469587544535154,0.019026640101482983,-0.009797000912261036,
5,77.856,0.005456456208750241,0.019388143557871326,-0.010350741812715766,
5,77.907,0.005009698387446073,0.01966914690203947,-0.010276040775449864,
5,77.958,0.004521556810929436,0.019675113748236484,-0.010205955839088933,
5,78.009,0.004046087802269779,0.01910253886473977,-0.01054612892301738,
5,78.06,0.0034161087805156826,0.0182049122758661,-0.0109212606820182,
5,78.111,0.0029384765758269735,0.017572590038782938,-0.010887010296757878,
5,78.162,0.0031994230521956756,0.017362051445982973,-0.010392119840011852,
5,78.213,0.004113929023368766,0.01743893773626987,-0.009842387084397915,
5,78.264,0.004771629983901543,0.01769398787550171,-0.009502476727271007,
5,78.315,0.005211793260590017,0.018042814612547062,-0.009324442463977647,
5,78.366,0.005677912224826876,0.018423762655319302,-0.009264529791209885,
5,78.417,0.0059223993033314,0.01859387521606592,-0.009285187574640015,
5,78.468,0.006406769248829788,0.018414268729518037,-0.00935585983280917,
5,78.52,0.006805243669651191,0.01822563146065009,-0.009452931604093101,
5,78.57,0.006915784378121263,0.018247189826212255,-0.009559136632242523,
5,78.621,0.007435279206410796,0.01840182562706295,-0.009662667471109774,
5,78.672,0.007371989947692044,0.01842855476080339,-0.009756166223831285,
5,78.723,0.00653834815240738,0.018170269857366243,-0.009835719804150484,
5,78.775,0.006281777182857413,0.01795077333900115,-0.010100772467801125,
5,78.825,0.006014255397974861,0.017974620381976492,-0.0104635026557032,
5,78.876,0.004957866619476068,0.01815262047676713,-0.010458071790874112,
5,78.927,0.0034804001493647396,0.018415187504539195,-0.01001612289315566,
5,78.978,0.0020523985066505383,0.01871089874643229,-0.009329715768748071,
5,79.029,0.0013733384900612676,0.019004111573140078,-0.008742500101126118,
5,79.08,0.001028330923873248,0.019071333580236393,-0.008266074094547339,
5,79.131,0.0005236167515544346,0.018787382195375988,-0.007698142502455038,
5,79.182,0.00035868724995237635,0.018301016013317708,-0.0073179812291127135,
5,79.233,0.0010274294943412175,0.01772390226908035,-0.0072896200654479154,
5,79.284,0.0027796269823336245,0.017335782637097178,-0.007489164793684446,
5,79.335,0.0044834390995331964,0.01730088731914122,-0.007818847197329932,
5,79.386,0.00581851240270338,0.017495336219973904,-0.008004675414686076,
5,79.438,0.007211510750828173,0.017821254634835363,-0.007882480648682182,
5,79.488,0.008128087724119507,0.018205309070047776,-0.007773384852808117,
5,79.539,0.008665479314208507,0.018595796708853106,-0.007882287800216131,
5,79.59,0.008916509248552184,0.018959041068683655,-0.008122256026107463,
5,79.641,0.008963714590786953,0.019275632232571543,-0.008427005691522528,
5,79.692,0.00867557089315787,0.019536869433171265,-0.008748821437069317,
5,79.743,0.007994664498241896,0.01974161919548408,-0.009055729966308658,
5,79.794,0.007919893334074215,0.0198936923950678,-0.009529256360333221,
5,79.846,0.008641541870196617,0.019999764833486592,-0.010272437019145774,
5,79.896,0.00901266825803166,0.020067813446752233,-0.010928024924377035,
5,79.947,0.008928339203627586,0.020106008840567662,-0.0114747694361353,
5,79.999,0.008759511201378002,0.020121989457945272,-0.011907785190482786,
5,80.049,0.007746717584341625,0.019921605160321817,-0.011831407865300774,
5,80.1,0.0064748401956443175,0.01939771880044863,-0.011434466160056427,
5,80.152,0.005942307968275218,0.018909273156146638,-0.01106465135375116,
5,80.203,0.006127569710509402,0.01868362965465926,-0.01074194292958755,
5,80.253,0.0069591406576218024,0.018644661435381103,-0.010475370541075333,
5,80.304,0.007937586378407751,0.018728548147437754,-0.010266215768279855,
5,80.355,0.008529961217525731,0.018884489148647085,-0.009909854343039995,
5,80.406,0.00862630772546442,0.018873281342851076,-0.009286875796304817,
5,80.458,0.008597619507364183,0.01855493909879949,-0.008743781627839224,
5,80.508,0.009093545666220585,0.01826602290067163,-0.008496383718770057,
5,80.559,0.010287761908544791,0.018220022436495717,-0.008458505391053285,
5,80.61,0.011231391077555818,0.018333511728460938,-0.008558045666300038,
5,80.661,0.011536833532162663,0.018540173033079057,-0.008536889503328484,
5,80.712,0.01100676939473546,0.018789988533201542,-0.008239190386245014,
5,80.763,0.009581766395543478,0.019047412498934126,-0.007988878876631116,
5,80.814,0.007697268405542651,0.019289036407352817,-0.007989901527804832,
5,80.865,0.005267793533325433,0.019501116439584538,-0.008152035576456622,
5,80.916,0.0030856323387283557,0.01967721133811885,-0.008404473878201663,
5,80.967,0.0022415549938307054,0.01981608080292409,-0.008895383364417895,
5,81.018,0.0025243010951580733,0.019919919813642776,-0.009499800252894656,
5,81.069,0.003105355862297704,0.019992950241505828,-0.009927626731452165,
5,81.12,0.003429385898582533,0.02004035475024871,-0.010408661552376177,
5,81.171,0.00336170861808272,0.020067515868035832,-0.010885178432883514,
5,81.222,0.0030482459977533537,0.020079511909267374,-0.011119683818878666,
5,81.273,0.0022006627979872387,0.020080818121799727,-0.011180136131065952,
5,81.324,0.0010786098360791151,0.02007516346367912,-0.011124102893123478,
5,81.375,0.000473164636262885,0.020065498698723722,-0.010997862812449183,
5,81.426,0.000649351439629016,0.019853204793970704,-0.010836736767962816,
5,81.478,0.0009110181232285765,0.019126341371853813,-0.010465346714300187,
5,81.528,0.0008048195575537795,0.018127849453624573,-0.009788104908170574,
5,81.579,0.0008728886582105367,0.017437027805744475,-0.009169943444892243,
5,81.63,0.0010472563681742711,0.017199860709385683,-0.008639332300949456,
5,81.681,0.0008741239815790064,0.01707186445573369,-0.008006663863632827,
5,81.732,0.0002911965419823519,0.016622500160890286,-0.007560198925913278,
5,81.783,9.477596124852973e-05,0.01580229131252349,-0.007469855618917428,
5,81.834,0.00096535591679348,0.015010964611579311,-0.007816002713806612,
5,81.887,0.0028519889166729543,0.014904232500896503,-0.00861512006035164,
5,81.936,0.0048370420271118845,0.015445973999250956,-0.00943972105565089,
5,81.988,0.005520748903855965,0.015958427762655946,-0.010013589319699036,
5,82.038,0.004913243520212544,0.016410930607144002,-0.010380548936387601,
5,82.089,0.003526420178218568,0.016989466373040035,-0.010585328237337651,
5,82.14,0.0021528556968857912,0.017602357765813117,-0.010669642313102289,
5,82.193,0.001701472619217905,0.018188047505155847,-0.010669922589788652,
5,82.242,0.0018777931685917898,0.018709240937663598,-0.01061628514459074,
5,82.293,0.002643361620057105,0.019147200291644826,-0.010331542711571036,
5,82.344,0.004327845322451469,0.01949659455011118,-0.00972062142901285,
5,82.395,0.00646635632644516,0.019761119397875594,-0.008949582261415602,
5,82.446,0.008121763478688196,0.0199499629216784,-0.008338625143488862,
5,82.497,0.009334346644584986,0.020075097657864333,-0.008281084506191453,
5,82.549,0.010165512961758978,0.01994848650287587,-0.008583100818546635,
5,82.599,0.010082785561467338,0.019469755190181497,-0.008890623861909143,
5,82.65,0.009822244109631133,0.01900448287224298,-0.009176974264875798,
5,82.701,0.009870258850520225,0.018786053093126216,-0.009426742043070879,
5,82.752,0.00971064207853166,0.018743483376357267,-0.009632982788219916,
5,82.803,0.00902901577305367,0.018616287898151215,-0.009593905715019425,
5,82.854,0.008067355251475913,0.018244201955193787,-0.008998965567008374,
5,82.906,0.007003347873907892,0.017744946088067298,-0.008296149038585603,
5,82.956,0.005758341923699913,0.017204236546838638,-0.008183106479651566,
5,83.007,0.004497267899053652,0.016881211353130733,-0.008457397463296988,
5,83.059,0.003528028688356897,0.016924581738365176,-0.008757237010192846,
5,83.109,0.0034263214929220994,0.017199456398486492,-0.009049375018500864,
5,83.16,0.003889177780935446,0.01739989139259707,-0.009313105175525962,
5,83.211,0.004676934879245932,0.017335649099742726,-0.009537429556822479,
5,83.262,0.0060114516681161745,0.01710681642761283,-0.009919293884671058,
5,83.313,0.0075894272713849615,0.016589972727772653,-0.010572353871619962,
5,83.364,0.008995947660512397,0.015929932556186747,-0.011146049386192264,
5,83.415,0.00877367874225405,0.01563274373069862,-0.01142192377172978,
5,83.466,0.006721304305719446,0.015792978037054182,-0.011484628173556586,
5,83.517,0.004865065158417672,0.016032875540316818,-0.011204744761123219,
5,83.568,0.004087070420580632,0.016103759704776423,-0.010727626130643347,
5,83.62,0.004063108404063823,0.01626138618973435,-0.010564006292488146,
5,83.671,0.004524671384860926,0.016662815969720617,-0.010614593535062474,
5,83.721,0.005461381272795792,0.017188361123877515,-0.010597665314341368,
5,83.772,0.006225910900714502,0.017751289002349607,-0.010538795849973442,
5,83.823,0.0068185951420400535,0.018292970403079468,-0.010457756492378461,
5,83.875,0.007855954670161569,0.01857667654462816,-0.010369008611838412,
5,83.925,0.0084926717279804,0.018471305104663962,-0.010282446282763131,
5,83.976,0.008620452779884732,0.01832569666761018,-0.010204239512076918,
5,84.027,0.008612395502954742,0.01836681305611063,-0.0099368405566339,
5,84.078,0.008517865373851841,0.018524382676830074,-0.009368750330761124,
5,84.129,0.008174636024923927,0.018743981643966054,-0.008854281606478486,
5,84.18,0.007096974883868731,0.01898572208249293,-0.008616365824200238,
5,84.231,0.0058356906895770675,0.019222243141356857,-0.008574930295146806,
5,84.282,0.005160463860812992,0.019436416187491052,-0.008662836338206357,
5,84.333,0.004915349133783325,0.01961905103897045,-0.00882663400068308,
5,84.384,0.004564111068126403,0.01956595347521022,-0.00902594643666235,
5,84.435,0.004775527772834042,0.019165100419858177,-0.009232024869198186,
5,84.487,0.0057324874553265435,0.01877424941454054,-0.009425887690049999,
5,84.537,0.0062873917662061,0.018622045309522047,-0.009596342337958046,
5,84.588,0.006740693517245297,0.018635124843788917,-0.009738090906121268,
5,84.639,0.007293250666794337,0.01875315857005484,-0.009649207976995927,
5,84.69,0.0072625756229937975,0.018929022770890924,-0.009218715800150105,
5,84.741,0.006860307947417196,0.018927015199756873,-0.008804548589546686,
5,84.792,0.0058503670097690185,0.018610256913590566,-0.008434122907132606,
5,84.843,0.004330992287408868,0.018117079062059886,-0.00792067484303481,
5,84.895,0.0028077817112400435,0.017550372935261172,-0.007356746215145557,
5,84.945,0.001203642128019035,0.017182868456918608,-0.006805744139170737,
5,84.996,-0.00032353531168496724,0.01717347882497926,-0.006508130087263899,
5,85.047,-0.0014778358554180518,0.017394521002224873,-0.006597768857166503,
5,85.098,-0.001697761302324684,0.01774559389130571,-0.0069285718272150045,
5,85.149,-0.0010999228155284808,0.018151859276732414,-0.007387471280042655,
5,85.2,-0.00022647026324080518,0.018360052093931222,-0.007891660627247062,
5,85.251,0.0007535803262177772,0.01822365225938536,-0.008585227097616627,
5,85.302,0.0019241005293738807,0.01807803852424216,-0.009545367936973153,
5,85.353,0.0033235804273091165,0.01813904675091767,-0.010398511564364372,
5,85.404,0.004757478912084145,0.018327671288527084,-0.010913662728260958,
5,85.455,0.006299095436301933,0.01858298988126243,-0.01117065802926194,
5,85.507,0.008187621009214328,0.01886057218229911,-0.0112414393482231,
5,85.557,0.010347759091882562,0.01913013419959422,-0.011387939590622054,
5,85.609,0.01190606393737844,0.019172063889791643,-0.011772067064976636,
5,85.659,0.012149863464500914,0.018863799224066318,-0.012076905184425328,
5,85.711,0.011531017723789427,0.018556534493082134,-0.012105568596948247,
5,85.761,0.010609460790350921,0.018475428367093632,-0.011954804305243658,
5,85.812,0.010571959705210179,0.01854588494617496,-0.011500241541357842,
5,85.863,0.011104461790111736,0.01870788647832861,-0.010686520105072933,
5,85.914,0.010955590270467915,0.018915586362967782,-0.009908654417769643,
5,85.965,0.010381678106161519,0.018935076049774718,-0.009417107169697908,
5,86.016,0.00938043616621174,0.018631457507062216,-0.009148678385301997,
5,86.067,0.008185558848988209,0.018145003733129838,-0.008844077128731424,
5,86.118,0.006761648160950425,0.017580366818331382,-0.008339912619402276,
5,86.169,0.004903566932504789,0.01721177991981419,-0.00794909284720019,
5,86.221,0.002916295858424784,0.01719937351811771,-0.008064030113188927,
5,86.271,0.0018091476665379317,0.017416400675085725,-0.008694935780627687,
5,86.322,0.0021587433088794392,0.017562307199220122,-0.009405242083660585,
5,86.373,0.003414539621519978,0.017249211908565248,-0.010109410741869041,
5,86.424,0.00414647838395124,0.01666688712673868,-0.010953908361444761,
5,86.475,0.003881140158960284,0.016360339073825007,-0.0116197311029371,
5,86.526,0.00420251427635196,0.016456120572240867,-0.01191663893484288,
5,86.577,0.005476861128324617,0.016802242287820037,-0.011953090987964791,
5,86.629,0.00786252678153897,0.017281114930939808,-0.01161873735149192,
5,86.679,0.01097012333113414,0.017806658088214414,-0.01087259304527086,
5,86.73,0.01308608544751534,0.0183199147501349,-0.010123120170753128,
5,86.781,0.013793577765224364,0.018784059764684214,-0.009632553920358507,
5,86.832,0.013741744159487788,0.01917942057264749,-0.00934744671691909,
5,86.884,0.013809580644798808,0.01949890582137839,-0.009217014638018892,
5,86.934,0.013547050876046098,0.019744062807324082,-0.008995428092986466,
5,86.985,0.012089561849186133,0.019921854938133865,-0.008331512993967078,
5,87.037,0.010786103626520424,0.020042159858061234,-0.007437244395070201,
5,87.087,0.010489479231535283,0.020316764411768343,-0.006868745228751142,
5,87.138,0.010460750813856235,0.020869102994013133,-0.006755681951030658,
5,87.189,0.0106061457465192,0.02135436179633961,-0.0069437959455028765,
5,87.241,0.010851534879400332,0.02155678270331931,-0.007309958598248949,
5,87.292,0.011141342487743677,0.021561543918806537,-0.007760897918183799,
5,87.343,0.011436356705076287,0.02143915330221845,-0.008430817022815566,
5,87.393,0.010907676053030457,0.02124504572454029,-0.009187362228059139,
5,87.444,0.009692354521183576,0.021020535697327373,-0.009537022009190765,
5,87.495,0.008335119447033756,0.020794562680142015,-0.009396802161282605,
5,87.546,0.006795065641217518,0.020585804566934797,-0.0089536616056863,
5,87.597,0.005663145926228563,0.02040485752087961,-0.008552675059044302,
5,87.648,0.005084748323469369,0.020055449592570045,-0.008411770344132721,
5,87.699,0.0045061503494440835,0.019425234511303093,-0.008248155219977321,
5,87.75,0.0037730709898652418,0.018866384345676123,-0.007882284853682356,
5,87.801,0.003200639214766475,0.018599032202787937,-0.007616923065664741,
5,87.852,0.0031788917527429766,0.01874094374404612,-0.00763817369573752,
5,87.904,0.0035120735708141213,0.019334770588801318,-0.007841536504290083,
5,87.954,0.004046124179568944,0.01996989618646372,-0.008145360400104365,
5,88.005,0.005268601128681193,0.02037965330895274,-0.008489207943281764,
5,88.056,0.007236062875453869,0.020611952804925674,-0.00883110225062222,
5,88.107,0.0093224350984173,0.02051094450075833,-0.009144278293719898,
5,88.158,0.010714964267023333,0.02000344941747278,-0.009614710973679306,
5,88.209,0.010948128469212582,0.019476855905960478,-0.010148208953619836,
5,88.262,0.010218167623742043,0.019181150323754347,-0.010478462565223556,
5,88.311,0.009531646296568056,0.01905728012335495,-0.010852668328192079,
5,88.362,0.00953063657331743,0.019053567731438546,-0.011225001626503634,
5,88.413,0.00976852823052189,0.01912721696409823,-0.011365389538118493,
5,88.464,0.009738861683775817,0.019043732040172196,-0.011345741072231042,
5,88.515,0.009339145832177353,0.018464508204939535,-0.011425865114422212,
5,88.566,0.008734208848032525,0.017613872512571318,-0.011563541766406234,
5,88.617,0.0076445823459865125,0.017059168229753563,-0.011325402519790095,
5,88.668,0.006532466601272482,0.016939654982820105,-0.010865363718760167,
5,88.72,0.006097768421313133,0.017108853089011625,-0.010500799462514003,
5,88.77,0.005730786536965066,0.017449624395906863,-0.010226754661329598,
5,88.821,0.005838382839598303,0.017873059100042207,-0.01003277961956582,
5,88.873,0.006442540664506117,0.01831549412531566,-0.009905740127854655,
5,88.923,0.006513300273072076,0.018734572698370713,-0.009831835376332974,
5,88.974,0.00663794706213021,0.018904171886498646,-0.009797945696723076,
5,89.025,0.00718880848043857,0.01869930894176954,-0.009792442220327121,
5,89.077,0.007767937046160659,0.018471575137468586,-0.00980558639233538,
5,89.127,0.008117837731934635,0.018448301372819064,-0.009829634345482912,
5,89.178,0.008091780375161834,0.018558028031165345,-0.00985874360009823,
5,89.23,0.007826695027243365,0.018744239992995456,-0.009888760480987519,
5,89.28,0.007630437588998779,0.018964546870246273,-0.009716114453773503,
5,89.331,0.007494089075992668,0.019189022559733548,-0.009226525856209094,
5,89.382,0.00700544928117076,0.019398139014031545,-0.008773829656440477,
5,89.433,0.0065309547130686495,0.019580605750428876,-0.008581994761460864,
5,89.484,0.006304483654999276,0.01973132246458031,-0.008572874426822771,
5,89.535,0.005853608749475292,0.019648735002021103,-0.008681671024543642,
5,89.586,0.005696699744729954,0.01922231842805755,-0.00885735382081928,
5,89.637,0.006343432233122283,0.018609642044416046,-0.00906182097612906,
5,89.688,0.00745362716923879,0.01792672606050021,-0.00926832346987354,
5,89.739,0.008972712311678977,0.01745445646197649,-0.009258708615124305,
5,89.79,0.010431172792244267,0.01735605795432044,-0.009111258961088808,
5,89.841,0.011131087405776945,0.01750534693862855,-0.009288921199034681,
5,89.892,0.011087447240969694,0.017600664120237103,-0.009660822226257118,
5,89.943,0.009967931874050168,0.017452875588319264,-0.009926588846956753,
5,89.994,0.0076458358700459954,0.017361876853213623,-0.010102936049999055,
5,90.045,0.0053415059034301144,0.017314610585091487,-0.010207767390614917,
5,90.096,0.0038361859835451943,0.017098355609256377,-0.01025831045832337,
5,90.147,0.003165073602665285,0.016991925632396408,-0.010269975359082065,
5,90.199,0.003082894291104971,0.0171653156317175,-0.010255768605805847,
5,90.251,0.00298336254670504,0.017504239584175376,-0.01002527664945824,
5,90.3,0.002679863866804378,0.01792210205753556,-0.009473752406695351,
5,90.351,0.002470765434496349,0.018357023533456193,-0.008961473120855722,
5,90.402,0.0023390083471946524,0.01876794707893614,-0.00851551681717379,
5,90.453,0.0024682724091101426,0.01913046860368649,-0.007947088418355182,end
6,91.626,0.007948752863161553,0.018797089337851076,-0.009505344433333722,start
6,91.677,0.007073240406158247,0.01913707377175069,-0.009336917839175025,
6,91.728,0.006746845876637368,0.019223611507293226,-0.009282164869701369,
6,91.779,0.006397182065816205,0.018939815281474738,-0.009505548805504816,
6,91.83,0.006060684170192798,0.01864213678897994,-0.00968853741268054,
6,91.881,0.006161329606813201,0.018560302082984186,-0.009429250994058324,
6,91.932,0.006333418739893599,0.01862347318670517,-0.009107973838762365,
6,91.983,0.005935002914779668,0.018774569236038773,-0.008973581791026447,
6,92.034,0.005604366291191883,0.018769084360056244,-0.008969844972958626,
6,92.085,0.004741260180546586,0.018462783030227355,-0.009050204278926917,
6,92.136,0.003003489280645074,0.01818899250701222,-0.009178043222117457,
6,92.187,0.001446852892793912,0.018158881035927412,-0.009125229903107036,
6,92.238,0.0003322710489947336,0.01828747245844468,-0.008759963999007721,
6,92.292,-0.00020842655894825216,0.018507518031680482,-0.00842448287925437,
6,92.34,-0.0005384601743199379,0.01876854084238904,-0.00853672194790783,
6,92.392,-0.0015102059936271711,0.018834041945621757,-0.008927090495030002,
6,92.442,-0.002815451215820212,0.01836721565935265,-0.009263644498358623,
6,92.493,-0.003426397302633923,0.017395648499282775,-0.009739481568573705,
6,92.544,-0.003944641467978273,0.01637924801290583,-0.010266422408641262,
6,92.596,-0.005165133387879286,0.015817411885140038,-0.010382140436732863,
6,92.646,-0.006135465676754194,0.015793079204922175,-0.010023990396395082,
6,92.697,-0.00606407292663722,0.016115429915948307,-0.009591529429923626,
6,92.748,-0.005330303447326662,0.016634231004490106,-0.009547817434693674,
6,92.799,-0.00443149753238779,0.017237348757138383,-0.009957775381648843,
6,92.85,-0.003298215781025021,0.017846092594776427,-0.010224094591252085,
6,92.902,-0.0015030920712075877,0.01840954223057092,-0.009975229220272863,
6,92.952,0.0005722964938267884,0.018898678500297233,-0.009415941643040132,
6,93.003,0.00225904289457633,0.01930085976833497,-0.008702493813855837,
6,93.054,0.003561030867186291,0.01961496369858162,-0.008148322459875184,
6,93.105,0.004109992917187569,0.019646512380900632,-0.007941655477433715,
6,93.156,0.004332734267044446,0.01929347574985258,-0.0077736295767522135,
6,93.207,0.004529193540937843,0.01872214539143779,-0.007443050639998134,
6,93.259,0.004492180855682281,0.01805670896101193,-0.007235608269723733,
6,93.309,0.0047100712387714485,0.017585207924571276,-0.007324637945217224,
6,93.36,0.004270605585364628,0.01747679861770391,-0.007395824705536915,
6,93.411,0.0032440137687387064,0.017609967645015875,-0.007249015550201019,
6,93.462,0.0033291729487472696,0.01788737537948579,-0.007175021722450391,
6,93.514,0.004321347864253458,0.018235005706872098,-0.0073545059530517,
6,93.564,0.00521303290371012,0.0185997470544473,-0.007682140136576158,
6,93.615,0.005767802804498906,0.018946161645859442,-0.00807847053195482,
6,93.666,0.006262758731664036,0.01925299366051437,-0.008487020755606511,
6,93.717,0.0066795913515545775,0.01930895679497519,-0.00887058793094416,
6,93.769,0.006812000204986908,0.018797861763638533,-0.00920731891061728,
6,93.82,0.006148855609785123,0.017763307483266995,-0.009486960658717907,
6,93.87,0.004827920632362212,0.016676974791293476,-0.0095066898948844,
6,93.922,0.003793727028661195,0.016046370112994108,-0.008755637956986256,
6,93.972,0.0030265157988506397,0.015758705954323722,-0.0073697452744599014,
6,94.023,0.0026930005151841177,0.015513262627570731,-0.00629053102837474,
6,94.074,0.0030660965423631313,0.015314615008531934,-0.006097203453021498,
6,94.125,0.0038624067249442367,0.015161937939616593,-0.006688404985606824,
6,94.177,0.00446450829173886,0.015251842886923592,-0.007534438546573233,
6,94.227,0.00489368496060391,0.015690939463390816,-0.008275110560108148,
6,94.278,0.005378312388125704,0.016117882824401925,-0.00888870803590174,
6,94.329,0.004855403167630445,0.016301900207968203,-0.00917067999616231,
6,94.38,0.003326648565124274,0.016516167544370883,-0.009217311638149563,
6,94.431,0.001878104596904053,0.016933456553211695,-0.009310094979435822,
6,94.483,-0.00020596422801835213,0.017447431553087814,-0.00902335686572196,
6,94.533,-0.003534375711183506,0.017982126870769537,-0.008516246748553558,
6,94.584,-0.006188463519972512,0.018487157270023025,-0.00851103958640871,
6,94.635,-0.006389357839459033,0.018932591187699226,-0.008828146965787481,
6,94.686,-0.004599086893912295,0.019103185905797338,-0.009125663282775942,
6,94.737,-0.002278098673469625,0.018682140304895758,-0.009386714325946606,
6,94.788,-4.020787746354128e-06,0.01771463567067318,-0.009603407175544873,
6,94.839,0.00225812018829407,0.01667521534760349,-0.009975076798257612,
6,94.89,0.0043308797922313414,0.01607483933145778,-0.010416283505162306,
6,94.942,0.006115667406480396,0.01600510899650824,-0.010264143298702615,
6,94.992,0.0069698846068533184,0.016281310764588303,-0.009542847430646232,
6,95.044,0.006756989504506391,0.016757188374698553,-0.008916134209307395,
6,95.094,0.005876802886198993,0.017322899497177132,-0.008802095068110926,
6,95.145,0.004237688954994138,0.017900779947876342,-0.009026021395781118,
6,95.196,0.0030468461440841684,0.018440042078571767,-0.00924787996388497,
6,95.247,0.003444169165498854,0.018911215496312802,-0.009651423359945602,
6,95.298,0.004024811829652386,0.019300869121305648,-0.009737405250397376,
6,95.349,0.0034713798592344754,0.019406104021418593,-0.009010310390921318,
6,95.4,0.0024359001396115115,0.01891880533971689,-0.008020991210413178,
6,95.452,0.0011744420255927605,0.018090630724221905,-0.006742135837700222,
6,95.502,-0.0001306103814483914,0.01751203224980195,-0.005380320862609178,
6,95.554,-0.0007562817101594102,0.01734081429167174,-0.004878033553407035,
6,95.604,-0.0008959685952859959,0.017444624985615782,-0.005168189768963761,
6,95.655,-0.0007127470789335635,0.01771648625611374,-0.005541604293273102,
6,95.706,-0.00013631292576728133,0.018074287465243366,-0.0059384189803622445,
6,95.757,0.0008468354611584057,0.018458462976265914,-0.006720031211436997,
6,95.808,0.002011850933621618,0.018828691537457948,-0.007685644322523161,
6,95.859,0.0034007510702727165,0.019160233458778046,-0.008490861980952322,
6,95.91,0.0052233321352262545,0.019440329733691065,-0.009128523846750511,
6,95.961,0.0069768072277391945,0.01946409650498342,-0.009607497961805645,
6,96.012,0.008344264717733576,0.019120723032212437,-0.009946219794857039,
6,96.063,0.009354296629975084,0.018770301634785564,-0.010167779913538245,
6,96.114,0.010254787393325525,0.01864434425978682,-0.010497233150717085,
6,96.165,0.011012684231603835,0.018672465822841378,-0.01107025134183802,
6,96.216,0.011417410104024946,0.018797147047274445,-0.011552614099915625,
6,96.267,0.011563116203699758,0.01897374088460981,-0.011536417674873256,
6,96.318,0.011530994498277594,0.019169442561708272,-0.011000937010181894,
6,96.369,0.011387403104357237,0.01936167768793697,-0.010376263271110962,
6,96.42,0.011183855648095679,0.01953624662317625,-0.009945401276485221,
6,96.471,0.010958206950930778,0.019685461592682595,-0.009673453378036202,
6,96.522,0.010535677074374427,0.019605595146507154,-0.009324438140182918,
6,96.573,0.009819986782849401,0.019184389274541105,-0.008753199592463744,
6,96.624,0.009576272454234773,0.018778935418504623,-0.008286161009124805,
6,96.675,0.01005650636246237,0.018616989309794985,-0.008124303715255934,
6,96.726,0.010159132110753281,0.01862422696097402,-0.007970343811940978,
6,96.777,0.009408833036282465,0.0187393894511942,-0.007833817044286437,
6,96.828,0.007970949781624175,0.018914518301366524,-0.007920272368579406,
6,96.879,0.006609260806910666,0.019114037961850468,-0.007941958689329098,
6,96.93,0.006008329307612978,0.019313172600927252,-0.007920363172808418,
6,96.981,0.004939417414969233,0.01929522947527795,-0.008073577281637875,
6,97.032,0.003455401314813689,0.018938670969108482,-0.00832659759272404,
6,97.083,0.0026277082666551314,0.018594418202772297,-0.008623302767524372,
6,97.134,0.002689107776886198,0.018486546413858513,-0.008723356287254274,
6,97.185,0.004119130354246697,0.01833810998702331,-0.008488415664250194,
6,97.236,0.005709541809060553,0.017974748123717053,-0.008258333281876208,
6,97.287,0.007074222002896192,0.017703567273335993,-0.008250683709625105,
6,97.338,0.008787000587397955,0.01771412540962519,-0.008386306278884493,
6,97.389,0.009982938209450058,0.017904529106703045,-0.00860292162591366,
6,97.44,0.010349657964197031,0.018194981242592768,-0.00885408035473221,
6,97.492,0.009552596729859905,0.01852626657289882,-0.009107217084329067,
6,97.542,0.0072698388342281066,0.018656293382027084,-0.009742954369138706,
6,97.593,0.004418442600680348,0.01844596356964519,-0.011175503098247552,
6,97.644,0.0018330791375029357,0.01803424203661415,-0.012803172817796494,
6,97.696,-0.0005748062566764646,0.017325598974384692,-0.01362189271812106,
6,97.746,-0.0028762657035424966,0.016282618927772493,-0.013454353492178812,
6,97.797,-0.004723750844157283,0.015309831195848172,-0.012667734464765809,
6,97.848,-0.005729996676121334,0.014861876130739433,-0.011346425828806253,
6,97.899,-0.0057142098607603385,0.014987342740673504,-0.009788338487458467,
6,97.95,-0.004441708077702003,0.015269661401036085,-0.008605226621143915,
6,98.001,-0.002465434691172102,0.01542906407409972,-0.008159316636218224,
6,98.053,-0.0007990581547468192,0.015697662676679228,-0.008222033704724185,
6,98.103,0.0003338661079879486,0.016215550456542913,-0.008204253925706317,
6,98.154,0.00163614917293707,0.01685171651526195,-0.00813627568092692,
6,98.205,0.002741600203082023,0.017311801452334363,-0.008041563500684511,
6,98.256,0.0020253387512224833,0.017220328964004338,-0.007535646715887109,
6,98.307,0.00039909261508180605,0.016782462574254194,-0.006806645272438637,
6,98.36,-7.346237019650913e-05,0.016559278557433253,-0.006193965005631819,
6,98.409,0.0004326998722904034,0.016491710555475915,-0.005705106231461832,
6,98.46,0.000521733870514755,0.016127707784248525,-0.005535765935564884,
6,98.511,0.00013525596273601784,0.015401994065057722,-0.005584952999415161,
6,98.562,-0.0001234778176206114,0.014703429224370325,-0.005569507898767525,
6,98.613,-7.866406935628796e-05,0.01448006180221517,-0.0057146852740632085,
6,98.664,0.000759731276634213,0.014780240509335874,-0.0061520491757950015,
6,98.715,0.0016380728887329093,0.015392081936872944,-0.006540838743521899,
6,98.766,0.0014673055990850445,0.016154657389278033,-0.006666408619717679,
6,98.818,0.0008382426849718847,0.01695264601404605,-0.006813908334635082,
6,98.868,0.00036745328037517155,0.017709241742307338,-0.007164457278206853,
6,98.919,3.5992977405692505e-05,0.018579343773991522,-0.007617071346549904,
6,98.971,2.1352617441371992e-05,0.019653178594875413,-0.0080987849844709,
6,99.021,0.0008135822929416768,0.02057057922876962,-0.00856046395174699,
6,99.072,0.00266215772089056,0.02111311893139375,-0.00897220538229804,
6,99.123,0.0058430542800913,0.02137165690646653,-0.009519676337835039,
6,99.174,0.009823738267967643,0.021427280686100773,-0.010110217395638249,
6,99.225,0.011989248470026574,0.021348296683594975,-0.0100784403550697,
6,99.276,0.01161162930677315,0.021189326831363337,-0.0094492577489964,
6,99.327,0.010637473946606534,0.020991828530011417,-0.008889139893064361,
6,99.378,0.008957319140616656,0.020785485670894673,-0.008418313027499881,
6,99.429,0.006557675845588661,0.02059004657733685,-0.007841742572534538,
6,99.48,0.0050943610894250545,0.020417300929636693,-0.007444504860391706,
6,99.531,0.004750782533807692,0.020272987014310732,-0.007595861270721819,
6,99.582,0.004952115711917232,0.020158501070742577,-0.00828773403643482,
6,99.633,0.005085087766009196,0.020072342394965,-0.00906985360766485,
6,99.684,0.00496270054693842,0.02001127288068256,-0.00984702273336226,
6,99.735,0.004686370054311401,0.019971200264234254,-0.01075941785221897,
6,99.786,0.0041326727359732255,0.01994781321252729,-0.011484410855287642,
6,99.837,0.0034455661999834913,0.019937006236266142,-0.011830138369469808,
6,99.888,0.0025272614483951242,0.019935135672560635,-0.01170401623516864,
6,99.939,0.0015344479657384154,0.019738313104009125,-0.011285404430796401,
6,99.99,0.0009752716495336222,0.019231435550042145,-0.01091366611788705,
6,100.044,0.0009399634221265604,0.0187672566387891,-0.010401019560908966,
6,100.092,0.0012434752313629609,0.018367751666761176,-0.00983918395770851,
6,100.143,0.001338240326469342,0.01784098538707724,-0.009491768738924117,
6,100.194,0.0008898452759287534,0.017274916831040068,-0.009108947775199418,
6,100.245,0.0005307820687188938,0.016729115946595787,-0.008533338960299576,
6,100.296,0.0006595240785151543,0.016440993494892822,-0.008081159665178318,
6,100.347,0.001090778423125955,0.016542113032094106,-0.007945300866388824,
6,100.398,0.0016814053643355534,0.016884750235030523,-0.007822395056483543,
6,100.449,0.0025276327140505935,0.017354759931544356,-0.007516836459520654,
6,100.5,0.0032689757503875845,0.01786870266650505,-0.007319513452306354,
6,100.551,0.0038834964181924995,0.01836953512394403,-0.007408292803044449,
6,100.602,0.005371481070216669,0.018821725679413426,-0.007673432388475502,
6,100.653,0.007099294577433484,0.019206393643319882,-0.007829547645157942,
6,100.705,0.007837953170419255,0.019516854179913914,-0.007702365046189237,
6,100.755,0.00848537770251177,0.019754781299067114,-0.007604539605926353,
6,100.807,0.009423946586398375,0.019927075490137693,-0.007734234736507677,
6,100.857,0.009268840926243064,0.020043434912939816,-0.007999431676262216,
6,100.908,0.00802309827854375,0.020114572930782167,-0.008129395065747065,
6,100.959,0.006780449708317654,0.02015099336772908,-0.007961352145083398,
6,101.01,0.006041279102736882,0.020162221850974212,-0.0078165155443219,
6,101.061,0.00568439499810427,0.02015639141303106,-0.007899031233765109,
6,101.112,0.0047980260420145285,0.019939254933370534,-0.008120730893188535,
6,101.163,0.0038441099047863627,0.019403206668404997,-0.00841388650460908,
6,101.214,0.00372683828761828,0.01870568645249086,-0.008729320295500912,
6,101.265,0.0037539034439455095,0.017960640166421214,-0.009033702342526633,
6,101.316,0.003670531318595822,0.017445798765503187,-0.009105710617297091,
6,101.368,0.003723861299910912,0.01732079226963654,-0.008822067286161835,
6,101.418,0.0042622485168342565,0.017455849194330682,-0.008533945957044577,
6,101.469,0.005269311084332738,0.01754601494778944,-0.008466932096594288,
6,101.52,0.005893557519089494,0.017198479041094616,-0.008547109306678744,
6,101.571,0.00582046904962937,0.016598141264093313,-0.008514413167716707,
6,101.622,0.0051051815609691985,0.016285563142181436,-0.008211118471141133,
6,101.673,0.004035480264079094,0.016383484256053113,-0.007758639686504013,
6,101.724,0.003828576213142264,0.01673681334406067,-0.007246830644902576,
6,101.775,0.004994984444264569,0.017225564580156734,-0.0069389190997120355,
6,101.826,0.006546799696823679,0.017761905940238517,-0.0069873467835868345,
6,101.877,0.00681529805384363,0.01828568314112797,-0.007059589160936079,
6,101.928,0.005636668776538259,0.018558491807554263,-0.006940467992637288,
6,101.979,0.004628773613966525,0.018447592098048745,-0.006708184935886502,
6,102.03,0.0036105130908373065,0.018099509389101646,-0.006421985430099924,
6,102.081,0.002466571465432348,0.017627271687823052,-0.006325031579635786,
6,102.132,0.0021372554857350262,0.01731417713644916,-0.0065580730154124346,
6,102.183,0.002156022354036911,0.017329134914005707,-0.0069840364101861115,
6,102.234,0.0025973587404102476,0.01755328794722637,-0.007499511485790763,
6,102.285,0.0038767576241239953,0.017893601690187572,-0.008030985118040049,
6,102.336,0.004988369670632773,0.018281076701777064,-0.008329190676581152,
6,102.387,0.005702238071009749,0.01866767145631906,-0.008252999856645833,
6,102.438,0.006706166418915772,0.019022645161527067,-0.008143643671531182,
6,102.489,0.00781547612025336,0.019328822391360228,-0.0082226354450601,
6,102.54,0.008501590314389088,0.019579107649723235,-0.008616912444539798,
6,102.591,0.008660335834721254,0.019773440224862642,-0.009382558127795522,
6,102.642,0.008668933723362192,0.019916276051967906,-0.010124041063337362,
6,102.693,0.008580543499319635,0.020014609863990823,-0.010589627636410649,
6,102.744,0.008838717804045442,0.020076502744617298,-0.01064003181603285,
6,102.795,0.009499255422210766,0.020110052108454644,-0.0102192753311374,
6,102.846,0.009561451473921904,0.020122728177651757,-0.009730973710222116,
6,102.897,0.009636571128815441,0.020120998814700614,-0.009238578872265955,
6,102.948,0.009914778390168228,0.019909335775756046,-0.00858228096975333,
6,102.999,0.009698385880828286,0.01937920141993114,-0.008074419923117923,
6,103.05,0.008579663640387028,0.01868740252346252,-0.007702557318525409,
6,103.101,0.006168767047378806,0.017947494425741475,-0.007246956878779189,
6,103.152,0.004327810050225483,0.017437004452686387,-0.006975084666036195,
6,103.203,0.004004443417131458,0.017315495229369125,-0.007043720926049498,
6,103.254,0.003877028236814532,0.017453220664776215,-0.007124395374741341,
6,103.306,0.003483855213415528,0.0175453090305648,-0.007005476020836401,
6,103.356,0.0025501556275563816,0.017399896558661632,-0.006968933733719901,
6,103.407,0.0011439621643001903,0.017314677702180325,-0.007188993329173801,
6,103.458,0.00015019938248527284,0.017475743694963897,-0.007555946787477043,
6,103.509,-0.0002983842868778567,0.017781825865771633,-0.007786798553215191,
6,103.56,-0.0005621138703234673,0.01815632574488232,-0.0077109825118425145,
6,103.611,-0.0002844333796276861,0.01854462055453975,-0.007645408821446759,
6,103.662,0.0005190079152618766,0.018910569697684582,-0.0077925054958279385,
6,103.713,0.0011934361783486765,0.019031955795921776,-0.007863348194976447,
6,103.764,0.001128441610715335,0.01878590598797206,-0.007477926939244035,
6,103.815,0.0005944383119706268,0.01852480028505414,-0.007031675973830994,
6,103.866,0.0008067021542205179,0.018475847641514047,-0.006983927976926002,
6,103.918,0.0018822009970734658,0.018566892224251737,-0.006994762578059246,
6,103.968,0.003424938389568698,0.01874041031683543,-0.007243132493168628,
6,104.019,0.0053442401640666675,0.01895288361266641,-0.008025560943322642,
6,104.07,0.007150034271836548,0.019173272172524163,-0.008886819814329058,
6,104.121,0.007733796091958316,0.01938103262308444,-0.009327781478703296,
6,104.172,0.006482741738486666,0.01936317024436836,-0.009463760905940966,
6,104.223,0.004958761360282308,0.019001205608159287,-0.009594049463767268,
6,104.274,0.0035829997321744573,0.018648461987941328,-0.009509387987158955,
6,104.325,0.0016094834996675383,0.018530803052454956,-0.009293669124896197,
6,104.376,0.0012186387248046633,0.01857336799074804,-0.009011225849849834,
6,104.427,0.003079242571364007,0.01851443971241717,-0.008507844760572243,
6,104.478,0.004627678460110657,0.017993485204841054,-0.007903203210058666,
6,104.529,0.005048179110387624,0.017218059543787457,-0.007081357400521964,
6,104.58,0.004912330143166846,0.01674338835641926,-0.006186229024709489,
6,104.631,0.004430578710947013,0.016700572148883857,-0.0057176768351808295,
6,104.682,0.0031631819943532106,0.01693816637107406,-0.005761184014098999,
6,104.733,0.0016945584881975396,0.017336515487175404,-0.006129606174231802,
6,104.784,0.0014198594159119254,0.017605130582411446,-0.006676816429608941,
6,104.835,0.0011296185206003746,0.01756812812757026,-0.007093899754818406,
6,104.886,-0.00015144236901473772,0.017338089922239047,-0.00719318657001634,
6,104.937,-0.0009608868510794475,0.017002727706916576,-0.007281511706749858,
6,104.988,-0.0005994993244711177,0.016827590239300912,-0.0075565447457445305,
6,105.04,0.0002829379448356948,0.016769282559206355,-0.007929228828764432,
6,105.09,0.0014286620269587844,0.016589754245205448,-0.008133768900703723,
6,105.142,0.002450371873481761,0.01654773667788333,-0.008013204484730035,
6,105.192,0.0029088001985842476,0.0167981209117438,-0.007894652818006194,
6,105.243,0.0033708072302964342,0.017215923258122993,-0.007987749352595826,
6,105.294,0.003797994846552561,0.017707535959441086,-0.008209108019677272,
6,105.345,0.003967699861262463,0.018206994095037492,-0.008494945294579672,
6,105.396,0.004360302333337861,0.01867136071069022,-0.009000007381486994,
6,105.447,0.005265988627935551,0.019075917148062414,-0.009805929908300232,
6,105.5,0.006829652416780986,0.019409614816310487,-0.010539233538455999,
6,105.549,0.008689696557605864,0.019671060014958535,-0.010966220452410417,
6,105.6,0.010389567251597667,0.019865163183102327,-0.011162449332160032,
6,105.651,0.011448486649585563,0.020000483456874277,-0.010994083790806077,
6,105.703,0.011007096008359502,0.02008723248482373,-0.01040457678792974,
6,105.753,0.009438103998695713,0.020135861419796952,-0.009793160855174034,
6,105.805,0.008476967611310867,0.02015613544379671,-0.009417644410942378,
6,105.855,0.008585392742817553,0.02015659531949037,-0.009424422658244235,
6,105.906,0.00917023897766081,0.020144310417285944,-0.00967584167387856,
6,105.957,0.009411154930032882,0.020124838520901942,-0.009662296751267159,
6,106.01,0.008809636087264199,0.02010232147960009,-0.009479904909861447,
6,106.059,0.007916976139813231,0.020079660301809122,-0.00940470866114036,
6,106.11,0.0069093028612792545,0.020058727132729933,-0.009404303245669042,
6,106.161,0.006109649144888518,0.020040583858643962,-0.009451897614563531,
6,106.212,0.0057084817019107436,0.0198248537443848,-0.009526453298550239,
6,106.263,0.005193443901636103,0.019298897697630022,-0.009411477691571704,
6,106.314,0.004847583597901279,0.018817063297796685,-0.00898334863256413,
6,106.366,0.00503967700871744,0.018603067465293218,-0.008589604870694654,
6,106.416,0.005360522677354954,0.01857804133603144,-0.008450378627306385,
6,106.469,0.005738169161162812,0.018676221652200484,-0.008485572112027025,
6,106.518,0.0065235745968739095,0.018845533446921862,-0.008629802743161405,
6,106.571,0.007507402525618873,0.0190468641221462,-0.00883237796989113,
6,106.62,0.008137787410391032,0.01925255656542871,-0.009056099023412612,
6,106.671,0.008290016399305246,0.01944452244923503,-0.009074576043019244,
6,106.722,0.008123350287244336,0.0196122634989277,-0.008759101507198148,
6,106.773,0.008167216488800973,0.019750992694717976,-0.00825478978938314,
6,106.824,0.008744251300944167,0.01985997049677211,-0.007870713816444773,
6,106.875,0.009416045761586759,0.019941112632546068,-0.007996272687372564,
6,106.927,0.00969297958230762,0.01999788389223674,-0.008438600070442953,
6,106.977,0.009694421871661762,0.020034464221219954,-0.008847720080209035,
6,107.028,0.009719895035196742,0.02005515644126141,-0.009202676463168488,
6,107.079,0.009557900433784959,0.02026483017616064,-0.009494380045575432,
6,107.13,0.008686185713260342,0.020578863679209573,-0.009722082788334101,
6,107.181,0.007228485108710205,0.02033210011458175,-0.009890446344456188,
6,107.232,0.00671706562651036,0.019544658203924547,-0.010007227394580659,
6,107.283,0.007255296406519651,0.01867454299509833,-0.010081544499064204,
6,107.334,0.0074193157763573865,0.017821304506622473,-0.010122657136390885,
6,107.385,0.00692849052758243,0.01724826718625286,-0.009938337661495052,
6,107.436,0.0060571093670686756,0.017101805043603504,-0.009624243976277492,
6,107.487,0.005011659152813801,0.01724069335829079,-0.009452985290518537,
6,107.538,0.00393855411854209,0.017551434248490514,-0.00918625819887727,
6,107.589,0.0029339188656861723,0.017947430160739776,-0.00887972940903672,
6,107.64,0.00245556995190316,0.0183662927898371,-0.008773131913450164,
6,107.692,0.0023531830155542302,0.018766172337749864,-0.008602490351185509,
6,107.742,0.002098477657486368,0.0191217533487783,-0.008404482255755031,
6,107.793,0.0019673776642856414,0.019420358371313572,-0.00860649657933239,
6,107.844,0.0019260838783102816,0.019658433780688864,-0.009048837386559485,
6,107.895,0.0025482056811894577,0.019838563007652636,-0.009408943529527153,
6,107.946,0.003746666549623213,0.019967057956946567,-0.009687379770845838,
6,107.998,0.004615985886326089,0.020052114738681157,-0.009891069147846026,
6,108.048,0.005405208018932691,0.019901645823433883,-0.010030456435571202,
6,108.099,0.006079658740096017,0.019411376173456948,-0.010117406016021983,
6,108.15,0.006827153334094599,0.01894339351369226,-0.010163739631420721,
6,108.201,0.0075614458995275705,0.018728132972356055,-0.010180301995419786,
6,108.252,0.007826615748259593,0.018692248774947937,-0.010176440009500567,
6,108.303,0.008171278320347178,0.018774290573427343,-0.010159789082047508,
6,108.354,0.009141736702023427,0.018925373689024555,-0.010337107229565799,
6,108.405,0.010636423562555229,0.019108599529780317,-0.010825416816583566,
6,108.456,0.011343083515587719,0.019297720990591044,-0.011072286330584484,
6,108.507,0.010483404480588862,0.019475430834657827,-0.010742808688337732,
6,108.558,0.008688212519807656,0.019430712118081037,-0.010070157990714337,
6,108.609,0.006638075546470529,0.01904609725571575,-0.00923144908563479,
6,108.661,0.005191624765305834,0.018675220576640523,-0.00855444853960896,
6,108.711,0.004449381106872233,0.018543782365891045,-0.008236379351833132,
6,108.762,0.00441924242827558,0.018375633615972664,-0.007973229286177181,
6,108.813,0.005249901829439545,0.017795781165266266,-0.007565607784186729,
6,108.864,0.00576257103479483,0.016998463467798843,-0.007098074950842987,
6,108.915,0.0052267776241538885,0.01652739270228761,-0.006629676424209992,
6,108.966,0.004463260553163325,0.01650423730957665,-0.006600018070499106,
6,109.017,0.004016695843444535,0.01656937962735505,-0.007054962615380002,
6,109.068,0.004411784074298144,0.016485085053994073,-0.007583327048552631,
6,109.119,0.005515762563259242,0.016512554231227983,-0.008116334095755042,
6,109.17,0.006182367872727828,0.01681033022333457,-0.008408666733454886,
6,109.221,0.006113245197071131,0.0172575465304843,-0.008523158375532058,
6,109.272,0.005376981454776189,0.017764680179203702,-0.008715227567171522,
6,109.323,0.004071158723202068,0.018269502105266552,-0.008941621656384229,
6,109.374,0.002705783374602386,0.018732287311304264,-0.008971009394786147,
6,109.425,0.002014400159437504,0.0191309350644167,-0.008670852332672624,
6,109.476,0.002212491354394418,0.01945642340921998,-0.008384287517552182,
6,109.527,0.0027643013231701927,0.01970884324931851,-0.008531128165990255,
6,109.578,0.0026953059437064804,0.01969328907620153,-0.008944137857395059,
6,109.629,0.0020328650813849444,0.019105451566844133,-0.00889217600850737,
6,109.68,0.0010430332138899288,0.01819780228195535,-0.008144510911042287,
6,109.731,-0.0006797557242776136,0.017559623143794886,-0.0072115516466005345,
6,109.783,-0.0021317292399840176,0.017346369894049855,-0.006435535186674516,
6,109.833,-0.0026908718414169856,0.017422774888290082,-0.005822514324805889,
6,109.884,-0.002431644446044824,0.017678814765100276,-0.005564110684359675,
6,109.935,-0.0010658778617772622,0.018029495180355525,-0.00595556711467547,
6,109.986,0.0002973516079340777,0.018412702078601986,-0.0069331989061688125,
6,110.037,0.0009469399852437449,0.01878598554984562,-0.00800740496485969,
6,110.088,0.0014883171782136533,0.019122917462269934,-0.008856420730840458,
6,110.139,0.0021176359130161745,0.019409468339464823,-0.009492805980244082,
6,110.19,0.0031544680493866364,0.019640687638148586,-0.009941697290389203,
6,110.241,0.004971868184264303,0.019817845297047217,-0.010234278081093442,
6,110.292,0.0071438887604023,0.019946098752015095,-0.010403104851832578,
6,110.344,0.00856552514642654,0.01983185072084842,-0.01047899935251117,
6,110.394,0.008789195538101268,0.019370418272825644,-0.010288361075203374,
6,110.445,0.008226580379791704,0.01892422068685202,-0.009741262568003959,
6,110.496,0.008008211220800917,0.01872447225565974,-0.009009498061386078,
6,110.547,0.00923316904738791,0.018698830851997503,-0.008218082908387516,
6,110.598,0.011084568097124733,0.018586079465319493,-0.00745198784090948,
6,110.649,0.011582337648010073,0.01822568401067814,-0.006562841262770074,
6,110.7,0.009766131696923483,0.017735413466810634,-0.005666203632083455,
6,110.751,0.006611756110841947,0.017201232464943997,-0.005037625264228954,
6,110.802,0.0036558799058313165,0.016882635688296694,-0.004832296649114029,
6,110.853,0.0018681019762935634,0.016928731823848818,-0.0053165819837379235,
6,110.904,0.00117393771880098,0.017205021257393174,-0.006405081623684321,
6,110.955,0.0006344279231683403,0.017405916574231673,-0.0077936520929234665,
6,111.006,0.0002374466943216928,0.017341485486365455,-0.009263124776674132,
6,111.057,0.00016460091320672204,0.017112062873119845,-0.010666436391756474,
6,111.109,-9.61754574430158e-05,0.01679525300414773,-0.011713748967381933,
6,111.159,-0.0006573659876519857,0.016648681273602573,-0.012247773110597467,
6,111.21,-0.0013661452228710983,0.016823900305199386,-0.012208865264224378,
6,111.261,-0.001510141044181143,0.017191424385567203,-0.01160479855149224,
6,111.312,-0.0008786771601506267,0.017451925467259714,-0.010887626756683857,
6,111.363,-0.00020226599277682828,0.017422026574688162,-0.010155527736833658,
6,111.414,0.0008503010442005867,0.017409114749170507,-0.009271833511581253,
6,111.465,0.0028628944949282862,0.01760896851252496,-0.008562737340515011,
6,111.516,0.005128690107036099,0.017929224868792934,-0.00822341770617986,
6,111.567,0.006973190797213334,0.01810014065566123,-0.008148513543452661,
6,111.618,0.00819848455901536,0.017960712726095063,-0.008249209960856764,
6,111.669,0.008325715947834442,0.017834279760626615,-0.008253605132922833,
6,111.72,0.007336815095601966,0.017927171588870836,-0.007995050618143103,
6,111.771,0.006314023910110353,0.018153265388718608,-0.00778945715226957,
6,111.822,0.005753328775638259,0.018245791924547925,-0.007835180027142286,
6,111.873,0.00473070761307212,0.01804438825754896,-0.00763674463556452,
6,111.924,0.0030923128692008786,0.01787148511240786,-0.006895991655024782,
6,111.975,0.0017931096811093263,0.017931584384722143,-0.006268597017576671,
6,112.026,0.0014183179762140776,0.018136292133218445,-0.006366806678175954,
6,112.077,0.0022690082800705695,0.018417299868142733,-0.0071233279049282144,
6,112.128,0.003435657146400518,0.01872466839244896,-0.008040450642095852,
6,112.179,0.0035062236462122926,0.019024251471823406,-0.008786066104549498,
6,112.231,0.0030689808388127482,0.019294774798116678,-0.009361787240966124,
6,112.281,0.0031445136023270366,0.01952492853165339,-0.009983130373530973,
6,112.332,0.004145348925444664,0.019710702118518577,-0.010784652254048406,
6,112.383,0.0056592279016775045,0.019853088594628008,-0.01143650936831182,
6,112.434,0.006778032107401489,0.019956210281917942,-0.011739179160017542,
6,112.485,0.007955244397262778,0.0198250316586911,-0.011793582613042407,
6,112.536,0.009477014573948884,0.019152454892640638,-0.011684389650166173,
6,112.587,0.010294183791679092,0.017985848359596972,-0.011278212067450881,
6,112.638,0.010192142756871891,0.016796946273178962,-0.010513358937890892,
6,112.689,0.009307928466777762,0.01609092083148304,-0.00978074565035607,
6,112.74,0.007993098151678113,0.015952140192386666,-0.009328496452615975,
6,112.791,0.007712718391973827,0.0161883116091255,-0.00909238993893918,
6,112.842,0.008720809930786982,0.016645986635979357,-0.009214707777473434,end
7,114.321,0.0035852116284122025,0.015323628138556193,-0.009026746121845583,start
7,114.372,0.004141299905436945,0.015398667835733765,-0.008463823871841523,
7,114.423,0.004767763984481187,0.015615601949041151,-0.008226199168005882,
7,114.474,0.005188204008301387,0.01570527954032946,-0.00821629376090858,
7,114.525,0.004840233817715627,0.015706136854097937,-0.00835323221066699,
7,114.576,0.004027396204433392,0.015649960275285105,-0.008573348454088936,
7,114.627,0.003985881492550032,0.01576255143645973,-0.008829128203476172,
7,114.678,0.004241557274715934,0.016175170865095248,-0.009087233124423307,
7,114.729,0.004064796349613467,0.016747066737230823,-0.009326094835801418,
7,114.78,0.004026558605581313,0.01737517242592245,-0.009533426296849673,
7,114.831,0.0036785673758679984,0.017988870462280416,-0.009302212817968532,
7,114.882,0.002557369645085931,0.01854402764061353,-0.00840664473535106,
7,114.933,0.0010303444311955538,0.01881620819573884,-0.007558603201859276,
7,114.984,-0.000835121296429167,0.018684202396341176,-0.007210836317555048,
7,115.035,-0.0021652860805304853,0.018504409195354028,-0.007211858666832901,
7,115.086,-0.0020411097604898553,0.01850924453682534,-0.007436495398669414,
7,115.137,-0.00099416505016663,0.01863210323825013,-0.007585668056631112,
7,115.188,0.00015882658187926042,0.018820786738253967,-0.007473624503014879,
7,115.239,0.0018897087274491729,0.019036529475242762,-0.007403884032565233,
7,115.29,0.003852174087184404,0.019252295334471443,-0.007567710858661809,
7,115.341,0.005604680404964109,0.019450742804675573,-0.007868175653487363,
7,115.392,0.007684245235048644,0.019622141127084523,-0.008232136042459681,
7,115.443,0.009806510902246442,0.01976242241628776,-0.008406747574585295,
7,115.494,0.010982339245559894,0.019871477466733175,-0.008044225465932989,
7,115.545,0.010854209226760602,0.019750911095502522,-0.007366334526757995,
7,115.596,0.00990007663488646,0.01929192853069955,-0.006942305940532558,
7,115.647,0.008292001141246494,0.018853607533833642,-0.006915989704895708,
7,115.698,0.006594534289373786,0.018664583364243075,-0.006946027315693498,
7,115.75,0.00517693319732873,0.018650631064251855,-0.007009794527304295,
7,115.8,0.004052705244621849,0.01875008221366353,-0.007491738940671645,
7,115.851,0.0038094466967874886,0.01891427558461312,-0.00840399933786714,
7,115.902,0.004351574688762993,0.019106801256955314,-0.00951895851695505,
7,115.953,0.004751359560507182,0.019302031640539792,-0.01047351668479876,
7,116.004,0.004224401727685534,0.019483313162188435,-0.011047684799184469,
7,116.055,0.0035470756943651147,0.019641085587503156,-0.011331764255176999,
7,116.107,0.0038318910079237455,0.019570272356909463,-0.01140697381768009,
7,116.157,0.004309229642605872,0.018956876725023972,-0.011141348852546997,
7,116.208,0.004670863484567419,0.018245604886031726,-0.010477634056360199,
7,116.259,0.0045275712698787515,0.01793036623178858,-0.00981275589791293,
7,116.311,0.0034694541449461825,0.017894448282238646,-0.009401377235379722,
7,116.361,0.0031146168027470817,0.018241392165141656,-0.0091856283367077,
7,116.412,0.003440167998767862,0.01880601386982946,-0.00911267874398631,
7,116.463,0.003573433808608157,0.018661550941348578,-0.008936340343481335,
7,116.514,0.00417517235329701,0.016868918766131943,-0.008507025590685705,
7,116.565,0.004627359555066543,0.01396240540308821,-0.007949952405746287,
7,116.616,0.0041439713869613655,0.011579161186777834,-0.00755652642717037,
7,116.667,0.003701883728502488,0.010526305324411228,-0.007701328418379523,
7,116.718,0.002920131336368624,0.010612109291383768,-0.008179691300540415,
7,116.769,0.001581668009871855,0.011421301561485055,-0.008632721770967794,
7,116.82,0.0016003499076261717,0.012629434815722101,-0.009033111753969902,
7,116.871,0.0026887718564353787,0.013996375956548325,-0.009166742310168079,
7,116.922,0.003974169217482005,0.015355357665150296,-0.00871688398116727,
7,116.973,0.005684303953022159,0.016399229218215346,-0.008129776490940425,
7,117.025,0.006525295334522073,0.01695631291671798,-0.008104309384397337,
7,117.075,0.005737132261501151,0.01735727566936381,-0.008441097062607336,
7,117.126,0.003967424341818729,0.017826732942747416,-0.008782328428309274,
7,117.177,0.0013087005781447008,0.01830240615420215,-0.008898163807139233,
7,117.229,-0.001104109412384066,0.01854301983547817,-0.00865930201044149,
7,117.279,-0.0019603709121168256,0.018412714739813603,-0.008412976885446115,
7,117.331,-0.001950384847987728,0.018255821831190313,-0.008382486949141866,
7,117.381,-0.0013856317915430212,0.018295314194027728,-0.008292038949576811,
7,117.432,-0.0005104466396574684,0.01825675233888677,-0.007768735443595529,
7,117.483,9.186064945052947e-05,0.0177695607870438,-0.0070098581752641356,
7,117.534,6.910456040347716e-05,0.01683294401770241,-0.0065625258618007935,
7,117.585,-0.0003527088121861978,0.01588416301740769,-0.006551772793478139,
7,117.637,7.595819507919747e-06,0.015405466642843172,-0.0068218843267187175,
7,117.687,0.0008405685176607937,0.015467548758788613,-0.007049596153854967,
7,117.738,0.0015081047151354143,0.015871472720052935,-0.007030988329155217,
7,117.789,0.0024175797758084956,0.0164621888642881,-0.007056731503521958,
7,117.84,0.003409161418049685,0.016924416533649202,-0.007309684876670131,
7,117.891,0.003972077744948442,0.017066271917354357,-0.007487205584372487,
7,117.942,0.004014014239397606,0.017192093964432352,-0.00740125292735726,
7,117.993,0.004521785235782683,0.017498358941376416,-0.00735405975281353,
7,118.044,0.005488362559933528,0.01789574794295577,-0.007536349878715312,
7,118.095,0.005466545591226824,0.018118822187887188,-0.007851175475367423,
7,118.146,0.0044109057439365475,0.01801134541345854,-0.0082257118698463,
7,118.197,0.002777025207216714,0.017700503215758865,-0.00840762241539822,
7,118.248,0.0009035443953925443,0.017284203321013335,-0.00804971126124175,
7,118.299,-0.0009731012213032068,0.017034544437591618,-0.00737433687189419,
7,118.35,-0.0018976845280842473,0.01711265064121645,-0.0069512794226802115,
7,118.401,-0.0011332179516856866,0.017394694945779242,-0.007125698812012016,
7,118.452,0.0002514438070001006,0.01758404401390966,-0.007870132832911292,
7,118.503,0.0017218003709696976,0.017497898127723437,-0.008719509996518946,
7,118.554,0.002727331285291629,0.017442817181797774,-0.0093671255421546,
7,118.605,0.00315313411888754,0.01761291828182059,-0.009632482109148546,
7,118.656,0.003373754896035237,0.017913775423056878,-0.009430525624852994,
7,118.707,0.0030433913035397627,0.018073490600993423,-0.008945081059967233,
7,118.759,0.0027878596006009593,0.017929020034822492,-0.008316818421204996,
7,118.809,0.003002516502822767,0.01780189895022988,-0.007848263359720166,
7,118.86,0.0028989844910623287,0.017696117059183187,-0.007519777648908693,
7,118.911,0.0023988649592435306,0.017210851607005712,-0.007106680370395577,
7,118.962,0.0022870707119204826,0.01632035318747439,-0.0066725028674313866,
7,119.013,0.002634143957665396,0.01544232845787636,-0.006259684512140048,
7,119.064,0.0030467973247245424,0.015044505826262263,-0.006094561662466132,
7,119.115,0.0032675270741246553,0.015187453673772432,-0.006302397252144033,
7,119.166,0.0031466006755150665,0.015665742004292417,-0.006732734158032747,
7,119.218,0.00261543336152908,0.016320678911816,-0.00707036851606405,
7,119.268,0.0016629942592203488,0.016835462650913242,-0.007321424615487625,
7,119.319,0.0013202192007762763,0.017018170924159297,-0.00789845272118762,
7,119.37,0.0013959894217833008,0.017174058154099798,-0.008638188808926318,
7,119.422,0.0011316064503972215,0.017701888017045447,-0.009222018694473285,
7,119.472,0.0016744727835583928,0.018626695115007263,-0.009658956821376866,
7,119.523,0.002289792056417102,0.01953097756147944,-0.009966584940420345,
7,119.574,0.0020988137834370654,0.020148618695725335,-0.01016656705514619,
7,119.625,0.0022093919077540787,0.020532804732757846,-0.010281444983771796,
7,119.676,0.0015003222895018373,0.020535567333977506,-0.010131679014361374,
7,119.727,-0.00027996861862359995,0.02009264784302447,-0.009623380837116877,
7,119.778,-0.0009976027709982203,0.01939947071298106,-0.009126804485013825,
7,119.829,-0.0003735493756244476,0.01860147578001004,-0.00907930495241762,
7,119.88,0.0010608650222069223,0.018001195139386666,-0.00952447098626928,
7,119.931,0.002698940564815367,0.017575941486443456,-0.010249847110131825,
7,119.982,0.004135208560451045,0.01709627010388669,-0.01109666443073377,
7,120.033,0.005527500250268115,0.01682106514529309,-0.01175250682674295,
7,120.084,0.00677974005679589,0.016899936864985584,-0.012032347415125775,
7,120.135,0.00764072695769189,0.01719956016857013,-0.01204855810253023,
7,120.186,0.0077799498358004674,0.017616693062662704,-0.011894387086819483,
7,120.237,0.007846751303240118,0.018075681183760444,-0.011643326595230631,
7,120.288,0.007861738794395688,0.01852464111417115,-0.011350294447791004,
7,120.339,0.007239790348187177,0.01893110294343631,-0.011053884001273046,
7,120.39,0.006660972642219497,0.019277656064147126,-0.010779118554863062,
7,120.441,0.00595548167753667,0.019557946830440955,-0.010540308022182249,
7,120.492,0.005426256810972127,0.019773223406119127,-0.010343741705636017,
7,120.543,0.005855929565955147,0.019929509117983357,-0.010190059634852968,
7,120.594,0.006464408374027986,0.02003540597627384,-0.01007622725388138,
7,120.645,0.006937849854259461,0.01989964514891313,-0.009997097082041875,
7,120.696,0.00688498443201747,0.01941896927483523,-0.009946580026076074,
7,120.747,0.006297984475144065,0.018956529617876184,-0.009918472245993246,
7,120.799,0.005415572251835403,0.018542935165543055,-0.009906994684755128,
7,120.849,0.004012916834839338,0.017993059479007527,-0.009907104972183823,
7,120.9,0.002790950122692716,0.01760078668666028,-0.009713804628764653,
7,120.951,0.0021847005173444897,0.017541939040103535,-0.00941198856561682,
7,121.002,0.0020220441552392357,0.017701661558820168,-0.009466489019319207,
7,121.053,0.002156953750685823,0.017988733326279486,-0.009745135408998315,
7,121.105,0.0026727036314300734,0.018334419261294203,-0.009944319854595039,
7,121.155,0.00339127404132552,0.01868992733480931,-0.010076540083994988,
7,121.206,0.004182198460639514,0.01902317565755293,-0.010155191001534223,
7,121.257,0.0047551558825496346,0.01911454300770308,-0.009992333202361188,
7,121.308,0.004740624870716971,0.018842606112836644,-0.009486832691491415,
7,121.359,0.004350474574802957,0.018560342769568087,-0.009003020012323611,
7,121.41,0.0037507623973905935,0.018494965390009225,-0.008973650516260534,
7,121.461,0.0034664916518143784,0.01857394014811192,-0.009438931863587045,
7,121.512,0.0040098671738501655,0.018739151055976462,-0.00998324697292656,
7,121.563,0.005040403665595756,0.018946397686895572,-0.010333690134157521,
7,121.614,0.005898927718898175,0.019163955154046293,-0.010531640910816929,
7,121.666,0.00657816312060747,0.01937064834729677,-0.010615888390843825,
7,121.716,0.006686178827070295,0.019553769341932713,-0.010620444194936268,
7,121.767,0.006017497316455523,0.019707061527220807,-0.010372689980939542,
7,121.818,0.005707731974526277,0.01982890846777412,-0.009782185646930964,
7,121.869,0.006054709903105796,0.019920799565652132,-0.009220128909554063,
7,121.92,0.006393349888721341,0.019986096507713404,-0.008922302701371317,
7,121.971,0.006297770888005375,0.020029091717607705,-0.008817866559943153,
7,122.022,0.006132216720240574,0.019853496067561986,-0.008845851152098764,
7,122.073,0.006537584377877102,0.01935097938417171,-0.008956515886231335,
7,122.124,0.007477382694562626,0.018879993953883217,-0.009111317575345043,
7,122.175,0.008282774372527611,0.01866790068719815,-0.00928199081277137,
7,122.226,0.00833476327713392,0.01863888649426537,-0.009449132520042307,
7,122.277,0.008100213361205954,0.018729621157442648,-0.009600582202983795,
7,122.328,0.00790156719447579,0.018889867904027007,-0.009729801304597963,
7,122.379,0.00754107223121104,0.019081823156249567,-0.009633548515221442,
7,122.43,0.007507402413165503,0.01927869427732327,-0.009400421301591792,
7,122.481,0.0076860472177393505,0.019462902859671307,-0.009499904692948037,
7,122.532,0.007584841865132412,0.01962419219013448,-0.009804716562121544,
7,122.583,0.007111450704523654,0.019757825292808975,-0.01001589591792037,
7,122.634,0.006035719443158997,0.01986298582144436,-0.01015005914844566,
7,122.685,0.005262594615350478,0.01994143751156927,-0.010023216516113759,
7,122.736,0.0049464883389459995,0.019996457151148114,-0.00953833342437124,
7,122.787,0.004346384558103696,0.020032028690929904,-0.009063606526490476,
7,122.838,0.004214847922340507,0.02005226957704608,-0.008834363430139087,
7,122.889,0.004996895306047859,0.019860218448751413,-0.008981811294737279,
7,122.94,0.006302046631805336,0.019346607986921147,-0.009559839144689426,
7,122.991,0.0074361768393092,0.018868858714243333,-0.010166751496395487,
7,123.043,0.008168680127719815,0.01865332197919203,-0.010542599941586342,
7,123.093,0.008986422159856329,0.018623270470615672,-0.010740061988058049,
7,123.144,0.009592306487066955,0.018714594339055958,-0.011008086489127399,
7,123.195,0.009611975452357804,0.018876426129689688,-0.011500668648483611,
7,123.246,0.00925409421756761,0.018869644120980477,-0.01189686672141556,
7,123.298,0.009084487731213176,0.0185544325593235,-0.011998587093694807,
7,123.348,0.00945092393189971,0.01826756492123447,-0.011903272190049543,
7,123.399,0.00952921387876075,0.018222754428339576,-0.011689245385352999,
7,123.45,0.009215577824411918,0.01833678743985245,-0.011416276034568523,
7,123.501,0.009278275863443139,0.01854353431060129,-0.011127432364232042,
7,123.552,0.009577299601535064,0.01879313466563235,-0.010650777831082257,
7,123.603,0.00920053495545574,0.01884933425237664,-0.010091961821151584,
7,123.655,0.007818118231335942,0.01857614759589601,-0.009927010357844919,
7,123.705,0.006303446633228635,0.018314488251307652,-0.010027915649453661,
7,123.756,0.005227299293216123,0.01828207562265582,-0.010090388852653316,
7,123.807,0.004719684457972071,0.018399294546544976,-0.010123194888129737,
7,123.859,0.004818310931947194,0.018603063294800198,-0.010134338417544304,
7,123.909,0.005498661851541572,0.01884597145698412,-0.010130693467078287,
7,123.96,0.006497447694138898,0.018893634433169094,-0.010117856713786013,
7,124.011,0.0072185590283022185,0.018410580365832676,-0.010100156004449702,
7,124.062,0.007301986707971793,0.017625955512046838,-0.010080757748688893,
7,124.113,0.006768899305039614,0.01691178305725793,-0.01006182909796482,
7,124.163,0.006084067418050278,0.016300167302867218,-0.01004472223320185,
7,124.215,0.005557762545006987,0.016004293312778143,-0.010030158027341812,
7,124.266,0.005376242764477995,0.016135523026510647,-0.009817560897119574,
7,124.317,0.005430433545770363,0.0165301342203441,-0.009294200054166113,
7,124.369,0.005832277980981766,0.016861131392448107,-0.008814407470246225,
7,124.419,0.006424809067076294,0.01692390580939946,-0.008401100855699454,
7,124.47,0.006288702633792531,0.017010445919178874,-0.008063637471189575,
7,124.521,0.005696217307790167,0.017306109781606013,-0.008002759516619815,
7,124.572,0.005059462730221979,0.017511310127063025,-0.007923326934170053,
7,124.624,0.00444546869989734,0.01724033979128206,-0.00783837540695556,
7,124.674,0.003895396447815395,0.01668574464195339,-0.007957542401975009,
7,124.725,0.003430509735025939,0.016395466142005256,-0.008198048027878577,
7,124.776,0.0030576028580775643,0.01649886026423322,-0.008497053721704393,
7,124.827,0.0023719769795565748,0.016846430920369398,-0.008809558361449076,
7,124.878,0.0019425343003158695,0.017121849362256757,-0.009105615991238962,
7,124.929,0.0023143946941486804,0.01712803389791307,-0.009367341971469314,
7,124.98,0.0027686319021504343,0.01716188168419125,-0.009385190285654021,
7,125.031,0.002837543847730834,0.017411585884584087,-0.009044359811106448,
7,125.082,0.0028546245640676472,0.017779670325211317,-0.008701703891441965,
7,125.133,0.0034395920556548457,0.018194108617470037,-0.008586237611775677,
7,125.184,0.004341782140084528,0.018404149105216438,-0.008424921907530372,
7,125.235,0.004169945435391638,0.01826539181142638,-0.007845492342066463,
7,125.286,0.002519749612442299,0.018114913033442506,-0.00704445239175451,
7,125.337,0.0004556391503412927,0.018169838800416345,-0.00656729990416957,
7,125.389,-0.0009047843397345783,0.018352088711194706,-0.006537038105956441,
7,125.439,-0.0015037759232556117,0.018601357391105133,-0.006795821373740104,
7,125.49,-0.001767136570256755,0.018873584045587737,-0.007219195183293557,
7,125.541,-0.0015932494716632494,0.019138665922699704,-0.0077141183060104946,
7,125.592,-0.001554569122876452,0.019377870540885987,-0.008014337147130861,
7,125.643,-0.0020073784686575214,0.01958126260409284,-0.007964730823198827,
7,125.694,-0.002136528776573947,0.019745347041448893,-0.007895582295002599,
7,125.745,-0.0018468911157210758,0.019871040001552865,-0.008020288940366578,
7,125.796,-0.0019144317100006354,0.019962013178006454,-0.008058473127223175,
7,125.847,-0.0022056233577887343,0.020023410577577824,-0.007837264878663774,
7,125.898,-0.0014118595856329615,0.020261740897117513,-0.00706579800589215,
7,125.949,-0.00018685743384573626,0.020795235172924607,-0.005802562867416672,
7,126.0,0.0008146441405781947,0.02127434220815105,-0.004727078758966591,
7,126.051,0.002998184776519054,0.021479245920406922,-0.0038584064244292014,
7,126.102,0.005362749292060047,0.021290994629458212,-0.0033929902510213667,
7,126.153,0.006046790851807747,0.02046404833920123,-0.0036252588406695675,
7,126.204,0.005598075002294272,0.01889223817610079,-0.0040854960305610165,
7,126.255,0.0040572430325817544,0.016768143719278917,-0.004454135130281849,
7,126.306,0.0007347591424724909,0.014661310398752962,-0.004935247254426915,
7,126.357,-0.00266014869031292,0.013136464060859172,-0.0056506783787522415,
7,126.408,-0.004422945440380552,0.012509039466422907,-0.006659750950658041,
7,126.459,-0.005800708293646743,0.012708414533057698,-0.0077760886232374135,
7,126.51,-0.007423349571749627,0.01342204234459542,-0.008469874351543408,
7,126.561,-0.008871857956745648,0.014207325096521247,-0.008636087875219137,
7,126.612,-0.009690654937962144,0.014774645716719513,-0.008450589646188047,
7,126.663,-0.009437307778519342,0.015357434814507886,-0.008255255914228208,
7,126.714,-0.008516691579916273,0.01610416083384131,-0.008470973313605556,
7,126.765,-0.006639576676466759,0.016896040963461756,-0.008932989662725285,
7,126.816,-0.0045006386524040435,0.01765326627865959,-0.009114187537855973,
7,126.867,-0.002767275575547019,0.01832743514404801,-0.00910072580011598,
7,126.918,-0.000629941049621632,0.01889417730850314,-0.009164333903906446,
7,126.969,0.0017956153596685254,0.019346492832808638,-0.009272261009895246,
7,127.02,0.0038095026616147424,0.01968908458335943,-0.00939994201801368,
7,127.071,0.004995915497550478,0.019933783241388784,-0.009530035164198996,
7,127.122,0.0055563176612303524,0.020096040523555198,-0.00965122450599456,
7,127.173,0.006272708838280186,0.019991555557617408,-0.009756967819735127,
7,127.224,0.007232427281034367,0.01952355502401851,-0.010045143728764564,
7,127.275,0.00807027287895907,0.01906084298083646,-0.010628006550505114,
7,127.326,0.008360980791402765,0.01883952763521612,-0.011152210232825047,
7,127.377,0.007273259256411336,0.01858997780518114,-0.011395848033485772,
7,127.428,0.005589693967722857,0.018141533291350775,-0.011439972206354171,
7,127.479,0.004663398277945134,0.017802386122224956,-0.011352593359598779,
7,127.529,0.004096357494344383,0.017761415495183605,-0.011187894294236327,
7,127.581,0.0034036104354782178,0.01791497216434188,-0.01098683663389832,
7,127.632,0.0024850585776919443,0.01818095347522585,-0.010778611990719346,
7,127.683,0.0014954769158159087,0.018497671303397245,-0.01038168454294373,
7,127.736,0.0003390030452812492,0.018821486035271135,-0.009694785161706762,
7,127.785,-0.001233271161221044,0.01892300556306675,-0.00907792649610979,
7,127.836,-0.0019417450438850062,0.01867296664902733,-0.00875637659918784,
7,127.887,-0.001235970477799238,0.018217541679263618,-0.008850888307407682,
7,127.938,-0.00028236377530513676,0.017666977911384895,-0.009405482968908916,
7,127.989,0.0005527502653697439,0.017300459078315147,-0.010009766375181566,
7,128.04,0.0014456149085137282,0.017282255129741783,-0.01039653990048516,
7,128.091,0.002303791081264545,0.01748890585428416,-0.010411908617047496,
7,128.142,0.0030707794869924373,0.017823166501088374,-0.010187841666069754,
7,128.193,0.004119336955229389,0.018212417652752628,-0.010229879666682946,
7,128.244,0.005063411267335093,0.018605667156586774,-0.010439207429148103,
7,128.294,0.005061299765867263,0.01876905625991888,-0.010538177058130885,
7,128.346,0.004854187473083495,0.01857106477384266,-0.010558417755513123,
7,128.397,0.005134736621967844,0.01835804028814125,-0.010526539526224515,
7,128.448,0.005705510702054318,0.0183533210151326,-0.010463795631683022,
7,128.499,0.006416568730130114,0.01848257772620997,-0.010587130085184528,
7,128.55,0.0065579753638264566,0.018687376501622912,-0.010819898289737293,
7,128.601,0.005720174548183653,0.018924172101490635,-0.010702485611782933,
7,128.652,0.004924161935958296,0.01916246630355083,-0.010369916053167196,
7,128.703,0.004620564012691784,0.019382578638144875,-0.010126905417942563,
7,128.755,0.004456332424219039,0.019573347618151368,-0.009960855421674424,
7,128.805,0.003993009629749453,0.01972997205990624,-0.009656669965036767,
7,128.856,0.0033750845545165603,0.019852115665856956,-0.0090874937336886,
7,128.907,0.0037118134076482554,0.019942332715972604,-0.008594922814349393,
7,128.958,0.004834594087077539,0.020004826172408164,-0.008391886412690184,
7,129.009,0.005969646143677866,0.02004451874367265,-0.00839085403637525,
7,129.06,0.00702138580535247,0.019865565634845924,-0.008519460186772417,
7,129.111,0.008136036701629152,0.019359926049974628,-0.008720878828338977,
7,129.162,0.009201492049273374,0.018685385369736362,-0.008952815216266717,end
8,130.335,0.0031044517976040716,0.016667326812314833,-0.008767592213319143,start
8,130.386,0.004381086689810352,0.01662295029118403,-0.009057454194712425,
8,130.437,0.005450411546151292,0.01666494578078369,-0.00951990924581995,
8,130.489,0.006300875224148058,0.016758962449231748,-0.010256740167895259,
8,130.539,0.006139316634447076,0.016677956640617393,-0.010909516642111315,
8,130.59,0.00494000725639343,0.016692041029855435,-0.011255111217016554,
8,130.641,0.003974814111333954,0.016966813871631157,-0.011375931399596037,
8,130.692,0.0038398100464050724,0.01738670619968177,-0.011342886276364329,
8,130.743,0.0036455934019246875,0.017865939728969518,-0.011012980376114711,
8,130.794,0.002826501807029269,0.01834473334030363,-0.010318351187479593,
8,130.845,0.0024757807878834043,0.018784781661076635,-0.009646441780222855,
8,130.896,0.003056125558555997,0.019164630024987774,-0.009043080548705354,
8,130.947,0.003785322389546428,0.01947535451976898,-0.008331319236206494,
8,130.998,0.00455140681226456,0.019716784740293432,-0.007808047271220297,
8,131.049,0.00447627231204606,0.019894378045936568,-0.007447699487818098,
8,131.1,0.0028634882980859517,0.02001676276291977,-0.006819124052634618,
8,131.151,0.0015990928610607816,0.020093907778609355,-0.0062698496970716505,
8,131.202,0.0018647121706651818,0.019935007260444695,-0.00641806128853053,
8,131.253,0.0026886033612041906,0.019436649949227457,-0.00700170021459692,
8,131.304,0.003402689738091762,0.018961449925575066,-0.007616881740145248,
8,131.355,0.0037881539422099228,0.018740109982726277,-0.008002039842879794,
8,131.406,0.004333557447573938,0.018699364597097066,-0.0080078973300524,
8,131.457,0.005540225084801259,0.018777717026404045,-0.0081716865431077,
8,131.508,0.007074059700969654,0.018926158700577178,-0.00882527506818512,
8,131.559,0.009096172428321572,0.01890679373047487,-0.009539658450614533,
8,131.61,0.010867332445534849,0.01858052771042294,-0.010034810162181216,
8,131.661,0.011331091861516799,0.01828447396460398,-0.010349580053116604,
8,131.712,0.011119926147143721,0.01823241358539041,-0.010523375230799438,
8,131.763,0.010492859835289277,0.01834102091763368,-0.010592794490963718,
8,131.814,0.009046928476530661,0.018343114275068288,-0.010589695406375001,
8,131.865,0.006991139777071184,0.01787505925300005,-0.010540335530036396,
8,131.916,0.004508533102411479,0.01694224066942972,-0.010264437817877978,
8,131.967,0.002152456108125972,0.01598711546297476,-0.009865413534734722,
8,132.018,0.0010709692194636054,0.015496079695631404,-0.00982114414938826,
8,132.069,0.0016971568641556728,0.015743802318425412,-0.010208787332016207,
8,132.12,0.003167426720153652,0.016646262010660672,-0.010641463929798051,
8,132.172,0.004659270821351292,0.017695306962138762,-0.01066659705723128,
8,132.222,0.006446773907377731,0.018553257526431395,-0.010428332521987055,
8,132.272,0.008681969337653587,0.01921972727231363,-0.010040278105713063,
8,132.324,0.010623064642471439,0.019709850678623676,-0.009386495818016408,
8,132.374,0.011416268850508905,0.020248334434298382,-0.00881564280165305,
8,132.426,0.011208716842153228,0.020975409565598808,-0.00854466885589564,
8,132.477,0.010376001666622713,0.021564195947460858,-0.008286957432904604,
8,132.528,0.009209232025411861,0.021816157722947777,-0.007857621144518203,
8,132.579,0.008122780339418684,0.021831855557299124,-0.007352703055260146,
8,132.631,0.006572618156122281,0.021694764088232257,-0.006639038624387988,
8,132.68,0.004046249804842398,0.02147069399677539,-0.005647991885237146,
8,132.732,0.0014984093541436849,0.02120884035830551,-0.004558659791856157,
8,132.786,-0.0006576917602178387,0.0209437897932284,-0.003694635709622034,
8,132.834,-0.0025901768368514675,0.020697981303920466,-0.0034461906241570286,
8,132.885,-0.0028181666172935223,0.020484260396500743,-0.0038133401846040427,
8,132.938,-0.0015329931982049163,0.020107454193885158,-0.004545807922669944,
8,132.987,1.6906368952589635e-05,0.019455489477574986,-0.005453731366441832,
8,133.038,0.002013746971242216,0.018880259663869768,-0.006401246963226874,
8,133.089,0.003935987119035786,0.018601287756143347,-0.007097204184167698,
8,133.14,0.005455128288595038,0.018333898435656085,-0.007575915400708742,
8,133.19,0.006995370749950895,0.017894584279552483,-0.008278506340029424,
8,133.242,0.008224579891977673,0.017380297492874293,-0.00906824132118881,
8,133.293,0.008352226087480371,0.016658407676789562,-0.00964959046667001,
8,133.344,0.00756229527649187,0.01586136324678358,-0.009849755590650919,
8,133.395,0.006649000229378274,0.015481814939466222,-0.00958853414308508,
8,133.446,0.006131620804165438,0.015601352497830921,-0.009253220187159449,
8,133.497,0.0057088916968853634,0.016031376677840433,-0.009098157473703381,
8,133.548,0.004979158698089432,0.016625986598953816,-0.00907115589648082,
8,133.599,0.004713651226522832,0.01707755310896909,-0.009128455656131702,
8,133.65,0.005570539267864802,0.016999435294794602,-0.009235219119767435,
8,133.701,0.006475939647665767,0.016587879099092605,-0.009164295871713374,
8,133.751,0.0065363849205456554,0.016397200729948738,-0.008784276832253244,
8,133.803,0.006652562124890954,0.016564334203803665,-0.008236546976731065,
8,133.854,0.007196817483424359,0.0169475244428873,-0.007826090222696251,
8,133.905,0.008172733162894432,0.01743850002204949,-0.007938314506876838,
8,133.956,0.00974876347899731,0.01775832847105135,-0.008577579369174988,
8,134.007,0.011181402957116974,0.01774186486261208,-0.009503508157180028,
8,134.058,0.011402821333098986,0.017511042404563557,-0.01033807257385696,
8,134.108,0.010628800231905206,0.01716128333584357,-0.011046996861390924,
8,134.16,0.010081866908468715,0.016964175101526206,-0.011819224972003836,
8,134.211,0.009724513728066231,0.01708163775718289,-0.01257001732913576,
8,134.261,0.008513287204003444,0.017391414755137783,-0.013045914427676728,
8,134.313,0.006450062406648832,0.017799647393542912,-0.01290560925642765,
8,134.364,0.004809487820250242,0.01823822996713191,-0.012381373011873142,
8,134.415,0.0043751082558930905,0.01866104466170911,-0.011853849351153809,
8,134.466,0.004950052594100133,0.019039780434521727,-0.01136659510310892,
8,134.517,0.005724473789037616,0.019359820967154155,-0.010944310525564261,
8,134.568,0.006765451492653758,0.01961650725317147,-0.01059761792829385,
8,134.619,0.007893760280026547,0.019811940697610084,-0.010327257380514694,
8,134.67,0.007983269762691854,0.019751556037017153,-0.010127571508940595,
8,134.721,0.0073993531069025675,0.019331119294509796,-0.009989254407079652,
8,134.772,0.006832108919360481,0.018914371390313506,-0.009901407751744768,
8,134.823,0.006521959990144389,0.018734301785916153,-0.009652153765244444,
8,134.874,0.006602448493224277,0.018720491787888156,-0.00911857071872218,
8,134.925,0.00692700699420577,0.01881442204907734,-0.008646331021411184,
8,134.977,0.007382027255646428,0.018969905948134167,-0.008452204281008666,
8,135.027,0.0074824987035325,0.019152376807574017,-0.008452040586446307,
8,135.077,0.006745007538335872,0.01933749727966323,-0.008576288539810812,
8,135.129,0.005529332981087998,0.01950944571644282,-0.008770346826653388,
8,135.18,0.004707135082962091,0.019659133034861078,-0.00899358870418274,
8,135.232,0.004404177704812676,0.019581684594592818,-0.009016780073900336,
8,135.282,0.004257739992232879,0.019163950331854123,-0.008708972044077659,
8,135.333,0.0040226166007168085,0.01876236492876605,-0.008414437980651923,
8,135.384,0.0035486691330672247,0.018604231023116768,-0.008553745448342781,
8,135.435,0.0033612926291526155,0.018614938553933275,-0.009160940453732789,
8,135.486,0.003171927801255002,0.018733072626692254,-0.009818604118373956,
8,135.537,0.0025948327796831944,0.01891061475827901,-0.010254969880426297,
8,135.588,0.002217093754465361,0.019111995765641158,-0.010313517464166255,
8,135.639,0.001997557087855422,0.019312488239093237,-0.009924213792388744,
8,135.69,0.0018971198877840924,0.019496304595406636,-0.009479787796529396,
8,135.74,0.002282803093064474,0.019654659094022222,-0.009035711292303183,
8,135.791,0.002949277100783851,0.019783962425903776,-0.008426699482522717,
8,135.843,0.0029389619344071527,0.0198842463629867,-0.007961663843722119,
8,135.893,0.0020937483320277992,0.019957862510707403,-0.007827159122202887,
8,135.945,0.0015843048911904525,0.020008461390679636,-0.007714612487185055,
8,135.996,0.0019336344822447494,0.020040233327365018,-0.007223522654289813,
8,136.047,0.0030065102782690614,0.02005737822533991,-0.0065291045057702755,
8,136.098,0.004055578407156179,0.02006376474052624,-0.00616173375470323,
8,136.149,0.0046034348658862585,0.020062738299487435,-0.006435294830659403,
8,136.2,0.005388328209845496,0.02005704000513454,-0.0070979424112966915,
8,136.251,0.006463025980542343,0.020048803174187408,-0.0075552311344557165,
8,136.302,0.0076372560732634555,0.02003959994203915,-0.007844077052134937,
8,136.353,0.008981825060608921,0.02003051623449659,-0.008202521580461137,
8,136.404,0.009925959966731875,0.020022238909920755,-0.008576808194784983,
8,136.454,0.010135762921841481,0.020015143706442293,-0.008931187415724432,
8,136.506,0.010058580408590305,0.02000937664040864,-0.009244330489528134,
8,136.557,0.009401872351036697,0.02000492466574952,-0.009505870829642353,
8,136.608,0.007823739359329989,0.02000167376950438,-0.009713305236095638,
8,136.659,0.00618309326730938,0.019999454342498193,-0.009869374794715858,
8,136.71,0.004834986738805994,0.01979724108848838,-0.009979963821179388,
8,136.761,0.0039836326298749135,0.01908133866545238,-0.01005249983900912,
8,136.812,0.004322598295015821,0.01789265816841636,-0.010295637087415373,
8,136.862,0.00499607978128694,0.016697085201946738,-0.010829491296120427,
8,136.914,0.0048258321261759034,0.01599480356666628,-0.011105243606242645,
8,136.965,0.004328967727753726,0.015866145456238042,-0.010791642417651522,
8,137.016,0.004064209327335238,0.016115717227197904,-0.010326084781090487,
8,137.067,0.003567914113411778,0.016788652005524686,-0.009800469499731249,
8,137.118,0.002561324209581706,0.017879885774808996,-0.009077726995233149,
8,137.169,0.0015091525292069878,0.018950900002851535,-0.00848745070633055,
8,137.22,0.0013156061228795169,0.019722074460312735,-0.00823038442215857,
8,137.271,0.0020899559208892252,0.020238995105568865,-0.008207673911653779,
8,137.322,0.0028203602710323156,0.02035048999652269,-0.008337092250981578,
8,137.373,0.00286140326337473,0.01999217403013021,-0.008553682038854706,
8,137.423,0.0018545251960116454,0.019562162565586853,-0.00880877996177776,
8,137.476,0.0012606156246758474,0.019321547048431652,-0.009068082236979877,
8,137.526,0.002385110435064138,0.019020896735359397,-0.00930925033044464,
8,137.577,0.0041197046659834586,0.018505061638524358,-0.00951941417062683,
8,137.629,0.00570457382716366,0.018093489924580933,-0.009692810196356887,
8,137.679,0.0068652649019970815,0.017982684328008303,-0.00982869562464858,
8,137.73,0.007660666376089694,0.01807367694061715,-0.00972877377101268,
8,137.781,0.007957057792970587,0.018286783393451134,-0.009284809967242928,
8,137.832,0.007708764537809183,0.018561088166346197,-0.008856693134714162,
8,137.883,0.007331916842961324,0.018852606723818735,-0.008673965544613938,
8,137.934,0.007103727696209181,0.01913174667347194,-0.00866329786253064,
8,137.985,0.007190045817773776,0.01917968964970924,-0.008763838038928046,
8,138.036,0.00727030577040069,0.018874669010537852,-0.008927624805940225,
8,138.088,0.007139399091544409,0.018568611633392285,-0.00911881731305414,
8,138.138,0.006883576555545015,0.018487309647149883,-0.009312227377679881,
8,138.189,0.006769023808121378,0.018556686146593167,-0.009290688720457747,
8,138.24,0.00655344342005133,0.018717127270183608,-0.008932188989139877,
8,138.29,0.005888719806950497,0.018923084039587066,-0.0085872119349622,
8,138.342,0.004989337044952304,0.01914168711807697,-0.008479454527370417,
8,138.394,0.00401170580805495,0.019350839784195117,-0.008532494830609638,
8,138.444,0.0034640936047849913,0.01933629580035173,-0.008684402081808098,
8,138.495,0.0034371000100308765,0.01897861833893222,-0.00888751456671258,
8,138.546,0.0033445071382309185,0.0186304388183994,-0.008906317222228937,
8,138.597,0.003418114030816251,0.01831632128323397,-0.00860456834712873,
8,138.648,0.00379323395702966,0.017848449948286525,-0.008322307442351903,
8,138.699,0.00413076139302847,0.01752038775723586,-0.00827605382869818,
8,138.751,0.004417064080068272,0.01750918040294269,-0.00818404591148364,
8,138.8,0.004446680353831146,0.017702088711118023,-0.007668417404568278,
8,138.852,0.004510124879471977,0.017809576265423222,-0.006721687748452167,
8,138.903,0.004791002143720674,0.01765281058482281,-0.005775358433976926,
8,138.953,0.0043854317636248166,0.017539992871106785,-0.0051061414451378595,
8,139.005,0.0029696870369281753,0.017464424291093274,-0.004668411390274805,
8,139.056,0.0014214644261844643,0.017418816185941502,-0.004615143863040634,
8,139.107,-8.734899658607235e-05,0.017797754445701284,-0.004812731134115329,
8,139.158,-0.0016505127255277688,0.01841853474718575,-0.004954497990689109,
8,139.209,-0.002520458785579694,0.018742884071894006,-0.00524990937178799,
8,139.26,-0.0024742555372155887,0.018650227173842338,-0.005820963141613528,
8,139.311,-0.0016433565320749795,0.018498399798508598,-0.006522925854937861,
8,139.361,-0.0003759406902872288,0.018521653820930444,-0.0072524561253840825,
8,139.413,0.0012704536490243169,0.018655328490955556,-0.007941061198544801,
8,139.464,0.003228479528738638,0.01884908306409518,-0.008748934459468637,
8,139.515,0.004626574811165234,0.01906580499981524,-0.009769234955583059,
8,139.566,0.005553243909213568,0.01927984706540799,-0.010642978058674918,
8,139.617,0.006303954217459756,0.01947497565197512,-0.011151701888101532,
8,139.668,0.006680672271376161,0.019642298694734932,-0.01118461884274977,
8,139.719,0.006787266752190777,0.019778346969867144,-0.01070889833786458,
8,139.77,0.006511220304587534,0.019883407895703562,-0.010146012346860049,
8,139.821,0.005610274964615169,0.019960155129488445,-0.009773274873422723,
8,139.872,0.004581759472997665,0.020012577962319412,-0.00955243273594058,
8,139.923,0.004156551845765085,0.020045188995523638,-0.009245916263671093,
8,139.974,0.0039516013905095,0.02006247394336049,-0.008708242298827737,
8,140.025,0.0037035439352892533,0.02006854092306992,-0.00826634198739194,
8,140.076,0.003648600709199202,0.020066925860181443,-0.008122199293506605,
8,140.127,0.0033202580592777515,0.02006051365105097,-0.007979769731622335,
8,140.178,0.003043780825894871,0.02005153989976007,-0.0074482134381315115,
8,140.229,0.003826946208784401,0.020041644191975412,-0.006508958218623932,
8,140.28,0.00542763428232647,0.020031952142443285,-0.005584511945219059,
8,140.331,0.006821552009048292,0.02002316930533993,-0.00494466103762933,
8,140.382,0.007569211707439274,0.020015675148739146,-0.0045387372443640665,
8,140.433,0.007842330733216565,0.020009609520907183,-0.004315452229389597,
8,140.484,0.007387494460509066,0.020004947355082767,-0.004428073789745965,
8,140.535,0.00690398882131201,0.020001559829697788,-0.005148749580250445,
8,140.586,0.007445106000049712,0.01999926192856177,-0.0062015075050669095,
8,140.637,0.00859989678254409,0.01999784745796791,-0.007181841472824855,
8,140.688,0.009854666077290962,0.019997113206231095,-0.008036972602533117,
8,140.739,0.01087192312722097,0.019796040543246535,-0.008743109055155972,
8,140.791,0.010851796930235667,0.019281799739616867,-0.009096127500760637,
8,140.841,0.009364625576803523,0.018808852467145257,-0.008993480319830301,
8,140.892,0.007457699490958927,0.018601216011898385,-0.008807670947558929,
8,140.943,0.005635586692260567,0.018379583557040512,-0.008583452086157078,
8,140.994,0.003612578344178888,0.01736344462618424,-0.007950944205980862,
8,141.045,0.0022257415582135356,0.015316876736473011,-0.006906557427918874,
8,141.096,0.0021616584052501727,0.013376350500391631,-0.006083578002305606,
8,141.148,0.002750239695191635,0.012463058055677033,-0.005870378620632467,
8,141.198,0.00270595727837443,0.012482785182779278,-0.005864555996855848,
8,141.249,0.0020585104540646578,0.013300154754525666,-0.005992202527240947,
8,141.3,0.0012770685099740644,0.014965098718607014,-0.006396029072842112,
8,141.351,0.0004724645266413512,0.01683905145409019,-0.0069445433114234964,
8,141.402,0.0007218104357534823,0.018094010208306064,-0.007541789176553326,
8,141.454,0.002229578876168496,0.018851161038872084,-0.008122310317157584,
8,141.504,0.004222480627818652,0.019429051099920127,-0.008645469756825746,
8,141.555,0.006567260332786749,0.01984554808131662,-0.009089812972272049,
8,141.606,0.008748519576752071,0.02012507671831165,-0.009447911652162631,
8,141.657,0.00984634199183345,0.020294304993749842,-0.009721929959740276,
8,141.708,0.010161108654775246,0.02037919726937756,-0.009920010351845093,
8,141.759,0.010550875977786688,0.020403180831393163,-0.010053475361361554,
8,141.81,0.010756600075314926,0.02018534015803645,-0.009933943833926082,
8,141.86,0.01062692758244422,0.01962907137925311,-0.009460921314198878,
8,141.912,0.010493398666415776,0.019101271867119653,-0.009000019995253133,
8,141.963,0.010568956923241796,0.01883496478076874,-0.008784752081423453,
8,142.014,0.01077254370359321,0.018757759634153968,-0.008744314746594024,
8,142.065,0.01104188694348752,0.018808037464170247,-0.008819253743617188,
8,142.116,0.011532599570492814,0.018735204049522926,-0.008962169419440525,
8,142.166,0.011523366183173773,0.01838843035348292,-0.009137201131714732,
8,142.217,0.010993399744951655,0.018094655823900404,-0.009318769609911287,
8,142.268,0.01057370171376198,0.01826013962760963,-0.009489944428495828,
8,142.32,0.010258440290969567,0.018907709238483988,-0.009640702191674072,
8,142.371,0.010035485489211186,0.01941077650308134,-0.009766254551886676,
8,142.422,0.009889642411977918,0.019379086519243607,-0.009865555332349509,
8,142.473,0.010005804792853555,0.019207808573397257,-0.009940042446264,
8,142.524,0.010079839395384965,0.019161598679462547,-0.009791797813576478,
8,142.575,0.00951840685960586,0.018998479918111415,-0.009311779181594182,
8,142.626,0.008795351972351158,0.01857265171404647,-0.008858371999173715,
8,142.677,0.008026725843888003,0.01821337631443604,-0.00865928953527774,
8,142.728,0.007089785272223023,0.018126480150721085,-0.00863931160437289,
8,142.778,0.0067226646205103425,0.018221255498570697,-0.008735807537533297,
8,142.83,0.006549657268250863,0.01842493251795413,-0.008899252310150983,
8,142.881,0.006113375747471791,0.01868209171172359,-0.009092504739453602,
8,142.932,0.0053424572832226035,0.018952893291907514,-0.009289349718481566,
8,142.983,0.004017182138654618,0.01921069000908033,-0.009472685546108238,
8,143.034,0.003647835359190448,0.019439436334509803,-0.009632629256916865,
8,143.086,0.0045237465794525705,0.019631175162213226,-0.009965555221212462,
8,143.136,0.0051237726739538,0.019783776130451906,-0.01058351218009364,
8,143.187,0.005498657245105341,0.01989901700820423,-0.011133797928071608,
8,143.238,0.005699031178428659,0.019981039235757798,-0.011194808970204693,
8,143.289,0.004968051091395106,0.0200351675013928,-0.010535454387676824,
8,143.34,0.003698467832161795,0.02006705762066439,-0.009467060440278239,
8,143.391,0.002787941585799365,0.020282957082511502,-0.008422989907584628,
8,143.442,0.002381676488380164,0.020800360923608926,-0.007679226690696604,
8,143.493,0.0023314567362881754,0.02126873656448717,-0.007589482418286559,
8,143.544,0.002714455196241373,0.021467208001236016,-0.008127237325598783,
8,143.594,0.0037461985417614435,0.021476632063865155,-0.009024240083405745,
8,143.645,0.004508630935414381,0.021364053234757343,-0.009677920354198583,
8,143.697,0.004032923223742111,0.02098143785486351,-0.009520532007412805,
8,143.748,0.003203015009973904,0.02025553728032878,-0.00885560710608894,
8,143.799,0.0028151101264994385,0.019367784324625333,-0.00832025588564,
8,143.85,0.0029426801566933827,0.018447543363881453,-0.008111847217416175,
8,143.901,0.003189769017750849,0.01758039231362359,-0.008129865847801152,
8,143.952,0.00269032733854718,0.01681695180527815,-0.008291656475443152,
8,144.005,0.0017522190284258929,0.016382189687405648,-0.00853265829337636,
8,144.054,0.0008089663440371349,0.016193151906976067,-0.008805101819589439,
8,144.105,-6.181093878039758e-05,0.015976062212060823,-0.008874990546394696,
8,144.156,-1.281883477709532e-05,0.015959254601099676,-0.008809356037661819,
8,144.207,0.0012246340417105153,0.01627308208195075,-0.009063743451988284,
8,144.258,0.0029240655329619628,0.016572918383741173,-0.009502941597133585,end
9,146.298,0.006576672139393114,0.019124212237477355,-0.008903606996191055,start
9,146.349,0.0065831098709287,0.019394827937285076,-0.008092599675880364,
9,146.4,0.006460062022885961,0.019416169643996176,-0.0073240196442852954,
9,146.451,0.0052596849806703545,0.019075090983004323,-0.006644393114523109,
9,146.502,0.0040672926135188105,0.018528973491502194,-0.00607641380215445,
9,146.554,0.0035783112041487485,0.017895225539582168,-0.005826501004675924,
9,146.604,0.0033789114083901998,0.017457020479910466,-0.006202324327294763,
9,146.654,0.0037829210131654026,0.017380263340202456,-0.006949273284253375,
9,146.706,0.004742306330356821,0.017541487546676546,-0.0076734055861246535,
9,146.757,0.005378311003811489,0.01784238975684786,-0.008324732336221004,
9,146.808,0.005554988890955286,0.018208702153179396,-0.008877041800811636,
9,146.859,0.006025384657775422,0.018587538329944513,-0.009321477445521103,
9,146.91,0.0070480356291855815,0.018943973430845314,-0.009661024995843771,
9,146.961,0.008141889576604033,0.01925740790156116,-0.009705191719547179,
9,147.011,0.008791869276116013,0.019518084575747194,-0.009355533774311862,
9,147.063,0.008502453457444234,0.019723983896217344,-0.00898221866091616,
9,147.114,0.007633804653086723,0.019878211071341387,-0.008824554337548708,
9,147.166,0.007065946415331637,0.019986908633621164,-0.00881786370101969,
9,147.216,0.006736618688410161,0.020057673657159294,-0.009109371408389917,
9,147.266,0.006586728908006254,0.020098425789285532,-0.009769544914500649,
9,147.318,0.006563963095604046,0.020116655347475153,-0.010412295118584594,
9,147.369,0.005821222669566618,0.02011897557470473,-0.01079140285621315,
9,147.42,0.004274725016409328,0.020110905936167035,-0.01097096805535119,
9,147.47,0.0033411402184746032,0.01989598734760007,-0.011008131246372831,
9,147.522,0.0030764797777026896,0.019364837365467073,-0.01075014558702114,
9,147.572,0.0028604287804867164,0.018874374665372926,-0.010323590639754923,
9,147.623,0.0024920759936477594,0.018449407383000178,-0.010024023811814253,
9,147.675,0.0010514669962733512,0.017698917469373434,-0.009629132594341719,
9,147.726,-0.00035860509547595767,0.016799942568669877,-0.009204827911742918,
9,147.777,-0.0008324817001046673,0.01627962167066589,-0.008795744722250736,
9,147.828,-0.001270360707740026,0.016244783934548288,-0.008429286929736997,
9,147.879,-0.0014491426088022706,0.016524110206967087,-0.008521273135663551,
9,147.931,-0.001246556357314281,0.016982486802900338,-0.008899893534701093,
9,147.981,-0.0008156535096096934,0.017518874620240456,-0.00923109767117239,
9,148.032,-7.210172376785422e-05,0.018062205163936296,-0.009505284539721359,
9,148.083,0.0006114021944543278,0.01856634081213371,-0.0097208769153366,
9,148.134,0.0007998187729204339,0.01900483979175241,-0.009881570340817741,
9,148.185,0.0002539068571821578,0.01916518279615419,-0.00999414518096182,
9,148.236,-0.0005182791178329582,0.018933415473696334,-0.00986598191007692,
9,148.287,-0.0007710529689823247,0.018669619917111944,-0.009392883025056748,
9,148.338,-0.0004695612013317098,0.01860730826933974,-0.008937398480445726,
9,148.389,0.0001631897958913899,0.01867922434678256,-0.008730635226263177,
9,148.44,0.0007567296755010509,0.01883145031474908,-0.00869999976232057,
9,148.491,0.0004741057084353726,0.019022954315472063,-0.008583951524787269,
9,148.542,-0.0007494104387790394,0.019224265163501165,-0.008221612574609558,
9,148.593,-0.0018755789777189493,0.019214859995079388,-0.007931256295088458,
9,148.644,-0.0020455098379795577,0.018870233679513796,-0.007911225192970526,
9,148.695,-0.0007851704353531342,0.01853913144639442,-0.008066176726941753,
9,148.746,0.0008895602610979538,0.018243301493100186,-0.008320905850496213,
9,148.797,0.001892189913438971,0.017793024859467904,-0.008619164212160774,
9,148.848,0.00238322181607597,0.01748069954644808,-0.008921379990798154,
9,148.898,0.0023058597666139997,0.017482773354467573,-0.009201855825051196,
9,148.95,0.0018701721430313045,0.017686320926151317,-0.009445857117691135,
9,149.001,0.0016413394679100028,0.018002732324872043,-0.009646863938334653,end
10,149.816,0.0033369626863395912,0.019999264986726273,-0.008544390301292852,start
10,149.868,0.0028795326744062042,0.0200402518134259,-0.008030915028613679,
10,149.919,0.0019531690919980496,0.019862471554593076,-0.007458112974671524,
10,149.971,0.0008004722368025796,0.01915699908140638,-0.007094110426141469,
10,150.021,-0.00040478368169820817,0.01816976344122081,-0.00709409700218897,
10,150.072,-0.0011452587441657795,0.017482793928836223,-0.0073275296415130945,
10,150.123,-0.001327327308631751,0.017244420854380254,-0.007691930820452504,
10,150.174,-0.0005341338416650365,0.017312905129736805,-0.00811105526535665,
10,150.225,0.0016241600742976773,0.01757269125941034,-0.008732440498921298,
10,150.276,0.0034804117617793146,0.01793429960834035,-0.009433627973174565,
10,150.327,0.004190494454022319,0.01833216254354841,-0.009728000608451798,
10,150.378,0.004710937464064931,0.018721315706338604,-0.00953698029241951,
10,150.429,0.0054696130946317,0.01907362082227733,-0.009049997783850827,
10,150.48,0.006119298887011685,0.019173157841317175,-0.008412320458863885,
10,150.531,0.00624522505867274,0.018098417221066285,-0.0077292216089086775,
10,150.582,0.005221786484086533,0.014750220220665603,-0.007272700945376835,
10,150.633,0.0031417501145249997,0.01021291073150924,-0.00739983774697544,
10,150.684,0.0009528269585190708,0.006884129144497632,-0.008091924477723672,
10,150.735,0.0030874196387733793,0.0043970176806514055,-0.00989407961376295,
10,150.786,0.012643434365327173,0.0022478436084596293,-0.013066740089851207,
10,150.836,0.022576515985929965,0.0022955596971634146,-0.015658503539233686,
10,150.888,0.027535130777392346,0.004752589749100727,-0.016464500521993036,
10,150.939,0.028302519955846674,0.008356621630438073,-0.016060444906578396,
10,150.99,0.02591854580016414,0.012205926884461978,-0.014912779382724894,
10,151.041,0.0227091210992221,0.015501643263679546,-0.013581228101065365,
10,151.092,0.019228116619566735,0.01797672460358726,-0.012238709530438308,
10,151.142,0.014647573239257871,0.019726658545447574,-0.010595338925801962,
10,151.194,0.009930643458260764,0.021071773491623452,-0.008891034056867577,
10,151.245,0.006509337628152593,0.02225003306716458,-0.007887062581594273,
10,151.296,0.004997162177031826,0.023226626022975434,-0.007814570821398614,
10,151.346,0.005232556031639612,0.023794593033049368,-0.008144474867576922,
10,151.398,0.00596734517807763,0.02365319309668357,-0.008505120093196933,
10,151.448,0.006160059484299103,0.02306819872462262,-0.00865567568627101,
10,151.5,0.006190465506202304,0.022446532657905343,-0.008458561662685922,
10,151.551,0.006515999550589778,0.021851287730924047,-0.008255137703336675,
10,151.602,0.0070046631292533116,0.021320806128424883,-0.008264842263582673,
10,151.653,0.007357860392832434,0.020874476007484377,-0.008209623871108658,
10,151.704,0.007394968912192113,0.02051797181259601,-0.007916369272058008,
10,151.755,0.007828873340370917,0.020247716829823098,-0.007694841598712638,
10,151.806,0.008482406389961636,0.020054488430354993,-0.0077379458401161385,
10,151.858,0.008822630709839227,0.01992618385489637,-0.007947309454113049,
10,151.908,0.009135416252110808,0.01964899176895067,-0.008246484868456251,
10,151.959,0.009405476746607796,0.019097744593488637,-0.00857922742223095,
10,152.009,0.009425606915817111,0.018615849014659076,-0.008705934295481211,
10,152.061,0.008882159449023328,0.018417978184932262,-0.008489487410670345,
10,152.112,0.00822175127076848,0.018217329058078383,-0.008472013574272533,
10,152.163,0.007941050347071942,0.017830183249505752,-0.008985222453567403,
10,152.214,0.008127258587799342,0.017555361926113146,-0.009596724007015516,
10,152.265,0.008196293675300594,0.017575491088104522,-0.009820474369963451,
10,152.317,0.006979631819312346,0.01758233649663053,-0.0095767316135215,
10,152.367,0.005236958566070688,0.017379278778430776,-0.00925357578109464,
10,152.417,0.004100256692748496,0.017057911696603322,-0.009106282132752429,
10,152.469,0.0032426770373522205,0.016686483252785215,-0.009284444231040957,
10,152.521,0.003436339811176234,0.016513619665971837,-0.00985785915044443,
10,152.571,0.004489494588362613,0.016481992686029474,-0.010437872013164042,
10,152.622,0.00480428038045723,0.01634265507029126,-0.010774688379919595,
10,152.673,0.004821057911403133,0.01634626420135719,-0.01072763901941003,
10,152.724,0.005247860555484777,0.016642096169994135,-0.01023734276669599,
10,152.775,0.005300845935492466,0.016900746843033818,-0.00970299028908156,
10,152.825,0.004507325572282502,0.016913939275232766,-0.00938414232410066,
10,152.877,0.0034354773424754154,0.016969480549027593,-0.009429956326358197,
10,152.928,0.0024720620422983694,0.01724855415033491,-0.009906800100396124,
10,152.979,0.002258085821896414,0.01764857160508045,-0.010420945314547804,
10,153.03,0.0031444539255405177,0.01809402179914432,-0.010716877143890498,
10,153.081,0.004866158190846819,0.01853282579409603,-0.010849084254818104,
10,153.132,0.006583628812331614,0.01893211659485832,-0.010865665610816361,
10,153.182,0.007758746507207384,0.019273989135281114,-0.010806758173315358,
10,153.233,0.00909412501237012,0.019551572581299876,-0.010704168120404632,
10,153.285,0.010425011455957662,0.01976562487845841,-0.010581803569057935,
10,153.337,0.01104360122613448,0.01972090215780398,-0.010255752925150083,
10,153.387,0.010753997660026849,0.019312972756813943,-0.009624427013951277,
10,153.438,0.009905187757986914,0.018905704229537884,-0.008848028936803542,end
11,154.713,5.673083008453551e-05,0.016902719663866226,-0.007638114327706783,start
11,154.764,-0.0009384543325410344,0.0169558760431872,-0.007278688989959257,
11,154.815,-0.0004971603033294903,0.017234512985812054,-0.007266783332092267,
11,154.866,0.0010308048433567481,0.017635378364200226,-0.0076795500337809445,
11,154.916,0.002932127796514906,0.018082432234114747,-0.008532355683832307,
11,154.969,0.0045184971861198,0.0185231957789247,-0.009398038504078372,
11,155.021,0.0053737647665536336,0.018924516952462767,-0.01000160316342589,
11,155.07,0.005289765160022431,0.019268302181173685,-0.010388571498347047,
11,155.121,0.00481094673334718,0.019547569185481003,-0.010605538941331758,
11,155.172,0.004117375791125668,0.019562189186342113,-0.010696046304909897,
11,155.224,0.0031409562922241154,0.019205069293571193,-0.010698177532181776,
11,155.274,0.0028649052179887616,0.018638222125689094,-0.010643457379640446,
11,155.325,0.003261046304315186,0.018183236498550387,-0.010757505022166198,
11,155.376,0.003654808170397129,0.01823821132460632,-0.011171463963288596,
11,155.427,0.003814578210266706,0.01861583375355313,-0.01154368306643214,
11,155.478,0.003610608696392334,0.018969217346079342,-0.011658396955373905,
11,155.529,0.0027880725262320574,0.019278666796094083,-0.011397910459619763,
11,155.58,0.002036562169336377,0.01953507987052269,-0.010917714402136196,
11,155.631,0.0027968113454058287,0.01973687943385936,-0.010736850402455473,
11,155.681,0.004465556374624079,0.01988744128025374,-0.010762492909728512,
11,155.733,0.0061812432394730025,0.019792212928033865,-0.010717685075822941,
11,155.784,0.007588375601158885,0.019346163021489993,-0.010631293375679656,
11,155.835,0.007881241620630237,0.018911779560470802,-0.010525171943349194,
11,155.888,0.007435944266395011,0.018720607575245424,-0.010414921919013786,
11,155.937,0.006552996975294839,0.01870077715155333,-0.010310880782014758,
11,155.989,0.005058625125655695,0.018792429948476994,-0.010219179709210815,
11,156.04,0.0040954978821405395,0.018948219893907787,-0.010142759620229126,
11,156.09,0.00415295749683959,0.01913262915247899,-0.010082279104058746,
11,156.141,0.004257855166060601,0.01911974556169559,-0.010036880066689926,
11,156.192,0.003983083200276308,0.01878052922634268,-0.010004800620801637,
11,156.243,0.0036877165691122944,0.018259269306014545,-0.009983840768351172,end
12,157.619,0.004170463143675598,0.018010705439869656,-0.007166721855978531,start
12,157.672,0.004909208203229713,0.01788575168277316,-0.007489765406387616,
12,157.722,0.005791964414070473,0.017975457285866792,-0.007898605720283846,
12,157.773,0.006495333879898679,0.018597295949380695,-0.008128794706835345,
12,157.824,0.006223814653901766,0.01930963086119906,-0.00802507985591309,
12,157.875,0.006152195768029968,0.019821947695661025,-0.007715547038325754,
12,157.926,0.0066162039771049275,0.020164826443486345,-0.007298878394176797,
12,157.977,0.006984794750114479,0.02037149117689463,-0.007047804113321938,
12,158.027,0.007664246542078412,0.02027335909344836,-0.0073247710096083565,
12,158.079,0.008287653156143687,0.019786794737096984,-0.008118981872944952,
12,158.129,0.008021700074892819,0.019291029800085308,-0.008980292586044233,
12,158.182,0.006805052405695071,0.01882919057037182,-0.009614612163687955,
12,158.231,0.005076412819907965,0.018426210789542638,-0.00985155988399029,
12,158.283,0.0033591076895058635,0.01829418702344025,-0.00961378406601807,
12,158.334,0.0023895299633009594,0.01814571358471792,-0.009291478586962108,
12,158.385,0.0019773978934988765,0.017998617508545995,-0.009141685450437633,
12,158.436,0.001554225137604307,0.018065055198689627,-0.008913733115766853,
12,158.486,0.0013588000089590044,0.018263105928613386,-0.008453131803783116,
12,158.538,0.0015259740041771582,0.018529656783191288,-0.008081156066126007,
12,158.589,0.002313939150632506,0.018617893689415382,-0.008197569887040278,
12,158.639,0.003436749688393874,0.01838384663878772,-0.00881869483286908,
12,158.691,0.003880779952355554,0.01816273774229194,-0.009512786261901942,
12,158.742,0.003452135643977583,0.017766855538397457,-0.009997082433905258,
12,158.792,0.0016949000152060945,0.015884849203581332,-0.010107087251238617,
12,158.844,-0.0015765995008578566,0.012397568333950797,-0.00976736900908932,
12,158.896,-0.004150628017670057,0.009566723108026672,-0.00936734458926664,
12,158.947,-0.004062215257237103,0.008790131079435992,-0.009161611711912519,
12,158.996,-0.002474177847450403,0.009393423824932539,-0.009097015248490102,
12,159.047,-0.0014577619951079879,0.010833243197631962,-0.009128126098774983,
12,159.1,-0.0010904423679728454,0.01309557184536486,-0.009017286083950148,
12,159.15,-0.0011689296606244045,0.01570367738867186,-0.00862347616996396,
12,159.201,-0.001727864406638116,0.017922362016270735,-0.008079819189788225,
12,159.252,-0.002349200046856439,0.018909721700268913,-0.00748373141073603,
12,159.303,-0.002759808897704633,0.018224716593363294,-0.007303570164567309,
12,159.354,-0.002198947544889974,0.017124667554445895,-0.007806304327935822,
12,159.405,-0.0008592545614545971,0.016850968477530395,-0.008505794480963185,
12,159.456,0.0002698201435203542,0.017129237414183745,-0.008873614613488805,
12,159.506,0.001976446634032861,0.01733749026689393,-0.008798335747862384,
12,159.558,0.005523056880882552,0.017082441212511106,-0.008645755725812035,
12,159.609,0.010366499370739213,0.01655074174101309,-0.008656689425280216,
12,159.659,0.015451743054156824,0.016285992669703767,-0.008771614559604266,
12,159.711,0.01867688182832332,0.016414554513310222,-0.008944002426677358,
12,159.761,0.017839115370658135,0.01678503909912171,-0.009139395591566983,
12,159.812,0.014061231762398254,0.017280918898246466,-0.009333846630157806,
12,159.863,0.009906191901642618,0.017817385369167823,-0.00951207250942841,
12,159.915,0.007449720281227401,0.018336785955476744,-0.009665574855868185,
12,159.965,0.006882465851380213,0.018602682407402624,-0.009790889351546634,
12,160.016,0.006367431350906103,0.018483799554610863,-0.009687224922833838,
12,160.067,0.0057264290314153685,0.018328521829735562,-0.009244198575609213,
12,160.12,0.005457798304376149,0.01836320985056479,-0.008619111780332419,
12,160.169,0.005248735051614176,0.01851694608576782,-0.007927475623153537,
12,160.22,0.00549633757630739,0.0187346839123143,-0.007449553113132313,
12,160.272,0.006016932631677601,0.018975977624436275,-0.007347923004982144,
12,160.323,0.006670790663244047,0.019212994980686838,-0.007495792905988591,
12,160.373,0.008160925052628347,0.01942822926467942,-0.0077918011205015845,
12,160.424,0.009465197948686738,0.019612202426546224,-0.007958205049856847,
12,160.475,0.0097421569100983,0.01976134701860116,-0.007827285612166985,
12,160.527,0.009538831082825014,0.01987617295238225,-0.007516194587428625,
12,160.577,0.008842974079652035,0.019959764197077828,-0.007114541257316701,
12,160.629,0.008087965707217159,0.020016607851786907,-0.006887905511640397,
12,160.68,0.006954005638434329,0.019850896795286583,-0.006791723997050338,
12,160.731,0.005266431943451327,0.019354928419710954,-0.006586102442643572,
12,160.781,0.0043635342137573405,0.0186869918613715,-0.0063268096417554084,
12,160.832,0.0038355888663263184,0.017962420900818836,-0.006053924592820556,
12,160.884,0.003188864172315298,0.017460568328853836,-0.0059950775911164775,
12,160.935,0.0025179137954826273,0.0173427057482538,-0.006279065259239127,
12,160.986,0.0018853260064853,0.017681417704026633,-0.006960950413178177,
12,161.037,0.0023323283676821576,0.018486578192467216,-0.00784324953635735,
12,161.088,0.003636651940508035,0.019325381179407995,-0.00838153901236151,
12,161.139,0.00558687261815535,0.019716709575129412,-0.008455121059097386,
12,161.189,0.00759383876256441,0.019588779032980785,-0.008224751180751036,
12,161.24,0.008873471193419922,0.01953976538704249,-0.008018781333327004,
12,161.292,0.010587998003030542,0.0199469699610277,-0.008045840409869854,
12,161.342,0.012242877460958023,0.020413224983133565,-0.008220179195906601,
12,161.394,0.012722391523458856,0.02067906256510208,-0.008474970811863944,
12,161.445,0.012208728501339522,0.020795006460227434,-0.008760892681368074,
12,161.495,0.010898520501793567,0.020805501634227837,-0.009043810893152341,
12,161.546,0.009383534356365273,0.02074752399508411,-0.00930207490495003,
12,161.597,0.007658083858806061,0.020650288756401156,-0.009523779665422697,
12,161.648,0.005936263137723124,0.020535686839250045,-0.009704226782820236,
12,161.7,0.003953422887991995,0.020419153144938456,-0.009642883650037987,
12,161.751,0.0013599648175360796,0.02031074205750744,-0.009431395874657689,
12,161.801,-0.0012159388097472423,0.020216249454492678,-0.009341435802679435,
12,161.853,-0.0035736526110824434,0.020138274410823546,-0.009336644514241576,
12,161.904,-0.004597858441074739,0.020077156934473265,-0.009587694912552834,
12,161.957,-0.0044837052266052035,0.020031760863330455,-0.009781828366820466,
12,162.006,-0.004251134977980757,0.02000009456316564,-0.009723028983320869,
12,162.057,-0.003157966333090331,0.01977894408062173,-0.009908401604633311,
12,162.108,-0.0013998359495374056,0.01925319975457183,-0.010034649036662785,
12,162.16,-0.00015980265552206562,0.01857433856047997,-0.009711167233007497,
12,162.209,0.0002466647941489597,0.01785181089768006,-0.009326070961243162,
12,162.261,0.00028670422559283666,0.017360154482383875,-0.009133227928045638,
12,162.312,8.851797780466507e-05,0.017256897814491117,-0.009280012209270466,
12,162.363,-0.000447367343949384,0.017411036887609647,-0.00983365895709287,
12,162.414,-0.0005542859959966003,0.017717874589702563,-0.010603771213525707,
12,162.465,0.0010283385203416655,0.01809799645738742,-0.011651681828598687,
12,162.516,0.003567416439488591,0.01829374907603716,-0.012793576560410877,
12,162.567,0.0051101087099274765,0.018154697052003618,-0.013502348481423192,
12,162.617,0.005889837700787749,0.017812088085960773,-0.013675564663553725,
12,162.668,0.00672010165627733,0.01716561687087832,-0.01349138629320742,
12,162.72,0.007114410999641838,0.016376196405973643,-0.01309278806309944,
12,162.77,0.007197443947243949,0.015960179410237734,-0.012588692102017247,
12,162.822,0.007676669942426898,0.0158170653893944,-0.01185659712713447,
12,162.872,0.007568162452078556,0.015458807644746525,-0.010836252702466138,
12,162.923,0.00628809334662882,0.014991347226941072,-0.009913840505803784,
12,162.974,0.005363642058783964,0.014893069531860577,-0.009329171515226409,
12,163.026,0.005143198489145272,0.015240296386974562,-0.009008083133627423,
12,163.077,0.004588645724995385,0.015845354335107555,-0.00888183672238317,
12,163.127,0.0034626933473306076,0.01656716625146781,-0.008890694319816842,
12,163.179,0.0024623919128109214,0.017305872854585472,-0.00898548951954472,
12,163.23,0.0026272028596817393,0.017996072032019562,-0.009127785706081498,
12,163.282,0.003526020590387305,0.018599714807814176,-0.009289115578236971,
12,163.331,0.004220888593678217,0.01889851813250056,-0.009449692546743195,
12,163.382,0.004528298317447347,0.018776974645110026,-0.009396053279855036,
12,163.433,0.004160848478986026,0.018596438748075334,-0.009008501473299723,
12,163.485,0.003590928595686781,0.018392571052052078,-0.008638761379918767,
12,163.536,0.0033386051864388185,0.017989283213083625,-0.0085109810136562,
12,163.586,0.0031094091217365324,0.017490494467108025,-0.00854864692975932,
12,163.637,0.0027126242728008694,0.016970525494436468,-0.00868939624007394,
12,163.689,0.0026418985113062193,0.016679577114280007,-0.008884951364406464,
12,163.741,0.0031876402036153497,0.016759717989738056,-0.00930078031729628,
12,163.791,0.004084912925942863,0.01707141953604727,-0.009824477249432865,
12,163.842,0.005135559590674431,0.01750659281035469,-0.009973617776950482,
12,163.892,0.005999337129436185,0.01798599589151362,-0.009870555003338109,
12,163.943,0.0062722083152490764,0.018455253717998662,-0.009814854299719011,
12,163.995,0.005943346460001635,0.018679474108259833,-0.009794003962907557,
12,164.045,0.005656648116090555,0.018527693306016776,-0.009797179942195337,
12,164.097,0.005821690186898864,0.01834779029364007,-0.009815510098854978,
12,164.147,0.006263198266524143,0.01836513694603734,-0.009842086885531877,
12,164.198,0.007047384029116267,0.0185075964576731,-0.00987181765576472,
12,164.25,0.007586682982091401,0.018718853028211125,-0.009901182862493809,
12,164.301,0.006921431372774125,0.01895726172655413,-0.00972712095013896,
12,164.352,0.005537081372710905,0.018993098632014236,-0.009235740082501408,
12,164.403,0.0046060807647768445,0.018695303248207527,-0.008781154196864685,
12,164.453,0.004040626988960853,0.01840828887240129,-0.008386685287613285,
12,164.505,0.003554208440071247,0.018352079426826078,-0.007861627891220717,
12,164.556,0.003559222252954084,0.0184484125776204,-0.0074958307019254425,
12,164.606,0.004280681501247176,0.01843400672604008,-0.007462394701745407,
12,164.658,0.006006177779108689,0.018148901861255926,-0.007644805091053555,
12,164.709,0.007835332348754515,0.01791392088453932,-0.007950995236119376,
12,164.76,0.008579857725475492,0.017930797431594512,-0.00831197440345871,
12,164.811,0.008769777855484018,0.018107847437436233,-0.008679093888186872,
12,164.861,0.008789577771544977,0.018373401897464833,-0.009020659495646356,
12,164.912,0.008497846575284298,0.01867438591611929,-0.009117563281139045,
12,164.965,0.008230583853669414,0.018973913648388647,-0.008848934558572828,
12,165.014,0.008201317821304161,0.01924844528936993,-0.008568284530740483,
12,165.065,0.00772454140642185,0.019284057915896987,-0.0083024702087045,
12,165.116,0.00639655365261906,0.018962744923801542,-0.007866690918563676,
12,165.167,0.005030989362769475,0.018639162977995647,-0.007758579305153975,
12,165.22,0.003951859466711442,0.018540953948910286,-0.008270970151687129,
12,165.27,0.003143124950439419,0.018595177657931467,-0.008939325418900298,
12,165.321,0.0029744446818997824,0.01854197470406341,-0.009453183758923907,
12,165.371,0.0034306485152119036,0.018223313816567357,-0.009826675237505671,
12,165.422,0.00405014063928745,0.017960833863069906,-0.010080138350011496,
12,165.474,0.003921257390054624,0.01795630521708155,-0.010236259515941992,
12,165.525,0.003322756081743855,0.01811757784071969,-0.010317408520928108,
12,165.576,0.003274478813774145,0.018372231775420588,-0.010343955034651816,
12,165.627,0.003181299549153503,0.018465485069703445,-0.010132515927622219,
12,165.677,0.0030668077328564534,0.01824689879937201,-0.009383762700926862,
12,165.728,0.003751179225333474,0.017845873536545532,-0.008350552176240247,
12,165.779,0.004892924998129936,0.017360056493096004,-0.007619573215947752,
12,165.831,0.006035454422489274,0.017059719131495035,-0.007341986660688287,
12,165.882,0.006685035787310431,0.01710330024487067,-0.007377483510800318,
12,165.933,0.00656461372462645,0.01736395297941249,-0.007410091643976832,
12,165.983,0.0059600227006299696,0.01774288579544543,-0.007237393914225825,
12,166.034,0.005093478058823034,0.017966403082947502,-0.0069468963600688135,
12,166.085,0.004530208903894313,0.01787145480896686,-0.006604184381648678,
12,166.137,0.0046083626216122265,0.017780719336537205,-0.0062555158417019795,
12,166.188,0.004890781870872723,0.017900808501153703,-0.006131870458494755,
12,166.239,0.004879852105574903,0.018146463192627003,-0.006363310540328185,
12,166.29,0.004681660524490464,0.018452915235991234,-0.006803892848228634,
12,166.341,0.004580123361372608,0.01877374140084141,-0.007343215342287196,
12,166.391,0.004548732489738675,0.019078013354009816,-0.007701705707743521,
12,166.442,0.004966519098722827,0.019347225018589122,-0.007915420337147748,
12,166.493,0.005638824130977966,0.01957232400806148,-0.008219948045088682,
12,166.545,0.006219522698886071,0.019751048284331333,-0.008558255095492838,
12,166.596,0.007096487104785765,0.019885672527059677,-0.008891049202475486,
12,166.646,0.007691345163269116,0.019780364658283596,-0.008992739416240823,
12,166.697,0.007655819563267614,0.019328802050824313,-0.008737208010048625,
12,166.748,0.0070180166731352595,0.018892277677475883,-0.008674767002328254,
12,166.799,0.006045179231042096,0.018701299268616814,-0.009142848232273144,
12,166.85,0.005337285574967102,0.018683144098546774,-0.00971274447385736,
12,166.901,0.004655347916213702,0.018777287846155757,-0.010302158191540185,
12,166.952,0.004446506900719537,0.018735058128503,-0.011057573483536826,
12,167.003,0.005160365033791772,0.018407923882941452,-0.011858769014691755,
12,167.055,0.006609484645213683,0.01812517916241689,-0.012624962961681108,
12,167.106,0.007811251574113485,0.017893617594383023,-0.013106323920667415,
12,167.156,0.008155335414484433,0.017512650906765372,-0.013165503756635678,
12,167.207,0.008524202407584145,0.017267301044571946,-0.012748329303256214,
12,167.259,0.008477664439852173,0.01732947270148718,-0.011657490050664123,
12,167.31,0.007766777106364138,0.017583879293214307,-0.010222225736888167,
12,167.36,0.007490250948682964,0.017941138693717034,-0.009083030943239909,
12,167.412,0.007313683647187012,0.018335663016755342,-0.008426069909298364,
12,167.463,0.006412074751929995,0.018722393750363237,-0.00813116619327236,
12,167.513,0.004917055023874065,0.0190730586346111,-0.008092159131497264,
12,167.564,0.002759883145115329,0.019372422506657026,-0.008220405354834632,
12,167.615,0.00035133205177901667,0.019414001803665145,-0.008244783611039891,
12,167.667,-0.001422453272185774,0.019086076702456278,-0.007999753941403193,
12,167.718,-0.0028474699329254886,0.01874834640151506,-0.0078024568215225385,
12,167.768,-0.0041351604085907235,0.0186322922206703,-0.007852456262218761,end
13,171.746,0.0039267480184254425,0.017865103780982095,-0.00916279929046977,start
13,171.798,0.004022967662661675,0.017695319682039454,-0.009386703102036974,
13,171.848,0.003962333014237107,0.017369904027097628,-0.009579572419167305,
13,171.899,0.003404303303920052,0.01737248291186371,-0.009937877511191628,
13,171.95,0.0025720969643079654,0.01798688173968815,-0.010574334858949498,
13,172.002,0.0020325683496554316,0.01874348178831956,-0.011137223105769948,
13,172.052,0.00232659221258891,0.01932966885153681,-0.011406875279177789,
13,172.103,0.0033324299398204043,0.0197594708481353,-0.011466797953193554,
13,172.154,0.003508986222780393,0.020054447559256946,-0.011186562838684685,
13,172.206,0.002536997231554542,0.02023925736567943,-0.01050984560467561,
13,172.257,0.0015089711700679046,0.020338565046721137,-0.00963320699188958,
13,172.307,0.0005275905401907616,0.02017422442265379,-0.0086987719102475,
13,172.359,-0.00014420261094832715,0.01965316094827716,-0.008003169035414976,
13,172.41,-0.0003626402310418504,0.019146005213788755,-0.0077174554066906645,
13,172.461,-0.00027276973370313873,0.01888934446136555,-0.007717577241400502,
13,172.511,7.615040740405177e-06,0.018813957497833163,-0.007901010302811162,
13,172.562,0.0003876621601319037,0.01886088685340501,-0.008187274488494123,
13,172.613,0.0014035983437470736,0.01898249397074933,-0.008315659325091151,
13,172.664,0.0021432483187479308,0.018941393009051666,-0.007930807088615047,
13,172.715,0.0014412811317072239,0.018196739786234956,-0.007247705978548743,
13,172.767,0.00047362298195299546,0.016659015498931028,-0.006829865683208773,
13,172.817,0.00021663347663371485,0.014937018236266952,-0.006816551032617135,
13,172.869,0.0004360772561980431,0.013636838530824043,-0.007063749138449335,
13,172.92,0.0005417862659369358,0.01311330741306315,-0.007257335565950629,
13,172.97,0.0003652256797314825,0.013330771784473394,-0.007200152937487326,
13,173.021,0.00022264843285033043,0.014006005086684366,-0.0071875665234514005,
13,173.072,0.00011332017679416289,0.014920585367741625,-0.007405426725989035,
13,173.124,0.000636599896400293,0.015714366145680097,-0.007753582756148458,
13,173.174,0.0021260678095065045,0.016166071162689907,-0.008157335636447294,
13,173.225,0.0039147142365446395,0.016763765647644945,-0.008564310775323618,
13,173.279,0.005149050136483145,0.01780874314634283,-0.008940658792736238,
13,173.328,0.005928719650874824,0.018855805977758697,-0.009267130719439581,
13,173.379,0.007157489250654229,0.019619258402430402,-0.009535387918452489,
13,173.43,0.00917807953159893,0.020139486079985346,-0.009744758982751503,
13,173.48,0.011745017866846078,0.020461929501383463,-0.01010037748713207,
13,173.531,0.014456146323164632,0.020430787033826867,-0.01072205760208854,
13,173.582,0.016439456032959578,0.01997453983915365,-0.011263601368513142,
13,173.634,0.016591650000676354,0.019683970301985935,-0.0115094118231899,
13,173.684,0.015155561491204365,0.01992466815351243,-0.011545806458639207,
13,173.736,0.013217858845474864,0.02028592541448476,-0.011444968229260185,
13,173.787,0.011314941219943007,0.02049464893595104,-0.011063382519403225,
13,173.837,0.009988868293149045,0.02058877722584562,-0.010331559426714385,
13,173.889,0.009540950941809633,0.02060184803629408,-0.009634734588298381,
13,173.939,0.009893056426721945,0.020561882484170877,-0.00921716794158823,
13,173.99,0.010729971935462842,0.020491112550512423,-0.008811414884454891,
13,174.041,0.011007254155649874,0.020406271373171896,-0.008445834039067446,
13,174.092,0.010300838697778444,0.020319221167571202,-0.008336219734157274,
13,174.144,0.009221109676265247,0.020237747242704305,-0.00819874200465767,
13,174.194,0.008390361108414224,0.02036722841217299,-0.008054438086935999,
13,174.245,0.008589368068754545,0.02082243794085651,-0.008118182271868954,
13,174.297,0.00983449071407054,0.021249151640577866,-0.008310237636355008,
13,174.347,0.010646347971688628,0.021422476452032952,-0.008569157100823259,
13,174.398,0.010311775879588297,0.021218532472430458,-0.008649326405987388,
13,174.449,0.009268816895304665,0.02058817644376786,-0.008407580088061114,
13,174.5,0.007855317394378837,0.01973497907383123,-0.00797879300884791,
13,174.551,0.005715221505073254,0.018807402365641133,-0.007464493000348075,
13,174.602,0.0032810432168828016,0.0181074714585823,-0.00713749829909008,
13,174.653,0.0020588026333453343,0.017609769409315964,-0.007157734416851794,
13,174.704,0.0017120269785034026,0.01708091562218225,-0.00739904191705035,
13,174.756,0.0013520888242493077,0.01677540093144433,-0.007762748821435792,
13,174.806,0.0012134576145242226,0.016838501822207665,-0.007974905281435707,
13,174.858,0.0014287323347518205,0.0171329457700923,-0.008072821367863709,
13,174.908,0.0018536914038700075,0.01755210824170647,-0.008491270588043916,
13,174.959,0.0023789934193160626,0.018017586357745946,-0.00908167875191876,
13,175.011,0.0031272848637335553,0.01847537561490747,-0.009333276205581914,
13,175.061,0.003958478078885225,0.01889145781458994,-0.009146531538950547,
13,175.112,0.004575234187785311,0.019046532149484315,-0.008894490980543485,
13,175.163,0.005004914575178326,0.01882091737498037,-0.008821653747845342,
13,175.214,0.005280095947666409,0.01857010512625636,-0.008869600110799495,
13,175.265,0.005634916522558391,0.018524114710644683,-0.008991159521258637,
13,175.317,0.006213143512782866,0.018613181662044086,-0.008949331829002014,
13,175.367,0.006486534263713449,0.018781712806923475,-0.008605242074814941,
13,175.418,0.005739120775577509,0.018987669744145487,-0.00829577165923539,
13,175.469,0.004196221576257888,0.019000250881364488,-0.008234198895309993,
13,175.52,0.0026687501384466826,0.018486132154232292,-0.008336562024860694,
13,175.573,0.001675547699589725,0.01767551459636536,-0.008335008851588766,
13,175.623,0.0017072878625102074,0.01734235773929041,-0.00826693356945871,
13,175.674,0.0027954940536055978,0.017743851992118104,-0.008563330264889502,
13,175.724,0.004273013330154391,0.01838342878516957,-0.009270504706604496,
13,175.775,0.005881524913808265,0.01892348710777113,-0.010184322316376166,
13,175.826,0.007846498621786761,0.01935633435140931,-0.010956427051703724,
13,175.877,0.009681403064612425,0.019685649486947725,-0.011173950859146003,
13,175.928,0.010682982190449311,0.01992210912070663,-0.010817485239294426,
13,175.979,0.010868812867988367,0.020080020114518298,-0.010322360390479476,
13,176.03,0.010717367257465405,0.02017486828042617,-0.009978914980899806,
13,176.081,0.010562608786722544,0.02022165152310759,-0.009760339571813147,
13,176.132,0.010217324236108516,0.020233849993490906,-0.009840242304618179,
13,176.183,0.009777583394543663,0.020222887521607332,-0.01030598924527411,
13,176.234,0.00951342242543904,0.020197951397099328,-0.01078094924216528,
13,176.285,0.009583924498472148,0.020166056454205356,-0.011022829210217253,
13,176.337,0.010064233208330388,0.020132260693627637,-0.011095791887998514,
13,176.388,0.01036711986212337,0.020099960771161694,-0.011054557857338438,
13,176.439,0.009728550051234533,0.02007121497137174,-0.010742562408882016,
13,176.489,0.007934973245582837,0.020047057863248945,-0.010081143727616032,
13,176.54,0.006147216128920647,0.02002778434371817,-0.009650423282506268,
13,176.591,0.005711810131451356,0.020214024885438026,-0.009803930081887164,
13,176.642,0.004973712341681728,0.020717944494546597,-0.009918132879138817,
13,176.693,0.0026949410668044103,0.021184292799592688,-0.009596286376786197,
13,176.744,0.0008161200026637824,0.02138824766138741,-0.009221467684954807,
13,176.795,0.0005497417562217581,0.021407531684584553,-0.008842785681160328,
13,176.846,0.0013389052777471988,0.021306827629063097,-0.008291213117113382,
13,176.897,0.0021391449307452924,0.021137258940150238,-0.007873900315730771,
13,176.948,0.0026813686000964347,0.020937145852564756,-0.007777053057453457,
13,177.0,0.003014554616815582,0.020733518845080196,-0.007893516943708675,
13,177.05,0.0031869080272086407,0.020343162586541865,-0.008137432313383883,
13,177.101,0.003242265451976007,0.019663572249759766,-0.008443494321834553,
13,177.153,0.0026156393008962514,0.01905390869234948,-0.008764827151844847,
13,177.203,0.0018027946384159776,0.018738902822461424,-0.00907014016797829,
13,177.255,0.0017391516958166781,0.018638181625825565,-0.009139818344542227,
13,177.305,0.0021611230865056282,0.018682983516410585,-0.009052774265161191,
13,177.357,0.002659811898322304,0.018616684116179134,-0.009273875989431858,
13,177.407,0.003368475802975182,0.018283622136926397,-0.009674845631798908,
13,177.459,0.004556545442619344,0.01800706124490375,-0.009958128904810938,
13,177.509,0.005755807284556812,0.017788954506059072,-0.009942343062066096,
13,177.56,0.006062571784165535,0.017425025042091768,-0.009535183257705292,
13,177.612,0.005370620974924148,0.01699680766294109,-0.00890972371788253,
13,177.662,0.004294563026130008,0.01656175931517477,-0.008194502637299221,
13,177.714,0.003259434488862564,0.016358112510847688,-0.0076800026958151685,
13,177.764,0.002735378863193339,0.016319235095183387,-0.007335567127243447,
13,177.816,0.002782033493904486,0.015987488626482454,-0.006927038651913503,
13,177.866,0.002990132441672958,0.01529372682694713,-0.006510222599109358,
13,177.917,0.00328505664153055,0.014624351881161077,-0.006121575572391353,
13,177.969,0.0030094731013535084,0.014426057999762711,-0.005983049810773475,
13,178.02,0.002189298468912818,0.014746655973238373,-0.0062169016169131095,
13,178.07,0.0014874042809998088,0.015374291290721204,-0.0066707922236299445,
13,178.122,0.001118588684001881,0.016148425362936075,-0.007229342449605887,
13,178.172,0.0015955227543488922,0.016954327766549846,-0.007810146009869185,
13,178.224,0.0027773995651621396,0.017715863908044412,-0.008559397475059648,
13,178.274,0.004316448230642214,0.018387768844210988,-0.00935649329885796,
13,178.326,0.005760098850941827,0.018747378563510667,-0.00991940705271849,
13,178.376,0.006223257713050909,0.018676974915690075,-0.010286906965039304,
13,178.428,0.0060203695230235665,0.018537270957908632,-0.010298721713552955,
13,178.478,0.00620994436501419,0.018565177698007616,-0.010081468115540828,
13,178.529,0.007037664084090597,0.01869833997193466,-0.009935587570522276,
13,178.581,0.008007331755135742,0.01868747700222273,-0.010048034987716387,
13,178.631,0.008588473890962345,0.018384282225309072,-0.010317128150453821,
13,178.682,0.008271248450441271,0.018118790336033214,-0.010263401806309072,
13,178.733,0.007604171056683695,0.018099640790041827,-0.010006950698149998,
13,178.785,0.007569638833827711,0.01824002163413477,-0.00984191701184812,
13,178.836,0.0075418972109575705,0.0184714402600347,-0.00974877175706925,
13,178.886,0.007319905674804353,0.018742655447868625,-0.009709214939225391,
13,178.937,0.007392832317974614,0.01901760656685298,-0.00970720488396516,
13,178.989,0.007448213083676376,0.019272865955687335,-0.009729436977335405,
13,179.039,0.007086224533941665,0.019494990152624344,-0.009765430828981975,
13,179.09,0.006485635325311262,0.019678019037483185,-0.009807359294742716,
13,179.141,0.005981100283282051,0.019620437084154018,-0.00984972567557168,
13,179.192,0.0051770334642112364,0.019011497446069874,-0.009888969475847905,
13,179.243,0.003843787639415256,0.018097861938280998,-0.009923058013935617,
13,179.294,0.0026799236098192375,0.0174638720806829,-0.009951101766401776,
13,179.346,0.002320691049113654,0.017060163991242345,-0.009973015834582042,
13,179.396,0.002707202169549451,0.01663574508091999,-0.009989238187348691,
13,179.448,0.0033401137147344895,0.016432971949926243,-0.00979967329627482,
13,179.499,0.00347770960865711,0.016589474803716364,-0.009292521188231399,
13,179.549,0.0028849131819832403,0.016963827446836728,-0.008823258970489233,
13,179.601,0.00207213356211969,0.017447825343482697,-0.008616828606468277,
13,179.651,0.0017860617507989016,0.017963263165355427,-0.008595549121938684,
13,179.702,0.0022624432529356523,0.01845745812681959,-0.008694725893410889,
13,179.753,0.0027878886736494948,0.01889832855480367,-0.008863190256510686,
13,179.804,0.0029009231528487134,0.019269582563337485,-0.009062558997514441,
13,179.855,0.0025395431336851754,0.019566363854300554,-0.009064898671946878,
13,179.906,0.0010995929318812795,0.01979154048467018,-0.00853901818605982,
13,179.957,-0.0009164237302736879,0.019952704137499187,-0.007716608688083459,
13,180.008,-0.00193494597050712,0.020059866134505163,-0.0071717541657745154,
13,180.059,-0.001830234899809561,0.020123785392249533,-0.007049513659850889,
13,180.11,-0.0010135482203946786,0.020154835997379158,-0.007208137306409542,
13,180.161,0.0007966588091204227,0.0201623118389852,-0.007534150822424077,
13,180.212,0.003098641445181161,0.020154067409506555,-0.00794133029418542,
13,180.263,0.005531098887669237,0.02013640306355342,-0.008367855539776392,
13,180.314,0.008253496131073975,0.02011411627774991,-0.008772523977449634,
13,180.366,0.010139812492971077,0.020090655257704964,-0.009130666101083451,
13,180.416,0.010936705460025578,0.02006832584569151,-0.009430197704876412,
13,180.467,0.011171711541752382,0.01984768233556462,-0.00966807695083505,
13,180.518,0.010424970786237026,0.019316741175045064,-0.009847305698844866,
13,180.57,0.009108573456972103,0.018629442480869726,-0.009974520793923776,
13,180.622,0.007934244074418033,0.017897076725705084,-0.00985732356801432,
13,180.671,0.00694536813312616,0.017395474274052056,-0.009391953327400853,
13,180.722,0.006154872869732337,0.017283001339293367,-0.008941500246598719,
13,180.773,0.005555112580635394,0.01742913255895781,-0.008536800764750132,
13,180.824,0.005125861281212447,0.017729380723990145,-0.007993122678870406,
13,180.875,0.00443878211634623,0.018104352054341598,-0.007604819650172222,
13,180.926,0.0030390391346557808,0.018497124456484812,-0.007347360380073348,
13,180.977,0.0010938406622739375,0.018869760836457642,-0.007194500550354535,
13,181.028,-0.0010449219999416146,0.018998714121432947,-0.0073218391476068505,
13,181.079,-0.0029351794877763276,0.018760187959139394,-0.007417820230920088,
13,181.13,-0.003510038593041376,0.018505973576233403,-0.007485979631705122,end
14,183.017,0.0026907414241220413,0.017966960855933748,-0.010188573657593554,start
14,183.068,0.0038069796058333534,0.017577292032142724,-0.009806674248395748,
14,183.12,0.004016219172392577,0.01752200185176649,-0.009376439346251127,
14,183.171,0.003626944843285105,0.01768560758025636,-0.009150600316277418,
14,183.221,0.0032867517725521113,0.017775625866315255,-0.009073993324483656,
14,183.272,0.0038087005521436094,0.01761038359676168,-0.009099250634787942,
14,183.323,0.004640821725237081,0.01749553771652714,-0.009187809764731934,
14,183.374,0.004400023331261539,0.017623073260922207,-0.009309853352540838,
14,183.426,0.003490450491428174,0.017895815132957984,-0.009443568064947491,
14,183.477,0.002827528234455241,0.018239775007678777,-0.009574026305263468,
14,183.528,0.0025768842039145105,0.01860177917034524,-0.009892749495713043,
14,183.579,0.0024099568951289523,0.018946275017100424,-0.01050744621974488,
14,183.629,0.0027117985945463966,0.019251867334414165,-0.010860917997400393,
14,183.68,0.0034908716852429743,0.019307125868753747,-0.010616789830925068,
14,183.731,0.0035092639458084163,0.01899655968133024,-0.010009001681985697,
14,183.783,0.002636647560744174,0.01867715375868224,-0.009216805370286003,
14,183.833,0.0016643490171012348,0.018578571097525764,-0.008570812127917656,
14,183.885,0.001107894587379301,0.018629533261254955,-0.008271314978329792,
14,183.936,0.0010636779862826212,0.018772312261376652,-0.008218103273740077,
14,183.987,0.0013515379770813408,0.018761674543678802,-0.008327121798563398,
14,184.037,0.0020300846667811166,0.018452663687094712,-0.00873226275063312,
14,184.09,0.0031055225224753246,0.018177948326597335,-0.009294775901488864,
14,184.139,0.004148279835889416,0.01814813092694962,-0.009511364013826053,
14,184.191,0.004885475472325287,0.018076940890467078,-0.009488693297709022,
14,184.242,0.0055683108350663086,0.01778410173618375,-0.009515228436728662,
14,184.292,0.006763928590749851,0.01757346601807984,-0.00957119016703273,
14,184.343,0.008393205664628213,0.017633306352355573,-0.009641529087367649,
14,184.395,0.009567224373977128,0.017861809737597753,-0.009514604615997773,
14,184.445,0.00935078116513464,0.01818012896191683,-0.009070527591543726,
14,184.497,0.008059117043155812,0.018530480027377342,-0.008860385845537598,
14,184.547,0.007185790463987402,0.01907406350496902,-0.009218827575475564,
14,184.599,0.007052589970397426,0.019898742600145156,-0.009712302671399027,
14,184.65,0.007203937281331994,0.02063661981939187,-0.010051905405651205,
14,184.701,0.007525621510858644,0.021058716634620313,-0.010265540400646587,
14,184.751,0.007729875921558898,0.021043545047826198,-0.010180390097874671,
14,184.802,0.00784240807334824,0.020347482173661818,-0.009709620147822489,
14,184.854,0.008489574882868837,0.019270645765722603,-0.00923018467953818,
14,184.905,0.009628474957599862,0.01843777297446349,-0.008984539934545751,
14,184.957,0.010589589820835715,0.018029107834575727,-0.008908570722370602,
14,185.006,0.010756971213718667,0.017925338409941625,-0.008746692388335395,
14,185.058,0.010201010442133243,0.018025450478389878,-0.00834188669825737,
14,185.109,0.009627462625768808,0.018248279906935828,-0.008014632273012377,
14,185.16,0.009088710413043875,0.01853191364363899,-0.007964238607407276,
14,185.21,0.008615554244777507,0.018831759036817095,-0.008095458313458875,
14,185.261,0.00802164481805804,0.019117914182234103,-0.00833261470145087,
14,185.312,0.006996333592535343,0.019372301232619186,-0.008618662149598328,
14,185.363,0.005977542616108555,0.019585877973883645,-0.009113920428136447,
14,185.415,0.005446443729204568,0.019756123601541678,-0.0099044042379397,
14,185.465,0.005471625582042401,0.01988490233213862,-0.010419061783710003,
14,185.517,0.004445720407986157,0.019976740963233066,-0.010112972541351429,
14,185.567,0.0018239451889676336,0.02003751028949084,-0.00910425163702672,
14,185.618,-0.00020489186782969874,0.02007347145892793,-0.00792676453394946,
14,185.669,-0.0002846280276911416,0.020090632993584018,-0.007137297896767327,
14,185.72,0.0012937674635995838,0.020094358708061828,-0.006860943026128066,
14,185.771,0.0036079766093905885,0.020089168039059847,-0.007136707375368617,
14,185.822,0.006007358885509144,0.020078675818211548,-0.007945254786170839,
14,185.873,0.008268616394246139,0.019864792659717915,-0.008829716364405995,
14,185.924,0.010058799070605882,0.019336812729536593,-0.009290146438587613,
14,185.975,0.01080054463928973,0.01885063446317016,-0.009441635313473452,
14,186.026,0.010609452811120858,0.01863115579723813,-0.009784481960492843,
14,186.077,0.010036269007530794,0.018600356811369873,-0.010222514150811138,
14,186.128,0.009665743078561054,0.018693042017679525,-0.010485571437654701,
14,186.18,0.009053290408624386,0.01885747827704543,-0.010615275998409236,
14,186.23,0.007330709816505223,0.019054722450610784,-0.010649034966746487,
14,186.281,0.005637028803961386,0.01925716272303592,-0.010618547107008318,
14,186.332,0.004499609152207949,0.019446672793472546,-0.010750137296240341,
14,186.384,0.0028061531602131965,0.019612666058885734,-0.010774271740322612,
14,186.436,0.0006912899335632032,0.019549408315862864,-0.010125049506600857,
14,186.486,-0.0005197809077744748,0.019143368143847758,-0.009296956857359264,
14,186.537,-0.0008530799433423073,0.018550102546612702,-0.008822336252878269,
14,186.588,-0.0007974772713641663,0.017884418714413125,-0.008612543404381232,
14,186.639,0.00030641597631951144,0.017627433334128854,-0.008589451630381332,
14,186.69,0.0023956197417990253,0.018054879171214067,-0.008687955919822235,
14,186.74,0.004748087295848073,0.01868611416259136,-0.008856532840954704,
14,186.792,0.007080417622147402,0.0189956730378741,-0.009056508584467129,
14,186.842,0.008810801424934744,0.018873222849477306,-0.009260557267162397,
14,186.893,0.009614450865843975,0.01868437348686486,-0.009450826198517136,
14,186.944,0.009759177856362869,0.018668943490529225,-0.009616972503139939,
14,186.995,0.009068010188348642,0.018765975816512445,-0.009754300616114696,
14,187.046,0.007896264087201668,0.01892734108319132,-0.010062947750413592,
14,187.097,0.007313763312567258,0.019117003349772805,-0.010657509565265467,
14,187.149,0.007155970238378587,0.019309577714230274,-0.011186846335488358,
14,187.199,0.006881572853781186,0.0194885495917007,-0.01123016015628249,
14,187.25,0.006353600751655824,0.019644420062656768,-0.01075744920609914,
14,187.301,0.005303744630085922,0.019572119140775942,-0.010192593138290641,
14,187.352,0.004003515967074853,0.019158454672895373,-0.010015683812456827,
14,187.403,0.002847996015390492,0.01875992092431068,-0.010302630120564765,
14,187.454,0.0022797794479957334,0.018603940537310435,-0.01066318590688367,
14,187.506,0.0023347112692341577,0.0186160525663553,-0.010841152894974943,
14,187.556,0.002383220093288184,0.018734997923738377,-0.010887719572170046,
14,187.608,0.002825379947717014,0.01891290570818902,-0.010846271595465772,
14,187.658,0.004086989230883756,0.01911433718763968,-0.010751704944583725,
14,187.71,0.005571970568157675,0.019314673936907615,-0.010630667416797574,
14,187.762,0.006880084568040186,0.019498214834603126,-0.010502376115065314,
14,187.812,0.007969679102417358,0.019656239211282064,-0.010379738678701582,
14,187.862,0.008229093973168174,0.019785203882661546,-0.010069745591811216,
14,187.913,0.007332731178133455,0.019885170888790993,-0.009463660832595297,
14,187.964,0.006570451148826413,0.01995850950199842,-0.00891719976669838,
14,188.015,0.006758736524077762,0.020008878409733245,-0.008653711213270458,
14,188.066,0.007139875556196449,0.02004046935278605,-0.008592874463704448,
14,188.117,0.007011582392789376,0.02005747920947706,-0.008666895986960507,
14,188.168,0.006767703996888302,0.020063771003322902,-0.008821462665666103,
14,188.22,0.006670120085904948,0.019861849653852442,-0.009216103882894493,
14,188.27,0.006473367965620658,0.019341777870136693,-0.00993384803496584,
14,188.322,0.006429653596445722,0.01865943898309203,-0.010600322222857018,
14,188.372,0.006286768295309727,0.01772701082933788,-0.010778706850062748,
14,188.423,0.005690090724091545,0.01670909272162475,-0.010228056920811971,
14,188.474,0.005051139613286593,0.016119785697622315,-0.009254075172788902,
14,188.526,0.005038906424718686,0.016053543780598756,-0.008488499548965408,
14,188.576,0.00563043612953996,0.01632809191698138,-0.008118920509561223,
14,188.627,0.0059591694985160724,0.016598317220276878,-0.008033004052452802,
14,188.678,0.005490448776686451,0.016643228278077942,-0.008135916995253512,
14,188.729,0.004347099949962265,0.016740859492860204,-0.008351668611110205,
14,188.782,0.003264593831649373,0.017065293463543307,-0.008622457409194453,
14,188.832,0.0027097380536381683,0.0175091248264204,-0.008906790987060218,
14,188.882,0.002738698774279015,0.017993877380383078,-0.008976136373883566,
14,188.935,0.0031397645893152036,0.018465932952189974,-0.008701194343060473,
14,188.985,0.0035464279178040667,0.018891923436501687,-0.00842836374829403,
14,189.035,0.003924012547004697,0.01925414871560438,-0.008379638408219323,
14,189.086,0.00405178117149134,0.019546379271484438,-0.008478557593195787,
14,189.137,0.003808232165508354,0.01977024271163866,-0.0084633886451447,
14,189.188,0.003346103160995607,0.019932275071749245,-0.008175434015975905,
14,189.239,0.0033834129281053327,0.01984080169744663,-0.007936493918638314,
14,189.29,0.004139708608077016,0.01939325674769164,-0.007748184251968953,
14,189.342,0.004894703847358191,0.018753297580691063,-0.007406640401739049,
14,189.393,0.005387380009801353,0.01804134339510406,-0.006994256972201096,
14,189.444,0.005672239046952141,0.01754124249395273,-0.006368735002548599,
14,189.495,0.005198429571526151,0.017418022515126138,-0.005656766647914202,
14,189.546,0.0034727750117258217,0.017546414383015425,-0.0053482179655414625,
14,189.596,0.0016853764540266185,0.017825863732516274,-0.005524023550028316,
14,189.648,0.001006134481092579,0.018179744896412973,-0.005996347417244396,
14,189.698,0.0010921762976022552,0.018352100864187443,-0.006620900329591043,
14,189.749,0.0016621220125030882,0.018193355760958662,-0.007092079420715699,
14,189.8,0.0028983018356169288,0.017835011020348124,-0.007226206872326677,
14,189.852,0.004261631667934689,0.017377439819001844,-0.007334224469601248,
14,189.903,0.005396154692949176,0.01709382150892197,-0.007617652699707087,
14,189.955,0.006493625613214256,0.017145385849655626,-0.007990812037945178,
14,190.005,0.007077502159074709,0.017407777756998626,-0.00839154337878136,
14,190.056,0.006883412027229283,0.01758347174242431,-0.008777765929846956,
14,190.106,0.0064067973580028015,0.01748861412049287,-0.009123656651549064,
14,190.157,0.005787273248729342,0.017428691705892306,-0.009415893893219372,
14,190.208,0.004724195155644108,0.017596822470919527,-0.009650243963525379,
14,190.261,0.0032612101210544625,0.017897708966993414,-0.009828641854915275,
14,190.311,0.001257603496225378,0.018259567301384092,-0.00995682341002498,
14,190.361,-0.0009317749598376254,0.018631460685209343,-0.010042501372506335,
14,190.412,-0.002060249835813624,0.018979914580310845,-0.01009403678311729,
14,190.463,-0.0024176582751130314,0.0192853430154377,-0.01011953479760975,
14,190.514,-0.0028543311788629426,0.019538640881968748,-0.010126285344269742,
14,190.566,-0.003105927366927401,0.01973815643355035,-0.009919636223173258,
14,190.616,-0.0028169454145662845,0.0198871508396862,-0.009391890080668092,
14,190.669,-0.0016019767942395025,0.019991774194984185,-0.008901437200079009,
14,190.718,0.0003101058196456966,0.020059535352218064,-0.008675135843992666,
14,190.769,0.002114012037722296,0.020098211393660217,-0.00863642804587424,
14,190.821,0.003301957814596557,0.019914293015397207,-0.00872114319612742,
14,190.871,0.003999424617893377,0.01940155450814969,-0.008677376727182771,
14,190.922,0.004727959365267587,0.01891995042059538,-0.008353890630492435,
14,190.974,0.005417893867729132,0.01869783702043024,-0.008077826334103713,
14,191.024,0.005826813560791237,0.01865999151018266,-0.00805518693865241,
14,191.075,0.00562098672761515,0.018743366755417396,-0.007996067038577297,
14,191.126,0.005037426046455052,0.018897789296508996,-0.007717465961371788,
14,191.177,0.004660151942152783,0.01908537283269684,-0.007521314938401534,
14,191.228,0.004445487786217366,0.01927915498916882,-0.007594634530970523,
14,191.279,0.004352358485639225,0.01946134544874088,-0.0076340558449124836,
14,191.33,0.003942989839340851,0.019621465565269888,-0.007447735939441712,
14,191.381,0.0035645202586091483,0.019754567830005034,-0.007131604278791431,
14,191.433,0.003437105268524357,0.019859649588176775,-0.0067576136001278615,
14,191.484,0.0034809402135843074,0.01993831876991295,-0.006577392572981913,
14,191.535,0.0040327524663213155,0.019993728437386334,-0.006736757444589901,
14,191.585,0.004464360446573008,0.019828935673540053,-0.006900280267125886,
14,191.637,0.004181701701467514,0.019335320459315426,-0.006651666132108157,
14,191.688,0.003262820193460234,0.01887130193561622,-0.006158699359704954,
14,191.738,0.0022105468265027906,0.018664375165109087,-0.005749452030732999,
14,191.789,0.0013580888040937737,0.01863895772984207,-0.005426774550426682,
14,191.84,0.001103930875891356,0.018731993456479797,-0.005386374230538915,end
15,198.215,0.005017009766603181,0.018702684126618484,-0.010691981185167527,start
15,198.269,0.005422709412952237,0.0178667760244144,-0.010489705269191888,
15,198.317,0.006050615105740826,0.017100367033834912,-0.010119801923967192,
15,198.368,0.006569757494264499,0.01664093334874963,-0.009471272429953157,
15,198.42,0.00697743986483925,0.01661612030223118,-0.008896977902141962,
15,198.471,0.0074817203007833,0.016872045188665093,-0.008617262807498955,
15,198.521,0.007806609805515446,0.01728746244798418,-0.008348113511754553,
15,198.572,0.007789513506193101,0.017771798479239275,-0.007906528646533604,
15,198.623,0.007554457490362901,0.018261427280590103,-0.007590659660358573,
15,198.674,0.007198495538691737,0.018715117031349236,-0.007581627251489014,
15,198.726,0.006592752379476019,0.019109310748266127,-0.007770110558083649,
15,198.776,0.005674639448199808,0.019433679646290145,-0.008070129355985419,
15,198.828,0.004429109218039999,0.019687208612695923,-0.00841758006400744,
15,198.878,0.0028728134997467293,0.01987493742034867,-0.008767539382199088,
15,198.931,0.0016438977922940828,0.02000538428989664,-0.009090994157702035,
15,198.98,0.0015270054344933117,0.020088614051666835,-0.009371465961986411,
15,199.031,0.0025343686414454206,0.020134874913815316,-0.009601839300465884,
15,199.083,0.0037801825985727174,0.02015370942010774,-0.009781575222955334,
15,199.133,0.004476345795645578,0.020153440949788194,-0.009914395951870816,
15,199.184,0.004764064432446358,0.020140942323187364,-0.010006457600216108,
15,199.235,0.004967546743697483,0.02012160392499315,-0.010064982718595244,
15,199.286,0.005301491175068301,0.020099432349249,-0.010097297606511088,
15,199.337,0.005893114431104837,0.020077224830168834,-0.010110206555977733,
15,199.389,0.006200805941872289,0.02005677826567067,-0.010109632456367779,
15,199.442,0.005699178499814718,0.020039103635419515,-0.010100457101904192,
15,199.49,0.004718790571767216,0.01982379299806115,-0.010086502407402496,
15,199.541,0.0037109404819258653,0.019298191196886635,-0.010070603504740518,
15,199.592,0.0025656079238903606,0.018816640748651855,-0.010054734895081557,
15,199.646,0.0016249429588871783,0.018402027318136522,-0.01004016049424178,
15,199.695,0.001292776054212459,0.017862817723617915,-0.010027586948298537,
15,199.745,0.001377554433934103,0.01748784841693164,-0.009816473074556964,
15,199.796,0.0017229307723216378,0.017449171109745913,-0.009294150908981485,
15,199.848,0.002006863079627828,0.017629282275673324,-0.008815028430398346,
15,199.9,0.001224410619592499,0.017935244811791044,-0.008402101705061015,
15,199.95,-0.0013841141698251206,0.018297343287899746,-0.007863967905743377,
15,200.0,-0.004150906806011256,0.018666356011198235,-0.0074895961638515125,
15,200.051,-0.00498943583655685,0.01901015912788701,-0.0074511617032045506,
15,200.102,-0.004323074441975746,0.019310175129904513,-0.0076312687078686275,
15,200.154,-0.0031467476878567577,0.01955800687440597,-0.007937068998177917,
15,200.205,-0.00133618495566158,0.01975246098299416,-0.008499750530121693,
15,200.255,0.0009365308792958662,0.019897060090898543,-0.009382814741518966,
15,200.307,0.0029214068744956557,0.019998068470457295,-0.010199583616011976,
15,200.357,0.004361390729265617,0.020063005516499626,-0.010707386347021631,
15,200.409,0.004934560971763578,0.020099591539574097,-0.010976239615175036,
15,200.459,0.00470492056513709,0.020115055508558848,-0.010869410708295611,
15,200.51,0.003978844122864022,0.02011573054149744,-0.010329385740954699,
15,200.561,0.002791872244410636,0.020106866439823495,-0.009755745544930078,
15,200.612,0.0018063252409611878,0.020092596483471333,-0.009407462328965473,
15,200.663,0.0012299684495446321,0.020076005828906802,-0.009231690955358753,
15,200.714,0.0015648481334495478,0.020059259575696674,-0.009180680640188874,
15,200.766,0.0034614169660990434,0.020043758813556075,-0.009414617512607675,
15,200.816,0.006006385939886413,0.020030302078918923,-0.010013346398782824,
15,200.868,0.00795942654990026,0.020019237310549016,-0.010597103584029976,
15,200.919,0.00857260385668898,0.020010595504575814,-0.010923529754409292,
15,200.969,0.0080763654614936,0.02000420189545637,-0.01085785968253328,
15,201.02,0.007109299803518445,0.019798930135961717,-0.010545993586860683,
15,201.071,0.006319623400219111,0.019281764104339526,-0.01050294988717262,
15,201.122,0.00590798696342268,0.018806943595100947,-0.010635773694037837,
15,201.173,0.005771875220749043,0.018598259082872753,-0.010669886544807623,
15,201.224,0.006425906958893024,0.01857702565104633,-0.01043711691301057,
15,201.276,0.006730823177226122,0.018677720013040338,-0.009650213669684937,
15,201.326,0.005582336710599111,0.01884852382640433,-0.008571130644313547,
15,201.377,0.004196471057701555,0.019050571182542626,-0.007793011453112686,
15,201.428,0.003372194251632973,0.019256425469235162,-0.007672092199818682,
15,201.48,0.003375977637207855,0.01944818434912351,-0.008183216655425306,
15,201.53,0.004513035734761567,0.019615498463438522,-0.008857809263049818,
15,201.582,0.005683076531194636,0.019753693967668254,-0.009181382750326855,
15,201.633,0.006177776437197707,0.0200629461388527,-0.009053002150711828,
15,201.683,0.006601271779467198,0.02065789612450397,-0.008845907016032972,
15,201.736,0.006945079118175283,0.021187450795024088,-0.008805798518050854,
15,201.785,0.007410992855008905,0.021431689463823806,-0.008876009210858076,
15,201.836,0.00811862491013625,0.021473319738206032,-0.009011333018314652,
15,201.888,0.00892443684748566,0.021180828847487284,-0.009177546192020542,
15,201.939,0.009728482940449326,0.02029587832827924,-0.009149384172921448,
15,201.989,0.009864303733012027,0.019102044054236548,-0.008797988021812904,
15,202.04,0.009560646246880564,0.018207678860828618,-0.008468347688071786,
15,202.093,0.009602023514893192,0.017577226075394952,-0.008379975286212009,
15,202.143,0.009861365373961263,0.016965846718129302,-0.008453439704557643,
15,202.193,0.009837998018013543,0.016616648009518866,-0.008624796765377975,
15,202.244,0.009434358197157355,0.016664485260092787,-0.008845171717036119,
15,202.295,0.008618422174723176,0.01696311920179031,-0.009079280885514048,
15,202.346,0.007603606314933877,0.017398611688595723,-0.00930339171502346,
15,202.397,0.00694442954842249,0.017686060338908367,-0.009503086495593647,
15,202.449,0.006566296413271421,0.017654635446043652,-0.009671079832505548,
15,202.5,0.005796286820368959,0.01762205864190326,-0.009604412257736238,
15,202.55,0.004635970539485818,0.017792193720802475,-0.009191766527797568,
15,202.601,0.0041218773106768926,0.018078670837732375,-0.008791210091720297,
15,202.653,0.004666040086163376,0.018416750401033667,-0.008631418883836528,
15,202.705,0.005845202497877247,0.01876076617084451,-0.008638879406332947,
15,202.755,0.006734395736929102,0.01908095315797062,-0.008753007753749105,
15,202.807,0.007165351173954369,0.01936013578942641,-0.008926379349449202,
15,202.857,0.0072677949495191145,0.01959059250691916,-0.009123819153016147,
15,202.908,0.006347982979990082,0.019771285398531912,-0.009120000460066825,
15,202.959,0.005248104707478754,0.019905546498288445,-0.008786577434013445,
15,203.01,0.004723598631215641,0.019999242837933372,-0.008469380843694476,
15,203.061,0.00400774282012651,0.020059395954925317,-0.008188072603207351,
15,203.111,0.0032266717380812775,0.020093203766323856,-0.00775154622036083,
15,203.163,0.0030690218529192386,0.020107399076918497,-0.007250538118878188,
15,203.214,0.003323868672335384,0.020107875521509524,-0.006748422283382504,
15,203.264,0.004023631815969693,0.019898681420203044,-0.006486766360135267,
15,203.316,0.005153361988002472,0.01937098642259938,-0.006601183153326332,
15,203.368,0.005865596071950899,0.018882245607098034,-0.006947603264489223,
15,203.418,0.005650351200846164,0.018658584013699357,-0.007414989933542689,
15,203.469,0.004857557641130934,0.018622898897274923,-0.007922411901215043,
15,203.52,0.004360541160105425,0.018509805836787862,-0.008414747605744914,
15,203.571,0.004695649785065572,0.018155318573782397,-0.00905869033610938,
15,203.622,0.005135855379246527,0.01787532361251887,-0.009948969972290002,
15,203.673,0.004603933558586487,0.01786643102384587,-0.010724885260702893,
15,203.724,0.0036921011023759494,0.01803212473124138,-0.011164287181597659,
15,203.775,0.0030115303452204543,0.018296478878954952,-0.011352567059029962,
15,203.827,0.002533952239680779,0.018402038912222047,-0.011364664253220027,
15,203.877,0.0028274302531116975,0.018196442437364003,-0.011061960947398579,
15,203.928,0.003792683845100047,0.01780780153409642,-0.010581677061306687,
15,203.979,0.005111239574625434,0.01733298567446963,-0.010427751775649348,
15,204.03,0.005947961059601513,0.017041878631620214,-0.010294668775822639,
15,204.081,0.005605106054345823,0.017092812813247257,-0.009783976714929423,
15,204.132,0.004934937893731948,0.017359023941114052,-0.009272963818977476,
15,204.183,0.004309517521781155,0.01774191760796721,-0.009204463901441095,
15,204.235,0.003963872052400987,0.017968052971087084,-0.009425273198761974,
15,204.285,0.004227094855647321,0.017874651262704083,-0.00941222571936927,
15,204.336,0.004859670662887383,0.017784650900303522,-0.009250241985739467,
15,204.388,0.005879148238231603,0.017904895692738388,-0.00920658412617605,
15,204.438,0.006462366727379663,0.01815032185810146,-0.009242321934950571,
15,204.491,0.006317270508834536,0.018456317355936152,-0.009326109335816407,
15,204.54,0.006720892892127104,0.018776577410534574,-0.009433982484467989,
15,204.591,0.0072431787555327105,0.019080258461544663,-0.009548637240991498,
15,204.643,0.007197111625798563,0.019348910792854477,-0.009658430778598421,
15,204.693,0.006790231161782393,0.01957351562899084,-0.009756286470966966,
15,204.746,0.005582127660345525,0.019550993596581554,-0.009637791065719166,
15,204.795,0.0035555423572825556,0.018970118328491437,-0.008988390386135539,
15,204.847,0.0013676587614705584,0.018077806075343057,-0.008050661397276658,
15,204.897,-0.0003462461669313283,0.01725826942117127,-0.007405010931416426,
15,204.948,-0.0010159792641793361,0.016551243726212198,-0.007199386468487368,
15,204.999,-0.0007613955173883765,0.016174008585615258,-0.007292491884355337,
15,205.05,-0.0005369523017608873,0.01623942338486654,-0.007569708687041991,
15,205.101,-0.00014903640710226516,0.016583477406553877,-0.007942735825283126,
15,205.152,0.0003125603148009757,0.017078598071348206,-0.008347244508063267,
15,205.203,0.0003826633744617844,0.017630830802810558,-0.008739448344853242,
15,205.254,0.0012002180284168317,0.018175329678782166,-0.009092253357622107,
15,205.305,0.0028331422273438858,0.018671126954737913,-0.00939144782583008,
15,205.356,0.004456159172237012,0.019095860272862582,-0.009431390105666466,
15,205.409,0.0059424395140327615,0.01944089631435104,-0.009101018238474147,
15,205.458,0.007020791923740388,0.019707100445073702,-0.00855968473944431,
15,205.509,0.007349224032897606,0.019901360509090676,-0.007926537867577023,
15,205.56,0.007170309515431313,0.019833039896109007,-0.0072853692281603785,
15,205.61,0.006680380281287793,0.019400967537812282,-0.0066905631124828625,
15,205.661,0.0056286716806001665,0.01897114596231619,-0.0063741081629997,
15,205.712,0.004301152412309012,0.018778130640785522,-0.006462429739457813,
15,205.763,0.003505886734098491,0.01875249696350441,-0.007004093841011207,
15,205.814,0.0035175364711517573,0.018836273003251715,-0.007993829771285446,
15,205.865,0.00404576678715494,0.018983489113966575,-0.008990594688429021,
15,205.916,0.004461204970560531,0.019159566231897244,-0.009710960424619821,
15,205.967,0.004369262847332973,0.019340008516688083,-0.0101961876473093,
15,206.018,0.004561798580078581,0.01950875485448379,-0.01049162843992822,
15,206.069,0.004921317561276282,0.019656444001126833,-0.010641615631955944,
15,206.12,0.004957382789907692,0.01977876370534935,-0.010686266943098726,
15,206.171,0.004983936867799287,0.01987498631331337,-0.010458940274962783,
15,206.222,0.005002257773521135,0.019946741613208033,-0.010075442049813315,
15,206.273,0.005013826539820505,0.019997040415764476,-0.010024258007852213,
15,206.324,0.005220969107707334,0.020029537383794985,-0.01039114962534246,
15,206.376,0.005737736410029034,0.019847172868275188,-0.010795867380498144,
15,206.426,0.006009900994140347,0.019340822927093458,-0.010790665297431631,
15,206.478,0.005902491669726898,0.018868194934386004,-0.010522978396984687,
15,206.528,0.005761104253825488,0.01865599606385463,-0.010309284326349864,
15,206.579,0.00560928307732692,0.018627870481342644,-0.01014738542471698,
15,206.63,0.0056638001688157896,0.018720060010638383,-0.01003171133369119,
15,206.681,0.005645439423484951,0.018882007917871417,-0.009754142440628083,
15,206.732,0.004979312380735189,0.018874851976351543,-0.009194206481827264,
15,206.783,0.004352919029765174,0.018558982227258426,-0.00869898922097345,
15,206.834,0.004404830256675232,0.018271326969067563,-0.008485895569364884,
15,206.886,0.0044859356480082485,0.018225709116481345,-0.008470860879286774,
15,206.936,0.004177581973418534,0.01813815331064399,-0.00858405939752024,
15,206.987,0.004045886557452451,0.017829900539367526,-0.008770406852242355,
15,207.038,0.00443973804737734,0.017605700097871064,-0.008988698553668158,
15,207.09,0.005139010399916115,0.01765425120070337,-0.009209941618691991,
15,207.14,0.005777156267665132,0.01767299799216948,-0.009214470668242995,
15,207.192,0.006324834103397007,0.017470290092393353,-0.009079646016420705,
15,207.242,0.007172160582188195,0.01734266976883689,-0.009267944896251322,
15,207.293,0.00834443216502125,0.01747429281586567,-0.009648352849134243,
15,207.344,0.009630935155161544,0.017761608262269902,-0.009920577107926836,
15,207.395,0.010686517739028947,0.018125696223907927,-0.010101548870902735,
15,207.446,0.011107533250220035,0.018509773909747274,-0.010209457617044426,
15,207.498,0.010284411937103216,0.0186749840900273,-0.010261838601779016,
15,207.548,0.008729485743102543,0.01848571769756195,-0.010274398825470116,
15,207.6,0.007633462590475362,0.018285145290198698,-0.010059577280921411,
15,207.65,0.0067189712881744555,0.018294268084350165,-0.009515347792384709,
15,207.701,0.005994369969804343,0.018437146352876747,-0.009004405507041463,
15,207.752,0.005248930961708405,0.018654330994625424,-0.008756691439101134,
15,207.804,0.003947510398752561,0.018901724948906885,-0.008697698921979692,
15,207.854,0.002996558797056511,0.01914861967935607,-0.008965315990530276,
15,207.905,0.002748441548593027,0.019375360323322634,-0.00962173966916237,
15,207.956,0.0027701866555475438,0.019570960251961245,-0.010273958622723187,
15,208.007,0.0027624278838423184,0.01973087481544333,-0.010670252207061241,
15,208.058,0.0027363700431739437,0.019855056024546323,-0.010870572026520276,
15,208.11,0.003102336694325084,0.019946343685383842,-0.01092911138579941,
15,208.161,0.0036903294881033915,0.02000920156459272,-0.010892016959466467,
15,208.211,0.004373483593038334,0.02004877636856046,-0.010796567581338706,
15,208.263,0.005263623072384871,0.020070239355390724,-0.010671359944139333,
15,208.314,0.006215004953698292,0.019877528448758282,-0.010336291509069576,
15,208.364,0.00672756963196895,0.01936210426484409,-0.009491878424705572,
15,208.415,0.0065158548156217435,0.018881946889060496,-0.008388630992757254,
15,208.467,0.00605746367126817,0.018663814294980815,-0.007609674751102218,
15,208.517,0.005477690432239122,0.018631255044169622,-0.007302113070601136,
15,208.568,0.004866643791712377,0.01872032913983231,-0.007321588511580298,
15,208.619,0.004686294710552944,0.01888025733883313,-0.007549245183819896,
15,208.67,0.004997495893277867,0.019072780340049313,-0.007892130760236215,
15,208.721,0.005598953725310904,0.019270742028547224,-0.008281373386063504,
15,208.772,0.005936583604476199,0.01945628887966704,-0.008669077969039677,
15,208.823,0.005676216731848257,0.019618967834778366,-0.009024650474384369,
15,208.874,0.00545490720632371,0.01975391186591209,-0.009331050651881443,
15,208.926,0.005878926697778518,0.019860227539663006,-0.009581299894189127,
15,208.976,0.006883599648655371,0.0197388080105677,-0.009775433259787995,
15,209.027,0.007778299420947035,0.019280250554372828,-0.009917981216152085,
15,209.078,0.0073255914617667344,0.018843140333837046,-0.009815159764447644,
15,209.129,0.005442588112442084,0.018655733563923912,-0.009362396613053759,
15,209.18,0.003797699071474758,0.01864352952080339,-0.008922403501509472,
15,209.231,0.00324099926266361,0.01874467240902059,-0.008726780300325409,
15,209.282,0.0034269329146730293,0.018910385367592198,-0.008703599206054747,
15,209.334,0.004074218984976754,0.01910419814439521,-0.008792876339840546,
15,209.384,0.004965395407241982,0.01930046313144987,-0.008947106789900206,
15,209.436,0.006142233650015,0.019482534201391167,-0.009130605283215321,
15,209.487,0.007608575705818907,0.019640875581335558,-0.009318133811801339,
15,209.537,0.008941961487546045,0.019771277776833344,-0.00949318219373353,
15,209.588,0.00988212640638734,0.01967245181792188,-0.009646164171831034,
15,209.64,0.010293738161355419,0.01923371540541205,-0.009772704255926289,
15,209.69,0.010132461678703903,0.018813055771362237,-0.009872120387564402,
15,209.741,0.009415884686309862,0.018437782751815793,-0.009745320432875144,
15,209.792,0.008400729968680918,0.017920931832597953,-0.009282789067018548,
15,209.843,0.007677300172220564,0.017555633789124416,-0.008842926245899307,
15,209.894,0.006998250567248722,0.017517713727836528,-0.008653771289793577,
15,209.945,0.0060005473608746316,0.017692804288761833,-0.008640603681044407,
15,209.996,0.005079457785648526,0.01799044390889855,-0.0087413636278015,
15,210.047,0.004683166106506181,0.018342770135457615,-0.008907096792129861,
15,210.099,0.004655289847835612,0.018701866115533424,-0.009101186710578824,
15,210.15,0.004665103126460401,0.01903645646407746,-0.0092978713617592,
15,210.201,0.004899133968792338,0.019328451287011255,-0.00948041978976562,
15,210.251,0.005459000238270076,0.019569670448993205,-0.009639237182045795,
15,210.303,0.00578119825298922,0.01955811293664098,-0.009770076287074774,
15,210.353,0.00552341677363259,0.019184531514759677,-0.009872460716237418,
15,210.405,0.005316040343735249,0.018608776590742847,-0.009948370799592434,
15,210.456,0.005760151503364943,0.017949609766634615,-0.010001203400728544,
15,210.507,0.006184750932199037,0.01749073340093803,-0.010034990997379766,
15,210.557,0.005759392317718237,0.01739801041164837,-0.01005384977649196,
15,210.61,0.005224749646359273,0.017547569212242705,-0.010061618944494097,
15,210.66,0.004863800829538956,0.017840501235159754,-0.010061651649189873,
15,210.71,0.004442413445988723,0.018201853651122916,-0.010056719933963544,
15,210.761,0.004216948857822317,0.018578058900731508,-0.010049000462143605,
15,210.812,0.003733584695515364,0.01893356816782285,-0.009839279534600603,
15,210.863,0.002721979250073752,0.019247244744405305,-0.009316018615314881,end
16,212.495,0.006202305969089255,0.019009691697376013,-0.008576680944883635,start
16,212.546,0.005687467406903333,0.01876668380446712,-0.008677315510141418,
16,212.597,0.005302048266208767,0.01850907322299236,-0.00884811346789502,
16,212.648,0.004628927213250031,0.018463625590312085,-0.00905019003404841,
16,212.699,0.0036245285854186035,0.018557899956844565,-0.009055260017965111,
16,212.751,0.0026891850503204307,0.018734211856207,-0.008933572237995235,
16,212.801,0.002274936801015656,0.018948974908115503,-0.00914203108315952,
16,212.853,0.002629839122113737,0.01917114600632486,-0.009746317409010113,
16,212.904,0.0034495268123207407,0.019179386837248593,-0.010555923885654276,
16,212.954,0.004702290619390872,0.018648093836447426,-0.0112313406098276,
16,213.005,0.006333003261737272,0.017813450589062592,-0.011565602310301057,
16,213.056,0.007472612211463139,0.017252970287557127,-0.011654211311909647,
16,213.107,0.007603201353104375,0.017114183791858594,-0.011578152309386924,
16,213.158,0.007276997066660908,0.017257000466817645,-0.011201759656512052,
16,213.209,0.00688486638791587,0.01756895081043235,-0.010462150824384753,
16,213.26,0.006682788586792462,0.017964315241421894,-0.009549008075247044,
16,213.311,0.006819668756095559,0.018381416432050362,-0.008798758655744636,
16,213.362,0.00696211042751203,0.018778951344151005,-0.008614918568452186,
16,213.413,0.006695008832944062,0.018931168381924632,-0.008809114488256551,
16,213.465,0.005985869575059714,0.01871298864638467,-0.00902933029641745,
16,213.515,0.005050196393736131,0.01827478150413869,-0.009047709646040531,
16,213.566,0.004245234854031296,0.017730662143109283,-0.00873433074011293,
16,213.617,0.0035887707741887624,0.017162326809816508,-0.008233352979236028,
16,213.67,0.0024777808340812253,0.016624116870513374,-0.00765230368224448,
16,213.719,0.0011645297028271542,0.016349297822467464,-0.007267411739822519,
16,213.77,0.0004295570226545934,0.0164663157489055,-0.007039245320784584,
16,213.822,0.00032534067221327135,0.016825238466419746,-0.006729090799991823,
16,213.872,0.00043319926859723446,0.01710964003353155,-0.0065921025261681905,
16,213.923,0.0006684078038293827,0.017122566728015456,-0.006778013089144819,
16,213.974,0.0009663973022257915,0.01716117780491416,-0.007156080478546261,
16,214.025,0.0010798792841438575,0.017413993494132026,-0.007627016481766493,
16,214.076,0.0012667443417162228,0.01778388008129209,-0.008119681993656596,
16,214.127,0.0012848285750351423,0.018199135998720226,-0.008586706233048686,
16,214.178,0.0011932121980497217,0.018610130660326785,-0.008999767728778184,
16,214.229,0.0012394326823245388,0.018985375734822185,-0.009345037475784931,
16,214.28,0.0013703419980406523,0.01930754802060988,-0.009619092166291135,
16,214.331,0.0015450502274847889,0.019569800776570355,-0.009624623552999654,
16,214.382,0.001332146729373408,0.019571722722401635,-0.00925665909472574,
16,214.433,0.0008877511287550279,0.01920569305054778,-0.008879546016376956,
16,214.485,0.0003305875493549895,0.018833915129231663,-0.008727693911360255,
16,214.535,-5.330741166157418e-05,0.018689150422533878,-0.00873251208340141,
16,214.586,0.0001064306448648544,0.018701610440292577,-0.008837423918159712,
16,214.637,0.0006019962621964076,0.01881390582053578,-0.00899810304653362,
16,214.688,0.0014739685559988652,0.018981209687370573,-0.009181640703746516,
16,214.739,0.002718134952979991,0.019170353232815303,-0.009365094498129606,
16,214.79,0.003699393104913368,0.019358309133858085,-0.009533757028490868,
16,214.841,0.004232373129162683,0.019530404189054645,-0.009679383913904991,
16,214.892,0.004635866811724688,0.019678501874751616,-0.009798538141099124,
16,214.943,0.0047230665297270085,0.019799311610766424,-0.009891142016614349,
16,214.994,0.004801239227467815,0.019892915113913733,-0.009959278593305799,
16,215.045,0.0048673425484163455,0.019961550364279528,-0.010006249383152551,
16,215.096,0.004518727536073059,0.02000865848002654,-0.010035872136878931,
16,215.147,0.004333805045032871,0.02003817577683747,-0.010051989002588812,
16,215.198,0.004469556123895475,0.020054039948218763,-0.010258982778265386,
16,215.249,0.00480006633585951,0.020059873242793572,-0.010772600882705171,
16,215.3,0.005630601899034815,0.020058804610350922,-0.01124077859575355,
16,215.351,0.006112608726033594,0.020053395263344057,-0.011441369051610334,
16,215.402,0.005729863867857713,0.02004563654394877,-0.011454227882688026,
16,215.455,0.005224923717259692,0.020036994335750406,-0.011345651753050558,
16,215.504,0.004682177018453372,0.019827646103513338,-0.011167915420996688,
16,215.556,0.004359617408890708,0.019305558766732473,-0.010960101261673405,
16,215.606,0.004204187457895266,0.018624836807605755,-0.010749691072493888,
16,215.657,0.00396759894093671,0.017897059041259263,-0.010554518894564142,
16,215.708,0.00389879888321077,0.017398400523944108,-0.010183964839733568,
16,215.759,0.0041439708143646845,0.017287580610215694,-0.009529863582940968,
16,215.81,0.004570813653415895,0.017434404128772542,-0.008947288766324916,
16,215.861,0.004276547022998377,0.01773467281730957,-0.008658221449812403,
16,215.912,0.0033426015268351976,0.01810923217826339,-0.008580617398283473,
16,215.963,0.0026759250484554337,0.018501348325948918,-0.008644869839138912,
16,216.014,0.002435052051061757,0.01887322449805778,-0.008594106882894036,
16,216.065,0.0024866189329535893,0.019202245630263976,-0.008473656588848116,
16,216.116,0.002922433690696503,0.019276516554367174,-0.008519022058313033,
16,216.167,0.003569675906219742,0.01898060294456269,-0.008466255701868678,
16,216.219,0.004099688583244109,0.01867187633501802,-0.00835479125204887,
16,216.269,0.004511938162061059,0.018580566821460504,-0.008214635014934248,
16,216.32,0.004815542760735967,0.01863603330617542,-0.007866502836050674,
16,216.371,0.005225911781368001,0.018781178988375936,-0.00761378528592946,
16,216.422,0.005270120652717518,0.018972180506632803,-0.007643397386134595,
16,216.473,0.004674273386167106,0.01917724792261544,-0.007851703199281612,
16,216.524,0.004117458916313886,0.019374862748216707,-0.007957046917244682,
16,216.575,0.003831242680497231,0.019350989104738425,-0.007787059455866805,
16,216.626,0.003942401435094973,0.018785314032107033,-0.0076549772560982575,
16,216.677,0.004500321139005714,0.017917596416663382,-0.007758649930215349,
16,216.728,0.005099118387783828,0.017327537423422332,-0.008005195970450308,
16,216.779,0.005274361745366206,0.01696295669644871,-0.008323568166774634,
16,216.83,0.005163880257727826,0.01657144117877205,-0.00866243023796259,
16,216.881,0.004678190405921019,0.016394936444355097,-0.008987211558502886,
16,216.932,0.0037900435843992706,0.01657134209854327,-0.009276871360002952,
16,216.983,0.003116795586798338,0.016959916096297215,-0.009520736546516514,
16,217.034,0.002836291278692665,0.017453349092941634,-0.009715640751517185,
16,217.085,0.002629373966513156,0.017974394388791417,-0.009863486426123632,
16,217.136,0.002285440515798076,0.018471291502597614,-0.009969274084962182,
16,217.187,0.0022829282300606104,0.018912783677171377,-0.00983875582615968,
16,217.238,0.0029012560655026364,0.01928327521380962,-0.009366333731601215,
16,217.289,0.003667254596078022,0.019578467514229838,-0.008913416044257506,
16,217.34,0.004265592984416329,0.01980165271416275,-0.00871022564006368,
16,217.391,0.0049091693439656525,0.019960726809611962,-0.008683521201679223,
16,217.442,0.005530058428740511,0.020065904176751175,-0.008772151568905229,
16,217.493,0.006287352480729097,0.020128065532239153,-0.008927632106840713,
16,217.544,0.007272127670738251,0.020157644865588572,-0.009113496814654218,
16,217.595,0.007721186871011568,0.020163951458667197,-0.009303917301061579,
16,217.646,0.00779058931698953,0.020154825413521284,-0.009481962506119422,
16,217.697,0.008012590292175943,0.02013653474891706,-0.009637767817689333,
16,217.748,0.008515460117456512,0.020113835693942175,-0.009766793159248104,
16,217.799,0.009358901993250257,0.020090132804698794,-0.009868278073444805,
16,217.85,0.009750512704438788,0.02006769023996177,-0.00974311360202771,
16,217.901,0.009017546736410337,0.020047858875212602,-0.009281808438245774,
16,217.952,0.007823047135072684,0.0200312953297834,-0.008842810821017589,
16,218.003,0.006629334172428865,0.020018158212252724,-0.008654220037238501,
16,218.056,0.005331187161309176,0.020008273989660128,-0.008641378211842823,
16,218.105,0.004472013167779752,0.020001270050061793,-0.00874228487951409,
16,218.156,0.0041642292714709865,0.019996676035109236,-0.009108871791828852,
16,218.207,0.004234805608101784,0.01999399668216165,-0.00981723759743505,
16,218.258,0.00454237422059323,0.01979192688669259,-0.010487064688578506,
16,218.31,0.004575562830908471,0.019277377034883855,-0.010877531730939423,
16,218.36,0.004831778560125873,0.018804586845071008,-0.011057463206931782,
16,218.411,0.005612117689751252,0.018597393807218837,-0.011087912855182394,
16,218.462,0.006465083168700834,0.018577186445366534,-0.011020045977630706,
16,218.513,0.007095272342741299,0.01867852596175215,-0.010894575626285525,
16,218.564,0.007130291001473846,0.018849678801227062,-0.01074224066615957,
16,218.615,0.00678078296470757,0.018851023567029977,-0.010584913642642427,
16,218.667,0.00621273533103896,0.01834168632263167,-0.010437023576096958,
16,218.719,0.005349326568267853,0.017545739209831362,-0.010307066437498852,
16,218.77,0.004767515417604966,0.017031582915737763,-0.010199050516710238,
16,218.821,0.004814713543977638,0.016940291207520015,-0.01011378392260641,
16,218.871,0.005060702493083876,0.01712753813084029,-0.010049957404880855,
16,218.921,0.005414425098143388,0.01767921769590078,-0.010005008918269265,
16,218.973,0.0060096607432482685,0.018420308366742067,-0.009975778753500832,
16,219.024,0.0067119738078172415,0.018821676450881907,-0.009958977718960378,
16,219.074,0.007225708244343592,0.01897291964368953,-0.009951497811482487,
16,219.125,0.006773892799194842,0.01915242861905585,-0.009950596910047661,
16,219.176,0.005739116351372385,0.01933564532004324,-0.009953987836788856,
16,219.227,0.004815251453857208,0.019305687888984686,-0.00995985892924644,
16,219.278,0.0036350698043106887,0.018940583828979528,-0.009966849034616523,
16,219.33,0.0025861407452611273,0.018590696691891014,-0.009973995281273221,
16,219.38,0.001906488495618207,0.01847951025248316,-0.009980667586648171,
16,219.431,0.001719104969643808,0.018530346864301855,-0.00998649991966112,
16,219.482,0.0020633255697853794,0.018480179672546556,-0.009991325003603805,
16,219.533,0.0025200052056175612,0.01816842998458271,-0.009995116471107277,
16,219.584,0.0030121239606697926,0.017914791547780317,-0.009997940445406106,
16,219.635,0.0034874380459063345,0.017718798505078518,-0.009999917056817331,
16,219.687,0.003913790804183538,0.01737468756860145,-0.010001191422699096,
16,219.737,0.004274491746894867,0.01696322461606541,-0.010001913028106985,
16,219.788,0.004564110441149441,0.016541619588006314,-0.010002222150673977,
16,219.84,0.00478487435358391,0.01634821257146241,-0.01000224189385047,
16,219.89,0.005345410727652433,0.016517531411491298,-0.01000207445707206,
16,219.941,0.006279664520571851,0.01690588306888156,-0.010001800422917801,
16,219.992,0.007378550713058387,0.017202680471718166,-0.010001480036484973,
16,220.043,0.00889641412703694,0.017216082993980256,-0.010001155659698403,
16,220.094,0.01036022034751048,0.017247486758334065,-0.010000854782002664,
16,220.145,0.011270096970738533,0.01748874652951402,-0.010000593146031987,
16,220.196,0.011751616455427112,0.017845216540720354,-0.01000037769592541,
16,220.247,0.011317225336199959,0.01824694034637665,-0.010000209175046815,
16,220.299,0.009928642373725139,0.018645415878527003,-0.010000084290166406,
16,220.349,0.00864213764891425,0.0188089635507039,-0.009999997423735375,
16,220.4,0.007725283993227291,0.01860786787216212,-0.010200775574418598,
16,220.451,0.006918326992169653,0.018189062331896603,-0.010715083264422208,
16,220.502,0.006246678029373271,0.017664272336026143,-0.011188323833650007,
16,220.553,0.005916598627272062,0.017314500899511403,-0.01139637523275606,
16,220.604,0.006233769120751032,0.017305909891363967,-0.011417633660510754,
16,220.655,0.007342242237685294,0.0175168256211338,-0.011116550710045126,
16,220.706,0.0084675037146554,0.017851578744064033,-0.010432087001073601,
16,220.757,0.008910635314840366,0.01823886329220045,-0.009757560448145599,
16,220.808,0.008880683573715888,0.01862872704205883,-0.009344427814553023,
16,220.859,0.008148057919794114,0.018988925862073992,-0.009132128947992897,
16,220.91,0.0072244592821067025,0.01930116301539519,-0.009065689829796907,
16,220.961,0.006855076670781229,0.019557556788442898,-0.009098135369948917,
16,221.012,0.006268314177518048,0.019757538324171847,-0.009191394275247509,
16,221.063,0.004785936802669187,0.019905274575578596,-0.009115330459426287,
16,221.114,0.0032499072641851553,0.020007635068952694,-0.008735948070022053,
16,221.165,0.002606197021557245,0.01987183712164885,-0.008393342603431157,
16,221.216,0.0025864886042455937,0.019393371355747,-0.008302680411813102,
16,221.268,0.0029685679627495,0.018934405524532866,-0.008380885634850609,
16,221.319,0.003376807115877836,0.018725649976343857,-0.008561111737672093,
16,221.369,0.003568194973282106,0.01869413723396218,-0.00879229090182831,
16,221.42,0.004207631036351105,0.0187788309653954,-0.009037577467581983,
16,221.471,0.005484722703693114,0.018931250156864563,-0.0092722071179761,
16,221.522,0.006465681611403356,0.019114860814928334,-0.009481153327149144,
16,221.573,0.006374576870298026,0.019303726088197307,-0.009656842049384128,
16,221.625,0.006205722185336569,0.01948078921570825,-0.009797087347882838,
16,221.675,0.006803901758328788,0.019636058924813928,-0.00990333456166062,
16,221.726,0.007444298784968426,0.019564044382547666,-0.00997924184497371,
16,221.777,0.007658659418784537,0.019151212257958735,-0.010029592672339658,
16,221.828,0.007381726969266649,0.018753794142291287,-0.009858674315444689,
16,221.879,0.006008615265028049,0.018599021453790537,-0.009358741434629753,
16,221.93,0.004042774127054412,0.018612303209135844,-0.008888789577709482,
16,221.981,0.002658042502531627,0.018732299971127495,-0.008676652611979146,
16,222.032,0.0017572466439348899,0.0189110988114152,-0.008847740975819512,
16,222.083,0.001440021438885703,0.019113246925171242,-0.00945170102922562,
16,222.134,0.001723387624733346,0.0191132972178699,-0.010083932148719239,
16,222.185,0.0023691802360811445,0.018782894066366605,-0.010482671989513052,
16,222.236,0.0035972041477709393,0.01846793017491091,-0.010699629687639009,
16,222.288,0.0046983242755958676,0.01838900407216185,-0.010782572165919803,
16,222.338,0.005227930362940639,0.018467801575335768,-0.010772900720381324,
16,222.389,0.0057501172620574885,0.01864142527950922,-0.010704608133060942,
16,222.44,0.006225596771842,0.01886191812025577,-0.010604204966281968,
16,222.491,0.006632923510386385,0.019094757600530882,-0.010491273363988215,
16,222.542,0.0071646520527380835,0.0193168108154569,-0.010379378816918071,
16,222.593,0.007733450288510841,0.019313274283308996,-0.010277138263184446,
16,222.644,0.008280329697569306,0.018964505866134927,-0.010189302650590074,
16,222.695,0.008769218717035497,0.018422340222990247,-0.010117761808020148,
16,222.749,0.008779974052066828,0.01779969301474377,-0.01006241876484411,
16,222.797,0.008282379944245822,0.017376281892579087,-0.01002191010349265,
16,222.848,0.007900395908144854,0.017114665222061076,-0.00999416969675827,
16,222.899,0.0074224110138612,0.016776998589240547,-0.009976846712678249,
16,222.951,0.006519586691707288,0.01641768312583116,-0.009967596573927965,
16,223.001,0.005416817952669603,0.016073348206844567,-0.009964267062618574,
16,223.052,0.004676071096497225,0.0159671163549247,-0.009965002225995773,
16,223.103,0.0048295152582495445,0.016222959899393097,-0.009968285216515506,
16,223.154,0.005343289848246352,0.0166904682585047,-0.0099729385258968,
16,223.205,0.0058460559653305535,0.017256171606918936,-0.009978096874934039,
16,223.256,0.006502206494131899,0.01783940755416356,-0.009983164743893705,
16,223.308,0.007003185851919706,0.018186201042037272,-0.009987767463856661,
16,223.358,0.00716356687854337,0.018152659017720205,-0.009790868451722615,
16,223.409,0.007092620678466085,0.018078716430268277,-0.009279719917504464,
16,223.46,0.007079845415277843,0.017984802943569654,-0.008808922956087184,
16,223.511,0.00690457079741468,0.017684791829819774,-0.00860265994352155,
16,223.564,0.006237490074111865,0.017477534273095726,-0.00838179235221317,
16,223.615,0.005509411308409054,0.01734641406994104,-0.00796846749453347,
16,223.665,0.0048007004424391025,0.017073824359850828,-0.007665747345552507,
16,223.715,0.003960510750712066,0.016933234694728516,-0.007659115909916551,
16,223.767,0.0033043259143947772,0.017089431171668956,-0.007842914152170269,
16,223.817,0.0030197001305285113,0.017423424093510564,-0.008134079612073372,
16,223.869,0.0031970729467385777,0.017643782575327772,-0.008470714872669248,
16,223.919,0.004058167614535864,0.017572725618834873,-0.008809469183873202,
16,223.97,0.0052885936274571135,0.017521310829742686,-0.009122369244770421,
16,224.022,0.005652878206747075,0.01748662390294271,-0.00939355129723584,
16,224.072,0.00482989643697475,0.01726461828163504,-0.009616192447652362,
16,224.123,0.004315740821297978,0.01714114366334017,-0.00999064993706943,
16,224.175,0.004241788890931016,0.017291614854604485,-0.010633227258055997,
16,224.226,0.004054435774518842,0.01760569374040984,-0.011195309528798705,
16,224.276,0.004211070668809242,0.017999471628428628,-0.011459778504737431,
16,224.327,0.004374906123826405,0.018412731052993916,-0.011512127027810565,
16,224.378,0.004128530888914375,0.018805286430601423,-0.011424226434082389,
16,224.429,0.003438024917081318,0.018952194247595675,-0.011253438212611091,
16,224.48,0.0025181457494516976,0.018728920354556675,-0.011043209892744278,
16,224.531,0.0015250548083024047,0.01848699987292857,-0.0108245749739097,
16,224.582,0.0007656214728828916,0.018453388338551455,-0.010618112169897538,
16,224.633,0.000819553678390871,0.01855607619881319,-0.0104360418423217,
16,224.684,0.000989139252495891,0.018737930614116296,-0.010284242006813738,
16,224.736,0.0010184422404733778,0.018955949626449912,-0.010164050804307642,
16,224.786,0.0015579217325229137,0.019179648636613703,-0.010073787222623318,
16,224.838,0.002582099110369098,0.019389020006132154,-0.010009968952615847,
16,224.888,0.004035696163678804,0.0195723827942751,-0.009968238166511679,
16,224.939,0.005848763357942615,0.019724334771129583,-0.009944025600711162,
16,224.99,0.0075458936593314815,0.019643100891812967,-0.009932993451687301,
16,225.041,0.008831497647503706,0.019218005048123692,-0.010132134489604722,
16,225.092,0.009749891582282197,0.018807355881261183,-0.01065090639081418,
16,225.143,0.010358997020029974,0.018639794637790412,-0.011132165639218814,
16,225.194,0.01072080825580984,0.018440765327056106,-0.011349871212740873,
16,225.245,0.010894951425551245,0.018036708980962404,-0.011180223533400514,
16,225.296,0.010733910213098772,0.017533617475626123,-0.010775774635010497,
16,225.348,0.010170001324113618,0.01700742470104351,-0.010654893705243052,
16,225.398,0.009393013384600139,0.016709520434937553,-0.010725590311904598,
16,225.449,0.00834095134397329,0.01658196103598134,-0.010712642507387111,
16,225.501,0.006996152236108024,0.01637306621209127,-0.010647089373075546,
16,225.551,0.005169970817013448,0.01632962168841404,-0.01055306383983156,
16,225.602,0.0031817575883232333,0.016596612673895606,-0.010247497230724002,
16,225.653,0.0018518460286264895,0.017041253640388745,-0.009629971995266572,
16,225.704,0.001251807312572521,0.017564111147139932,-0.009062813210826706,
16,225.755,0.0017705778218503978,0.01789429634286074,-0.008774352511659008,
16,225.807,0.0031660573731029183,0.017873552279960795,-0.008687808304823482,
16,225.857,0.0044092109460677695,0.017830239295331164,-0.008737715946677755,
16,225.908,0.005053135876654242,0.017976764835695987,-0.008670294282254687,
16,225.959,0.005060182221053573,0.018233272702082023,-0.008332205846883533,
16,226.011,0.004457365791761889,0.018539711737418006,-0.00784768467622611,
16,226.061,0.0031101719541455075,0.01885355689607786,-0.007308171908746516,
16,226.112,0.001795462577395812,0.019146939715114834,-0.0069775647802503005,
16,226.163,0.001410536938250228,0.019403630523542496,-0.007008332075545981,
16,226.214,0.0016528519385819443,0.01961616799316095,-0.007268395769999878,
16,226.265,0.0014746480622727719,0.019783313780229985,-0.00765462724574217,
16,226.316,0.000639392180735008,0.01990792014210403,-0.008090749310388137,
16,226.367,5.2334948820739985e-05,0.019995233717732607,-0.008523833585542458,
16,226.419,7.328795385312854e-05,0.020051615305711933,-0.008920178410461875,
16,226.469,0.0002816723764249495,0.0198827956320252,-0.009261120580432389,
16,226.52,0.0005935259847704068,0.019181437340396543,-0.009539141107495855,
16,226.571,0.0011475210901197813,0.017994043471282747,-0.009754472390586298,
16,226.622,0.0016114760164720055,0.016791151053208737,-0.009912299523132112,
16,226.673,0.0017795787743303234,0.01607661844087205,-0.01002056748028596,
16,226.724,0.0017444320123337262,0.015732697019714924,-0.010088353044227663,
16,226.775,0.0017825879748891347,0.015453262398905888,-0.010124729713976035,
16,226.826,0.0022663588632861878,0.015438468092890642,-0.010138039977298565,
16,226.877,0.002997062579349182,0.015795423393266436,-0.009934653650204059,
16,226.928,0.0032249361179110102,0.0163621254203233,-0.009407793703742852,
16,226.979,0.00331284653408343,0.017017823697238154,-0.008916631593245558,
16,227.03,0.003906430205266831,0.017677925343100368,-0.008688654753256789,
16,227.081,0.00417414259793447,0.018287822845756054,-0.008647786360173429,
16,227.132,0.00380968337024096,0.018816526665939234,-0.008730203356809674,
16,227.183,0.003872392795693011,0.01925068418460438,-0.008885068785074014,
16,227.234,0.004605697139871469,0.019388493255091954,-0.009073958250356529,
16,227.285,0.00530851237844863,0.019124334457135097,-0.009269494939381588,
16,227.336,0.005533646489528399,0.018824427394969277,-0.009453586696350118,
16,227.387,0.0052334996165293805,0.018726519356871325,-0.009615549500331002,
16,227.438,0.004821408469614728,0.01876602899522861,-0.009750308833477042,
16,227.489,0.004571460054686709,0.018890497725694993,-0.009856795494959608,
16,227.54,0.004445581351859949,0.018858622440854334,-0.009936594992784742,
16,227.591,0.004409387221738166,0.01852820267767997,-0.009792034411563023,
16,227.642,0.004634453685688925,0.018032854717721574,-0.009314359544919179,
16,227.693,0.005209833320836984,0.017270689166089887,-0.008862248250483597,
16,227.744,0.005762830953288618,0.016398627139233193,-0.008462851858009464,
16,227.795,0.006056215983809302,0.01592780591216818,-0.00792851548836509,
16,227.846,0.005958695781864273,0.015952977444097273,-0.007551393903042526,
16,227.897,0.005618302043304842,0.016294232578562474,-0.0075062313997330075,
16,227.948,0.005551153307317538,0.01681079421120447,-0.007878433080141885,
16,227.999,0.0058654786200865545,0.01739829175166446,-0.008689245327705748,
16,228.05,0.006198378404462671,0.017783254778572382,-0.009716225782035699,
16,228.101,0.0057131133399406665,0.01780656291526945,-0.01059851149704568,
16,228.152,0.004742100013938563,0.017796884364206223,-0.011116286296615345,
16,228.203,0.0045417244339132565,0.01776682726172905,-0.011559520473251926,
16,228.255,0.0050525290772926515,0.017525281279424442,-0.011919341370722826,
16,228.305,0.005777581889607119,0.01736833445945531,-0.011995925719178077,
16,228.356,0.00658179709186183,0.017479087179448852,-0.011884703585421935,
16,228.407,0.007171344167422206,0.0175517986060412,-0.011661966334526559,
16,228.458,0.007375019496369961,0.017393437374315087,-0.011184768290633147,
16,228.509,0.007515687098426188,0.017099599043805192,-0.01038187274118114,
16,228.56,0.007403810626788368,0.016742477318052378,-0.009635423630557818,
16,228.611,0.0067372847380870685,0.016574291169745983,-0.009185975027392174,
16,228.662,0.006170245236276796,0.01674162377586785,-0.008963113918887187,
16,228.713,0.005913397383773802,0.017110699443591216,-0.008903478253036024,
16,228.764,0.005675291244269331,0.017579514207942168,-0.008953318215392836,
16,228.815,0.005468333021793302,0.018074635282142256,-0.009069366723545776,
16,228.866,0.005297977234364775,0.01854685315849788,-0.00921855560592795,
16,228.917,0.005365615400812353,0.018966447136742302,-0.009377014258841857,
16,228.968,0.005379624091893218,0.01931858325998002,-0.009528688561130602,
16,229.019,0.004956444758521987,0.019599166870189737,-0.009663827187872932,
16,229.07,0.004688536985537537,0.01981131991325639,-0.00957667082425779,
16,229.122,0.005144235792519444,0.01996254191835782,-0.008952279487837087,end
17,230.141,0.00248589144971428,0.018859047248350396,-0.011221004455919956,start
17,230.192,0.002639971606448152,0.018378137557527967,-0.010884461091750258,
17,230.243,0.002125045781263602,0.01799916155731823,-0.010195899354500966,
17,230.295,0.0016240850262327234,0.017916838996214036,-0.009537718296225491,
17,230.345,0.00137315835797253,0.018031388830905593,-0.00915272955198236,
17,230.396,0.00130274924386345,0.018263000894620112,-0.008973880597284345,
17,230.45,0.001956272515592733,0.018551084799988314,-0.008941607269417862,
17,230.498,0.003624092116272034,0.01885224423031935,-0.009005933073427596,
17,230.549,0.006009284160269285,0.01913759648896642,-0.009127045364692611,
17,230.6,0.008662953389106835,0.01918905380319959,-0.00927484838722051,
17,230.651,0.010873965125253878,0.018885534835236122,-0.009427896022764046,
17,230.702,0.011619291291565388,0.018579567667911124,-0.009572012452478242,
17,230.753,0.010963055820619455,0.018497443401690388,-0.009698823467830046,
17,230.804,0.009661477961014934,0.01856547845101695,-0.00980434846114829,
17,230.855,0.008251402679371484,0.018724352917256225,-0.0098877444434283,
17,230.907,0.007487519605571638,0.01892872444731151,-0.010151082118090491,
17,230.957,0.007199438270230841,0.018945024060984115,-0.010709504502416508,
17,231.008,0.006837988371456496,0.018638560401777374,-0.011211486259965943,
17,231.059,0.006659353609122012,0.01835054496352306,-0.011436110146507453,
17,231.11,0.006612317964661194,0.018298332253131516,-0.011464805321374191,
17,231.161,0.006452628497382578,0.0184015464127325,-0.011164702477269455,
17,231.212,0.006434350391006258,0.018596152283663982,-0.010476999162845032,
17,231.263,0.006709068677654259,0.01883373900583556,-0.009796786934524574,
17,231.314,0.0067479642692178,0.01887897174343658,-0.009376856584811155,
17,231.365,0.006431656339401103,0.018596370599120823,-0.00915759287717008,
17,231.416,0.0063146155072494195,0.0183270486744131,-0.009084641241841029,
17,231.467,0.006535610885583741,0.018288712615940752,-0.009111387536568965,
17,231.518,0.006955652983548054,0.018401599366354385,-0.009199926629622067,
17,231.569,0.007268776909627161,0.018602404514332777,-0.009320983977031858,
17,231.62,0.007287340716981885,0.018843464889036782,-0.009453172001039201,
17,231.671,0.0065129956772984965,0.01909097780080321,-0.009581879579964606,
17,231.722,0.004689822180120609,0.019322745487983527,-0.00969801544464981,
17,231.773,0.002742110089177527,0.019525796250408022,-0.009796758824968688,
17,231.824,0.0012726587466048126,0.01969411759821264,-0.00987641511107262,
17,231.875,2.7153128916717554e-05,0.019826643345894075,-0.009736597139049383,
17,231.926,-0.000974668775145976,0.019925565278231385,-0.009467251075790602,
17,231.977,-0.0011372229656310016,0.01979415495495323,-0.009538136785087298,
17,232.028,-0.00034678566496069025,0.019324743675874945,-0.010022369826198276,
17,232.079,0.0007905219736159538,0.018877098052842205,-0.010732803697588727,
17,232.13,0.0016572642653731279,0.018680206445195562,-0.011330406551153372,
17,232.181,0.0024816843022633832,0.018659953295522475,-0.01160680389597131,
17,232.232,0.003614399691267591,0.018754614498185686,-0.011654991638054156,
17,232.283,0.00465301217393365,0.01891537173531334,-0.011552945712263495,
17,232.334,0.00554783627620831,0.019105605580362964,-0.011362744895042099,
17,232.385,0.006278557161317542,0.019299462149828788,-0.01133211894842789,
17,232.436,0.006644495201411211,0.01948006898976448,-0.011607130534481465,
17,232.487,0.006747082133064925,0.01963766932252787,-0.011855236933689096,
17,232.538,0.0066725272628694625,0.01976785381614726,-0.011865322748232819,
17,232.589,0.0066911851320967655,0.019869996948059906,-0.011521109810668891,
17,232.64,0.006768126283886054,0.019945950198080403,-0.010776484984894844,
17,232.691,0.006876266559476251,0.01999900493952402,-0.010035707324739645,
17,232.742,0.006794895502712527,0.02003311161620332,-0.009557739940016161,
17,232.793,0.006196850568897382,0.01985149235933698,-0.009286723104518828,
17,232.844,0.005114645413837568,0.019345273391266713,-0.008969372387152825,
17,232.895,0.003206359676268019,0.018872371877170054,-0.008446965589619765,end
18,234.17,0.004820593375461577,0.019400576101669953,-0.009381433806226677,start
18,234.221,0.005752993837243908,0.01957164938384792,-0.009117048038699777,
18,234.273,0.0062904997054897185,0.019715778384548664,-0.008817580752471478,
18,234.323,0.006531559611420708,0.019831048247244226,-0.008720504779844136,
18,234.375,0.006763961922257498,0.019918549230228944,-0.008560197580825251,
18,234.425,0.006771308333256622,0.01998121134258694,-0.008171381314186656,
18,234.476,0.00683455828975732,0.019822075486984714,-0.007868079018093029,
18,234.527,0.006928580983155027,0.01933263944210078,-0.00784482021773159,
18,234.578,0.0068339529945584095,0.01887151661048125,-0.008003036204041983,
18,234.629,0.006425101739217377,0.01866642975096799,-0.008264931285938328,
18,234.68,0.005646733689703834,0.01864202729345123,-0.008572282176576367,
18,234.731,0.005095571787521405,0.018735467388957833,-0.008884095658891861,
18,234.783,0.004935239296894414,0.018896979620708947,-0.00917372217463065,
18,234.833,0.005239279570213077,0.019089175184965945,-0.009425852344459954,
18,234.884,0.006419222389025459,0.019084776160969034,-0.009633679685686874,
18,234.936,0.007463636793752135,0.01855297697296569,-0.009796397849776964,
18,234.986,0.00773472744956549,0.017725650148602695,-0.009716279804594288,
18,235.038,0.00768890173427199,0.016976081903983073,-0.009286020887415121,
18,235.088,0.007443502555303412,0.016336599656367117,-0.008866596427570182,
18,235.139,0.007491487705417105,0.01601992671089295,-0.00868864813825723,
18,235.19,0.007924614188626264,0.016136561097601834,-0.008679866164502415,
18,235.241,0.008569957108194418,0.016521728164155407,-0.008780284753775512,
18,235.292,0.009299562734550657,0.01704817727394253,-0.008942672319152058,
18,235.343,0.009422097664532721,0.017622946359766172,-0.009131758627310246,
18,235.394,0.008743775903228447,0.018182532345877325,-0.009322778257415931,
18,235.445,0.007606315406813723,0.018888260803582784,-0.009499692558280792,
18,235.496,0.0064665953719536045,0.01983185800544224,-0.009854181901873132,
18,235.548,0.005416983835040037,0.020651376606377326,-0.010494915571577562,
18,235.598,0.004107815139377319,0.021124648783530427,-0.010866092814738115,
18,235.649,0.002938182770379956,0.021137002036021358,-0.010632904364803188,end
