episode_id, timestamp, wx, wy, wz, marker
1,21.757,-0.00658997211944169,0.011272696398855832,-0.0007074737095878024,start
1,21.808,-0.008035543561431147,0.010776995614857397,-0.0008397458181190458,
1,21.859,-0.009522141927570386,0.010597492062365892,-0.0012587863606666908,
1,21.91,-0.010513962069593302,0.010635202232489949,-0.0016272496461861622,
1,21.96,-0.011108779090637047,0.010608359713530231,-0.001732841543037458,
1,22.012,-0.011401193838717403,0.010542272580624613,-0.0016613579077947595,
1,22.063,-0.011476171734792326,0.010657158518043365,-0.0014820491356049678,
1,22.114,-0.011204839281776627,0.011079716282986292,-0.0012479910404759205,
1,22.165,-0.010532363573457685,0.011464820663825337,-0.0009976220800231297,
1,22.215,-0.009656636323301479,0.011794967490920821,-0.000756905126442726,
1,22.267,-0.008720903586173084,0.012063345368721296,-0.0005417161286203038,
1,22.319,-0.008022690543845893,0.011868880600486137,-0.0003601864017213844,
1,22.369,-0.007332067338539332,0.011393193017456693,-0.00021482701146347953,
1,22.42,-0.006500958384434644,0.010775356380119406,9.649091030880188e-05,
1,22.471,-0.006249015505985339,0.009915151528712677,0.0006900710006451427,
1,22.522,-0.006790428435949389,0.009169440340041992,0.0012161623674999448,
1,22.573,-0.007998001414333725,0.008757899055336612,0.0014558733411433257,
1,22.625,-0.009134141334799261,0.008794572344416052,0.0016934906523194122,
1,22.675,-0.009731530188996983,0.009115762647488104,0.0021115102241951013,
1,22.728,-0.010537900870168676,0.009191958734714534,0.0024108164482975316,
1,22.778,-0.011011856507531047,0.009104906309295844,0.0026099413789604483,
1,22.828,-0.010632041781041034,0.009120981077580448,0.002929652143531643,
1,22.878,-0.010337672917467745,0.009201905288370942,0.0033010173455090795,
1,22.931,-0.01032258621513032,0.009117086211179449,0.0036756781479279467,
1,22.982,-0.010286995867844246,0.008731947575812101,0.003821521133686401,
1,23.032,-0.009839447260870758,0.00838597170556995,0.0036080617331607613,
1,23.083,-0.008561140752631303,0.008494573685773534,0.00318131112725956,
1,23.134,-0.006651883518651666,0.009086829152091797,0.002652048232428841,
1,23.185,-0.004692175965866652,0.009740864937824611,0.0020995564442092066,
1,23.236,-0.003460043083172762,0.010181149011685731,0.001576550347703375,
1,23.287,-0.003195190145905069,0.010649807207987805,0.001114469835442633,
1,23.338,-0.0035719802428083123,0.011299847911476535,0.0007285845677358566,
1,23.39,-0.004330020233532678,0.011813164888964925,0.0004225667369052329,
1,23.442,-0.005271679453059468,0.011996723708815065,0.00019235548141879855,
1,23.491,-0.006054622746382859,0.011954045711550542,2.9256556827957027e-05,
1,23.542,-0.006672876790818024,0.011568865199304619,-7.769746981761762e-05,
1,23.594,-0.00733667429987552,0.010794129400787259,-0.00014005089254916057,
1,23.645,-0.007775522372234847,0.010032622584932592,-0.000369624238672666,
1,23.695,-0.008034844592325256,0.009541608332147481,-0.0006880019181214842,
1,23.746,-0.008158195379161903,0.009263519775663849,-0.0008369243563971325,
1,23.797,-0.008184431482370667,0.009144331258551486,-0.0012668702713242636,
1,23.848,-0.008547942608144048,0.00913662835232819,-0.0020433456369449363,
1,23.899,-0.008696896169801164,0.00920104571524624,-0.002578023932988471,
1,23.95,-0.007892942329818575,0.009306542653910555,-0.002713839092204016,
1,24.002,-0.0065424242576284115,0.009429911107322088,-0.002582932263173717,
1,24.052,-0.0053515254783283684,0.009554830869208346,-0.0022914790755572435,
1,24.103,-0.004760335111449913,0.009670710328194247,-0.0021213063332211233,
1,24.154,-0.004802094681930455,0.00977148277686571,-0.002243421212217579,
1,24.205,-0.005246442977370567,0.00985447092153468,-0.002342351640045895,
1,24.256,-0.005712462478105388,0.009919386350490837,-0.002217631605026393,
1,24.307,-0.005753276568430075,0.01016832958990788,-0.001959492193898068,
1,24.358,-0.0055181057776131776,0.010716134531923683,-0.0016365212933365503,
1,24.409,-0.005526491053927719,0.011210774163292051,-0.0014987496436049224,
1,24.46,-0.005690407770221931,0.011430746371105997,-0.001691657147506044,
1,24.511,-0.005740073161779614,0.011456889075315028,-0.0018803156518672872,
1,24.561,-0.005712473497634239,0.011356618795324248,-0.0018502598073567747,
1,24.614,-0.005436703292111417,0.011183328412239594,-0.001883179324494798,
1,24.663,-0.00502392210357252,0.010977127490175565,-0.002154677303540433,
1,24.716,-0.0047572625080174215,0.01076638417730877,-0.0023565439177833376,
1,24.766,-0.004605739909420856,0.010569657335084229,-0.0020958683937925397,
1,24.817,-0.0045402329358663895,0.010799391037503213,-0.0015594817253969206,
1,24.868,-0.004735988273359366,0.011685847873722012,-0.001291024399942518,
1,24.919,-0.005485246203147252,0.012520615643802377,-0.0014168037327382933,
1,24.97,-0.006328469732556955,0.012652671799736778,-0.001785323063377654,
1,25.022,-0.006561718211308359,0.012323434252909214,-0.001878252319959028,
1,25.072,-0.00638502059527908,0.012327295039286942,-0.001184465162817441,
1,25.123,-0.006361265463393905,0.012745312459295647,-4.185054812202039e-05,
1,25.174,-0.006638342216581713,0.012993701775363124,0.0008951627474900383,
1,25.226,-0.00688526577142126,0.012912512216680687,0.0014242061430219937,
1,25.276,-0.007093014302049765,0.012626468978114173,0.0014482638723670729,
1,25.327,-0.007258948711902916,0.012031187704944352,0.0009456819716717351,
1,25.38,-0.006983068174148996,0.01088372983706197,0.0001457130783983921,
1,25.431,-0.00644599137897751,0.009675145579844262,-0.0007807211490687436,
1,25.481,-0.005985374856472439,0.00912694854354819,-0.0015130067884442393,
1,25.531,-0.005811632823109925,0.009247164088670486,-0.002061947891463456,
1,25.582,-0.006036669139310136,0.009786409739985713,-0.0028508696659997226,
1,25.633,-0.006499384616932568,0.010350247868580987,-0.0037303265957192235,
1,25.684,-0.00687653079829802,0.010884563351281986,-0.004396364910751517,
1,25.737,-0.006766832210088298,0.01155785468261047,-0.004671188049519685,
1,25.787,-0.005952040136227605,0.012266190564455904,-0.004472193583391742,
1,25.837,-0.00475049033918296,0.012940099248846523,-0.003985301382038938,
1,25.889,-0.0042007521593577,0.013336956923694318,-0.003352879261676907,
1,25.939,-0.004514884045364245,0.013524246556407698,-0.002878759618103526,
1,25.991,-0.004956157713481502,0.013762917433971891,-0.002544255183989098,
1,26.04,-0.0050418576062599835,0.014015368494013858,-0.0021253314228879645,
1,26.092,-0.004691791486587958,0.014055543571936962,-0.0016859187927330368,
1,26.144,-0.004492035499293887,0.013554680407845226,-0.0012686651328371297,
1,26.194,-0.005007229203578255,0.012747057607177722,-0.000899142593737396,
1,26.245,-0.005939569698192145,0.012209240488837788,-0.000589917507321321,
1,26.296,-0.006863716132802944,0.012088502026654667,-0.0005450390623754516,
1,26.347,-0.007909201067345332,0.012044123285141326,-0.0008741386390221668,
1,26.398,-0.008948519210915282,0.011851449410239448,-0.001416651886597718,
1,26.448,-0.009498722937466623,0.011579144382909691,-0.00205245635276804,
1,26.5,-0.009490198954434353,0.011277642999128363,-0.0024961832557434433,
1,26.551,-0.009324852512216568,0.011182470792907637,-0.002580241144082803,
1,26.602,-0.0092730442524155,0.011628940946182114,-0.0024268720954933884,
1,26.653,-0.009097382161776864,0.012386927766589083,-0.0021335495824046343,
1,26.704,-0.008655564114522398,0.012882147263679469,-0.0017740313126370425,
1,26.755,-0.008078539308552695,0.012968224181389017,-0.0014009396398656148,
1,26.806,-0.007059486529112603,0.01278498201970782,-0.0010491143900139286,
1,26.857,-0.005838802467017694,0.012443732129510407,-0.0007391917336407665,
1,26.91,-0.005189364615627769,0.012028557524778457,-0.0004810405300619511,
1,26.959,-0.004958467991205841,0.011599323604118554,-0.0002768312073295224,
1,27.011,-0.0052153858073456785,0.011195554566528909,-0.00012362243476386303,
1,27.06,-0.005965358723182627,0.010840553635604521,-1.543073463776393e-05,
1,27.112,-0.006368804397703062,0.010746182314425723,5.519778298179056e-05,
1,27.163,-0.006517594105159531,0.01102738102493076,0.0002968949180141007,
1,27.214,-0.00669194067975794,0.011326028831265407,0.0006288908062627569,
1,27.267,-0.006266171359509319,0.011411042574127702,0.000590462248329121,
1,27.316,-0.005288886655063966,0.011352212333496975,0.00011671484556858544,
1,27.367,-0.004237229030262497,0.011205853569727945,-0.000598167198768182,
1,27.417,-0.003222355516709911,0.011215949414887568,-0.0012094387109898887,
1,27.468,-0.0023126018525793258,0.011526410285565806,-0.0015043202364827793,
1,27.52,-0.0017441842828384928,0.011803736675060138,-0.0015725957034627078,
1,27.57,-0.001440346093613992,0.011836699969399051,-0.0014900522216324853,
1,27.621,-0.0011297710150860998,0.011710292561253893,-0.001518245434338917,
1,27.672,-0.0010406584492327034,0.011491827252700475,-0.0018160285936591031,
1,27.724,-0.0013015735830928942,0.011231870542748976,-0.0020619580720527926,
1,27.777,-0.00196685296011106,0.010966186481241955,-0.00205404109031783,
1,27.825,-0.0028380277706901297,0.010718172494533123,-0.0016831216338601697,
1,27.877,-0.003570435789855634,0.010501415059714145,-0.0009083535704339646,
1,27.927,-0.004155008641952493,0.010322116937733022,-0.00013765003840924888,
1,27.979,-0.004798640076762691,0.01018124704256993,0.00036769976140640145,
1,28.029,-0.00583011099414017,0.010076339716187618,0.0006622680378704583,
1,28.08,-0.0068266280745293345,0.010002924607349762,0.0007979875706194655,
1,28.131,-0.007118172823612949,0.009955604770545792,0.0008209263973067049,
1,28.182,-0.006733328028986922,0.00992882254292068,0.000769690389330116,
1,28.233,-0.006347262986244719,0.009917363651602526,0.00047416454732758154,
1,28.285,-0.006393096588320438,0.009916652938006226,-0.00035596365266911157,
1,28.336,-0.00631057976730844,0.009722059023164906,-0.0014622728247917815,
1,28.386,-0.005750706755680893,0.009418750221914884,-0.0022551701307623366,
1,28.437,-0.005331324465733196,0.0094717501184785,-0.0025825304128858904,
1,28.488,-0.005437403858862615,0.009949845136860085,-0.0025850198238740662,
1,28.539,-0.005671133530057555,0.010662168537326046,-0.0023789528189858073,
1,28.59,-0.00596795558970405,0.011266657610250443,-0.0020556819119629957,
1,28.641,-0.006482230961640177,0.0115525926155841,-0.001683211573247894,
1,28.692,-0.006893823173045802,0.011812085986397169,-0.001309108935242348,
1,28.744,-0.007005661098490302,0.012234608628973704,-0.0009640123797267097,
1,28.794,-0.006916266823831706,0.012526913983341945,-0.000665241720946481,
1,28.845,-0.006704993319719548,0.012511388722841384,-0.0004201835287299773,
1,28.896,-0.006633358372050655,0.01229968302196196,-0.00043009393823425157,
1,28.947,-0.006657035510693618,0.011979163745839903,-0.0008035663707427838,
1,28.999,-0.006539105480322528,0.011614605139045381,-0.0011793738766814074,
1,29.049,-0.006540662857590175,0.011050254439226272,-0.0015264890674617378,
1,29.1,-0.006618728558017487,0.010202269363255533,-0.0020281510883496476,
1,29.151,-0.006538758045536511,0.009441330176630925,-0.0023877980537661708,
1,29.202,-0.006564688728626174,0.00899818054009062,-0.002426638103364601,
1,29.253,-0.006857289860468037,0.008794445464876647,-0.002256607988425124,
1,29.304,-0.007297414832790495,0.008760626030777796,-0.001966277780025942,
1,29.355,-0.007796797684252981,0.00883849908668089,-0.0016221161524963671,
1,29.406,-0.008294068514194276,0.008981750480638994,-0.0012710773566270948,
1,29.457,-0.008750037308436024,0.009155424491814553,-0.0009438280401243291,
1,29.508,-0.00914288742663444,0.009334658260712498,-0.0006581252134187144,
1,29.559,-0.009062029963445196,0.009503059319568005,-0.0004220197890912247,
1,29.61,-0.00828218766302652,0.009650984563070883,-0.00023669090125645403,
1,29.661,-0.007719198761105143,0.009773894263938595,-9.881573441450228e-05,end
2,30.528,-0.008258016605149313,0.012357201863698401,-0.0008292947715313378,start
2,30.579,-0.007608900724592352,0.012541389562184159,-0.0009006345586503493,
2,30.63,-0.006782173572686549,0.0120536926921414,-0.0010748710041613907,
2,30.681,-0.0065104499801054766,0.011375093654420207,-0.001301103362873916,
2,30.733,-0.007219008237819985,0.010829407083666347,-0.0011408420405567866,
2,30.783,-0.008499350829898595,0.010412801019564733,-0.0007455767483493538,
2,30.834,-0.009441052864035926,0.010112448344464264,-0.0004321779836782407,
2,30.885,-0.009286582448103932,0.00991078332949301,-0.0001964608501910267,
2,30.936,-0.00824065563302961,0.00978861224600165,-2.950092378871356e-05,
2,30.987,-0.007510349430144739,0.009727239143855695,7.99489931511102e-05,
2,31.038,-0.007442802329399861,0.009709789234341237,0.00014372228629696123,
2,31.089,-0.007002408468073915,0.009721911343624753,0.00017307767708134422,
2,31.14,-0.006157433471384383,0.009752025701639218,0.0001780008730718725,
2,31.191,-0.005723360475191214,0.009791260225407447,0.00016685894597395193,
2,31.242,-0.005386857040021604,0.009833192136374892,-5.452495858795242e-05,
2,31.293,-0.004537461511964214,0.009672651829542116,-0.0005937969988613618,
2,31.344,-0.003226523079227902,0.009194318757446786,-0.0008919581825258961,
2,31.395,-0.0021265529290877033,0.008952262269644344,-0.000609862915983356,
2,31.446,-0.0018527529889381653,0.00928285467959626,-0.00017911462772242902,
2,31.497,-0.002331647536463519,0.00995415870800263,-8.929830798694478e-05,
2,31.548,-0.003254812594287977,0.010790050480109994,-0.0004261881422118775,
2,31.6,-0.004388750181876805,0.011463517119017908,-0.0008088494421534152,
2,31.65,-0.00556677392321611,0.011577042930826972,-0.000788458523651213,
2,31.701,-0.006477604005665666,0.011121496254794713,-0.0005112075180144845,
2,31.752,-0.006742231578691968,0.010538403360766559,-0.0004931587449096428,
2,31.803,-0.006571157729253181,0.010121184030290067,-0.0006427996427400812,
2,31.854,-0.006335222712651676,0.010044698293900296,-0.0006871337418811738,
2,31.905,-0.00607664236348138,0.010393720591805492,-0.0006603676520348942,
2,31.956,-0.005824311050158697,0.010987604952366052,-0.0005901515592938094,
2,32.007,-0.005395424557981173,0.011690823186558555,-0.0004977094422035748,
2,32.058,-0.004887758067124883,0.012206837257649752,-0.0003984388255363193,
2,32.109,-0.004772015821114287,0.01236050079825903,-0.0003027634924999687,
2,32.16,-0.0051177664233310535,0.012269425944587969,-0.0002170799309054389,
2,32.211,-0.005932554486249654,0.012028704103643406,-0.0003455215200965391,
2,32.262,-0.00698270569989619,0.01191217761181133,-0.0008018081021654306,
2,32.313,-0.00749694418245237,0.012085498630327773,-0.001230869838099916,
2,32.365,-0.007224496341645454,0.012430790317909085,-0.001407169206681058,
2,32.416,-0.006469392695717187,0.012858637181844023,-0.0014071963035252434,
2,32.466,-0.005666230752704228,0.013104226859570235,-0.0012941687309907216,
2,32.517,-0.005298434637858965,0.013012362885851033,-0.001117713268597761,
2,32.568,-0.005841908368763231,0.012510618589177597,-0.0007139198540743919,
2,32.619,-0.007327834601659476,0.011585470117835221,4.07263832360831e-06,
2,32.67,-0.008897167286023423,0.010864758418937713,0.0006650647141419059,
2,32.721,-0.009791421931425983,0.010935560791471035,0.0010355660474999544,
2,32.772,-0.009578374699500982,0.011508314131389119,0.001189997041510209,
2,32.823,-0.008471438871580585,0.011754482270527776,0.001394278670264639,
2,32.874,-0.007281797516603641,0.011570585294283264,0.0016141214297720808,
2,32.925,-0.006335514509174455,0.011728139442549478,0.001424616303114325,
2,32.976,-0.005822161598147887,0.012292860580111087,0.0007869652273616347,
2,33.027,-0.005828542142665054,0.012470851921387279,-8.688022349034289e-05,
2,33.078,-0.0059669083114009085,0.01198484754102245,-0.0010420102695484603,
2,33.129,-0.005777140918552914,0.011312864553508323,-0.0021733770678991457,
2,33.18,-0.005191335577343635,0.010977253931502125,-0.0033268869664009873,
2,33.231,-0.0045994241157336895,0.011286004317994654,-0.004000265621063716,
2,33.282,-0.004452814092758073,0.01198321364083208,-0.004110782869639714,
2,33.333,-0.004603576523097016,0.012471885149861004,-0.003851429856491534,
2,33.384,-0.004732114310095707,0.012586720281392003,-0.0033756947075977376,
2,33.435,-0.0048360724024449075,0.012452569773528233,-0.0027993999947632233,
2,33.486,-0.004715081300695532,0.011968675062002481,-0.002405740656133355,
2,33.537,-0.004258704665789911,0.011098510649433927,-0.0023616724689173446,
2,33.588,-0.004025557629811598,0.010251348545632975,-0.002344521598764259,
2,33.639,-0.00435597606034457,0.009888661784114346,-0.002145178324447866,
2,33.69,-0.005021294413102497,0.009865829911786965,-0.001844999606902382,
2,33.742,-0.0058479540192946915,0.0094602976917863,-0.0015042643184274528,
2,33.792,-0.006310014346971565,0.008641064166837456,-0.0011648904562448592,
2,33.843,-0.006099452149419919,0.008023981850403922,-0.0008536528242574122,
2,33.894,-0.005474417651130534,0.007786955537090571,-0.0005854632033429374,
2,33.945,-0.004834605546200411,0.007812719870320794,-0.0003664270913298428,
2,33.995,-0.004437547777747431,0.008004955650807756,-0.0003973452427309769,
2,34.047,-0.004228077901620013,0.008288515184219332,-0.0007869218389103497,
2,34.098,-0.0041557452491444,0.008808699683597524,-0.0011743948878581414,
2,34.149,-0.00397634284274829,0.009639689402635942,-0.0013285581163582773,
2,34.201,-0.0035418494457967226,0.010402424590467455,-0.0015215369224143788,
2,34.251,-0.0023761564416863046,0.011060111471306389,-0.0021255748144881374,
2,34.302,-0.00043348428856201986,0.011798424850308705,-0.0029447216284072446,
2,34.353,0.0010481084341620827,0.012328303232308383,-0.0036351903249008726,
2,34.403,0.0015124647150350132,0.012481100887752195,-0.004187663371900015,
2,34.455,0.0010862778359531449,0.012580616130203118,-0.004607250624181585,
2,34.506,0.0003240104547348219,0.012838797866798339,-0.004907904470940425,
2,34.557,9.933871385188996e-06,0.012977166315016912,-0.004907293975047749,
2,34.608,8.536004946163458e-06,0.012826743054300772,-0.004512682517240263,
2,34.659,6.953754324328518e-06,0.012503186808218375,-0.0038970784411644505,
2,34.71,-0.0003962869549903594,0.012094583849165457,-0.003189194016273475,
2,34.761,-0.0014264055235436086,0.011664260540331267,-0.0024789922544665934,
2,34.812,-0.002374152868862569,0.011254576213046182,-0.001824357231491356,
2,34.863,-0.002791268166590106,0.011091873744406847,-0.0014587827754829388,
2,34.914,-0.0028345534684255007,0.011301477578947927,-0.0015087992760964139,
2,34.966,-0.0028354387249042608,0.011532188776289183,-0.0016205040216357893,
2,35.016,-0.0028090595313619085,0.011557069728320714,-0.0015619653333366523,
2,35.067,-0.0025664797171709103,0.011447942362923144,-0.0013989433724080284,
2,35.119,-0.0026063938900297134,0.01126163513611927,-0.0011820070224224917,
2,35.169,-0.0032259468835602783,0.01104079519106802,-0.0009479198441755711,
2,35.22,-0.003966647633582535,0.0110163821270882,-0.0009224716449848735,
2,35.272,-0.004323876316533207,0.011320742586995296,-0.0012337123735019471,
2,35.322,-0.004205633526904412,0.011610678466959337,-0.00153505236269212,
2,35.373,-0.0037919452297120707,0.011667237911678957,-0.0016050011571968788,
2,35.425,-0.003623672826324475,0.011569577404690527,-0.0015209276242539105,
2,35.475,-0.004027983499942956,0.011380853101127112,-0.0013448255526926102,
2,35.526,-0.004365374223141621,0.011148885768286232,-0.001123847725462375,
2,35.577,-0.0046327419682839115,0.010907819191085575,-0.0006910070216136601,
2,35.628,-0.005436222759013628,0.01068028251230055,4.3774327307871674e-05,
2,35.68,-0.006318160426685266,0.010479702063871376,0.0007123445879462136,
2,35.73,-0.006577066459789671,0.010312523357124508,0.001083908045836515,
2,35.781,-0.006013924066483177,0.010180196953107986,0.0012351367549503483,
2,35.832,-0.0045671315174539455,0.010080853365235063,0.0012329047082531193,
2,35.883,-0.003272335403504392,0.010010643971592159,0.0011324296778240969,
2,35.934,-0.003183206169933295,0.010165593657545146,0.00097701786574005,
2,35.985,-0.0036736596487569368,0.010854169132040594,0.0007988570331859419,
2,36.036,-0.004094762254292478,0.012030504330515671,0.0006204183578816907,
2,36.087,-0.004437557940311011,0.013224332243257407,0.000656969739932125,
2,36.138,-0.004903427054394295,0.013931807494345238,0.0010293026825057988,
2,36.189,-0.005611638277610196,0.014069692125819919,0.0013862451953410865,
2,36.24,-0.006619216581326438,0.013831192187504173,0.0015038089488674643,
2,36.291,-0.007938685824575084,0.013370456952245154,0.001458402463576077,
2,36.342,-0.009151355613305363,0.012804203224112963,0.001312122425133679,
2,36.393,-0.009997277789271486,0.012215764170779754,0.0009120645045335787,
2,36.444,-0.010740863618159287,0.011660367871487961,0.0001805501311096132,
2,36.495,-0.01135908104932953,0.011170780500969037,-0.0005039456101821364,
2,36.546,-0.011244728752200029,0.010762730036687524,-0.001103297966640495,
2,36.597,-0.010067227082110174,0.010439753499201074,-0.002001562743658657,
2,36.648,-0.008101632056816688,0.010197285078997248,-0.002818541086144004,
2,36.699,-0.006390996166733399,0.010025928991321672,-0.0029152545830514716,
2,36.751,-0.0055838009807965445,0.01011478019093183,-0.002542255783385229,
2,36.801,-0.005220040008369068,0.010564211665608234,-0.0020988042205038362,
2,36.852,-0.004969064773510078,0.011007963812241527,-0.0014449580133213606,
2,36.903,-0.00460975289882643,0.011211591711134164,-0.000507866951381674,
2,36.954,-0.0040089902648444715,0.011244857420283286,0.00013393655306365772,
2,37.005,-0.003301634157403688,0.011166188727423169,0.00013313131945582929,
2,37.056,-0.0027835721826145435,0.011022050462141548,-0.0002797473294679807,
2,37.107,-0.002830199314329455,0.010847502311785192,-0.0009237419257373503,
2,37.158,-0.00323524495409933,0.01066747279211266,-0.0014633951190712955,
2,37.209,-0.0034359568253795746,0.010498390182422265,-0.0016919429280689317,end
3,38.229,-0.005769715482411674,0.012772114122873515,-0.0025018835450853196,start
3,38.28,-0.004473823008715272,0.012863660420615422,-0.00274194074556975,
3,38.332,-0.0036849699970226556,0.012491492367517626,-0.002876465862569612,
3,38.382,-0.003485512473425167,0.011851817950536159,-0.002530833635818896,
3,38.433,-0.003479254110443327,0.01149363248755519,-0.0017041839359444276,
3,38.484,-0.003999074393524379,0.0115455883321821,-0.0008362742279560892,
3,38.535,-0.005015370717947986,0.011655581486738792,-0.0002124581977147955,
3,38.586,-0.005866772801391293,0.011593127172711468,0.00020469467535270036,
3,38.637,-0.006142356321345133,0.011425090580752344,0.0004557924801230469,
3,38.688,-0.005825665486021973,0.011202837593667957,0.0005802190554164678,
3,38.739,-0.0053553931088984935,0.010963667190131457,0.0006134092252671375,
3,38.79,-0.005025233237624324,0.01073286016211889,0.0005854185049032582,
3,38.841,-0.00501229127867755,0.010525958525535412,0.0003196042623363282,
3,38.892,-0.005203837188071939,0.010351009773326208,-7.738468355921298e-05,
3,38.943,-0.005310310504616148,0.010411441947280414,-0.0001249439194030947,
3,38.994,-0.005353669012733381,0.010818814970135598,5.5424724815292546e-05,
3,39.044,-0.004951398291032192,0.011415973354692426,0.00016665197216306725,
3,39.096,-0.0038939710659381434,0.011886045416688147,0.00022460000840768106,
3,39.147,-0.002902972311085346,0.011835180642708667,4.2888518640161674e-05,
3,39.198,-0.0024358552301463584,0.011454298371146338,-0.0004787651192826241,
3,39.25,-0.002141421943281191,0.011294023772794419,-0.0009757012783000537,
3,39.3,-0.002182226174322538,0.011488945314002843,-0.0014168642420301397,
3,39.351,-0.002434757557933548,0.011896013723356691,-0.001786816832884374,
3,39.402,-0.0026019601004775637,0.012205607982548806,-0.0016797116577905932,
3,39.453,-0.0031026722117061096,0.01202614895559387,-0.0012752488803046572,
3,39.504,-0.003174556293352133,0.01154745141634495,-0.0009134008980829801,
3,39.555,-0.002764802505861321,0.011116125883334037,-0.0008087861372126769,
3,39.606,-0.0030832347488453852,0.010749832332811288,-0.001279219675723687,
3,39.657,-0.0044456104248197575,0.0104546727733961,-0.0022815034262320725,
3,39.708,-0.006568910127884138,0.010228846297911947,-0.0031427058930948767,
3,39.759,-0.00840715664258522,0.01026646178073225,-0.0034425749745490017,
3,39.81,-0.008709909215641097,0.010670848042372711,-0.0035591761600133344,
3,39.861,-0.007401048258217669,0.011077143902995254,-0.0035488712215764385,
3,39.913,-0.005565389127873818,0.0114520253346776,-0.003257169021127433,
3,39.963,-0.003539332032545449,0.012178310861983326,-0.0028084257015917827,
3,40.014,-0.0015539230907290038,0.013071624915501326,-0.0024958465789566724,
3,40.066,-0.0015615815797574558,0.013397798993476921,-0.002496540792224694,
3,40.116,-0.003851049976281969,0.012932366971578029,-0.0024972639171091356,
3,40.167,-0.0064158714653030635,0.011996626925753226,-0.002297113837735513,
3,40.218,-0.008750416437779815,0.010633591687434102,-0.0017833785130613824,
3,40.269,-0.010548897476116833,0.009306841015718513,-0.000908961290674218,
3,40.32,-0.011457427565899021,0.008511611292896584,-7.429879701276523e-05,
3,40.371,-0.012525535500921506,0.007920323249439146,0.00046698195666152245,
3,40.422,-0.013811017779586513,0.007507333731438177,0.0007766189231613878,
3,40.473,-0.014931812530123817,0.007241873124828914,0.0009128165809138177,
3,40.524,-0.01585694735840756,0.006891522126428292,0.0009268374418429137,
3,40.575,-0.015979775143880996,0.006715705109034749,0.0008613736819121623,
3,40.626,-0.015176507580900979,0.0068667833741764125,0.0007501912686286136,
3,40.677,-0.01384381660625519,0.0072153797914452054,0.0006186187949004668,
3,40.728,-0.012479472448007733,0.007863484477887598,0.0006853724525394823,
3,40.779,-0.011405263617356963,0.008852448415700745,0.0008739603271313836,
3,40.83,-0.011205929406784549,0.009578908750185758,0.0007238695359642053,
3,40.881,-0.012186211553614771,0.009676985609784949,0.00036862397451248633,
3,40.932,-0.01324179203981325,0.009565002563219393,-8.965980849827556e-05,
3,40.983,-0.013859199485347432,0.00952812691423764,-0.0007780454460413387,
3,41.034,-0.014547652810877516,0.009542383858771436,-0.0013578732046247589,
3,41.085,-0.01502553202593144,0.009588289461085696,-0.0016206639735674008,
3,41.136,-0.014526634896902063,0.009650805222774025,-0.001659011689264489,
3,41.187,-0.01303969157965732,0.009718951828142247,-0.0015503319027846173,
3,41.238,-0.011440181936066916,0.009785235331014849,-0.0013560864251720537,
3,41.289,-0.010298639164808283,0.009844999146960057,-0.0011225676716909313,
3,41.34,-0.008940017267702187,0.00989578051741417,-0.0006817866566538784,
3,41.391,-0.007149646828961899,0.009936721539330324,5.734651922045895e-05,
3,41.442,-0.005828701421983065,0.01016889616017989,0.0007276175296015906,
3,41.493,-0.005517439566048384,0.010906734663976892,0.0010990448376732582,
3,41.544,-0.005878744551083015,0.011909608355245967,0.001048136580353685,
3,41.595,-0.006039875466715005,0.01260023114452946,0.0005296187395198609,
3,41.646,-0.005658012919442812,0.012834277562145904,-4.631323787304795e-05,
3,41.697,-0.005159410675752525,0.012756696262497003,-0.0004119675946438569,
3,41.748,-0.005228492659663128,0.012485484421485787,-0.0006133857955408986,
3,41.799,-0.006258611168055809,0.012111874721150417,-0.0008941239194661464,
3,41.85,-0.007822338943240524,0.01170260535700438,-0.0014040149881838476,
3,41.901,-0.009201010864912073,0.01130334363764427,-0.0018190786799285605,
3,41.952,-0.010350243441522227,0.01094257441292276,-0.00193914752854461,
3,42.003,-0.011059169253826771,0.01063547424973899,-0.0018603754344825216,
3,42.054,-0.010826252213714757,0.010186631585444635,-0.0016604044310502232,
3,42.105,-0.010007993843847676,0.009482105579644122,-0.001398766683739133,
3,42.156,-0.0090808930953677,0.009071860994093102,-0.0011185971414929597,
3,42.207,-0.008359296988586923,0.009485811584896635,-0.0008490491934097539,
3,42.259,-0.007827469913446655,0.010395106935552267,-0.0008088007966354548,
3,42.309,-0.007660908664534784,0.010946544599149243,-0.0011196809684743112,
3,42.36,-0.008545326279445726,0.010822503476725632,-0.0016307839072983474,
3,42.411,-0.00983190882040657,0.010476041304431088,-0.0022292413570370864,
3,42.462,-0.01067056385832139,0.010215595211189006,-0.0028356475977563216,
3,42.513,-0.011355401496026632,0.010031238198946307,-0.00319760343930335,
3,42.564,-0.011685739073364669,0.009910491072916729,-0.002972036164142711,
3,42.616,-0.011159679363517264,0.009840240279937124,-0.0023877806346227323,
3,42.666,-0.009724960822906796,0.009808018877251726,-0.0018212487666573675,
3,42.717,-0.007822728451348179,0.0098027761393594,-0.0013115954627225615,
3,42.768,-0.006777636555882698,0.009815257376913446,-0.0010801971834090952,
3,42.819,-0.007169563495998702,0.00983810325235455,-0.0012466808726884098,
3,42.87,-0.008049972517197105,0.009865761215973455,-0.0014541389076788633,
3,42.921,-0.008570443000609902,0.009894283559769982,-0.0014703764244461607,
3,42.972,-0.008416587841988437,0.009921068976494038,-0.0013626699518025022,
3,43.023,-0.007641778957632673,0.01014542230274735,-0.0011841242447720739,
3,43.073,-0.006530963526482304,0.01088013034346552,-0.0009744888806297212,
3,43.125,-0.005293885429260443,0.012083967180243937,-0.0007617548516939833,
3,43.176,-0.004276040999228437,0.013291138455189836,-0.0005641231504113386,
3,43.227,-0.003681403041588072,0.014001804717845366,-0.00039205378901299986,
3,43.278,-0.003205124876216479,0.014336946445826929,-0.00025020180116526377,
3,43.329,-0.0026421843640401623,0.014605155496203602,-0.00013912523363209114,
3,43.38,-0.0020688857828367233,0.01460805735358458,-0.00025754335013969013,
3,43.431,-0.0017358327537085544,0.014239737262787534,-0.0007144689535819951,
3,43.482,-0.0019852841931445684,0.013662921832678268,-0.0011509567830534431,
3,43.534,-0.002588286471624776,0.013199558832249238,-0.0013384385805376802,
3,43.584,-0.0029679305524442133,0.013047015931840291,-0.0013511589145192631,
3,43.635,-0.0029729917305764955,0.01310607227997098,-0.0014516075022625368,
3,43.686,-0.0031390743172620634,0.013296093930690804,-0.0018010850132968597,
3,43.736,-0.00399758720970079,0.01335401162691015,-0.0020813692132203116,
3,43.788,-0.005432057686332344,0.013121717864021774,-0.002093926320801658,
3,43.84,-0.007120683465548848,0.012721957497706224,-0.001933767490001775,
3,43.89,-0.008434991672398844,0.012246906302008575,-0.0016757031398631974,
3,43.941,-0.008801146832834426,0.011761729724384733,-0.0013755781370441186,
3,43.992,-0.008730621722519271,0.011108201476133443,-0.000871753894880885,
3,44.043,-0.008787363886490623,0.010198367156213242,-7.692712236291306e-05,
3,44.094,-0.008720337162440145,0.0093980743396561,0.0006398497284037982,
3,44.145,-0.0085793155604999,0.00893316008317742,0.0010481543200803057,
3,44.196,-0.008602999638995653,0.008720689553912095,0.0012258192324364789,
3,44.247,-0.00852958167929781,0.008687192690611465,0.0012412905941923222,
3,44.298,-0.007998117785666116,0.008771171782252778,0.001151496004751952,
3,44.348,-0.007215579762444873,0.008722914271450041,0.0010014024458684745,
3,44.401,-0.006736546260082121,0.008392889649562876,0.0008246935854369356,
3,44.451,-0.006691481924403322,0.00810949893375599,0.0006451105949916089,
3,44.502,-0.006928364555356218,0.008079616358353648,0.00047811080022627263,
3,44.553,-0.007327044705116059,0.008214722189453096,0.00033259692907365964,
3,44.604,-0.007596632930011233,0.008444790069640825,0.00021255272115273987,
3,44.655,-0.007360103583569912,0.008918113512340961,0.00011848708776544275,
3,44.706,-0.0066171425199968385,0.00971025922892217,-0.00015219418452090013,
3,44.757,-0.005809898985921148,0.010643246293199113,-0.0007152370603314279,
3,44.808,-0.00542794376977944,0.0115916120913286,-0.0012197216609761443,
3,44.859,-0.005550265311044444,0.012272821900375963,-0.0014452891715101054,
3,44.91,-0.005785345357718398,0.012527133206798003,-0.001473852158217143,
3,44.961,-0.0056721911399244115,0.012688056449872996,-0.001373771426948913,
3,45.012,-0.0055456200667360345,0.012976991249252438,-0.0011992246809437758,
3,45.063,-0.005822279276519581,0.01312398166871413,-0.0009909409862863647,
3,45.114,-0.0063353258562914025,0.012967293936840893,-0.0007777521980449258,
3,45.165,-0.007159598686972595,0.01262842902352907,-0.0005785437139628305,
3,45.216,-0.007916426606383418,0.012199946686426323,-0.0004043046266930952,
3,45.267,-0.008167532709833695,0.011748409546393878,-0.0002600769296141869,
3,45.318,-0.008274954781746538,0.011318359714839217,-0.0001466833940530913,
3,45.369,-0.008281595292078973,0.01093663819353726,0.00013865896492678458,
3,45.42,-0.0080222322820557,0.010616577119771733,0.0007121920822902069,
3,45.472,-0.007813936689342209,0.010361773683060243,0.001223649229118015,
3,45.522,-0.0078559600250426,0.010169292574509338,0.0014533730777235932,
3,45.573,-0.008055149910433762,0.010032244660848481,0.001483952330070861,
3,45.624,-0.008339137191060284,0.009941758445389253,0.001384353352097727,
3,45.675,-0.008855529385696758,0.00968757006201846,0.0012092654966248165,
3,45.726,-0.009479491256508092,0.00914797721873376,0.0009998281470904508,
3,45.777,-0.009720650775899769,0.008669520803066976,0.000785185524122264,
3,45.828,-0.009696926239287468,0.008469544045335913,0.000584447476082211,
3,45.879,-0.00930439012447448,0.008464235469859104,0.00040875313096409133,
3,45.93,-0.008305182610608601,0.008584204088729633,0.00026323473827589793,
3,45.981,-0.006997155260966515,0.008774881934362322,0.00014875973539768333,
3,46.032,-0.005596144200390067,0.008995591439818434,6.339063164368839e-05,
3,46.083,-0.004649713274232032,0.009217831437766433,3.546636733882264e-06,
3,46.134,-0.0044725254008231114,0.009423199710940975,-3.511931505323094e-05,
3,46.185,-0.004802926857775797,0.009601249333060552,-0.00025793018217415295,
3,46.236,-0.005432329219485793,0.009747474753709984,-0.0005809435055856196,
3,46.287,-0.006002100544831581,0.009861542879488351,-0.0005406057385472148,
3,46.338,-0.006287022054387406,0.009945823387264466,-0.0002704726632797974,
3,46.389,-0.006567199620778972,0.010004229015429345,-7.549439448972388e-05,
3,46.44,-0.007223494329254975,0.010041347823432733,5.5619944176934306e-05,
3,46.491,-0.008068289919103924,0.010061832414223431,0.00013524218425593017,
3,46.542,-0.008363614517588401,0.010070003026119259,0.00017544355748972567,
3,46.593,-0.007881143291873165,0.010270453330811018,0.00018713278164143908,
3,46.645,-0.006938590102013701,0.010778953300870467,0.00017959665927882917,
3,46.697,-0.0059775148535625485,0.011243338178817107,0.00016033573416094802,
3,46.747,-0.005282600612185174,0.011642124129520474,0.00013510238556354133,
3,47.091,-0.004814214009046953,0.012167635906864165,0.00010806569623877344,
3,47.098,-0.004930405683894999,0.012531373651862363,-0.00011878927321582048,
3,47.102,-0.0058138507682028405,0.01256130340434669,-0.0006564076144793494,
3,47.107,-0.0067167374931271645,0.012374740526774784,-0.0011493121238558993,
3,47.11,-0.005952891882387419,0.01246598432110636,-0.0015739426225790582,
3,47.114,-0.003177279008969106,0.013330570888764118,-0.0021215070970601367,
3,47.117,-0.0005393926332770763,0.014621686801139615,-0.002503094060287061,
3,47.154,0.0007940838174568571,0.015680970842076265,-0.0025467432338379605,
3,47.206,0.0007821848651517143,0.01590397223424665,-0.002370148996976374,end

1,16.402,-0.00991274507224106,0.012560125312855105,-0.0006847664921012859,start
1,16.453,-0.0074195605483305515,0.01313446229904443,-0.0011907961056116544,
1,16.504,-0.005626181143271771,0.013251011999704508,-0.0014196782025334518,
1,16.555,-0.005229025826846044,0.012863762624066074,-0.0014524244221280004,
1,16.606,-0.005558412183118223,0.012586177330357672,-0.0013567479779345954,
1,16.657,-0.0063273064122186095,0.012401224651979946,-0.000985559825175705,
1,16.708,-0.006914644444728607,0.012089706277284491,-0.00046749064383531724,
1,16.759,-0.00673585726671849,0.011722040148186246,-0.00029850469121257687,
1,16.81,-0.006280910755255418,0.011548733119190437,-0.00036697903088495553,
1,16.861,-0.006087063770225069,0.011714834607295603,-0.00018058080218254918,
1,16.912,-0.006879580390082436,0.011683605450963587,0.00015430632518549946,
1,16.963,-0.008843538187975645,0.010925825761641073,0.0001558570824062824,
1,17.013,-0.010798529090588677,0.009762946836579753,-5.650253175407404e-05,
1,17.065,-0.011787383250666177,0.008835342295131323,-0.00038899430855715957,
1,17.116,-0.011876332390956368,0.008333982681540404,-0.0011734901283230433,
1,17.167,-0.01158181412593808,0.007945438205973534,-0.0021848581709235397,
1,17.218,-0.011667519089583392,0.007660461015657623,-0.0028588170548193024,
1,17.269,-0.012191029484917204,0.008067301034318502,-0.0028605692939787453,
1,17.32,-0.012551604353365548,0.009085989872369778,-0.002230226348563543,
1,17.371,-0.012577880387814303,0.010013586779188505,-0.0014459594711791058,
1,17.423,-0.012387642506084926,0.010607411009061004,-0.0008268097725181007,
1,17.473,-0.011872991903253454,0.010939465662854786,-0.00036329666933981495,
1,17.524,-0.010789955056271514,0.011076958896416052,-3.683694843214006e-05,
1,17.575,-0.00963022057270482,0.011078624556375668,0.000376331390934483,
1,17.626,-0.008715295083954789,0.011193876840505854,0.0010127528485584794,
1,17.677,-0.007428376385852741,0.011573553121375523,0.0015403984421653932,
1,17.727,-0.005805428249805304,0.01189148377343221,0.0017550592150602866,
1,17.779,-0.0036956768484467327,0.012144273301444073,0.0017517422487054787,
1,17.83,-0.000840696091795449,0.012535810666993637,0.0016088913874120355,
1,17.882,0.0014595535466515484,0.012583213308088419,0.0013880259522626105,
1,17.931,0.0022150702335077704,0.012004429284791623,0.000934034979636052,
1,17.983,0.0019191767947250686,0.011472202516950757,-3.4668059631743026e-05,
1,18.034,0.001173563654773158,0.011414258246754941,-0.0014564968610956842,
1,18.084,0.00019941977781812235,0.011665150649740339,-0.0028538844810774185,
1,18.136,-0.0008430362884351923,0.01209396087269333,-0.0037216724148113854,
1,18.187,-0.0018455603773102581,0.01240159749762733,-0.004180088365993981,
1,18.238,-0.002541104144378769,0.012405972078259815,-0.00453996048165943,
1,18.288,-0.002983890170943458,0.012215497655136907,-0.004606887928186653,
1,18.34,-0.0032289990973271743,0.011915357993647334,-0.004279724691454656,
1,18.39,-0.003327637062784602,0.011568995621027907,-0.003726092944410039,
1,18.442,-0.0035252453785381325,0.011220812730120171,-0.0030716904250102186,
1,18.493,-0.003368786609216714,0.010899432984133385,-0.0026060624915042415,
1,18.544,-0.0025961479336627288,0.010621061024060772,-0.002499744588671608,
1,18.595,-0.0014903900674071162,0.01039263475698052,-0.002431577956243153,
1,18.646,-0.0006614823649368038,0.010214591509825234,-0.0021925221057185235,
1,18.697,-0.0004783892777367135,0.01028399797610836,-0.0018630703764758562,
1,18.749,-0.000523365233308199,0.010908198346241803,-0.0017029427650819909,
1,18.799,-0.0007110005460151832,0.01183807246303978,-0.0018651086981689951,
1,18.85,-0.0007742236068858124,0.01248762358885524,-0.002220950740849838,
1,18.902,-0.0003509084400295528,0.01270437478675947,-0.0028732548866407057,
1,18.952,-5.122491676047439e-05,0.012626136711050664,-0.0036632936077610947,
1,19.003,-0.0002565746645483786,0.012364991946501655,-0.004277368409186094,
1,19.054,-0.0007693318212855485,0.012007518358830438,-0.004729257725188662,
1,19.104,-0.0010363863235807232,0.011817814878895633,-0.005040827297353579,
1,19.156,0.0028922674750781986,0.011951784208585106,-0.006442375057375156,
1,19.207,0.013212915996982384,0.012282579372464339,-0.009635392754399614,
1,19.258,0.0235906482471214,0.012713035167018398,-0.012716698006044838,
1,19.309,0.02895380530364934,0.012971994800372384,-0.01427382245603839,
1,19.359,0.02986668124950295,0.013100161983037643,-0.014326654695097836,
1,19.411,0.027651194419253525,0.01333498276839828,-0.013209628958662145,
1,19.462,0.023607305038606776,0.013619342039189086,-0.011432047555171623,
1,19.513,0.018514792849363262,0.013912629329056113,-0.00937361702722862,
1,19.564,0.013359677600373198,0.014188081834258539,-0.007300424332480743,
1,19.615,0.008980207350296227,0.014429967919455163,-0.005585144302084308,
1,19.666,0.005450016221298358,0.014630894582858383,-0.004638873804325947,
1,19.717,0.0027481040386655455,0.014990244379207669,-0.004261825938422378,
1,19.768,-8.870829998947516e-06,0.015422331282233782,-0.0038784721321764182,
1,19.819,-0.0031821838674108466,0.0156655235479429,-0.003521870139918044,
1,19.87,-0.006166759150938769,0.015768031470779435,-0.0034119061930343534,
1,19.921,-0.008589692264189559,0.015571242801941694,-0.0034689577204718223,
1,19.973,-0.00965443807932248,0.01499747486315681,-0.0036285417325184876,
1,20.023,-0.009762573664084149,0.014027189799187956,-0.0036402315194194648,
1,20.074,-0.010051833522926988,0.012679710570038812,-0.003355296380856511,
1,20.125,-0.010634854123220686,0.011399398610343796,-0.002903010216320451,
1,20.176,-0.01135944256347617,0.010465850030353574,-0.0023797269274090783,
1,20.227,-0.011915783401871506,0.009829693866894635,-0.001852946681921335,
1,20.278,-0.011917858285011943,0.009435375414331376,-0.0013662417389233563,
1,20.328,-0.011564287162710254,0.00922783691613755,-0.0007435041903417464,
1,20.38,-0.011814360142791212,0.008955928659426262,0.00011728507134411504,
1,20.431,-0.01263232562370998,0.00866458009076325,0.0008607653280597749,
1,20.482,-0.012744631556193084,0.008986669454300291,0.0010676156195839922,
1,20.533,-0.011190337793700945,0.009877147281069766,0.0005120131461936986,
1,20.583,-0.008290362241531152,0.01065895944477597,-0.00048795611034484947,
1,20.635,-0.005965298614234222,0.011107439384755355,-0.0012909223829048527,
1,20.687,-0.004798237012276695,0.011306108244032111,-0.0017022017722959561,
1,20.737,-0.00406594857821241,0.011328600625168094,-0.001829232679425044,
1,20.788,-0.004072997160645868,0.011236295060227873,-0.0019645892083236653,
1,20.839,-0.004754488094364273,0.01107777888162305,-0.0022952453845860796,
1,20.89,-0.005612953485566076,0.010889532577559752,-0.002523760878969481,
1,20.94,-0.0063151245645267275,0.010697341289169476,-0.002467577193446263,
1,20.992,-0.006659814556430223,0.010317225614983359,-0.002233314680986638,
1,21.043,-0.006948377018510343,0.009646286699451912,-0.002104493813320843,
1,21.094,-0.007378594436996726,0.008842726696828245,-0.0022544803886715274,
1,21.144,-0.007664267969255416,0.008018662713160997,-0.0025712316055327587,
1,21.195,-0.007633455258201564,0.007448482038286413,-0.0029694918597958663,
1,21.246,-0.00760297255562774,0.007287768057359881,-0.0031872007798158996,
1,21.298,-0.007775983941178968,0.0074025768809011855,-0.003271623512611384,
1,21.348,-0.007864774313881523,0.007684869688565163,-0.0036654482850941544,
1,21.4,-0.007490749261118319,0.008051901048436371,-0.004226071224112457,
1,21.451,-0.006649109895213039,0.008443794709203168,-0.004446966330787333,
1,21.501,-0.0059768444858754105,0.00861931801464098,-0.00423139754531089,
1,21.553,-0.006069713698903283,0.00844113780942379,-0.0037532193581884333,
1,21.604,-0.006445009017744653,0.008251256802064498,-0.0031450299367591786,
1,21.655,-0.006569622670321578,0.008269958921634964,-0.0025023155721738957,
1,21.705,-0.006724284260163106,0.008420933744458048,-0.0020899237079856007,
1,21.756,-0.006885792639794626,0.00864461353872424,-0.00205921205557509,
1,21.808,-0.007038717691269422,0.008896953805939597,-0.00207492511176205,
1,21.859,-0.007575520124462697,0.009147404144230133,-0.0019183167863636257,
1,21.909,-0.00791373239755609,0.00957735648654175,-0.0016637707668427126,
1,21.96,-0.007494907836224641,0.010288726810595483,-0.0013668608196143435,
1,22.011,-0.007025869475142773,0.01092260449335645,-0.0012674661618741025,
1,22.062,-0.006562305891836243,0.011255026906890515,-0.0015035666114651776,
1,22.113,-0.005536992266373315,0.011367405876439383,-0.0017350369419558182,
1,22.165,-0.004032932725159922,0.011329631853040145,-0.0017441092697398435,
1,22.216,-0.002543488720569418,0.011198591494752724,-0.0016098174849254313,
1,22.267,-0.0017855715735243323,0.01101826155481238,-0.0013943670300205467,
1,22.318,-0.0017585400658644912,0.010820806194292697,-0.0011441732182137525,
1,22.369,-0.002001601066126787,0.010628229691696292,-0.0008917956361583133,
1,22.42,-0.002800027691356313,0.010454252589335829,-0.000859125510299778,
1,22.471,-0.00429216585046436,0.010507014079551777,-0.001170823259360537,
1,22.522,-0.005908514688664851,0.01090178985731285,-0.001477508459656572,
1,22.572,-0.007073012027272755,0.011283369663743851,-0.0017563417701300476,
1,22.623,-0.007653331953001972,0.011424998931046136,-0.0021957462386472558,
1,22.674,-0.007812369687632492,0.011401357981621186,-0.002502000728414267,
1,22.725,-0.007487607733551137,0.01127361988382146,-0.0024974231353807083,
1,22.777,-0.00667781570154119,0.01108938056346252,-0.002494694297504669,
1,22.827,-0.005822835936329038,0.01088370467960138,-0.0026942040342290284,
1,22.878,-0.005007558433625353,0.010881636734262849,-0.002806558828280792,
1,22.929,-0.00428323810253814,0.011211152834307436,-0.002653157160550721,
1,22.982,-0.004077107764628002,0.011526026047025769,-0.002341635464392865,
1,23.032,-0.004219878539568515,0.011605379510444094,-0.00195372886122563,
1,23.082,-0.004574948309205722,0.01152730728194746,-0.001547994560928261,
1,23.134,-0.005037652381682033,0.011354541656232635,-0.001364254136397815,end
2,25.378,-0.0043848719682248625,0.01073012179939766,-0.0033617268066741947,start
2,25.428,-0.00639395697772755,0.010491395450120405,-0.002981625907201705,
2,25.479,-0.008373839970971,0.01029881244099114,-0.0024983232784277416,
2,25.53,-0.009975109694819403,0.010151294393932097,-0.0019876574353233246,
2,25.582,-0.010602418708162146,0.010044529465074916,-0.0015004657078547612,
2,25.632,-0.009952181649941364,0.009972478407639844,-0.0010674669388042364,
2,25.683,-0.008534824247958499,0.009928479255936299,-0.0007040091972577908,
2,25.736,-0.00714100157226945,0.01010683949695394,-0.00041434951942166925,
2,25.785,-0.006075077186439018,0.010614315636447056,-0.00039612336369072436,
2,25.837,-0.005706747580837838,0.011091269792686284,-0.0007542793406779278,
2,25.888,-0.005815410652947256,0.011510333249312575,-0.001124223012079824,
2,25.939,-0.005819597120462324,0.012059437253968882,-0.001271174227818901,
2,25.99,-0.005957274699141774,0.012446997882638837,-0.001263303789200223,
2,26.041,-0.006571174201997279,0.012498984675879324,-0.0009559368483761889,
2,26.091,-0.0074411826958376915,0.012331574394542607,-0.00028034556011746607,
2,26.142,-0.007803055323527245,0.01203690210949764,0.0003763007368202391,
2,26.194,-0.007609130095198336,0.0116842821875269,0.0005663786526403556,
2,26.244,-0.007275155397715614,0.011523658294321771,0.00024111894690317188,
2,26.295,-0.007079022757184029,0.011499074822928754,-0.0001876904411020897,
2,26.346,-0.00678621769032044,0.011362882305032117,-0.0004476301786665413,
2,26.398,-0.006053266347644341,0.011366883625637468,-0.0005783832470928482,
2,26.448,-0.005498574344312777,0.011460477040254437,-0.0006157783998834811,
2,26.499,-0.005504436882840991,0.011604011799122934,-0.0005902942277960312,
2,26.551,-0.006070174636580653,0.012169713183089929,-0.000727363191404648,
2,26.601,-0.006748707892587056,0.01316156068624497,-0.0011585082898354917,
2,26.652,-0.006842572824820467,0.014146205458777159,-0.001743624191148576,
2,26.703,-0.006553919333357719,0.014645463513991331,-0.0023804851175321285,
2,26.755,-0.006243959252525928,0.014592477267723796,-0.0027985378964968484,
2,26.805,-0.005945234324286167,0.014189564857932109,-0.0030426741064346423,
2,26.856,-0.005476879030547433,0.013795427769464554,-0.003356490005968869,
2,26.908,-0.00493735564330702,0.013639414799387722,-0.0034889515082341975,
2,26.958,-0.004596363927146354,0.013648656160932629,-0.003293626342142787,
2,27.01,-0.0042092601931038,0.01376314125166494,-0.002903765839004034,
2,27.06,-0.003823679828677951,0.013735093930625083,-0.0024204586422577534,
2,27.111,-0.00347005148535139,0.013417052710836135,-0.0019160450052881698,
2,27.162,-0.002964490153430368,0.012737739154741074,-0.0014386160142857846,
2,27.213,-0.0028037671690532276,0.011479627328733338,-0.001016847191307415,
2,27.264,-0.003077951878695965,0.01015220447662365,-0.0006646582525216366,
2,27.315,-0.0034082054441458187,0.00948946633183429,-0.00038538703630186934,
2,27.367,-0.003948722099811552,0.009306264796148768,-0.00017531653730908184,
2,27.418,-0.004781503393068969,0.00924449836027718,-0.00022733737088873035,
2,27.469,-0.0057348288565755474,0.009265576424090262,-0.0006441055256964389,
2,27.519,-0.006889715229576315,0.00933809366135194,-0.00126132450714204,
2,27.571,-0.00808109698103706,0.009437775930878755,-0.0019575195968065946,
2,27.621,-0.008999343622998528,0.00954687271379349,-0.0024476047173460956,
2,27.672,-0.009668648710430626,0.009653243387057005,-0.0025652970020026327,
2,27.723,-0.010124527153999332,0.009749320541236948,-0.0024346999398966356,
2,27.775,-0.010607735453165764,0.009831077720681558,-0.0021553534375207263,
2,27.825,-0.010868820345949295,0.009897082925015578,-0.001803047124547704,
2,27.876,-0.010363971230103974,0.009947683149293852,-0.0014322499107279015,
2,27.927,-0.009408445437167104,0.009984338474712381,-0.0010793809531912826,
2,27.979,-0.00864230547071746,0.010009105568598133,-0.000766357495478454,
2,28.03,-0.008460842382734167,0.010024258500503671,-0.0005040352684879661,
2,28.08,-0.009070607579435706,0.010032028087352754,-0.0002953036065237348,
2,28.131,-0.009938010048417635,0.010034438196681974,-0.00013771047295267906,
2,28.183,-0.010298466167807758,0.010033217384433812,-0.00022640877091036757,
2,28.233,-0.010104001122470119,0.01002976594712209,-0.0006667746715602971,
2,28.284,-0.009569258585013545,0.01022599481654615,-0.0010964733569807366,
2,28.335,-0.00906006992971213,0.01073535886898154,-0.0012839777687378004,
2,28.387,-0.008608175183656537,0.011203800019137759,-0.0013010876319872458,
2,28.437,-0.008028494588301294,0.011407530047877713,-0.001207540194921137,
2,28.488,-0.0074134260911837245,0.011425120853182034,-0.0010505375176051248,
2,28.539,-0.006825072090740827,0.01132191785094909,-0.0008654502930094143,
2,28.591,-0.006301115987716906,0.011149534208948967,-0.0006772196983915027,
2,28.641,-0.005860552783076834,0.01094662963202867,-0.0005020943139434898,
2,28.693,-0.005308032054007918,0.010740450433726133,-0.0005502760602983912,
2,28.743,-0.004326425786300003,0.010548734140808527,-0.0011394728832349176,
2,28.794,-0.0037509816454120402,0.010180861232443328,-0.002028318336912175,
2,28.846,-0.0044864259076442935,0.009729562512221276,-0.002636272556802468,
2,28.897,-0.006003529679557471,0.009662680219242875,-0.0028144040288570465,
2,28.947,-0.0074984104703569015,0.010048550534932525,-0.002702558102608008,
2,28.998,-0.0082564486015263,0.010693796134109512,-0.002413719696449923,
2,29.05,-0.008280182076393897,0.011252724001655228,-0.002034570280276977,
2,29.1,-0.008031895193974112,0.011510557592863695,-0.0018287917998834145,
2,29.151,-0.007428259726280725,0.011554571241775046,-0.0021524032448786306,
2,29.202,-0.006444379368294262,0.01165874902866527,-0.002789542904951712,
2,29.254,-0.005496500536325474,0.011993977871315113,-0.0031749134218703803,
2,29.305,-0.005049525038096792,0.012249627914725685,-0.0031670196080736315,
2,29.355,-0.00516054540833929,0.01223286906409198,-0.0029075392483020757,
2,29.407,-0.005821352291975039,0.012042746646777269,-0.0025075484260030888,
2,29.457,-0.006580847041091127,0.011756710431364078,-0.002049573650075194,
2,29.509,-0.006539287939189809,0.01123130437789236,-0.0015912014756813316,
2,29.56,-0.005786476648773449,0.010393752142341192,-0.0011693970529413563,
2,29.611,-0.005039645921975573,0.009824955255001582,-0.0008049304236418604,
2,29.661,-0.004758313648140559,0.010076719413805897,-0.0005065163425629535,
2,29.712,-0.0047981299186784475,0.011035360230717921,-0.0002744378011972061,
2,29.763,-0.00483988306758627,0.012169512887998927,-0.000103547332997801,
2,29.814,-0.004678690605761676,0.012923452613076486,-0.00018646180825367201,
2,29.865,-0.004199454157257778,0.013172141945205421,-0.0006263273231347959,
2,29.916,-0.0037555720875172534,0.013076810085636307,-0.0010589543609109192,
2,29.967,-0.003771690497753903,0.012567664388347713,-0.0012513509068099648,
2,30.018,-0.0044832033869149695,0.011633186330782481,-0.0012742193765969932,
2,30.069,-0.005382716645222156,0.010701824223177553,-0.001186523650671132,
2,30.12,-0.005928875903766621,0.010048113733233029,-0.0010349623090594633,
2,30.172,-0.00600370251125985,0.009624990362290035,-0.0008546161039146665,
2,30.223,-0.005167727150689419,0.009383745360124573,-0.0006702965173342855,
2,30.273,-0.003814764342111541,0.009278528375790093,-0.0004982356270106555,
2,30.325,-0.003042253647883888,0.00946983927019236,-0.0003478591174245658,
2,30.375,-0.0031057425799454873,0.010036793764826713,-0.0002234701844334735,
2,30.426,-0.003901134528057861,0.010598288787093223,-0.00012574101731558073,
2,30.477,-0.005102037012180284,0.010910341873538868,0.00014787260123933524,
2,30.528,-0.006064874336604674,0.011037346685947634,0.0005123096539446567,
2,30.58,-0.006596846493195573,0.011035467766883873,0.0005040526543312871,
2,30.631,-0.006809747446537843,0.010951080008483298,0.0002574310644052146,
2,30.681,-0.007001742177869072,0.010820554239875128,7.857959969179065e-05,
2,30.733,-0.0071649050700556376,0.01067092337436343,-4.24396335920102e-05,end
3,35.272,-0.007971380858230516,0.00896085563008801,-0.0035921288393674844,start
3,35.323,-0.008444017316988071,0.009478586808476512,-0.003714103734713954,
3,35.373,-0.008470473601608127,0.010455022389904143,-0.003493965709258173,
3,35.424,-0.008208646220352325,0.0110447073278815,-0.003072097485615751,
3,35.475,-0.007983794822282205,0.010937310401844615,-0.0025547394241150104,
3,35.526,-0.008001554774841787,0.01059230017271656,-0.0020176999725418144,
3,35.578,-0.008173487171799325,0.010323445808050042,-0.0015111800696879303,
3,35.628,-0.008430486378375868,0.01012503212614456,-0.001265758079486365,
3,35.68,-0.00852056402243554,0.009987734942496287,-0.0012075072353348408,
3,35.73,-0.00809468270533657,0.009900664477126552,-0.0008723110742883586,
3,35.781,-0.007171269179994872,0.009852801666719802,-0.0005872567320876348,
3,35.833,-0.006203777268891138,0.009833929731400513,-0.0007589276360491984,
3,35.883,-0.005687404903492507,0.009835167186311887,-0.0012097290610226692,
3,35.935,-0.005501840732505899,0.010050036076181792,-0.0018033368357074976,
3,35.985,-0.005342514262491552,0.010585490309227372,-0.002240013459018966,
3,36.037,-0.005413648284958387,0.011082703897134635,-0.002540962301990747,
3,36.087,-0.005626874056430511,0.011314615243826273,-0.002931519317408528,
3,36.138,-0.005713267769565614,0.011156910693005655,-0.003147338219147756,
3,36.189,-0.00551054358527578,0.010561160684002842,-0.00283208377204056,
3,36.24,-0.00493784507275758,0.009933161863160603,-0.002000716441415205,
3,36.291,-0.004575537121412461,0.009535763192458205,-0.0011059595908526339,
3,36.342,-0.004778936243487453,0.00931818469383809,-0.0004432603455074319,
3,36.393,-0.005127979055852077,0.00923341297326352,1.7371473000077006e-05,
3,36.444,-0.005542390855399219,0.009240627089868158,0.0005122365433496349,
3,36.495,-0.006166269676401535,0.009507090585305328,0.0009893029379696458,
3,36.546,-0.006673538492424517,0.010119251789085794,0.0010149624180446836,
3,36.597,-0.007065268642115046,0.010703116065214095,0.0007490500643123454,
3,36.648,-0.007351428851253104,0.011221928224480902,0.0005183329821876805,
3,36.7,-0.007346059720642874,0.01185817478717195,0.0003287227436498217,
3,36.75,-0.00695331546480529,0.012518626195890017,0.00018070848941214516,
3,36.802,-0.005942010771166598,0.01314154507152123,7.126238118868608e-05,
3,36.853,-0.0046152329967992,0.013489517513703279,-0.00020548945810651046,
3,36.904,-0.0033935443847931653,0.013432365151216704,-0.0007681443075559901,
3,36.954,-0.002538231000345088,0.013119976619305342,-0.0014689634801913257,
3,37.006,-0.002388270528369055,0.012668987229903242,-0.002202095323452818,
3,37.056,-0.0029035697312379673,0.012165335506465131,-0.0026962222728170934,
3,37.107,-0.003603304825069595,0.011668368800810734,-0.002997368137240258,
3,37.158,-0.003963448707208839,0.011416446253327574,-0.0033513868517290935,
3,37.209,-0.004076863638455475,0.011542754619681557,-0.003510042445248316,
3,37.261,-0.004022927563465143,0.011901495175984685,-0.003329822591878026,
3,37.311,-0.003665159879231658,0.01238048760386601,-0.0029467421342238586,
3,37.363,-0.0035429373531418854,0.012697290978769682,-0.002665164551129349,
3,37.414,-0.0035816006351961642,0.012884624243129368,-0.0026721397505369477,
3,37.464,-0.003318675011161407,0.013174706178879409,-0.002662784723252607,
3,37.515,-0.0032851139153243264,0.013306549191179943,-0.0024428741460517083,
3,37.566,-0.003803019502732624,0.013125480365250977,-0.0021055896211187187,
3,37.618,-0.004432170291027063,0.01255743728064865,-0.0017201223679333866,
3,37.668,-0.004881292843263922,0.011385173216470413,-0.0013347189669106183,
3,37.719,-0.005178874439812645,0.009919563128669236,-0.000980317307140241,
3,37.77,-0.005355359251397391,0.008785219961390268,-0.0006742689741634741,
3,37.821,-0.005640834473383427,0.008155294712752838,-0.00042381804390194833,
3,37.872,-0.006174111305385288,0.007899482748246001,-0.00022914418373720435,
3,37.923,-0.006622642451205755,0.007904159174719646,-8.588185846531457e-05,
3,37.975,-0.006579122449692028,0.008075524557865145,1.2898841229085859e-05,
3,38.025,-0.006223520800431549,0.0083400297852103,7.521578633345801e-05,
3,38.076,-0.005897165473700603,0.008643021774189677,0.00010914051039065806,
3,38.128,-0.00561578457422876,0.008946356911427216,0.000122130549270761,
3,38.178,-0.005586686050362432,0.009225544165529462,0.00012065056081569218,
3,38.229,-0.005922560456926374,0.009466816058902039,0.00011000909067017177,
3,38.28,-0.006264695204166289,0.009865222326456865,9.434675629188653e-05,
3,38.331,-0.006181692850439126,0.010533235267359794,7.672249246317144e-05,
3,38.382,-0.005230195062645429,0.011320497070510003,0.00026008941593906387,
3,38.434,-0.002793955225829822,0.012120995848524494,0.00035679819106046527,
3,38.485,0.0005996482824073869,0.012664843686715032,-0.00021234128821296435,
3,38.535,0.0031296366005949317,0.013000398870122814,-0.0007611353133941453,
3,38.587,0.0036974993334321984,0.013376242585000317,-0.0006502932592657715,
3,38.637,0.0027604977691854035,0.013546898928976312,-0.0003261305727278595,
3,38.688,0.0017369563758003071,0.013572248622066949,-9.202913708086118e-05,
3,38.74,0.0009409708094300543,0.01370320289815126,-0.00013532845769907218,
3,38.79,-0.000247628167763607,0.013891366825569301,-0.0005538944513097887,
3,38.841,-0.0015925460887779757,0.014101106391100631,-0.0009786797917341555,
3,38.892,-0.0027288438361508143,0.014107000764207001,-0.001172495787048816,
3,38.943,-0.0036400599820877078,0.013780851538584401,-0.0012026093276888354,
3,38.994,-0.0045345522045298625,0.01326794633672146,-0.0011253129222590502,
3,39.045,-0.0057481281670099344,0.012676468352930534,-0.0009853384705828991,
3,39.096,-0.00726969187379689,0.012082113068887252,-0.0008164099898748471,
3,39.147,-0.008464884202203166,0.011533659041679517,-0.0006424824078432882,
3,39.199,-0.008752242840376994,0.011058703067036345,-0.00047932084933554936,
3,39.249,-0.008434276430705852,0.010468206383670235,-0.00013533777383361342,
3,39.301,-0.008356128180071169,0.00965021047644028,0.0004978157639357368,
3,39.352,-0.008839732905415676,0.009153687346702282,0.0010647321509698153,
3,39.403,-0.009443935468320043,0.009304896010639071,0.0013427912276805752,
3,39.453,-0.009876112300405164,0.009658547685558582,0.0016140874314342993,
3,39.504,-0.010163241904215291,0.009912792777819536,0.0022609194041548902,
3,39.555,-0.010133445474247648,0.010283692572518358,0.0028958059123888285,
3,39.606,-0.009701948039806231,0.010900447031030958,0.0028695275803285116,
3,39.657,-0.009047482731169917,0.011424501079662372,0.002220487534790519,
3,39.708,-0.008503425753293143,0.011445335190417419,0.0012241779404716631,
3,39.759,-0.008274718964503316,0.010940921088142116,0.0002860171417551035,
3,39.81,-0.008065801657054167,0.010340993223466878,-0.0003386504767090681,
3,39.861,-0.007886359414532989,0.00992883539848661,-0.0007120770492968491,
3,39.913,-0.007740236266854571,0.009670214242342757,-0.0008943711412139327,
3,39.963,-0.007627220950269118,0.009530839997791276,-0.0011402714627695525,
3,40.014,-0.007544518303746251,0.009479141359012429,-0.001608045368975368,
3,40.066,-0.007287066869081529,0.009487826735493062,-0.0019797066868698972,
3,40.116,-0.007139055651120054,0.009735375422312871,-0.0022598692079708804,
3,40.167,-0.006872290682416146,0.010317066673156976,-0.0026596760653453707,
3,40.218,-0.0065507929665682965,0.010865497843581625,-0.0029032654770797172,
3,40.269,-0.006621686655063515,0.01134854023554355,-0.0028262625533254935,
3,40.32,-0.006737712383163635,0.011951674621745689,-0.0025498331535852847,
3,40.371,-0.006873362865830882,0.012382544664070296,-0.002167707807492778,
3,40.422,-0.007211536097736397,0.01226665211092966,-0.0017484916557084812,
3,40.473,-0.007853264635438078,0.01160856892063651,-0.0013391643435527842,
3,40.525,-0.008838960215777176,0.010856450688056568,-0.001169895589726362,
3,40.575,-0.00976524159361087,0.010305276853766447,-0.0013690203621971918,
3,40.627,-0.010177338879895616,0.009927256720797457,-0.0017884185069755253,
3,40.679,-0.010025724550784697,0.009690656646575329,-0.0023153976128422616,
3,40.728,-0.009725586269746197,0.009563763447675181,-0.002869039877457464,
3,40.779,-0.009354303070972195,0.00951742469200277,-0.0033953065999772097,
3,40.831,-0.008766383778976749,0.009526472205071678,-0.003460071837294076,
3,40.882,-0.008287587843290646,0.00957031496873546,-0.002621148604586339,
3,40.933,-0.007917241675239717,0.009833785334527455,-0.0012700369895545542,
3,40.984,-0.007445367466734565,0.010417782369700238,-0.00030147300860130334,
3,41.035,-0.006946285382247053,0.010959601517843582,-5.773195043607413e-05,
3,41.085,-0.0064698464764482225,0.011230009949539056,-9.760409607476838e-05,
3,41.136,-0.006046203794984571,0.011304625855253844,-0.00011533528303766422,
3,41.188,-0.005690454736563669,0.011247675769245244,-0.00011744192446111498,
3,41.238,-0.005607661566905209,0.011110920629673676,-0.00010935850577211267,
3,41.29,-0.005907413793938405,0.010933968410097934,-9.538904536724882e-05,
3,41.34,-0.006428431965299859,0.010745450915888646,-7.876677817502881e-05,
3,41.392,-0.007049504196771805,0.010564660278010894,-6.177845354367777e-05,
3,41.442,-0.0074840197152766805,0.010403348809210062,-4.5920088346302314e-05,
3,41.493,-0.007563147007337224,0.010267489044247307,-3.2060381751888376e-05,
3,41.544,-0.007407988944429914,0.010158866853988145,-2.0595916143129084e-05,
3,41.595,-0.00711503599316002,0.010076439520779532,-1.1588622239814075e-05,
3,41.647,-0.006757242003156182,0.010218267628132846,0.0001959528293482368,
3,41.698,-0.006185771287580667,0.010693362419941411,0.0007149856005985887,
3,41.75,-0.005724000552215343,0.011143198647240409,0.0009904307979824068,
3,41.799,-0.005771349021107717,0.011540698353754583,0.0008866896082052387,
3,41.85,-0.005940584552624615,0.012073533080138575,0.0007489241904074383,
3,41.901,-0.005973563607399325,0.012449527015645912,0.00019873714334411738,
3,41.952,-0.005916505039593119,0.012694725974067459,-0.0005717587195973848,
3,42.004,-0.005806284416364885,0.013037175347135168,-0.001019986068841108,
3,42.054,-0.005670822631401465,0.013213652623784601,-0.0014263520119563917,
3,42.105,-0.005530054502726425,0.013068672754836514,-0.0017732252947122297,
3,42.156,-0.005598025189144471,0.012729172585970009,-0.0018532436808331148,
3,42.207,-0.005995244170744959,0.01229218974756924,-0.0015548524589155729,
3,42.258,-0.006170049765513206,0.011827790593484268,-0.0008369047971884002,
3,42.309,-0.0057865001426181785,0.011182281079442045,-0.0001083828445152279,
3,42.36,-0.005075660411246809,0.010271638516023715,0.0003675625994895639,
3,42.411,-0.004412850537786011,0.009665774844880192,0.0006432833658204042,
3,42.462,-0.004235757810806197,0.009705720022707422,0.000768440123392509,
3,42.514,-0.004585240650323799,0.00995581310903579,0.0005861444910683663,
3,42.564,-0.005043534717178137,0.010119760380547573,2.0474579261578517e-05,
3,42.615,-0.005133131371636417,0.010416121104923525,-0.0007456307938331504,
3,42.666,-0.004979065764117378,0.010773597717887358,-0.001578741861231906,
3,42.717,-0.005082770925063536,0.010739886454717322,-0.002387900437242526,
3,42.77,-0.00554430042584053,0.01045799438800686,-0.0031166945361353034,
3,42.819,-0.005997411198949263,0.010441243858215196,-0.003534566545144834,
3,42.87,-0.006207888995287656,0.010796721544624265,-0.003518625432685601,
3,42.921,-0.0062458453486828516,0.01116153796105569,-0.0032257382122988995,
3,42.972,-0.006170105644015636,0.011302203164888277,-0.002778759824098308,
3,43.023,-0.006027531230345242,0.011287808520920192,-0.0022688621498973293,
3,43.074,-0.0056527121138972986,0.011175122376662084,-0.0017595729404117967,
3,43.125,-0.004958219361819454,0.011008449295631615,-0.0012915869361953933,
3,43.176,-0.0043153280947827305,0.010820541035331368,-0.0008876857422115034,
3,43.227,-0.00435967816780527,0.010634108881282101,-0.00035649856551664996,
3,43.278,-0.0054437297033006525,0.010262766515015901,0.00041448522259482465,
3,43.329,-0.006906676102120385,0.009601829262064524,0.0010764934835743364,
3,43.38,-0.00789260278805559,0.009009088916630225,0.001213761395685788,
3,43.432,-0.008091721931951708,0.008909370958175056,0.0008026254156910534,
3,43.482,-0.00736855760709075,0.009334698010399763,0.0002736313883907129,
3,43.533,-0.0063128133106562035,0.009861761837434636,-8.762150145319838e-05,
3,43.586,-0.005731080899442637,0.010210900183772858,-0.0003122726594024517,
3,43.635,-0.005700922974215032,0.010417878257238672,-0.0004312670811816664,
3,43.688,-0.006026940884475848,0.010517054355794324,-0.0006737728144634214,
3,43.738,-0.006555202567157109,0.010539124332565599,-0.0009760113921731791,
3,43.789,-0.007170736514395373,0.010710802877532961,-0.0008906125388701554,
3,43.84,-0.007591961033976654,0.01116547523154914,-0.000563462208536998,
3,43.891,-0.007854726479225605,0.011363453384584728,-0.0005092126265812346,
3,43.941,-0.008195588751096139,0.010778395079600055,-0.0010360137273630905,
3,43.992,-0.008358322240743633,0.009738134897170484,-0.001893152820861592,
3,44.043,-0.008594573272933653,0.008690331648259553,-0.00249163043176711,
3,44.094,-0.009059829686372067,0.00792269796045023,-0.00267530366876601,
3,44.145,-0.009433749739126775,0.007798085434741272,-0.0025781863755148533,
3,44.197,-0.009518219128389247,0.00829671973162183,-0.002509619067869814,end
4,50.01,-0.017770431172276138,0.005196536813798535,-0.0018002427955483547,start
4,50.062,-0.013523299833989215,0.007073667420846268,-0.001045737547319335,
4,50.113,-0.009913855776686763,0.00911515141753602,-0.000276993072464894,
4,50.164,-0.00720418623143106,0.0106963769245774,0.00023829419138852136,
4,50.214,-0.005289265589523853,0.011654555966147164,0.0005496314731724475,
4,50.266,-0.0042387242399023846,0.012136169358934133,0.0005043206628518441,
4,50.317,-0.003826947502712553,0.012273446968577014,3.3079368743310395e-05,
4,50.369,-0.0038579228831377805,0.012178856308419223,-0.00047264299589196753,
4,50.419,-0.004572036966903613,0.011943155372025659,-0.0007590197640094614,
4,50.47,-0.005666915851968308,0.011635887815210232,-0.0006808796034992045,
4,50.52,-0.006717209760752938,0.011307404762991847,-0.00037523321980061525,
4,50.572,-0.00745370162470403,0.01099170330104352,-0.00034989631345553815,
4,50.622,-0.007528103811916113,0.010910394378793684,-0.0005063717229528252,
4,50.674,-0.007171896781321368,0.01118677895526751,-0.000566048873808333,
4,50.725,-0.006568133210632356,0.0114695342217163,-0.0007596838960989072,
4,50.775,-0.0054524339789314554,0.01153282697481172,-0.001224511289156608,
4,50.826,-0.004499699317058124,0.011450282581430054,-0.001625093476837021,
4,50.878,-0.00433051967361932,0.011280836386759623,-0.0017514580935389856,
4,50.928,-0.004878298688549152,0.011270101443298906,-0.0016918015421650853,
4,50.979,-0.006042728912568552,0.011763685891368135,-0.0015176324458526336,
4,51.03,-0.007107439315246385,0.012541065009237814,-0.0014848458148839932,
4,51.081,-0.007620995072899764,0.013036339407767682,-0.0015453689090994252,
4,51.132,-0.008141478550469131,0.013110064747812471,-0.001259206998088343,
4,51.183,-0.009026260203345442,0.012907506339009276,-0.0005728528471891845,
4,51.234,-0.009872773822107429,0.012744858796872628,0.00011419435136269439,
4,51.285,-0.010225073497204805,0.012821707846287295,0.00034482584561482956,
4,51.337,-0.009830439535466631,0.012845151197200203,0.00026420699948195457,
4,51.387,-0.009390128160671838,0.01263162578005012,0.00019127731549733136,
4,51.438,-0.009357560555251252,0.012283273315070736,0.00012913778149864578,
4,51.489,-0.008986615345026715,0.011876433675191768,7.89104106984544e-05,
4,51.54,-0.00822761679491975,0.011464766032589118,4.035786268364771e-05,
4,51.591,-0.007280712619808829,0.011283906285685385,0.000213223695521762,
4,51.642,-0.0054860283513356286,0.01166727193861988,0.0007086297768778505,
4,51.694,-0.002890124905710065,0.01238170732934118,0.0013710998569679796,
4,51.745,-0.0009930644981787553,0.012849414425816674,0.0018866645187829109,
4,51.795,-0.00029910654556372386,0.012920475765271217,0.0016640931034108443,
4,51.847,-0.00043250824784431437,0.012731439134965375,0.0007851632563932527,
4,51.897,-0.0010858217167038298,0.012390774238713898,-0.00024328194694333188,
4,51.948,-0.0020200984638204496,0.011779395455828321,-0.0012850004900928544,
4,51.999,-0.003662018722709354,0.010842674424113885,-0.002251547052878208,
4,52.051,-0.005625886097123668,0.009973378340006491,-0.0028914022629750557,
4,52.101,-0.0074376368280113245,0.009618826225197216,-0.002868664375900639,
4,52.152,-0.009006283106650432,0.009823722001378368,-0.002422798000042201,
4,52.203,-0.010292999184311896,0.009969293244522632,-0.0019422091624248905,
4,52.254,-0.011295532536491378,0.009663455053908105,-0.0014779583858011737,
4,52.305,-0.01183443422974295,0.009293507425043231,-0.001262314577608301,
4,52.357,-0.012032693206613952,0.009112995938875027,-0.0016251059560009877,
4,52.407,-0.011996553623370623,0.009068480726850044,-0.0023297333434737187,
4,52.458,-0.011812985380925943,0.009114762995521978,-0.0027953253122124906,
4,52.509,-0.011549610213624701,0.009416394008849227,-0.003070208932648238,
4,52.56,-0.01105537493573873,0.010058395924319724,-0.003401532763274235,
4,52.612,-0.010452780801895153,0.01066628734910245,-0.0035416045634295416,
4,52.662,-0.010431599989154666,0.01100263427974752,-0.0033469304713727023,
4,52.713,-0.011186678343455884,0.01113780581796816,-0.003154039085955898,
4,52.766,-0.012178119994352254,0.011133094411174214,-0.00317862033065675,
4,52.815,-0.012438173046049683,0.011239881001709109,-0.003139869629033469,
4,52.866,-0.011806590621435568,0.011610432123423034,-0.003063613864253307,
4,52.917,-0.010854727271214292,0.011919547722701113,-0.0029694300591343674,
4,52.968,-0.01017558504654726,0.011963595573203872,-0.002469646877639298,
4,53.019,-0.009926744437129665,0.011834103299004266,-0.0017498812256174492,
4,53.07,-0.009170534035617121,0.011603713361634063,-0.0011476844002601308,
4,53.121,-0.007948836581686563,0.01132712057414107,-0.000669267078652766,
4,53.172,-0.007129242443972781,0.011043115173913766,-0.00030866885200380193,
4,53.224,-0.006633378721300639,0.010777170820208187,-5.260218714934806e-05,
4,53.274,-0.005983307136597061,0.010544174177169073,0.00011585227801631612,
4,53.325,-0.004684055636586748,0.010351026026070928,1.3750338097473421e-05,
4,53.376,-0.003273658626398722,0.009998117370632508,-0.00045450482165893414,
4,53.427,-0.0031102822811478075,0.009370262788524264,-0.0009191426982779164,
4,53.479,-0.003960642800450863,0.00881734260148036,-0.0011433009998265374,
4,53.529,-0.005995353579265453,0.008356899696941318,-0.0007935526322911138,
4,53.58,-0.008827027512705254,0.007992756212465377,9.70088185221673e-05,
4,53.631,-0.010536521230588678,0.008121294727311405,0.0006603787204747082,
4,53.684,-0.011790640703467576,0.008555489656264919,0.0007678127089287179,
4,53.733,-0.013053624755865152,0.008950003758944116,0.0005742009537481922,
4,53.784,-0.013618333271340651,0.009287375818883512,2.2328948471381357e-06,
4,53.835,-0.013489003051367023,0.00956099747618033,-0.0005656127312648902,
4,53.887,-0.012523272254002269,0.009972585395253544,-0.0008843637679520405,
4,53.937,-0.011299528814097968,0.010640427561596973,-0.0010177512322146905,
4,53.988,-0.010008616116504247,0.011218135054455345,-0.0010215400073771632,
4,54.039,-0.008577494143008147,0.011490791637126612,-0.0007410724428863664,
4,54.09,-0.007372249373447019,0.011746733557712531,-9.999391262051046e-05,
4,54.141,-0.006007025469963302,0.01217222845908668,0.00031919564598659227,
4,54.192,-0.004648871865803867,0.012672284946871582,0.000361567767115403,
4,54.244,-0.003806025301573552,0.013179990353793275,0.0005605308572413825,
4,54.295,-0.003160546826987463,0.013651815673623289,0.0008439404122884799,
4,54.345,-0.002693504200933949,0.014062725882889024,0.0009579089110605426,
4,54.397,-0.002378420831953816,0.014200724596874301,0.0007532169880438266,
4,54.447,-0.0019852748485073937,0.013951771533484326,-4.1071987017474697e-05,
4,54.499,-0.0017744797208729575,0.013474645614042189,-0.0011496919548426609,
4,54.549,-0.002099236808793624,0.012688676203827166,-0.001969181996709431,
4,54.6,-0.002942215928247686,0.011767769189736427,-0.002336571987874025,
4,54.651,-0.0040498381134050345,0.01103513304035883,-0.002183659550534001,
4,54.702,-0.005238210410781273,0.01048209989809046,-0.001508500680288999,
4,54.754,-0.006182072200086951,0.010289516143374667,-0.0007534697623176269,
4,54.804,-0.00669245945790136,0.010544411733190484,-0.00020870068708285657,
4,54.855,-0.006482168671438828,0.011065822243626731,-4.338020966820444e-05,
4,54.906,-0.00542489598850799,0.011515442141115618,-0.0005363677516961691,
4,54.957,-0.004311011850023934,0.011682065839865656,-0.001411958758408686,
4,55.009,-0.004053636659415002,0.01165380403267546,-0.0018600928616462828,
4,55.059,-0.004567094295688589,0.011502822475326588,-0.0017972430026763613,
4,55.11,-0.005332845265782353,0.011285263288702179,-0.0018133890516795334,
4,55.161,-0.005998055871267076,0.011042481719848996,-0.0018789021797433094,
4,55.212,-0.006344512432562251,0.010803027221358038,-0.0017699804078492615,
4,55.263,-0.007262038164832396,0.010384109097835763,-0.0015579346076277452,
4,55.314,-0.008873779280745814,0.009682911189996842,-0.0012967844265165329,
4,55.366,-0.009997945134030581,0.009057836019629948,-0.0010251201734140156,
4,55.416,-0.010518262051922245,0.008732630392270365,-0.0009693700897338842,
4,55.467,-0.010609500666860072,0.008625871451526343,-0.0012574091435864675,
4,55.518,-0.010016552427137625,0.008868623600205742,-0.0015419650594598645,
4,55.569,-0.009434100792180277,0.009516867758723437,-0.0016005940418631535,
4,55.62,-0.009106005182908803,0.01017226548813736,-0.0015096145688517082,
4,55.671,-0.008164063635600773,0.010578767146846977,-0.0013299921789149194,
4,55.722,-0.007104934133183545,0.010792983242136607,-0.0011079482063526239,
4,55.773,-0.006859064117991208,0.010866667974974806,-0.0006757009919737046,
4,55.824,-0.007154530915356002,0.011045137008297205,5.74701352091696e-05,
4,55.876,-0.007572615383605123,0.011477306234189124,0.0007239074459916939,
4,55.928,-0.00803575471081868,0.011836635162952133,0.0010931740487909892,
4,55.977,-0.008289750799821563,0.011919548062540258,0.0010413516406187829,
4,56.028,-0.008188374510452276,0.011818520436383638,0.0005227925654297141,
4,56.079,-0.008268890819230835,0.011607638170122262,-5.261748748172201e-05,
4,56.13,-0.008861263383024703,0.011343241364044283,-0.0004174306649855924,
4,56.181,-0.009131827437315162,0.01106576283638838,-0.000818704162553009,
4,56.232,-0.008370929139263747,0.010802185137306566,-0.0016127931643839725,
4,56.283,-0.007210460125439323,0.01056869686515195,-0.0025950230751900557,
4,56.334,-0.006489451279139757,0.01057409707017703,-0.00321734420658737,
4,56.385,-0.0059073783684962375,0.010933108605941086,-0.0033580104219875957,
4,56.436,-0.00505950485479088,0.01128923501724898,-0.003379299967736547,
4,56.488,-0.003908438674764899,0.011414068526285846,-0.0035231504955186873,
4,56.54,-0.0026553885433946603,0.011380533668722787,-0.003734049686689445,
4,56.59,-0.002040093670333298,0.011248122986875534,-0.00397100837903528,
4,56.64,-0.0022849201918387616,0.011062935151559483,-0.004004811004730657,
4,56.691,-0.002860885474898929,0.010858775387670707,-0.0039056036926585565,
4,56.742,-0.003402124171022603,0.010859682464540733,-0.003929893574924402,
4,56.793,-0.0038776113388360725,0.011192870262152632,-0.0038306036267423444,
4,56.844,-0.004473564788031111,0.011511567026073198,-0.003459198213892287,
4,56.895,-0.005299738123798661,0.01159453427314988,-0.0027422737563212243,
4,56.947,-0.006207193973424434,0.011519650985821578,-0.0018613431518434598,
4,56.997,-0.007294715073726811,0.01134954564920569,-0.0013476624695461254,
4,57.048,-0.008209523308594573,0.011132034655460936,-0.0011107838373941338,
4,57.099,-0.008538404857481292,0.010901593381810399,-0.0006687945952115551,
4,57.15,-0.008665914887272745,0.010681371398613996,-0.00013076387391873983,
4,57.201,-0.009055698972690067,0.010485394767443446,0.00022480767143463713,
4,57.252,-0.009984047533245666,0.010119877755746673,0.00043479445034828634,
4,57.304,-0.010982394138581663,0.00947415535165781,0.0003337075947676567,
4,57.355,-0.011342932491333247,0.00890142956020564,-0.0001595998132896976,
4,57.406,-0.011265448246151095,0.008421529304292148,-0.0008648293838895889,
4,57.456,-0.011114095767408126,0.008039714897462883,-0.0014484883706503116,
4,57.507,-0.010927526452095907,0.008153147785329832,-0.0017064568736573043,
4,57.558,-0.010331691212250175,0.0085750958307529,-0.0017348197809783639,
4,57.609,-0.00891873718305543,0.008960180343965202,-0.0016136462958148562,
4,57.661,-0.007296063906353046,0.009290687201888059,-0.0016071353565748172,
4,57.711,-0.005870075485772638,0.00955963983645088,-0.0018755201194541994,
4,57.762,-0.004885619442784197,0.009767508678870272,-0.002097815730832091,
4,57.813,-0.004865926598565848,0.009919502513441215,-0.0022726942179002447,
4,57.864,-0.0050649007988135515,0.01022428429045891,-0.0026039467206637706,
4,57.915,-0.004986465846662151,0.010803406329622968,-0.0030088792784775218,
4,57.966,-0.004736415059216611,0.011311120383748303,-0.0034285370185722025,
4,58.017,-0.004396385637345692,0.011531416733393004,-0.003623092562104134,
4,58.068,-0.0044276313319060465,0.011549680127714573,-0.0034568154895951156,
4,58.119,-0.004694484818607446,0.01143690221370292,-0.003273309132377594,
4,58.17,-0.0046893411493905916,0.011249140595341343,-0.0032943281035761793,
4,58.222,-0.0043093312389930645,0.011028371603747622,-0.0032439975263545916,
4,58.272,-0.004121095111326827,0.0108041684200179,-0.002951116380397497,
4,58.323,-0.0044726423653158945,0.010595773729877788,-0.0025262032106096333,
4,58.375,-0.005142139513287675,0.010414258908390641,-0.0022515795009947557,
4,58.426,-0.005760937635280739,0.010264565246067857,-0.0020954056412268453,
4,58.476,-0.00569500869648026,0.010147305543290205,-0.001626078450425921,
4,58.527,-0.005396058959649082,0.010060267288259457,-0.000993612567287441,
4,58.578,-0.005975844921212498,0.00999960368959893,-0.0005081592626955296,
4,58.63,-0.006871799505184956,0.00996072883428054,-0.00015599084619016314,
4,58.68,-0.007296053220743261,0.009938951174739434,-0.00011842946149643148,
4,58.731,-0.007986200055921266,0.009729054647155235,-0.00048649287226053755,
4,58.783,-0.00899226962323295,0.009214535853348365,-0.0008843029057069559,
4,58.833,-0.009316801046524074,0.00874681383231784,-0.001068399868413319,
4,58.884,-0.008977322544416484,0.008547512378448816,-0.0011006424780923712,
4,58.935,-0.008239251738805011,0.008536373443997226,-0.0008320692487867949,
4,58.986,-0.007304834929488886,0.008646807659949142,-0.0001913090802138568,
4,59.037,-0.006118722590546569,0.008826341439979813,0.00043584561584328443,
4,59.089,-0.004464802136084861,0.009035769761569579,0.0008030592574293976,
4,59.139,-0.0030453846949075264,0.00924754689119985,0.0009740597607096556,
4,59.191,-0.00229206015070101,0.009443817642429485,0.001005481603474186,
4,59.242,-0.0022272861349372274,0.00961437624503614,0.0009448602322171749,
4,59.292,-0.002810152236213236,0.009754742758511601,0.0008300767287195202,
4,59.343,-0.003560726015070732,0.009864469401173194,0.0004889435590086765,
4,59.394,-0.004358563180554351,0.009945730394455602,-0.0001707885642954004,
4,59.445,-0.005524287081208182,0.010002206922790056,-0.0009818560508829514,
4,59.496,-0.006832309068319328,0.010038250941352854,-0.0016239931905112112,
4,59.547,-0.007724848905825577,0.010259128653184537,-0.001704534181338262,
4,59.598,-0.008078384156656114,0.010781639522794382,-0.0014184244817177197,
4,59.65,-0.008057827276073043,0.011254794519209702,-0.0013218142918887546,
4,59.701,-0.007598163581380948,0.01145745121575126,-0.0013545009351640235,
4,59.752,-0.006893804432156864,0.011269509641901994,-0.0010658191587085836,
4,59.804,-0.006289926741584562,0.010846155263904263,-0.0005942180585688469,
4,59.854,-0.005598170919086078,0.010707495356117844,-0.0004448540293063242,
4,59.904,-0.004905625461772744,0.01076256371514663,-0.0009158234819615825,
4,59.957,-0.00487070911223897,0.010736622508478878,-0.001746810160604405,
4,60.006,-0.005862870120624796,0.010660809639201017,-0.0023402710925926502,
4,60.059,-0.0072332113876544665,0.01055910181267539,-0.002532886094612809,
4,60.108,-0.007932680264205998,0.010448956757334397,-0.002452944512928934,
4,60.159,-0.007744026033405509,0.010342248805961738,-0.0022046203311137155,
4,60.21,-0.007402595240534167,0.010246317465689735,-0.0018682524510094426,
4,60.261,-0.007392276593596216,0.010165004218225176,-0.0015024392059919804,
4,60.313,-0.007394312507714406,0.010099598481762314,-0.0013479618310525542,
4,60.364,-0.007002441175253782,0.010049649321208576,-0.0015422683994457554,
4,60.414,-0.006188583549601468,0.010013625848391368,-0.001743825111324734,
4,60.465,-0.005571131677908463,0.0097885938714743,-0.0017330063097309983,
4,60.516,-0.005129246985230684,0.009259584941928967,-0.0015868492577152669,
4,60.567,-0.00423295973320152,0.00877895070079872,-0.0013656341126550467,
4,60.618,-0.0033180762146093404,0.008568786308797842,-0.0011140513226834132,
4,60.669,-0.0028664290237493013,0.008548971403786814,-0.0008632027135033171,
4,60.72,-0.0023464942354405483,0.008652829234949021,-0.0006329765095808371,
4,60.771,-0.001422863941886204,0.008827661506511975,-0.000635305040694231,
4,60.822,-0.0009170223013885379,0.009234802118541954,-0.0009874295054812525,
4,60.873,-0.0015231006890150797,0.009959060682686432,-0.0013347750972923442,
4,60.924,-0.002592788665956892,0.010627687479496198,-0.0014503186219381914,
4,60.976,-0.003271380660415696,0.011006087995573443,-0.0014079135229065265,
4,61.026,-0.003644629000606235,0.011167953216541895,-0.0012676143795677716,
4,61.078,-0.004394561353972916,0.01117793999932921,-0.001075801456282061,
4,61.128,-0.005526669571789555,0.01108971703935316,-0.0008663590872293597,
4,61.179,-0.006612107039650901,0.010945594365629014,-0.0006624352766681755,
4,61.23,-0.0075804152003895175,0.01077719819788552,-0.0006792663634644877,
4,61.282,-0.008194981097127551,0.010405928378962195,-0.001037160499380989,
4,61.332,-0.008332469986860786,0.009733536966166802,-0.0013842114157236187,
4,61.383,-0.008152939845845473,0.00912286994182295,-0.0014955945591837237,
4,61.435,-0.007985344995315394,0.008801680600941896,-0.0014468840204838198,
4,61.485,-0.007838868336294685,0.008691950469376018,-0.0012994102387194548,
4,61.536,-0.007115201872112115,0.00872665502832345,-0.0013012752342354992,
4,61.587,-0.0058786548155826835,0.008851205060804118,-0.001599602718347185,
4,61.638,-0.005015008075532574,0.009224205746231576,-0.0018632675401688802,
4,61.69,-0.004861568571077916,0.00992741985921541,-0.0018826866465633367,
4,61.74,-0.005175947896151829,0.010585091581803806,-0.0019447320392960753,
4,61.791,-0.005765108367431023,0.01095988792011921,-0.0022299652007603593,
4,61.843,-0.006483170848975461,0.011123153008154441,-0.0024345927579232512,
4,61.893,-0.007226220387803019,0.011137636553687704,-0.002370251691009218,
4,61.944,-0.008126437327810382,0.011055535314744314,-0.0021385759240247267,
4,61.995,-0.00925596993436598,0.01091808475250376,-0.00181819110626252,
4,62.046,-0.010241001575704262,0.01075617769619006,-0.0014666502240097655,
4,62.097,-0.010652558987284146,0.010591591984184546,-0.0011233678480723672,
4,62.148,-0.010261588676498202,0.01043851005231457,-0.0010137927952953,
4,62.199,-0.009186490319702059,0.010505937344766191,-0.0012637424926910978,
4,62.25,-0.00795982541727915,0.010910205555181218,-0.001523360961356056,
4,62.302,-0.006935328971983144,0.011297197285747667,-0.0015674908052498288,
4,62.352,-0.0059219612684905465,0.011240353022525611,-0.0014698715850638517,
4,62.403,-0.004595471025546812,0.010702586702873948,-0.0012891834745524596,
4,62.454,-0.003174720714191196,0.010100414568630202,-0.001069734304972155,
4,62.505,-0.0020084840101380077,0.009906977549840594,-0.0008430547821230391,
4,62.556,-0.0010991678318324144,0.010192056547095754,-0.0006299480119774702,
4,62.607,-0.0004276765447630496,0.010560297488718076,-0.0004426657523301635,
4,62.658,0.00023817581820011278,0.01075145874584078,-0.0004878247701893668,
4,62.709,0.0008469214228460401,0.01081369302931687,-0.000879266234270799,
4,62.76,0.0009684715668726589,0.010788240304484885,-0.001260516974116531,
4,62.811,0.0003661262977047199,0.010708594087516477,-0.0014037710297378724,
4,62.862,-0.0006521019271620721,0.010600589047378395,-0.0013828774516089033,
4,62.913,-0.001654425871004946,0.010483072451198422,-0.0012583859895756973,
4,62.964,-0.002766863082681709,0.010368896118965437,-0.0010774526955275442,
4,63.016,-0.004061389330929049,0.010466867905870548,-0.0008748553436542421,
4,63.067,-0.005167871231698163,0.010893864458077432,-0.0008754727173363756,
4,63.118,-0.005864029423333656,0.011296745782517008,-0.0012072062276861537,
4,63.169,-0.00604026741956016,0.011450962261224449,-0.001523818624488277,
4,63.22,-0.005668062334733726,0.011232474759346994,-0.0016044648461888038,
4,63.271,-0.005375680270754894,0.010591671188124796,-0.001527295208351225,
4,63.321,-0.005358814543112407,0.010133159837068976,-0.0013551094304576057,
4,63.373,-0.0053191728681921124,0.010230062997391392,-0.0011358171846883342,
4,63.423,-0.005268108357450483,0.010474563886831286,-0.0009039296386432786,
4,63.474,-0.004812152671047965,0.010593251548238784,-0.000682592406822095,
4,63.526,-0.004133147905313811,0.010621714111571685,-0.00048580242141392374,
4,63.576,-0.004168971695776761,0.01059002417322581,-0.0003205646711131284,
4,63.628,-0.004660374031085138,0.010522301097876273,-0.00018883711590479745,
4,63.679,-0.005002819004595511,0.010436908543805907,-8.918350644414232e-05,
4,63.73,-0.005021386499015082,0.010347043521900691,-0.0002189397465368122,
4,63.781,-0.005834911361175964,0.010462362899858225,-0.000686238234112099,
4,63.831,-0.008498765674513308,0.011302514570282855,-0.0015333139114975711,
4,63.882,-0.010729499397842878,0.012740879909451079,-0.0029575790630132722,
4,63.933,-0.010896578756101496,0.013644027014900988,-0.004436775765077894,
4,63.985,-0.009525874494339975,0.013528857182124827,-0.005229872942212856,
4,64.036,-0.00727902376175633,0.01297067386184387,-0.005318393235986126,
4,64.086,-0.005454087063638429,0.012374037614305774,-0.004747087264614655,
4,64.139,-0.004648850030738929,0.011800669378201163,-0.003597662034287998,
4,64.189,-0.004361452769632165,0.01148911842821345,-0.0023706300920493563,
4,64.239,-0.003826759492733555,0.01137051236384879,-0.0013932303456242572,
4,64.291,-0.003377249953572171,0.010983512523149665,-0.0006544504975721504,
4,64.341,-0.0036209847601506996,0.010455466958289557,-0.0003288922870344257,
4,64.392,-0.004490586488876387,0.009879381229756946,-0.000294507627493853,
4,64.443,-0.00609339812437166,0.00931876382949422,-4.7962500192178284e-05,
4,64.495,-0.007836861997625646,0.008813103402123101,0.00031484624574439307,
4,64.545,-0.009128807599354971,0.007981643855415775,0.0005222415039723323,
4,64.596,-0.009023216521735884,0.0074096938778221025,0.0008141349593164596,
4,64.647,-0.00742729467524707,0.0076526284503842905,0.0013376063071083503,
4,64.698,-0.0058070874479173775,0.008398674707212478,0.001766714570999251,
4,64.749,-0.005104796232946481,0.009407459937744627,0.0018999975177309046,
4,64.8,-0.005650130316047079,0.010302880347285147,0.0018328453617353605,
4,64.851,-0.006349321261076886,0.010852828177205122,0.001642538409514136,
4,64.903,-0.006287685489184371,0.011137027423590636,0.0011877003000357724,
4,64.953,-0.005743043747153437,0.01142879135339888,0.000398909790445038,
4,65.004,-0.0051332119957523,0.011902802153554165,-0.0005406953319650155,
4,65.056,-0.005333895050128255,0.012254784679946977,-0.0017023775612729415,
4,65.106,-0.006439948768517699,0.01229939455463456,-0.002712333673492524,
4,65.157,-0.007234475607575662,0.012143286840709666,-0.0029413457690055963,
4,65.209,-0.007363709800306369,0.011870989265757545,-0.0026511008837358375,
4,65.259,-0.007457543012196903,0.011746881407331072,-0.0022519797673720555,
4,65.31,-0.00772196745943311,0.011928618921125437,-0.001815093493875531,
4,65.361,-0.00747205775955923,0.012091077575454254,-0.001389083065729403,
4,65.412,-0.006510687863518983,0.012027287181794915,-0.0010042707703769272,
4,65.463,-0.005973586671227569,0.011823516116405693,-0.0006767942648614283,
4,65.514,-0.006354239029920541,0.011546337867094662,-0.00041239747783945236,
4,65.565,-0.007092081262562988,0.011244346495900353,-8.863218962484117e-06,
4,65.616,-0.007598067037809805,0.010950701203241922,0.0006523234229773999,
4,65.667,-0.007713870072676952,0.010685998223923904,0.0012248067492917612,
4,65.718,-0.007570125948147357,0.010461121948580022,0.0012927431887275157,
4,65.769,-0.00727146831694273,0.010279853680863512,0.0008307964812061313,
4,65.82,-0.0070982825271523895,0.010141115383453409,0.00026695183642845956,
4,65.871,-0.007019480909943559,0.01004079907569144,-0.00011611595900134158,
4,65.922,-0.007007543133729996,0.009973183526408875,-0.0005533027374128251,
4,65.973,-0.007441114898958289,0.00993197245004899,-0.0009900780812350115,
4,66.024,-0.007723917261487813,0.009911006551456986,-0.0009898345639686571,
4,66.076,-0.007083970320219599,0.009904709191987883,-0.0009101615462102405,
4,66.126,-0.00550195853588769,0.009707491755693427,-0.001187614016793305,
4,66.177,-0.0036436741551155454,0.009202836938313802,-0.0014709870953879718,
4,66.228,-0.002560818960426993,0.00874238100808563,-0.0015345593688811125,
4,66.279,-0.0020622759738000178,0.008548095776846511,-0.0014520550771228557,
4,66.33,-0.0015768648934345341,0.008540127138080689,-0.001282492210974439,
4,66.381,-0.0013397043896931932,0.008652293080804794,-0.0010707157663476905,
4,66.432,-0.001481645355111655,0.009033330499257145,-0.0008488783132582621,
4,66.483,-0.0022569883329517184,0.009757032652776039,-0.0006384091875817979,
4,66.536,-0.00357711233546282,0.010441532205890926,-0.0002513052140984293,
4,66.586,-0.004939748698679074,0.01064423358064164,0.0006196536995413848,
4,66.639,-0.006220185132965798,0.010521649249427216,0.0017309665782311388,
4,66.688,-0.007144206968797171,0.010601957365413027,0.002505487919603912,
4,66.738,-0.007765411880449777,0.010805939435466505,0.002800953853927265,
4,66.79,-0.00814250115070646,0.010872019744611118,0.002765441064641532,
4,66.84,-0.007730232625303993,0.010844348087275395,0.002520507427222504,
4,66.891,-0.006443159910318683,0.01075877142208175,0.0021609377738689003,
4,66.942,-0.005300926157142642,0.010642931960840592,0.001756731610555254,
4,66.993,-0.005146679309561347,0.010516989193795909,0.0013563690334897538,
4,67.045,-0.005437636911130271,0.010394684074557578,0.0009906340583499033,
4,67.095,-0.0055890861281235535,0.010284537160014913,0.0006764883057857184,
4,67.146,-0.0056388949881401645,0.010391870067398066,0.00042066579642439385,
4,67.197,-0.005418681675062754,0.010830895224647757,0.00022280009669595842,
4,67.248,-0.004842146068194293,0.01124654964996929,7.800032268754422e-05,
4,67.299,-0.004685898678499177,0.011412990605692596,0.00017970038458033102,
4,67.352,-0.005414256644024795,0.011406227341149827,0.0006321572329178193,
4,67.401,-0.006450612441920052,0.01128892259999823,0.0010723914049348621,
4,67.452,-0.007199581762664867,0.01131097906444237,0.0014694210094527032,
4,67.503,-0.007302400714328488,0.011621476835929062,0.002007680191046548,
4,67.555,-0.006982550330592666,0.011891189866678155,0.002392443299826225,
4,67.605,-0.006618148662880434,0.011912244904007935,0.0024470184579016485,
4,67.656,-0.0066561149195712085,0.011772131330761286,0.0022854428545434112,
4,67.708,-0.007149924158236092,0.011539907829682923,0.001998218555521388,
4,67.758,-0.007293918621740111,0.01126726480257835,0.0016534829946652032,
4,67.809,-0.007001157611718242,0.011191434664258919,0.0012995562987426804,
4,67.86,-0.007054302279470691,0.011448756128068121,0.0009681670110774491,
4,67.911,-0.007325024790525498,0.011899073360208068,0.0006778537736948401,
4,67.962,-0.006910208486837171,0.01243699318283382,0.00043720659183625924,
4,68.013,-0.007093212718001608,0.01258621678855313,0.0008502457993046554,
4,68.065,-0.00864909698338973,0.012273328173182343,0.0022518478753177805,
4,68.117,-0.009755488466533482,0.012090865911117934,0.003572369753139811,
4,68.166,-0.010083049492702386,0.012006710616592661,0.00413230765978828,
4,68.217,-0.009884792296071844,0.011791531477434733,0.004159462116012735,
4,68.268,-0.008963560149248626,0.011509606079253441,0.003842733675371921,
4,68.319,-0.007853486329680973,0.011207520908521968,0.003330899302146764,
4,68.37,-0.007514809308704313,0.010916773784319858,0.0027350508662777225,
4,68.421,-0.007898909564280666,0.010656655056826298,0.0021331864499472475,
4,68.472,-0.00811320706753683,0.010437076136647407,0.0015758135276679294,
4,68.523,-0.008000552398394352,0.010461970674781038,0.0010917509901437132,
4,68.574,-0.007285589078940134,0.01084249243262021,0.0004927589445838149,
4,68.625,-0.0060409360034193995,0.01121969396887927,-0.00033265786848094307,
4,68.676,-0.004757386534659392,0.01136363051490283,-0.0010361503083986536,
4,68.727,-0.003752836432716023,0.011346399279576506,-0.0014040987250595837,
4,68.778,-0.0032087556471392807,0.011227187084588836,-0.0015272868960764581,
4,68.829,-0.0026020381478111683,0.011052145972636372,-0.0016844352304494089,
4,68.88,-0.002003888213112586,0.01105619421312299,-0.0020515733536775023,
4,68.931,-0.002463452832580164,0.01137561013171392,-0.002323061618756719,
4,68.982,-0.0039661332024597245,0.011670794153428221,-0.002109727796617024,
4,69.033,-0.005816268290818144,0.011725890200701321,-0.0016025904277041695,
4,69.084,-0.007338948928703408,0.011823413055705431,-0.0013494291141504028,
4,69.135,-0.00812762663229691,0.012141145716153155,-0.0012794930591582447,
4,69.186,-0.008583026870151295,0.012574585709331655,-0.001131853355347562,
4,69.237,-0.008386427903650313,0.013047415042988963,-0.0009462387054281209,
4,69.289,-0.00778746172027885,0.013306689117674029,-0.0007511798328877956,
4,69.339,-0.007982722008999124,0.01320733715882196,-0.0007665673038610014,
4,69.39,-0.009073342043411517,0.012885961128609957,-0.0011165223877486585,
4,69.441,-0.010449755488825242,0.012448006867938746,-0.001452106165598054,
4,69.492,-0.011497223609100207,0.011970467361928349,-0.0015506806218219282,
4,69.543,-0.011847908087171,0.011505902199817517,-0.0016901636133708573,
4,69.594,-0.011121036639411299,0.011086978281038235,-0.0020455118609752376,
4,69.645,-0.00956063148564924,0.010730980052686249,-0.002309925611884896,
4,69.696,-0.007992658267329101,0.010443937882913958,-0.0022939434557559006,
4,69.747,-0.006746625632160296,0.010224179878681667,-0.00209941285531879,
4,69.798,-0.005606334545184766,0.009864394943201899,-0.0018059972521549008,
4,69.85,-0.004826298149419058,0.009443706289532025,-0.0014727326916837017,
4,69.9,-0.004741641989595657,0.009419419629893197,-0.0013415168927857384,
4,69.951,-0.004708102424764443,0.00985215068591282,-0.0013504263973136673,
4,70.002,-0.004308373604832988,0.010543227972833427,-0.001247656093726741,
4,70.053,-0.00390673399863389,0.011143645725506244,-0.0012823493233818156,
4,70.105,-0.003937801318152813,0.011436851553934863,-0.0014024179742534108,
4,70.155,-0.004243890144669153,0.011509472302888284,-0.0013667630967593974,
4,70.206,-0.004300107951220778,0.011434786595652625,-0.0012340989745917882,
4,70.258,-0.004191554423761246,0.011271625427617634,-0.0012507088480400675,
4,70.309,-0.004387712339791103,0.011064827688252758,-0.001562555155168959,
4,70.359,-0.004964373019864967,0.01084665634513997,-0.0018378664539437533,
4,70.41,-0.005537910928273776,0.010638716983127678,-0.0018667956034465812,
4,70.461,-0.005862538100712059,0.010454044406821494,-0.001735383203824197,
4,70.512,-0.006001447565091987,0.010299129406752146,-0.0017125259737430841,
4,70.563,-0.0056084203022660544,0.010175744332282249,-0.0017611269690413827,
4,70.614,-0.005106641497723588,0.010082492974313384,-0.001449986209587965,
4,70.666,-0.005378758975859539,0.01021689278185775,-0.0009331195368771244,
4,70.716,-0.005924522230386947,0.010687333868320043,-0.0003258319226243762,
4,70.768,-0.006601945572677223,0.011134669728961677,0.0004914954405623772,
4,70.818,-0.007309389552255225,0.011330417323366966,0.0011770397272570171,
4,70.869,-0.007376754922572581,0.011349083314277315,0.0015221589334307908,
4,70.92,-0.007028193198929067,0.0112526782427482,0.0018220550255379762,
4,70.971,-0.00684254447520866,0.01109021672151267,0.0022696891681286474,
4,71.022,-0.007177961370582756,0.010898440891143677,0.002575281680485733,
4,71.073,-0.007820619301687187,0.01070327029995556,0.0025643926146247794,
4,71.125,-0.008207032495675,0.010722434858657728,0.0023514023581681556,
4,71.175,-0.008598894479301263,0.011078357695690775,0.0020259044370078676,
4,71.226,-0.009163605078313276,0.011420834803047692,0.0016543979270108313,
4,71.277,-0.009191306278135952,0.011526342443576714,0.0012832281419985075,
4,71.328,-0.008872370340546753,0.011471393558024739,0.0009420916699882003,
4,71.379,-0.008356739369835251,0.011317949866902885,0.0006476217833633739,
4,71.432,-0.0071538791913002536,0.011314496699349513,0.00040673736857437307,
4,71.481,-0.0062093943930085155,0.01160835124532827,1.873750196642129e-05,
4,71.532,-0.006108993743054069,0.012069278197578848,-0.0006332793689399496,
4,71.583,-0.005955512324783094,0.012600329436637055,-0.0012014115232945664,
4,71.634,-0.005780317167832836,0.013133693810225189,-0.0016701040626904465,
4,71.686,-0.005605269904712084,0.01362569470942704,-0.0022382028133071776,
4,71.736,-0.005042712334947207,0.013850809289403366,-0.0028244185508420464,
4,71.787,-0.004477650286943082,0.013685838028801774,-0.0033751609059762054,
4,71.839,-0.004157209034316412,0.013283937326908057,-0.0036580756569060376,
4,71.889,-0.004019397860319357,0.012762367638297096,-0.0035456575848373134,
4,71.94,-0.003808953961249731,0.012205947559891583,-0.003188723131643347,
4,71.991,-0.003568832639264594,0.011671875281756972,-0.0027036415017582622,
4,72.042,-0.003931468400530102,0.011195039674896259,-0.0021753407698104567,
4,72.093,-0.004852385213615009,0.010994052406058934,-0.0014609279715493387,
4,72.144,-0.005454875034980695,0.01118696055190089,-0.0006845431668720228,
4,72.195,-0.005403073810839178,0.011416163492886081,-0.00033244951125072336,
4,72.246,-0.004935803390008756,0.011449397835108966,-0.0002807605390554388,
4,72.297,-0.004239608611581885,0.011354277585328067,-0.00022505527106995692,
4,72.348,-0.0034525205812678587,0.011184478259544425,-0.000171249142645357,
4,72.399,-0.003072034841917223,0.010980423961234784,-0.00012298346288609923,
4,72.45,-0.0033845571553193033,0.01077079257188108,-8.214850756312892e-05,
4,72.501,-0.004116435249772507,0.010574424721912876,-4.9359672128451284e-05,
4,72.552,-0.004857639862476699,0.010402338372593524,-0.00022519892437547565,
4,72.603,-0.005143615207942388,0.010460482948951737,-0.0007215500012476219,
4,72.655,-0.005114655173074489,0.010862449184113472,-0.0011827545736665607,
4,72.705,-0.005086870963151031,0.011251800973943347,-0.0013835340656438745,
4,72.756,-0.005062072872143398,0.011400950836902844,-0.0014011602199904796,
4,72.807,-0.005242015705245369,0.011384065099732964,-0.0012999047295423171,
4,72.858,-0.005739647669779086,0.011262048664777414,-0.0011305385174784333,
4,72.909,-0.005999386237455831,0.011082408497772174,-0.0009310951635525149,
4,72.96,-0.0058848521550994,0.010679408722522064,-0.0009292174192201039,
4,73.011,-0.005740312308015525,0.009964697630576632,-0.001255033183813337,
4,73.062,-0.005788973259565547,0.009107485222768053,-0.0015640081202977635,
4,73.114,-0.006359302049042868,0.008227742217464208,-0.001636527483731949,
4,73.164,-0.00762005413373078,0.007404221980315717,-0.0013507363145206371,
4,73.217,-0.009021496025060149,0.006682916533886236,-0.0006572670725579748,
4,73.266,-0.009798085894059432,0.006285945320195134,-0.00015970896806360605,
4,73.317,-0.010312373460190745,0.006329710093169731,-0.00022943664939934432,
4,73.368,-0.010817952195800782,0.0066526257933317585,-0.0004565588202964609,
4,73.42,-0.0108756633080021,0.007128634433784529,-0.000565547023169984,
4,73.47,-0.010440664041988113,0.007664590044806779,-0.0007908480799148632,
4,73.522,-0.009724609214206908,0.008195937567756254,-0.0012734810060896717,
4,73.572,-0.00928748944437228,0.008681644700152622,-0.001681548892913706,
4,73.623,-0.00946604775878582,0.009099061762281964,-0.0018081792152382778,
4,73.674,-0.009422626984942336,0.009439148325005557,-0.0017441364704849113,
4,73.725,-0.008838660411241086,0.0097023185219459,-0.0015629500363134256,
4,73.777,-0.007954926014118192,0.009895016916306324,-0.0013211886503308589,
4,73.827,-0.006548261194935782,0.010027037982502119,-0.0012608326106545978,
4,73.879,-0.005120050056070343,0.010109537841615958,-0.0015225034341211686,
4,73.929,-0.004194420608839791,0.010354483354725112,-0.0017688521026974656,
4,73.98,-0.0038663153764438777,0.010884769972384701,-0.001784750186557319,
4,74.031,-0.004349458358845973,0.01135462713069158,-0.0016515712853433047,
4,74.083,-0.005314084083013766,0.011547148854363544,-0.001433480352697265,
4,74.133,-0.006309184124314634,0.011546335133852318,-0.0011784509577989848,
4,74.184,-0.007243889084170426,0.011421590797839136,-0.0009202184175911957,end
5,75.663,-0.0028225393469423756,0.0117901946885799,-0.00019118488862624846,start
5,75.714,-0.002461137420623472,0.01247727384003463,-0.0002917831909601879,
5,75.765,-0.00263414101615965,0.012718925126059115,-0.0003328621129298577,
5,75.816,-0.003336822092913847,0.012655487881031052,-0.0001316345210889553,
5,75.867,-0.004523597488805756,0.012401477770897855,0.0004096650725536492,
5,75.918,-0.0059255097443683315,0.012045648972212683,0.0009247522414844436,
5,75.969,-0.006951112579219694,0.011653103560390775,0.0009799819845815888,
5,76.021,-0.007853812217330437,0.011067710768643938,0.0005350110082084694,
5,76.071,-0.008806004369514066,0.010204827987270987,5.815245843569946e-06,
5,76.122,-0.009311778418117747,0.009434128591247365,-0.0003340524291151917,
5,76.173,-0.00949061094892969,0.00898529775768484,-0.0007260251526220213,
5,76.224,-0.009445392798086752,0.00877895395653682,-0.0013207606588082818,
5,76.275,-0.009059278272933563,0.009146373209832536,-0.0017969275695456947,
5,76.326,-0.008686380906073574,0.010253927531143505,-0.0021587981926749823,
5,76.377,-0.009356084798770564,0.011345527632143733,-0.0026191280515496236,
5,76.428,-0.01144399760304639,0.012138369798253775,-0.002904791345719802,
5,76.479,-0.013269583331381807,0.012876745002730368,-0.0028546499928670446,
5,76.531,-0.013575267630032159,0.013320037845327705,-0.0025931678416361544,
5,76.581,-0.01268077047534785,0.013337634256798488,-0.002417981366479993,
5,76.632,-0.011490060464318112,0.013080796026763897,-0.002312214091991944,
5,76.683,-0.010606695051292934,0.012668581421562157,-0.0020586319243340975,
5,76.734,-0.009991409370977929,0.011988996909955738,-0.0021322868923727622,
5,76.785,-0.009798318724177526,0.010991694018717729,-0.002610732597747085,
5,76.836,-0.009690681496026754,0.010071572405847865,-0.0029086889538042253,
5,76.887,-0.008843162197995835,0.009676534990712075,-0.0030669523223902776,
5,76.938,-0.0071875352447221584,0.009850829512323718,-0.003323743189901056,
5,76.989,-0.005146629449204673,0.010175430609218045,-0.0032214286096408674,
5,77.041,-0.003223411159969177,0.010369521073742081,-0.002495353171315352,
5,77.091,-0.0021326716846741044,0.010464316384456314,-0.0016283895567519913,
5,77.142,-0.00206513396685495,0.010487813360037576,-0.0009415469381150591,
5,77.193,-0.002458420152999404,0.010463695445319358,-0.00042540164283266443,
5,77.244,-0.0031156624177338353,0.01061181077870697,-0.0002610307326657403,
5,77.295,-0.004090228428426057,0.011059323208769662,-0.0005363090053920069,
5,77.346,-0.004989186594171635,0.011662904204364978,-0.0008706092453982749,
5,77.397,-0.005566603474750948,0.012318092263378471,-0.0010150741635436447,
5,77.448,-0.006293080771641613,0.012752911411037836,-0.0010261825389866058,
5,77.499,-0.007458465070571068,0.012810632435231005,-0.0009508701163979561,
5,77.55,-0.008410056383445342,0.012621864068222058,-0.0008261816897290675,
5,77.601,-0.008746419299786253,0.012290173767537162,-0.000880676195559964,
5,77.652,-0.008460349684467218,0.011893466095118066,-0.001246545874058003,
5,77.703,-0.007798062970276076,0.01148692833216606,-0.0015818912648083944,
5,77.754,-0.007349359937121662,0.010905910955925503,-0.0016698867447307547,
5,77.805,-0.007475352305766816,0.010058832293165324,-0.0015921749973400404,
5,77.856,-0.008160638706721639,0.009309997232503748,-0.0014144295185707567,
5,77.907,-0.008948744110656338,0.008885161025876796,-0.0011868061620342273,
5,77.958,-0.009538647748930212,0.008702250545984247,-0.0011463129798398438,
5,78.009,-0.009753211722649226,0.00868919333516133,-0.00142992263594236,
5,78.06,-0.009709814358327538,0.008585287055011038,-0.0016977791446291142,
5,78.111,-0.009705293009264954,0.008230628080109124,-0.0017331808516185716,
5,78.162,-0.00932440075672239,0.007944473117772625,-0.0016166533723183365,
5,78.213,-0.00873272083974638,0.00792607478376665,-0.0014120469315756239,
5,78.264,-0.008455050937545165,0.008281714232678136,-0.0011673876572261773,
5,78.315,-0.008200244370251474,0.009049507296351312,-0.0009166947630212268,
5,78.366,-0.008181404387364446,0.009819122584024112,-0.0006822712255965667,
5,78.417,-0.008315415417370993,0.010327247041555092,-0.0004771141195619732,
5,78.468,-0.007733357487001012,0.010626844556055823,-0.0003072080649472086,
5,78.52,-0.006738806356318938,0.01076863528929427,-0.00017355946800430203,
5,78.57,-0.006162098779823904,0.010797825860137255,-7.390110182349191e-05,
5,78.621,-0.005899704725803767,0.010752455164021313,-4.048324019048774e-06,
5,78.672,-0.005659141500048133,0.01086374292540785,-0.00015975657729390058,
5,78.723,-0.005451904786393631,0.011267397353926447,-0.0006484538173318858,
5,78.775,-0.005282690125247883,0.011625300980646633,-0.0013114553148990203,
5,78.825,-0.0053522882211952975,0.011724276967135216,-0.0020329859103414153,
5,78.876,-0.005569458190198239,0.011649238229640731,-0.002533257526228987,
5,78.927,-0.005662993935809048,0.011468623002861356,-0.002650602148654839,
5,78.978,-0.005669722631801068,0.011234805578799892,-0.002512929255063568,
5,79.029,-0.005419403297918214,0.010985650206894354,-0.002222760225544201,
5,79.08,-0.005225168489123193,0.010746673332213437,-0.001858097847480514,
5,79.131,-0.005484174442720005,0.010533422292125083,-0.001474953637137539,
5,79.182,-0.005812226555747523,0.010353801750000653,-0.0011107353761966368,
5,79.233,-0.005756540655998491,0.010210179719512333,-0.0007879142159325036,
5,79.284,-0.005459217232669794,0.010101183044795101,-0.0005175764913523293,
5,79.335,-0.005432471543231136,0.010023149475511967,-0.0003026162643647701,
5,79.386,-0.005581409873420037,0.009971242848314804,6.039267572867087e-05,
5,79.438,-0.00583105868808238,0.010141096270328154,0.0004891911206921183,
5,79.488,-0.0061252431732301445,0.010640364583157995,0.0005240695908135004,
5,79.539,-0.00622352416526588,0.0113107956907073,0.0003035049709352546,
5,79.59,-0.006389100553961211,0.012037144267834038,0.00013766390760786788,
5,79.641,-0.006785369279878599,0.012540171848430514,2.024246824380022e-05,
5,79.692,-0.0072977592523543935,0.01265872856161965,-5.6692100051926154e-05,
5,79.743,-0.007642628048754802,0.012722013877056598,-0.0003023135867205146,
5,79.794,-0.007651518721140741,0.012945600523677634,-0.0006363910635089674,
5,79.846,-0.0076450487440838655,0.01305320153052668,-0.0005986950139545283,
5,79.896,-0.007830080602181091,0.012876937351850753,-0.00032558969564510493,
5,79.947,-0.007721400895722253,0.012532775711582287,-0.00012427743216933222,
5,79.999,-0.007031412131402761,0.012108580472224245,1.4818134047256632e-05,
5,80.049,-0.006425696406377877,0.011667132633244323,0.00010283689736505134,
5,80.1,-0.006324355877340265,0.011250082846272479,0.00015102662258375719,
5,80.152,-0.006353804535929593,0.010882183840802548,0.00016980068548623451,
5,80.203,-0.006263935672819345,0.01057536236551585,0.00016820078264563295,
5,80.253,-0.006305595466214705,0.01033236108955746,-4.717112436827662e-05,
5,80.304,-0.006829932001602449,0.010149812130427987,-0.0005831781197312108,
5,80.355,-0.007621712238576166,0.010020699147594141,-0.001080931968788509,
5,80.406,-0.0083205778014811,0.009936229503278451,-0.0013133321579385908,
5,80.458,-0.009104543760585783,0.00988717767176889,-0.0015577115129965162,
5,80.508,-0.00947844297861187,0.009864781612432375,-0.0019909755404802984,
5,80.559,-0.009157641331537562,0.00986128042656457,-0.0023097417880986737,
5,80.61,-0.009019564290074708,0.00987017875924009,-0.0025294671121743866,
5,80.661,-0.009210603817902728,0.010087148363974518,-0.0028688547472189743,
5,80.712,-0.009195708585663116,0.010420134879516705,-0.0030568901500385662,
5,80.763,-0.008648266052607316,0.010399111748283564,-0.002931916375354741,
5,80.814,-0.007602417787509568,0.01015273284652329,-0.002616233259264625,
5,80.865,-0.00652176650736274,0.009982447800572846,-0.0022035983314331875,
5,80.916,-0.005907274030095856,0.009874645253394532,-0.0017619316024247895,
5,80.967,-0.005841951181906842,0.009815576104760347,-0.0015379595562259787,
5,81.018,-0.0059332530748988106,0.009792507425459557,-0.0014715987795939508,
5,81.069,-0.005716004578086197,0.00979438088941446,-0.0011099859127744632,
5,81.12,-0.005719986449407432,0.009812100533462945,-0.0005880622773867708,
5,81.171,-0.006468035847013192,0.00983855966913041,-0.00020608467231715511,
5,81.222,-0.007432367043329287,0.009868498337213058,5.545274744309174e-05,
5,81.273,-0.008257109184497641,0.009898263531899466,0.00021873546267217457,
5,81.324,-0.008725237623139702,0.009925526328012477,0.00030588530618775326,
5,81.375,-0.008927044936917114,0.009948994092149046,0.0003372061666683883,
5,81.426,-0.009343502218705096,0.009767309004303917,0.0003302049098480996,
5,81.478,-0.009663336476650448,0.009267810555808354,0.00029918813935576427,
5,81.528,-0.00929300704942712,0.008805442115046075,0.00045609432243640704,
5,81.579,-0.008710623581915938,0.008604864375178475,0.0009217540195331373,
5,81.63,-0.008239857465463254,0.008789133263916173,0.0013471915463813963,
5,81.681,-0.0076776619251915906,0.009406254827649738,0.0015118219973289625,
5,81.732,-0.0073028247531874,0.010251411608396158,0.0014959580948938,
5,81.783,-0.00707826212664917,0.011174924755957853,0.0013656082635134406,
5,81.834,-0.0067672845486176315,0.011873669215667666,0.0009714705031353982,
5,81.887,-0.006626700169704321,0.012171291714393106,0.00043981439967099944,
5,81.936,-0.006807525016659482,0.012187744980724403,0.00026433778216254156,
5,81.988,-0.0071799598789533065,0.012022548179555425,0.00033139407002605314,
5,82.038,-0.007846198792980714,0.011754120659198548,0.00034777869036716684,
5,82.089,-0.009049015420105163,0.01144104967039101,0.00033034872552708356,
5,82.14,-0.010298506909052686,0.0111244966008915,0.00029263193389488006,
5,82.193,-0.011075890103767225,0.01083114009764548,0.00024493407515427786,
5,82.242,-0.010885535067387663,0.010576227091425102,0.00019466657780711888,
5,82.293,-0.009286476884620741,0.01056728158115653,0.00014678920088827667,
5,82.344,-0.007314069963707789,0.010917639982182455,-9.654276880816763e-05,
5,82.395,-0.0058631664992156675,0.011269459340319908,-0.000646515798241561,
5,82.446,-0.005064119832946597,0.011393119162777602,-0.0011481386497244654,
5,82.497,-0.004747332712017343,0.0115613481500666,-0.001176787628522469,
5,82.549,-0.004564458442815233,0.012146314534053435,-0.0006989589593138907,
5,82.599,-0.004682993965878809,0.012951563713449002,-0.00013551935856973203,
5,82.65,-0.004985316753829471,0.013431735836643024,0.00023673023524680678,
5,82.701,-0.004979557839231414,0.01346401174507745,0.0004564557253640937,
5,82.752,-0.004575839228762736,0.013206435891813632,0.0005607083376158103,
5,82.803,-0.004150154324661098,0.012783655125462392,0.0005825272687530096,
5,82.854,-0.003945411702171607,0.012288883376744464,0.0005497244414386717,
5,82.906,-0.00389881843555214,0.01158685317271866,0.0002836913743778933,
5,82.956,-0.003756563844346013,0.010607460300861873,-0.00031138656395611133,
5,83.007,-0.003564384519317127,0.009729692131339979,-0.0008688596098300043,
5,83.059,-0.003958125286943992,0.009188448932723869,-0.000955763648911972,
5,83.109,-0.004896849903721431,0.008906516481860763,-0.0005330525737400477,
5,83.16,-0.0059088560961545475,0.008813541987804293,-0.00021912421671110757,
5,83.211,-0.006685729922940082,0.008849224932983108,-0.00040185008638221533,
5,83.262,-0.007048558625485908,0.008964555990168285,-0.0008884269064756152,
5,83.313,-0.0071166915648936966,0.009121704543362696,-0.0015307906003505756,
5,83.364,-0.006990347568437496,0.009293048524573586,-0.0020206314901353357,
5,83.415,-0.00715109245200312,0.009459732110128684,-0.0021724673746544975,
5,83.466,-0.0076838826929351775,0.009610036474232959,-0.0020953257268771586,
5,83.517,-0.008412483911330641,0.009737761529506754,-0.001877526042230985,
5,83.568,-0.009208137742812553,0.009840744714426752,-0.0015870117120449032,
5,83.62,-0.009380377276861035,0.009919586666942063,-0.001273199754081567,
5,83.671,-0.008737285183011664,0.009976611955907377,-0.0009696554277909902,
5,83.721,-0.008024608021316179,0.010015064055250836,-0.0006970810295452896,
5,83.772,-0.008328722471412689,0.010038515220592377,-0.00046626608741835577,
5,83.823,-0.009059693563275321,0.010251295256175758,-0.00028077580014331015,
5,83.875,-0.009403207413319414,0.010568408296929899,-0.00013925562696127236,
5,83.925,-0.009872296619768649,0.01052529337124567,-3.7304559572253084e-05,
5,83.976,-0.010183406558486955,0.010053775600847891,3.10787187327105e-05,
5,84.027,-0.009966536401060842,0.009345379662096526,-0.00012839387726940038,
5,84.078,-0.00942846732751495,0.008742803099790027,-0.00062202485858398,
5,84.129,-0.008928455442346604,0.008457334674489758,-0.0010894800928251866,
5,84.18,-0.008292185623741375,0.008398176707558382,-0.001301761518362287,
5,84.231,-0.007217973016127727,0.00848891566548408,-0.0013333335273287886,
5,84.282,-0.006350847656456091,0.008668501872065212,-0.0012464709852455687,
5,84.333,-0.006288698171043643,0.008890643616475454,-0.0010906282304334286,
5,84.384,-0.006546980228385109,0.009122233005085014,-0.0009030642981537615,
5,84.435,-0.005985854578398332,0.009341277277423874,-0.0007102235999908331,
5,84.487,-0.004743444045602814,0.009534679135362897,-0.0005294902008601606,
5,84.537,-0.004168065823216939,0.009696098550531928,-0.0005718744319252758,
5,84.588,-0.004669212890684163,0.009824038596343582,-0.0009547842818997755,
5,84.639,-0.0054188649182428045,0.009920228730283339,-0.001525330287329112,
5,84.69,-0.005464339218740909,0.010189162378558641,-0.0019695494380195526,
5,84.741,-0.004652867631635917,0.01074811463000131,-0.001895395692465245,
5,84.792,-0.003959481770526111,0.01124733453341391,-0.0016955733753788174,
5,84.843,-0.004200867080877306,0.011467307284634866,-0.00183287305650673,
5,84.895,-0.005223211657700543,0.011490513272591775,-0.0019745230353085705,
5,84.945,-0.006463463526118097,0.011385658376933006,-0.0019067501953467204,
5,84.996,-0.007543003188851008,0.01120709479340516,-0.0019109417909896538,
5,85.047,-0.008231913016890417,0.01099560266044206,-0.001960951162702782,
5,85.098,-0.008012448321042465,0.010779981646933666,-0.0016346610983096767,
5,85.149,-0.007428860241669774,0.010579034152087548,-0.001093242822372352,
5,85.2,-0.007261123688104935,0.01040364034899703,-0.0006581793973588588,
5,85.251,-0.0071727353526733284,0.010258725436877668,-0.0003262769707979028,
5,85.302,-0.006941504004349825,0.01014499972498414,-8.719988031912531e-05,
5,85.353,-0.0066372356848004715,0.010060413234810271,7.313764766818365e-05,
5,85.404,-0.00671223523026905,0.010001310354919926,0.00017009496739268536,
5,85.455,-0.0072252874867896185,0.00996329936665112,0.00021861437588081386,
5,85.507,-0.007777236603566571,0.009941869249805767,0.0002321703234266932,
5,85.557,-0.00810895864231215,0.00993279485583294,0.0002222134053209128,
5,85.609,-0.008071955670318945,0.009932373801213937,0.00019797634837014481,
5,85.659,-0.00820311023370636,0.00993753640387419,0.00016652774910724002,
5,85.711,-0.00863241044652052,0.010146699019614637,0.0001329803909525963,
5,85.761,-0.009017606002074621,0.010670728256052813,0.00010078196598485674,
5,85.812,-0.008941903563951645,0.011153766945429465,0.00027286894799026317,
5,85.863,-0.007974183960725599,0.011370878458438639,0.0007629840025288987,
5,85.914,-0.006512108042907919,0.011399995848337376,0.001417694211296912,
5,85.965,-0.005653764185507526,0.011507037473133117,0.0019245389818994098,
5,86.016,-0.0058540795144286254,0.011856290557148682,0.0018941661197753993,
5,86.067,-0.006315608205576207,0.012131995967985082,0.001320854204161559,
5,86.118,-0.006706756635016065,0.012137549439649927,0.0002445499670127499,
5,86.169,-0.007222177923409661,0.01196939442001148,-0.0010678859233717794,
5,86.221,-0.007775896224414506,0.01170333966722543,-0.002024665382394154,
5,86.271,-0.008108860609483775,0.011596703525093044,-0.0024756489799407353,
5,86.322,-0.007871828637890474,0.011801710860239704,-0.0025660105499747026,
5,86.373,-0.007087436569565969,0.01219012226984451,-0.0024178275702302246,
5,86.424,-0.006215840847588998,0.012664957731375456,-0.0021285577284005023,
5,86.475,-0.005760002541536667,0.012956242559265176,-0.001972873314135477,
5,86.526,-0.005808263618643034,0.012905573331588276,-0.0021162044429605983,
5,86.577,-0.005975118975413788,0.012639661778917866,-0.0022389617087798857,
5,86.629,-0.005802963576062406,0.01225706582573789,-0.0019369950684519246,
5,86.679,-0.005226379290488029,0.0120312030660303,-0.0011860554677281098,
5,86.73,-0.004436732928642707,0.012124839374145203,-0.00040832560202218597,
5,86.781,-0.0037747075583269424,0.012215031116350089,-7.755880276194934e-05,
5,86.832,-0.003448548552958539,0.012094934610350237,-0.000260857751447881,
5,86.884,-0.0031631657838363083,0.011849617181060765,-0.0005582948634237062,
5,86.934,-0.0027260270468166823,0.01154369631846928,-0.0007042068533257627,
5,86.985,-0.0022266762546080177,0.011223483032786554,-0.0007412163577978296,
5,87.037,-0.0019283738987790743,0.010919827121471225,-0.00070540798411043,
5,87.087,-0.001983811583531558,0.01065118403836334,-0.000625774362903464,
5,87.138,-0.002261667486227814,0.010426577515455454,-0.0005244305962976762,
5,87.189,-0.002659850528422239,0.01024825732779326,-0.00041730429019849345,
5,87.241,-0.003103218144212441,0.010113948030497134,-0.00031507517056907726,
5,87.292,-0.00353994770014578,0.01001865471629365,-0.00022419928813750063,
5,87.343,-0.003937335928882183,0.009956039604715356,-0.00014790519611606527,
5,87.393,-0.004277568964637094,0.009919412797354367,-8.709212636363127e-05,
5,87.444,-0.0045538133317290005,0.009902395987121377,-4.109315849780473e-05,
5,87.495,-0.004766826801318189,0.01010015675363243,-8.29049401079852e-06,
5,87.546,-0.004520507616737581,0.010821445953540376,1.3413549398036198e-05,
5,87.597,-0.003999382400842756,0.011619723605065097,2.6255914156062994e-05,
5,87.648,-0.003946374673885576,0.012001582199573441,3.238315605704467e-05,
5,87.699,-0.003997019457040922,0.012286527424040574,3.3711421029423907e-05,
5,87.75,-0.0039092398105622355,0.012486426473138435,3.185515064351548e-05,
5,87.801,-0.004141400397434561,0.012615722444141417,2.810559423455545e-05,
5,87.852,-0.004760938536952131,0.012890183885052234,0.00022427664641309984,
5,87.904,-0.005579152221920094,0.013034865329914809,0.0005329079885825737,
5,87.954,-0.006258223179715569,0.012883855757670494,0.0004872051751464541,
5,88.005,-0.006592668958629552,0.012555335418587181,1.7087415622449103e-05,
5,88.056,-0.006679221661657179,0.012139359452430257,-0.0006874633350586448,
5,88.107,-0.006399001025247262,0.011700710474914904,-0.001284935388409789,
5,88.158,-0.00570522718174708,0.011282758317771658,-0.0015649017002456536,
5,88.209,-0.004801953607682527,0.01111248929769011,-0.0016187445532735321,
5,88.262,-0.004037713808409702,0.011315584194054347,-0.0017240710510446088,
5,88.311,-0.0036248712191536752,0.011540987640652539,-0.002054789076965319,
5,88.362,-0.0036713965012151874,0.01156175761534314,-0.0023026609264348696,
5,88.413,-0.0044104678483741794,0.011449617074109866,-0.0024774868493513836,
5,88.464,-0.0055343325193870415,0.011060409151359304,-0.0025914202832441366,
5,88.515,-0.006613867384715139,0.010323936401657283,-0.002456313902791818,
5,88.566,-0.007377414831984624,0.009624741882560142,-0.002373172673328556,
5,88.617,-0.00807779850828096,0.009206458186149704,-0.0023300383961965924,
5,88.668,-0.008882241412931199,0.009202772911106752,-0.002115194109657148,
5,88.72,-0.009287131868732569,0.009666120677829756,-0.0020083161855102643,
5,88.77,-0.009403242494780775,0.010190944818241109,-0.002180102183269986,
5,88.821,-0.00912398250861941,0.010512202329554356,-0.0023159758963362644,
5,88.873,-0.00861358489377282,0.010677094342038531,-0.0024179020045789344,
5,88.923,-0.00839761612407847,0.010728454755088188,-0.0026907013427272257,
5,88.974,-0.007986161954795692,0.01070287554241916,-0.002850341918711411,
5,89.025,-0.007281552806155468,0.010630005849173391,-0.002723749812709357,
5,89.077,-0.0068471992643474545,0.01053266020822627,-0.0024237515180426175,
5,89.127,-0.006821901351149033,0.010427436992948368,-0.002036638799248811,
5,89.178,-0.006860150507823465,0.010325614428450326,-0.001624753215538478,
5,89.23,-0.006735249332673732,0.010234152635702343,-0.001230067711804971,
5,89.28,-0.006515745185113693,0.01015668318232739,-0.0008781199588368141,
5,89.331,-0.006454034459488836,0.009893577471096995,-0.0007826889652266964,
5,89.382,-0.006498482223965299,0.009331716197452336,-0.0010602753475338227,
5,89.433,-0.00640661060089403,0.008824217501412065,-0.0013539638667994737,
5,89.484,-0.006636358005800653,0.008593187111117005,-0.0014335528451496797,
5,89.535,-0.007254753520130914,0.008558029565074754,-0.0013694350954479902,
5,89.586,-0.007671063933208713,0.008651319696355781,-0.0010174679598645396,
5,89.637,-0.007723489443281498,0.008819495623807813,-0.00030832926087682685,
5,89.688,-0.007538325288401362,0.009022189517292308,0.0003720807470985237,
5,89.739,-0.007416491169766585,0.00923073845914041,0.0007785722175697356,
5,89.79,-0.007746728535138178,0.009426289086713256,0.0007758970898672491,
5,89.841,-0.008340373531162343,0.009798627622116196,0.0003101835817324876,
5,89.892,-0.008854432202717448,0.01065610542171961,-0.00021425426970183724,
5,89.943,-0.00947698560541891,0.011555010218497475,-0.0005333915050463848,
5,89.994,-0.01011911040053344,0.011805771182139494,-0.0006952214754472835,
5,90.045,-0.010320535918997278,0.011620699605109088,-0.0007431618277097174,
5,90.096,-0.010223137069275261,0.011371807253973182,-0.0007142076837312042,
5,90.147,-0.009941911138226168,0.011101977735500687,-0.0006382631229528751,
5,90.199,-0.009766212934191013,0.01063956281635018,-0.0005382820755929169,
5,90.251,-0.010274810512152755,0.009889946690079867,-0.0004309170142888218,
5,90.3,-0.010980591182409289,0.009217186542320246,-0.0003274412113845926,
5,90.351,-0.011354470416068145,0.008848596902167449,-0.00023477235984412423,
5,90.402,-0.011083781828291587,0.008704697566845514,-0.00015647897287012852,
5,90.453,-0.009818943061378184,0.008716463635936348,-9.369489105356805e-05,end
6,91.626,-0.0043497650848907925,0.014251163558684034,-0.001386655600587971,start
6,91.677,-0.0040543943561327095,0.013714865295981427,-0.0013448267178498337,
6,91.728,-0.0035392543489637775,0.012871647933653411,-0.0014107987688322262,
6,91.779,-0.002924547957391143,0.012100159760514408,-0.001540609351192721,
6,91.83,-0.0022953660047488047,0.01143665152922386,-0.0012992674290370773,
6,91.881,-0.002309945460321784,0.010895698313172669,-0.0008392741094505765,
6,91.932,-0.0035395656896202127,0.010476802589406278,-0.0004768348914428751,
6,91.983,-0.005248840882027399,0.010169839969862931,-0.0002060781437667825,
6,92.034,-0.00652593056167919,0.009959325188883941,-1.5872916421007493e-05,
6,92.085,-0.007222410706778087,0.009827578758722812,-9.344303062610554e-05,
6,92.136,-0.007691399028073766,0.0097569341783838,-0.0003365197961469909,
6,92.187,-0.008177643318312137,0.009530318831492565,-0.0002645499975953006,
6,92.238,-0.008435059407792994,0.009221876188997356,3.693816288501833e-06,
6,92.292,-0.008324203397416347,0.00928739906127496,0.00017543566184590912,
6,92.34,-0.008186894612140052,0.009788335268087638,0.0002714892045235938,
6,92.392,-0.008244484444757614,0.010528282546832081,0.00031128362409106765,
6,92.442,-0.008623280070723847,0.010960410106099454,0.00011096568937756895,
6,92.493,-0.009378485217807746,0.01075873540057899,-0.0006289237510972029,
6,92.544,-0.009912765634736306,0.010367605520698679,-0.0014545966706012718,
6,92.596,-0.009860767729192659,0.010087222746434718,-0.001666456825078893,
6,92.646,-0.009637770147226193,0.009900391917707028,-0.001467627758903979,
6,92.697,-0.009323015827612878,0.009989403196107426,-0.0012222088123251384,
6,92.748,-0.008773864831795335,0.010649842961285877,-0.0011674583836155396,
6,92.799,-0.007917664712332333,0.011623713852400455,-0.0016410591048830483,
6,92.85,-0.006531652373857054,0.012318702546450665,-0.002214639007513987,
6,92.902,-0.004917187323716983,0.01257816521081224,-0.0022037620855004728,
6,92.952,-0.003687566654031925,0.012537459052014354,-0.0018189166608770428,
6,93.003,-0.0032052135166071058,0.012508342879119744,-0.0012251419273133655,
6,93.054,-0.0034417043135397704,0.01268983262012867,-0.00034423638462125015,
6,93.105,-0.004120228648886476,0.01279098143304219,0.00044922109632128664,
6,93.156,-0.004826910009242015,0.012631644178166123,0.00112285244176287,
6,93.207,-0.005294046104862246,0.012318043896421335,0.0016655179726373637,
6,93.259,-0.005369189160961649,0.011930699381526159,0.0016789268646794715,
6,93.309,-0.0049860567207533745,0.011527175615244833,0.0011509853590143692,
6,93.36,-0.005143121564127371,0.011145691722450682,0.0003182593121708434,
6,93.411,-0.0062365261704406495,0.010808989058319498,-0.0004422113468371243,
6,93.462,-0.007240115779260425,0.010728889050470286,-0.0010952496607409567,
6,93.514,-0.008105480573335622,0.011020629917496612,-0.0018277589017749662,
6,93.564,-0.00881267691985342,0.011326581291964883,-0.0023515582850452675,
6,93.615,-0.008558285535678486,0.01141623480840224,-0.0024985890064028234,
6,93.666,-0.007707614522105572,0.011359963183533996,-0.0023921670800459757,
6,93.717,-0.007346190621436168,0.011214622739300623,-0.002131742150057022,
6,93.769,-0.007528414198042913,0.011023833571865668,-0.0019943016487492552,
6,93.82,-0.007643000958263962,0.010819222550283778,-0.0021476121268997794,
6,93.87,-0.0071025026241630365,0.01062218397306553,-0.0020734129201233123,
6,93.922,-0.005582783592856177,0.01044583078579286,-0.0014575933948887685,
6,93.972,-0.0037579578083831036,0.01029691126729075,-0.0007447094155974799,
6,94.023,-0.002486546878703751,0.010177549594968097,-0.00022767509329219883,
6,94.074,-0.0018730399149047032,0.010086733629152755,0.00012221559306065544,
6,94.125,-0.0017307658100378218,0.010021521057072961,0.0003368005211727388,
6,94.177,-0.0021029806511059105,0.010178801668284911,0.00044736854290567914,
6,94.227,-0.002775262462076626,0.010666977384405927,0.00048234284974766944,
6,94.278,-0.003184318648942859,0.011127322683888262,0.0004660254041182136,
6,94.329,-0.0033916937771849734,0.011332004115471405,0.0004181227510541301,
6,94.38,-0.004055562253170122,0.011356272364092894,0.0003538110625939072,
6,94.431,-0.005159706242326363,0.01126288278790139,0.00028414179464192254,
6,94.483,-0.006256688243902848,0.011101535492795729,0.00021663320835011362,
6,94.533,-0.007461786187151538,0.010708731341341093,0.00015593357703319718,
6,94.584,-0.008639414765740467,0.009998203640906174,0.00010447709100339464,
6,94.635,-0.009303155532800516,0.009341816259503087,-0.00013775126754379525,
6,94.686,-0.00918232565640431,0.008973715381553919,-0.0006837060728913571,
6,94.737,-0.008367183217785483,0.008820078313981601,-0.0011797642066516522,
6,94.788,-0.007373059219461343,0.008816330138621235,-0.0014031373103377547,
6,94.839,-0.007147341167802702,0.008909014538722592,-0.001433679115786339,
6,94.89,-0.008035075131400502,0.00925693411629995,-0.0011372610869072827,
6,94.942,-0.009163941203393288,0.00994143323890632,-0.0006549591519343517,
6,94.992,-0.009955104692708572,0.010585976330322905,-0.0004938525834617427,
6,95.044,-0.010265291553267612,0.010952281525931909,-0.0005516874057488019,
6,95.094,-0.010442918584390917,0.01111071185451288,-0.0007452945542307074,
6,95.145,-0.010722092426262536,0.011323927716222624,-0.0012112600160302167,
6,95.196,-0.010240631847534886,0.011956819306772812,-0.0016136366264981581,
6,95.247,-0.00931001460848575,0.01280802819879811,-0.0017420724674691089,
6,95.298,-0.008768590726285688,0.01353004101486673,-0.0016844982788034263,
6,95.349,-0.00852027105710824,0.013910358283958816,-0.0015122514054482993,
6,95.4,-0.008279048948893381,0.013438475418541507,-0.0010794625614518284,
6,95.452,-0.007660089768159908,0.012257107014840278,-0.0003135084944782447,
6,95.502,-0.007250258780253464,0.011117279695285446,0.00040375620290718965,
6,95.554,-0.007609976589592842,0.010296494744537374,0.0006305062304404064,
6,95.604,-0.008434348326596494,0.009746264604590951,0.00012278099396130282,
6,95.655,-0.00928966828330981,0.009413757100861004,-0.0008152137566357955,
6,95.706,-0.009694458803589684,0.009046764168097335,-0.0015521428447133148,
6,95.757,-0.009576949697247816,0.008486302109652902,-0.00190008444015818,
6,95.808,-0.009133902835404356,0.00804761584314701,-0.0019705969558926817,
6,95.859,-0.008316829666085943,0.007923105510374139,-0.0018575153901316543,
6,95.91,-0.007325512465803001,0.008010094742040008,-0.0016357697115202121,
6,95.961,-0.006703746842441324,0.008225741398498387,-0.0013621457351038467,
6,96.012,-0.006368942276566627,0.008506579049692554,-0.001077230693980497,
6,96.063,-0.006044242980587831,0.008806666384775511,-0.0008079623228435057,
6,96.114,-0.00555127527799548,0.009094992479621021,-0.0007711938837395526,
6,96.165,-0.004588322865060855,0.009352613251492847,-0.0010873270253003802,
6,96.216,-0.003602135992246407,0.0095698455486952,-0.0016043980686077954,
6,96.267,-0.0032827724357038703,0.009743723613000218,-0.0022088028371128002,
6,96.318,-0.003617566274522803,0.010076661802081194,-0.002820665296939022,
6,96.369,-0.0047466771280581825,0.010685701025026572,-0.003388157728741635,
6,96.42,-0.006495352692193082,0.011422891841270747,-0.0036807710873342763,
6,96.471,-0.008099242562682048,0.012183051788368787,-0.003572750029703402,
6,96.522,-0.009280594223845293,0.012696043086806321,-0.0032164591785849165,
6,96.573,-0.01009604828548528,0.0128084683695126,-0.002729562191200704,
6,96.624,-0.010410491455174392,0.012855792165373157,-0.0021980148782017135,
6,96.675,-0.010177516554580967,0.013259228649430991,-0.0016805320462014448,
6,96.726,-0.009411336257392834,0.013858649104220864,-0.0010128070226326346,
6,96.777,-0.008364733774984194,0.014133943348309289,-0.0003023646013990171,
6,96.828,-0.007423192949439525,0.013978409753230458,-2.3264922187315768e-05,
6,96.879,-0.006223003502203387,0.013559058613053626,-4.3228617547187866e-05,
6,96.93,-0.004953344737289564,0.013004195613553383,-5.255965975541187e-05,
6,96.981,-0.004343628770031962,0.012406995940479101,-0.0002551554942262547,
6,97.032,-0.004206148725724273,0.011830618694088581,-0.0007662604312873585,
6,97.083,-0.004382582164877005,0.011113064667204287,-0.0012333356709866871,
6,97.134,-0.004545337334796951,0.010161776638706141,-0.0012329833141391147,
6,97.185,-0.0038829106168381637,0.009337836865351458,-0.0007320401997190401,
6,97.236,-0.0027444672576561768,0.009063429337270907,-0.0001511185834096446,
6,97.287,-0.0019946859570374345,0.009364342922351313,0.0002335962677179183,
6,97.338,-0.0017552398489191034,0.009809232502462746,0.0002607344766039976,
6,97.389,-0.001862333536324886,0.010109888132496239,-0.00014447340590633822,
6,97.44,-0.0025847451591772784,0.010293886389099524,-0.0005935817113290081,
6,97.492,-0.0038445917151265514,0.010388285042825424,-0.000833933539762861,
6,97.542,-0.005147081500629493,0.010618469138392496,-0.0011219244417047154,
6,97.593,-0.006573120728612909,0.011118081606218973,-0.001819000741745328,
6,97.644,-0.007963839913059344,0.011348689464378954,-0.0027224460384140162,
6,97.696,-0.00861768427921914,0.010986577963430905,-0.0034848358641943462,
6,97.746,-0.008545573609962054,0.010273414660476604,-0.004095514132474667,
6,97.797,-0.00841533077319102,0.009392394621648563,-0.004359000404753164,
6,97.848,-0.00845910129502838,0.008675328452773403,-0.004177814136243222,
6,97.899,-0.008610959314487812,0.008522686069860234,-0.0037259917700294518,
6,97.95,-0.008619106480675197,0.008744300041296608,-0.003136892981302467,
6,98.001,-0.008534429980013577,0.008786473572328682,-0.002707909748809457,
6,98.053,-0.008597856889962258,0.008710174755154327,-0.002416078582890345,
6,98.103,-0.008751174846820994,0.008764856519032319,-0.001833986602484685,
6,98.154,-0.008548160691288267,0.008899150104609274,-0.0011124968664081676,
6,98.205,-0.007932087561772957,0.009073714585792142,-0.0007612312450964013,
6,98.256,-0.007703090678409149,0.009059249843008215,-0.0008764614683888965,
6,98.307,-0.008142409164631022,0.008523045608279621,-0.001080789020679969,
6,98.36,-0.008774227110370427,0.007695298090579472,-0.0011250112866089787,
6,98.409,-0.009277915101807286,0.006947898319548639,-0.001263830908789725,
6,98.46,-0.00945813009408953,0.006312070910720513,-0.0016530024856618477,
6,98.511,-0.00881390691963691,0.0059997124807868825,-0.0019706405179067965,
6,98.562,-0.008094349048269625,0.006120737867764937,-0.002016049782765597,
6,98.613,-0.00818761435083657,0.00650999224393164,-0.001682383169851019,
6,98.664,-0.008593859065869316,0.0070400055431300065,-0.0009315665982987946,
6,98.715,-0.008967364908343118,0.007617716990743279,-0.0001743596095283833,
6,98.766,-0.009089034951405776,0.008179610158432762,0.00012444951281651012,
6,98.818,-0.008838581885723867,0.008686219424384734,-9.557356850691453e-05,
6,98.868,-0.008369586853800938,0.009116674598582212,-0.00042984161010556734,
6,98.919,-0.007998939246036944,0.00946370827441391,-0.0008105279235886282,
6,98.971,-0.008122809626914407,0.009729361027262368,-0.0013912364731849518,
6,99.021,-0.008353055288195129,0.009921479194592603,-0.0018527456075648938,
6,99.072,-0.008030527501107151,0.010051002324856222,-0.0019998977313902344,
6,99.123,-0.0071785537308792285,0.010330808645968088,-0.0019336152634118666,
6,99.174,-0.00605546096776053,0.010885355167780523,-0.0017357708918451329,
6,99.225,-0.005250374862935871,0.011370724442156711,-0.001469442614418205,
6,99.276,-0.004914751827378194,0.011571901732565231,-0.001180587151258259,
6,99.327,-0.004907181413815622,0.011574650788686492,-0.0009004886023277765,
6,99.378,-0.00571311717839196,0.01144991675035741,-0.00044767394437359023,
6,99.429,-0.006976052771211984,0.01125344155048652,0.00028036994215826984,
6,99.48,-0.007828128951063168,0.011026738579371989,0.0009256125760346715,
6,99.531,-0.008147415929205214,0.01079886081525184,0.0010642486131081602,
6,99.582,-0.008099348304962969,0.01058853580559376,0.0006660009616381989,
6,99.633,-0.008020372335788986,0.010406364418232112,0.0001562483990832299,
6,99.684,-0.008329584976377282,0.010256883858103066,-0.00018323416581062868,
6,99.735,-0.008862922856901,0.010140377901235283,-0.0003862419960057187,
6,99.786,-0.0090954916149954,0.010054379583774685,-0.00048541322333093444,
6,99.837,-0.009116478580269037,0.009994855930360263,-0.0005100219176515888,
6,99.888,-0.009200914937351515,0.00995709358461637,-0.0004848329151319013,
6,99.939,-0.009319261594554621,0.010137155122635771,-0.0006305632585772516,
6,99.99,-0.009249015822534325,0.010643287032406157,-0.00107503962003834,
6,100.044,-0.008862625436398769,0.011117051692301401,-0.0016754108746349,
6,100.092,-0.008505348948894917,0.011331164755640097,-0.0025283693128400997,
6,100.143,-0.008396279617923623,0.011361549424475733,-0.003474803825244113,
6,100.194,-0.008254326589892228,0.01127165869926489,-0.004204325344784224,
6,100.245,-0.007701019819109698,0.01111185039827282,-0.0047361243932708685,
6,100.296,-0.006526672430030882,0.011120871962274397,-0.005098392572049004,
6,100.347,-0.005048359076868513,0.011438281742030591,-0.005523663265366734,
6,100.398,-0.004096355682010401,0.01172714449607573,-0.005955177251095343,
6,100.449,-0.003960047028479184,0.011773659570482506,-0.0059543630582441585,
6,100.5,-0.004357835597957169,0.011661007870834307,-0.005475506274403767,
6,100.551,-0.005066212509852014,0.011455324016900149,-0.004728524362946502,
6,100.602,-0.0059168793629433385,0.01120649714384274,-0.003869587631690873,
6,100.653,-0.006589633419493071,0.010949989553329438,-0.003007849866045947,
6,100.705,-0.0066925708564465275,0.010709162065703505,-0.002213542030959028,
6,100.755,-0.006020118896020611,0.010497737542068895,-0.0015262899840368725,
6,100.807,-0.005105223802816434,0.010121321462961033,-0.0009629076678845129,
6,100.857,-0.004911668746520766,0.00946849294722566,-0.0003233941904688254,
6,100.908,-0.005397128835810533,0.008891664520692124,0.0005144054481586015,
6,100.959,-0.006279077643325735,0.008610751148534419,0.0012112392199641203,
6,101.01,-0.007143631443214186,0.008743023751056827,0.001560851591121045,
6,101.061,-0.007124241705585897,0.009330501553463903,0.0014588537550605189,
6,101.112,-0.006740324721013249,0.009961898129440294,0.0008745752016699219,
6,101.163,-0.006956793629107325,0.010570739805389669,0.00022875594320257917,
6,101.214,-0.007942598567317336,0.011317039157362822,-0.00020381798845193924,
6,101.265,-0.00954345888357111,0.011890710734805488,-0.00046487654015960186,
6,101.316,-0.010807682293803236,0.012106748543885144,-0.0005949617018273872,
6,101.368,-0.011151942696055,0.011875228664739994,-0.0006305966869234695,
6,101.418,-0.010878527778151677,0.011375265767355393,-0.0006027932242752422,
6,101.469,-0.010230930210634539,0.0111449675891732,-0.0007373706196535908,
6,101.52,-0.00919454012437877,0.011106119943416152,-0.0011661138156082522,
6,101.571,-0.007590386850838084,0.010992346501333992,-0.0015482446192142509,
6,101.622,-0.006353465937260262,0.010839659099053869,-0.0018697826028062318,
6,101.673,-0.006053937169021073,0.01067428007621704,-0.002327462684260061,
6,101.724,-0.0057771675110297425,0.010714880388146972,-0.002634857028380677,
6,101.775,-0.005336394652632671,0.011085157955253715,-0.0026203376761310287,
6,101.826,-0.004825846899192899,0.011637128858068974,-0.0024005248694284565,
6,101.877,-0.004512396633823068,0.012261287327507513,-0.002267538769412276,
6,101.928,-0.004752203001920886,0.012680768937339484,-0.0024017560007623326,
6,101.979,-0.0053275768870131935,0.012734448662744998,-0.00249572870912724,
6,102.03,-0.0060719457389704365,0.012549208508754428,-0.002355507722114511,
6,102.081,-0.0064632347344923905,0.012225617705559707,-0.0020763506857357553,
6,102.132,-0.0065966418212791466,0.011839290670281747,-0.0019313461072922341,
6,102.183,-0.00715643986301652,0.011443762644372564,-0.001884029133909141,
6,102.234,-0.0077439002290258276,0.01107410768471129,-0.0015014980812918664,
6,102.285,-0.008101075488470876,0.010549908462990275,-0.0009347070072567014,
6,102.336,-0.00848269757104759,0.009767869123850352,-0.0004961064300782857,
6,102.387,-0.008648507982431252,0.009084121212207147,-0.00017495532813590177,
6,102.438,-0.008662587122139796,0.008719174151462132,4.507019229316677e-05,
6,102.489,-0.008779055806991799,0.00858800796770484,0.00018256325364077378,
6,102.54,-0.008951835851403913,0.008617314542644309,0.0002560787017624665,
6,102.591,-0.008946017598061386,0.00874718626955851,0.0004834899144056006,
6,102.642,-0.008625288796552638,0.008931122565894404,0.0009921673378995674,
6,102.693,-0.008329190541339734,0.008934123361821844,0.0014395378040830645,
6,102.744,-0.008072675722886329,0.008620006176304618,0.0018116501404418833,
6,102.795,-0.008062988181608893,0.008328572662351234,0.002306436142800234,
6,102.846,-0.008614049239198623,0.008275932874879778,0.0026393175612387625,
6,102.897,-0.008877977663537996,0.008581506203188163,0.002841619708897606,
6,102.948,-0.008735717192158446,0.009293105956460093,0.0029439230084600332,
6,102.999,-0.008545208779617982,0.010007112454310841,0.002572206203453466,
6,103.05,-0.008138227020532175,0.010263636596168467,0.0017255035175944848,
6,103.101,-0.008026771312758012,0.010005312597265704,0.0006421864647524031,
6,103.152,-0.00831463897106455,0.009638375668278196,-0.0003050233110620086,
6,103.203,-0.00863465422308362,0.00943209063910547,-0.0010888478346391956,
6,103.254,-0.008748745794963273,0.009546245199218137,-0.0017049176376173383,
6,103.306,-0.008520768871237507,0.010057577407369378,-0.001762239360973516,
6,103.356,-0.008091719967331722,0.010581729368685905,-0.0014566022915777058,
6,103.407,-0.007769013879247571,0.010871162700969121,-0.0011435675818196056,
6,103.458,-0.007942102328283384,0.010986807697836215,-0.0010517692017207008,
6,103.509,-0.00841926457187391,0.0109817031154967,-0.0013100692192679585,
6,103.56,-0.008852279260557117,0.011100399329228043,-0.0015713215922643832,
6,103.611,-0.009021360622206931,0.011489793751768475,-0.0016126464996812921,
6,103.662,-0.00860591773615057,0.011820685829089754,-0.0017104344715395453,
6,103.713,-0.007447295978918574,0.011886641975478065,-0.0022382467815584743,
6,103.764,-0.005704277751168644,0.011777382569479312,-0.0029994548719733346,
6,103.815,-0.004328979604154905,0.011564525585833518,-0.0036483675680782112,
6,103.866,-0.003902502725207347,0.011503159330528685,-0.003972296381102958,
6,103.918,-0.004118814190134112,0.011744715306243271,-0.0036601066465110927,
6,103.968,-0.004730001899146731,0.011960312237233895,-0.0029650205852791794,
6,104.019,-0.005143677958608169,0.011941106991403763,-0.002281035701547425,
6,104.07,-0.005196613932094252,0.011772853832221404,-0.0016591174489211653,
6,104.121,-0.0054156034778571754,0.011522524923379096,-0.0011269665720906603,
6,104.172,-0.005924333204832725,0.011239666394205433,-0.0006951376621729642,
6,104.223,-0.006578020222345144,0.010958667947977225,-0.00016150705582993347,
6,104.274,-0.00747299653538903,0.010701436046881304,0.0005953794865607121,
6,104.325,-0.008450827563374168,0.010480111185278236,0.0012338145947880111,
6,104.376,-0.00839907676003142,0.010500428806739208,0.0017449929908593012,
6,104.427,-0.007289492075533282,0.010674092021496565,0.0023343240241159914,
6,104.478,-0.005992268095003863,0.010530485389776571,0.0027256017134757666,
6,104.529,-0.004478078201401166,0.00999410001632604,0.0027575912389775706,
6,104.58,-0.0031472106580523974,0.009248895086903526,0.0025565809186436734,
6,104.631,-0.0024424976948460068,0.008630461961795373,0.002222283643797654,
6,104.682,-0.002597649278191592,0.00834384865812294,0.0016285241775415723,
6,104.733,-0.003693479758408899,0.008293073146299172,0.000916056989428989,
6,104.784,-0.0051037505837886275,0.00839763153767231,0.0005863586885741363,
6,104.835,-0.006401562614400941,0.008593414029186258,0.0005286356082904804,
6,104.886,-0.0073221576346012875,0.008831975352240845,0.00044914769328291,
6,104.937,-0.007726035704041227,0.009078808487658777,0.00016125275182761185,
6,104.988,-0.007766071638722845,0.009311117802290629,-0.00043801041481071623,
6,105.04,-0.00736870697977729,0.009515450030563965,-0.0011888291865933766,
6,105.09,-0.006722736456193264,0.009685424396123044,-0.0019765325073718663,
6,105.142,-0.006170048883270707,0.009819708664305692,-0.0025237791997479286,
6,105.192,-0.005721587780508634,0.009719481857810689,-0.0026720127865126697,
6,105.243,-0.005576832573404809,0.00907523526797211,-0.002351596931398791,
6,105.294,-0.006040155607849133,0.0083346689681034,-0.001555518495287414,
6,105.345,-0.0066554165586273275,0.008395154751529247,-0.0007191585238998149,
6,105.396,-0.006716196116441725,0.009165371143882472,-0.0001249852757442048,
6,105.447,-0.006215641892098707,0.009927232893108864,0.0002661291507647123,
6,105.5,-0.005194452981452013,0.010421699731397416,0.0004955919136743048,
6,105.549,-0.004122223510430997,0.010704950199196305,0.00040211193965924524,
6,105.6,-0.0037058959701778715,0.010829982232154556,-9.181194106476173e-05,
6,105.651,-0.003743677174779066,0.010843496372478155,-0.0006020488661903226,
6,105.703,-0.0038688329707220084,0.010784402703157964,-0.0010817590886665984,
6,105.753,-0.004240806052441637,0.010683489102501687,-0.0017041878360375213,
6,105.805,-0.004741193894492449,0.010764694619133187,-0.001966480161290211,
6,105.855,-0.0048820755414835625,0.011357846302725749,-0.0015750602764116515,
6,105.906,-0.004379402515576448,0.012231685519514993,-0.0009966588303089898,
6,105.957,-0.003504366174936166,0.012813678276408797,-0.0007464687743508631,
6,106.01,-0.0028624760598039735,0.01296090770856021,-0.0011285435429715194,
6,106.059,-0.0026225135459728354,0.012817473563666236,-0.0018854289402911934,
6,106.11,-0.00286043859261394,0.012499144448042078,-0.0024202291750247424,
6,106.161,-0.00398824518535453,0.01209421865393683,-0.0025687987390398846,
6,106.212,-0.005797011723666232,0.011666283037894637,-0.0024577235608814465,
6,106.263,-0.007495541180704429,0.011257967586822433,-0.002189047881613686,
6,106.314,-0.00898692116408777,0.010895036952608276,-0.0018408785261006082,
6,106.366,-0.010225637796329014,0.010590369414895981,-0.0014696954288418455,
6,106.416,-0.010801130692597194,0.01034754400187885,-0.0011135708562520442,
6,106.469,-0.010905032688861328,0.010163888136803323,-0.0007957128115304368,
6,106.518,-0.010898965984620729,0.01003293446381161,-0.0005279317005518958,
6,106.571,-0.010220357077603026,0.009946301384718527,-0.000313779291822568,
6,106.62,-0.008361592574876222,0.009694219266237364,-0.00015122533820867385,
6,106.671,-0.005895254453718315,0.009155443125583031,-3.482265504179996e-05,
6,106.722,-0.0038398785051914123,0.008676910741258278,-0.00015820384635632697,
6,106.773,-0.002614856555633721,0.008677125257232923,-0.0006262928117373443,
6,106.824,-0.0022216273306378937,0.009185201256886039,-0.0010770237753209102,
6,106.875,-0.002594292769631511,0.009777345840432682,-0.0010787460676188183,
6,106.927,-0.0032273947687449026,0.010175005259366708,-0.0005915239446410655,
6,106.977,-0.003976668880707024,0.01041598596092504,-3.069046457065711e-05,
6,107.028,-0.004941092027972847,0.01053712171202032,0.0003314664217439069,
6,107.079,-0.005765192233799682,0.010772497121161233,0.000537108452519315,
6,107.13,-0.0062322596268871,0.011263065444792582,0.000625849503648111,
6,107.181,-0.006231988679950971,0.011877893084722924,0.0006324870557986285,
6,107.232,-0.005530344024668714,0.012523023395272797,0.0005859341850543581,
6,107.283,-0.004636071462860477,0.012934929163136339,0.00030817365241935353,
6,107.334,-0.0038909303636624607,0.012963332539737077,-0.0002963924601572035,
6,107.385,-0.0028996274104665077,0.012743494326270541,-0.0008611552894465204,
6,107.436,-0.002231750283257767,0.012181272696386518,-0.0013550208683490426,
6,107.487,-0.002427456655910633,0.011444628145862008,-0.0019645761104713335,
6,107.538,-0.002960468208297828,0.011056961705392722,-0.0023985277573583793,
6,107.589,-0.003466158637434147,0.011125089155561575,-0.0024841612744642546,
6,107.64,-0.0035120354478651618,0.011480067804581643,-0.0023395211863872964,
6,107.692,-0.0034601582993426033,0.01178966859163344,-0.0020588142065086253,
6,107.742,-0.003952254936773121,0.01204529491397681,-0.0017133906798675292,
6,107.793,-0.004552864516195783,0.012245769282845771,-0.0013542101642626267,
6,107.844,-0.004973986335242496,0.012193933405739928,-0.001215894452662599,
6,107.895,-0.004844495918069439,0.012185275775429608,-0.0014311757584533416,
6,107.946,-0.004573105565506225,0.012205006077529992,-0.0016551091069047646,
6,107.998,-0.005035843820343224,0.011839690708980933,-0.0016657684593859709,
6,108.048,-0.0059322432205386605,0.011055939100067518,-0.0015387879038337648,
6,108.099,-0.006432260028996539,0.010267617900752897,-0.0015345662248751467,
6,108.15,-0.006236220859890028,0.009740528214559696,-0.0018102489379594401,
6,108.201,-0.006212014591117052,0.009423322700507795,-0.0022433022165631003,
6,108.252,-0.006902459157567073,0.009266208940263407,-0.0027424966801956846,
6,108.303,-0.007594113022557902,0.009224391764882421,-0.0030431752193303525,
6,108.354,-0.007829312212085585,0.009059045894374408,-0.0029915470612422324,
6,108.405,-0.007752869128236649,0.0086269238558581,-0.002718113929711459,
6,108.456,-0.007482694730625039,0.00825925202678618,-0.002324391667466022,
6,108.507,-0.007109974501735122,0.00816328544531532,-0.0018851508587189013,
6,108.558,-0.0067014282526733655,0.008249286770042217,-0.001452002395093934,
6,108.609,-0.006503558520793208,0.008445084707112175,-0.0010575575821376638,
6,108.661,-0.006456702057877845,0.008695571744194287,-0.0009204561882023485,
6,108.711,-0.006309628673533142,0.008961011228744912,-0.0011602498771622902,
6,108.762,-0.005909262271018467,0.009214716815663567,-0.0014216686943198324,
6,108.813,-0.005177775165364448,0.009440515801097471,-0.0014751224863841306,
6,108.864,-0.004493519834904845,0.00942944397483107,-0.0013909034615554145,
6,108.915,-0.003894525275874893,0.009066510471655107,-0.0012251533697160326,
6,108.966,-0.0033983321505372094,0.008707899301330927,-0.0012212621370388459,
6,109.017,-0.0032087654501611177,0.00878253605402958,-0.0013214919288269808,
6,109.068,-0.0032310826284130526,0.009329874855405393,-0.0010787807823202308,
6,109.119,-0.0035883326975580058,0.009935578566159118,-0.000635621764302368,
6,109.17,-0.004332527012119463,0.010329222769482184,-0.00030033934948031876,
6,109.221,-0.005265104907740736,0.010555239479804584,-6.117815725482104e-05,
6,109.272,-0.006042752035997943,0.010655591334802175,9.71228944094559e-05,
6,109.323,-0.00645772933644466,0.010667286229601567,-9.986356643960237e-06,
6,109.374,-0.0066067712217151645,0.010621181355228368,-0.00047954611222694607,
6,109.425,-0.006573281968773362,0.010541710274182272,-0.0009430090398151398,
6,109.476,-0.006626250052875022,0.010447223912257097,-0.0011644965201486356,
6,109.527,-0.006931246229122983,0.01035069789343526,-0.0012129998190714298,
6,109.578,-0.007172545955447476,0.010260618006815467,-0.0011466630092534951,
6,109.629,-0.006751108456261134,0.01018190878616985,-0.0012128360403138572,
6,109.68,-0.005737645295957808,0.010116815143841508,-0.0017603458642203938,
6,109.731,-0.005028401538790826,0.01026651672690975,-0.0025725784207684716,
6,109.783,-0.004972912681613794,0.010742785167322423,-0.0030876745443455425,
6,109.833,-0.005542001802713803,0.01118940381554744,-0.003370822304621694,
6,109.884,-0.006465948071388006,0.01158112810162943,-0.003683297041073725,
6,109.935,-0.0069407577478214095,0.012107010891611357,-0.003989478501355747,
6,109.986,-0.006888536219160185,0.012475856803510361,-0.004066193486861288,
6,110.037,-0.006904164863993114,0.012513522547334881,-0.0035879097041594185,
6,110.088,-0.0071628874744462945,0.012335759561380765,-0.002792098800053415,
6,110.139,-0.007556734690580701,0.012034111344364143,-0.001856571633488464,
6,110.19,-0.007804771514283775,0.011878075245161629,-0.0007057577077871995,
6,110.241,-0.007738533306078866,0.012028796277407114,0.00028984818930248134,
6,110.292,-0.007476055467385471,0.012364148525361692,0.0009050970541245823,
6,110.344,-0.007108804793398374,0.012790974280330927,0.00142781193547222,
6,110.394,-0.006904694074148663,0.01304134466339635,0.0020500221636461985,
6,110.445,-0.0068216103365494815,0.012957598346932416,0.002485225928013872,
6,110.496,-0.006822821844076912,0.012666293402887415,0.0027655313840137985,
6,110.547,-0.00727966622340723,0.012265271948533852,0.0033256419752138223,
6,110.598,-0.007791197899511618,0.011826099083411082,0.003819376741550895,
6,110.649,-0.00789504293563453,0.011196904373454872,0.003628376880379506,
6,110.7,-0.007729075286869861,0.010295550594892563,0.003013565092832766,
6,110.751,-0.0076042292691551085,0.009292056048833616,0.0023771644896301183,
6,110.802,-0.007716619641255771,0.008504501211325208,0.0017780421301393263,
6,110.853,-0.007972133229132594,0.008320373956121794,0.0012509578030426027,
6,110.904,-0.008499746476053501,0.008538047488842383,0.0006115840320753427,
6,110.955,-0.009159486258949539,0.008795096450723539,-0.0002492772933700119,
6,111.006,-0.009650132762320712,0.008855915615938945,-0.0009822003761023464,
6,111.057,-0.009792082042791285,0.008585163029494613,-0.0015741918212904553,
6,111.109,-0.009297323234588862,0.008324340538473049,-0.0024299071328444345,
6,111.159,-0.008835623713751515,0.008291673158804266,-0.0033860195780313265,
6,111.21,-0.009034717705670377,0.008407957694428935,-0.003928046744977312,
6,111.261,-0.00923995141236429,0.00861043123067002,-0.003960123107236346,
6,111.312,-0.009231802044699776,0.008851916814838453,-0.0036625649313388386,
6,111.363,-0.008886620125377614,0.009299857118528616,-0.003177499015890417,
6,111.414,-0.007750510552435632,0.01004505653428558,-0.0026111417476940776,
6,111.465,-0.006399239583492005,0.010720205433986564,-0.0020381455856106215,
6,111.516,-0.005621027764600851,0.011095356623179327,-0.0015069223242817104,
6,111.567,-0.005674532074058758,0.01124796662542627,-0.0012459988365568892,
6,111.618,-0.006457994270878313,0.01124558980528883,-0.001380227067164841,
6,111.669,-0.00744584419501453,0.01134483654206943,-0.001556269785952146,
6,111.72,-0.00808375378654513,0.011702120525041127,-0.0015441545142989644,
6,111.771,-0.008044315810152015,0.01199536157773048,-0.0014123370877970386,
6,111.822,-0.007774461774101649,0.01182230421825893,-0.0014151715060728653,
6,111.873,-0.007579342008458963,0.011163254296167454,-0.0017049710491077227,
6,111.924,-0.007246994172774563,0.010446289714238978,-0.001954701859981111,
6,111.975,-0.007255000866902561,0.009950611378971916,-0.0019578391315429444,
6,112.026,-0.008083152223676402,0.00963667487518985,-0.0018025712295056515,
6,112.077,-0.009169942699863395,0.009464518380837708,-0.0015581831338922958,
6,112.128,-0.009531971508819554,0.009397122640840574,-0.00107543655126981,
6,112.179,-0.009400090280111883,0.009402329504912425,-0.0002777654351275565,
6,112.231,-0.009162867220437331,0.009453681875352513,0.00045696967681555883,
6,112.281,-0.008676306309519079,0.009530504423563764,0.0008914832146401863,
6,112.332,-0.00826975296242473,0.00961749088818595,0.0010985432072549359,
6,112.383,-0.007947172427409277,0.009704008072358392,0.0011430916727110654,
6,112.434,-0.007302694684525876,0.009783274057843327,0.0010798343878036102,
6,112.485,-0.0063027071450711195,0.009851521764844062,0.0009525173957986037,
6,112.536,-0.005355878967691008,0.009706386651755636,0.0005935097712488427,
6,112.587,-0.0047200402702330235,0.009235223689295288,-8.608632702245109e-05,
6,112.638,-0.0043347342780465,0.0087936460718944,-0.000715864372846088,
6,112.689,-0.004341894441742314,0.008607350175554416,-0.0010622656275929127,
6,112.74,-0.004399354521766683,0.008599745398012056,-0.0011990951294088797,
6,112.791,-0.004283624907680511,0.008908189018099564,-0.001391357133171578,
6,112.842,-0.004467784088770241,0.009595386075837061,-0.0018045594405356072,end
7,114.321,-0.007160248762937391,0.008077594096346162,-0.0013624749728310469,start
7,114.372,-0.007214288138677259,0.008542613785189591,-0.0011202463370158764,
7,114.423,-0.007472732254093709,0.009158765413979605,-0.0008748993620411979,
7,114.474,-0.00784150995309668,0.009621514495645975,-0.000647262007404343,
7,114.525,-0.008251425076268248,0.009948704381886215,-0.00044926964184653466,
7,114.576,-0.008453960192984148,0.010162668873264958,-0.00028619554785595417,
7,114.627,-0.008306387820800822,0.010286827575109628,-0.00015861664761598844,
7,114.678,-0.007946128471717448,0.010343415097321647,-6.405149924882774e-05,
7,114.729,-0.00747840288369668,0.010352119867968072,1.7434828004924427e-06,
7,114.78,-0.006778494018273868,0.010329415677887296,4.380113572454488e-05,
7,114.831,-0.005584232841917458,0.010288391208732268,6.72561792309424e-05,
7,114.882,-0.0039680235300950046,0.010238912638059799,7.6896185723189e-05,
7,114.933,-0.002813533789287671,0.01018798680126586,7.69014818803871e-05,
7,114.984,-0.002650413730447561,0.010341057462549038,7.072711628681837e-05,
7,115.035,-0.0029353804853688207,0.010813498551083617,6.108542329009075e-05,
7,115.086,-0.003284002385786213,0.0112519818703495,4.999450511084276e-05,
7,115.137,-0.003444609951751625,0.011633461438887398,3.8865095988739955e-05,
7,115.188,-0.0032708984176586316,0.012148569645342068,2.8605064608887347e-05,
7,115.239,-0.003499226630435135,0.012507166702949667,1.9726833824787357e-05,
7,115.29,-0.004569562224289747,0.012535744095686193,-0.00018838561364644814,
7,115.341,-0.00549143581609721,0.01255120080350973,-0.0007083924946216741,
7,115.392,-0.005842368465871358,0.012757834504671505,-0.0011858257414480414,
7,115.443,-0.006200602940841302,0.012869646608276598,-0.0013967668011761367,
7,115.494,-0.0065347422369571,0.012710828825400705,-0.001419847061168346,
7,115.545,-0.006625751830879861,0.012391200530952265,-0.0013205883911142583,
7,115.596,-0.006955186011859457,0.01199411301509924,-0.0011508412527351161,
7,115.647,-0.007812736891399082,0.011579246323429089,-0.0009495226021145667,
7,115.698,-0.008739272540977129,0.011186304607720134,-0.0007441281377804126,
7,115.75,-0.009434786206644756,0.010838990877553812,-0.0007534533481426669,
7,115.8,-0.009725426891154182,0.010749675296169438,-0.0011005738813301214,
7,115.851,-0.00953221983837839,0.011033835909850574,-0.0016364545701087786,
7,115.902,-0.009245050942233086,0.011333864794088712,-0.0022503477239136666,
7,115.953,-0.009322356056288075,0.011419134803364879,-0.0028649581296498693,
7,116.004,-0.010028874261189057,0.011359818842800844,-0.003631488419825634,
7,116.055,-0.010881348540480767,0.011212537504577449,-0.004433874729413676,
7,116.107,-0.01115644879530507,0.01102067105592172,-0.004793131570599479,
7,116.157,-0.010838315919922827,0.010815623174227183,-0.004839326299774963,
7,116.208,-0.010165268779393095,0.010417759910802248,-0.004881860835014508,
7,116.259,-0.009519498691735387,0.009727362283556988,-0.004918630952762371,
7,116.311,-0.008943099730854276,0.009105642979513504,-0.004747916525977548,
7,116.361,-0.008457496172996952,0.008778749143574535,-0.004257011992752219,
7,116.412,-0.008470801912888633,0.008667202588694337,-0.0038010227587241398,
7,116.463,-0.008602181346447357,0.008702730264694045,-0.0034040576994592794,
7,116.514,-0.008196232393350125,0.00903056381930033,-0.0030768374630671274,
7,116.565,-0.007277444682288835,0.00951953219424872,-0.0030214685662479364,
7,116.616,-0.006103556442940361,0.009670896800280214,-0.002944066263727588,
7,116.667,-0.005061195249627173,0.009392745411355062,-0.002657917141878155,
7,116.718,-0.005191093891376469,0.008660634486905936,-0.002060041620425198,
7,116.769,-0.006464055284996238,0.007897022577091782,-0.0013102693037703068,
7,116.82,-0.007564525713987222,0.00777705201732571,-0.000924976861272088,
7,116.871,-0.008064296886556153,0.008079519477805322,-0.0008043960225425566,
7,116.922,-0.00773699300719592,0.008427786298341018,-0.000662441398646622,
7,116.973,-0.006905536725030981,0.008777449129407922,-0.0005181823711810314,
7,117.025,-0.006420036252699679,0.009099917668134025,-0.0003840342380798528,
7,117.075,-0.006597084316259062,0.009379040091456195,-0.0002671473266177372,
7,117.126,-0.007787336985344464,0.009407105890694129,-0.00017072085649284818,
7,117.177,-0.009531792868682904,0.009071067859470197,-0.00029599664972937683,
7,117.229,-0.01108988234373185,0.008528506375065088,-0.0005533976923559306,
7,117.279,-0.01280494602542966,0.008097910254488862,-0.000674025894310191,
7,117.331,-0.0140812410411711,0.008175381880697942,-0.0008980777990680826,
7,117.381,-0.013969433622463737,0.00877331362942729,-0.0011704617894562493,
7,117.432,-0.012976346449491945,0.00965700935066392,-0.0012511284326475938,
7,117.483,-0.01169866093723347,0.010452156242678923,-0.0012023566296057422,
7,117.534,-0.01094358971014632,0.010925801648398993,-0.0012753209434294222,
7,117.585,-0.010986022755871318,0.011356035661714588,-0.0014204994270913154,
7,117.637,-0.010934026633168337,0.011924699179514164,-0.0011986625781265133,
7,117.687,-0.010423977935333006,0.01233562830804098,-0.0007592608032243632,
7,117.738,-0.009259463180457802,0.012411549228124279,-0.0004164557499867201,
7,117.789,-0.007367087804117689,0.012266513128092403,-0.00016314186956564876,
7,117.84,-0.0053607526202226335,0.011991417155432832,1.2427128474998131e-05,
7,117.891,-0.0036433386458876,0.01165500649536058,0.00012403026114728507,
7,117.942,-0.0026508578556521827,0.011105462943632287,0.00018564332163611651,
7,117.993,-0.002403877151773154,0.010262539364558882,0.00021024558197317193,
7,118.044,-0.0022531975786698514,0.009299171023237216,0.0002091345239559248,
7,118.095,-0.002176385495705015,0.008335945962683654,0.00019162144480087566,
7,118.146,-0.0025547863330048857,0.007651025655160028,0.00016499579044514781,
7,118.197,-0.003395574083121126,0.007400452204356391,0.00013466470296804914,
7,118.248,-0.0042645373443177415,0.007448577211013289,0.0001043937315304404,
7,118.299,-0.004880930529893276,0.0076844068843720395,7.659308754868165e-05,
7,118.35,-0.0050849868546509955,0.008021676220256796,5.2610113864262704e-05,
7,118.401,-0.005008197748462187,0.008396910026257956,3.30022442081235e-05,
7,118.452,-0.004958290383585251,0.008766348572767929,1.7775522306641932e-05,
7,118.503,-0.00492963289625703,0.009102392043157501,6.581871545235626e-06,
7,118.554,-0.005318573517039095,0.009590855650310618,-1.1259381164301092e-06,
7,118.605,-0.006345763691352094,0.010338667829501014,-5.978903190814592e-06,
7,118.656,-0.0074989447997458256,0.010991905617146238,-8.611053811594083e-06,
7,118.707,-0.008238624045162863,0.011532011120154569,-9.607431894264826e-06,
7,118.759,-0.008452848584384137,0.012157004169008537,0.00019135899339950294,
7,118.809,-0.008513696196313264,0.012585398464809524,0.0007065439001700492,
7,118.86,-0.0084712871806847,0.012652455795324891,0.0011810330704163788,
7,118.911,-0.008165227575571612,0.012482382159867274,0.0013904709539591393,
7,118.962,-0.007714662087118535,0.012173886818636728,0.0014130929167976937,
7,119.013,-0.0072076130137878735,0.012002230658001434,0.0013140829009610994,
7,119.064,-0.006905904769657856,0.012132959905651103,0.0011450178458944724,
7,119.115,-0.006960963105646197,0.012246288911266454,0.0009446044648891272,
7,119.166,-0.007039577554122828,0.0121385204778532,0.0007401856876062149,
7,119.218,-0.006926150725102828,0.011696774617594333,0.0005496197113896018,
7,119.268,-0.006899503552919929,0.010875485139701638,0.00018241341945898922,
7,119.319,-0.0069306533067224185,0.010077585461795905,-0.00046941611348659914,
7,119.37,-0.0067955351846871225,0.009559618567388569,-0.0012514254766412894,
7,119.422,-0.006363801755668324,0.009262797068192831,-0.0020541043544651727,
7,119.472,-0.005174015317503002,0.009131652207053061,-0.0026047240283349022,
7,119.523,-0.003794463735558566,0.009117299633303242,-0.0027486183036362676,
7,119.574,-0.003207364764289634,0.009179004964645849,-0.002620099093664839,
7,119.625,-0.0033765038424067454,0.00928453314749446,-0.002327191469029603,
7,119.676,-0.0042179034845292816,0.009610523394906728,-0.001952383365419266,
7,119.727,-0.005222032271316655,0.010252553056915763,-0.0015551578962955377,
7,119.778,-0.005848195192042993,0.010844864962300357,-0.0011754655125519055,
7,119.829,-0.006382480943521136,0.011156874186267486,-0.0008375200038623733,
7,119.88,-0.00661408645129672,0.011264046073168518,-0.0005534972504650658,
7,119.931,-0.006030460879990328,0.011231235730159233,-0.0005277081258929681,
7,119.982,-0.0049708702650470525,0.011111283337148005,-0.0008704429216536669,
7,120.033,-0.004092806631263106,0.011145912103017243,-0.0014219980277514579,
7,120.084,-0.003602537153470445,0.011477733539875341,-0.0018623383741212117,
7,120.135,-0.0034003650986624686,0.011772669932855615,-0.0017943095874052004,
7,120.186,-0.0036000396059725575,0.011819423128977767,-0.001405702463253674,
7,120.237,-0.0040413984794635625,0.011703247803958853,-0.001043543740702823,
7,120.288,-0.004602306106523853,0.011491910787400252,-0.0007274412052667554,
7,120.339,-0.0051948268588706435,0.011236519107851698,-0.0004662704873735676,
7,120.39,-0.0053583561829634654,0.010973389400285659,-0.0002613111231582685,
7,120.441,-0.005233614317947196,0.010927268672622593,-0.00010886809242995765,
7,120.492,-0.005134843883965372,0.01142569933701181,-2.352769412002461e-06,
7,120.543,-0.005462332149437643,0.012233338213279777,6.61500029450194e-05,
7,120.594,-0.006036893821201336,0.012772740513348152,0.00010477030259252859,
7,120.645,-0.00612125890680396,0.012895943162751713,-7.971072561936491e-05,
7,120.696,-0.005683624662859449,0.012742318230676572,-0.0005932917895217193,
7,120.747,-0.004745528364420972,0.012423490726125879,-0.0010758502668340073,
7,120.799,-0.003963487792461462,0.012024322814930192,-0.001499746767298345,
7,120.849,-0.003746025138756982,0.011605695000692749,-0.0020528009008070045,
7,120.9,-0.0035064576178781208,0.011208216369423736,-0.002443428071918192,
7,120.951,-0.0036736257061191244,0.010856232633803137,-0.0024976683721246716,
7,121.002,-0.004690726078471013,0.010561703191620917,-0.0021309754685424963,
7,121.053,-0.006171224634108441,0.010327682718730488,-0.001322940462178629,
7,121.105,-0.007629157096846406,0.01035210309683001,-0.0004975959247142179,
7,121.155,-0.008754662343084849,0.010741146794328601,7.171366725317952e-05,
7,121.206,-0.009576549149510552,0.011131955335704057,0.0004310802425108103,
7,121.257,-0.009936851134194206,0.011291667103564022,0.0006269303798873571,
7,121.308,-0.009771337021979808,0.01149116805665645,0.0007021756787122398,
7,121.359,-0.009081052613328859,0.01190099491825243,0.0006940261634616751,
7,121.41,-0.007908825248778142,0.012211958158400545,0.0006330459347135906,
7,121.461,-0.006521672110951674,0.012032866997875197,0.0005430813995117413,
7,121.512,-0.005108110812108641,0.011353032051088535,0.00044175489737933055,
7,121.563,-0.003992002527470817,0.010607491457491094,0.00034128128901531713,
7,121.614,-0.0033571606893939786,0.010281369614673422,0.00024942607820678455,
7,121.666,-0.003282812525514851,0.010451274785151775,0.00017047733703663288,
7,121.716,-0.0037747441427129205,0.010724824917283654,0.0001061484057389679,
7,121.767,-0.004188674287188397,0.010842039020126858,5.63636777635555e-05,
7,121.818,-0.004519325625524292,0.010849570555425235,1.9906276524471814e-05,
7,121.869,-0.005372504573572925,0.010786151973024006,-5.074873947649186e-06,
7,121.92,-0.006693102244609076,0.01068232405780648,-2.0688891030659685e-05,
7,121.971,-0.008006557793745404,0.010560920410743678,-2.9040954655358058e-05,
7,122.022,-0.00860741733330736,0.010638830971970693,-3.206460307230403e-05,
7,122.073,-0.008502149543329934,0.01103914683775348,-3.1427964054368e-05,
7,122.124,-0.008153296086163067,0.011614079081996352,-2.8494937476856224e-05,
7,122.175,-0.00747540953708785,0.012254815511391511,-2.432473938589715e-05,
7,122.226,-0.0064401204263078195,0.012685449324735204,-1.9696085892891275e-05,
7,122.277,-0.0054596126472205775,0.0129467391969336,-1.514523708333229e-05,
7,122.328,-0.004994673855419419,0.0132792634075735,-0.00021184352951036172,
7,122.379,-0.005098579825113985,0.013429927393968333,-0.0005218118133515682,
7,122.43,-0.0055589681312151005,0.01325101803052547,-0.0006786914993291353,
7,122.481,-0.006211002345449246,0.012875108700856952,-0.0009256185449175491,
7,122.532,-0.006732735136045484,0.012403051237799244,-0.001210461098593431,
7,122.583,-0.007128986306738939,0.011907251031902622,-0.0014967384331625797,
7,122.634,-0.007814594730328882,0.011436052728495892,-0.0019617719728549123,
7,122.685,-0.008630705574692659,0.01101848588421241,-0.002303259669689179,
7,122.736,-0.00926411968198476,0.01066886024905085,-0.002337244505538882,
7,122.787,-0.009528642952034629,0.010390895450623402,-0.0021712817890109973,
7,122.838,-0.009133660134829018,0.01018122031469707,-0.0018904147618591376,
7,122.889,-0.008347432411441867,0.0100321867884674,-0.0015584166990840434,
7,122.94,-0.007373439560860005,0.009934018231041343,-0.0012202962218148005,
7,122.991,-0.006156433819416784,0.00987635821969353,-0.0009054115131920846,
7,123.043,-0.005082171327090519,0.009849310455022815,-0.0006307248793841689,
7,123.093,-0.004386590318156096,0.00984406874242416,-0.0004038858710151465,
7,123.144,-0.003989755691756764,0.009853233459782089,-0.0004267904293730657,
7,123.195,-0.0036155679611253925,0.009870901529674623,-0.0008088620615390473,
7,123.246,-0.003285964647862681,0.00989260390056801,-0.001390592911869447,
7,123.298,-0.003212267450220594,0.009915150250020233,-0.001852809399906195,
7,123.348,-0.0035094500401174587,0.009735593004464391,-0.002000410061427636,
7,123.399,-0.004221456901460134,0.009240007106969856,-0.0021352077621869287,
7,123.45,-0.004740646659711677,0.008782381534117695,-0.00225096549836347,
7,123.501,-0.004692797250199053,0.008586698176186682,-0.0021443790485981143,
7,123.552,-0.004285120307035094,0.008574731782326196,-0.0019037542717400824,
7,123.603,-0.003880251177697153,0.008681553847789151,-0.001797327684714399,
7,123.655,-0.0035097073829957375,0.008655146032336504,-0.0019863525849962978,
7,123.705,-0.0027892779491197287,0.008344578803447248,-0.002148847070749797,
7,123.756,-0.0023039907244340645,0.008077548094099189,-0.0020804388340598654,
7,123.807,-0.0028118317427913444,0.008060724755573493,-0.0018694362516893496,
7,123.859,-0.0037149868043898273,0.008406557431830658,-0.0017847647900273498,
7,123.909,-0.004397456251299586,0.009158031820351463,-0.0019887515942480613,
7,123.96,-0.004682729850604665,0.00990846294986352,-0.002160649199385807,
7,124.011,-0.004489510610573644,0.010397106597144596,-0.00209732356192017,
7,124.062,-0.0046074321895375496,0.010678598004056714,-0.0018882243037312023,
7,124.113,-0.005317098673887601,0.01080461882368333,-0.0016024305770487646,
7,124.163,-0.005947604386425078,0.010820804654274624,-0.0012904075345932192,
7,124.215,-0.006275855853703769,0.010765247381904678,-0.0009866281714287623,
7,124.266,-0.006183052863401811,0.010668140668148541,-0.0007125395526620783,
7,124.317,-0.005626827479001142,0.010552187074778356,-0.00047951162619170424,
7,124.369,-0.0048180689402989975,0.010433460959796663,-0.00029153797801517554,
7,124.419,-0.0041131519038609165,0.010322494363691917,-0.00014756053448954868,
7,124.47,-0.00393312951203923,0.010225418677813436,-4.336633101077595e-05,
7,124.521,-0.004104210929879241,0.010145050374521165,2.694254916248964e-05,
7,124.572,-0.0042858960977986416,0.010081853640806654,6.987086934447037e-05,
7,124.624,-0.004660620254203067,0.010034746732074313,9.17900446740743e-05,
7,124.674,-0.005129047373902197,0.01000174331841605,9.84741293952903e-05,
7,124.725,-0.005218273349606278,0.009980436481500996,9.485020965469703e-05,
7,124.776,-0.005257963912466506,0.009968342914049336,8.490635741792093e-05,
7,124.827,-0.005865197348703866,0.009963129809282992,7.170803083264872e-05,
7,124.878,-0.006586810459722077,0.009962748286597411,5.7482709388991095e-05,
7,124.929,-0.006922144160181259,0.00996549615554884,-0.00015709216310549602,
7,124.98,-0.006982798449389154,0.009970030318813152,-0.0006837576415368841,
7,125.031,-0.006661580451023379,0.009975345879648998,-0.001167440393123557,
7,125.082,-0.006121252627628608,0.009980735573613399,-0.0013838665410274764,
7,125.133,-0.005282971130112861,0.009985739840197157,-0.001210667337677275,
7,125.184,-0.003919271329186791,0.0099900949022768,-0.0008014950076992739,
7,125.235,-0.002930645384658614,0.009993683738834013,-0.0006755184912293394,
7,125.286,-0.0028644943467436364,0.010197326507449915,-0.0009421238306974646,
7,125.337,-0.003194454495270023,0.01071374850006175,-0.0014390948173093213,
7,125.389,-0.003350287010040253,0.011188452306761623,-0.001843054110394593,
7,125.439,-0.0035827575892810755,0.011397431834781075,-0.0021549087621548836,
7,125.49,-0.004247372253824823,0.011419200638942995,-0.0025834732522844626,
7,125.541,-0.004934918739428498,0.0113191527940105,-0.002851628051824074,
7,125.592,-0.005581939594088349,0.011149014843595048,-0.0027945283904745517,
7,125.643,-0.006150991847604415,0.01094759226684364,-0.002533413293863601,
7,125.694,-0.006624324881126713,0.010541452564199132,-0.0021624288638185376,
7,125.745,-0.007199077419943069,0.009835810170827648,-0.0017507820314990492,
7,125.796,-0.007391036341800552,0.009195601618322889,-0.0013461253202070305,
7,125.847,-0.006920401952574718,0.009050456641172395,-0.000777625552788632,
7,125.898,-0.005861786358480479,0.00963614875933955,0.00025195296735176553,
7,125.949,-0.004711944025809737,0.010643513696989288,0.0012937017918858106,
7,126.0,-0.003997631410958133,0.011438726721489469,0.0018579014587003072,
7,126.051,-0.003218362344700154,0.011833159919057378,0.0024721674373581358,
7,126.102,-0.002460034740548098,0.011938866173810165,0.003069197409309382,
7,126.153,-0.002378558024219659,0.011850905210283317,0.003004710590205104,
7,126.204,-0.0029385596281906188,0.011645801687185056,0.002320305753512927,
7,126.255,-0.004266654783084031,0.01138204527946523,0.0010924624972458562,
7,126.306,-0.006583178403160861,0.0109010265637643,-0.0005861125810126039,
7,126.357,-0.009146704121200309,0.010118474575878236,-0.0022180858032200606,
7,126.408,-0.011261040806872728,0.009406232526325683,-0.0034882351384803727,
7,126.459,-0.012515770118137011,0.00899713438931164,-0.004424292673656477,
7,126.51,-0.012515891201003672,0.008815322336606124,-0.00507088317632385,
7,126.561,-0.011912191295564057,0.008793886155324818,-0.005479880698733125,
7,126.612,-0.011170560829772982,0.008877029328508645,-0.005502807755150468,
7,126.663,-0.010199212474345397,0.009020565452562876,-0.005075452458941811,
7,126.714,-0.00915856597352909,0.009191303934741468,-0.004393638813874531,
7,126.765,-0.00795624008133712,0.00956660633337014,-0.003603400366117399,
7,126.816,-0.006746807864494989,0.010243790429012122,-0.0028071060949083483,
7,126.867,-0.00562997587275244,0.010859352616714715,-0.0018700633321536058,
7,126.918,-0.0042605848471736485,0.011185109601567681,-0.0007171935416394474,
7,126.969,-0.0030400562747039572,0.011298830387388364,7.981591199505408e-05,
7,127.02,-0.0024147174627889285,0.01146825950202238,0.00018289995109198453,
7,127.071,-0.0022213401510864615,0.011860640067279894,3.348641615604777e-05,
7,127.122,-0.002119703025255842,0.01236448959897752,-6.503026403012157e-05,
7,127.173,-0.0020850684709476258,0.012899353946409437,-0.0001229899821308299,
7,127.224,-0.0022970220882425297,0.01321030853310605,-0.0001502823253926249,
7,127.275,-0.002449264785104622,0.013151844536172875,4.512004343613956e-05,
7,127.326,-0.0027518152640081594,0.012861149977732704,0.0005684843152023792,
7,127.377,-0.003528128253912435,0.012444866491824774,0.0010593101382272271,
7,127.428,-0.0045459256486470746,0.012182311503467845,0.0012890039837350127,
7,127.479,-0.005636836249241554,0.012240276130348157,0.0013327683319574878,
7,127.529,-0.006285334180023885,0.012298316350630655,0.001253770769509634,
7,127.581,-0.006196326669235675,0.012150908825370356,0.0011023858145397668,
7,127.632,-0.0062439701576051925,0.011883578829382598,0.000916736371606256,
7,127.683,-0.006576261263729017,0.01156081191648893,0.0007240252091334109,
7,127.736,-0.006461916495345567,0.011228419435287188,0.0003414325012275553,
7,127.785,-0.006271140488672504,0.010916555819889462,-0.0003330396866723218,
7,127.836,-0.006247504542540448,0.010642911508126558,-0.0009396928863017476,
7,127.887,-0.006132129233051793,0.010214928344882027,-0.0012532820659368748,
7,127.938,-0.00596718523984414,0.009521507435506678,-0.0013537224810729527,
7,127.989,-0.00578370081714666,0.008914386177485318,-0.0013093908819641,
7,128.04,-0.005803899056067231,0.00861221914190237,-0.0013766044953374785,
7,128.091,-0.005953106888828215,0.008529909090065709,-0.0017107919556683293,
7,128.142,-0.005972235185579288,0.008595216904350007,-0.001988523411993188,
7,128.193,-0.006107233785177614,0.008749953261281874,-0.002006901938209896,
7,128.244,-0.006506534732458774,0.008949614244297658,-0.0018574676531598392,
7,128.294,-0.007043269169361009,0.009162048247305758,-0.0016124109369960267,
7,128.346,-0.0076250290505835054,0.00936560868736885,-0.0013257128820233356,
7,128.397,-0.008188931284311795,0.009547125339260313,-0.0010353395377370536,
7,128.448,-0.008495246613901709,0.009699922312599576,-0.0007659357370903094,
7,128.499,-0.008812584471012797,0.009822025166036157,-0.0005316229255602538,
7,128.55,-0.00931233244997808,0.009914633353495829,-0.0003386389332734926,
7,128.601,-0.009286421988819344,0.00998088555523475,-0.00018766431503506513,
7,128.652,-0.008724627500005567,0.009824078380604707,-7.57607872513702e-05,
7,128.703,-0.008065107517840085,0.0093359749394649,2.094838749976588e-06,
7,128.755,-0.007596726319443091,0.008875438823254679,5.185937858271933e-05,
7,128.805,-0.007489392612963823,0.008670413169639781,7.960989931313744e-05,
7,128.856,-0.007622239758996154,0.00864572996480655,9.101239962374625e-05,
7,128.907,-0.007898455193007057,0.008738692554180359,9.101406956557795e-05,
7,128.958,-0.00804359710123671,0.008899639447950096,8.370366526305197e-05,
7,129.009,-0.007892181394459165,0.009091258758691928,7.229092098563533e-05,
7,129.06,-0.007562731753139578,0.009287156428567594,5.9163959917344426e-05,
7,129.111,-0.007145565604401494,0.009470060892584946,4.599211750518883e-05,
7,129.162,-0.006705654739782001,0.009830772450826135,3.384963007938554e-05,end
8,130.335,-0.007986687632814682,0.011123333735961504,-0.0021961826285150925,start
8,130.386,-0.00810105510498422,0.011332005732800807,-0.0014623576347701879,
8,130.437,-0.007724452710289152,0.011358833206661385,-0.0008742415945079921,
8,130.489,-0.007665720777526961,0.011266879272163388,-0.00042682161339373747,
8,130.539,-0.007815573693932314,0.011106131676648338,-0.00010558006237845296,
8,130.59,-0.007886330964920535,0.010914176571728577,0.00010893031240935165,
8,130.641,-0.008101509601150605,0.01071762690082924,0.00023775612206825147,
8,130.692,-0.008191193401612727,0.010533920013540981,0.00030127898077599404,
8,130.743,-0.007992352630295208,0.010373207675570923,0.000317816680279069,
8,130.794,-0.007624439748697175,0.01024015350570956,0.0003028918450015056,
8,130.845,-0.006775980613431535,0.010135526646637234,0.00026898742834265,
8,130.896,-0.005285814747903488,0.010057536724896638,0.0002256340871492185,
8,130.947,-0.0039054667785388165,0.010203729299959566,0.0001797033876710175,
8,130.998,-0.002907272472925153,0.010682791164084082,0.0003366431232478291,
8,131.049,-0.0024351950675496566,0.011136020904897922,0.0008119202676911334,
8,131.1,-0.0027401344690512527,0.011335440003775706,0.0012523492847454324,
8,131.151,-0.00311725064555467,0.011356057230419431,0.001434213558239904,
8,131.202,-0.003309528803943845,0.011260343348099845,0.0012348034933720717,
8,131.253,-0.003769481756228391,0.011097709357675475,0.0006060481904512788,
8,131.304,-0.0045649923917868125,0.01090522100452256,-4.672459521438022e-05,
8,131.355,-0.005511807340003416,0.010709048765768859,-0.0004616278767970498,
8,131.406,-0.006479600618951311,0.010526273056456823,-0.0006906425689678418,
8,131.457,-0.007583935853374923,0.01036677223745232,-0.0007820397852822101,
8,131.508,-0.008486293752436688,0.010235012058168107,-0.0007778335669652906,
8,131.559,-0.008383289020016471,0.010131628132224686,-0.0007126498388844153,
8,131.61,-0.00744293448873173,0.010054748548718436,-0.0006135945256890523,
8,131.661,-0.006643587278226387,0.01000104356911939,-0.0007016067311900968,
8,131.712,-0.00660139062567187,0.009966515964331726,-0.0011033583079810467,
8,131.763,-0.007048183451195612,0.010147895176053393,-0.0016740530179672267,
8,131.814,-0.007571864360350856,0.010654009392203524,-0.0023072537843275755,
8,131.865,-0.007901954804009098,0.011126901339982119,-0.002728842040573883,
8,131.916,-0.007679701085386368,0.011339663431762315,-0.0027800109880731245,
8,131.967,-0.00692022134382193,0.011368498924833537,-0.002589500363468563,
8,132.018,-0.006078036158955198,0.011277056355938767,-0.002259292551649333,
8,132.069,-0.005652130673866798,0.011115819165164504,-0.0020668501263774674,
8,132.12,-0.005527421276704704,0.010922771828079145,-0.001978223309966042,
8,132.172,-0.005204235480156836,0.010724831165698856,-0.0015616311816985485,
8,132.222,-0.00457888551794159,0.010539653420344871,-0.0009681642842553134,
8,132.272,-0.003809978630916629,0.010377537160873009,-0.00030893373216408273,
8,132.324,-0.0034124375530382154,0.010243234781253044,0.00033951616830894636,
8,132.374,-0.003686675670497447,0.010137559851399644,0.0005272923443960496,
8,132.426,-0.004168896255021138,0.010058734413473573,0.00020369635280899308,
8,132.477,-0.004745768265559319,0.01000346125883367,-0.00042187337865909075,
8,132.528,-0.005337002987865635,0.010168567336828313,-0.0009900265945988376,
8,132.579,-0.005488286013921567,0.01066258408738622,-0.0012748802694236667,
8,132.631,-0.005144418598010403,0.011127028472048819,-0.0013551560658881774,
8,132.68,-0.004711443400293331,0.011334362493272654,-0.001297776692748325,
8,132.732,-0.004456934842008209,0.011360142527685954,-0.001156721448567591,
8,132.786,-0.004738999002359999,0.01126741163399631,-0.0011741656675731168,
8,132.834,-0.005543369366151784,0.011106122968039476,-0.0012918624065653681,
8,132.885,-0.006015602793670287,0.01091382154635238,-0.0010627339556214398,
8,132.938,-0.006036049884396103,0.010717078285079316,-0.0008304089730828219,
8,132.987,-0.005765100527555453,0.010533291310509752,-0.0010163646715898133,
8,133.038,-0.005329029910814814,0.010372578114329878,-0.0012548132074956023,
8,133.089,-0.005223756893786793,0.010440407624530636,-0.0013069390533026156,
8,133.14,-0.005539932027702407,0.010850198027224952,-0.0014362127612151249,
8,133.19,-0.0059001704826081615,0.01124555203678537,-0.0018054140202535672,
8,133.242,-0.0058580625025980064,0.011399053431358138,-0.002098000312178755,
8,133.293,-0.005360458041903301,0.011385110980838048,-0.002317945007268385,
8,133.344,-0.004811528157545921,0.011264898208052003,-0.002674465639281109,
8,133.395,-0.004675445383211931,0.0108853522532341,-0.0030899389217655306,
8,133.446,-0.00501590839393194,0.010169139148244693,-0.0035098451700453564,
8,133.497,-0.005835487860071765,0.009495373582758973,-0.003698028329366508,
8,133.548,-0.007097343401336261,0.009103791388287723,-0.003521644468811752,
8,133.599,-0.00813981684784604,0.00892464508627088,-0.003125614515539113,
8,133.65,-0.008355342782267298,0.008896136313309823,-0.0026205286601773325,
8,133.701,-0.007822357057757395,0.008966529359734543,-0.002286908585416711,
8,133.751,-0.0070529624737634385,0.009094698323000918,-0.002290892864094904,
8,133.803,-0.006595422146187075,0.009249625702823316,-0.0023102464875630817,
8,133.854,-0.00637464582425027,0.009409268781440388,-0.002137068864728727,
8,133.905,-0.005720953220886247,0.009559111599501792,-0.0018543229889817978,
8,133.956,-0.004842122484658637,0.009690631613013258,-0.0015240193008447028,
8,134.007,-0.004491999543348791,0.00979983480960365,-0.00118974877544878,
8,134.058,-0.004509090747583447,0.009885952410465542,-0.0008797872215111533,
8,134.108,-0.004760322313249253,0.009950345903961495,-0.0006103165486012234,
8,134.16,-0.005342371513984251,0.009995633655506033,-0.00038846227664724917,
8,134.211,-0.006290666741930683,0.009824196132542786,-0.0002149691784656771,
8,134.261,-0.007397674583834057,0.009326700035576287,-8.642989471989665e-05,
8,134.313,-0.008115875920838055,0.008860885010246644,-0.00019788147034549133,
8,134.364,-0.008527020007919025,0.008653642878336714,-0.0008559655730889138,
8,134.415,-0.008507370171846376,0.008628885347303324,-0.0018117671134220794,
8,134.466,-0.008012174874295687,0.008723153453898768,-0.00248006003201037,
8,134.517,-0.007854269483281655,0.008886185952872539,-0.0029102725698858458,
8,134.568,-0.00792537057936538,0.009080223635558793,-0.0033540650823780985,
8,134.619,-0.0077359662296715235,0.009278558821648323,-0.0035700820877833253,
8,134.67,-0.007595535474475369,0.009664550921611538,-0.0034218278717937766,
8,134.721,-0.007698628953848887,0.010340722645763054,-0.0030518575221571962,
8,134.772,-0.007949625219483775,0.010947848646877319,-0.0025694101883125976,
8,134.823,-0.00807448210989629,0.01126108587798757,-0.0020535822323344308,
8,134.874,-0.007907575476064745,0.011360673663155069,-0.0015577838086421793,
8,134.925,-0.00776778770062161,0.01131523681598104,-0.001114660560244758,
8,134.977,-0.007656622282698777,0.011180438297046067,-0.0007409182412903925,
8,135.027,-0.007371910505057281,0.01099915636421696,-0.0004416975026197003,
8,135.077,-0.006797932729887059,0.010802625227701456,-0.00021430873199888942,
8,135.129,-0.005883709728589828,0.010612102017585093,-5.1256431790868914e-05,
8,135.18,-0.005226379938452571,0.01044073738941429,0.0002582686740021732,
8,135.232,-0.005188281893579824,0.01029542646113059,0.0008377027711791165,
8,135.282,-0.005550389628796385,0.010178498443314362,0.0013428618122976852,
8,135.333,-0.005939246932890706,0.010089167081287003,0.0015589696015683885,
8,135.384,-0.0059123545492811725,0.01002471117449486,0.0015723332389562113,
8,135.435,-0.005620980822299513,0.009981387145333217,0.0014545930554420634,
8,135.486,-0.005585055950541952,0.009955096447653414,0.0012622277113356613,
8,135.537,-0.00591668321994894,0.009941842126087501,0.0010374547798159208,
8,135.588,-0.006256566198035803,0.009938013469934183,0.0006091203244323899,
8,135.639,-0.006373606355548261,0.009940537547995034,-0.00011619269320777741,
8,135.69,-0.006338323686264177,0.00994693319398538,-0.0007728728069522553,
8,135.74,-0.006208182916714109,0.009955298091636226,-0.001131948059447451,
8,135.791,-0.0060276594172599595,0.010165087646320754,-0.0012713082182033218,
8,135.843,-0.005829324954220165,0.010688041748965534,-0.0012585584796014925,
8,135.893,-0.00583633395203338,0.011169000046800735,-0.001149277055020279,
8,135.945,-0.0061753108928755615,0.011584387225363086,-0.0011876974960039787,
8,135.996,-0.006499131137639976,0.012125184431138735,-0.001518593964238164,
8,136.047,-0.006385549699368035,0.012502135783194574,-0.0018096546678104878,
8,136.098,-0.00600056440911626,0.012542888882107703,-0.001850951072760237,
8,136.149,-0.005673274697888463,0.012364746876742104,-0.0017287432774481558,
8,136.2,-0.005409280450670788,0.012060526923638465,-0.0013106555314893605,
8,136.251,-0.005207088418542958,0.011699885726958325,-0.0005355575046208172,
8,136.302,-0.004859942462457827,0.011532863890535157,0.00020540965128264417,
8,136.353,-0.0044477175208559845,0.011704271226644998,0.0006641288079029613,
8,136.404,-0.004428536839869499,0.011878127232674398,0.0009049772780145138,
8,136.454,-0.004662976550465458,0.011838753586382296,0.0007859122011105756,
8,136.506,-0.0048404090800008015,0.01166578779594264,0.0002447472714799577,
8,136.557,-0.005167859852510141,0.011421037419179556,-0.00032282473981946533,
8,136.608,-0.005766053457255305,0.011149909532723162,-0.0006609042931729121,
8,136.659,-0.006288999774861781,0.010883645031688255,-0.0008246394046109663,
8,136.71,-0.006520842385217293,0.010641889619617812,-0.0008634050316799667,
8,136.761,-0.006346526809962506,0.010435274198722066,-0.0008189071106996035,
8,136.812,-0.005724890775715283,0.010267793997329753,-0.0009254163128113474,
8,136.862,-0.0048663032519833385,0.010138867493595506,-0.0015218852238922363,
8,136.914,-0.003924719834457257,0.010045024575573706,-0.0023846741351510243,
8,136.965,-0.00340721484001157,0.010182054951364247,-0.003148123312059054,
8,137.016,-0.003604933473688776,0.010857815456000364,-0.003786530281912834,
8,137.067,-0.004044644803279615,0.011824805176375687,-0.0042934557977330045,
8,137.118,-0.004202567675809541,0.012499226258703894,-0.004675332398990503,
8,137.169,-0.004167078596876708,0.012730995758828632,-0.004745497561384799,
8,137.22,-0.0042112290816196125,0.012861084795135116,-0.004409275846966985,
8,137.271,-0.004102076106074357,0.01311634406253531,-0.004040260794106542,
8,137.322,-0.003501703045640706,0.013230541933800964,-0.0038806915956611605,
8,137.373,-0.0024336816191873768,0.013044262295671937,-0.003868269564265326,
8,137.423,-0.0011515310528687106,0.012881069088661896,-0.003951218499567822,
8,137.476,0.00016495197251857954,0.012946625930736304,-0.003887836520242849,
8,137.526,0.0009960292226188785,0.01295279190488119,-0.003735696677600045,
8,137.577,0.0010473601079691623,0.01271953846483955,-0.003739687418752468,
8,137.629,0.0003936422196092205,0.012351471071690398,-0.0036426585042639275,
8,137.679,-0.0006597443628641856,0.012127342326041762,-0.003488635146895897,
8,137.73,-0.0014831695744715006,0.01221436754712486,-0.0035112652011342815,
8,137.781,-0.002293793764664144,0.012293127150388678,-0.003444540586359414,
8,137.832,-0.0032319214079385666,0.01236025855533495,-0.0031250347808607797,
8,137.883,-0.004176460545331549,0.012615372954862036,-0.002669074377466303,
8,137.934,-0.00545090091647907,0.012769722658464497,-0.002162227485693008,
8,137.985,-0.006834543743847975,0.01264621366762298,-0.0016634612319818781,
8,138.036,-0.007976237259982621,0.012354421480591295,-0.0012099451279378951,
8,138.088,-0.00887104002023792,0.011978141283497558,-0.001022716451449473,
8,138.138,-0.0093347827550674,0.011577902462214329,-0.0012221460096473956,
8,138.189,-0.008882309453183255,0.011194450310700708,-0.0014527048988355233,
8,138.24,-0.00787856833387896,0.010852568354603616,-0.0014838733828682353,
8,138.29,-0.007405239373882341,0.010564812068490687,-0.0013846586516449554,
8,138.342,-0.007510948877847206,0.010334885822820123,-0.0014106263632885155,
8,138.394,-0.007778699925179195,0.010160519733911636,-0.0017156276066614246,
8,138.444,-0.007928033541281722,0.010035794668619428,-0.0019742519732636847,
8,138.495,-0.007788589813677445,0.009952926546499404,-0.0021823562678256396,
8,138.546,-0.007675973945601196,0.009903560522421875,-0.0025421753536311984,
8,138.597,-0.007589610989083665,0.010080480519726171,-0.002769557785555959,
8,138.648,-0.007527023213080597,0.010589150464600813,-0.0026929016921640628,
8,138.699,-0.007484711578409359,0.011269725530782433,-0.0024274080723168303,
8,138.751,-0.007057135806989826,0.012005879259522205,-0.002062131236123913,
8,138.8,-0.006617652586645737,0.012517707015551764,-0.0016622022335889635,
8,138.852,-0.006406671369955685,0.012844546068236365,-0.0010713430366619718,
8,138.903,-0.006158355460724146,0.0130264862188045,-0.0004054962308954588,
8,138.953,-0.005906042965730243,0.012699212042134493,-0.00014671309738856946,
8,139.005,-0.005671436390604193,0.01207164354120852,-0.0001697898212610332,
8,139.056,-0.005467032292866211,0.011502729219675859,-0.0003717839650542102,
8,139.107,-0.005298419089324992,0.011017135703486823,-0.0008731338380144271,
8,139.158,-0.005166305713248009,0.010623989522362058,-0.0015262007972053444,
8,139.209,-0.00486738102692264,0.010321717375672895,-0.0022241086130825776,
8,139.26,-0.00448548530521063,0.010102009998825849,-0.0026938761745357548,
8,139.311,-0.004482722299169596,0.009952905518371908,-0.002778753922611619,
8,139.361,-0.004924172260935708,0.009861060393263876,-0.002609963473523757,
8,139.413,-0.005615055688988225,0.009813316880666468,-0.002292042057199765,
8,139.464,-0.006611246252137332,0.00959685975110871,-0.0019040149937657757,
8,139.515,-0.007522384923313108,0.009088752978827615,-0.0015021971231862774,
8,139.566,-0.007904113197421209,0.008635247891467574,-0.0011238139179732757,
8,139.617,-0.008116471400847968,0.008654860623815135,-0.0007908574043715435,
8,139.668,-0.008002310723580305,0.009177166294462925,-0.000513782918822161,
8,139.719,-0.007487073926790826,0.009779082575738608,-0.0002948068106411448,
8,139.77,-0.006956830755278207,0.010182869570080438,-0.00013068329506568953,
8,139.821,-0.006660393147704007,0.01042714843424323,-1.4924184368197177e-05,
8,139.872,-0.00673855461316981,0.010549502746868644,6.0517010723472014e-05,
8,139.923,-0.006849853133506709,0.010583831415283325,0.00030487345187367595,
8,139.974,-0.006973463159469156,0.010558946960606528,0.0006379339469425361,
8,140.025,-0.007095039167145131,0.01049808513276238,0.0005994617094299823,
8,140.076,-0.0072055440324406625,0.010218204747009968,0.0003257969904777605,
8,140.127,-0.007701738476401251,0.0096195065770431,0.00012410930182772342,
8,140.178,-0.008204600851573372,0.009065263283292576,-1.5213537409353568e-05,
8,140.229,-0.008671343039047392,0.008584055475497177,-0.00010334629850733209,
8,140.28,-0.0092782581283273,0.008188346178217112,-0.000151568214420257,
8,140.331,-0.009524650422072404,0.008080093835697532,3.0514240715485562e-05,
8,140.382,-0.009319193664724387,0.007964065083068829,0.0005465091000495022,
8,140.433,-0.00843878056486555,0.007852369909276081,0.0010343738841934332,
8,140.484,-0.006995376153501523,0.00795326059860533,0.0010633382228408329,
8,140.535,-0.005507683728034386,0.00818238865983387,0.0005948255937060936,
8,140.586,-0.004713599566842098,0.008475355306307792,4.572624338762966e-05,
8,140.637,-0.004829820974028046,0.008785729902579231,-0.00031011281693285326,
8,140.688,-0.004918030822641793,0.009082335648312682,-0.0005134183092959137,
8,140.739,-0.004780355556895462,0.009346283354096267,-0.0008033975847888287,
8,140.791,-0.004709702112036633,0.009568081942667714,-0.0013265038408603784,
8,140.841,-0.004888542706575418,0.009745030281543764,-0.0017562698521681958,
8,140.892,-0.00501219614722457,0.009878998971092892,-0.0018908137066433403,
8,140.943,-0.004688854401554046,0.009974640427775532,-0.0018252080031098093,
8,140.994,-0.004104806767554954,0.010038017445359154,-0.0016365064060145178,
8,141.045,-0.0031996399240156264,0.010075610320052051,-0.0013840161208828821,
8,141.096,-0.0021612379679994526,0.010093646529264219,-0.0013117319370014172,
8,141.148,-0.0015224712032982659,0.01009769112985904,-0.001360830052081715,
8,141.198,-0.0013921590846340368,0.010092437273978,-0.001082165358435192,
8,141.249,-0.001397579903262334,0.009880808243525612,-0.0006156755829430241,
8,141.3,-0.0018912850881438108,0.009352987414533182,-0.0002670322967381805,
8,141.351,-0.0034618257780639912,0.008865611819512259,0.00017885589567622666,
8,141.402,-0.005395995948497084,0.008644162062115693,0.0008521261716224177,
8,141.454,-0.007207168203513289,0.00861105407541636,0.0012154748529828482,
8,141.504,-0.008994791473952124,0.008701399052234092,0.0009491984741140813,
8,141.555,-0.010623705600387313,0.008863663052295976,0.0005013356535415886,
8,141.606,-0.012019975061716343,0.009059017199606478,0.0001738241159268282,
8,141.657,-0.012753203037902363,0.009259900288729748,-5.018980551013306e-05,
8,141.708,-0.012600618284561117,0.009448191739130344,1.100409791870478e-05,
8,141.759,-0.01209300749187221,0.009613281418545444,0.00025020056035982534,
8,141.81,-0.01139847833525284,0.00975022838092305,0.0001826764465299463,
8,141.86,-0.0102381954189408,0.009858124544810188,-7.613893479546094e-05,
8,141.912,-0.009073243812000703,0.00993872126199438,-0.000236014073436798,
8,141.963,-0.008601383496019093,0.009995334823709576,-0.0003195904118410664,
8,142.014,-0.008812778174034535,0.009831185132711869,-0.00034751842073457945,
8,142.065,-0.009043730115663623,0.009337801647404277,-0.0003375127342576796,
8,142.116,-0.008666171002379175,0.008873732420972736,-0.0005048156609898167,
8,142.166,-0.007928673018877666,0.00866657788288658,-0.0009732293718064397,
8,142.217,-0.007220407109419974,0.008841671072229107,-0.0013962979963207784,
8,142.268,-0.006587786688316125,0.009448687243001661,-0.0015554642569702037,
8,142.32,-0.006054502206236784,0.010083120515950608,-0.0015325899538653964,
8,142.371,-0.005627767570248486,0.010483337912520421,-0.0013948012271730679,
8,142.422,-0.005102816257062216,0.010701189747415104,-0.0011943810036430414,
8,142.473,-0.004757878339038765,0.010784580356684613,-0.0009698924237477675,
8,142.524,-0.004756936001734558,0.010775034995727984,-0.0007480015113392345,
8,142.575,-0.004374190493501565,0.010706651819220087,-0.0005456018822057924,
8,142.626,-0.003777322206197754,0.010606026376541438,-0.00037196248054733645,
8,142.677,-0.0036935754081604787,0.01049280589706522,-0.00023071754933427882,
8,142.728,-0.004146481192356055,0.010380602964481693,-0.00012159555591651259,
8,142.778,-0.004907186445848652,0.010278066287212647,-4.18418056003017e-05,
8,142.83,-0.005804189275618163,0.010189966203950135,1.266968194180909e-05,
8,142.881,-0.0065157137669547074,0.010118202437171618,4.661290890266898e-05,
8,142.932,-0.006850288559149189,0.01006268102394622,-0.00013619578227947325,
8,142.983,-0.007117062186229839,0.01002203689650758,-0.0008450003057304777,
8,143.034,-0.007118086927038321,0.00999419942266795,-0.0018342123437868527,
8,143.086,-0.006747757234279889,0.009976811796465439,-0.002522130033410838,
8,143.136,-0.006570675982068844,0.009967523004330738,-0.0027607156638623214,
8,143.187,-0.006531760464520984,0.009964174612714262,-0.002691955077326049,
8,143.238,-0.0061829166603821215,0.009964905093998373,-0.002632434953433889,
8,143.289,-0.005462490047881786,0.00996819288460015,-0.0027844563277392193,
8,143.34,-0.004963289905091417,0.009972856689863885,-0.002859104108299408,
8,143.391,-0.005047743486022268,0.01017886200026544,-0.002677297845201808,
8,143.442,-0.005499739831798583,0.010698282530476224,-0.002546453168979925,
8,143.493,-0.0059503162080847,0.01117615188876107,-0.002659637646383529,
8,143.544,-0.005962118213151853,0.011388149783323535,-0.0027194044402100498,
8,143.594,-0.005691563504448865,0.011412600080840668,-0.0025392767913967476,
8,143.645,-0.005462487135210635,0.011314802261481018,-0.0022197627505022906,
8,143.697,-0.005479249116288445,0.011146456861768133,-0.00203735435744913,
8,143.748,-0.005853167009122832,0.01094638943170341,-0.002158366035916144,
8,143.799,-0.006225275620715369,0.010742049138024153,-0.0022634217011832775,
8,143.85,-0.006365497418253737,0.010551383799963643,-0.002148970811880684,
8,143.901,-0.006144900092820947,0.010585639378102966,-0.0021037669480292436,
8,143.952,-0.0055097785591845284,0.010962230118236943,-0.0023074398089894975,
8,144.005,-0.004659822798805509,0.011327291547396428,-0.0024535347384636538,
8,144.054,-0.003941196321316224,0.011454798331046756,-0.0025509656615181997,
8,144.105,-0.0037661951456906457,0.011419706016035201,-0.002609358885827634,
8,144.156,-0.004154740999521497,0.01128314960617356,-0.0024371906364814323,
8,144.207,-0.004672671718136114,0.01109248909221975,-0.0023318159585921636,
8,144.258,-0.0050311427953035675,0.01088244524709278,-0.002277744553198201,end
9,146.298,-0.004946864398008476,0.010122671685585762,-0.001331289279600313,start
9,146.349,-0.004434809682168089,0.010045179210876236,-0.0007732335073167844,
9,146.4,-0.004352639953301825,0.009991849890601678,-0.0003532070546650814,
9,146.451,-0.004753612256473915,0.009958301775525766,-5.544809763726084e-05,
9,146.502,-0.00503056964032692,0.009940135403064878,0.00034080806072381677,
9,146.554,-0.005004907263747924,0.009933293502484569,0.0007684029215126022,
9,146.604,-0.0051888880972138065,0.010135097858566706,0.0007800794204095049,
9,146.654,-0.005693377764186195,0.010454506169646665,0.0005240680246172403,
9,146.706,-0.006362898862868321,0.010622847127001353,0.0003177745232899995,
9,146.757,-0.007084478176194188,0.011082444704034345,0.00015993994124958972,
9,146.808,-0.007781478141017964,0.011892752753101655,4.5863960065564366e-05,
9,146.859,-0.00840672168250828,0.01246122734046068,-3.098325662711237e-05,
9,146.91,-0.008734882497444411,0.012628100477749617,-7.778034497155515e-05,
9,146.961,-0.008645312898691722,0.012524000410473876,-0.00010154536515078238,
9,147.011,-0.008295026692607045,0.01225447398050362,-0.00010862960663600088,
9,147.063,-0.007805669193128446,0.011900503089673204,-0.0003052801590459602,
9,147.114,-0.0074672635435885796,0.011520809321188234,-0.0008085453924436995,
9,147.166,-0.00745369004829648,0.011155120260575994,-0.0012671957288095288,
9,147.216,-0.0074487049049713665,0.01082779020924641,-0.001459553607216017,
9,147.266,-0.006847127421286474,0.01055135732384264,-0.0014656716337723783,
9,147.318,-0.006112084980240757,0.010128940569212182,-0.001351852962641596,
9,147.369,-0.006354661365920375,0.009445997380294247,-0.001170256153901028,
9,147.42,-0.007003914433188808,0.008851662008574006,-0.0011606116883807831,
9,147.47,-0.0070584988463433754,0.008562734070491539,-0.001462857551606465,
9,147.522,-0.006727306648653431,0.008492890241315765,-0.0017400206445907858,
9,147.572,-0.006376135499806724,0.008569167138966239,-0.0017779977377907065,
9,147.623,-0.00604036161413842,0.008733031202230339,-0.001659521690763866,
9,147.675,-0.005741436665662629,0.008939905661333363,-0.0014502217726708275,
9,147.726,-0.005088491204512829,0.009157745962407886,-0.0011994856122476288,
9,147.777,-0.004260947512614682,0.009365119357492537,-0.0007414831023123266,
9,147.828,-0.004191239049391391,0.009549120763514772,-0.00018734292767528827,
9,147.879,-0.004814002953514369,0.009703351038398469,-1.7728024004959916e-05,
9,147.931,-0.005630022639268337,0.009826097700570519,-0.0001083547467533309,
9,147.981,-0.006504433531183498,0.009918791634953593,-0.00015777382281845627,
9,148.032,-0.007145215602954422,0.010185598437109294,-0.00017679430582170355,
9,148.083,-0.0075846832292137956,0.010743472936277849,-0.00017479062315648103,
9,148.134,-0.008060567225886028,0.011242374504939347,-0.00015946402226916975,
9,148.185,-0.008320743853005604,0.01146254154793832,-0.0001368239862026132,
9,148.236,-0.008220841681995297,0.011486254993354927,8.95214359239026e-05,
9,148.287,-0.007697194251624594,0.011382067638632786,0.0006291641649272852,
9,148.338,-0.00714467721414419,0.011204220639951077,0.0011255555791207525,
9,148.389,-0.0072205311832438945,0.010993418980479218,0.0013534971994590235,
9,148.44,-0.007492464596278715,0.010778416225778296,0.0011901231364207076,
9,148.491,-0.007064973887121936,0.01037715735222846,0.000588068906467495,
9,148.542,-0.0060224145945501,0.009687843689313665,-4.61347668513027e-05,
9,148.593,-0.005472467140142922,0.009069994252959814,-0.0004491761026244924,
9,148.644,-0.005885137195806216,0.008748446148244776,-0.000671583411736541,
9,148.695,-0.0066811986021310795,0.00864276243083868,-0.0007602740608517366,
9,148.746,-0.007257530960657353,0.008884847264810548,-0.0007560804975007998,
9,148.797,-0.007244973671366784,0.009531360136865999,-0.0006926523850866175,
9,148.848,-0.00705657352687009,0.010184483280132014,-0.0005963295033992243,
9,148.898,-0.007373032099553961,0.010588544631985162,-0.00048664746142491324,
9,148.95,-0.008188694029840913,0.010800410173485748,-0.0001763749839905147,
9,149.001,-0.009058162198796935,0.010871990743926835,0.0004384548710326457,end
10,149.816,-0.00887313558628144,0.01051203225756995,-0.0020550850479149558,start
10,149.868,-0.008668200334426389,0.010462720246477633,-0.0016378379913118094,
10,149.919,-0.008242085562330748,0.010393921992862978,-0.0012386627533515166,
10,149.971,-0.00750751458406109,0.010318153009545746,-0.0008831450329858652,
10,150.021,-0.006433291717854013,0.01024400012277394,-0.0005841870980479461,
10,150.072,-0.00583002959991834,0.010176840680137909,-0.00014468653882691596,
10,150.123,-0.006380615639401892,0.010119561644204867,0.0003496446470546887,
10,150.174,-0.007024492519582813,0.010274054501220773,0.0004377628927300869,
10,150.225,-0.007073975797953267,0.01075279029704092,5.74433450201333e-05,
10,150.276,-0.007139935973799913,0.011401021296382954,-0.0005927571159303087,
10,150.327,-0.007612832135172724,0.011905050009035655,-0.0011629796058486598,
10,150.378,-0.008509561586464773,0.01207527033612237,-0.001435266498520884,
10,150.429,-0.009405246132954442,0.012218561409130574,-0.0014945981888416884,
10,150.48,-0.01022830708743251,0.012333070295611535,-0.0016134180681341408,
10,150.531,-0.010537004142068804,0.012419920787184395,-0.0019616792322734284,
10,150.582,-0.00988851344830653,0.012883722835240209,-0.002629949547900341,
10,150.633,-0.008477390766928132,0.013552024519497422,-0.0038514410681327774,
10,150.684,-0.0062888459467003,0.013695294404909814,-0.005128781560245264,
10,150.735,-0.003576679969072458,0.013088657661387408,-0.005937660380875471,
10,150.786,-0.0011482337512689266,0.012250634033579592,-0.006180276896129931,
10,150.836,9.982824704481293e-05,0.011532365066765934,-0.0056385626749323285,
10,150.888,0.00028975421361204687,0.01094860196890623,-0.004637334508507948,
10,150.939,-0.00021421440172229053,0.010498000127766766,-0.0036226621473135307,
10,150.99,-0.0009218941750283028,0.010168999869432547,-0.0026808794749564793,
10,151.041,-0.0011008730795337876,0.009944418703096088,-0.0018615013794077559,
10,151.092,-0.000725557217949709,0.009804848264664457,-0.0011864511267731877,
10,151.142,-0.0004265612894820166,0.009731011763873898,-0.0006581948821676358,
10,151.194,-0.0010038672682059276,0.009705265366841458,-6.568819783497811e-05,
10,151.245,-0.0022976474904995935,0.00971242992903389,0.0007212611471168799,
10,151.296,-0.0035453384149448453,0.009740126431457672,0.0013688645703780157,
10,151.346,-0.004462404909897781,0.009778766169396026,0.0016742403916386937,
10,151.398,-0.004892920136174983,0.009821320304333693,0.001735596116979229,
10,151.448,-0.004775966523619897,0.00986296642281455,0.0016355202606385415,
10,151.5,-0.004518121873503244,0.009900684606657124,0.0014399494511237025,
10,151.551,-0.004793131060142566,0.009732019915637819,0.0009980100311164752,
10,151.602,-0.005789461745714255,0.009444540668987169,0.00023273059191569983,
10,151.653,-0.006766707079251271,0.00950562103883339,-0.0004776122633233322,
10,151.704,-0.007050705524862767,0.00998617751288107,-0.000894823499349995,
10,151.755,-0.006465607122953855,0.01069716086616656,-0.0010905182974590216,
10,151.806,-0.005771782412837263,0.011297979442842504,-0.0011284223467267868,
10,151.858,-0.005666464225813709,0.011579044178505428,-0.001062082093022721,
10,151.908,-0.005746212521492889,0.011632455393100732,-0.0009342139375409778,
10,151.959,-0.005737413378153267,0.011535569964023315,-0.0007771568592629116,
10,152.009,-0.006074198375541468,0.011350074693321536,-0.0006139963593252014,
10,152.061,-0.007007236499521627,0.011323484497376793,-0.00046002866838221884,
10,152.112,-0.007846060989111989,0.011601778053677065,-0.00032432555731621584,
10,152.163,-0.008356242088263723,0.011651585677222845,-0.00021123796339724612,
10,152.214,-0.00861466262941233,0.01114918496624157,-0.00012173958414230033,
10,152.265,-0.008289189021390423,0.010533817834778704,-5.455989866562228e-05,
10,152.317,-0.007816214080182933,0.010096267743662698,-7.09111849873943e-06,
10,152.367,-0.007688301957943478,0.009807910798596142,2.3922710771284533e-05,
10,152.417,-0.007390304717735542,0.009638403818979051,4.1891683691842665e-05,
10,152.469,-0.006605494964282484,0.009558738530050405,5.0050808121023e-05,
10,152.521,-0.005370680085779708,0.009543093136107813,5.126292041776605e-05,
10,152.571,-0.004147284338271017,0.009569763848944594,4.792218262102444e-05,
10,152.622,-0.0036319928510226748,0.009621431511245896,4.192984044798548e-05,
10,152.673,-0.003612240269439557,0.009684980363333635,3.471827332367597e-05,
10,152.724,-0.003911889120439276,0.009751044135454202,2.7304084557024358e-05,
10,152.775,-0.004392314741821693,0.010014247379503837,2.0355551541863824e-05,
10,152.825,-0.004749253913769475,0.010382742299215295,1.426386727384128e-05,
10,152.877,-0.005399988013229655,0.010588330068690529,-0.00019162256528620816,
10,152.928,-0.006387705873747308,0.010873755165123688,-0.0007099417526420259,
10,152.979,-0.007110534680967061,0.011187454867784248,-0.0011861681373091116,
10,153.03,-0.007404575490094535,0.011293254293770946,-0.0013963076682901462,
10,153.081,-0.007199157485260775,0.011257217323355972,-0.0016197444059641106,
10,153.132,-0.007091580052718984,0.011133108336558924,-0.002034593536511843,
10,153.182,-0.007457062200602089,0.011163317986844112,-0.0023380453770191914,
10,153.233,-0.007494080424724713,0.011490906942214076,-0.002545675057247528,
10,153.285,-0.007116630348394647,0.011982904217304677,-0.0028760030921630105,
10,153.337,-0.006503682261553849,0.01274165483223072,-0.003057653855206853,
10,153.387,-0.00598977106110424,0.013610535048055693,-0.002928523930902595,
10,153.438,-0.006183162553017077,0.014078579585494942,-0.002610447788669372,end
11,154.713,-0.0072148918242808426,0.011421678013707047,-0.0025919898166525557,start
11,154.764,-0.006306246586725068,0.010712404098232882,-0.0027854678675387386,
11,154.815,-0.006020217566481408,0.00999944663826029,-0.002685789035250394,
11,154.866,-0.006156482116332561,0.009542234728201688,-0.0026069347863994586,
11,154.916,-0.006150971382519202,0.009486608691293984,-0.0027486047066314855,
11,154.969,-0.00565330823751164,0.009893842659572334,-0.0030203273066938463,
11,155.021,-0.0052816487013862485,0.010364384433819583,-0.003152797320115346,
11,155.07,-0.0056231594378623045,0.010636894861292165,-0.0027836483868086508,
11,155.121,-0.006394628285709222,0.010961339529429352,-0.002122440382399961,
11,155.172,-0.006978209354729102,0.011493862194834512,-0.001527870627444545,
11,155.224,-0.0071935735643920105,0.011916222958739073,-0.0008229696075961104,
11,155.274,-0.006954646716717057,0.012033167859552869,-0.00010393460078550709,
11,155.325,-0.006443553421592513,0.01194483923805057,0.00016473537743697406,
11,155.376,-0.00620063096200635,0.011731953871270002,0.0001229798623320417,
11,155.427,-0.006350048738135527,0.011456285662907071,8.632050036810445e-05,
11,155.478,-0.006538257624961316,0.010961663308501493,5.587453753001129e-05,
11,155.529,-0.006535392123147004,0.010165515446364301,3.185937738437101e-05,
11,155.58,-0.006811878275261027,0.00944077470595583,1.3897843397631979e-05,
11,155.631,-0.007847816917341856,0.009020885621454049,-0.00019957193157078387,
11,155.681,-0.009086777388498422,0.00903107841491142,-0.0009229497627695491,
11,155.733,-0.009753915270818257,0.009517119715542187,-0.001915246464399547,
11,155.784,-0.010000720360402145,0.010068468152009407,-0.0025986327562811085,
11,155.835,-0.01015895131516203,0.01041657603603805,-0.002828166439220693,
11,155.888,-0.010046830216246243,0.010606370567601614,-0.002748181817908801,
11,155.937,-0.009569491832314378,0.010679383735228736,-0.0024761125976655437,
11,155.989,-0.00909710068160369,0.010671633594932934,-0.002102705886896146,
11,156.04,-0.008665831263204618,0.010612708378485085,-0.0018951369302630723,
11,156.09,-0.008094747040974574,0.010525695614888399,-0.00201143666089883,
11,156.141,-0.007881536863360539,0.010427658896287802,-0.0021252736565795156,
11,156.192,-0.008115811322090109,0.010330427576223456,-0.002027552597770878,
11,156.243,-0.008015759695281345,0.010241523728329652,-0.00180199872631655,end
12,157.619,-0.00495379569189585,0.010754642419897232,-0.0022715279921323613,start
12,157.672,-0.005080736452076487,0.010270722688693426,-0.0020018897844907577,
12,157.722,-0.004753996953850672,0.00993861193389524,-0.0016681381678559791,
12,157.773,-0.004363370694900183,0.009730543706391414,-0.0015209123962935172,
12,157.824,-0.004163984579169452,0.009618745185653399,-0.0017059760739608328,
12,157.875,-0.0039024343447915436,0.009577670551664067,-0.001888453639364854,
12,157.926,-0.003622026293188942,0.009585254458777706,-0.0020546135430781175,
12,157.977,-0.0037537172124190317,0.009623436354551502,-0.002397793544657072,
12,158.027,-0.004139129252935068,0.009678175033530917,-0.0026261031649230287,
12,158.079,-0.0042546369299311815,0.009939968738924873,-0.0025615659315520135,
12,158.129,-0.00398692824100289,0.01051436036486311,-0.0023143954175867797,
12,158.182,-0.003695782767880115,0.011042260624290949,-0.0019699488313665763,
12,158.231,-0.003814662112327668,0.011297101863092707,-0.0013899510177809568,
12,158.283,-0.004186961514835426,0.011155510344354556,-0.0005046416390578016,
12,158.334,-0.004290216850070907,0.010771040603758225,0.0001036925027075619,
12,158.385,-0.004212625500380094,0.010663353638691782,0.00028468490678701733,
12,158.436,-0.00442694834420526,0.010741832599162993,0.0003778949393056438,
12,158.486,-0.0052129408202217465,0.010732571220060605,0.00020648407253798533,
12,158.538,-0.006302432997198704,0.010667781437871565,-0.0001208717865932147,
12,158.589,-0.006896551528582026,0.010572583216479135,-0.00032111192123296134,
12,158.639,-0.007125233811833716,0.010465530098558827,-0.0004237402071604253,
12,158.691,-0.007703673122640125,0.01035947377212478,-0.00045552049824958596,
12,158.742,-0.008459961608472654,0.010262576611340259,-0.00043930929806618396,
12,158.792,-0.008867891352434315,0.010380171435583178,-0.0005944546386216316,
12,158.844,-0.009019630272811309,0.010826717880591656,-0.00104787005341844,
12,158.896,-0.009195704757255153,0.011448365331538639,-0.001455323353333125,
12,158.947,-0.009172408564550196,0.012132374989921993,-0.001398899334601434,
12,158.996,-0.009424784456513893,0.012600598226244158,-0.0008486659652229209,
12,159.047,-0.010235356146071989,0.01269197885956047,-0.00022676301655339954,
12,159.1,-0.010736310571798602,0.012534329987175836,0.00019031205432987246,
12,159.15,-0.0107976144300641,0.012229630138027732,0.00044251536629279464,
12,159.201,-0.010572022969496359,0.011855096512590714,0.00056871755684727,
12,159.252,-0.010180553298016391,0.011666696125827509,0.0004031368198357087,
12,159.303,-0.009714145494916164,0.011813641088972721,-0.00013711132830420206,
12,159.354,-0.008835476848204548,0.011963022054769375,-0.0006734193369712848,
12,159.405,-0.007762990569928741,0.011901131408793413,-0.000963283196312895,
12,159.456,-0.0066523555915034204,0.011507879623889635,-0.0012726376096773952,
12,159.506,-0.005204807727398548,0.010732866484659888,-0.0015696408087520646,
12,159.558,-0.00365746679757773,0.009976103258073224,-0.0014331959309778208,
12,159.609,-0.0023712603413988545,0.009492671706772102,-0.0012305532075293627,
12,159.659,-0.0015566919549741595,0.009223377576095428,-0.0012025670411595336,
12,159.711,-0.0019133810912877248,0.008912220483732514,-0.0010880116963015937,
12,159.761,-0.0037959385905699415,0.00839837718739766,-0.001127971358786502,
12,159.812,-0.006706715405142663,0.008197486904738626,-0.0012638193608456938,
12,159.863,-0.009842275824023755,0.00861511504196431,-0.001048585045342324,
12,159.915,-0.012066776506125452,0.009195047749258662,-0.00022380675196203426,
12,159.965,-0.01292576481626909,0.009631653084305273,0.0009256462132418129,
12,160.016,-0.012839974161428796,0.009740427514868831,0.001990156586549699,
12,160.067,-0.011753472613320005,0.00942937520836508,0.0029146730940023654,
12,160.12,-0.009911612370127394,0.009074887942692062,0.0034743010526707713,
12,160.169,-0.00793409833202863,0.00892185444416995,0.0035541166722191236,
12,160.22,-0.006229276728907562,0.009111150995477237,0.003319792045033339,
12,160.272,-0.005438802027211415,0.009705628259048247,0.0029028171960327107,
12,160.323,-0.005499080342318121,0.010311378723163109,0.002402196379638824,
12,160.373,-0.005698480736222691,0.010474029928455338,0.0018881456968637268,
12,160.424,-0.005770255109682192,0.010339432408128135,0.0014067772197519513,
12,160.475,-0.005754410454711766,0.01042667395654255,0.0009850395218971545,
12,160.527,-0.005683644057086735,0.010850017572900994,0.000635425765467299,
12,160.577,-0.005382504769427924,0.01145491210905326,0.00036015449330773495,
12,160.629,-0.004756973380376261,0.011926817678819588,0.0001546763821303665,
12,160.68,-0.004174477376037534,0.012074687106529881,1.046699018370317e-05,
12,160.731,-0.004068043413938879,0.012203690248698502,-8.286277470450059e-05,
12,160.781,-0.004074649127876705,0.012511063856207235,-0.00013606330937787937,
12,160.832,-0.003751555040746529,0.012707309594266223,-0.00015925311738768628,
12,160.884,-0.0038454637126843355,0.01261568454709902,-0.00016133258212708697,
12,160.935,-0.005002608359340383,0.012346793686333546,-0.0001497058451389324,
12,160.986,-0.006748703597902255,0.01198581405718631,-0.0001302226306288912,
12,161.037,-0.008129752361552632,0.011594771898213193,-0.00010726580625395776,
12,161.088,-0.008563232611400125,0.011215862860017049,-8.392537803402449e-05,
12,161.139,-0.008153331712572896,0.010875174492411361,-6.22139423075604e-05,
12,161.189,-0.007637123086543589,0.010586367686794851,-4.32914182247408e-05,
12,161.24,-0.00729503631798372,0.010354036051375443,-2.7677678788290664e-05,
12,161.292,-0.006891270229389873,0.010176588857889043,-1.5440339221597116e-05,
12,161.342,-0.007082882908790874,0.010048596833072333,-6.351526760674485e-06,
12,161.394,-0.008042617078107819,0.009962604999241618,-1.2162774443027377e-08,
12,161.445,-0.009016221066445772,0.009910458074235918,4.054575146214899e-06,
12,161.495,-0.009318006538368829,0.009884206776592316,6.337065707029881e-06,
12,161.546,-0.008763009388391025,0.009876672537014805,7.291866110015608e-06,
12,161.597,-0.008104765539960734,0.010082581418608742,7.3184479660775796e-06,
12,161.648,-0.007834850581316475,0.010609674656528028,0.00020758123565899812,
12,161.7,-0.008036507812193592,0.010898749439358155,0.0007210116744857313,
12,161.751,-0.008725242424222042,0.010610281030490653,0.0011932133676158946,
12,161.801,-0.009269369116560353,0.010175411729011359,0.001400205688746576,
12,161.853,-0.00907453874916185,0.009882416202141654,0.0014204771614211007,
12,161.904,-0.008421428532908544,0.009703948983927053,0.0015202001088079793,
12,161.957,-0.008129367402564702,0.009613271562158061,0.0018637019477146348,
12,162.006,-0.008293161596216453,0.009586182692604448,0.0021351234059903902,
12,162.057,-0.008535327492728782,0.009602052581496889,0.0021376781201685375,
12,162.108,-0.008406635865219336,0.0098450329087135,0.001967589505452147,
12,162.16,-0.007247097815711161,0.010414985069554747,0.0014996059778823933,
12,162.209,-0.005318740878446393,0.010948021232749395,0.0004764945155392363,
12,162.261,-0.003453879665552938,0.011213726967934823,-0.0008204590155448721,
12,162.312,-0.0025828869135737843,0.01148746851594012,-0.001988019155420515,
12,162.363,-0.0030217840579223596,0.01194520689418428,-0.002978798496400829,
12,162.414,-0.004064689319144511,0.012082512902483442,-0.0035757728096749613,
12,162.465,-0.005210362269040815,0.011601611539155385,-0.003671388993629108,
12,162.516,-0.006731576870735951,0.010963688054357977,-0.003437777191121395,
12,162.567,-0.00857227490826922,0.010477138448277981,-0.003011781358044281,
12,162.617,-0.009867503525510427,0.010126758926551247,-0.002496621451241842,
12,162.668,-0.010508010636204707,0.009891859497946109,-0.001965660607545541,
12,162.72,-0.010877990603515663,0.009749893689061545,-0.0014672197315665503,
12,162.77,-0.01084391214394953,0.009678935605071817,-0.0010296770681983661,
12,162.822,-0.010352594175843872,0.009659218743219369,-0.0006663408841865266,
12,162.872,-0.009808327874764744,0.009473115786131948,-0.00037978519346857666,
12,162.923,-0.009273825875250908,0.008994417490191144,-0.00016549280098225567,
12,162.974,-0.008186023654841846,0.008567351870779736,-0.00021559509142774348,
12,163.026,-0.0068307484053701855,0.00840854226333478,-0.0006320760836094169,
12,163.077,-0.006015303837347716,0.008434536787363401,-0.001049243603952894,
12,163.127,-0.00561158799259113,0.008777801150879165,-0.0012325052632964572,
12,163.179,-0.00550436688934084,0.009497805054780784,-0.0012510289953330438,
12,163.23,-0.005595916587032686,0.010200757380274995,-0.0013632433844285815,
12,163.282,-0.005807593739445551,0.010635469399980746,-0.0019281991614236446,
12,163.331,-0.006280143716814799,0.010863223165372407,-0.0027381364703023647,
12,163.382,-0.006681209650293667,0.010939947687530071,-0.0032384606819329223,
12,163.433,-0.006803376511605121,0.010913645825743017,-0.003299187625627284,
12,163.485,-0.006736856937076978,0.010823380753773664,-0.0028722661241235062,
12,163.536,-0.006554666774442206,0.010699344084326953,-0.002166886624588212,
12,163.586,-0.006112093413128702,0.010563612243998943,-0.0017412505484178703,
12,163.637,-0.0051364090259909834,0.010431283496510405,-0.0015292211667443103,
12,163.689,-0.003696359511732067,0.010311767754290484,-0.0012703881658135561,
12,163.741,-0.0026766738392017195,0.010210070766073451,-0.0010023305427966367,
12,163.791,-0.0026110050105221747,0.010127971534307008,-0.0005490570355159321,
12,163.842,-0.0029616381007072307,0.010065036669319053,0.0001874255894629928,
12,163.892,-0.003350265841093919,0.01001944867604153,0.0008455469628709178,
12,163.943,-0.0035312080412689545,0.009988648366953306,0.001400542058548578,
12,163.995,-0.0035644150873884984,0.009969806457331835,0.0018448122798184262,
12,164.045,-0.0039018716395275007,0.009960147721436498,0.0015798782006070352,
12,164.097,-0.004608183682752866,0.009957154547830164,0.000680544268695731,
12,164.147,-0.005293487614999334,0.009958676794848832,-0.0003525827203705449,
12,164.198,-0.005910265125382214,0.009962972726456904,-0.0013885234244419018,
12,164.25,-0.006835212548138312,0.00996870245788278,-0.002142214349866465,
12,164.301,-0.007682667333660381,0.00997489146986383,-0.0024535036884864676,
12,164.352,-0.008010675808792927,0.009980877857374953,-0.0024560511386352707,
12,164.403,-0.007979186537361838,0.009986253384135462,-0.002260381858259893,
12,164.453,-0.007518828819799828,0.009990805299737898,-0.00195330476364395,
12,164.505,-0.006820397794015809,0.009994463319917098,-0.0015994446622034605,
12,164.556,-0.0064270527795662075,0.009997254177465744,-0.0012440070144843632,
12,164.606,-0.006260973914597987,0.00999926467967799,-0.0009161111418908281,
12,164.658,-0.00585232692309443,0.010000613189191418,-0.0006322202398400757,
12,164.709,-0.005320936518222016,0.010001428798231177,-0.0003993579323940704,
12,164.76,-0.004954346523074631,0.009801003454392391,-0.00021792952796899107,
12,164.811,-0.0045220673120737066,0.009286779122057257,-8.406310823388789e-05,
12,164.861,-0.0038815510514905688,0.00881344240244439,-0.0001922882491521324,
12,164.912,-0.0031589365277217597,0.008806021104922478,-0.00044708508457295975,
12,164.965,-0.0026425519388005086,0.009298845214129822,-0.0003737498784530546,
12,165.014,-0.0025007498533134833,0.010072912217372934,-9.585795381796382e-05,
12,165.065,-0.002610578285015865,0.011166004956526459,9.006906077558183e-05,
12,165.116,-0.002872967437767002,0.012375893417782053,1.2444224151662853e-06,
12,165.167,-0.003011289358868677,0.013161827154724857,-0.0004574906760600381,
12,165.22,-0.00305892869130131,0.013411886443327697,-0.0009157829827120829,
12,165.27,-0.0036470825404284297,0.013298173701859003,-0.0011361414407861582,
12,165.321,-0.004936315082424153,0.012960290147626506,-0.0013870321568862395,
12,165.371,-0.0061699496973536055,0.012505777653591477,-0.001838183519401364,
12,165.422,-0.006666323389542785,0.012012977571916899,-0.0021806961489123323,
12,165.474,-0.006850811893358094,0.011535210023782555,-0.002225184278881036,
12,165.525,-0.007222119062938604,0.011105464335450739,-0.002074960052179755,
12,165.576,-0.007683414280652295,0.010741040499797305,-0.0018119247882951372,
12,165.627,-0.008165366029481536,0.010447786363274878,-0.0014976685256466113,
12,165.677,-0.008220181712404247,0.010223735142861205,-0.0011758068902744613,
12,165.728,-0.007996649488902795,0.01006206612939065,-0.0008749237969456088,
12,165.779,-0.007813389180583058,0.00995339347188223,-0.0008124999600861989,
12,165.831,-0.007269011950782994,0.009887440159611875,-0.001108860712711914,
12,165.882,-0.006737597191258653,0.00985418322303675,-0.001410687172657685,
12,165.933,-0.006257186319509649,0.009844567802161803,-0.001490938652229463,
12,165.983,-0.00564724628262359,0.009850887343793118,-0.001422635798138071,
12,166.034,-0.005605732078312028,0.009866919127477594,-0.0012645443984178745,
12,166.085,-0.005932113635758957,0.009887891983851328,-0.0010615670063512466,
12,166.137,-0.005865725378401723,0.010111182638270164,-0.000846107790720572,
12,166.188,-0.005753600450426072,0.010446292412282584,-0.0006399519231160893,
12,166.239,-0.006022816933357475,0.010424529710963843,-0.00045632398668652124,
12,166.29,-0.006514980224528668,0.010175634571846046,-0.00030189584146570673,
12,166.341,-0.007311427268536084,0.010001895958309406,-0.00017860077482307685,
12,166.391,-0.008239045816881592,0.010091149778044518,-8.517767559362353e-05,
12,166.442,-0.008774605290357174,0.010542737786639113,-1.8418009625283154e-05,
12,166.493,-0.008814860070764641,0.010989598100663384,2.5877987304799984e-05,
12,166.545,-0.008534216618583224,0.011196694808690651,5.2208424749268634e-05,
12,166.596,-0.008070309651544419,0.011233381963663686,6.490140778292236e-05,
12,166.646,-0.007526133600209291,0.011157829483506349,6.782831718154924e-05,
12,166.697,-0.006773358738841144,0.010815527677398145,6.425661146786444e-05,
12,166.748,-0.006549772687661298,0.010128810414394866,5.680393644279726e-05,
12,166.799,-0.00728604510234852,0.009477201799351844,4.746089496855957e-05,
12,166.85,-0.007976275941274792,0.00910128980140216,-0.0001631776327078236,
12,166.901,-0.008380695656082678,0.008932394565161742,-0.000686829663493182,
12,166.952,-0.00836848787530572,0.008909837786533138,-0.0011683329496373393,
12,167.003,-0.007889222447092524,0.008982947466895439,-0.001383289591872546,
12,167.055,-0.00755057724080715,0.009111539824124082,-0.001610861578408918,
12,167.106,-0.007730990883318994,0.00926538581222056,-0.0020290764454669458,
12,167.156,-0.008229810464307978,0.009423069274437543,-0.002335130113287091,
12,167.207,-0.008491100968399357,0.009570546648123434,-0.002343829017051129,
12,167.259,-0.008579061462840567,0.00949879730755751,-0.0021611201724818347,
12,167.31,-0.008749623973582935,0.009091376793923073,-0.0018703293081920216,
12,167.36,-0.008557794226223327,0.008702236213256387,-0.0015335801112391476,
12,167.412,-0.007948120338877006,0.00835608050586375,-0.0011944076958496945,
12,167.463,-0.007320272339542095,0.00786446744387134,-0.0008809280400191436,
12,167.513,-0.0065303718934459675,0.007519891718787234,-0.00060910938114859,
12,167.564,-0.005699994299046671,0.007498133232528936,-0.000385846200728426,
12,167.615,-0.0051111973861076715,0.007685162013437665,-0.00021165965537116652,
12,167.667,-0.004724638709370758,0.007991072159758725,-8.294149366129831e-05,
12,167.718,-0.00429800577770169,0.008348652231439902,6.275074677834043e-06,
12,167.768,-0.0036791104058670264,0.008710645244029909,6.29901595275636e-05,end
13,171.746,-0.005125941123112144,0.011023018082479826,-0.0008093293741565853,start
13,171.798,-0.005618950219864215,0.01082552411291395,-0.0007906992183125799,
13,171.848,-0.005885419948216198,0.010632543841608897,-0.0007152311333969446,
13,171.899,-0.006386859179633265,0.010457961210966949,-0.0008102062234444916,
13,171.95,-0.007199547769308713,0.010309202762630287,-0.0012076992837365273,
13,172.002,-0.007744903214193117,0.01018895697452904,-0.0015664470601364777,
13,172.052,-0.00767332653315961,0.010096657585403868,-0.0016706923825224973,
13,172.103,-0.007010995831253692,0.010029696391737787,-0.001603337776915908,
13,172.154,-0.0064246587591748954,0.009984365113225046,-0.0014313381222280134,
13,172.206,-0.006335830116802158,0.009956547832615412,-0.001206041532129775,
13,172.257,-0.006573215183407381,0.009942197839960414,-0.0009646617256496109,
13,172.307,-0.0070007479497126105,0.00993763789774192,-0.0007323577991794249,
13,172.359,-0.007515887048333002,0.009939723135374645,-0.0005245364810220737,
13,172.41,-0.008045829695591257,0.009945902754966951,-0.00034911212738018133,
13,172.461,-0.008341860838243191,0.00995421188248915,-0.00020855806245089723,
13,172.511,-0.008263257615379311,0.0099632192722153,-0.00010165930548999846,
13,172.562,-0.007950696535019845,0.00977111724303521,-0.0002257666349581589,
13,172.613,-0.007513195336666948,0.00926463194419023,-0.0006888937574327389,
13,172.664,-0.007432376898763303,0.008998871480728742,-0.0013322471403705099,
13,172.715,-0.007787643578445504,0.009310517030134179,-0.0020395061079486665,
13,172.767,-0.007992387005327811,0.009766613592352718,-0.0025301008033065345,
13,172.817,-0.008084144364157693,0.01007788056220434,-0.0026414927083487465,
13,172.869,-0.008296900403782842,0.01027125569686081,-0.0025007338231868665,
13,172.92,-0.008771001359801939,0.010373486227609105,-0.0022095652894936297,
13,172.97,-0.009575463764299639,0.010409048493971876,-0.001845321872787936,
13,173.021,-0.010326345086043133,0.010398996126448743,-0.0014634727022370573,
13,173.072,-0.010580873890347557,0.010360496284811966,-0.000900173664667051,
13,173.124,-0.010094951752795595,0.010306844437473572,-6.491958213582162e-05,
13,173.174,-0.009173176072524663,0.010247784866626959,0.0006768207788077915,
13,173.225,-0.008045914484083405,0.010190001503796469,0.0010981657436493456,
13,173.279,-0.006475753707372364,0.009936844920894906,0.001079342872941959,
13,173.328,-0.004546841650911034,0.009377888711960986,0.0005788961346332158,
13,173.379,-0.0027436337489283587,0.008868543985689517,1.0595462878709282e-05,
13,173.43,-0.0019692389562644135,0.008632768741114695,-0.00015390256160533795,
13,173.48,-0.0023185521597684105,0.008591388346102777,0.00015462721429256656,
13,173.531,-0.0029588283646085687,0.008678007617249359,0.0005409151767601023,
13,173.582,-0.003734278533538036,0.00883976124520818,0.0007452079666853663,
13,173.634,-0.004734961791005873,0.009036708179502959,0.000816366325652786,
13,173.684,-0.0057997102855343995,0.009441238621474977,0.0007964223152126056,
13,173.736,-0.006820012185389581,0.010147239390021384,0.0007196518314421188,
13,173.787,-0.007529010153584876,0.010789039474459554,0.0006126028403592691,
13,173.837,-0.007780562949246429,0.011338106328540903,0.0004947342981263358,
13,173.889,-0.00791935812855269,0.012185257452589256,0.0003793954082109426,
13,173.939,-0.007974686139883547,0.013155530798802129,0.0002749444870599192,
13,173.99,-0.007570370352661853,0.013725156043048243,0.0001858674855542255,
13,174.041,-0.006502074084028254,0.01379123138717683,0.00011380643499744796,
13,174.092,-0.004892919194734223,0.01352904616721265,5.8447504438361326e-05,
13,174.144,-0.0034678200920566743,0.013077392776056225,1.8247678787263407e-05,
13,174.194,-0.0028777495631175493,0.012540506562544337,-9.000440438845773e-06,
13,174.245,-0.002669794647190871,0.011992086075691166,-2.575302707139775e-05,
13,174.297,-0.0021211149388489178,0.011681158237013798,-0.00023526215008850025,
13,174.347,-0.0015988218571203815,0.011748358238956449,-0.0007523990366022362,
13,174.398,-0.0017379104574488983,0.011851839048601301,-0.00122445641018726,
13,174.449,-0.002290003747982956,0.011769441982709907,-0.0014288463099744989,
13,174.5,-0.0028617930106458376,0.011574451097035329,-0.0014451479154533073,
13,174.551,-0.0036011141598181937,0.011322912284821799,-0.0013395092396783221,
13,174.602,-0.004589323570086475,0.01105531335662563,-0.0011641502975432779,
13,174.653,-0.005657771566051454,0.010798911396740834,-0.0009581633463038323,
13,174.704,-0.006691848575607319,0.010570288286871104,-0.0007490807192904346,
13,174.756,-0.007419977058105204,0.010377847271151769,-0.0007556426628259401,
13,174.806,-0.007491724588956906,0.01022407115023889,-0.0011008150953555188,
13,174.858,-0.007337571114999055,0.010107446187284328,-0.0014345933335810392,
13,174.908,-0.007452586677724028,0.010024017063686665,-0.0015334166706199664,
13,174.959,-0.007530160962113775,0.009968580293069318,-0.0014736124995925973,
13,175.011,-0.007577490414209257,0.009935549888809776,-0.0013168766084047,
13,175.061,-0.007601620157840971,0.009919543288810005,-0.0011105645462043182,
13,175.112,-0.00720726499563343,0.010116574453094884,-0.000889030492735981,
13,175.163,-0.006576193810951,0.01063524317521068,-0.0006755303892785463,
13,175.214,-0.006245667885651723,0.011117694529884406,-0.000685167730162324,
13,175.265,-0.005933615761016566,0.01153816083255332,-0.0010379740688545415,
13,175.317,-0.005055979097501321,0.01208592906856875,-0.0011808629061273428,
13,175.367,-0.003886107511857479,0.012470504820778114,-0.0009768084203415092,
13,175.418,-0.0028236240999451163,0.012518688865181902,-0.0007674673596675468,
13,175.469,-0.002116200885136129,0.01234725677928228,-0.0005715528382544861,
13,175.52,-0.0016933258299688865,0.011847911627790433,-0.0006008215959008112,
13,175.573,-0.0012860835362808526,0.010776705740928125,-0.0007721607352790331,
13,175.623,-0.001524083488567312,0.009424789769562807,-0.0008200190105649592,
13,175.674,-0.0025584584988293186,0.00840311135569754,-0.0007848380227932549,
13,175.724,-0.003618827640264092,0.007876139927200296,-0.0009000595421358015,
13,175.775,-0.004409851377663103,0.007708783024018274,-0.0013033194528106183,
13,175.826,-0.0045629170390782065,0.007785509809220204,-0.0016580843083300065,
13,175.877,-0.004093697357068566,0.008012616315078838,-0.0017524136408642397,
13,175.928,-0.003865569021484014,0.008317924834156637,-0.001672134448292266,
13,175.979,-0.004212058642062184,0.008648861844297714,-0.0014863189150719543,
13,176.03,-0.004899245661763705,0.00896965041078676,-0.0012477446925805535,
13,176.081,-0.005749735369894611,0.009258160201132208,-0.000994499096877208,
13,176.132,-0.0064358030699085585,0.009502790958397898,-0.0009530217445452242,
13,176.183,-0.0067604706127993575,0.009699627794603741,-0.0012515279557713992,
13,176.234,-0.006827271941262139,0.009849999341475948,-0.0015432694553048068,
13,176.285,-0.006321656683205434,0.009958490436582578,-0.001606402136205907,
13,176.337,-0.005087871679940156,0.010031405974240857,-0.001517844532825313,
13,176.388,-0.0038878554228954725,0.010075647515819972,-0.0013391142712009967,
13,176.439,-0.003408399230796879,0.010097944869700828,-0.0009160760016055712,
13,176.489,-0.003630425376168193,0.010104377061413568,-0.0001695008885597277,
13,176.54,-0.004083678512984714,0.010100117386738069,0.00052376645734345,
13,176.591,-0.004447984387003685,0.010089342661524536,0.0009263185629911361,
13,176.642,-0.004926811500683097,0.010075255069609183,0.001110081597778727,
13,176.693,-0.005641454803336787,0.01006017447057266,0.0011387616046406985,
13,176.744,-0.0064499294107071645,0.010045668481625183,0.0010656749087671776,
13,176.795,-0.006851967994034508,0.01003269633605771,0.0009331912888956348,
13,176.846,-0.0067602074012182165,0.010021750020667476,0.0007732562283386735,
13,176.897,-0.00655995304905243,0.01001298232999151,0.0006085632812270219,
13,176.948,-0.006105369527257566,0.010006316242574887,0.0004540492109063786,
13,177.0,-0.0055241898695388815,0.010001533531522918,0.00031847602910760185,
13,177.05,-0.005109339415073215,0.009998342938536938,0.00020594167837757337,
13,177.101,-0.004633657168621698,0.009996429764302565,0.0003180572470476166,
13,177.153,-0.004157173560608824,0.009995489556459429,0.0007660794108873561,
13,177.203,-0.004320954542992678,0.009995248892259069,0.0011927109589516974,
13,177.255,-0.004882213111824546,0.009995476214838398,0.0013705171576823705,
13,177.305,-0.005251639386728445,0.009995985419848825,0.001173621392713309,
13,177.357,-0.005669190088802965,0.009996634504388502,0.0005513936098737958,
13,177.407,-0.006084062172696079,0.009997321157671036,-9.280214906204765e-05,
13,177.459,-0.006062220898521609,0.009997976744489028,-0.0004985029719266799,
13,177.509,-0.0055612137699926345,0.009998559741223304,-0.0007186533489819338,
13,177.56,-0.005194807832323049,0.009999049348049594,-0.0008021152202240781,
13,177.612,-0.0053458305442841995,0.009999439727303256,-0.0007912069269448779,
13,177.662,-0.0056157410835477005,0.009999735106283556,-0.0009214841401117117,
13,177.714,-0.005739384009947125,0.009999945827876253,-0.001332678931044393,
13,177.764,-0.005357618002222706,0.01000008532632809,-0.0016901742856848913,
13,177.816,-0.004481542126780293,0.010000167939315375,-0.0017836769290454518,
13,177.866,-0.0033588180656738973,0.01000020743213518,-0.0017003560499193173,
13,177.917,-0.0019672644666784297,0.010000216097174304,-0.0017111562430221837,
13,177.969,-0.0011175859155321175,0.01000020429467628,-0.0019822871692998633,
13,178.02,-0.001286198346504177,0.010000180313427356,-0.002197767070027959,
13,178.07,-0.002295181700330584,0.010000150447814564,-0.0023602448534530986,
13,178.122,-0.0035612494562539706,0.010200952863106147,-0.002676510900185433,
13,178.172,-0.004087156460019334,0.010715261873039558,-0.002865168883954633,
13,178.224,-0.003895278640898599,0.011188488940557741,-0.0027559960356131922,
13,178.274,-0.003258462631165751,0.01159735207235414,-0.002464579157908337,
13,178.326,-0.002588276119067815,0.012132923559655664,-0.002280523974057672,
13,178.376,-0.00255302675375328,0.012505901678142054,-0.0023809448234960134,
13,178.428,-0.002927827007656233,0.012342970354572618,-0.0024549140042645057,
13,178.478,-0.003535504213473471,0.011648587867771416,-0.0023051425106138538,
13,178.529,-0.0042437205967012295,0.010869974164966411,-0.0020239062539307824,
13,178.581,-0.004557857150620336,0.010300721032373969,-0.0018817812071301144,
13,178.631,-0.004393180667255008,0.009911471698537669,-0.0020411264014736003,
13,178.682,-0.003934645738046314,0.009668937824558065,-0.002381019247497872,
13,178.733,-0.0033244799410538026,0.009740817377867833,-0.002809401838502834,
13,178.785,-0.002866915840456365,0.010209405788614853,-0.0030592903512053848,
13,178.836,-0.002744814436599645,0.010693947050189462,-0.0029737933472087953,
13,178.886,-0.002646837722134641,0.010948961164388047,-0.002680064596578615,
13,178.937,-0.002371370567367588,0.011036281522873117,-0.002276382342475068,
13,178.989,-0.0022050325316448935,0.011009036486486063,-0.0018346104329278448,
13,179.039,-0.0025237144458669964,0.010910503445991886,-0.0014038987312994836,
13,179.09,-0.0031278638294466965,0.010774165234708142,-0.0010148810732574644,
13,179.141,-0.0034648974905767717,0.010624533139542309,-0.0008846887451890617,
13,179.192,-0.003603540991378743,0.010478395455771356,-0.0011317868967026207,
13,179.243,-0.004005476256564193,0.010547072319868744,-0.0014001769719200832,
13,179.294,-0.004343151592697291,0.010948837430010858,-0.0014598282955335423,
13,179.346,-0.004210819784342656,0.011331120361108823,-0.0015816463580415978,
13,179.396,-0.0037876788433046063,0.011469364599653203,-0.0019343827430711455,
13,179.448,-0.0034128530501971806,0.011439988609063456,-0.002206048758700025,
13,179.499,-0.0037016262721563634,0.011305469001740271,-0.002203062640967789,
13,179.549,-0.004392801590354954,0.011114321799905865,-0.0020241678402497473,
13,179.601,-0.0048848662942726825,0.010902211919759255,-0.0017468249738625077,
13,179.651,-0.005209701838157693,0.010693697114686365,-0.0014286222018286606,
13,179.702,-0.005401189539143279,0.010504238732764756,-0.0011097761968406792,
13,179.753,-0.005692605181630997,0.01034222206491444,-0.0010169653125577946,
13,179.804,-0.006024699335579191,0.010210820542462416,-0.0012774118759058268,
13,179.855,-0.006356204442236539,0.010109610029843836,-0.00154266441681348,
13,179.906,-0.007062368120818529,0.010236726814354995,-0.0015888569681952167,
13,179.957,-0.00815292473317243,0.010700903586292216,-0.0014908442507846613,
13,180.008,-0.009201570500719807,0.011143131716751768,-0.0013082189633729566,
13,180.059,-0.009536594371374824,0.011334923679772043,-0.001085998195685445,
13,180.11,-0.00918618845775585,0.011149857053555328,-0.0008562345694766286,
13,180.161,-0.008424330417998574,0.010537124978691335,-0.000840924682589977,
13,180.212,-0.00665645499581891,0.009699331899572977,-0.0013660522387643815,
13,180.263,-0.004184554675970364,0.008784498417919704,-0.0021956048655559254,
13,180.314,-0.0022630378387867474,0.008094580352219894,-0.002752092833692404,
13,180.366,-0.0012505397063317688,0.007805169297008018,-0.0030887457578266126,
13,180.416,-0.0009023795987862936,0.0077958734210559905,-0.0034581962990385337,
13,180.467,-0.0010082626121654956,0.007966976616055473,-0.0036181687456575385,
13,180.518,-0.0017985082417194811,0.008240033720616347,-0.0034301072979752933,
13,180.57,-0.0031650213759329623,0.008556543499282197,-0.0030339414040961273,
13,180.622,-0.004188846862375246,0.00887549539095961,-0.0025361327814553396,
13,180.671,-0.004709807997131325,0.009170391025821284,-0.0022139597842310765,
13,180.722,-0.005468906661769264,0.009426168156021408,-0.002231145893460205,
13,180.773,-0.00652058782918336,0.00963630911065524,-0.0022637662122678443,
13,180.824,-0.007072931078466646,0.009800299883450868,-0.0021028311263355122,
13,180.875,-0.00705981788473504,0.009921518219586081,-0.0018306874565253925,
13,180.926,-0.006885935415467092,0.010005566499051911,-0.0015090822336271805,
13,180.977,-0.006823745560485687,0.010059023816216926,-0.0013824240842586146,
13,181.028,-0.0068381858618345335,0.010289400816930937,-0.0015918040836420421,
13,181.079,-0.006699779336761881,0.01081557220235216,-0.001799048790653658,
13,181.13,-0.00667529659547672,0.011288348946580665,-0.0017874416841276487,end
14,183.017,-0.008227014102743188,0.011333986644382706,-0.00022973913219361398,start
14,183.068,-0.007271161288422512,0.01115944857929346,7.906145091249561e-05,
14,183.12,-0.0072790079887270496,0.010552698492831232,0.00027075989975782096,
14,183.171,-0.007703460846716926,0.00991832455250674,0.0001711212589380451,
14,183.221,-0.007758505970129071,0.009718862777296614,-0.0003081962110821511,
14,183.272,-0.0075722089094553725,0.01001518969873517,-0.0007916823946489056,
14,183.323,-0.007246092555712241,0.010404852840119728,-0.0012390020699812009,
14,183.374,-0.00685650093910367,0.010622240664819723,-0.0018280252170182155,
14,183.426,-0.006457496608456149,0.010711675933584087,-0.0024606118348302424,
14,183.477,-0.006084508818518843,0.010912697644655134,-0.003070320078440761,
14,183.528,-0.005758170177526162,0.011369970377728923,-0.003415541611751001,
14,183.579,-0.005688799608499441,0.011754022140407413,-0.0033625676899558315,
14,183.629,-0.005789808685648419,0.011859427657680891,-0.003058466079128406,
14,183.68,-0.005791142946397026,0.011576821731104237,-0.0028185665296090643,
14,183.731,-0.005728443424556161,0.010666399469482349,-0.0028399486879049866,
14,183.783,-0.00562971260743522,0.009426463608153328,-0.0030271865685680996,
14,183.833,-0.0059174717633231925,0.008476469344842459,-0.0033057548046477566,
14,183.885,-0.006831657479839895,0.007989579555305416,-0.0034196858981239853,
14,183.936,-0.007672495819458176,0.007838816074835574,-0.0032180405721303367,
14,183.987,-0.00799707793978611,0.007915739072035625,-0.0030310323469620757,
14,184.037,-0.007964483534327785,0.008132509651191921,-0.0032701019784033792,
14,184.09,-0.007705431836139057,0.00862239141663255,-0.003763232007299349,
14,184.139,-0.007522785580414463,0.00944891321878513,-0.00397802190901413,
14,184.191,-0.0074038146788208145,0.01022410861261488,-0.003796209469953448,
14,184.242,-0.007134405752326133,0.010703277949969798,-0.0033746411323503003,
14,184.292,-0.006990989374649161,0.010954097188822431,-0.0028331710245960923,
14,184.343,-0.006939899646103346,0.011038314562927367,-0.002459133556246272,
14,184.395,-0.006148793348192899,0.011008916101589078,-0.0022225269935458197,
14,184.445,-0.004544961281972479,0.010909011629625912,-0.0016914020666504268,
14,184.497,-0.0033520622995539284,0.01077191369143392,-0.001014054438160832,
14,184.547,-0.0031210465547771298,0.010621975218513617,-0.0004981739908950084,
14,184.599,-0.003324660742865309,0.010475846525551023,-0.00012729323109234296,
14,184.65,-0.003389001162904333,0.010343900264664719,0.00012079762061856269,
14,184.701,-0.0031580157932470524,0.010231649628372782,0.0002702069788446848,
14,184.751,-0.0029570122842573414,0.010141048293461312,0.0003443242384066461,
14,184.802,-0.003193052306807746,0.010071610090206606,0.00036419869861316443,
14,184.854,-0.0036904289582668547,0.010021323105270425,0.00034768787182564613,
14,184.905,-0.004114624614527803,0.00998735851126489,0.000309167657142401,
14,184.957,-0.004658642076862182,0.009966590801218112,0.000259626149892908,
14,185.006,-0.005235804632537087,0.009955955275047055,6.162304865331479e-06,
14,185.058,-0.005185358411496289,0.009952672429228817,-0.0005585594725546275,
14,185.109,-0.0041339458888780935,0.009954368958634338,-0.001076707292412961,
14,185.16,-0.0027258593530436795,0.00995912272991722,-0.00132252656898355,
14,185.21,-0.0020054704793971544,0.01016628903671654,-0.0013739400018831804,
14,185.261,-0.002185676202788982,0.010888297859087532,-0.0014973743845078382,
14,185.312,-0.0029290031064791227,0.011882500252196792,-0.0018579172583353463,
14,185.363,-0.0041746082771464,0.012569739378841689,-0.002140732714693602,
14,185.415,-0.0054414529552655085,0.012804065188328623,-0.0023509780275197015,
14,185.465,-0.006017648638095131,0.012729090141677326,-0.002698624288913913,
14,185.517,-0.006506275042683005,0.012662601175941729,-0.0029056315765422936,
14,185.567,-0.007100319360795397,0.012807729715715028,-0.0028049765742654224,
14,185.618,-0.007111751016151246,0.013076920790054092,-0.0027159215096239906,
14,185.669,-0.0067486047997023105,0.013404054510741932,-0.0028422938401426855,
14,185.72,-0.006375228937563978,0.013541236396738753,-0.0028958452794009162,
14,185.771,-0.006025286852157673,0.013143904774254362,-0.002898390955522075,
14,185.822,-0.005517652459168907,0.012234847460249191,-0.003068853159670988,
14,185.873,-0.0047488282348796115,0.011271455463989654,-0.0031324814126504597,
14,185.924,-0.003874251822364818,0.01055144210590858,-0.0029216464132293353,
14,185.975,-0.003202942488146245,0.010045361177679452,-0.0027525547458513394,
14,186.026,-0.0031175947215767606,0.009717141375523064,-0.0028246526034042207,
14,186.077,-0.003414910589246055,0.009529360113222559,-0.0028448122075742568,
14,186.128,-0.00353209664297509,0.00944673444340874,-0.0026292079866103626,
14,186.18,-0.0037251758577013594,0.00943818808069905,-0.00248055016296782,
14,186.23,-0.004553919513078799,0.009477839154445002,-0.002587604367521624,
14,186.281,-0.005723771687996503,0.009545216420155997,-0.0026492261841159024,
14,186.332,-0.007018416061026056,0.009624963272696291,-0.0024759259192950237,
14,186.384,-0.00828909283737542,0.009706237038006044,-0.001965046170875827,
14,186.436,-0.009040652782592667,0.009581127432568871,-0.0012787000404215917,
14,186.486,-0.009198067281596783,0.0091328703669979,-0.0009366221482219892,
14,186.537,-0.008961780033127783,0.008714205878551243,-0.000842821521573281,
14,186.588,-0.00869280699177972,0.008548987058481375,-0.0007149555745088051,
14,186.639,-0.008424478402561284,0.00855958860748519,-0.0005755136960336925,
14,186.69,-0.007977285242659686,0.008882934817121612,-0.00043984942502542335,
14,186.74,-0.007451301590078912,0.009581718430988437,-0.0003175063089708371,
14,186.792,-0.006716205966094239,0.010264320038790384,-0.0002135349822304544,
14,186.842,-0.006106882489830081,0.010680873885974837,-0.00033053246311821064,
14,186.893,-0.00602883954971818,0.010893334379929752,-0.0009815171272102017,
14,186.944,-0.006096970002549357,0.01095783160081138,-0.0019226794406106357,
14,186.995,-0.006253375830606613,0.010922251063872056,-0.0025726734972396246,
14,187.046,-0.006453832584652737,0.010825343810750206,-0.002782876415897217,
14,187.097,-0.006465604427107273,0.010696889469041753,-0.00269413228356051,
14,187.149,-0.006355417238442774,0.010759355191200522,-0.0026216207793185358,
14,187.199,-0.005774195844667615,0.011140083357875303,-0.002967012507545269,
14,187.25,-0.004736733810224608,0.011493510765396588,-0.0035526806033117065,
14,187.301,-0.0040925050232780815,0.011801036741741999,-0.003843734259808102,
14,187.352,-0.0043547310802960724,0.012255252793832086,-0.003721621488973707,
14,187.403,-0.005378081474258332,0.012767060003541768,-0.0033443335361638647,
14,187.454,-0.006606537196481833,0.0132746881456053,-0.0028336974354369626,
14,187.506,-0.007466184123769813,0.013538022854373243,-0.002278559460871054,
14,187.556,-0.007819402893547125,0.013221857693787744,-0.0017394762965991864,
14,187.608,-0.007819447898878997,0.012358594387040973,-0.0012539963266329592,
14,187.658,-0.0077938144073901915,0.0114146314286976,-0.000841895134623189,
14,187.71,-0.007954604855233575,0.010695577093010085,-0.0005099610502708944,
14,187.762,-0.008222041729925323,0.010178532372721887,-0.00025610767795342354,
14,187.812,-0.008536392324425473,0.00983258282249483,-7.272441069595481e-05,
14,187.862,-0.008453910922377824,0.009824990403518759,5.0730933515438653e-05,
14,187.913,-0.007521045758665738,0.010235847432028615,-7.499983876808764e-05,
14,187.964,-0.00591689229424867,0.010681238434048041,-0.0003504461218784591,
14,188.015,-0.00421190790312446,0.011112998051842803,-0.00029811781325644155,
14,188.066,-0.0029808900525899666,0.01170216407108119,-3.9774480296317924e-05,
14,188.117,-0.002554410609168151,0.012144119526173934,0.00012910963535624437,
14,188.168,-0.002678183680845879,0.012255323792020536,0.00022705189866462067,
14,188.22,-0.002944085274378593,0.012145466850236571,0.00027162745474656737,
14,188.27,-0.003279780418376755,0.011902657151420337,0.00047922893795780116,
14,188.322,-0.0036332702101322476,0.011594083741167912,0.0009755436600027612,
14,188.372,-0.00417060922339404,0.01126812144384349,0.0014163207261982842,
14,188.423,-0.0049835275699406986,0.0109571924369596,0.0015852358279416462,
14,188.474,-0.005907884600436282,0.010680883057660876,0.0015662223056937528,
14,188.526,-0.006628622546018339,0.010448973918853985,0.0016290415491180092,
14,188.576,-0.006759202392480516,0.010264171006626018,0.0019401315309910895,
14,188.627,-0.006500793503207756,0.009923591947398839,0.002184625741863614,
14,188.678,-0.006415332282021779,0.009309631856058822,0.002165933930473545,
14,188.729,-0.0066484903651954095,0.008770493614764454,0.001979948936834926,
14,188.782,-0.00726809868884251,0.008523486979277533,0.0019024446775635754,
14,188.832,-0.008286615842360366,0.008483682296719522,0.0019007408896152059,
14,188.882,-0.008876651811224162,0.008579964553324918,0.0015461214104359375,
14,188.935,-0.008742813769762225,0.008755791690645299,0.0009936467204272742,
14,188.985,-0.00875797065859663,0.00876767660121507,0.0005594931469402604,
14,189.035,-0.00906830172542438,0.00847262850084896,0.00023610206322848806,
14,189.086,-0.009141345924974677,0.008205264332915314,9.727798110711753e-06,
14,189.137,-0.00865467062250384,0.008177967242562352,-0.00013623915270159371,
14,189.188,-0.007647281012931201,0.008306830411430337,-0.0004197443739212928,
14,189.239,-0.006386857576788786,0.00852549517822059,-0.000969518676062192,
14,189.29,-0.005266238340972356,0.008784188240168472,-0.001445066133996145,
14,189.342,-0.0045261396227887695,0.009047771801453422,-0.001633972061827426,
14,189.393,-0.0038887093606528957,0.009293317311938061,-0.0016238645362326564,
14,189.444,-0.0031674989949757684,0.009507568569799505,-0.0014869313987148198,
14,189.495,-0.0028521607680084297,0.009684537665271808,-0.0012796587729595331,
14,189.546,-0.0034249624399378853,0.009823379248401971,-0.001043924735894965,
14,189.596,-0.004521358860542486,0.009926614067771124,-0.0008088742602810809,
14,189.648,-0.005463818946771349,0.010199552879613629,-0.000593144606366131,
14,189.698,-0.00623184064641974,0.010760239143945962,-0.0004071367011747874,
14,189.749,-0.007027121831959438,0.011259597155009007,-0.0002551335442722527,
14,189.8,-0.007575164583957938,0.011478673382934911,-0.00013715032485395689,
14,189.852,-0.007719780758962926,0.011500391306268839,-5.0463845169880555e-05,
14,189.903,-0.007594041160283337,0.011393788501429825,9.186597305587359e-06,
14,189.955,-0.007505843223275231,0.011213450772611436,4.6705509165125665e-05,
14,190.005,-0.007649641590007252,0.011000310191021835,0.0002678499613768957,
14,190.056,-0.00793067932230021,0.01078325377022127,0.0005889976368151559,
14,190.106,-0.00787549168743359,0.010380289158065843,0.00034598266169040933,
14,190.157,-0.0070065978430614686,0.009689629928266797,-0.0004401703183976336,
14,190.208,-0.006087300831832302,0.00907077401576265,-0.0011098439913081693,
14,190.261,-0.0060128626063392565,0.008748517764974912,-0.0014501826210392577,
14,190.311,-0.006486255742897629,0.008642374123776034,-0.0015519611338249053,
14,190.361,-0.007072138400793374,0.008683361523324658,-0.0016933961840150907,
14,190.412,-0.007482266748187082,0.008815418982438058,-0.002049736703839578,
14,190.463,-0.007746727768104249,0.008794442075774785,-0.0023144474538089902,
14,190.514,-0.008298187065421903,0.008476167835142568,-0.0022982925232662285,
14,190.566,-0.008989412514722976,0.008193623219448222,-0.002304135393684531,
14,190.616,-0.00931308135574038,0.00815752529652487,-0.0025244508652149883,
14,190.669,-0.009174182106446131,0.008282386210188106,-0.0026637863090810286,
14,190.718,-0.008950606014216949,0.0087012814674071,-0.0027399917890316983,
14,190.769,-0.008690682940100215,0.009475938452414064,-0.0029704205751224567,
14,190.821,-0.008026661882426164,0.010215699235410687,-0.003281249573620171,
14,190.871,-0.0067551477607618515,0.010672818084993544,-0.0036186734023860917,
14,190.922,-0.004995328504207737,0.01091194215601206,-0.00394604744203618,
14,190.974,-0.003666207339102236,0.010992045275975951,-0.004240676943921573,
14,191.024,-0.0033225889292638755,0.010963725103433308,-0.004289803422537021,
14,191.075,-0.003437794628191455,0.010868142542992397,-0.004177529659464841,
14,191.126,-0.003637179346665277,0.0107370996246311,-0.004171594598893744,
14,191.177,-0.003874535144041151,0.010593841282513694,-0.004234336812691143,
14,191.228,-0.003916342482640511,0.01045425699820175,-0.00413525134712826,
14,191.279,-0.0038293759881813357,0.010328242365349674,-0.003538670017731147,
14,191.33,-0.0042693074843550855,0.01022105384108432,-0.0026709443945949368,
14,191.381,-0.005212658252619342,0.010134550295785139,-0.001899861020871247,
14,191.433,-0.006001427800705117,0.010068262222851974,-0.0012527030995495329,
14,191.484,-0.006226024545469886,0.010020264524618372,-0.0007370133941770208,
14,191.535,-0.0060707455609759105,0.009987853207609448,-0.00034706817079199976,
14,191.585,-0.005684306791691228,0.00976720829784124,-6.909501421694525e-05,
14,191.637,-0.00497982364753877,0.009242730997731683,0.00011473413900791488,
14,191.688,-0.004529623135749889,0.008766357059800028,0.00022341625854293442,
14,191.738,-0.004479507002792629,0.008559936710592,0.00047600555713496316,
14,191.789,-0.0044891779483851035,0.008543233972048179,0.0010014322291099164,
14,191.84,-0.004536416528218678,0.00885038235935896,0.001458800570779642,end
15,198.215,-0.006814016176648166,0.01084848518817763,-6.281127704100287e-05,start
15,198.269,-0.006494788837355975,0.010656521942954364,-0.0002644798777470713,
15,198.317,-0.005969136674021104,0.010480665339654789,-0.0005734074163532478,
15,198.368,-0.005353321090516688,0.010329265925729695,-0.0007254747653472479,
15,198.42,-0.005130816968028859,0.010205714606930752,-0.0007647234938325694,
15,198.471,-0.005379271938167665,0.010109949011978456,-0.0005276291846426004,
15,198.521,-0.005708984343116473,0.010240530671200971,-0.0001323484499467099,
15,198.572,-0.006064324389820721,0.010706624068873129,0.00013179746642356897,
15,198.623,-0.006809222379035572,0.01114962188402416,0.0002906201093647862,
15,198.674,-0.007744123719340346,0.011341386107897516,0.00036913473610676687,
15,198.726,-0.008524946483925376,0.011356616197552469,0.00038983634133702826,
15,198.776,-0.00894339086526064,0.011257402362874322,0.00037179644467857226,
15,198.828,-0.008894974571583154,0.011092759932147271,0.00033035883355445685,
15,198.878,-0.008751859570070518,0.010899381067205996,0.000277243889040012,
15,198.931,-0.008559506330208147,0.010703106839731172,0.000220906576185694,
15,198.98,-0.007949359160899172,0.01052074305528706,0.00016702836383624474,
15,199.031,-0.006718607135661082,0.010361950669070415,0.00011905552271607194,
15,199.083,-0.005188699802913862,0.010231032177525934,-0.00012210973070403484,
15,199.133,-0.004192332473475634,0.010329341442542425,-0.0006686392507525809,
15,199.184,-0.003819027138670357,0.010767602413806188,-0.0011662763486579126,
15,199.235,-0.0036744788268098824,0.011187851257901156,-0.001391745649758038,
15,199.286,-0.00368825624981166,0.01136195429623503,-0.0014245469861774017,
15,199.337,-0.0038024693382907268,0.011364205043598813,-0.00133114538219312,
15,199.389,-0.00417275551810903,0.01125605724950181,-0.001164306602501973,
15,199.442,-0.004878361853704355,0.011085793067774876,-0.0011646051696740337,
15,199.49,-0.005742342487020236,0.01088936835651936,-0.0014729072020311378,
15,199.541,-0.006638490164170855,0.01069194502654224,-0.0017531471051895479,
15,199.592,-0.007483277578760712,0.010509740930539429,-0.0017920430212998552,
15,199.646,-0.008227260312077172,0.01035193479952338,-0.0016730279565071247,
15,199.695,-0.008846825099188911,0.01022245345374694,-0.0014622973334515752,
15,199.745,-0.009135988805057069,0.00992070628171086,-0.001209673516593953,
15,199.796,-0.008989186092000253,0.009331882896462163,-0.0009504755813139398,
15,199.848,-0.00877540247147512,0.008807078617166748,-0.0009087172482653348,
15,199.9,-0.008937501832619502,0.008767159745986776,-0.0012106023856564493,
15,199.95,-0.009528485974919053,0.009242263353856696,-0.001507798657424893,
15,200.0,-0.009744559262045802,0.00980867704740646,-0.001577279256891394,
15,200.051,-0.00910032401339055,0.01018731697613251,-0.0014951324425724068,
15,200.102,-0.008357749521424065,0.01041511045555876,-0.0013223382912180208,
15,200.154,-0.0078125922400739,0.01052785889383422,-0.0011052884832711903,
15,200.205,-0.007237009506634822,0.010557765545611003,-0.0008772916044556003,
15,200.255,-0.0068889855721369535,0.010532138985319685,-0.0006605895835601171,
15,200.307,-0.006714864790945026,0.01047295478436915,-0.0004685399607804251,
15,200.357,-0.0064654311341608255,0.010397002810741506,-0.0003077292025721169,
15,200.409,-0.006388566973674956,0.010316398285324347,-0.00017987202317885947,
15,200.459,-0.006428555289197134,0.01023928507926142,-8.342088213819079e-05,
15,200.51,-0.00633944106445508,0.010170605807064937,-1.4860306197669938e-05,
15,200.561,-0.006174685581157286,0.009912019239404286,3.0304904478951144e-05,
15,200.612,-0.0059746528387432715,0.00935157483434052,5.683718391293883e-05,
15,200.663,-0.005968897950341574,0.008843389536086899,6.928777436744445e-05,
15,200.714,-0.006088205772531409,0.008610378636482332,7.170685289815856e-05,
15,200.766,-0.0060773046904398255,0.008572569832994219,-0.00013333578276844964,
15,200.816,-0.005983769648985328,0.00846215785052833,-0.0006557961787323139,
15,200.868,-0.0058447511843200154,0.008314051484383304,-0.0011390282353276387,
15,200.919,-0.00568772969080652,0.008555334975748464,-0.001357447776311596,
15,200.969,-0.005330942351632116,0.009026971112885017,-0.0013884830051595185,
15,201.02,-0.0046738631866948925,0.009206788798576834,-0.0012968458498258495,
15,201.071,-0.003876976841734814,0.009185002894334354,-0.0009330604465373378,
15,201.122,-0.003255275241593545,0.009437335666010007,-0.00042395648680798576,
15,201.173,-0.0027958720890160094,0.009845204106906485,-0.00026421764241494857,
15,201.224,-0.00227663108558398,0.010119226448835925,-0.000341377026513515,
15,201.276,-0.0021623927233079994,0.010285393225866928,-0.00036343931770592744,
15,201.326,-0.00251791424666112,0.01036903791795129,-0.0003483926633836724,
15,201.377,-0.0029453230646603133,0.010393037476216865,-0.00031075487961697984,
15,201.428,-0.0035853353351406937,0.010376855568562002,-0.0002616518137162925,
15,201.48,-0.004310286755291678,0.010336203164605493,-0.00020914009077593196,
15,201.53,-0.00483064251653435,0.010283122318567782,-0.00015866066891333767,
15,201.582,-0.005378812212992466,0.010226334640227363,-0.0001135398532037109,
15,201.633,-0.005900784049959676,0.010171731530102897,0.00012535315650417047,
15,201.683,-0.006364022044584436,0.010122915953050015,0.0006701648139289411,
15,201.736,-0.006953211142771825,0.010081733743550876,0.0011665776042264942,
15,201.785,-0.007174180263483546,0.01004875551554534,0.0013912374928564668,
15,201.836,-0.006940406065136991,0.009822854523281592,0.001423560533346448,
15,201.888,-0.006634595086072618,0.009290535972628215,0.0013299314187034733,
15,201.939,-0.006106316406000442,0.008805292697453447,0.0011630442465916258,
15,201.989,-0.005678629834767568,0.008590056150585121,0.0009625795309890061,
15,202.04,-0.005952316677209466,0.008565279531216163,0.0007566838308890771,
15,202.093,-0.006653844225636862,0.008664645070904186,0.0005638452749814565,
15,202.143,-0.00737257827641585,0.008835646997409031,0.00039487232743688153,
15,202.193,-0.00804460934920166,0.009038855853971005,0.0002547798064266252,
15,202.244,-0.00863270081239861,0.009246396203652354,0.0001444639086429563,
15,202.295,-0.009119714054519489,0.00944004212826,6.21073519747541e-05,
15,202.346,-0.009301943508542493,0.009609220594400543,4.298549070741299e-06,
15,202.397,-0.00907322663268496,0.009749116126496477,-3.3122532914547424e-05,
15,202.449,-0.008599322314613638,0.009858992711356533,0.00014637190198826374,
15,202.5,-0.008207070683657353,0.009940789831753222,0.0006513996835063427,
15,202.55,-0.007898698060759443,0.009998007098544393,0.0011238044916977964,
15,202.601,-0.007267226697868905,0.009834029921636116,0.0013365029362992957,
15,202.653,-0.0066800973976787895,0.009340528546761444,0.0013655515026975568,
15,202.705,-0.006771074044005284,0.008876164650408146,0.0012744823653337164,
15,202.755,-0.007490480168754374,0.008668625735902902,0.0011136914530232912,
15,202.807,-0.00815347080999641,0.008642474238072746,0.0009211012638001038,
15,202.857,-0.00832535164918185,0.008734756679275346,0.0007235879961167978,
15,202.908,-0.008168450678555771,0.0088955835414275,0.0005387842291257795,
15,202.959,-0.007813289386723576,0.009087451694720328,0.00037697764639219933,
15,203.01,-0.007560338524824658,0.00928381479477868,0.00024291882616005742,
15,203.061,-0.007594094553528278,0.009467286208171414,0.00013742548526118482,
15,203.111,-0.007809018748833734,0.009828584280272116,5.872730378750406e-05,
15,203.163,-0.008122869821704693,0.010475741084046348,3.5363364147659733e-06,
15,203.214,-0.008474955056340772,0.010852578167092102,-0.00023297821718663985,
15,203.264,-0.008622443947881309,0.010624105342609295,-0.0009684522100212064,
15,203.316,-0.00842603271115258,0.010025770090953866,-0.0019648514343920333,
15,203.368,-0.008426506304176955,0.009238289345117374,-0.0026468839465586982,
15,203.418,-0.00895488155150056,0.008593594556086962,-0.00287167319562293,
15,203.469,-0.009578547468121675,0.008293099980211022,-0.0029859843316166245,
15,203.52,-0.010012393304043406,0.00843833216575307,-0.003221090806184058,
15,203.571,-0.010088811745526957,0.009058598546630355,-0.003313948984192828,
15,203.622,-0.009528187308574805,0.009732867037776321,-0.003107282723837212,
15,203.673,-0.008604031343775456,0.010186769887374896,-0.0029259518761189218,
15,203.724,-0.007922631834060763,0.010462877306395505,-0.0029762705247161955,
15,203.775,-0.007652497387625627,0.010602774687630606,-0.002970282007165699,
15,203.827,-0.007667829257431148,0.010644075110637809,-0.002727828224709172,
15,203.877,-0.00786501372603689,0.010618822416864912,-0.0023531942326899744,
15,203.928,-0.008162989127516543,0.01055291441560466,-0.001923881905624992,
15,203.979,-0.00830083589750679,0.010466226688288855,-0.0014939896899026418,
15,204.03,-0.008124076559467903,0.010373175776977364,-0.0012990939474263417,
15,204.081,-0.00796057745541523,0.010283518929695102,-0.001471403859918851,
15,204.132,-0.008019550927571175,0.010404074971197583,-0.0016645457765152314,
15,204.183,-0.008417303641096663,0.01085060034367392,-0.0016546989164752284,
15,204.235,-0.00879954643389481,0.01147031571877338,-0.00151545592469043,
15,204.285,-0.008739467716926904,0.012151322886735838,-0.001505244052059595,
15,204.336,-0.008601365406338685,0.01261609832105502,-0.001779440496882116,
15,204.388,-0.008424316780732523,0.012704022524972334,-0.0020131818481464872,
15,204.438,-0.008437346460812803,0.012543189356935667,-0.002001366355273304,
15,204.491,-0.008772070090925621,0.012235735551027279,-0.0018330117821827125,
15,204.54,-0.008884555811285255,0.011858945202221546,-0.0015777851349717104,
15,204.591,-0.008644638883396928,0.01146795462824954,-0.0012873461896399983,
15,204.643,-0.007997147676868396,0.01109926634454334,-0.0009976557488027506,
15,204.693,-0.007140273290262566,0.010774499675324975,-0.000731717198569438,
15,204.746,-0.006619613676550257,0.010503991832076289,-0.0005023757243945424,
15,204.795,-0.0065572459696198165,0.010290013801932252,-0.00031492963589768014,
15,204.847,-0.006793814695814004,0.010129480850377357,-0.00016941141071839523,
15,204.897,-0.00700226872269513,0.010016121149981932,-6.247366801542898e-05,
15,204.948,-0.006975111854586945,0.009942122663985975,1.1129743795086484e-05,
15,204.999,-0.006999860837475539,0.009899313107966747,5.7441314312953846e-05,
15,205.05,-0.007055911546252327,0.009879945660011167,8.252885163910613e-05,
15,205.101,-0.006926701261931265,0.009877168698266868,9.198895390105953e-05,
15,205.152,-0.006889887119885639,0.009885255153322774,9.066641388068777e-05,
15,205.203,-0.006915288793289489,0.010100492920162138,8.253465386703196e-05,
15,205.254,-0.006576884759967493,0.010632130360047941,7.068904257384984e-05,
15,205.305,-0.005630671233436968,0.011123149285029481,5.741314601815658e-05,
15,205.356,-0.004169817106569509,0.011347838557084046,4.428643254437329e-05,
15,205.409,-0.0028979202202767773,0.011383666829447444,3.2309912211027715e-05,
15,205.458,-0.002251054542647581,0.011496324255656304,2.2033185361532286e-05,
15,205.509,-0.0020570185515277942,0.01185003967239742,1.367218872577222e-05,
15,205.56,-0.0019681595036559196,0.01232994281804703,7.2115164167631095e-06,
15,205.61,-0.0017530605494305686,0.012852224376478106,2.488628212613552e-06,
15,205.661,-0.0016751107364640343,0.013158895053623235,-0.00020157397916389336,
15,205.712,-0.001892217370187104,0.013101813787523843,-0.0007179240219019527,
15,205.763,-0.002281117982242447,0.01281602518888892,-0.001192246249313465,
15,205.814,-0.00274895719389001,0.012406513178369166,-0.0014006762703286395,
15,205.865,-0.003430674309789104,0.011950548484984157,-0.0014218320105875877,
15,205.916,-0.004395631307978633,0.011501420514483116,-0.0013211795889832988,
15,205.967,-0.005464726303720839,0.01109275729158572,-0.001150491072932066,
15,206.018,-0.00651472626187425,0.010742875528393425,-0.0009485967994496196,
15,206.069,-0.007267295800650703,0.010458800558210026,-0.0009437411870832006,
15,206.12,-0.0075678177102135764,0.010239751601832861,-0.0014673140025173452,
15,206.171,-0.007755109867667933,0.010080004140493606,-0.0022877347858673326,
15,206.222,-0.007854736121991753,0.009971122850862152,-0.0028309649166912056,
15,206.273,-0.007689300736923973,0.009903611469661679,-0.002951945183328843,
15,206.324,-0.00736715765901462,0.009868056165856292,-0.0027923960864422834,
15,206.376,-0.0069703887300664085,0.009855852222094811,-0.0024657461821420206,
15,206.426,-0.006758465874196032,0.009859605094068772,-0.0020581668357546263,
15,206.478,-0.0068829524839835645,0.009873290413158086,-0.0016314255272501905,
15,206.528,-0.007012361725976957,0.009892246533416972,-0.001226676271669967,
15,206.579,-0.006933698557607395,0.01011389393498352,-0.0008685465621043706,
15,206.63,-0.0067279071134914254,0.010648565654041632,-0.0005690861695852433,
15,206.681,-0.006457113693403565,0.011140210314567507,-0.00033131012393051084,
15,206.732,-0.006166384929041381,0.011363930331503394,-0.00015219680200052058,
15,206.783,-0.005886225849186022,0.011397844262652694,-2.509570144500057e-05,
15,206.834,-0.0056353518016133705,0.011307301345242117,5.843680946993218e-05,
15,206.886,-0.0054234133353692,0.011144211462624294,0.0003081497382371836,
15,206.936,-0.005454305670516127,0.010947695047219147,0.0008452160850930103,
15,206.987,-0.005839289881025545,0.01074552731763872,0.0013225989338593663,
15,207.038,-0.006621278001510058,0.010555975942693733,0.0013216865509817228,
15,207.09,-0.007595065377109718,0.01038974340442374,0.0008132584248769542,
15,207.14,-0.008211968477307622,0.010251820473259938,0.00022101174358590998,
15,207.192,-0.008550425336652172,0.0101431337787405,-0.00017658121493126683,
15,207.242,-0.00868311085982335,0.010061928968031935,-0.0004173926900321663,
15,207.293,-0.008271498221299653,0.010004873169370326,-0.0005383069000590567,
15,207.344,-0.007543865387972325,0.00996788886657592,-0.0005726113575943246,
15,207.395,-0.007073673092687605,0.00994674852561969,-0.0005486127213136546,
15,207.446,-0.007007196513083704,0.009937468010739603,-0.0004891491996824875,
15,207.498,-0.007405817578110393,0.00993653934944639,-0.0004117171298553603,
15,207.548,-0.007869873466943643,0.009941041764873699,-0.0001281476346229073,
15,207.6,-0.007736115897510767,0.009948665715089226,0.00026484829610202884,
15,207.65,-0.007430528611445116,0.010158512863767505,0.00029478700448201575,
15,207.701,-0.0074409542683285925,0.010682032079454848,8.947332480850042e-05,
15,207.752,-0.0076532177831048365,0.011163835590967884,-4.9392621395864524e-05,
15,207.804,-0.007777044799783956,0.011379346071598115,-0.0001344866292911815,
15,207.854,-0.007633371823775178,0.011406756404235984,-0.0003790916812182244,
15,207.905,-0.007530512719263271,0.011311326450727686,-0.00090718307150748,
15,207.956,-0.007662926337642159,0.011144778909332445,-0.0013738317955115686,
15,208.007,-0.007734761578653603,0.010945999334193613,-0.001562753007692208,
15,208.058,-0.00756114035490279,0.010742516346135452,-0.0015583765579357475,
15,208.11,-0.007444876499617816,0.01055236330990844,-0.0014303799307543268,
15,208.161,-0.007575572414489827,0.010386035110549337,-0.001233381724865141,
15,208.211,-0.007854157102445868,0.010248348727084902,-0.001007954798280795,
15,208.263,-0.008004377154323433,0.010140092640186595,-0.0009832380490941517,
15,208.314,-0.007859368996910027,0.010059408305527382,-0.0014908999742074532,
15,208.364,-0.007737498436372495,0.01000288880852672,-0.002299221540811744,
15,208.415,-0.007841091148895534,0.009966407874204357,-0.002833769049571692,
15,208.467,-0.00808096311710991,0.009945709342636664,-0.0029489554374913405,
15,208.517,-0.00838896824986224,0.009936795664054388,-0.0027859306042120743,
15,208.568,-0.008715927573776842,0.009936156285722052,-0.0024575709256031797,
15,208.619,-0.008827943767196676,0.009940875006056492,-0.0020495517594958153,
15,208.67,-0.008592273548990422,0.010149484735712162,-0.0016232204508409857,
15,208.721,-0.008353379976147508,0.010672935591590514,-0.0012193932914909443,
15,208.772,-0.00833244390331016,0.011155426012799433,-0.0008624400367741409,
15,208.823,-0.008452977075549647,0.011372052614550014,-0.0005642247237038787,
15,208.874,-0.008453725263022094,0.011400764681841574,-0.000327637748447904,
15,208.926,-0.007975921750503694,0.011306650933660388,-0.0003504157089263531,
15,208.976,-0.0072295819795951885,0.011141323143049947,-0.0007385415930700048,
15,209.027,-0.006571805779803137,0.010943603470623215,-0.0011289707782756004,
15,209.078,-0.006224505057724053,0.010740992720815357,-0.0012886790053040866,
15,209.129,-0.006505895441538477,0.010551521494028873,-0.0012875840761154683,
15,209.18,-0.006967059113661105,0.010385698200187301,-0.0011834457548151474,
15,209.231,-0.0071048064750089505,0.010248362703828959,-0.0008207525317588758,
15,209.282,-0.007224898221196781,0.010140330536115587,-0.00012053747149219488,
15,209.334,-0.007524852781328758,0.010059770701366402,0.0005390633824396763,
15,209.384,-0.0077152325898459315,0.010003301940062067,0.000918794576725699,
15,209.436,-0.007619208938078583,0.009966820356869978,0.001088525812778287,
15,209.487,-0.007548047554599878,0.009946088272988039,0.0009091044991384875,
15,209.537,-0.0076993819210836355,0.009937122634790336,0.00031933354042199924,
15,209.588,-0.007981257065399004,0.009936423665387453,-0.00028540379561145177,
15,209.64,-0.008324210732088905,0.009941082687362887,-0.0006503255411546261,
15,209.69,-0.008477952891965006,0.009948803789983685,-0.0006312921059722719,
15,209.741,-0.008096326009645967,0.009957868499830075,-0.00016670379119115776,
15,209.792,-0.007201163121791533,0.009967066734710829,0.0003454861874171212,
15,209.843,-0.0062493883166463305,0.009975611680023118,0.0006462259163780767,
15,209.894,-0.00573943204794468,0.009983051192024145,0.0005863585831973343,
15,209.945,-0.005754636985439942,0.010190017746556342,9.919105058597583e-05,
15,209.996,-0.006105433404985363,0.010709158592445154,-0.00042205661190660457,
15,210.047,-0.006442447591131171,0.011185974863046252,-0.0007224543330522795,
15,210.099,-0.006743549004285503,0.011396508244669047,-0.0008570776156414957,
15,210.15,-0.007198262841878836,0.011419347810420791,-0.0008745664527011249,
15,210.201,-0.0075141338515987924,0.011319974877286464,-0.0008155259941289876,
15,210.251,-0.007514749132634415,0.011150203741795,-0.0007121462785472867,
15,210.303,-0.0073131252395410296,0.010948920914050602,-0.0005886343627659783,
15,210.353,-0.007198825742112522,0.010743597760458542,-0.0004621327692468572,
15,210.405,-0.00714971395451628,0.010552177657479378,-0.000544709707942805,
15,210.456,-0.006543854757892303,0.010385051737012362,-0.0009555794491038005,
15,210.507,-0.005428761865441668,0.010246932731689341,-0.0013431600395728332,
15,210.557,-0.004478317743014652,0.010138512933909298,-0.0014838347510474793,
15,210.61,-0.003910657485159914,0.010057850506298892,-0.0014548551106488797,
15,210.66,-0.003634098361491307,0.010001470202823203,-0.0013193954255863933,
15,210.71,-0.0035664543498862954,0.009965192501989911,-0.001126526545603576,
15,210.761,-0.003638232444379911,0.010145555605233048,-0.000912332015050578,
15,210.812,-0.003592829282572122,0.010651206084471834,-0.0007016672339401183,
15,210.863,-0.0036767527906314498,0.011124025813284939,-0.0005101896943057717,end
16,212.495,-0.009056880905436273,0.00929965513725762,-0.00010141359713023096,start
16,212.546,-0.009670205507187776,0.00928760672841947,0.000232899492161621,
16,212.597,-0.010090055717290491,0.009337108480874521,0.0008302693948927464,
16,212.648,-0.010151259152085578,0.009422108876780163,0.0013475287413431331,
16,212.699,-0.009575859930814406,0.009523048006165496,0.001571022169481036,
16,212.751,-0.008839232084210327,0.009626100677042003,0.0013873207175642537,
16,212.801,-0.008460043187366817,0.009722230293158296,0.0007563879210472062,
16,212.853,-0.008139726212004608,0.010007031028210142,9.014128544094688e-05,
16,212.904,-0.0076820653500412105,0.010590790902120447,-0.0003443983805825581,
16,212.954,-0.007173084256744309,0.011118559572114042,-0.0005954243494259053,
16,213.005,-0.006471243411953895,0.011367187057184572,-0.0007085877411345635,
16,213.056,-0.005902926629571114,0.011416813807281559,-0.0007242419499006256,
16,213.107,-0.006068401531694979,0.011334824441272831,-0.0006761009374226482,
16,213.158,-0.006691201687486808,0.011175009366406266,-0.0005909120958879892,
16,213.209,-0.007356442749660178,0.010978119151748176,-0.0004888060867922629,
16,213.26,-0.007794628579015987,0.010773267611789067,-0.00018321909984744458,
16,213.311,-0.007851157545154083,0.010579766497056735,0.00022832186452443124,
16,213.362,-0.007457535471847488,0.010409089609498214,0.00027308875346972834,
16,213.413,-0.006605995705362155,0.010266762140447387,7.902824583710515e-05,
16,213.465,-0.005930844171028242,0.010154050272922613,-5.1781371813488944e-05,
16,213.515,-0.005623890416623076,0.010069386951542775,-0.00013151654440823267,
16,213.566,-0.005577739532528694,0.010009513906105877,-0.00017208964063278738,
16,213.617,-0.005903396086385589,0.009970349951309663,-0.000184286701649595,
16,213.67,-0.0064413507939558206,0.009746780324089961,-0.0003781385723432127,
16,213.719,-0.006871413829098285,0.009422901957444949,-0.0008737558983229343,
16,213.77,-0.006996898265941804,0.009462376008315806,-0.0011214289961483845,
16,213.822,-0.0071177938066779994,0.009731715603841642,-0.000788518933154176,
16,213.872,-0.0074268679501211365,0.009926009182104827,-0.00031082844062053916,
16,213.923,-0.008032635389445151,0.010056563605935364,2.0509016284327717e-05,
16,213.974,-0.008780024134690373,0.010135750936156778,0.00023136524360074356,
16,214.025,-0.00915653428546831,0.010175632509482875,0.000348011838234796,
16,214.076,-0.008863267203980962,0.010187101450304107,0.0003948663152407524,
16,214.127,-0.008163996624446173,0.01017942656584349,0.00039319552790151286,
16,214.178,-0.007662177214974516,0.010160090309635198,0.00036053720777148813,
16,214.229,-0.0075281399633467675,0.010134828363128972,0.00031062854175302137,
16,214.28,-0.00764074804081699,0.010107795345662302,0.0002536656758048613,
16,214.331,-0.007902496282717638,0.010081798104999493,0.0001967546121237152,
16,214.382,-0.008238868655950377,0.010058553609734492,-5.638502094969274e-05,
16,214.433,-0.008596079373239826,0.010038941902747307,-0.0006158742212965612,
16,214.485,-0.008937958820865505,0.010023235566432583,-0.0011260618275962427,
16,214.535,-0.009242541175409723,0.010011295689980859,-0.001362810988268373,
16,214.586,-0.009297901171216077,0.0102035642656117,-0.0016060047571521223,
16,214.637,-0.008988141108151807,0.010712190301348543,-0.0020346288436129617,
16,214.688,-0.008469094832090046,0.011182019334613527,-0.0023469124369401816,
16,214.739,-0.007656685650213552,0.011187555546475974,-0.0023586603981576824,
16,214.79,-0.00652055770419102,0.010894872100156123,-0.002176715615081452,
16,214.841,-0.005468914977998194,0.010836104603254418,-0.0018851619469059313,
16,214.892,-0.004957606390022802,0.010932080456782517,-0.0015467319672854288,
16,214.943,-0.005034750777454003,0.010918757467863869,-0.0012054250452156504,
16,214.994,-0.005282269454358628,0.010836405780061535,-0.0008896913584232184,
16,215.045,-0.005418340255931404,0.010716398026263892,-0.0006157230856201745,
16,215.096,-0.005472002752644445,0.010581880134983195,-0.0005913836008617443,
16,215.147,-0.005267668006490561,0.01044886243265238,-0.0009299328539814772,
16,215.198,-0.0051151149050693906,0.010327492651381635,-0.0012731908679934484,
16,215.249,-0.0056105281268822174,0.010223343336940771,-0.0013910600926908994,
16,215.3,-0.00668255094299674,0.010138605070408035,-0.0013549070277870748,
16,215.351,-0.008038263904838592,0.010073123427642704,-0.001222875831427245,
16,215.402,-0.008864511894996863,0.010025252417226,-0.0010399595711215197,
16,215.455,-0.008883144038201871,0.009992521656960759,-0.0008391023932833699,
16,215.504,-0.008783981042515042,0.010172964150353254,-0.0006428743329065133,
16,215.556,-0.00861723606009551,0.010676463723261509,-0.0004653788436153242,
16,215.606,-0.008420542468291695,0.011145874931418902,-0.00031415634479143456,
16,215.657,-0.008220442367029918,0.0113548804311979,-0.0001919322957147738,
16,215.708,-0.007833398573978063,0.011380084193961476,-9.812512801816198e-05,
16,215.759,-0.007156717068965245,0.011285381724467863,-3.0079025467021146e-05,
16,215.81,-0.0061478024844075305,0.011121384985752108,1.5978799320053304e-05,
16,215.861,-0.005207692960631154,0.010926120686712023,4.423442381474205e-05,
16,215.912,-0.004588067577000737,0.010726489146963671,5.880270762721278e-05,
16,215.963,-0.004223761841945243,0.010540093763433652,6.342227376342899e-05,
16,216.014,-0.004052471697216627,0.01037716119555989,6.129010877443219e-05,
16,216.065,-0.004018732728589767,0.010242365477886132,-0.0001458346608027145,
16,216.116,-0.003875089130838054,0.010136443979062366,-0.000668626358405726,
16,216.167,-0.0038733310733380065,0.0100575500456362,-0.0011510402030623361,
16,216.219,-0.004565213723078656,0.010002328105670923,-0.001367970019604296,
16,216.269,-0.005646382578538356,0.009966724404750627,-0.0013972045231556503,
16,216.32,-0.006689533047695102,0.010147396715822007,-0.001303711840146643,
16,216.371,-0.007624500477479769,0.010653097603189008,-0.0011390184781974659,
16,216.422,-0.008414975377839423,0.011125797709085202,-0.0009418908392753653,
16,216.473,-0.00884844453099938,0.01133852542127006,-0.0007397973726720247,
16,216.524,-0.00881729176560043,0.011367430285257862,-0.0005507539327193264,
16,216.575,-0.00849065562762184,0.011276118055024154,-0.0003852666614790539,
16,216.626,-0.008000750586030886,0.01111503983411174,-0.00024818134073140776,
16,216.677,-0.007445488550159257,0.010922157058953495,-0.00014032419305629084,
16,216.728,-0.006692082171642136,0.01072437132515062,-5.9877117237743123e-05,
16,216.779,-0.005872119357084596,0.010539329884061375,-3.472125291617247e-06,
16,216.83,-0.00527617457736229,0.010377327034329165,3.298223089322021e-05,
16,216.881,-0.00487177841630318,0.010243114270412934,5.37127115006569e-05,
16,216.932,-0.00482355245581988,0.010137506496781986,6.269330904085808e-05,
16,216.983,-0.005208464615304545,0.010058728415763636,6.341665851035158e-05,
16,217.034,-0.005840249247785862,0.010003486115366144,5.878610006226782e-05,
16,217.085,-0.0061779451623155375,0.009967776329323186,5.109379332894455e-05,
16,217.136,-0.0058982312319731675,0.00994746244215292,4.205577925636733e-05,
16,217.187,-0.005445844592118215,0.00993865462329272,3.288074867436044e-05,
16,217.238,-0.005119889485137202,0.009937933801624143,2.4354904316256604e-05,
16,217.289,-0.005102040194150063,0.010143291149785103,1.6930327137288245e-05,
16,217.34,-0.005283228937478901,0.01066515363799078,1.0808491348050424e-05,
16,217.391,-0.005376681855532562,0.011147250508425615,6.01395901712487e-06,
16,217.442,-0.005607191526280095,0.011364281472353981,2.4558561827026402e-06,
16,217.493,-0.00570625146059207,0.011393877160708494,-2.3425972682413198e-08,
16,217.544,-0.00551221442112751,0.01130088342267408,-1.6116355068249747e-06,
16,217.595,-0.005748287820843945,0.011136737276420042,-2.5007678741456774e-06,
16,217.646,-0.006442082274359873,0.010940143851962557,-2.87011894383276e-06,
16,217.697,-0.007172868263543792,0.010738533346167109,-2.8764362286127324e-06,
16,217.748,-0.007667838606701436,0.0105499011974969,-2.649413747717233e-06,
16,217.799,-0.007570138229917556,0.010384746211726048,-2.290975951116252e-06,
16,217.85,-0.0071001761848683426,0.010247915812305882,-1.8770492888679122e-06,
16,217.901,-0.006830884535809619,0.010140243489633981,-1.4607869191903977e-06,
16,217.952,-0.006912759940029871,0.01005992143480085,0.00019975718930478819,
16,218.003,-0.007213279539291046,0.010003593065072728,0.0007144287724975421,
16,218.056,-0.007429051493802272,0.009967178135153918,0.0011879553027842127,
16,218.105,-0.007372303052200437,0.009946460057883043,0.0013962197088155958,
16,218.156,-0.007145332034190988,0.009937473536079058,0.0014176272426660677,
16,218.207,-0.006425754561414831,0.009936732983827733,0.0013174740928340975,
16,218.258,-0.005448049330967101,0.009740506832316,0.0011474034608369948,
16,218.31,-0.004985836879276186,0.009233835561544662,0.0009461535068127092,
16,218.36,-0.005092201296283192,0.008769596149102962,0.0007410737522364995,
16,218.411,-0.005956346051938682,0.008570698089223254,0.0005500125159097507,
16,218.462,-0.007437908308825371,0.008557955283705758,0.00038329068844078246,
16,218.513,-0.008794765892821348,0.008665627110577051,0.00024557231991253434,
16,218.564,-0.009560975564259824,0.00884187739649544,0.00013751875774514473,
16,218.615,-0.0094851527015235,0.009047951786909718,5.717108152156311e-05,
16,218.667,-0.009076215746623607,0.009256599243349177,1.0472248766224556e-06,
16,218.719,-0.009088987844724178,0.009450135567074542,-3.5032024104433e-05,
16,218.77,-0.008969530354434466,0.009618432899634611,-5.535726214422034e-05,
16,218.821,-0.008373196336757191,0.009757023258978653,-6.394584429331904e-05,
16,218.871,-0.007920589712362126,0.010066261217600146,-6.43171535953578e-05,
16,218.921,-0.007395688674245538,0.010660935776248872,-5.938847375649507e-05,
16,218.973,-0.006665754964787686,0.01119006961548856,-0.0002522902312883505,
16,219.024,-0.006063794993953906,0.01143382800458437,-0.0007574080336866645,
16,219.074,-0.00559226870581476,0.011474978454456317,-0.001221354559109993,
16,219.125,-0.005443109255599778,0.011382880232772724,-0.001420791736390219,
16,219.176,-0.005512682767770309,0.011212721339658404,-0.0014345639574546098,
16,219.227,-0.0057169519206766465,0.011006167567877844,-0.0013281533030855153,
16,219.278,-0.0061920323372954165,0.010792865064316617,-0.0011532115129954611,
16,219.33,-0.006601799464059945,0.010592369579867044,-0.0009483708532972816,
16,219.38,-0.006936759799908822,0.01021536073761325,-0.0007408100669942793,
16,219.431,-0.0071968341618493395,0.009554597551801594,-0.000548178799902036,
16,219.482,-0.007187153959663759,0.008965763131408814,-0.0005814309951846281,
16,219.533,-0.007206077552676883,0.00867119709867628,-0.0009577162881505097,
16,219.584,-0.007442659691632011,0.008789857713886143,-0.0013229444298978263,
16,219.635,-0.007799832011468019,0.009364843112909011,-0.001450907353922273,
16,219.687,-0.00800481848456977,0.009985468890391381,-0.0014164201609052013,
16,219.737,-0.007694065746413606,0.010384675521683163,-0.0012805158110845024,
16,219.788,-0.0068766730596003505,0.010609804992162662,-0.0010904850787192338,
16,219.84,-0.006000843702671711,0.010705204377994838,-0.0010818397899677319,
16,219.89,-0.005559561613358095,0.010709737411545043,-0.0013910544960789033,
16,219.941,-0.005834094111838808,0.010856462671664024,-0.0016784552552174638,
16,219.992,-0.006545661251060477,0.011283429842488936,-0.0017279440522350758,
16,220.043,-0.00687785761045758,0.011654997187028799,-0.0016208720400167737,
16,220.094,-0.006739223797378501,0.011760350820882044,-0.0016228246330898973,
16,220.145,-0.006711426574492649,0.011686504459765644,-0.0018953771215329653,
16,220.196,-0.006756947616355825,0.011503660240119104,-0.0021187505283843,
16,220.247,-0.006845834577185094,0.011265598585477135,-0.0020918048408259306,
16,220.299,-0.006955393739529643,0.011212081116563351,-0.0017056476017950643,
16,220.349,-0.0066677424719937305,0.011482054244217096,-0.00091929717408405,
16,220.4,-0.006349281362207321,0.011736977031823739,-0.00014028613734015107,
16,220.451,-0.006237477051891654,0.011760934774914163,0.0003706034603585389,
16,220.502,-0.005664693058183162,0.011634838123016264,0.0006684914305252346,
16,220.553,-0.004641439101215185,0.011422633634726261,0.0008058401072573672,
16,220.604,-0.0038131443848774846,0.011172250874378151,0.0008291929664882799,
16,220.655,-0.003377260515351117,0.010917496534553381,0.00077755841679704,
16,220.706,-0.003629733317642856,0.010680403773650595,0.0006819785592073967,
16,220.757,-0.004504236371445653,0.010473684775913305,0.0007667262273310035,
16,220.808,-0.005305760314423013,0.0103030524907013,0.001161152813468467,
16,220.859,-0.0059960897990052765,0.010169271956314712,0.0015216731410654372,
16,220.91,-0.006760481644720003,0.010069873402509961,0.0016306521358257357,
16,220.961,-0.007711800911814156,0.010000510814803298,0.0015695500499238201,
16,221.012,-0.008706583597677823,0.009955983976972258,0.0014042747434563172,
16,221.063,-0.00924765996538574,0.009930962580569079,0.000984631263706648,
16,221.114,-0.009253450894512585,0.009920461084429717,0.00043555977843137006,
16,221.165,-0.008714636823277088,0.00992011557020075,0.00024925556746741625,
16,221.216,-0.007668990641638304,0.009725477711302657,0.000310579168139744,
16,221.268,-0.006382287284522104,0.009221032435767641,0.00032495925386865276,
16,221.319,-0.005245180528370415,0.008759249188215842,0.0003080768420126181,
16,221.369,-0.004496199160654924,0.008562757600657892,0.00027250040184260044,
16,221.42,-0.004056310874206631,0.008753029732445829,2.6958840832436767e-05,
16,221.471,-0.00384999765988863,0.009376901807025708,-0.0005343526252852123,
16,221.522,-0.004010895687790912,0.010027912412418398,-0.0012530915122381412,
16,221.573,-0.004595213370673626,0.010443196764749274,-0.0022158915900707646,
16,221.625,-0.005404151637997977,0.010673936492274579,-0.0030570419686986737,
16,221.675,-0.006492999506509254,0.010767782119648265,-0.003150098636517227,
16,221.726,-0.007673896909110349,0.010766291561174113,-0.00275588868798506,
16,221.777,-0.008417297533772145,0.010703776734996832,-0.0020808377956339358,
16,221.828,-0.008619555325342249,0.010406312277656406,-0.0010790646517550122,
16,221.879,-0.00865933591557703,0.00978122520711784,-0.0001490572500269351,
16,221.93,-0.008591715790291932,0.00919706593393267,0.000459378712445433,
16,221.981,-0.008259812554059961,0.00888691695909593,0.0008126965703287867,
16,222.032,-0.008186741185524564,0.008777420251512612,0.0009740107926467042,
16,222.083,-0.008486375765103082,0.008805408433772909,0.0012000579136341289,
16,222.134,-0.009000975194558246,0.008919324374010837,0.0016502960865261672,
16,222.185,-0.00981293676290869,0.009079198952104,0.0020073166884652465,
16,222.236,-0.010348717001110399,0.009255705894887572,0.002075037701206754,
16,222.288,-0.010664326836894888,0.009428700616520696,0.0019517757140359129,
16,222.338,-0.011014209671265573,0.009585545504776036,0.0017159285483225317,
16,222.389,-0.010956298935239897,0.009719432779644321,0.001627654780215739,
16,222.44,-0.010641501335557317,0.009827840525514385,0.0018419524307009016,
16,222.491,-0.010388071387496358,0.009911198166711254,0.00203225579801318,
16,222.542,-0.009993524926715104,0.01017262713246667,0.0019910490108904976,
16,222.593,-0.009339334801028996,0.01072809457780041,0.0018046731140230548,
16,222.644,-0.008370341513637752,0.011226687775563082,0.0015401650064189487,
16,222.695,-0.007076457664339205,0.011447917213694082,0.0012467955373658898,
16,222.749,-0.006280647889759724,0.01147348685126568,0.0009584831749265945,
16,222.797,-0.006269876154841947,0.011371515677297689,0.0006965753258783564,
16,222.848,-0.006562621449213244,0.011195937705138919,0.0002718083607693101,
16,222.899,-0.007026510614089506,0.01098725668614855,-0.00042411920359460085,
16,222.951,-0.007362063685183194,0.010774109045921125,-0.0010372161089837913,
16,223.001,-0.007588352065169255,0.010575219619204738,-0.0013471035910902398,
16,223.052,-0.007726384838425282,0.010200618540265907,-0.0014376329088730878,
16,223.103,-0.007796726091982227,0.009542583868913768,-0.0013802039970482651,
16,223.154,-0.00821966984011322,0.008956464486207046,-0.001433328966058932,
16,223.205,-0.00883477920483496,0.008664386739433707,-0.0017539237795308705,
16,223.256,-0.009322886762742143,0.008584356664765683,-0.002019472642142162,
16,223.308,-0.009489496490790188,0.008646752783726687,-0.002027551584331092,
16,223.358,-0.009034861443591911,0.008795481664763823,-0.0018698527876561725,
16,223.409,-0.008017478856041808,0.008987632289591945,-0.0016185006735158524,
16,223.46,-0.007122574444930904,0.009192195391618297,-0.0013272758457493741,
16,223.511,-0.006779779681675452,0.009388285992751063,-0.001033873690481865,
16,223.564,-0.006617785524782228,0.009563190105499513,-0.0007626451138389744,
16,223.615,-0.006584761666349771,0.009710455578396596,-0.0005274263265759424,
16,223.665,-0.006637106028083829,0.009828164621806473,-0.00033419841268550726,
16,223.715,-0.006739996425315196,0.00971662797306707,-0.00018342407734445366,
16,223.767,-0.007268706369597121,0.009266190716594307,-7.198963427951487e-05,
16,223.817,-0.008028043234961106,0.008835417874087153,5.262193741049033e-06,
16,223.869,-0.008673459215822492,0.00865269596324878,5.438504221751128e-05,
16,223.919,-0.00919396336185276,0.008442906927038508,8.15211179053416e-05,
16,223.97,-0.009592541210322849,0.00803177777232036,9.237600813619346e-05,
16,224.022,-0.009880902301776564,0.007725379906999845,9.19169241181494e-05,
16,224.072,-0.009673743350457247,0.0077115992722086675,8.423848512266857e-05,
16,224.123,-0.00876375634207985,0.007886596194384497,7.254673729786009e-05,
16,224.175,-0.007877779196594173,0.008369441440071304,5.922028626526311e-05,
16,224.226,-0.007279208080822067,0.009211770706852153,4.591597576712817e-05,
16,224.276,-0.00671221689874858,0.010016154721465893,3.3694646460079146e-05,
16,224.327,-0.006211027920449523,0.010530749881720184,2.314967050223678e-05,
16,224.378,-0.005591469876978395,0.010818149303635257,1.452694077134472e-05,
16,224.429,-0.004945766894201836,0.010936748598713299,7.82974034802018e-06,
16,224.48,-0.004736834681869554,0.010937560180825258,2.905490405112649e-06,
16,224.531,-0.005025643978576045,0.011063596890503291,-4.860929733477055e-07,
16,224.582,-0.0054096458512811335,0.011460655618731495,-2.6222406580459744e-06,
16,224.633,-0.005623017773424961,0.01179880397740433,-3.7816085902138114e-06,
16,224.684,-0.005709815009083427,0.01187117179590452,-4.221381285732168e-06,
16,224.736,-0.005306793341146358,0.011767267298763118,-4.164312006209469e-06,
16,224.786,-0.004019500725042201,0.01155865728886744,-3.793176934635195e-06,
16,224.838,-0.0024693259047028934,0.011299652601680057,-3.250429849541879e-06,
16,224.888,-0.0016784167113390973,0.011029133953964236,-2.6412198881043277e-06,
16,224.939,-0.0018396674807481922,0.01077296250953042,-2.0383238041433086e-06,
16,224.99,-0.0023978000185181877,0.010747405460693162,-1.4879098650186522e-06,
16,225.041,-0.0029648029140540767,0.010871806395388133,-1.0153720876096688e-06,
16,225.092,-0.0036927791771203004,0.01068072224438925,-6.307409020014699e-07,
16,225.143,-0.004867182414669726,0.010302651699878542,-3.3338749908196423e-07,
16,225.194,-0.006434392056418456,0.010035862515753178,-1.1589726469848407e-07,
16,225.245,-0.007725962001771062,0.009861875902121562,3.2900860175188046e-08,
16,225.296,-0.00833532640714901,0.009761385306871179,1.256897264138978e-07,
16,225.348,-0.008458204887732725,0.009916937909133533,0.00020100875855971013,
16,225.398,-0.008259203618424154,0.010425041786469172,0.000715365005490841,
16,225.449,-0.007869750737409646,0.010917603567022606,0.0011886140835432836,
16,225.501,-0.007188603864977678,0.011159794551050766,0.0013966476230182626,
16,225.551,-0.006575931144717968,0.011221953799368373,0.0016187063700603616,
16,225.602,-0.006458059859404129,0.011364489605102317,0.002233588768857126,
16,225.653,-0.0066669992438758395,0.011747958300430936,0.0028501799332738826,
16,225.704,-0.006867920674269595,0.012054310651464778,0.0028158331471882865,
16,225.755,-0.006645891752054026,0.012085760315804606,0.0023667655016116197,
16,225.807,-0.006371272978355325,0.011938374258793835,0.001687791153692504,
16,225.857,-0.006486654010697867,0.011688131669083284,0.0007150764931261296,
16,225.908,-0.0068428930606802656,0.011392024737562028,-0.0003678874322747847,
16,225.959,-0.0075258225100954205,0.010889456279243719,-0.0012337279959782157,
16,226.011,-0.008363413262506732,0.01009401281180009,-0.0016899265318219097,
16,226.061,-0.008831242403092876,0.009375467890206766,-0.0020475861708260275,
16,226.112,-0.008823508374970264,0.0089647988262497,-0.0023133156996728533,
16,226.163,-0.00831055882276693,0.008784576884867888,-0.0022979050822582404,
16,226.214,-0.007313961874993347,0.008766630412516506,-0.0021034227878815575,
16,226.265,-0.006087237009482506,0.008854201264076086,-0.0018097160341176376,
16,226.316,-0.005012299961306051,0.009002410943919119,-0.0014759660011308573,
16,226.367,-0.004321899333665684,0.009177605232825984,-0.0011433454451037913,
16,226.419,-0.0041344176591800496,0.009356032178464304,-0.0008381698417454899,
16,226.469,-0.004686212192123868,0.009522198739166316,-0.0005751119138073114,
16,226.52,-0.0054669814368240414,0.009667153347999743,-0.00036019857590462363,
16,226.571,-0.005930214757150789,0.009786858933279375,-0.0001934275773892467,
16,226.622,-0.006152582787537527,0.009880754654351334,-7.093003400038213e-05,
16,226.673,-0.00640344155562247,0.009950554210951831,1.3332009069585659e-05,
16,226.724,-0.006853254204414914,0.009999292415361558,6.630259354498264e-05,
16,226.775,-0.007193697567515103,0.010030607580445746,9.494904247400978e-05,
16,226.826,-0.007235814121317992,0.010048232796828507,0.00010569390123461936,
16,226.877,-0.007083214948548942,0.00985482839325851,0.00010409437590133759,
16,226.928,-0.007018827020587161,0.009340783008068497,-0.00010612739939105699,
16,226.979,-0.006815352359695096,0.008863222737343779,-0.0006340951881588518,
16,227.03,-0.006137352721421565,0.008648259976523328,-0.0011226027353068338,
16,227.081,-0.005611149128693326,0.008618983235403064,-0.0013457252375567172,
16,227.132,-0.005425405575344577,0.008711148410591087,-0.001380718429970586,
16,227.183,-0.005071270703347173,0.00907463025360784,-0.0012922434758653924,
16,227.234,-0.004637586680512349,0.00978375535956228,-0.0011316895354753676,
16,227.285,-0.004589390337800795,0.010456759173244354,-0.000937805480280446,
16,227.336,-0.005193966202000903,0.010851698158463667,-0.0009389541377640865,
16,227.387,-0.00636946450837903,0.011036573022205802,-0.0012659287055051657,
16,227.438,-0.007415025641046971,0.011272704956301283,-0.0015747715671901702,
16,227.489,-0.008092424166074516,0.011723575051131025,-0.0018471752149360353,
16,227.54,-0.008880950578877691,0.01207511418423948,-0.00247599269990583,
16,227.591,-0.009476570320963294,0.012133873240947765,-0.003282881661868925,
16,227.642,-0.009298119910086016,0.012000137026879869,-0.003938323199872416,
16,227.693,-0.008436720299746358,0.011753687167936058,-0.004443979811529787,
16,227.744,-0.007407343038643714,0.011454746409932671,-0.004612116828327621,
16,227.795,-0.006553760147859889,0.011146155479183498,-0.004349444449502707,
16,227.846,-0.00588149451580177,0.01085616557318944,-0.0038315731838157395,
16,227.897,-0.005580356067925392,0.010601401356199558,-0.003191632111305185,
16,227.948,-0.005541432104575505,0.010389695280641596,-0.002524810062433065,
16,227.999,-0.0052721393896340875,0.010222611692347278,-0.0018943159819220664,
16,228.05,-0.005077566193332942,0.01009756920802543,-0.0015386043278559861,
16,228.101,-0.005348212525040133,0.010009534946092734,-0.0015885340099998937,
16,228.152,-0.005694652504054617,0.009952308061568377,-0.0016937777071436852,
16,228.203,-0.006061872132366206,0.009919436769696392,-0.0016252088866694078,
16,228.255,-0.006613752452205959,0.009904826639317242,-0.0014506735114386913,
16,228.305,-0.007239730733731933,0.009903102015305618,-0.0012221973543108525,
16,228.356,-0.0076621111986576096,0.00970894641999729,-0.0009774804744944851,
16,228.407,-0.0075183152943401645,0.009206138460823457,-0.0007420065364310046,
16,228.458,-0.00702295292764897,0.008746601793212221,-0.0005313770099928077,
16,228.509,-0.006542740699215075,0.008552567062183694,-0.000554435739917034,
16,228.56,-0.006311655801824566,0.008544399888281345,-0.0009263520605173443,
16,228.611,-0.006660580262537782,0.008656095255373301,-0.0014921314077571668,
16,228.662,-0.007152630651521293,0.008835691771930896,-0.0021367940914675428,
16,228.713,-0.007094445996458665,0.009044409185149814,-0.0025794270833380643,
16,228.764,-0.0066880414243952755,0.00925503633779492,-0.0024552624695835103,
16,228.815,-0.006291787014974147,0.009449967896341017,-0.0019775559130066566,
16,228.866,-0.005933874916618507,0.009619173534469857,-0.001713147820549701,
16,228.917,-0.0056293060364819205,0.009758286939226877,-0.0016067798436371528,
16,228.968,-0.005383415984032127,0.009866925182376822,-0.0014094823901203344,
16,229.019,-0.005194912887218481,0.009947290847551781,-0.0011697167644640627,
16,229.07,-0.005058358109079698,0.010003067799227551,-0.0009219753141268065,
16,229.122,-0.004765256727496034,0.01003859398603951,-0.0006890204848132473,end
17,230.141,-0.006624555542761782,0.009891278189408118,-0.0044750399319262784,start
17,230.192,-0.006697606836567232,0.01045207837290253,-0.004313132475713521,
17,230.243,-0.006608083761474116,0.010775431412222937,-0.0038628040147019784,
17,230.295,-0.007023986030339615,0.010920521291240087,-0.00326367274308048,
17,230.345,-0.0077306327517078005,0.010939626245897865,-0.002617236849402699,
17,230.396,-0.00816531418586611,0.010876395808391776,-0.001791558841436011,
17,230.45,-0.00818981714454728,0.010765438960449696,-0.0007164195452326297,
17,230.498,-0.008150116755238798,0.010632786253524821,0.00023150881415265855,
17,230.549,-0.008273262375316913,0.010496875325296867,0.000820866220828936,
17,230.6,-0.008089289508674793,0.010369792927247946,0.0011329084744975029,
17,230.651,-0.00712062393862108,0.010258581689635308,0.0012420267936502816,
17,230.702,-0.005927344410985322,0.01016648342893853,0.001212233682919477,
17,230.753,-0.005288369619006654,0.010094041877533202,0.0010957428967154686,
17,230.804,-0.005257063734770858,0.010040026667500743,0.000933006531177495,
17,230.855,-0.005417168493573272,0.010002168448684986,0.0007536836678840806,
17,230.907,-0.005486339337448321,0.010178547478470903,0.000578128655214397,
17,230.957,-0.005491632841747399,0.01067899241466663,0.00041909310132171414,
17,231.008,-0.005254699614892475,0.011146241388334685,0.00028342820438967355,
17,231.059,-0.004881447567890219,0.011353830696945495,0.0001736505451220254,
17,231.11,-0.004852419176434649,0.011378210512112116,8.929452499391939e-05,
17,231.161,-0.005247324762731228,0.011283130121910045,0.0002288529790291143,
17,231.212,-0.005882396924682235,0.011119071882195752,0.0007016417673045451,
17,231.263,-0.006419649088124651,0.010923953959012904,0.0013501675826940033,
17,231.314,-0.006650171263034373,0.010724590358383563,0.0018584706309614156,
17,231.365,-0.006464619387950683,0.01033768569863825,0.0018343405368371622,
17,231.416,-0.006027123805511603,0.0096607490274185,0.0014706720819327775,
17,231.467,-0.006065690240641961,0.009053014201723506,0.0011192885788506909,
17,231.518,-0.006808148918974562,0.00873931718441649,0.0008040119018973207,
17,231.569,-0.007741572038256502,0.0086394021352661,0.0005372196604444768,
17,231.62,-0.008119984417606762,0.008684623002031745,0.00012212167508880684,
17,231.671,-0.007911206973027204,0.008819294262903994,-0.0007564134801664743,
17,231.722,-0.007744273557986947,0.009000516062964004,-0.0018615990063939039,
17,231.773,-0.0078184208704889,0.009197034948294255,-0.0026216964056034104,
17,231.824,-0.008041229168065763,0.00938757760033294,-0.0028985760924115337,
17,231.875,-0.008140648799463558,0.009558980435012422,-0.002642466996642373,
17,231.926,-0.008152946196822053,0.009704338535239993,-0.0018642652001363363,
17,231.977,-0.008510047034158098,0.010022149341152286,-0.0010145677472940169,
17,232.028,-0.00885876728577115,0.010625865768358203,-0.00038810923919574566,
17,232.079,-0.008571597763743445,0.011163615919059192,4.484904742079116e-05,
17,232.13,-0.007899668679315294,0.011415025509786752,0.00031892463119884064,
17,232.181,-0.007235785503144559,0.011462593539099368,0.00046908310857572694,
17,232.232,-0.006831228272327766,0.011375606164991038,0.0005277044087956831,
17,232.283,-0.006826323274096623,0.011209309472879481,0.0005229089476479276,
17,232.334,-0.00667646257412847,0.011005506816723442,0.00027699262941336566,
17,232.385,-0.006244839485143638,0.0107940218258273,-0.0003046452677444513,
17,232.436,-0.005868015087366443,0.010594599079263762,-0.000854040074203221,
17,232.487,-0.0055566075230151,0.010418932791339585,-0.0011377872822595524,
17,232.538,-0.005312171593213597,0.010272614625813317,-0.001228366598870304,
17,232.589,-0.00513032440877779,0.010156873168553848,-0.0011877808410868961,
17,232.64,-0.005404894337658977,0.010070040042158333,-0.001066332555542418,
17,232.691,-0.006150964586785282,0.01000872292390703,-0.0007019456690679886,
17,232.742,-0.006938664229654171,0.009968696353128846,-0.00021102219742506544,
17,232.793,-0.007488950653056019,0.009945539980731515,-8.004918572822772e-05,
17,232.844,-0.007441098018088453,0.009935063567581066,-0.00019045247063415225,
17,232.895,-0.007214305801550529,0.009933561072336521,-0.00024596008085376274,end
18,234.17,-0.006220830466117154,0.009927715151169839,0.0001273083881600142,start
18,234.221,-0.006208565046170593,0.009724407492858248,-7.155772723018339e-05,
18,234.273,-0.005501109418775119,0.009214487802487745,-0.0005950196475078126,
18,234.323,-0.00460545849817361,0.008749719283611816,-0.001083776422439398,
18,234.375,-0.004464393598813114,0.008552078657930435,-0.0013101778194509308,
18,234.425,-0.005220283147825046,0.00854163807315105,-0.0013501295832340416,
18,234.476,-0.0062898789316702,0.008652097250851911,-0.0012672921244678708,
18,234.527,-0.006872245392265946,0.008831222108987518,-0.001112358228830071,
18,234.578,-0.006894509407284908,0.00903999608685142,-0.0009236315487737066,
18,234.629,-0.006957429623237408,0.009251014036784173,-0.0009292265377265282,
18,234.68,-0.007242203813038911,0.009446519359138204,-0.0012598342187845476,
18,234.731,-0.0076463874935645115,0.009616370014500969,-0.0015714967745022546,
18,234.783,-0.008295518815822458,0.009555288662876534,-0.0016451382571455264,
18,234.833,-0.009049600718272674,0.009150171934197341,-0.0015602086832159363,
18,234.884,-0.009408747515415955,0.008757785672372948,-0.001380402004983691,
18,234.936,-0.009284916914022619,0.008605919517642556,-0.0011541902429797887,
18,234.986,-0.008459608444889832,0.008620511237539798,-0.0009163888831702391,
18,235.038,-0.007049872297482231,0.008740688767971638,-0.0006902579235454559,
18,235.088,-0.00578022885660377,0.009119763298923942,-0.0004897776759390416,
18,235.139,-0.004903262597607993,0.00983526310547586,-0.0003218538243422124,
18,235.19,-0.004348590189040347,0.01070905120327061,-0.00018829997179401972,
18,235.241,-0.0038443465365077477,0.011614163316935782,-8.751821437164351e-05,
18,235.292,-0.003212119427007424,0.012265820690894139,-1.5851038069647418e-05,
18,235.343,-0.0027494325788158373,0.012501740929016162,3.138618444838014e-05,
18,235.394,-0.0026334835300753394,0.012452075226097105,5.916048890011415e-05,
18,235.445,-0.0027492298908462043,0.012223238358514644,-0.0001286126407655534,
18,235.496,-0.0032051098086058175,0.011897873046764653,-0.0006403766388440434,
18,235.548,-0.004244179805402384,0.01173757044651478,-0.0013188209048716523,
18,235.598,-0.005573807565999336,0.01189684238869042,-0.0020496640402739735,
18,235.649,-0.006380470426856324,0.01204744543297725,-0.0027554021117087274,end
